# WaveFront *.obj file (generated by Autodesk ATF)

mtllib cableClipScrewSingle.mtl

g Body1

v -0.333333 -0.708254 0.107663
v -0.333333 -0.715383 0.106665
v -0.333333 -0.722422 0.105155
v -0.333333 -0.729334 0.103144
v -0.333333 -0.736083 0.100640
v -0.333333 -0.742635 0.097658
v -0.333333 -0.748955 0.094211
v -0.333333 -0.755011 0.090319
v -0.333333 -0.760771 0.086002
v -0.333333 -0.766206 0.081281
v -0.333333 -0.771287 0.076181
v -0.333333 -0.775988 0.070729
v -0.333333 -0.780284 0.064953
v -0.333333 -0.784154 0.058883
v -0.333333 -0.787577 0.052550
v -0.333333 -0.790536 0.045988
v -0.333333 -0.793015 0.039229
v -0.333333 -0.795001 0.032310
v -0.333333 -0.796484 0.025266
v -0.333333 -0.797457 0.018133
v -0.333333 -0.797914 0.010949
v -0.333333 -0.797853 0.003750
v -0.333333 -0.797275 -0.003425
v -0.333333 -0.796181 -0.010540
v -0.333333 -0.794579 -0.017558
v -0.333333 -0.792476 -0.024443
v 0.333333 -0.792476 -0.024443
v 0.333333 -0.794579 -0.017558
v 0.333333 -0.796181 -0.010540
v 0.333333 -0.797275 -0.003425
v 0.333333 -0.797853 0.003750
v 0.333333 -0.797914 0.010949
v 0.333333 -0.797457 0.018133
v 0.333333 -0.796484 0.025266
v 0.333333 -0.795001 0.032310
v 0.333333 -0.793015 0.039229
v 0.333333 -0.790536 0.045988
v 0.333333 -0.787577 0.052550
v 0.333333 -0.784154 0.058883
v 0.333333 -0.780284 0.064953
v 0.333333 -0.775988 0.070729
v 0.333333 -0.771287 0.076181
v 0.333333 -0.766206 0.081281
v 0.333333 -0.760771 0.086002
v 0.333333 -0.755011 0.090319
v 0.333333 -0.748955 0.094211
v 0.333333 -0.742635 0.097658
v 0.333333 -0.736083 0.100640
v 0.333333 -0.729334 0.103144
v 0.333333 -0.722422 0.105155
v 0.333333 -0.715383 0.106665
v 0.333333 -0.708254 0.107663
v -0.200000 -0.715383 0.106665
v -0.066667 -0.715383 0.106665
v 0.066667 -0.715383 0.106665
v 0.200000 -0.715383 0.106665
v -0.200000 -0.722422 0.105155
v -0.066667 -0.722422 0.105155
v 0.066667 -0.722422 0.105155
v 0.200000 -0.722422 0.105155
v -0.200000 -0.729334 0.103144
v -0.066667 -0.729334 0.103144
v 0.066667 -0.729334 0.103144
v 0.200000 -0.729334 0.103144
v -0.200000 -0.736083 0.100640
v -0.066667 -0.736083 0.100640
v 0.066667 -0.736083 0.100640
v 0.200000 -0.736083 0.100640
v -0.200000 -0.742635 0.097658
v -0.066667 -0.742635 0.097658
v 0.066667 -0.742635 0.097658
v 0.200000 -0.742635 0.097658
v -0.200000 -0.748955 0.094211
v -0.066667 -0.748955 0.094211
v 0.066667 -0.748955 0.094211
v 0.200000 -0.748955 0.094211
v -0.200000 -0.755011 0.090319
v -0.066667 -0.755011 0.090319
v 0.066667 -0.755011 0.090319
v 0.200000 -0.755011 0.090319
v -0.200000 -0.760771 0.086002
v -0.066667 -0.760771 0.086002
v 0.066667 -0.760771 0.086002
v 0.200000 -0.760771 0.086002
v -0.200000 -0.766206 0.081281
v -0.066667 -0.766206 0.081281
v 0.066667 -0.766206 0.081281
v 0.200000 -0.766206 0.081281
v -0.200000 -0.771287 0.076181
v -0.066667 -0.771287 0.076181
v 0.066667 -0.771287 0.076181
v 0.200000 -0.771287 0.076181
v -0.200000 -0.775988 0.070729
v -0.066667 -0.775988 0.070729
v 0.066667 -0.775988 0.070729
v 0.200000 -0.775988 0.070729
v -0.200000 -0.780284 0.064953
v -0.066667 -0.780284 0.064953
v 0.066667 -0.780284 0.064953
v 0.200000 -0.780284 0.064953
v -0.200000 -0.784154 0.058883
v -0.066667 -0.784154 0.058883
v 0.066667 -0.784154 0.058883
v 0.200000 -0.784154 0.058883
v -0.200000 -0.787577 0.052550
v -0.066667 -0.787577 0.052550
v 0.066667 -0.787577 0.052550
v 0.200000 -0.787577 0.052550
v -0.200000 -0.790536 0.045988
v -0.066667 -0.790536 0.045988
v 0.066667 -0.790536 0.045988
v 0.200000 -0.790536 0.045988
v -0.200000 -0.793015 0.039229
v -0.066667 -0.793015 0.039229
v 0.066667 -0.793015 0.039229
v 0.200000 -0.793015 0.039229
v -0.200000 -0.795001 0.032310
v -0.066667 -0.795001 0.032310
v 0.066667 -0.795001 0.032310
v 0.200000 -0.795001 0.032310
v -0.200000 -0.796484 0.025266
v -0.066667 -0.796484 0.025266
v 0.066667 -0.796484 0.025266
v 0.200000 -0.796484 0.025266
v -0.200000 -0.797457 0.018133
v -0.066667 -0.797457 0.018133
v 0.066667 -0.797457 0.018133
v 0.200000 -0.797457 0.018133
v -0.200000 -0.797914 0.010949
v -0.066667 -0.797914 0.010949
v 0.066667 -0.797914 0.010949
v 0.200000 -0.797914 0.010949
v -0.200000 -0.797853 0.003750
v -0.066667 -0.797853 0.003750
v 0.066667 -0.797853 0.003750
v 0.200000 -0.797853 0.003750
v -0.200000 -0.797275 -0.003425
v -0.066667 -0.797275 -0.003425
v 0.066667 -0.797275 -0.003425
v 0.200000 -0.797275 -0.003425
v -0.200000 -0.796181 -0.010540
v -0.066667 -0.796181 -0.010540
v 0.066667 -0.796181 -0.010540
v 0.200000 -0.796181 -0.010540
v -0.200000 -0.794579 -0.017558
v -0.066667 -0.794579 -0.017558
v 0.066667 -0.794579 -0.017558
v 0.200000 -0.794579 -0.017558
v 0.333333 -0.788064 -0.036439
v 0.333333 -0.783176 -0.048249
v 0.333333 -0.777820 -0.059855
v 0.333333 -0.772006 -0.071238
v 0.333333 -0.765741 -0.082379
v 0.333333 -0.759036 -0.093261
v 0.333333 -0.751903 -0.103867
v 0.333333 -0.744351 -0.114179
v 0.333333 -0.736393 -0.124182
v 0.333333 -0.728043 -0.133859
v 0.333333 -0.719312 -0.143195
v 0.333333 -0.710216 -0.152174
v 0.333333 -0.700769 -0.160783
v 0.333333 -0.690985 -0.169008
v 0.333333 -0.680880 -0.176836
v 0.333333 -0.670471 -0.184254
v 0.333333 -0.659774 -0.191250
v 0.333333 -0.648806 -0.197814
v 0.333333 -0.637585 -0.203934
v 0.333333 -0.626128 -0.209602
v 0.333333 -0.614455 -0.214807
v 0.333333 -0.602582 -0.219542
v 0.333333 -0.590530 -0.223799
v 0.333333 -0.578318 -0.227571
v 0.333333 -0.565964 -0.230853
v 0.333333 -0.553490 -0.233638
v 0.333333 -0.540914 -0.235924
v 0.333333 -0.528257 -0.237705
v 0.333333 -0.515539 -0.238979
v 0.333333 -0.502780 -0.239745
v 0.333333 -0.490001 -0.240000
v 0.333333 -0.250001 -0.240000
v 0.333333 -0.242867 -0.239745
v 0.333333 -0.235769 -0.238982
v 0.333333 -0.228744 -0.237715
v 0.333333 -0.221828 -0.235949
v 0.333333 -0.215054 -0.233695
v 0.333333 -0.208459 -0.230963
v 0.333333 -0.202076 -0.227768
v 0.333333 -0.195937 -0.224125
v 0.333333 -0.190073 -0.220054
v 0.333333 -0.184515 -0.215575
v 0.333333 -0.179290 -0.210711
v 0.333333 -0.174426 -0.205486
v 0.333333 -0.169947 -0.199928
v 0.333333 -0.165875 -0.194064
v 0.333333 -0.162233 -0.187925
v 0.333333 -0.159038 -0.181542
v 0.333333 -0.156306 -0.174946
v 0.333333 -0.154051 -0.168173
v 0.333333 -0.152286 -0.161257
v 0.333333 -0.151019 -0.154231
v 0.333333 -0.150256 -0.147134
v 0.333333 -0.150001 -0.140000
v 0.333333 -0.150001 0.260000
v 0.333333 -0.149749 0.264479
v 0.333333 -0.148998 0.268901
v 0.333333 -0.147756 0.273211
v 0.333333 -0.146040 0.277355
v 0.333333 -0.143870 0.281281
v 0.333333 -0.141274 0.284940
v 0.333333 -0.138285 0.288284
v 0.333333 -0.134940 0.291273
v 0.333333 -0.131282 0.293869
v 0.333333 -0.127356 0.296039
v 0.333333 -0.123212 0.297755
v 0.333333 -0.118902 0.298997
v 0.333333 -0.114479 0.299748
v 0.333333 -0.110001 0.300000
v 0.333333 0.049999 0.300000
v 0.333333 0.049999 0.400000
v 0.333333 -0.390000 0.400000
v 0.333333 -0.397134 0.399745
v 0.333333 -0.404231 0.398982
v 0.333333 -0.411257 0.397715
v 0.333333 -0.418173 0.395949
v 0.333333 -0.424946 0.393695
v 0.333333 -0.431542 0.390963
v 0.333333 -0.437925 0.387768
v 0.333333 -0.444064 0.384125
v 0.333333 -0.449928 0.380054
v 0.333333 -0.455486 0.375575
v 0.333333 -0.460711 0.370711
v 0.333333 -0.465575 0.365486
v 0.333333 -0.470054 0.359928
v 0.333333 -0.474125 0.354064
v 0.333333 -0.477768 0.347925
v 0.333333 -0.480963 0.341542
v 0.333333 -0.483695 0.334946
v 0.333333 -0.485949 0.328173
v 0.333333 -0.487715 0.321257
v 0.333333 -0.488982 0.314231
v 0.333333 -0.489745 0.307134
v 0.333333 -0.490000 0.300000
v 0.333333 -0.383333 0.300000
v 0.333333 -0.374961 0.299737
v 0.333333 -0.366622 0.298949
v 0.333333 -0.358349 0.297638
v 0.333333 -0.350175 0.295811
v 0.333333 -0.342131 0.293474
v 0.333333 -0.334250 0.290637
v 0.333333 -0.326563 0.287310
v 0.333333 -0.319100 0.283508
v 0.333333 -0.311890 0.279244
v 0.333333 -0.304962 0.274536
v 0.333333 -0.298343 0.269402
v 0.333333 -0.292060 0.263862
v 0.333333 -0.286138 0.257940
v 0.333333 -0.280598 0.251657
v 0.333333 -0.275464 0.245038
v 0.333333 -0.270756 0.238110
v 0.333333 -0.266492 0.230900
v 0.333333 -0.262690 0.223437
v 0.333333 -0.259363 0.215750
v 0.333333 -0.256526 0.207869
v 0.333333 -0.254189 0.199825
v 0.333333 -0.252362 0.191651
v 0.333333 -0.251051 0.183378
v 0.333333 -0.250263 0.175039
v 0.333333 -0.250000 0.166667
v 0.333333 -0.250000 0.080000
v 0.333333 -0.250265 0.069205
v 0.333333 -0.251059 0.058436
v 0.333333 -0.252381 0.047719
v 0.333333 -0.254227 0.037080
v 0.333333 -0.256593 0.026544
v 0.333333 -0.259473 0.016137
v 0.333333 -0.262860 0.005884
v 0.333333 -0.266747 -0.004190
v 0.333333 -0.271122 -0.014062
v 0.333333 -0.275977 -0.023707
v 0.333333 -0.281300 -0.033103
v 0.333333 -0.287077 -0.042225
v 0.333333 -0.293294 -0.051054
v 0.333333 -0.299938 -0.059567
v 0.333333 -0.306991 -0.067743
v 0.333333 -0.314437 -0.075563
v 0.333333 -0.322257 -0.083009
v 0.333333 -0.330433 -0.090062
v 0.333333 -0.338946 -0.096706
v 0.333333 -0.347775 -0.102923
v 0.333333 -0.356897 -0.108700
v 0.333333 -0.366293 -0.114023
v 0.333333 -0.375938 -0.118878
v 0.333333 -0.385810 -0.123253
v 0.333333 -0.395884 -0.127140
v 0.333333 -0.406137 -0.130527
v 0.333333 -0.416544 -0.133407
v 0.333333 -0.427080 -0.135773
v 0.333333 -0.437719 -0.137619
v 0.333333 -0.448436 -0.138941
v 0.333333 -0.459205 -0.139735
v 0.333333 -0.470000 -0.140000
v 0.333333 -0.490000 -0.140000
v 0.333333 -0.500662 -0.139741
v 0.333333 -0.511299 -0.138967
v 0.333333 -0.521885 -0.137677
v 0.333333 -0.532397 -0.135876
v 0.333333 -0.542810 -0.133568
v 0.333333 -0.553098 -0.130757
v 0.333333 -0.563237 -0.127452
v 0.333333 -0.573205 -0.123659
v 0.333333 -0.582977 -0.119387
v 0.333333 -0.592531 -0.114647
v 0.333333 -0.601844 -0.109449
v 0.333333 -0.610894 -0.103806
v 0.333333 -0.619659 -0.097731
v 0.333333 -0.628120 -0.091239
v 0.333333 -0.636257 -0.084344
v 0.333333 -0.644050 -0.077063
v 0.333333 -0.651480 -0.069413
v 0.333333 -0.658532 -0.061411
v 0.333333 -0.665187 -0.053077
v 0.333333 -0.671430 -0.044431
v 0.333333 -0.677247 -0.035492
v 0.333333 -0.682624 -0.026282
v 0.333333 -0.687549 -0.016822
v 0.333333 -0.692009 -0.007134
v 0.333333 -0.695994 0.002758
v 0.333333 -0.699496 0.012832
v 0.333333 -0.702505 0.023064
v 0.333333 -0.705014 0.033429
v 0.333333 -0.707019 0.043904
v 0.333333 -0.708513 0.054464
v 0.333333 -0.709494 0.065084
v 0.333333 -0.709959 0.075739
v 0.333333 -0.709907 0.086404
v 0.333333 -0.709338 0.097054
v -0.333333 -0.390000 0.400000
v -0.333333 -0.397134 0.399745
v -0.333333 -0.404231 0.398982
v -0.333333 -0.411257 0.397715
v -0.333333 -0.418173 0.395949
v -0.333333 -0.424946 0.393695
v -0.333333 -0.431542 0.390963
v -0.333333 -0.437925 0.387768
v -0.333333 -0.444064 0.384125
v -0.333333 -0.449928 0.380054
v -0.333333 -0.455486 0.375575
v -0.333333 -0.460711 0.370711
v -0.333333 -0.465575 0.365486
v -0.333333 -0.470054 0.359928
v -0.333333 -0.474125 0.354064
v -0.333333 -0.477768 0.347925
v -0.333333 -0.480963 0.341542
v -0.333333 -0.483695 0.334946
v -0.333333 -0.485949 0.328173
v -0.333333 -0.487715 0.321257
v -0.333333 -0.488982 0.314231
v -0.333333 -0.489745 0.307134
v -0.333333 -0.490000 0.300000
v 0.200000 -0.489745 0.307134
v 0.066667 -0.489745 0.307134
v -0.066667 -0.489745 0.307134
v -0.200000 -0.489745 0.307134
v 0.200000 -0.488982 0.314231
v 0.066667 -0.488982 0.314231
v -0.066667 -0.488982 0.314231
v -0.200000 -0.488982 0.314231
v 0.200000 -0.487715 0.321257
v 0.066667 -0.487715 0.321257
v -0.066667 -0.487715 0.321257
v -0.200000 -0.487715 0.321257
v 0.200000 -0.485949 0.328173
v 0.066667 -0.485949 0.328173
v -0.066667 -0.485949 0.328173
v -0.200000 -0.485949 0.328173
v 0.200000 -0.483695 0.334946
v 0.066667 -0.483695 0.334946
v -0.066667 -0.483695 0.334946
v -0.200000 -0.483695 0.334946
v 0.200000 -0.480963 0.341542
v 0.066667 -0.480963 0.341542
v -0.066667 -0.480963 0.341542
v -0.200000 -0.480963 0.341542
v 0.200000 -0.477768 0.347925
v 0.066667 -0.477768 0.347925
v -0.066667 -0.477768 0.347925
v -0.200000 -0.477768 0.347925
v 0.200000 -0.474125 0.354064
v 0.066667 -0.474125 0.354064
v -0.066667 -0.474125 0.354064
v -0.200000 -0.474125 0.354064
v 0.200000 -0.470054 0.359928
v 0.066667 -0.470054 0.359928
v -0.066667 -0.470054 0.359928
v -0.200000 -0.470054 0.359928
v 0.200000 -0.465575 0.365486
v 0.066667 -0.465575 0.365486
v -0.066667 -0.465575 0.365486
v -0.200000 -0.465575 0.365486
v 0.200000 -0.460711 0.370711
v 0.066667 -0.460711 0.370711
v -0.066667 -0.460711 0.370711
v -0.200000 -0.460711 0.370711
v 0.200000 -0.455486 0.375575
v 0.066667 -0.455486 0.375575
v -0.066667 -0.455486 0.375575
v -0.200000 -0.455486 0.375575
v 0.200000 -0.449928 0.380054
v 0.066667 -0.449928 0.380054
v -0.066667 -0.449928 0.380054
v -0.200000 -0.449928 0.380054
v 0.200000 -0.444064 0.384125
v 0.066667 -0.444064 0.384125
v -0.066667 -0.444064 0.384125
v -0.200000 -0.444064 0.384125
v 0.200000 -0.437925 0.387768
v 0.066667 -0.437925 0.387768
v -0.066667 -0.437925 0.387768
v -0.200000 -0.437925 0.387768
v 0.200000 -0.431542 0.390963
v 0.066667 -0.431542 0.390963
v -0.066667 -0.431542 0.390963
v -0.200000 -0.431542 0.390963
v 0.200000 -0.424946 0.393695
v 0.066667 -0.424946 0.393695
v -0.066667 -0.424946 0.393695
v -0.200000 -0.424946 0.393695
v 0.200000 -0.418173 0.395949
v 0.066667 -0.418173 0.395949
v -0.066667 -0.418173 0.395949
v -0.200000 -0.418173 0.395949
v 0.200000 -0.411257 0.397715
v 0.066667 -0.411257 0.397715
v -0.066667 -0.411257 0.397715
v -0.200000 -0.411257 0.397715
v 0.200000 -0.404231 0.398982
v 0.066667 -0.404231 0.398982
v -0.066667 -0.404231 0.398982
v -0.200000 -0.404231 0.398982
v 0.200000 -0.397134 0.399745
v 0.066667 -0.397134 0.399745
v -0.066667 -0.397134 0.399745
v -0.200000 -0.397134 0.399745
v -0.333333 -0.709338 0.097054
v -0.333333 -0.709907 0.086404
v -0.333333 -0.709959 0.075739
v -0.333333 -0.709494 0.065084
v -0.333333 -0.708513 0.054464
v -0.333333 -0.707019 0.043904
v -0.333333 -0.705014 0.033429
v -0.333333 -0.702505 0.023064
v -0.333333 -0.699496 0.012832
v -0.333333 -0.695994 0.002758
v -0.333333 -0.692009 -0.007134
v -0.333333 -0.687549 -0.016822
v -0.333333 -0.682624 -0.026282
v -0.333333 -0.677247 -0.035492
v -0.333333 -0.671430 -0.044431
v -0.333333 -0.665187 -0.053077
v -0.333333 -0.658532 -0.061411
v -0.333333 -0.651480 -0.069413
v -0.333333 -0.644050 -0.077063
v -0.333333 -0.636257 -0.084344
v -0.333333 -0.628120 -0.091239
v -0.333333 -0.619659 -0.097731
v -0.333333 -0.610894 -0.103806
v -0.333333 -0.601844 -0.109449
v -0.333333 -0.592531 -0.114647
v -0.333333 -0.582977 -0.119387
v -0.333333 -0.573205 -0.123659
v -0.333333 -0.563237 -0.127452
v -0.333333 -0.553098 -0.130757
v -0.333333 -0.542810 -0.133568
v -0.333333 -0.532397 -0.135876
v -0.333333 -0.521885 -0.137677
v -0.333333 -0.511299 -0.138967
v -0.333333 -0.500662 -0.139741
v -0.333333 -0.490000 -0.140000
v -0.333333 -0.470000 -0.140000
v -0.333333 -0.459205 -0.139735
v -0.333333 -0.448436 -0.138941
v -0.333333 -0.437719 -0.137619
v -0.333333 -0.427080 -0.135773
v -0.333333 -0.416544 -0.133407
v -0.333333 -0.406137 -0.130527
v -0.333333 -0.395884 -0.127140
v -0.333333 -0.385810 -0.123253
v -0.333333 -0.375938 -0.118878
v -0.333333 -0.366293 -0.114023
v -0.333333 -0.356897 -0.108700
v -0.333333 -0.347775 -0.102923
v -0.333333 -0.338946 -0.096706
v -0.333333 -0.330433 -0.090062
v -0.333333 -0.322257 -0.083009
v -0.333333 -0.314437 -0.075563
v -0.333333 -0.306991 -0.067743
v -0.333333 -0.299938 -0.059567
v -0.333333 -0.293294 -0.051054
v -0.333333 -0.287077 -0.042225
v -0.333333 -0.281300 -0.033103
v -0.333333 -0.275977 -0.023707
v -0.333333 -0.271122 -0.014062
v -0.333333 -0.266747 -0.004190
v -0.333333 -0.262860 0.005884
v -0.333333 -0.259473 0.016137
v -0.333333 -0.256593 0.026544
v -0.333333 -0.254227 0.037080
v -0.333333 -0.252381 0.047719
v -0.333333 -0.251059 0.058436
v -0.333333 -0.250265 0.069205
v -0.333333 -0.250000 0.080000
v -0.333333 -0.250000 0.166667
v -0.333333 -0.250263 0.175039
v -0.333333 -0.251051 0.183378
v -0.333333 -0.252362 0.191651
v -0.333333 -0.254189 0.199825
v -0.333333 -0.256526 0.207869
v -0.333333 -0.259363 0.215750
v -0.333333 -0.262690 0.223437
v -0.333333 -0.266492 0.230900
v -0.333333 -0.270756 0.238110
v -0.333333 -0.275464 0.245038
v -0.333333 -0.280598 0.251657
v -0.333333 -0.286138 0.257940
v -0.333333 -0.292060 0.263862
v -0.333333 -0.298343 0.269402
v -0.333333 -0.304962 0.274536
v -0.333333 -0.311890 0.279244
v -0.333333 -0.319100 0.283508
v -0.333333 -0.326563 0.287310
v -0.333333 -0.334250 0.290637
v -0.333333 -0.342131 0.293474
v -0.333333 -0.350175 0.295811
v -0.333333 -0.358349 0.297638
v -0.333333 -0.366622 0.298949
v -0.333333 -0.374961 0.299737
v -0.333333 -0.383333 0.300000
v -0.333333 0.049999 0.400000
v -0.333333 0.049999 0.300000
v -0.333333 -0.110001 0.300000
v -0.333333 -0.114479 0.299748
v -0.333333 -0.118902 0.298997
v -0.333333 -0.123212 0.297755
v -0.333333 -0.127356 0.296039
v -0.333333 -0.131282 0.293869
v -0.333333 -0.134940 0.291273
v -0.333333 -0.138285 0.288284
v -0.333333 -0.141274 0.284940
v -0.333333 -0.143870 0.281281
v -0.333333 -0.146040 0.277355
v -0.333333 -0.147756 0.273211
v -0.333333 -0.148998 0.268901
v -0.333333 -0.149749 0.264479
v -0.333333 -0.150001 0.260000
v -0.333333 -0.150001 -0.140000
v -0.333333 -0.150256 -0.147134
v -0.333333 -0.151019 -0.154231
v -0.333333 -0.152286 -0.161257
v -0.333333 -0.154051 -0.168173
v -0.333333 -0.156306 -0.174946
v -0.333333 -0.159038 -0.181542
v -0.333333 -0.162233 -0.187925
v -0.333333 -0.165875 -0.194064
v -0.333333 -0.169947 -0.199928
v -0.333333 -0.174426 -0.205486
v -0.333333 -0.179290 -0.210711
v -0.333333 -0.184515 -0.215575
v -0.333333 -0.190073 -0.220054
v -0.333333 -0.195937 -0.224125
v -0.333333 -0.202076 -0.227768
v -0.333333 -0.208459 -0.230963
v -0.333333 -0.215054 -0.233695
v -0.333333 -0.221828 -0.235949
v -0.333333 -0.228744 -0.237715
v -0.333333 -0.235769 -0.238982
v -0.333333 -0.242867 -0.239745
v -0.333333 -0.250001 -0.240000
v -0.333333 -0.490001 -0.240000
v -0.333333 -0.502780 -0.239745
v -0.333333 -0.515539 -0.238979
v -0.333333 -0.528257 -0.237705
v -0.333333 -0.540914 -0.235924
v -0.333333 -0.553490 -0.233638
v -0.333333 -0.565964 -0.230853
v -0.333333 -0.578318 -0.227571
v -0.333333 -0.590530 -0.223799
v -0.333333 -0.602582 -0.219542
v -0.333333 -0.614455 -0.214807
v -0.333333 -0.626128 -0.209602
v -0.333333 -0.637585 -0.203934
v -0.333333 -0.648806 -0.197814
v -0.333333 -0.659774 -0.191250
v -0.333333 -0.670471 -0.184254
v -0.333333 -0.680880 -0.176836
v -0.333333 -0.690985 -0.169008
v -0.333333 -0.700769 -0.160783
v -0.333333 -0.710216 -0.152174
v -0.333333 -0.719312 -0.143195
v -0.333333 -0.728043 -0.133859
v -0.333333 -0.736393 -0.124182
v -0.333333 -0.744351 -0.114179
v -0.333333 -0.751903 -0.103867
v -0.333333 -0.759036 -0.093261
v -0.333333 -0.765741 -0.082379
v -0.333333 -0.772006 -0.071238
v -0.333333 -0.777820 -0.059855
v -0.333333 -0.783176 -0.048249
v -0.333333 -0.788064 -0.036439
v -0.166667 -0.374961 0.299737
v 0.000000 -0.374961 0.299737
v 0.166667 -0.374961 0.299737
v -0.166667 -0.366622 0.298949
v 0.000000 -0.366622 0.298949
v 0.166667 -0.366622 0.298949
v -0.166667 -0.358349 0.297638
v 0.000000 -0.358349 0.297638
v 0.166667 -0.358349 0.297638
v -0.166667 -0.350175 0.295811
v 0.000000 -0.350175 0.295811
v 0.166667 -0.350175 0.295811
v -0.166667 -0.342131 0.293474
v 0.000000 -0.342131 0.293474
v 0.166667 -0.342131 0.293474
v -0.166667 -0.334250 0.290637
v 0.000000 -0.334250 0.290637
v 0.166667 -0.334250 0.290637
v -0.166667 -0.326563 0.287310
v 0.000000 -0.326563 0.287310
v 0.166667 -0.326563 0.287310
v -0.166667 -0.319100 0.283508
v 0.000000 -0.319100 0.283508
v 0.166667 -0.319100 0.283508
v -0.166667 -0.311890 0.279244
v 0.000000 -0.311890 0.279244
v 0.166667 -0.311890 0.279244
v -0.166667 -0.304962 0.274536
v 0.000000 -0.304962 0.274536
v 0.166667 -0.304962 0.274536
v -0.166667 -0.298343 0.269402
v 0.000000 -0.298343 0.269402
v 0.166667 -0.298343 0.269402
v -0.166667 -0.292060 0.263862
v 0.000000 -0.292060 0.263862
v 0.166667 -0.292060 0.263862
v -0.166667 -0.286138 0.257940
v 0.000000 -0.286138 0.257940
v 0.166667 -0.286138 0.257940
v -0.166667 -0.280598 0.251657
v 0.000000 -0.280598 0.251657
v 0.166667 -0.280598 0.251657
v -0.166667 -0.275464 0.245038
v 0.000000 -0.275464 0.245038
v 0.166667 -0.275464 0.245038
v -0.166667 -0.270756 0.238110
v 0.000000 -0.270756 0.238110
v 0.166667 -0.270756 0.238110
v -0.166667 -0.266492 0.230900
v 0.000000 -0.266492 0.230900
v 0.166667 -0.266492 0.230900
v -0.166667 -0.262690 0.223437
v 0.000000 -0.262690 0.223437
v 0.166667 -0.262690 0.223437
v -0.166667 -0.259363 0.215750
v 0.000000 -0.259363 0.215750
v 0.166667 -0.259363 0.215750
v -0.166667 -0.256526 0.207869
v 0.000000 -0.256526 0.207869
v 0.166667 -0.256526 0.207869
v -0.166667 -0.254189 0.199825
v 0.000000 -0.254189 0.199825
v 0.166667 -0.254189 0.199825
v -0.166667 -0.252362 0.191651
v 0.000000 -0.252362 0.191651
v 0.166667 -0.252362 0.191651
v -0.166667 -0.251051 0.183378
v 0.000000 -0.251051 0.183378
v 0.166667 -0.251051 0.183378
v -0.166667 -0.250263 0.175039
v 0.000000 -0.250263 0.175039
v 0.166667 -0.250263 0.175039
v -0.111111 -0.250265 0.069205
v 0.111111 -0.250265 0.069205
v -0.111111 -0.251059 0.058436
v 0.111111 -0.251059 0.058436
v -0.111111 -0.252381 0.047719
v 0.111111 -0.252381 0.047719
v -0.111111 -0.254227 0.037080
v 0.111111 -0.254227 0.037080
v -0.111111 -0.256593 0.026544
v 0.111111 -0.256593 0.026544
v -0.111111 -0.259473 0.016137
v 0.111111 -0.259473 0.016137
v -0.111111 -0.262860 0.005884
v 0.111111 -0.262860 0.005884
v -0.111111 -0.266747 -0.004190
v 0.111111 -0.266747 -0.004190
v -0.111111 -0.271122 -0.014062
v 0.111111 -0.271122 -0.014062
v -0.111111 -0.275977 -0.023707
v 0.111111 -0.275977 -0.023707
v -0.111111 -0.281300 -0.033103
v 0.111111 -0.281300 -0.033103
v -0.111111 -0.287077 -0.042225
v 0.111111 -0.287077 -0.042225
v -0.111111 -0.293294 -0.051054
v 0.111111 -0.293294 -0.051054
v -0.111111 -0.299938 -0.059567
v 0.111111 -0.299938 -0.059567
v -0.111111 -0.306991 -0.067743
v 0.111111 -0.306991 -0.067743
v -0.111111 -0.314437 -0.075563
v 0.111111 -0.314437 -0.075563
v -0.111111 -0.322257 -0.083009
v 0.111111 -0.322257 -0.083009
v -0.111111 -0.330433 -0.090062
v 0.111111 -0.330433 -0.090062
v -0.111111 -0.338946 -0.096706
v 0.111111 -0.338946 -0.096706
v -0.111111 -0.347775 -0.102923
v 0.111111 -0.347775 -0.102923
v -0.111111 -0.356897 -0.108700
v 0.111111 -0.356897 -0.108700
v -0.111111 -0.366293 -0.114023
v 0.111111 -0.366293 -0.114023
v -0.111111 -0.375938 -0.118878
v 0.111111 -0.375938 -0.118878
v -0.111111 -0.385810 -0.123253
v 0.111111 -0.385810 -0.123253
v -0.111111 -0.395884 -0.127140
v 0.111111 -0.395884 -0.127140
v -0.111111 -0.406137 -0.130527
v 0.111111 -0.406137 -0.130527
v -0.111111 -0.416544 -0.133407
v 0.111111 -0.416544 -0.133407
v -0.111111 -0.427080 -0.135773
v 0.111111 -0.427080 -0.135773
v -0.111111 -0.437719 -0.137619
v 0.111111 -0.437719 -0.137619
v -0.111111 -0.448436 -0.138941
v 0.111111 -0.448436 -0.138941
v -0.111111 -0.459205 -0.139735
v 0.111111 -0.459205 -0.139735
v -0.233333 0.149999 0.300000
v -0.240467 0.149744 0.300000
v -0.247565 0.148981 0.300000
v -0.254590 0.147714 0.300000
v -0.261507 0.145949 0.300000
v -0.268280 0.143694 0.300000
v -0.274875 0.140962 0.300000
v -0.281258 0.137767 0.300000
v -0.287397 0.134125 0.300000
v -0.293261 0.130053 0.300000
v -0.298819 0.125574 0.300000
v -0.304044 0.120710 0.300000
v -0.308908 0.115485 0.300000
v -0.313387 0.109927 0.300000
v -0.317459 0.104063 0.300000
v -0.321101 0.097924 0.300000
v -0.324297 0.091541 0.300000
v -0.327028 0.084946 0.300000
v -0.329283 0.078172 0.300000
v -0.331048 0.071256 0.300000
v -0.332315 0.064231 0.300000
v -0.333079 0.057133 0.300000
v -0.333079 0.057133 0.400000
v -0.332315 0.064231 0.400000
v -0.331048 0.071256 0.400000
v -0.329283 0.078172 0.400000
v -0.327028 0.084946 0.400000
v -0.324297 0.091541 0.400000
v -0.321101 0.097924 0.400000
v -0.317459 0.104063 0.400000
v -0.313387 0.109927 0.400000
v -0.308908 0.115485 0.400000
v -0.304044 0.120710 0.400000
v -0.298819 0.125574 0.400000
v -0.293261 0.130053 0.400000
v -0.287397 0.134125 0.400000
v -0.281258 0.137767 0.400000
v -0.274875 0.140962 0.400000
v -0.268280 0.143694 0.400000
v -0.261507 0.145949 0.400000
v -0.254590 0.147714 0.400000
v -0.247565 0.148981 0.400000
v -0.240467 0.149744 0.400000
v -0.233333 0.149999 0.400000
v 0.233333 0.149999 0.300000
v 0.240467 0.149744 0.300000
v 0.247565 0.148981 0.300000
v 0.254590 0.147714 0.300000
v 0.261507 0.145949 0.300000
v 0.268280 0.143694 0.300000
v 0.274875 0.140962 0.300000
v 0.281258 0.137767 0.300000
v 0.287397 0.134125 0.300000
v 0.293261 0.130053 0.300000
v 0.298819 0.125574 0.300000
v 0.304044 0.120710 0.300000
v 0.308908 0.115485 0.300000
v 0.313387 0.109927 0.300000
v 0.317459 0.104063 0.300000
v 0.321101 0.097924 0.300000
v 0.324297 0.091541 0.300000
v 0.327028 0.084946 0.300000
v 0.329283 0.078172 0.300000
v 0.331048 0.071256 0.300000
v 0.332315 0.064231 0.300000
v 0.333079 0.057133 0.300000
v -0.100000 -0.000001 0.300000
v -0.099739 -0.007217 0.300000
v -0.098959 -0.014395 0.300000
v -0.097662 -0.021498 0.300000
v -0.095856 -0.028489 0.300000
v -0.093551 -0.035331 0.300000
v -0.090758 -0.041990 0.300000
v -0.087491 -0.048429 0.300000
v -0.083769 -0.054616 0.300000
v -0.079609 -0.060518 0.300000
v -0.075035 -0.066105 0.300000
v -0.070069 -0.071347 0.300000
v -0.064739 -0.076217 0.300000
v -0.059070 -0.080690 0.300000
v -0.053094 -0.084742 0.300000
v -0.046841 -0.088352 0.300000
v -0.040344 -0.091502 0.300000
v -0.033636 -0.094174 0.300000
v -0.026753 -0.096356 0.300000
v -0.019730 -0.098035 0.300000
v -0.012605 -0.099203 0.300000
v -0.005414 -0.099854 0.300000
v 0.001805 -0.099984 0.300000
v 0.009015 -0.099594 0.300000
v 0.016178 -0.098683 0.300000
v 0.023257 -0.097259 0.300000
v 0.030214 -0.095327 0.300000
v 0.037014 -0.092898 0.300000
v 0.043621 -0.089985 0.300000
v 0.050000 -0.086603 0.300000
v 0.056119 -0.082770 0.300000
v 0.061945 -0.078504 0.300000
v 0.067448 -0.073830 0.300000
v 0.072600 -0.068771 0.300000
v 0.077373 -0.063353 0.300000
v 0.081742 -0.057605 0.300000
v 0.085686 -0.051556 0.300000
v 0.089182 -0.045239 0.300000
v 0.092214 -0.038686 0.300000
v 0.094765 -0.031931 0.300000
v 0.096822 -0.025010 0.300000
v 0.098374 -0.017958 0.300000
v 0.099414 -0.010813 0.300000
v 0.099935 -0.003611 0.300000
v 0.099935 0.003609 0.300000
v 0.099414 0.010811 0.300000
v 0.098374 0.017956 0.300000
v 0.096822 0.025008 0.300000
v 0.094765 0.031929 0.300000
v 0.092214 0.038684 0.300000
v 0.089182 0.045237 0.300000
v 0.085686 0.051555 0.300000
v 0.081742 0.057603 0.300000
v 0.077373 0.063351 0.300000
v 0.072600 0.068769 0.300000
v 0.067448 0.073829 0.300000
v 0.061945 0.078503 0.300000
v 0.056119 0.082768 0.300000
v 0.050000 0.086602 0.300000
v 0.043621 0.089984 0.300000
v 0.037014 0.092897 0.300000
v 0.030214 0.095326 0.300000
v 0.023257 0.097257 0.300000
v 0.016178 0.098682 0.300000
v 0.009015 0.099592 0.300000
v 0.001805 0.099983 0.300000
v -0.005414 0.099853 0.300000
v -0.012605 0.099202 0.300000
v -0.019730 0.098033 0.300000
v -0.026753 0.096354 0.300000
v -0.033636 0.094173 0.300000
v -0.040344 0.091500 0.300000
v -0.046841 0.088350 0.300000
v -0.053094 0.084740 0.300000
v -0.059070 0.080688 0.300000
v -0.064739 0.076215 0.300000
v -0.070069 0.071345 0.300000
v -0.075035 0.066103 0.300000
v -0.079609 0.060517 0.300000
v -0.083769 0.054614 0.300000
v -0.087491 0.048428 0.300000
v -0.090758 0.041988 0.300000
v -0.093551 0.035330 0.300000
v -0.095856 0.028487 0.300000
v -0.097662 0.021496 0.300000
v -0.098959 0.014393 0.300000
v -0.099739 0.007215 0.300000
v 0.233333 0.149999 0.400000
v 0.240467 0.149744 0.400000
v 0.247565 0.148981 0.400000
v 0.254590 0.147714 0.400000
v 0.261507 0.145949 0.400000
v 0.268280 0.143694 0.400000
v 0.274875 0.140962 0.400000
v 0.281258 0.137767 0.400000
v 0.287397 0.134125 0.400000
v 0.293261 0.130053 0.400000
v 0.298819 0.125574 0.400000
v 0.304044 0.120710 0.400000
v 0.308908 0.115485 0.400000
v 0.313387 0.109927 0.400000
v 0.317459 0.104063 0.400000
v 0.321101 0.097924 0.400000
v 0.324297 0.091541 0.400000
v 0.327028 0.084946 0.400000
v 0.329283 0.078172 0.400000
v 0.331048 0.071256 0.400000
v 0.332315 0.064231 0.400000
v 0.333079 0.057133 0.400000
v -0.238095 -0.149749 0.264479
v -0.142857 -0.149749 0.264479
v -0.047619 -0.149749 0.264479
v 0.047619 -0.149749 0.264479
v 0.142857 -0.149749 0.264479
v 0.238095 -0.149749 0.264479
v -0.238095 -0.148998 0.268901
v -0.142857 -0.148998 0.268901
v -0.047619 -0.148998 0.268901
v 0.047619 -0.148998 0.268901
v 0.142857 -0.148998 0.268901
v 0.238095 -0.148998 0.268901
v -0.238095 -0.147756 0.273211
v -0.142857 -0.147756 0.273211
v -0.047619 -0.147756 0.273211
v 0.047619 -0.147756 0.273211
v 0.142857 -0.147756 0.273211
v 0.238095 -0.147756 0.273211
v -0.238095 -0.146040 0.277355
v -0.142857 -0.146040 0.277355
v -0.047619 -0.146040 0.277355
v 0.047619 -0.146040 0.277355
v 0.142857 -0.146040 0.277355
v 0.238095 -0.146040 0.277355
v -0.238095 -0.143870 0.281281
v -0.142857 -0.143870 0.281281
v -0.047619 -0.143870 0.281281
v 0.047619 -0.143870 0.281281
v 0.142857 -0.143870 0.281281
v 0.238095 -0.143870 0.281281
v -0.238095 -0.141274 0.284940
v -0.142857 -0.141274 0.284940
v -0.047619 -0.141274 0.284940
v 0.047619 -0.141274 0.284940
v 0.142857 -0.141274 0.284940
v 0.238095 -0.141274 0.284940
v -0.238095 -0.138285 0.288284
v -0.142857 -0.138285 0.288284
v -0.047619 -0.138285 0.288284
v 0.047619 -0.138285 0.288284
v 0.142857 -0.138285 0.288284
v 0.238095 -0.138285 0.288284
v -0.238095 -0.134940 0.291273
v -0.142857 -0.134940 0.291273
v -0.047619 -0.134940 0.291273
v 0.047619 -0.134940 0.291273
v 0.142857 -0.134940 0.291273
v 0.238095 -0.134940 0.291273
v -0.238095 -0.131282 0.293869
v -0.142857 -0.131282 0.293869
v -0.047619 -0.131282 0.293869
v 0.047619 -0.131282 0.293869
v 0.142857 -0.131282 0.293869
v 0.238095 -0.131282 0.293869
v -0.238095 -0.127356 0.296039
v -0.142857 -0.127356 0.296039
v -0.047619 -0.127356 0.296039
v 0.047619 -0.127356 0.296039
v 0.142857 -0.127356 0.296039
v 0.238095 -0.127356 0.296039
v -0.238095 -0.123212 0.297755
v -0.142857 -0.123212 0.297755
v -0.047619 -0.123212 0.297755
v 0.047619 -0.123212 0.297755
v 0.142857 -0.123212 0.297755
v 0.238095 -0.123212 0.297755
v -0.238095 -0.118902 0.298997
v -0.142857 -0.118902 0.298997
v -0.047619 -0.118902 0.298997
v 0.047619 -0.118902 0.298997
v 0.142857 -0.118902 0.298997
v 0.238095 -0.118902 0.298997
v -0.238095 -0.114479 0.299748
v -0.142857 -0.114479 0.299748
v -0.047619 -0.114479 0.299748
v 0.047619 -0.114479 0.299748
v 0.142857 -0.114479 0.299748
v 0.238095 -0.114479 0.299748
v 0.200000 -0.150256 -0.147134
v 0.066667 -0.150256 -0.147134
v -0.066667 -0.150256 -0.147134
v -0.200000 -0.150256 -0.147134
v 0.200000 -0.151019 -0.154231
v 0.066667 -0.151019 -0.154231
v -0.066667 -0.151019 -0.154231
v -0.200000 -0.151019 -0.154231
v 0.200000 -0.152286 -0.161257
v 0.066667 -0.152286 -0.161257
v -0.066667 -0.152286 -0.161257
v -0.200000 -0.152286 -0.161257
v 0.200000 -0.154051 -0.168173
v 0.066667 -0.154051 -0.168173
v -0.066667 -0.154051 -0.168173
v -0.200000 -0.154051 -0.168173
v 0.200000 -0.156306 -0.174946
v 0.066667 -0.156306 -0.174946
v -0.066667 -0.156306 -0.174946
v -0.200000 -0.156306 -0.174946
v 0.200000 -0.159038 -0.181542
v 0.066667 -0.159038 -0.181542
v -0.066667 -0.159038 -0.181542
v -0.200000 -0.159038 -0.181542
v 0.200000 -0.162233 -0.187925
v 0.066667 -0.162233 -0.187925
v -0.066667 -0.162233 -0.187925
v -0.200000 -0.162233 -0.187925
v 0.200000 -0.165875 -0.194064
v 0.066667 -0.165875 -0.194064
v -0.066667 -0.165875 -0.194064
v -0.200000 -0.165875 -0.194064
v 0.200000 -0.169947 -0.199928
v 0.066667 -0.169947 -0.199928
v -0.066667 -0.169947 -0.199928
v -0.200000 -0.169947 -0.199928
v 0.200000 -0.174426 -0.205486
v 0.066667 -0.174426 -0.205486
v -0.066667 -0.174426 -0.205486
v -0.200000 -0.174426 -0.205486
v 0.200000 -0.179290 -0.210711
v 0.066667 -0.179290 -0.210711
v -0.066667 -0.179290 -0.210711
v -0.200000 -0.179290 -0.210711
v 0.200000 -0.184515 -0.215575
v 0.066667 -0.184515 -0.215575
v -0.066667 -0.184515 -0.215575
v -0.200000 -0.184515 -0.215575
v 0.200000 -0.190073 -0.220054
v 0.066667 -0.190073 -0.220054
v -0.066667 -0.190073 -0.220054
v -0.200000 -0.190073 -0.220054
v 0.200000 -0.195937 -0.224125
v 0.066667 -0.195937 -0.224125
v -0.066667 -0.195937 -0.224125
v -0.200000 -0.195937 -0.224125
v 0.200000 -0.202076 -0.227768
v 0.066667 -0.202076 -0.227768
v -0.066667 -0.202076 -0.227768
v -0.200000 -0.202076 -0.227768
v 0.200000 -0.208459 -0.230963
v 0.066667 -0.208459 -0.230963
v -0.066667 -0.208459 -0.230963
v -0.200000 -0.208459 -0.230963
v 0.200000 -0.215054 -0.233695
v 0.066667 -0.215054 -0.233695
v -0.066667 -0.215054 -0.233695
v -0.200000 -0.215054 -0.233695
v 0.200000 -0.221828 -0.235949
v 0.066667 -0.221828 -0.235949
v -0.066667 -0.221828 -0.235949
v -0.200000 -0.221828 -0.235949
v 0.200000 -0.228744 -0.237715
v 0.066667 -0.228744 -0.237715
v -0.066667 -0.228744 -0.237715
v -0.200000 -0.228744 -0.237715
v 0.200000 -0.235769 -0.238982
v 0.066667 -0.235769 -0.238982
v -0.066667 -0.235769 -0.238982
v -0.200000 -0.235769 -0.238982
v 0.200000 -0.242867 -0.239745
v 0.066667 -0.242867 -0.239745
v -0.066667 -0.242867 -0.239745
v -0.200000 -0.242867 -0.239745
v -0.100000 -0.000001 0.400000
v -0.099739 -0.007217 0.400000
v -0.098959 -0.014395 0.400000
v -0.097662 -0.021498 0.400000
v -0.095856 -0.028489 0.400000
v -0.093551 -0.035331 0.400000
v -0.090758 -0.041990 0.400000
v -0.087491 -0.048429 0.400000
v -0.083769 -0.054616 0.400000
v -0.079609 -0.060518 0.400000
v -0.075035 -0.066105 0.400000
v -0.070069 -0.071347 0.400000
v -0.064739 -0.076217 0.400000
v -0.059070 -0.080690 0.400000
v -0.053094 -0.084742 0.400000
v -0.046841 -0.088352 0.400000
v -0.040344 -0.091502 0.400000
v -0.033636 -0.094174 0.400000
v -0.026753 -0.096356 0.400000
v -0.019730 -0.098035 0.400000
v -0.012605 -0.099203 0.400000
v -0.005414 -0.099854 0.400000
v 0.001805 -0.099984 0.400000
v 0.009015 -0.099594 0.400000
v 0.016178 -0.098683 0.400000
v 0.023257 -0.097259 0.400000
v 0.030214 -0.095327 0.400000
v 0.037014 -0.092898 0.400000
v 0.043621 -0.089985 0.400000
v 0.050000 -0.086603 0.400000
v 0.056119 -0.082770 0.400000
v 0.061945 -0.078504 0.400000
v 0.067448 -0.073830 0.400000
v 0.072600 -0.068771 0.400000
v 0.077373 -0.063353 0.400000
v 0.081742 -0.057605 0.400000
v 0.085686 -0.051556 0.400000
v 0.089182 -0.045239 0.400000
v 0.092214 -0.038686 0.400000
v 0.094765 -0.031931 0.400000
v 0.096822 -0.025010 0.400000
v 0.098374 -0.017958 0.400000
v 0.099414 -0.010813 0.400000
v 0.099935 -0.003611 0.400000
v 0.099935 0.003609 0.400000
v 0.099414 0.010811 0.400000
v 0.098374 0.017956 0.400000
v 0.096822 0.025008 0.400000
v 0.094765 0.031929 0.400000
v 0.092214 0.038684 0.400000
v 0.089182 0.045237 0.400000
v 0.085686 0.051555 0.400000
v 0.081742 0.057603 0.400000
v 0.077373 0.063351 0.400000
v 0.072600 0.068769 0.400000
v 0.067448 0.073829 0.400000
v 0.061945 0.078503 0.400000
v 0.056119 0.082768 0.400000
v 0.050000 0.086602 0.400000
v 0.043621 0.089984 0.400000
v 0.037014 0.092897 0.400000
v 0.030214 0.095326 0.400000
v 0.023257 0.097257 0.400000
v 0.016178 0.098682 0.400000
v 0.009015 0.099592 0.400000
v 0.001805 0.099983 0.400000
v -0.005414 0.099853 0.400000
v -0.012605 0.099202 0.400000
v -0.019730 0.098033 0.400000
v -0.026753 0.096354 0.400000
v -0.033636 0.094173 0.400000
v -0.040344 0.091500 0.400000
v -0.046841 0.088350 0.400000
v -0.053094 0.084740 0.400000
v -0.059070 0.080688 0.400000
v -0.064739 0.076215 0.400000
v -0.070069 0.071345 0.400000
v -0.075035 0.066103 0.400000
v -0.079609 0.060517 0.400000
v -0.083769 0.054614 0.400000
v -0.087491 0.048428 0.400000
v -0.090758 0.041988 0.400000
v -0.093551 0.035330 0.400000
v -0.095856 0.028487 0.400000
v -0.097662 0.021496 0.400000
v -0.098959 0.014393 0.400000
v -0.099739 0.007215 0.400000
v -0.111111 -0.788064 -0.036439
v 0.111111 -0.788064 -0.036439
v -0.111111 -0.783176 -0.048249
v 0.111111 -0.783176 -0.048249
v -0.111111 -0.777820 -0.059855
v 0.111111 -0.777820 -0.059855
v -0.111111 -0.772006 -0.071238
v 0.111111 -0.772006 -0.071238
v -0.111111 -0.765741 -0.082379
v 0.111111 -0.765741 -0.082379
v -0.111111 -0.759036 -0.093261
v 0.111111 -0.759036 -0.093261
v -0.111111 -0.751903 -0.103867
v 0.111111 -0.751903 -0.103867
v -0.111111 -0.744351 -0.114179
v 0.111111 -0.744351 -0.114179
v -0.111111 -0.736393 -0.124182
v 0.111111 -0.736393 -0.124182
v -0.111111 -0.728043 -0.133859
v 0.111111 -0.728043 -0.133859
v -0.111111 -0.719312 -0.143195
v 0.111111 -0.719312 -0.143195
v -0.111111 -0.710216 -0.152174
v 0.111111 -0.710216 -0.152174
v -0.111111 -0.700769 -0.160783
v 0.111111 -0.700769 -0.160783
v -0.111111 -0.690985 -0.169008
v 0.111111 -0.690985 -0.169008
v -0.111111 -0.680880 -0.176836
v 0.111111 -0.680880 -0.176836
v -0.111111 -0.670471 -0.184254
v 0.111111 -0.670471 -0.184254
v -0.111111 -0.659774 -0.191250
v 0.111111 -0.659774 -0.191250
v -0.111111 -0.648806 -0.197814
v 0.111111 -0.648806 -0.197814
v -0.111111 -0.637585 -0.203934
v 0.111111 -0.637585 -0.203934
v -0.111111 -0.626128 -0.209602
v 0.111111 -0.626128 -0.209602
v -0.111111 -0.614455 -0.214807
v 0.111111 -0.614455 -0.214807
v -0.111111 -0.602582 -0.219542
v 0.111111 -0.602582 -0.219542
v -0.111111 -0.590530 -0.223799
v 0.111111 -0.590530 -0.223799
v -0.111111 -0.578318 -0.227571
v 0.111111 -0.578318 -0.227571
v -0.111111 -0.565964 -0.230853
v 0.111111 -0.565964 -0.230853
v -0.111111 -0.553490 -0.233638
v 0.111111 -0.553490 -0.233638
v -0.111111 -0.540914 -0.235924
v 0.111111 -0.540914 -0.235924
v -0.111111 -0.528257 -0.237705
v 0.111111 -0.528257 -0.237705
v -0.111111 -0.515539 -0.238979
v 0.111111 -0.515539 -0.238979
v -0.111111 -0.502780 -0.239745
v 0.111111 -0.502780 -0.239745
v -0.111111 -0.500662 -0.139741
v 0.111111 -0.500662 -0.139741
v -0.111111 -0.511299 -0.138967
v 0.111111 -0.511299 -0.138967
v -0.111111 -0.521885 -0.137677
v 0.111111 -0.521885 -0.137677
v -0.111111 -0.532397 -0.135876
v 0.111111 -0.532397 -0.135876
v -0.111111 -0.542810 -0.133568
v 0.111111 -0.542810 -0.133568
v -0.111111 -0.553098 -0.130757
v 0.111111 -0.553098 -0.130757
v -0.111111 -0.563237 -0.127452
v 0.111111 -0.563237 -0.127452
v -0.111111 -0.573205 -0.123659
v 0.111111 -0.573205 -0.123659
v -0.111111 -0.582977 -0.119387
v 0.111111 -0.582977 -0.119387
v -0.111111 -0.592531 -0.114647
v 0.111111 -0.592531 -0.114647
v -0.111111 -0.601844 -0.109449
v 0.111111 -0.601844 -0.109449
v -0.111111 -0.610894 -0.103806
v 0.111111 -0.610894 -0.103806
v -0.111111 -0.619659 -0.097731
v 0.111111 -0.619659 -0.097731
v -0.111111 -0.628120 -0.091239
v 0.111111 -0.628120 -0.091239
v -0.111111 -0.636257 -0.084344
v 0.111111 -0.636257 -0.084344
v -0.111111 -0.644050 -0.077063
v 0.111111 -0.644050 -0.077063
v -0.111111 -0.651480 -0.069413
v 0.111111 -0.651480 -0.069413
v -0.111111 -0.658532 -0.061411
v 0.111111 -0.658532 -0.061411
v -0.111111 -0.665187 -0.053077
v 0.111111 -0.665187 -0.053077
v -0.111111 -0.671430 -0.044431
v 0.111111 -0.671430 -0.044431
v -0.111111 -0.677247 -0.035492
v 0.111111 -0.677247 -0.035492
v -0.111111 -0.682624 -0.026282
v 0.111111 -0.682624 -0.026282
v -0.111111 -0.687549 -0.016822
v 0.111111 -0.687549 -0.016822
v -0.111111 -0.692009 -0.007134
v 0.111111 -0.692009 -0.007134
v -0.111111 -0.695994 0.002758
v 0.111111 -0.695994 0.002758
v -0.111111 -0.699496 0.012832
v 0.111111 -0.699496 0.012832
v -0.111111 -0.702505 0.023064
v 0.111111 -0.702505 0.023064
v -0.111111 -0.705014 0.033429
v 0.111111 -0.705014 0.033429
v -0.111111 -0.707019 0.043904
v 0.111111 -0.707019 0.043904
v -0.111111 -0.708513 0.054464
v 0.111111 -0.708513 0.054464
v -0.111111 -0.709494 0.065084
v 0.111111 -0.709494 0.065084
v -0.111111 -0.709959 0.075739
v 0.111111 -0.709959 0.075739
v -0.111111 -0.709907 0.086404
v 0.111111 -0.709907 0.086404
v -0.111111 -0.709338 0.097054
v 0.111111 -0.709338 0.097054
vt -0.000000 0.172807 0.000000
vt 0.133333 0.172807 0.000000
vt -0.000000 0.180007 0.000000
vt 0.266667 0.172807 0.000000
vt 0.400000 0.172807 0.000000
vt 0.400000 0.165607 0.000000
vt 0.533333 0.165607 0.000000
vt 0.533333 0.158406 0.000000
vt 0.666667 0.158406 0.000000
vt 0.666667 0.151206 0.000000
vt 0.533333 0.151206 0.000000
vt 0.666667 0.144006 0.000000
vt 0.533333 0.144006 0.000000
vt 0.666667 0.136806 0.000000
vt 0.533333 0.136806 0.000000
vt 0.666667 0.129605 0.000000
vt 0.533333 0.129605 0.000000
vt 0.666667 0.122405 0.000000
vt 0.533333 0.122405 0.000000
vt 0.666667 0.115205 0.000000
vt 0.533333 0.115205 0.000000
vt 0.666667 0.108004 0.000000
vt 0.533333 0.108004 0.000000
vt 0.666667 0.100804 0.000000
vt 0.533333 0.100804 0.000000
vt 0.666667 0.093604 0.000000
vt 0.533333 0.093604 0.000000
vt 0.666667 0.086403 0.000000
vt 0.533333 0.086403 0.000000
vt 0.666667 0.079203 0.000000
vt 0.533333 0.079203 0.000000
vt 0.666667 0.072003 0.000000
vt 0.533333 0.072003 0.000000
vt 0.666667 0.064803 0.000000
vt 0.533333 0.064803 0.000000
vt 0.666667 0.057602 0.000000
vt 0.533333 0.057602 0.000000
vt 0.666667 0.050402 0.000000
vt 0.533333 0.050402 0.000000
vt 0.666667 0.043202 0.000000
vt 0.533333 0.043202 0.000000
vt 0.666667 0.036001 0.000000
vt 0.533333 0.036001 0.000000
vt 0.666667 0.028801 0.000000
vt 0.533333 0.028801 0.000000
vt 0.666667 0.021601 0.000000
vt 0.533333 0.021601 0.000000
vt 0.666667 0.014401 0.000000
vt 0.533333 0.014401 0.000000
vt 0.666667 0.007200 0.000000
vt 0.533333 0.007200 0.000000
vt 0.666667 0.000000 0.000000
vt 0.400000 0.007200 0.000000
vt 0.266667 0.007200 0.000000
vt 0.266667 0.014401 0.000000
vt 0.133333 0.014401 0.000000
vt 0.133333 0.021601 0.000000
vt -0.000000 0.021601 0.000000
vt -0.000000 0.028801 0.000000
vt 0.133333 0.028801 0.000000
vt -0.000000 0.036001 0.000000
vt 0.133333 0.036001 0.000000
vt -0.000000 0.043202 0.000000
vt 0.133333 0.043202 0.000000
vt -0.000000 0.050402 0.000000
vt 0.133333 0.050402 0.000000
vt -0.000000 0.057602 0.000000
vt 0.133333 0.057602 0.000000
vt -0.000000 0.064803 0.000000
vt 0.133333 0.064803 0.000000
vt -0.000000 0.072003 0.000000
vt 0.133333 0.072003 0.000000
vt -0.000000 0.079203 0.000000
vt 0.133333 0.079203 0.000000
vt -0.000000 0.086403 0.000000
vt 0.133333 0.086403 0.000000
vt -0.000000 0.093604 0.000000
vt 0.133333 0.093604 0.000000
vt -0.000000 0.100804 0.000000
vt 0.133333 0.100804 0.000000
vt -0.000000 0.108004 0.000000
vt 0.133333 0.108004 0.000000
vt -0.000000 0.115205 0.000000
vt 0.133333 0.115205 0.000000
vt -0.000000 0.122405 0.000000
vt 0.133333 0.122405 0.000000
vt -0.000000 0.129605 0.000000
vt 0.133333 0.129605 0.000000
vt -0.000000 0.136806 0.000000
vt 0.133333 0.136806 0.000000
vt -0.000000 0.144006 0.000000
vt 0.133333 0.144006 0.000000
vt -0.000000 0.151206 0.000000
vt 0.133333 0.151206 0.000000
vt -0.000000 0.158406 0.000000
vt 0.133333 0.158406 0.000000
vt -0.000000 0.165607 0.000000
vt 0.133333 0.165607 0.000000
vt -0.000000 0.014401 0.000000
vt 0.133333 0.007200 0.000000
vt -0.000000 0.000000 0.000000
vt -0.000000 0.007200 0.000000
vt 0.666667 0.165607 0.000000
vt 0.533333 0.172807 0.000000
vt 0.666667 0.180007 0.000000
vt 0.666667 0.172807 0.000000
vt 0.266667 0.165607 0.000000
vt 0.266667 0.158406 0.000000
vt 0.266667 0.151206 0.000000
vt 0.266667 0.144006 0.000000
vt 0.266667 0.136806 0.000000
vt 0.266667 0.129605 0.000000
vt 0.266667 0.122405 0.000000
vt 0.266667 0.115205 0.000000
vt 0.266667 0.108004 0.000000
vt 0.266667 0.100804 0.000000
vt 0.266667 0.093604 0.000000
vt 0.266667 0.086403 0.000000
vt 0.266667 0.079203 0.000000
vt 0.266667 0.072003 0.000000
vt 0.266667 0.064803 0.000000
vt 0.266667 0.057602 0.000000
vt 0.266667 0.050402 0.000000
vt 0.266667 0.043202 0.000000
vt 0.266667 0.036001 0.000000
vt 0.266667 0.028801 0.000000
vt 0.266667 0.021601 0.000000
vt 0.400000 0.158406 0.000000
vt 0.400000 0.151206 0.000000
vt 0.400000 0.144006 0.000000
vt 0.400000 0.136806 0.000000
vt 0.400000 0.129605 0.000000
vt 0.400000 0.122405 0.000000
vt 0.400000 0.115205 0.000000
vt 0.400000 0.108004 0.000000
vt 0.400000 0.100804 0.000000
vt 0.400000 0.093604 0.000000
vt 0.400000 0.086403 0.000000
vt 0.400000 0.079203 0.000000
vt 0.400000 0.072003 0.000000
vt 0.400000 0.064803 0.000000
vt 0.400000 0.057602 0.000000
vt 0.400000 0.050402 0.000000
vt 0.400000 0.043202 0.000000
vt 0.400000 0.036001 0.000000
vt 0.400000 0.028801 0.000000
vt 0.400000 0.021601 0.000000
vt 0.400000 0.014401 0.000000
vt -0.708254 0.027663 0.000000
vt -0.715383 0.026665 0.000000
vt -0.709338 0.017054 0.000000
vt -0.722422 0.025155 0.000000
vt -0.729334 0.023144 0.000000
vt -0.709907 0.006404 0.000000
vt -0.736083 0.020640 0.000000
vt -0.742635 0.017658 0.000000
vt -0.748955 0.014211 0.000000
vt -0.709959 -0.004261 0.000000
vt -0.755011 0.010319 0.000000
vt -0.760771 0.006002 0.000000
vt -0.709494 -0.014916 0.000000
vt -0.766206 0.001281 0.000000
vt -0.771287 -0.003819 0.000000
vt -0.775988 -0.009271 0.000000
vt -0.708513 -0.025536 0.000000
vt -0.780284 -0.015047 0.000000
vt -0.784154 -0.021117 0.000000
vt -0.707019 -0.036096 0.000000
vt -0.787577 -0.027450 0.000000
vt -0.790536 -0.034012 0.000000
vt -0.705014 -0.046571 0.000000
vt -0.793015 -0.040771 0.000000
vt -0.795001 -0.047690 0.000000
vt -0.796484 -0.054734 0.000000
vt -0.702505 -0.056936 0.000000
vt -0.797457 -0.061867 0.000000
vt -0.797914 -0.069051 0.000000
vt -0.699496 -0.067168 0.000000
vt -0.797853 -0.076250 0.000000
vt -0.797275 -0.083425 0.000000
vt -0.695994 -0.077242 0.000000
vt -0.796181 -0.090540 0.000000
vt -0.794579 -0.097558 0.000000
vt -0.792476 -0.104443 0.000000
vt -0.692009 -0.087134 0.000000
vt -0.788064 -0.116439 0.000000
vt -0.687549 -0.096822 0.000000
vt -0.783176 -0.128249 0.000000
vt -0.682624 -0.106282 0.000000
vt -0.777820 -0.139855 0.000000
vt -0.677247 -0.115492 0.000000
vt -0.772006 -0.151238 0.000000
vt -0.671430 -0.124431 0.000000
vt -0.765741 -0.162379 0.000000
vt -0.665187 -0.133077 0.000000
vt -0.759036 -0.173261 0.000000
vt -0.658532 -0.141411 0.000000
vt -0.751903 -0.183867 0.000000
vt -0.651480 -0.149413 0.000000
vt -0.744351 -0.194179 0.000000
vt -0.736393 -0.204182 0.000000
vt -0.644050 -0.157063 0.000000
vt -0.728043 -0.213859 0.000000
vt -0.636257 -0.164344 0.000000
vt -0.719312 -0.223195 0.000000
vt -0.628120 -0.171239 0.000000
vt -0.710216 -0.232174 0.000000
vt -0.619659 -0.177731 0.000000
vt -0.700769 -0.240783 0.000000
vt -0.610894 -0.183806 0.000000
vt -0.690985 -0.249008 0.000000
vt -0.601844 -0.189449 0.000000
vt -0.680880 -0.256836 0.000000
vt -0.670471 -0.264254 0.000000
vt -0.592531 -0.194647 0.000000
vt -0.659774 -0.271250 0.000000
vt -0.582977 -0.199387 0.000000
vt -0.648806 -0.277814 0.000000
vt -0.573205 -0.203659 0.000000
vt -0.637585 -0.283934 0.000000
vt -0.626128 -0.289602 0.000000
vt -0.563237 -0.207452 0.000000
vt -0.614455 -0.294807 0.000000
vt -0.553098 -0.210757 0.000000
vt -0.602582 -0.299542 0.000000
vt -0.542810 -0.213568 0.000000
vt -0.590530 -0.303799 0.000000
vt -0.578318 -0.307571 0.000000
vt -0.532397 -0.215876 0.000000
vt -0.565964 -0.310853 0.000000
vt -0.521885 -0.217677 0.000000
vt -0.553490 -0.313638 0.000000
vt -0.540914 -0.315924 0.000000
vt -0.511299 -0.218967 0.000000
vt -0.528257 -0.317705 0.000000
vt -0.515539 -0.318979 0.000000
vt -0.500662 -0.219741 0.000000
vt -0.502780 -0.319745 0.000000
vt -0.490000 -0.220000 0.000000
vt -0.490001 -0.320000 0.000000
vt -0.470000 -0.220000 0.000000
vt -0.459205 -0.219735 0.000000
vt -0.448436 -0.218941 0.000000
vt -0.437719 -0.217619 0.000000
vt -0.427080 -0.215773 0.000000
vt -0.416544 -0.213407 0.000000
vt -0.250001 -0.320000 0.000000
vt -0.406137 -0.210527 0.000000
vt -0.395884 -0.207140 0.000000
vt -0.385810 -0.203253 0.000000
vt -0.375938 -0.198878 0.000000
vt -0.366293 -0.194023 0.000000
vt -0.356897 -0.188700 0.000000
vt -0.347775 -0.182923 0.000000
vt -0.338946 -0.176706 0.000000
vt -0.165875 -0.274064 0.000000
vt -0.162233 -0.267925 0.000000
vt -0.242867 -0.319745 0.000000
vt -0.235769 -0.318982 0.000000
vt -0.228744 -0.317715 0.000000
vt -0.221828 -0.315949 0.000000
vt -0.215054 -0.313695 0.000000
vt -0.208459 -0.310963 0.000000
vt -0.202076 -0.307768 0.000000
vt -0.195937 -0.304125 0.000000
vt -0.190073 -0.300054 0.000000
vt -0.184515 -0.295575 0.000000
vt -0.179290 -0.290711 0.000000
vt -0.174426 -0.285486 0.000000
vt -0.169947 -0.279928 0.000000
vt -0.159038 -0.261542 0.000000
vt -0.156306 -0.254946 0.000000
vt -0.154051 -0.248173 0.000000
vt -0.152286 -0.241257 0.000000
vt -0.330433 -0.170062 0.000000
vt -0.151019 -0.234231 0.000000
vt -0.150256 -0.227134 0.000000
vt -0.150001 -0.220000 0.000000
vt -0.322257 -0.163009 0.000000
vt -0.314437 -0.155563 0.000000
vt -0.306991 -0.147743 0.000000
vt -0.299938 -0.139567 0.000000
vt -0.293294 -0.131054 0.000000
vt -0.287077 -0.122225 0.000000
vt -0.281300 -0.113103 0.000000
vt -0.275977 -0.103707 0.000000
vt -0.271122 -0.094062 0.000000
vt -0.266747 -0.084190 0.000000
vt -0.262860 -0.074116 0.000000
vt -0.259473 -0.063863 0.000000
vt -0.256593 -0.053456 0.000000
vt -0.254227 -0.042920 0.000000
vt -0.252381 -0.032281 0.000000
vt -0.251059 -0.021564 0.000000
vt -0.250265 -0.010795 0.000000
vt -0.150001 0.180000 0.000000
vt -0.250000 0.000000 0.000000
vt -0.250000 0.086667 0.000000
vt -0.250263 0.095039 0.000000
vt -0.251051 0.103378 0.000000
vt -0.252362 0.111651 0.000000
vt -0.254189 0.119825 0.000000
vt -0.256526 0.127869 0.000000
vt -0.259363 0.135750 0.000000
vt -0.262690 0.143437 0.000000
vt -0.266492 0.150900 0.000000
vt -0.270756 0.158110 0.000000
vt -0.275464 0.165038 0.000000
vt -0.149749 0.184479 0.000000
vt -0.148998 0.188901 0.000000
vt -0.280598 0.171657 0.000000
vt -0.147756 0.193211 0.000000
vt -0.286138 0.177940 0.000000
vt -0.146040 0.197355 0.000000
vt -0.292060 0.183862 0.000000
vt -0.143870 0.201281 0.000000
vt -0.298343 0.189402 0.000000
vt -0.141274 0.204940 0.000000
vt -0.304962 0.194536 0.000000
vt -0.138285 0.208284 0.000000
vt -0.311890 0.199244 0.000000
vt -0.134940 0.211273 0.000000
vt -0.319100 0.203508 0.000000
vt -0.131282 0.213869 0.000000
vt -0.390000 0.320000 0.000000
vt -0.127356 0.216039 0.000000
vt -0.123212 0.217755 0.000000
vt -0.118902 0.218997 0.000000
vt -0.114479 0.219748 0.000000
vt 0.049999 0.320000 0.000000
vt -0.110001 0.220000 0.000000
vt 0.049999 0.220000 0.000000
vt -0.397134 0.319745 0.000000
vt -0.383333 0.220000 0.000000
vt -0.374961 0.219737 0.000000
vt -0.366622 0.218949 0.000000
vt -0.404231 0.318982 0.000000
vt -0.411257 0.317715 0.000000
vt -0.418173 0.315949 0.000000
vt -0.424946 0.313695 0.000000
vt -0.431542 0.310963 0.000000
vt -0.437925 0.307768 0.000000
vt -0.444064 0.304125 0.000000
vt -0.449928 0.300054 0.000000
vt -0.455486 0.295575 0.000000
vt -0.460711 0.290711 0.000000
vt -0.465575 0.285486 0.000000
vt -0.470054 0.279928 0.000000
vt -0.474125 0.274064 0.000000
vt -0.477768 0.267925 0.000000
vt -0.480963 0.261542 0.000000
vt -0.483695 0.254946 0.000000
vt -0.485949 0.248173 0.000000
vt -0.487715 0.241257 0.000000
vt -0.488982 0.234231 0.000000
vt -0.489745 0.227134 0.000000
vt -0.490000 0.220000 0.000000
vt -0.358349 0.217638 0.000000
vt -0.350175 0.215811 0.000000
vt -0.342131 0.213474 0.000000
vt -0.334250 0.210637 0.000000
vt -0.326563 0.207310 0.000000
vt -0.666667 0.071400 0.000000
vt -0.533333 0.071400 0.000000
vt -0.666667 0.078540 0.000000
vt -0.400000 0.071400 0.000000
vt -0.266667 0.071400 0.000000
vt -0.266667 0.064260 0.000000
vt -0.133333 0.064260 0.000000
vt -0.133333 0.057120 0.000000
vt -0.000000 0.057120 0.000000
vt -0.000000 0.049980 0.000000
vt -0.133333 0.049980 0.000000
vt -0.000000 0.042840 0.000000
vt -0.133333 0.042840 0.000000
vt -0.000000 0.035700 0.000000
vt -0.133333 0.035700 0.000000
vt -0.000000 0.028560 0.000000
vt -0.133333 0.028560 0.000000
vt -0.000000 0.021420 0.000000
vt -0.133333 0.021420 0.000000
vt -0.000000 0.014280 0.000000
vt -0.133333 0.014280 0.000000
vt -0.000000 0.007140 0.000000
vt -0.133333 0.007140 0.000000
vt -0.000000 -0.000000 0.000000
vt -0.133333 -0.000000 0.000000
vt -0.000000 -0.007140 0.000000
vt -0.133333 -0.007140 0.000000
vt -0.000000 -0.014280 0.000000
vt -0.133333 -0.014280 0.000000
vt -0.000000 -0.021420 0.000000
vt -0.133333 -0.021420 0.000000
vt -0.000000 -0.028560 0.000000
vt -0.133333 -0.028560 0.000000
vt -0.000000 -0.035700 0.000000
vt -0.133333 -0.035700 0.000000
vt -0.000000 -0.042840 0.000000
vt -0.133333 -0.042840 0.000000
vt -0.000000 -0.049980 0.000000
vt -0.133333 -0.049980 0.000000
vt -0.000000 -0.057120 0.000000
vt -0.133333 -0.057120 0.000000
vt -0.000000 -0.064260 0.000000
vt -0.133333 -0.064260 0.000000
vt -0.000000 -0.071400 0.000000
vt -0.133333 -0.071400 0.000000
vt -0.000000 -0.078540 0.000000
vt -0.266667 -0.071400 0.000000
vt -0.400000 -0.071400 0.000000
vt -0.400000 -0.064260 0.000000
vt -0.533333 -0.064260 0.000000
vt -0.533333 -0.057120 0.000000
vt -0.666667 -0.057120 0.000000
vt -0.666667 -0.049980 0.000000
vt -0.533333 -0.049980 0.000000
vt -0.666667 -0.042840 0.000000
vt -0.533333 -0.042840 0.000000
vt -0.666667 -0.035700 0.000000
vt -0.533333 -0.035700 0.000000
vt -0.666667 -0.028560 0.000000
vt -0.533333 -0.028560 0.000000
vt -0.666667 -0.021420 0.000000
vt -0.533333 -0.021420 0.000000
vt -0.666667 -0.014280 0.000000
vt -0.533333 -0.014280 0.000000
vt -0.666667 -0.007140 0.000000
vt -0.533333 -0.007140 0.000000
vt -0.666667 -0.000000 0.000000
vt -0.533333 -0.000000 0.000000
vt -0.666667 0.007140 0.000000
vt -0.533333 0.007140 0.000000
vt -0.666667 0.014280 0.000000
vt -0.533333 0.014280 0.000000
vt -0.666667 0.021420 0.000000
vt -0.533333 0.021420 0.000000
vt -0.666667 0.028560 0.000000
vt -0.533333 0.028560 0.000000
vt -0.666667 0.035700 0.000000
vt -0.533333 0.035700 0.000000
vt -0.666667 0.042840 0.000000
vt -0.533333 0.042840 0.000000
vt -0.666667 0.049980 0.000000
vt -0.533333 0.049980 0.000000
vt -0.666667 0.057120 0.000000
vt -0.533333 0.057120 0.000000
vt -0.666667 0.064260 0.000000
vt -0.533333 0.064260 0.000000
vt -0.666667 -0.064260 0.000000
vt -0.533333 -0.071400 0.000000
vt -0.666667 -0.078540 0.000000
vt -0.666667 -0.071400 0.000000
vt -0.000000 0.064260 0.000000
vt -0.133333 0.071400 0.000000
vt -0.000000 0.078540 0.000000
vt -0.000000 0.071400 0.000000
vt -0.400000 0.064260 0.000000
vt -0.400000 0.057120 0.000000
vt -0.400000 0.049980 0.000000
vt -0.400000 0.042840 0.000000
vt -0.400000 0.035700 0.000000
vt -0.400000 0.028560 0.000000
vt -0.400000 0.021420 0.000000
vt -0.400000 0.014280 0.000000
vt -0.400000 0.007140 0.000000
vt -0.400000 -0.000000 0.000000
vt -0.400000 -0.007140 0.000000
vt -0.400000 -0.014280 0.000000
vt -0.400000 -0.021420 0.000000
vt -0.400000 -0.028560 0.000000
vt -0.400000 -0.035700 0.000000
vt -0.400000 -0.042840 0.000000
vt -0.400000 -0.049980 0.000000
vt -0.400000 -0.057120 0.000000
vt -0.266667 0.057120 0.000000
vt -0.266667 0.049980 0.000000
vt -0.266667 0.042840 0.000000
vt -0.266667 0.035700 0.000000
vt -0.266667 0.028560 0.000000
vt -0.266667 0.021420 0.000000
vt -0.266667 0.014280 0.000000
vt -0.266667 0.007140 0.000000
vt -0.266667 -0.000000 0.000000
vt -0.266667 -0.007140 0.000000
vt -0.266667 -0.014280 0.000000
vt -0.266667 -0.021420 0.000000
vt -0.266667 -0.028560 0.000000
vt -0.266667 -0.035700 0.000000
vt -0.266667 -0.042840 0.000000
vt -0.266667 -0.049980 0.000000
vt -0.266667 -0.057120 0.000000
vt -0.266667 -0.064260 0.000000
vt 0.794579 -0.097558 0.000000
vt 0.695994 -0.077242 0.000000
vt 0.792476 -0.104443 0.000000
vt 0.692009 -0.087134 0.000000
vt 0.788064 -0.116439 0.000000
vt 0.687549 -0.096822 0.000000
vt 0.783176 -0.128249 0.000000
vt 0.682624 -0.106282 0.000000
vt 0.777820 -0.139855 0.000000
vt 0.677247 -0.115492 0.000000
vt 0.772006 -0.151238 0.000000
vt 0.671430 -0.124431 0.000000
vt 0.765741 -0.162379 0.000000
vt 0.665187 -0.133077 0.000000
vt 0.759036 -0.173261 0.000000
vt 0.658532 -0.141411 0.000000
vt 0.751903 -0.183867 0.000000
vt 0.651480 -0.149413 0.000000
vt 0.744351 -0.194179 0.000000
vt 0.736393 -0.204182 0.000000
vt 0.644050 -0.157063 0.000000
vt 0.728043 -0.213859 0.000000
vt 0.636257 -0.164344 0.000000
vt 0.719312 -0.223195 0.000000
vt 0.628120 -0.171239 0.000000
vt 0.710216 -0.232174 0.000000
vt 0.619659 -0.177731 0.000000
vt 0.700769 -0.240783 0.000000
vt 0.610894 -0.183806 0.000000
vt 0.690985 -0.249008 0.000000
vt 0.601844 -0.189449 0.000000
vt 0.680880 -0.256836 0.000000
vt 0.670471 -0.264254 0.000000
vt 0.592531 -0.194647 0.000000
vt 0.659774 -0.271250 0.000000
vt 0.582977 -0.199387 0.000000
vt 0.648806 -0.277814 0.000000
vt 0.573205 -0.203659 0.000000
vt 0.637585 -0.283934 0.000000
vt 0.626128 -0.289602 0.000000
vt 0.563237 -0.207452 0.000000
vt 0.614455 -0.294807 0.000000
vt 0.553098 -0.210757 0.000000
vt 0.602582 -0.299542 0.000000
vt 0.542810 -0.213568 0.000000
vt 0.590530 -0.303799 0.000000
vt 0.578318 -0.307571 0.000000
vt 0.532397 -0.215876 0.000000
vt 0.565964 -0.310853 0.000000
vt 0.521885 -0.217677 0.000000
vt 0.553490 -0.313638 0.000000
vt 0.540914 -0.315924 0.000000
vt 0.511299 -0.218967 0.000000
vt 0.528257 -0.317705 0.000000
vt 0.515539 -0.318979 0.000000
vt 0.500662 -0.219741 0.000000
vt 0.502780 -0.319745 0.000000
vt 0.490000 -0.220000 0.000000
vt 0.490001 -0.320000 0.000000
vt 0.470000 -0.220000 0.000000
vt 0.459205 -0.219735 0.000000
vt 0.796181 -0.090540 0.000000
vt 0.797275 -0.083425 0.000000
vt 0.699496 -0.067168 0.000000
vt 0.797853 -0.076250 0.000000
vt 0.797914 -0.069051 0.000000
vt 0.702505 -0.056936 0.000000
vt 0.797457 -0.061867 0.000000
vt 0.796484 -0.054734 0.000000
vt 0.705014 -0.046571 0.000000
vt 0.795001 -0.047690 0.000000
vt 0.793015 -0.040771 0.000000
vt 0.790536 -0.034012 0.000000
vt 0.707019 -0.036096 0.000000
vt 0.787577 -0.027450 0.000000
vt 0.784154 -0.021117 0.000000
vt 0.708513 -0.025536 0.000000
vt 0.780284 -0.015047 0.000000
vt 0.775988 -0.009271 0.000000
vt 0.709494 -0.014916 0.000000
vt 0.771287 -0.003819 0.000000
vt 0.766206 0.001281 0.000000
vt 0.760771 0.006002 0.000000
vt 0.709959 -0.004261 0.000000
vt 0.755011 0.010319 0.000000
vt 0.748955 0.014211 0.000000
vt 0.709907 0.006404 0.000000
vt 0.742635 0.017658 0.000000
vt 0.736083 0.020640 0.000000
vt 0.729334 0.023144 0.000000
vt 0.709338 0.017054 0.000000
vt 0.722422 0.025155 0.000000
vt 0.715383 0.026665 0.000000
vt 0.708254 0.027663 0.000000
vt 0.448436 -0.218941 0.000000
vt 0.437719 -0.217619 0.000000
vt 0.427080 -0.215773 0.000000
vt 0.416544 -0.213407 0.000000
vt 0.250001 -0.320000 0.000000
vt 0.406137 -0.210527 0.000000
vt 0.395884 -0.207140 0.000000
vt 0.385810 -0.203253 0.000000
vt 0.375938 -0.198878 0.000000
vt 0.366293 -0.194023 0.000000
vt 0.356897 -0.188700 0.000000
vt 0.347775 -0.182923 0.000000
vt 0.338946 -0.176706 0.000000
vt 0.330433 -0.170062 0.000000
vt 0.152286 -0.241257 0.000000
vt 0.154051 -0.248173 0.000000
vt 0.156306 -0.254946 0.000000
vt 0.322257 -0.163009 0.000000
vt 0.150001 -0.220000 0.000000
vt 0.150256 -0.227134 0.000000
vt 0.151019 -0.234231 0.000000
vt 0.314437 -0.155563 0.000000
vt 0.306991 -0.147743 0.000000
vt 0.299938 -0.139567 0.000000
vt 0.293294 -0.131054 0.000000
vt 0.287077 -0.122225 0.000000
vt 0.281300 -0.113103 0.000000
vt 0.275977 -0.103707 0.000000
vt 0.271122 -0.094062 0.000000
vt 0.266747 -0.084190 0.000000
vt 0.262860 -0.074116 0.000000
vt 0.259473 -0.063863 0.000000
vt 0.256593 -0.053456 0.000000
vt 0.254227 -0.042920 0.000000
vt 0.252381 -0.032281 0.000000
vt 0.251059 -0.021564 0.000000
vt 0.250265 -0.010795 0.000000
vt 0.150001 0.180000 0.000000
vt 0.250000 0.000000 0.000000
vt 0.250000 0.086667 0.000000
vt 0.250263 0.095039 0.000000
vt 0.251051 0.103378 0.000000
vt 0.252362 0.111651 0.000000
vt 0.254189 0.119825 0.000000
vt 0.256526 0.127869 0.000000
vt 0.259363 0.135750 0.000000
vt 0.262690 0.143437 0.000000
vt 0.266492 0.150900 0.000000
vt 0.270756 0.158110 0.000000
vt 0.275464 0.165038 0.000000
vt 0.149749 0.184479 0.000000
vt 0.148998 0.188901 0.000000
vt 0.280598 0.171657 0.000000
vt 0.147756 0.193211 0.000000
vt 0.286138 0.177940 0.000000
vt 0.146040 0.197355 0.000000
vt 0.292060 0.183862 0.000000
vt 0.143870 0.201281 0.000000
vt 0.298343 0.189402 0.000000
vt 0.141274 0.204940 0.000000
vt 0.304962 0.194536 0.000000
vt 0.138285 0.208284 0.000000
vt 0.311890 0.199244 0.000000
vt 0.134940 0.211273 0.000000
vt 0.319100 0.203508 0.000000
vt 0.131282 0.213869 0.000000
vt 0.390000 0.320000 0.000000
vt 0.127356 0.216039 0.000000
vt 0.123212 0.217755 0.000000
vt 0.118902 0.218997 0.000000
vt 0.114479 0.219748 0.000000
vt -0.049999 0.320000 0.000000
vt 0.110001 0.220000 0.000000
vt -0.049999 0.220000 0.000000
vt 0.326563 0.207310 0.000000
vt 0.334250 0.210637 0.000000
vt 0.342131 0.213474 0.000000
vt 0.350175 0.215811 0.000000
vt 0.358349 0.217638 0.000000
vt 0.366622 0.218949 0.000000
vt 0.374961 0.219737 0.000000
vt 0.383333 0.220000 0.000000
vt 0.397134 0.319745 0.000000
vt 0.404231 0.318982 0.000000
vt 0.411257 0.317715 0.000000
vt 0.418173 0.315949 0.000000
vt 0.424946 0.313695 0.000000
vt 0.431542 0.310963 0.000000
vt 0.437925 0.307768 0.000000
vt 0.444064 0.304125 0.000000
vt 0.449928 0.300054 0.000000
vt 0.455486 0.295575 0.000000
vt 0.460711 0.290711 0.000000
vt 0.465575 0.285486 0.000000
vt 0.470054 0.279928 0.000000
vt 0.474125 0.274064 0.000000
vt 0.477768 0.267925 0.000000
vt 0.480963 0.261542 0.000000
vt 0.483695 0.254946 0.000000
vt 0.485949 0.248173 0.000000
vt 0.487715 0.241257 0.000000
vt 0.488982 0.234231 0.000000
vt 0.489745 0.227134 0.000000
vt 0.490000 0.220000 0.000000
vt 0.159038 -0.261542 0.000000
vt 0.162233 -0.267925 0.000000
vt 0.165875 -0.274064 0.000000
vt 0.169947 -0.279928 0.000000
vt 0.174426 -0.285486 0.000000
vt 0.179290 -0.290711 0.000000
vt 0.184515 -0.295575 0.000000
vt 0.190073 -0.300054 0.000000
vt 0.195937 -0.304125 0.000000
vt 0.202076 -0.307768 0.000000
vt 0.208459 -0.310963 0.000000
vt 0.215054 -0.313695 0.000000
vt 0.221828 -0.315949 0.000000
vt 0.228744 -0.317715 0.000000
vt 0.235769 -0.318982 0.000000
vt 0.242867 -0.319745 0.000000
vt 0.000000 0.096342 0.000000
vt 0.166667 0.096342 0.000000
vt 0.000000 0.104720 0.000000
vt 0.333333 0.096342 0.000000
vt 0.666667 0.104720 0.000000
vt 0.500000 0.096342 0.000000
vt 0.666667 0.096342 0.000000
vt 0.666667 0.087965 0.000000
vt 0.500000 0.087965 0.000000
vt 0.666667 0.079587 0.000000
vt 0.500000 0.079587 0.000000
vt 0.666667 0.071209 0.000000
vt 0.500000 0.071209 0.000000
vt 0.666667 0.062832 0.000000
vt 0.500000 0.062832 0.000000
vt 0.666667 0.054454 0.000000
vt 0.500000 0.054454 0.000000
vt 0.666667 0.046077 0.000000
vt 0.500000 0.046077 0.000000
vt 0.666667 0.037699 0.000000
vt 0.500000 0.037699 0.000000
vt 0.666667 0.029322 0.000000
vt 0.500000 0.029322 0.000000
vt 0.666667 0.020944 0.000000
vt 0.500000 0.020944 0.000000
vt 0.666667 0.012566 0.000000
vt 0.500000 0.012566 0.000000
vt 0.666667 0.004189 0.000000
vt 0.500000 0.004189 0.000000
vt 0.666667 -0.004189 0.000000
vt 0.500000 -0.004189 0.000000
vt 0.666667 -0.012566 0.000000
vt 0.500000 -0.012566 0.000000
vt 0.666667 -0.020944 0.000000
vt 0.500000 -0.020944 0.000000
vt 0.666667 -0.029322 0.000000
vt 0.500000 -0.029322 0.000000
vt 0.666667 -0.037699 0.000000
vt 0.500000 -0.037699 0.000000
vt 0.666667 -0.046077 0.000000
vt 0.500000 -0.046077 0.000000
vt 0.666667 -0.054454 0.000000
vt 0.500000 -0.054454 0.000000
vt 0.666667 -0.062832 0.000000
vt 0.500000 -0.062832 0.000000
vt 0.666667 -0.071209 0.000000
vt 0.500000 -0.071209 0.000000
vt 0.666667 -0.079587 0.000000
vt 0.500000 -0.079587 0.000000
vt 0.666667 -0.087965 0.000000
vt 0.500000 -0.087965 0.000000
vt 0.666667 -0.096342 0.000000
vt 0.500000 -0.096342 0.000000
vt 0.666667 -0.104720 0.000000
vt 0.333333 -0.096342 0.000000
vt 0.000000 -0.104720 0.000000
vt 0.166667 -0.096342 0.000000
vt 0.000000 -0.096342 0.000000
vt 0.000000 -0.087965 0.000000
vt 0.166667 -0.087965 0.000000
vt 0.000000 -0.079587 0.000000
vt 0.166667 -0.079587 0.000000
vt 0.000000 -0.071209 0.000000
vt 0.166667 -0.071209 0.000000
vt 0.000000 -0.062832 0.000000
vt 0.166667 -0.062832 0.000000
vt 0.000000 -0.054454 0.000000
vt 0.166667 -0.054454 0.000000
vt 0.000000 -0.046077 0.000000
vt 0.166667 -0.046077 0.000000
vt 0.000000 -0.037699 0.000000
vt 0.166667 -0.037699 0.000000
vt 0.000000 -0.029322 0.000000
vt 0.166667 -0.029322 0.000000
vt 0.000000 -0.020944 0.000000
vt 0.166667 -0.020944 0.000000
vt 0.000000 -0.012566 0.000000
vt 0.166667 -0.012566 0.000000
vt 0.000000 -0.004189 0.000000
vt 0.166667 -0.004189 0.000000
vt 0.000000 0.004189 0.000000
vt 0.166667 0.004189 0.000000
vt 0.000000 0.012566 0.000000
vt 0.166667 0.012566 0.000000
vt 0.000000 0.020944 0.000000
vt 0.166667 0.020944 0.000000
vt 0.000000 0.029322 0.000000
vt 0.166667 0.029322 0.000000
vt 0.000000 0.037699 0.000000
vt 0.166667 0.037699 0.000000
vt 0.000000 0.046077 0.000000
vt 0.166667 0.046077 0.000000
vt 0.000000 0.054454 0.000000
vt 0.166667 0.054454 0.000000
vt 0.000000 0.062832 0.000000
vt 0.166667 0.062832 0.000000
vt 0.000000 0.071209 0.000000
vt 0.166667 0.071209 0.000000
vt 0.000000 0.079587 0.000000
vt 0.166667 0.079587 0.000000
vt 0.000000 0.087965 0.000000
vt 0.166667 0.087965 0.000000
vt 0.333333 0.087965 0.000000
vt 0.333333 0.079587 0.000000
vt 0.333333 0.071209 0.000000
vt 0.333333 0.062832 0.000000
vt 0.333333 0.054454 0.000000
vt 0.333333 0.046077 0.000000
vt 0.333333 0.037699 0.000000
vt 0.333333 0.029322 0.000000
vt 0.333333 0.020944 0.000000
vt 0.333333 0.012566 0.000000
vt 0.333333 0.004189 0.000000
vt 0.333333 -0.004189 0.000000
vt 0.333333 -0.012566 0.000000
vt 0.333333 -0.020944 0.000000
vt 0.333333 -0.029322 0.000000
vt 0.333333 -0.037699 0.000000
vt 0.333333 -0.046077 0.000000
vt 0.333333 -0.054454 0.000000
vt 0.333333 -0.062832 0.000000
vt 0.333333 -0.071209 0.000000
vt 0.333333 -0.079587 0.000000
vt 0.333333 -0.087965 0.000000
vt 0.133333 0.000000 0.000000
vt 0.220000 0.000000 0.000000
vt 0.133333 0.666667 0.000000
vt 0.220000 0.666667 0.000000
vt 0.000000 0.161988 0.000000
vt 0.222222 0.161988 0.000000
vt 0.000000 0.172788 0.000000
vt 0.444444 0.161988 0.000000
vt 0.666667 0.172788 0.000000
vt 0.666667 0.161988 0.000000
vt 0.666667 0.151189 0.000000
vt 0.444444 0.151189 0.000000
vt 0.666667 0.140390 0.000000
vt 0.444444 0.140390 0.000000
vt 0.666667 0.129591 0.000000
vt 0.444444 0.129591 0.000000
vt 0.666667 0.118791 0.000000
vt 0.444444 0.118791 0.000000
vt 0.666667 0.107992 0.000000
vt 0.444444 0.107992 0.000000
vt 0.666667 0.097193 0.000000
vt 0.444444 0.097193 0.000000
vt 0.666667 0.086394 0.000000
vt 0.444444 0.086394 0.000000
vt 0.666667 0.075595 0.000000
vt 0.444444 0.075595 0.000000
vt 0.666667 0.064795 0.000000
vt 0.444444 0.064795 0.000000
vt 0.666667 0.053996 0.000000
vt 0.444444 0.053996 0.000000
vt 0.666667 0.043197 0.000000
vt 0.444444 0.043197 0.000000
vt 0.666667 0.032398 0.000000
vt 0.444444 0.032398 0.000000
vt 0.666667 0.021598 0.000000
vt 0.444444 0.021598 0.000000
vt 0.666667 0.010799 0.000000
vt 0.444444 0.010799 0.000000
vt 0.666667 0.000000 0.000000
vt 0.444444 0.000000 0.000000
vt 0.666667 -0.010799 0.000000
vt 0.444444 -0.010799 0.000000
vt 0.666667 -0.021598 0.000000
vt 0.444444 -0.021598 0.000000
vt 0.666667 -0.032398 0.000000
vt 0.444444 -0.032398 0.000000
vt 0.666667 -0.043197 0.000000
vt 0.444444 -0.043197 0.000000
vt 0.666667 -0.053996 0.000000
vt 0.444444 -0.053996 0.000000
vt 0.666667 -0.064795 0.000000
vt 0.444444 -0.064795 0.000000
vt 0.666667 -0.075595 0.000000
vt 0.444444 -0.075595 0.000000
vt 0.666667 -0.086394 0.000000
vt 0.444444 -0.086394 0.000000
vt 0.666667 -0.097193 0.000000
vt 0.444444 -0.097193 0.000000
vt 0.666667 -0.107992 0.000000
vt 0.444444 -0.107992 0.000000
vt 0.666667 -0.118791 0.000000
vt 0.444444 -0.118791 0.000000
vt 0.666667 -0.129591 0.000000
vt 0.444444 -0.129591 0.000000
vt 0.666667 -0.140390 0.000000
vt 0.444444 -0.140390 0.000000
vt 0.666667 -0.151189 0.000000
vt 0.444444 -0.151189 0.000000
vt 0.666667 -0.161988 0.000000
vt 0.444444 -0.161988 0.000000
vt 0.666667 -0.172788 0.000000
vt 0.222222 -0.161988 0.000000
vt 0.000000 -0.172788 0.000000
vt 0.000000 -0.161988 0.000000
vt 0.000000 -0.151189 0.000000
vt 0.222222 -0.151189 0.000000
vt 0.000000 -0.140390 0.000000
vt 0.222222 -0.140390 0.000000
vt 0.000000 -0.129591 0.000000
vt 0.222222 -0.129591 0.000000
vt 0.000000 -0.118791 0.000000
vt 0.222222 -0.118791 0.000000
vt 0.000000 -0.107992 0.000000
vt 0.222222 -0.107992 0.000000
vt 0.000000 -0.097193 0.000000
vt 0.222222 -0.097193 0.000000
vt 0.000000 -0.086394 0.000000
vt 0.222222 -0.086394 0.000000
vt 0.000000 -0.075595 0.000000
vt 0.222222 -0.075595 0.000000
vt 0.000000 -0.064795 0.000000
vt 0.222222 -0.064795 0.000000
vt 0.000000 -0.053996 0.000000
vt 0.222222 -0.053996 0.000000
vt -0.000000 -0.043197 0.000000
vt 0.222222 -0.043197 0.000000
vt 0.000000 -0.032398 0.000000
vt 0.222222 -0.032398 0.000000
vt -0.000000 -0.021598 0.000000
vt 0.222222 -0.021598 0.000000
vt 0.000000 -0.010799 0.000000
vt 0.222222 -0.010799 0.000000
vt 0.000000 0.000000 0.000000
vt 0.222222 0.000000 0.000000
vt 0.000000 0.010799 0.000000
vt 0.222222 0.010799 0.000000
vt -0.000000 0.021598 0.000000
vt 0.222222 0.021598 0.000000
vt 0.000000 0.032398 0.000000
vt 0.222222 0.032398 0.000000
vt 0.000000 0.043197 0.000000
vt 0.222222 0.043197 0.000000
vt 0.000000 0.053996 0.000000
vt 0.222222 0.053996 0.000000
vt 0.000000 0.064795 0.000000
vt 0.222222 0.064795 0.000000
vt -0.000000 0.075595 0.000000
vt 0.222222 0.075595 0.000000
vt 0.000000 0.086394 0.000000
vt 0.222222 0.086394 0.000000
vt 0.000000 0.097193 0.000000
vt 0.222222 0.097193 0.000000
vt 0.000000 0.107992 0.000000
vt 0.222222 0.107992 0.000000
vt 0.000000 0.118791 0.000000
vt 0.222222 0.118791 0.000000
vt 0.000000 0.129591 0.000000
vt 0.222222 0.129591 0.000000
vt 0.000000 0.140390 0.000000
vt 0.222222 0.140390 0.000000
vt 0.000000 0.151189 0.000000
vt 0.222222 0.151189 0.000000
vt 0.220000 0.000000 0.000000
vt 0.240000 0.000000 0.000000
vt 0.220000 0.666667 0.000000
vt 0.240000 0.666667 0.000000
vt 0.480000 0.078540 0.000000
vt 0.380000 0.078540 0.000000
vt 0.480000 0.071400 0.000000
vt 0.380000 0.071400 0.000000
vt 0.480000 0.064260 0.000000
vt 0.380000 0.064260 0.000000
vt 0.480000 0.057120 0.000000
vt 0.380000 0.057120 0.000000
vt 0.480000 0.049980 0.000000
vt 0.380000 0.049980 0.000000
vt 0.480000 0.042840 0.000000
vt 0.380000 0.042840 0.000000
vt 0.480000 0.035700 0.000000
vt 0.380000 0.035700 0.000000
vt 0.480000 0.028560 0.000000
vt 0.380000 0.028560 0.000000
vt 0.480000 0.021420 0.000000
vt 0.380000 0.021420 0.000000
vt 0.480000 0.014280 0.000000
vt 0.380000 0.014280 0.000000
vt 0.480000 0.007140 0.000000
vt 0.380000 0.007140 0.000000
vt 0.480000 0.000000 0.000000
vt 0.380000 0.000000 0.000000
vt 0.480000 -0.007140 0.000000
vt 0.380000 -0.007140 0.000000
vt 0.480000 -0.014280 0.000000
vt 0.380000 -0.014280 0.000000
vt 0.480000 -0.021420 0.000000
vt 0.380000 -0.021420 0.000000
vt 0.480000 -0.028560 0.000000
vt 0.380000 -0.028560 0.000000
vt 0.480000 -0.035700 0.000000
vt 0.380000 -0.035700 0.000000
vt 0.480000 -0.042840 0.000000
vt 0.380000 -0.042840 0.000000
vt 0.480000 -0.049980 0.000000
vt 0.380000 -0.049980 0.000000
vt 0.480000 -0.057120 0.000000
vt 0.380000 -0.057120 0.000000
vt 0.480000 -0.064260 0.000000
vt 0.380000 -0.064260 0.000000
vt 0.480000 -0.071400 0.000000
vt 0.380000 -0.071400 0.000000
vt 0.480000 -0.078540 0.000000
vt 0.380000 -0.078540 0.000000
vt -0.333079 -0.057134 0.000000
vt -0.090758 -0.041989 0.000000
vt -0.333333 -0.050000 0.000000
vt -0.093551 -0.035331 0.000000
vt -0.095856 -0.028488 0.000000
vt -0.087491 -0.048428 0.000000
vt -0.332315 -0.064231 0.000000
vt -0.083769 -0.054615 0.000000
vt -0.331048 -0.071257 0.000000
vt -0.329283 -0.078173 0.000000
vt -0.079609 -0.060517 0.000000
vt -0.327028 -0.084946 0.000000
vt -0.075035 -0.066104 0.000000
vt -0.324297 -0.091542 0.000000
vt -0.321101 -0.097925 0.000000
vt -0.070069 -0.071346 0.000000
vt -0.317459 -0.104064 0.000000
vt -0.313387 -0.109928 0.000000
vt -0.064739 -0.076216 0.000000
vt -0.308908 -0.115486 0.000000
vt -0.304044 -0.120711 0.000000
vt -0.298819 -0.125575 0.000000
vt -0.233333 -0.150000 0.000000
vt -0.059070 -0.080689 0.000000
vt -0.293261 -0.130054 0.000000
vt -0.287397 -0.134125 0.000000
vt -0.281258 -0.137768 0.000000
vt -0.274875 -0.140963 0.000000
vt -0.268280 -0.143695 0.000000
vt -0.261507 -0.145949 0.000000
vt -0.254590 -0.147715 0.000000
vt -0.247565 -0.148982 0.000000
vt -0.240467 -0.149745 0.000000
vt 0.233333 -0.150000 0.000000
vt 0.001805 -0.099984 0.000000
vt -0.005414 -0.099853 0.000000
vt -0.012605 -0.099202 0.000000
vt 0.240467 -0.149745 0.000000
vt 0.247565 -0.148982 0.000000
vt 0.254590 -0.147715 0.000000
vt 0.261507 -0.145949 0.000000
vt 0.268280 -0.143695 0.000000
vt 0.274875 -0.140963 0.000000
vt 0.281258 -0.137768 0.000000
vt 0.287397 -0.134125 0.000000
vt 0.293261 -0.130054 0.000000
vt 0.298819 -0.125575 0.000000
vt 0.304044 -0.120711 0.000000
vt 0.061945 -0.078504 0.000000
vt 0.056119 -0.082769 0.000000
vt 0.308908 -0.115486 0.000000
vt 0.067448 -0.073829 0.000000
vt 0.313387 -0.109928 0.000000
vt 0.317459 -0.104064 0.000000
vt 0.072600 -0.068770 0.000000
vt 0.321101 -0.097925 0.000000
vt 0.324297 -0.091542 0.000000
vt 0.077373 -0.063352 0.000000
vt 0.327028 -0.084946 0.000000
vt 0.329283 -0.078173 0.000000
vt 0.081742 -0.057604 0.000000
vt 0.331048 -0.071257 0.000000
vt 0.085686 -0.051555 0.000000
vt 0.332315 -0.064231 0.000000
vt 0.333079 -0.057134 0.000000
vt 0.089182 -0.045238 0.000000
vt 0.333333 -0.050000 0.000000
vt 0.092214 -0.038685 0.000000
vt 0.094765 -0.031930 0.000000
vt 0.096822 -0.025009 0.000000
vt 0.098374 -0.017957 0.000000
vt 0.099414 -0.010812 0.000000
vt 0.099935 -0.003610 0.000000
vt 0.099935 0.003610 0.000000
vt 0.099414 0.010812 0.000000
vt 0.098374 0.017957 0.000000
vt 0.096822 0.025009 0.000000
vt 0.333333 0.110000 0.000000
vt 0.094765 0.031930 0.000000
vt 0.092214 0.038685 0.000000
vt 0.089182 0.045238 0.000000
vt 0.085686 0.051555 0.000000
vt 0.081742 0.057604 0.000000
vt 0.077373 0.063352 0.000000
vt 0.072600 0.068770 0.000000
vt 0.067448 0.073829 0.000000
vt 0.061945 0.078504 0.000000
vt 0.056119 0.082769 0.000000
vt 0.050000 0.086603 0.000000
vt 0.043621 0.089985 0.000000
vt 0.037014 0.092898 0.000000
vt 0.030214 0.095326 0.000000
vt 0.023257 0.097258 0.000000
vt 0.016178 0.098683 0.000000
vt 0.009015 0.099593 0.000000
vt 0.001805 0.099984 0.000000
vt -0.333333 0.110000 0.000000
vt -0.005414 0.099853 0.000000
vt -0.012605 0.099202 0.000000
vt -0.019730 0.098034 0.000000
vt -0.026753 0.096355 0.000000
vt -0.033636 0.094173 0.000000
vt -0.040344 0.091501 0.000000
vt -0.046841 0.088351 0.000000
vt -0.053094 0.084741 0.000000
vt -0.059070 0.080689 0.000000
vt -0.064739 0.076216 0.000000
vt -0.070069 0.071346 0.000000
vt -0.075035 0.066104 0.000000
vt -0.079609 0.060517 0.000000
vt -0.083769 0.054615 0.000000
vt -0.087491 0.048428 0.000000
vt -0.090758 0.041989 0.000000
vt -0.093551 0.035331 0.000000
vt -0.095856 0.028488 0.000000
vt -0.097662 0.021497 0.000000
vt -0.098959 0.014394 0.000000
vt -0.099739 0.007216 0.000000
vt -0.100000 0.000000 0.000000
vt -0.099739 -0.007216 0.000000
vt -0.098959 -0.014394 0.000000
vt -0.097662 -0.021497 0.000000
vt 0.050000 -0.086603 0.000000
vt 0.043621 -0.089985 0.000000
vt 0.037014 -0.092898 0.000000
vt 0.030214 -0.095326 0.000000
vt 0.023257 -0.097258 0.000000
vt 0.016178 -0.098683 0.000000
vt 0.009015 -0.099593 0.000000
vt -0.019730 -0.098034 0.000000
vt -0.026753 -0.096355 0.000000
vt -0.033636 -0.094173 0.000000
vt -0.040344 -0.091501 0.000000
vt -0.046841 -0.088351 0.000000
vt -0.053094 -0.084741 0.000000
vt -0.100000 0.640000 0.000000
vt -0.566667 0.640000 0.000000
vt -0.100000 0.540000 0.000000
vt -0.566667 0.540000 0.000000
vt -0.380000 0.078540 0.000000
vt -0.480000 0.078540 0.000000
vt -0.380000 0.071400 0.000000
vt -0.480000 0.071400 0.000000
vt -0.380000 0.064260 0.000000
vt -0.480000 0.064260 0.000000
vt -0.380000 0.057120 0.000000
vt -0.480000 0.057120 0.000000
vt -0.380000 0.049980 0.000000
vt -0.480000 0.049980 0.000000
vt -0.380000 0.042840 0.000000
vt -0.480000 0.042840 0.000000
vt -0.380000 0.035700 0.000000
vt -0.480000 0.035700 0.000000
vt -0.380000 0.028560 0.000000
vt -0.480000 0.028560 0.000000
vt -0.380000 0.021420 0.000000
vt -0.480000 0.021420 0.000000
vt -0.380000 0.014280 0.000000
vt -0.480000 0.014280 0.000000
vt -0.380000 0.007140 0.000000
vt -0.480000 0.007140 0.000000
vt -0.380000 0.000000 0.000000
vt -0.480000 0.000000 0.000000
vt -0.380000 -0.007140 0.000000
vt -0.480000 -0.007140 0.000000
vt -0.380000 -0.014280 0.000000
vt -0.480000 -0.014280 0.000000
vt -0.380000 -0.021420 0.000000
vt -0.480000 -0.021420 0.000000
vt -0.380000 -0.028560 0.000000
vt -0.480000 -0.028560 0.000000
vt -0.380000 -0.035700 0.000000
vt -0.480000 -0.035700 0.000000
vt -0.380000 -0.042840 0.000000
vt -0.480000 -0.042840 0.000000
vt -0.380000 -0.049980 0.000000
vt -0.480000 -0.049980 0.000000
vt -0.380000 -0.057120 0.000000
vt -0.480000 -0.057120 0.000000
vt -0.380000 -0.064260 0.000000
vt -0.480000 -0.064260 0.000000
vt -0.380000 -0.071400 0.000000
vt -0.480000 -0.071400 0.000000
vt -0.380000 -0.078540 0.000000
vt -0.480000 -0.078540 0.000000
vt -0.166667 0.026928 0.000000
vt -0.071429 0.026928 0.000000
vt -0.166667 0.031416 0.000000
vt 0.023810 0.026928 0.000000
vt 0.119048 0.026928 0.000000
vt 0.119048 0.022440 0.000000
vt 0.214286 0.022440 0.000000
vt 0.214286 0.017952 0.000000
vt 0.309524 0.017952 0.000000
vt 0.309524 0.013464 0.000000
vt 0.404762 0.013464 0.000000
vt 0.404762 0.008976 0.000000
vt 0.500000 0.008976 0.000000
vt 0.500000 0.004488 0.000000
vt 0.404762 0.004488 0.000000
vt 0.500000 -0.000000 0.000000
vt 0.404762 -0.000000 0.000000
vt 0.500000 -0.004488 0.000000
vt 0.404762 -0.004488 0.000000
vt 0.500000 -0.008976 0.000000
vt 0.404762 -0.008976 0.000000
vt 0.500000 -0.013464 0.000000
vt 0.404762 -0.013464 0.000000
vt 0.500000 -0.017952 0.000000
vt 0.404762 -0.017952 0.000000
vt 0.500000 -0.022440 0.000000
vt 0.404762 -0.022440 0.000000
vt 0.500000 -0.026928 0.000000
vt 0.404762 -0.026928 0.000000
vt 0.500000 -0.031416 0.000000
vt 0.309524 -0.026928 0.000000
vt 0.214286 -0.026928 0.000000
vt 0.214286 -0.022440 0.000000
vt 0.119048 -0.022440 0.000000
vt 0.119048 -0.017952 0.000000
vt 0.023810 -0.017952 0.000000
vt 0.023810 -0.013464 0.000000
vt -0.071429 -0.013464 0.000000
vt -0.071429 -0.008976 0.000000
vt -0.166667 -0.008976 0.000000
vt -0.166667 -0.004488 0.000000
vt -0.071429 -0.004488 0.000000
vt -0.166667 0.000000 0.000000
vt -0.071429 -0.000000 0.000000
vt -0.166667 0.004488 0.000000
vt -0.071429 0.004488 0.000000
vt -0.166667 0.008976 0.000000
vt -0.071429 0.008976 0.000000
vt -0.166667 0.013464 0.000000
vt -0.071429 0.013464 0.000000
vt -0.166667 0.017952 0.000000
vt -0.071429 0.017952 0.000000
vt -0.166667 0.022440 0.000000
vt -0.071429 0.022440 0.000000
vt -0.166667 -0.013464 0.000000
vt -0.071429 -0.017952 0.000000
vt 0.023810 -0.022440 0.000000
vt 0.119048 -0.026928 0.000000
vt -0.166667 -0.017952 0.000000
vt -0.071429 -0.022440 0.000000
vt 0.023810 -0.026928 0.000000
vt -0.166667 -0.031416 0.000000
vt -0.166667 -0.022440 0.000000
vt -0.071429 -0.026928 0.000000
vt -0.166667 -0.026928 0.000000
vt 0.500000 0.013464 0.000000
vt 0.404762 0.017952 0.000000
vt 0.309524 0.022440 0.000000
vt 0.214286 0.026928 0.000000
vt 0.500000 0.017952 0.000000
vt 0.404762 0.022440 0.000000
vt 0.309524 0.026928 0.000000
vt 0.500000 0.031416 0.000000
vt 0.500000 0.022440 0.000000
vt 0.404762 0.026928 0.000000
vt 0.500000 0.026928 0.000000
vt 0.023810 0.022440 0.000000
vt 0.023810 0.017952 0.000000
vt 0.023810 0.013464 0.000000
vt 0.023810 0.008976 0.000000
vt 0.023810 0.004488 0.000000
vt 0.023810 -0.000000 0.000000
vt 0.023810 -0.004488 0.000000
vt 0.023810 -0.008976 0.000000
vt 0.119048 0.017952 0.000000
vt 0.214286 0.013464 0.000000
vt 0.309524 0.008976 0.000000
vt 0.119048 0.013464 0.000000
vt 0.119048 0.008976 0.000000
vt 0.119048 0.004488 0.000000
vt 0.119048 -0.000000 0.000000
vt 0.119048 -0.004488 0.000000
vt 0.119048 -0.008976 0.000000
vt 0.119048 -0.013464 0.000000
vt 0.214286 0.008976 0.000000
vt 0.309524 0.004488 0.000000
vt 0.214286 0.004488 0.000000
vt 0.214286 -0.000000 0.000000
vt 0.214286 -0.004488 0.000000
vt 0.214286 -0.008976 0.000000
vt 0.214286 -0.013464 0.000000
vt 0.214286 -0.017952 0.000000
vt 0.309524 -0.000000 0.000000
vt 0.309524 -0.004488 0.000000
vt 0.309524 -0.008976 0.000000
vt 0.309524 -0.013464 0.000000
vt 0.309524 -0.017952 0.000000
vt 0.309524 -0.022440 0.000000
vt -0.666667 0.071400 0.000000
vt -0.533333 0.071400 0.000000
vt -0.666667 0.078540 0.000000
vt -0.400000 0.071400 0.000000
vt -0.266667 0.071400 0.000000
vt -0.266667 0.064260 0.000000
vt -0.133333 0.064260 0.000000
vt -0.133333 0.057120 0.000000
vt 0.000000 0.057120 0.000000
vt 0.000000 0.049980 0.000000
vt -0.133333 0.049980 0.000000
vt 0.000000 0.042840 0.000000
vt -0.133333 0.042840 0.000000
vt 0.000000 0.035700 0.000000
vt -0.133333 0.035700 0.000000
vt 0.000000 0.028560 0.000000
vt -0.133333 0.028560 0.000000
vt 0.000000 0.021420 0.000000
vt -0.133333 0.021420 0.000000
vt 0.000000 0.014280 0.000000
vt -0.133333 0.014280 0.000000
vt 0.000000 0.007140 0.000000
vt -0.133333 0.007140 0.000000
vt 0.000000 0.000000 0.000000
vt -0.133333 0.000000 0.000000
vt 0.000000 -0.007140 0.000000
vt -0.133333 -0.007140 0.000000
vt 0.000000 -0.014280 0.000000
vt -0.133333 -0.014280 0.000000
vt 0.000000 -0.021420 0.000000
vt -0.133333 -0.021420 0.000000
vt 0.000000 -0.028560 0.000000
vt -0.133333 -0.028560 0.000000
vt 0.000000 -0.035700 0.000000
vt -0.133333 -0.035700 0.000000
vt 0.000000 -0.042840 0.000000
vt -0.133333 -0.042840 0.000000
vt 0.000000 -0.049980 0.000000
vt -0.133333 -0.049980 0.000000
vt 0.000000 -0.057120 0.000000
vt -0.133333 -0.057120 0.000000
vt 0.000000 -0.064260 0.000000
vt -0.133333 -0.064260 0.000000
vt 0.000000 -0.071400 0.000000
vt -0.133333 -0.071400 0.000000
vt -0.000000 -0.078540 0.000000
vt -0.266667 -0.071400 0.000000
vt -0.400000 -0.071400 0.000000
vt -0.400000 -0.064260 0.000000
vt -0.533333 -0.064260 0.000000
vt -0.533333 -0.057120 0.000000
vt -0.666667 -0.057120 0.000000
vt -0.666667 -0.049980 0.000000
vt -0.533333 -0.049980 0.000000
vt -0.666667 -0.042840 0.000000
vt -0.533333 -0.042840 0.000000
vt -0.666667 -0.035700 0.000000
vt -0.533333 -0.035700 0.000000
vt -0.666667 -0.028560 0.000000
vt -0.533333 -0.028560 0.000000
vt -0.666667 -0.021420 0.000000
vt -0.533333 -0.021420 0.000000
vt -0.666667 -0.014280 0.000000
vt -0.533333 -0.014280 0.000000
vt -0.666667 -0.007140 0.000000
vt -0.533333 -0.007140 0.000000
vt -0.666667 0.000000 0.000000
vt -0.533333 0.000000 0.000000
vt -0.666667 0.007140 0.000000
vt -0.533333 0.007140 0.000000
vt -0.666667 0.014280 0.000000
vt -0.533333 0.014280 0.000000
vt -0.666667 0.021420 0.000000
vt -0.533333 0.021420 0.000000
vt -0.666667 0.028560 0.000000
vt -0.533333 0.028560 0.000000
vt -0.666667 0.035700 0.000000
vt -0.533333 0.035700 0.000000
vt -0.666667 0.042840 0.000000
vt -0.533333 0.042840 0.000000
vt -0.666667 0.049980 0.000000
vt -0.533333 0.049980 0.000000
vt -0.666667 0.057120 0.000000
vt -0.533333 0.057120 0.000000
vt -0.666667 0.064260 0.000000
vt -0.533333 0.064260 0.000000
vt -0.666667 -0.064260 0.000000
vt -0.533333 -0.071400 0.000000
vt -0.666667 -0.078540 0.000000
vt -0.666667 -0.071400 0.000000
vt 0.000000 0.064260 0.000000
vt -0.133333 0.071400 0.000000
vt 0.000000 0.078540 0.000000
vt 0.000000 0.071400 0.000000
vt -0.400000 0.064260 0.000000
vt -0.400000 0.057120 0.000000
vt -0.400000 0.049980 0.000000
vt -0.400000 0.042840 0.000000
vt -0.400000 0.035700 0.000000
vt -0.400000 0.028560 0.000000
vt -0.400000 0.021420 0.000000
vt -0.400000 0.014280 0.000000
vt -0.400000 0.007140 0.000000
vt -0.400000 0.000000 0.000000
vt -0.400000 -0.007140 0.000000
vt -0.400000 -0.014280 0.000000
vt -0.400000 -0.021420 0.000000
vt -0.400000 -0.028560 0.000000
vt -0.400000 -0.035700 0.000000
vt -0.400000 -0.042840 0.000000
vt -0.400000 -0.049980 0.000000
vt -0.400000 -0.057120 0.000000
vt -0.266667 0.057120 0.000000
vt -0.266667 0.049980 0.000000
vt -0.266667 0.042840 0.000000
vt -0.266667 0.035700 0.000000
vt -0.266667 0.028560 0.000000
vt -0.266667 0.021420 0.000000
vt -0.266667 0.014280 0.000000
vt -0.266667 0.007140 0.000000
vt -0.266667 0.000000 0.000000
vt -0.266667 -0.007140 0.000000
vt -0.266667 -0.014280 0.000000
vt -0.266667 -0.021420 0.000000
vt -0.266667 -0.028560 0.000000
vt -0.266667 -0.035700 0.000000
vt -0.266667 -0.042840 0.000000
vt -0.266667 -0.049980 0.000000
vt -0.266667 -0.057120 0.000000
vt -0.266667 -0.064260 0.000000
vt 0.240000 0.666667 0.000000
vt -0.000000 0.666667 0.000000
vt 0.240000 0.000000 0.000000
vt -0.000000 0.000000 0.000000
vt -0.000000 0.500000 0.000000
vt -0.666667 0.500000 0.000000
vt -0.000000 0.100000 0.000000
vt -0.666667 0.100000 0.000000
vt 0.540000 0.306937 0.000000
vt 0.640000 0.306937 0.000000
vt 0.540000 0.314159 0.000000
vt 0.640000 0.314159 0.000000
vt 0.540000 -0.314159 0.000000
vt 0.640000 -0.314159 0.000000
vt 0.540000 -0.306937 0.000000
vt 0.640000 -0.306937 0.000000
vt 0.540000 -0.299715 0.000000
vt 0.640000 -0.299715 0.000000
vt 0.540000 -0.292493 0.000000
vt 0.640000 -0.292493 0.000000
vt 0.540000 -0.285271 0.000000
vt 0.640000 -0.285271 0.000000
vt 0.540000 -0.278049 0.000000
vt 0.640000 -0.278049 0.000000
vt 0.540000 -0.270827 0.000000
vt 0.640000 -0.270827 0.000000
vt 0.540000 -0.263605 0.000000
vt 0.640000 -0.263605 0.000000
vt 0.540000 -0.256383 0.000000
vt 0.640000 -0.256383 0.000000
vt 0.540000 -0.249161 0.000000
vt 0.640000 -0.249161 0.000000
vt 0.540000 -0.241939 0.000000
vt 0.640000 -0.241939 0.000000
vt 0.540000 -0.234717 0.000000
vt 0.640000 -0.234717 0.000000
vt 0.540000 -0.227495 0.000000
vt 0.640000 -0.227495 0.000000
vt 0.540000 -0.220273 0.000000
vt 0.640000 -0.220273 0.000000
vt 0.540000 -0.213051 0.000000
vt 0.640000 -0.213051 0.000000
vt 0.540000 -0.205828 0.000000
vt 0.640000 -0.205828 0.000000
vt 0.540000 -0.198606 0.000000
vt 0.640000 -0.198606 0.000000
vt 0.540000 -0.191384 0.000000
vt 0.640000 -0.191384 0.000000
vt 0.540000 -0.184162 0.000000
vt 0.640000 -0.184162 0.000000
vt 0.540000 -0.176940 0.000000
vt 0.640000 -0.176940 0.000000
vt 0.540000 -0.169718 0.000000
vt 0.640000 -0.169718 0.000000
vt 0.540000 -0.162496 0.000000
vt 0.640000 -0.162496 0.000000
vt 0.540000 -0.155274 0.000000
vt 0.640000 -0.155274 0.000000
vt 0.540000 -0.148052 0.000000
vt 0.640000 -0.148052 0.000000
vt 0.540000 -0.140830 0.000000
vt 0.640000 -0.140830 0.000000
vt 0.540000 -0.133608 0.000000
vt 0.640000 -0.133608 0.000000
vt 0.540000 -0.126386 0.000000
vt 0.640000 -0.126386 0.000000
vt 0.540000 -0.119164 0.000000
vt 0.640000 -0.119164 0.000000
vt 0.540000 -0.111942 0.000000
vt 0.640000 -0.111942 0.000000
vt 0.540000 -0.104720 0.000000
vt 0.640000 -0.104720 0.000000
vt 0.540000 -0.097498 0.000000
vt 0.640000 -0.097498 0.000000
vt 0.540000 -0.090276 0.000000
vt 0.640000 -0.090276 0.000000
vt 0.540000 -0.083054 0.000000
vt 0.640000 -0.083054 0.000000
vt 0.540000 -0.075832 0.000000
vt 0.640000 -0.075832 0.000000
vt 0.540000 -0.068609 0.000000
vt 0.640000 -0.068609 0.000000
vt 0.540000 -0.061387 0.000000
vt 0.640000 -0.061387 0.000000
vt 0.540000 -0.054165 0.000000
vt 0.640000 -0.054165 0.000000
vt 0.540000 -0.046943 0.000000
vt 0.640000 -0.046943 0.000000
vt 0.540000 -0.039721 0.000000
vt 0.640000 -0.039721 0.000000
vt 0.540000 -0.032499 0.000000
vt 0.640000 -0.032499 0.000000
vt 0.540000 -0.025277 0.000000
vt 0.640000 -0.025277 0.000000
vt 0.540000 -0.018055 0.000000
vt 0.640000 -0.018055 0.000000
vt 0.540000 -0.010833 0.000000
vt 0.640000 -0.010833 0.000000
vt 0.540000 -0.003611 0.000000
vt 0.640000 -0.003611 0.000000
vt 0.540000 0.003611 0.000000
vt 0.640000 0.003611 0.000000
vt 0.540000 0.010833 0.000000
vt 0.640000 0.010833 0.000000
vt 0.540000 0.018055 0.000000
vt 0.640000 0.018055 0.000000
vt 0.540000 0.025277 0.000000
vt 0.640000 0.025277 0.000000
vt 0.540000 0.032499 0.000000
vt 0.640000 0.032499 0.000000
vt 0.540000 0.039721 0.000000
vt 0.640000 0.039721 0.000000
vt 0.540000 0.046943 0.000000
vt 0.640000 0.046943 0.000000
vt 0.540000 0.054165 0.000000
vt 0.640000 0.054165 0.000000
vt 0.540000 0.061387 0.000000
vt 0.640000 0.061387 0.000000
vt 0.540000 0.068609 0.000000
vt 0.640000 0.068609 0.000000
vt 0.540000 0.075832 0.000000
vt 0.640000 0.075832 0.000000
vt 0.540000 0.083054 0.000000
vt 0.640000 0.083054 0.000000
vt 0.540000 0.090276 0.000000
vt 0.640000 0.090276 0.000000
vt 0.540000 0.097498 0.000000
vt 0.640000 0.097498 0.000000
vt 0.540000 0.104720 0.000000
vt 0.640000 0.104720 0.000000
vt 0.540000 0.111942 0.000000
vt 0.640000 0.111942 0.000000
vt 0.540000 0.119164 0.000000
vt 0.640000 0.119164 0.000000
vt 0.540000 0.126386 0.000000
vt 0.640000 0.126386 0.000000
vt 0.540000 0.133608 0.000000
vt 0.640000 0.133608 0.000000
vt 0.540000 0.140830 0.000000
vt 0.640000 0.140830 0.000000
vt 0.540000 0.148052 0.000000
vt 0.640000 0.148052 0.000000
vt 0.540000 0.155274 0.000000
vt 0.640000 0.155274 0.000000
vt 0.540000 0.162496 0.000000
vt 0.640000 0.162496 0.000000
vt 0.540000 0.169718 0.000000
vt 0.640000 0.169718 0.000000
vt 0.540000 0.176940 0.000000
vt 0.640000 0.176940 0.000000
vt 0.540000 0.184162 0.000000
vt 0.640000 0.184162 0.000000
vt 0.540000 0.191384 0.000000
vt 0.640000 0.191384 0.000000
vt 0.540000 0.198606 0.000000
vt 0.640000 0.198606 0.000000
vt 0.540000 0.205828 0.000000
vt 0.640000 0.205828 0.000000
vt 0.540000 0.213051 0.000000
vt 0.640000 0.213051 0.000000
vt 0.540000 0.220273 0.000000
vt 0.640000 0.220273 0.000000
vt 0.540000 0.227495 0.000000
vt 0.640000 0.227495 0.000000
vt 0.540000 0.234717 0.000000
vt 0.640000 0.234717 0.000000
vt 0.540000 0.241939 0.000000
vt 0.640000 0.241939 0.000000
vt 0.540000 0.249161 0.000000
vt 0.640000 0.249161 0.000000
vt 0.540000 0.256383 0.000000
vt 0.640000 0.256383 0.000000
vt 0.540000 0.263605 0.000000
vt 0.640000 0.263605 0.000000
vt 0.540000 0.270827 0.000000
vt 0.640000 0.270827 0.000000
vt 0.540000 0.278049 0.000000
vt 0.640000 0.278049 0.000000
vt 0.540000 0.285271 0.000000
vt 0.640000 0.285271 0.000000
vt 0.540000 0.292493 0.000000
vt 0.640000 0.292493 0.000000
vt 0.540000 0.299715 0.000000
vt 0.640000 0.299715 0.000000
vt -0.666667 0.621830 0.000000
vt -0.666667 0.609047 0.000000
vt -0.444444 0.621830 0.000000
vt -0.000000 0.609047 0.000000
vt -0.222222 0.621830 0.000000
vt -0.000000 0.621830 0.000000
vt -0.222222 0.634612 0.000000
vt -0.000000 0.634612 0.000000
vt -0.222222 0.647395 0.000000
vt -0.000000 0.647395 0.000000
vt -0.222222 0.660178 0.000000
vt -0.000000 0.660178 0.000000
vt -0.222222 0.672960 0.000000
vt -0.000000 0.672960 0.000000
vt -0.222222 0.685743 0.000000
vt -0.000000 0.685743 0.000000
vt -0.222222 0.698526 0.000000
vt -0.000000 0.698526 0.000000
vt -0.222222 0.711308 0.000000
vt -0.000000 0.711308 0.000000
vt -0.222222 0.724091 0.000000
vt -0.000000 0.724091 0.000000
vt -0.222222 0.736873 0.000000
vt -0.000000 0.736873 0.000000
vt -0.222222 0.749656 0.000000
vt -0.000000 0.749656 0.000000
vt -0.222222 0.762439 0.000000
vt -0.000000 0.762439 0.000000
vt -0.222222 0.775221 0.000000
vt -0.000000 0.775221 0.000000
vt -0.222222 0.788004 0.000000
vt -0.000000 0.788004 0.000000
vt -0.222222 0.800787 0.000000
vt -0.000000 0.800787 0.000000
vt -0.222222 0.813569 0.000000
vt -0.000000 0.813569 0.000000
vt -0.222222 0.826352 0.000000
vt -0.000000 0.826352 0.000000
vt -0.222222 0.839135 0.000000
vt -0.000000 0.839135 0.000000
vt -0.222222 0.851917 0.000000
vt -0.000000 0.851917 0.000000
vt -0.222222 0.864700 0.000000
vt -0.000000 0.864700 0.000000
vt -0.222222 0.877483 0.000000
vt -0.000000 0.877483 0.000000
vt -0.222222 0.890265 0.000000
vt -0.000000 0.890265 0.000000
vt -0.222222 0.903048 0.000000
vt -0.000000 0.903048 0.000000
vt -0.222222 0.915830 0.000000
vt -0.000000 0.915830 0.000000
vt -0.222222 0.928613 0.000000
vt -0.000000 0.928613 0.000000
vt -0.222222 0.941396 0.000000
vt -0.000000 0.941396 0.000000
vt -0.222222 0.954178 0.000000
vt -0.000000 0.954178 0.000000
vt -0.222222 0.966961 0.000000
vt -0.000000 0.966961 0.000000
vt -0.222222 0.979744 0.000000
vt -0.000000 0.979744 0.000000
vt -0.222222 0.992526 0.000000
vt -0.000000 0.992526 0.000000
vt -0.000000 1.005309 0.000000
vt -0.666667 1.005309 0.000000
vt -0.444444 0.992526 0.000000
vt -0.444444 0.979744 0.000000
vt -0.444444 0.966961 0.000000
vt -0.444444 0.954178 0.000000
vt -0.444444 0.941396 0.000000
vt -0.444444 0.928613 0.000000
vt -0.444444 0.915830 0.000000
vt -0.444444 0.903048 0.000000
vt -0.444444 0.890265 0.000000
vt -0.444444 0.877483 0.000000
vt -0.444444 0.864700 0.000000
vt -0.444444 0.851917 0.000000
vt -0.444444 0.839135 0.000000
vt -0.444444 0.826352 0.000000
vt -0.444444 0.813569 0.000000
vt -0.444444 0.800787 0.000000
vt -0.444444 0.788004 0.000000
vt -0.444444 0.775221 0.000000
vt -0.444444 0.762439 0.000000
vt -0.444444 0.749656 0.000000
vt -0.444444 0.736873 0.000000
vt -0.444444 0.724091 0.000000
vt -0.444444 0.711308 0.000000
vt -0.444444 0.698526 0.000000
vt -0.444444 0.685743 0.000000
vt -0.444444 0.672960 0.000000
vt -0.444444 0.660178 0.000000
vt -0.444444 0.647395 0.000000
vt -0.444444 0.634612 0.000000
vt -0.666667 0.992526 0.000000
vt -0.666667 0.979744 0.000000
vt -0.666667 0.966961 0.000000
vt -0.666667 0.954178 0.000000
vt -0.666667 0.941396 0.000000
vt -0.666667 0.928613 0.000000
vt -0.666667 0.915830 0.000000
vt -0.666667 0.903048 0.000000
vt -0.666667 0.890265 0.000000
vt -0.666667 0.877483 0.000000
vt -0.666667 0.864700 0.000000
vt -0.666667 0.851917 0.000000
vt -0.666667 0.839135 0.000000
vt -0.666667 0.826352 0.000000
vt -0.666667 0.813569 0.000000
vt -0.666667 0.800787 0.000000
vt -0.666667 0.788004 0.000000
vt -0.666667 0.775221 0.000000
vt -0.666667 0.762439 0.000000
vt -0.666667 0.749656 0.000000
vt -0.666667 0.736873 0.000000
vt -0.666667 0.724091 0.000000
vt -0.666667 0.711308 0.000000
vt -0.666667 0.698526 0.000000
vt -0.666667 0.685743 0.000000
vt -0.666667 0.672960 0.000000
vt -0.666667 0.660178 0.000000
vt -0.666667 0.647395 0.000000
vt -0.666667 0.634612 0.000000
vt -0.000000 -0.701816 0.000000
vt 0.222222 -0.701816 0.000000
vt 0.000000 -0.691150 0.000000
vt 0.444444 -0.701816 0.000000
vt 0.666667 -0.691150 0.000000
vt 0.666667 -0.701816 0.000000
vt 0.666667 -0.712482 0.000000
vt 0.444444 -0.712482 0.000000
vt 0.666667 -0.723149 0.000000
vt 0.444444 -0.723149 0.000000
vt 0.666667 -0.733815 0.000000
vt 0.444444 -0.733815 0.000000
vt 0.666667 -0.744481 0.000000
vt 0.444444 -0.744481 0.000000
vt 0.666667 -0.755147 0.000000
vt 0.444444 -0.755147 0.000000
vt 0.666667 -0.765813 0.000000
vt 0.444444 -0.765813 0.000000
vt 0.666667 -0.776479 0.000000
vt 0.444444 -0.776479 0.000000
vt 0.666667 -0.787145 0.000000
vt 0.444444 -0.787145 0.000000
vt 0.666667 -0.797811 0.000000
vt 0.444444 -0.797811 0.000000
vt 0.666667 -0.808477 0.000000
vt 0.444444 -0.808477 0.000000
vt 0.666667 -0.819143 0.000000
vt 0.444444 -0.819143 0.000000
vt 0.666667 -0.829809 0.000000
vt 0.444444 -0.829809 0.000000
vt 0.666667 -0.840475 0.000000
vt 0.444444 -0.840475 0.000000
vt 0.666667 -0.851141 0.000000
vt 0.444444 -0.851141 0.000000
vt 0.666667 -0.861807 0.000000
vt 0.444444 -0.861807 0.000000
vt 0.666667 -0.872473 0.000000
vt 0.444444 -0.872473 0.000000
vt 0.666667 -0.883139 0.000000
vt 0.444444 -0.883139 0.000000
vt 0.666667 -0.893805 0.000000
vt 0.444444 -0.893805 0.000000
vt 0.666667 -0.904472 0.000000
vt 0.444444 -0.904472 0.000000
vt 0.666667 -0.915138 0.000000
vt 0.444444 -0.915138 0.000000
vt 0.666667 -0.925804 0.000000
vt 0.444444 -0.925804 0.000000
vt 0.666667 -0.936470 0.000000
vt 0.444444 -0.936470 0.000000
vt 0.666667 -0.947136 0.000000
vt 0.444444 -0.947136 0.000000
vt 0.666667 -0.957802 0.000000
vt 0.444444 -0.957802 0.000000
vt 0.666667 -0.968468 0.000000
vt 0.444444 -0.968468 0.000000
vt 0.666667 -0.979134 0.000000
vt 0.444444 -0.979134 0.000000
vt 0.666667 -0.989800 0.000000
vt 0.444444 -0.989800 0.000000
vt 0.666667 -1.000466 0.000000
vt 0.444444 -1.000466 0.000000
vt 0.666667 -1.011132 0.000000
vt 0.444444 -1.011132 0.000000
vt 0.666667 -1.021798 0.000000
vt 0.444444 -1.021798 0.000000
vt 0.666667 -1.032464 0.000000
vt 0.444444 -1.032464 0.000000
vt 0.666667 -1.043130 0.000000
vt 0.444444 -1.043130 0.000000
vt 0.666667 -1.053796 0.000000
vt 0.444444 -1.053796 0.000000
vt 0.666667 -1.064462 0.000000
vt 0.222222 -1.053796 0.000000
vt 0.000000 -1.064462 0.000000
vt 0.000000 -1.053796 0.000000
vt 0.000000 -1.043130 0.000000
vt 0.222222 -1.043130 0.000000
vt 0.000000 -1.032464 0.000000
vt 0.222222 -1.032464 0.000000
vt -0.000000 -1.021798 0.000000
vt 0.222222 -1.021798 0.000000
vt 0.000000 -1.011132 0.000000
vt 0.222222 -1.011132 0.000000
vt 0.000000 -1.000466 0.000000
vt 0.222222 -1.000466 0.000000
vt -0.000000 -0.989800 0.000000
vt 0.222222 -0.989800 0.000000
vt 0.000000 -0.979134 0.000000
vt 0.222222 -0.979134 0.000000
vt -0.000000 -0.968468 0.000000
vt 0.222222 -0.968468 0.000000
vt -0.000000 -0.957802 0.000000
vt 0.222222 -0.957802 0.000000
vt -0.000000 -0.947136 0.000000
vt 0.222222 -0.947136 0.000000
vt -0.000000 -0.936470 0.000000
vt 0.222222 -0.936470 0.000000
vt 0.000000 -0.925804 0.000000
vt 0.222222 -0.925804 0.000000
vt 0.000000 -0.915138 0.000000
vt 0.222222 -0.915138 0.000000
vt -0.000000 -0.904472 0.000000
vt 0.222222 -0.904472 0.000000
vt 0.000000 -0.893805 0.000000
vt 0.222222 -0.893805 0.000000
vt -0.000000 -0.883139 0.000000
vt 0.222222 -0.883139 0.000000
vt 0.000000 -0.872473 0.000000
vt 0.222222 -0.872473 0.000000
vt 0.000000 -0.861807 0.000000
vt 0.222222 -0.861807 0.000000
vt 0.000000 -0.851141 0.000000
vt 0.222222 -0.851141 0.000000
vt -0.000000 -0.840475 0.000000
vt 0.222222 -0.840475 0.000000
vt -0.000000 -0.829809 0.000000
vt 0.222222 -0.829809 0.000000
vt -0.000000 -0.819143 0.000000
vt 0.222222 -0.819143 0.000000
vt -0.000000 -0.808477 0.000000
vt 0.222222 -0.808477 0.000000
vt 0.000000 -0.797811 0.000000
vt 0.222222 -0.797811 0.000000
vt 0.000000 -0.787145 0.000000
vt 0.222222 -0.787145 0.000000
vt 0.000000 -0.776479 0.000000
vt 0.222222 -0.776479 0.000000
vt -0.000000 -0.765813 0.000000
vt 0.222222 -0.765813 0.000000
vt -0.000000 -0.755147 0.000000
vt 0.222222 -0.755147 0.000000
vt -0.000000 -0.744481 0.000000
vt 0.222222 -0.744481 0.000000
vt -0.000000 -0.733815 0.000000
vt 0.222222 -0.733815 0.000000
vt 0.000000 -0.723149 0.000000
vt 0.222222 -0.723149 0.000000
vt -0.000000 -0.712482 0.000000
vt 0.222222 -0.712482 0.000000
vt 0.106667 0.666667 0.000000
vt 0.000000 0.666667 0.000000
vt 0.106667 0.000000 0.000000
vt 0.000000 0.000000 0.000000
vt 0.880002 0.666667 0.000000
vt 0.589986 0.335139 0.000000
vt 0.880002 0.000000 0.000000
vt 0.589856 0.327919 0.000000
vt 0.589205 0.320728 0.000000
vt 0.440003 0.666667 0.000000
vt 0.547606 0.415076 0.000000
vt 0.553355 0.410706 0.000000
vt 0.558772 0.405933 0.000000
vt 0.432869 0.666412 0.000000
vt 0.486392 0.433268 0.000000
vt 0.493613 0.433268 0.000000
vt 0.500814 0.432747 0.000000
vt 0.425771 0.665649 0.000000
vt 0.458072 0.428099 0.000000
vt 0.464994 0.430156 0.000000
vt 0.472045 0.431708 0.000000
vt 0.418746 0.664381 0.000000
vt 0.340003 0.566667 0.000000
vt 0.451318 0.425548 0.000000
vt 0.444764 0.422516 0.000000
vt 0.438447 0.419019 0.000000
vt 0.432399 0.415076 0.000000
vt 0.426650 0.410706 0.000000
vt 0.421233 0.405933 0.000000
vt 0.416173 0.400781 0.000000
vt 0.411499 0.395278 0.000000
vt 0.407234 0.389452 0.000000
vt 0.403400 0.383333 0.000000
vt 0.400018 0.376954 0.000000
vt 0.397105 0.370347 0.000000
vt 0.394676 0.363547 0.000000
vt 0.392744 0.356590 0.000000
vt 0.391320 0.349512 0.000000
vt 0.390410 0.342349 0.000000
vt 0.390019 0.335139 0.000000
vt 0.340003 0.100000 0.000000
vt 0.390149 0.327919 0.000000
vt 0.390800 0.320728 0.000000
vt 0.391968 0.313603 0.000000
vt 0.393648 0.306580 0.000000
vt 0.395829 0.299697 0.000000
vt 0.398502 0.292990 0.000000
vt 0.401651 0.286492 0.000000
vt 0.405262 0.280239 0.000000
vt 0.409314 0.274263 0.000000
vt 0.413786 0.268595 0.000000
vt 0.418656 0.263264 0.000000
vt 0.423898 0.258298 0.000000
vt 0.429485 0.253724 0.000000
vt 0.435387 0.249565 0.000000
vt 0.441574 0.245842 0.000000
vt 0.448014 0.242576 0.000000
vt 0.454672 0.239783 0.000000
vt 0.461514 0.237477 0.000000
vt 0.468505 0.235671 0.000000
vt 0.475609 0.234375 0.000000
vt 0.482787 0.233594 0.000000
vt 0.490003 0.233333 0.000000
vt 0.432869 0.000255 0.000000
vt 0.440003 0.000000 0.000000
vt 0.411829 0.662616 0.000000
vt 0.405056 0.660362 0.000000
vt 0.398461 0.657630 0.000000
vt 0.392078 0.654435 0.000000
vt 0.385938 0.650792 0.000000
vt 0.380075 0.646721 0.000000
vt 0.374516 0.642242 0.000000
vt 0.369292 0.637377 0.000000
vt 0.364428 0.632153 0.000000
vt 0.359948 0.626594 0.000000
vt 0.355877 0.620731 0.000000
vt 0.352235 0.614592 0.000000
vt 0.349039 0.608208 0.000000
vt 0.346308 0.601613 0.000000
vt 0.344053 0.594840 0.000000
vt 0.342288 0.587923 0.000000
vt 0.341020 0.580898 0.000000
vt 0.340257 0.573801 0.000000
vt 0.340257 0.092866 0.000000
vt 0.341020 0.085769 0.000000
vt 0.342288 0.078743 0.000000
vt 0.344053 0.071827 0.000000
vt 0.346308 0.065054 0.000000
vt 0.349039 0.058458 0.000000
vt 0.352235 0.052075 0.000000
vt 0.355877 0.045936 0.000000
vt 0.359948 0.040072 0.000000
vt 0.364428 0.034514 0.000000
vt 0.369292 0.029289 0.000000
vt 0.374516 0.024425 0.000000
vt 0.380075 0.019946 0.000000
vt 0.385938 0.015875 0.000000
vt 0.392078 0.012232 0.000000
vt 0.398461 0.009037 0.000000
vt 0.405056 0.006305 0.000000
vt 0.411829 0.004051 0.000000
vt 0.418746 0.002285 0.000000
vt 0.425771 0.001018 0.000000
vt 0.550520 0.253724 0.000000
vt 0.544618 0.249565 0.000000
vt 0.538431 0.245842 0.000000
vt 0.479191 0.432747 0.000000
vt 0.507960 0.431708 0.000000
vt 0.515011 0.430156 0.000000
vt 0.521933 0.428099 0.000000
vt 0.528687 0.425548 0.000000
vt 0.535241 0.422516 0.000000
vt 0.541558 0.419019 0.000000
vt 0.563832 0.400781 0.000000
vt 0.568506 0.395278 0.000000
vt 0.572771 0.389452 0.000000
vt 0.576605 0.383333 0.000000
vt 0.579987 0.376954 0.000000
vt 0.582900 0.370347 0.000000
vt 0.585329 0.363547 0.000000
vt 0.587261 0.356590 0.000000
vt 0.588685 0.349512 0.000000
vt 0.589595 0.342349 0.000000
vt 0.588037 0.313603 0.000000
vt 0.586358 0.306580 0.000000
vt 0.584176 0.299697 0.000000
vt 0.581503 0.292990 0.000000
vt 0.578354 0.286492 0.000000
vt 0.574743 0.280239 0.000000
vt 0.570691 0.274263 0.000000
vt 0.566219 0.268595 0.000000
vt 0.561349 0.263264 0.000000
vt 0.556107 0.258298 0.000000
vt 0.531991 0.242576 0.000000
vt 0.525333 0.239783 0.000000
vt 0.518491 0.237477 0.000000
vt 0.511500 0.235671 0.000000
vt 0.504396 0.234375 0.000000
vt 0.497218 0.233594 0.000000
vn 0.000000 -0.174308 0.984691
vn 0.000000 -0.174308 0.984691
vn 0.000000 -0.103017 0.994680
vn 0.000000 -0.174308 0.984691
vn 0.000000 -0.174308 0.984691
vn 0.000000 -0.244695 0.969600
vn 0.000000 -0.244695 0.969600
vn 0.000000 -0.313815 0.949484
vn 0.000000 -0.313815 0.949484
vn 0.000000 -0.381308 0.924448
vn 0.000000 -0.381308 0.924448
vn 0.000000 -0.446826 0.894621
vn 0.000000 -0.446826 0.894621
vn 0.000000 -0.510028 0.860158
vn 0.000000 -0.510028 0.860158
vn 0.000000 -0.570587 0.821237
vn 0.000000 -0.570587 0.821237
vn 0.000000 -0.628189 0.778061
vn 0.000000 -0.628189 0.778061
vn 0.000000 -0.682535 0.730853
vn 0.000000 -0.682535 0.730853
vn 0.000000 -0.733345 0.679857
vn 0.000000 -0.733345 0.679857
vn 0.000000 -0.780354 0.625338
vn 0.000000 -0.780354 0.625338
vn 0.000000 -0.823319 0.567579
vn 0.000000 -0.823319 0.567579
vn 0.000000 -0.862018 0.506878
vn 0.000000 -0.862018 0.506878
vn 0.000000 -0.896250 0.443550
vn 0.000000 -0.896250 0.443550
vn 0.000000 -0.925837 0.377924
vn 0.000000 -0.925837 0.377924
vn 0.000000 -0.950626 0.310340
vn 0.000000 -0.950626 0.310340
vn 0.000000 -0.970489 0.241147
vn 0.000000 -0.970489 0.241147
vn 0.000000 -0.985322 0.170704
vn 0.000000 -0.985322 0.170704
vn 0.000000 -0.995050 0.099377
vn 0.000000 -0.995050 0.099377
vn 0.000000 -0.999621 0.027535
vn 0.000000 -0.999621 0.027535
vn 0.000000 -0.999012 -0.044450
vn 0.000000 -0.999012 -0.044450
vn 0.000000 -0.993225 -0.116204
vn 0.000000 -0.993225 -0.116204
vn 0.000000 -0.982292 -0.187356
vn 0.000000 -0.982292 -0.187356
vn 0.000000 -0.966268 -0.257538
vn 0.000000 -0.966268 -0.257538
vn 0.000000 -0.945237 -0.326384
vn 0.000000 -0.966268 -0.257538
vn 0.000000 -0.966268 -0.257538
vn 0.000000 -0.982292 -0.187356
vn 0.000000 -0.982292 -0.187356
vn 0.000000 -0.993225 -0.116204
vn 0.000000 -0.993225 -0.116204
vn 0.000000 -0.999012 -0.044450
vn 0.000000 -0.999012 -0.044450
vn 0.000000 -0.999621 0.027535
vn 0.000000 -0.999621 0.027535
vn 0.000000 -0.995050 0.099377
vn 0.000000 -0.995050 0.099377
vn 0.000000 -0.985322 0.170704
vn 0.000000 -0.985322 0.170704
vn 0.000000 -0.970489 0.241147
vn 0.000000 -0.970489 0.241147
vn 0.000000 -0.950626 0.310340
vn 0.000000 -0.950626 0.310340
vn 0.000000 -0.925837 0.377924
vn 0.000000 -0.925837 0.377924
vn 0.000000 -0.896250 0.443550
vn 0.000000 -0.896250 0.443550
vn 0.000000 -0.862018 0.506878
vn 0.000000 -0.862018 0.506878
vn 0.000000 -0.823319 0.567579
vn 0.000000 -0.823319 0.567579
vn 0.000000 -0.780354 0.625338
vn 0.000000 -0.780354 0.625338
vn 0.000000 -0.733345 0.679857
vn 0.000000 -0.733345 0.679857
vn 0.000000 -0.682535 0.730853
vn 0.000000 -0.682535 0.730853
vn 0.000000 -0.628189 0.778061
vn 0.000000 -0.628189 0.778061
vn 0.000000 -0.570587 0.821237
vn 0.000000 -0.570587 0.821237
vn 0.000000 -0.510028 0.860158
vn 0.000000 -0.510028 0.860158
vn 0.000000 -0.446826 0.894621
vn 0.000000 -0.446826 0.894621
vn 0.000000 -0.381308 0.924448
vn 0.000000 -0.381308 0.924448
vn 0.000000 -0.313815 0.949484
vn 0.000000 -0.313815 0.949484
vn 0.000000 -0.244695 0.969600
vn 0.000000 -0.244695 0.969600
vn 0.000000 -0.982292 -0.187356
vn 0.000000 -0.966268 -0.257538
vn 0.000000 -0.945237 -0.326384
vn 0.000000 -0.966268 -0.257538
vn 0.000000 -0.244695 0.969600
vn 0.000000 -0.174308 0.984691
vn 0.000000 -0.103017 0.994680
vn 0.000000 -0.174308 0.984691
vn 0.000000 -0.244695 0.969600
vn 0.000000 -0.313815 0.949484
vn 0.000000 -0.381308 0.924448
vn 0.000000 -0.446826 0.894621
vn 0.000000 -0.510028 0.860158
vn 0.000000 -0.570587 0.821237
vn 0.000000 -0.628189 0.778061
vn 0.000000 -0.682535 0.730853
vn 0.000000 -0.733345 0.679857
vn 0.000000 -0.780354 0.625338
vn 0.000000 -0.823319 0.567579
vn 0.000000 -0.862018 0.506878
vn 0.000000 -0.896250 0.443550
vn 0.000000 -0.925837 0.377924
vn 0.000000 -0.950626 0.310340
vn 0.000000 -0.970489 0.241147
vn 0.000000 -0.985322 0.170704
vn 0.000000 -0.995050 0.099377
vn 0.000000 -0.999621 0.027535
vn 0.000000 -0.999012 -0.044450
vn 0.000000 -0.993225 -0.116204
vn 0.000000 -0.313815 0.949484
vn 0.000000 -0.381308 0.924448
vn 0.000000 -0.446826 0.894621
vn 0.000000 -0.510028 0.860158
vn 0.000000 -0.570587 0.821237
vn 0.000000 -0.628189 0.778061
vn 0.000000 -0.682535 0.730853
vn 0.000000 -0.733345 0.679857
vn 0.000000 -0.780354 0.625338
vn 0.000000 -0.823319 0.567579
vn 0.000000 -0.862018 0.506878
vn 0.000000 -0.896250 0.443550
vn 0.000000 -0.925837 0.377924
vn 0.000000 -0.950626 0.310340
vn 0.000000 -0.970489 0.241147
vn 0.000000 -0.985322 0.170704
vn 0.000000 -0.995050 0.099377
vn 0.000000 -0.999621 0.027535
vn 0.000000 -0.999012 -0.044450
vn 0.000000 -0.993225 -0.116204
vn 0.000000 -0.982292 -0.187356
vn 1.000000 0.000000 0.000000
vn 1.000000 0.000000 0.000000
vn 1.000000 0.000000 0.000000
vn 1.000000 0.000000 0.000000
vn 1.000000 0.000000 0.000000
vn 1.000000 0.000000 0.000000
vn 1.000000 0.000000 0.000000
vn 1.000000 0.000000 0.000000
vn 1.000000 0.000000 0.000000
vn 1.000000 0.000000 0.000000
vn 1.000000 0.000000 0.000000
vn 1.000000 0.000000 0.000000
vn 1.000000 0.000000 0.000000
vn 1.000000 0.000000 0.000000
vn 1.000000 0.000000 0.000000
vn 1.000000 0.000000 0.000000
vn 1.000000 0.000000 0.000000
vn 1.000000 0.000000 0.000000
vn 1.000000 0.000000 0.000000
vn 1.000000 0.000000 0.000000
vn 1.000000 0.000000 0.000000
vn 1.000000 0.000000 0.000000
vn 1.000000 0.000000 0.000000
vn 1.000000 0.000000 0.000000
vn 1.000000 0.000000 0.000000
vn 1.000000 0.000000 0.000000
vn 1.000000 0.000000 0.000000
vn 1.000000 0.000000 0.000000
vn 1.000000 0.000000 0.000000
vn 1.000000 0.000000 0.000000
vn 1.000000 0.000000 0.000000
vn 1.000000 0.000000 0.000000
vn 1.000000 0.000000 0.000000
vn 1.000000 0.000000 0.000000
vn 1.000000 0.000000 0.000000
vn 1.000000 0.000000 0.000000
vn 1.000000 0.000000 0.000000
vn 1.000000 0.000000 0.000000
vn 1.000000 0.000000 0.000000
vn 1.000000 0.000000 0.000000
vn 1.000000 0.000000 0.000000
vn 1.000000 0.000000 0.000000
vn 1.000000 0.000000 0.000000
vn 1.000000 0.000000 0.000000
vn 1.000000 0.000000 0.000000
vn 1.000000 0.000000 0.000000
vn 1.000000 0.000000 0.000000
vn 1.000000 0.000000 0.000000
vn 1.000000 0.000000 0.000000
vn 1.000000 0.000000 0.000000
vn 1.000000 0.000000 0.000000
vn 1.000000 0.000000 0.000000
vn 1.000000 0.000000 0.000000
vn 1.000000 0.000000 0.000000
vn 1.000000 0.000000 0.000000
vn 1.000000 0.000000 0.000000
vn 1.000000 0.000000 0.000000
vn 1.000000 0.000000 0.000000
vn 1.000000 0.000000 0.000000
vn 1.000000 0.000000 0.000000
vn 1.000000 0.000000 0.000000
vn 1.000000 0.000000 0.000000
vn 1.000000 0.000000 0.000000
vn 1.000000 0.000000 0.000000
vn 1.000000 0.000000 0.000000
vn 1.000000 0.000000 0.000000
vn 1.000000 0.000000 0.000000
vn 1.000000 0.000000 0.000000
vn 1.000000 0.000000 0.000000
vn 1.000000 0.000000 0.000000
vn 1.000000 0.000000 0.000000
vn 1.000000 0.000000 0.000000
vn 1.000000 0.000000 0.000000
vn 1.000000 0.000000 0.000000
vn 1.000000 0.000000 0.000000
vn 1.000000 0.000000 0.000000
vn 1.000000 0.000000 0.000000
vn 1.000000 0.000000 0.000000
vn 1.000000 0.000000 0.000000
vn 1.000000 0.000000 0.000000
vn 1.000000 0.000000 0.000000
vn 1.000000 0.000000 0.000000
vn 1.000000 0.000000 0.000000
vn 1.000000 0.000000 0.000000
vn 1.000000 0.000000 0.000000
vn 1.000000 0.000000 0.000000
vn 1.000000 0.000000 0.000000
vn 1.000000 0.000000 0.000000
vn 1.000000 0.000000 0.000000
vn 1.000000 0.000000 0.000000
vn 1.000000 0.000000 0.000000
vn 1.000000 0.000000 0.000000
vn 1.000000 0.000000 0.000000
vn 1.000000 0.000000 0.000000
vn 1.000000 0.000000 0.000000
vn 1.000000 0.000000 0.000000
vn 1.000000 0.000000 0.000000
vn 1.000000 0.000000 0.000000
vn 1.000000 0.000000 0.000000
vn 1.000000 0.000000 0.000000
vn 1.000000 0.000000 0.000000
vn 1.000000 0.000000 0.000000
vn 1.000000 0.000000 0.000000
vn 1.000000 0.000000 0.000000
vn 1.000000 0.000000 0.000000
vn 1.000000 0.000000 0.000000
vn 1.000000 0.000000 0.000000
vn 1.000000 0.000000 0.000000
vn 1.000000 0.000000 0.000000
vn 1.000000 0.000000 0.000000
vn 1.000000 0.000000 0.000000
vn 1.000000 0.000000 0.000000
vn 1.000000 0.000000 0.000000
vn 1.000000 0.000000 0.000000
vn 1.000000 0.000000 0.000000
vn 1.000000 0.000000 0.000000
vn 1.000000 0.000000 0.000000
vn 1.000000 0.000000 0.000000
vn 1.000000 0.000000 0.000000
vn 1.000000 0.000000 0.000000
vn 1.000000 0.000000 0.000000
vn 1.000000 0.000000 0.000000
vn 1.000000 0.000000 0.000000
vn 1.000000 0.000000 0.000000
vn 1.000000 0.000000 0.000000
vn 1.000000 0.000000 0.000000
vn 1.000000 0.000000 0.000000
vn 1.000000 0.000000 0.000000
vn 1.000000 0.000000 0.000000
vn 1.000000 0.000000 0.000000
vn 1.000000 0.000000 0.000000
vn 1.000000 0.000000 0.000000
vn 1.000000 0.000000 0.000000
vn 1.000000 0.000000 0.000000
vn 1.000000 0.000000 0.000000
vn 1.000000 0.000000 0.000000
vn 1.000000 0.000000 0.000000
vn 1.000000 0.000000 0.000000
vn 1.000000 0.000000 0.000000
vn 1.000000 0.000000 0.000000
vn 1.000000 0.000000 0.000000
vn 1.000000 0.000000 0.000000
vn 1.000000 0.000000 0.000000
vn 1.000000 0.000000 0.000000
vn 1.000000 0.000000 0.000000
vn 1.000000 0.000000 0.000000
vn 1.000000 0.000000 0.000000
vn 1.000000 0.000000 0.000000
vn 1.000000 0.000000 0.000000
vn 1.000000 0.000000 0.000000
vn 1.000000 0.000000 0.000000
vn 1.000000 0.000000 0.000000
vn 1.000000 0.000000 0.000000
vn 1.000000 0.000000 0.000000
vn 1.000000 0.000000 0.000000
vn 1.000000 0.000000 0.000000
vn 1.000000 0.000000 0.000000
vn 1.000000 0.000000 0.000000
vn 1.000000 0.000000 0.000000
vn 1.000000 0.000000 0.000000
vn 1.000000 0.000000 0.000000
vn 1.000000 0.000000 0.000000
vn 1.000000 0.000000 0.000000
vn 1.000000 0.000000 0.000000
vn 1.000000 0.000000 0.000000
vn 1.000000 0.000000 0.000000
vn 1.000000 0.000000 0.000000
vn 1.000000 0.000000 0.000000
vn 1.000000 0.000000 0.000000
vn 1.000000 0.000000 0.000000
vn 1.000000 0.000000 0.000000
vn 1.000000 0.000000 0.000000
vn 1.000000 0.000000 0.000000
vn 1.000000 0.000000 0.000000
vn 1.000000 0.000000 0.000000
vn 1.000000 0.000000 0.000000
vn 1.000000 0.000000 0.000000
vn 1.000000 0.000000 0.000000
vn 1.000000 0.000000 0.000000
vn 1.000000 0.000000 0.000000
vn 1.000000 0.000000 0.000000
vn 1.000000 0.000000 0.000000
vn 1.000000 0.000000 0.000000
vn 1.000000 0.000000 0.000000
vn 1.000000 0.000000 0.000000
vn 1.000000 0.000000 0.000000
vn 1.000000 0.000000 0.000000
vn 1.000000 0.000000 0.000000
vn 1.000000 0.000000 0.000000
vn 1.000000 0.000000 0.000000
vn 1.000000 0.000000 0.000000
vn 1.000000 0.000000 0.000000
vn 1.000000 0.000000 0.000000
vn 1.000000 0.000000 0.000000
vn 1.000000 0.000000 0.000000
vn 1.000000 0.000000 0.000000
vn 1.000000 0.000000 0.000000
vn 1.000000 0.000000 0.000000
vn 1.000000 0.000000 0.000000
vn 1.000000 0.000000 0.000000
vn 1.000000 0.000000 0.000000
vn 1.000000 0.000000 0.000000
vn 1.000000 0.000000 0.000000
vn 1.000000 0.000000 0.000000
vn 1.000000 0.000000 0.000000
vn 1.000000 0.000000 0.000000
vn 1.000000 0.000000 0.000000
vn 1.000000 0.000000 0.000000
vn 1.000000 0.000000 0.000000
vn 1.000000 0.000000 0.000000
vn 1.000000 0.000000 0.000000
vn 1.000000 0.000000 0.000000
vn 1.000000 0.000000 0.000000
vn 1.000000 0.000000 0.000000
vn -0.000000 -0.997452 0.071339
vn -0.000000 -0.997452 0.071339
vn -0.000000 -1.000000 0.000000
vn -0.000000 -0.997452 0.071339
vn -0.000000 -0.997452 0.071339
vn -0.000000 -0.989821 0.142315
vn -0.000000 -0.989821 0.142315
vn -0.000000 -0.977147 0.212565
vn -0.000000 -0.977147 0.212565
vn -0.000000 -0.959493 0.281733
vn -0.000000 -0.959493 0.281733
vn -0.000000 -0.936950 0.349464
vn -0.000000 -0.936950 0.349464
vn -0.000000 -0.909632 0.415415
vn -0.000000 -0.909632 0.415415
vn -0.000000 -0.877679 0.479249
vn -0.000000 -0.877679 0.479249
vn -0.000000 -0.841254 0.540641
vn -0.000000 -0.841254 0.540641
vn -0.000000 -0.800541 0.599278
vn -0.000000 -0.800541 0.599278
vn -0.000000 -0.755750 0.654861
vn -0.000000 -0.755750 0.654861
vn -0.000000 -0.707107 0.707107
vn -0.000000 -0.707107 0.707107
vn -0.000000 -0.654861 0.755750
vn -0.000000 -0.654861 0.755750
vn -0.000000 -0.599278 0.800541
vn -0.000000 -0.599278 0.800541
vn -0.000000 -0.540641 0.841254
vn -0.000000 -0.540641 0.841254
vn -0.000000 -0.479249 0.877679
vn -0.000000 -0.479249 0.877679
vn -0.000000 -0.415415 0.909632
vn -0.000000 -0.415415 0.909632
vn -0.000000 -0.349464 0.936950
vn -0.000000 -0.349464 0.936950
vn -0.000000 -0.281733 0.959493
vn -0.000000 -0.281733 0.959493
vn -0.000000 -0.212565 0.977147
vn -0.000000 -0.212565 0.977147
vn -0.000000 -0.142315 0.989821
vn -0.000000 -0.142315 0.989821
vn -0.000000 -0.071339 0.997452
vn -0.000000 -0.071339 0.997452
vn -0.000000 0.000000 1.000000
vn -0.000000 -0.071339 0.997452
vn -0.000000 -0.071339 0.997452
vn -0.000000 -0.142315 0.989821
vn -0.000000 -0.142315 0.989821
vn -0.000000 -0.212565 0.977147
vn -0.000000 -0.212565 0.977147
vn -0.000000 -0.281733 0.959493
vn -0.000000 -0.281733 0.959493
vn -0.000000 -0.349464 0.936950
vn -0.000000 -0.349464 0.936950
vn -0.000000 -0.415415 0.909632
vn -0.000000 -0.415415 0.909632
vn -0.000000 -0.479249 0.877679
vn -0.000000 -0.479249 0.877679
vn -0.000000 -0.540641 0.841254
vn -0.000000 -0.540641 0.841254
vn -0.000000 -0.599278 0.800541
vn -0.000000 -0.599278 0.800541
vn -0.000000 -0.654861 0.755750
vn -0.000000 -0.654861 0.755750
vn -0.000000 -0.707107 0.707107
vn -0.000000 -0.707107 0.707107
vn -0.000000 -0.755750 0.654861
vn -0.000000 -0.755750 0.654861
vn -0.000000 -0.800541 0.599278
vn -0.000000 -0.800541 0.599278
vn -0.000000 -0.841254 0.540641
vn -0.000000 -0.841254 0.540641
vn -0.000000 -0.877679 0.479249
vn -0.000000 -0.877679 0.479249
vn -0.000000 -0.909632 0.415415
vn -0.000000 -0.909632 0.415415
vn -0.000000 -0.936950 0.349464
vn -0.000000 -0.936950 0.349464
vn -0.000000 -0.959493 0.281733
vn -0.000000 -0.959493 0.281733
vn -0.000000 -0.977147 0.212565
vn -0.000000 -0.977147 0.212565
vn -0.000000 -0.989821 0.142315
vn -0.000000 -0.989821 0.142315
vn -0.000000 -0.142315 0.989821
vn -0.000000 -0.071339 0.997452
vn -0.000000 0.000000 1.000000
vn -0.000000 -0.071339 0.997452
vn -0.000000 -0.989821 0.142315
vn -0.000000 -0.997452 0.071339
vn -0.000000 -1.000000 0.000000
vn -0.000000 -0.997452 0.071339
vn -0.000000 -0.989821 0.142315
vn -0.000000 -0.977147 0.212565
vn -0.000000 -0.959493 0.281733
vn -0.000000 -0.936950 0.349464
vn -0.000000 -0.909632 0.415415
vn -0.000000 -0.877679 0.479249
vn -0.000000 -0.841254 0.540641
vn -0.000000 -0.800541 0.599278
vn -0.000000 -0.755750 0.654861
vn -0.000000 -0.707107 0.707107
vn -0.000000 -0.654861 0.755750
vn -0.000000 -0.599278 0.800541
vn -0.000000 -0.540641 0.841254
vn -0.000000 -0.479249 0.877679
vn -0.000000 -0.415415 0.909632
vn -0.000000 -0.349464 0.936950
vn -0.000000 -0.281733 0.959493
vn -0.000000 -0.212565 0.977147
vn -0.000000 -0.977147 0.212565
vn -0.000000 -0.959493 0.281733
vn -0.000000 -0.936950 0.349464
vn -0.000000 -0.909632 0.415415
vn -0.000000 -0.877679 0.479249
vn -0.000000 -0.841254 0.540641
vn -0.000000 -0.800541 0.599278
vn -0.000000 -0.755750 0.654861
vn -0.000000 -0.707107 0.707107
vn -0.000000 -0.654861 0.755750
vn -0.000000 -0.599278 0.800541
vn -0.000000 -0.540641 0.841254
vn -0.000000 -0.479249 0.877679
vn -0.000000 -0.415415 0.909632
vn -0.000000 -0.349464 0.936950
vn -0.000000 -0.281733 0.959493
vn -0.000000 -0.212565 0.977147
vn -0.000000 -0.142315 0.989821
vn -1.000000 -0.000000 -0.000000
vn -1.000000 -0.000000 -0.000000
vn -1.000000 -0.000000 -0.000000
vn -1.000000 -0.000000 -0.000000
vn -1.000000 -0.000000 -0.000000
vn -1.000000 -0.000000 -0.000000
vn -1.000000 -0.000000 -0.000000
vn -1.000000 -0.000000 -0.000000
vn -1.000000 -0.000000 -0.000000
vn -1.000000 -0.000000 -0.000000
vn -1.000000 -0.000000 -0.000000
vn -1.000000 -0.000000 -0.000000
vn -1.000000 -0.000000 -0.000000
vn -1.000000 -0.000000 -0.000000
vn -1.000000 -0.000000 -0.000000
vn -1.000000 -0.000000 -0.000000
vn -1.000000 -0.000000 -0.000000
vn -1.000000 -0.000000 -0.000000
vn -1.000000 -0.000000 -0.000000
vn -1.000000 -0.000000 -0.000000
vn -1.000000 -0.000000 -0.000000
vn -1.000000 -0.000000 -0.000000
vn -1.000000 -0.000000 -0.000000
vn -1.000000 -0.000000 -0.000000
vn -1.000000 -0.000000 -0.000000
vn -1.000000 -0.000000 -0.000000
vn -1.000000 -0.000000 -0.000000
vn -1.000000 -0.000000 -0.000000
vn -1.000000 -0.000000 -0.000000
vn -1.000000 -0.000000 -0.000000
vn -1.000000 -0.000000 -0.000000
vn -1.000000 -0.000000 -0.000000
vn -1.000000 -0.000000 -0.000000
vn -1.000000 -0.000000 -0.000000
vn -1.000000 -0.000000 -0.000000
vn -1.000000 -0.000000 -0.000000
vn -1.000000 -0.000000 -0.000000
vn -1.000000 -0.000000 -0.000000
vn -1.000000 -0.000000 -0.000000
vn -1.000000 -0.000000 -0.000000
vn -1.000000 -0.000000 -0.000000
vn -1.000000 -0.000000 -0.000000
vn -1.000000 -0.000000 -0.000000
vn -1.000000 -0.000000 -0.000000
vn -1.000000 -0.000000 -0.000000
vn -1.000000 -0.000000 -0.000000
vn -1.000000 -0.000000 -0.000000
vn -1.000000 -0.000000 -0.000000
vn -1.000000 -0.000000 -0.000000
vn -1.000000 -0.000000 -0.000000
vn -1.000000 -0.000000 -0.000000
vn -1.000000 -0.000000 -0.000000
vn -1.000000 -0.000000 -0.000000
vn -1.000000 -0.000000 -0.000000
vn -1.000000 -0.000000 -0.000000
vn -1.000000 -0.000000 -0.000000
vn -1.000000 -0.000000 -0.000000
vn -1.000000 -0.000000 -0.000000
vn -1.000000 -0.000000 -0.000000
vn -1.000000 -0.000000 -0.000000
vn -1.000000 -0.000000 -0.000000
vn -1.000000 -0.000000 -0.000000
vn -1.000000 -0.000000 -0.000000
vn -1.000000 -0.000000 -0.000000
vn -1.000000 -0.000000 -0.000000
vn -1.000000 -0.000000 -0.000000
vn -1.000000 -0.000000 -0.000000
vn -1.000000 -0.000000 -0.000000
vn -1.000000 -0.000000 -0.000000
vn -1.000000 -0.000000 -0.000000
vn -1.000000 -0.000000 -0.000000
vn -1.000000 -0.000000 -0.000000
vn -1.000000 -0.000000 -0.000000
vn -1.000000 -0.000000 -0.000000
vn -1.000000 -0.000000 -0.000000
vn -1.000000 -0.000000 -0.000000
vn -1.000000 -0.000000 -0.000000
vn -1.000000 -0.000000 -0.000000
vn -1.000000 -0.000000 -0.000000
vn -1.000000 -0.000000 -0.000000
vn -1.000000 -0.000000 -0.000000
vn -1.000000 -0.000000 -0.000000
vn -1.000000 -0.000000 -0.000000
vn -1.000000 -0.000000 -0.000000
vn -1.000000 -0.000000 -0.000000
vn -1.000000 -0.000000 -0.000000
vn -1.000000 -0.000000 -0.000000
vn -1.000000 -0.000000 -0.000000
vn -1.000000 -0.000000 -0.000000
vn -1.000000 -0.000000 -0.000000
vn -1.000000 -0.000000 -0.000000
vn -1.000000 -0.000000 -0.000000
vn -1.000000 -0.000000 -0.000000
vn -1.000000 -0.000000 -0.000000
vn -1.000000 -0.000000 -0.000000
vn -1.000000 -0.000000 -0.000000
vn -1.000000 -0.000000 -0.000000
vn -1.000000 -0.000000 -0.000000
vn -1.000000 -0.000000 -0.000000
vn -1.000000 -0.000000 -0.000000
vn -1.000000 -0.000000 -0.000000
vn -1.000000 -0.000000 -0.000000
vn -1.000000 -0.000000 -0.000000
vn -1.000000 -0.000000 -0.000000
vn -1.000000 -0.000000 -0.000000
vn -1.000000 -0.000000 -0.000000
vn -1.000000 -0.000000 -0.000000
vn -1.000000 -0.000000 -0.000000
vn -1.000000 -0.000000 -0.000000
vn -1.000000 -0.000000 -0.000000
vn -1.000000 -0.000000 -0.000000
vn -1.000000 -0.000000 -0.000000
vn -1.000000 -0.000000 -0.000000
vn -1.000000 -0.000000 -0.000000
vn -1.000000 -0.000000 -0.000000
vn -1.000000 -0.000000 -0.000000
vn -1.000000 -0.000000 -0.000000
vn -1.000000 -0.000000 -0.000000
vn -1.000000 -0.000000 -0.000000
vn -1.000000 -0.000000 -0.000000
vn -1.000000 -0.000000 -0.000000
vn -1.000000 -0.000000 -0.000000
vn -1.000000 -0.000000 -0.000000
vn -1.000000 -0.000000 -0.000000
vn -1.000000 -0.000000 -0.000000
vn -1.000000 -0.000000 -0.000000
vn -1.000000 -0.000000 -0.000000
vn -1.000000 -0.000000 -0.000000
vn -1.000000 -0.000000 -0.000000
vn -1.000000 -0.000000 -0.000000
vn -1.000000 -0.000000 -0.000000
vn -1.000000 -0.000000 -0.000000
vn -1.000000 -0.000000 -0.000000
vn -1.000000 -0.000000 -0.000000
vn -1.000000 -0.000000 -0.000000
vn -1.000000 -0.000000 -0.000000
vn -1.000000 -0.000000 -0.000000
vn -1.000000 -0.000000 -0.000000
vn -1.000000 -0.000000 -0.000000
vn -1.000000 -0.000000 -0.000000
vn -1.000000 -0.000000 -0.000000
vn -1.000000 -0.000000 -0.000000
vn -1.000000 -0.000000 -0.000000
vn -1.000000 -0.000000 -0.000000
vn -1.000000 -0.000000 -0.000000
vn -1.000000 -0.000000 -0.000000
vn -1.000000 -0.000000 -0.000000
vn -1.000000 -0.000000 -0.000000
vn -1.000000 -0.000000 -0.000000
vn -1.000000 -0.000000 -0.000000
vn -1.000000 -0.000000 -0.000000
vn -1.000000 -0.000000 -0.000000
vn -1.000000 -0.000000 -0.000000
vn -1.000000 -0.000000 -0.000000
vn -1.000000 -0.000000 -0.000000
vn -1.000000 -0.000000 -0.000000
vn -1.000000 -0.000000 -0.000000
vn -1.000000 -0.000000 -0.000000
vn -1.000000 -0.000000 -0.000000
vn -1.000000 -0.000000 -0.000000
vn -1.000000 -0.000000 -0.000000
vn -1.000000 -0.000000 -0.000000
vn -1.000000 -0.000000 -0.000000
vn -1.000000 -0.000000 -0.000000
vn -1.000000 -0.000000 -0.000000
vn -1.000000 -0.000000 -0.000000
vn -1.000000 -0.000000 -0.000000
vn -1.000000 -0.000000 -0.000000
vn -1.000000 -0.000000 -0.000000
vn -1.000000 -0.000000 -0.000000
vn -1.000000 -0.000000 -0.000000
vn -1.000000 -0.000000 -0.000000
vn -1.000000 -0.000000 -0.000000
vn -1.000000 -0.000000 -0.000000
vn -1.000000 -0.000000 -0.000000
vn -1.000000 -0.000000 -0.000000
vn -1.000000 -0.000000 -0.000000
vn -1.000000 -0.000000 -0.000000
vn -1.000000 -0.000000 -0.000000
vn -1.000000 -0.000000 -0.000000
vn -1.000000 -0.000000 -0.000000
vn -1.000000 -0.000000 -0.000000
vn -1.000000 -0.000000 -0.000000
vn -1.000000 -0.000000 -0.000000
vn -1.000000 -0.000000 -0.000000
vn -1.000000 -0.000000 -0.000000
vn -1.000000 -0.000000 -0.000000
vn -1.000000 -0.000000 -0.000000
vn -1.000000 -0.000000 -0.000000
vn -1.000000 -0.000000 -0.000000
vn -1.000000 -0.000000 -0.000000
vn -1.000000 -0.000000 -0.000000
vn -1.000000 -0.000000 -0.000000
vn -1.000000 -0.000000 -0.000000
vn -1.000000 -0.000000 -0.000000
vn -1.000000 -0.000000 -0.000000
vn -1.000000 -0.000000 -0.000000
vn -1.000000 -0.000000 -0.000000
vn -1.000000 -0.000000 -0.000000
vn -1.000000 -0.000000 -0.000000
vn -1.000000 -0.000000 -0.000000
vn -1.000000 -0.000000 -0.000000
vn -1.000000 -0.000000 -0.000000
vn -1.000000 -0.000000 -0.000000
vn -1.000000 -0.000000 -0.000000
vn -1.000000 -0.000000 -0.000000
vn -1.000000 -0.000000 -0.000000
vn -1.000000 -0.000000 -0.000000
vn -1.000000 -0.000000 -0.000000
vn -1.000000 -0.000000 -0.000000
vn -1.000000 -0.000000 -0.000000
vn -1.000000 -0.000000 -0.000000
vn -1.000000 -0.000000 -0.000000
vn -1.000000 -0.000000 -0.000000
vn 0.000000 -0.062791 -0.998027
vn 0.000000 -0.062791 -0.998027
vn 0.000000 -0.000000 -1.000000
vn 0.000000 -0.062791 -0.998027
vn 0.000000 -0.000000 -1.000000
vn 0.000000 -0.062791 -0.998027
vn 0.000000 -0.062791 -0.998027
vn 0.000000 -0.125333 -0.992115
vn 0.000000 -0.125333 -0.992115
vn 0.000000 -0.187381 -0.982287
vn 0.000000 -0.187381 -0.982287
vn 0.000000 -0.248690 -0.968583
vn 0.000000 -0.248690 -0.968583
vn 0.000000 -0.309017 -0.951057
vn 0.000000 -0.309017 -0.951057
vn 0.000000 -0.368125 -0.929776
vn 0.000000 -0.368125 -0.929776
vn 0.000000 -0.425779 -0.904827
vn 0.000000 -0.425779 -0.904827
vn 0.000000 -0.481754 -0.876307
vn 0.000000 -0.481754 -0.876307
vn 0.000000 -0.535827 -0.844328
vn 0.000000 -0.535827 -0.844328
vn 0.000000 -0.587785 -0.809017
vn 0.000000 -0.587785 -0.809017
vn 0.000000 -0.637424 -0.770513
vn 0.000000 -0.637424 -0.770513
vn 0.000000 -0.684547 -0.728969
vn 0.000000 -0.684547 -0.728969
vn 0.000000 -0.728969 -0.684547
vn 0.000000 -0.728969 -0.684547
vn 0.000000 -0.770513 -0.637424
vn 0.000000 -0.770513 -0.637424
vn 0.000000 -0.809017 -0.587785
vn 0.000000 -0.809017 -0.587785
vn 0.000000 -0.844328 -0.535827
vn 0.000000 -0.844328 -0.535827
vn 0.000000 -0.876307 -0.481754
vn 0.000000 -0.876307 -0.481754
vn 0.000000 -0.904827 -0.425779
vn 0.000000 -0.904827 -0.425779
vn 0.000000 -0.929776 -0.368125
vn 0.000000 -0.929776 -0.368125
vn 0.000000 -0.951057 -0.309017
vn 0.000000 -0.951057 -0.309017
vn 0.000000 -0.968583 -0.248690
vn 0.000000 -0.968583 -0.248690
vn 0.000000 -0.982287 -0.187381
vn 0.000000 -0.982287 -0.187381
vn 0.000000 -0.992115 -0.125333
vn 0.000000 -0.992115 -0.125333
vn 0.000000 -0.998027 -0.062791
vn 0.000000 -0.998027 -0.062791
vn 0.000000 -1.000000 0.000000
vn 0.000000 -0.998027 -0.062791
vn 0.000000 -1.000000 0.000000
vn 0.000000 -0.998027 -0.062791
vn 0.000000 -0.998027 -0.062791
vn 0.000000 -0.992115 -0.125333
vn 0.000000 -0.992115 -0.125333
vn 0.000000 -0.982287 -0.187381
vn 0.000000 -0.982287 -0.187381
vn 0.000000 -0.968583 -0.248690
vn 0.000000 -0.968583 -0.248690
vn 0.000000 -0.951057 -0.309017
vn 0.000000 -0.951057 -0.309017
vn 0.000000 -0.929776 -0.368125
vn 0.000000 -0.929776 -0.368125
vn 0.000000 -0.904827 -0.425779
vn 0.000000 -0.904827 -0.425779
vn 0.000000 -0.876307 -0.481754
vn 0.000000 -0.876307 -0.481754
vn 0.000000 -0.844328 -0.535827
vn 0.000000 -0.844328 -0.535827
vn 0.000000 -0.809017 -0.587785
vn 0.000000 -0.809017 -0.587785
vn 0.000000 -0.770513 -0.637424
vn 0.000000 -0.770513 -0.637424
vn 0.000000 -0.728969 -0.684547
vn 0.000000 -0.728969 -0.684547
vn 0.000000 -0.684547 -0.728969
vn 0.000000 -0.684547 -0.728969
vn 0.000000 -0.637424 -0.770513
vn 0.000000 -0.637424 -0.770513
vn 0.000000 -0.587785 -0.809017
vn 0.000000 -0.587785 -0.809017
vn 0.000000 -0.535827 -0.844328
vn 0.000000 -0.535827 -0.844328
vn 0.000000 -0.481754 -0.876307
vn 0.000000 -0.481754 -0.876307
vn 0.000000 -0.425779 -0.904827
vn 0.000000 -0.425779 -0.904827
vn 0.000000 -0.368125 -0.929776
vn 0.000000 -0.368125 -0.929776
vn 0.000000 -0.309017 -0.951057
vn 0.000000 -0.309017 -0.951057
vn 0.000000 -0.248690 -0.968583
vn 0.000000 -0.248690 -0.968583
vn 0.000000 -0.187381 -0.982287
vn 0.000000 -0.187381 -0.982287
vn 0.000000 -0.125333 -0.992115
vn 0.000000 -0.125333 -0.992115
vn 0.000000 -0.125333 -0.992115
vn 0.000000 -0.187381 -0.982287
vn 0.000000 -0.248690 -0.968583
vn 0.000000 -0.309017 -0.951057
vn 0.000000 -0.368125 -0.929776
vn 0.000000 -0.425779 -0.904827
vn 0.000000 -0.481754 -0.876307
vn 0.000000 -0.535827 -0.844328
vn 0.000000 -0.587785 -0.809017
vn 0.000000 -0.637424 -0.770513
vn 0.000000 -0.684547 -0.728969
vn 0.000000 -0.728969 -0.684547
vn 0.000000 -0.770513 -0.637424
vn 0.000000 -0.809017 -0.587785
vn 0.000000 -0.844328 -0.535827
vn 0.000000 -0.876307 -0.481754
vn 0.000000 -0.904827 -0.425779
vn 0.000000 -0.929776 -0.368125
vn 0.000000 -0.951057 -0.309017
vn 0.000000 -0.968583 -0.248690
vn 0.000000 -0.982287 -0.187381
vn 0.000000 -0.992115 -0.125333
vn 0.000000 -1.000000 0.000000
vn 0.000000 -1.000000 0.000000
vn 0.000000 -0.998795 0.049068
vn 0.000000 -0.998795 0.049068
vn 0.000000 -0.998795 0.049068
vn 0.000000 -0.998795 0.049068
vn 0.000000 -0.995185 0.098017
vn 0.000000 -0.995185 0.098017
vn 0.000000 -0.989177 0.146730
vn 0.000000 -0.989177 0.146730
vn 0.000000 -0.980785 0.195090
vn 0.000000 -0.980785 0.195090
vn 0.000000 -0.970031 0.242980
vn 0.000000 -0.970031 0.242980
vn 0.000000 -0.956940 0.290285
vn 0.000000 -0.956940 0.290285
vn 0.000000 -0.941544 0.336890
vn 0.000000 -0.941544 0.336890
vn 0.000000 -0.923880 0.382683
vn 0.000000 -0.923880 0.382683
vn 0.000000 -0.903989 0.427555
vn 0.000000 -0.903989 0.427555
vn 0.000000 -0.881921 0.471397
vn 0.000000 -0.881921 0.471397
vn 0.000000 -0.857729 0.514103
vn 0.000000 -0.857729 0.514103
vn 0.000000 -0.831470 0.555570
vn 0.000000 -0.831470 0.555570
vn 0.000000 -0.803208 0.595699
vn 0.000000 -0.803208 0.595699
vn 0.000000 -0.773010 0.634393
vn 0.000000 -0.773010 0.634393
vn 0.000000 -0.740951 0.671559
vn 0.000000 -0.740951 0.671559
vn 0.000000 -0.707107 0.707107
vn 0.000000 -0.707107 0.707107
vn 0.000000 -0.671559 0.740951
vn 0.000000 -0.671559 0.740951
vn 0.000000 -0.634393 0.773010
vn 0.000000 -0.634393 0.773010
vn 0.000000 -0.595699 0.803208
vn 0.000000 -0.595699 0.803208
vn 0.000000 -0.555570 0.831470
vn 0.000000 -0.555570 0.831470
vn 0.000000 -0.514103 0.857729
vn 0.000000 -0.514103 0.857729
vn 0.000000 -0.471397 0.881921
vn 0.000000 -0.471397 0.881921
vn 0.000000 -0.427555 0.903989
vn 0.000000 -0.427555 0.903989
vn 0.000000 -0.382683 0.923880
vn 0.000000 -0.382683 0.923880
vn 0.000000 -0.336890 0.941544
vn 0.000000 -0.336890 0.941544
vn 0.000000 -0.290285 0.956940
vn 0.000000 -0.290285 0.956940
vn 0.000000 -0.242980 0.970031
vn 0.000000 -0.242980 0.970031
vn 0.000000 -0.195090 0.980785
vn 0.000000 -0.195090 0.980785
vn 0.000000 -0.146730 0.989177
vn 0.000000 -0.146730 0.989177
vn 0.000000 -0.098017 0.995185
vn 0.000000 -0.098017 0.995185
vn 0.000000 -0.049068 0.998795
vn 0.000000 -0.049068 0.998795
vn -0.000000 0.000000 1.000000
vn 0.000000 -0.049068 0.998795
vn -0.000000 0.000000 1.000000
vn 0.000000 -0.049068 0.998795
vn 0.000000 -0.098017 0.995185
vn 0.000000 -0.098017 0.995185
vn 0.000000 -0.146730 0.989177
vn 0.000000 -0.146730 0.989177
vn 0.000000 -0.195090 0.980785
vn 0.000000 -0.195090 0.980785
vn 0.000000 -0.242980 0.970031
vn 0.000000 -0.242980 0.970031
vn 0.000000 -0.290285 0.956940
vn 0.000000 -0.290285 0.956940
vn 0.000000 -0.336890 0.941544
vn 0.000000 -0.336890 0.941544
vn 0.000000 -0.382683 0.923880
vn 0.000000 -0.382683 0.923880
vn 0.000000 -0.427555 0.903989
vn 0.000000 -0.427555 0.903989
vn 0.000000 -0.471397 0.881921
vn 0.000000 -0.471397 0.881921
vn 0.000000 -0.514103 0.857729
vn 0.000000 -0.514103 0.857729
vn 0.000000 -0.555570 0.831470
vn 0.000000 -0.555570 0.831470
vn 0.000000 -0.595699 0.803208
vn 0.000000 -0.595699 0.803208
vn 0.000000 -0.634393 0.773010
vn 0.000000 -0.634393 0.773010
vn 0.000000 -0.671559 0.740951
vn 0.000000 -0.671559 0.740951
vn 0.000000 -0.707107 0.707107
vn 0.000000 -0.707107 0.707107
vn 0.000000 -0.740951 0.671559
vn 0.000000 -0.740951 0.671559
vn 0.000000 -0.773010 0.634393
vn 0.000000 -0.773010 0.634393
vn 0.000000 -0.803208 0.595699
vn 0.000000 -0.803208 0.595699
vn 0.000000 -0.831470 0.555570
vn 0.000000 -0.831470 0.555570
vn 0.000000 -0.857729 0.514103
vn 0.000000 -0.857729 0.514103
vn 0.000000 -0.881921 0.471397
vn 0.000000 -0.881921 0.471397
vn 0.000000 -0.903989 0.427555
vn 0.000000 -0.903989 0.427555
vn 0.000000 -0.923880 0.382683
vn 0.000000 -0.923880 0.382683
vn 0.000000 -0.941544 0.336890
vn 0.000000 -0.941544 0.336890
vn 0.000000 -0.956940 0.290285
vn 0.000000 -0.956940 0.290285
vn 0.000000 -0.970031 0.242980
vn 0.000000 -0.970031 0.242980
vn 0.000000 -0.980785 0.195090
vn 0.000000 -0.980785 0.195090
vn 0.000000 -0.989177 0.146730
vn 0.000000 -0.989177 0.146730
vn 0.000000 -0.995185 0.098017
vn 0.000000 -0.995185 0.098017
vn -0.000000 0.000000 1.000000
vn -0.000000 0.000000 1.000000
vn 0.000000 1.000000 0.000000
vn 0.000000 1.000000 0.000000
vn -0.071339 0.997452 -0.000000
vn -0.071339 0.997452 -0.000000
vn -0.142315 0.989821 -0.000000
vn -0.142315 0.989821 -0.000000
vn -0.212565 0.977147 -0.000000
vn -0.212565 0.977147 -0.000000
vn -0.281733 0.959493 -0.000000
vn -0.281733 0.959493 -0.000000
vn -0.349464 0.936950 -0.000000
vn -0.349464 0.936950 -0.000000
vn -0.415415 0.909632 -0.000000
vn -0.415415 0.909632 -0.000000
vn -0.479249 0.877679 -0.000000
vn -0.479249 0.877679 -0.000000
vn -0.540641 0.841254 -0.000000
vn -0.540641 0.841254 -0.000000
vn -0.599278 0.800541 -0.000000
vn -0.599278 0.800541 -0.000000
vn -0.654861 0.755750 -0.000000
vn -0.654861 0.755750 -0.000000
vn -0.707107 0.707107 -0.000000
vn -0.707107 0.707107 -0.000000
vn -0.755750 0.654861 -0.000000
vn -0.755750 0.654861 -0.000000
vn -0.800541 0.599278 -0.000000
vn -0.800541 0.599278 -0.000000
vn -0.841254 0.540641 -0.000000
vn -0.841254 0.540641 -0.000000
vn -0.877679 0.479249 -0.000000
vn -0.877679 0.479249 -0.000000
vn -0.909632 0.415415 -0.000000
vn -0.909632 0.415415 -0.000000
vn -0.936950 0.349464 -0.000000
vn -0.936950 0.349464 -0.000000
vn -0.959493 0.281733 -0.000000
vn -0.959493 0.281733 -0.000000
vn -0.977147 0.212565 -0.000000
vn -0.977147 0.212565 -0.000000
vn -0.989821 0.142315 -0.000000
vn -0.989821 0.142315 -0.000000
vn -0.997452 0.071339 -0.000000
vn -0.997452 0.071339 -0.000000
vn 0.000000 0.000000 -1.000000
vn 0.000000 0.000000 -1.000000
vn 0.000000 0.000000 -1.000000
vn 0.000000 0.000000 -1.000000
vn 0.000000 0.000000 -1.000000
vn 0.000000 0.000000 -1.000000
vn 0.000000 0.000000 -1.000000
vn 0.000000 0.000000 -1.000000
vn 0.000000 0.000000 -1.000000
vn 0.000000 0.000000 -1.000000
vn 0.000000 0.000000 -1.000000
vn 0.000000 0.000000 -1.000000
vn 0.000000 0.000000 -1.000000
vn 0.000000 0.000000 -1.000000
vn 0.000000 0.000000 -1.000000
vn 0.000000 0.000000 -1.000000
vn 0.000000 0.000000 -1.000000
vn 0.000000 0.000000 -1.000000
vn 0.000000 0.000000 -1.000000
vn 0.000000 0.000000 -1.000000
vn 0.000000 0.000000 -1.000000
vn 0.000000 0.000000 -1.000000
vn 0.000000 0.000000 -1.000000
vn 0.000000 0.000000 -1.000000
vn 0.000000 0.000000 -1.000000
vn 0.000000 0.000000 -1.000000
vn 0.000000 0.000000 -1.000000
vn 0.000000 0.000000 -1.000000
vn 0.000000 0.000000 -1.000000
vn 0.000000 0.000000 -1.000000
vn 0.000000 0.000000 -1.000000
vn 0.000000 0.000000 -1.000000
vn 0.000000 0.000000 -1.000000
vn 0.000000 0.000000 -1.000000
vn 0.000000 0.000000 -1.000000
vn 0.000000 0.000000 -1.000000
vn 0.000000 0.000000 -1.000000
vn 0.000000 0.000000 -1.000000
vn 0.000000 0.000000 -1.000000
vn 0.000000 0.000000 -1.000000
vn 0.000000 0.000000 -1.000000
vn 0.000000 0.000000 -1.000000
vn 0.000000 0.000000 -1.000000
vn 0.000000 0.000000 -1.000000
vn 0.000000 0.000000 -1.000000
vn 0.000000 0.000000 -1.000000
vn 0.000000 0.000000 -1.000000
vn 0.000000 0.000000 -1.000000
vn 0.000000 0.000000 -1.000000
vn 0.000000 0.000000 -1.000000
vn 0.000000 0.000000 -1.000000
vn 0.000000 0.000000 -1.000000
vn 0.000000 0.000000 -1.000000
vn 0.000000 0.000000 -1.000000
vn 0.000000 0.000000 -1.000000
vn 0.000000 0.000000 -1.000000
vn 0.000000 0.000000 -1.000000
vn 0.000000 0.000000 -1.000000
vn 0.000000 0.000000 -1.000000
vn 0.000000 0.000000 -1.000000
vn 0.000000 0.000000 -1.000000
vn 0.000000 0.000000 -1.000000
vn 0.000000 0.000000 -1.000000
vn 0.000000 0.000000 -1.000000
vn 0.000000 0.000000 -1.000000
vn 0.000000 0.000000 -1.000000
vn 0.000000 0.000000 -1.000000
vn 0.000000 0.000000 -1.000000
vn 0.000000 0.000000 -1.000000
vn 0.000000 0.000000 -1.000000
vn 0.000000 0.000000 -1.000000
vn 0.000000 0.000000 -1.000000
vn 0.000000 0.000000 -1.000000
vn 0.000000 0.000000 -1.000000
vn 0.000000 0.000000 -1.000000
vn 0.000000 0.000000 -1.000000
vn 0.000000 0.000000 -1.000000
vn 0.000000 0.000000 -1.000000
vn 0.000000 0.000000 -1.000000
vn 0.000000 0.000000 -1.000000
vn 0.000000 0.000000 -1.000000
vn 0.000000 0.000000 -1.000000
vn 0.000000 0.000000 -1.000000
vn 0.000000 0.000000 -1.000000
vn 0.000000 0.000000 -1.000000
vn 0.000000 0.000000 -1.000000
vn 0.000000 0.000000 -1.000000
vn 0.000000 0.000000 -1.000000
vn 0.000000 0.000000 -1.000000
vn 0.000000 0.000000 -1.000000
vn 0.000000 0.000000 -1.000000
vn 0.000000 0.000000 -1.000000
vn 0.000000 0.000000 -1.000000
vn 0.000000 0.000000 -1.000000
vn 0.000000 0.000000 -1.000000
vn 0.000000 0.000000 -1.000000
vn 0.000000 0.000000 -1.000000
vn 0.000000 0.000000 -1.000000
vn 0.000000 0.000000 -1.000000
vn 0.000000 0.000000 -1.000000
vn 0.000000 0.000000 -1.000000
vn 0.000000 0.000000 -1.000000
vn 0.000000 0.000000 -1.000000
vn 0.000000 0.000000 -1.000000
vn 0.000000 0.000000 -1.000000
vn 0.000000 0.000000 -1.000000
vn 0.000000 0.000000 -1.000000
vn 0.000000 0.000000 -1.000000
vn 0.000000 0.000000 -1.000000
vn 0.000000 0.000000 -1.000000
vn 0.000000 0.000000 -1.000000
vn 0.000000 0.000000 -1.000000
vn 0.000000 0.000000 -1.000000
vn 0.000000 0.000000 -1.000000
vn 0.000000 0.000000 -1.000000
vn 0.000000 0.000000 -1.000000
vn 0.000000 0.000000 -1.000000
vn 0.000000 0.000000 -1.000000
vn 0.000000 0.000000 -1.000000
vn 0.000000 0.000000 -1.000000
vn 0.000000 0.000000 -1.000000
vn 0.000000 0.000000 -1.000000
vn 0.000000 0.000000 -1.000000
vn 0.000000 0.000000 -1.000000
vn 0.000000 0.000000 -1.000000
vn 0.000000 0.000000 -1.000000
vn 0.000000 0.000000 -1.000000
vn 0.000000 0.000000 -1.000000
vn 0.000000 0.000000 -1.000000
vn 0.000000 0.000000 -1.000000
vn 0.000000 0.000000 -1.000000
vn 0.000000 0.000000 -1.000000
vn 0.000000 0.000000 -1.000000
vn 0.000000 0.000000 -1.000000
vn 0.000000 0.000000 -1.000000
vn 0.000000 1.000000 -0.000000
vn 0.000000 1.000000 -0.000000
vn 0.071339 0.997452 -0.000000
vn 0.071339 0.997452 -0.000000
vn 0.142315 0.989821 -0.000000
vn 0.142315 0.989821 -0.000000
vn 0.212565 0.977147 -0.000000
vn 0.212565 0.977147 -0.000000
vn 0.281733 0.959493 -0.000000
vn 0.281733 0.959493 -0.000000
vn 0.349464 0.936950 -0.000000
vn 0.349464 0.936950 -0.000000
vn 0.415415 0.909632 -0.000000
vn 0.415415 0.909632 -0.000000
vn 0.479249 0.877679 -0.000000
vn 0.479249 0.877679 -0.000000
vn 0.540641 0.841254 -0.000000
vn 0.540641 0.841254 -0.000000
vn 0.599278 0.800541 -0.000000
vn 0.599278 0.800541 -0.000000
vn 0.654861 0.755750 -0.000000
vn 0.654861 0.755750 -0.000000
vn 0.707107 0.707107 -0.000000
vn 0.707107 0.707107 -0.000000
vn 0.755750 0.654861 -0.000000
vn 0.755750 0.654861 -0.000000
vn 0.800541 0.599278 -0.000000
vn 0.800541 0.599278 -0.000000
vn 0.841254 0.540641 -0.000000
vn 0.841254 0.540641 -0.000000
vn 0.877679 0.479249 -0.000000
vn 0.877679 0.479249 -0.000000
vn 0.909632 0.415415 -0.000000
vn 0.909632 0.415415 -0.000000
vn 0.936950 0.349464 -0.000000
vn 0.936950 0.349464 -0.000000
vn 0.959493 0.281733 -0.000000
vn 0.959493 0.281733 -0.000000
vn 0.977147 0.212565 -0.000000
vn 0.977147 0.212565 -0.000000
vn 0.989821 0.142315 -0.000000
vn 0.989821 0.142315 -0.000000
vn 0.997452 0.071339 -0.000000
vn 0.997452 0.071339 -0.000000
vn 0.000000 0.993712 -0.111964
vn 0.000000 0.993712 -0.111964
vn 0.000000 1.000000 0.000000
vn 0.000000 0.993712 -0.111964
vn 0.000000 0.993712 -0.111964
vn 0.000000 0.974928 -0.222521
vn 0.000000 0.974928 -0.222521
vn 0.000000 0.943883 -0.330279
vn 0.000000 0.943883 -0.330279
vn 0.000000 0.900969 -0.433884
vn 0.000000 0.900969 -0.433884
vn 0.000000 0.846724 -0.532032
vn 0.000000 0.846724 -0.532032
vn 0.000000 0.781831 -0.623490
vn 0.000000 0.781831 -0.623490
vn 0.000000 0.707107 -0.707107
vn 0.000000 0.707107 -0.707107
vn 0.000000 0.623490 -0.781831
vn 0.000000 0.623490 -0.781831
vn 0.000000 0.532032 -0.846724
vn 0.000000 0.532032 -0.846724
vn 0.000000 0.433884 -0.900969
vn 0.000000 0.433884 -0.900969
vn 0.000000 0.330279 -0.943883
vn 0.000000 0.330279 -0.943883
vn 0.000000 0.222521 -0.974928
vn 0.000000 0.222521 -0.974928
vn 0.000000 0.111964 -0.993712
vn 0.000000 0.111964 -0.993712
vn 0.000000 0.111964 -0.993712
vn 0.000000 0.111964 -0.993712
vn 0.000000 0.222521 -0.974928
vn 0.000000 0.222521 -0.974928
vn 0.000000 0.330279 -0.943883
vn 0.000000 0.330279 -0.943883
vn 0.000000 0.433884 -0.900969
vn 0.000000 0.433884 -0.900969
vn 0.000000 0.532032 -0.846724
vn 0.000000 0.532032 -0.846724
vn 0.000000 0.623490 -0.781831
vn 0.000000 0.623490 -0.781831
vn 0.000000 0.707107 -0.707107
vn 0.000000 0.707107 -0.707107
vn 0.000000 0.781831 -0.623490
vn 0.000000 0.781831 -0.623490
vn 0.000000 0.846724 -0.532032
vn 0.000000 0.846724 -0.532032
vn 0.000000 0.900969 -0.433884
vn 0.000000 0.900969 -0.433884
vn 0.000000 0.943883 -0.330279
vn 0.000000 0.943883 -0.330279
vn 0.000000 0.974928 -0.222521
vn 0.000000 0.974928 -0.222521
vn 0.000000 0.433884 -0.900969
vn 0.000000 0.330279 -0.943883
vn 0.000000 0.222521 -0.974928
vn 0.000000 0.111964 -0.993712
vn 0.000000 0.330279 -0.943883
vn 0.000000 0.222521 -0.974928
vn 0.000000 0.111964 -0.993712
vn 0.000000 0.222521 -0.974928
vn 0.000000 0.111964 -0.993712
vn 0.000000 0.111964 -0.993712
vn 0.000000 0.900969 -0.433884
vn 0.000000 0.943883 -0.330279
vn 0.000000 0.974928 -0.222521
vn 0.000000 0.993712 -0.111964
vn 0.000000 0.943883 -0.330279
vn 0.000000 0.974928 -0.222521
vn 0.000000 0.993712 -0.111964
vn 0.000000 1.000000 -0.000000
vn 0.000000 0.974928 -0.222521
vn 0.000000 0.993712 -0.111964
vn 0.000000 0.993712 -0.111964
vn 0.000000 0.974928 -0.222521
vn 0.000000 0.943883 -0.330279
vn 0.000000 0.900969 -0.433884
vn 0.000000 0.846724 -0.532032
vn 0.000000 0.781831 -0.623490
vn 0.000000 0.707107 -0.707107
vn 0.000000 0.623490 -0.781831
vn 0.000000 0.532032 -0.846724
vn 0.000000 0.943883 -0.330279
vn 0.000000 0.900969 -0.433884
vn 0.000000 0.846724 -0.532032
vn 0.000000 0.900969 -0.433884
vn 0.000000 0.846724 -0.532032
vn 0.000000 0.781831 -0.623490
vn 0.000000 0.707107 -0.707107
vn 0.000000 0.623490 -0.781831
vn 0.000000 0.532032 -0.846724
vn 0.000000 0.433884 -0.900969
vn 0.000000 0.846724 -0.532032
vn 0.000000 0.781831 -0.623490
vn 0.000000 0.781831 -0.623490
vn 0.000000 0.707107 -0.707107
vn 0.000000 0.623490 -0.781831
vn 0.000000 0.532032 -0.846724
vn 0.000000 0.433884 -0.900969
vn 0.000000 0.330279 -0.943883
vn 0.000000 0.707107 -0.707107
vn 0.000000 0.623490 -0.781831
vn 0.000000 0.532032 -0.846724
vn 0.000000 0.433884 -0.900969
vn 0.000000 0.330279 -0.943883
vn 0.000000 0.222521 -0.974928
vn 0.000000 0.997452 -0.071339
vn 0.000000 0.997452 -0.071339
vn 0.000000 1.000000 -0.000000
vn 0.000000 0.997452 -0.071339
vn 0.000000 0.997452 -0.071339
vn 0.000000 0.989821 -0.142315
vn 0.000000 0.989821 -0.142315
vn 0.000000 0.977147 -0.212565
vn 0.000000 0.977147 -0.212565
vn 0.000000 0.959493 -0.281733
vn 0.000000 0.959493 -0.281733
vn 0.000000 0.936950 -0.349464
vn 0.000000 0.936950 -0.349464
vn 0.000000 0.909632 -0.415415
vn 0.000000 0.909632 -0.415415
vn 0.000000 0.877679 -0.479249
vn 0.000000 0.877679 -0.479249
vn 0.000000 0.841254 -0.540641
vn 0.000000 0.841254 -0.540641
vn 0.000000 0.800541 -0.599278
vn 0.000000 0.800541 -0.599278
vn 0.000000 0.755750 -0.654861
vn 0.000000 0.755750 -0.654861
vn 0.000000 0.707107 -0.707107
vn 0.000000 0.707107 -0.707107
vn 0.000000 0.654861 -0.755750
vn 0.000000 0.654861 -0.755750
vn 0.000000 0.599278 -0.800541
vn 0.000000 0.599278 -0.800541
vn 0.000000 0.540641 -0.841254
vn 0.000000 0.540641 -0.841254
vn 0.000000 0.479249 -0.877679
vn 0.000000 0.479249 -0.877679
vn 0.000000 0.415415 -0.909632
vn 0.000000 0.415415 -0.909632
vn 0.000000 0.349464 -0.936950
vn 0.000000 0.349464 -0.936950
vn 0.000000 0.281733 -0.959493
vn 0.000000 0.281733 -0.959493
vn 0.000000 0.212565 -0.977147
vn 0.000000 0.212565 -0.977147
vn 0.000000 0.142315 -0.989821
vn 0.000000 0.142315 -0.989821
vn 0.000000 0.071339 -0.997452
vn 0.000000 0.071339 -0.997452
vn -0.000000 -0.000000 -1.000000
vn 0.000000 0.071339 -0.997452
vn 0.000000 0.071339 -0.997452
vn 0.000000 0.142315 -0.989821
vn 0.000000 0.142315 -0.989821
vn 0.000000 0.212565 -0.977147
vn 0.000000 0.212565 -0.977147
vn 0.000000 0.281733 -0.959493
vn 0.000000 0.281733 -0.959493
vn 0.000000 0.349464 -0.936950
vn 0.000000 0.349464 -0.936950
vn 0.000000 0.415415 -0.909632
vn 0.000000 0.415415 -0.909632
vn 0.000000 0.479249 -0.877679
vn 0.000000 0.479249 -0.877679
vn 0.000000 0.540641 -0.841254
vn 0.000000 0.540641 -0.841254
vn 0.000000 0.599278 -0.800541
vn 0.000000 0.599278 -0.800541
vn 0.000000 0.654861 -0.755750
vn 0.000000 0.654861 -0.755750
vn 0.000000 0.707107 -0.707107
vn 0.000000 0.707107 -0.707107
vn 0.000000 0.755750 -0.654861
vn 0.000000 0.755750 -0.654861
vn 0.000000 0.800541 -0.599278
vn 0.000000 0.800541 -0.599278
vn 0.000000 0.841254 -0.540641
vn 0.000000 0.841254 -0.540641
vn 0.000000 0.877679 -0.479249
vn 0.000000 0.877679 -0.479249
vn 0.000000 0.909632 -0.415415
vn 0.000000 0.909632 -0.415415
vn 0.000000 0.936950 -0.349464
vn 0.000000 0.936950 -0.349464
vn 0.000000 0.959493 -0.281733
vn 0.000000 0.959493 -0.281733
vn 0.000000 0.977147 -0.212565
vn 0.000000 0.977147 -0.212565
vn 0.000000 0.989821 -0.142315
vn 0.000000 0.989821 -0.142315
vn 0.000000 0.142315 -0.989821
vn 0.000000 0.071339 -0.997452
vn 0.000000 -0.000000 -1.000000
vn 0.000000 0.071339 -0.997452
vn 0.000000 0.989821 -0.142315
vn 0.000000 0.997452 -0.071339
vn 0.000000 1.000000 -0.000000
vn 0.000000 0.997452 -0.071339
vn 0.000000 0.989821 -0.142315
vn 0.000000 0.977147 -0.212565
vn 0.000000 0.959493 -0.281733
vn 0.000000 0.936950 -0.349464
vn 0.000000 0.909632 -0.415415
vn 0.000000 0.877679 -0.479249
vn 0.000000 0.841254 -0.540641
vn 0.000000 0.800541 -0.599278
vn 0.000000 0.755750 -0.654861
vn 0.000000 0.707107 -0.707107
vn 0.000000 0.654861 -0.755750
vn 0.000000 0.599278 -0.800541
vn 0.000000 0.540641 -0.841254
vn 0.000000 0.479249 -0.877679
vn 0.000000 0.415415 -0.909632
vn 0.000000 0.349464 -0.936950
vn 0.000000 0.281733 -0.959493
vn 0.000000 0.212565 -0.977147
vn 0.000000 0.977147 -0.212565
vn 0.000000 0.959493 -0.281733
vn 0.000000 0.936950 -0.349464
vn 0.000000 0.909632 -0.415415
vn 0.000000 0.877679 -0.479249
vn 0.000000 0.841254 -0.540641
vn 0.000000 0.800541 -0.599278
vn 0.000000 0.755750 -0.654861
vn 0.000000 0.707107 -0.707107
vn 0.000000 0.654861 -0.755750
vn 0.000000 0.599278 -0.800541
vn 0.000000 0.540641 -0.841254
vn 0.000000 0.479249 -0.877679
vn 0.000000 0.415415 -0.909632
vn 0.000000 0.349464 -0.936950
vn 0.000000 0.281733 -0.959493
vn 0.000000 0.212565 -0.977147
vn 0.000000 0.142315 -0.989821
vn 0.000000 -0.000000 -1.000000
vn 0.000000 -0.000000 -1.000000
vn 0.997393 -0.072158 0.000000
vn 0.997393 -0.072158 0.000000
vn 1.000000 -0.000000 0.000000
vn 1.000000 -0.000000 0.000000
vn 0.997393 0.072158 -0.000000
vn 0.997393 0.072158 -0.000000
vn 0.989587 0.143939 -0.000000
vn 0.989587 0.143939 -0.000000
vn 0.976621 0.214970 -0.000000
vn 0.976621 0.214970 -0.000000
vn 0.958563 0.284881 -0.000000
vn 0.958563 0.284881 -0.000000
vn 0.935508 0.353306 -0.000000
vn 0.935508 0.353306 -0.000000
vn 0.907575 0.419889 -0.000000
vn 0.907575 0.419889 -0.000000
vn 0.874911 0.484283 -0.000000
vn 0.874911 0.484283 -0.000000
vn 0.837686 0.546152 -0.000000
vn 0.837686 0.546152 -0.000000
vn 0.796093 0.605174 -0.000000
vn 0.796093 0.605174 -0.000000
vn 0.750350 0.661041 -0.000000
vn 0.750350 0.661041 -0.000000
vn 0.700695 0.713461 -0.000000
vn 0.700695 0.713461 -0.000000
vn 0.647386 0.762162 -0.000000
vn 0.647386 0.762162 -0.000000
vn 0.590703 0.806889 -0.000000
vn 0.590703 0.806889 -0.000000
vn 0.530940 0.847410 -0.000000
vn 0.530940 0.847410 -0.000000
vn 0.468408 0.883512 -0.000000
vn 0.468408 0.883512 -0.000000
vn 0.403435 0.915008 -0.000000
vn 0.403435 0.915008 -0.000000
vn 0.336359 0.941734 -0.000000
vn 0.336359 0.941734 -0.000000
vn 0.267528 0.963550 -0.000000
vn 0.267528 0.963550 -0.000000
vn 0.197303 0.980342 -0.000000
vn 0.197303 0.980342 -0.000000
vn 0.126050 0.992024 -0.000000
vn 0.126050 0.992024 -0.000000
vn 0.054139 0.998533 -0.000000
vn 0.054139 0.998533 -0.000000
vn -0.018054 0.999837 0.000000
vn -0.018054 0.999837 0.000000
vn -0.090153 0.995928 0.000000
vn -0.090153 0.995928 0.000000
vn -0.161782 0.986827 0.000000
vn -0.161782 0.986827 0.000000
vn -0.232567 0.972580 0.000000
vn -0.232567 0.972580 0.000000
vn -0.302140 0.953263 0.000000
vn -0.302140 0.953263 0.000000
vn -0.370138 0.928977 0.000000
vn -0.370138 0.928977 0.000000
vn -0.436206 0.899847 0.000000
vn -0.436206 0.899847 0.000000
vn -0.500000 0.866025 0.000000
vn -0.500000 0.866025 0.000000
vn -0.561187 0.827689 0.000000
vn -0.561187 0.827689 0.000000
vn -0.619448 0.785037 0.000000
vn -0.619448 0.785037 0.000000
vn -0.674480 0.738293 0.000000
vn -0.674480 0.738293 0.000000
vn -0.725995 0.687699 0.000000
vn -0.725995 0.687699 0.000000
vn -0.773726 0.633521 0.000000
vn -0.773726 0.633521 0.000000
vn -0.817422 0.576039 0.000000
vn -0.817422 0.576039 0.000000
vn -0.856857 0.515554 0.000000
vn -0.856857 0.515554 0.000000
vn -0.891825 0.452381 0.000000
vn -0.891825 0.452381 0.000000
vn -0.922143 0.386850 0.000000
vn -0.922143 0.386850 0.000000
vn -0.947653 0.319302 0.000000
vn -0.947653 0.319302 0.000000
vn -0.968223 0.250089 0.000000
vn -0.968223 0.250089 0.000000
vn -0.983745 0.179572 0.000000
vn -0.983745 0.179572 0.000000
vn -0.994138 0.108119 0.000000
vn -0.994138 0.108119 0.000000
vn -0.999348 0.036102 0.000000
vn -0.999348 0.036102 0.000000
vn -0.999348 -0.036102 0.000000
vn -0.999348 -0.036102 0.000000
vn -0.994138 -0.108119 0.000000
vn -0.994138 -0.108119 0.000000
vn -0.983745 -0.179572 0.000000
vn -0.983745 -0.179572 0.000000
vn -0.968223 -0.250089 0.000000
vn -0.968223 -0.250089 0.000000
vn -0.947653 -0.319302 0.000000
vn -0.947653 -0.319302 0.000000
vn -0.922143 -0.386850 0.000000
vn -0.922143 -0.386850 0.000000
vn -0.891825 -0.452381 0.000000
vn -0.891825 -0.452381 0.000000
vn -0.856857 -0.515554 0.000000
vn -0.856857 -0.515554 0.000000
vn -0.817422 -0.576039 0.000000
vn -0.817422 -0.576039 0.000000
vn -0.773726 -0.633521 0.000000
vn -0.773726 -0.633521 0.000000
vn -0.725995 -0.687699 0.000000
vn -0.725995 -0.687699 0.000000
vn -0.674480 -0.738293 0.000000
vn -0.674480 -0.738293 0.000000
vn -0.619448 -0.785037 0.000000
vn -0.619448 -0.785037 0.000000
vn -0.561187 -0.827689 0.000000
vn -0.561187 -0.827689 0.000000
vn -0.500000 -0.866025 0.000000
vn -0.500000 -0.866025 0.000000
vn -0.436206 -0.899847 0.000000
vn -0.436206 -0.899847 0.000000
vn -0.370138 -0.928977 0.000000
vn -0.370138 -0.928977 0.000000
vn -0.302140 -0.953263 0.000000
vn -0.302140 -0.953263 0.000000
vn -0.232567 -0.972580 0.000000
vn -0.232567 -0.972580 0.000000
vn -0.161782 -0.986827 0.000000
vn -0.161782 -0.986827 0.000000
vn -0.090153 -0.995928 0.000000
vn -0.090153 -0.995928 0.000000
vn -0.018054 -0.999837 0.000000
vn -0.018054 -0.999837 0.000000
vn 0.054139 -0.998533 0.000000
vn 0.054139 -0.998533 0.000000
vn 0.126050 -0.992024 0.000000
vn 0.126050 -0.992024 0.000000
vn 0.197303 -0.980342 0.000000
vn 0.197303 -0.980342 0.000000
vn 0.267528 -0.963550 0.000000
vn 0.267528 -0.963550 0.000000
vn 0.336359 -0.941734 0.000000
vn 0.336359 -0.941734 0.000000
vn 0.403435 -0.915008 0.000000
vn 0.403435 -0.915008 0.000000
vn 0.468408 -0.883512 0.000000
vn 0.468408 -0.883512 0.000000
vn 0.530940 -0.847410 0.000000
vn 0.530940 -0.847410 0.000000
vn 0.590703 -0.806889 0.000000
vn 0.590703 -0.806889 0.000000
vn 0.647386 -0.762162 0.000000
vn 0.647386 -0.762162 0.000000
vn 0.700695 -0.713461 0.000000
vn 0.700695 -0.713461 0.000000
vn 0.750350 -0.661041 0.000000
vn 0.750350 -0.661041 0.000000
vn 0.796093 -0.605174 0.000000
vn 0.796093 -0.605174 0.000000
vn 0.837686 -0.546152 0.000000
vn 0.837686 -0.546152 0.000000
vn 0.874911 -0.484283 0.000000
vn 0.874911 -0.484283 0.000000
vn 0.907575 -0.419889 0.000000
vn 0.907575 -0.419889 0.000000
vn 0.935508 -0.353306 0.000000
vn 0.935508 -0.353306 0.000000
vn 0.958563 -0.284881 0.000000
vn 0.958563 -0.284881 0.000000
vn 0.976621 -0.214970 0.000000
vn 0.976621 -0.214970 0.000000
vn 0.989587 -0.143939 0.000000
vn 0.989587 -0.143939 0.000000
vn 0.000000 -0.931449 -0.363872
vn 0.000000 -0.931449 -0.363872
vn 0.000000 -0.931449 -0.363872
vn 0.000000 -0.931449 -0.363872
vn 0.000000 -0.916175 -0.400779
vn 0.000000 -0.916175 -0.400779
vn 0.000000 -0.899439 -0.437047
vn 0.000000 -0.899439 -0.437047
vn 0.000000 -0.881268 -0.472618
vn 0.000000 -0.881268 -0.472618
vn 0.000000 -0.861690 -0.507434
vn 0.000000 -0.861690 -0.507434
vn 0.000000 -0.840739 -0.541441
vn 0.000000 -0.840739 -0.541441
vn 0.000000 -0.818445 -0.574584
vn 0.000000 -0.818445 -0.574584
vn 0.000000 -0.794846 -0.606811
vn 0.000000 -0.794846 -0.606811
vn 0.000000 -0.769979 -0.638069
vn 0.000000 -0.769979 -0.638069
vn 0.000000 -0.743884 -0.668309
vn 0.000000 -0.743884 -0.668309
vn 0.000000 -0.716601 -0.697483
vn 0.000000 -0.716601 -0.697483
vn 0.000000 -0.688176 -0.725544
vn 0.000000 -0.688176 -0.725544
vn 0.000000 -0.658652 -0.752448
vn 0.000000 -0.658652 -0.752448
vn 0.000000 -0.628077 -0.778151
vn 0.000000 -0.628077 -0.778151
vn 0.000000 -0.596501 -0.802612
vn 0.000000 -0.596501 -0.802612
vn 0.000000 -0.563973 -0.825794
vn 0.000000 -0.563973 -0.825794
vn 0.000000 -0.530544 -0.847657
vn 0.000000 -0.530544 -0.847657
vn 0.000000 -0.496270 -0.868168
vn 0.000000 -0.496270 -0.868168
vn 0.000000 -0.461204 -0.887294
vn 0.000000 -0.461204 -0.887294
vn 0.000000 -0.425402 -0.905005
vn 0.000000 -0.425402 -0.905005
vn 0.000000 -0.388921 -0.921271
vn 0.000000 -0.388921 -0.921271
vn 0.000000 -0.351819 -0.936068
vn 0.000000 -0.351819 -0.936068
vn 0.000000 -0.314157 -0.949371
vn 0.000000 -0.314157 -0.949371
vn 0.000000 -0.275993 -0.961160
vn 0.000000 -0.275993 -0.961160
vn 0.000000 -0.237389 -0.971415
vn 0.000000 -0.237389 -0.971415
vn 0.000000 -0.198406 -0.980120
vn 0.000000 -0.198406 -0.980120
vn 0.000000 -0.159106 -0.987261
vn 0.000000 -0.159106 -0.987261
vn 0.000000 -0.119553 -0.992828
vn 0.000000 -0.119553 -0.992828
vn 0.000000 -0.079809 -0.996810
vn 0.000000 -0.079809 -0.996810
vn 0.000000 -0.039937 -0.999202
vn 0.000000 -0.039937 -0.999202
vn 0.000000 -0.000002 -1.000000
vn 0.000000 -0.000002 -1.000000
vn 0.000000 -0.039937 -0.999202
vn 0.000000 -0.079809 -0.996810
vn 0.000000 -0.119553 -0.992828
vn 0.000000 -0.159106 -0.987261
vn 0.000000 -0.198406 -0.980120
vn 0.000000 -0.237389 -0.971415
vn 0.000000 -0.275993 -0.961160
vn 0.000000 -0.314157 -0.949371
vn 0.000000 -0.351819 -0.936068
vn 0.000000 -0.388921 -0.921271
vn 0.000000 -0.425402 -0.905005
vn 0.000000 -0.461204 -0.887294
vn 0.000000 -0.496270 -0.868168
vn 0.000000 -0.530544 -0.847657
vn 0.000000 -0.563973 -0.825794
vn 0.000000 -0.596501 -0.802612
vn 0.000000 -0.628077 -0.778151
vn 0.000000 -0.658652 -0.752448
vn 0.000000 -0.688176 -0.725544
vn 0.000000 -0.716601 -0.697483
vn 0.000000 -0.743884 -0.668309
vn 0.000000 -0.769979 -0.638069
vn 0.000000 -0.794846 -0.606811
vn 0.000000 -0.818445 -0.574584
vn 0.000000 -0.840739 -0.541441
vn 0.000000 -0.861690 -0.507434
vn 0.000000 -0.881268 -0.472618
vn 0.000000 -0.899439 -0.437047
vn 0.000000 -0.916175 -0.400779
vn 0.000000 -0.039937 -0.999202
vn 0.000000 -0.079809 -0.996810
vn 0.000000 -0.119553 -0.992828
vn 0.000000 -0.159106 -0.987261
vn 0.000000 -0.198406 -0.980120
vn 0.000000 -0.237389 -0.971415
vn 0.000000 -0.275993 -0.961160
vn 0.000000 -0.314157 -0.949371
vn 0.000000 -0.351819 -0.936068
vn 0.000000 -0.388921 -0.921271
vn 0.000000 -0.425402 -0.905005
vn 0.000000 -0.461204 -0.887294
vn 0.000000 -0.496270 -0.868168
vn 0.000000 -0.530544 -0.847657
vn 0.000000 -0.563973 -0.825794
vn 0.000000 -0.596501 -0.802612
vn 0.000000 -0.628077 -0.778151
vn 0.000000 -0.658652 -0.752448
vn 0.000000 -0.688176 -0.725544
vn 0.000000 -0.716601 -0.697483
vn 0.000000 -0.743884 -0.668309
vn 0.000000 -0.769979 -0.638069
vn 0.000000 -0.794846 -0.606811
vn 0.000000 -0.818445 -0.574584
vn 0.000000 -0.840739 -0.541441
vn 0.000000 -0.861690 -0.507434
vn 0.000000 -0.881268 -0.472618
vn 0.000000 -0.899439 -0.437047
vn 0.000000 -0.916175 -0.400779
vn -0.000000 0.048463 0.998825
vn -0.000000 0.048463 0.998825
vn -0.000000 0.000000 1.000000
vn -0.000000 0.048463 0.998825
vn -0.000000 0.000000 1.000000
vn -0.000000 0.048463 0.998825
vn -0.000000 0.096812 0.995303
vn -0.000000 0.096812 0.995303
vn -0.000000 0.144934 0.989441
vn -0.000000 0.144934 0.989441
vn -0.000000 0.192715 0.981255
vn -0.000000 0.192715 0.981255
vn -0.000000 0.240043 0.970762
vn -0.000000 0.240043 0.970762
vn -0.000000 0.286807 0.957988
vn -0.000000 0.286807 0.957988
vn -0.000000 0.332897 0.942963
vn -0.000000 0.332897 0.942963
vn -0.000000 0.378205 0.925722
vn -0.000000 0.378205 0.925722
vn -0.000000 0.422624 0.906305
vn -0.000000 0.422624 0.906305
vn -0.000000 0.466050 0.884758
vn -0.000000 0.466050 0.884758
vn -0.000000 0.508380 0.861133
vn -0.000000 0.508380 0.861133
vn -0.000000 0.549516 0.835483
vn -0.000000 0.549516 0.835483
vn -0.000000 0.589361 0.807870
vn -0.000000 0.589361 0.807870
vn -0.000000 0.627820 0.778359
vn -0.000000 0.627820 0.778359
vn -0.000000 0.664804 0.747018
vn -0.000000 0.664804 0.747018
vn -0.000000 0.700225 0.713922
vn -0.000000 0.700225 0.713922
vn -0.000000 0.734002 0.679148
vn -0.000000 0.734002 0.679148
vn -0.000000 0.766053 0.642778
vn -0.000000 0.766053 0.642778
vn -0.000000 0.796304 0.604897
vn -0.000000 0.796304 0.604897
vn -0.000000 0.824683 0.565595
vn -0.000000 0.824683 0.565595
vn -0.000000 0.851125 0.524964
vn -0.000000 0.851125 0.524964
vn -0.000000 0.875566 0.483099
vn -0.000000 0.875566 0.483099
vn -0.000000 0.897949 0.440099
vn -0.000000 0.897949 0.440099
vn -0.000000 0.918223 0.396064
vn -0.000000 0.918223 0.396064
vn -0.000000 0.936338 0.351099
vn -0.000000 0.936338 0.351099
vn -0.000000 0.952254 0.305308
vn -0.000000 0.952254 0.305308
vn -0.000000 0.965931 0.258800
vn -0.000000 0.965931 0.258800
vn -0.000000 0.977338 0.211684
vn -0.000000 0.977338 0.211684
vn -0.000000 0.986449 0.164071
vn -0.000000 0.986449 0.164071
vn -0.000000 0.993241 0.116072
vn -0.000000 0.993241 0.116072
vn -0.000000 0.997699 0.067800
vn -0.000000 0.997699 0.067800
vn -0.000000 0.999812 0.019369
vn -0.000000 0.999812 0.019369
vn 0.000000 0.999576 -0.029108
vn 0.000000 0.999576 -0.029108
vn 0.000000 0.996991 -0.077517
vn 0.000000 0.996991 -0.077517
vn 0.000000 0.992063 -0.125743
vn 0.000000 0.996991 -0.077517
vn 0.000000 0.992063 -0.125743
vn 0.000000 0.996991 -0.077517
vn 0.000000 0.999576 -0.029108
vn 0.000000 0.999576 -0.029108
vn -0.000000 0.999812 0.019369
vn -0.000000 0.999812 0.019369
vn -0.000000 0.997699 0.067800
vn -0.000000 0.997699 0.067800
vn -0.000000 0.993241 0.116072
vn -0.000000 0.993241 0.116072
vn -0.000000 0.986449 0.164071
vn -0.000000 0.986449 0.164071
vn -0.000000 0.977338 0.211684
vn -0.000000 0.977338 0.211684
vn -0.000000 0.965931 0.258800
vn -0.000000 0.965931 0.258800
vn -0.000000 0.952254 0.305308
vn -0.000000 0.952254 0.305308
vn -0.000000 0.936338 0.351099
vn -0.000000 0.936338 0.351099
vn -0.000000 0.918223 0.396064
vn -0.000000 0.918223 0.396064
vn -0.000000 0.897949 0.440099
vn -0.000000 0.897949 0.440099
vn -0.000000 0.875566 0.483099
vn -0.000000 0.875566 0.483099
vn -0.000000 0.851125 0.524964
vn -0.000000 0.851125 0.524964
vn -0.000000 0.824683 0.565595
vn -0.000000 0.824683 0.565595
vn -0.000000 0.796304 0.604897
vn -0.000000 0.796304 0.604897
vn -0.000000 0.766053 0.642778
vn -0.000000 0.766053 0.642778
vn -0.000000 0.734002 0.679148
vn -0.000000 0.734002 0.679148
vn -0.000000 0.700225 0.713922
vn -0.000000 0.700225 0.713922
vn -0.000000 0.664804 0.747018
vn -0.000000 0.664804 0.747018
vn -0.000000 0.627820 0.778359
vn -0.000000 0.627820 0.778359
vn -0.000000 0.589361 0.807870
vn -0.000000 0.589361 0.807870
vn -0.000000 0.549516 0.835483
vn -0.000000 0.549516 0.835483
vn -0.000000 0.508380 0.861133
vn -0.000000 0.508380 0.861133
vn -0.000000 0.466050 0.884758
vn -0.000000 0.466050 0.884758
vn -0.000000 0.422624 0.906305
vn -0.000000 0.422624 0.906305
vn -0.000000 0.378205 0.925722
vn -0.000000 0.378205 0.925722
vn -0.000000 0.332897 0.942963
vn -0.000000 0.332897 0.942963
vn -0.000000 0.286807 0.957988
vn -0.000000 0.286807 0.957988
vn -0.000000 0.240043 0.970762
vn -0.000000 0.240043 0.970762
vn -0.000000 0.192715 0.981255
vn -0.000000 0.192715 0.981255
vn -0.000000 0.144934 0.989441
vn -0.000000 0.144934 0.989441
vn -0.000000 0.096812 0.995303
vn -0.000000 0.096812 0.995303
vn 0.000000 -0.000000 -1.000000
vn 0.000000 -0.000000 -1.000000
vn -0.000000 0.000000 1.000000
vn -0.000000 0.000000 1.000000
vn -0.000000 0.000000 1.000000
vn -0.000000 0.000000 1.000000
vn -0.000000 0.000000 1.000000
vn -0.000000 0.000000 1.000000
vn -0.000000 0.000000 1.000000
vn -0.000000 0.000000 1.000000
vn -0.000000 0.000000 1.000000
vn -0.000000 0.000000 1.000000
vn -0.000000 0.000000 1.000000
vn -0.000000 0.000000 1.000000
vn -0.000000 0.000000 1.000000
vn -0.000000 0.000000 1.000000
vn -0.000000 0.000000 1.000000
vn -0.000000 0.000000 1.000000
vn -0.000000 0.000000 1.000000
vn -0.000000 0.000000 1.000000
vn -0.000000 0.000000 1.000000
vn -0.000000 0.000000 1.000000
vn -0.000000 0.000000 1.000000
vn -0.000000 0.000000 1.000000
vn -0.000000 0.000000 1.000000
vn -0.000000 0.000000 1.000000
vn -0.000000 0.000000 1.000000
vn -0.000000 0.000000 1.000000
vn -0.000000 0.000000 1.000000
vn -0.000000 0.000000 1.000000
vn -0.000000 0.000000 1.000000
vn -0.000000 0.000000 1.000000
vn -0.000000 0.000000 1.000000
vn -0.000000 0.000000 1.000000
vn -0.000000 0.000000 1.000000
vn -0.000000 0.000000 1.000000
vn -0.000000 0.000000 1.000000
vn -0.000000 0.000000 1.000000
vn -0.000000 0.000000 1.000000
vn -0.000000 0.000000 1.000000
vn -0.000000 0.000000 1.000000
vn -0.000000 0.000000 1.000000
vn -0.000000 0.000000 1.000000
vn -0.000000 0.000000 1.000000
vn -0.000000 0.000000 1.000000
vn -0.000000 0.000000 1.000000
vn -0.000000 0.000000 1.000000
vn -0.000000 0.000000 1.000000
vn -0.000000 0.000000 1.000000
vn -0.000000 0.000000 1.000000
vn -0.000000 0.000000 1.000000
vn -0.000000 0.000000 1.000000
vn -0.000000 0.000000 1.000000
vn -0.000000 0.000000 1.000000
vn -0.000000 0.000000 1.000000
vn -0.000000 0.000000 1.000000
vn -0.000000 0.000000 1.000000
vn -0.000000 0.000000 1.000000
vn -0.000000 0.000000 1.000000
vn -0.000000 0.000000 1.000000
vn -0.000000 0.000000 1.000000
vn -0.000000 0.000000 1.000000
vn -0.000000 0.000000 1.000000
vn -0.000000 0.000000 1.000000
vn -0.000000 0.000000 1.000000
vn -0.000000 0.000000 1.000000
vn -0.000000 0.000000 1.000000
vn -0.000000 0.000000 1.000000
vn -0.000000 0.000000 1.000000
vn -0.000000 0.000000 1.000000
vn -0.000000 0.000000 1.000000
vn -0.000000 0.000000 1.000000
vn -0.000000 0.000000 1.000000
vn -0.000000 0.000000 1.000000
vn -0.000000 0.000000 1.000000
vn -0.000000 0.000000 1.000000
vn -0.000000 0.000000 1.000000
vn -0.000000 0.000000 1.000000
vn -0.000000 0.000000 1.000000
vn -0.000000 0.000000 1.000000
vn -0.000000 0.000000 1.000000
vn -0.000000 0.000000 1.000000
vn -0.000000 0.000000 1.000000
vn -0.000000 0.000000 1.000000
vn -0.000000 0.000000 1.000000
vn -0.000000 0.000000 1.000000
vn -0.000000 0.000000 1.000000
vn -0.000000 0.000000 1.000000
vn -0.000000 0.000000 1.000000
vn -0.000000 0.000000 1.000000
vn -0.000000 0.000000 1.000000
vn -0.000000 0.000000 1.000000
vn -0.000000 0.000000 1.000000
vn -0.000000 0.000000 1.000000
vn -0.000000 0.000000 1.000000
vn -0.000000 0.000000 1.000000
vn -0.000000 0.000000 1.000000
vn -0.000000 0.000000 1.000000
vn -0.000000 0.000000 1.000000
vn -0.000000 0.000000 1.000000
vn -0.000000 0.000000 1.000000
vn -0.000000 0.000000 1.000000
vn -0.000000 0.000000 1.000000
vn -0.000000 0.000000 1.000000
vn -0.000000 0.000000 1.000000
vn -0.000000 0.000000 1.000000
vn -0.000000 0.000000 1.000000
vn -0.000000 0.000000 1.000000
vn -0.000000 0.000000 1.000000
vn -0.000000 0.000000 1.000000
vn -0.000000 0.000000 1.000000
vn -0.000000 0.000000 1.000000
vn -0.000000 0.000000 1.000000
vn -0.000000 0.000000 1.000000
vn -0.000000 0.000000 1.000000
vn -0.000000 0.000000 1.000000
vn -0.000000 0.000000 1.000000
vn -0.000000 0.000000 1.000000
vn -0.000000 0.000000 1.000000
vn -0.000000 0.000000 1.000000
vn -0.000000 0.000000 1.000000
vn -0.000000 0.000000 1.000000
vn -0.000000 0.000000 1.000000
vn -0.000000 0.000000 1.000000
vn -0.000000 0.000000 1.000000
vn -0.000000 0.000000 1.000000
vn -0.000000 0.000000 1.000000
vn -0.000000 0.000000 1.000000
vn -0.000000 0.000000 1.000000
vn -0.000000 0.000000 1.000000
vn -0.000000 0.000000 1.000000
vn -0.000000 0.000000 1.000000
vn -0.000000 0.000000 1.000000
vn -0.000000 0.000000 1.000000
vn -0.000000 0.000000 1.000000
usemtl Steel_-_Satin
f 2/1/1 53/2/2 1/3/3
f 1/3/3 53/2/2 54/4/4
f 1/3/3 54/4/4 55/5/5
f 55/5/5 54/4/4 59/6/6
f 55/5/5 59/6/6 60/7/7
f 60/7/7 59/6/6 64/8/8
f 60/7/7 64/8/8 49/9/9
f 49/9/9 64/8/8 48/10/10
f 48/10/10 64/8/8 68/11/11
f 48/10/10 68/11/11 47/12/12
f 47/12/12 68/11/11 72/13/13
f 47/12/12 72/13/13 46/14/14
f 46/14/14 72/13/13 76/15/15
f 46/14/14 76/15/15 45/16/16
f 45/16/16 76/15/15 80/17/17
f 45/16/16 80/17/17 44/18/18
f 44/18/18 80/17/17 84/19/19
f 44/18/18 84/19/19 43/20/20
f 43/20/20 84/19/19 88/21/21
f 43/20/20 88/21/21 42/22/22
f 42/22/22 88/21/21 92/23/23
f 42/22/22 92/23/23 41/24/24
f 41/24/24 92/23/23 96/25/25
f 41/24/24 96/25/25 40/26/26
f 40/26/26 96/25/25 100/27/27
f 40/26/26 100/27/27 39/28/28
f 39/28/28 100/27/27 104/29/29
f 39/28/28 104/29/29 38/30/30
f 38/30/30 104/29/29 108/31/31
f 38/30/30 108/31/31 37/32/32
f 37/32/32 108/31/31 112/33/33
f 37/32/32 112/33/33 36/34/34
f 36/34/34 112/33/33 116/35/35
f 36/34/34 116/35/35 35/36/36
f 35/36/36 116/35/35 120/37/37
f 35/36/36 120/37/37 34/38/38
f 34/38/38 120/37/37 124/39/39
f 34/38/38 124/39/39 33/40/40
f 33/40/40 124/39/39 128/41/41
f 33/40/40 128/41/41 32/42/42
f 32/42/42 128/41/41 132/43/43
f 32/42/42 132/43/43 31/44/44
f 31/44/44 132/43/43 136/45/45
f 31/44/44 136/45/45 30/46/46
f 30/46/46 136/45/45 140/47/47
f 30/46/46 140/47/47 29/48/48
f 29/48/48 140/47/47 144/49/49
f 29/48/48 144/49/49 28/50/50
f 28/50/50 144/49/49 148/51/51
f 28/50/50 148/51/51 27/52/52
f 27/52/52 148/51/51 147/53/53
f 27/52/52 147/53/53 146/54/54
f 146/54/54 147/53/53 142/55/55
f 146/54/54 142/55/55 141/56/56
f 141/56/56 142/55/55 137/57/57
f 141/56/56 137/57/57 23/58/58
f 23/58/58 137/57/57 22/59/59
f 22/59/59 137/57/57 133/60/60
f 22/59/59 133/60/60 21/61/61
f 21/61/61 133/60/60 129/62/62
f 21/61/61 129/62/62 20/63/63
f 20/63/63 129/62/62 125/64/64
f 20/63/63 125/64/64 19/65/65
f 19/65/65 125/64/64 121/66/66
f 19/65/65 121/66/66 18/67/67
f 18/67/67 121/66/66 117/68/68
f 18/67/67 117/68/68 17/69/69
f 17/69/69 117/68/68 113/70/70
f 17/69/69 113/70/70 16/71/71
f 16/71/71 113/70/70 109/72/72
f 16/71/71 109/72/72 15/73/73
f 15/73/73 109/72/72 105/74/74
f 15/73/73 105/74/74 14/75/75
f 14/75/75 105/74/74 101/76/76
f 14/75/75 101/76/76 13/77/77
f 13/77/77 101/76/76 97/78/78
f 13/77/77 97/78/78 12/79/79
f 12/79/79 97/78/78 93/80/80
f 12/79/79 93/80/80 11/81/81
f 11/81/81 93/80/80 89/82/82
f 11/81/81 89/82/82 10/83/83
f 10/83/83 89/82/82 85/84/84
f 10/83/83 85/84/84 9/85/85
f 9/85/85 85/84/84 81/86/86
f 9/85/85 81/86/86 8/87/87
f 8/87/87 81/86/86 77/88/88
f 8/87/87 77/88/88 7/89/89
f 7/89/89 77/88/88 73/90/90
f 7/89/89 73/90/90 6/91/91
f 6/91/91 73/90/90 69/92/92
f 6/91/91 69/92/92 5/93/93
f 5/93/93 69/92/92 65/94/94
f 5/93/93 65/94/94 4/95/95
f 4/95/95 65/94/94 61/96/96
f 4/95/95 61/96/96 3/97/97
f 3/97/97 61/96/96 57/98/98
f 3/97/97 57/98/98 2/1/1
f 2/1/1 57/98/98 53/2/2
f 23/58/58 24/99/99 141/56/56
f 141/56/56 24/99/99 145/100/100
f 141/56/56 145/100/100 146/54/54
f 146/54/54 145/100/100 26/101/101
f 146/54/54 26/101/101 27/52/52
f 24/99/99 25/102/102 145/100/100
f 145/100/100 25/102/102 26/101/101
f 49/9/9 50/103/103 60/7/7
f 60/7/7 50/103/103 56/104/104
f 60/7/7 56/104/104 55/5/5
f 55/5/5 56/104/104 52/105/105
f 55/5/5 52/105/105 1/3/3
f 50/103/103 51/106/106 56/104/104
f 56/104/104 51/106/106 52/105/105
f 54/4/4 53/2/2 58/107/107
f 58/107/107 53/2/2 57/98/98
f 58/107/107 57/98/98 62/108/108
f 62/108/108 57/98/98 61/96/96
f 62/108/108 61/96/96 66/109/109
f 66/109/109 61/96/96 65/94/94
f 66/109/109 65/94/94 70/110/110
f 70/110/110 65/94/94 69/92/92
f 70/110/110 69/92/92 74/111/111
f 74/111/111 69/92/92 73/90/90
f 74/111/111 73/90/90 78/112/112
f 78/112/112 73/90/90 77/88/88
f 78/112/112 77/88/88 82/113/113
f 82/113/113 77/88/88 81/86/86
f 82/113/113 81/86/86 86/114/114
f 86/114/114 81/86/86 85/84/84
f 86/114/114 85/84/84 90/115/115
f 90/115/115 85/84/84 89/82/82
f 90/115/115 89/82/82 94/116/116
f 94/116/116 89/82/82 93/80/80
f 94/116/116 93/80/80 98/117/117
f 98/117/117 93/80/80 97/78/78
f 98/117/117 97/78/78 102/118/118
f 102/118/118 97/78/78 101/76/76
f 102/118/118 101/76/76 106/119/119
f 106/119/119 101/76/76 105/74/74
f 106/119/119 105/74/74 110/120/120
f 110/120/120 105/74/74 109/72/72
f 110/120/120 109/72/72 114/121/121
f 114/121/121 109/72/72 113/70/70
f 114/121/121 113/70/70 118/122/122
f 118/122/122 113/70/70 117/68/68
f 118/122/122 117/68/68 122/123/123
f 122/123/123 117/68/68 121/66/66
f 122/123/123 121/66/66 126/124/124
f 126/124/124 121/66/66 125/64/64
f 126/124/124 125/64/64 130/125/125
f 130/125/125 125/64/64 129/62/62
f 130/125/125 129/62/62 134/126/126
f 134/126/126 129/62/62 133/60/60
f 134/126/126 133/60/60 138/127/127
f 138/127/127 133/60/60 137/57/57
f 138/127/127 137/57/57 142/55/55
f 54/4/4 58/107/107 59/6/6
f 59/6/6 58/107/107 63/128/128
f 59/6/6 63/128/128 64/8/8
f 64/8/8 63/128/128 68/11/11
f 63/128/128 58/107/107 62/108/108
f 63/128/128 62/108/108 67/129/129
f 67/129/129 62/108/108 66/109/109
f 67/129/129 66/109/109 71/130/130
f 71/130/130 66/109/109 70/110/110
f 71/130/130 70/110/110 75/131/131
f 75/131/131 70/110/110 74/111/111
f 75/131/131 74/111/111 79/132/132
f 79/132/132 74/111/111 78/112/112
f 79/132/132 78/112/112 83/133/133
f 83/133/133 78/112/112 82/113/113
f 83/133/133 82/113/113 87/134/134
f 87/134/134 82/113/113 86/114/114
f 87/134/134 86/114/114 91/135/135
f 91/135/135 86/114/114 90/115/115
f 91/135/135 90/115/115 95/136/136
f 95/136/136 90/115/115 94/116/116
f 95/136/136 94/116/116 99/137/137
f 99/137/137 94/116/116 98/117/117
f 99/137/137 98/117/117 103/138/138
f 103/138/138 98/117/117 102/118/118
f 103/138/138 102/118/118 107/139/139
f 107/139/139 102/118/118 106/119/119
f 107/139/139 106/119/119 111/140/140
f 111/140/140 106/119/119 110/120/120
f 111/140/140 110/120/120 115/141/141
f 115/141/141 110/120/120 114/121/121
f 115/141/141 114/121/121 119/142/142
f 119/142/142 114/121/121 118/122/122
f 119/142/142 118/122/122 123/143/143
f 123/143/143 118/122/122 122/123/123
f 123/143/143 122/123/123 127/144/144
f 127/144/144 122/123/123 126/124/124
f 127/144/144 126/124/124 131/145/145
f 131/145/145 126/124/124 130/125/125
f 131/145/145 130/125/125 135/146/146
f 135/146/146 130/125/125 134/126/126
f 135/146/146 134/126/126 139/147/147
f 139/147/147 134/126/126 138/127/127
f 139/147/147 138/127/127 143/148/148
f 143/148/148 138/127/127 142/55/55
f 143/148/148 142/55/55 147/53/53
f 72/13/13 68/11/11 67/129/129
f 67/129/129 68/11/11 63/128/128
f 72/13/13 67/129/129 71/130/130
f 76/15/15 72/13/13 71/130/130
f 76/15/15 71/130/130 75/131/131
f 80/17/17 76/15/15 75/131/131
f 80/17/17 75/131/131 79/132/132
f 84/19/19 80/17/17 79/132/132
f 84/19/19 79/132/132 83/133/133
f 88/21/21 84/19/19 83/133/133
f 88/21/21 83/133/133 87/134/134
f 92/23/23 88/21/21 87/134/134
f 92/23/23 87/134/134 91/135/135
f 96/25/25 92/23/23 91/135/135
f 96/25/25 91/135/135 95/136/136
f 100/27/27 96/25/25 95/136/136
f 100/27/27 95/136/136 99/137/137
f 104/29/29 100/27/27 99/137/137
f 104/29/29 99/137/137 103/138/138
f 108/31/31 104/29/29 103/138/138
f 108/31/31 103/138/138 107/139/139
f 112/33/33 108/31/31 107/139/139
f 112/33/33 107/139/139 111/140/140
f 116/35/35 112/33/33 111/140/140
f 116/35/35 111/140/140 115/141/141
f 120/37/37 116/35/35 115/141/141
f 120/37/37 115/141/141 119/142/142
f 124/39/39 120/37/37 119/142/142
f 124/39/39 119/142/142 123/143/143
f 128/41/41 124/39/39 123/143/143
f 128/41/41 123/143/143 127/144/144
f 132/43/43 128/41/41 127/144/144
f 132/43/43 127/144/144 131/145/145
f 136/45/45 132/43/43 131/145/145
f 136/45/45 131/145/145 135/146/146
f 140/47/47 136/45/45 135/146/146
f 140/47/47 135/146/146 139/147/147
f 144/49/49 140/47/47 139/147/147
f 144/49/49 139/147/147 143/148/148
f 148/51/51 144/49/49 143/148/148
f 148/51/51 143/148/148 147/53/53
f 52/149/149 51/150/150 336/151/151
f 336/151/151 51/150/150 50/152/152
f 336/151/151 50/152/152 49/153/153
f 336/151/151 49/153/153 335/154/154
f 335/154/154 49/153/153 48/155/155
f 335/154/154 48/155/155 47/156/156
f 47/156/156 46/157/157 335/154/154
f 335/154/154 46/157/157 334/158/158
f 334/158/158 46/157/157 45/159/159
f 334/158/158 45/159/159 44/160/160
f 334/158/158 44/160/160 333/161/161
f 333/161/161 44/160/160 43/162/162
f 333/161/161 43/162/162 42/163/163
f 42/163/163 41/164/164 333/161/161
f 333/161/161 41/164/164 332/165/165
f 332/165/165 41/164/164 40/166/166
f 332/165/165 40/166/166 39/167/167
f 332/165/165 39/167/167 331/168/168
f 331/168/168 39/167/167 38/169/169
f 331/168/168 38/169/169 37/170/170
f 331/168/168 37/170/170 330/171/171
f 330/171/171 37/170/170 36/172/172
f 330/171/171 36/172/172 35/173/173
f 35/173/173 34/174/174 330/171/171
f 330/171/171 34/174/174 329/175/175
f 329/175/175 34/174/174 33/176/176
f 329/175/175 33/176/176 32/177/177
f 329/175/175 32/177/177 328/178/178
f 328/178/178 32/177/177 31/179/179
f 328/178/178 31/179/179 30/180/180
f 328/178/178 30/180/180 327/181/181
f 327/181/181 30/180/180 29/182/182
f 327/181/181 29/182/182 28/183/183
f 28/183/183 27/184/184 327/181/181
f 327/181/181 27/184/184 326/185/185
f 326/185/185 27/184/184 149/186/186
f 326/185/185 149/186/186 325/187/187
f 325/187/187 149/186/186 150/188/188
f 325/187/187 150/188/188 324/189/189
f 324/189/189 150/188/188 151/190/190
f 324/189/189 151/190/190 323/191/191
f 323/191/191 151/190/190 152/192/192
f 323/191/191 152/192/192 322/193/193
f 322/193/193 152/192/192 153/194/194
f 322/193/193 153/194/194 321/195/195
f 321/195/195 153/194/194 154/196/196
f 321/195/195 154/196/196 320/197/197
f 320/197/197 154/196/196 155/198/198
f 320/197/197 155/198/198 319/199/199
f 319/199/199 155/198/198 156/200/200
f 319/199/199 156/200/200 157/201/201
f 319/199/199 157/201/201 318/202/202
f 318/202/202 157/201/201 158/203/203
f 318/202/202 158/203/203 317/204/204
f 317/204/204 158/203/203 159/205/205
f 317/204/204 159/205/205 316/206/206
f 316/206/206 159/205/205 160/207/207
f 316/206/206 160/207/207 315/208/208
f 315/208/208 160/207/207 161/209/209
f 315/208/208 161/209/209 314/210/210
f 314/210/210 161/209/209 162/211/211
f 314/210/210 162/211/211 313/212/212
f 313/212/212 162/211/211 163/213/213
f 313/212/212 163/213/213 164/214/214
f 313/212/212 164/214/214 312/215/215
f 312/215/215 164/214/214 165/216/216
f 312/215/215 165/216/216 311/217/217
f 311/217/217 165/216/216 166/218/218
f 311/217/217 166/218/218 310/219/219
f 310/219/219 166/218/218 167/220/220
f 310/219/219 167/220/220 168/221/221
f 310/219/219 168/221/221 309/222/222
f 309/222/222 168/221/221 169/223/223
f 309/222/222 169/223/223 308/224/224
f 308/224/224 169/223/223 170/225/225
f 308/224/224 170/225/225 307/226/226
f 307/226/226 170/225/225 171/227/227
f 307/226/226 171/227/227 172/228/228
f 307/226/226 172/228/228 306/229/229
f 306/229/229 172/228/228 173/230/230
f 306/229/229 173/230/230 305/231/231
f 305/231/231 173/230/230 174/232/232
f 305/231/231 174/232/232 175/233/233
f 305/231/231 175/233/233 304/234/234
f 304/234/234 175/233/233 176/235/235
f 304/234/234 176/235/235 177/236/236
f 304/234/234 177/236/236 303/237/237
f 303/237/237 177/236/236 178/238/238
f 303/237/237 178/238/238 302/239/239
f 302/239/239 178/238/238 179/240/240
f 302/239/239 179/240/240 301/241/241
f 301/241/241 179/240/240 300/242/242
f 300/242/242 179/240/240 299/243/243
f 299/243/243 179/240/240 298/244/244
f 298/244/244 179/240/240 297/245/245
f 297/245/245 179/240/240 296/246/246
f 296/246/246 179/240/240 180/247/247
f 296/246/246 180/247/247 295/248/248
f 295/248/248 180/247/247 294/249/249
f 294/249/249 180/247/247 293/250/250
f 293/250/250 180/247/247 292/251/251
f 292/251/251 180/247/247 291/252/252
f 291/252/252 180/247/247 290/253/253
f 290/253/253 180/247/247 289/254/254
f 289/254/254 180/247/247 288/255/255
f 288/255/255 180/247/247 194/256/256
f 288/255/255 194/256/256 195/257/257
f 181/258/258 182/259/259 180/247/247
f 180/247/247 182/259/259 183/260/260
f 180/247/247 183/260/260 184/261/261
f 184/261/261 185/262/262 180/247/247
f 180/247/247 185/262/262 186/263/263
f 180/247/247 186/263/263 187/264/264
f 187/264/264 188/265/265 180/247/247
f 180/247/247 188/265/265 189/266/266
f 180/247/247 189/266/266 190/267/267
f 190/267/267 191/268/268 180/247/247
f 180/247/247 191/268/268 192/269/269
f 180/247/247 192/269/269 193/270/270
f 193/270/270 194/256/256 180/247/247
f 195/257/257 196/271/271 288/255/255
f 288/255/255 196/271/271 197/272/272
f 288/255/255 197/272/272 198/273/273
f 198/273/273 199/274/274 288/255/255
f 288/255/255 199/274/274 287/275/275
f 287/275/275 199/274/274 200/276/276
f 287/275/275 200/276/276 201/277/277
f 201/277/277 202/278/278 287/275/275
f 287/275/275 202/278/278 286/279/279
f 286/279/279 202/278/278 285/280/280
f 285/280/280 202/278/278 284/281/281
f 284/281/281 202/278/278 283/282/282
f 283/282/282 202/278/278 282/283/283
f 282/283/283 202/278/278 281/284/284
f 281/284/284 202/278/278 280/285/285
f 280/285/285 202/278/278 279/286/286
f 279/286/286 202/278/278 278/287/287
f 278/287/287 202/278/278 277/288/288
f 277/288/288 202/278/278 276/289/289
f 276/289/289 202/278/278 275/290/290
f 275/290/290 202/278/278 274/291/291
f 274/291/291 202/278/278 273/292/292
f 273/292/292 202/278/278 272/293/293
f 272/293/293 202/278/278 271/294/294
f 271/294/294 202/278/278 270/295/295
f 270/295/295 202/278/278 203/296/296
f 270/295/295 203/296/296 269/297/297
f 269/297/297 203/296/296 268/298/298
f 268/298/298 203/296/296 267/299/299
f 267/299/299 203/296/296 266/300/300
f 266/300/300 203/296/296 265/301/301
f 265/301/301 203/296/296 264/302/302
f 264/302/302 203/296/296 263/303/303
f 263/303/303 203/296/296 262/304/304
f 262/304/304 203/296/296 261/305/305
f 261/305/305 203/296/296 260/306/306
f 260/306/306 203/296/296 259/307/307
f 259/307/307 203/296/296 258/308/308
f 258/308/308 203/296/296 204/309/309
f 258/308/308 204/309/309 205/310/310
f 258/308/308 205/310/310 257/311/311
f 257/311/311 205/310/310 206/312/312
f 257/311/311 206/312/312 256/313/313
f 256/313/313 206/312/312 207/314/314
f 256/313/313 207/314/314 255/315/315
f 255/315/315 207/314/314 208/316/316
f 255/315/315 208/316/316 254/317/317
f 254/317/317 208/316/316 209/318/318
f 254/317/317 209/318/318 253/319/319
f 253/319/319 209/318/318 210/320/320
f 253/319/319 210/320/320 252/321/321
f 252/321/321 210/320/320 211/322/322
f 252/321/321 211/322/322 251/323/323
f 251/323/323 211/322/322 212/324/324
f 251/323/323 212/324/324 220/325/325
f 220/325/325 212/324/324 213/326/326
f 220/325/325 213/326/326 214/327/327
f 214/327/327 215/328/328 220/325/325
f 220/325/325 215/328/328 216/329/329
f 220/325/325 216/329/329 219/330/330
f 219/330/330 216/329/329 217/331/331
f 219/330/330 217/331/331 218/332/332
f 221/333/333 243/334/334 220/325/325
f 220/325/325 243/334/334 244/335/335
f 220/325/325 244/335/335 245/336/336
f 221/333/333 222/337/337 243/334/334
f 243/334/334 222/337/337 223/338/338
f 243/334/334 223/338/338 224/339/339
f 224/339/339 225/340/340 243/334/334
f 243/334/334 225/340/340 226/341/341
f 243/334/334 226/341/341 227/342/342
f 227/342/342 228/343/343 243/334/334
f 243/334/334 228/343/343 229/344/344
f 243/334/334 229/344/344 230/345/345
f 230/345/345 231/346/346 243/334/334
f 243/334/334 231/346/346 232/347/347
f 243/334/334 232/347/347 233/348/348
f 233/348/348 234/349/349 243/334/334
f 243/334/334 234/349/349 235/350/350
f 243/334/334 235/350/350 236/351/351
f 236/351/351 237/352/352 243/334/334
f 243/334/334 237/352/352 238/353/353
f 243/334/334 238/353/353 239/354/354
f 239/354/354 240/355/355 243/334/334
f 243/334/334 240/355/355 241/356/356
f 243/334/334 241/356/356 242/357/357
f 245/336/336 246/358/358 220/325/325
f 220/325/325 246/358/358 247/359/359
f 220/325/325 247/359/359 248/360/360
f 248/360/360 249/361/361 220/325/325
f 220/325/325 249/361/361 250/362/362
f 220/325/325 250/362/362 251/323/323
f 241/363/363 360/364/364 242/365/365
f 242/365/365 360/364/364 361/366/366
f 242/365/365 361/366/366 362/367/367
f 362/367/367 361/366/366 366/368/368
f 362/367/367 366/368/368 367/369/369
f 367/369/369 366/368/368 371/370/370
f 367/369/369 371/370/370 356/371/371
f 356/371/371 371/370/370 355/372/372
f 355/372/372 371/370/370 375/373/373
f 355/372/372 375/373/373 354/374/374
f 354/374/374 375/373/373 379/375/375
f 354/374/374 379/375/375 353/376/376
f 353/376/376 379/375/375 383/377/377
f 353/376/376 383/377/377 352/378/378
f 352/378/378 383/377/377 387/379/379
f 352/378/378 387/379/379 351/380/380
f 351/380/380 387/379/379 391/381/381
f 351/380/380 391/381/381 350/382/382
f 350/382/382 391/381/381 395/383/383
f 350/382/382 395/383/383 349/384/384
f 349/384/384 395/383/383 399/385/385
f 349/384/384 399/385/385 348/386/386
f 348/386/386 399/385/385 403/387/387
f 348/386/386 403/387/387 347/388/388
f 347/388/388 403/387/387 407/389/389
f 347/388/388 407/389/389 346/390/390
f 346/390/390 407/389/389 411/391/391
f 346/390/390 411/391/391 345/392/392
f 345/392/392 411/391/391 415/393/393
f 345/392/392 415/393/393 344/394/394
f 344/394/394 415/393/393 419/395/395
f 344/394/394 419/395/395 343/396/396
f 343/396/396 419/395/395 423/397/397
f 343/396/396 423/397/397 342/398/398
f 342/398/398 423/397/397 427/399/399
f 342/398/398 427/399/399 341/400/400
f 341/400/400 427/399/399 431/401/401
f 341/400/400 431/401/401 340/402/402
f 340/402/402 431/401/401 435/403/403
f 340/402/402 435/403/403 339/404/404
f 339/404/404 435/403/403 439/405/405
f 339/404/404 439/405/405 338/406/406
f 338/406/406 439/405/405 443/407/407
f 338/406/406 443/407/407 337/408/408
f 337/408/408 443/407/407 442/409/409
f 337/408/408 442/409/409 441/410/410
f 441/410/410 442/409/409 437/411/411
f 441/410/410 437/411/411 436/412/412
f 436/412/412 437/411/411 432/413/413
f 436/412/412 432/413/413 223/414/414
f 223/414/414 432/413/413 224/415/415
f 224/415/415 432/413/413 428/416/416
f 224/415/415 428/416/416 225/417/417
f 225/417/417 428/416/416 424/418/418
f 225/417/417 424/418/418 226/419/419
f 226/419/419 424/418/418 420/420/420
f 226/419/419 420/420/420 227/421/421
f 227/421/421 420/420/420 416/422/422
f 227/421/421 416/422/422 228/423/423
f 228/423/423 416/422/422 412/424/424
f 228/423/423 412/424/424 229/425/425
f 229/425/425 412/424/424 408/426/426
f 229/425/425 408/426/426 230/427/427
f 230/427/427 408/426/426 404/428/428
f 230/427/427 404/428/428 231/429/429
f 231/429/429 404/428/428 400/430/430
f 231/429/429 400/430/430 232/431/431
f 232/431/431 400/430/430 396/432/432
f 232/431/431 396/432/432 233/433/433
f 233/433/433 396/432/432 392/434/434
f 233/433/433 392/434/434 234/435/435
f 234/435/435 392/434/434 388/436/436
f 234/435/435 388/436/436 235/437/437
f 235/437/437 388/436/436 384/438/438
f 235/437/437 384/438/438 236/439/439
f 236/439/439 384/438/438 380/440/440
f 236/439/439 380/440/440 237/441/441
f 237/441/441 380/440/440 376/442/442
f 237/441/441 376/442/442 238/443/443
f 238/443/443 376/442/442 372/444/444
f 238/443/443 372/444/444 239/445/445
f 239/445/445 372/444/444 368/446/446
f 239/445/445 368/446/446 240/447/447
f 240/447/447 368/446/446 364/448/448
f 240/447/447 364/448/448 241/363/363
f 241/363/363 364/448/448 360/364/364
f 223/414/414 222/449/449 436/412/412
f 436/412/412 222/449/449 440/450/450
f 436/412/412 440/450/450 441/410/410
f 441/410/410 440/450/450 220/451/451
f 441/410/410 220/451/451 337/408/408
f 222/449/449 221/452/452 440/450/450
f 440/450/450 221/452/452 220/451/451
f 356/371/371 357/453/453 367/369/369
f 367/369/369 357/453/453 363/454/454
f 367/369/369 363/454/454 362/367/367
f 362/367/367 363/454/454 359/455/455
f 362/367/367 359/455/455 242/365/365
f 357/453/453 358/456/456 363/454/454
f 363/454/454 358/456/456 359/455/455
f 361/366/366 360/364/364 365/457/457
f 365/457/457 360/364/364 364/448/448
f 365/457/457 364/448/448 369/458/458
f 369/458/458 364/448/448 368/446/446
f 369/458/458 368/446/446 373/459/459
f 373/459/459 368/446/446 372/444/444
f 373/459/459 372/444/444 377/460/460
f 377/460/460 372/444/444 376/442/442
f 377/460/460 376/442/442 381/461/461
f 381/461/461 376/442/442 380/440/440
f 381/461/461 380/440/440 385/462/462
f 385/462/462 380/440/440 384/438/438
f 385/462/462 384/438/438 389/463/463
f 389/463/463 384/438/438 388/436/436
f 389/463/463 388/436/436 393/464/464
f 393/464/464 388/436/436 392/434/434
f 393/464/464 392/434/434 397/465/465
f 397/465/465 392/434/434 396/432/432
f 397/465/465 396/432/432 401/466/466
f 401/466/466 396/432/432 400/430/430
f 401/466/466 400/430/430 405/467/467
f 405/467/467 400/430/430 404/428/428
f 405/467/467 404/428/428 409/468/468
f 409/468/468 404/428/428 408/426/426
f 409/468/468 408/426/426 413/469/469
f 413/469/469 408/426/426 412/424/424
f 413/469/469 412/424/424 417/470/470
f 417/470/470 412/424/424 416/422/422
f 417/470/470 416/422/422 421/471/471
f 421/471/471 416/422/422 420/420/420
f 421/471/471 420/420/420 425/472/472
f 425/472/472 420/420/420 424/418/418
f 425/472/472 424/418/418 429/473/473
f 429/473/473 424/418/418 428/416/416
f 429/473/473 428/416/416 433/474/474
f 433/474/474 428/416/416 432/413/413
f 433/474/474 432/413/413 437/411/411
f 361/366/366 365/457/457 366/368/368
f 366/368/368 365/457/457 370/475/475
f 366/368/368 370/475/475 371/370/370
f 371/370/370 370/475/475 375/373/373
f 370/475/475 365/457/457 369/458/458
f 370/475/475 369/458/458 374/476/476
f 374/476/476 369/458/458 373/459/459
f 374/476/476 373/459/459 378/477/477
f 378/477/477 373/459/459 377/460/460
f 378/477/477 377/460/460 382/478/478
f 382/478/478 377/460/460 381/461/461
f 382/478/478 381/461/461 386/479/479
f 386/479/479 381/461/461 385/462/462
f 386/479/479 385/462/462 390/480/480
f 390/480/480 385/462/462 389/463/463
f 390/480/480 389/463/463 394/481/481
f 394/481/481 389/463/463 393/464/464
f 394/481/481 393/464/464 398/482/482
f 398/482/482 393/464/464 397/465/465
f 398/482/482 397/465/465 402/483/483
f 402/483/483 397/465/465 401/466/466
f 402/483/483 401/466/466 406/484/484
f 406/484/484 401/466/466 405/467/467
f 406/484/484 405/467/467 410/485/485
f 410/485/485 405/467/467 409/468/468
f 410/485/485 409/468/468 414/486/486
f 414/486/486 409/468/468 413/469/469
f 414/486/486 413/469/469 418/487/487
f 418/487/487 413/469/469 417/470/470
f 418/487/487 417/470/470 422/488/488
f 422/488/488 417/470/470 421/471/471
f 422/488/488 421/471/471 426/489/489
f 426/489/489 421/471/471 425/472/472
f 426/489/489 425/472/472 430/490/490
f 430/490/490 425/472/472 429/473/473
f 430/490/490 429/473/473 434/491/491
f 434/491/491 429/473/473 433/474/474
f 434/491/491 433/474/474 438/492/492
f 438/492/492 433/474/474 437/411/411
f 438/492/492 437/411/411 442/409/409
f 379/375/375 375/373/373 374/476/476
f 374/476/476 375/373/373 370/475/475
f 379/375/375 374/476/476 378/477/477
f 383/377/377 379/375/375 378/477/477
f 383/377/377 378/477/477 382/478/478
f 387/379/379 383/377/377 382/478/478
f 387/379/379 382/478/478 386/479/479
f 391/381/381 387/379/379 386/479/479
f 391/381/381 386/479/479 390/480/480
f 395/383/383 391/381/381 390/480/480
f 395/383/383 390/480/480 394/481/481
f 399/385/385 395/383/383 394/481/481
f 399/385/385 394/481/481 398/482/482
f 403/387/387 399/385/385 398/482/482
f 403/387/387 398/482/482 402/483/483
f 407/389/389 403/387/387 402/483/483
f 407/389/389 402/483/483 406/484/484
f 411/391/391 407/389/389 406/484/484
f 411/391/391 406/484/484 410/485/485
f 415/393/393 411/391/391 410/485/485
f 415/393/393 410/485/485 414/486/486
f 419/395/395 415/393/393 414/486/486
f 419/395/395 414/486/486 418/487/487
f 423/397/397 419/395/395 418/487/487
f 423/397/397 418/487/487 422/488/488
f 427/399/399 423/397/397 422/488/488
f 427/399/399 422/488/488 426/489/489
f 431/401/401 427/399/399 426/489/489
f 431/401/401 426/489/489 430/490/490
f 435/403/403 431/401/401 430/490/490
f 435/403/403 430/490/490 434/491/491
f 439/405/405 435/403/403 434/491/491
f 439/405/405 434/491/491 438/492/492
f 443/407/407 439/405/405 438/492/492
f 443/407/407 438/492/492 442/409/409
f 25/493/493 453/494/494 26/495/495
f 26/495/495 453/494/494 454/496/496
f 26/495/495 454/496/496 608/497/497
f 608/497/497 454/496/496 455/498/498
f 608/497/497 455/498/498 607/499/499
f 607/499/499 455/498/498 456/500/500
f 607/499/499 456/500/500 606/501/501
f 606/501/501 456/500/500 457/502/502
f 606/501/501 457/502/502 605/503/503
f 605/503/503 457/502/502 458/504/504
f 605/503/503 458/504/504 604/505/505
f 604/505/505 458/504/504 459/506/506
f 604/505/505 459/506/506 603/507/507
f 603/507/507 459/506/506 460/508/508
f 603/507/507 460/508/508 602/509/509
f 602/509/509 460/508/508 461/510/510
f 602/509/509 461/510/510 601/511/511
f 601/511/511 461/510/510 600/512/512
f 600/512/512 461/510/510 462/513/513
f 600/512/512 462/513/513 599/514/514
f 599/514/514 462/513/513 463/515/515
f 599/514/514 463/515/515 598/516/516
f 598/516/516 463/515/515 464/517/517
f 598/516/516 464/517/517 597/518/518
f 597/518/518 464/517/517 465/519/519
f 597/518/518 465/519/519 596/520/520
f 596/520/520 465/519/519 466/521/521
f 596/520/520 466/521/521 595/522/522
f 595/522/522 466/521/521 467/523/523
f 595/522/522 467/523/523 594/524/524
f 594/524/524 467/523/523 593/525/525
f 593/525/525 467/523/523 468/526/526
f 593/525/525 468/526/526 592/527/527
f 592/527/527 468/526/526 469/528/528
f 592/527/527 469/528/528 591/529/529
f 591/529/529 469/528/528 470/530/530
f 591/529/529 470/530/530 590/531/531
f 590/531/531 470/530/530 589/532/532
f 589/532/532 470/530/530 471/533/533
f 589/532/532 471/533/533 588/534/534
f 588/534/534 471/533/533 472/535/535
f 588/534/534 472/535/535 587/536/536
f 587/536/536 472/535/535 473/537/537
f 587/536/536 473/537/537 586/538/538
f 586/538/538 473/537/537 585/539/539
f 585/539/539 473/537/537 474/540/540
f 585/539/539 474/540/540 584/541/541
f 584/541/541 474/540/540 475/542/542
f 584/541/541 475/542/542 583/543/543
f 583/543/543 475/542/542 582/544/544
f 582/544/544 475/542/542 476/545/545
f 582/544/544 476/545/545 581/546/546
f 581/546/546 476/545/545 580/547/547
f 580/547/547 476/545/545 477/548/548
f 580/547/547 477/548/548 579/549/549
f 579/549/549 477/548/548 478/550/550
f 579/549/549 478/550/550 578/551/551
f 578/551/551 478/550/550 479/552/552
f 578/551/551 479/552/552 480/553/553
f 25/493/493 24/554/554 453/494/494
f 453/494/494 24/554/554 23/555/555
f 453/494/494 23/555/555 452/556/556
f 452/556/556 23/555/555 22/557/557
f 452/556/556 22/557/557 21/558/558
f 452/556/556 21/558/558 451/559/559
f 451/559/559 21/558/558 20/560/560
f 451/559/559 20/560/560 19/561/561
f 451/559/559 19/561/561 450/562/562
f 450/562/562 19/561/561 18/563/563
f 450/562/562 18/563/563 17/564/564
f 17/564/564 16/565/565 450/562/562
f 450/562/562 16/565/565 449/566/566
f 449/566/566 16/565/565 15/567/567
f 449/566/566 15/567/567 14/568/568
f 449/566/566 14/568/568 448/569/569
f 448/569/569 14/568/568 13/570/570
f 448/569/569 13/570/570 12/571/571
f 448/569/569 12/571/571 447/572/572
f 447/572/572 12/571/571 11/573/573
f 447/572/572 11/573/573 10/574/574
f 10/574/574 9/575/575 447/572/572
f 447/572/572 9/575/575 446/576/576
f 446/576/576 9/575/575 8/577/577
f 446/576/576 8/577/577 7/578/578
f 446/576/576 7/578/578 445/579/579
f 445/579/579 7/578/578 6/580/580
f 445/579/579 6/580/580 5/581/581
f 5/581/581 4/582/582 445/579/579
f 445/579/579 4/582/582 444/583/583
f 444/583/583 4/582/582 3/584/584
f 444/583/583 3/584/584 2/585/585
f 2/585/585 1/586/586 444/583/583
f 480/553/553 481/587/587 578/551/551
f 578/551/551 481/587/587 482/588/588
f 578/551/551 482/588/588 483/589/589
f 483/589/589 484/590/590 578/551/551
f 578/551/551 484/590/590 577/591/591
f 577/591/591 484/590/590 485/592/592
f 577/591/591 485/592/592 486/593/593
f 486/593/593 487/594/594 577/591/591
f 577/591/591 487/594/594 488/595/595
f 577/591/591 488/595/595 489/596/596
f 489/596/596 490/597/597 577/591/591
f 577/591/591 490/597/597 491/598/598
f 577/591/591 491/598/598 492/599/599
f 493/600/600 558/601/601 492/599/599
f 492/599/599 558/601/601 559/602/602
f 492/599/599 559/602/602 560/603/603
f 494/604/604 555/605/605 493/600/600
f 493/600/600 555/605/605 556/606/606
f 493/600/600 556/606/606 557/607/607
f 494/604/604 495/608/608 555/605/605
f 555/605/605 495/608/608 496/609/609
f 555/605/605 496/609/609 497/610/610
f 497/610/610 498/611/611 555/605/605
f 555/605/605 498/611/611 499/612/612
f 555/605/605 499/612/612 500/613/613
f 500/613/613 501/614/614 555/605/605
f 555/605/605 501/614/614 502/615/615
f 555/605/605 502/615/615 503/616/616
f 503/616/616 504/617/617 555/605/605
f 555/605/605 504/617/617 505/618/618
f 555/605/605 505/618/618 506/619/619
f 506/619/619 507/620/620 555/605/605
f 555/605/605 507/620/620 508/621/621
f 555/605/605 508/621/621 509/622/622
f 509/622/622 510/623/623 555/605/605
f 555/605/605 510/623/623 554/624/624
f 554/624/624 510/623/623 511/625/625
f 554/624/624 511/625/625 512/626/626
f 512/626/626 513/627/627 554/624/624
f 554/624/624 513/627/627 514/628/628
f 554/624/624 514/628/628 515/629/629
f 515/629/629 516/630/630 554/624/624
f 554/624/624 516/630/630 517/631/631
f 554/624/624 517/631/631 518/632/632
f 518/632/632 519/633/633 554/624/624
f 554/624/624 519/633/633 520/634/634
f 554/624/624 520/634/634 521/635/635
f 521/635/635 522/636/636 554/624/624
f 554/624/624 522/636/636 553/637/637
f 553/637/637 522/636/636 552/638/638
f 552/638/638 522/636/636 523/639/639
f 552/638/638 523/639/639 551/640/640
f 551/640/640 523/639/639 524/641/641
f 551/640/640 524/641/641 550/642/642
f 550/642/642 524/641/641 525/643/643
f 550/642/642 525/643/643 549/644/644
f 549/644/644 525/643/643 526/645/645
f 549/644/644 526/645/645 548/646/646
f 548/646/646 526/645/645 527/647/647
f 548/646/646 527/647/647 547/648/648
f 547/648/648 527/647/647 528/649/649
f 547/648/648 528/649/649 546/650/650
f 546/650/650 528/649/649 529/651/651
f 546/650/650 529/651/651 545/652/652
f 545/652/652 529/651/651 337/653/653
f 545/652/652 337/653/653 544/654/654
f 544/654/654 337/653/653 543/655/655
f 543/655/655 337/653/653 542/656/656
f 542/656/656 337/653/653 541/657/657
f 541/657/657 337/653/653 538/658/658
f 541/657/657 538/658/658 540/659/659
f 540/659/659 538/658/658 539/660/660
f 529/651/651 530/661/661 337/653/653
f 337/653/653 530/661/661 531/662/662
f 337/653/653 531/662/662 532/663/663
f 532/663/663 533/664/664 337/653/653
f 337/653/653 533/664/664 534/665/665
f 337/653/653 534/665/665 535/666/666
f 535/666/666 536/667/667 337/653/653
f 337/653/653 536/667/667 537/668/668
f 337/653/653 537/668/668 338/669/669
f 338/669/669 537/668/668 339/670/670
f 339/670/670 537/668/668 340/671/671
f 340/671/671 537/668/668 341/672/672
f 341/672/672 537/668/668 342/673/673
f 342/673/673 537/668/668 343/674/674
f 343/674/674 537/668/668 344/675/675
f 344/675/675 537/668/668 345/676/676
f 345/676/676 537/668/668 346/677/677
f 346/677/677 537/668/668 347/678/678
f 347/678/678 537/668/668 348/679/679
f 348/679/679 537/668/668 349/680/680
f 349/680/680 537/668/668 350/681/681
f 350/681/681 537/668/668 351/682/682
f 351/682/682 537/668/668 352/683/683
f 352/683/683 537/668/668 353/684/684
f 353/684/684 537/668/668 354/685/685
f 354/685/685 537/668/668 355/686/686
f 355/686/686 537/668/668 356/687/687
f 356/687/687 537/668/668 357/688/688
f 357/688/688 537/668/668 358/689/689
f 358/689/689 537/668/668 359/690/690
f 557/607/607 558/601/601 493/600/600
f 560/603/603 561/691/691 492/599/599
f 492/599/599 561/691/691 562/692/692
f 492/599/599 562/692/692 563/693/693
f 492/599/599 563/693/693 577/591/591
f 577/591/591 563/693/693 564/694/694
f 577/591/591 564/694/694 565/695/695
f 565/695/695 566/696/696 577/591/591
f 577/591/591 566/696/696 567/697/697
f 577/591/591 567/697/697 568/698/698
f 568/698/698 569/699/699 577/591/591
f 577/591/591 569/699/699 570/700/700
f 577/591/591 570/700/700 571/701/701
f 571/701/701 572/702/702 577/591/591
f 577/591/591 572/702/702 573/703/703
f 577/591/591 573/703/703 574/704/704
f 574/704/704 575/705/705 577/591/591
f 577/591/591 575/705/705 576/706/706
f 536/707/707 609/708/708 537/709/709
f 537/709/709 609/708/708 610/710/710
f 537/709/709 610/710/710 243/711/711
f 243/711/711 610/710/710 611/712/712
f 243/711/711 611/712/712 244/713/713
f 244/713/713 611/712/712 245/714/714
f 245/714/714 611/712/712 614/715/715
f 245/714/714 614/715/715 246/716/716
f 246/716/716 614/715/715 617/717/717
f 246/716/716 617/717/717 247/718/718
f 247/718/718 617/717/717 620/719/719
f 247/718/718 620/719/719 248/720/720
f 248/720/720 620/719/719 623/721/721
f 248/720/720 623/721/721 249/722/722
f 249/722/722 623/721/721 626/723/723
f 249/722/722 626/723/723 250/724/724
f 250/724/724 626/723/723 629/725/725
f 250/724/724 629/725/725 251/726/726
f 251/726/726 629/725/725 632/727/727
f 251/726/726 632/727/727 252/728/728
f 252/728/728 632/727/727 635/729/729
f 252/728/728 635/729/729 253/730/730
f 253/730/730 635/729/729 638/731/731
f 253/730/730 638/731/731 254/732/732
f 254/732/732 638/731/731 641/733/733
f 254/732/732 641/733/733 255/734/734
f 255/734/734 641/733/733 644/735/735
f 255/734/734 644/735/735 256/736/736
f 256/736/736 644/735/735 647/737/737
f 256/736/736 647/737/737 257/738/738
f 257/738/738 647/737/737 650/739/739
f 257/738/738 650/739/739 258/740/740
f 258/740/740 650/739/739 653/741/741
f 258/740/740 653/741/741 259/742/742
f 259/742/742 653/741/741 656/743/743
f 259/742/742 656/743/743 260/744/744
f 260/744/744 656/743/743 659/745/745
f 260/744/744 659/745/745 261/746/746
f 261/746/746 659/745/745 662/747/747
f 261/746/746 662/747/747 262/748/748
f 262/748/748 662/747/747 665/749/749
f 262/748/748 665/749/749 263/750/750
f 263/750/750 665/749/749 668/751/751
f 263/750/750 668/751/751 264/752/752
f 264/752/752 668/751/751 671/753/753
f 264/752/752 671/753/753 265/754/754
f 265/754/754 671/753/753 674/755/755
f 265/754/754 674/755/755 266/756/756
f 266/756/756 674/755/755 677/757/757
f 266/756/756 677/757/757 267/758/758
f 267/758/758 677/757/757 680/759/759
f 267/758/758 680/759/759 268/760/760
f 268/760/760 680/759/759 679/761/761
f 268/760/760 679/761/761 512/762/762
f 512/762/762 679/761/761 678/763/763
f 512/762/762 678/763/763 513/764/764
f 513/764/764 678/763/763 514/765/765
f 514/765/765 678/763/763 675/766/766
f 514/765/765 675/766/766 515/767/767
f 515/767/767 675/766/766 672/768/768
f 515/767/767 672/768/768 516/769/769
f 516/769/769 672/768/768 669/770/770
f 516/769/769 669/770/770 517/771/771
f 517/771/771 669/770/770 666/772/772
f 517/771/771 666/772/772 518/773/773
f 518/773/773 666/772/772 663/774/774
f 518/773/773 663/774/774 519/775/775
f 519/775/775 663/774/774 660/776/776
f 519/775/775 660/776/776 520/777/777
f 520/777/777 660/776/776 657/778/778
f 520/777/777 657/778/778 521/779/779
f 521/779/779 657/778/778 654/780/780
f 521/779/779 654/780/780 522/781/781
f 522/781/781 654/780/780 651/782/782
f 522/781/781 651/782/782 523/783/783
f 523/783/783 651/782/782 648/784/784
f 523/783/783 648/784/784 524/785/785
f 524/785/785 648/784/784 645/786/786
f 524/785/785 645/786/786 525/787/787
f 525/787/787 645/786/786 642/788/788
f 525/787/787 642/788/788 526/789/789
f 526/789/789 642/788/788 639/790/790
f 526/789/789 639/790/790 527/791/791
f 527/791/791 639/790/790 636/792/792
f 527/791/791 636/792/792 528/793/793
f 528/793/793 636/792/792 633/794/794
f 528/793/793 633/794/794 529/795/795
f 529/795/795 633/794/794 630/796/796
f 529/795/795 630/796/796 530/797/797
f 530/797/797 630/796/796 627/798/798
f 530/797/797 627/798/798 531/799/799
f 531/799/799 627/798/798 624/800/800
f 531/799/799 624/800/800 532/801/801
f 532/801/801 624/800/800 621/802/802
f 532/801/801 621/802/802 533/803/803
f 533/803/803 621/802/802 618/804/804
f 533/803/803 618/804/804 534/805/805
f 534/805/805 618/804/804 615/806/806
f 534/805/805 615/806/806 535/807/807
f 535/807/807 615/806/806 612/808/808
f 535/807/807 612/808/808 536/707/707
f 536/707/707 612/808/808 609/708/708
f 614/715/715 611/712/712 610/710/710
f 610/710/710 609/708/708 613/809/809
f 613/809/809 609/708/708 612/808/808
f 613/809/809 612/808/808 616/810/810
f 616/810/810 612/808/808 615/806/806
f 616/810/810 615/806/806 619/811/811
f 619/811/811 615/806/806 618/804/804
f 619/811/811 618/804/804 622/812/812
f 622/812/812 618/804/804 621/802/802
f 622/812/812 621/802/802 625/813/813
f 625/813/813 621/802/802 624/800/800
f 625/813/813 624/800/800 628/814/814
f 628/814/814 624/800/800 627/798/798
f 628/814/814 627/798/798 631/815/815
f 631/815/815 627/798/798 630/796/796
f 631/815/815 630/796/796 634/816/816
f 634/816/816 630/796/796 633/794/794
f 634/816/816 633/794/794 637/817/817
f 637/817/817 633/794/794 636/792/792
f 637/817/817 636/792/792 640/818/818
f 640/818/818 636/792/792 639/790/790
f 640/818/818 639/790/790 643/819/819
f 643/819/819 639/790/790 642/788/788
f 643/819/819 642/788/788 646/820/820
f 646/820/820 642/788/788 645/786/786
f 646/820/820 645/786/786 649/821/821
f 649/821/821 645/786/786 648/784/784
f 649/821/821 648/784/784 652/822/822
f 652/822/822 648/784/784 651/782/782
f 652/822/822 651/782/782 655/823/823
f 655/823/823 651/782/782 654/780/780
f 655/823/823 654/780/780 658/824/824
f 658/824/824 654/780/780 657/778/778
f 658/824/824 657/778/778 661/825/825
f 661/825/825 657/778/778 660/776/776
f 661/825/825 660/776/776 664/826/826
f 664/826/826 660/776/776 663/774/774
f 664/826/826 663/774/774 667/827/827
f 667/827/827 663/774/774 666/772/772
f 667/827/827 666/772/772 670/828/828
f 670/828/828 666/772/772 669/770/770
f 670/828/828 669/770/770 673/829/829
f 673/829/829 669/770/770 672/768/768
f 673/829/829 672/768/768 676/830/830
f 676/830/830 672/768/768 675/766/766
f 676/830/830 675/766/766 679/761/761
f 679/761/761 675/766/766 678/763/763
f 617/717/717 614/715/715 613/809/809
f 613/809/809 614/715/715 610/710/710
f 617/717/717 613/809/809 616/810/810
f 620/719/719 617/717/717 616/810/810
f 620/719/719 616/810/810 619/811/811
f 623/721/721 620/719/719 619/811/811
f 623/721/721 619/811/811 622/812/812
f 626/723/723 623/721/721 622/812/812
f 626/723/723 622/812/812 625/813/813
f 629/725/725 626/723/723 625/813/813
f 629/725/725 625/813/813 628/814/814
f 632/727/727 629/725/725 628/814/814
f 632/727/727 628/814/814 631/815/815
f 635/729/729 632/727/727 631/815/815
f 635/729/729 631/815/815 634/816/816
f 638/731/731 635/729/729 634/816/816
f 638/731/731 634/816/816 637/817/817
f 641/733/733 638/731/731 637/817/817
f 641/733/733 637/817/817 640/818/818
f 644/735/735 641/733/733 640/818/818
f 644/735/735 640/818/818 643/819/819
f 647/737/737 644/735/735 643/819/819
f 647/737/737 643/819/819 646/820/820
f 650/739/739 647/737/737 646/820/820
f 650/739/739 646/820/820 649/821/821
f 653/741/741 650/739/739 649/821/821
f 653/741/741 649/821/821 652/822/822
f 656/743/743 653/741/741 652/822/822
f 656/743/743 652/822/822 655/823/823
f 659/745/745 656/743/743 655/823/823
f 659/745/745 655/823/823 658/824/824
f 662/747/747 659/745/745 658/824/824
f 662/747/747 658/824/824 661/825/825
f 665/749/749 662/747/747 661/825/825
f 665/749/749 661/825/825 664/826/826
f 668/751/751 665/749/749 664/826/826
f 668/751/751 664/826/826 667/827/827
f 671/753/753 668/751/751 667/827/827
f 671/753/753 667/827/827 670/828/828
f 674/755/755 671/753/753 670/828/828
f 674/755/755 670/828/828 673/829/829
f 677/757/757 674/755/755 673/829/829
f 677/757/757 673/829/829 676/830/830
f 680/759/759 677/757/757 676/830/830
f 680/759/759 676/830/830 679/761/761
f 512/831/762 511/832/831 268/833/760
f 268/833/760 511/832/831 269/834/832
f 510/835/833 681/836/834 511/837/831
f 511/837/831 681/836/834 682/838/835
f 511/837/831 682/838/835 269/839/832
f 269/839/832 682/838/835 270/840/836
f 270/840/836 682/838/835 271/841/837
f 271/841/837 682/838/835 684/842/838
f 271/841/837 684/842/838 272/843/839
f 272/843/839 684/842/838 686/844/840
f 272/843/839 686/844/840 273/845/841
f 273/845/841 686/844/840 688/846/842
f 273/845/841 688/846/842 274/847/843
f 274/847/843 688/846/842 690/848/844
f 274/847/843 690/848/844 275/849/845
f 275/849/845 690/848/844 692/850/846
f 275/849/845 692/850/846 276/851/847
f 276/851/847 692/850/846 694/852/848
f 276/851/847 694/852/848 277/853/849
f 277/853/849 694/852/848 696/854/850
f 277/853/849 696/854/850 278/855/851
f 278/855/851 696/854/850 698/856/852
f 278/855/851 698/856/852 279/857/853
f 279/857/853 698/856/852 700/858/854
f 279/857/853 700/858/854 280/859/855
f 280/859/855 700/858/854 702/860/856
f 280/859/855 702/860/856 281/861/857
f 281/861/857 702/860/856 704/862/858
f 281/861/857 704/862/858 282/863/859
f 282/863/859 704/862/858 706/864/860
f 282/863/859 706/864/860 283/865/861
f 283/865/861 706/864/860 708/866/862
f 283/865/861 708/866/862 284/867/863
f 284/867/863 708/866/862 710/868/864
f 284/867/863 710/868/864 285/869/865
f 285/869/865 710/868/864 712/870/866
f 285/869/865 712/870/866 286/871/867
f 286/871/867 712/870/866 714/872/868
f 286/871/867 714/872/868 287/873/869
f 287/873/869 714/872/868 716/874/870
f 287/873/869 716/874/870 288/875/871
f 288/875/871 716/874/870 718/876/872
f 288/875/871 718/876/872 289/877/873
f 289/877/873 718/876/872 720/878/874
f 289/877/873 720/878/874 290/879/875
f 290/879/875 720/878/874 722/880/876
f 290/879/875 722/880/876 291/881/877
f 291/881/877 722/880/876 724/882/878
f 291/881/877 724/882/878 292/883/879
f 292/883/879 724/882/878 726/884/880
f 292/883/879 726/884/880 293/885/881
f 293/885/881 726/884/880 728/886/882
f 293/885/881 728/886/882 294/887/883
f 294/887/883 728/886/882 730/888/884
f 294/887/883 730/888/884 295/889/885
f 295/889/885 730/888/884 732/890/886
f 295/889/885 732/890/886 296/891/887
f 296/891/887 732/890/886 734/892/888
f 296/891/887 734/892/888 297/893/889
f 297/893/889 734/892/888 736/894/890
f 297/893/889 736/894/890 298/895/891
f 298/895/891 736/894/890 738/896/892
f 298/895/891 738/896/892 299/897/893
f 299/897/893 738/896/892 740/898/894
f 299/897/893 740/898/894 300/899/895
f 300/899/895 740/898/894 742/900/896
f 300/899/895 742/900/896 301/901/897
f 301/901/897 742/900/896 741/902/898
f 301/901/897 741/902/898 479/903/899
f 479/903/899 741/902/898 480/904/900
f 480/904/900 741/902/898 481/905/901
f 481/905/901 741/902/898 739/906/902
f 481/905/901 739/906/902 482/907/903
f 482/907/903 739/906/902 737/908/904
f 482/907/903 737/908/904 483/909/905
f 483/909/905 737/908/904 735/910/906
f 483/909/905 735/910/906 484/911/907
f 484/911/907 735/910/906 733/912/908
f 484/911/907 733/912/908 485/913/909
f 485/913/909 733/912/908 731/914/910
f 485/913/909 731/914/910 486/915/911
f 486/915/911 731/914/910 729/916/912
f 486/915/911 729/916/912 487/917/913
f 487/917/913 729/916/912 727/918/914
f 487/917/913 727/918/914 488/919/915
f 488/919/915 727/918/914 725/920/916
f 488/919/915 725/920/916 489/921/917
f 489/921/917 725/920/916 723/922/918
f 489/921/917 723/922/918 490/923/919
f 490/923/919 723/922/918 721/924/920
f 490/923/919 721/924/920 491/925/921
f 491/925/921 721/924/920 719/926/922
f 491/925/921 719/926/922 492/927/923
f 492/927/923 719/926/922 717/928/924
f 492/927/923 717/928/924 493/929/925
f 493/929/925 717/928/924 715/930/926
f 493/929/925 715/930/926 494/931/927
f 494/931/927 715/930/926 713/932/928
f 494/931/927 713/932/928 495/933/929
f 495/933/929 713/932/928 711/934/930
f 495/933/929 711/934/930 496/935/931
f 496/935/931 711/934/930 709/936/932
f 496/935/931 709/936/932 497/937/933
f 497/937/933 709/936/932 707/938/934
f 497/937/933 707/938/934 498/939/935
f 498/939/935 707/938/934 705/940/936
f 498/939/935 705/940/936 499/941/937
f 499/941/937 705/940/936 703/942/938
f 499/941/937 703/942/938 500/943/939
f 500/943/939 703/942/938 701/944/940
f 500/943/939 701/944/940 501/945/941
f 501/945/941 701/944/940 699/946/942
f 501/945/941 699/946/942 502/947/943
f 502/947/943 699/946/942 697/948/944
f 502/947/943 697/948/944 503/949/945
f 503/949/945 697/948/944 695/950/946
f 503/949/945 695/950/946 504/951/947
f 504/951/947 695/950/946 693/952/948
f 504/951/947 693/952/948 505/953/949
f 505/953/949 693/952/948 691/954/950
f 505/953/949 691/954/950 506/955/951
f 506/955/951 691/954/950 689/956/952
f 506/955/951 689/956/952 507/957/953
f 507/957/953 689/956/952 687/958/954
f 507/957/953 687/958/954 508/959/955
f 508/959/955 687/958/954 685/960/956
f 508/959/955 685/960/956 509/961/957
f 509/961/957 685/960/956 683/962/958
f 509/961/957 683/962/958 510/835/833
f 510/835/833 683/962/958 681/836/834
f 684/842/838 682/838/835 681/836/834
f 684/842/838 681/836/834 683/962/958
f 686/844/840 684/842/838 683/962/958
f 686/844/840 683/962/958 685/960/956
f 688/846/842 686/844/840 685/960/956
f 688/846/842 685/960/956 687/958/954
f 690/848/844 688/846/842 687/958/954
f 690/848/844 687/958/954 689/956/952
f 692/850/846 690/848/844 689/956/952
f 692/850/846 689/956/952 691/954/950
f 694/852/848 692/850/846 691/954/950
f 694/852/848 691/954/950 693/952/948
f 696/854/850 694/852/848 693/952/948
f 696/854/850 693/952/948 695/950/946
f 698/856/852 696/854/850 695/950/946
f 698/856/852 695/950/946 697/948/944
f 700/858/854 698/856/852 697/948/944
f 700/858/854 697/948/944 699/946/942
f 702/860/856 700/858/854 699/946/942
f 702/860/856 699/946/942 701/944/940
f 704/862/858 702/860/856 701/944/940
f 704/862/858 701/944/940 703/942/938
f 706/864/860 704/862/858 703/942/938
f 706/864/860 703/942/938 705/940/936
f 708/866/862 706/864/860 705/940/936
f 708/866/862 705/940/936 707/938/934
f 710/868/864 708/866/862 707/938/934
f 710/868/864 707/938/934 709/936/932
f 712/870/866 710/868/864 709/936/932
f 712/870/866 709/936/932 711/934/930
f 714/872/868 712/870/866 711/934/930
f 714/872/868 711/934/930 713/932/928
f 716/874/870 714/872/868 713/932/928
f 716/874/870 713/932/928 715/930/926
f 718/876/872 716/874/870 715/930/926
f 718/876/872 715/930/926 717/928/924
f 720/878/874 718/876/872 717/928/924
f 720/878/874 717/928/924 719/926/922
f 722/880/876 720/878/874 719/926/922
f 722/880/876 719/926/922 721/924/920
f 724/882/878 722/880/876 721/924/920
f 724/882/878 721/924/920 723/922/918
f 726/884/880 724/882/878 723/922/918
f 726/884/880 723/922/918 725/920/916
f 728/886/882 726/884/880 725/920/916
f 728/886/882 725/920/916 727/918/914
f 730/888/884 728/886/882 727/918/914
f 730/888/884 727/918/914 729/916/912
f 732/890/886 730/888/884 729/916/912
f 732/890/886 729/916/912 731/914/910
f 734/892/888 732/890/886 731/914/910
f 734/892/888 731/914/910 733/912/908
f 736/894/890 734/892/888 733/912/908
f 736/894/890 733/912/908 735/910/906
f 738/896/892 736/894/890 735/910/906
f 738/896/892 735/910/906 737/908/904
f 740/898/894 738/896/892 737/908/904
f 740/898/894 737/908/904 739/906/902
f 742/900/896 740/898/894 739/906/902
f 742/900/896 739/906/902 741/902/898
f 479/963/899 478/964/959 301/965/897
f 301/965/897 478/964/959 302/966/960
f 786/967/961 743/968/962 785/969/963
f 785/969/963 743/968/962 744/970/964
f 785/969/963 744/970/964 784/971/965
f 784/971/965 744/970/964 745/972/966
f 784/971/965 745/972/966 783/973/967
f 783/973/967 745/972/966 746/974/968
f 783/973/967 746/974/968 782/975/969
f 782/975/969 746/974/968 747/976/970
f 782/975/969 747/976/970 781/977/971
f 781/977/971 747/976/970 748/978/972
f 781/977/971 748/978/972 780/979/973
f 780/979/973 748/978/972 749/980/974
f 780/979/973 749/980/974 779/981/975
f 779/981/975 749/980/974 750/982/976
f 779/981/975 750/982/976 778/983/977
f 778/983/977 750/982/976 751/984/978
f 778/983/977 751/984/978 777/985/979
f 777/985/979 751/984/978 752/986/980
f 777/985/979 752/986/980 776/987/981
f 776/987/981 752/986/980 753/988/982
f 776/987/981 753/988/982 775/989/983
f 775/989/983 753/988/982 754/990/984
f 775/989/983 754/990/984 774/991/985
f 774/991/985 754/990/984 755/992/986
f 774/991/985 755/992/986 773/993/987
f 773/993/987 755/992/986 756/994/988
f 773/993/987 756/994/988 772/995/989
f 772/995/989 756/994/988 757/996/990
f 772/995/989 757/996/990 771/997/991
f 771/997/991 757/996/990 758/998/992
f 771/997/991 758/998/992 770/999/993
f 770/999/993 758/998/992 759/1000/994
f 770/999/993 759/1000/994 769/1001/995
f 769/1001/995 759/1000/994 760/1002/996
f 769/1001/995 760/1002/996 768/1003/997
f 768/1003/997 760/1002/996 761/1004/998
f 768/1003/997 761/1004/998 767/1005/999
f 767/1005/999 761/1004/998 762/1006/1000
f 767/1005/999 762/1006/1000 766/1007/1001
f 766/1007/1001 762/1006/1000 763/1008/1002
f 766/1007/1001 763/1008/1002 765/1009/1003
f 765/1009/1003 763/1008/1002 764/1010/1004
f 765/1009/1003 764/1010/1004 538/1011/658
f 538/1011/658 764/1010/1004 539/1012/660
f 764/1013/1005 890/1014/1006 539/1015/1007
f 539/1015/1007 890/1014/1006 891/1016/1008
f 539/1015/1007 891/1016/1008 892/1017/1009
f 890/1014/1006 764/1013/1005 889/1018/1010
f 889/1018/1010 764/1013/1005 763/1019/1011
f 889/1018/1010 763/1019/1011 888/1020/1012
f 888/1020/1012 763/1019/1011 762/1021/1013
f 888/1020/1012 762/1021/1013 761/1022/1014
f 888/1020/1012 761/1022/1014 887/1023/1015
f 887/1023/1015 761/1022/1014 760/1024/1016
f 887/1023/1015 760/1024/1016 886/1025/1017
f 886/1025/1017 760/1024/1016 759/1026/1018
f 886/1025/1017 759/1026/1018 758/1027/1019
f 886/1025/1017 758/1027/1019 885/1028/1020
f 885/1028/1020 758/1027/1019 757/1029/1021
f 885/1028/1020 757/1029/1021 756/1030/1022
f 885/1028/1020 756/1030/1022 884/1031/1023
f 884/1031/1023 756/1030/1022 755/1032/1024
f 884/1031/1023 755/1032/1024 754/1033/1025
f 753/1034/1026 743/1035/1027 754/1033/1025
f 754/1033/1025 743/1035/1027 883/1036/1028
f 754/1033/1025 883/1036/1028 884/1031/1023
f 753/1034/1026 752/1037/1029 743/1035/1027
f 743/1035/1027 752/1037/1029 751/1038/1030
f 743/1035/1027 751/1038/1030 750/1039/1031
f 750/1039/1031 749/1040/1032 743/1035/1027
f 743/1035/1027 749/1040/1032 748/1041/1033
f 743/1035/1027 748/1041/1033 747/1042/1034
f 747/1042/1034 746/1043/1035 743/1035/1027
f 743/1035/1027 746/1043/1035 745/1044/1036
f 743/1035/1027 745/1044/1036 744/1045/1037
f 787/1046/1038 874/1047/1039 743/1035/1027
f 743/1035/1027 874/1047/1039 875/1048/1040
f 743/1035/1027 875/1048/1040 876/1049/1041
f 788/1050/1042 789/1051/1043 787/1046/1038
f 787/1046/1038 789/1051/1043 790/1052/1044
f 787/1046/1038 790/1052/1044 791/1053/1045
f 791/1053/1045 792/1054/1046 787/1046/1038
f 787/1046/1038 792/1054/1046 793/1055/1047
f 787/1046/1038 793/1055/1047 794/1056/1048
f 794/1056/1048 795/1057/1049 787/1046/1038
f 787/1046/1038 795/1057/1049 796/1058/1050
f 787/1046/1038 796/1058/1050 797/1059/1051
f 797/1059/1051 798/1060/1052 787/1046/1038
f 787/1046/1038 798/1060/1052 865/1061/1053
f 787/1046/1038 865/1061/1053 866/1062/1054
f 798/1060/1052 799/1063/1055 865/1061/1053
f 865/1061/1053 799/1063/1055 864/1064/1056
f 864/1064/1056 799/1063/1055 800/1065/1057
f 864/1064/1056 800/1065/1057 801/1066/1058
f 864/1064/1056 801/1066/1058 863/1067/1059
f 863/1067/1059 801/1066/1058 802/1068/1060
f 863/1067/1059 802/1068/1060 803/1069/1061
f 863/1067/1059 803/1069/1061 862/1070/1062
f 862/1070/1062 803/1069/1061 804/1071/1063
f 862/1070/1062 804/1071/1063 805/1072/1064
f 862/1070/1062 805/1072/1064 861/1073/1065
f 861/1073/1065 805/1072/1064 806/1074/1066
f 861/1073/1065 806/1074/1066 860/1075/1067
f 860/1075/1067 806/1074/1066 807/1076/1068
f 860/1075/1067 807/1076/1068 808/1077/1069
f 860/1075/1067 808/1077/1069 859/1078/1070
f 859/1078/1070 808/1077/1069 218/1079/1071
f 859/1078/1070 218/1079/1071 858/1080/1072
f 858/1080/1072 218/1079/1071 857/1081/1073
f 857/1081/1073 218/1079/1071 856/1082/1074
f 856/1082/1074 218/1079/1071 855/1083/1075
f 855/1083/1075 218/1079/1071 854/1084/1076
f 854/1084/1076 218/1079/1071 853/1085/1077
f 853/1085/1077 218/1079/1071 852/1086/1078
f 852/1086/1078 218/1079/1071 851/1087/1079
f 851/1087/1079 218/1079/1071 850/1088/1080
f 850/1088/1080 218/1079/1071 849/1089/1081
f 849/1089/1081 218/1079/1071 217/1090/1082
f 849/1089/1081 217/1090/1082 848/1091/1083
f 848/1091/1083 217/1090/1082 847/1092/1084
f 847/1092/1084 217/1090/1082 846/1093/1085
f 846/1093/1085 217/1090/1082 845/1094/1086
f 845/1094/1086 217/1090/1082 844/1095/1087
f 844/1095/1087 217/1090/1082 843/1096/1088
f 843/1096/1088 217/1090/1082 842/1097/1089
f 842/1097/1089 217/1090/1082 841/1098/1090
f 841/1098/1090 217/1090/1082 840/1099/1091
f 840/1099/1091 217/1090/1082 839/1100/1092
f 839/1100/1092 217/1090/1082 838/1101/1093
f 838/1101/1093 217/1090/1082 837/1102/1094
f 837/1102/1094 217/1090/1082 836/1103/1095
f 836/1103/1095 217/1090/1082 835/1104/1096
f 835/1104/1096 217/1090/1082 834/1105/1097
f 834/1105/1097 217/1090/1082 833/1106/1098
f 833/1106/1098 217/1090/1082 832/1107/1099
f 832/1107/1099 217/1090/1082 831/1108/1100
f 831/1108/1100 217/1090/1082 540/1109/1101
f 831/1108/1100 540/1109/1101 830/1110/1102
f 830/1110/1102 540/1109/1101 829/1111/1103
f 829/1111/1103 540/1109/1101 828/1112/1104
f 828/1112/1104 540/1109/1101 827/1113/1105
f 827/1113/1105 540/1109/1101 826/1114/1106
f 826/1114/1106 540/1109/1101 825/1115/1107
f 825/1115/1107 540/1109/1101 824/1116/1108
f 824/1116/1108 540/1109/1101 823/1117/1109
f 823/1117/1109 540/1109/1101 822/1118/1110
f 822/1118/1110 540/1109/1101 821/1119/1111
f 821/1119/1111 540/1109/1101 820/1120/1112
f 820/1120/1112 540/1109/1101 819/1121/1113
f 819/1121/1113 540/1109/1101 818/1122/1114
f 818/1122/1114 540/1109/1101 817/1123/1115
f 817/1123/1115 540/1109/1101 816/1124/1116
f 816/1124/1116 540/1109/1101 815/1125/1117
f 815/1125/1117 540/1109/1101 814/1126/1118
f 814/1126/1118 540/1109/1101 813/1127/1119
f 813/1127/1119 540/1109/1101 812/1128/1120
f 812/1128/1120 540/1109/1101 539/1015/1007
f 812/1128/1120 539/1015/1007 811/1129/1121
f 811/1129/1121 539/1015/1007 810/1130/1122
f 810/1130/1122 539/1015/1007 809/1131/1123
f 809/1131/1123 539/1015/1007 895/1132/1124
f 895/1132/1124 539/1015/1007 894/1133/1125
f 894/1133/1125 539/1015/1007 893/1134/1126
f 893/1134/1126 539/1015/1007 892/1017/1009
f 866/1062/1054 867/1135/1127 787/1046/1038
f 787/1046/1038 867/1135/1127 868/1136/1128
f 787/1046/1038 868/1136/1128 869/1137/1129
f 869/1137/1129 870/1138/1130 787/1046/1038
f 787/1046/1038 870/1138/1130 871/1139/1131
f 787/1046/1038 871/1139/1131 872/1140/1132
f 872/1140/1132 873/1141/1133 787/1046/1038
f 787/1046/1038 873/1141/1133 874/1047/1039
f 876/1049/1041 877/1142/1134 743/1035/1027
f 743/1035/1027 877/1142/1134 878/1143/1135
f 743/1035/1027 878/1143/1135 879/1144/1136
f 879/1144/1136 880/1145/1137 743/1035/1027
f 743/1035/1027 880/1145/1137 881/1146/1138
f 743/1035/1027 881/1146/1138 882/1147/1139
f 882/1147/1139 883/1036/1028 743/1035/1027
f 786/1148/961 896/1149/1140 743/1150/962
f 743/1150/962 896/1149/1140 787/1151/1141
f 787/1152/1141 896/1153/1140 788/1154/1142
f 788/1154/1142 896/1153/1140 897/1155/1143
f 788/1154/1142 897/1155/1143 789/1156/1144
f 789/1156/1144 897/1155/1143 898/1157/1145
f 789/1156/1144 898/1157/1145 790/1158/1146
f 790/1158/1146 898/1157/1145 899/1159/1147
f 790/1158/1146 899/1159/1147 791/1160/1148
f 791/1160/1148 899/1159/1147 900/1161/1149
f 791/1160/1148 900/1161/1149 792/1162/1150
f 792/1162/1150 900/1161/1149 901/1163/1151
f 792/1162/1150 901/1163/1151 793/1164/1152
f 793/1164/1152 901/1163/1151 902/1165/1153
f 793/1164/1152 902/1165/1153 794/1166/1154
f 794/1166/1154 902/1165/1153 903/1167/1155
f 794/1166/1154 903/1167/1155 795/1168/1156
f 795/1168/1156 903/1167/1155 904/1169/1157
f 795/1168/1156 904/1169/1157 796/1170/1158
f 796/1170/1158 904/1169/1157 905/1171/1159
f 796/1170/1158 905/1171/1159 797/1172/1160
f 797/1172/1160 905/1171/1159 906/1173/1161
f 797/1172/1160 906/1173/1161 798/1174/1162
f 798/1174/1162 906/1173/1161 907/1175/1163
f 798/1174/1162 907/1175/1163 799/1176/1164
f 799/1176/1164 907/1175/1163 908/1177/1165
f 799/1176/1164 908/1177/1165 800/1178/1166
f 800/1178/1166 908/1177/1165 909/1179/1167
f 800/1178/1166 909/1179/1167 801/1180/1168
f 801/1180/1168 909/1179/1167 910/1181/1169
f 801/1180/1168 910/1181/1169 802/1182/1170
f 802/1182/1170 910/1181/1169 911/1183/1171
f 802/1182/1170 911/1183/1171 803/1184/1172
f 803/1184/1172 911/1183/1171 912/1185/1173
f 803/1184/1172 912/1185/1173 804/1186/1174
f 804/1186/1174 912/1185/1173 913/1187/1175
f 804/1186/1174 913/1187/1175 805/1188/1176
f 805/1188/1176 913/1187/1175 914/1189/1177
f 805/1188/1176 914/1189/1177 806/1190/1178
f 806/1190/1178 914/1189/1177 915/1191/1179
f 806/1190/1178 915/1191/1179 807/1192/1180
f 807/1192/1180 915/1191/1179 916/1193/1181
f 807/1192/1180 916/1193/1181 808/1194/1182
f 808/1194/1182 916/1193/1181 917/1195/1183
f 808/1194/1182 917/1195/1183 218/1196/332
f 218/1196/332 917/1195/1183 219/1197/330
f 553/1198/1184 918/1199/1185 554/1200/1186
f 554/1200/1186 918/1199/1185 919/1201/1187
f 554/1200/1186 919/1201/1187 920/1202/1188
f 920/1202/1188 919/1201/1187 926/1203/1189
f 920/1202/1188 926/1203/1189 927/1204/1190
f 927/1204/1190 926/1203/1189 933/1205/1191
f 927/1204/1190 933/1205/1191 934/1206/1192
f 934/1206/1192 933/1205/1191 940/1207/1193
f 934/1206/1192 940/1207/1193 941/1208/1194
f 941/1208/1194 940/1207/1193 947/1209/1195
f 941/1208/1194 947/1209/1195 208/1210/1196
f 208/1210/1196 947/1209/1195 209/1211/1197
f 209/1211/1197 947/1209/1195 953/1212/1198
f 209/1211/1197 953/1212/1198 210/1213/1199
f 210/1213/1199 953/1212/1198 959/1214/1200
f 210/1213/1199 959/1214/1200 211/1215/1201
f 211/1215/1201 959/1214/1200 965/1216/1202
f 211/1215/1201 965/1216/1202 212/1217/1203
f 212/1217/1203 965/1216/1202 971/1218/1204
f 212/1217/1203 971/1218/1204 213/1219/1205
f 213/1219/1205 971/1218/1204 977/1220/1206
f 213/1219/1205 977/1220/1206 214/1221/1207
f 214/1221/1207 977/1220/1206 983/1222/1208
f 214/1221/1207 983/1222/1208 215/1223/1209
f 215/1223/1209 983/1222/1208 989/1224/1210
f 215/1223/1209 989/1224/1210 216/1225/1211
f 216/1225/1211 989/1224/1210 995/1226/1212
f 216/1225/1211 995/1226/1212 217/1227/1082
f 217/1227/1082 995/1226/1212 994/1228/1213
f 217/1227/1082 994/1228/1213 993/1229/1214
f 993/1229/1214 994/1228/1213 987/1230/1215
f 993/1229/1214 987/1230/1215 986/1231/1216
f 986/1231/1216 987/1230/1215 980/1232/1217
f 986/1231/1216 980/1232/1217 979/1233/1218
f 979/1233/1218 980/1232/1217 973/1234/1219
f 979/1233/1218 973/1234/1219 972/1235/1220
f 972/1235/1220 973/1234/1219 966/1236/1221
f 972/1235/1220 966/1236/1221 545/1237/1222
f 545/1237/1222 966/1236/1221 546/1238/1223
f 546/1238/1223 966/1236/1221 960/1239/1224
f 546/1238/1223 960/1239/1224 547/1240/1225
f 547/1240/1225 960/1239/1224 954/1241/1226
f 547/1240/1225 954/1241/1226 548/1242/1227
f 548/1242/1227 954/1241/1226 948/1243/1228
f 548/1242/1227 948/1243/1228 549/1244/1229
f 549/1244/1229 948/1243/1228 942/1245/1230
f 549/1244/1229 942/1245/1230 550/1246/1231
f 550/1246/1231 942/1245/1230 936/1247/1232
f 550/1246/1231 936/1247/1232 551/1248/1233
f 551/1248/1233 936/1247/1232 930/1249/1234
f 551/1248/1233 930/1249/1234 552/1250/1235
f 552/1250/1235 930/1249/1234 924/1251/1236
f 552/1250/1235 924/1251/1236 553/1198/1184
f 553/1198/1184 924/1251/1236 918/1199/1185
f 545/1237/1222 544/1252/1237 972/1235/1220
f 972/1235/1220 544/1252/1237 978/1253/1238
f 972/1235/1220 978/1253/1238 979/1233/1218
f 979/1233/1218 978/1253/1238 985/1254/1239
f 979/1233/1218 985/1254/1239 986/1231/1216
f 986/1231/1216 985/1254/1239 992/1255/1240
f 986/1231/1216 992/1255/1240 993/1229/1214
f 993/1229/1214 992/1255/1240 217/1227/1082
f 544/1252/1237 543/1256/1241 978/1253/1238
f 978/1253/1238 543/1256/1241 984/1257/1242
f 978/1253/1238 984/1257/1242 985/1254/1239
f 985/1254/1239 984/1257/1242 991/1258/1243
f 985/1254/1239 991/1258/1243 992/1255/1240
f 992/1255/1240 991/1258/1243 540/1259/1101
f 992/1255/1240 540/1259/1101 217/1227/1082
f 543/1256/1241 542/1260/1244 984/1257/1242
f 984/1257/1242 542/1260/1244 990/1261/1245
f 984/1257/1242 990/1261/1245 991/1258/1243
f 991/1258/1243 990/1261/1245 540/1259/1101
f 542/1260/1244 541/1262/1246 990/1261/1245
f 990/1261/1245 541/1262/1246 540/1259/1101
f 208/1210/1196 207/1263/1247 941/1208/1194
f 941/1208/1194 207/1263/1247 935/1264/1248
f 941/1208/1194 935/1264/1248 934/1206/1192
f 934/1206/1192 935/1264/1248 928/1265/1249
f 934/1206/1192 928/1265/1249 927/1204/1190
f 927/1204/1190 928/1265/1249 921/1266/1250
f 927/1204/1190 921/1266/1250 920/1202/1188
f 920/1202/1188 921/1266/1250 554/1200/1186
f 207/1263/1247 206/1267/1251 935/1264/1248
f 935/1264/1248 206/1267/1251 929/1268/1252
f 935/1264/1248 929/1268/1252 928/1265/1249
f 928/1265/1249 929/1268/1252 922/1269/1253
f 928/1265/1249 922/1269/1253 921/1266/1250
f 921/1266/1250 922/1269/1253 203/1270/1254
f 921/1266/1250 203/1270/1254 554/1200/1186
f 206/1267/1251 205/1271/1255 929/1268/1252
f 929/1268/1252 205/1271/1255 923/1272/1256
f 929/1268/1252 923/1272/1256 922/1269/1253
f 922/1269/1253 923/1272/1256 203/1270/1254
f 205/1271/1255 204/1273/1257 923/1272/1256
f 923/1272/1256 204/1273/1257 203/1270/1254
f 919/1201/1187 918/1199/1185 925/1274/1258
f 925/1274/1258 918/1199/1185 924/1251/1236
f 925/1274/1258 924/1251/1236 931/1275/1259
f 931/1275/1259 924/1251/1236 930/1249/1234
f 931/1275/1259 930/1249/1234 937/1276/1260
f 937/1276/1260 930/1249/1234 936/1247/1232
f 937/1276/1260 936/1247/1232 943/1277/1261
f 943/1277/1261 936/1247/1232 942/1245/1230
f 943/1277/1261 942/1245/1230 949/1278/1262
f 949/1278/1262 942/1245/1230 948/1243/1228
f 949/1278/1262 948/1243/1228 955/1279/1263
f 955/1279/1263 948/1243/1228 954/1241/1226
f 955/1279/1263 954/1241/1226 961/1280/1264
f 961/1280/1264 954/1241/1226 960/1239/1224
f 961/1280/1264 960/1239/1224 967/1281/1265
f 967/1281/1265 960/1239/1224 966/1236/1221
f 967/1281/1265 966/1236/1221 973/1234/1219
f 919/1201/1187 925/1274/1258 926/1203/1189
f 926/1203/1189 925/1274/1258 932/1282/1266
f 926/1203/1189 932/1282/1266 933/1205/1191
f 933/1205/1191 932/1282/1266 939/1283/1267
f 933/1205/1191 939/1283/1267 940/1207/1193
f 940/1207/1193 939/1283/1267 946/1284/1268
f 940/1207/1193 946/1284/1268 947/1209/1195
f 947/1209/1195 946/1284/1268 953/1212/1198
f 932/1282/1266 925/1274/1258 931/1275/1259
f 932/1282/1266 931/1275/1259 938/1285/1269
f 938/1285/1269 931/1275/1259 937/1276/1260
f 938/1285/1269 937/1276/1260 944/1286/1270
f 944/1286/1270 937/1276/1260 943/1277/1261
f 944/1286/1270 943/1277/1261 950/1287/1271
f 950/1287/1271 943/1277/1261 949/1278/1262
f 950/1287/1271 949/1278/1262 956/1288/1272
f 956/1288/1272 949/1278/1262 955/1279/1263
f 956/1288/1272 955/1279/1263 962/1289/1273
f 962/1289/1273 955/1279/1263 961/1280/1264
f 962/1289/1273 961/1280/1264 968/1290/1274
f 968/1290/1274 961/1280/1264 967/1281/1265
f 968/1290/1274 967/1281/1265 974/1291/1275
f 974/1291/1275 967/1281/1265 973/1234/1219
f 974/1291/1275 973/1234/1219 980/1232/1217
f 932/1282/1266 938/1285/1269 939/1283/1267
f 939/1283/1267 938/1285/1269 945/1292/1276
f 939/1283/1267 945/1292/1276 946/1284/1268
f 946/1284/1268 945/1292/1276 952/1293/1277
f 946/1284/1268 952/1293/1277 953/1212/1198
f 953/1212/1198 952/1293/1277 959/1214/1200
f 945/1292/1276 938/1285/1269 944/1286/1270
f 945/1292/1276 944/1286/1270 951/1294/1278
f 951/1294/1278 944/1286/1270 950/1287/1271
f 951/1294/1278 950/1287/1271 957/1295/1279
f 957/1295/1279 950/1287/1271 956/1288/1272
f 957/1295/1279 956/1288/1272 963/1296/1280
f 963/1296/1280 956/1288/1272 962/1289/1273
f 963/1296/1280 962/1289/1273 969/1297/1281
f 969/1297/1281 962/1289/1273 968/1290/1274
f 969/1297/1281 968/1290/1274 975/1298/1282
f 975/1298/1282 968/1290/1274 974/1291/1275
f 975/1298/1282 974/1291/1275 981/1299/1283
f 981/1299/1283 974/1291/1275 980/1232/1217
f 981/1299/1283 980/1232/1217 987/1230/1215
f 945/1292/1276 951/1294/1278 952/1293/1277
f 952/1293/1277 951/1294/1278 958/1300/1284
f 952/1293/1277 958/1300/1284 959/1214/1200
f 959/1214/1200 958/1300/1284 965/1216/1202
f 958/1300/1284 951/1294/1278 957/1295/1279
f 958/1300/1284 957/1295/1279 964/1301/1285
f 964/1301/1285 957/1295/1279 963/1296/1280
f 964/1301/1285 963/1296/1280 970/1302/1286
f 970/1302/1286 963/1296/1280 969/1297/1281
f 970/1302/1286 969/1297/1281 976/1303/1287
f 976/1303/1287 969/1297/1281 975/1298/1282
f 976/1303/1287 975/1298/1282 982/1304/1288
f 982/1304/1288 975/1298/1282 981/1299/1283
f 982/1304/1288 981/1299/1283 988/1305/1289
f 988/1305/1289 981/1299/1283 987/1230/1215
f 988/1305/1289 987/1230/1215 994/1228/1213
f 971/1218/1204 965/1216/1202 964/1301/1285
f 964/1301/1285 965/1216/1202 958/1300/1284
f 971/1218/1204 964/1301/1285 970/1302/1286
f 977/1220/1206 971/1218/1204 970/1302/1286
f 977/1220/1206 970/1302/1286 976/1303/1287
f 983/1222/1208 977/1220/1206 976/1303/1287
f 983/1222/1208 976/1303/1287 982/1304/1288
f 989/1224/1210 983/1222/1208 982/1304/1288
f 989/1224/1210 982/1304/1288 988/1305/1289
f 995/1226/1212 989/1224/1210 988/1305/1289
f 995/1226/1212 988/1305/1289 994/1228/1213
f 201/1306/1290 996/1307/1291 202/1308/1292
f 202/1308/1292 996/1307/1291 997/1309/1293
f 202/1308/1292 997/1309/1293 998/1310/1294
f 998/1310/1294 997/1309/1293 1002/1311/1295
f 998/1310/1294 1002/1311/1295 1003/1312/1296
f 1003/1312/1296 1002/1311/1295 1007/1313/1297
f 1003/1312/1296 1007/1313/1297 558/1314/1298
f 558/1314/1298 1007/1313/1297 559/1315/1299
f 559/1315/1299 1007/1313/1297 1011/1316/1300
f 559/1315/1299 1011/1316/1300 560/1317/1301
f 560/1317/1301 1011/1316/1300 1015/1318/1302
f 560/1317/1301 1015/1318/1302 561/1319/1303
f 561/1319/1303 1015/1318/1302 1019/1320/1304
f 561/1319/1303 1019/1320/1304 562/1321/1305
f 562/1321/1305 1019/1320/1304 1023/1322/1306
f 562/1321/1305 1023/1322/1306 563/1323/1307
f 563/1323/1307 1023/1322/1306 1027/1324/1308
f 563/1323/1307 1027/1324/1308 564/1325/1309
f 564/1325/1309 1027/1324/1308 1031/1326/1310
f 564/1325/1309 1031/1326/1310 565/1327/1311
f 565/1327/1311 1031/1326/1310 1035/1328/1312
f 565/1327/1311 1035/1328/1312 566/1329/1313
f 566/1329/1313 1035/1328/1312 1039/1330/1314
f 566/1329/1313 1039/1330/1314 567/1331/1315
f 567/1331/1315 1039/1330/1314 1043/1332/1316
f 567/1331/1315 1043/1332/1316 568/1333/1317
f 568/1333/1317 1043/1332/1316 1047/1334/1318
f 568/1333/1317 1047/1334/1318 569/1335/1319
f 569/1335/1319 1047/1334/1318 1051/1336/1320
f 569/1335/1319 1051/1336/1320 570/1337/1321
f 570/1337/1321 1051/1336/1320 1055/1338/1322
f 570/1337/1321 1055/1338/1322 571/1339/1323
f 571/1339/1323 1055/1338/1322 1059/1340/1324
f 571/1339/1323 1059/1340/1324 572/1341/1325
f 572/1341/1325 1059/1340/1324 1063/1342/1326
f 572/1341/1325 1063/1342/1326 573/1343/1327
f 573/1343/1327 1063/1342/1326 1067/1344/1328
f 573/1343/1327 1067/1344/1328 574/1345/1329
f 574/1345/1329 1067/1344/1328 1071/1346/1330
f 574/1345/1329 1071/1346/1330 575/1347/1331
f 575/1347/1331 1071/1346/1330 1075/1348/1332
f 575/1347/1331 1075/1348/1332 576/1349/1333
f 576/1349/1333 1075/1348/1332 1079/1350/1334
f 576/1349/1333 1079/1350/1334 577/1351/1335
f 577/1351/1335 1079/1350/1334 1078/1352/1336
f 577/1351/1335 1078/1352/1336 1077/1353/1337
f 1077/1353/1337 1078/1352/1336 1073/1354/1338
f 1077/1353/1337 1073/1354/1338 1072/1355/1339
f 1072/1355/1339 1073/1354/1338 1068/1356/1340
f 1072/1355/1339 1068/1356/1340 183/1357/1341
f 183/1357/1341 1068/1356/1340 184/1358/1342
f 184/1358/1342 1068/1356/1340 1064/1359/1343
f 184/1358/1342 1064/1359/1343 185/1360/1344
f 185/1360/1344 1064/1359/1343 1060/1361/1345
f 185/1360/1344 1060/1361/1345 186/1362/1346
f 186/1362/1346 1060/1361/1345 1056/1363/1347
f 186/1362/1346 1056/1363/1347 187/1364/1348
f 187/1364/1348 1056/1363/1347 1052/1365/1349
f 187/1364/1348 1052/1365/1349 188/1366/1350
f 188/1366/1350 1052/1365/1349 1048/1367/1351
f 188/1366/1350 1048/1367/1351 189/1368/1352
f 189/1368/1352 1048/1367/1351 1044/1369/1353
f 189/1368/1352 1044/1369/1353 190/1370/1354
f 190/1370/1354 1044/1369/1353 1040/1371/1355
f 190/1370/1354 1040/1371/1355 191/1372/1356
f 191/1372/1356 1040/1371/1355 1036/1373/1357
f 191/1372/1356 1036/1373/1357 192/1374/1358
f 192/1374/1358 1036/1373/1357 1032/1375/1359
f 192/1374/1358 1032/1375/1359 193/1376/1360
f 193/1376/1360 1032/1375/1359 1028/1377/1361
f 193/1376/1360 1028/1377/1361 194/1378/1362
f 194/1378/1362 1028/1377/1361 1024/1379/1363
f 194/1378/1362 1024/1379/1363 195/1380/1364
f 195/1380/1364 1024/1379/1363 1020/1381/1365
f 195/1380/1364 1020/1381/1365 196/1382/1366
f 196/1382/1366 1020/1381/1365 1016/1383/1367
f 196/1382/1366 1016/1383/1367 197/1384/1368
f 197/1384/1368 1016/1383/1367 1012/1385/1369
f 197/1384/1368 1012/1385/1369 198/1386/1370
f 198/1386/1370 1012/1385/1369 1008/1387/1371
f 198/1386/1370 1008/1387/1371 199/1388/1372
f 199/1388/1372 1008/1387/1371 1004/1389/1373
f 199/1388/1372 1004/1389/1373 200/1390/1374
f 200/1390/1374 1004/1389/1373 1000/1391/1375
f 200/1390/1374 1000/1391/1375 201/1306/1290
f 201/1306/1290 1000/1391/1375 996/1307/1291
f 183/1357/1341 182/1392/1376 1072/1355/1339
f 1072/1355/1339 182/1392/1376 1076/1393/1377
f 1072/1355/1339 1076/1393/1377 1077/1353/1337
f 1077/1353/1337 1076/1393/1377 180/1394/1378
f 1077/1353/1337 180/1394/1378 577/1351/1335
f 182/1392/1376 181/1395/1379 1076/1393/1377
f 1076/1393/1377 181/1395/1379 180/1394/1378
f 558/1314/1298 557/1396/1380 1003/1312/1296
f 1003/1312/1296 557/1396/1380 999/1397/1381
f 1003/1312/1296 999/1397/1381 998/1310/1294
f 998/1310/1294 999/1397/1381 555/1398/1382
f 998/1310/1294 555/1398/1382 202/1308/1292
f 557/1396/1380 556/1399/1383 999/1397/1381
f 999/1397/1381 556/1399/1383 555/1398/1382
f 997/1309/1293 996/1307/1291 1001/1400/1384
f 1001/1400/1384 996/1307/1291 1000/1391/1375
f 1001/1400/1384 1000/1391/1375 1005/1401/1385
f 1005/1401/1385 1000/1391/1375 1004/1389/1373
f 1005/1401/1385 1004/1389/1373 1009/1402/1386
f 1009/1402/1386 1004/1389/1373 1008/1387/1371
f 1009/1402/1386 1008/1387/1371 1013/1403/1387
f 1013/1403/1387 1008/1387/1371 1012/1385/1369
f 1013/1403/1387 1012/1385/1369 1017/1404/1388
f 1017/1404/1388 1012/1385/1369 1016/1383/1367
f 1017/1404/1388 1016/1383/1367 1021/1405/1389
f 1021/1405/1389 1016/1383/1367 1020/1381/1365
f 1021/1405/1389 1020/1381/1365 1025/1406/1390
f 1025/1406/1390 1020/1381/1365 1024/1379/1363
f 1025/1406/1390 1024/1379/1363 1029/1407/1391
f 1029/1407/1391 1024/1379/1363 1028/1377/1361
f 1029/1407/1391 1028/1377/1361 1033/1408/1392
f 1033/1408/1392 1028/1377/1361 1032/1375/1359
f 1033/1408/1392 1032/1375/1359 1037/1409/1393
f 1037/1409/1393 1032/1375/1359 1036/1373/1357
f 1037/1409/1393 1036/1373/1357 1041/1410/1394
f 1041/1410/1394 1036/1373/1357 1040/1371/1355
f 1041/1410/1394 1040/1371/1355 1045/1411/1395
f 1045/1411/1395 1040/1371/1355 1044/1369/1353
f 1045/1411/1395 1044/1369/1353 1049/1412/1396
f 1049/1412/1396 1044/1369/1353 1048/1367/1351
f 1049/1412/1396 1048/1367/1351 1053/1413/1397
f 1053/1413/1397 1048/1367/1351 1052/1365/1349
f 1053/1413/1397 1052/1365/1349 1057/1414/1398
f 1057/1414/1398 1052/1365/1349 1056/1363/1347
f 1057/1414/1398 1056/1363/1347 1061/1415/1399
f 1061/1415/1399 1056/1363/1347 1060/1361/1345
f 1061/1415/1399 1060/1361/1345 1065/1416/1400
f 1065/1416/1400 1060/1361/1345 1064/1359/1343
f 1065/1416/1400 1064/1359/1343 1069/1417/1401
f 1069/1417/1401 1064/1359/1343 1068/1356/1340
f 1069/1417/1401 1068/1356/1340 1073/1354/1338
f 997/1309/1293 1001/1400/1384 1002/1311/1295
f 1002/1311/1295 1001/1400/1384 1006/1418/1402
f 1002/1311/1295 1006/1418/1402 1007/1313/1297
f 1007/1313/1297 1006/1418/1402 1011/1316/1300
f 1006/1418/1402 1001/1400/1384 1005/1401/1385
f 1006/1418/1402 1005/1401/1385 1010/1419/1403
f 1010/1419/1403 1005/1401/1385 1009/1402/1386
f 1010/1419/1403 1009/1402/1386 1014/1420/1404
f 1014/1420/1404 1009/1402/1386 1013/1403/1387
f 1014/1420/1404 1013/1403/1387 1018/1421/1405
f 1018/1421/1405 1013/1403/1387 1017/1404/1388
f 1018/1421/1405 1017/1404/1388 1022/1422/1406
f 1022/1422/1406 1017/1404/1388 1021/1405/1389
f 1022/1422/1406 1021/1405/1389 1026/1423/1407
f 1026/1423/1407 1021/1405/1389 1025/1406/1390
f 1026/1423/1407 1025/1406/1390 1030/1424/1408
f 1030/1424/1408 1025/1406/1390 1029/1407/1391
f 1030/1424/1408 1029/1407/1391 1034/1425/1409
f 1034/1425/1409 1029/1407/1391 1033/1408/1392
f 1034/1425/1409 1033/1408/1392 1038/1426/1410
f 1038/1426/1410 1033/1408/1392 1037/1409/1393
f 1038/1426/1410 1037/1409/1393 1042/1427/1411
f 1042/1427/1411 1037/1409/1393 1041/1410/1394
f 1042/1427/1411 1041/1410/1394 1046/1428/1412
f 1046/1428/1412 1041/1410/1394 1045/1411/1395
f 1046/1428/1412 1045/1411/1395 1050/1429/1413
f 1050/1429/1413 1045/1411/1395 1049/1412/1396
f 1050/1429/1413 1049/1412/1396 1054/1430/1414
f 1054/1430/1414 1049/1412/1396 1053/1413/1397
f 1054/1430/1414 1053/1413/1397 1058/1431/1415
f 1058/1431/1415 1053/1413/1397 1057/1414/1398
f 1058/1431/1415 1057/1414/1398 1062/1432/1416
f 1062/1432/1416 1057/1414/1398 1061/1415/1399
f 1062/1432/1416 1061/1415/1399 1066/1433/1417
f 1066/1433/1417 1061/1415/1399 1065/1416/1400
f 1066/1433/1417 1065/1416/1400 1070/1434/1418
f 1070/1434/1418 1065/1416/1400 1069/1417/1401
f 1070/1434/1418 1069/1417/1401 1074/1435/1419
f 1074/1435/1419 1069/1417/1401 1073/1354/1338
f 1074/1435/1419 1073/1354/1338 1078/1352/1336
f 1015/1318/1302 1011/1316/1300 1010/1419/1403
f 1010/1419/1403 1011/1316/1300 1006/1418/1402
f 1015/1318/1302 1010/1419/1403 1014/1420/1404
f 1019/1320/1304 1015/1318/1302 1014/1420/1404
f 1019/1320/1304 1014/1420/1404 1018/1421/1405
f 1023/1322/1306 1019/1320/1304 1018/1421/1405
f 1023/1322/1306 1018/1421/1405 1022/1422/1406
f 1027/1324/1308 1023/1322/1306 1022/1422/1406
f 1027/1324/1308 1022/1422/1406 1026/1423/1407
f 1031/1326/1310 1027/1324/1308 1026/1423/1407
f 1031/1326/1310 1026/1423/1407 1030/1424/1408
f 1035/1328/1312 1031/1326/1310 1030/1424/1408
f 1035/1328/1312 1030/1424/1408 1034/1425/1409
f 1039/1330/1314 1035/1328/1312 1034/1425/1409
f 1039/1330/1314 1034/1425/1409 1038/1426/1410
f 1043/1332/1316 1039/1330/1314 1038/1426/1410
f 1043/1332/1316 1038/1426/1410 1042/1427/1411
f 1047/1334/1318 1043/1332/1316 1042/1427/1411
f 1047/1334/1318 1042/1427/1411 1046/1428/1412
f 1051/1336/1320 1047/1334/1318 1046/1428/1412
f 1051/1336/1320 1046/1428/1412 1050/1429/1413
f 1055/1338/1322 1051/1336/1320 1050/1429/1413
f 1055/1338/1322 1050/1429/1413 1054/1430/1414
f 1059/1340/1324 1055/1338/1322 1054/1430/1414
f 1059/1340/1324 1054/1430/1414 1058/1431/1415
f 1063/1342/1326 1059/1340/1324 1058/1431/1415
f 1063/1342/1326 1058/1431/1415 1062/1432/1416
f 1067/1344/1328 1063/1342/1326 1062/1432/1416
f 1067/1344/1328 1062/1432/1416 1066/1433/1417
f 1071/1346/1330 1067/1344/1328 1066/1433/1417
f 1071/1346/1330 1066/1433/1417 1070/1434/1418
f 1075/1348/1332 1071/1346/1330 1070/1434/1418
f 1075/1348/1332 1070/1434/1418 1074/1435/1419
f 1079/1350/1334 1075/1348/1332 1074/1435/1419
f 1079/1350/1334 1074/1435/1419 1078/1352/1336
f 180/1436/1378 179/1437/1420 577/1438/1335
f 577/1438/1335 179/1437/1420 578/1439/1421
f 554/1440/1186 203/1441/1254 555/1442/1382
f 555/1442/1382 203/1441/1254 202/1443/1292
f 895/1444/1422 1166/1445/1423 809/1446/1424
f 809/1446/1424 1166/1445/1423 1080/1447/1425
f 809/1448/1424 1080/1449/1425 810/1450/1426
f 810/1450/1426 1080/1449/1425 1081/1451/1427
f 810/1450/1426 1081/1451/1427 811/1452/1428
f 811/1452/1428 1081/1451/1427 1082/1453/1429
f 811/1452/1428 1082/1453/1429 812/1454/1430
f 812/1454/1430 1082/1453/1429 1083/1455/1431
f 812/1454/1430 1083/1455/1431 813/1456/1432
f 813/1456/1432 1083/1455/1431 1084/1457/1433
f 813/1456/1432 1084/1457/1433 814/1458/1434
f 814/1458/1434 1084/1457/1433 1085/1459/1435
f 814/1458/1434 1085/1459/1435 815/1460/1436
f 815/1460/1436 1085/1459/1435 1086/1461/1437
f 815/1460/1436 1086/1461/1437 816/1462/1438
f 816/1462/1438 1086/1461/1437 1087/1463/1439
f 816/1462/1438 1087/1463/1439 817/1464/1440
f 817/1464/1440 1087/1463/1439 1088/1465/1441
f 817/1464/1440 1088/1465/1441 818/1466/1442
f 818/1466/1442 1088/1465/1441 1089/1467/1443
f 818/1466/1442 1089/1467/1443 819/1468/1444
f 819/1468/1444 1089/1467/1443 1090/1469/1445
f 819/1468/1444 1090/1469/1445 820/1470/1446
f 820/1470/1446 1090/1469/1445 1091/1471/1447
f 820/1470/1446 1091/1471/1447 821/1472/1448
f 821/1472/1448 1091/1471/1447 1092/1473/1449
f 821/1472/1448 1092/1473/1449 822/1474/1450
f 822/1474/1450 1092/1473/1449 1093/1475/1451
f 822/1474/1450 1093/1475/1451 823/1476/1452
f 823/1476/1452 1093/1475/1451 1094/1477/1453
f 823/1476/1452 1094/1477/1453 824/1478/1454
f 824/1478/1454 1094/1477/1453 1095/1479/1455
f 824/1478/1454 1095/1479/1455 825/1480/1456
f 825/1480/1456 1095/1479/1455 1096/1481/1457
f 825/1480/1456 1096/1481/1457 826/1482/1458
f 826/1482/1458 1096/1481/1457 1097/1483/1459
f 826/1482/1458 1097/1483/1459 827/1484/1460
f 827/1484/1460 1097/1483/1459 1098/1485/1461
f 827/1484/1460 1098/1485/1461 828/1486/1462
f 828/1486/1462 1098/1485/1461 1099/1487/1463
f 828/1486/1462 1099/1487/1463 829/1488/1464
f 829/1488/1464 1099/1487/1463 1100/1489/1465
f 829/1488/1464 1100/1489/1465 830/1490/1466
f 830/1490/1466 1100/1489/1465 1101/1491/1467
f 830/1490/1466 1101/1491/1467 831/1492/1468
f 831/1492/1468 1101/1491/1467 1102/1493/1469
f 831/1492/1468 1102/1493/1469 832/1494/1470
f 832/1494/1470 1102/1493/1469 1103/1495/1471
f 832/1494/1470 1103/1495/1471 833/1496/1472
f 833/1496/1472 1103/1495/1471 1104/1497/1473
f 833/1496/1472 1104/1497/1473 834/1498/1474
f 834/1498/1474 1104/1497/1473 1105/1499/1475
f 834/1498/1474 1105/1499/1475 835/1500/1476
f 835/1500/1476 1105/1499/1475 1106/1501/1477
f 835/1500/1476 1106/1501/1477 836/1502/1478
f 836/1502/1478 1106/1501/1477 1107/1503/1479
f 836/1502/1478 1107/1503/1479 837/1504/1480
f 837/1504/1480 1107/1503/1479 1108/1505/1481
f 837/1504/1480 1108/1505/1481 838/1506/1482
f 838/1506/1482 1108/1505/1481 1109/1507/1483
f 838/1506/1482 1109/1507/1483 839/1508/1484
f 839/1508/1484 1109/1507/1483 1110/1509/1485
f 839/1508/1484 1110/1509/1485 840/1510/1486
f 840/1510/1486 1110/1509/1485 1111/1511/1487
f 840/1510/1486 1111/1511/1487 841/1512/1488
f 841/1512/1488 1111/1511/1487 1112/1513/1489
f 841/1512/1488 1112/1513/1489 842/1514/1490
f 842/1514/1490 1112/1513/1489 1113/1515/1491
f 842/1514/1490 1113/1515/1491 843/1516/1492
f 843/1516/1492 1113/1515/1491 1114/1517/1493
f 843/1516/1492 1114/1517/1493 844/1518/1494
f 844/1518/1494 1114/1517/1493 1115/1519/1495
f 844/1518/1494 1115/1519/1495 845/1520/1496
f 845/1520/1496 1115/1519/1495 1116/1521/1497
f 845/1520/1496 1116/1521/1497 846/1522/1498
f 846/1522/1498 1116/1521/1497 1117/1523/1499
f 846/1522/1498 1117/1523/1499 847/1524/1500
f 847/1524/1500 1117/1523/1499 1118/1525/1501
f 847/1524/1500 1118/1525/1501 848/1526/1502
f 848/1526/1502 1118/1525/1501 1119/1527/1503
f 848/1526/1502 1119/1527/1503 849/1528/1504
f 849/1528/1504 1119/1527/1503 1120/1529/1505
f 849/1528/1504 1120/1529/1505 850/1530/1506
f 850/1530/1506 1120/1529/1505 1121/1531/1507
f 850/1530/1506 1121/1531/1507 851/1532/1508
f 851/1532/1508 1121/1531/1507 1122/1533/1509
f 851/1532/1508 1122/1533/1509 852/1534/1510
f 852/1534/1510 1122/1533/1509 1123/1535/1511
f 852/1534/1510 1123/1535/1511 853/1536/1512
f 853/1536/1512 1123/1535/1511 1124/1537/1513
f 853/1536/1512 1124/1537/1513 854/1538/1514
f 854/1538/1514 1124/1537/1513 1125/1539/1515
f 854/1538/1514 1125/1539/1515 855/1540/1516
f 855/1540/1516 1125/1539/1515 1126/1541/1517
f 855/1540/1516 1126/1541/1517 856/1542/1518
f 856/1542/1518 1126/1541/1517 1127/1543/1519
f 856/1542/1518 1127/1543/1519 857/1544/1520
f 857/1544/1520 1127/1543/1519 1128/1545/1521
f 857/1544/1520 1128/1545/1521 858/1546/1522
f 858/1546/1522 1128/1545/1521 1129/1547/1523
f 858/1546/1522 1129/1547/1523 859/1548/1524
f 859/1548/1524 1129/1547/1523 1130/1549/1525
f 859/1548/1524 1130/1549/1525 860/1550/1526
f 860/1550/1526 1130/1549/1525 1131/1551/1527
f 860/1550/1526 1131/1551/1527 861/1552/1528
f 861/1552/1528 1131/1551/1527 1132/1553/1529
f 861/1552/1528 1132/1553/1529 862/1554/1530
f 862/1554/1530 1132/1553/1529 1133/1555/1531
f 862/1554/1530 1133/1555/1531 863/1556/1532
f 863/1556/1532 1133/1555/1531 1134/1557/1533
f 863/1556/1532 1134/1557/1533 864/1558/1534
f 864/1558/1534 1134/1557/1533 1135/1559/1535
f 864/1558/1534 1135/1559/1535 865/1560/1536
f 865/1560/1536 1135/1559/1535 1136/1561/1537
f 865/1560/1536 1136/1561/1537 866/1562/1538
f 866/1562/1538 1136/1561/1537 1137/1563/1539
f 866/1562/1538 1137/1563/1539 867/1564/1540
f 867/1564/1540 1137/1563/1539 1138/1565/1541
f 867/1564/1540 1138/1565/1541 868/1566/1542
f 868/1566/1542 1138/1565/1541 1139/1567/1543
f 868/1566/1542 1139/1567/1543 869/1568/1544
f 869/1568/1544 1139/1567/1543 1140/1569/1545
f 869/1568/1544 1140/1569/1545 870/1570/1546
f 870/1570/1546 1140/1569/1545 1141/1571/1547
f 870/1570/1546 1141/1571/1547 871/1572/1548
f 871/1572/1548 1141/1571/1547 1142/1573/1549
f 871/1572/1548 1142/1573/1549 872/1574/1550
f 872/1574/1550 1142/1573/1549 1143/1575/1551
f 872/1574/1550 1143/1575/1551 873/1576/1552
f 873/1576/1552 1143/1575/1551 1144/1577/1553
f 873/1576/1552 1144/1577/1553 874/1578/1554
f 874/1578/1554 1144/1577/1553 1145/1579/1555
f 874/1578/1554 1145/1579/1555 875/1580/1556
f 875/1580/1556 1145/1579/1555 1146/1581/1557
f 875/1580/1556 1146/1581/1557 876/1582/1558
f 876/1582/1558 1146/1581/1557 1147/1583/1559
f 876/1582/1558 1147/1583/1559 877/1584/1560
f 877/1584/1560 1147/1583/1559 1148/1585/1561
f 877/1584/1560 1148/1585/1561 878/1586/1562
f 878/1586/1562 1148/1585/1561 1149/1587/1563
f 878/1586/1562 1149/1587/1563 879/1588/1564
f 879/1588/1564 1149/1587/1563 1150/1589/1565
f 879/1588/1564 1150/1589/1565 880/1590/1566
f 880/1590/1566 1150/1589/1565 1151/1591/1567
f 880/1590/1566 1151/1591/1567 881/1592/1568
f 881/1592/1568 1151/1591/1567 1152/1593/1569
f 881/1592/1568 1152/1593/1569 882/1594/1570
f 882/1594/1570 1152/1593/1569 1153/1595/1571
f 882/1594/1570 1153/1595/1571 883/1596/1572
f 883/1596/1572 1153/1595/1571 1154/1597/1573
f 883/1596/1572 1154/1597/1573 884/1598/1574
f 884/1598/1574 1154/1597/1573 1155/1599/1575
f 884/1598/1574 1155/1599/1575 885/1600/1576
f 885/1600/1576 1155/1599/1575 1156/1601/1577
f 885/1600/1576 1156/1601/1577 886/1602/1578
f 886/1602/1578 1156/1601/1577 1157/1603/1579
f 886/1602/1578 1157/1603/1579 887/1604/1580
f 887/1604/1580 1157/1603/1579 1158/1605/1581
f 887/1604/1580 1158/1605/1581 888/1606/1582
f 888/1606/1582 1158/1605/1581 1159/1607/1583
f 888/1606/1582 1159/1607/1583 889/1608/1584
f 889/1608/1584 1159/1607/1583 1160/1609/1585
f 889/1608/1584 1160/1609/1585 890/1610/1586
f 890/1610/1586 1160/1609/1585 1161/1611/1587
f 890/1610/1586 1161/1611/1587 891/1612/1588
f 891/1612/1588 1161/1611/1587 1162/1613/1589
f 891/1612/1588 1162/1613/1589 892/1614/1590
f 892/1614/1590 1162/1613/1589 1163/1615/1591
f 892/1614/1590 1163/1615/1591 893/1616/1592
f 893/1616/1592 1163/1615/1591 1164/1617/1593
f 893/1616/1592 1164/1617/1593 894/1618/1594
f 894/1618/1594 1164/1617/1593 1165/1619/1595
f 894/1618/1594 1165/1619/1595 895/1444/1422
f 895/1444/1422 1165/1619/1595 1166/1445/1423
f 149/1620/1596 27/1621/52 1168/1622/1597
f 1168/1622/1597 27/1621/52 26/1623/101
f 1168/1622/1597 26/1623/101 1167/1624/1598
f 1167/1624/1598 26/1623/101 608/1625/1599
f 1167/1624/1598 608/1625/1599 1169/1626/1600
f 1169/1626/1600 608/1625/1599 607/1627/1601
f 1169/1626/1600 607/1627/1601 1171/1628/1602
f 1171/1628/1602 607/1627/1601 606/1629/1603
f 1171/1628/1602 606/1629/1603 1173/1630/1604
f 1173/1630/1604 606/1629/1603 605/1631/1605
f 1173/1630/1604 605/1631/1605 1175/1632/1606
f 1175/1632/1606 605/1631/1605 604/1633/1607
f 1175/1632/1606 604/1633/1607 1177/1634/1608
f 1177/1634/1608 604/1633/1607 603/1635/1609
f 1177/1634/1608 603/1635/1609 1179/1636/1610
f 1179/1636/1610 603/1635/1609 602/1637/1611
f 1179/1636/1610 602/1637/1611 1181/1638/1612
f 1181/1638/1612 602/1637/1611 601/1639/1613
f 1181/1638/1612 601/1639/1613 1183/1640/1614
f 1183/1640/1614 601/1639/1613 600/1641/1615
f 1183/1640/1614 600/1641/1615 1185/1642/1616
f 1185/1642/1616 600/1641/1615 599/1643/1617
f 1185/1642/1616 599/1643/1617 1187/1644/1618
f 1187/1644/1618 599/1643/1617 598/1645/1619
f 1187/1644/1618 598/1645/1619 1189/1646/1620
f 1189/1646/1620 598/1645/1619 597/1647/1621
f 1189/1646/1620 597/1647/1621 1191/1648/1622
f 1191/1648/1622 597/1647/1621 596/1649/1623
f 1191/1648/1622 596/1649/1623 1193/1650/1624
f 1193/1650/1624 596/1649/1623 595/1651/1625
f 1193/1650/1624 595/1651/1625 1195/1652/1626
f 1195/1652/1626 595/1651/1625 594/1653/1627
f 1195/1652/1626 594/1653/1627 1197/1654/1628
f 1197/1654/1628 594/1653/1627 593/1655/1629
f 1197/1654/1628 593/1655/1629 1199/1656/1630
f 1199/1656/1630 593/1655/1629 592/1657/1631
f 1199/1656/1630 592/1657/1631 1201/1658/1632
f 1201/1658/1632 592/1657/1631 591/1659/1633
f 1201/1658/1632 591/1659/1633 1203/1660/1634
f 1203/1660/1634 591/1659/1633 590/1661/1635
f 1203/1660/1634 590/1661/1635 1205/1662/1636
f 1205/1662/1636 590/1661/1635 589/1663/1637
f 1205/1662/1636 589/1663/1637 1207/1664/1638
f 1207/1664/1638 589/1663/1637 588/1665/1639
f 1207/1664/1638 588/1665/1639 1209/1666/1640
f 1209/1666/1640 588/1665/1639 587/1667/1641
f 1209/1666/1640 587/1667/1641 1211/1668/1642
f 1211/1668/1642 587/1667/1641 586/1669/1643
f 1211/1668/1642 586/1669/1643 1213/1670/1644
f 1213/1670/1644 586/1669/1643 585/1671/1645
f 1213/1670/1644 585/1671/1645 1215/1672/1646
f 1215/1672/1646 585/1671/1645 584/1673/1647
f 1215/1672/1646 584/1673/1647 1217/1674/1648
f 1217/1674/1648 584/1673/1647 583/1675/1649
f 1217/1674/1648 583/1675/1649 1219/1676/1650
f 1219/1676/1650 583/1675/1649 582/1677/1651
f 1219/1676/1650 582/1677/1651 1221/1678/1652
f 1221/1678/1652 582/1677/1651 581/1679/1653
f 1221/1678/1652 581/1679/1653 1223/1680/1654
f 1223/1680/1654 581/1679/1653 580/1681/1655
f 1223/1680/1654 580/1681/1655 1225/1682/1656
f 1225/1682/1656 580/1681/1655 579/1683/1657
f 1225/1682/1656 579/1683/1657 578/1684/1658
f 578/1684/1658 179/1685/1659 1225/1682/1656
f 1225/1682/1656 179/1685/1659 1226/1686/1660
f 1225/1682/1656 1226/1686/1660 1223/1680/1654
f 1223/1680/1654 1226/1686/1660 1224/1687/1661
f 1223/1680/1654 1224/1687/1661 1221/1678/1652
f 1221/1678/1652 1224/1687/1661 1222/1688/1662
f 1221/1678/1652 1222/1688/1662 1219/1676/1650
f 1219/1676/1650 1222/1688/1662 1220/1689/1663
f 1219/1676/1650 1220/1689/1663 1217/1674/1648
f 1217/1674/1648 1220/1689/1663 1218/1690/1664
f 1217/1674/1648 1218/1690/1664 1215/1672/1646
f 1215/1672/1646 1218/1690/1664 1216/1691/1665
f 1215/1672/1646 1216/1691/1665 1213/1670/1644
f 1213/1670/1644 1216/1691/1665 1214/1692/1666
f 1213/1670/1644 1214/1692/1666 1211/1668/1642
f 1211/1668/1642 1214/1692/1666 1212/1693/1667
f 1211/1668/1642 1212/1693/1667 1209/1666/1640
f 1209/1666/1640 1212/1693/1667 1210/1694/1668
f 1209/1666/1640 1210/1694/1668 1207/1664/1638
f 1207/1664/1638 1210/1694/1668 1208/1695/1669
f 1207/1664/1638 1208/1695/1669 1205/1662/1636
f 1205/1662/1636 1208/1695/1669 1206/1696/1670
f 1205/1662/1636 1206/1696/1670 1203/1660/1634
f 1203/1660/1634 1206/1696/1670 1204/1697/1671
f 1203/1660/1634 1204/1697/1671 1201/1658/1632
f 1201/1658/1632 1204/1697/1671 1202/1698/1672
f 1201/1658/1632 1202/1698/1672 1199/1656/1630
f 1199/1656/1630 1202/1698/1672 1200/1699/1673
f 1199/1656/1630 1200/1699/1673 1197/1654/1628
f 1197/1654/1628 1200/1699/1673 1198/1700/1674
f 1197/1654/1628 1198/1700/1674 1195/1652/1626
f 1195/1652/1626 1198/1700/1674 1196/1701/1675
f 1195/1652/1626 1196/1701/1675 1193/1650/1624
f 1193/1650/1624 1196/1701/1675 1194/1702/1676
f 1193/1650/1624 1194/1702/1676 1191/1648/1622
f 1191/1648/1622 1194/1702/1676 1192/1703/1677
f 1191/1648/1622 1192/1703/1677 1189/1646/1620
f 1189/1646/1620 1192/1703/1677 1190/1704/1678
f 1189/1646/1620 1190/1704/1678 1187/1644/1618
f 1187/1644/1618 1190/1704/1678 1188/1705/1679
f 1187/1644/1618 1188/1705/1679 1185/1642/1616
f 1185/1642/1616 1188/1705/1679 1186/1706/1680
f 1185/1642/1616 1186/1706/1680 1183/1640/1614
f 1183/1640/1614 1186/1706/1680 1184/1707/1681
f 1183/1640/1614 1184/1707/1681 1181/1638/1612
f 1181/1638/1612 1184/1707/1681 1182/1708/1682
f 1181/1638/1612 1182/1708/1682 1179/1636/1610
f 1179/1636/1610 1182/1708/1682 1180/1709/1683
f 1179/1636/1610 1180/1709/1683 1177/1634/1608
f 1177/1634/1608 1180/1709/1683 1178/1710/1684
f 1177/1634/1608 1178/1710/1684 1175/1632/1606
f 1175/1632/1606 1178/1710/1684 1176/1711/1685
f 1175/1632/1606 1176/1711/1685 1173/1630/1604
f 1173/1630/1604 1176/1711/1685 1174/1712/1686
f 1173/1630/1604 1174/1712/1686 1171/1628/1602
f 1171/1628/1602 1174/1712/1686 1172/1713/1687
f 1171/1628/1602 1172/1713/1687 1169/1626/1600
f 1169/1626/1600 1172/1713/1687 1170/1714/1688
f 1169/1626/1600 1170/1714/1688 1167/1624/1598
f 1167/1624/1598 1170/1714/1688 1168/1622/1597
f 179/1685/1659 178/1715/1689 1226/1686/1660
f 1226/1686/1660 178/1715/1689 1224/1687/1661
f 178/1715/1689 177/1716/1690 1224/1687/1661
f 1224/1687/1661 177/1716/1690 1222/1688/1662
f 177/1716/1690 176/1717/1691 1222/1688/1662
f 1222/1688/1662 176/1717/1691 1220/1689/1663
f 176/1717/1691 175/1718/1692 1220/1689/1663
f 1220/1689/1663 175/1718/1692 1218/1690/1664
f 175/1718/1692 174/1719/1693 1218/1690/1664
f 1218/1690/1664 174/1719/1693 1216/1691/1665
f 174/1719/1693 173/1720/1694 1216/1691/1665
f 1216/1691/1665 173/1720/1694 1214/1692/1666
f 173/1720/1694 172/1721/1695 1214/1692/1666
f 1214/1692/1666 172/1721/1695 1212/1693/1667
f 172/1721/1695 171/1722/1696 1212/1693/1667
f 1212/1693/1667 171/1722/1696 1210/1694/1668
f 171/1722/1696 170/1723/1697 1210/1694/1668
f 1210/1694/1668 170/1723/1697 1208/1695/1669
f 170/1723/1697 169/1724/1698 1208/1695/1669
f 1208/1695/1669 169/1724/1698 1206/1696/1670
f 169/1724/1698 168/1725/1699 1206/1696/1670
f 1206/1696/1670 168/1725/1699 1204/1697/1671
f 168/1725/1699 167/1726/1700 1204/1697/1671
f 1204/1697/1671 167/1726/1700 1202/1698/1672
f 167/1726/1700 166/1727/1701 1202/1698/1672
f 1202/1698/1672 166/1727/1701 1200/1699/1673
f 166/1727/1701 165/1728/1702 1200/1699/1673
f 1200/1699/1673 165/1728/1702 1198/1700/1674
f 165/1728/1702 164/1729/1703 1198/1700/1674
f 1198/1700/1674 164/1729/1703 1196/1701/1675
f 164/1729/1703 163/1730/1704 1196/1701/1675
f 1196/1701/1675 163/1730/1704 1194/1702/1676
f 163/1730/1704 162/1731/1705 1194/1702/1676
f 1194/1702/1676 162/1731/1705 1192/1703/1677
f 162/1731/1705 161/1732/1706 1192/1703/1677
f 1192/1703/1677 161/1732/1706 1190/1704/1678
f 161/1732/1706 160/1733/1707 1190/1704/1678
f 1190/1704/1678 160/1733/1707 1188/1705/1679
f 160/1733/1707 159/1734/1708 1188/1705/1679
f 1188/1705/1679 159/1734/1708 1186/1706/1680
f 159/1734/1708 158/1735/1709 1186/1706/1680
f 1186/1706/1680 158/1735/1709 1184/1707/1681
f 158/1735/1709 157/1736/1710 1184/1707/1681
f 1184/1707/1681 157/1736/1710 1182/1708/1682
f 157/1736/1710 156/1737/1711 1182/1708/1682
f 1182/1708/1682 156/1737/1711 1180/1709/1683
f 156/1737/1711 155/1738/1712 1180/1709/1683
f 1180/1709/1683 155/1738/1712 1178/1710/1684
f 155/1738/1712 154/1739/1713 1178/1710/1684
f 1178/1710/1684 154/1739/1713 1176/1711/1685
f 154/1739/1713 153/1740/1714 1176/1711/1685
f 1176/1711/1685 153/1740/1714 1174/1712/1686
f 153/1740/1714 152/1741/1715 1174/1712/1686
f 1174/1712/1686 152/1741/1715 1172/1713/1687
f 152/1741/1715 151/1742/1716 1172/1713/1687
f 1172/1713/1687 151/1742/1716 1170/1714/1688
f 151/1742/1716 150/1743/1717 1170/1714/1688
f 1170/1714/1688 150/1743/1717 1168/1622/1597
f 150/1743/1717 149/1620/1596 1168/1622/1597
f 477/1744/1718 1227/1745/1719 478/1746/1720
f 478/1746/1720 1227/1745/1719 1228/1747/1721
f 478/1746/1720 1228/1747/1721 302/1748/1722
f 302/1748/1722 1228/1747/1721 303/1749/1723
f 303/1749/1723 1228/1747/1721 304/1750/1724
f 304/1750/1724 1228/1747/1721 1230/1751/1725
f 304/1750/1724 1230/1751/1725 305/1752/1726
f 305/1752/1726 1230/1751/1725 1232/1753/1727
f 305/1752/1726 1232/1753/1727 306/1754/1728
f 306/1754/1728 1232/1753/1727 1234/1755/1729
f 306/1754/1728 1234/1755/1729 307/1756/1730
f 307/1756/1730 1234/1755/1729 1236/1757/1731
f 307/1756/1730 1236/1757/1731 308/1758/1732
f 308/1758/1732 1236/1757/1731 1238/1759/1733
f 308/1758/1732 1238/1759/1733 309/1760/1734
f 309/1760/1734 1238/1759/1733 1240/1761/1735
f 309/1760/1734 1240/1761/1735 310/1762/1736
f 310/1762/1736 1240/1761/1735 1242/1763/1737
f 310/1762/1736 1242/1763/1737 311/1764/1738
f 311/1764/1738 1242/1763/1737 1244/1765/1739
f 311/1764/1738 1244/1765/1739 312/1766/1740
f 312/1766/1740 1244/1765/1739 1246/1767/1741
f 312/1766/1740 1246/1767/1741 313/1768/1742
f 313/1768/1742 1246/1767/1741 1248/1769/1743
f 313/1768/1742 1248/1769/1743 314/1770/1744
f 314/1770/1744 1248/1769/1743 1250/1771/1745
f 314/1770/1744 1250/1771/1745 315/1772/1746
f 315/1772/1746 1250/1771/1745 1252/1773/1747
f 315/1772/1746 1252/1773/1747 316/1774/1748
f 316/1774/1748 1252/1773/1747 1254/1775/1749
f 316/1774/1748 1254/1775/1749 317/1776/1750
f 317/1776/1750 1254/1775/1749 1256/1777/1751
f 317/1776/1750 1256/1777/1751 318/1778/1752
f 318/1778/1752 1256/1777/1751 1258/1779/1753
f 318/1778/1752 1258/1779/1753 319/1780/1754
f 319/1780/1754 1258/1779/1753 1260/1781/1755
f 319/1780/1754 1260/1781/1755 320/1782/1756
f 320/1782/1756 1260/1781/1755 1262/1783/1757
f 320/1782/1756 1262/1783/1757 321/1784/1758
f 321/1784/1758 1262/1783/1757 1264/1785/1759
f 321/1784/1758 1264/1785/1759 322/1786/1760
f 322/1786/1760 1264/1785/1759 1266/1787/1761
f 322/1786/1760 1266/1787/1761 323/1788/1762
f 323/1788/1762 1266/1787/1761 1268/1789/1763
f 323/1788/1762 1268/1789/1763 324/1790/1764
f 324/1790/1764 1268/1789/1763 1270/1791/1765
f 324/1790/1764 1270/1791/1765 325/1792/1766
f 325/1792/1766 1270/1791/1765 1272/1793/1767
f 325/1792/1766 1272/1793/1767 326/1794/1768
f 326/1794/1768 1272/1793/1767 1274/1795/1769
f 326/1794/1768 1274/1795/1769 327/1796/1770
f 327/1796/1770 1274/1795/1769 1276/1797/1771
f 327/1796/1770 1276/1797/1771 328/1798/1772
f 328/1798/1772 1276/1797/1771 1278/1799/1773
f 328/1798/1772 1278/1799/1773 329/1800/1774
f 329/1800/1774 1278/1799/1773 1280/1801/1775
f 329/1800/1774 1280/1801/1775 330/1802/1776
f 330/1802/1776 1280/1801/1775 1282/1803/1777
f 330/1802/1776 1282/1803/1777 331/1804/1778
f 331/1804/1778 1282/1803/1777 1284/1805/1779
f 331/1804/1778 1284/1805/1779 332/1806/1780
f 332/1806/1780 1284/1805/1779 1286/1807/1781
f 332/1806/1780 1286/1807/1781 333/1808/1782
f 333/1808/1782 1286/1807/1781 1288/1809/1783
f 333/1808/1782 1288/1809/1783 334/1810/1784
f 334/1810/1784 1288/1809/1783 1290/1811/1785
f 334/1810/1784 1290/1811/1785 335/1812/1786
f 335/1812/1786 1290/1811/1785 1292/1813/1787
f 335/1812/1786 1292/1813/1787 336/1814/1788
f 336/1814/1788 1292/1813/1787 1294/1815/1789
f 336/1814/1788 1294/1815/1789 52/1816/1790
f 52/1816/1790 1294/1815/1789 1293/1817/1791
f 52/1816/1790 1293/1817/1791 1/1818/1792
f 1/1818/1792 1293/1817/1791 444/1819/1793
f 444/1819/1793 1293/1817/1791 445/1820/1794
f 445/1820/1794 1293/1817/1791 1291/1821/1795
f 445/1820/1794 1291/1821/1795 446/1822/1796
f 446/1822/1796 1291/1821/1795 1289/1823/1797
f 446/1822/1796 1289/1823/1797 447/1824/1798
f 447/1824/1798 1289/1823/1797 1287/1825/1799
f 447/1824/1798 1287/1825/1799 448/1826/1800
f 448/1826/1800 1287/1825/1799 1285/1827/1801
f 448/1826/1800 1285/1827/1801 449/1828/1802
f 449/1828/1802 1285/1827/1801 1283/1829/1803
f 449/1828/1802 1283/1829/1803 450/1830/1804
f 450/1830/1804 1283/1829/1803 1281/1831/1805
f 450/1830/1804 1281/1831/1805 451/1832/1806
f 451/1832/1806 1281/1831/1805 1279/1833/1807
f 451/1832/1806 1279/1833/1807 452/1834/1808
f 452/1834/1808 1279/1833/1807 1277/1835/1809
f 452/1834/1808 1277/1835/1809 453/1836/1810
f 453/1836/1810 1277/1835/1809 1275/1837/1811
f 453/1836/1810 1275/1837/1811 454/1838/1812
f 454/1838/1812 1275/1837/1811 1273/1839/1813
f 454/1838/1812 1273/1839/1813 455/1840/1814
f 455/1840/1814 1273/1839/1813 1271/1841/1815
f 455/1840/1814 1271/1841/1815 456/1842/1816
f 456/1842/1816 1271/1841/1815 1269/1843/1817
f 456/1842/1816 1269/1843/1817 457/1844/1818
f 457/1844/1818 1269/1843/1817 1267/1845/1819
f 457/1844/1818 1267/1845/1819 458/1846/1820
f 458/1846/1820 1267/1845/1819 1265/1847/1821
f 458/1846/1820 1265/1847/1821 459/1848/1822
f 459/1848/1822 1265/1847/1821 1263/1849/1823
f 459/1848/1822 1263/1849/1823 460/1850/1824
f 460/1850/1824 1263/1849/1823 1261/1851/1825
f 460/1850/1824 1261/1851/1825 461/1852/1826
f 461/1852/1826 1261/1851/1825 1259/1853/1827
f 461/1852/1826 1259/1853/1827 462/1854/1828
f 462/1854/1828 1259/1853/1827 1257/1855/1829
f 462/1854/1828 1257/1855/1829 463/1856/1830
f 463/1856/1830 1257/1855/1829 1255/1857/1831
f 463/1856/1830 1255/1857/1831 464/1858/1832
f 464/1858/1832 1255/1857/1831 1253/1859/1833
f 464/1858/1832 1253/1859/1833 465/1860/1834
f 465/1860/1834 1253/1859/1833 1251/1861/1835
f 465/1860/1834 1251/1861/1835 466/1862/1836
f 466/1862/1836 1251/1861/1835 1249/1863/1837
f 466/1862/1836 1249/1863/1837 467/1864/1838
f 467/1864/1838 1249/1863/1837 1247/1865/1839
f 467/1864/1838 1247/1865/1839 468/1866/1840
f 468/1866/1840 1247/1865/1839 1245/1867/1841
f 468/1866/1840 1245/1867/1841 469/1868/1842
f 469/1868/1842 1245/1867/1841 1243/1869/1843
f 469/1868/1842 1243/1869/1843 470/1870/1844
f 470/1870/1844 1243/1869/1843 1241/1871/1845
f 470/1870/1844 1241/1871/1845 471/1872/1846
f 471/1872/1846 1241/1871/1845 1239/1873/1847
f 471/1872/1846 1239/1873/1847 472/1874/1848
f 472/1874/1848 1239/1873/1847 1237/1875/1849
f 472/1874/1848 1237/1875/1849 473/1876/1850
f 473/1876/1850 1237/1875/1849 1235/1877/1851
f 473/1876/1850 1235/1877/1851 474/1878/1852
f 474/1878/1852 1235/1877/1851 1233/1879/1853
f 474/1878/1852 1233/1879/1853 475/1880/1854
f 475/1880/1854 1233/1879/1853 1231/1881/1855
f 475/1880/1854 1231/1881/1855 476/1882/1856
f 476/1882/1856 1231/1881/1855 1229/1883/1857
f 476/1882/1856 1229/1883/1857 477/1744/1718
f 477/1744/1718 1229/1883/1857 1227/1745/1719
f 1230/1751/1725 1228/1747/1721 1227/1745/1719
f 1230/1751/1725 1227/1745/1719 1229/1883/1857
f 1232/1753/1727 1230/1751/1725 1229/1883/1857
f 1232/1753/1727 1229/1883/1857 1231/1881/1855
f 1234/1755/1729 1232/1753/1727 1231/1881/1855
f 1234/1755/1729 1231/1881/1855 1233/1879/1853
f 1236/1757/1731 1234/1755/1729 1233/1879/1853
f 1236/1757/1731 1233/1879/1853 1235/1877/1851
f 1238/1759/1733 1236/1757/1731 1235/1877/1851
f 1238/1759/1733 1235/1877/1851 1237/1875/1849
f 1240/1761/1735 1238/1759/1733 1237/1875/1849
f 1240/1761/1735 1237/1875/1849 1239/1873/1847
f 1242/1763/1737 1240/1761/1735 1239/1873/1847
f 1242/1763/1737 1239/1873/1847 1241/1871/1845
f 1244/1765/1739 1242/1763/1737 1241/1871/1845
f 1244/1765/1739 1241/1871/1845 1243/1869/1843
f 1246/1767/1741 1244/1765/1739 1243/1869/1843
f 1246/1767/1741 1243/1869/1843 1245/1867/1841
f 1248/1769/1743 1246/1767/1741 1245/1867/1841
f 1248/1769/1743 1245/1867/1841 1247/1865/1839
f 1250/1771/1745 1248/1769/1743 1247/1865/1839
f 1250/1771/1745 1247/1865/1839 1249/1863/1837
f 1252/1773/1747 1250/1771/1745 1249/1863/1837
f 1252/1773/1747 1249/1863/1837 1251/1861/1835
f 1254/1775/1749 1252/1773/1747 1251/1861/1835
f 1254/1775/1749 1251/1861/1835 1253/1859/1833
f 1256/1777/1751 1254/1775/1749 1253/1859/1833
f 1256/1777/1751 1253/1859/1833 1255/1857/1831
f 1258/1779/1753 1256/1777/1751 1255/1857/1831
f 1258/1779/1753 1255/1857/1831 1257/1855/1829
f 1260/1781/1755 1258/1779/1753 1257/1855/1829
f 1260/1781/1755 1257/1855/1829 1259/1853/1827
f 1262/1783/1757 1260/1781/1755 1259/1853/1827
f 1262/1783/1757 1259/1853/1827 1261/1851/1825
f 1264/1785/1759 1262/1783/1757 1261/1851/1825
f 1264/1785/1759 1261/1851/1825 1263/1849/1823
f 1266/1787/1761 1264/1785/1759 1263/1849/1823
f 1266/1787/1761 1263/1849/1823 1265/1847/1821
f 1268/1789/1763 1266/1787/1761 1265/1847/1821
f 1268/1789/1763 1265/1847/1821 1267/1845/1819
f 1270/1791/1765 1268/1789/1763 1267/1845/1819
f 1270/1791/1765 1267/1845/1819 1269/1843/1817
f 1272/1793/1767 1270/1791/1765 1269/1843/1817
f 1272/1793/1767 1269/1843/1817 1271/1841/1815
f 1274/1795/1769 1272/1793/1767 1271/1841/1815
f 1274/1795/1769 1271/1841/1815 1273/1839/1813
f 1276/1797/1771 1274/1795/1769 1273/1839/1813
f 1276/1797/1771 1273/1839/1813 1275/1837/1811
f 1278/1799/1773 1276/1797/1771 1275/1837/1811
f 1278/1799/1773 1275/1837/1811 1277/1835/1809
f 1280/1801/1775 1278/1799/1773 1277/1835/1809
f 1280/1801/1775 1277/1835/1809 1279/1833/1807
f 1282/1803/1777 1280/1801/1775 1279/1833/1807
f 1282/1803/1777 1279/1833/1807 1281/1831/1805
f 1284/1805/1779 1282/1803/1777 1281/1831/1805
f 1284/1805/1779 1281/1831/1805 1283/1829/1803
f 1286/1807/1781 1284/1805/1779 1283/1829/1803
f 1286/1807/1781 1283/1829/1803 1285/1827/1801
f 1288/1809/1783 1286/1807/1781 1285/1827/1801
f 1288/1809/1783 1285/1827/1801 1287/1825/1799
f 1290/1811/1785 1288/1809/1783 1287/1825/1799
f 1290/1811/1785 1287/1825/1799 1289/1823/1797
f 1292/1813/1787 1290/1811/1785 1289/1823/1797
f 1292/1813/1787 1289/1823/1797 1291/1821/1795
f 1294/1815/1789 1292/1813/1787 1291/1821/1795
f 1294/1815/1789 1291/1821/1795 1293/1817/1791
f 243/1884/711 242/1885/1858 537/1886/709
f 537/1886/709 242/1885/1858 359/1887/1859
f 220/1888/451 1102/1889/1860 337/1890/408
f 337/1890/408 1102/1889/1860 1101/1891/1861
f 337/1890/408 1101/1891/1861 1100/1892/1862
f 219/1893/1863 1115/1894/1864 220/1888/451
f 220/1888/451 1115/1894/1864 1114/1895/1865
f 220/1888/451 1114/1895/1865 1113/1896/1866
f 917/1897/1867 1124/1898/1868 219/1893/1863
f 219/1893/1863 1124/1898/1868 1123/1899/1869
f 219/1893/1863 1123/1899/1869 1122/1900/1870
f 916/1901/1871 1128/1902/1872 917/1897/1867
f 917/1897/1867 1128/1902/1872 1127/1903/1873
f 917/1897/1867 1127/1903/1873 1126/1904/1874
f 916/1901/1871 915/1905/1875 1128/1902/1872
f 1128/1902/1872 915/1905/1875 896/1906/1876
f 1128/1902/1872 896/1906/1876 1129/1907/1877
f 1129/1907/1877 896/1906/1876 1130/1908/1878
f 1130/1908/1878 896/1906/1876 1131/1909/1879
f 1131/1909/1879 896/1906/1876 1132/1910/1880
f 1132/1910/1880 896/1906/1876 1133/1911/1881
f 1133/1911/1881 896/1906/1876 1134/1912/1882
f 1134/1912/1882 896/1906/1876 1135/1913/1883
f 1135/1913/1883 896/1906/1876 1136/1914/1884
f 1136/1914/1884 896/1906/1876 1137/1915/1885
f 1137/1915/1885 896/1906/1876 1138/1916/1886
f 1138/1916/1886 896/1906/1876 1139/1917/1887
f 1139/1917/1887 896/1906/1876 1140/1918/1888
f 1140/1918/1888 896/1906/1876 1141/1919/1889
f 1141/1919/1889 896/1906/1876 1142/1920/1890
f 1142/1920/1890 896/1906/1876 1143/1921/1891
f 1143/1921/1891 896/1906/1876 1144/1922/1892
f 1144/1922/1892 896/1906/1876 1145/1923/1893
f 1145/1923/1893 896/1906/1876 786/1924/1894
f 1145/1923/1893 786/1924/1894 1146/1925/1895
f 1146/1925/1895 786/1924/1894 1147/1926/1896
f 1147/1926/1896 786/1924/1894 1148/1927/1897
f 1148/1927/1897 786/1924/1894 1149/1928/1898
f 1149/1928/1898 786/1924/1894 1150/1929/1899
f 1150/1929/1899 786/1924/1894 1151/1930/1900
f 1151/1930/1900 786/1924/1894 1152/1931/1901
f 1152/1931/1901 786/1924/1894 1153/1932/1902
f 1153/1932/1902 786/1924/1894 1154/1933/1903
f 1154/1933/1903 786/1924/1894 1155/1934/1904
f 1155/1934/1904 786/1924/1894 1156/1935/1905
f 1156/1935/1905 786/1924/1894 1157/1936/1906
f 1157/1936/1906 786/1924/1894 1158/1937/1907
f 1158/1937/1907 786/1924/1894 1159/1938/1908
f 1159/1938/1908 786/1924/1894 1160/1939/1909
f 1160/1939/1909 786/1924/1894 1161/1940/1910
f 1161/1940/1910 786/1924/1894 1162/1941/1911
f 1162/1941/1911 786/1924/1894 1163/1942/1912
f 1163/1942/1912 786/1924/1894 1164/1943/1913
f 1164/1943/1913 786/1924/1894 1165/1944/1914
f 1165/1944/1914 786/1924/1894 1166/1945/1915
f 1166/1945/1915 786/1924/1894 1080/1946/1916
f 1080/1946/1916 786/1924/1894 765/1947/1917
f 1080/1946/1916 765/1947/1917 538/1948/1918
f 915/1905/1875 914/1949/1919 896/1906/1876
f 896/1906/1876 914/1949/1919 913/1950/1920
f 896/1906/1876 913/1950/1920 912/1951/1921
f 912/1951/1921 911/1952/1922 896/1906/1876
f 896/1906/1876 911/1952/1922 910/1953/1923
f 896/1906/1876 910/1953/1923 909/1954/1924
f 909/1954/1924 908/1955/1925 896/1906/1876
f 896/1906/1876 908/1955/1925 907/1956/1926
f 896/1906/1876 907/1956/1926 906/1957/1927
f 906/1957/1927 905/1958/1928 896/1906/1876
f 896/1906/1876 905/1958/1928 904/1959/1929
f 896/1906/1876 904/1959/1929 903/1960/1930
f 903/1960/1930 902/1961/1931 896/1906/1876
f 896/1906/1876 902/1961/1931 901/1962/1932
f 896/1906/1876 901/1962/1932 900/1963/1933
f 900/1963/1933 899/1964/1934 896/1906/1876
f 896/1906/1876 899/1964/1934 898/1965/1935
f 896/1906/1876 898/1965/1935 897/1966/1936
f 785/1967/1937 784/1968/1938 786/1924/1894
f 786/1924/1894 784/1968/1938 783/1969/1939
f 786/1924/1894 783/1969/1939 782/1970/1940
f 782/1970/1940 781/1971/1941 786/1924/1894
f 786/1924/1894 781/1971/1941 780/1972/1942
f 786/1924/1894 780/1972/1942 779/1973/1943
f 779/1973/1943 778/1974/1944 786/1924/1894
f 786/1924/1894 778/1974/1944 777/1975/1945
f 786/1924/1894 777/1975/1945 776/1976/1946
f 776/1976/1946 775/1977/1947 786/1924/1894
f 786/1924/1894 775/1977/1947 774/1978/1948
f 786/1924/1894 774/1978/1948 773/1979/1949
f 773/1979/1949 772/1980/1950 786/1924/1894
f 786/1924/1894 772/1980/1950 771/1981/1951
f 786/1924/1894 771/1981/1951 770/1982/1952
f 770/1982/1952 769/1983/1953 786/1924/1894
f 786/1924/1894 769/1983/1953 768/1984/1954
f 786/1924/1894 768/1984/1954 767/1985/1955
f 767/1985/1955 766/1986/1956 786/1924/1894
f 786/1924/1894 766/1986/1956 765/1947/1917
f 337/1890/408 1089/1987/1957 538/1948/1918
f 538/1948/1918 1089/1987/1957 1088/1988/1958
f 538/1948/1918 1088/1988/1958 1087/1989/1959
f 1126/1904/1874 1125/1990/1960 917/1897/1867
f 917/1897/1867 1125/1990/1960 1124/1898/1868
f 1122/1900/1870 1121/1991/1961 219/1893/1863
f 219/1893/1863 1121/1991/1961 1120/1992/1962
f 219/1893/1863 1120/1992/1962 1119/1993/1963
f 1119/1993/1963 1118/1994/1964 219/1893/1863
f 219/1893/1863 1118/1994/1964 1117/1995/1965
f 219/1893/1863 1117/1995/1965 1116/1996/1966
f 1116/1996/1966 1115/1894/1864 219/1893/1863
f 1113/1896/1866 1112/1997/1967 220/1888/451
f 220/1888/451 1112/1997/1967 1111/1998/1968
f 220/1888/451 1111/1998/1968 1110/1999/1969
f 1110/1999/1969 1109/2000/1970 220/1888/451
f 220/1888/451 1109/2000/1970 1108/2001/1971
f 220/1888/451 1108/2001/1971 1107/2002/1972
f 1107/2002/1972 1106/2003/1973 220/1888/451
f 220/1888/451 1106/2003/1973 1105/2004/1974
f 220/1888/451 1105/2004/1974 1104/2005/1975
f 1104/2005/1975 1103/2006/1976 220/1888/451
f 220/1888/451 1103/2006/1976 1102/1889/1860
f 1100/1892/1862 1099/2007/1977 337/1890/408
f 337/1890/408 1099/2007/1977 1098/2008/1978
f 337/1890/408 1098/2008/1978 1097/2009/1979
f 1097/2009/1979 1096/2010/1980 337/1890/408
f 337/1890/408 1096/2010/1980 1095/2011/1981
f 337/1890/408 1095/2011/1981 1094/2012/1982
f 1094/2012/1982 1093/2013/1983 337/1890/408
f 337/1890/408 1093/2013/1983 1092/2014/1984
f 337/1890/408 1092/2014/1984 1091/2015/1985
f 1091/2015/1985 1090/2016/1986 337/1890/408
f 337/1890/408 1090/2016/1986 1089/1987/1957
f 1087/1989/1959 1086/2017/1987 538/1948/1918
f 538/1948/1918 1086/2017/1987 1085/2018/1988
f 538/1948/1918 1085/2018/1988 1084/2019/1989
f 1084/2019/1989 1083/2020/1990 538/1948/1918
f 538/1948/1918 1083/2020/1990 1082/2021/1991
f 538/1948/1918 1082/2021/1991 1081/2022/1992
f 1081/2022/1992 1080/1946/1916 538/1948/1918
# 1294 vertices
# 2022 texture params
# 1992 normals
# 2588 facets

# 1 groups
