# WaveFront *.obj file (generated by Autodesk ATF)

mtllib dowelGripNut.mtl

g Body1

v 0.000000 1.213524 -1.066169
v 0.000000 1.193446 -1.025125
v 0.000000 1.173870 -0.983844
v 0.000000 1.154797 -0.942332
v 0.000000 1.136229 -0.900593
v 0.000000 1.118169 -0.858632
v 0.000000 1.100619 -0.816453
v 0.000000 1.083580 -0.774062
v 0.000000 1.067055 -0.731462
v 0.000000 1.051048 -0.688665
v 0.000000 1.035563 -0.645682
v 0.000000 1.020602 -0.602517
v 0.000000 1.006165 -0.559175
v 0.000000 0.992256 -0.515662
v 0.000000 0.978875 -0.471982
v 0.000000 0.966023 -0.428139
v 0.000000 0.953703 -0.384138
v 0.914286 0.953703 -0.384138
v 1.828571 0.953703 -0.384138
v 1.828571 0.966023 -0.428139
v 1.828571 0.978875 -0.471982
v 1.828571 0.992256 -0.515662
v 1.828571 1.006165 -0.559175
v 1.828571 1.020602 -0.602517
v 1.828571 1.035563 -0.645682
v 1.828571 1.051048 -0.688665
v 1.828571 1.067055 -0.731462
v 1.828571 1.083580 -0.774062
v 1.828571 1.100619 -0.816453
v 1.828571 1.118169 -0.858632
v 1.828571 1.136229 -0.900593
v 1.828571 1.154797 -0.942332
v 1.828571 1.173870 -0.983844
v 1.828571 1.193446 -1.025125
v 1.828571 1.213524 -1.066169
v 0.914286 1.213524 -1.066169
v 0.114293 1.193474 -1.025183
v 0.342860 1.193474 -1.025183
v 0.285719 0.966005 -0.428077
v 0.571428 0.966005 -0.428077
v 1.371429 1.193474 -1.025183
v 1.371429 0.966005 -0.428077
v 0.057147 0.966005 -0.428077
v 0.057147 0.978846 -0.471885
v 0.057147 0.992222 -0.515554
v 0.057147 1.006132 -0.559073
v 0.057147 1.020573 -0.602433
v 0.057147 1.035543 -0.645625
v 0.057147 1.051038 -0.688637
v 0.057147 1.067055 -0.731462
v 0.057147 1.083591 -0.774089
v 0.057147 1.100642 -0.816509
v 0.057147 1.118204 -0.858713
v 0.057147 1.136272 -0.900691
v 0.057147 1.154843 -0.942435
v 0.057147 1.173912 -0.983935
v 0.057147 1.193474 -1.025183
v 1.142858 0.966005 -0.428077
v 1.142858 0.978846 -0.471885
v 1.142858 0.992222 -0.515554
v 1.142858 1.006132 -0.559073
v 1.142858 1.020573 -0.602433
v 1.142858 1.035543 -0.645625
v 1.142858 1.051038 -0.688637
v 1.142858 1.067055 -0.731462
v 1.142858 1.083591 -0.774089
v 1.142858 1.100642 -0.816509
v 1.142858 1.118204 -0.858713
v 1.142858 1.136272 -0.900691
v 1.142858 1.154843 -0.942435
v 1.142858 1.173912 -0.983935
v 1.142858 1.193474 -1.025183
v 0.914286 1.193474 -1.025183
v 0.914286 1.173912 -0.983935
v 0.914286 1.154843 -0.942435
v 0.914286 1.136272 -0.900691
v 0.914286 1.118204 -0.858713
v 0.914286 1.100642 -0.816509
v 0.914286 1.083591 -0.774089
v 0.914286 1.067055 -0.731462
v 0.914286 1.051038 -0.688637
v 0.914286 1.035543 -0.645625
v 0.914286 1.020573 -0.602433
v 0.914286 1.006132 -0.559073
v 0.914286 0.992222 -0.515554
v 0.914286 0.978846 -0.471885
v 0.914286 0.966005 -0.428077
v 1.371429 1.173912 -0.983935
v 1.371429 1.154843 -0.942435
v 1.371429 1.136272 -0.900691
v 1.371429 1.118204 -0.858713
v 1.371429 1.100642 -0.816509
v 1.371429 1.083591 -0.774089
v 1.371429 1.067055 -0.731462
v 1.371429 1.051038 -0.688637
v 1.371429 1.035543 -0.645625
v 1.371429 1.020573 -0.602433
v 1.371429 1.006132 -0.559073
v 1.371429 0.992222 -0.515554
v 1.371429 0.978846 -0.471885
v 0.685714 1.193474 -1.025183
v 0.685714 1.173912 -0.983935
v 0.685714 1.154843 -0.942435
v 0.685714 1.136272 -0.900691
v 0.685714 1.118204 -0.858713
v 0.685714 1.100642 -0.816509
v 0.685714 1.083591 -0.774089
v 0.685714 1.067055 -0.731462
v 0.685714 1.051038 -0.688637
v 0.685714 1.035543 -0.645625
v 0.685714 1.020573 -0.602433
v 0.685714 1.006132 -0.559073
v 0.685714 0.992222 -0.515554
v 0.685714 0.978846 -0.471885
v 0.685714 0.966005 -0.428077
v 0.114293 0.966005 -0.428077
v 0.114293 0.978846 -0.471885
v 0.114293 0.992222 -0.515554
v 0.114293 1.006132 -0.559073
v 0.114293 1.020573 -0.602433
v 0.114293 1.035543 -0.645625
v 0.114293 1.051038 -0.688637
v 0.114293 1.067055 -0.731462
v 0.114293 1.083591 -0.774089
v 0.114293 1.100642 -0.816509
v 0.114293 1.118204 -0.858713
v 0.114293 1.136272 -0.900691
v 0.114293 1.154843 -0.942435
v 0.114293 1.173912 -0.983935
v 0.228578 1.193474 -1.025183
v 0.171436 0.966005 -0.428077
v 0.171436 0.978846 -0.471885
v 0.171436 0.992222 -0.515554
v 0.171436 1.006132 -0.559073
v 0.171436 1.020573 -0.602433
v 0.171436 1.035543 -0.645625
v 0.171436 1.051038 -0.688637
v 0.171436 1.067055 -0.731462
v 0.171436 1.083591 -0.774089
v 0.171436 1.100642 -0.816509
v 0.171436 1.118204 -0.858713
v 0.171436 1.136272 -0.900691
v 0.171436 1.154843 -0.942435
v 0.171436 1.173912 -0.983935
v 0.171436 1.193474 -1.025183
v 0.228578 0.966005 -0.428077
v 0.228578 0.978846 -0.471885
v 0.228578 0.992222 -0.515554
v 0.228578 1.006132 -0.559073
v 0.228578 1.020573 -0.602433
v 0.228578 1.035543 -0.645625
v 0.228578 1.051038 -0.688637
v 0.228578 1.067055 -0.731462
v 0.228578 1.083591 -0.774089
v 0.228578 1.100642 -0.816509
v 0.228578 1.118204 -0.858713
v 0.228578 1.136272 -0.900691
v 0.228578 1.154843 -0.942435
v 0.228578 1.173912 -0.983935
v 0.457143 1.193474 -1.025183
v 0.285719 0.978846 -0.471885
v 0.285719 0.992222 -0.515554
v 0.285719 1.006132 -0.559073
v 0.285719 1.020573 -0.602433
v 0.285719 1.035543 -0.645625
v 0.285719 1.051038 -0.688637
v 0.285719 1.067055 -0.731462
v 0.285719 1.083591 -0.774089
v 0.285719 1.100642 -0.816509
v 0.285719 1.118204 -0.858713
v 0.285719 1.136272 -0.900691
v 0.285719 1.154843 -0.942435
v 0.285719 1.173912 -0.983935
v 0.285719 1.193474 -1.025183
v 0.342860 0.966005 -0.428077
v 0.342860 0.978846 -0.471885
v 0.342860 0.992222 -0.515554
v 0.342860 1.006132 -0.559073
v 0.342860 1.020573 -0.602433
v 0.342860 1.035543 -0.645625
v 0.342860 1.051038 -0.688637
v 0.342860 1.067055 -0.731462
v 0.342860 1.083591 -0.774089
v 0.342860 1.100642 -0.816509
v 0.342860 1.118204 -0.858713
v 0.342860 1.136272 -0.900691
v 0.342860 1.154843 -0.942435
v 0.342860 1.173912 -0.983935
v 0.457143 0.966005 -0.428077
v 0.457143 0.978846 -0.471885
v 0.457143 0.992222 -0.515554
v 0.457143 1.006132 -0.559073
v 0.457143 1.020573 -0.602433
v 0.457143 1.035543 -0.645625
v 0.457143 1.051038 -0.688637
v 0.457143 1.067055 -0.731462
v 0.457143 1.083591 -0.774089
v 0.457143 1.100642 -0.816509
v 0.457143 1.118204 -0.858713
v 0.457143 1.136272 -0.900691
v 0.457143 1.154843 -0.942435
v 0.457143 1.173912 -0.983935
v 0.571428 0.978846 -0.471885
v 0.571428 0.992222 -0.515554
v 0.571428 1.006132 -0.559073
v 0.571428 1.020573 -0.602433
v 0.571428 1.035543 -0.645625
v 0.571428 1.051038 -0.688637
v 0.571428 1.067055 -0.731462
v 0.571428 1.083591 -0.774089
v 0.571428 1.100642 -0.816509
v 0.571428 1.118204 -0.858713
v 0.571428 1.136272 -0.900691
v 0.571428 1.154843 -0.942435
v 0.571428 1.173912 -0.983935
v 0.571428 1.193474 -1.025183
v 0.000000 0.914286 -0.240000
v 1.828571 0.914286 -0.240000
v -0.000000 -0.953703 -0.384138
v -0.000000 -0.966023 -0.428139
v -0.000000 -0.978875 -0.471982
v -0.000000 -0.992256 -0.515662
v -0.000000 -1.006165 -0.559175
v -0.000000 -1.020602 -0.602517
v -0.000000 -1.035563 -0.645682
v -0.000000 -1.051048 -0.688665
v -0.000000 -1.067055 -0.731462
v -0.000000 -1.083580 -0.774062
v -0.000000 -1.100619 -0.816453
v -0.000000 -1.118169 -0.858632
v -0.000000 -1.136229 -0.900593
v -0.000000 -1.154797 -0.942332
v -0.000000 -1.173870 -0.983844
v -0.000000 -1.193446 -1.025125
v -0.000000 -1.213524 -1.066169
v 0.914286 -1.213524 -1.066169
v 1.828571 -1.213524 -1.066169
v 1.828571 -1.193446 -1.025125
v 1.828571 -1.173870 -0.983844
v 1.828571 -1.154797 -0.942332
v 1.828571 -1.136229 -0.900593
v 1.828571 -1.118169 -0.858632
v 1.828571 -1.100619 -0.816453
v 1.828571 -1.083580 -0.774062
v 1.828571 -1.067055 -0.731462
v 1.828571 -1.051048 -0.688665
v 1.828571 -1.035563 -0.645682
v 1.828571 -1.020602 -0.602517
v 1.828571 -1.006165 -0.559175
v 1.828571 -0.992256 -0.515662
v 1.828571 -0.978875 -0.471982
v 1.828571 -0.966023 -0.428139
v 1.828571 -0.953703 -0.384138
v 0.914286 -0.953703 -0.384138
v 0.114293 -0.966005 -0.428077
v 0.342860 -0.966005 -0.428077
v 0.285719 -1.193474 -1.025183
v 0.571428 -1.193474 -1.025183
v 1.371429 -0.966005 -0.428077
v 1.371429 -1.193474 -1.025183
v 0.057147 -1.193474 -1.025183
v 0.057147 -1.173912 -0.983935
v 0.057147 -1.154843 -0.942435
v 0.057147 -1.136272 -0.900691
v 0.057147 -1.118204 -0.858713
v 0.057147 -1.100642 -0.816509
v 0.057147 -1.083591 -0.774089
v 0.057147 -1.067055 -0.731462
v 0.057147 -1.051038 -0.688637
v 0.057147 -1.035543 -0.645625
v 0.057147 -1.020573 -0.602433
v 0.057147 -1.006132 -0.559073
v 0.057147 -0.992222 -0.515554
v 0.057147 -0.978846 -0.471885
v 0.057147 -0.966005 -0.428077
v 1.142858 -1.193474 -1.025183
v 1.142858 -1.173912 -0.983935
v 1.142858 -1.154843 -0.942435
v 1.142858 -1.136272 -0.900691
v 1.142858 -1.118204 -0.858713
v 1.142858 -1.100642 -0.816509
v 1.142858 -1.083591 -0.774089
v 1.142858 -1.067055 -0.731462
v 1.142858 -1.051038 -0.688637
v 1.142858 -1.035543 -0.645625
v 1.142858 -1.020573 -0.602433
v 1.142858 -1.006132 -0.559073
v 1.142858 -0.992222 -0.515554
v 1.142858 -0.978846 -0.471885
v 1.142858 -0.966005 -0.428077
v 0.914286 -0.966005 -0.428077
v 0.914286 -0.978846 -0.471885
v 0.914286 -0.992222 -0.515554
v 0.914286 -1.006132 -0.559073
v 0.914286 -1.020573 -0.602433
v 0.914286 -1.035543 -0.645625
v 0.914286 -1.051038 -0.688637
v 0.914286 -1.067055 -0.731462
v 0.914286 -1.083591 -0.774089
v 0.914286 -1.100642 -0.816509
v 0.914286 -1.118204 -0.858713
v 0.914286 -1.136272 -0.900691
v 0.914286 -1.154843 -0.942435
v 0.914286 -1.173912 -0.983935
v 0.914286 -1.193474 -1.025183
v 1.371429 -0.978846 -0.471885
v 1.371429 -0.992222 -0.515554
v 1.371429 -1.006132 -0.559073
v 1.371429 -1.020573 -0.602433
v 1.371429 -1.035543 -0.645625
v 1.371429 -1.051038 -0.688637
v 1.371429 -1.067055 -0.731462
v 1.371429 -1.083591 -0.774089
v 1.371429 -1.100642 -0.816509
v 1.371429 -1.118204 -0.858713
v 1.371429 -1.136272 -0.900691
v 1.371429 -1.154843 -0.942435
v 1.371429 -1.173912 -0.983935
v 0.685714 -0.966005 -0.428077
v 0.685714 -0.978846 -0.471885
v 0.685714 -0.992222 -0.515554
v 0.685714 -1.006132 -0.559073
v 0.685714 -1.020573 -0.602433
v 0.685714 -1.035543 -0.645625
v 0.685714 -1.051038 -0.688637
v 0.685714 -1.067055 -0.731462
v 0.685714 -1.083591 -0.774089
v 0.685714 -1.100642 -0.816509
v 0.685714 -1.118204 -0.858713
v 0.685714 -1.136272 -0.900691
v 0.685714 -1.154843 -0.942435
v 0.685714 -1.173912 -0.983935
v 0.685714 -1.193474 -1.025183
v 0.114293 -1.193474 -1.025183
v 0.114293 -1.173912 -0.983935
v 0.114293 -1.154843 -0.942435
v 0.114293 -1.136272 -0.900691
v 0.114293 -1.118204 -0.858713
v 0.114293 -1.100642 -0.816509
v 0.114293 -1.083591 -0.774089
v 0.114293 -1.067055 -0.731462
v 0.114293 -1.051038 -0.688637
v 0.114293 -1.035543 -0.645625
v 0.114293 -1.020573 -0.602433
v 0.114293 -1.006132 -0.559073
v 0.114293 -0.992222 -0.515554
v 0.114293 -0.978846 -0.471885
v 0.228578 -0.966005 -0.428077
v 0.171436 -1.193474 -1.025183
v 0.171436 -1.173912 -0.983935
v 0.171436 -1.154843 -0.942435
v 0.171436 -1.136272 -0.900691
v 0.171436 -1.118204 -0.858713
v 0.171436 -1.100642 -0.816509
v 0.171436 -1.083591 -0.774089
v 0.171436 -1.067055 -0.731462
v 0.171436 -1.051038 -0.688637
v 0.171436 -1.035543 -0.645625
v 0.171436 -1.020573 -0.602433
v 0.171436 -1.006132 -0.559073
v 0.171436 -0.992222 -0.515554
v 0.171436 -0.978846 -0.471885
v 0.171436 -0.966005 -0.428077
v 0.228578 -1.193474 -1.025183
v 0.228578 -1.173912 -0.983935
v 0.228578 -1.154843 -0.942435
v 0.228578 -1.136272 -0.900691
v 0.228578 -1.118204 -0.858713
v 0.228578 -1.100642 -0.816509
v 0.228578 -1.083591 -0.774089
v 0.228578 -1.067055 -0.731462
v 0.228578 -1.051038 -0.688637
v 0.228578 -1.035543 -0.645625
v 0.228578 -1.020573 -0.602433
v 0.228578 -1.006132 -0.559073
v 0.228578 -0.992222 -0.515554
v 0.228578 -0.978846 -0.471885
v 0.457143 -0.966005 -0.428077
v 0.285719 -1.173912 -0.983935
v 0.285719 -1.154843 -0.942435
v 0.285719 -1.136272 -0.900691
v 0.285719 -1.118204 -0.858713
v 0.285719 -1.100642 -0.816509
v 0.285719 -1.083591 -0.774089
v 0.285719 -1.067055 -0.731462
v 0.285719 -1.051038 -0.688637
v 0.285719 -1.035543 -0.645625
v 0.285719 -1.020573 -0.602433
v 0.285719 -1.006132 -0.559073
v 0.285719 -0.992222 -0.515554
v 0.285719 -0.978846 -0.471885
v 0.285719 -0.966005 -0.428077
v 0.342860 -1.193474 -1.025183
v 0.342860 -1.173912 -0.983935
v 0.342860 -1.154843 -0.942435
v 0.342860 -1.136272 -0.900691
v 0.342860 -1.118204 -0.858713
v 0.342860 -1.100642 -0.816509
v 0.342860 -1.083591 -0.774089
v 0.342860 -1.067055 -0.731462
v 0.342860 -1.051038 -0.688637
v 0.342860 -1.035543 -0.645625
v 0.342860 -1.020573 -0.602433
v 0.342860 -1.006132 -0.559073
v 0.342860 -0.992222 -0.515554
v 0.342860 -0.978846 -0.471885
v 0.457143 -1.193474 -1.025183
v 0.457143 -1.173912 -0.983935
v 0.457143 -1.154843 -0.942435
v 0.457143 -1.136272 -0.900691
v 0.457143 -1.118204 -0.858713
v 0.457143 -1.100642 -0.816509
v 0.457143 -1.083591 -0.774089
v 0.457143 -1.067055 -0.731462
v 0.457143 -1.051038 -0.688637
v 0.457143 -1.035543 -0.645625
v 0.457143 -1.020573 -0.602433
v 0.457143 -1.006132 -0.559073
v 0.457143 -0.992222 -0.515554
v 0.457143 -0.978846 -0.471885
v 0.571428 -1.173912 -0.983935
v 0.571428 -1.154843 -0.942435
v 0.571428 -1.136272 -0.900691
v 0.571428 -1.118204 -0.858713
v 0.571428 -1.100642 -0.816509
v 0.571428 -1.083591 -0.774089
v 0.571428 -1.067055 -0.731462
v 0.571428 -1.051038 -0.688637
v 0.571428 -1.035543 -0.645625
v 0.571428 -1.020573 -0.602433
v 0.571428 -1.006132 -0.559073
v 0.571428 -0.992222 -0.515554
v 0.571428 -0.978846 -0.471885
v 0.571428 -0.966005 -0.428077
v 0.000000 -1.280000 -1.200000
v 1.828571 -1.280000 -1.200000
v 1.260696 0.600000 -1.200000
v 1.607106 -0.000000 -1.200000
v 1.607106 -0.000000 -0.700000
v 1.260696 0.600000 -0.700000
v 1.260696 -0.600000 -1.200000
v 1.260696 -0.600000 -0.700000
v 0.567876 -0.600000 -1.200000
v 0.567876 -0.600000 -0.700000
v 0.221465 0.000000 -1.200000
v 0.221465 0.000000 -0.700000
v 0.567876 0.600000 -1.200000
v 0.567876 0.600000 -0.700000
v 1.314286 0.000000 -0.700000
v 1.313633 0.022836 -0.700000
v 1.311678 0.045597 -0.700000
v 1.308427 0.068209 -0.700000
v 1.303890 0.090599 -0.700000
v 1.298083 0.112693 -0.700000
v 1.291023 0.134420 -0.700000
v 1.282735 0.155708 -0.700000
v 1.273245 0.176488 -0.700000
v 1.262584 0.196693 -0.700000
v 1.250787 0.216256 -0.700000
v 1.237893 0.235114 -0.700000
v 1.223942 0.253205 -0.700000
v 1.208982 0.270470 -0.700000
v 1.193061 0.286853 -0.700000
v 1.176230 0.302300 -0.700000
v 1.158545 0.316761 -0.700000
v 1.140063 0.330189 -0.700000
v 1.120845 0.342540 -0.700000
v 1.100953 0.353773 -0.700000
v 1.080452 0.363853 -0.700000
v 1.059409 0.372746 -0.700000
v 1.037893 0.380423 -0.700000
v 1.015973 0.386859 -0.700000
v 0.993722 0.392033 -0.700000
v 0.971212 0.395929 -0.700000
v 0.948516 0.398533 -0.700000
v 0.925708 0.399837 -0.700000
v 0.902863 0.399837 -0.700000
v 0.880056 0.398533 -0.700000
v 0.857360 0.395929 -0.700000
v 0.834850 0.392033 -0.700000
v 0.812598 0.386859 -0.700000
v 0.790679 0.380423 -0.700000
v 0.769163 0.372746 -0.700000
v 0.748120 0.363853 -0.700000
v 0.727619 0.353773 -0.700000
v 0.707727 0.342540 -0.700000
v 0.688508 0.330189 -0.700000
v 0.670027 0.316761 -0.700000
v 0.652341 0.302300 -0.700000
v 0.635511 0.286853 -0.700000
v 0.619589 0.270470 -0.700000
v 0.604629 0.253205 -0.700000
v 0.590679 0.235114 -0.700000
v 0.577784 0.216256 -0.700000
v 0.565987 0.196693 -0.700000
v 0.555326 0.176488 -0.700000
v 0.545836 0.155708 -0.700000
v 0.537548 0.134420 -0.700000
v 0.530489 0.112693 -0.700000
v 0.524681 0.090599 -0.700000
v 0.520144 0.068209 -0.700000
v 0.516893 0.045597 -0.700000
v 0.514938 0.022836 -0.700000
v 0.514286 0.000000 -0.700000
v 0.514938 -0.022836 -0.700000
v 0.516893 -0.045597 -0.700000
v 0.520144 -0.068209 -0.700000
v 0.524681 -0.090599 -0.700000
v 0.530489 -0.112693 -0.700000
v 0.537548 -0.134420 -0.700000
v 0.545836 -0.155708 -0.700000
v 0.555326 -0.176488 -0.700000
v 0.565987 -0.196693 -0.700000
v 0.577784 -0.216256 -0.700000
v 0.590679 -0.235114 -0.700000
v 0.604629 -0.253205 -0.700000
v 0.619589 -0.270470 -0.700000
v 0.635511 -0.286853 -0.700000
v 0.652341 -0.302300 -0.700000
v 0.670027 -0.316761 -0.700000
v 0.688508 -0.330189 -0.700000
v 0.707727 -0.342540 -0.700000
v 0.727619 -0.353773 -0.700000
v 0.748120 -0.363853 -0.700000
v 0.769163 -0.372746 -0.700000
v 0.790679 -0.380423 -0.700000
v 0.812598 -0.386859 -0.700000
v 0.834850 -0.392033 -0.700000
v 0.857360 -0.395929 -0.700000
v 0.880056 -0.398533 -0.700000
v 0.902863 -0.399837 -0.700000
v 0.925708 -0.399837 -0.700000
v 0.948516 -0.398533 -0.700000
v 0.971212 -0.395929 -0.700000
v 0.993722 -0.392033 -0.700000
v 1.015973 -0.386859 -0.700000
v 1.037893 -0.380423 -0.700000
v 1.059409 -0.372746 -0.700000
v 1.080452 -0.363853 -0.700000
v 1.100953 -0.353773 -0.700000
v 1.120845 -0.342540 -0.700000
v 1.140063 -0.330189 -0.700000
v 1.158545 -0.316761 -0.700000
v 1.176230 -0.302300 -0.700000
v 1.193061 -0.286853 -0.700000
v 1.208982 -0.270470 -0.700000
v 1.223942 -0.253205 -0.700000
v 1.237893 -0.235114 -0.700000
v 1.250787 -0.216256 -0.700000
v 1.262584 -0.196693 -0.700000
v 1.273245 -0.176488 -0.700000
v 1.282735 -0.155708 -0.700000
v 1.291023 -0.134420 -0.700000
v 1.298083 -0.112693 -0.700000
v 1.303890 -0.090599 -0.700000
v 1.308427 -0.068209 -0.700000
v 1.311678 -0.045597 -0.700000
v 1.313633 -0.022836 -0.700000
v 1.314286 0.000000 -0.240000
v 1.313633 0.022836 -0.240000
v 1.311678 0.045597 -0.240000
v 1.308427 0.068209 -0.240000
v 1.303890 0.090599 -0.240000
v 1.298083 0.112693 -0.240000
v 1.291023 0.134420 -0.240000
v 1.282735 0.155708 -0.240000
v 1.273245 0.176488 -0.240000
v 1.262584 0.196693 -0.240000
v 1.250787 0.216256 -0.240000
v 1.237893 0.235114 -0.240000
v 1.223942 0.253205 -0.240000
v 1.208982 0.270470 -0.240000
v 1.193061 0.286853 -0.240000
v 1.176230 0.302300 -0.240000
v 1.158545 0.316761 -0.240000
v 1.140063 0.330189 -0.240000
v 1.120845 0.342540 -0.240000
v 1.100953 0.353773 -0.240000
v 1.080452 0.363853 -0.240000
v 1.059409 0.372746 -0.240000
v 1.037893 0.380423 -0.240000
v 1.015973 0.386859 -0.240000
v 0.993722 0.392033 -0.240000
v 0.971212 0.395929 -0.240000
v 0.948516 0.398533 -0.240000
v 0.925708 0.399837 -0.240000
v 0.902863 0.399837 -0.240000
v 0.880056 0.398533 -0.240000
v 0.857360 0.395929 -0.240000
v 0.834850 0.392033 -0.240000
v 0.812598 0.386859 -0.240000
v 0.790679 0.380423 -0.240000
v 0.769163 0.372746 -0.240000
v 0.748120 0.363853 -0.240000
v 0.727619 0.353773 -0.240000
v 0.707727 0.342540 -0.240000
v 0.688508 0.330189 -0.240000
v 0.670027 0.316761 -0.240000
v 0.652341 0.302300 -0.240000
v 0.635511 0.286853 -0.240000
v 0.619589 0.270470 -0.240000
v 0.604629 0.253205 -0.240000
v 0.590679 0.235114 -0.240000
v 0.577784 0.216256 -0.240000
v 0.565987 0.196693 -0.240000
v 0.555326 0.176488 -0.240000
v 0.545836 0.155708 -0.240000
v 0.537548 0.134420 -0.240000
v 0.530489 0.112693 -0.240000
v 0.524681 0.090599 -0.240000
v 0.520144 0.068209 -0.240000
v 0.516893 0.045597 -0.240000
v 0.514938 0.022836 -0.240000
v 0.514286 0.000000 -0.240000
v 0.514938 -0.022836 -0.240000
v 0.516893 -0.045597 -0.240000
v 0.520144 -0.068209 -0.240000
v 0.524681 -0.090599 -0.240000
v 0.530489 -0.112693 -0.240000
v 0.537548 -0.134420 -0.240000
v 0.545836 -0.155708 -0.240000
v 0.555326 -0.176488 -0.240000
v 0.565987 -0.196693 -0.240000
v 0.577784 -0.216256 -0.240000
v 0.590679 -0.235114 -0.240000
v 0.604629 -0.253205 -0.240000
v 0.619589 -0.270470 -0.240000
v 0.635511 -0.286853 -0.240000
v 0.652341 -0.302300 -0.240000
v 0.670027 -0.316761 -0.240000
v 0.688508 -0.330189 -0.240000
v 0.707727 -0.342540 -0.240000
v 0.727619 -0.353773 -0.240000
v 0.748120 -0.363853 -0.240000
v 0.769163 -0.372746 -0.240000
v 0.790679 -0.380423 -0.240000
v 0.812598 -0.386859 -0.240000
v 0.834850 -0.392033 -0.240000
v 0.857360 -0.395929 -0.240000
v 0.880056 -0.398533 -0.240000
v 0.902863 -0.399837 -0.240000
v 0.925708 -0.399837 -0.240000
v 0.948516 -0.398533 -0.240000
v 0.971212 -0.395929 -0.240000
v 0.993722 -0.392033 -0.240000
v 1.015973 -0.386859 -0.240000
v 1.037893 -0.380423 -0.240000
v 1.059409 -0.372746 -0.240000
v 1.080452 -0.363853 -0.240000
v 1.100953 -0.353773 -0.240000
v 1.120845 -0.342540 -0.240000
v 1.140063 -0.330189 -0.240000
v 1.158545 -0.316761 -0.240000
v 1.176230 -0.302300 -0.240000
v 1.193061 -0.286853 -0.240000
v 1.208982 -0.270470 -0.240000
v 1.223942 -0.253205 -0.240000
v 1.237893 -0.235114 -0.240000
v 1.250787 -0.216256 -0.240000
v 1.262584 -0.196693 -0.240000
v 1.273245 -0.176488 -0.240000
v 1.282735 -0.155708 -0.240000
v 1.291023 -0.134420 -0.240000
v 1.298083 -0.112693 -0.240000
v 1.303890 -0.090599 -0.240000
v 1.308427 -0.068209 -0.240000
v 1.311678 -0.045597 -0.240000
v 1.313633 -0.022836 -0.240000
v 1.828571 -0.914286 -0.240000
v 0.000000 -0.914286 -0.240000
v 1.828571 1.280000 -1.200000
v 0.000000 1.280000 -1.200000
vt 0.045788 0.000000 0.000000
vt 0.045723 0.057143 0.000000
vt 0.000000 0.000000 0.000000
vt 0.045723 0.114286 0.000000
vt 0.045723 0.171429 0.000000
vt 0.091446 0.114286 0.000000
vt 0.091446 0.171429 0.000000
vt 0.137169 0.114286 0.000000
vt 0.137169 0.171429 0.000000
vt 0.182891 0.114286 0.000000
vt 0.182891 0.171429 0.000000
vt 0.228614 0.114286 0.000000
vt 0.228614 0.171429 0.000000
vt 0.274337 0.114286 0.000000
vt 0.274337 0.171429 0.000000
vt 0.320060 0.114286 0.000000
vt 0.320060 0.171429 0.000000
vt 0.365783 0.114286 0.000000
vt 0.365783 0.171429 0.000000
vt 0.411506 0.114286 0.000000
vt 0.411506 0.171429 0.000000
vt 0.457229 0.114286 0.000000
vt 0.457229 0.171429 0.000000
vt 0.502951 0.114286 0.000000
vt 0.502951 0.171429 0.000000
vt 0.548674 0.114286 0.000000
vt 0.548674 0.171429 0.000000
vt 0.594397 0.114286 0.000000
vt 0.594397 0.171429 0.000000
vt 0.640120 0.114286 0.000000
vt 0.640120 0.171429 0.000000
vt 0.685843 0.114286 0.000000
vt 0.685843 0.171429 0.000000
vt 0.731566 -0.000000 0.000000
vt 0.685843 0.228572 0.000000
vt 0.685843 0.285715 0.000000
vt 0.640120 0.285715 0.000000
vt 0.640120 0.342858 0.000000
vt 0.594397 0.342858 0.000000
vt 0.594397 0.457144 0.000000
vt 0.548674 0.457144 0.000000
vt 0.548674 0.571430 0.000000
vt 0.502951 0.571430 0.000000
vt 0.502951 0.685716 0.000000
vt 0.457229 0.685716 0.000000
vt 0.457229 0.914287 0.000000
vt 0.411506 0.914287 0.000000
vt 0.411506 1.142859 0.000000
vt 0.365783 1.142859 0.000000
vt 0.365783 1.371431 0.000000
vt 0.320060 1.371431 0.000000
vt 0.320089 1.828575 0.000000
vt 0.274398 1.828575 0.000000
vt 0.091446 0.057143 0.000000
vt 0.091547 0.000000 0.000000
vt 0.137169 0.057143 0.000000
vt 0.137282 0.000000 0.000000
vt 0.182891 0.057143 0.000000
vt 0.182999 0.000000 0.000000
vt 0.228614 0.057143 0.000000
vt 0.228703 0.000000 0.000000
vt 0.274337 0.057143 0.000000
vt 0.274398 0.000000 0.000000
vt 0.320060 0.057143 0.000000
vt 0.320089 0.000000 0.000000
vt 0.365783 0.057143 0.000000
vt 0.365783 0.000000 0.000000
vt 0.411476 0.000000 0.000000
vt 0.411506 0.057143 0.000000
vt 0.457168 0.000000 0.000000
vt 0.457229 0.057143 0.000000
vt 0.502863 0.000000 0.000000
vt 0.502951 0.057143 0.000000
vt 0.548567 0.000000 0.000000
vt 0.548674 0.057143 0.000000
vt 0.594283 0.000000 0.000000
vt 0.594397 0.057143 0.000000
vt 0.640019 0.000000 0.000000
vt 0.640120 0.057143 0.000000
vt 0.685778 0.000000 0.000000
vt 0.685843 0.057143 0.000000
vt 0.731566 0.914287 0.000000
vt 0.685843 0.457144 0.000000
vt 0.685843 0.342858 0.000000
vt 0.731566 1.828575 0.000000
vt 0.685843 1.371431 0.000000
vt 0.685843 1.142859 0.000000
vt 0.685843 0.914287 0.000000
vt 0.640120 1.142859 0.000000
vt 0.640120 0.914287 0.000000
vt 0.594397 1.142859 0.000000
vt 0.594397 0.914287 0.000000
vt 0.548674 1.142859 0.000000
vt 0.548674 0.914287 0.000000
vt 0.502951 1.142859 0.000000
vt 0.502951 0.914287 0.000000
vt 0.457229 1.142859 0.000000
vt 0.685778 1.828575 0.000000
vt 0.640120 1.371431 0.000000
vt 0.640019 1.828575 0.000000
vt 0.594397 1.371431 0.000000
vt 0.594283 1.828575 0.000000
vt 0.548674 1.371431 0.000000
vt 0.548567 1.828575 0.000000
vt 0.502951 1.371431 0.000000
vt 0.502863 1.828575 0.000000
vt 0.457229 1.371431 0.000000
vt 0.457168 1.828575 0.000000
vt 0.411506 1.371431 0.000000
vt 0.411476 1.828575 0.000000
vt 0.365783 1.828575 0.000000
vt 0.274337 1.371431 0.000000
vt 0.228703 1.828575 0.000000
vt 0.228614 1.371431 0.000000
vt 0.182999 1.828575 0.000000
vt 0.182891 1.371431 0.000000
vt 0.137282 1.828575 0.000000
vt 0.137169 1.371431 0.000000
vt 0.091547 1.828575 0.000000
vt 0.091446 1.371431 0.000000
vt 0.045788 1.828575 0.000000
vt 0.045723 1.371431 0.000000
vt 0.000000 1.828575 0.000000
vt 0.000000 0.914287 0.000000
vt 0.045723 0.457144 0.000000
vt 0.045723 0.571430 0.000000
vt 0.045723 0.685716 0.000000
vt 0.091446 0.571430 0.000000
vt 0.091446 0.685716 0.000000
vt 0.137169 0.571430 0.000000
vt 0.137169 0.685716 0.000000
vt 0.182891 0.571430 0.000000
vt 0.182891 0.685716 0.000000
vt 0.228614 0.571430 0.000000
vt 0.228614 0.685716 0.000000
vt 0.274337 0.571430 0.000000
vt 0.274337 0.685716 0.000000
vt 0.320060 0.571430 0.000000
vt 0.320060 0.685716 0.000000
vt 0.365783 0.571430 0.000000
vt 0.365783 0.685716 0.000000
vt 0.411506 0.571430 0.000000
vt 0.411506 0.685716 0.000000
vt 0.457229 0.571430 0.000000
vt 0.045723 0.228572 0.000000
vt 0.045723 0.285715 0.000000
vt 0.091446 0.228572 0.000000
vt 0.091446 0.285715 0.000000
vt 0.137169 0.228572 0.000000
vt 0.137169 0.285715 0.000000
vt 0.182891 0.228572 0.000000
vt 0.182891 0.285715 0.000000
vt 0.228614 0.228572 0.000000
vt 0.228614 0.285715 0.000000
vt 0.274337 0.228572 0.000000
vt 0.274337 0.285715 0.000000
vt 0.320060 0.228572 0.000000
vt 0.320060 0.285715 0.000000
vt 0.365783 0.228572 0.000000
vt 0.365783 0.285715 0.000000
vt 0.411506 0.228572 0.000000
vt 0.411506 0.285715 0.000000
vt 0.457229 0.228572 0.000000
vt 0.457229 0.285715 0.000000
vt 0.502951 0.228572 0.000000
vt 0.502951 0.285715 0.000000
vt 0.548674 0.228572 0.000000
vt 0.548674 0.285715 0.000000
vt 0.594397 0.228572 0.000000
vt 0.594397 0.285715 0.000000
vt 0.640120 0.228572 0.000000
vt 0.045723 0.342858 0.000000
vt 0.091446 0.342858 0.000000
vt 0.137169 0.342858 0.000000
vt 0.182891 0.342858 0.000000
vt 0.228614 0.342858 0.000000
vt 0.274337 0.342858 0.000000
vt 0.320060 0.342858 0.000000
vt 0.365783 0.342858 0.000000
vt 0.411506 0.342858 0.000000
vt 0.457229 0.342858 0.000000
vt 0.502951 0.342858 0.000000
vt 0.548674 0.342858 0.000000
vt 0.685843 0.571430 0.000000
vt 0.685843 0.685716 0.000000
vt 0.045723 0.914287 0.000000
vt 0.045723 1.142859 0.000000
vt 0.091446 0.914287 0.000000
vt 0.091446 1.142859 0.000000
vt 0.137169 0.914287 0.000000
vt 0.137169 1.142859 0.000000
vt 0.182891 0.914287 0.000000
vt 0.182891 1.142859 0.000000
vt 0.228614 0.914287 0.000000
vt 0.228614 1.142859 0.000000
vt 0.274337 0.914287 0.000000
vt 0.274337 1.142859 0.000000
vt 0.320060 0.914287 0.000000
vt 0.320060 1.142859 0.000000
vt 0.365783 0.914287 0.000000
vt 0.548674 0.685716 0.000000
vt 0.594397 0.685716 0.000000
vt 0.640120 0.685716 0.000000
vt 0.594397 0.571430 0.000000
vt 0.640120 0.571430 0.000000
vt 0.640120 0.457144 0.000000
vt 0.091446 0.457144 0.000000
vt 0.137169 0.457144 0.000000
vt 0.182891 0.457144 0.000000
vt 0.228614 0.457144 0.000000
vt 0.274337 0.457144 0.000000
vt 0.320060 0.457144 0.000000
vt 0.365783 0.457144 0.000000
vt 0.411506 0.457144 0.000000
vt 0.457229 0.457144 0.000000
vt 0.502951 0.457144 0.000000
vt 0.366647 1.828571 0.000000
vt 0.366647 0.914286 0.000000
vt 0.516078 1.828571 0.000000
vt 0.516078 0.000000 0.000000
vt 0.366647 0.000000 0.000000
vt 0.045788 -0.000000 0.000000
vt 0.045723 0.057143 0.000000
vt 0.000000 0.000000 0.000000
vt 0.045723 0.114286 0.000000
vt 0.045723 0.171429 0.000000
vt 0.091446 0.114286 0.000000
vt 0.091446 0.171429 0.000000
vt 0.137169 0.114286 0.000000
vt 0.137169 0.171429 0.000000
vt 0.182891 0.114286 0.000000
vt 0.182891 0.171429 0.000000
vt 0.228614 0.114286 0.000000
vt 0.228614 0.171429 0.000000
vt 0.274337 0.114286 0.000000
vt 0.274337 0.171429 0.000000
vt 0.320060 0.114286 0.000000
vt 0.320060 0.171429 0.000000
vt 0.365783 0.114286 0.000000
vt 0.365783 0.171429 0.000000
vt 0.411506 0.114286 0.000000
vt 0.411506 0.171429 0.000000
vt 0.457229 0.114286 0.000000
vt 0.457229 0.171429 0.000000
vt 0.502951 0.114286 0.000000
vt 0.502951 0.171429 0.000000
vt 0.548674 0.114286 0.000000
vt 0.548674 0.171429 0.000000
vt 0.594397 0.114286 0.000000
vt 0.594397 0.171429 0.000000
vt 0.640120 0.114286 0.000000
vt 0.640120 0.171429 0.000000
vt 0.685843 0.114286 0.000000
vt 0.685843 0.171429 0.000000
vt 0.731566 0.000000 0.000000
vt 0.685843 0.228572 0.000000
vt 0.685843 0.285715 0.000000
vt 0.640120 0.285715 0.000000
vt 0.640120 0.342858 0.000000
vt 0.594397 0.342858 0.000000
vt 0.594397 0.457144 0.000000
vt 0.548674 0.457144 0.000000
vt 0.548674 0.571430 0.000000
vt 0.502951 0.571430 0.000000
vt 0.502951 0.685716 0.000000
vt 0.457229 0.685716 0.000000
vt 0.457229 0.914287 0.000000
vt 0.411506 0.914287 0.000000
vt 0.411506 1.142859 0.000000
vt 0.365783 1.142859 0.000000
vt 0.365783 1.371431 0.000000
vt 0.320060 1.371431 0.000000
vt 0.320089 1.828575 0.000000
vt 0.274398 1.828575 0.000000
vt 0.091446 0.057143 0.000000
vt 0.091547 -0.000000 0.000000
vt 0.137169 0.057143 0.000000
vt 0.137282 -0.000000 0.000000
vt 0.182891 0.057143 0.000000
vt 0.182999 -0.000000 0.000000
vt 0.228614 0.057143 0.000000
vt 0.228703 -0.000000 0.000000
vt 0.274337 0.057143 0.000000
vt 0.274398 -0.000000 0.000000
vt 0.320060 0.057143 0.000000
vt 0.320089 -0.000000 0.000000
vt 0.365783 0.057143 0.000000
vt 0.365783 0.000000 0.000000
vt 0.411476 -0.000000 0.000000
vt 0.411506 0.057143 0.000000
vt 0.457168 -0.000000 0.000000
vt 0.457229 0.057143 0.000000
vt 0.502863 -0.000000 0.000000
vt 0.502951 0.057143 0.000000
vt 0.548567 -0.000000 0.000000
vt 0.548674 0.057143 0.000000
vt 0.594283 -0.000000 0.000000
vt 0.594397 0.057143 0.000000
vt 0.640019 -0.000000 0.000000
vt 0.640120 0.057143 0.000000
vt 0.685778 -0.000000 0.000000
vt 0.685843 0.057143 0.000000
vt 0.731566 0.914287 0.000000
vt 0.685843 0.457144 0.000000
vt 0.685843 0.342858 0.000000
vt 0.731566 1.828575 0.000000
vt 0.685843 1.371431 0.000000
vt 0.685843 1.142859 0.000000
vt 0.685843 0.914287 0.000000
vt 0.640120 1.142859 0.000000
vt 0.640120 0.914287 0.000000
vt 0.594397 1.142859 0.000000
vt 0.594397 0.914287 0.000000
vt 0.548674 1.142859 0.000000
vt 0.548674 0.914287 0.000000
vt 0.502951 1.142859 0.000000
vt 0.502951 0.914287 0.000000
vt 0.457229 1.142859 0.000000
vt 0.685778 1.828575 0.000000
vt 0.640120 1.371431 0.000000
vt 0.640019 1.828575 0.000000
vt 0.594397 1.371431 0.000000
vt 0.594283 1.828575 0.000000
vt 0.548674 1.371431 0.000000
vt 0.548567 1.828575 0.000000
vt 0.502951 1.371431 0.000000
vt 0.502863 1.828575 0.000000
vt 0.457229 1.371431 0.000000
vt 0.457168 1.828575 0.000000
vt 0.411506 1.371431 0.000000
vt 0.411476 1.828575 0.000000
vt 0.365783 1.828575 0.000000
vt 0.274337 1.371431 0.000000
vt 0.228703 1.828575 0.000000
vt 0.228614 1.371431 0.000000
vt 0.182999 1.828575 0.000000
vt 0.182891 1.371431 0.000000
vt 0.137282 1.828575 0.000000
vt 0.137169 1.371431 0.000000
vt 0.091547 1.828575 0.000000
vt 0.091446 1.371431 0.000000
vt 0.045788 1.828575 0.000000
vt 0.045723 1.371431 0.000000
vt 0.000000 1.828575 0.000000
vt 0.000000 0.914287 0.000000
vt 0.045723 0.457144 0.000000
vt 0.045723 0.571430 0.000000
vt 0.045723 0.685716 0.000000
vt 0.091446 0.571430 0.000000
vt 0.091446 0.685716 0.000000
vt 0.137169 0.571430 0.000000
vt 0.137169 0.685716 0.000000
vt 0.182891 0.571430 0.000000
vt 0.182891 0.685716 0.000000
vt 0.228614 0.571430 0.000000
vt 0.228614 0.685716 0.000000
vt 0.274337 0.571430 0.000000
vt 0.274337 0.685716 0.000000
vt 0.320060 0.571430 0.000000
vt 0.320060 0.685716 0.000000
vt 0.365783 0.571430 0.000000
vt 0.365783 0.685716 0.000000
vt 0.411506 0.571430 0.000000
vt 0.411506 0.685716 0.000000
vt 0.457229 0.571430 0.000000
vt 0.045723 0.228572 0.000000
vt 0.045723 0.285715 0.000000
vt 0.091446 0.228572 0.000000
vt 0.091446 0.285715 0.000000
vt 0.137169 0.228572 0.000000
vt 0.137169 0.285715 0.000000
vt 0.182891 0.228572 0.000000
vt 0.182891 0.285715 0.000000
vt 0.228614 0.228572 0.000000
vt 0.228614 0.285715 0.000000
vt 0.274337 0.228572 0.000000
vt 0.274337 0.285715 0.000000
vt 0.320060 0.228572 0.000000
vt 0.320060 0.285715 0.000000
vt 0.365783 0.228572 0.000000
vt 0.365783 0.285715 0.000000
vt 0.411506 0.228572 0.000000
vt 0.411506 0.285715 0.000000
vt 0.457229 0.228572 0.000000
vt 0.457229 0.285715 0.000000
vt 0.502951 0.228572 0.000000
vt 0.502951 0.285715 0.000000
vt 0.548674 0.228572 0.000000
vt 0.548674 0.285715 0.000000
vt 0.594397 0.228572 0.000000
vt 0.594397 0.285715 0.000000
vt 0.640120 0.228572 0.000000
vt 0.045723 0.342858 0.000000
vt 0.091446 0.342858 0.000000
vt 0.137169 0.342858 0.000000
vt 0.182891 0.342858 0.000000
vt 0.228614 0.342858 0.000000
vt 0.274337 0.342858 0.000000
vt 0.320060 0.342858 0.000000
vt 0.365783 0.342858 0.000000
vt 0.411506 0.342858 0.000000
vt 0.457229 0.342858 0.000000
vt 0.502951 0.342858 0.000000
vt 0.548674 0.342858 0.000000
vt 0.685843 0.571430 0.000000
vt 0.685843 0.685716 0.000000
vt 0.045723 0.914287 0.000000
vt 0.045723 1.142859 0.000000
vt 0.091446 0.914287 0.000000
vt 0.091446 1.142859 0.000000
vt 0.137169 0.914287 0.000000
vt 0.137169 1.142859 0.000000
vt 0.182891 0.914287 0.000000
vt 0.182891 1.142859 0.000000
vt 0.228614 0.914287 0.000000
vt 0.228614 1.142859 0.000000
vt 0.274337 0.914287 0.000000
vt 0.274337 1.142859 0.000000
vt 0.320060 0.914287 0.000000
vt 0.320060 1.142859 0.000000
vt 0.365783 0.914287 0.000000
vt 0.548674 0.685716 0.000000
vt 0.594397 0.685716 0.000000
vt 0.640120 0.685716 0.000000
vt 0.594397 0.571430 0.000000
vt 0.640120 0.571430 0.000000
vt 0.640120 0.457144 0.000000
vt 0.091446 0.457144 0.000000
vt 0.137169 0.457144 0.000000
vt 0.182891 0.457144 0.000000
vt 0.228614 0.457144 0.000000
vt 0.274337 0.457144 0.000000
vt 0.320060 0.457144 0.000000
vt 0.365783 0.457144 0.000000
vt 0.411506 0.457144 0.000000
vt 0.457229 0.457144 0.000000
vt 0.502951 0.457144 0.000000
vt 0.366647 1.828571 0.000000
vt 0.366647 0.914286 0.000000
vt 0.516078 1.828571 0.000000
vt 0.516078 0.000000 0.000000
vt 0.366647 -0.000000 0.000000
vt -0.692820 0.000000 0.000000
vt -0.000000 0.000000 0.000000
vt -0.692820 0.500000 0.000000
vt -0.000000 0.500000 0.000000
vt -0.692820 0.000000 0.000000
vt -0.000000 0.000000 0.000000
vt -0.692820 0.500000 0.000000
vt -0.000000 0.500000 0.000000
vt -0.692820 0.000000 0.000000
vt -0.000000 0.000000 0.000000
vt -0.692820 0.500000 0.000000
vt -0.000000 0.500000 0.000000
vt -0.692820 0.000000 0.000000
vt -0.000000 0.000000 0.000000
vt -0.692820 0.500000 0.000000
vt -0.000000 0.500000 0.000000
vt -0.692820 0.000000 0.000000
vt -0.000000 0.000000 0.000000
vt -0.692820 0.500000 0.000000
vt -0.000000 0.500000 0.000000
vt -0.692820 0.000000 0.000000
vt -0.000000 0.000000 0.000000
vt -0.692820 0.500000 0.000000
vt -0.000000 0.500000 0.000000
vt 0.399348 0.022836 0.000000
vt 0.400000 -0.000000 0.000000
vt 0.692820 0.000000 0.000000
vt 0.399348 -0.022836 0.000000
vt 0.397393 -0.045597 0.000000
vt 0.394142 -0.068209 0.000000
vt 0.389605 -0.090599 0.000000
vt 0.383797 -0.112693 0.000000
vt 0.376738 -0.134420 0.000000
vt 0.368449 -0.155708 0.000000
vt 0.358959 -0.176488 0.000000
vt 0.348298 -0.196693 0.000000
vt 0.336501 -0.216256 0.000000
vt 0.346410 -0.600000 0.000000
vt 0.323607 -0.235114 0.000000
vt 0.309657 -0.253205 0.000000
vt 0.294696 -0.270470 0.000000
vt 0.278775 -0.286853 0.000000
vt 0.261944 -0.302300 0.000000
vt 0.244259 -0.316761 0.000000
vt 0.225777 -0.330189 0.000000
vt 0.206559 -0.342540 0.000000
vt 0.186667 -0.353773 0.000000
vt 0.166166 -0.363853 0.000000
vt 0.145123 -0.372746 0.000000
vt 0.123607 -0.380423 0.000000
vt 0.101687 -0.386859 0.000000
vt 0.079436 -0.392033 0.000000
vt 0.056926 -0.395929 0.000000
vt 0.034230 -0.398533 0.000000
vt 0.011422 -0.399837 0.000000
vt -0.011422 -0.399837 0.000000
vt -0.346410 -0.600000 0.000000
vt -0.034230 -0.398533 0.000000
vt -0.056926 -0.395929 0.000000
vt -0.079436 -0.392033 0.000000
vt -0.101687 -0.386859 0.000000
vt -0.123607 -0.380423 0.000000
vt -0.145123 -0.372746 0.000000
vt -0.166166 -0.363853 0.000000
vt -0.186667 -0.353773 0.000000
vt -0.206559 -0.342540 0.000000
vt -0.225777 -0.330189 0.000000
vt -0.244259 -0.316761 0.000000
vt -0.261944 -0.302300 0.000000
vt -0.278775 -0.286853 0.000000
vt -0.294696 -0.270470 0.000000
vt -0.309657 -0.253205 0.000000
vt -0.323607 -0.235114 0.000000
vt -0.336501 -0.216256 0.000000
vt -0.692820 -0.000000 0.000000
vt -0.348298 -0.196693 0.000000
vt -0.358959 -0.176488 0.000000
vt -0.368449 -0.155708 0.000000
vt -0.376738 -0.134420 0.000000
vt -0.383797 -0.112693 0.000000
vt -0.389605 -0.090599 0.000000
vt -0.394142 -0.068209 0.000000
vt -0.397393 -0.045597 0.000000
vt -0.399348 -0.022836 0.000000
vt -0.400000 -0.000000 0.000000
vt -0.399348 0.022836 0.000000
vt -0.397393 0.045597 0.000000
vt -0.394142 0.068209 0.000000
vt -0.389605 0.090599 0.000000
vt -0.383797 0.112693 0.000000
vt -0.376738 0.134420 0.000000
vt -0.368449 0.155708 0.000000
vt -0.358959 0.176488 0.000000
vt -0.348298 0.196693 0.000000
vt -0.336501 0.216256 0.000000
vt -0.346410 0.600000 0.000000
vt -0.323607 0.235114 0.000000
vt -0.309657 0.253205 0.000000
vt -0.294696 0.270470 0.000000
vt -0.278775 0.286853 0.000000
vt -0.261944 0.302300 0.000000
vt -0.244259 0.316761 0.000000
vt -0.225777 0.330189 0.000000
vt -0.206559 0.342540 0.000000
vt -0.186667 0.353773 0.000000
vt -0.166166 0.363853 0.000000
vt -0.145123 0.372746 0.000000
vt -0.123607 0.380423 0.000000
vt -0.101687 0.386859 0.000000
vt -0.079436 0.392033 0.000000
vt -0.056926 0.395929 0.000000
vt -0.034230 0.398533 0.000000
vt -0.011422 0.399837 0.000000
vt 0.011422 0.399837 0.000000
vt 0.346410 0.600000 0.000000
vt 0.034230 0.398533 0.000000
vt 0.056926 0.395929 0.000000
vt 0.079436 0.392033 0.000000
vt 0.101687 0.386859 0.000000
vt 0.123607 0.380423 0.000000
vt 0.145123 0.372746 0.000000
vt 0.166166 0.363853 0.000000
vt 0.186667 0.353773 0.000000
vt 0.206559 0.342540 0.000000
vt 0.225777 0.330189 0.000000
vt 0.244259 0.316761 0.000000
vt 0.261944 0.302300 0.000000
vt 0.278775 0.286853 0.000000
vt 0.294696 0.270470 0.000000
vt 0.309657 0.253205 0.000000
vt 0.323607 0.235114 0.000000
vt 0.336501 0.216256 0.000000
vt 0.348298 0.196693 0.000000
vt 0.358959 0.176488 0.000000
vt 0.368449 0.155708 0.000000
vt 0.376738 0.134420 0.000000
vt 0.383797 0.112693 0.000000
vt 0.389605 0.090599 0.000000
vt 0.394142 0.068209 0.000000
vt 0.397393 0.045597 0.000000
vt 0.460000 -1.233789 0.000000
vt 0.000000 -1.233789 0.000000
vt 0.460000 -1.256637 0.000000
vt 0.000000 -1.256637 0.000000
vt 0.460000 1.256637 0.000000
vt 0.000000 1.256637 0.000000
vt 0.460000 1.233789 0.000000
vt 0.000000 1.233789 0.000000
vt 0.460000 1.210941 0.000000
vt 0.000000 1.210941 0.000000
vt 0.460000 1.188093 0.000000
vt 0.000000 1.188093 0.000000
vt 0.460000 1.165245 0.000000
vt 0.000000 1.165245 0.000000
vt 0.460000 1.142397 0.000000
vt 0.000000 1.142397 0.000000
vt 0.460000 1.119549 0.000000
vt 0.000000 1.119549 0.000000
vt 0.460000 1.096701 0.000000
vt 0.000000 1.096701 0.000000
vt 0.460000 1.073853 0.000000
vt 0.000000 1.073853 0.000000
vt 0.460000 1.051006 0.000000
vt 0.000000 1.051006 0.000000
vt 0.460000 1.028158 0.000000
vt 0.000000 1.028158 0.000000
vt 0.460000 1.005310 0.000000
vt 0.000000 1.005310 0.000000
vt 0.460000 0.982462 0.000000
vt 0.000000 0.982462 0.000000
vt 0.460000 0.959614 0.000000
vt 0.000000 0.959614 0.000000
vt 0.460000 0.936766 0.000000
vt 0.000000 0.936766 0.000000
vt 0.460000 0.913918 0.000000
vt 0.000000 0.913918 0.000000
vt 0.460000 0.891070 0.000000
vt 0.000000 0.891070 0.000000
vt 0.460000 0.868222 0.000000
vt 0.000000 0.868222 0.000000
vt 0.460000 0.845374 0.000000
vt 0.000000 0.845374 0.000000
vt 0.460000 0.822526 0.000000
vt 0.000000 0.822526 0.000000
vt 0.460000 0.799678 0.000000
vt 0.000000 0.799678 0.000000
vt 0.460000 0.776830 0.000000
vt 0.000000 0.776830 0.000000
vt 0.460000 0.753982 0.000000
vt 0.000000 0.753982 0.000000
vt 0.460000 0.731134 0.000000
vt 0.000000 0.731134 0.000000
vt 0.460000 0.708286 0.000000
vt 0.000000 0.708286 0.000000
vt 0.460000 0.685438 0.000000
vt 0.000000 0.685438 0.000000
vt 0.460000 0.662590 0.000000
vt 0.000000 0.662590 0.000000
vt 0.460000 0.639743 0.000000
vt 0.000000 0.639743 0.000000
vt 0.460000 0.616895 0.000000
vt 0.000000 0.616895 0.000000
vt 0.460000 0.594047 0.000000
vt 0.000000 0.594047 0.000000
vt 0.460000 0.571199 0.000000
vt 0.000000 0.571199 0.000000
vt 0.460000 0.548351 0.000000
vt 0.000000 0.548351 0.000000
vt 0.460000 0.525503 0.000000
vt 0.000000 0.525503 0.000000
vt 0.460000 0.502655 0.000000
vt 0.000000 0.502655 0.000000
vt 0.460000 0.479807 0.000000
vt 0.000000 0.479807 0.000000
vt 0.460000 0.456959 0.000000
vt 0.000000 0.456959 0.000000
vt 0.460000 0.434111 0.000000
vt 0.000000 0.434111 0.000000
vt 0.460000 0.411263 0.000000
vt 0.000000 0.411263 0.000000
vt 0.460000 0.388415 0.000000
vt 0.000000 0.388415 0.000000
vt 0.460000 0.365567 0.000000
vt 0.000000 0.365567 0.000000
vt 0.460000 0.342719 0.000000
vt 0.000000 0.342719 0.000000
vt 0.460000 0.319871 0.000000
vt 0.000000 0.319871 0.000000
vt 0.460000 0.297023 0.000000
vt 0.000000 0.297023 0.000000
vt 0.460000 0.274175 0.000000
vt 0.000000 0.274175 0.000000
vt 0.460000 0.251327 0.000000
vt 0.000000 0.251327 0.000000
vt 0.460000 0.228479 0.000000
vt 0.000000 0.228479 0.000000
vt 0.460000 0.205632 0.000000
vt 0.000000 0.205632 0.000000
vt 0.460000 0.182784 0.000000
vt 0.000000 0.182784 0.000000
vt 0.460000 0.159936 0.000000
vt 0.000000 0.159936 0.000000
vt 0.460000 0.137088 0.000000
vt 0.000000 0.137088 0.000000
vt 0.460000 0.114240 0.000000
vt 0.000000 0.114240 0.000000
vt 0.460000 0.091392 0.000000
vt 0.000000 0.091392 0.000000
vt 0.460000 0.068544 0.000000
vt 0.000000 0.068544 0.000000
vt 0.460000 0.045696 0.000000
vt 0.000000 0.045696 0.000000
vt 0.460000 0.022848 0.000000
vt 0.000000 0.022848 0.000000
vt 0.460000 0.000000 0.000000
vt 0.000000 0.000000 0.000000
vt 0.460000 -0.022848 0.000000
vt 0.000000 -0.022848 0.000000
vt 0.460000 -0.045696 0.000000
vt 0.000000 -0.045696 0.000000
vt 0.460000 -0.068544 0.000000
vt -0.000000 -0.068544 0.000000
vt 0.460000 -0.091392 0.000000
vt -0.000000 -0.091392 0.000000
vt 0.460000 -0.114240 0.000000
vt 0.000000 -0.114240 0.000000
vt 0.460000 -0.137088 0.000000
vt -0.000000 -0.137088 0.000000
vt 0.460000 -0.159936 0.000000
vt -0.000000 -0.159936 0.000000
vt 0.460000 -0.182784 0.000000
vt -0.000000 -0.182784 0.000000
vt 0.460000 -0.205632 0.000000
vt 0.000000 -0.205632 0.000000
vt 0.460000 -0.228479 0.000000
vt -0.000000 -0.228479 0.000000
vt 0.460000 -0.251327 0.000000
vt -0.000000 -0.251327 0.000000
vt 0.460000 -0.274175 0.000000
vt -0.000000 -0.274175 0.000000
vt 0.460000 -0.297023 0.000000
vt -0.000000 -0.297023 0.000000
vt 0.460000 -0.319871 0.000000
vt -0.000000 -0.319871 0.000000
vt 0.460000 -0.342719 0.000000
vt 0.000000 -0.342719 0.000000
vt 0.460000 -0.365567 0.000000
vt -0.000000 -0.365567 0.000000
vt 0.460000 -0.388415 0.000000
vt -0.000000 -0.388415 0.000000
vt 0.460000 -0.411263 0.000000
vt -0.000000 -0.411263 0.000000
vt 0.460000 -0.434111 0.000000
vt -0.000000 -0.434111 0.000000
vt 0.460000 -0.456959 0.000000
vt 0.000000 -0.456959 0.000000
vt 0.460000 -0.479807 0.000000
vt -0.000000 -0.479807 0.000000
vt 0.460000 -0.502655 0.000000
vt -0.000000 -0.502655 0.000000
vt 0.460000 -0.525503 0.000000
vt -0.000000 -0.525503 0.000000
vt 0.460000 -0.548351 0.000000
vt -0.000000 -0.548351 0.000000
vt 0.460000 -0.571199 0.000000
vt -0.000000 -0.571199 0.000000
vt 0.460000 -0.594047 0.000000
vt -0.000000 -0.594047 0.000000
vt 0.460000 -0.616895 0.000000
vt -0.000000 -0.616895 0.000000
vt 0.460000 -0.639743 0.000000
vt 0.000000 -0.639743 0.000000
vt 0.460000 -0.662590 0.000000
vt 0.000000 -0.662590 0.000000
vt 0.460000 -0.685438 0.000000
vt 0.000000 -0.685438 0.000000
vt 0.460000 -0.708286 0.000000
vt 0.000000 -0.708286 0.000000
vt 0.460000 -0.731134 0.000000
vt 0.000000 -0.731134 0.000000
vt 0.460000 -0.753982 0.000000
vt 0.000000 -0.753982 0.000000
vt 0.460000 -0.776830 0.000000
vt 0.000000 -0.776830 0.000000
vt 0.460000 -0.799678 0.000000
vt 0.000000 -0.799678 0.000000
vt 0.460000 -0.822526 0.000000
vt 0.000000 -0.822526 0.000000
vt 0.460000 -0.845374 0.000000
vt 0.000000 -0.845374 0.000000
vt 0.460000 -0.868222 0.000000
vt 0.000000 -0.868222 0.000000
vt 0.460000 -0.891070 0.000000
vt 0.000000 -0.891070 0.000000
vt 0.460000 -0.913918 0.000000
vt 0.000000 -0.913918 0.000000
vt 0.460000 -0.936766 0.000000
vt 0.000000 -0.936766 0.000000
vt 0.460000 -0.959614 0.000000
vt 0.000000 -0.959614 0.000000
vt 0.460000 -0.982462 0.000000
vt 0.000000 -0.982462 0.000000
vt 0.460000 -1.005310 0.000000
vt 0.000000 -1.005310 0.000000
vt 0.460000 -1.028158 0.000000
vt 0.000000 -1.028158 0.000000
vt 0.460000 -1.051006 0.000000
vt 0.000000 -1.051006 0.000000
vt 0.460000 -1.073853 0.000000
vt 0.000000 -1.073853 0.000000
vt 0.460000 -1.096701 0.000000
vt 0.000000 -1.096701 0.000000
vt 0.460000 -1.119549 0.000000
vt 0.000000 -1.119549 0.000000
vt 0.460000 -1.142397 0.000000
vt 0.000000 -1.142397 0.000000
vt 0.460000 -1.165245 0.000000
vt 0.000000 -1.165245 0.000000
vt 0.460000 -1.188093 0.000000
vt 0.000000 -1.188093 0.000000
vt 0.460000 -1.210941 0.000000
vt 0.000000 -1.210941 0.000000
vt 0.149431 -0.000000 0.000000
vt 0.149431 0.914286 0.000000
vt -0.000000 0.000000 0.000000
vt -0.000000 1.828571 0.000000
vt 0.149431 1.828571 0.000000
vt 0.937121 1.313633 0.000000
vt 1.828571 1.828571 0.000000
vt 0.914286 1.314286 0.000000
vt 0.000000 1.828571 0.000000
vt 0.891450 1.313633 0.000000
vt 0.868689 1.311678 0.000000
vt 0.846077 1.308427 0.000000
vt 0.823687 1.303890 0.000000
vt 0.801593 1.298083 0.000000
vt 0.779866 1.291023 0.000000
vt 0.758578 1.282735 0.000000
vt 0.737797 1.273245 0.000000
vt 0.717593 1.262584 0.000000
vt 0.698029 1.250787 0.000000
vt 0.679172 1.237893 0.000000
vt 0.661081 1.223942 0.000000
vt 0.643816 1.208982 0.000000
vt 0.627433 1.193061 0.000000
vt 0.611986 1.176230 0.000000
vt 0.597525 1.158545 0.000000
vt 0.584097 1.140063 0.000000
vt 0.571746 1.120845 0.000000
vt 0.560513 1.100953 0.000000
vt 0.550433 1.080452 0.000000
vt 0.541540 1.059409 0.000000
vt 0.533863 1.037893 0.000000
vt 0.527427 1.015973 0.000000
vt 0.522253 0.993722 0.000000
vt 0.518357 0.971212 0.000000
vt 0.515753 0.948516 0.000000
vt 0.514449 0.925708 0.000000
vt -0.000000 0.000000 0.000000
vt 0.514449 0.902863 0.000000
vt 0.515753 0.880056 0.000000
vt 0.518357 0.857360 0.000000
vt 0.522253 0.834850 0.000000
vt 0.527427 0.812598 0.000000
vt 0.533863 0.790679 0.000000
vt 0.541540 0.769163 0.000000
vt 0.550433 0.748120 0.000000
vt 0.560513 0.727619 0.000000
vt 0.571746 0.707727 0.000000
vt 0.584097 0.688508 0.000000
vt 0.597525 0.670027 0.000000
vt 0.611986 0.652341 0.000000
vt 0.627433 0.635511 0.000000
vt 0.643816 0.619589 0.000000
vt 0.661081 0.604629 0.000000
vt 0.679172 0.590679 0.000000
vt 0.698029 0.577784 0.000000
vt 0.717593 0.565987 0.000000
vt 0.737797 0.555326 0.000000
vt 0.758578 0.545836 0.000000
vt 0.779866 0.537548 0.000000
vt 0.801593 0.530489 0.000000
vt 0.823687 0.524681 0.000000
vt 0.846077 0.520144 0.000000
vt 0.868689 0.516893 0.000000
vt 0.891450 0.514938 0.000000
vt 0.914286 0.514286 0.000000
vt 1.828571 0.000000 0.000000
vt 0.937121 0.514938 0.000000
vt 0.959882 0.516893 0.000000
vt 0.982495 0.520144 0.000000
vt 1.004884 0.524681 0.000000
vt 1.026979 0.530489 0.000000
vt 1.048705 0.537548 0.000000
vt 1.069994 0.545836 0.000000
vt 1.090774 0.555326 0.000000
vt 1.110979 0.565987 0.000000
vt 1.130542 0.577784 0.000000
vt 1.149400 0.590679 0.000000
vt 1.167491 0.604629 0.000000
vt 1.184756 0.619589 0.000000
vt 1.201138 0.635511 0.000000
vt 1.216586 0.652341 0.000000
vt 1.231047 0.670027 0.000000
vt 1.244474 0.688508 0.000000
vt 1.256825 0.707727 0.000000
vt 1.268059 0.727619 0.000000
vt 1.278139 0.748120 0.000000
vt 1.287031 0.769163 0.000000
vt 1.294708 0.790679 0.000000
vt 1.301144 0.812598 0.000000
vt 1.306319 0.834850 0.000000
vt 1.310214 0.857360 0.000000
vt 1.312818 0.880056 0.000000
vt 1.314123 0.902863 0.000000
vt 1.314123 0.925708 0.000000
vt 1.312818 0.948516 0.000000
vt 1.310214 0.971212 0.000000
vt 1.306319 0.993722 0.000000
vt 1.301144 1.015973 0.000000
vt 1.294708 1.037893 0.000000
vt 1.287031 1.059409 0.000000
vt 1.278139 1.080452 0.000000
vt 1.268059 1.100953 0.000000
vt 1.256825 1.120845 0.000000
vt 1.244474 1.140063 0.000000
vt 1.231047 1.158545 0.000000
vt 1.216586 1.176230 0.000000
vt 1.201138 1.193061 0.000000
vt 1.184756 1.208982 0.000000
vt 1.167491 1.223942 0.000000
vt 1.149400 1.237893 0.000000
vt 1.130542 1.250787 0.000000
vt 1.110979 1.262584 0.000000
vt 1.090774 1.273245 0.000000
vt 1.069994 1.282735 0.000000
vt 1.048705 1.291023 0.000000
vt 1.026979 1.298083 0.000000
vt 1.004884 1.303890 0.000000
vt 0.982495 1.308427 0.000000
vt 0.959882 1.311678 0.000000
vt 0.149431 0.000000 0.000000
vt 0.149431 0.914286 0.000000
vt 0.000000 0.000000 0.000000
vt 0.000000 1.828571 0.000000
vt 0.149431 1.828571 0.000000
vt 1.880000 1.260696 0.000000
vt 2.560000 1.828571 0.000000
vt 1.280000 1.607106 0.000000
vt 0.000000 1.828571 0.000000
vt 0.680000 1.260696 0.000000
vt 0.000000 0.000000 0.000000
vt 0.680000 0.567876 0.000000
vt 1.280000 0.221465 0.000000
vt 2.560000 0.000000 0.000000
vt 1.880000 0.567876 0.000000
vt 0.480000 -1.280000 0.000000
vt 0.346169 1.213524 0.000000
vt 0.346169 -1.213524 0.000000
vt 0.305125 1.193446 0.000000
vt 0.305125 -1.193446 0.000000
vt 0.263844 1.173870 0.000000
vt 0.263844 -1.173870 0.000000
vt 0.222332 1.154797 0.000000
vt 0.222332 -1.154797 0.000000
vt 0.180593 1.136229 0.000000
vt 0.180593 -1.136229 0.000000
vt 0.138632 1.118169 0.000000
vt 0.138632 -1.118169 0.000000
vt 0.096453 1.100619 0.000000
vt 0.096453 -1.100619 0.000000
vt 0.054062 1.083580 0.000000
vt 0.054062 -1.083580 0.000000
vt 0.011462 1.067055 0.000000
vt 0.011462 -1.067055 0.000000
vt -0.031335 1.051048 0.000000
vt -0.031335 -1.051048 0.000000
vt -0.074318 1.035563 0.000000
vt -0.117483 1.020602 0.000000
vt 0.480000 1.280000 0.000000
vt -0.160825 1.006165 0.000000
vt -0.204338 0.992256 0.000000
vt -0.248018 0.978875 0.000000
vt -0.291861 0.966023 0.000000
vt -0.335862 0.953703 0.000000
vt -0.480000 0.914286 0.000000
vt -0.480000 -0.914286 0.000000
vt -0.335862 -0.953703 0.000000
vt -0.291861 -0.966023 0.000000
vt -0.248018 -0.978875 0.000000
vt -0.204338 -0.992256 0.000000
vt -0.160825 -1.006165 0.000000
vt -0.117483 -1.020602 0.000000
vt -0.074318 -1.035563 0.000000
vt 1.193446 -0.305125 0.000000
vt -1.193446 -0.305125 0.000000
vt 1.213524 -0.346169 0.000000
vt -1.213524 -0.346169 0.000000
vt 1.280000 -0.480000 0.000000
vt -1.280000 -0.480000 0.000000
vt -1.173870 -0.263844 0.000000
vt 1.173870 -0.263844 0.000000
vt -1.154797 -0.222332 0.000000
vt 1.154797 -0.222332 0.000000
vt -1.136229 -0.180593 0.000000
vt 1.136229 -0.180593 0.000000
vt -1.118169 -0.138632 0.000000
vt 1.118169 -0.138632 0.000000
vt -1.100619 -0.096453 0.000000
vt 1.100619 -0.096453 0.000000
vt -1.083580 -0.054062 0.000000
vt 1.083580 -0.054062 0.000000
vt -1.067055 -0.011462 0.000000
vt 1.067055 -0.011462 0.000000
vt -1.051048 0.031335 0.000000
vt 1.051048 0.031335 0.000000
vt -1.035563 0.074318 0.000000
vt 1.035563 0.074318 0.000000
vt -1.020602 0.117483 0.000000
vt 1.020602 0.117483 0.000000
vt -1.006165 0.160825 0.000000
vt 1.006165 0.160825 0.000000
vt -0.992256 0.204338 0.000000
vt 0.992256 0.204338 0.000000
vt -0.978875 0.248018 0.000000
vt 0.978875 0.248018 0.000000
vt -0.966023 0.291861 0.000000
vt 0.966023 0.291861 0.000000
vt -0.953703 0.335862 0.000000
vt 0.953703 0.335862 0.000000
vt -0.914286 0.480000 0.000000
vt 0.914286 0.480000 0.000000
vn 0.000000 0.900932 0.433961
vn -0.000000 0.900924 0.433976
vn -0.000000 0.895601 0.444858
vn -0.000000 0.900924 0.433976
vn -0.000000 0.900924 0.433976
vn -0.000000 0.906118 0.423025
vn -0.000000 0.906118 0.423025
vn -0.000000 0.911181 0.412007
vn -0.000000 0.911181 0.412007
vn -0.000000 0.916111 0.400925
vn -0.000000 0.916111 0.400925
vn -0.000000 0.920908 0.389780
vn -0.000000 0.920908 0.389780
vn -0.000000 0.925571 0.378575
vn -0.000000 0.925571 0.378575
vn -0.000000 0.930098 0.367313
vn -0.000000 0.930098 0.367313
vn -0.000000 0.934488 0.355995
vn -0.000000 0.934488 0.355995
vn -0.000000 0.938740 0.344626
vn -0.000000 0.938740 0.344626
vn -0.000000 0.942854 0.333206
vn -0.000000 0.942854 0.333206
vn -0.000000 0.946828 0.321739
vn -0.000000 0.946828 0.321739
vn -0.000000 0.950662 0.310227
vn -0.000000 0.950662 0.310227
vn -0.000000 0.954355 0.298673
vn -0.000000 0.954355 0.298673
vn -0.000000 0.957907 0.287079
vn -0.000000 0.957907 0.287079
vn -0.000000 0.961316 0.275448
vn -0.000000 0.961316 0.275448
vn 0.000000 0.964582 0.263783
vn -0.000000 0.961316 0.275448
vn -0.000000 0.961316 0.275448
vn -0.000000 0.957907 0.287079
vn -0.000000 0.957907 0.287079
vn -0.000000 0.954355 0.298673
vn -0.000000 0.954355 0.298673
vn -0.000000 0.950662 0.310227
vn -0.000000 0.950662 0.310227
vn -0.000000 0.946828 0.321739
vn -0.000000 0.946828 0.321739
vn -0.000000 0.942854 0.333206
vn -0.000000 0.942854 0.333206
vn -0.000000 0.938740 0.344626
vn 0.000000 0.938740 0.344626
vn 0.000000 0.934488 0.355995
vn 0.000000 0.934488 0.355995
vn 0.000000 0.930098 0.367313
vn -0.000000 0.930100 0.367305
vn -0.000000 0.925577 0.378560
vn -0.000000 0.906118 0.423025
vn 0.000000 0.906129 0.423001
vn -0.000000 0.911181 0.412007
vn 0.000000 0.911193 0.411980
vn -0.000000 0.916111 0.400925
vn 0.000000 0.916123 0.400898
vn -0.000000 0.920908 0.389780
vn 0.000000 0.920917 0.389758
vn -0.000000 0.925571 0.378575
vn 0.000000 0.925577 0.378560
vn -0.000000 0.930098 0.367313
vn 0.000000 0.930100 0.367305
vn -0.000000 0.934488 0.355995
vn 0.000000 0.934488 0.355995
vn 0.000000 0.938738 0.344633
vn -0.000000 0.938740 0.344626
vn 0.000000 0.942849 0.333221
vn -0.000000 0.942854 0.333206
vn 0.000000 0.946821 0.321761
vn -0.000000 0.946828 0.321739
vn 0.000000 0.950654 0.310254
vn -0.000000 0.950662 0.310227
vn 0.000000 0.954346 0.298702
vn -0.000000 0.954355 0.298673
vn 0.000000 0.957899 0.287105
vn -0.000000 0.957907 0.287079
vn 0.000000 0.961311 0.275465
vn -0.000000 0.961316 0.275448
vn -0.000000 0.964582 0.263783
vn -0.000000 0.961316 0.275448
vn -0.000000 0.961316 0.275448
vn -0.000000 0.964582 0.263783
vn 0.000000 0.961316 0.275448
vn 0.000000 0.961316 0.275448
vn -0.000000 0.961316 0.275448
vn 0.000000 0.957907 0.287079
vn -0.000000 0.957907 0.287079
vn 0.000000 0.954355 0.298673
vn -0.000000 0.954355 0.298673
vn 0.000000 0.950662 0.310227
vn -0.000000 0.950662 0.310227
vn 0.000000 0.946828 0.321739
vn -0.000000 0.946828 0.321739
vn 0.000000 0.942854 0.333206
vn -0.000000 0.961311 0.275465
vn 0.000000 0.957907 0.287079
vn -0.000000 0.957899 0.287105
vn 0.000000 0.954355 0.298673
vn -0.000000 0.954346 0.298702
vn 0.000000 0.950662 0.310227
vn -0.000000 0.950654 0.310254
vn 0.000000 0.946828 0.321739
vn -0.000000 0.946821 0.321761
vn 0.000000 0.942854 0.333206
vn -0.000000 0.942849 0.333221
vn 0.000000 0.938740 0.344626
vn -0.000000 0.938738 0.344633
vn -0.000000 0.934488 0.355995
vn 0.000000 0.925571 0.378575
vn -0.000000 0.920917 0.389758
vn 0.000000 0.920908 0.389780
vn -0.000000 0.916123 0.400898
vn 0.000000 0.916111 0.400925
vn -0.000000 0.911193 0.411980
vn 0.000000 0.911181 0.412007
vn -0.000000 0.906129 0.423001
vn 0.000000 0.906118 0.423025
vn -0.000000 0.900932 0.433961
vn 0.000000 0.900924 0.433976
vn -0.000000 0.895601 0.444858
vn -0.000000 0.895601 0.444858
vn -0.000000 0.900924 0.433976
vn -0.000000 0.900924 0.433976
vn -0.000000 0.900924 0.433976
vn -0.000000 0.906118 0.423025
vn -0.000000 0.906118 0.423025
vn -0.000000 0.911181 0.412007
vn -0.000000 0.911181 0.412007
vn -0.000000 0.916111 0.400925
vn -0.000000 0.916111 0.400925
vn -0.000000 0.920908 0.389780
vn -0.000000 0.920908 0.389780
vn -0.000000 0.925571 0.378575
vn -0.000000 0.925571 0.378575
vn -0.000000 0.930098 0.367313
vn -0.000000 0.930098 0.367313
vn -0.000000 0.934488 0.355995
vn -0.000000 0.934488 0.355995
vn -0.000000 0.938740 0.344626
vn -0.000000 0.938740 0.344626
vn -0.000000 0.942854 0.333206
vn -0.000000 0.900924 0.433976
vn -0.000000 0.900924 0.433976
vn -0.000000 0.906118 0.423025
vn -0.000000 0.906118 0.423025
vn -0.000000 0.911181 0.412007
vn -0.000000 0.911181 0.412007
vn -0.000000 0.916111 0.400925
vn -0.000000 0.916111 0.400925
vn -0.000000 0.920908 0.389780
vn -0.000000 0.920908 0.389780
vn -0.000000 0.925571 0.378575
vn -0.000000 0.925571 0.378575
vn -0.000000 0.930098 0.367313
vn -0.000000 0.930098 0.367313
vn -0.000000 0.934488 0.355995
vn -0.000000 0.934488 0.355995
vn -0.000000 0.938740 0.344626
vn -0.000000 0.938740 0.344626
vn -0.000000 0.942854 0.333206
vn -0.000000 0.942854 0.333206
vn -0.000000 0.946828 0.321739
vn -0.000000 0.946828 0.321739
vn -0.000000 0.950662 0.310227
vn -0.000000 0.950662 0.310227
vn -0.000000 0.954355 0.298673
vn -0.000000 0.954355 0.298673
vn -0.000000 0.957907 0.287079
vn -0.000000 0.900924 0.433976
vn -0.000000 0.906118 0.423025
vn -0.000000 0.911181 0.412007
vn -0.000000 0.916111 0.400925
vn -0.000000 0.920908 0.389780
vn -0.000000 0.925571 0.378575
vn -0.000000 0.930098 0.367313
vn -0.000000 0.934488 0.355995
vn -0.000000 0.938740 0.344626
vn -0.000000 0.942854 0.333206
vn -0.000000 0.946828 0.321739
vn -0.000000 0.950662 0.310227
vn -0.000000 0.961316 0.275448
vn -0.000000 0.961316 0.275448
vn -0.000000 0.900924 0.433976
vn 0.000000 0.900924 0.433976
vn -0.000000 0.906118 0.423025
vn 0.000000 0.906118 0.423025
vn -0.000000 0.911181 0.412007
vn 0.000000 0.911181 0.412007
vn -0.000000 0.916111 0.400925
vn 0.000000 0.916111 0.400925
vn -0.000000 0.920908 0.389780
vn 0.000000 0.920908 0.389780
vn -0.000000 0.925571 0.378575
vn 0.000000 0.925571 0.378575
vn -0.000000 0.930098 0.367313
vn 0.000000 0.930098 0.367313
vn -0.000000 0.934488 0.355995
vn -0.000000 0.950662 0.310227
vn -0.000000 0.954355 0.298673
vn -0.000000 0.957907 0.287079
vn -0.000000 0.954355 0.298673
vn -0.000000 0.957907 0.287079
vn -0.000000 0.957907 0.287079
vn -0.000000 0.906118 0.423025
vn -0.000000 0.911181 0.412007
vn -0.000000 0.916111 0.400925
vn -0.000000 0.920908 0.389780
vn -0.000000 0.925571 0.378575
vn -0.000000 0.930098 0.367313
vn -0.000000 0.934488 0.355995
vn -0.000000 0.938740 0.344626
vn -0.000000 0.942854 0.333206
vn -0.000000 0.946828 0.321739
vn -0.000000 0.964582 0.263783
vn -0.000000 0.964582 0.263783
vn 0.000000 -0.961311 0.275465
vn 0.000000 -0.961316 0.275448
vn 0.000000 -0.964582 0.263783
vn 0.000000 -0.961316 0.275448
vn 0.000000 -0.961316 0.275448
vn 0.000000 -0.957907 0.287079
vn 0.000000 -0.957907 0.287079
vn 0.000000 -0.954355 0.298673
vn 0.000000 -0.954355 0.298673
vn 0.000000 -0.950662 0.310227
vn 0.000000 -0.950662 0.310227
vn 0.000000 -0.946828 0.321739
vn 0.000000 -0.946828 0.321739
vn 0.000000 -0.942854 0.333206
vn 0.000000 -0.942854 0.333206
vn 0.000000 -0.938740 0.344626
vn 0.000000 -0.938740 0.344626
vn 0.000000 -0.934488 0.355995
vn 0.000000 -0.934488 0.355995
vn 0.000000 -0.930098 0.367313
vn 0.000000 -0.930098 0.367313
vn 0.000000 -0.925571 0.378575
vn 0.000000 -0.925571 0.378575
vn 0.000000 -0.920908 0.389780
vn 0.000000 -0.920908 0.389780
vn 0.000000 -0.916111 0.400925
vn 0.000000 -0.916111 0.400925
vn 0.000000 -0.911181 0.412007
vn 0.000000 -0.911181 0.412007
vn 0.000000 -0.906118 0.423025
vn 0.000000 -0.906118 0.423025
vn 0.000000 -0.900924 0.433976
vn 0.000000 -0.900924 0.433976
vn 0.000000 -0.895601 0.444858
vn 0.000000 -0.900924 0.433976
vn 0.000000 -0.900924 0.433976
vn 0.000000 -0.906118 0.423025
vn 0.000000 -0.906118 0.423025
vn 0.000000 -0.911181 0.412007
vn 0.000000 -0.911181 0.412007
vn 0.000000 -0.916111 0.400925
vn 0.000000 -0.916111 0.400925
vn 0.000000 -0.920908 0.389780
vn 0.000000 -0.920908 0.389780
vn 0.000000 -0.925571 0.378575
vn 0.000000 -0.925571 0.378575
vn 0.000000 -0.930098 0.367313
vn 0.000000 -0.930098 0.367313
vn 0.000000 -0.934488 0.355995
vn 0.000000 -0.934488 0.355995
vn 0.000000 -0.938740 0.344626
vn 0.000000 -0.938738 0.344633
vn 0.000000 -0.942849 0.333221
vn 0.000000 -0.957907 0.287079
vn 0.000000 -0.957899 0.287105
vn 0.000000 -0.954355 0.298673
vn 0.000000 -0.954346 0.298702
vn 0.000000 -0.950662 0.310227
vn 0.000000 -0.950654 0.310254
vn 0.000000 -0.946828 0.321739
vn 0.000000 -0.946821 0.321761
vn 0.000000 -0.942854 0.333206
vn 0.000000 -0.942849 0.333221
vn 0.000000 -0.938740 0.344626
vn 0.000000 -0.938738 0.344633
vn 0.000000 -0.934488 0.355995
vn 0.000000 -0.934488 0.355995
vn 0.000000 -0.930100 0.367305
vn 0.000000 -0.930098 0.367313
vn 0.000000 -0.925577 0.378560
vn 0.000000 -0.925571 0.378575
vn 0.000000 -0.920917 0.389758
vn 0.000000 -0.920908 0.389780
vn 0.000000 -0.916123 0.400898
vn 0.000000 -0.916111 0.400925
vn 0.000000 -0.911193 0.411980
vn 0.000000 -0.911181 0.412007
vn 0.000000 -0.906129 0.423001
vn 0.000000 -0.906118 0.423025
vn 0.000000 -0.900932 0.433961
vn 0.000000 -0.900924 0.433976
vn 0.000000 -0.895601 0.444858
vn 0.000000 -0.900924 0.433976
vn 0.000000 -0.900924 0.433976
vn 0.000000 -0.895601 0.444858
vn 0.000000 -0.900924 0.433976
vn 0.000000 -0.900924 0.433976
vn 0.000000 -0.900924 0.433976
vn 0.000000 -0.906118 0.423025
vn 0.000000 -0.906118 0.423025
vn 0.000000 -0.911181 0.412007
vn 0.000000 -0.911181 0.412007
vn 0.000000 -0.916111 0.400925
vn 0.000000 -0.916111 0.400925
vn 0.000000 -0.920908 0.389780
vn 0.000000 -0.920908 0.389780
vn 0.000000 -0.925571 0.378575
vn 0.000000 -0.900932 0.433961
vn 0.000000 -0.906118 0.423025
vn 0.000000 -0.906129 0.423001
vn 0.000000 -0.911181 0.412007
vn 0.000000 -0.911193 0.411980
vn 0.000000 -0.916111 0.400925
vn 0.000000 -0.916123 0.400898
vn 0.000000 -0.920908 0.389780
vn 0.000000 -0.920917 0.389758
vn 0.000000 -0.925571 0.378575
vn 0.000000 -0.925577 0.378560
vn 0.000000 -0.930098 0.367313
vn 0.000000 -0.930100 0.367305
vn 0.000000 -0.934488 0.355995
vn 0.000000 -0.942854 0.333206
vn 0.000000 -0.946821 0.321761
vn 0.000000 -0.946828 0.321739
vn 0.000000 -0.950654 0.310254
vn 0.000000 -0.950662 0.310227
vn 0.000000 -0.954346 0.298702
vn 0.000000 -0.954355 0.298673
vn 0.000000 -0.957899 0.287105
vn 0.000000 -0.957907 0.287079
vn 0.000000 -0.961311 0.275465
vn 0.000000 -0.961316 0.275448
vn 0.000000 -0.964582 0.263783
vn 0.000000 -0.964582 0.263783
vn 0.000000 -0.961316 0.275448
vn 0.000000 -0.961316 0.275448
vn 0.000000 -0.961316 0.275448
vn 0.000000 -0.957907 0.287079
vn 0.000000 -0.957907 0.287079
vn 0.000000 -0.954355 0.298673
vn 0.000000 -0.954355 0.298673
vn 0.000000 -0.950662 0.310227
vn 0.000000 -0.950662 0.310227
vn 0.000000 -0.946828 0.321739
vn 0.000000 -0.946828 0.321739
vn 0.000000 -0.942854 0.333206
vn 0.000000 -0.942854 0.333206
vn 0.000000 -0.938740 0.344626
vn 0.000000 -0.938740 0.344626
vn 0.000000 -0.934488 0.355995
vn 0.000000 -0.934488 0.355995
vn 0.000000 -0.930098 0.367313
vn 0.000000 -0.930098 0.367313
vn 0.000000 -0.925571 0.378575
vn 0.000000 -0.961316 0.275448
vn 0.000000 -0.961316 0.275448
vn 0.000000 -0.957907 0.287079
vn 0.000000 -0.957907 0.287079
vn 0.000000 -0.954355 0.298673
vn 0.000000 -0.954355 0.298673
vn 0.000000 -0.950662 0.310227
vn 0.000000 -0.950662 0.310227
vn 0.000000 -0.946828 0.321739
vn 0.000000 -0.946828 0.321739
vn 0.000000 -0.942854 0.333206
vn 0.000000 -0.942854 0.333206
vn 0.000000 -0.938740 0.344626
vn 0.000000 -0.938740 0.344626
vn 0.000000 -0.934488 0.355995
vn 0.000000 -0.934488 0.355995
vn 0.000000 -0.930098 0.367313
vn 0.000000 -0.930098 0.367313
vn 0.000000 -0.925571 0.378575
vn 0.000000 -0.925571 0.378575
vn 0.000000 -0.920908 0.389780
vn 0.000000 -0.920908 0.389780
vn 0.000000 -0.916111 0.400925
vn 0.000000 -0.916111 0.400925
vn 0.000000 -0.911181 0.412007
vn 0.000000 -0.911181 0.412007
vn 0.000000 -0.906118 0.423025
vn 0.000000 -0.961316 0.275448
vn 0.000000 -0.957907 0.287079
vn 0.000000 -0.954355 0.298673
vn 0.000000 -0.950662 0.310227
vn 0.000000 -0.946828 0.321739
vn 0.000000 -0.942854 0.333206
vn 0.000000 -0.938740 0.344626
vn 0.000000 -0.934488 0.355995
vn 0.000000 -0.930098 0.367313
vn 0.000000 -0.925571 0.378575
vn 0.000000 -0.920908 0.389780
vn 0.000000 -0.916111 0.400925
vn 0.000000 -0.900924 0.433976
vn 0.000000 -0.900924 0.433976
vn 0.000000 -0.961316 0.275448
vn 0.000000 -0.961316 0.275448
vn 0.000000 -0.957907 0.287079
vn 0.000000 -0.957907 0.287079
vn 0.000000 -0.954355 0.298673
vn 0.000000 -0.954355 0.298673
vn 0.000000 -0.950662 0.310227
vn 0.000000 -0.950662 0.310227
vn 0.000000 -0.946828 0.321739
vn 0.000000 -0.946828 0.321739
vn 0.000000 -0.942854 0.333206
vn 0.000000 -0.942854 0.333206
vn 0.000000 -0.938740 0.344626
vn 0.000000 -0.938740 0.344626
vn 0.000000 -0.934488 0.355995
vn 0.000000 -0.916111 0.400925
vn 0.000000 -0.911181 0.412007
vn 0.000000 -0.906118 0.423025
vn 0.000000 -0.911181 0.412007
vn 0.000000 -0.906118 0.423025
vn 0.000000 -0.906118 0.423025
vn 0.000000 -0.957907 0.287079
vn 0.000000 -0.954355 0.298673
vn 0.000000 -0.950662 0.310227
vn 0.000000 -0.946828 0.321739
vn 0.000000 -0.942854 0.333206
vn 0.000000 -0.938740 0.344626
vn 0.000000 -0.934488 0.355995
vn 0.000000 -0.930098 0.367313
vn 0.000000 -0.925571 0.378575
vn 0.000000 -0.920908 0.389780
vn 0.000000 -0.895601 0.444858
vn 0.000000 -0.895601 0.444858
vn -0.866025 -0.500000 0.000000
vn -0.866025 -0.500000 0.000000
vn -0.866025 -0.500000 0.000000
vn -0.866025 -0.500000 0.000000
vn -0.866025 0.500000 -0.000000
vn -0.866025 0.500000 -0.000000
vn -0.866025 0.500000 -0.000000
vn -0.866025 0.500000 -0.000000
vn 0.000000 1.000000 -0.000000
vn 0.000000 1.000000 -0.000000
vn 0.000000 1.000000 -0.000000
vn 0.000000 1.000000 -0.000000
vn 0.866025 0.500000 -0.000000
vn 0.866025 0.500000 -0.000000
vn 0.866025 0.500000 -0.000000
vn 0.866025 0.500000 -0.000000
vn 0.866025 -0.500000 -0.000000
vn 0.866025 -0.500000 -0.000000
vn 0.866025 -0.500000 -0.000000
vn 0.866025 -0.500000 -0.000000
vn -0.000000 -1.000000 0.000000
vn -0.000000 -1.000000 0.000000
vn -0.000000 -1.000000 0.000000
vn -0.000000 -1.000000 0.000000
vn -0.000000 -0.000000 -1.000000
vn -0.000000 -0.000000 -1.000000
vn -0.000000 -0.000000 -1.000000
vn -0.000000 -0.000000 -1.000000
vn -0.000000 -0.000000 -1.000000
vn -0.000000 -0.000000 -1.000000
vn -0.000000 -0.000000 -1.000000
vn -0.000000 -0.000000 -1.000000
vn -0.000000 -0.000000 -1.000000
vn -0.000000 -0.000000 -1.000000
vn -0.000000 -0.000000 -1.000000
vn -0.000000 -0.000000 -1.000000
vn -0.000000 -0.000000 -1.000000
vn -0.000000 -0.000000 -1.000000
vn -0.000000 -0.000000 -1.000000
vn -0.000000 -0.000000 -1.000000
vn -0.000000 -0.000000 -1.000000
vn -0.000000 -0.000000 -1.000000
vn -0.000000 -0.000000 -1.000000
vn -0.000000 -0.000000 -1.000000
vn -0.000000 -0.000000 -1.000000
vn -0.000000 -0.000000 -1.000000
vn -0.000000 -0.000000 -1.000000
vn -0.000000 -0.000000 -1.000000
vn -0.000000 -0.000000 -1.000000
vn -0.000000 -0.000000 -1.000000
vn -0.000000 -0.000000 -1.000000
vn -0.000000 -0.000000 -1.000000
vn -0.000000 -0.000000 -1.000000
vn -0.000000 -0.000000 -1.000000
vn -0.000000 -0.000000 -1.000000
vn -0.000000 -0.000000 -1.000000
vn -0.000000 -0.000000 -1.000000
vn -0.000000 -0.000000 -1.000000
vn -0.000000 -0.000000 -1.000000
vn -0.000000 -0.000000 -1.000000
vn -0.000000 -0.000000 -1.000000
vn -0.000000 -0.000000 -1.000000
vn -0.000000 -0.000000 -1.000000
vn -0.000000 -0.000000 -1.000000
vn -0.000000 -0.000000 -1.000000
vn -0.000000 -0.000000 -1.000000
vn -0.000000 -0.000000 -1.000000
vn -0.000000 -0.000000 -1.000000
vn -0.000000 -0.000000 -1.000000
vn -0.000000 -0.000000 -1.000000
vn -0.000000 -0.000000 -1.000000
vn -0.000000 -0.000000 -1.000000
vn -0.000000 -0.000000 -1.000000
vn -0.000000 -0.000000 -1.000000
vn -0.000000 -0.000000 -1.000000
vn -0.000000 -0.000000 -1.000000
vn -0.000000 -0.000000 -1.000000
vn -0.000000 -0.000000 -1.000000
vn -0.000000 -0.000000 -1.000000
vn -0.000000 -0.000000 -1.000000
vn -0.000000 -0.000000 -1.000000
vn -0.000000 -0.000000 -1.000000
vn -0.000000 -0.000000 -1.000000
vn -0.000000 -0.000000 -1.000000
vn -0.000000 -0.000000 -1.000000
vn -0.000000 -0.000000 -1.000000
vn -0.000000 -0.000000 -1.000000
vn -0.000000 -0.000000 -1.000000
vn -0.000000 -0.000000 -1.000000
vn -0.000000 -0.000000 -1.000000
vn -0.000000 -0.000000 -1.000000
vn -0.000000 -0.000000 -1.000000
vn -0.000000 -0.000000 -1.000000
vn -0.000000 -0.000000 -1.000000
vn -0.000000 -0.000000 -1.000000
vn -0.000000 -0.000000 -1.000000
vn -0.000000 -0.000000 -1.000000
vn -0.000000 -0.000000 -1.000000
vn -0.000000 -0.000000 -1.000000
vn -0.000000 -0.000000 -1.000000
vn -0.000000 -0.000000 -1.000000
vn -0.000000 -0.000000 -1.000000
vn -0.000000 -0.000000 -1.000000
vn -0.000000 -0.000000 -1.000000
vn -0.000000 -0.000000 -1.000000
vn -0.000000 -0.000000 -1.000000
vn -0.000000 -0.000000 -1.000000
vn -0.000000 -0.000000 -1.000000
vn -0.000000 -0.000000 -1.000000
vn -0.000000 -0.000000 -1.000000
vn -0.000000 -0.000000 -1.000000
vn -0.000000 -0.000000 -1.000000
vn -0.000000 -0.000000 -1.000000
vn -0.000000 -0.000000 -1.000000
vn -0.000000 -0.000000 -1.000000
vn -0.000000 -0.000000 -1.000000
vn -0.000000 -0.000000 -1.000000
vn -0.000000 -0.000000 -1.000000
vn -0.000000 -0.000000 -1.000000
vn -0.000000 -0.000000 -1.000000
vn -0.000000 -0.000000 -1.000000
vn -0.000000 -0.000000 -1.000000
vn -0.000000 -0.000000 -1.000000
vn -0.000000 -0.000000 -1.000000
vn -0.000000 -0.000000 -1.000000
vn -0.000000 -0.000000 -1.000000
vn -0.000000 -0.000000 -1.000000
vn -0.000000 -0.000000 -1.000000
vn -0.000000 -0.000000 -1.000000
vn -0.000000 -0.000000 -1.000000
vn -0.000000 -0.000000 -1.000000
vn -0.000000 -0.000000 -1.000000
vn -0.000000 -0.000000 -1.000000
vn -0.000000 -0.000000 -1.000000
vn -0.000000 -0.000000 -1.000000
vn -0.000000 -0.000000 -1.000000
vn -0.000000 -0.000000 -1.000000
vn -0.000000 -0.000000 -1.000000
vn -0.000000 -0.000000 -1.000000
vn -0.000000 -0.000000 -1.000000
vn -0.998369 0.057089 0.000000
vn -0.998369 0.057089 0.000000
vn -1.000000 0.000000 0.000000
vn -1.000000 0.000000 0.000000
vn -0.998369 -0.057089 -0.000000
vn -0.998369 -0.057089 -0.000000
vn -0.993482 -0.113991 -0.000000
vn -0.993482 -0.113991 -0.000000
vn -0.985354 -0.170522 -0.000000
vn -0.985354 -0.170522 -0.000000
vn -0.974012 -0.226497 -0.000000
vn -0.974012 -0.226497 -0.000000
vn -0.959493 -0.281733 -0.000000
vn -0.959493 -0.281733 -0.000000
vn -0.941844 -0.336049 -0.000000
vn -0.941844 -0.336049 -0.000000
vn -0.921124 -0.389270 -0.000000
vn -0.921124 -0.389270 -0.000000
vn -0.897398 -0.441221 -0.000000
vn -0.897398 -0.441221 -0.000000
vn -0.870746 -0.491733 -0.000000
vn -0.870746 -0.491733 -0.000000
vn -0.841254 -0.540641 -0.000000
vn -0.841254 -0.540641 -0.000000
vn -0.809017 -0.587785 -0.000000
vn -0.809017 -0.587785 -0.000000
vn -0.774142 -0.633012 -0.000000
vn -0.774142 -0.633012 -0.000000
vn -0.736741 -0.676175 -0.000000
vn -0.736741 -0.676175 -0.000000
vn -0.696938 -0.717132 -0.000000
vn -0.696938 -0.717132 -0.000000
vn -0.654861 -0.755750 -0.000000
vn -0.654861 -0.755750 -0.000000
vn -0.610648 -0.791902 -0.000000
vn -0.610648 -0.791902 -0.000000
vn -0.564443 -0.825472 -0.000000
vn -0.564443 -0.825472 -0.000000
vn -0.516397 -0.856349 -0.000000
vn -0.516397 -0.856349 -0.000000
vn -0.466667 -0.884433 -0.000000
vn -0.466667 -0.884433 -0.000000
vn -0.415415 -0.909632 -0.000000
vn -0.415415 -0.909632 -0.000000
vn -0.362808 -0.931864 -0.000000
vn -0.362808 -0.931864 -0.000000
vn -0.309017 -0.951057 -0.000000
vn -0.309017 -0.951057 -0.000000
vn -0.254218 -0.967147 -0.000000
vn -0.254218 -0.967147 -0.000000
vn -0.198590 -0.980083 -0.000000
vn -0.198590 -0.980083 -0.000000
vn -0.142315 -0.989821 -0.000000
vn -0.142315 -0.989821 -0.000000
vn -0.085575 -0.996332 -0.000000
vn -0.085575 -0.996332 -0.000000
vn -0.028556 -0.999592 -0.000000
vn -0.028556 -0.999592 -0.000000
vn 0.028556 -0.999592 0.000000
vn 0.028556 -0.999592 0.000000
vn 0.085575 -0.996332 0.000000
vn 0.085575 -0.996332 0.000000
vn 0.142315 -0.989821 0.000000
vn 0.142315 -0.989821 0.000000
vn 0.198590 -0.980083 0.000000
vn 0.198590 -0.980083 0.000000
vn 0.254218 -0.967147 0.000000
vn 0.254218 -0.967147 0.000000
vn 0.309017 -0.951057 0.000000
vn 0.309017 -0.951057 0.000000
vn 0.362808 -0.931864 0.000000
vn 0.362808 -0.931864 0.000000
vn 0.415415 -0.909632 0.000000
vn 0.415415 -0.909632 0.000000
vn 0.466667 -0.884433 0.000000
vn 0.466667 -0.884433 0.000000
vn 0.516397 -0.856349 0.000000
vn 0.516397 -0.856349 0.000000
vn 0.564443 -0.825472 0.000000
vn 0.564443 -0.825472 0.000000
vn 0.610648 -0.791902 0.000000
vn 0.610648 -0.791902 0.000000
vn 0.654861 -0.755750 0.000000
vn 0.654861 -0.755750 0.000000
vn 0.696938 -0.717132 0.000000
vn 0.696938 -0.717132 0.000000
vn 0.736741 -0.676175 0.000000
vn 0.736741 -0.676175 0.000000
vn 0.774142 -0.633012 0.000000
vn 0.774142 -0.633012 0.000000
vn 0.809017 -0.587785 0.000000
vn 0.809017 -0.587785 0.000000
vn 0.841254 -0.540641 0.000000
vn 0.841254 -0.540641 0.000000
vn 0.870746 -0.491733 0.000000
vn 0.870746 -0.491733 0.000000
vn 0.897398 -0.441221 0.000000
vn 0.897398 -0.441221 0.000000
vn 0.921124 -0.389270 0.000000
vn 0.921124 -0.389270 0.000000
vn 0.941844 -0.336049 0.000000
vn 0.941844 -0.336049 0.000000
vn 0.959493 -0.281733 0.000000
vn 0.959493 -0.281733 0.000000
vn 0.974012 -0.226497 0.000000
vn 0.974012 -0.226497 0.000000
vn 0.985354 -0.170522 0.000000
vn 0.985354 -0.170522 0.000000
vn 0.993482 -0.113991 0.000000
vn 0.993482 -0.113991 0.000000
vn 0.998369 -0.057089 0.000000
vn 0.998369 -0.057089 0.000000
vn 1.000000 -0.000000 0.000000
vn 1.000000 -0.000000 0.000000
vn 0.998369 0.057089 0.000000
vn 0.998369 0.057089 0.000000
vn 0.993482 0.113991 0.000000
vn 0.993482 0.113991 0.000000
vn 0.985354 0.170522 0.000000
vn 0.985354 0.170522 0.000000
vn 0.974012 0.226497 0.000000
vn 0.974012 0.226497 0.000000
vn 0.959493 0.281733 0.000000
vn 0.959493 0.281733 0.000000
vn 0.941844 0.336049 0.000000
vn 0.941844 0.336049 0.000000
vn 0.921124 0.389270 0.000000
vn 0.921124 0.389270 0.000000
vn 0.897398 0.441221 0.000000
vn 0.897398 0.441221 0.000000
vn 0.870746 0.491733 0.000000
vn 0.870746 0.491733 0.000000
vn 0.841254 0.540641 0.000000
vn 0.841254 0.540641 0.000000
vn 0.809017 0.587785 0.000000
vn 0.809017 0.587785 0.000000
vn 0.774142 0.633012 0.000000
vn 0.774142 0.633012 0.000000
vn 0.736741 0.676175 0.000000
vn 0.736741 0.676175 0.000000
vn 0.696938 0.717132 0.000000
vn 0.696938 0.717132 0.000000
vn 0.654861 0.755750 0.000000
vn 0.654861 0.755750 0.000000
vn 0.610648 0.791902 0.000000
vn 0.610648 0.791902 0.000000
vn 0.564443 0.825472 0.000000
vn 0.564443 0.825472 0.000000
vn 0.516397 0.856349 0.000000
vn 0.516397 0.856349 0.000000
vn 0.466667 0.884433 0.000000
vn 0.466667 0.884433 0.000000
vn 0.415415 0.909632 0.000000
vn 0.415415 0.909632 0.000000
vn 0.362808 0.931864 0.000000
vn 0.362808 0.931864 0.000000
vn 0.309017 0.951057 0.000000
vn 0.309017 0.951057 0.000000
vn 0.254218 0.967147 0.000000
vn 0.254218 0.967147 0.000000
vn 0.198590 0.980083 0.000000
vn 0.198590 0.980083 0.000000
vn 0.142315 0.989821 0.000000
vn 0.142315 0.989821 0.000000
vn 0.085575 0.996332 0.000000
vn 0.085575 0.996332 0.000000
vn 0.028556 0.999592 0.000000
vn 0.028556 0.999592 0.000000
vn -0.028556 0.999592 0.000000
vn -0.028556 0.999592 0.000000
vn -0.085575 0.996332 0.000000
vn -0.085575 0.996332 0.000000
vn -0.142315 0.989821 0.000000
vn -0.142315 0.989821 0.000000
vn -0.198590 0.980083 0.000000
vn -0.198590 0.980083 0.000000
vn -0.254218 0.967147 0.000000
vn -0.254218 0.967147 0.000000
vn -0.309017 0.951057 0.000000
vn -0.309017 0.951057 0.000000
vn -0.362808 0.931864 0.000000
vn -0.362808 0.931864 0.000000
vn -0.415415 0.909632 0.000000
vn -0.415415 0.909632 0.000000
vn -0.466667 0.884433 0.000000
vn -0.466667 0.884433 0.000000
vn -0.516397 0.856349 0.000000
vn -0.516397 0.856349 0.000000
vn -0.564443 0.825472 0.000000
vn -0.564443 0.825472 0.000000
vn -0.610648 0.791902 0.000000
vn -0.610648 0.791902 0.000000
vn -0.654861 0.755750 0.000000
vn -0.654861 0.755750 0.000000
vn -0.696938 0.717132 0.000000
vn -0.696938 0.717132 0.000000
vn -0.736741 0.676175 0.000000
vn -0.736741 0.676175 0.000000
vn -0.774142 0.633012 0.000000
vn -0.774142 0.633012 0.000000
vn -0.809017 0.587785 0.000000
vn -0.809017 0.587785 0.000000
vn -0.841254 0.540641 0.000000
vn -0.841254 0.540641 0.000000
vn -0.870746 0.491733 0.000000
vn -0.870746 0.491733 0.000000
vn -0.897398 0.441221 0.000000
vn -0.897398 0.441221 0.000000
vn -0.921124 0.389270 0.000000
vn -0.921124 0.389270 0.000000
vn -0.941844 0.336049 0.000000
vn -0.941844 0.336049 0.000000
vn -0.959493 0.281733 0.000000
vn -0.959493 0.281733 0.000000
vn -0.974012 0.226497 0.000000
vn -0.974012 0.226497 0.000000
vn -0.985354 0.170522 0.000000
vn -0.985354 0.170522 0.000000
vn -0.993482 0.113991 0.000000
vn -0.993482 0.113991 0.000000
vn 0.000000 -0.964582 0.263783
vn 0.000000 -0.964582 0.263783
vn 0.000000 0.000000 1.000000
vn 0.000000 0.000000 1.000000
vn 0.000000 0.000000 1.000000
vn 0.000000 0.000000 1.000000
vn 0.000000 0.000000 1.000000
vn 0.000000 0.000000 1.000000
vn 0.000000 0.000000 1.000000
vn 0.000000 0.000000 1.000000
vn 0.000000 0.000000 1.000000
vn 0.000000 0.000000 1.000000
vn 0.000000 0.000000 1.000000
vn 0.000000 0.000000 1.000000
vn 0.000000 0.000000 1.000000
vn 0.000000 0.000000 1.000000
vn 0.000000 0.000000 1.000000
vn 0.000000 0.000000 1.000000
vn 0.000000 0.000000 1.000000
vn 0.000000 0.000000 1.000000
vn 0.000000 0.000000 1.000000
vn 0.000000 0.000000 1.000000
vn 0.000000 0.000000 1.000000
vn 0.000000 0.000000 1.000000
vn 0.000000 0.000000 1.000000
vn 0.000000 0.000000 1.000000
vn 0.000000 0.000000 1.000000
vn 0.000000 0.000000 1.000000
vn 0.000000 0.000000 1.000000
vn 0.000000 0.000000 1.000000
vn 0.000000 0.000000 1.000000
vn 0.000000 0.000000 1.000000
vn 0.000000 0.000000 1.000000
vn 0.000000 0.000000 1.000000
vn 0.000000 0.000000 1.000000
vn 0.000000 0.000000 1.000000
vn 0.000000 0.000000 1.000000
vn 0.000000 0.000000 1.000000
vn 0.000000 0.000000 1.000000
vn 0.000000 0.000000 1.000000
vn 0.000000 0.000000 1.000000
vn 0.000000 0.000000 1.000000
vn 0.000000 0.000000 1.000000
vn 0.000000 0.000000 1.000000
vn 0.000000 0.000000 1.000000
vn 0.000000 0.000000 1.000000
vn 0.000000 0.000000 1.000000
vn 0.000000 0.000000 1.000000
vn 0.000000 0.000000 1.000000
vn 0.000000 0.000000 1.000000
vn 0.000000 0.000000 1.000000
vn 0.000000 0.000000 1.000000
vn 0.000000 0.000000 1.000000
vn 0.000000 0.000000 1.000000
vn 0.000000 0.000000 1.000000
vn 0.000000 0.000000 1.000000
vn 0.000000 0.000000 1.000000
vn 0.000000 0.000000 1.000000
vn 0.000000 0.000000 1.000000
vn 0.000000 0.000000 1.000000
vn 0.000000 0.000000 1.000000
vn 0.000000 0.000000 1.000000
vn 0.000000 0.000000 1.000000
vn 0.000000 0.000000 1.000000
vn 0.000000 0.000000 1.000000
vn 0.000000 0.000000 1.000000
vn 0.000000 0.000000 1.000000
vn 0.000000 0.000000 1.000000
vn 0.000000 0.000000 1.000000
vn 0.000000 0.000000 1.000000
vn 0.000000 0.000000 1.000000
vn 0.000000 0.000000 1.000000
vn 0.000000 0.000000 1.000000
vn 0.000000 0.000000 1.000000
vn 0.000000 0.000000 1.000000
vn 0.000000 0.000000 1.000000
vn 0.000000 0.000000 1.000000
vn 0.000000 0.000000 1.000000
vn 0.000000 0.000000 1.000000
vn 0.000000 0.000000 1.000000
vn 0.000000 0.000000 1.000000
vn 0.000000 0.000000 1.000000
vn 0.000000 0.000000 1.000000
vn 0.000000 0.000000 1.000000
vn 0.000000 0.000000 1.000000
vn 0.000000 0.000000 1.000000
vn 0.000000 0.000000 1.000000
vn 0.000000 0.000000 1.000000
vn 0.000000 0.000000 1.000000
vn 0.000000 0.000000 1.000000
vn 0.000000 0.000000 1.000000
vn 0.000000 0.000000 1.000000
vn 0.000000 0.000000 1.000000
vn 0.000000 0.000000 1.000000
vn 0.000000 0.000000 1.000000
vn 0.000000 0.000000 1.000000
vn 0.000000 0.000000 1.000000
vn 0.000000 0.000000 1.000000
vn 0.000000 0.000000 1.000000
vn 0.000000 0.000000 1.000000
vn 0.000000 0.000000 1.000000
vn 0.000000 0.000000 1.000000
vn 0.000000 0.000000 1.000000
vn 0.000000 0.000000 1.000000
vn 0.000000 0.000000 1.000000
vn 0.000000 0.000000 1.000000
vn 0.000000 0.000000 1.000000
vn 0.000000 0.000000 1.000000
vn 0.000000 0.000000 1.000000
vn 0.000000 0.000000 1.000000
vn 0.000000 0.000000 1.000000
vn 0.000000 0.000000 1.000000
vn 0.000000 0.000000 1.000000
vn 0.000000 0.000000 1.000000
vn 0.000000 0.000000 1.000000
vn 0.000000 0.000000 1.000000
vn -0.000000 0.895601 0.444858
vn -0.000000 0.895601 0.444858
vn 0.000000 -0.000000 -1.000000
vn 0.000000 -0.000000 -1.000000
vn 0.000000 -0.000000 -1.000000
vn 0.000000 -0.000000 -1.000000
vn 0.000000 -0.000000 -1.000000
vn 0.000000 -0.000000 -1.000000
vn 0.000000 -0.000000 -1.000000
vn 0.000000 -0.000000 -1.000000
vn 0.000000 -0.000000 -1.000000
vn 0.000000 -0.000000 -1.000000
vn 1.000000 0.000000 0.000000
vn 1.000000 0.000000 0.000000
vn 1.000000 0.000000 0.000000
vn 1.000000 0.000000 0.000000
vn 1.000000 0.000000 0.000000
vn 1.000000 0.000000 0.000000
vn 1.000000 0.000000 0.000000
vn 1.000000 0.000000 0.000000
vn 1.000000 0.000000 0.000000
vn 1.000000 0.000000 0.000000
vn 1.000000 0.000000 0.000000
vn 1.000000 0.000000 0.000000
vn 1.000000 0.000000 0.000000
vn 1.000000 0.000000 0.000000
vn 1.000000 0.000000 0.000000
vn 1.000000 0.000000 0.000000
vn 1.000000 0.000000 0.000000
vn 1.000000 0.000000 0.000000
vn 1.000000 0.000000 0.000000
vn 1.000000 0.000000 0.000000
vn 1.000000 0.000000 0.000000
vn 1.000000 0.000000 0.000000
vn 1.000000 0.000000 0.000000
vn 1.000000 0.000000 0.000000
vn 1.000000 0.000000 0.000000
vn 1.000000 0.000000 0.000000
vn 1.000000 0.000000 0.000000
vn 1.000000 0.000000 0.000000
vn 1.000000 0.000000 0.000000
vn 1.000000 0.000000 0.000000
vn 1.000000 0.000000 0.000000
vn 1.000000 0.000000 0.000000
vn 1.000000 0.000000 0.000000
vn 1.000000 0.000000 0.000000
vn 1.000000 0.000000 0.000000
vn 1.000000 0.000000 0.000000
vn 1.000000 0.000000 0.000000
vn 1.000000 0.000000 0.000000
vn -1.000000 -0.000000 -0.000000
vn -1.000000 -0.000000 -0.000000
vn -1.000000 -0.000000 -0.000000
vn -1.000000 -0.000000 -0.000000
vn -1.000000 -0.000000 -0.000000
vn -1.000000 -0.000000 -0.000000
vn -1.000000 -0.000000 -0.000000
vn -1.000000 -0.000000 -0.000000
vn -1.000000 -0.000000 -0.000000
vn -1.000000 -0.000000 -0.000000
vn -1.000000 -0.000000 -0.000000
vn -1.000000 -0.000000 -0.000000
vn -1.000000 -0.000000 -0.000000
vn -1.000000 -0.000000 -0.000000
vn -1.000000 -0.000000 -0.000000
vn -1.000000 -0.000000 -0.000000
vn -1.000000 -0.000000 -0.000000
vn -1.000000 -0.000000 -0.000000
vn -1.000000 -0.000000 -0.000000
vn -1.000000 -0.000000 -0.000000
vn -1.000000 -0.000000 -0.000000
vn -1.000000 -0.000000 -0.000000
vn -1.000000 -0.000000 -0.000000
vn -1.000000 -0.000000 -0.000000
vn -1.000000 -0.000000 -0.000000
vn -1.000000 -0.000000 -0.000000
vn -1.000000 -0.000000 -0.000000
vn -1.000000 -0.000000 -0.000000
vn -1.000000 -0.000000 -0.000000
vn -1.000000 -0.000000 -0.000000
vn -1.000000 -0.000000 -0.000000
vn -1.000000 -0.000000 -0.000000
vn -1.000000 -0.000000 -0.000000
vn -1.000000 -0.000000 -0.000000
vn -1.000000 -0.000000 -0.000000
vn -1.000000 -0.000000 -0.000000
vn -1.000000 -0.000000 -0.000000
vn -1.000000 -0.000000 -0.000000
usemtl Steel_-_Satin
f 2/1/1 57/2/2 1/3/3
f 1/3/3 57/2/2 37/4/4
f 1/3/3 37/4/4 145/5/5
f 145/5/5 37/4/4 129/6/6
f 145/5/5 129/6/6 144/7/7
f 144/7/7 129/6/6 128/8/8
f 144/7/7 128/8/8 143/9/9
f 143/9/9 128/8/8 127/10/10
f 143/9/9 127/10/10 142/11/11
f 142/11/11 127/10/10 126/12/12
f 142/11/11 126/12/12 141/13/13
f 141/13/13 126/12/12 125/14/14
f 141/13/13 125/14/14 140/15/15
f 140/15/15 125/14/14 124/16/16
f 140/15/15 124/16/16 139/17/17
f 139/17/17 124/16/16 123/18/18
f 139/17/17 123/18/18 138/19/19
f 138/19/19 123/18/18 122/20/20
f 138/19/19 122/20/20 137/21/21
f 137/21/21 122/20/20 121/22/22
f 137/21/21 121/22/22 136/23/23
f 136/23/23 121/22/22 120/24/24
f 136/23/23 120/24/24 135/25/25
f 135/25/25 120/24/24 119/26/26
f 135/25/25 119/26/26 134/27/27
f 134/27/27 119/26/26 118/28/28
f 134/27/27 118/28/28 133/29/29
f 133/29/29 118/28/28 117/30/30
f 133/29/29 117/30/30 132/31/31
f 132/31/31 117/30/30 116/32/32
f 132/31/31 116/32/32 131/33/33
f 131/33/33 116/32/32 17/34/34
f 131/33/33 17/34/34 146/35/35
f 146/35/35 17/34/34 39/36/36
f 146/35/35 39/36/36 161/37/37
f 161/37/37 39/36/36 176/38/38
f 161/37/37 176/38/38 177/39/39
f 177/39/39 176/38/38 191/40/40
f 177/39/39 191/40/40 192/41/41
f 192/41/41 191/40/40 205/42/42
f 192/41/41 205/42/42 206/43/43
f 206/43/43 205/42/42 111/44/44
f 206/43/43 111/44/44 110/45/45
f 110/45/45 111/44/44 82/46/46
f 110/45/45 82/46/46 81/47/47
f 81/47/47 82/46/46 64/48/48
f 81/47/47 64/48/48 65/49/49
f 65/49/49 64/48/48 94/50/50
f 65/49/49 94/50/50 93/51/51
f 93/51/51 94/50/50 28/52/52
f 93/51/51 28/52/52 29/53/53
f 57/2/2 2/1/1 56/54/54
f 56/54/54 2/1/1 3/55/55
f 56/54/54 3/55/55 55/56/56
f 55/56/56 3/55/55 4/57/57
f 55/56/56 4/57/57 54/58/58
f 54/58/58 4/57/57 5/59/59
f 54/58/58 5/59/59 53/60/60
f 53/60/60 5/59/59 6/61/61
f 53/60/60 6/61/61 52/62/62
f 52/62/62 6/61/61 7/63/63
f 52/62/62 7/63/63 51/64/64
f 51/64/64 7/63/63 8/65/65
f 51/64/64 8/65/65 50/66/66
f 50/66/66 8/65/65 9/67/67
f 50/66/66 9/67/67 10/68/68
f 50/66/66 10/68/68 49/69/69
f 49/69/69 10/68/68 11/70/70
f 49/69/69 11/70/70 48/71/71
f 48/71/71 11/70/70 12/72/72
f 48/71/71 12/72/72 47/73/73
f 47/73/73 12/72/72 13/74/74
f 47/73/73 13/74/74 46/75/75
f 46/75/75 13/74/74 14/76/76
f 46/75/75 14/76/76 45/77/77
f 45/77/77 14/76/76 15/78/78
f 45/77/77 15/78/78 44/79/79
f 44/79/79 15/78/78 16/80/80
f 44/79/79 16/80/80 43/81/81
f 43/81/81 16/80/80 17/34/34
f 43/81/81 17/34/34 116/32/32
f 18/82/82 189/83/83 17/34/34
f 17/34/34 189/83/83 175/84/84
f 17/34/34 175/84/84 39/36/36
f 39/36/36 175/84/84 176/38/38
f 19/85/85 42/86/86 18/82/82
f 18/82/82 42/86/86 58/87/87
f 18/82/82 58/87/87 87/88/88
f 87/88/88 58/87/87 59/89/89
f 87/88/88 59/89/89 86/90/90
f 86/90/90 59/89/89 60/91/91
f 86/90/90 60/91/91 85/92/92
f 85/92/92 60/91/91 61/93/93
f 85/92/92 61/93/93 84/94/94
f 84/94/94 61/93/93 62/95/95
f 84/94/94 62/95/95 83/96/96
f 83/96/96 62/95/95 63/97/97
f 83/96/96 63/97/97 82/46/46
f 82/46/46 63/97/97 64/48/48
f 19/85/85 20/98/98 42/86/86
f 42/86/86 20/98/98 100/99/99
f 42/86/86 100/99/99 58/87/87
f 58/87/87 100/99/99 59/89/89
f 20/98/98 21/100/100 100/99/99
f 100/99/99 21/100/100 99/101/101
f 100/99/99 99/101/101 59/89/89
f 59/89/89 99/101/101 60/91/91
f 21/100/100 22/102/102 99/101/101
f 99/101/101 22/102/102 98/103/103
f 99/101/101 98/103/103 60/91/91
f 60/91/91 98/103/103 61/93/93
f 22/102/102 23/104/104 98/103/103
f 98/103/103 23/104/104 97/105/105
f 98/103/103 97/105/105 61/93/93
f 61/93/93 97/105/105 62/95/95
f 23/104/104 24/106/106 97/105/105
f 97/105/105 24/106/106 96/107/107
f 97/105/105 96/107/107 62/95/95
f 62/95/95 96/107/107 63/97/97
f 24/106/106 25/108/108 96/107/107
f 96/107/107 25/108/108 95/109/109
f 96/107/107 95/109/109 63/97/97
f 63/97/97 95/109/109 64/48/48
f 25/108/108 26/110/110 95/109/109
f 95/109/109 26/110/110 94/50/50
f 95/109/109 94/50/50 64/48/48
f 26/110/110 27/111/111 94/50/50
f 94/50/50 27/111/111 28/52/52
f 93/51/51 29/53/53 92/112/112
f 92/112/112 29/53/53 30/113/113
f 92/112/112 30/113/113 91/114/114
f 91/114/114 30/113/113 31/115/115
f 91/114/114 31/115/115 90/116/116
f 90/116/116 31/115/115 32/117/117
f 90/116/116 32/117/117 89/118/118
f 89/118/118 32/117/117 33/119/119
f 89/118/118 33/119/119 88/120/120
f 88/120/120 33/119/119 34/121/121
f 88/120/120 34/121/121 41/122/122
f 41/122/122 34/121/121 35/123/123
f 41/122/122 35/123/123 36/124/124
f 1/3/3 160/125/125 36/124/124
f 36/124/124 160/125/125 216/126/126
f 36/124/124 216/126/126 101/127/127
f 101/127/127 216/126/126 215/128/128
f 101/127/127 215/128/128 102/129/129
f 102/129/129 215/128/128 214/130/130
f 102/129/129 214/130/130 103/131/131
f 103/131/131 214/130/130 213/132/132
f 103/131/131 213/132/132 104/133/133
f 104/133/133 213/132/132 212/134/134
f 104/133/133 212/134/134 105/135/135
f 105/135/135 212/134/134 211/136/136
f 105/135/135 211/136/136 106/137/137
f 106/137/137 211/136/136 210/138/138
f 106/137/137 210/138/138 107/139/139
f 107/139/139 210/138/138 209/140/140
f 107/139/139 209/140/140 108/141/141
f 108/141/141 209/140/140 208/142/142
f 108/141/141 208/142/142 109/143/143
f 109/143/143 208/142/142 207/144/144
f 109/143/143 207/144/144 110/45/45
f 110/45/45 207/144/144 206/43/43
f 1/3/3 130/145/145 174/146/146
f 174/146/146 130/145/145 159/147/147
f 174/146/146 159/147/147 173/148/148
f 173/148/148 159/147/147 158/149/149
f 173/148/148 158/149/149 172/150/150
f 172/150/150 158/149/149 157/151/151
f 172/150/150 157/151/151 171/152/152
f 171/152/152 157/151/151 156/153/153
f 171/152/152 156/153/153 170/154/154
f 170/154/154 156/153/153 155/155/155
f 170/154/154 155/155/155 169/156/156
f 169/156/156 155/155/155 154/157/157
f 169/156/156 154/157/157 168/158/158
f 168/158/158 154/157/157 153/159/159
f 168/158/158 153/159/159 167/160/160
f 167/160/160 153/159/159 152/161/161
f 167/160/160 152/161/161 166/162/162
f 166/162/162 152/161/161 151/163/163
f 166/162/162 151/163/163 165/164/164
f 165/164/164 151/163/163 150/165/165
f 165/164/164 150/165/165 164/166/166
f 164/166/166 150/165/165 149/167/167
f 164/166/166 149/167/167 163/168/168
f 163/168/168 149/167/167 148/169/169
f 163/168/168 148/169/169 162/170/170
f 162/170/170 148/169/169 147/171/171
f 162/170/170 147/171/171 161/37/37
f 161/37/37 147/171/171 146/35/35
f 1/3/3 174/146/146 38/172/172
f 38/172/172 174/146/146 173/148/148
f 38/172/172 173/148/148 188/173/173
f 188/173/173 173/148/148 172/150/150
f 188/173/173 172/150/150 187/174/174
f 187/174/174 172/150/150 171/152/152
f 187/174/174 171/152/152 186/175/175
f 186/175/175 171/152/152 170/154/154
f 186/175/175 170/154/154 185/176/176
f 185/176/176 170/154/154 169/156/156
f 185/176/176 169/156/156 184/177/177
f 184/177/177 169/156/156 168/158/158
f 184/177/177 168/158/158 183/178/178
f 183/178/178 168/158/158 167/160/160
f 183/178/178 167/160/160 182/179/179
f 182/179/179 167/160/160 166/162/162
f 182/179/179 166/162/162 181/180/180
f 181/180/180 166/162/162 165/164/164
f 181/180/180 165/164/164 180/181/181
f 180/181/181 165/164/164 164/166/166
f 180/181/181 164/166/166 179/182/182
f 179/182/182 164/166/166 163/168/168
f 179/182/182 163/168/168 178/183/183
f 178/183/183 163/168/168 162/170/170
f 178/183/183 162/170/170 177/39/39
f 177/39/39 162/170/170 161/37/37
f 40/184/184 18/82/82 115/185/185
f 115/185/185 18/82/82 87/88/88
f 115/185/185 87/88/88 86/90/90
f 36/124/124 73/186/186 72/187/187
f 72/187/187 73/186/186 74/188/188
f 72/187/187 74/188/188 71/189/189
f 71/189/189 74/188/188 75/190/190
f 71/189/189 75/190/190 70/191/191
f 70/191/191 75/190/190 76/192/192
f 70/191/191 76/192/192 69/193/193
f 69/193/193 76/192/192 77/194/194
f 69/193/193 77/194/194 68/195/195
f 68/195/195 77/194/194 78/196/196
f 68/195/195 78/196/196 67/197/197
f 67/197/197 78/196/196 79/198/198
f 67/197/197 79/198/198 66/199/199
f 66/199/199 79/198/198 80/200/200
f 66/199/199 80/200/200 65/49/49
f 65/49/49 80/200/200 81/47/47
f 36/124/124 72/187/187 41/122/122
f 41/122/122 72/187/187 71/189/189
f 41/122/122 71/189/189 88/120/120
f 88/120/120 71/189/189 70/191/191
f 88/120/120 70/191/191 89/118/118
f 89/118/118 70/191/191 69/193/193
f 89/118/118 69/193/193 90/116/116
f 90/116/116 69/193/193 68/195/195
f 90/116/116 68/195/195 91/114/114
f 91/114/114 68/195/195 67/197/197
f 91/114/114 67/197/197 92/112/112
f 92/112/112 67/197/197 66/199/199
f 92/112/112 66/199/199 93/51/51
f 93/51/51 66/199/199 65/49/49
f 116/32/32 117/30/30 43/81/81
f 43/81/81 117/30/30 44/79/79
f 117/30/30 118/28/28 44/79/79
f 44/79/79 118/28/28 45/77/77
f 118/28/28 119/26/26 45/77/77
f 45/77/77 119/26/26 46/75/75
f 119/26/26 120/24/24 46/75/75
f 46/75/75 120/24/24 47/73/73
f 120/24/24 121/22/22 47/73/73
f 47/73/73 121/22/22 48/71/71
f 121/22/22 122/20/20 48/71/71
f 48/71/71 122/20/20 49/69/69
f 122/20/20 123/18/18 49/69/69
f 49/69/69 123/18/18 50/66/66
f 123/18/18 124/16/16 50/66/66
f 50/66/66 124/16/16 51/64/64
f 124/16/16 125/14/14 51/64/64
f 51/64/64 125/14/14 52/62/62
f 125/14/14 126/12/12 52/62/62
f 52/62/62 126/12/12 53/60/60
f 126/12/12 127/10/10 53/60/60
f 53/60/60 127/10/10 54/58/58
f 127/10/10 128/8/8 54/58/58
f 54/58/58 128/8/8 55/56/56
f 37/4/4 57/2/2 56/54/54
f 128/8/8 129/6/6 55/56/56
f 55/56/56 129/6/6 56/54/54
f 130/145/145 1/3/3 145/5/5
f 129/6/6 37/4/4 56/54/54
f 36/124/124 101/127/127 73/186/186
f 73/186/186 101/127/127 102/129/129
f 73/186/186 102/129/129 74/188/188
f 74/188/188 102/129/129 103/131/131
f 74/188/188 103/131/131 75/190/190
f 75/190/190 103/131/131 104/133/133
f 75/190/190 104/133/133 76/192/192
f 76/192/192 104/133/133 105/135/135
f 76/192/192 105/135/135 77/194/194
f 77/194/194 105/135/135 106/137/137
f 77/194/194 106/137/137 78/196/196
f 78/196/196 106/137/137 107/139/139
f 78/196/196 107/139/139 79/198/198
f 79/198/198 107/139/139 108/141/141
f 79/198/198 108/141/141 80/200/200
f 80/200/200 108/141/141 109/143/143
f 80/200/200 109/143/143 81/47/47
f 81/47/47 109/143/143 110/45/45
f 82/46/46 111/44/44 83/96/96
f 83/96/96 111/44/44 112/201/201
f 83/96/96 112/201/201 84/94/94
f 84/94/94 112/201/201 113/202/202
f 84/94/94 113/202/202 85/92/92
f 85/92/92 113/202/202 114/203/203
f 85/92/92 114/203/203 86/90/90
f 86/90/90 114/203/203 115/185/185
f 111/44/44 205/42/42 112/201/201
f 112/201/201 205/42/42 204/204/204
f 112/201/201 204/204/204 113/202/202
f 113/202/202 204/204/204 203/205/205
f 113/202/202 203/205/205 114/203/203
f 114/203/203 203/205/205 40/184/184
f 114/203/203 40/184/184 115/185/185
f 18/82/82 40/184/184 189/83/83
f 189/83/83 40/184/184 203/205/205
f 189/83/83 203/205/205 190/206/206
f 190/206/206 203/205/205 204/204/204
f 190/206/206 204/204/204 191/40/40
f 191/40/40 204/204/204 205/42/42
f 146/35/35 147/171/171 131/33/33
f 131/33/33 147/171/171 132/31/31
f 147/171/171 148/169/169 132/31/31
f 132/31/31 148/169/169 133/29/29
f 148/169/169 149/167/167 133/29/29
f 133/29/29 149/167/167 134/27/27
f 149/167/167 150/165/165 134/27/27
f 134/27/27 150/165/165 135/25/25
f 150/165/165 151/163/163 135/25/25
f 135/25/25 151/163/163 136/23/23
f 151/163/163 152/161/161 136/23/23
f 136/23/23 152/161/161 137/21/21
f 152/161/161 153/159/159 137/21/21
f 137/21/21 153/159/159 138/19/19
f 153/159/159 154/157/157 138/19/19
f 138/19/19 154/157/157 139/17/17
f 154/157/157 155/155/155 139/17/17
f 139/17/17 155/155/155 140/15/15
f 155/155/155 156/153/153 140/15/15
f 140/15/15 156/153/153 141/13/13
f 156/153/153 157/151/151 141/13/13
f 141/13/13 157/151/151 142/11/11
f 157/151/151 158/149/149 142/11/11
f 142/11/11 158/149/149 143/9/9
f 130/145/145 145/5/5 144/7/7
f 158/149/149 159/147/147 143/9/9
f 143/9/9 159/147/147 144/7/7
f 1/3/3 38/172/172 160/125/125
f 160/125/125 38/172/172 188/173/173
f 160/125/125 188/173/173 202/207/207
f 202/207/207 188/173/173 187/174/174
f 202/207/207 187/174/174 201/208/208
f 201/208/208 187/174/174 186/175/175
f 201/208/208 186/175/175 200/209/209
f 200/209/209 186/175/175 185/176/176
f 200/209/209 185/176/176 199/210/210
f 199/210/210 185/176/176 184/177/177
f 199/210/210 184/177/177 198/211/211
f 198/211/211 184/177/177 183/178/178
f 198/211/211 183/178/178 197/212/212
f 197/212/212 183/178/178 182/179/179
f 197/212/212 182/179/179 196/213/213
f 196/213/213 182/179/179 181/180/180
f 196/213/213 181/180/180 195/214/214
f 195/214/214 181/180/180 180/181/181
f 195/214/214 180/181/181 194/215/215
f 194/215/215 180/181/181 179/182/182
f 194/215/215 179/182/182 193/216/216
f 193/216/216 179/182/182 178/183/183
f 193/216/216 178/183/183 192/41/41
f 192/41/41 178/183/183 177/39/39
f 159/147/147 130/145/145 144/7/7
f 189/83/83 190/206/206 175/84/84
f 175/84/84 190/206/206 176/38/38
f 190/206/206 191/40/40 176/38/38
f 192/41/41 206/43/43 193/216/216
f 193/216/216 206/43/43 207/144/144
f 193/216/216 207/144/144 194/215/215
f 194/215/215 207/144/144 208/142/142
f 194/215/215 208/142/142 195/214/214
f 195/214/214 208/142/142 209/140/140
f 195/214/214 209/140/140 196/213/213
f 196/213/213 209/140/140 210/138/138
f 196/213/213 210/138/138 197/212/212
f 197/212/212 210/138/138 211/136/136
f 197/212/212 211/136/136 198/211/211
f 198/211/211 211/136/136 212/134/134
f 198/211/211 212/134/134 199/210/210
f 199/210/210 212/134/134 213/132/132
f 199/210/210 213/132/132 200/209/209
f 200/209/209 213/132/132 214/130/130
f 200/209/209 214/130/130 201/208/208
f 201/208/208 214/130/130 215/128/128
f 201/208/208 215/128/128 202/207/207
f 202/207/207 215/128/128 216/126/126
f 202/207/207 216/126/126 160/125/125
f 19/217/85 18/218/82 218/219/217
f 218/219/217 18/218/82 217/220/218
f 217/220/218 18/218/82 17/221/34
f 220/222/219 275/223/220 219/224/221
f 219/224/221 275/223/220 255/225/222
f 219/224/221 255/225/222 363/226/223
f 363/226/223 255/225/222 347/227/224
f 363/226/223 347/227/224 362/228/225
f 362/228/225 347/227/224 346/229/226
f 362/228/225 346/229/226 361/230/227
f 361/230/227 346/229/226 345/231/228
f 361/230/227 345/231/228 360/232/229
f 360/232/229 345/231/228 344/233/230
f 360/232/229 344/233/230 359/234/231
f 359/234/231 344/233/230 343/235/232
f 359/234/231 343/235/232 358/236/233
f 358/236/233 343/235/232 342/237/234
f 358/236/233 342/237/234 357/238/235
f 357/238/235 342/237/234 341/239/236
f 357/238/235 341/239/236 356/240/237
f 356/240/237 341/239/236 340/241/238
f 356/240/237 340/241/238 355/242/239
f 355/242/239 340/241/238 339/243/240
f 355/242/239 339/243/240 354/244/241
f 354/244/241 339/243/240 338/245/242
f 354/244/241 338/245/242 353/246/243
f 353/246/243 338/245/242 337/247/244
f 353/246/243 337/247/244 352/248/245
f 352/248/245 337/247/244 336/249/246
f 352/248/245 336/249/246 351/250/247
f 351/250/247 336/249/246 335/251/248
f 351/250/247 335/251/248 350/252/249
f 350/252/249 335/251/248 334/253/250
f 350/252/249 334/253/250 349/254/251
f 349/254/251 334/253/250 235/255/252
f 349/254/251 235/255/252 364/256/253
f 364/256/253 235/255/252 257/257/254
f 364/256/253 257/257/254 379/258/255
f 379/258/255 257/257/254 394/259/256
f 379/258/255 394/259/256 395/260/257
f 395/260/257 394/259/256 409/261/258
f 395/260/257 409/261/258 410/262/259
f 410/262/259 409/261/258 423/263/260
f 410/262/259 423/263/260 424/264/261
f 424/264/261 423/263/260 329/265/262
f 424/264/261 329/265/262 328/266/263
f 328/266/263 329/265/262 300/267/264
f 328/266/263 300/267/264 299/268/265
f 299/268/265 300/267/264 282/269/266
f 299/268/265 282/269/266 283/270/267
f 283/270/267 282/269/266 312/271/268
f 283/270/267 312/271/268 311/272/269
f 311/272/269 312/271/268 246/273/270
f 311/272/269 246/273/270 247/274/271
f 275/223/220 220/222/219 274/275/272
f 274/275/272 220/222/219 221/276/273
f 274/275/272 221/276/273 273/277/274
f 273/277/274 221/276/273 222/278/275
f 273/277/274 222/278/275 272/279/276
f 272/279/276 222/278/275 223/280/277
f 272/279/276 223/280/277 271/281/278
f 271/281/278 223/280/277 224/282/279
f 271/281/278 224/282/279 270/283/280
f 270/283/280 224/282/279 225/284/281
f 270/283/280 225/284/281 269/285/282
f 269/285/282 225/284/281 226/286/283
f 269/285/282 226/286/283 268/287/284
f 268/287/284 226/286/283 227/288/285
f 268/287/284 227/288/285 228/289/286
f 268/287/284 228/289/286 267/290/287
f 267/290/287 228/289/286 229/291/288
f 267/290/287 229/291/288 266/292/289
f 266/292/289 229/291/288 230/293/290
f 266/292/289 230/293/290 265/294/291
f 265/294/291 230/293/290 231/295/292
f 265/294/291 231/295/292 264/296/293
f 264/296/293 231/295/292 232/297/294
f 264/296/293 232/297/294 263/298/295
f 263/298/295 232/297/294 233/299/296
f 263/298/295 233/299/296 262/300/297
f 262/300/297 233/299/296 234/301/298
f 262/300/297 234/301/298 261/302/299
f 261/302/299 234/301/298 235/255/252
f 261/302/299 235/255/252 334/253/250
f 236/303/300 407/304/301 235/255/252
f 235/255/252 407/304/301 393/305/302
f 235/255/252 393/305/302 257/257/254
f 257/257/254 393/305/302 394/259/256
f 237/306/303 260/307/304 236/303/300
f 236/303/300 260/307/304 276/308/305
f 236/303/300 276/308/305 305/309/306
f 305/309/306 276/308/305 277/310/307
f 305/309/306 277/310/307 304/311/308
f 304/311/308 277/310/307 278/312/309
f 304/311/308 278/312/309 303/313/310
f 303/313/310 278/312/309 279/314/311
f 303/313/310 279/314/311 302/315/312
f 302/315/312 279/314/311 280/316/313
f 302/315/312 280/316/313 301/317/314
f 301/317/314 280/316/313 281/318/315
f 301/317/314 281/318/315 300/267/264
f 300/267/264 281/318/315 282/269/266
f 237/306/303 238/319/316 260/307/304
f 260/307/304 238/319/316 318/320/317
f 260/307/304 318/320/317 276/308/305
f 276/308/305 318/320/317 277/310/307
f 238/319/316 239/321/318 318/320/317
f 318/320/317 239/321/318 317/322/319
f 318/320/317 317/322/319 277/310/307
f 277/310/307 317/322/319 278/312/309
f 239/321/318 240/323/320 317/322/319
f 317/322/319 240/323/320 316/324/321
f 317/322/319 316/324/321 278/312/309
f 278/312/309 316/324/321 279/314/311
f 240/323/320 241/325/322 316/324/321
f 316/324/321 241/325/322 315/326/323
f 316/324/321 315/326/323 279/314/311
f 279/314/311 315/326/323 280/316/313
f 241/325/322 242/327/324 315/326/323
f 315/326/323 242/327/324 314/328/325
f 315/326/323 314/328/325 280/316/313
f 280/316/313 314/328/325 281/318/315
f 242/327/324 243/329/326 314/328/325
f 314/328/325 243/329/326 313/330/327
f 314/328/325 313/330/327 281/318/315
f 281/318/315 313/330/327 282/269/266
f 243/329/326 244/331/328 313/330/327
f 313/330/327 244/331/328 312/271/268
f 313/330/327 312/271/268 282/269/266
f 244/331/328 245/332/329 312/271/268
f 312/271/268 245/332/329 246/273/270
f 311/272/269 247/274/271 310/333/330
f 310/333/330 247/274/271 248/334/331
f 310/333/330 248/334/331 309/335/332
f 309/335/332 248/334/331 249/336/333
f 309/335/332 249/336/333 308/337/334
f 308/337/334 249/336/333 250/338/335
f 308/337/334 250/338/335 307/339/336
f 307/339/336 250/338/335 251/340/337
f 307/339/336 251/340/337 306/341/338
f 306/341/338 251/340/337 252/342/339
f 306/341/338 252/342/339 259/343/340
f 259/343/340 252/342/339 253/344/341
f 259/343/340 253/344/341 254/345/342
f 219/224/221 378/346/343 254/345/342
f 254/345/342 378/346/343 434/347/344
f 254/345/342 434/347/344 319/348/345
f 319/348/345 434/347/344 433/349/346
f 319/348/345 433/349/346 320/350/347
f 320/350/347 433/349/346 432/351/348
f 320/350/347 432/351/348 321/352/349
f 321/352/349 432/351/348 431/353/350
f 321/352/349 431/353/350 322/354/351
f 322/354/351 431/353/350 430/355/352
f 322/354/351 430/355/352 323/356/353
f 323/356/353 430/355/352 429/357/354
f 323/356/353 429/357/354 324/358/355
f 324/358/355 429/357/354 428/359/356
f 324/358/355 428/359/356 325/360/357
f 325/360/357 428/359/356 427/361/358
f 325/360/357 427/361/358 326/362/359
f 326/362/359 427/361/358 426/363/360
f 326/362/359 426/363/360 327/364/361
f 327/364/361 426/363/360 425/365/362
f 327/364/361 425/365/362 328/266/263
f 328/266/263 425/365/362 424/264/261
f 219/224/221 348/366/363 392/367/364
f 392/367/364 348/366/363 377/368/365
f 392/367/364 377/368/365 391/369/366
f 391/369/366 377/368/365 376/370/367
f 391/369/366 376/370/367 390/371/368
f 390/371/368 376/370/367 375/372/369
f 390/371/368 375/372/369 389/373/370
f 389/373/370 375/372/369 374/374/371
f 389/373/370 374/374/371 388/375/372
f 388/375/372 374/374/371 373/376/373
f 388/375/372 373/376/373 387/377/374
f 387/377/374 373/376/373 372/378/375
f 387/377/374 372/378/375 386/379/376
f 386/379/376 372/378/375 371/380/377
f 386/379/376 371/380/377 385/381/378
f 385/381/378 371/380/377 370/382/379
f 385/381/378 370/382/379 384/383/380
f 384/383/380 370/382/379 369/384/381
f 384/383/380 369/384/381 383/385/382
f 383/385/382 369/384/381 368/386/383
f 383/385/382 368/386/383 382/387/384
f 382/387/384 368/386/383 367/388/385
f 382/387/384 367/388/385 381/389/386
f 381/389/386 367/388/385 366/390/387
f 381/389/386 366/390/387 380/391/388
f 380/391/388 366/390/387 365/392/389
f 380/391/388 365/392/389 379/258/255
f 379/258/255 365/392/389 364/256/253
f 219/224/221 392/367/364 256/393/390
f 256/393/390 392/367/364 391/369/366
f 256/393/390 391/369/366 406/394/391
f 406/394/391 391/369/366 390/371/368
f 406/394/391 390/371/368 405/395/392
f 405/395/392 390/371/368 389/373/370
f 405/395/392 389/373/370 404/396/393
f 404/396/393 389/373/370 388/375/372
f 404/396/393 388/375/372 403/397/394
f 403/397/394 388/375/372 387/377/374
f 403/397/394 387/377/374 402/398/395
f 402/398/395 387/377/374 386/379/376
f 402/398/395 386/379/376 401/399/396
f 401/399/396 386/379/376 385/381/378
f 401/399/396 385/381/378 400/400/397
f 400/400/397 385/381/378 384/383/380
f 400/400/397 384/383/380 399/401/398
f 399/401/398 384/383/380 383/385/382
f 399/401/398 383/385/382 398/402/399
f 398/402/399 383/385/382 382/387/384
f 398/402/399 382/387/384 397/403/400
f 397/403/400 382/387/384 381/389/386
f 397/403/400 381/389/386 396/404/401
f 396/404/401 381/389/386 380/391/388
f 396/404/401 380/391/388 395/260/257
f 395/260/257 380/391/388 379/258/255
f 258/405/402 236/303/300 333/406/403
f 333/406/403 236/303/300 305/309/306
f 333/406/403 305/309/306 304/311/308
f 254/345/342 291/407/404 290/408/405
f 290/408/405 291/407/404 292/409/406
f 290/408/405 292/409/406 289/410/407
f 289/410/407 292/409/406 293/411/408
f 289/410/407 293/411/408 288/412/409
f 288/412/409 293/411/408 294/413/410
f 288/412/409 294/413/410 287/414/411
f 287/414/411 294/413/410 295/415/412
f 287/414/411 295/415/412 286/416/413
f 286/416/413 295/415/412 296/417/414
f 286/416/413 296/417/414 285/418/415
f 285/418/415 296/417/414 297/419/416
f 285/418/415 297/419/416 284/420/417
f 284/420/417 297/419/416 298/421/418
f 284/420/417 298/421/418 283/270/267
f 283/270/267 298/421/418 299/268/265
f 254/345/342 290/408/405 259/343/340
f 259/343/340 290/408/405 289/410/407
f 259/343/340 289/410/407 306/341/338
f 306/341/338 289/410/407 288/412/409
f 306/341/338 288/412/409 307/339/336
f 307/339/336 288/412/409 287/414/411
f 307/339/336 287/414/411 308/337/334
f 308/337/334 287/414/411 286/416/413
f 308/337/334 286/416/413 309/335/332
f 309/335/332 286/416/413 285/418/415
f 309/335/332 285/418/415 310/333/330
f 310/333/330 285/418/415 284/420/417
f 310/333/330 284/420/417 311/272/269
f 311/272/269 284/420/417 283/270/267
f 334/253/250 335/251/248 261/302/299
f 261/302/299 335/251/248 262/300/297
f 335/251/248 336/249/246 262/300/297
f 262/300/297 336/249/246 263/298/295
f 336/249/246 337/247/244 263/298/295
f 263/298/295 337/247/244 264/296/293
f 337/247/244 338/245/242 264/296/293
f 264/296/293 338/245/242 265/294/291
f 338/245/242 339/243/240 265/294/291
f 265/294/291 339/243/240 266/292/289
f 339/243/240 340/241/238 266/292/289
f 266/292/289 340/241/238 267/290/287
f 340/241/238 341/239/236 267/290/287
f 267/290/287 341/239/236 268/287/284
f 341/239/236 342/237/234 268/287/284
f 268/287/284 342/237/234 269/285/282
f 342/237/234 343/235/232 269/285/282
f 269/285/282 343/235/232 270/283/280
f 343/235/232 344/233/230 270/283/280
f 270/283/280 344/233/230 271/281/278
f 344/233/230 345/231/228 271/281/278
f 271/281/278 345/231/228 272/279/276
f 345/231/228 346/229/226 272/279/276
f 272/279/276 346/229/226 273/277/274
f 255/225/222 275/223/220 274/275/272
f 346/229/226 347/227/224 273/277/274
f 273/277/274 347/227/224 274/275/272
f 348/366/363 219/224/221 363/226/223
f 347/227/224 255/225/222 274/275/272
f 254/345/342 319/348/345 291/407/404
f 291/407/404 319/348/345 320/350/347
f 291/407/404 320/350/347 292/409/406
f 292/409/406 320/350/347 321/352/349
f 292/409/406 321/352/349 293/411/408
f 293/411/408 321/352/349 322/354/351
f 293/411/408 322/354/351 294/413/410
f 294/413/410 322/354/351 323/356/353
f 294/413/410 323/356/353 295/415/412
f 295/415/412 323/356/353 324/358/355
f 295/415/412 324/358/355 296/417/414
f 296/417/414 324/358/355 325/360/357
f 296/417/414 325/360/357 297/419/416
f 297/419/416 325/360/357 326/362/359
f 297/419/416 326/362/359 298/421/418
f 298/421/418 326/362/359 327/364/361
f 298/421/418 327/364/361 299/268/265
f 299/268/265 327/364/361 328/266/263
f 300/267/264 329/265/262 301/317/314
f 301/317/314 329/265/262 330/422/419
f 301/317/314 330/422/419 302/315/312
f 302/315/312 330/422/419 331/423/420
f 302/315/312 331/423/420 303/313/310
f 303/313/310 331/423/420 332/424/421
f 303/313/310 332/424/421 304/311/308
f 304/311/308 332/424/421 333/406/403
f 329/265/262 423/263/260 330/422/419
f 330/422/419 423/263/260 422/425/422
f 330/422/419 422/425/422 331/423/420
f 331/423/420 422/425/422 421/426/423
f 331/423/420 421/426/423 332/424/421
f 332/424/421 421/426/423 258/405/402
f 332/424/421 258/405/402 333/406/403
f 236/303/300 258/405/402 407/304/301
f 407/304/301 258/405/402 421/426/423
f 407/304/301 421/426/423 408/427/424
f 408/427/424 421/426/423 422/425/422
f 408/427/424 422/425/422 409/261/258
f 409/261/258 422/425/422 423/263/260
f 364/256/253 365/392/389 349/254/251
f 349/254/251 365/392/389 350/252/249
f 365/392/389 366/390/387 350/252/249
f 350/252/249 366/390/387 351/250/247
f 366/390/387 367/388/385 351/250/247
f 351/250/247 367/388/385 352/248/245
f 367/388/385 368/386/383 352/248/245
f 352/248/245 368/386/383 353/246/243
f 368/386/383 369/384/381 353/246/243
f 353/246/243 369/384/381 354/244/241
f 369/384/381 370/382/379 354/244/241
f 354/244/241 370/382/379 355/242/239
f 370/382/379 371/380/377 355/242/239
f 355/242/239 371/380/377 356/240/237
f 371/380/377 372/378/375 356/240/237
f 356/240/237 372/378/375 357/238/235
f 372/378/375 373/376/373 357/238/235
f 357/238/235 373/376/373 358/236/233
f 373/376/373 374/374/371 358/236/233
f 358/236/233 374/374/371 359/234/231
f 374/374/371 375/372/369 359/234/231
f 359/234/231 375/372/369 360/232/229
f 375/372/369 376/370/367 360/232/229
f 360/232/229 376/370/367 361/230/227
f 348/366/363 363/226/223 362/228/225
f 376/370/367 377/368/365 361/230/227
f 361/230/227 377/368/365 362/228/225
f 219/224/221 256/393/390 378/346/343
f 378/346/343 256/393/390 406/394/391
f 378/346/343 406/394/391 420/428/425
f 420/428/425 406/394/391 405/395/392
f 420/428/425 405/395/392 419/429/426
f 419/429/426 405/395/392 404/396/393
f 419/429/426 404/396/393 418/430/427
f 418/430/427 404/396/393 403/397/394
f 418/430/427 403/397/394 417/431/428
f 417/431/428 403/397/394 402/398/395
f 417/431/428 402/398/395 416/432/429
f 416/432/429 402/398/395 401/399/396
f 416/432/429 401/399/396 415/433/430
f 415/433/430 401/399/396 400/400/397
f 415/433/430 400/400/397 414/434/431
f 414/434/431 400/400/397 399/401/398
f 414/434/431 399/401/398 413/435/432
f 413/435/432 399/401/398 398/402/399
f 413/435/432 398/402/399 412/436/433
f 412/436/433 398/402/399 397/403/400
f 412/436/433 397/403/400 411/437/434
f 411/437/434 397/403/400 396/404/401
f 411/437/434 396/404/401 410/262/259
f 410/262/259 396/404/401 395/260/257
f 377/368/365 348/366/363 362/228/225
f 407/304/301 408/427/424 393/305/302
f 393/305/302 408/427/424 394/259/256
f 408/427/424 409/261/258 394/259/256
f 410/262/259 424/264/261 411/437/434
f 411/437/434 424/264/261 425/365/362
f 411/437/434 425/365/362 412/436/433
f 412/436/433 425/365/362 426/363/360
f 412/436/433 426/363/360 413/435/432
f 413/435/432 426/363/360 427/361/358
f 413/435/432 427/361/358 414/434/431
f 414/434/431 427/361/358 428/359/356
f 414/434/431 428/359/356 415/433/430
f 415/433/430 428/359/356 429/357/354
f 415/433/430 429/357/354 416/432/429
f 416/432/429 429/357/354 430/355/352
f 416/432/429 430/355/352 417/431/428
f 417/431/428 430/355/352 431/353/350
f 417/431/428 431/353/350 418/430/427
f 418/430/427 431/353/350 432/351/348
f 418/430/427 432/351/348 419/429/426
f 419/429/426 432/351/348 433/349/346
f 419/429/426 433/349/346 420/428/425
f 420/428/425 433/349/346 434/347/344
f 420/428/425 434/347/344 378/346/343
f 237/438/303 236/439/300 436/440/435
f 436/440/435 236/439/300 435/441/436
f 435/441/436 236/439/300 235/442/252
f 437/443/437 438/444/438 440/445/439
f 440/445/439 438/444/438 439/446/440
f 438/447/441 441/448/442 439/449/443
f 439/449/443 441/448/442 442/450/444
f 441/451/445 443/452/446 442/453/447
f 442/453/447 443/452/446 444/454/448
f 443/455/449 445/456/450 444/457/451
f 444/457/451 445/456/450 446/458/452
f 445/459/453 447/460/454 446/461/455
f 446/461/455 447/460/454 448/462/456
f 447/463/457 437/464/458 448/465/459
f 448/465/459 437/464/458 440/466/460
f 558/467/461 449/468/462 439/469/463
f 439/469/463 449/468/462 450/470/464
f 439/469/463 450/470/464 451/471/465
f 451/471/465 452/472/466 439/469/463
f 439/469/463 452/472/466 453/473/467
f 439/469/463 453/473/467 454/474/468
f 454/474/468 455/475/469 439/469/463
f 439/469/463 455/475/469 456/476/470
f 439/469/463 456/476/470 457/477/471
f 457/477/471 458/478/472 439/469/463
f 439/469/463 458/478/472 459/479/473
f 439/469/463 459/479/473 440/480/474
f 440/480/474 459/479/473 460/481/475
f 440/480/474 460/481/475 461/482/476
f 461/482/476 462/483/477 440/480/474
f 440/480/474 462/483/477 463/484/478
f 440/480/474 463/484/478 464/485/479
f 464/485/479 465/486/480 440/480/474
f 440/480/474 465/486/480 466/487/481
f 440/480/474 466/487/481 467/488/482
f 467/488/482 468/489/483 440/480/474
f 440/480/474 468/489/483 469/490/484
f 440/480/474 469/490/484 470/491/485
f 470/491/485 471/492/486 440/480/474
f 440/480/474 471/492/486 472/493/487
f 440/480/474 472/493/487 473/494/488
f 473/494/488 474/495/489 440/480/474
f 440/480/474 474/495/489 475/496/490
f 440/480/474 475/496/490 476/497/491
f 476/497/491 477/498/492 440/480/474
f 440/480/474 477/498/492 448/499/493
f 448/499/493 477/498/492 478/500/494
f 448/499/493 478/500/494 479/501/495
f 479/501/495 480/502/496 448/499/493
f 448/499/493 480/502/496 481/503/497
f 448/499/493 481/503/497 482/504/498
f 482/504/498 483/505/499 448/499/493
f 448/499/493 483/505/499 484/506/500
f 448/499/493 484/506/500 485/507/501
f 485/507/501 486/508/502 448/499/493
f 448/499/493 486/508/502 487/509/503
f 448/499/493 487/509/503 488/510/504
f 488/510/504 489/511/505 448/499/493
f 448/499/493 489/511/505 490/512/506
f 448/499/493 490/512/506 491/513/507
f 491/513/507 492/514/508 448/499/493
f 448/499/493 492/514/508 493/515/509
f 448/499/493 493/515/509 494/516/510
f 448/499/493 494/516/510 446/517/511
f 446/517/511 494/516/510 495/518/512
f 446/517/511 495/518/512 496/519/513
f 496/519/513 497/520/514 446/517/511
f 446/517/511 497/520/514 498/521/515
f 446/517/511 498/521/515 499/522/516
f 499/522/516 500/523/517 446/517/511
f 446/517/511 500/523/517 501/524/518
f 446/517/511 501/524/518 502/525/519
f 502/525/519 503/526/520 446/517/511
f 446/517/511 503/526/520 504/527/521
f 446/517/511 504/527/521 505/528/522
f 505/528/522 506/529/523 446/517/511
f 446/517/511 506/529/523 507/530/524
f 446/517/511 507/530/524 508/531/525
f 508/531/525 509/532/526 446/517/511
f 446/517/511 509/532/526 510/533/527
f 446/517/511 510/533/527 511/534/528
f 511/534/528 512/535/529 446/517/511
f 446/517/511 512/535/529 513/536/530
f 446/517/511 513/536/530 514/537/531
f 446/517/511 514/537/531 444/538/532
f 444/538/532 514/537/531 515/539/533
f 444/538/532 515/539/533 516/540/534
f 516/540/534 517/541/535 444/538/532
f 444/538/532 517/541/535 518/542/536
f 444/538/532 518/542/536 519/543/537
f 519/543/537 520/544/538 444/538/532
f 444/538/532 520/544/538 521/545/539
f 444/538/532 521/545/539 522/546/540
f 522/546/540 523/547/541 444/538/532
f 444/538/532 523/547/541 524/548/542
f 444/538/532 524/548/542 525/549/543
f 525/549/543 526/550/544 444/538/532
f 444/538/532 526/550/544 527/551/545
f 444/538/532 527/551/545 528/552/546
f 528/552/546 529/553/547 444/538/532
f 444/538/532 529/553/547 530/554/548
f 444/538/532 530/554/548 531/555/549
f 531/555/549 532/556/550 444/538/532
f 444/538/532 532/556/550 442/557/551
f 442/557/551 532/556/550 533/558/552
f 442/557/551 533/558/552 534/559/553
f 534/559/553 535/560/554 442/557/551
f 442/557/551 535/560/554 536/561/555
f 442/557/551 536/561/555 537/562/556
f 537/562/556 538/563/557 442/557/551
f 442/557/551 538/563/557 539/564/558
f 442/557/551 539/564/558 540/565/559
f 540/565/559 541/566/560 442/557/551
f 442/557/551 541/566/560 542/567/561
f 442/557/551 542/567/561 543/568/562
f 543/568/562 544/569/563 442/557/551
f 442/557/551 544/569/563 545/570/564
f 442/557/551 545/570/564 546/571/565
f 546/571/565 547/572/566 442/557/551
f 442/557/551 547/572/566 548/573/567
f 442/557/551 548/573/567 549/574/568
f 442/557/551 549/574/568 439/469/463
f 439/469/463 549/574/568 550/575/569
f 439/469/463 550/575/569 551/576/570
f 551/576/570 552/577/571 439/469/463
f 439/469/463 552/577/571 553/578/572
f 439/469/463 553/578/572 554/579/573
f 554/579/573 555/580/574 439/469/463
f 439/469/463 555/580/574 556/581/575
f 439/469/463 556/581/575 557/582/576
f 557/582/576 558/467/461 439/469/463
f 558/583/577 668/584/578 449/585/579
f 449/585/579 668/584/578 559/586/580
f 449/587/579 559/588/580 450/589/581
f 450/589/581 559/588/580 560/590/582
f 450/589/581 560/590/582 451/591/583
f 451/591/583 560/590/582 561/592/584
f 451/591/583 561/592/584 452/593/585
f 452/593/585 561/592/584 562/594/586
f 452/593/585 562/594/586 453/595/587
f 453/595/587 562/594/586 563/596/588
f 453/595/587 563/596/588 454/597/589
f 454/597/589 563/596/588 564/598/590
f 454/597/589 564/598/590 455/599/591
f 455/599/591 564/598/590 565/600/592
f 455/599/591 565/600/592 456/601/593
f 456/601/593 565/600/592 566/602/594
f 456/601/593 566/602/594 457/603/595
f 457/603/595 566/602/594 567/604/596
f 457/603/595 567/604/596 458/605/597
f 458/605/597 567/604/596 568/606/598
f 458/605/597 568/606/598 459/607/599
f 459/607/599 568/606/598 569/608/600
f 459/607/599 569/608/600 460/609/601
f 460/609/601 569/608/600 570/610/602
f 460/609/601 570/610/602 461/611/603
f 461/611/603 570/610/602 571/612/604
f 461/611/603 571/612/604 462/613/605
f 462/613/605 571/612/604 572/614/606
f 462/613/605 572/614/606 463/615/607
f 463/615/607 572/614/606 573/616/608
f 463/615/607 573/616/608 464/617/609
f 464/617/609 573/616/608 574/618/610
f 464/617/609 574/618/610 465/619/611
f 465/619/611 574/618/610 575/620/612
f 465/619/611 575/620/612 466/621/613
f 466/621/613 575/620/612 576/622/614
f 466/621/613 576/622/614 467/623/615
f 467/623/615 576/622/614 577/624/616
f 467/623/615 577/624/616 468/625/617
f 468/625/617 577/624/616 578/626/618
f 468/625/617 578/626/618 469/627/619
f 469/627/619 578/626/618 579/628/620
f 469/627/619 579/628/620 470/629/621
f 470/629/621 579/628/620 580/630/622
f 470/629/621 580/630/622 471/631/623
f 471/631/623 580/630/622 581/632/624
f 471/631/623 581/632/624 472/633/625
f 472/633/625 581/632/624 582/634/626
f 472/633/625 582/634/626 473/635/627
f 473/635/627 582/634/626 583/636/628
f 473/635/627 583/636/628 474/637/629
f 474/637/629 583/636/628 584/638/630
f 474/637/629 584/638/630 475/639/631
f 475/639/631 584/638/630 585/640/632
f 475/639/631 585/640/632 476/641/633
f 476/641/633 585/640/632 586/642/634
f 476/641/633 586/642/634 477/643/635
f 477/643/635 586/642/634 587/644/636
f 477/643/635 587/644/636 478/645/637
f 478/645/637 587/644/636 588/646/638
f 478/645/637 588/646/638 479/647/639
f 479/647/639 588/646/638 589/648/640
f 479/647/639 589/648/640 480/649/641
f 480/649/641 589/648/640 590/650/642
f 480/649/641 590/650/642 481/651/643
f 481/651/643 590/650/642 591/652/644
f 481/651/643 591/652/644 482/653/645
f 482/653/645 591/652/644 592/654/646
f 482/653/645 592/654/646 483/655/647
f 483/655/647 592/654/646 593/656/648
f 483/655/647 593/656/648 484/657/649
f 484/657/649 593/656/648 594/658/650
f 484/657/649 594/658/650 485/659/651
f 485/659/651 594/658/650 595/660/652
f 485/659/651 595/660/652 486/661/653
f 486/661/653 595/660/652 596/662/654
f 486/661/653 596/662/654 487/663/655
f 487/663/655 596/662/654 597/664/656
f 487/663/655 597/664/656 488/665/657
f 488/665/657 597/664/656 598/666/658
f 488/665/657 598/666/658 489/667/659
f 489/667/659 598/666/658 599/668/660
f 489/667/659 599/668/660 490/669/661
f 490/669/661 599/668/660 600/670/662
f 490/669/661 600/670/662 491/671/663
f 491/671/663 600/670/662 601/672/664
f 491/671/663 601/672/664 492/673/665
f 492/673/665 601/672/664 602/674/666
f 492/673/665 602/674/666 493/675/667
f 493/675/667 602/674/666 603/676/668
f 493/675/667 603/676/668 494/677/669
f 494/677/669 603/676/668 604/678/670
f 494/677/669 604/678/670 495/679/671
f 495/679/671 604/678/670 605/680/672
f 495/679/671 605/680/672 496/681/673
f 496/681/673 605/680/672 606/682/674
f 496/681/673 606/682/674 497/683/675
f 497/683/675 606/682/674 607/684/676
f 497/683/675 607/684/676 498/685/677
f 498/685/677 607/684/676 608/686/678
f 498/685/677 608/686/678 499/687/679
f 499/687/679 608/686/678 609/688/680
f 499/687/679 609/688/680 500/689/681
f 500/689/681 609/688/680 610/690/682
f 500/689/681 610/690/682 501/691/683
f 501/691/683 610/690/682 611/692/684
f 501/691/683 611/692/684 502/693/685
f 502/693/685 611/692/684 612/694/686
f 502/693/685 612/694/686 503/695/687
f 503/695/687 612/694/686 613/696/688
f 503/695/687 613/696/688 504/697/689
f 504/697/689 613/696/688 614/698/690
f 504/697/689 614/698/690 505/699/691
f 505/699/691 614/698/690 615/700/692
f 505/699/691 615/700/692 506/701/693
f 506/701/693 615/700/692 616/702/694
f 506/701/693 616/702/694 507/703/695
f 507/703/695 616/702/694 617/704/696
f 507/703/695 617/704/696 508/705/697
f 508/705/697 617/704/696 618/706/698
f 508/705/697 618/706/698 509/707/699
f 509/707/699 618/706/698 619/708/700
f 509/707/699 619/708/700 510/709/701
f 510/709/701 619/708/700 620/710/702
f 510/709/701 620/710/702 511/711/703
f 511/711/703 620/710/702 621/712/704
f 511/711/703 621/712/704 512/713/705
f 512/713/705 621/712/704 622/714/706
f 512/713/705 622/714/706 513/715/707
f 513/715/707 622/714/706 623/716/708
f 513/715/707 623/716/708 514/717/709
f 514/717/709 623/716/708 624/718/710
f 514/717/709 624/718/710 515/719/711
f 515/719/711 624/718/710 625/720/712
f 515/719/711 625/720/712 516/721/713
f 516/721/713 625/720/712 626/722/714
f 516/721/713 626/722/714 517/723/715
f 517/723/715 626/722/714 627/724/716
f 517/723/715 627/724/716 518/725/717
f 518/725/717 627/724/716 628/726/718
f 518/725/717 628/726/718 519/727/719
f 519/727/719 628/726/718 629/728/720
f 519/727/719 629/728/720 520/729/721
f 520/729/721 629/728/720 630/730/722
f 520/729/721 630/730/722 521/731/723
f 521/731/723 630/730/722 631/732/724
f 521/731/723 631/732/724 522/733/725
f 522/733/725 631/732/724 632/734/726
f 522/733/725 632/734/726 523/735/727
f 523/735/727 632/734/726 633/736/728
f 523/735/727 633/736/728 524/737/729
f 524/737/729 633/736/728 634/738/730
f 524/737/729 634/738/730 525/739/731
f 525/739/731 634/738/730 635/740/732
f 525/739/731 635/740/732 526/741/733
f 526/741/733 635/740/732 636/742/734
f 526/741/733 636/742/734 527/743/735
f 527/743/735 636/742/734 637/744/736
f 527/743/735 637/744/736 528/745/737
f 528/745/737 637/744/736 638/746/738
f 528/745/737 638/746/738 529/747/739
f 529/747/739 638/746/738 639/748/740
f 529/747/739 639/748/740 530/749/741
f 530/749/741 639/748/740 640/750/742
f 530/749/741 640/750/742 531/751/743
f 531/751/743 640/750/742 641/752/744
f 531/751/743 641/752/744 532/753/745
f 532/753/745 641/752/744 642/754/746
f 532/753/745 642/754/746 533/755/747
f 533/755/747 642/754/746 643/756/748
f 533/755/747 643/756/748 534/757/749
f 534/757/749 643/756/748 644/758/750
f 534/757/749 644/758/750 535/759/751
f 535/759/751 644/758/750 645/760/752
f 535/759/751 645/760/752 536/761/753
f 536/761/753 645/760/752 646/762/754
f 536/761/753 646/762/754 537/763/755
f 537/763/755 646/762/754 647/764/756
f 537/763/755 647/764/756 538/765/757
f 538/765/757 647/764/756 648/766/758
f 538/765/757 648/766/758 539/767/759
f 539/767/759 648/766/758 649/768/760
f 539/767/759 649/768/760 540/769/761
f 540/769/761 649/768/760 650/770/762
f 540/769/761 650/770/762 541/771/763
f 541/771/763 650/770/762 651/772/764
f 541/771/763 651/772/764 542/773/765
f 542/773/765 651/772/764 652/774/766
f 542/773/765 652/774/766 543/775/767
f 543/775/767 652/774/766 653/776/768
f 543/775/767 653/776/768 544/777/769
f 544/777/769 653/776/768 654/778/770
f 544/777/769 654/778/770 545/779/771
f 545/779/771 654/778/770 655/780/772
f 545/779/771 655/780/772 546/781/773
f 546/781/773 655/780/772 656/782/774
f 546/781/773 656/782/774 547/783/775
f 547/783/775 656/782/774 657/784/776
f 547/783/775 657/784/776 548/785/777
f 548/785/777 657/784/776 658/786/778
f 548/785/777 658/786/778 549/787/779
f 549/787/779 658/786/778 659/788/780
f 549/787/779 659/788/780 550/789/781
f 550/789/781 659/788/780 660/790/782
f 550/789/781 660/790/782 551/791/783
f 551/791/783 660/790/782 661/792/784
f 551/791/783 661/792/784 552/793/785
f 552/793/785 661/792/784 662/794/786
f 552/793/785 662/794/786 553/795/787
f 553/795/787 662/794/786 663/796/788
f 553/795/787 663/796/788 554/797/789
f 554/797/789 663/796/788 664/798/790
f 554/797/789 664/798/790 555/799/791
f 555/799/791 664/798/790 665/800/792
f 555/799/791 665/800/792 556/801/793
f 556/801/793 665/800/792 666/802/794
f 556/801/793 666/802/794 557/803/795
f 557/803/795 666/802/794 667/804/796
f 557/803/795 667/804/796 558/583/577
f 558/583/577 667/804/796 668/584/578
f 219/805/221 254/806/342 670/807/797
f 670/807/797 254/806/342 669/808/798
f 669/808/798 254/806/342 253/809/341
f 668/810/799 669/811/800 559/812/801
f 559/812/801 669/811/800 218/813/802
f 559/812/801 218/813/802 560/814/803
f 560/814/803 218/813/802 561/815/804
f 561/815/804 218/813/802 562/816/805
f 562/816/805 218/813/802 563/817/806
f 563/817/806 218/813/802 564/818/807
f 564/818/807 218/813/802 565/819/808
f 565/819/808 218/813/802 566/820/809
f 566/820/809 218/813/802 567/821/810
f 567/821/810 218/813/802 568/822/811
f 568/822/811 218/813/802 569/823/812
f 569/823/812 218/813/802 570/824/813
f 570/824/813 218/813/802 571/825/814
f 571/825/814 218/813/802 572/826/815
f 572/826/815 218/813/802 573/827/816
f 573/827/816 218/813/802 574/828/817
f 574/828/817 218/813/802 575/829/818
f 575/829/818 218/813/802 576/830/819
f 576/830/819 218/813/802 577/831/820
f 577/831/820 218/813/802 578/832/821
f 578/832/821 218/813/802 579/833/822
f 579/833/822 218/813/802 580/834/823
f 580/834/823 218/813/802 581/835/824
f 581/835/824 218/813/802 582/836/825
f 582/836/825 218/813/802 583/837/826
f 583/837/826 218/813/802 584/838/827
f 584/838/827 218/813/802 585/839/828
f 585/839/828 218/813/802 586/840/829
f 586/840/829 218/813/802 217/841/830
f 586/840/829 217/841/830 587/842/831
f 587/842/831 217/841/830 588/843/832
f 588/843/832 217/841/830 589/844/833
f 589/844/833 217/841/830 590/845/834
f 590/845/834 217/841/830 591/846/835
f 591/846/835 217/841/830 592/847/836
f 592/847/836 217/841/830 593/848/837
f 593/848/837 217/841/830 594/849/838
f 594/849/838 217/841/830 595/850/839
f 595/850/839 217/841/830 596/851/840
f 596/851/840 217/841/830 597/852/841
f 597/852/841 217/841/830 598/853/842
f 598/853/842 217/841/830 599/854/843
f 599/854/843 217/841/830 600/855/844
f 600/855/844 217/841/830 601/856/845
f 601/856/845 217/841/830 602/857/846
f 602/857/846 217/841/830 603/858/847
f 603/858/847 217/841/830 604/859/848
f 604/859/848 217/841/830 605/860/849
f 605/860/849 217/841/830 606/861/850
f 606/861/850 217/841/830 607/862/851
f 607/862/851 217/841/830 608/863/852
f 608/863/852 217/841/830 609/864/853
f 609/864/853 217/841/830 610/865/854
f 610/865/854 217/841/830 611/866/855
f 611/866/855 217/841/830 612/867/856
f 612/867/856 217/841/830 613/868/857
f 613/868/857 217/841/830 614/869/858
f 614/869/858 217/841/830 670/870/859
f 614/869/858 670/870/859 615/871/860
f 615/871/860 670/870/859 616/872/861
f 616/872/861 670/870/859 617/873/862
f 617/873/862 670/870/859 618/874/863
f 618/874/863 670/870/859 619/875/864
f 619/875/864 670/870/859 620/876/865
f 620/876/865 670/870/859 621/877/866
f 621/877/866 670/870/859 622/878/867
f 622/878/867 670/870/859 623/879/868
f 623/879/868 670/870/859 624/880/869
f 624/880/869 670/870/859 625/881/870
f 625/881/870 670/870/859 626/882/871
f 626/882/871 670/870/859 627/883/872
f 627/883/872 670/870/859 628/884/873
f 628/884/873 670/870/859 629/885/874
f 629/885/874 670/870/859 630/886/875
f 630/886/875 670/870/859 631/887/876
f 631/887/876 670/870/859 632/888/877
f 632/888/877 670/870/859 633/889/878
f 633/889/878 670/870/859 634/890/879
f 634/890/879 670/870/859 635/891/880
f 635/891/880 670/870/859 636/892/881
f 636/892/881 670/870/859 637/893/882
f 637/893/882 670/870/859 638/894/883
f 638/894/883 670/870/859 639/895/884
f 639/895/884 670/870/859 640/896/885
f 640/896/885 670/870/859 641/897/886
f 641/897/886 670/870/859 642/898/887
f 642/898/887 670/870/859 669/811/800
f 642/898/887 669/811/800 643/899/888
f 643/899/888 669/811/800 644/900/889
f 644/900/889 669/811/800 645/901/890
f 645/901/890 669/811/800 646/902/891
f 646/902/891 669/811/800 647/903/892
f 647/903/892 669/811/800 648/904/893
f 648/904/893 669/811/800 649/905/894
f 649/905/894 669/811/800 650/906/895
f 650/906/895 669/811/800 651/907/896
f 651/907/896 669/811/800 652/908/897
f 652/908/897 669/811/800 653/909/898
f 653/909/898 669/811/800 654/910/899
f 654/910/899 669/811/800 655/911/900
f 655/911/900 669/811/800 656/912/901
f 656/912/901 669/811/800 657/913/902
f 657/913/902 669/811/800 658/914/903
f 658/914/903 669/811/800 659/915/904
f 659/915/904 669/811/800 660/916/905
f 660/916/905 669/811/800 661/917/906
f 661/917/906 669/811/800 662/918/907
f 662/918/907 669/811/800 663/919/908
f 663/919/908 669/811/800 664/920/909
f 664/920/909 669/811/800 665/921/910
f 665/921/910 669/811/800 666/922/911
f 666/922/911 669/811/800 667/923/912
f 667/923/912 669/811/800 668/810/799
f 1/924/3 36/925/124 672/926/913
f 672/926/913 36/925/124 671/927/914
f 671/927/914 36/925/124 35/928/123
f 437/929/915 671/930/916 438/931/917
f 438/931/917 671/930/916 436/932/918
f 438/931/917 436/932/918 441/933/919
f 441/933/919 436/932/918 435/934/920
f 441/933/919 435/934/920 443/935/921
f 443/935/921 435/934/920 445/936/922
f 445/936/922 435/934/920 672/937/923
f 445/936/922 672/937/923 447/938/924
f 447/938/924 672/937/923 437/929/915
f 437/929/915 672/937/923 671/930/916
f 436/939/925 35/940/926 237/941/927
f 237/941/927 35/940/926 34/942/928
f 237/941/927 34/942/928 238/943/929
f 238/943/929 34/942/928 33/944/930
f 238/943/929 33/944/930 239/945/931
f 239/945/931 33/944/930 32/946/932
f 239/945/931 32/946/932 240/947/933
f 240/947/933 32/946/932 31/948/934
f 240/947/933 31/948/934 241/949/935
f 241/949/935 31/948/934 30/950/936
f 241/949/935 30/950/936 242/951/937
f 242/951/937 30/950/936 29/952/938
f 242/951/937 29/952/938 243/953/939
f 243/953/939 29/952/938 28/954/940
f 243/953/939 28/954/940 244/955/941
f 244/955/941 28/954/940 27/956/942
f 244/955/941 27/956/942 245/957/943
f 245/957/943 27/956/942 26/958/944
f 245/957/943 26/958/944 246/959/945
f 246/959/945 26/958/944 25/960/946
f 246/959/945 25/960/946 24/961/947
f 436/939/925 671/962/948 35/940/926
f 24/961/947 23/963/949 246/959/945
f 246/959/945 23/963/949 22/964/950
f 246/959/945 22/964/950 21/965/951
f 21/965/951 20/966/952 246/959/945
f 246/959/945 20/966/952 19/967/953
f 246/959/945 19/967/953 218/968/954
f 669/969/955 253/970/956 218/968/954
f 218/968/954 253/970/956 252/971/957
f 218/968/954 252/971/957 251/972/958
f 251/972/958 250/973/959 218/968/954
f 218/968/954 250/973/959 249/974/960
f 218/968/954 249/974/960 248/975/961
f 248/975/961 247/976/962 218/968/954
f 218/968/954 247/976/962 246/959/945
f 234/977/963 2/978/964 235/979/965
f 235/979/965 2/978/964 1/980/966
f 235/979/965 1/980/966 435/981/967
f 435/981/967 1/980/966 672/982/968
f 2/978/964 234/977/963 3/983/969
f 3/983/969 234/977/963 233/984/970
f 3/983/969 233/984/970 4/985/971
f 4/985/971 233/984/970 232/986/972
f 4/985/971 232/986/972 5/987/973
f 5/987/973 232/986/972 231/988/974
f 5/987/973 231/988/974 6/989/975
f 6/989/975 231/988/974 230/990/976
f 6/989/975 230/990/976 7/991/977
f 7/991/977 230/990/976 229/992/978
f 7/991/977 229/992/978 8/993/979
f 8/993/979 229/992/978 228/994/980
f 8/993/979 228/994/980 9/995/981
f 9/995/981 228/994/980 227/996/982
f 9/995/981 227/996/982 10/997/983
f 10/997/983 227/996/982 226/998/984
f 10/997/983 226/998/984 11/999/985
f 11/999/985 226/998/984 225/1000/986
f 11/999/985 225/1000/986 12/1001/987
f 12/1001/987 225/1000/986 224/1002/988
f 12/1001/987 224/1002/988 13/1003/989
f 13/1003/989 224/1002/988 223/1004/990
f 13/1003/989 223/1004/990 14/1005/991
f 14/1005/991 223/1004/990 222/1006/992
f 14/1005/991 222/1006/992 15/1007/993
f 15/1007/993 222/1006/992 221/1008/994
f 15/1007/993 221/1008/994 16/1009/995
f 16/1009/995 221/1008/994 220/1010/996
f 16/1009/995 220/1010/996 17/1011/997
f 17/1011/997 220/1010/996 219/1012/998
f 17/1011/997 219/1012/998 217/1013/999
f 217/1013/999 219/1012/998 670/1014/1000
# 672 vertices
# 1014 texture params
# 1000 normals
# 1344 facets

# 1 groups
