# WaveFront *.obj file (generated by Autodesk ATF)

mtllib headphoneClamp.mtl

g Body1

v 2.250000 0.250000 1.000000
v 4.750000 0.250000 1.000000
v 4.500000 0.500000 1.250000
v 2.500000 0.500000 1.250000
v 4.750000 5.750000 1.000000
v 4.500000 5.500000 1.250000
v 2.500000 5.500000 1.250000
v 2.250000 5.750000 1.000000
v 2.500000 0.500000 18.000000
v 2.500000 5.500000 18.000000
v 4.500000 0.500000 20.500000
v 3.763445 0.500000 20.500000
v 3.658527 0.500000 20.498630
v 3.553685 0.500000 20.494280
v 3.405272 0.500000 20.482276
v 3.257636 0.500000 20.462498
v 3.184246 0.500000 20.449342
v 3.111315 0.500000 20.433787
v 3.039009 0.500000 20.415682
v 2.967498 0.500000 20.394877
v 2.664245 0.500000 20.296459
v 2.362602 0.500000 20.193712
v 2.060882 0.500000 20.090064
v 1.757536 0.500000 19.990227
v 1.604983 0.500000 19.943199
v 1.451707 0.500000 19.898864
v 1.297609 0.500000 19.857797
v 1.142587 0.500000 19.820574
v 0.986556 0.500000 19.787754
v 0.829599 0.500000 19.759654
v 0.671846 0.500000 19.736413
v 0.513416 0.500000 19.718174
v 0.354427 0.500000 19.705080
v 0.195074 0.500000 19.697177
v 0.035547 0.500000 19.694332
v -0.124008 0.500000 19.696392
v -0.283440 0.500000 19.703205
v -0.442601 0.500000 19.714618
v -0.601345 0.500000 19.730452
v -0.759577 0.500000 19.750439
v -0.917238 0.500000 19.774433
v -1.074269 0.500000 19.802306
v -1.230613 0.500000 19.833932
v -1.386213 0.500000 19.869181
v -1.541009 0.500000 19.907927
v -1.694944 0.500000 19.950042
v -1.847961 0.500000 19.995398
v -2.000000 0.500000 20.043868
v -2.000000 0.500000 19.500000
v 1.000000 0.500000 19.500000
v 0.000000 6.000000 1.000000
v 0.000000 0.000000 1.000000
v 5.000000 0.000000 1.000000
v 5.000000 6.000000 1.000000
v 0.400000 5.200000 1.000000
v 0.404468 5.259617 1.000000
v 0.417771 5.317902 1.000000
v 0.439612 5.373554 1.000000
v 0.469505 5.425328 1.000000
v 0.506779 5.472069 1.000000
v 0.550604 5.512733 1.000000
v 0.600000 5.546410 1.000000
v 0.653864 5.572350 1.000000
v 0.710992 5.589971 1.000000
v 0.770108 5.598882 1.000000
v 0.829892 5.598882 1.000000
v 0.889008 5.589971 1.000000
v 0.946136 5.572350 1.000000
v 1.000000 5.546410 1.000000
v 1.049396 5.512733 1.000000
v 1.093221 5.472069 1.000000
v 1.130495 5.425328 1.000000
v 1.160388 5.373554 1.000000
v 1.182229 5.317902 1.000000
v 1.195532 5.259617 1.000000
v 1.200000 5.200000 1.000000
v 1.200000 0.800000 1.000000
v 1.195532 0.740383 1.000000
v 1.182229 0.682098 1.000000
v 1.160388 0.626447 1.000000
v 1.130496 0.574672 1.000000
v 1.093221 0.527931 1.000000
v 1.049396 0.487267 1.000000
v 1.000000 0.453590 1.000000
v 0.946136 0.427651 1.000000
v 0.889008 0.410029 1.000000
v 0.829892 0.401118 1.000000
v 0.770108 0.401118 1.000000
v 0.710992 0.410029 1.000000
v 0.653864 0.427651 1.000000
v 0.600000 0.453590 1.000000
v 0.550604 0.487267 1.000000
v 0.506779 0.527931 1.000000
v 0.469504 0.574672 1.000000
v 0.439612 0.626447 1.000000
v 0.417771 0.682098 1.000000
v 0.404468 0.740383 1.000000
v 0.400000 0.800000 1.000000
v 4.500000 5.500000 20.500000
v 4.450991 5.497592 20.549009
v 4.402455 5.490393 20.597545
v 4.354858 5.478470 20.645142
v 4.308658 5.461940 20.691342
v 4.264302 5.440961 20.735698
v 4.222215 5.415735 20.777785
v 4.182803 5.386505 20.817197
v 4.146447 5.353553 20.853553
v 4.113495 5.317197 20.886505
v 4.084265 5.277785 20.915735
v 4.059039 5.235698 20.940961
v 4.038060 5.191342 20.961940
v 4.021530 5.145142 20.978470
v 4.009607 5.097545 20.990393
v 4.002408 5.049009 20.997592
v 4.000000 5.000000 21.000000
v 4.000000 1.000000 21.000000
v 4.002408 0.950991 20.997592
v 4.009607 0.902455 20.990393
v 4.021530 0.854858 20.978470
v 4.038060 0.808658 20.961940
v 4.059039 0.764302 20.940961
v 4.084265 0.722215 20.915735
v 4.113495 0.682803 20.886505
v 4.146447 0.646447 20.853553
v 4.182803 0.613495 20.817197
v 4.222215 0.584265 20.777785
v 4.264302 0.559039 20.735698
v 4.308658 0.538060 20.691342
v 4.354858 0.521530 20.645142
v 4.402455 0.509607 20.597545
v 4.450991 0.502408 20.549009
v 3.763445 5.000000 21.000000
v 3.610256 4.908338 21.000000
v 3.482952 4.826089 21.000000
v 3.359219 4.738588 21.000000
v 3.239344 4.645873 21.000000
v 3.123596 4.548023 21.000000
v 3.012286 4.445142 21.000000
v 2.905731 4.337334 21.000000
v 2.804251 4.224709 21.000000
v 2.708377 4.107295 21.000000
v 2.618819 3.985056 21.000000
v 2.536316 3.857943 21.000000
v 2.498054 3.792530 21.000000
v 2.462022 3.725872 21.000000
v 2.428401 3.657962 21.000000
v 2.397397 3.588780 21.000000
v 2.369243 3.518383 21.000000
v 2.344173 3.446855 21.000000
v 2.322424 3.374279 21.000000
v 2.304228 3.300738 21.000000
v 2.289823 3.226331 21.000000
v 2.279397 3.151261 21.000000
v 2.273062 3.075746 21.000000
v 2.270928 3.000000 21.000000
v 2.273064 2.924253 21.000000
v 2.279396 2.848737 21.000000
v 2.289822 2.773667 21.000000
v 2.304230 2.699262 21.000000
v 2.322426 2.625722 21.000000
v 2.344176 2.553144 21.000000
v 2.369245 2.481614 21.000000
v 2.397398 2.411216 21.000000
v 2.428402 2.342036 21.000000
v 2.462022 2.274127 21.000000
v 2.498054 2.207469 21.000000
v 2.536318 2.142056 21.000000
v 2.618816 2.014942 21.000000
v 2.708378 1.892703 21.000000
v 2.804257 1.775289 21.000000
v 2.905734 1.662662 21.000000
v 3.012288 1.554854 21.000000
v 3.123599 1.451974 21.000000
v 3.239347 1.354125 21.000000
v 3.359220 1.261412 21.000000
v 3.482952 1.173911 21.000000
v 3.610256 1.091662 21.000000
v 3.763445 1.000000 21.000000
v 3.763445 5.500000 20.500000
v 3.763445 5.495722 20.565263
v 3.763445 5.482963 20.629410
v 3.763445 5.461940 20.691342
v 3.763445 5.433013 20.750000
v 3.763445 5.396677 20.804381
v 3.763445 5.353553 20.853553
v 3.763445 5.304381 20.896677
v 3.763445 5.250000 20.933013
v 3.763445 5.191342 20.961940
v 3.763445 5.129410 20.982963
v 3.763445 5.065263 20.995722
v 1.000000 5.500000 19.500000
v -2.065263 0.504278 19.500000
v -2.129410 0.517037 19.500000
v -2.191342 0.538060 19.500000
v -2.250000 0.566987 19.500000
v -2.304381 0.603323 19.500000
v -2.353553 0.646447 19.500000
v -2.396677 0.695619 19.500000
v -2.433013 0.750000 19.500000
v -2.461940 0.808658 19.500000
v -2.482963 0.870590 19.500000
v -2.495722 0.934737 19.500000
v -2.500000 1.000000 19.500000
v -2.500000 5.000000 19.500000
v -2.495722 5.065263 19.500000
v -2.482963 5.129410 19.500000
v -2.461940 5.191342 19.500000
v -2.433013 5.250000 19.500000
v -2.396677 5.304381 19.500000
v -2.353553 5.353553 19.500000
v -2.304381 5.396677 19.500000
v -2.250000 5.433013 19.500000
v -2.191342 5.461940 19.500000
v -2.129410 5.482963 19.500000
v -2.065263 5.495722 19.500000
v -2.000000 5.500000 19.500000
v 2.967498 5.500000 20.394877
v 2.947417 5.495447 20.459137
v 2.927703 5.481870 20.522226
v 2.908713 5.459517 20.582996
v 2.890794 5.428795 20.640340
v 2.874272 5.390263 20.693213
v 2.859448 5.344623 20.740652
v 2.846591 5.292707 20.781794
v 2.835937 5.235459 20.815889
v 2.827679 5.173923 20.842316
v 2.915333 5.158404 20.873522
v 3.003245 5.142642 20.900675
v 3.091208 5.126690 20.924005
v 3.179015 5.110602 20.943738
v 3.266458 5.094428 20.960103
v 3.353363 5.078219 20.973331
v 3.439705 5.062006 20.983650
v 3.525401 5.045831 20.991273
v 3.644946 5.022827 20.997879
v 3.658522 5.500000 20.498615
v 3.553671 5.500000 20.494236
v 3.405250 5.500000 20.482225
v 3.257577 5.500000 20.462492
v 3.184183 5.500000 20.449337
v 3.111273 5.500000 20.433783
v 3.038996 5.500000 20.415681
v 3.478752 5.497308 20.540915
v 3.335294 5.497537 20.523791
v 2.922193 5.186768 20.864554
v 2.925424 5.215143 20.852511
v 2.929102 5.242695 20.838798
v 2.933215 5.269316 20.823468
v 2.937746 5.294901 20.806575
v 2.942681 5.319347 20.788175
v 2.948000 5.342566 20.768345
v 2.953681 5.364474 20.747168
v 2.959950 5.385782 20.723793
v 2.966562 5.405485 20.699141
v 2.972537 5.421161 20.676865
v 2.978729 5.435524 20.653777
v 2.985119 5.448537 20.629953
v 2.991686 5.460160 20.605468
v 2.998411 5.470354 20.580397
v 3.005272 5.479079 20.554816
v 3.012249 5.486307 20.528802
v 3.019320 5.492023 20.502439
v 3.030787 5.497996 20.459683
v 3.013658 5.171415 20.893290
v 3.016298 5.200970 20.881713
v 3.019350 5.229713 20.868330
v 3.022800 5.257527 20.853197
v 3.026637 5.284294 20.836368
v 3.030847 5.309901 20.817902
v 3.035410 5.334250 20.797882
v 3.040308 5.357248 20.776394
v 3.045737 5.379640 20.752578
v 3.051484 5.400362 20.727368
v 3.056691 5.416861 20.704521
v 3.062100 5.431988 20.680788
v 3.067693 5.445701 20.656250
v 3.073450 5.457955 20.630990
v 3.079354 5.468707 20.605089
v 3.085384 5.477913 20.578629
v 3.091523 5.485541 20.551695
v 3.097749 5.491576 20.524379
v 3.107852 5.497884 20.480047
v 3.105219 5.155845 20.917957
v 3.107326 5.186574 20.906942
v 3.109804 5.216507 20.893984
v 3.112643 5.245516 20.879138
v 3.115831 5.273473 20.862461
v 3.119358 5.300252 20.844013
v 3.123206 5.325747 20.823883
v 3.127358 5.349853 20.802162
v 3.131981 5.373347 20.777979
v 3.136893 5.395109 20.752283
v 3.141357 5.412449 20.728924
v 3.146006 5.428358 20.704602
v 3.150822 5.442787 20.679404
v 3.155789 5.455689 20.653419
v 3.160888 5.467014 20.626736
v 3.166105 5.476714 20.599444
v 3.171419 5.484753 20.571636
v 3.176814 5.491115 20.543410
v 3.185575 5.497767 20.497568
v 3.196639 5.140113 20.938811
v 3.198272 5.172002 20.928446
v 3.200233 5.203119 20.915999
v 3.202512 5.233322 20.901525
v 3.205102 5.262472 20.885082
v 3.207992 5.290431 20.866732
v 3.211167 5.317082 20.846566
v 3.214613 5.342309 20.824685
v 3.218467 5.366921 20.800208
v 3.222579 5.389741 20.774093
v 3.226329 5.407937 20.750278
v 3.230244 5.424642 20.725419
v 3.234307 5.439804 20.699611
v 3.238505 5.453367 20.672949
v 3.242822 5.465278 20.645530
v 3.247244 5.475484 20.617450
v 3.251753 5.483946 20.588808
v 3.256334 5.490643 20.559713
v 3.263780 5.497648 20.512425
v 3.279599 5.125687 20.954702
v 3.280853 5.158617 20.945001
v 3.282393 5.190800 20.933089
v 3.284211 5.222086 20.919023
v 3.286300 5.252321 20.902860
v 3.288652 5.281358 20.884663
v 3.291254 5.309067 20.864529
v 3.294094 5.335324 20.842561
v 3.297285 5.360966 20.817873
v 3.300702 5.384761 20.791433
v 3.303828 5.403749 20.767248
v 3.307098 5.421192 20.741943
v 3.310501 5.437031 20.715620
v 3.314021 5.451209 20.688381
v 3.317647 5.463664 20.660329
v 3.321364 5.474340 20.631566
v 3.325160 5.483194 20.602200
v 3.329019 5.490203 20.572346
v 3.362077 5.111203 20.967843
v 3.363004 5.145154 20.958869
v 3.364172 5.178392 20.947555
v 3.365576 5.210751 20.933959
v 3.367210 5.242067 20.918135
v 3.369067 5.272181 20.900149
v 3.371137 5.300952 20.880100
v 3.373409 5.328245 20.858098
v 3.375975 5.354924 20.833253
v 3.378734 5.379705 20.806537
v 3.381265 5.399493 20.782023
v 3.383920 5.417684 20.756310
v 3.386688 5.434211 20.729509
v 3.389557 5.449012 20.701727
v 3.392516 5.462021 20.673075
v 3.395553 5.473176 20.643660
v 3.398658 5.482428 20.613599
v 3.401816 5.489755 20.583015
v 3.406956 5.497423 20.533239
v 3.444018 5.096664 20.978444
v 3.444667 5.131616 20.970257
v 3.445513 5.165893 20.959600
v 3.446550 5.199316 20.946530
v 3.447774 5.231709 20.931102
v 3.449180 5.262900 20.913381
v 3.450761 5.292735 20.893470
v 3.452506 5.321069 20.871483
v 3.454487 5.348794 20.846530
v 3.456626 5.374570 20.819584
v 3.458596 5.395169 20.794778
v 3.460667 5.414117 20.768694
v 3.462830 5.431342 20.741447
v 3.465077 5.446776 20.713154
v 3.467397 5.460348 20.683931
v 3.469782 5.471989 20.653893
v 3.472222 5.481648 20.623164
v 3.474706 5.489298 20.591875
v 3.645026 5.060480 20.994764
v 3.645184 5.097817 20.988761
v 3.645420 5.134596 20.979967
v 3.645730 5.170608 20.968434
v 3.646114 5.205641 20.954213
v 3.646570 5.239488 20.937366
v 3.647095 5.271967 20.918004
v 3.647685 5.302899 20.896254
v 3.648366 5.333246 20.871226
v 3.649109 5.361526 20.843892
v 3.649800 5.384171 20.818509
v 3.650532 5.405034 20.791640
v 3.651300 5.424030 20.763419
v 3.652103 5.441074 20.733979
v 3.652935 5.456078 20.703454
v 3.653793 5.468959 20.671978
v 3.654673 5.479654 20.639693
v 3.655572 5.488130 20.606753
v 3.657038 5.497012 20.553006
v 3.550663 5.497190 20.546931
v 3.547690 5.488833 20.599040
v 3.545866 5.480853 20.631011
v 3.544077 5.470781 20.662386
v 3.542329 5.458645 20.693022
v 3.540632 5.444501 20.722791
v 3.538992 5.428423 20.751567
v 3.537416 5.410489 20.779229
v 3.535911 5.390773 20.805654
v 3.534485 5.369354 20.830719
v 3.532941 5.342571 20.857853
v 3.531519 5.313790 20.882870
v 3.530274 5.284408 20.904795
v 3.529155 5.253504 20.924519
v 3.528169 5.221235 20.941925
v 3.527323 5.187768 20.956903
v 3.526619 5.153287 20.969391
v 3.526061 5.117983 20.979334
v 3.525652 5.082047 20.986678
v 2.664186 5.500000 20.296183
v 2.362319 5.500000 20.193089
v 2.060560 5.500000 20.089642
v 1.757568 5.500000 19.989898
v 1.605125 5.500000 19.942881
v 1.451849 5.500000 19.898613
v 1.297654 5.500000 19.857640
v 1.142455 5.500000 19.820510
v 0.986236 5.500000 19.787732
v 0.829115 5.500000 19.759588
v 0.671219 5.500000 19.736294
v 0.512676 5.500000 19.718069
v 0.353668 5.500000 19.705091
v 0.194376 5.500000 19.697287
v 0.034930 5.500000 19.694507
v -0.124540 5.500000 19.696597
v -0.283903 5.500000 19.703404
v -0.443031 5.500000 19.714775
v -0.601792 5.500000 19.730559
v -0.760058 5.500000 19.750602
v -0.917718 5.500000 19.774680
v -1.074717 5.500000 19.802583
v -1.231005 5.500000 19.834194
v -1.386530 5.500000 19.869400
v -1.541243 5.500000 19.908084
v -1.695093 5.500000 19.950134
v -1.848029 5.500000 19.995433
v -2.000000 5.500000 20.043868
v -1.978880 5.495434 20.107895
v -1.958146 5.481818 20.170754
v -1.938176 5.459401 20.231294
v -1.919336 5.428593 20.288411
v -1.901969 5.389956 20.341061
v -1.886393 5.344196 20.388283
v -1.872891 5.292150 20.429214
v -1.861712 5.234767 20.463106
v -1.853058 5.173096 20.489340
v -1.710368 5.174169 20.443454
v -1.566917 5.175191 20.400580
v -1.422795 5.176159 20.360825
v -1.278096 5.177069 20.324296
v -1.132911 5.177917 20.291097
v -0.987332 5.178699 20.261336
v -0.841450 5.179412 20.235118
v -0.695359 5.180051 20.212549
v -0.549234 5.180606 20.193816
v -0.403217 5.181058 20.179101
v -0.257372 5.181396 20.168525
v -0.111763 5.181604 20.162209
v 0.033548 5.181670 20.160275
v 0.178498 5.181580 20.162843
v 0.323023 5.181320 20.170033
v 0.467059 5.180878 20.181968
v 0.610609 5.180248 20.198706
v 0.753819 5.179458 20.220133
v 0.896845 5.178544 20.246117
v 1.039845 5.177542 20.276525
v 1.183001 5.176498 20.311185
v 1.326562 5.175477 20.349736
v 1.470759 5.174528 20.391755
v 1.615826 5.173704 20.436816
v 1.762064 5.173067 20.484456
v 1.909770 5.172658 20.534076
v 2.209668 5.172450 20.637030
v 2.515610 5.172925 20.741250
v 2.645131 5.496356 20.353265
v 2.626353 5.485513 20.409519
v 2.608126 5.467609 20.464121
v 2.590713 5.442901 20.516284
v 2.573629 5.410160 20.567460
v 2.560100 5.376782 20.607989
v 2.547791 5.338981 20.644859
v 2.536850 5.297200 20.677632
v 2.527411 5.251914 20.705907
v 2.520964 5.213233 20.725216
v 2.342733 5.496350 20.250052
v 2.323432 5.485489 20.306188
v 2.304699 5.467556 20.360673
v 2.286804 5.442808 20.412720
v 2.269248 5.410016 20.463776
v 2.255347 5.376586 20.504202
v 2.242703 5.338729 20.540973
v 2.231466 5.296888 20.573649
v 2.221775 5.251540 20.601830
v 2.215159 5.212809 20.621066
v 2.041216 5.496353 20.146657
v 2.022154 5.485500 20.202845
v 2.003651 5.467579 20.257381
v 1.985976 5.442849 20.309478
v 1.968636 5.410079 20.360587
v 1.954905 5.376671 20.401058
v 1.942414 5.338839 20.437873
v 1.931313 5.297024 20.470591
v 1.921736 5.251704 20.498814
v 1.915198 5.212995 20.518082
v 1.890422 5.496358 20.096168
v 1.871814 5.485520 20.152457
v 1.853753 5.467625 20.207095
v 1.836498 5.442929 20.259293
v 1.819568 5.410203 20.310505
v 1.806161 5.376840 20.351064
v 1.793962 5.339056 20.387964
v 1.783119 5.297293 20.420766
v 1.773762 5.252027 20.449070
v 1.767371 5.213361 20.468401
v 1.587918 5.496376 20.000363
v 1.570960 5.485594 20.057016
v 1.554496 5.467789 20.112015
v 1.538764 5.443215 20.164570
v 1.523324 5.410648 20.216152
v 1.511089 5.377443 20.257023
v 1.499952 5.339832 20.294230
v 1.490044 5.298254 20.327331
v 1.481484 5.253178 20.355924
v 1.475630 5.214667 20.375481
v 1.620948 5.213931 20.420666
v 1.627111 5.252529 20.401237
v 1.636127 5.297712 20.372806
v 1.646572 5.339395 20.339874
v 1.658317 5.377103 20.302840
v 1.671224 5.410397 20.262145
v 1.687517 5.443054 20.210772
v 1.704121 5.467697 20.158418
v 1.721500 5.485552 20.103622
v 1.739403 5.496366 20.047175
v 1.435819 5.496389 19.956331
v 1.420020 5.485642 20.013219
v 1.404680 5.467895 20.068452
v 1.390020 5.443401 20.121239
v 1.375628 5.410937 20.173061
v 1.364221 5.377834 20.214135
v 1.353832 5.340335 20.251540
v 1.344586 5.298877 20.284835
v 1.336592 5.253925 20.313617
v 1.331120 5.215516 20.333321
v 1.282999 5.496402 19.915612
v 1.268554 5.485693 19.972752
v 1.254528 5.468009 20.028237
v 1.241121 5.443601 20.081273
v 1.227955 5.411248 20.133353
v 1.217517 5.378255 20.174645
v 1.208007 5.340878 20.212265
v 1.199538 5.299548 20.245769
v 1.192211 5.254730 20.274754
v 1.187189 5.216430 20.294617
v 1.129352 5.496415 19.878739
v 1.116437 5.485746 19.936137
v 1.103894 5.468126 19.991878
v 1.091903 5.443805 20.045168
v 1.080125 5.411565 20.097511
v 1.070784 5.378684 20.139025
v 1.062270 5.341431 20.176863
v 1.054683 5.300233 20.210581
v 1.048114 5.255552 20.239774
v 1.043608 5.217363 20.259799
v 0.974832 5.496428 19.846208
v 0.963591 5.485796 19.903853
v 0.952673 5.468238 19.959839
v 0.942233 5.444000 20.013373
v 0.931976 5.411869 20.065967
v 0.923839 5.379096 20.107695
v 0.916419 5.341961 20.145743
v 0.909804 5.300890 20.179666
v 0.904072 5.256340 20.209059
v 0.900136 5.218259 20.229240
v 0.819517 5.496439 19.818289
v 0.810056 5.485842 19.876157
v 0.800866 5.468340 19.932366
v 0.792077 5.444178 19.986122
v 0.783441 5.412146 20.038946
v 0.776587 5.379472 20.080868
v 0.770335 5.342445 20.119107
v 0.764758 5.301490 20.153217
v 0.759923 5.257060 20.182793
v 0.756601 5.219076 20.203117
v 0.663499 5.496449 19.795189
v 0.655888 5.485881 19.853251
v 0.648496 5.468428 19.909652
v 0.641425 5.444333 19.963599
v 0.634475 5.412386 20.016621
v 0.628958 5.379797 20.058712
v 0.623924 5.342864 20.097116
v 0.619432 5.302008 20.131388
v 0.615535 5.257682 20.161122
v 0.612855 5.219782 20.181570
v 0.506869 5.496457 19.777118
v 0.501145 5.485913 19.835334
v 0.495584 5.468498 19.891889
v 0.490264 5.444455 19.945988
v 0.485035 5.412577 19.999168
v 0.480883 5.380056 20.041392
v 0.477093 5.343197 20.079929
v 0.473710 5.302421 20.114330
v 0.470774 5.258177 20.144190
v 0.468754 5.220345 20.164737
v 0.349769 5.496463 19.764248
v 0.345925 5.485935 19.822571
v 0.342190 5.468547 19.879234
v 0.338618 5.444541 19.933440
v 0.335105 5.412711 19.986731
v 0.332316 5.380237 20.029049
v 0.329770 5.343431 20.067678
v 0.327496 5.302711 20.102170
v 0.325522 5.258525 20.132118
v 0.324163 5.220741 20.152734
v 0.192357 5.496466 19.756508
v 0.190366 5.485948 19.814895
v 0.188432 5.468576 19.871620
v 0.186582 5.444592 19.925889
v 0.184762 5.412789 19.979245
v 0.183317 5.380344 20.021618
v 0.181998 5.343569 20.060301
v 0.180819 5.302881 20.094847
v 0.179795 5.258729 20.124847
v 0.179090 5.220973 20.145504
v 0.034755 5.496467 19.753749
v 0.034583 5.485953 19.812159
v 0.034416 5.468586 19.868906
v 0.034256 5.444610 19.923197
v 0.034098 5.412817 19.976575
v 0.033972 5.380381 20.018968
v 0.033857 5.343616 20.057670
v 0.033754 5.302940 20.092233
v 0.033664 5.258800 20.122251
v 0.033601 5.221053 20.142923
v -0.122913 5.496466 19.755823
v -0.121309 5.485949 19.814216
v -0.119751 5.468579 19.870948
v -0.118261 5.444597 19.925223
v -0.116796 5.412797 19.978584
v -0.115633 5.380354 20.020963
v -0.114572 5.343581 20.059651
v -0.113625 5.302897 20.094202
v -0.112803 5.258749 20.124206
v -0.112237 5.220994 20.144867
v -0.280527 5.496464 19.762579
v -0.277197 5.485939 19.820922
v -0.273963 5.468556 19.877603
v -0.270869 5.444556 19.931827
v -0.267828 5.412734 19.985137
v -0.265413 5.380268 20.027471
v -0.263209 5.343471 20.066116
v -0.261242 5.302760 20.100623
v -0.259534 5.258585 20.130586
v -0.258358 5.220808 20.151215
v -0.437963 5.496459 19.773869
v -0.432967 5.485922 19.832129
v -0.428113 5.468518 19.888727
v -0.423470 5.444491 19.942870
v -0.418906 5.412631 19.996096
v -0.415282 5.380130 20.038358
v -0.411974 5.343293 20.076933
v -0.409022 5.302539 20.111371
v -0.406459 5.258319 20.141267
v -0.404696 5.220507 20.161842
v -0.595100 5.496454 19.789541
v -0.588502 5.485899 19.847691
v -0.582093 5.468468 19.904179
v -0.575963 5.444402 19.958213
v -0.569937 5.412494 20.011325
v -0.565153 5.379944 20.053491
v -0.560787 5.343053 20.091971
v -0.556891 5.302243 20.126317
v -0.553509 5.257963 20.156122
v -0.551183 5.220102 20.176626
v -0.751816 5.496447 19.809448
v -0.743691 5.485872 19.867462
v -0.735798 5.468406 19.923816
v -0.728249 5.444294 19.977715
v -0.720830 5.412326 20.030688
v -0.714941 5.379716 20.072737
v -0.709568 5.342760 20.111100
v -0.704773 5.301879 20.145332
v -0.700614 5.257527 20.175026
v -0.697755 5.219606 20.195443
v -0.907996 5.496439 19.833370
v -0.898413 5.485840 19.891227
v -0.889104 5.468335 19.947425
v -0.880202 5.444170 20.001170
v -0.871454 5.412132 20.053982
v -0.864511 5.379453 20.095895
v -0.858179 5.342421 20.134125
v -0.852530 5.301460 20.168226
v -0.847633 5.257024 20.197792
v -0.844268 5.219035 20.218109
v -1.063571 5.496430 19.861097
v -1.052583 5.485804 19.918780
v -1.041911 5.468255 19.974804
v -1.031707 5.444031 20.028376
v -1.021681 5.411916 20.081009
v -1.013726 5.379160 20.122770
v -1.006472 5.342044 20.160851
v -1.000004 5.300992 20.194805
v -0.994400 5.256463 20.224229
v -0.990551 5.218398 20.244435
v -1.218483 5.496420 19.892516
v -1.206140 5.485764 19.950006
v -1.194153 5.468168 20.005839
v -1.182693 5.443878 20.059221
v -1.171435 5.411679 20.111658
v -1.162505 5.378839 20.153252
v -1.154364 5.341629 20.191169
v -1.147109 5.300479 20.224963
v -1.140825 5.255847 20.254231
v -1.136514 5.217698 20.274315
v -1.372678 5.496409 19.927512
v -1.359023 5.485722 19.984793
v -1.345764 5.468073 20.040418
v -1.333088 5.443712 20.093594
v -1.320640 5.411421 20.145817
v -1.310768 5.378490 20.187231
v -1.301772 5.341180 20.224970
v -1.293758 5.299922 20.258591
v -1.286822 5.255179 20.287690
v -1.282066 5.216940 20.307641
v -1.526098 5.496397 19.965971
v -1.511171 5.485676 20.023028
v -1.496677 5.467971 20.078429
v -1.482822 5.443534 20.131383
v -1.469219 5.411144 20.183377
v -1.458435 5.378115 20.224597
v -1.448612 5.340697 20.262146
v -1.439865 5.299325 20.295580
v -1.432299 5.254463 20.324498
v -1.427116 5.216126 20.344308
v -1.678689 5.496385 20.007781
v -1.662522 5.485627 20.064598
v -1.646825 5.467863 20.119760
v -1.631824 5.443345 20.172478
v -1.617098 5.410850 20.224228
v -1.605428 5.377716 20.265241
v -1.594801 5.340184 20.302586
v -1.585343 5.298689 20.335823
v -1.577169 5.253700 20.364548
v -1.571575 5.215261 20.384208
v -1.830394 5.496372 20.052825
v -1.813014 5.485576 20.109389
v -1.796142 5.467749 20.164299
v -1.780021 5.443145 20.216767
v -1.764200 5.410539 20.268258
v -1.751665 5.377295 20.309052
v -1.740256 5.339641 20.346184
v -1.730108 5.298017 20.379211
v -1.721344 5.252895 20.407733
v -1.715352 5.214346 20.427234
v -2.500000 5.000000 20.043868
v -2.495722 5.065263 20.043868
v -2.482963 5.129410 20.043868
v -2.461940 5.191342 20.043868
v -2.433013 5.250000 20.043868
v -2.396677 5.304381 20.043868
v -2.353553 5.353553 20.043868
v -2.304381 5.396677 20.043868
v -2.250000 5.433013 20.043868
v -2.191342 5.461940 20.043868
v -2.129410 5.482963 20.043868
v -2.065263 5.495722 20.043868
v -2.495551 5.024105 20.105904
v -2.482282 5.047781 20.166836
v -2.460430 5.070607 20.225579
v -2.430383 5.092176 20.281089
v -2.392677 5.112105 20.332377
v -2.347982 5.130038 20.378530
v -2.297094 5.145658 20.418727
v -2.240918 5.158684 20.452252
v -2.180455 5.168887 20.478509
v -2.116780 5.176084 20.497031
v -2.051026 5.180147 20.507487
v -1.984365 5.181004 20.509693
v -1.917982 5.178639 20.503608
v -1.869431 5.203682 20.481435
v -1.959391 5.238507 20.481435
v -2.023904 5.240756 20.481435
v -2.116071 5.212279 20.481435
v -2.168071 5.174031 20.481435
v -2.048962 5.493145 20.110278
v -2.047657 5.479999 20.175511
v -2.045507 5.458346 20.238412
v -2.042551 5.428572 20.297866
v -2.038841 5.391204 20.352819
v -2.034443 5.346904 20.402297
v -2.029434 5.296456 20.445424
v -1.991572 5.241793 20.481435
v -1.989622 5.297733 20.445424
v -1.987856 5.348398 20.402297
v -1.986305 5.392889 20.352819
v -1.984997 5.430418 20.297866
v -1.983955 5.460320 20.238412
v -1.983197 5.482066 20.175511
v -1.982737 5.495269 20.110278
v -2.114312 5.482206 20.110278
v -2.111265 5.469351 20.175511
v -2.106246 5.448179 20.238412
v -2.099344 5.419065 20.297866
v -2.090682 5.382526 20.352819
v -2.080413 5.339208 20.402297
v -2.068719 5.289880 20.445424
v -2.055808 5.235415 20.481435
v -2.177619 5.462646 20.110278
v -2.172884 5.450312 20.175511
v -2.165085 5.429999 20.238412
v -2.154361 5.402067 20.297866
v -2.140902 5.367009 20.352819
v -2.124946 5.325449 20.402297
v -2.106776 5.278121 20.445424
v -2.086714 5.225866 20.481435
v -2.237750 5.434815 20.110278
v -2.231412 5.423224 20.175511
v -2.220973 5.404133 20.238412
v -2.206619 5.377880 20.297866
v -2.188603 5.344932 20.352819
v -2.167246 5.305872 20.402297
v -2.142925 5.261391 20.445424
v -2.293631 5.399212 20.110278
v -2.285803 5.388570 20.175511
v -2.272911 5.371042 20.238412
v -2.255183 5.346939 20.297866
v -2.232933 5.316688 20.352819
v -2.206555 5.280826 20.402297
v -2.176518 5.239988 20.445424
v -2.143352 5.194897 20.481435
v -2.344263 5.356472 20.110278
v -2.335086 5.346969 20.175511
v -2.319970 5.331318 20.238412
v -2.299185 5.309795 20.297866
v -2.273099 5.282783 20.352819
v -2.242173 5.250761 20.402297
v -2.206955 5.214295 20.445424
v -2.388741 5.307360 20.110278
v -2.378378 5.299166 20.175511
v -2.361310 5.285671 20.238412
v -2.337839 5.267114 20.297866
v -2.308382 5.243823 20.352819
v -2.273461 5.216213 20.402297
v -2.233693 5.184771 20.445424
v -2.426270 5.252753 20.110278
v -2.414906 5.246015 20.175511
v -2.396190 5.234917 20.238412
v -2.370453 5.219657 20.297866
v -2.338153 5.200505 20.352819
v -2.299860 5.177799 20.402297
v -2.456178 5.193627 20.110278
v -2.444017 5.188465 20.175511
v -2.423987 5.179964 20.238412
v -2.396445 5.168273 20.297866
v -2.361878 5.153601 20.352819
v -2.477931 5.131040 20.110278
v -2.465190 5.127547 20.175511
v -2.444206 5.121794 20.238412
v -2.415350 5.113882 20.297866
v -2.491140 5.066111 20.110278
v -2.478047 5.064349 20.175511
v -1.949996 5.293687 20.445424
v -1.941487 5.343664 20.402297
v -1.934015 5.387550 20.352819
v -1.927712 5.424570 20.297866
v -1.896164 5.332786 20.402297
v -1.911264 5.284392 20.445424
v -1.927936 5.230958 20.481435
v -1.897770 5.219280 20.481435
v -1.874118 5.270012 20.445424
v 2.719889 5.072872 20.846574
v 2.616375 4.967351 20.851186
v 2.517436 4.857356 20.856185
v 2.423369 4.742884 20.861601
v 2.334418 4.623911 20.867453
v 2.250808 4.500307 20.873675
v 2.172806 4.371918 20.880171
v 2.100677 4.238590 20.886846
v 2.034738 4.100149 20.893573
v 1.975485 3.956480 20.900140
v 1.923469 3.807509 20.906323
v 1.900383 3.731070 20.909193
v 1.879370 3.653425 20.911872
v 1.860524 3.574651 20.914332
v 1.843940 3.494823 20.916540
v 1.829709 3.414017 20.918467
v 1.817928 3.332315 20.920081
v 1.808684 3.249881 20.921360
v 1.802026 3.166900 20.922288
v 1.797999 3.083548 20.922854
v 1.796648 3.000001 20.923045
v 1.798000 2.916455 20.922854
v 1.802026 2.833102 20.922288
v 1.808683 2.750119 20.921360
v 1.817927 2.667685 20.920082
v 1.829710 2.585987 20.918467
v 1.843941 2.505182 20.916540
v 1.860526 2.425352 20.914331
v 1.879371 2.346574 20.911872
v 1.900384 2.268927 20.909193
v 1.923469 2.192488 20.906324
v 1.975484 2.043522 20.900140
v 2.034738 1.899852 20.893573
v 2.100677 1.761411 20.886847
v 2.172804 1.628082 20.880172
v 2.250808 1.499694 20.873674
v 2.334420 1.376090 20.867451
v 2.423371 1.257113 20.861601
v 2.517440 1.142640 20.856186
v 2.616378 1.032646 20.851188
v 2.719890 0.927127 20.846574
v 2.827679 0.826077 20.842316
v 2.915352 0.841598 20.873523
v 3.003303 0.857364 20.900681
v 3.091296 0.873319 20.924013
v 3.179094 0.889408 20.943747
v 3.266482 0.905576 20.960113
v 3.353366 0.921783 20.973341
v 3.439690 0.937992 20.983653
v 3.525401 0.954169 20.991273
v 3.644962 0.977176 20.997880
v 2.758783 4.318683 20.996925
v 2.461291 4.695177 20.887854
v 2.664096 4.201940 20.997093
v 2.358294 4.557093 20.893528
v 2.575468 4.080551 20.997269
v 2.493236 3.954072 20.997451
v 2.133746 4.183957 20.909142
v 2.058414 4.022911 20.915565
v 2.201326 2.908888 20.998245
v 2.042615 2.014567 20.916994
v 2.538771 1.973987 20.997348
v 3.553354 5.000539 20.996082
v 3.368450 5.006408 20.984725
v 3.427943 4.918091 20.996176
v 3.121490 5.081733 20.940793
v 3.182167 4.999132 20.966599
v 3.243768 4.915272 20.985124
v 3.305989 4.830569 20.996276
v 2.873459 5.130715 20.871645
v 2.913538 5.080645 20.898275
v 2.954343 5.029666 20.921907
v 2.995789 4.977888 20.942492
v 3.058962 4.898965 20.967560
v 3.123069 4.818875 20.985553
v 3.187803 4.738003 20.996384
v 2.748137 5.013841 20.875750
v 2.789706 4.966162 20.901538
v 2.832003 4.917648 20.924418
v 2.874941 4.868399 20.944346
v 2.940354 4.793371 20.968609
v 3.006703 4.717270 20.986021
v 3.073678 4.640451 20.996501
v 2.628627 4.890912 20.880252
v 2.671512 4.845773 20.905116
v 2.715120 4.799874 20.927172
v 2.759363 4.753306 20.946378
v 2.826724 4.682404 20.969758
v 2.895014 4.610525 20.986534
v 2.963924 4.537994 20.996630
v 2.515401 4.761933 20.885199
v 2.559409 4.719493 20.909046
v 2.604125 4.676369 20.930196
v 2.649465 4.632644 20.948609
v 2.718453 4.566113 20.971020
v 2.788351 4.498705 20.987097
v 2.858856 4.430711 20.996771
v 2.505782 4.654148 20.911156
v 2.550971 4.612475 20.931819
v 2.596775 4.570236 20.949806
v 2.666445 4.505988 20.971696
v 2.737012 4.440912 20.987398
v 2.808179 4.375284 20.996846
v 2.403589 4.519027 20.915662
v 2.449558 4.480395 20.935285
v 2.496118 4.441265 20.952363
v 2.566888 4.381790 20.973142
v 2.638520 4.321590 20.988043
v 2.710730 4.260904 20.997008
v 2.687050 4.381876 20.987714
v 2.615906 4.444550 20.972405
v 2.545643 4.506448 20.951059
v 2.499433 4.547157 20.933518
v 2.453826 4.587333 20.913364
v 2.408907 4.626905 20.890635
v 2.262603 4.412740 20.899593
v 2.308501 4.377840 20.920477
v 2.355042 4.342453 20.938988
v 2.402145 4.306637 20.955093
v 2.473684 4.252242 20.974684
v 2.546045 4.197221 20.988731
v 2.618954 4.141783 20.997180
v 2.591495 4.260042 20.988382
v 2.519459 4.317693 20.973903
v 2.448265 4.374668 20.953710
v 2.401408 4.412168 20.937112
v 2.355128 4.449205 20.918038
v 2.309507 4.485715 20.896520
v 2.174666 4.261890 20.905920
v 2.220983 4.230386 20.925500
v 2.267904 4.198472 20.942849
v 2.315356 4.166197 20.957940
v 2.387366 4.117218 20.976293
v 2.460149 4.067714 20.989448
v 2.533449 4.017857 20.997360
v 2.502414 4.133380 20.989085
v 2.429895 4.185835 20.975477
v 2.358175 4.237726 20.956494
v 2.310935 4.271914 20.940885
v 2.264243 4.305711 20.922942
v 2.218175 4.339064 20.902693
v 2.180208 4.154246 20.928057
v 2.227254 4.124161 20.944814
v 2.274813 4.093748 20.959389
v 2.346956 4.047615 20.977111
v 2.419846 4.001003 20.989813
v 2.105054 3.996987 20.933153
v 2.152236 3.970762 20.948730
v 2.199896 3.944271 20.962275
v 2.272132 3.904119 20.978741
v 2.345063 3.863581 20.990539
v 2.418458 3.822785 20.997633
v 2.454855 3.889051 20.997542
v 2.381436 3.932963 20.990178
v 2.308499 3.976586 20.977930
v 2.236284 4.019778 20.960840
v 2.188657 4.048263 20.946783
v 2.141526 4.076452 20.930618
v 2.094958 4.104304 20.912370
v 1.992509 3.854866 20.921716
v 2.039207 3.833008 20.938032
v 2.086407 3.810915 20.952478
v 2.134048 3.788616 20.965037
v 2.206201 3.754844 20.980300
v 2.278996 3.720772 20.991234
v 2.352220 3.686499 20.997807
v 2.384196 3.755270 20.997721
v 2.310869 3.792854 20.990892
v 2.237988 3.830208 20.979534
v 2.165775 3.867221 20.963680
v 2.118112 3.891650 20.950636
v 2.070908 3.915844 20.935634
v 2.024227 3.939770 20.918693
v 1.963398 3.768182 20.924593
v 2.010091 3.748464 20.940313
v 2.057267 3.728543 20.954230
v 2.104867 3.708443 20.966328
v 2.176932 3.678011 20.981028
v 2.249614 3.647319 20.991558
v 2.322708 3.616453 20.997888
v 1.937072 3.679897 20.927278
v 1.983767 3.662465 20.942440
v 2.030927 3.644854 20.955863
v 2.078496 3.627086 20.967529
v 2.150489 3.600185 20.981705
v 2.223076 3.573052 20.991859
v 2.296060 3.545760 20.997963
v 1.913621 3.589885 20.929738
v 1.960261 3.574645 20.944393
v 2.007349 3.559258 20.957363
v 2.054831 3.543742 20.968636
v 2.126671 3.520266 20.982330
v 2.199082 3.496603 20.992138
v 2.271876 3.472815 20.998033
v 1.893270 3.498512 20.931926
v 1.939872 3.485597 20.946127
v 1.986907 3.472562 20.958695
v 2.034322 3.459422 20.969616
v 2.106041 3.439546 20.982884
v 2.178313 3.419517 20.992385
v 2.250954 3.399385 20.998095
v 1.876156 3.405813 20.933803
v 1.922717 3.395276 20.947615
v 1.969699 3.384644 20.959838
v 2.017049 3.373928 20.970458
v 2.088654 3.357723 20.983359
v 2.160795 3.341397 20.992596
v 2.233295 3.324989 20.998148
v 1.862437 3.311920 20.935330
v 1.908960 3.303806 20.948825
v 1.955894 3.295621 20.960766
v 2.003188 3.287373 20.971142
v 2.074692 3.274902 20.983744
v 2.146720 3.262341 20.992768
v 2.219098 3.249718 20.998191
v 1.852252 3.217088 20.936474
v 1.898745 3.211433 20.949732
v 1.945640 3.205730 20.961462
v 1.992889 3.199984 20.971654
v 2.064315 3.191297 20.984033
v 2.136254 3.182548 20.992897
v 2.208537 3.173757 20.998223
v 1.845682 3.121602 20.937219
v 1.892153 3.118432 20.950322
v 1.939022 3.115235 20.961916
v 1.986240 3.112014 20.971988
v 2.057613 3.107145 20.984222
v 2.129493 3.102242 20.992981
v 2.201711 3.097316 20.998244
v 1.842669 3.003885 20.937564
v 1.889130 3.003784 20.950595
v 1.935987 3.003682 20.962126
v 1.983189 3.003579 20.972143
v 2.054537 3.003423 20.984309
v 2.126388 3.003267 20.993019
v 2.198575 3.003109 20.998254
v 1.845311 2.886150 20.937261
v 1.891782 2.889118 20.950356
v 1.938649 2.892111 20.961941
v 1.985865 2.895127 20.972007
v 2.057235 2.899685 20.984232
v 2.129111 2.904276 20.992985
v 1.850021 2.809894 20.936726
v 1.896507 2.814847 20.949932
v 1.943394 2.819843 20.961616
v 1.990632 2.824876 20.971767
v 2.062040 2.832484 20.984097
v 2.133960 2.840147 20.992925
v 2.206221 2.847847 20.998230
v 1.857046 2.734004 20.935934
v 1.903553 2.740928 20.949304
v 1.950467 2.747913 20.961134
v 1.997737 2.754950 20.971412
v 2.069201 2.765589 20.983897
v 2.141183 2.776306 20.992836
v 2.213510 2.787074 20.998208
v 1.877881 2.583903 20.933613
v 1.924447 2.594705 20.947464
v 1.971434 2.605604 20.959721
v 2.018791 2.616590 20.970372
v 2.090408 2.633202 20.983310
v 2.162563 2.649940 20.992575
v 2.235077 2.666762 20.998142
v 1.907311 2.436841 20.930411
v 1.953941 2.451403 20.944926
v 2.001014 2.466104 20.957773
v 2.048476 2.480927 20.968937
v 2.120280 2.503352 20.982501
v 2.192650 2.525954 20.992214
v 2.265399 2.548674 20.998052
v 1.944696 2.293362 20.926492
v 1.991376 2.311544 20.941819
v 2.038526 2.329910 20.955387
v 2.086089 2.348437 20.967180
v 2.158081 2.376479 20.981509
v 2.230673 2.404755 20.991772
v 2.303666 2.433188 20.997942
v 1.990206 2.151650 20.921940
v 2.036904 2.173348 20.938210
v 2.084103 2.195278 20.952615
v 2.131742 2.217413 20.965138
v 2.203889 2.250935 20.980356
v 2.276676 2.284754 20.991259
v 2.349891 2.318772 20.997813
v 2.089277 2.039594 20.934287
v 2.136472 2.064908 20.949601
v 2.184137 2.090472 20.962917
v 2.256368 2.129213 20.979103
v 2.329281 2.168319 20.990700
v 2.402650 2.207671 20.997673
v 2.107821 1.868585 20.911281
v 2.154357 1.897073 20.929754
v 2.201464 1.925910 20.946119
v 2.249071 1.955054 20.960350
v 2.321269 1.999251 20.977654
v 2.394196 2.043894 20.990054
v 2.467611 2.088837 20.997512
v 2.434301 2.147753 20.997593
v 2.360890 2.105568 20.990380
v 2.287950 2.063654 20.978384
v 2.215717 2.022145 20.961643
v 2.168068 1.994764 20.947873
v 2.120905 1.967661 20.932037
v 2.074293 1.940876 20.914158
v 2.180104 1.728160 20.905506
v 2.226399 1.759890 20.925172
v 2.273301 1.792036 20.942597
v 2.320735 1.824548 20.957754
v 2.392723 1.873887 20.976188
v 2.465487 1.923759 20.989401
v 2.258958 1.593125 20.899840
v 2.304877 1.627895 20.920674
v 2.351436 1.663149 20.939139
v 2.398557 1.698828 20.955205
v 2.470120 1.753015 20.974747
v 2.542503 1.807823 20.988759
v 2.615434 1.863046 20.997187
v 2.344050 1.463310 20.894380
v 2.389444 1.500933 20.916338
v 2.435508 1.539111 20.935805
v 2.482159 1.577776 20.952746
v 2.553060 1.636539 20.973358
v 2.624817 1.696013 20.988140
v 2.697149 1.755962 20.997032
v 2.441336 1.330388 20.888887
v 2.485994 1.370872 20.911976
v 2.531348 1.411986 20.932450
v 2.577311 1.453654 20.950272
v 2.647216 1.517024 20.971960
v 2.718011 1.581202 20.987516
v 2.789402 1.645921 20.996876
v 2.544990 1.203039 20.883833
v 2.588718 1.246216 20.907961
v 2.633159 1.290097 20.929362
v 2.678227 1.334598 20.947993
v 2.746814 1.402321 20.970672
v 2.816316 1.470947 20.986941
v 2.886430 1.540178 20.996732
v 2.654690 1.081213 20.879214
v 2.697298 1.126931 20.904291
v 2.740631 1.173426 20.926537
v 2.784600 1.220604 20.945910
v 2.851555 1.292445 20.969493
v 2.919440 1.365283 20.986416
v 2.987948 1.438790 20.996600
v 2.770030 0.964914 20.874991
v 2.811346 1.013029 20.900934
v 2.853390 1.061992 20.923954
v 2.896076 1.111702 20.944003
v 2.961111 1.187439 20.968415
v 3.027082 1.264267 20.985935
v 3.093680 1.341824 20.996479
v 2.890602 0.854142 20.871124
v 2.930469 0.904521 20.897861
v 2.971063 0.955818 20.921588
v 3.012296 1.007923 20.942257
v 3.075150 1.087349 20.967427
v 3.138938 1.167955 20.985494
v 3.203351 1.249351 20.996369
v 3.132897 0.909302 20.940648
v 3.193340 0.992220 20.966517
v 3.254708 1.076405 20.985088
v 3.316694 1.161438 20.996267
v 3.374085 0.989660 20.984708
v 3.433452 1.078133 20.996172
v 3.553354 0.999461 20.996082
v -1.852131 5.044405 20.537612
v -1.851233 4.914593 20.583421
v -1.850365 4.783644 20.626683
v -1.849529 4.651561 20.667307
v -1.848732 4.518392 20.705190
v -1.847978 4.384185 20.740229
v -1.847273 4.248987 20.772322
v -1.846623 4.112847 20.801366
v -1.846032 3.975812 20.827259
v -1.845506 3.837930 20.849897
v -1.845053 3.699301 20.869164
v -1.844678 3.560099 20.884981
v -1.844384 3.420444 20.897326
v -1.844171 3.280452 20.906182
v -1.844041 3.140239 20.911528
v -1.843996 2.999923 20.913345
v -1.844035 2.859619 20.911614
v -1.844162 2.719445 20.906315
v -1.844377 2.579514 20.897431
v -1.844676 2.439933 20.884995
v -1.845057 2.300804 20.869085
v -1.845513 2.162230 20.849779
v -1.846038 2.024318 20.827160
v -1.846629 1.887169 20.801305
v -1.847279 1.750889 20.772295
v -1.847984 1.615581 20.740210
v -1.848737 1.481344 20.705153
v -1.849532 1.348216 20.667270
v -1.850365 1.216203 20.626654
v -1.851232 1.085310 20.583400
v -1.852131 0.955542 20.537597
v -1.853058 0.826904 20.489340
v -1.710302 0.825829 20.443424
v -1.566770 0.824802 20.400505
v -1.422562 0.823828 20.360699
v -1.277780 0.822912 20.324122
v -1.132522 0.822060 20.290889
v -0.986890 0.821276 20.261117
v -0.840985 0.820567 20.234921
v -0.694906 0.819936 20.212417
v -0.548755 0.819389 20.193721
v -0.402637 0.818933 20.178962
v -0.256696 0.818591 20.168356
v -0.111012 0.818380 20.162041
v 0.034342 0.818315 20.160136
v 0.179296 0.818408 20.162760
v 0.323779 0.818675 20.170033
v 0.467717 0.819129 20.182056
v 0.611160 0.819761 20.198804
v 0.754253 0.820544 20.220195
v 0.897142 0.821454 20.246146
v 1.040000 0.822454 20.276598
v 1.183136 0.823473 20.311409
v 1.326758 0.824465 20.350125
v 1.471060 0.825390 20.392265
v 1.616237 0.826210 20.437349
v 1.909991 0.827371 20.534429
v 2.209530 0.827651 20.637410
v 2.515474 0.827122 20.741415
v 2.151965 5.015509 20.676370
v 2.151965 1.044588 20.697777
v 2.599079 5.015509 20.828284
v 2.374024 5.015509 20.752728
v 2.374024 4.848820 20.810567
v 2.374024 4.681538 20.863766
v 2.151965 4.848820 20.734209
v 2.151965 4.681538 20.787408
v 2.151965 4.513666 20.835882
v 1.762111 5.015509 20.543585
v 1.762170 4.848820 20.601442
v 1.762228 4.681538 20.654661
v 1.762287 4.513666 20.703154
v 1.762367 4.284206 20.761397
v 1.762447 4.053716 20.810443
v 1.762487 3.938109 20.831439
v 1.762527 3.822278 20.850044
v 1.762567 3.706244 20.866234
v 1.762607 3.590026 20.879990
v 1.762647 3.473652 20.891295
v 1.762687 3.357148 20.900136
v 1.762727 3.240544 20.906506
v 1.762767 3.123872 20.910396
v 1.762807 3.007166 20.911804
v 1.762847 2.890457 20.910727
v 1.762887 2.773779 20.907168
v 1.762927 2.657165 20.901129
v 1.762967 2.540647 20.892617
v 1.763007 2.424255 20.881641
v 1.763047 2.308017 20.868212
v 1.763087 2.191959 20.852346
v 1.763127 2.076102 20.834062
v 1.763167 1.960467 20.813386
v 1.763246 1.729915 20.764965
v 1.763326 1.500391 20.707332
v 1.763406 1.271942 20.640745
v 1.763486 1.044588 20.565446
v 1.932224 1.044588 20.622204
v 1.932224 1.271942 20.697529
v 1.932224 1.500391 20.764143
v 1.932224 1.729915 20.821802
v 1.932224 1.960467 20.870249
v 1.932224 2.076102 20.890939
v 1.932224 3.938109 20.888527
v 1.932224 4.053716 20.867545
v 1.932224 4.284206 20.818525
v 1.932224 4.513666 20.760308
v 1.932224 4.681538 20.711835
v 1.932224 4.848820 20.658635
v 1.932224 5.015509 20.600797
v 1.595475 5.015509 20.489710
v 1.595475 4.848820 20.547548
v 1.595475 4.681538 20.600748
v 1.595475 4.513666 20.649222
v 1.595475 4.284206 20.707438
v 1.595475 4.053716 20.756458
v 1.595475 3.938109 20.777440
v 1.595475 3.822278 20.796032
v 1.595475 3.706244 20.812209
v 1.595475 3.590026 20.825951
v 1.595475 3.473652 20.837243
v 1.595475 3.357148 20.846071
v 1.595475 3.240544 20.852427
v 1.595475 3.123872 20.856304
v 1.595475 3.007166 20.857699
v 1.595475 2.890457 20.856609
v 1.595475 2.773779 20.853037
v 1.595475 2.657165 20.846985
v 1.595475 2.540647 20.838460
v 1.595475 2.424255 20.827470
v 1.595475 2.308017 20.814028
v 1.595475 2.191959 20.798149
v 1.595475 2.076102 20.779852
v 1.595475 1.960467 20.759162
v 1.595475 1.729915 20.710715
v 1.595475 1.500391 20.653056
v 1.595475 1.271942 20.586442
v 1.595475 1.044588 20.511117
v 1.427606 5.015509 20.438579
v 1.427606 4.848820 20.496418
v 1.427606 4.681538 20.549617
v 1.427606 4.513666 20.598091
v 1.427606 4.284206 20.656307
v 1.427606 4.053716 20.705327
v 1.427606 3.938109 20.726309
v 1.427606 3.822278 20.744901
v 1.427606 3.706244 20.761078
v 1.427606 3.590026 20.774820
v 1.427606 3.473652 20.786112
v 1.427606 3.357148 20.794941
v 1.427606 3.240544 20.801297
v 1.427606 3.123872 20.805174
v 1.427606 3.007166 20.806568
v 1.427606 2.890457 20.805479
v 1.427606 2.773779 20.801906
v 1.427606 2.657165 20.795854
v 1.427606 2.540647 20.787329
v 1.427606 2.424255 20.776339
v 1.427606 2.308017 20.762897
v 1.427606 2.191959 20.747018
v 1.427606 2.076102 20.728721
v 1.427606 1.960467 20.708031
v 1.427606 1.729915 20.659584
v 1.427606 1.500391 20.601925
v 1.427606 1.271942 20.535312
v 1.427606 1.044588 20.459986
v 1.259628 5.015509 20.391485
v 1.259628 4.848820 20.449324
v 1.259628 4.681538 20.502523
v 1.259628 4.513666 20.550997
v 1.259628 4.284206 20.609213
v 1.259628 4.053716 20.658233
v 1.259628 3.938109 20.679215
v 1.259628 3.822278 20.697807
v 1.259628 3.706244 20.713984
v 1.259628 3.590026 20.727726
v 1.259628 3.473652 20.739018
v 1.259628 3.357148 20.747846
v 1.259628 3.240544 20.754202
v 1.259628 3.123872 20.758080
v 1.259628 3.007166 20.759474
v 1.259628 2.890457 20.758385
v 1.259628 2.773779 20.754812
v 1.259628 2.657165 20.748760
v 1.259628 2.540647 20.740235
v 1.259628 2.424255 20.729245
v 1.259628 2.308017 20.715803
v 1.259628 2.191959 20.699924
v 1.259628 2.076102 20.681627
v 1.259628 1.960467 20.660937
v 1.259628 1.729915 20.612490
v 1.259628 1.500391 20.554831
v 1.259628 1.271942 20.488218
v 1.259628 1.044588 20.412892
v 1.068939 5.015509 20.343977
v 1.068939 4.848820 20.401816
v 1.068939 4.681538 20.455015
v 1.068939 4.513666 20.503489
v 1.068939 4.284206 20.561705
v 1.068939 4.053716 20.610725
v 1.068939 3.938109 20.631707
v 1.068939 3.822278 20.650299
v 1.068939 3.706244 20.666476
v 1.068939 3.590026 20.680218
v 1.068939 3.473652 20.691510
v 1.068939 3.357148 20.700338
v 1.068939 3.240544 20.706694
v 1.068939 3.123872 20.710572
v 1.068939 3.007166 20.711966
v 1.068939 2.890457 20.710877
v 1.068939 2.773779 20.707304
v 1.068939 2.657165 20.701252
v 1.068939 2.540647 20.692727
v 1.068939 2.424255 20.681737
v 1.068939 2.308017 20.668295
v 1.068939 2.191959 20.652416
v 1.068939 2.076102 20.634119
v 1.068939 1.960467 20.613429
v 1.068939 1.729915 20.564982
v 1.068939 1.500391 20.507323
v 1.068939 1.271942 20.440710
v 1.068939 1.044588 20.365384
v 0.877395 5.015509 20.303541
v 0.877395 4.848820 20.361379
v 0.877395 4.681538 20.414579
v 0.877395 4.513666 20.463053
v 0.877395 4.284206 20.521269
v 0.877395 4.053716 20.570289
v 0.877395 3.938109 20.591271
v 0.877395 3.822278 20.609863
v 0.877395 3.706244 20.626040
v 0.877395 3.590026 20.639782
v 0.877395 3.473652 20.651074
v 0.877395 3.357148 20.659902
v 0.877395 3.240544 20.666258
v 0.877395 3.123872 20.670135
v 0.877395 3.007166 20.671530
v 0.877395 2.890457 20.670440
v 0.877395 2.773779 20.666868
v 0.877395 2.657165 20.660816
v 0.877395 2.540647 20.652291
v 0.877395 2.424255 20.641301
v 0.877395 2.308017 20.627859
v 0.877395 2.191959 20.611980
v 0.877395 2.076102 20.593683
v 0.877395 1.960467 20.572993
v 0.877395 1.729915 20.524546
v 0.877395 1.500391 20.466887
v 0.877395 1.271942 20.400273
v 0.877395 1.044588 20.324948
v 0.684772 5.015509 20.270897
v 0.684772 4.848820 20.328735
v 0.684772 4.681538 20.381935
v 0.684772 4.513666 20.430408
v 0.684772 4.284206 20.488625
v 0.684772 4.053716 20.537645
v 0.684772 3.938109 20.558627
v 0.684772 3.822278 20.577219
v 0.684772 3.706244 20.593396
v 0.684772 3.590026 20.607138
v 0.684772 3.473652 20.618430
v 0.684772 3.357148 20.627258
v 0.684772 3.240544 20.633614
v 0.684772 3.123872 20.637491
v 0.684772 3.007166 20.638886
v 0.684772 2.890457 20.637796
v 0.684772 2.773779 20.634224
v 0.684772 2.657165 20.628172
v 0.684772 2.540647 20.619647
v 0.684772 2.424255 20.608657
v 0.684772 2.308017 20.595215
v 0.684772 2.191959 20.579335
v 0.684772 2.076102 20.561039
v 0.684772 1.960467 20.540349
v 0.684772 1.729915 20.491902
v 0.684772 1.500391 20.434243
v 0.684772 1.271942 20.367629
v 0.684772 1.044588 20.292303
v 0.490985 5.015509 20.246507
v 0.490985 4.848820 20.304346
v 0.490985 4.681538 20.357545
v 0.490985 4.513666 20.406019
v 0.490985 4.284206 20.464235
v 0.490985 4.053716 20.513255
v 0.490985 3.938109 20.534237
v 0.490985 3.822278 20.552829
v 0.490985 3.706244 20.569006
v 0.490985 3.590026 20.582748
v 0.490985 3.473652 20.594040
v 0.490985 3.357148 20.602869
v 0.490985 3.240544 20.609225
v 0.490985 3.123872 20.613102
v 0.490985 3.007166 20.614496
v 0.490985 2.890457 20.613407
v 0.490985 2.773779 20.609834
v 0.490985 2.657165 20.603782
v 0.490985 2.540647 20.595257
v 0.490985 2.424255 20.584267
v 0.490985 2.308017 20.570825
v 0.490985 2.191959 20.554946
v 0.490985 2.076102 20.536649
v 0.490985 1.960467 20.515959
v 0.490985 1.729915 20.467512
v 0.490985 1.500391 20.409853
v 0.490985 1.271942 20.343240
v 0.490985 1.044588 20.267914
v 0.296077 5.015509 20.230588
v 0.296077 4.848820 20.288426
v 0.296077 4.681538 20.341626
v 0.296077 4.513666 20.390099
v 0.296077 4.284206 20.448316
v 0.296077 4.053716 20.497336
v 0.296077 3.938109 20.518318
v 0.296077 3.822278 20.536910
v 0.296077 3.706244 20.553087
v 0.296077 3.590026 20.566829
v 0.296077 3.473652 20.578121
v 0.296077 3.357148 20.586949
v 0.296077 3.240544 20.593305
v 0.296077 3.123872 20.597182
v 0.296077 3.007166 20.598577
v 0.296077 2.890457 20.597487
v 0.296077 2.773779 20.593915
v 0.296077 2.657165 20.587863
v 0.296077 2.540647 20.579338
v 0.296077 2.424255 20.568348
v 0.296077 2.308017 20.554906
v 0.296077 2.191959 20.539026
v 0.296077 2.076102 20.520730
v 0.296077 1.960467 20.500040
v 0.296077 1.729915 20.451593
v 0.296077 1.500391 20.393934
v 0.296077 1.271942 20.327320
v 0.296077 1.044588 20.251995
v 0.100197 5.015509 20.223143
v 0.100197 4.848820 20.280981
v 0.100197 4.681538 20.334181
v 0.100197 4.513666 20.382654
v 0.100197 4.284206 20.440871
v 0.100197 4.053716 20.489890
v 0.100197 3.938109 20.510873
v 0.100197 3.822278 20.529464
v 0.100197 3.706244 20.545642
v 0.100197 3.590026 20.559384
v 0.100197 3.473652 20.570676
v 0.100197 3.357148 20.579504
v 0.100197 3.240544 20.585860
v 0.100197 3.123872 20.589737
v 0.100197 3.007166 20.591132
v 0.100197 2.890457 20.590042
v 0.100197 2.773779 20.586470
v 0.100197 2.657165 20.580418
v 0.100197 2.540647 20.571892
v 0.100197 2.424255 20.560903
v 0.100197 2.308017 20.547460
v 0.100197 2.191959 20.531581
v 0.100197 2.076102 20.513285
v 0.100197 1.960467 20.492595
v 0.100197 1.729915 20.444148
v 0.100197 1.500391 20.386488
v 0.100197 1.271942 20.319875
v 0.100197 1.044588 20.244549
v -0.096425 5.015509 20.224011
v -0.096425 4.848820 20.281849
v -0.096425 4.681538 20.335049
v -0.096425 4.513666 20.383522
v -0.096425 4.284206 20.441739
v -0.096425 4.053716 20.490759
v -0.096425 3.938109 20.511741
v -0.096425 3.822278 20.530333
v -0.096425 3.706244 20.546510
v -0.096425 3.590026 20.560252
v -0.096425 3.473652 20.571544
v -0.096425 3.357148 20.580372
v -0.096425 3.240544 20.586728
v -0.096425 3.123872 20.590605
v -0.096425 3.007166 20.592000
v -0.096425 2.890457 20.590910
v -0.096425 2.773779 20.587338
v -0.096425 2.657165 20.581286
v -0.096425 2.540647 20.572761
v -0.096425 2.424255 20.561771
v -0.096425 2.308017 20.548329
v -0.096425 2.191959 20.532449
v -0.096425 2.076102 20.514153
v -0.096425 1.960467 20.493463
v -0.096425 1.729915 20.445016
v -0.096425 1.500391 20.387357
v -0.096425 1.271942 20.320743
v -0.096425 1.044588 20.245418
v -0.293504 5.015509 20.232910
v -0.293504 4.848820 20.290748
v -0.293504 4.681538 20.343948
v -0.293504 4.513666 20.392421
v -0.293504 4.284206 20.450638
v -0.293504 4.053716 20.499657
v -0.293504 3.938109 20.520640
v -0.293504 3.822278 20.539231
v -0.293504 3.706244 20.555409
v -0.293504 3.590026 20.569151
v -0.293504 3.473652 20.580443
v -0.293504 3.357148 20.589271
v -0.293504 3.240544 20.595627
v -0.293504 3.123872 20.599504
v -0.293504 3.007166 20.600899
v -0.293504 2.890457 20.599809
v -0.293504 2.773779 20.596237
v -0.293504 2.657165 20.590185
v -0.293504 2.540647 20.581659
v -0.293504 2.424255 20.570670
v -0.293504 2.308017 20.557227
v -0.293504 2.191959 20.541348
v -0.293504 2.076102 20.523052
v -0.293504 1.960467 20.502362
v -0.293504 1.729915 20.453915
v -0.293504 1.500391 20.396255
v -0.293504 1.271942 20.329642
v -0.293504 1.044588 20.254316
v -0.490727 5.015509 20.249473
v -0.490727 4.848820 20.307311
v -0.490727 4.681538 20.360511
v -0.490727 4.513666 20.408984
v -0.490727 4.284206 20.467201
v -0.490727 4.053716 20.516221
v -0.490727 3.938109 20.537203
v -0.490727 3.822278 20.555795
v -0.490727 3.706244 20.571972
v -0.490727 3.590026 20.585714
v -0.490727 3.473652 20.597006
v -0.490727 3.357148 20.605834
v -0.490727 3.240544 20.612190
v -0.490727 3.123872 20.616067
v -0.490727 3.007166 20.617462
v -0.490727 2.890457 20.616372
v -0.490727 2.773779 20.612800
v -0.490727 2.657165 20.606748
v -0.490727 2.540647 20.598223
v -0.490727 2.424255 20.587233
v -0.490727 2.308017 20.573791
v -0.490727 2.191959 20.557911
v -0.490727 2.076102 20.539615
v -0.490727 1.960467 20.518925
v -0.490727 1.729915 20.470478
v -0.490727 1.500391 20.412819
v -0.490727 1.271942 20.346205
v -0.490727 1.044588 20.270880
v -0.687774 5.015509 20.273291
v -0.687774 4.848820 20.331129
v -0.687774 4.681538 20.384329
v -0.687774 4.513666 20.432802
v -0.687774 4.284206 20.491019
v -0.687774 4.053716 20.540039
v -0.687774 3.938109 20.561021
v -0.687774 3.822278 20.579612
v -0.687774 3.706244 20.595790
v -0.687774 3.590026 20.609532
v -0.687774 3.473652 20.620824
v -0.687774 3.357148 20.629652
v -0.687774 3.240544 20.636008
v -0.687774 3.123872 20.639885
v -0.687774 3.007166 20.641280
v -0.687774 2.890457 20.640190
v -0.687774 2.773779 20.636618
v -0.687774 2.657165 20.630566
v -0.687774 2.540647 20.622041
v -0.687774 2.424255 20.611051
v -0.687774 2.308017 20.597609
v -0.687774 2.191959 20.581729
v -0.687774 2.076102 20.563433
v -0.687774 1.960467 20.542743
v -0.687774 1.729915 20.494296
v -0.687774 1.500391 20.436637
v -0.687774 1.271942 20.370023
v -0.687774 1.044588 20.294697
v -0.884347 5.015509 20.303949
v -0.884347 4.848820 20.361787
v -0.884347 4.681538 20.414987
v -0.884347 4.513666 20.463460
v -0.884347 4.284206 20.521677
v -0.884347 4.053716 20.570697
v -0.884347 3.938109 20.591679
v -0.884347 3.822278 20.610270
v -0.884347 3.706244 20.626448
v -0.884347 3.590026 20.640190
v -0.884347 3.473652 20.651482
v -0.884347 3.357148 20.660310
v -0.884347 3.240544 20.666666
v -0.884347 3.123872 20.670543
v -0.884347 3.007166 20.671938
v -0.884347 2.890457 20.670848
v -0.884347 2.773779 20.667276
v -0.884347 2.657165 20.661224
v -0.884347 2.540647 20.652699
v -0.884347 2.424255 20.641709
v -0.884347 2.308017 20.628267
v -0.884347 2.191959 20.612387
v -0.884347 2.076102 20.594091
v -0.884347 1.960467 20.573401
v -0.884347 1.729915 20.524954
v -0.884347 1.500391 20.467295
v -0.884347 1.271942 20.400681
v -0.884347 1.044588 20.325355
v -1.080191 5.015509 20.341066
v -1.080191 4.848820 20.398904
v -1.080191 4.681538 20.452104
v -1.080191 4.513666 20.500578
v -1.080191 4.284206 20.558794
v -1.080191 4.053716 20.607814
v -1.080191 3.938109 20.628796
v -1.080191 3.822278 20.647388
v -1.080191 3.706244 20.663565
v -1.080191 3.590026 20.677307
v -1.080191 3.473652 20.688599
v -1.080191 3.357148 20.697427
v -1.080191 3.240544 20.703783
v -1.080191 3.123872 20.707660
v -1.080191 3.007166 20.709055
v -1.080191 2.890457 20.707965
v -1.080191 2.773779 20.704393
v -1.080191 2.657165 20.698341
v -1.080191 2.540647 20.689816
v -1.080191 2.424255 20.678826
v -1.080191 2.308017 20.665384
v -1.080191 2.191959 20.649505
v -1.080191 2.076102 20.631208
v -1.080191 1.960467 20.610518
v -1.080191 1.729915 20.562071
v -1.080191 1.500391 20.504412
v -1.080191 1.271942 20.437798
v -1.080191 1.044588 20.362473
v -1.275109 5.015509 20.384316
v -1.275109 4.848820 20.442155
v -1.275109 4.681538 20.495354
v -1.275109 4.513666 20.543828
v -1.275109 4.284206 20.602044
v -1.275109 4.053716 20.651064
v -1.275109 3.938109 20.672046
v -1.275109 3.822278 20.690638
v -1.275109 3.706244 20.706815
v -1.275109 3.590026 20.720557
v -1.275109 3.473652 20.731849
v -1.275109 3.357148 20.740678
v -1.275109 3.240544 20.747034
v -1.275109 3.123872 20.750911
v -1.275109 3.007166 20.752305
v -1.275109 2.890457 20.751216
v -1.275109 2.773779 20.747643
v -1.275109 2.657165 20.741591
v -1.275109 2.540647 20.733066
v -1.275109 2.424255 20.722076
v -1.275109 2.308017 20.708634
v -1.275109 2.191959 20.692755
v -1.275109 2.076102 20.674458
v -1.275109 1.960467 20.653768
v -1.275109 1.729915 20.605321
v -1.275109 1.500391 20.547662
v -1.275109 1.271942 20.481049
v -1.275109 1.044588 20.405723
v -1.468954 5.015509 20.433430
v -1.468954 4.848820 20.491268
v -1.468954 4.681538 20.544468
v -1.468954 4.513666 20.592942
v -1.468954 4.284206 20.651158
v -1.468954 4.053716 20.700178
v -1.468954 3.938109 20.721160
v -1.468954 3.822278 20.739752
v -1.468954 3.706244 20.755929
v -1.468954 3.590026 20.769671
v -1.468954 3.473652 20.780963
v -1.468954 3.357148 20.789791
v -1.468954 3.240544 20.796147
v -1.468954 3.123872 20.800024
v -1.468954 3.007166 20.801419
v -1.468954 2.890457 20.800329
v -1.468954 2.773779 20.796757
v -1.468954 2.657165 20.790705
v -1.468954 2.540647 20.782180
v -1.468954 2.424255 20.771190
v -1.468954 2.308017 20.757748
v -1.468954 2.191959 20.741869
v -1.468954 2.076102 20.723572
v -1.468954 1.960467 20.702882
v -1.468954 1.729915 20.654435
v -1.468954 1.500391 20.596776
v -1.468954 1.271942 20.530162
v -1.468954 1.044588 20.454837
v -1.661626 5.015509 20.488191
v -1.661626 4.848820 20.546030
v -1.661626 4.681538 20.599229
v -1.661626 4.513666 20.647703
v -1.661626 4.284206 20.705919
v -1.661626 4.053716 20.754939
v -1.661626 3.938109 20.775921
v -1.661626 3.822278 20.794513
v -1.661626 3.706244 20.810690
v -1.661626 3.590026 20.824433
v -1.661626 3.473652 20.835724
v -1.661626 3.357148 20.844553
v -1.661626 3.240544 20.850909
v -1.661626 3.123872 20.854786
v -1.661626 3.007166 20.856180
v -1.661626 2.890457 20.855091
v -1.661626 2.773779 20.851518
v -1.661626 2.657165 20.845466
v -1.661626 2.540647 20.836941
v -1.661626 2.424255 20.825951
v -1.661626 2.308017 20.812509
v -1.661626 2.191959 20.796630
v -1.661626 2.076102 20.778333
v -1.661626 1.960467 20.757643
v -1.661626 1.729915 20.709196
v -1.661626 1.500391 20.651537
v -1.661626 1.271942 20.584924
v -1.661626 1.044588 20.509598
v 2.374024 1.044588 20.774135
v 2.374024 1.271942 20.849461
v 2.151965 1.500391 20.839716
v 2.151965 1.271942 20.773103
v 2.599079 1.044588 20.849691
v -2.500000 4.880093 20.089129
v -2.500000 4.759334 20.132019
v -2.500000 4.637746 20.172456
v -2.500000 4.515344 20.210359
v -2.500000 4.392169 20.245644
v -2.500000 4.268261 20.278226
v -2.500000 4.143659 20.308020
v -2.500000 4.018403 20.334940
v -2.500000 3.892533 20.358903
v -2.500000 3.766090 20.379822
v -2.500000 3.639134 20.397606
v -2.500000 3.511770 20.412198
v -2.500000 3.384083 20.423580
v -2.500000 3.256155 20.431740
v -2.500000 3.128071 20.436661
v -2.500000 2.999915 20.438328
v -2.500000 2.871771 20.436727
v -2.500000 2.743724 20.431843
v -2.500000 2.615855 20.423661
v -2.500000 2.488237 20.412207
v -2.500000 2.360937 20.397541
v -2.500000 2.234025 20.379726
v -2.500000 2.107568 20.358824
v -2.500000 1.981635 20.334899
v -2.500000 1.856293 20.308013
v -2.500000 1.731611 20.278227
v -2.500000 1.607659 20.245626
v -2.500000 1.484485 20.210330
v -2.500000 1.362110 20.172424
v -2.500000 1.240557 20.131990
v -2.500000 1.119846 20.089111
v -2.500000 1.000000 20.043868
v -2.495551 0.975895 20.105904
v -2.482282 0.952219 20.166836
v -2.460430 0.929393 20.225579
v -2.430383 0.907824 20.281089
v -2.392677 0.887895 20.332377
v -2.347982 0.869962 20.378530
v -2.297094 0.854342 20.418727
v -2.240918 0.841316 20.452252
v -2.180455 0.831113 20.478509
v -2.116780 0.823916 20.497031
v -2.051026 0.819853 20.507487
v -1.984365 0.818996 20.509693
v -1.917982 0.821361 20.503608
v -2.497762 2.368909 20.445894
v -1.909124 2.313855 20.887106
v -2.497757 3.140957 20.483352
v -1.908199 3.153367 20.927581
v -2.497770 4.018430 20.382772
v -1.910144 3.988580 20.841343
v -2.497797 4.876725 20.139969
v -2.491250 4.892483 20.183403
v -2.480456 4.907967 20.226082
v -2.465509 4.923042 20.267633
v -2.446504 4.937572 20.307682
v -2.423565 4.951426 20.345868
v -2.396926 4.964493 20.381883
v -2.366853 4.976664 20.415432
v -2.333230 4.987950 20.446539
v -2.296642 4.998101 20.474518
v -2.261770 5.006108 20.496587
v -2.225036 5.013085 20.515820
v -2.186719 5.018993 20.532105
v -2.147094 5.023792 20.545333
v -2.106438 5.027442 20.555393
v -2.065029 5.029904 20.562179
v -2.023153 5.031159 20.565637
v -1.981108 5.031211 20.565782
v -1.915823 5.028906 20.559427
v -2.497789 4.663390 20.213247
v -2.491220 4.677628 20.257285
v -2.480389 4.691618 20.300555
v -2.465391 4.705236 20.342676
v -2.446323 4.718361 20.383270
v -2.423308 4.730873 20.421969
v -2.396583 4.742671 20.458459
v -2.366415 4.753658 20.492441
v -2.332689 4.763841 20.523937
v -2.295991 4.772996 20.552253
v -2.261019 4.780213 20.574573
v -2.224185 4.786497 20.594009
v -2.185767 4.791812 20.610449
v -2.146044 4.796123 20.623781
v -2.105294 4.799393 20.633894
v -2.063796 4.801587 20.640679
v -2.021839 4.802687 20.644082
v -1.979721 4.802700 20.644121
v -1.914343 4.800559 20.637498
v -2.497782 4.447470 20.278774
v -2.491191 4.460084 20.323380
v -2.480325 4.472477 20.367206
v -2.465280 4.484540 20.409865
v -2.446153 4.496164 20.450971
v -2.423067 4.507243 20.490152
v -2.396261 4.517688 20.527089
v -2.366004 4.527412 20.561477
v -2.332181 4.536423 20.593339
v -2.295382 4.544519 20.621970
v -2.260317 4.550898 20.644526
v -2.223388 4.556448 20.664152
v -2.184876 4.561137 20.680736
v -2.145061 4.564935 20.694165
v -2.104223 4.567809 20.704325
v -2.062642 4.569727 20.711107
v -2.020609 4.570675 20.714458
v -1.978423 4.570658 20.714394
v -1.912959 4.568713 20.707515
v -2.497775 4.233989 20.334919
v -2.491166 4.244915 20.380035
v -2.480269 4.255649 20.424360
v -2.465181 4.266097 20.467501
v -2.446001 4.276163 20.509067
v -2.422851 4.285757 20.548681
v -2.395973 4.294799 20.586019
v -2.365636 4.303215 20.620771
v -2.331727 4.311011 20.652961
v -2.294837 4.318014 20.681874
v -2.259688 4.323527 20.704641
v -2.222675 4.328322 20.724437
v -2.184079 4.332369 20.741149
v -2.144182 4.335643 20.754662
v -2.103265 4.338114 20.764864
v -2.061611 4.339756 20.771642
v -2.019510 4.340556 20.774944
v -1.977264 4.340518 20.774786
v -1.911723 4.338797 20.767674
v -2.497772 4.126456 20.359909
v -2.491154 4.136503 20.405260
v -2.480243 4.146374 20.449814
v -2.465136 4.155980 20.493177
v -2.445931 4.165235 20.534955
v -2.422752 4.174055 20.574767
v -2.395841 4.182368 20.612289
v -2.365468 4.190104 20.647209
v -2.331518 4.197269 20.679549
v -2.294587 4.203703 20.708592
v -2.259400 4.208769 20.731455
v -2.222348 4.213172 20.751329
v -2.183714 4.216887 20.768099
v -2.143779 4.219890 20.781652
v -2.102826 4.222155 20.791872
v -2.061138 4.223656 20.798647
v -2.019006 4.224383 20.801926
v -1.976733 4.224339 20.801725
v -1.911156 4.222741 20.794505
v -2.491143 4.027574 20.428342
v -2.480219 4.036558 20.473110
v -2.465094 4.045302 20.516680
v -2.445866 4.053726 20.558655
v -2.422660 4.061752 20.598653
v -2.395718 4.069317 20.636346
v -2.365310 4.076356 20.671422
v -2.331324 4.082874 20.703903
v -2.294354 4.088727 20.733067
v -2.259131 4.093333 20.756020
v -2.222043 4.097336 20.775966
v -2.183373 4.100713 20.792791
v -2.143404 4.103440 20.806379
v -2.102418 4.105495 20.816617
v -2.060698 4.106854 20.823390
v -2.018537 4.107508 20.826646
v -1.976238 4.107460 20.826404
v -1.910629 4.105992 20.819083
v -2.497765 3.800995 20.421897
v -2.491124 3.808270 20.467853
v -2.480177 3.815416 20.512998
v -2.465020 3.822370 20.556932
v -2.445751 3.829069 20.599255
v -2.422498 3.835452 20.639579
v -2.395502 3.841467 20.677574
v -2.365034 3.847063 20.712925
v -2.330984 3.852243 20.745653
v -2.293945 3.856893 20.775029
v -2.258660 3.860551 20.798139
v -2.221508 3.863729 20.818212
v -2.182775 3.866407 20.835133
v -2.142745 3.868568 20.848784
v -2.101700 3.870193 20.859051
v -2.059925 3.871264 20.865819
v -2.017714 3.871774 20.869036
v -1.975369 3.871724 20.868721
v -1.909704 3.870537 20.861221
v -1.975782 3.989912 20.848758
v -2.018105 3.989962 20.849038
v -2.060293 3.989380 20.845802
v -2.102041 3.988164 20.839032
v -2.143058 3.986323 20.828779
v -2.183060 3.983876 20.815157
v -2.221763 3.980845 20.798282
v -2.258884 3.977251 20.778270
v -2.294140 3.973114 20.755234
v -2.331146 3.967856 20.725959
v -2.365166 3.961999 20.693349
v -2.395604 3.955674 20.658129
v -2.422575 3.948875 20.620277
v -2.445806 3.941661 20.580108
v -2.465055 3.934090 20.537951
v -2.480197 3.926230 20.494190
v -2.491133 3.918155 20.449225
v -2.497767 3.909934 20.403453
v -2.497763 3.691646 20.438047
v -2.491116 3.697954 20.484166
v -2.480159 3.704150 20.529471
v -2.464988 3.710180 20.573559
v -2.445703 3.715989 20.616029
v -2.422429 3.721523 20.656491
v -2.395410 3.726737 20.694615
v -2.364918 3.731588 20.730082
v -2.330839 3.736079 20.762914
v -2.293772 3.740109 20.792380
v -2.258460 3.743279 20.815557
v -2.221282 3.746031 20.835684
v -2.182523 3.748351 20.852644
v -2.142466 3.750222 20.866322
v -2.101396 3.751628 20.876601
v -2.059598 3.752553 20.883367
v -2.017366 3.752991 20.886567
v -1.975002 3.752943 20.886221
v -1.909313 3.751907 20.878644
v -2.497761 3.581959 20.451850
v -2.491109 3.587285 20.498109
v -2.480143 3.592517 20.543551
v -2.464961 3.597609 20.587772
v -2.445662 3.602513 20.630369
v -2.422371 3.607185 20.670950
v -2.395332 3.611587 20.709184
v -2.364817 3.615682 20.744751
v -2.330715 3.619473 20.777673
v -2.293623 3.622875 20.807216
v -2.258289 3.625550 20.830451
v -2.221088 3.627872 20.850623
v -2.182305 3.629829 20.867618
v -2.142226 3.631407 20.881319
v -2.101135 3.632591 20.891608
v -2.059317 3.633370 20.898372
v -2.017066 3.633737 20.901558
v -1.974687 3.633694 20.901185
v -1.908977 3.632814 20.893542
v -2.497759 3.471992 20.463291
v -2.491103 3.476324 20.509668
v -2.480130 3.480580 20.555225
v -2.464939 3.484721 20.599557
v -2.445627 3.488710 20.642259
v -2.422321 3.492511 20.682940
v -2.395266 3.496091 20.721265
v -2.364734 3.499421 20.756916
v -2.330612 3.502504 20.789913
v -2.293499 3.505270 20.819520
v -2.258146 3.507445 20.842803
v -2.220926 3.509333 20.863014
v -2.182124 3.510923 20.880038
v -2.142027 3.512205 20.893757
v -2.100918 3.513167 20.904055
v -2.059083 3.513799 20.910817
v -2.016817 3.514095 20.913990
v -1.974424 3.514059 20.913595
v -1.908696 3.513340 20.905897
v -2.497758 3.361799 20.472362
v -2.491099 3.365128 20.518832
v -2.480120 3.368398 20.564481
v -2.464921 3.371580 20.608901
v -2.445599 3.374644 20.651688
v -2.422282 3.377564 20.692448
v -2.395214 3.380315 20.730847
v -2.364667 3.382873 20.766564
v -2.330530 3.385241 20.799621
v -2.293400 3.387366 20.829280
v -2.258031 3.389036 20.852600
v -2.220796 3.390487 20.872843
v -2.181980 3.391708 20.889889
v -2.141867 3.392692 20.903623
v -2.100744 3.393430 20.913928
v -2.058896 3.393914 20.920689
v -2.016618 3.394141 20.923852
v -1.974214 3.394112 20.923439
v -1.908473 3.393558 20.915697
v -2.497757 3.251436 20.479052
v -2.491095 3.253753 20.525592
v -2.480112 3.256030 20.571309
v -2.464907 3.258245 20.615795
v -2.445579 3.260379 20.658645
v -2.422253 3.262412 20.699464
v -2.395175 3.264327 20.737917
v -2.364617 3.266108 20.773684
v -2.330468 3.267757 20.806786
v -2.293327 3.269236 20.836483
v -2.257947 3.270398 20.859832
v -2.220700 3.271408 20.880096
v -2.181872 3.272258 20.897160
v -2.141749 3.272942 20.910905
v -2.100615 3.273456 20.921215
v -2.058757 3.273793 20.927975
v -2.016470 3.273950 20.931131
v -1.974058 3.273929 20.930704
v -1.908307 3.273542 20.922929
v -2.497757 3.030417 20.485252
v -2.491092 3.030699 20.531858
v -2.480105 3.030976 20.577640
v -2.464895 3.031245 20.622189
v -2.445559 3.031505 20.665097
v -2.422226 3.031752 20.705972
v -2.395138 3.031985 20.744477
v -2.364570 3.032202 20.780291
v -2.330410 3.032403 20.813435
v -2.293257 3.032583 20.843168
v -2.257866 3.032724 20.866544
v -2.220609 3.032847 20.886830
v -2.181771 3.032951 20.903909
v -2.141637 3.033034 20.917665
v -2.100493 3.033096 20.927980
v -2.058626 3.033138 20.934738
v -2.016330 3.033157 20.937887
v -1.973910 3.033154 20.937447
v -1.908150 3.033107 20.929641
v -1.973956 3.153585 20.935378
v -2.016373 3.153597 20.935814
v -2.058667 3.153508 20.932662
v -2.100531 3.153319 20.925904
v -2.141672 3.153031 20.915590
v -2.181802 3.152647 20.901838
v -2.220637 3.152170 20.884763
v -2.257891 3.151603 20.864484
v -2.293279 3.150950 20.841116
v -2.330428 3.150120 20.811394
v -2.364585 3.149195 20.778264
v -2.395149 3.148195 20.742465
v -2.422234 3.147120 20.703976
v -2.445565 3.145978 20.663118
v -2.464899 3.144780 20.620228
v -2.480107 3.143536 20.575699
v -2.491093 3.142258 20.529937
v -2.497757 2.919871 20.484743
v -2.491092 2.919133 20.531344
v -2.480106 2.918408 20.577121
v -2.464896 2.917703 20.621666
v -2.445560 2.917023 20.664571
v -2.422227 2.916376 20.705442
v -2.395140 2.915767 20.743943
v -2.364574 2.915200 20.779754
v -2.330414 2.914675 20.812895
v -2.293262 2.914205 20.842625
v -2.257872 2.913834 20.865999
v -2.220615 2.913513 20.886284
v -2.181778 2.913243 20.903362
v -2.141644 2.913025 20.917118
v -2.100502 2.912862 20.927432
v -2.058635 2.912755 20.934190
v -2.016340 2.912705 20.937340
v -1.973921 2.912712 20.936901
v -1.908161 2.912836 20.929096
v -2.497757 2.809373 20.481814
v -2.491094 2.807617 20.528385
v -2.480109 2.805892 20.574133
v -2.464901 2.804214 20.618650
v -2.445569 2.802597 20.661527
v -2.422240 2.801057 20.702373
v -2.395157 2.799606 20.740851
v -2.364595 2.798257 20.776641
v -2.330441 2.797008 20.809762
v -2.293294 2.795888 20.839476
v -2.257908 2.795007 20.862838
v -2.220657 2.794242 20.883113
v -2.181824 2.793599 20.900184
v -2.141695 2.793080 20.913934
v -2.100557 2.792692 20.924246
v -2.058695 2.792437 20.931005
v -2.016403 2.792318 20.934158
v -1.973988 2.792334 20.933724
v -1.908232 2.792628 20.925934
v -2.497758 2.698978 20.476456
v -2.491097 2.696208 20.522971
v -2.480115 2.693487 20.568665
v -2.464912 2.690840 20.613128
v -2.445586 2.688289 20.655956
v -2.422263 2.685860 20.696754
v -2.395188 2.683571 20.735189
v -2.364635 2.681442 20.770939
v -2.330490 2.679472 20.804024
v -2.293352 2.677704 20.833708
v -2.257976 2.676314 20.857047
v -2.220734 2.675108 20.877304
v -2.181910 2.674092 20.894361
v -2.141790 2.673274 20.908103
v -2.100660 2.672660 20.918411
v -2.058806 2.672258 20.925170
v -2.016522 2.672070 20.928329
v -1.974112 2.672095 20.927906
v -1.908365 2.672557 20.920142
v -2.497759 2.588739 20.468663
v -2.491101 2.584962 20.515097
v -2.480124 2.581251 20.560710
v -2.464928 2.577640 20.605097
v -2.445610 2.574162 20.647851
v -2.422297 2.570848 20.688580
v -2.395234 2.567726 20.726951
v -2.364693 2.564823 20.762642
v -2.330562 2.562135 20.795676
v -2.293439 2.559724 20.825315
v -2.258076 2.557828 20.848621
v -2.220846 2.556182 20.868851
v -2.182036 2.554796 20.885888
v -2.141929 2.553679 20.899616
v -2.100811 2.552841 20.909919
v -2.058969 2.552291 20.916680
v -2.016695 2.552033 20.919847
v -1.974295 2.552066 20.919440
v -1.908560 2.552694 20.911715
v -2.497760 2.478701 20.458462
v -2.491106 2.473925 20.504790
v -2.480136 2.469233 20.550299
v -2.464948 2.464667 20.594585
v -2.445641 2.460269 20.637243
v -2.422342 2.456079 20.677882
v -2.395293 2.452131 20.716169
v -2.364769 2.448459 20.751785
v -2.330655 2.445060 20.784750
v -2.293551 2.442010 20.814331
v -2.258205 2.439612 20.837593
v -2.220993 2.437530 20.857789
v -2.182200 2.435776 20.874800
v -2.142110 2.434362 20.888511
v -2.101009 2.433300 20.898806
v -2.059181 2.432603 20.905568
v -2.016921 2.432275 20.908747
v -1.974534 2.432314 20.908361
v -1.908814 2.433105 20.900686
v -2.497764 2.259409 20.431000
v -2.491120 2.252670 20.477045
v -2.480167 2.246051 20.522278
v -2.465002 2.239609 20.566298
v -2.445725 2.233404 20.608702
v -2.422460 2.227492 20.649102
v -2.395451 2.221921 20.687168
v -2.364970 2.216738 20.722583
v -2.330904 2.211940 20.755369
v -2.293849 2.207634 20.784794
v -2.258549 2.204246 20.807942
v -2.221383 2.201304 20.828045
v -2.182636 2.198825 20.844987
v -2.142591 2.196824 20.858653
v -2.101532 2.195320 20.868926
v -2.059744 2.194330 20.875693
v -2.017521 2.193860 20.878901
v -1.975167 2.193908 20.878569
v -1.909488 2.195010 20.871027
v -1.974825 2.312906 20.894720
v -2.017198 2.312861 20.895081
v -2.059441 2.313260 20.891889
v -2.101250 2.314104 20.885124
v -2.142331 2.315388 20.874839
v -2.182401 2.317097 20.861149
v -2.221173 2.319215 20.844169
v -2.258364 2.321730 20.824017
v -2.293689 2.324626 20.800807
v -2.330770 2.328308 20.771298
v -2.364861 2.332411 20.738416
v -2.395366 2.336844 20.702892
v -2.422396 2.341608 20.664707
v -2.445680 2.346665 20.624178
v -2.464973 2.351973 20.581637
v -2.480150 2.357483 20.537474
v -2.491112 2.363145 20.492092
v -2.497766 2.150243 20.413819
v -2.491128 2.142547 20.459692
v -2.480186 2.134986 20.504756
v -2.465035 2.127628 20.548612
v -2.445776 2.120540 20.590860
v -2.422533 2.113786 20.631115
v -2.395548 2.107422 20.669046
v -2.365093 2.101501 20.704338
v -2.331056 2.096018 20.737013
v -2.294032 2.091097 20.766343
v -2.258760 2.087225 20.789420
v -2.221623 2.083861 20.809466
v -2.182903 2.081025 20.826366
v -2.142885 2.078737 20.840004
v -2.101853 2.077015 20.850264
v -2.060090 2.075878 20.857034
v -2.017890 2.075337 20.860259
v -1.975555 2.075386 20.859960
v -1.909901 2.076637 20.852498
v -2.497768 2.041459 20.394392
v -2.491138 2.032823 20.440073
v -2.480207 2.024339 20.484949
v -2.465072 2.016081 20.528624
v -2.445833 2.008127 20.570700
v -2.422613 2.000547 20.610791
v -2.395655 1.993404 20.648572
v -2.365231 1.986757 20.683727
v -2.331226 1.980603 20.716279
v -2.294236 1.975077 20.745504
v -2.258995 1.970729 20.768502
v -2.221889 1.966951 20.788485
v -2.183201 1.963764 20.805338
v -2.143213 1.961192 20.818944
v -2.102210 1.959254 20.829190
v -2.060475 1.957973 20.835962
v -2.018299 1.957359 20.839207
v -1.975987 1.957408 20.838945
v -1.910362 1.958801 20.831572
v -2.497771 1.933101 20.372760
v -2.491148 1.923545 20.418231
v -2.480230 1.914157 20.462902
v -2.465113 1.905021 20.506379
v -2.445895 1.896218 20.548265
v -2.422701 1.887830 20.588179
v -2.395773 1.879925 20.625795
v -2.365381 1.872569 20.660801
v -2.331412 1.865756 20.693219
v -2.294459 1.859638 20.722328
v -2.259252 1.854823 20.745240
v -2.222180 1.850638 20.765154
v -2.183526 1.847107 20.781954
v -2.143573 1.844255 20.795527
v -2.102602 1.842105 20.805756
v -2.060896 1.840681 20.812531
v -2.018748 1.839994 20.815797
v -1.976461 1.840041 20.815574
v -1.910866 1.841569 20.808298
v -2.497774 1.825213 20.348962
v -2.491160 1.814761 20.394207
v -2.480255 1.804492 20.438658
v -2.465157 1.794498 20.481920
v -2.445962 1.784869 20.523603
v -2.422797 1.775692 20.563326
v -2.395900 1.767044 20.600764
v -2.365544 1.758994 20.635608
v -2.331612 1.751538 20.667881
v -2.294700 1.744843 20.696866
v -2.259530 1.739571 20.719685
v -2.222495 1.734988 20.739524
v -2.183878 1.731120 20.756268
v -2.143961 1.727993 20.769803
v -2.103024 1.725634 20.780015
v -2.061351 1.724068 20.786792
v -2.019233 1.723308 20.790081
v -1.976972 1.723350 20.789900
v -1.911411 1.725006 20.782728
v -2.497780 1.611032 20.295052
v -2.491184 1.598865 20.339801
v -2.480310 1.586911 20.383767
v -2.465253 1.575275 20.426562
v -2.446110 1.564063 20.467797
v -2.423006 1.553377 20.507100
v -2.396180 1.543303 20.544150
v -2.365900 1.533925 20.578640
v -2.332053 1.525237 20.610595
v -2.295228 1.517430 20.639305
v -2.260139 1.511281 20.661920
v -2.223187 1.505932 20.681595
v -2.184651 1.501413 20.698214
v -2.144813 1.497755 20.711667
v -2.103953 1.494989 20.721839
v -2.062352 1.493146 20.728620
v -2.020299 1.492238 20.731957
v -1.978097 1.492263 20.731868
v -1.912610 1.494151 20.724923
v -2.497787 1.399214 20.233191
v -2.491211 1.385437 20.277400
v -2.480370 1.371901 20.320838
v -2.465358 1.358725 20.363121
v -2.446271 1.346026 20.403869
v -2.423235 1.333921 20.442714
v -2.396486 1.322508 20.479339
v -2.366291 1.311880 20.513443
v -2.332535 1.302031 20.545050
v -2.295808 1.293177 20.573460
v -2.260807 1.286199 20.595852
v -2.223945 1.280125 20.615345
v -2.185498 1.274988 20.631828
v -2.145747 1.270824 20.645190
v -2.104971 1.267668 20.655317
v -2.063448 1.265554 20.662101
v -2.021468 1.264498 20.665489
v -1.979329 1.264495 20.665497
v -1.913925 1.266583 20.658797
v -2.497794 1.189873 20.163811
v -2.491240 1.174584 20.207442
v -2.480434 1.159561 20.250313
v -2.465470 1.144936 20.292050
v -2.446445 1.130840 20.332276
v -2.423481 1.117400 20.370630
v -2.396814 1.104726 20.406799
v -2.366710 1.092920 20.440489
v -2.333054 1.081975 20.471723
v -2.296430 1.072132 20.499811
v -2.261525 1.064370 20.521963
v -2.224759 1.057607 20.541261
v -2.186409 1.051883 20.557597
v -2.146751 1.047236 20.570859
v -2.106065 1.043704 20.580937
v -2.064627 1.041326 20.587722
v -2.022725 1.040120 20.591163
v -1.980656 1.040081 20.591273
v -1.915340 1.042338 20.584831
v -2.065263 0.504278 20.043868
v -2.129410 0.517037 20.043868
v -2.191342 0.538060 20.043868
v -2.250000 0.566987 20.043868
v -2.304381 0.603323 20.043868
v -2.353553 0.646447 20.043868
v -2.396677 0.695619 20.043868
v -2.433013 0.750000 20.043868
v -2.461940 0.808658 20.043868
v -2.482963 0.870590 20.043868
v -2.495722 0.934737 20.043868
v -1.861712 0.765233 20.463106
v -1.872891 0.707850 20.429214
v -1.886393 0.655804 20.388283
v -1.901969 0.610044 20.341061
v -1.919336 0.571407 20.288411
v -1.938176 0.540599 20.231294
v -1.958146 0.518182 20.170754
v -1.978880 0.504566 20.107895
v 2.947417 0.504553 20.459137
v 2.927703 0.518130 20.522226
v 2.908713 0.540483 20.582996
v 2.890794 0.571205 20.640340
v 2.874272 0.609737 20.693213
v 2.859448 0.655377 20.740652
v 2.846591 0.707293 20.781794
v 2.835937 0.764541 20.815889
v 1.830533 0.503638 20.076802
v 1.863517 0.786898 20.500857
v 0.856368 0.503563 19.824449
v 0.892061 0.781688 20.227619
v 0.525036 0.503544 19.778983
v 0.587350 0.780112 20.178269
v 0.079692 0.503533 19.753872
v 0.178207 0.779014 20.145362
v -0.736039 0.503552 19.807169
v -0.556332 0.779909 20.177178
v -1.740501 0.503620 20.025685
v -1.723837 0.514393 20.082401
v -1.707659 0.532182 20.137464
v -1.692199 0.556733 20.190082
v -1.677023 0.589273 20.241731
v -1.664999 0.622451 20.282657
v -1.654051 0.660030 20.319917
v -1.644310 0.701576 20.353070
v -1.635894 0.746617 20.381715
v -1.630136 0.785101 20.401312
v -1.497520 0.503600 19.958433
v -1.482826 0.514314 20.015535
v -1.468557 0.532007 20.070982
v -1.454919 0.556428 20.123981
v -1.441527 0.588799 20.176024
v -1.430909 0.621808 20.217283
v -1.421237 0.659203 20.254870
v -1.412624 0.700551 20.288343
v -1.405174 0.745388 20.317298
v -1.400069 0.783705 20.337137
v -1.252469 0.503582 19.899745
v -1.239831 0.514243 19.957195
v -1.227558 0.531849 20.012988
v -1.215824 0.556152 20.066330
v -1.204297 0.588370 20.118729
v -1.195155 0.621227 20.160288
v -1.186822 0.658455 20.198171
v -1.179396 0.699625 20.231932
v -1.172966 0.744278 20.261168
v -1.168554 0.782444 20.281227
v -1.129248 0.503574 19.873773
v -1.117678 0.514211 19.931381
v -1.106441 0.531778 19.987330
v -1.095696 0.556027 20.040829
v -1.085140 0.588175 20.093389
v -1.076765 0.620963 20.135085
v -1.069130 0.658115 20.173103
v -1.062323 0.699204 20.206995
v -1.056427 0.743772 20.236359
v -1.052378 0.781870 20.256519
v -1.005606 0.503567 19.850133
v -0.995133 0.514181 19.907888
v -0.984961 0.531711 19.963983
v -0.975234 0.555911 20.017627
v -0.965676 0.587994 20.070337
v -0.958092 0.620718 20.112160
v -0.951176 0.657799 20.150302
v -0.945008 0.698812 20.184317
v -0.939663 0.743302 20.213800
v -0.935991 0.781337 20.234053
v -0.871031 0.503559 19.827200
v -0.861786 0.514151 19.885100
v -0.852805 0.531645 19.941340
v -0.844217 0.555795 19.995127
v -0.835777 0.587814 20.047986
v -0.829078 0.620474 20.089936
v -0.822968 0.657484 20.128202
v -0.817518 0.698423 20.162338
v -0.812792 0.742835 20.191940
v -0.809543 0.780806 20.212285
v -0.728063 0.514125 19.865199
v -0.720315 0.531585 19.921569
v -0.712905 0.555691 19.975486
v -0.705622 0.587653 20.028478
v -0.699840 0.620255 20.070541
v -0.694566 0.657202 20.108919
v -0.689859 0.698073 20.143165
v -0.685776 0.742416 20.172873
v -0.682969 0.780330 20.193302
v -0.464967 0.503541 19.776146
v -0.459671 0.514081 19.834390
v -0.454525 0.531488 19.890973
v -0.449603 0.555521 19.945100
v -0.444764 0.587388 19.998311
v -0.440922 0.619896 20.040560
v -0.437416 0.656740 20.079120
v -0.434285 0.697501 20.113546
v -0.431568 0.741729 20.143428
v -0.429698 0.779549 20.163994
v -0.558680 0.742046 20.156676
v -0.562094 0.697765 20.126874
v -0.566028 0.656953 20.092531
v -0.570436 0.620061 20.054055
v -0.575266 0.587510 20.011892
v -0.581350 0.555599 19.958781
v -0.587539 0.531533 19.904752
v -0.594009 0.514101 19.848267
v -0.600670 0.503546 19.790122
v -0.328991 0.503537 19.765420
v -0.325113 0.514065 19.823742
v -0.321346 0.531452 19.880403
v -0.317742 0.555458 19.934608
v -0.314198 0.587291 19.987899
v -0.311385 0.619764 20.030216
v -0.308817 0.656570 20.068844
v -0.306524 0.697291 20.103335
v -0.304533 0.741476 20.133282
v -0.303162 0.779262 20.153898
v -0.192828 0.503534 19.758068
v -0.190420 0.514053 19.816446
v -0.188081 0.531427 19.873161
v -0.185842 0.555414 19.927421
v -0.183642 0.587222 19.980769
v -0.181894 0.619671 20.023134
v -0.180299 0.656450 20.061809
v -0.178874 0.697142 20.096346
v -0.177638 0.741298 20.126339
v -0.176786 0.779060 20.146991
v -0.056571 0.503533 19.754187
v -0.055677 0.514047 19.812594
v -0.054809 0.531413 19.869340
v -0.053978 0.555390 19.923629
v -0.053161 0.587185 19.977008
v -0.052513 0.619621 20.019399
v -0.051921 0.656385 20.058100
v -0.051392 0.697062 20.092662
v -0.050934 0.741201 20.122680
v -0.050618 0.778950 20.143351
v 0.079032 0.514047 19.812282
v 0.078391 0.531412 19.869030
v 0.077778 0.555388 19.923321
v 0.077175 0.587182 19.976703
v 0.076696 0.619616 20.019096
v 0.076258 0.656380 20.057799
v 0.075868 0.697055 20.092364
v 0.075528 0.741193 20.122383
v 0.075294 0.778941 20.143056
v 0.302697 0.503536 19.761315
v 0.299423 0.514059 19.819664
v 0.296243 0.531440 19.876351
v 0.293200 0.555437 19.930582
v 0.290208 0.587258 19.983901
v 0.287833 0.619719 20.026241
v 0.285664 0.656512 20.064892
v 0.283727 0.697219 20.099405
v 0.282046 0.741390 20.129374
v 0.280888 0.779165 20.150008
v 0.178899 0.741257 20.124702
v 0.179905 0.697108 20.094699
v 0.181063 0.656423 20.060151
v 0.182360 0.619650 20.021465
v 0.183781 0.587206 19.979090
v 0.185570 0.555404 19.925728
v 0.187389 0.531421 19.871457
v 0.189291 0.514051 19.814728
v 0.191248 0.503534 19.756339
v 0.413987 0.503539 19.768855
v 0.409381 0.514072 19.827141
v 0.404906 0.531469 19.883765
v 0.400626 0.555488 19.937933
v 0.396417 0.587337 19.991186
v 0.393076 0.619826 20.033471
v 0.390025 0.656650 20.072067
v 0.387302 0.697390 20.106527
v 0.384938 0.741595 20.136444
v 0.383311 0.779398 20.157036
v 0.519091 0.514090 19.837181
v 0.513315 0.531509 19.893718
v 0.507790 0.555557 19.947801
v 0.502359 0.587444 20.000965
v 0.498047 0.619972 20.043175
v 0.494112 0.656838 20.081696
v 0.490599 0.697623 20.116083
v 0.487550 0.741875 20.145929
v 0.485452 0.779716 20.166465
v 0.746257 0.503556 19.806827
v 0.737657 0.514139 19.864790
v 0.729304 0.531616 19.921093
v 0.721315 0.555745 19.974942
v 0.713464 0.587737 20.027865
v 0.707232 0.620369 20.069869
v 0.701547 0.657349 20.108189
v 0.696475 0.698255 20.142378
v 0.692076 0.742634 20.172030
v 0.689052 0.780578 20.192416
v 0.589915 0.742224 20.157801
v 0.593644 0.697914 20.128045
v 0.597942 0.657073 20.093748
v 0.602758 0.620154 20.055320
v 0.608036 0.587579 20.013205
v 0.614685 0.555643 19.960151
v 0.621450 0.531558 19.906176
v 0.628522 0.514112 19.849746
v 0.635803 0.503549 19.791656
v 0.846477 0.514168 19.882267
v 0.836871 0.531682 19.938425
v 0.827683 0.555860 19.992131
v 0.818655 0.587916 20.044906
v 0.811491 0.620611 20.086784
v 0.804958 0.657662 20.124981
v 0.799130 0.698643 20.159049
v 0.794078 0.743099 20.188583
v 0.790606 0.781106 20.208876
v 1.184340 0.503590 19.891516
v 1.170870 0.514272 19.948825
v 1.157789 0.531914 20.004476
v 1.145284 0.556265 20.057679
v 1.133002 0.588545 20.109933
v 1.123262 0.621464 20.151370
v 1.114386 0.658759 20.189132
v 1.106479 0.700002 20.222776
v 1.099634 0.744730 20.251897
v 1.094940 0.782958 20.271867
v 0.895963 0.743611 20.207428
v 0.901646 0.699070 20.178024
v 0.908204 0.658007 20.144089
v 0.915559 0.620879 20.106029
v 0.923626 0.588113 20.064289
v 0.933793 0.555987 20.011678
v 0.944142 0.531755 19.958130
v 0.954964 0.514201 19.902130
v 0.966107 0.503572 19.844472
v 1.400946 0.503608 19.946976
v 1.385478 0.514344 20.003933
v 1.370460 0.532073 20.059234
v 1.356106 0.556543 20.112089
v 1.342013 0.588978 20.163983
v 1.330843 0.622050 20.205117
v 1.320669 0.659515 20.242581
v 1.311613 0.700938 20.275932
v 1.303782 0.745852 20.304770
v 1.298419 0.784232 20.324519
v 1.616236 0.503625 20.009272
v 1.599143 0.514410 20.065904
v 1.582548 0.532220 20.120882
v 1.566691 0.556800 20.173417
v 1.551127 0.589377 20.224980
v 1.538796 0.622590 20.265833
v 1.527571 0.660210 20.303023
v 1.517586 0.701798 20.336106
v 1.508960 0.746884 20.364684
v 1.503061 0.785404 20.384229
v 1.812222 0.514465 20.133165
v 1.794447 0.532341 20.187876
v 1.777466 0.557012 20.240145
v 1.760803 0.589706 20.291435
v 1.747606 0.623037 20.332057
v 1.735597 0.660785 20.369019
v 1.724921 0.702510 20.401881
v 1.715707 0.747737 20.430244
v 1.709411 0.786372 20.449622
v 2.146531 0.503650 20.182936
v 2.127246 0.514512 20.239064
v 2.108529 0.532447 20.293540
v 2.090649 0.557197 20.345579
v 2.073109 0.589994 20.396628
v 2.059221 0.623426 20.437048
v 2.046590 0.661287 20.473813
v 2.035365 0.703131 20.506482
v 2.025684 0.748482 20.534658
v 2.019076 0.787217 20.553890
v 1.870010 0.748201 20.481569
v 1.879521 0.702896 20.453323
v 1.890545 0.661097 20.420581
v 1.902948 0.623279 20.383742
v 1.916583 0.589885 20.343246
v 1.933801 0.557127 20.292106
v 1.951351 0.532407 20.239980
v 1.969723 0.514494 20.185415
v 1.988650 0.503646 20.129199
v 2.462286 0.503650 20.291624
v 2.443061 0.514509 20.347765
v 2.424402 0.532440 20.402257
v 2.406578 0.557185 20.454309
v 2.389092 0.589976 20.505374
v 2.375246 0.623402 20.545806
v 2.362653 0.661256 20.582582
v 2.351462 0.703093 20.615263
v 2.341810 0.748436 20.643451
v 2.335221 0.787165 20.662692
v 2.705133 0.503642 20.373476
v 2.686516 0.514480 20.429762
v 2.668445 0.532376 20.484395
v 2.651182 0.557073 20.536589
v 2.634243 0.589801 20.587799
v 2.620829 0.623165 20.628355
v 2.608624 0.660951 20.665252
v 2.597776 0.702715 20.698050
v 2.588415 0.747983 20.726351
v 2.582021 0.786651 20.745681
v 3.763445 0.504278 20.565263
v 3.763445 0.517037 20.629410
v 3.763445 0.538060 20.691342
v 3.763445 0.566987 20.750000
v 3.763445 0.603323 20.804381
v 3.763445 0.646447 20.853553
v 3.763445 0.695619 20.896677
v 3.763445 0.750000 20.933013
v 3.763445 0.808658 20.961940
v 3.763445 0.870590 20.982963
v 3.763445 0.934737 20.995722
v 3.282746 0.502384 20.515665
v 3.645038 0.939540 20.994791
v 3.645195 0.902208 20.988789
v 3.645428 0.865432 20.979998
v 3.645736 0.829424 20.968469
v 3.646118 0.794395 20.954252
v 3.646572 0.760550 20.937409
v 3.647096 0.728074 20.918052
v 3.647685 0.697144 20.896308
v 3.648365 0.666776 20.871266
v 3.649109 0.638477 20.843916
v 3.649799 0.615836 20.818537
v 3.650530 0.594976 20.791673
v 3.651299 0.575982 20.763458
v 3.652101 0.558940 20.734024
v 3.652934 0.543937 20.703506
v 3.653792 0.531056 20.672036
v 3.654673 0.520360 20.639757
v 3.655572 0.511882 20.606824
v 3.657040 0.502991 20.553050
v 3.525643 0.917989 20.986755
v 3.526047 0.882055 20.979412
v 3.526601 0.846754 20.969472
v 3.527302 0.812275 20.956987
v 3.528146 0.778810 20.942011
v 3.529130 0.746543 20.924610
v 3.530248 0.715639 20.904889
v 3.531492 0.686258 20.882968
v 3.532915 0.657455 20.857937
v 3.534461 0.630654 20.830785
v 3.535889 0.609237 20.805723
v 3.537396 0.589524 20.779302
v 3.538974 0.571591 20.751644
v 3.540616 0.555514 20.722872
v 3.542316 0.541370 20.693108
v 3.544066 0.529234 20.662477
v 3.545859 0.519161 20.631108
v 3.547687 0.511179 20.599142
v 3.550668 0.502813 20.547004
v 3.372815 0.890736 20.969471
v 3.373704 0.856656 20.960599
v 3.374830 0.823284 20.949371
v 3.376187 0.790788 20.935844
v 3.377768 0.759331 20.920072
v 3.379569 0.729078 20.902122
v 3.381578 0.700168 20.882092
v 3.383785 0.672740 20.860094
v 3.386281 0.645904 20.835218
v 3.388966 0.620975 20.808451
v 3.391429 0.601083 20.783900
v 3.394014 0.582795 20.758141
v 3.396709 0.566178 20.731283
v 3.399503 0.551295 20.703437
v 3.402385 0.538212 20.674712
v 3.405344 0.526994 20.645218
v 3.408369 0.517687 20.615073
v 3.411447 0.510316 20.584399
v 3.416460 0.502594 20.534437
v 3.295959 0.877197 20.957573
v 3.297145 0.844068 20.948013
v 3.298608 0.811678 20.936218
v 3.300342 0.780183 20.922243
v 3.302339 0.749736 20.906146
v 3.304592 0.720488 20.887991
v 3.307088 0.692571 20.867873
v 3.309815 0.666110 20.845899
v 3.312884 0.640245 20.821163
v 3.316175 0.616240 20.794647
v 3.319184 0.597097 20.770398
v 3.322334 0.579509 20.745014
v 3.325612 0.563536 20.718598
v 3.329006 0.549237 20.691254
v 3.332501 0.536672 20.663086
v 3.336086 0.525902 20.634196
v 3.339748 0.516969 20.604696
v 3.343470 0.509895 20.574700
v 3.349529 0.502488 20.525874
v 3.218699 0.863713 20.943315
v 3.220225 0.831551 20.933122
v 3.222069 0.800155 20.920813
v 3.224220 0.769668 20.906445
v 3.226672 0.740234 20.890073
v 3.229415 0.711992 20.871763
v 3.232433 0.685064 20.851605
v 3.235714 0.659566 20.829701
v 3.239391 0.634665 20.805149
v 3.243318 0.611573 20.778927
v 3.246899 0.593171 20.755015
v 3.250640 0.576274 20.730039
v 3.254525 0.560936 20.704096
v 3.258541 0.547212 20.677283
v 3.262672 0.535158 20.649699
v 3.266904 0.524829 20.621441
v 3.271222 0.516263 20.592610
v 3.275609 0.509482 20.563317
v 3.121871 0.847006 20.922018
v 3.123886 0.816069 20.911116
v 3.126264 0.785925 20.898247
v 3.128995 0.756703 20.883466
v 3.132069 0.728533 20.866829
v 3.135475 0.701543 20.848398
v 3.139196 0.675842 20.828260
v 3.143215 0.651535 20.806511
v 3.147697 0.627823 20.782256
v 3.152462 0.605856 20.756463
v 3.156794 0.588366 20.733023
v 3.161305 0.572316 20.708604
v 3.165981 0.557757 20.683298
v 3.170805 0.544738 20.657192
v 3.175759 0.533309 20.630379
v 3.180828 0.523518 20.602947
v 3.185994 0.515402 20.574990
v 3.191238 0.508979 20.546610
v 3.199761 0.502256 20.500479
v 3.024770 0.830464 20.896485
v 3.027341 0.800770 20.884973
v 3.030319 0.771887 20.871640
v 3.033691 0.743933 20.856540
v 3.037445 0.717025 20.839729
v 3.041567 0.691280 20.821265
v 3.046041 0.666795 20.801232
v 3.050844 0.643666 20.779717
v 3.056176 0.621127 20.755839
v 3.061822 0.600266 20.730552
v 3.066937 0.583670 20.707644
v 3.072251 0.568452 20.683842
v 3.077747 0.554655 20.659227
v 3.083406 0.542325 20.633883
v 3.089209 0.531506 20.607890
v 3.095139 0.522241 20.581333
v 3.101175 0.514563 20.554298
v 3.107298 0.508488 20.526875
v 3.117243 0.502132 20.482335
v 2.927726 0.814158 20.866412
v 2.930919 0.785715 20.854396
v 2.934557 0.758096 20.840703
v 2.938626 0.731406 20.825386
v 2.943113 0.705753 20.808497
v 2.948002 0.681240 20.790095
v 2.953273 0.657955 20.770256
v 2.958903 0.635985 20.749063
v 2.965124 0.614597 20.725646
v 2.971687 0.594820 20.700944
v 2.977613 0.579099 20.678636
v 2.983756 0.564692 20.655512
v 2.990096 0.551639 20.631649
v 2.996612 0.539980 20.607121
v 3.003285 0.529754 20.582004
v 3.010094 0.521000 20.556374
v 3.017018 0.513748 20.530309
v 3.024036 0.508012 20.503893
v 3.035426 0.502012 20.461018
v -2.086714 0.774134 20.481435
v -2.023904 0.759244 20.481435
v -1.927936 0.769042 20.481435
v -1.869431 0.796318 20.481435
v -2.029434 0.703544 20.445424
v -2.034443 0.653096 20.402297
v -2.038841 0.608796 20.352819
v -2.042551 0.571428 20.297866
v -2.045507 0.541654 20.238412
v -2.047657 0.520001 20.175511
v -2.048962 0.506855 20.110278
v -1.982737 0.504731 20.110278
v -1.983197 0.517934 20.175511
v -1.983955 0.539680 20.238412
v -1.984997 0.569582 20.297866
v -1.986305 0.607111 20.352819
v -1.987856 0.651602 20.402297
v -1.989622 0.702267 20.445424
v -1.991572 0.758207 20.481435
v -1.927712 0.575430 20.297866
v -1.934015 0.612450 20.352819
v -1.941487 0.656336 20.402297
v -1.949996 0.706313 20.445424
v -1.959391 0.761493 20.481435
v -1.896164 0.667214 20.402297
v -1.911264 0.715608 20.445424
v -1.874118 0.729988 20.445424
v -1.897770 0.780720 20.481435
v -2.114312 0.517794 20.110278
v -2.111265 0.530649 20.175511
v -2.106246 0.551821 20.238412
v -2.099344 0.580935 20.297866
v -2.090682 0.617474 20.352819
v -2.080413 0.660792 20.402297
v -2.068719 0.710120 20.445424
v -2.055808 0.764585 20.481435
v -2.106776 0.721879 20.445424
v -2.124946 0.674551 20.402297
v -2.140902 0.632991 20.352819
v -2.154361 0.597933 20.297866
v -2.165085 0.570001 20.238412
v -2.172884 0.549688 20.175511
v -2.177619 0.537354 20.110278
v -2.237750 0.565185 20.110278
v -2.231412 0.576776 20.175511
v -2.220973 0.595867 20.238412
v -2.206619 0.622120 20.297866
v -2.188603 0.655068 20.352819
v -2.167246 0.694128 20.402297
v -2.142925 0.738609 20.445424
v -2.116071 0.787721 20.481435
v -2.143352 0.805103 20.481435
v -2.176518 0.760012 20.445424
v -2.206555 0.719174 20.402297
v -2.232933 0.683312 20.352819
v -2.255183 0.653061 20.297866
v -2.272911 0.628958 20.238412
v -2.285803 0.611430 20.175511
v -2.293631 0.600788 20.110278
v -2.344263 0.643528 20.110278
v -2.335086 0.653031 20.175511
v -2.319970 0.668682 20.238412
v -2.299185 0.690205 20.297866
v -2.273099 0.717217 20.352819
v -2.242173 0.749239 20.402297
v -2.206955 0.785705 20.445424
v -2.168071 0.825969 20.481435
v -2.233693 0.815229 20.445424
v -2.273461 0.783787 20.402297
v -2.308382 0.756177 20.352819
v -2.337839 0.732886 20.297866
v -2.361310 0.714329 20.238412
v -2.378378 0.700834 20.175511
v -2.388741 0.692640 20.110278
v -2.299860 0.822201 20.402297
v -2.338153 0.799495 20.352819
v -2.370453 0.780343 20.297866
v -2.396190 0.765083 20.238412
v -2.414906 0.753985 20.175511
v -2.426270 0.747247 20.110278
v -2.361878 0.846399 20.352819
v -2.396445 0.831727 20.297866
v -2.423987 0.820036 20.238412
v -2.444017 0.811535 20.175511
v -2.456178 0.806373 20.110278
v -2.415350 0.886118 20.297866
v -2.444206 0.878206 20.238412
v -2.465190 0.872453 20.175511
v -2.477931 0.868960 20.110278
v -2.478047 0.935651 20.175511
v -2.491140 0.933889 20.110278
v 0.400000 0.800000 0.000000
v 0.400000 5.200000 0.000000
v 1.200000 0.800000 0.000000
v 1.195532 0.740383 0.000000
v 1.182229 0.682098 0.000000
v 1.160388 0.626447 0.000000
v 1.130496 0.574672 0.000000
v 1.093221 0.527931 0.000000
v 1.049396 0.487267 0.000000
v 1.000000 0.453590 0.000000
v 0.946136 0.427651 0.000000
v 0.889008 0.410029 0.000000
v 0.829892 0.401118 0.000000
v 0.770108 0.401118 0.000000
v 0.710992 0.410029 0.000000
v 0.653864 0.427651 0.000000
v 0.600000 0.453590 0.000000
v 0.550604 0.487267 0.000000
v 0.506779 0.527931 0.000000
v 0.469504 0.574672 0.000000
v 0.439612 0.626447 0.000000
v 0.417771 0.682098 0.000000
v 0.404468 0.740383 0.000000
v 1.200000 5.200000 0.000000
v 0.404468 5.259617 0.000000
v 0.417771 5.317902 0.000000
v 0.439612 5.373554 0.000000
v 0.469505 5.425328 0.000000
v 0.506779 5.472069 0.000000
v 0.550604 5.512733 0.000000
v 0.600000 5.546410 0.000000
v 0.653864 5.572350 0.000000
v 0.710992 5.589971 0.000000
v 0.770108 5.598882 0.000000
v 0.829892 5.598882 0.000000
v 0.889008 5.589971 0.000000
v 0.946136 5.572350 0.000000
v 1.000000 5.546410 0.000000
v 1.049396 5.512733 0.000000
v 1.093221 5.472069 0.000000
v 1.130495 5.425328 0.000000
v 1.160388 5.373554 0.000000
v 1.182229 5.317902 0.000000
v 1.195532 5.259617 0.000000
v 5.000000 6.000000 0.000000
v 0.000000 6.000000 0.000000
v 5.000000 0.000000 0.000000
v 0.000000 0.000000 0.000000
vt -0.250000 -0.176777 0.000000
vt 2.250000 -0.176777 0.000000
vt 0.000000 0.176777 0.000000
vt 2.000000 0.176777 0.000000
vt 0.176777 4.000000 0.000000
vt -0.176777 3.750000 0.000000
vt 0.176777 -1.500000 0.000000
vt -0.176777 -1.250000 0.000000
vt -1.000000 -0.176777 0.000000
vt 1.000000 -0.176777 0.000000
vt -1.250000 0.176777 0.000000
vt 1.250000 0.176777 0.000000
vt -0.176777 1.500000 0.000000
vt -0.176777 -4.000000 0.000000
vt 0.176777 1.250000 0.000000
vt 0.176777 -3.750000 0.000000
vt -0.000000 1.250000 0.000000
vt 5.000000 1.250000 0.000000
vt -0.000000 18.000000 0.000000
vt 5.000000 18.000000 0.000000
vt 0.000000 1.250000 0.000000
vt 2.000000 1.250000 0.000000
vt 0.000000 18.000000 0.000000
vt 2.000000 20.500000 0.000000
vt 1.263445 20.500000 0.000000
vt 1.158527 20.498630 0.000000
vt 1.053685 20.494280 0.000000
vt 0.905272 20.482276 0.000000
vt 0.757636 20.462498 0.000000
vt 0.684246 20.449342 0.000000
vt 0.611315 20.433787 0.000000
vt 0.539009 20.415682 0.000000
vt 0.467498 20.394877 0.000000
vt 0.164245 20.296459 0.000000
vt -0.137398 20.193712 0.000000
vt -0.439118 20.090064 0.000000
vt -0.742464 19.990227 0.000000
vt -0.895018 19.943199 0.000000
vt -1.048293 19.898864 0.000000
vt -1.500000 19.500000 0.000000
vt -1.202391 19.857797 0.000000
vt -1.357413 19.820574 0.000000
vt -1.513444 19.787754 0.000000
vt -1.670401 19.759654 0.000000
vt -1.828154 19.736413 0.000000
vt -1.986584 19.718174 0.000000
vt -2.145573 19.705080 0.000000
vt -2.304926 19.697177 0.000000
vt -2.464453 19.694332 0.000000
vt -2.624008 19.696392 0.000000
vt -2.783440 19.703205 0.000000
vt -4.500000 19.500000 0.000000
vt -2.942601 19.714618 0.000000
vt -3.101345 19.730452 0.000000
vt -3.259577 19.750439 0.000000
vt -3.417238 19.774433 0.000000
vt -3.574269 19.802306 0.000000
vt -3.730614 19.833932 0.000000
vt -3.886213 19.869181 0.000000
vt -4.041009 19.907927 0.000000
vt -4.194944 19.950042 0.000000
vt -4.347961 19.995398 0.000000
vt -4.500000 20.043868 0.000000
vt -2.500000 -3.000000 0.000000
vt -2.100000 2.200000 0.000000
vt -2.500000 3.000000 0.000000
vt -2.095532 2.259617 0.000000
vt -2.082229 2.317902 0.000000
vt 2.500000 -3.000000 0.000000
vt -0.250000 -2.750000 0.000000
vt -1.610992 -2.589971 0.000000
vt -1.670108 -2.598882 0.000000
vt 2.500000 3.000000 0.000000
vt 2.250000 2.750000 0.000000
vt 2.250000 -2.750000 0.000000
vt -0.250000 2.750000 0.000000
vt -1.610992 2.589971 0.000000
vt -1.670108 2.598882 0.000000
vt -1.729892 2.598882 0.000000
vt -1.789008 2.589971 0.000000
vt -1.846136 2.572350 0.000000
vt -1.900000 2.546410 0.000000
vt -1.949396 2.512733 0.000000
vt -1.993221 2.472069 0.000000
vt -2.030495 2.425328 0.000000
vt -2.060388 2.373554 0.000000
vt -1.553864 2.572350 0.000000
vt -1.500000 2.546410 0.000000
vt -1.450604 2.512733 0.000000
vt -1.406779 2.472069 0.000000
vt -1.369505 2.425328 0.000000
vt -1.339612 2.373554 0.000000
vt -1.317771 2.317902 0.000000
vt -1.304468 2.259617 0.000000
vt -1.300000 2.200000 0.000000
vt -1.300000 -2.200000 0.000000
vt -1.304468 -2.259617 0.000000
vt -1.317771 -2.317902 0.000000
vt -1.339612 -2.373553 0.000000
vt -1.369504 -2.425328 0.000000
vt -1.406779 -2.472069 0.000000
vt -1.450604 -2.512733 0.000000
vt -1.500000 -2.546410 0.000000
vt -1.553864 -2.572349 0.000000
vt -1.729892 -2.598882 0.000000
vt -1.789008 -2.589971 0.000000
vt -1.846136 -2.572349 0.000000
vt -1.900000 -2.546410 0.000000
vt -1.949396 -2.512733 0.000000
vt -1.993221 -2.472069 0.000000
vt -2.030496 -2.425328 0.000000
vt -2.060388 -2.373553 0.000000
vt -2.082229 -2.317902 0.000000
vt -2.095532 -2.259617 0.000000
vt -2.100000 -2.200000 0.000000
vt 0.353553 3.750000 0.000000
vt 0.284245 3.747592 0.000000
vt 0.353553 -1.250000 0.000000
vt 0.284245 -1.247592 0.000000
vt 0.215604 -1.240393 0.000000
vt 0.215604 3.740393 0.000000
vt 0.148291 -1.228470 0.000000
vt 0.148291 3.728470 0.000000
vt 0.082955 -1.211940 0.000000
vt 0.082955 3.711940 0.000000
vt 0.020226 -1.190961 0.000000
vt 0.020226 3.690961 0.000000
vt -0.039294 -1.165735 0.000000
vt -0.039294 3.665735 0.000000
vt -0.095030 -1.136505 0.000000
vt -0.095030 3.636505 0.000000
vt -0.146447 -1.103553 0.000000
vt -0.146447 3.603553 0.000000
vt -0.193048 -1.067197 0.000000
vt -0.193048 3.567197 0.000000
vt -0.234384 -1.027785 0.000000
vt -0.234384 3.527785 0.000000
vt -0.270059 -0.985698 0.000000
vt -0.353553 -0.750000 0.000000
vt -0.299728 -0.941342 0.000000
vt -0.323106 -0.895142 0.000000
vt -0.339967 -0.847545 0.000000
vt -0.350148 -0.799009 0.000000
vt -0.270059 3.485698 0.000000
vt -0.353553 3.250000 0.000000
vt -0.299728 3.441342 0.000000
vt -0.323106 3.395142 0.000000
vt -0.339967 3.347545 0.000000
vt -0.350148 3.299009 0.000000
vt 0.500000 2.000000 0.000000
vt 0.263445 2.000000 0.000000
vt 0.500000 -2.000000 0.000000
vt 0.110256 1.908338 0.000000
vt -0.017048 1.826089 0.000000
vt -0.140781 1.738588 0.000000
vt -0.260656 1.645873 0.000000
vt -0.376404 1.548023 0.000000
vt -0.487715 1.445142 0.000000
vt -1.071598 -0.657964 0.000000
vt -1.037978 -0.725873 0.000000
vt -0.594269 1.337334 0.000000
vt -0.695749 1.224709 0.000000
vt -0.791623 1.107295 0.000000
vt -0.881181 0.985056 0.000000
vt -0.963684 0.857943 0.000000
vt -1.001946 0.792530 0.000000
vt -1.037978 0.725872 0.000000
vt -1.071599 0.657962 0.000000
vt -1.102602 -0.588784 0.000000
vt -1.102603 0.588780 0.000000
vt -1.130755 -0.518386 0.000000
vt -1.130757 0.518383 0.000000
vt -1.155824 -0.446856 0.000000
vt -1.155827 0.446855 0.000000
vt -1.177574 -0.374278 0.000000
vt -1.177576 0.374279 0.000000
vt -1.195772 0.300738 0.000000
vt -1.195770 -0.300738 0.000000
vt -1.210177 0.226331 0.000000
vt -1.210178 -0.226333 0.000000
vt -1.220604 -0.151263 0.000000
vt -1.220603 0.151261 0.000000
vt -1.226936 -0.075747 0.000000
vt -1.226938 0.075746 0.000000
vt -1.229072 -0.000000 0.000000
vt -1.001946 -0.792531 0.000000
vt -0.963683 -0.857944 0.000000
vt -0.881184 -0.985058 0.000000
vt -0.791622 -1.107297 0.000000
vt -0.695743 -1.224711 0.000000
vt -0.594266 -1.337338 0.000000
vt -0.487712 -1.445146 0.000000
vt -0.376401 -1.548026 0.000000
vt -0.260653 -1.645875 0.000000
vt -0.140780 -1.738588 0.000000
vt -0.017048 -1.826089 0.000000
vt 0.110256 -1.908338 0.000000
vt 0.263445 -2.000000 0.000000
vt 0.500000 0.000000 0.000000
vt 0.502408 0.049087 0.000000
vt 0.263445 0.000000 0.000000
vt 0.263445 0.065450 0.000000
vt 0.509607 0.098175 0.000000
vt 0.263445 0.130900 0.000000
vt 0.521530 0.147262 0.000000
vt 0.263445 0.196350 0.000000
vt 0.538060 0.196350 0.000000
vt 0.559039 0.245437 0.000000
vt 0.263445 0.261799 0.000000
vt 0.584265 0.294524 0.000000
vt 0.263445 0.327249 0.000000
vt 0.613495 0.343612 0.000000
vt 0.263445 0.392699 0.000000
vt 0.646447 0.392699 0.000000
vt 0.682803 0.441786 0.000000
vt 0.263445 0.458149 0.000000
vt 0.722215 0.490874 0.000000
vt 0.263445 0.523599 0.000000
vt 0.764302 0.539961 0.000000
vt 0.263445 0.589049 0.000000
vt 0.808658 0.589049 0.000000
vt 0.854858 0.638136 0.000000
vt 0.263445 0.654498 0.000000
vt 0.902455 0.687223 0.000000
vt 0.263445 0.719948 0.000000
vt 0.950991 0.736311 0.000000
vt 0.263445 0.785398 0.000000
vt 1.000000 0.785398 0.000000
vt -1.060660 -3.750000 0.000000
vt 1.060660 -3.750000 0.000000
vt -1.060660 1.250000 0.000000
vt 1.060660 1.250000 0.000000
vt -1.000000 2.500000 0.000000
vt -1.000000 -2.500000 0.000000
vt 2.000000 2.500000 0.000000
vt 2.000000 -2.500000 0.000000
vt 2.500000 -2.000000 0.000000
vt 2.065263 -2.495722 0.000000
vt 2.129410 -2.482963 0.000000
vt 2.191342 -2.461940 0.000000
vt 2.250000 -2.433013 0.000000
vt 2.304381 -2.396677 0.000000
vt 2.353553 -2.353553 0.000000
vt 2.396677 -2.304381 0.000000
vt 2.433013 -2.250000 0.000000
vt 2.461940 -2.191342 0.000000
vt 2.482963 -2.129410 0.000000
vt 2.495722 -2.065263 0.000000
vt 2.500000 2.000000 0.000000
vt 2.065263 2.495722 0.000000
vt 2.129410 2.482963 0.000000
vt 2.191342 2.461940 0.000000
vt 2.250000 2.433013 0.000000
vt 2.304381 2.396677 0.000000
vt 2.353553 2.353553 0.000000
vt 2.396677 2.304381 0.000000
vt 2.433013 2.250000 0.000000
vt 2.461940 2.191342 0.000000
vt 2.482963 2.129410 0.000000
vt 2.495722 2.065263 0.000000
vt -0.000000 0.821359 0.000000
vt -0.000000 0.905013 0.000000
vt -0.049841 0.817461 0.000000
vt -0.077459 0.905013 0.000000
vt -0.099683 0.817461 0.000000
vt -0.154920 0.905013 0.000000
vt -0.130794 0.817461 0.000000
vt -0.161905 0.817461 0.000000
vt -0.130794 0.729910 0.000000
vt -0.161905 0.729910 0.000000
vt -0.130794 0.642358 0.000000
vt -0.161905 0.642358 0.000000
vt -0.130794 0.554806 0.000000
vt -0.161905 0.554806 0.000000
vt -0.130794 0.475049 0.000000
vt -0.161905 0.475049 0.000000
vt -0.130794 0.395292 0.000000
vt -0.161905 0.395292 0.000000
vt -0.130794 0.315535 0.000000
vt -0.161905 0.315535 0.000000
vt -0.130794 0.235738 0.000000
vt -0.161905 0.235728 0.000000
vt -0.130794 0.117870 0.000000
vt -0.161905 0.117866 0.000000
vt -0.116185 0.000000 0.000000
vt -0.174286 0.000000 0.000000
vt -0.193016 0.117861 0.000000
vt -0.224127 0.117857 0.000000
vt -0.224127 0.235709 0.000000
vt -0.255238 0.235700 0.000000
vt -0.255238 0.315535 0.000000
vt -0.286349 0.315535 0.000000
vt -0.286349 0.395292 0.000000
vt -0.317460 0.395292 0.000000
vt -0.317460 0.475049 0.000000
vt -0.348571 0.475049 0.000000
vt -0.348571 0.554806 0.000000
vt -0.384545 0.554806 0.000000
vt -0.384545 0.642358 0.000000
vt -0.420519 0.642358 0.000000
vt -0.420519 0.729910 0.000000
vt -0.455097 0.729910 0.000000
vt -0.455097 0.817461 0.000000
vt -0.489675 0.817461 0.000000
vt -0.464760 0.905013 0.000000
vt -0.542223 0.905013 0.000000
vt -0.193016 0.817461 0.000000
vt -0.232382 0.905013 0.000000
vt -0.224127 0.817461 0.000000
vt -0.255238 0.817461 0.000000
vt -0.224127 0.729910 0.000000
vt -0.255238 0.729910 0.000000
vt -0.224127 0.642358 0.000000
vt -0.255238 0.642358 0.000000
vt -0.224127 0.554806 0.000000
vt -0.255238 0.554806 0.000000
vt -0.224127 0.475049 0.000000
vt -0.255238 0.475049 0.000000
vt -0.224127 0.395292 0.000000
vt -0.255238 0.395292 0.000000
vt -0.224127 0.315535 0.000000
vt -0.309840 0.905013 0.000000
vt -0.286349 0.817461 0.000000
vt -0.286349 0.729910 0.000000
vt -0.286349 0.642358 0.000000
vt -0.286349 0.554806 0.000000
vt -0.286349 0.475049 0.000000
vt -0.387303 0.905013 0.000000
vt -0.348571 0.817461 0.000000
vt -0.317460 0.817461 0.000000
vt -0.420519 0.817461 0.000000
vt -0.384545 0.817461 0.000000
vt -0.348571 0.729910 0.000000
vt -0.317460 0.729910 0.000000
vt -0.317460 0.642358 0.000000
vt -0.619684 0.905013 0.000000
vt -0.558831 0.817461 0.000000
vt -0.524253 0.817461 0.000000
vt -0.489675 0.729910 0.000000
vt -0.455097 0.642358 0.000000
vt -0.420519 0.554806 0.000000
vt -0.384545 0.475049 0.000000
vt -0.348571 0.395292 0.000000
vt -0.317460 0.315535 0.000000
vt -0.286349 0.235690 0.000000
vt -0.255238 0.117852 0.000000
vt -0.232385 0.000000 0.000000
vt -0.697143 0.905013 0.000000
vt -0.627987 0.817461 0.000000
vt -0.593409 0.817461 0.000000
vt -0.558831 0.729910 0.000000
vt -0.524253 0.729910 0.000000
vt -0.524253 0.642358 0.000000
vt -0.489675 0.642358 0.000000
vt -0.489675 0.554806 0.000000
vt -0.455097 0.554806 0.000000
vt -0.455097 0.475049 0.000000
vt -0.420519 0.475049 0.000000
vt -0.420519 0.395292 0.000000
vt -0.384545 0.395292 0.000000
vt -0.384545 0.315535 0.000000
vt -0.348571 0.315535 0.000000
vt -0.348571 0.235672 0.000000
vt -0.317460 0.235681 0.000000
vt -0.317460 0.117844 0.000000
vt -0.286349 0.117848 0.000000
vt -0.290474 0.000000 0.000000
vt -0.662565 0.817461 0.000000
vt -0.697143 0.821359 0.000000
vt -0.697143 0.737704 0.000000
vt -0.662565 0.729910 0.000000
vt -0.697143 0.654050 0.000000
vt -0.662565 0.642358 0.000000
vt -0.697143 0.570395 0.000000
vt -0.662565 0.554806 0.000000
vt -0.697143 0.486741 0.000000
vt -0.662565 0.475049 0.000000
vt -0.697133 0.403062 0.000000
vt -0.662565 0.395292 0.000000
vt -0.697078 0.319301 0.000000
vt -0.662565 0.315535 0.000000
vt -0.696983 0.235566 0.000000
vt -0.662565 0.235576 0.000000
vt -0.662565 0.117794 0.000000
vt -0.627987 0.117799 0.000000
vt -0.639049 0.000000 0.000000
vt -0.580958 0.000000 0.000000
vt -0.697113 0.117790 0.000000
vt -0.697143 0.000000 0.000000
vt -0.522857 0.000000 0.000000
vt -0.558831 0.117809 0.000000
vt -0.593409 0.117804 0.000000
vt -0.627987 0.235587 0.000000
vt -0.524253 0.117814 0.000000
vt -0.464758 0.000000 0.000000
vt -0.489675 0.117819 0.000000
vt -0.455097 0.117824 0.000000
vt -0.489675 0.235629 0.000000
vt -0.455097 0.235639 0.000000
vt -0.489675 0.315535 0.000000
vt -0.455097 0.315535 0.000000
vt -0.489675 0.395292 0.000000
vt -0.455097 0.395292 0.000000
vt -0.489675 0.475049 0.000000
vt -0.406669 0.000000 0.000000
vt -0.420519 0.117829 0.000000
vt -0.420519 0.235650 0.000000
vt -0.420519 0.315535 0.000000
vt -0.384545 0.117834 0.000000
vt -0.348571 0.000000 0.000000
vt -0.348571 0.117839 0.000000
vt -0.099683 0.117874 0.000000
vt -0.058094 0.000000 0.000000
vt -0.049841 0.117882 0.000000
vt -0.000000 0.000000 0.000000
vt -0.000000 0.117889 0.000000
vt -0.049841 0.235762 0.000000
vt -0.000000 0.235777 0.000000
vt -0.049841 0.315535 0.000000
vt -0.000000 0.403086 0.000000
vt -0.049841 0.395292 0.000000
vt -0.049841 0.475049 0.000000
vt -0.099683 0.475049 0.000000
vt -0.099683 0.554806 0.000000
vt -0.000000 0.570395 0.000000
vt -0.049841 0.554806 0.000000
vt -0.099683 0.642358 0.000000
vt -0.049841 0.642358 0.000000
vt -0.000000 0.654050 0.000000
vt -0.049841 0.729910 0.000000
vt -0.000000 0.737704 0.000000
vt -0.627987 0.729910 0.000000
vt -0.627987 0.642358 0.000000
vt -0.627987 0.554806 0.000000
vt -0.627987 0.475049 0.000000
vt -0.627987 0.395292 0.000000
vt -0.627987 0.315535 0.000000
vt -0.593409 0.729910 0.000000
vt -0.593409 0.642358 0.000000
vt -0.593409 0.554806 0.000000
vt -0.593409 0.475049 0.000000
vt -0.593409 0.395292 0.000000
vt -0.593409 0.315535 0.000000
vt -0.593409 0.235597 0.000000
vt -0.384545 0.729910 0.000000
vt -0.193016 0.729910 0.000000
vt -0.193016 0.642358 0.000000
vt -0.193016 0.554806 0.000000
vt -0.193016 0.475049 0.000000
vt -0.193016 0.395292 0.000000
vt -0.193016 0.315535 0.000000
vt -0.193016 0.235719 0.000000
vt -0.099683 0.729910 0.000000
vt -0.558831 0.642358 0.000000
vt -0.524253 0.554806 0.000000
vt -0.348571 0.642358 0.000000
vt -0.558831 0.554806 0.000000
vt -0.558831 0.475049 0.000000
vt -0.558831 0.395292 0.000000
vt -0.558831 0.315535 0.000000
vt -0.558831 0.235608 0.000000
vt -0.317460 0.554806 0.000000
vt -0.524253 0.475049 0.000000
vt -0.524253 0.395292 0.000000
vt -0.524253 0.315535 0.000000
vt -0.524253 0.235618 0.000000
vt -0.099683 0.395292 0.000000
vt -0.099683 0.315535 0.000000
vt -0.099683 0.235747 0.000000
vt -0.384545 0.235661 0.000000
vt -0.000000 4.513126 0.000000
vt -0.000000 4.814001 0.000000
vt -0.043112 4.513126 0.000000
vt -0.066702 4.814001 0.000000
vt -0.086224 4.513126 0.000000
vt -0.133404 4.814001 0.000000
vt -0.139708 4.513126 0.000000
vt -0.200109 4.814001 0.000000
vt -0.193193 4.513126 0.000000
vt -0.246677 4.513126 0.000000
vt -0.193193 4.212251 0.000000
vt -0.246677 4.212251 0.000000
vt -0.193193 3.911376 0.000000
vt -0.246677 3.911376 0.000000
vt -0.193193 3.760938 0.000000
vt -0.246677 3.760938 0.000000
vt -0.193193 3.610501 0.000000
vt -0.246677 3.610501 0.000000
vt -0.193193 3.460063 0.000000
vt -0.246677 3.460063 0.000000
vt -0.193193 3.309626 0.000000
vt -0.246677 3.309626 0.000000
vt -0.193193 3.159188 0.000000
vt -0.246677 3.159188 0.000000
vt -0.193193 3.008751 0.000000
vt -0.246677 3.008751 0.000000
vt -0.193193 2.858313 0.000000
vt -0.246677 2.858313 0.000000
vt -0.193193 2.707876 0.000000
vt -0.246677 2.707876 0.000000
vt -0.193193 2.557438 0.000000
vt -0.246677 2.557438 0.000000
vt -0.193193 2.407001 0.000000
vt -0.246677 2.407001 0.000000
vt -0.193193 2.256563 0.000000
vt -0.246677 2.256563 0.000000
vt -0.193193 2.106125 0.000000
vt -0.246677 2.106125 0.000000
vt -0.193193 1.955688 0.000000
vt -0.246677 1.955688 0.000000
vt -0.193193 1.805250 0.000000
vt -0.246677 1.805250 0.000000
vt -0.193193 1.654813 0.000000
vt -0.246677 1.654813 0.000000
vt -0.193193 1.504375 0.000000
vt -0.246677 1.504375 0.000000
vt -0.193193 1.353938 0.000000
vt -0.246677 1.353938 0.000000
vt -0.193193 1.203500 0.000000
vt -0.246677 1.203500 0.000000
vt -0.193193 1.053063 0.000000
vt -0.246677 1.053063 0.000000
vt -0.193193 0.902625 0.000000
vt -0.246677 0.902625 0.000000
vt -0.193193 0.752188 0.000000
vt -0.246677 0.752188 0.000000
vt -0.193193 0.601750 0.000000
vt -0.246677 0.601750 0.000000
vt -0.193193 0.451313 0.000000
vt -0.246677 0.451313 0.000000
vt -0.193193 0.300875 0.000000
vt -0.246677 0.300875 0.000000
vt -0.193193 0.150438 0.000000
vt -0.246677 0.150438 0.000000
vt -0.200109 0.000000 0.000000
vt -0.266809 0.000000 0.000000
vt -0.300161 0.150438 0.000000
vt -0.333514 0.000000 0.000000
vt -0.362425 0.150438 0.000000
vt -0.400214 0.000000 0.000000
vt -0.421900 0.150438 0.000000
vt -0.466919 0.000000 0.000000
vt -0.481374 0.150438 0.000000
vt -0.533621 0.000000 0.000000
vt -0.540848 0.150438 0.000000
vt -0.600323 0.000000 0.000000
vt -0.600323 0.150438 0.000000
vt -0.600323 0.300875 0.000000
vt -0.540848 0.300875 0.000000
vt -0.600323 0.451313 0.000000
vt -0.540848 0.451313 0.000000
vt -0.600323 0.601750 0.000000
vt -0.540848 0.601750 0.000000
vt -0.600323 0.752188 0.000000
vt -0.540848 0.752188 0.000000
vt -0.600323 0.902625 0.000000
vt -0.540848 0.902625 0.000000
vt -0.600323 1.053063 0.000000
vt -0.540848 1.053063 0.000000
vt -0.600323 1.203500 0.000000
vt -0.540848 1.203500 0.000000
vt -0.600323 1.353938 0.000000
vt -0.540848 1.353938 0.000000
vt -0.600323 1.504375 0.000000
vt -0.540848 1.504375 0.000000
vt -0.600323 1.654813 0.000000
vt -0.540848 1.654813 0.000000
vt -0.600323 1.805250 0.000000
vt -0.540848 1.805250 0.000000
vt -0.600323 1.955688 0.000000
vt -0.540848 1.955688 0.000000
vt -0.600323 2.106125 0.000000
vt -0.540848 2.106125 0.000000
vt -0.600323 2.256563 0.000000
vt -0.540848 2.256563 0.000000
vt -0.600323 2.407001 0.000000
vt -0.540848 2.407001 0.000000
vt -0.600323 2.557438 0.000000
vt -0.540848 2.557438 0.000000
vt -0.600323 2.707876 0.000000
vt -0.540848 2.707876 0.000000
vt -0.600323 2.858313 0.000000
vt -0.540848 2.858313 0.000000
vt -0.600323 3.008751 0.000000
vt -0.540848 3.008751 0.000000
vt -0.600323 3.159188 0.000000
vt -0.540848 3.159188 0.000000
vt -0.600323 3.309626 0.000000
vt -0.540848 3.309626 0.000000
vt -0.600323 3.460063 0.000000
vt -0.540848 3.460063 0.000000
vt -0.600323 3.610501 0.000000
vt -0.540848 3.610501 0.000000
vt -0.540848 3.760938 0.000000
vt -0.481374 3.610501 0.000000
vt -0.481374 3.760938 0.000000
vt -0.421900 3.610501 0.000000
vt -0.421900 3.760938 0.000000
vt -0.362425 3.610501 0.000000
vt -0.362425 3.760938 0.000000
vt -0.300161 3.610501 0.000000
vt -0.300161 3.760938 0.000000
vt -0.266809 4.814001 0.000000
vt -0.300161 4.513126 0.000000
vt -0.300161 4.212251 0.000000
vt -0.300161 3.911376 0.000000
vt -0.333514 4.814001 0.000000
vt -0.362425 4.513126 0.000000
vt -0.362425 4.212251 0.000000
vt -0.362425 3.911376 0.000000
vt -0.400214 4.814001 0.000000
vt -0.421900 4.513126 0.000000
vt -0.421900 4.212251 0.000000
vt -0.421900 3.911376 0.000000
vt -0.466919 4.814001 0.000000
vt -0.481374 4.513126 0.000000
vt -0.481374 4.212251 0.000000
vt -0.481374 3.911376 0.000000
vt -0.533621 4.814001 0.000000
vt -0.540848 4.513126 0.000000
vt -0.540848 4.212251 0.000000
vt -0.540848 3.911376 0.000000
vt -0.600323 4.814001 0.000000
vt -0.600323 4.513126 0.000000
vt -0.600323 4.212251 0.000000
vt -0.600323 3.911376 0.000000
vt -0.133404 0.000000 0.000000
vt -0.139708 0.150438 0.000000
vt -0.139708 0.300875 0.000000
vt -0.139708 0.451313 0.000000
vt -0.139708 0.601750 0.000000
vt -0.139708 0.752188 0.000000
vt -0.139708 0.902625 0.000000
vt -0.139708 1.053063 0.000000
vt -0.139708 1.203500 0.000000
vt -0.139708 1.353938 0.000000
vt -0.139708 1.504375 0.000000
vt -0.139708 1.654813 0.000000
vt -0.139708 1.805250 0.000000
vt -0.139708 1.955688 0.000000
vt -0.139708 2.106125 0.000000
vt -0.139708 2.256563 0.000000
vt -0.139708 2.407001 0.000000
vt -0.139708 2.557438 0.000000
vt -0.139708 2.707876 0.000000
vt -0.139708 2.858313 0.000000
vt -0.139708 3.008751 0.000000
vt -0.139708 3.159188 0.000000
vt -0.139708 3.309626 0.000000
vt -0.139708 3.460063 0.000000
vt -0.139708 3.610501 0.000000
vt -0.139708 3.760938 0.000000
vt -0.139708 3.911376 0.000000
vt -0.139708 4.212251 0.000000
vt -0.086224 0.150438 0.000000
vt -0.066702 0.000000 0.000000
vt -0.043112 0.150438 0.000000
vt -0.000000 0.000000 0.000000
vt -0.000000 0.150438 0.000000
vt -0.043112 0.300875 0.000000
vt -0.000000 0.300875 0.000000
vt -0.043112 0.451313 0.000000
vt -0.000000 0.451313 0.000000
vt -0.043112 0.601750 0.000000
vt -0.000000 0.601750 0.000000
vt -0.043112 0.752188 0.000000
vt -0.000000 0.752188 0.000000
vt -0.043112 0.902625 0.000000
vt -0.000000 0.902625 0.000000
vt -0.043112 1.053063 0.000000
vt -0.000000 1.053063 0.000000
vt -0.043112 1.203500 0.000000
vt -0.000000 1.203500 0.000000
vt -0.043112 1.353938 0.000000
vt -0.000000 1.353938 0.000000
vt -0.043112 1.504375 0.000000
vt -0.000000 1.504375 0.000000
vt -0.043112 1.654813 0.000000
vt -0.000000 1.654813 0.000000
vt -0.043112 1.805250 0.000000
vt -0.000000 1.805250 0.000000
vt -0.043112 1.955688 0.000000
vt -0.000000 1.955688 0.000000
vt -0.043112 2.106125 0.000000
vt -0.000000 2.106125 0.000000
vt -0.043112 2.256563 0.000000
vt -0.000000 2.256563 0.000000
vt -0.043112 2.407001 0.000000
vt -0.000000 2.407001 0.000000
vt -0.043112 2.557438 0.000000
vt -0.000000 2.557438 0.000000
vt -0.043112 2.707876 0.000000
vt -0.000000 2.707876 0.000000
vt -0.043112 2.858313 0.000000
vt -0.000000 2.858313 0.000000
vt -0.043112 3.008751 0.000000
vt -0.000000 3.008751 0.000000
vt -0.043112 3.159188 0.000000
vt -0.000000 3.159188 0.000000
vt -0.043112 3.309626 0.000000
vt -0.000000 3.309626 0.000000
vt -0.043112 3.460063 0.000000
vt -0.000000 3.460063 0.000000
vt -0.043112 3.610501 0.000000
vt -0.000000 3.610501 0.000000
vt -0.043112 3.760938 0.000000
vt -0.000000 3.760938 0.000000
vt -0.043112 3.911376 0.000000
vt -0.000000 3.911376 0.000000
vt -0.043112 4.212251 0.000000
vt -0.000000 4.212251 0.000000
vt -0.086224 4.212251 0.000000
vt -0.086224 3.911376 0.000000
vt -0.086224 3.760938 0.000000
vt -0.086224 3.610501 0.000000
vt -0.086224 3.460063 0.000000
vt -0.086224 3.309626 0.000000
vt -0.086224 3.159188 0.000000
vt -0.086224 3.008751 0.000000
vt -0.086224 2.858313 0.000000
vt -0.086224 2.707876 0.000000
vt -0.086224 2.557438 0.000000
vt -0.086224 2.407001 0.000000
vt -0.086224 2.256563 0.000000
vt -0.086224 2.106125 0.000000
vt -0.086224 1.955688 0.000000
vt -0.086224 1.805250 0.000000
vt -0.086224 1.654813 0.000000
vt -0.086224 1.504375 0.000000
vt -0.086224 1.353938 0.000000
vt -0.086224 1.203500 0.000000
vt -0.086224 1.053063 0.000000
vt -0.086224 0.902625 0.000000
vt -0.086224 0.752188 0.000000
vt -0.086224 0.601750 0.000000
vt -0.086224 0.451313 0.000000
vt -0.086224 0.300875 0.000000
vt -0.481374 3.460063 0.000000
vt -0.481374 3.309626 0.000000
vt -0.481374 3.159188 0.000000
vt -0.481374 3.008751 0.000000
vt -0.481374 2.858313 0.000000
vt -0.481374 2.707876 0.000000
vt -0.481374 2.557438 0.000000
vt -0.481374 2.407001 0.000000
vt -0.481374 2.256563 0.000000
vt -0.481374 2.106125 0.000000
vt -0.481374 1.955688 0.000000
vt -0.481374 1.805250 0.000000
vt -0.481374 1.654813 0.000000
vt -0.481374 1.504375 0.000000
vt -0.481374 1.353938 0.000000
vt -0.481374 1.203500 0.000000
vt -0.481374 1.053063 0.000000
vt -0.481374 0.902625 0.000000
vt -0.481374 0.752188 0.000000
vt -0.481374 0.601750 0.000000
vt -0.481374 0.451313 0.000000
vt -0.481374 0.300875 0.000000
vt -0.421900 3.460063 0.000000
vt -0.421900 3.309626 0.000000
vt -0.421900 3.159188 0.000000
vt -0.421900 3.008751 0.000000
vt -0.421900 2.858313 0.000000
vt -0.421900 2.707876 0.000000
vt -0.421900 2.557438 0.000000
vt -0.421900 2.407001 0.000000
vt -0.421900 2.256563 0.000000
vt -0.421900 2.106125 0.000000
vt -0.421900 1.955688 0.000000
vt -0.421900 1.805250 0.000000
vt -0.421900 1.654813 0.000000
vt -0.421900 1.504375 0.000000
vt -0.421900 1.353938 0.000000
vt -0.421900 1.203500 0.000000
vt -0.421900 1.053063 0.000000
vt -0.421900 0.902625 0.000000
vt -0.421900 0.752188 0.000000
vt -0.421900 0.601750 0.000000
vt -0.421900 0.451313 0.000000
vt -0.421900 0.300875 0.000000
vt -0.362425 3.460063 0.000000
vt -0.362425 3.309626 0.000000
vt -0.362425 3.159188 0.000000
vt -0.362425 3.008751 0.000000
vt -0.362425 2.858313 0.000000
vt -0.362425 2.707876 0.000000
vt -0.362425 2.557438 0.000000
vt -0.362425 2.407001 0.000000
vt -0.362425 2.256563 0.000000
vt -0.362425 2.106125 0.000000
vt -0.362425 1.955688 0.000000
vt -0.362425 1.805250 0.000000
vt -0.362425 1.654813 0.000000
vt -0.362425 1.504375 0.000000
vt -0.362425 1.353938 0.000000
vt -0.362425 1.203500 0.000000
vt -0.362425 1.053063 0.000000
vt -0.362425 0.902625 0.000000
vt -0.362425 0.752188 0.000000
vt -0.362425 0.601750 0.000000
vt -0.362425 0.451313 0.000000
vt -0.362425 0.300875 0.000000
vt -0.300161 3.460063 0.000000
vt -0.300161 3.309626 0.000000
vt -0.300161 3.159188 0.000000
vt -0.300161 3.008751 0.000000
vt -0.300161 2.858313 0.000000
vt -0.300161 2.707876 0.000000
vt -0.300161 2.557438 0.000000
vt -0.300161 2.407001 0.000000
vt -0.300161 2.256563 0.000000
vt -0.300161 2.106125 0.000000
vt -0.300161 1.955688 0.000000
vt -0.300161 1.805250 0.000000
vt -0.300161 1.654813 0.000000
vt -0.300161 1.504375 0.000000
vt -0.300161 1.353938 0.000000
vt -0.300161 1.203500 0.000000
vt -0.300161 1.053063 0.000000
vt -0.300161 0.902625 0.000000
vt -0.300161 0.752188 0.000000
vt -0.300161 0.601750 0.000000
vt -0.300161 0.451313 0.000000
vt -0.300161 0.300875 0.000000
vt 9.000000 0.392699 0.000000
vt 9.000000 0.327249 0.000000
vt 9.543868 0.392699 0.000000
vt 9.543868 0.327249 0.000000
vt 9.000000 0.261799 0.000000
vt 9.543868 0.261799 0.000000
vt 9.000000 0.196350 0.000000
vt 9.543868 0.196350 0.000000
vt 9.000000 0.130900 0.000000
vt 9.543868 0.130900 0.000000
vt 9.000000 0.065450 0.000000
vt 9.543868 0.065450 0.000000
vt 9.000000 0.000000 0.000000
vt 9.543868 -0.000000 0.000000
vt 9.000000 -0.065450 0.000000
vt 9.543868 -0.065450 0.000000
vt 9.000000 -0.130900 0.000000
vt 9.543868 -0.130900 0.000000
vt 9.000000 -0.196350 0.000000
vt 9.543868 -0.196350 0.000000
vt 9.000000 -0.261799 0.000000
vt 9.543868 -0.261799 0.000000
vt 9.000000 -0.327249 0.000000
vt 9.543868 -0.327249 0.000000
vt 9.000000 -0.392699 0.000000
vt 9.543868 -0.392699 0.000000
vt -0.000000 0.702492 0.000000
vt -0.066607 0.689308 0.000000
vt 0.000000 0.648455 0.000000
vt -0.066607 0.634071 0.000000
vt -0.064204 0.630867 0.000000
vt -0.128289 0.612684 0.000000
vt -0.133214 0.634071 0.000000
vt -0.199821 0.634071 0.000000
vt -0.199821 0.689308 0.000000
vt -0.266429 0.689308 0.000000
vt -0.266429 0.744544 0.000000
vt -0.333036 0.744544 0.000000
vt -0.333036 0.799781 0.000000
vt -0.399643 0.799781 0.000000
vt -0.399643 0.855017 0.000000
vt -0.466250 0.855017 0.000000
vt -0.466250 0.910254 0.000000
vt -0.532857 0.910254 0.000000
vt -0.532857 0.965490 0.000000
vt -0.567254 0.890202 0.000000
vt -0.526875 0.986346 0.000000
vt -0.466250 0.965490 0.000000
vt -0.466250 1.020727 0.000000
vt -0.399643 0.965490 0.000000
vt -0.399643 1.020727 0.000000
vt -0.333036 0.965490 0.000000
vt -0.333036 1.020727 0.000000
vt -0.266429 0.965490 0.000000
vt -0.266429 1.020727 0.000000
vt -0.199821 0.965490 0.000000
vt -0.199821 1.020727 0.000000
vt -0.133214 0.965490 0.000000
vt -0.133214 1.020727 0.000000
vt -0.066607 0.965490 0.000000
vt -0.066607 1.020727 0.000000
vt -0.000000 0.972682 0.000000
vt -0.000000 1.026720 0.000000
vt -0.066607 0.744544 0.000000
vt -0.000000 0.756530 0.000000
vt -0.066607 0.799781 0.000000
vt -0.000000 0.810568 0.000000
vt -0.066607 0.855017 0.000000
vt -0.000000 0.864606 0.000000
vt -0.066607 0.910254 0.000000
vt -0.000000 0.918644 0.000000
vt -0.066607 1.075963 0.000000
vt -0.000000 1.080758 0.000000
vt -0.066607 1.131200 0.000000
vt -0.000000 1.134795 0.000000
vt -0.066607 1.186436 0.000000
vt -0.000000 1.188833 0.000000
vt -0.066607 1.241673 0.000000
vt -0.000000 1.242871 0.000000
vt -0.062196 1.276844 0.000000
vt -0.000000 1.296909 0.000000
vt -0.124243 1.256143 0.000000
vt -0.133214 1.241673 0.000000
vt -0.133214 1.186436 0.000000
vt -0.133214 1.131200 0.000000
vt -0.133214 1.075963 0.000000
vt -0.185970 1.234092 0.000000
vt -0.199821 1.186436 0.000000
vt -0.247166 1.209810 0.000000
vt -0.266429 1.186436 0.000000
vt -0.307537 1.182108 0.000000
vt -0.266429 1.131200 0.000000
vt -0.333036 1.131200 0.000000
vt -0.266429 1.075963 0.000000
vt -0.333036 1.075963 0.000000
vt -0.366650 1.149275 0.000000
vt -0.399643 1.075963 0.000000
vt -0.423818 1.108731 0.000000
vt -0.477894 1.056465 0.000000
vt -0.532857 0.855017 0.000000
vt -0.593486 0.762400 0.000000
vt -0.532857 0.799781 0.000000
vt -0.532857 0.744544 0.000000
vt -0.466250 0.744544 0.000000
vt -0.466250 0.689308 0.000000
vt -0.399643 0.689308 0.000000
vt -0.399643 0.634071 0.000000
vt -0.333036 0.634071 0.000000
vt -0.333036 0.578835 0.000000
vt -0.266429 0.578835 0.000000
vt -0.318252 0.546783 0.000000
vt -0.255521 0.571657 0.000000
vt -0.532857 0.689308 0.000000
vt -0.599464 0.612884 0.000000
vt -0.532857 0.634071 0.000000
vt -0.532857 0.578835 0.000000
vt -0.466250 0.578835 0.000000
vt -0.466250 0.523598 0.000000
vt -0.399643 0.523598 0.000000
vt -0.439964 0.479043 0.000000
vt -0.379938 0.516845 0.000000
vt -0.583378 0.470770 0.000000
vt -0.532857 0.523598 0.000000
vt -0.466250 0.468362 0.000000
vt -0.497241 0.428701 0.000000
vt -0.532857 0.468362 0.000000
vt -0.532857 0.413125 0.000000
vt -0.549712 0.357889 0.000000
vt -0.399643 0.578835 0.000000
vt -0.192119 0.593231 0.000000
vt -0.266429 0.634071 0.000000
vt -0.333036 0.689308 0.000000
vt -0.399643 0.744544 0.000000
vt -0.466250 0.799781 0.000000
vt -0.133214 0.689308 0.000000
vt -0.133214 0.744544 0.000000
vt -0.133214 0.799781 0.000000
vt -0.133214 0.855017 0.000000
vt -0.133214 0.910254 0.000000
vt -0.199821 0.744544 0.000000
vt -0.266429 0.799781 0.000000
vt -0.333036 0.855017 0.000000
vt -0.399643 0.910254 0.000000
vt -0.466250 0.634071 0.000000
vt -0.199821 0.799781 0.000000
vt -0.199821 0.855017 0.000000
vt -0.199821 0.910254 0.000000
vt -0.266429 0.855017 0.000000
vt -0.333036 0.910254 0.000000
vt -0.266429 0.910254 0.000000
vt -0.199821 1.075963 0.000000
vt -0.199821 1.131200 0.000000
vt 0.000000 1.250000 0.000000
vt 5.000000 1.250000 0.000000
vt 0.000000 20.500000 0.000000
vt 5.000000 20.500000 0.000000
vt -0.482498 -0.210313 0.000000
vt -0.428867 -0.104323 0.000000
vt -0.482561 -0.000000 0.000000
vt -0.410177 -0.000000 0.000000
vt -0.410177 0.171687 0.000000
vt -0.374503 -0.000000 0.000000
vt -0.333850 0.071582 0.000000
vt -0.337793 0.171687 0.000000
vt -0.291567 0.141521 0.000000
vt -0.337793 0.343374 0.000000
vt -0.247598 0.209764 0.000000
vt -0.265409 0.343374 0.000000
vt -0.201844 0.276316 0.000000
vt -0.193024 0.343374 0.000000
vt -0.154257 0.341077 0.000000
vt -0.193024 0.515062 0.000000
vt -0.144768 0.515062 0.000000
vt -0.193024 0.686749 0.000000
vt -0.144768 0.686749 0.000000
vt -0.193024 0.858436 0.000000
vt -0.144768 0.858436 0.000000
vt -0.193024 1.030123 0.000000
vt -0.144768 1.030123 0.000000
vt -0.193024 1.115967 0.000000
vt -0.144768 1.115967 0.000000
vt -0.193024 1.201810 0.000000
vt -0.144768 1.201810 0.000000
vt -0.193024 1.287654 0.000000
vt -0.144768 1.287654 0.000000
vt -0.193024 1.373498 0.000000
vt -0.144768 1.373498 0.000000
vt -0.193024 1.459341 0.000000
vt -0.144768 1.459341 0.000000
vt -0.144768 1.544368 0.000000
vt -0.096512 1.544251 0.000000
vt -0.096512 1.631028 0.000000
vt -0.048256 1.631028 0.000000
vt -0.096512 1.716872 0.000000
vt -0.048256 1.716872 0.000000
vt -0.096512 1.802716 0.000000
vt -0.048256 1.802716 0.000000
vt -0.096512 1.888559 0.000000
vt -0.048256 1.888559 0.000000
vt -0.096512 1.974403 0.000000
vt -0.048256 1.974403 0.000000
vt -0.096512 2.060247 0.000000
vt -0.048256 2.060247 0.000000
vt -0.096512 2.146090 0.000000
vt -0.048256 2.146090 0.000000
vt -0.096512 2.231776 0.000000
vt -0.048256 2.231855 0.000000
vt -0.096512 2.317777 0.000000
vt -0.048256 2.317777 0.000000
vt -0.096512 2.403621 0.000000
vt -0.048256 2.403621 0.000000
vt -0.096512 2.489465 0.000000
vt -0.048256 2.489465 0.000000
vt -0.096512 2.575308 0.000000
vt -0.048256 2.575308 0.000000
vt -0.096512 2.661152 0.000000
vt -0.048256 2.661152 0.000000
vt -0.096512 2.746995 0.000000
vt -0.048256 2.746995 0.000000
vt -0.096512 2.852389 0.000000
vt -0.048256 2.852389 0.000000
vt -0.096512 2.957783 0.000000
vt -0.048256 2.957783 0.000000
vt -0.096512 3.026270 0.000000
vt -0.048256 3.026270 0.000000
vt -0.096512 3.094758 0.000000
vt -0.048256 3.094758 0.000000
vt -0.096512 3.231732 0.000000
vt -0.048256 3.231732 0.000000
vt -0.096512 3.368707 0.000000
vt -0.048256 3.368707 0.000000
vt -0.096512 3.505682 0.000000
vt -0.048256 3.505682 0.000000
vt -0.096512 3.644965 0.000000
vt -0.048256 3.644965 0.000000
vt -0.096512 3.784248 0.000000
vt -0.048256 3.784248 0.000000
vt -0.096512 3.861135 0.000000
vt -0.048256 3.861135 0.000000
vt -0.096512 3.938021 0.000000
vt -0.048256 3.938021 0.000000
vt -0.096512 4.091794 0.000000
vt -0.048256 4.091794 0.000000
vt -0.096512 4.245567 0.000000
vt -0.048256 4.245567 0.000000
vt -0.096512 4.399340 0.000000
vt -0.048256 4.399340 0.000000
vt -0.096512 4.563389 0.000000
vt -0.048256 4.563389 0.000000
vt -0.096512 4.727437 0.000000
vt -0.048256 4.727437 0.000000
vt -0.096512 4.891486 0.000000
vt -0.048256 4.891486 0.000000
vt -0.096512 5.055535 0.000000
vt -0.048256 5.055535 0.000000
vt -0.096512 5.219583 0.000000
vt -0.048256 5.219583 0.000000
vt -0.053406 5.246905 0.000000
vt -0.000000 5.188030 0.000000
vt -0.000000 5.042270 0.000000
vt -0.000000 4.896511 0.000000
vt -0.000000 4.750751 0.000000
vt -0.000000 4.604991 0.000000
vt -0.000000 4.459230 0.000000
vt -0.000000 4.313470 0.000000
vt -0.000000 4.167709 0.000000
vt -0.000000 4.021948 0.000000
vt -0.000000 3.876188 0.000000
vt -0.104793 0.403944 0.000000
vt -0.096512 0.515062 0.000000
vt -0.096512 0.686749 0.000000
vt -0.096512 0.858436 0.000000
vt -0.096512 1.030123 0.000000
vt -0.096512 1.115967 0.000000
vt -0.096512 1.201810 0.000000
vt -0.096512 1.287654 0.000000
vt -0.096512 1.373498 0.000000
vt -0.096512 1.459341 0.000000
vt -0.048256 1.544134 0.000000
vt -0.000000 1.544017 0.000000
vt -0.000000 1.689778 0.000000
vt -0.053397 0.464837 0.000000
vt -0.048256 0.515062 0.000000
vt -0.048256 0.686749 0.000000
vt -0.048256 0.858436 0.000000
vt -0.048256 1.030123 0.000000
vt -0.048256 1.115967 0.000000
vt -0.048256 1.201810 0.000000
vt -0.048256 1.287654 0.000000
vt -0.048256 1.373498 0.000000
vt -0.048256 1.459341 0.000000
vt -0.000000 0.523698 0.000000
vt -0.000000 0.669458 0.000000
vt -0.000000 0.815217 0.000000
vt -0.000000 0.960976 0.000000
vt -0.000000 1.106736 0.000000
vt -0.000000 1.252496 0.000000
vt -0.000000 1.398257 0.000000
vt -0.000000 1.835539 0.000000
vt -0.000000 1.981299 0.000000
vt -0.000000 2.127060 0.000000
vt -0.000000 2.199940 0.000000
vt -0.000000 2.272821 0.000000
vt -0.000000 2.345701 0.000000
vt -0.000000 2.418581 0.000000
vt -0.000000 2.491462 0.000000
vt -0.000000 2.564342 0.000000
vt -0.000000 2.637222 0.000000
vt -0.000000 2.710103 0.000000
vt -0.000000 2.782983 0.000000
vt -0.000000 2.855863 0.000000
vt -0.000000 2.928744 0.000000
vt -0.000000 3.001624 0.000000
vt -0.000000 3.074504 0.000000
vt -0.000000 3.147385 0.000000
vt -0.000000 3.220265 0.000000
vt -0.000000 3.293145 0.000000
vt -0.000000 3.366026 0.000000
vt -0.000000 3.438906 0.000000
vt -0.000000 3.511786 0.000000
vt -0.000000 3.584667 0.000000
vt -0.000000 3.730427 0.000000
vt -0.104821 5.307828 0.000000
vt -0.144768 5.219583 0.000000
vt -0.144768 5.055535 0.000000
vt -0.144768 4.891486 0.000000
vt -0.144768 4.727437 0.000000
vt -0.144768 4.563389 0.000000
vt -0.144768 4.399340 0.000000
vt -0.144768 4.245567 0.000000
vt -0.144768 4.091794 0.000000
vt -0.144768 3.938021 0.000000
vt -0.144768 3.861135 0.000000
vt -0.144768 3.784248 0.000000
vt -0.144768 3.644965 0.000000
vt -0.144768 3.505682 0.000000
vt -0.144768 3.368707 0.000000
vt -0.144768 3.231732 0.000000
vt -0.144768 3.094758 0.000000
vt -0.144768 3.026270 0.000000
vt -0.144768 2.957783 0.000000
vt -0.144768 2.852389 0.000000
vt -0.144768 2.746995 0.000000
vt -0.144768 2.661152 0.000000
vt -0.144768 2.575308 0.000000
vt -0.144768 2.489465 0.000000
vt -0.144768 2.403621 0.000000
vt -0.144768 2.317777 0.000000
vt -0.144768 2.231697 0.000000
vt -0.144768 2.146090 0.000000
vt -0.144768 2.060247 0.000000
vt -0.144768 1.974403 0.000000
vt -0.144768 1.888559 0.000000
vt -0.144768 1.802716 0.000000
vt -0.144768 1.716872 0.000000
vt -0.144768 1.631028 0.000000
vt -0.193024 1.544484 0.000000
vt -0.265409 1.459341 0.000000
vt -0.265409 1.373498 0.000000
vt -0.265409 1.287654 0.000000
vt -0.265409 1.201810 0.000000
vt -0.265409 1.115967 0.000000
vt -0.265409 1.030123 0.000000
vt -0.265409 0.858436 0.000000
vt -0.265409 0.686749 0.000000
vt -0.265409 0.515062 0.000000
vt -0.154299 5.370719 0.000000
vt -0.193024 5.219583 0.000000
vt -0.193024 5.055535 0.000000
vt -0.193024 4.891486 0.000000
vt -0.193024 4.727437 0.000000
vt -0.193024 4.563389 0.000000
vt -0.193024 4.399340 0.000000
vt -0.193024 4.245567 0.000000
vt -0.193024 4.091794 0.000000
vt -0.193024 3.938021 0.000000
vt -0.193024 3.861135 0.000000
vt -0.193024 3.784248 0.000000
vt -0.193024 3.644965 0.000000
vt -0.193024 3.505682 0.000000
vt -0.193024 3.368707 0.000000
vt -0.193024 3.231732 0.000000
vt -0.193024 3.094758 0.000000
vt -0.193024 3.026270 0.000000
vt -0.193024 2.957783 0.000000
vt -0.193024 2.852389 0.000000
vt -0.193024 2.746995 0.000000
vt -0.193024 2.661152 0.000000
vt -0.193024 2.575308 0.000000
vt -0.193024 2.489465 0.000000
vt -0.193024 2.403621 0.000000
vt -0.193024 2.317777 0.000000
vt -0.193024 2.231618 0.000000
vt -0.193024 2.146090 0.000000
vt -0.193024 2.060247 0.000000
vt -0.193024 1.974403 0.000000
vt -0.193024 1.888559 0.000000
vt -0.193024 1.802716 0.000000
vt -0.193024 1.716872 0.000000
vt -0.193024 1.631028 0.000000
vt -0.265409 1.544660 0.000000
vt -0.337793 1.459341 0.000000
vt -0.337793 1.373498 0.000000
vt -0.337793 1.287654 0.000000
vt -0.337793 1.201810 0.000000
vt -0.337793 1.115967 0.000000
vt -0.337793 1.030123 0.000000
vt -0.337793 0.858436 0.000000
vt -0.337793 0.686749 0.000000
vt -0.337793 0.515062 0.000000
vt -0.193024 5.383632 0.000000
vt -0.201882 5.435475 0.000000
vt -0.265409 5.383632 0.000000
vt -0.247611 5.501984 0.000000
vt -0.291570 5.570209 0.000000
vt -0.333843 5.640135 0.000000
vt -0.337793 5.547681 0.000000
vt -0.337793 5.383632 0.000000
vt -0.265409 5.219583 0.000000
vt -0.374503 5.711729 0.000000
vt -0.410177 5.547681 0.000000
vt -0.410177 5.383632 0.000000
vt -0.337793 5.219583 0.000000
vt -0.410177 5.219583 0.000000
vt -0.337793 5.055535 0.000000
vt -0.410177 5.055535 0.000000
vt -0.337793 4.891486 0.000000
vt -0.410177 4.891486 0.000000
vt -0.337793 4.727437 0.000000
vt -0.410177 4.727437 0.000000
vt -0.337793 4.563389 0.000000
vt -0.410177 4.563389 0.000000
vt -0.337793 4.399340 0.000000
vt -0.410177 4.399340 0.000000
vt -0.337793 4.245567 0.000000
vt -0.410177 4.245567 0.000000
vt -0.337793 4.091794 0.000000
vt -0.410177 4.091794 0.000000
vt -0.337793 3.938021 0.000000
vt -0.410177 3.938021 0.000000
vt -0.337793 3.861135 0.000000
vt -0.410177 3.861135 0.000000
vt -0.337793 3.784248 0.000000
vt -0.410177 3.784248 0.000000
vt -0.337793 3.644965 0.000000
vt -0.410177 3.644965 0.000000
vt -0.337793 3.505682 0.000000
vt -0.410177 3.505682 0.000000
vt -0.337793 3.368707 0.000000
vt -0.410177 3.368707 0.000000
vt -0.337793 3.231732 0.000000
vt -0.410177 3.231732 0.000000
vt -0.337793 3.094758 0.000000
vt -0.410177 3.094758 0.000000
vt -0.337793 3.026270 0.000000
vt -0.410177 3.026270 0.000000
vt -0.337793 2.957783 0.000000
vt -0.410177 2.957783 0.000000
vt -0.337793 2.852389 0.000000
vt -0.410177 2.852389 0.000000
vt -0.337793 2.746995 0.000000
vt -0.410177 2.746995 0.000000
vt -0.337793 2.661152 0.000000
vt -0.410177 2.661152 0.000000
vt -0.337793 2.575308 0.000000
vt -0.410177 2.575308 0.000000
vt -0.337793 2.489465 0.000000
vt -0.410177 2.489465 0.000000
vt -0.337793 2.403621 0.000000
vt -0.410177 2.403621 0.000000
vt -0.337793 2.317777 0.000000
vt -0.410177 2.317777 0.000000
vt -0.337793 2.231381 0.000000
vt -0.410177 2.231263 0.000000
vt -0.337793 2.146090 0.000000
vt -0.410177 2.146090 0.000000
vt -0.337793 2.060247 0.000000
vt -0.410177 2.060247 0.000000
vt -0.337793 1.974403 0.000000
vt -0.410177 1.974403 0.000000
vt -0.337793 1.888559 0.000000
vt -0.410177 1.888559 0.000000
vt -0.337793 1.802716 0.000000
vt -0.410177 1.802716 0.000000
vt -0.337793 1.716872 0.000000
vt -0.410177 1.716872 0.000000
vt -0.337793 1.631028 0.000000
vt -0.410177 1.631028 0.000000
vt -0.410177 1.545010 0.000000
vt -0.482561 1.606424 0.000000
vt -0.482561 1.427932 0.000000
vt -0.410177 5.711729 0.000000
vt -0.428874 5.816067 0.000000
vt -0.482561 5.711729 0.000000
vt -0.482498 5.922042 0.000000
vt -0.482561 5.533238 0.000000
vt -0.482561 5.354746 0.000000
vt -0.482561 5.176255 0.000000
vt -0.482561 4.997763 0.000000
vt -0.482561 4.819272 0.000000
vt -0.482561 4.640780 0.000000
vt -0.482561 4.462289 0.000000
vt -0.482561 4.283797 0.000000
vt -0.482561 4.105305 0.000000
vt -0.482561 3.926814 0.000000
vt -0.482561 3.837568 0.000000
vt -0.482561 3.748322 0.000000
vt -0.482561 3.659077 0.000000
vt -0.482561 3.569831 0.000000
vt -0.482561 3.480585 0.000000
vt -0.482561 3.391339 0.000000
vt -0.482561 3.302094 0.000000
vt -0.482561 3.212848 0.000000
vt -0.482561 3.123602 0.000000
vt -0.482561 3.034356 0.000000
vt -0.482561 2.945110 0.000000
vt -0.482561 2.855865 0.000000
vt -0.482561 2.766619 0.000000
vt -0.482561 2.677373 0.000000
vt -0.482561 2.588127 0.000000
vt -0.482561 2.498882 0.000000
vt -0.482561 2.409636 0.000000
vt -0.482561 2.320390 0.000000
vt -0.482561 2.231144 0.000000
vt -0.482561 2.141899 0.000000
vt -0.482561 2.052653 0.000000
vt -0.482561 1.963407 0.000000
vt -0.482561 1.874161 0.000000
vt -0.482561 1.784915 0.000000
vt -0.482561 1.249441 0.000000
vt -0.410177 1.373498 0.000000
vt -0.410177 1.459341 0.000000
vt -0.337793 1.544835 0.000000
vt -0.265409 1.631028 0.000000
vt -0.265409 1.716872 0.000000
vt -0.265409 1.802716 0.000000
vt -0.265409 1.888559 0.000000
vt -0.265409 1.974403 0.000000
vt -0.265409 2.060247 0.000000
vt -0.265409 2.146090 0.000000
vt -0.265409 2.231500 0.000000
vt -0.265409 2.317777 0.000000
vt -0.265409 2.403621 0.000000
vt -0.265409 2.489465 0.000000
vt -0.265409 2.575308 0.000000
vt -0.265409 2.661152 0.000000
vt -0.265409 2.746995 0.000000
vt -0.265409 2.852389 0.000000
vt -0.265409 2.957783 0.000000
vt -0.265409 3.026270 0.000000
vt -0.265409 3.094758 0.000000
vt -0.265409 3.231732 0.000000
vt -0.265409 3.368707 0.000000
vt -0.265409 3.505682 0.000000
vt -0.265409 3.644965 0.000000
vt -0.265409 3.784248 0.000000
vt -0.265409 3.861135 0.000000
vt -0.265409 3.938021 0.000000
vt -0.265409 4.091794 0.000000
vt -0.265409 4.245567 0.000000
vt -0.265409 4.399340 0.000000
vt -0.265409 4.563389 0.000000
vt -0.265409 4.727437 0.000000
vt -0.265409 4.891486 0.000000
vt -0.265409 5.055535 0.000000
vt -0.482561 1.070949 0.000000
vt -0.410177 1.201810 0.000000
vt -0.410177 1.287654 0.000000
vt -0.482561 0.892458 0.000000
vt -0.410177 1.030123 0.000000
vt -0.410177 1.115967 0.000000
vt -0.410177 0.858436 0.000000
vt -0.482561 0.713966 0.000000
vt -0.410177 0.686749 0.000000
vt -0.482561 0.535475 0.000000
vt -0.410177 0.515062 0.000000
vt -0.482561 0.356983 0.000000
vt -0.410177 0.343374 0.000000
vt -0.482561 0.178492 0.000000
vt 0.338352 5.380424 0.000000
vt 0.339290 5.074515 0.000000
vt 0.442730 5.275561 0.000000
vt 0.501879 5.157054 0.000000
vt 0.551485 5.174085 0.000000
vt 0.501879 4.933684 0.000000
vt 0.664586 5.076404 0.000000
vt 0.673350 4.933684 0.000000
vt 0.782009 4.982935 0.000000
vt 0.844822 4.933684 0.000000
vt 0.903759 4.894052 0.000000
vt 0.844822 4.710314 0.000000
vt 1.016294 4.710314 0.000000
vt 1.016294 4.486944 0.000000
vt 1.160625 4.731396 0.000000
vt 1.249720 4.486944 0.000000
vt 1.295999 4.658362 0.000000
vt 1.436204 4.591397 0.000000
vt 1.483147 4.486944 0.000000
vt 1.581329 4.531070 0.000000
vt 1.599861 4.486944 0.000000
vt 1.731440 4.478003 0.000000
vt 1.716574 4.313307 0.000000
vt 1.808330 4.454420 0.000000
vt 1.833288 4.313348 0.000000
vt 1.886350 4.432942 0.000000
vt 1.950001 4.313389 0.000000
vt 1.965428 4.413670 0.000000
vt 2.045492 4.396703 0.000000
vt 2.066714 4.313429 0.000000
vt 2.126471 4.382139 0.000000
vt 2.183428 4.313470 0.000000
vt 2.208291 4.370077 0.000000
vt 2.300141 4.313511 0.000000
vt 2.290798 4.360607 0.000000
vt 2.373817 4.353786 0.000000
vt 2.416855 4.313552 0.000000
vt 2.457184 4.349662 0.000000
vt 2.533568 4.313593 0.000000
vt 2.540733 4.348279 0.000000
vt 2.624281 4.349663 0.000000
vt 2.650282 4.313634 0.000000
vt 2.707649 4.353786 0.000000
vt 2.766995 4.313675 0.000000
vt 2.790670 4.360606 0.000000
vt 2.883709 4.313716 0.000000
vt 2.873177 4.370076 0.000000
vt 2.954993 4.382140 0.000000
vt 3.000422 4.313757 0.000000
vt 3.035971 4.396703 0.000000
vt 3.117135 4.313798 0.000000
vt 3.116037 4.413671 0.000000
vt 3.195117 4.432943 0.000000
vt 3.233849 4.313839 0.000000
vt 3.273140 4.454421 0.000000
vt 3.350562 4.313880 0.000000
vt 3.350031 4.478003 0.000000
vt 3.467276 4.313921 0.000000
vt 3.467276 4.486944 0.000000
vt 3.583989 4.313962 0.000000
vt 3.583989 4.486944 0.000000
vt 3.817416 4.314044 0.000000
vt 3.817416 4.486944 0.000000
vt 4.050843 4.314126 0.000000
vt 4.050843 4.486944 0.000000
vt 4.284270 4.314208 0.000000
vt 4.284270 4.486944 0.000000
vt 4.517697 4.314290 0.000000
vt 4.517697 4.486944 0.000000
vt 4.741742 4.464272 0.000000
vt 4.517697 4.710314 0.000000
vt 4.741497 4.768463 0.000000
vt 4.517697 4.933684 0.000000
vt 4.742068 5.074431 0.000000
vt 4.517697 5.157054 0.000000
vt 4.529986 5.174088 0.000000
vt 4.416885 5.076408 0.000000
vt 0.339742 4.768496 0.000000
vt 0.501879 4.710314 0.000000
vt 0.339611 4.463973 0.000000
vt 0.501879 4.486944 0.000000
vt 0.501879 4.312880 0.000000
vt 0.673350 4.312940 0.000000
vt 0.673350 4.141794 0.000000
vt 0.844822 4.141794 0.000000
vt 0.844822 3.969219 0.000000
vt 1.016294 3.969219 0.000000
vt 1.016294 3.796645 0.000000
vt 1.249720 3.796645 0.000000
vt 1.249720 3.601249 0.000000
vt 1.483147 3.601249 0.000000
vt 1.483147 3.405854 0.000000
vt 1.599861 3.405854 0.000000
vt 1.599861 3.210459 0.000000
vt 1.716574 3.210459 0.000000
vt 1.716574 3.015063 0.000000
vt 1.833288 3.015063 0.000000
vt 1.833288 2.819668 0.000000
vt 1.950001 2.819668 0.000000
vt 1.950001 2.624272 0.000000
vt 2.066714 2.624272 0.000000
vt 2.066714 2.428877 0.000000
vt 2.183428 2.428877 0.000000
vt 2.183428 2.233482 0.000000
vt 2.300141 2.233482 0.000000
vt 2.300141 2.038086 0.000000
vt 2.416855 2.038086 0.000000
vt 2.416855 1.842691 0.000000
vt 2.533568 1.842691 0.000000
vt 2.533568 1.647296 0.000000
vt 2.650282 1.647296 0.000000
vt 2.650282 1.451900 0.000000
vt 2.766995 1.451900 0.000000
vt 2.766995 1.256505 0.000000
vt 2.883709 1.256505 0.000000
vt 2.883709 1.061110 0.000000
vt 3.000422 1.061110 0.000000
vt 3.000422 0.865714 0.000000
vt 3.117135 0.865714 0.000000
vt 3.101412 0.678920 0.000000
vt 3.241111 0.678546 0.000000
vt 0.339227 4.312823 0.000000
vt 0.501879 4.141794 0.000000
vt 0.673350 3.969219 0.000000
vt 0.844822 3.796645 0.000000
vt 1.016294 3.601249 0.000000
vt 1.249720 3.405854 0.000000
vt 1.483147 3.210459 0.000000
vt 1.599861 3.015063 0.000000
vt 1.716574 2.819668 0.000000
vt 1.833288 2.624272 0.000000
vt 1.950001 2.428877 0.000000
vt 2.066714 2.233482 0.000000
vt 2.183428 2.038086 0.000000
vt 2.300141 1.842691 0.000000
vt 2.416855 1.647296 0.000000
vt 2.533568 1.451900 0.000000
vt 2.650282 1.256505 0.000000
vt 2.766995 1.061110 0.000000
vt 2.883709 0.865714 0.000000
vt 0.338580 4.162709 0.000000
vt 0.337738 4.013593 0.000000
vt 0.501879 3.969219 0.000000
vt 0.336761 3.865387 0.000000
vt 0.501879 3.796645 0.000000
vt 0.335697 3.718046 0.000000
vt 0.501879 3.601249 0.000000
vt 0.334611 3.571507 0.000000
vt 0.501879 3.405854 0.000000
vt 0.333587 3.425654 0.000000
vt 0.332648 3.280373 0.000000
vt 0.501879 3.210459 0.000000
vt 0.331822 3.135544 0.000000
vt 0.501879 3.015063 0.000000
vt 0.331161 2.991019 0.000000
vt 0.330720 2.846621 0.000000
vt 0.501879 2.819668 0.000000
vt 0.330481 2.702281 0.000000
vt 0.501879 2.624272 0.000000
vt 0.330407 2.557971 0.000000
vt 0.501879 2.428877 0.000000
vt 0.330478 2.413653 0.000000
vt 0.330679 2.269277 0.000000
vt 0.501879 2.233482 0.000000
vt 0.331005 2.124782 0.000000
vt 0.501879 2.038086 0.000000
vt 0.331452 1.980099 0.000000
vt 0.501879 1.842691 0.000000
vt 0.332016 1.835162 0.000000
vt 0.332670 1.689992 0.000000
vt 0.501879 1.647296 0.000000
vt 0.333395 1.544661 0.000000
vt 0.501879 1.451900 0.000000
vt 0.334194 1.399165 0.000000
vt 0.501879 1.256505 0.000000
vt 0.335068 1.253521 0.000000
vt 0.336014 1.107759 0.000000
vt 0.501879 1.061110 0.000000
vt 0.337026 0.961927 0.000000
vt 0.501879 0.865714 0.000000
vt 0.338094 0.816088 0.000000
vt 0.472092 0.671268 0.000000
vt 0.339208 0.670319 0.000000
vt 0.605763 0.672188 0.000000
vt 0.740229 0.673079 0.000000
vt 0.673350 0.865714 0.000000
vt 0.875481 0.673938 0.000000
vt 0.844822 0.865714 0.000000
vt 1.011466 0.674758 0.000000
vt 1.016294 0.865714 0.000000
vt 1.148137 0.675532 0.000000
vt 1.249720 0.865714 0.000000
vt 1.285447 0.676254 0.000000
vt 1.423353 0.676917 0.000000
vt 1.483147 0.865714 0.000000
vt 1.561820 0.677517 0.000000
vt 1.700815 0.678052 0.000000
vt 1.599861 0.865714 0.000000
vt 1.840263 0.678523 0.000000
vt 1.716574 0.865714 0.000000
vt 1.833288 0.865714 0.000000
vt 1.716574 1.061110 0.000000
vt 1.833288 1.061110 0.000000
vt 1.716574 1.256505 0.000000
vt 1.833288 1.256505 0.000000
vt 1.716574 1.451900 0.000000
vt 1.833288 1.451900 0.000000
vt 1.716574 1.647296 0.000000
vt 1.833288 1.647296 0.000000
vt 1.716574 1.842691 0.000000
vt 1.833288 1.842691 0.000000
vt 1.716574 2.038086 0.000000
vt 1.833288 2.038086 0.000000
vt 1.716574 2.233482 0.000000
vt 1.833288 2.233482 0.000000
vt 1.716574 2.428877 0.000000
vt 1.833288 2.428877 0.000000
vt 1.716574 2.624272 0.000000
vt 1.980022 0.678922 0.000000
vt 1.950001 0.865714 0.000000
vt 1.950001 1.061110 0.000000
vt 1.950001 1.256505 0.000000
vt 1.950001 1.451900 0.000000
vt 1.950001 1.647296 0.000000
vt 1.950001 1.842691 0.000000
vt 1.950001 2.038086 0.000000
vt 1.950001 2.233482 0.000000
vt 2.120023 0.679238 0.000000
vt 2.066714 0.865714 0.000000
vt 2.066714 1.061110 0.000000
vt 2.066714 1.256505 0.000000
vt 2.066714 1.451900 0.000000
vt 2.066714 1.647296 0.000000
vt 2.066714 1.842691 0.000000
vt 2.066714 2.038086 0.000000
vt 2.260198 0.679463 0.000000
vt 2.183428 0.865714 0.000000
vt 2.183428 1.061110 0.000000
vt 2.183428 1.256505 0.000000
vt 2.183428 1.451900 0.000000
vt 2.183428 1.647296 0.000000
vt 2.183428 1.842691 0.000000
vt 2.400482 0.679593 0.000000
vt 2.300141 0.865714 0.000000
vt 2.300141 1.061110 0.000000
vt 2.300141 1.256505 0.000000
vt 2.300141 1.451900 0.000000
vt 2.300141 1.647296 0.000000
vt 2.416855 0.865714 0.000000
vt 2.540811 0.679628 0.000000
vt 2.533568 0.865714 0.000000
vt 2.681126 0.679571 0.000000
vt 2.650282 0.865714 0.000000
vt 2.821366 0.679429 0.000000
vt 2.766995 0.865714 0.000000
vt 2.961478 0.679212 0.000000
vt 3.233849 0.865714 0.000000
vt 3.380510 0.678088 0.000000
vt 3.350562 0.865714 0.000000
vt 3.519536 0.677547 0.000000
vt 3.467276 0.865714 0.000000
vt 3.658110 0.676930 0.000000
vt 3.583989 0.865714 0.000000
vt 3.817416 0.865714 0.000000
vt 3.583989 1.061110 0.000000
vt 3.817416 1.061110 0.000000
vt 3.583989 1.256505 0.000000
vt 3.817416 1.256505 0.000000
vt 3.583989 1.451900 0.000000
vt 3.817416 1.451900 0.000000
vt 3.583989 1.647296 0.000000
vt 3.817416 1.647296 0.000000
vt 3.583989 1.842691 0.000000
vt 3.817416 1.842691 0.000000
vt 3.583989 2.038086 0.000000
vt 3.817416 2.038086 0.000000
vt 3.583989 2.233482 0.000000
vt 3.817416 2.233482 0.000000
vt 3.583989 2.428877 0.000000
vt 3.817416 2.428877 0.000000
vt 3.583989 2.624272 0.000000
vt 3.817416 2.624272 0.000000
vt 3.583989 2.819668 0.000000
vt 3.817416 2.819668 0.000000
vt 3.583989 3.015063 0.000000
vt 3.817416 3.015063 0.000000
vt 3.583989 3.210459 0.000000
vt 3.817416 3.210459 0.000000
vt 3.583989 3.405854 0.000000
vt 3.817416 3.405854 0.000000
vt 3.583989 3.601249 0.000000
vt 3.817416 3.601249 0.000000
vt 3.583989 3.796645 0.000000
vt 3.817416 3.796645 0.000000
vt 3.583989 3.969219 0.000000
vt 3.817416 3.969219 0.000000
vt 3.583989 4.141794 0.000000
vt 3.817416 4.141794 0.000000
vt 3.796147 0.676248 0.000000
vt 3.933560 0.675515 0.000000
vt 4.050843 0.865714 0.000000
vt 4.070262 0.674743 0.000000
vt 4.206207 0.673927 0.000000
vt 4.284270 0.865714 0.000000
vt 4.341390 0.673073 0.000000
vt 4.475801 0.672185 0.000000
vt 4.517697 0.865714 0.000000
vt 4.609429 0.671267 0.000000
vt 4.743379 0.816158 0.000000
vt 4.742259 0.670319 0.000000
vt 4.744459 0.962083 0.000000
vt 4.517697 1.061110 0.000000
vt 4.284270 1.061110 0.000000
vt 4.284270 1.256505 0.000000
vt 4.050843 1.256505 0.000000
vt 4.050843 1.451900 0.000000
vt 4.745487 1.108007 0.000000
vt 4.746449 1.253857 0.000000
vt 4.517697 1.256505 0.000000
vt 4.747336 1.399576 0.000000
vt 4.517697 1.451900 0.000000
vt 4.748140 1.545121 0.000000
vt 4.517697 1.647296 0.000000
vt 4.748857 1.690471 0.000000
vt 4.749487 1.835619 0.000000
vt 4.517697 1.842691 0.000000
vt 4.750035 1.980578 0.000000
vt 4.517697 2.038086 0.000000
vt 4.750501 2.125362 0.000000
vt 4.517697 2.233482 0.000000
vt 4.750846 2.269954 0.000000
vt 4.751056 2.414402 0.000000
vt 4.517697 2.428877 0.000000
vt 4.751124 2.558760 0.000000
vt 4.517697 2.624272 0.000000
vt 4.751036 2.703074 0.000000
vt 4.517697 2.819668 0.000000
vt 4.750769 2.847375 0.000000
vt 4.750292 2.991681 0.000000
vt 4.517697 3.015063 0.000000
vt 4.749629 3.136103 0.000000
vt 4.517697 3.210459 0.000000
vt 4.748821 3.280812 0.000000
vt 4.517697 3.405854 0.000000
vt 4.747893 3.425951 0.000000
vt 4.746847 3.571674 0.000000
vt 4.517697 3.601249 0.000000
vt 4.745734 3.718227 0.000000
vt 4.517697 3.796645 0.000000
vt 4.744650 3.865671 0.000000
vt 4.517697 3.969219 0.000000
vt 4.743668 4.014014 0.000000
vt 4.517697 4.141794 0.000000
vt 4.742837 4.163245 0.000000
vt 4.743115 5.380424 0.000000
vt 4.638738 5.275562 0.000000
vt 4.299461 4.982938 0.000000
vt 4.284270 4.933684 0.000000
vt 4.177710 4.894053 0.000000
vt 4.284270 4.710314 0.000000
vt 4.050843 4.710314 0.000000
vt 4.051544 4.810084 0.000000
vt 3.920843 4.731395 0.000000
vt 3.785468 4.658361 0.000000
vt 3.645263 4.591397 0.000000
vt 3.500136 4.531069 0.000000
vt 1.029923 4.810084 0.000000
vt 0.673350 4.710314 0.000000
vt 0.673350 4.486944 0.000000
vt 0.844822 4.486944 0.000000
vt 1.016294 4.313061 0.000000
vt 1.249720 4.313143 0.000000
vt 1.249720 4.141794 0.000000
vt 1.483147 4.141794 0.000000
vt 1.483147 3.969219 0.000000
vt 1.599861 3.969219 0.000000
vt 1.599861 3.796645 0.000000
vt 1.716574 3.796645 0.000000
vt 1.716574 3.601249 0.000000
vt 1.833288 3.601249 0.000000
vt 1.833288 3.405854 0.000000
vt 1.950001 3.405854 0.000000
vt 1.950001 3.210459 0.000000
vt 2.066714 3.210459 0.000000
vt 2.066714 3.015063 0.000000
vt 2.183428 3.015063 0.000000
vt 2.183428 2.819668 0.000000
vt 2.300141 2.819668 0.000000
vt 2.300141 2.624272 0.000000
vt 2.416855 2.624272 0.000000
vt 2.416855 2.428877 0.000000
vt 2.533568 2.428877 0.000000
vt 2.533568 2.233482 0.000000
vt 2.650282 2.233482 0.000000
vt 2.650282 2.038086 0.000000
vt 2.766995 2.038086 0.000000
vt 2.766995 1.842691 0.000000
vt 2.883709 1.842691 0.000000
vt 2.883709 1.647296 0.000000
vt 3.000422 1.647296 0.000000
vt 3.000422 1.451900 0.000000
vt 3.117135 1.451900 0.000000
vt 3.117135 1.256505 0.000000
vt 3.233849 1.256505 0.000000
vt 3.233849 1.061110 0.000000
vt 3.350562 1.061110 0.000000
vt 0.844822 4.313000 0.000000
vt 1.016294 4.141794 0.000000
vt 1.249720 3.969219 0.000000
vt 1.483147 3.796645 0.000000
vt 1.599861 3.601249 0.000000
vt 1.716574 3.405854 0.000000
vt 1.833288 3.210459 0.000000
vt 1.950001 3.015063 0.000000
vt 2.066714 2.819668 0.000000
vt 2.183428 2.624272 0.000000
vt 2.300141 2.428877 0.000000
vt 2.416855 2.233482 0.000000
vt 2.533568 2.038086 0.000000
vt 2.650282 1.842691 0.000000
vt 2.766995 1.647296 0.000000
vt 2.883709 1.451900 0.000000
vt 3.000422 1.256505 0.000000
vt 3.117135 1.061110 0.000000
vt 1.483147 4.313225 0.000000
vt 1.599861 4.313266 0.000000
vt 1.599861 4.141794 0.000000
vt 1.716574 4.141794 0.000000
vt 1.833288 4.141794 0.000000
vt 1.833288 3.969219 0.000000
vt 1.950001 3.969219 0.000000
vt 1.950001 3.796645 0.000000
vt 2.066714 3.796645 0.000000
vt 2.066714 3.601249 0.000000
vt 2.183428 3.601249 0.000000
vt 2.183428 3.405854 0.000000
vt 2.300141 3.405854 0.000000
vt 2.300141 3.210459 0.000000
vt 2.416855 3.210459 0.000000
vt 2.416855 3.015063 0.000000
vt 2.533568 3.015063 0.000000
vt 2.533568 2.819668 0.000000
vt 2.650282 2.819668 0.000000
vt 2.650282 2.624272 0.000000
vt 2.766995 2.624272 0.000000
vt 2.766995 2.428877 0.000000
vt 2.883709 2.428877 0.000000
vt 2.883709 2.233482 0.000000
vt 3.000422 2.233482 0.000000
vt 3.000422 2.038086 0.000000
vt 3.117135 2.038086 0.000000
vt 3.117135 1.842691 0.000000
vt 3.233849 1.842691 0.000000
vt 3.233849 1.647296 0.000000
vt 3.350562 1.647296 0.000000
vt 3.350562 1.451900 0.000000
vt 3.467276 1.451900 0.000000
vt 3.467276 1.256505 0.000000
vt 1.950001 4.141794 0.000000
vt 2.066714 4.141794 0.000000
vt 2.183428 4.141794 0.000000
vt 2.300141 4.141794 0.000000
vt 2.416855 4.141794 0.000000
vt 2.533568 4.141794 0.000000
vt 2.650282 4.141794 0.000000
vt 2.766995 4.141794 0.000000
vt 2.883709 4.141794 0.000000
vt 3.000422 4.141794 0.000000
vt 3.117135 4.141794 0.000000
vt 3.233849 4.141794 0.000000
vt 3.350562 4.141794 0.000000
vt 3.467276 4.141794 0.000000
vt 4.050843 4.141794 0.000000
vt 4.050843 3.969219 0.000000
vt 4.050843 3.796645 0.000000
vt 4.050843 3.601249 0.000000
vt 4.050843 3.405854 0.000000
vt 4.050843 3.210459 0.000000
vt 4.050843 3.015063 0.000000
vt 4.050843 2.819668 0.000000
vt 4.050843 2.624272 0.000000
vt 4.050843 2.428877 0.000000
vt 4.050843 2.233482 0.000000
vt 4.050843 2.038086 0.000000
vt 4.050843 1.842691 0.000000
vt 4.050843 1.647296 0.000000
vt 4.284270 4.141794 0.000000
vt 4.284270 3.969219 0.000000
vt 4.284270 3.796645 0.000000
vt 4.284270 3.601249 0.000000
vt 4.284270 3.405854 0.000000
vt 4.284270 3.210459 0.000000
vt 4.284270 3.015063 0.000000
vt 4.284270 2.819668 0.000000
vt 4.284270 2.624272 0.000000
vt 4.284270 2.428877 0.000000
vt 4.284270 2.233482 0.000000
vt 4.284270 2.038086 0.000000
vt 4.284270 1.842691 0.000000
vt 4.284270 1.647296 0.000000
vt 4.284270 1.451900 0.000000
vt 1.716574 3.969219 0.000000
vt 2.066714 3.969219 0.000000
vt 2.183428 3.969219 0.000000
vt 2.300141 3.969219 0.000000
vt 2.416855 3.969219 0.000000
vt 2.533568 3.969219 0.000000
vt 2.650282 3.969219 0.000000
vt 2.766995 3.969219 0.000000
vt 2.883709 3.969219 0.000000
vt 3.000422 3.969219 0.000000
vt 3.117135 3.969219 0.000000
vt 3.233849 3.969219 0.000000
vt 3.350562 3.969219 0.000000
vt 3.467276 3.969219 0.000000
vt 0.673350 3.796645 0.000000
vt 0.844822 3.601249 0.000000
vt 1.016294 3.405854 0.000000
vt 1.249720 3.210459 0.000000
vt 1.483147 3.015063 0.000000
vt 1.599861 2.819668 0.000000
vt 1.833288 3.796645 0.000000
vt 1.950001 3.601249 0.000000
vt 2.066714 3.405854 0.000000
vt 2.183428 3.210459 0.000000
vt 2.300141 3.015063 0.000000
vt 2.416855 2.819668 0.000000
vt 2.533568 2.624272 0.000000
vt 2.650282 2.428877 0.000000
vt 2.766995 2.233482 0.000000
vt 2.883709 2.038086 0.000000
vt 3.000422 1.842691 0.000000
vt 3.117135 1.647296 0.000000
vt 3.233849 1.451900 0.000000
vt 3.350562 1.256505 0.000000
vt 3.467276 1.061110 0.000000
vt 2.183428 3.796645 0.000000
vt 2.300141 3.796645 0.000000
vt 2.416855 3.796645 0.000000
vt 2.533568 3.796645 0.000000
vt 2.650282 3.796645 0.000000
vt 2.766995 3.796645 0.000000
vt 2.883709 3.796645 0.000000
vt 3.000422 3.796645 0.000000
vt 3.117135 3.796645 0.000000
vt 3.233849 3.796645 0.000000
vt 3.350562 3.796645 0.000000
vt 3.467276 3.796645 0.000000
vt 0.673350 3.601249 0.000000
vt 0.844822 3.405854 0.000000
vt 1.016294 3.210459 0.000000
vt 1.249720 3.015063 0.000000
vt 1.483147 2.819668 0.000000
vt 1.599861 2.624272 0.000000
vt 2.300141 3.601249 0.000000
vt 2.416855 3.601249 0.000000
vt 2.533568 3.601249 0.000000
vt 2.650282 3.601249 0.000000
vt 2.766995 3.601249 0.000000
vt 2.883709 3.601249 0.000000
vt 3.000422 3.601249 0.000000
vt 3.117135 3.601249 0.000000
vt 3.233849 3.601249 0.000000
vt 3.350562 3.601249 0.000000
vt 3.467276 3.601249 0.000000
vt 0.673350 3.405854 0.000000
vt 0.844822 3.210459 0.000000
vt 1.016294 3.015063 0.000000
vt 1.249720 2.819668 0.000000
vt 1.483147 2.624272 0.000000
vt 1.599861 2.428877 0.000000
vt 2.416855 3.405854 0.000000
vt 2.533568 3.405854 0.000000
vt 2.650282 3.405854 0.000000
vt 2.766995 3.405854 0.000000
vt 2.883709 3.405854 0.000000
vt 3.000422 3.405854 0.000000
vt 3.117135 3.405854 0.000000
vt 3.233849 3.405854 0.000000
vt 3.350562 3.405854 0.000000
vt 3.467276 3.405854 0.000000
vt 0.673350 3.210459 0.000000
vt 0.844822 3.015063 0.000000
vt 1.016294 2.819668 0.000000
vt 1.249720 2.624272 0.000000
vt 1.483147 2.428877 0.000000
vt 1.599861 2.233482 0.000000
vt 2.533568 3.210459 0.000000
vt 2.650282 3.210459 0.000000
vt 2.766995 3.210459 0.000000
vt 2.883709 3.210459 0.000000
vt 3.000422 3.210459 0.000000
vt 3.117135 3.210459 0.000000
vt 3.233849 3.210459 0.000000
vt 3.350562 3.210459 0.000000
vt 3.467276 3.210459 0.000000
vt 0.673350 3.015063 0.000000
vt 0.844822 2.819668 0.000000
vt 1.016294 2.624272 0.000000
vt 1.249720 2.428877 0.000000
vt 1.483147 2.233482 0.000000
vt 1.599861 2.038086 0.000000
vt 2.650282 3.015063 0.000000
vt 2.766995 3.015063 0.000000
vt 2.883709 3.015063 0.000000
vt 3.000422 3.015063 0.000000
vt 3.117135 3.015063 0.000000
vt 3.233849 3.015063 0.000000
vt 3.350562 3.015063 0.000000
vt 3.467276 3.015063 0.000000
vt 0.673350 2.819668 0.000000
vt 0.844822 2.624272 0.000000
vt 1.016294 2.428877 0.000000
vt 1.249720 2.233482 0.000000
vt 1.483147 2.038086 0.000000
vt 1.599861 1.842691 0.000000
vt 2.766995 2.819668 0.000000
vt 2.883709 2.819668 0.000000
vt 3.000422 2.819668 0.000000
vt 3.117135 2.819668 0.000000
vt 3.233849 2.819668 0.000000
vt 3.350562 2.819668 0.000000
vt 3.467276 2.819668 0.000000
vt 0.673350 2.624272 0.000000
vt 0.844822 2.428877 0.000000
vt 1.016294 2.233482 0.000000
vt 1.249720 2.038086 0.000000
vt 1.483147 1.842691 0.000000
vt 1.599861 1.647296 0.000000
vt 2.883709 2.624272 0.000000
vt 3.000422 2.624272 0.000000
vt 3.117135 2.624272 0.000000
vt 3.233849 2.624272 0.000000
vt 3.350562 2.624272 0.000000
vt 3.467276 2.624272 0.000000
vt 0.673350 2.428877 0.000000
vt 0.844822 2.233482 0.000000
vt 1.016294 2.038086 0.000000
vt 1.249720 1.842691 0.000000
vt 1.483147 1.647296 0.000000
vt 1.599861 1.451900 0.000000
vt 3.000422 2.428877 0.000000
vt 3.117135 2.428877 0.000000
vt 3.233849 2.428877 0.000000
vt 3.350562 2.428877 0.000000
vt 3.467276 2.428877 0.000000
vt 0.673350 2.233482 0.000000
vt 0.844822 2.038086 0.000000
vt 1.016294 1.842691 0.000000
vt 1.249720 1.647296 0.000000
vt 1.483147 1.451900 0.000000
vt 1.599861 1.256505 0.000000
vt 3.117135 2.233482 0.000000
vt 3.233849 2.233482 0.000000
vt 3.350562 2.233482 0.000000
vt 3.467276 2.233482 0.000000
vt 0.673350 2.038086 0.000000
vt 0.844822 1.842691 0.000000
vt 1.016294 1.647296 0.000000
vt 1.249720 1.451900 0.000000
vt 1.483147 1.256505 0.000000
vt 1.599861 1.061110 0.000000
vt 3.233849 2.038086 0.000000
vt 3.350562 2.038086 0.000000
vt 3.467276 2.038086 0.000000
vt 0.673350 1.842691 0.000000
vt 0.844822 1.647296 0.000000
vt 1.016294 1.451900 0.000000
vt 1.249720 1.256505 0.000000
vt 1.483147 1.061110 0.000000
vt 3.350562 1.842691 0.000000
vt 3.467276 1.842691 0.000000
vt 0.673350 1.647296 0.000000
vt 0.844822 1.451900 0.000000
vt 1.016294 1.256505 0.000000
vt 1.249720 1.061110 0.000000
vt 3.467276 1.647296 0.000000
vt 0.673350 1.451900 0.000000
vt 0.844822 1.256505 0.000000
vt 1.016294 1.061110 0.000000
vt 2.416855 1.451900 0.000000
vt 2.416855 1.256505 0.000000
vt 2.416855 1.061110 0.000000
vt 0.673350 1.256505 0.000000
vt 0.844822 1.061110 0.000000
vt 2.533568 1.256505 0.000000
vt 2.650282 1.061110 0.000000
vt 0.673350 1.061110 0.000000
vt 2.533568 1.061110 0.000000
vt 4.050843 1.061110 0.000000
vt -0.000000 4.790499 0.000000
vt -0.067432 4.790499 0.000000
vt -0.000000 4.651975 0.000000
vt -0.066267 4.629814 0.000000
vt -0.000000 4.513452 0.000000
vt -0.066267 4.387741 0.000000
vt -0.000000 4.374929 0.000000
vt -0.000000 4.236406 0.000000
vt -0.066267 4.145668 0.000000
vt -0.000000 4.097883 0.000000
vt -0.066267 3.908918 0.000000
vt -0.000000 3.959360 0.000000
vt -0.000000 3.820837 0.000000
vt -0.066267 3.790542 0.000000
vt -0.000000 3.682313 0.000000
vt -0.066267 3.672167 0.000000
vt -0.066267 3.553791 0.000000
vt -0.132534 3.672167 0.000000
vt -0.132534 3.553791 0.000000
vt -0.174970 3.672167 0.000000
vt -0.174970 3.553791 0.000000
vt -0.217407 3.672167 0.000000
vt -0.217407 3.553791 0.000000
vt -0.259844 3.672167 0.000000
vt -0.259844 3.553791 0.000000
vt -0.302281 3.672167 0.000000
vt -0.302281 3.553791 0.000000
vt -0.344718 3.672167 0.000000
vt -0.344718 3.553791 0.000000
vt -0.387155 3.672167 0.000000
vt -0.387155 3.553791 0.000000
vt -0.429592 3.672167 0.000000
vt -0.429592 3.553791 0.000000
vt -0.472029 3.672167 0.000000
vt -0.472029 3.553791 0.000000
vt -0.519645 3.672167 0.000000
vt -0.519645 3.553791 0.000000
vt -0.567260 3.672167 0.000000
vt -0.567260 3.553791 0.000000
vt -0.614360 3.672167 0.000000
vt -0.614360 3.553791 0.000000
vt -0.661460 3.672167 0.000000
vt -0.661460 3.553791 0.000000
vt -0.708559 3.672167 0.000000
vt -0.708559 3.553791 0.000000
vt -0.755659 3.672167 0.000000
vt -0.755659 3.553791 0.000000
vt -0.802759 3.672167 0.000000
vt -0.802759 3.553791 0.000000
vt -0.849859 3.672167 0.000000
vt -0.849859 3.553791 0.000000
vt -0.896958 3.672167 0.000000
vt -0.896958 3.553791 0.000000
vt -0.944058 3.543790 0.000000
vt -0.896958 3.435416 0.000000
vt -0.944058 3.405267 0.000000
vt -0.896958 3.317040 0.000000
vt -0.944058 3.266744 0.000000
vt -0.896958 3.198665 0.000000
vt -0.944058 3.128221 0.000000
vt -0.896958 3.080289 0.000000
vt -0.944058 2.989698 0.000000
vt -0.896958 2.961914 0.000000
vt -0.944058 2.851175 0.000000
vt -0.896958 2.843539 0.000000
vt -0.896958 2.725163 0.000000
vt -0.849859 2.725163 0.000000
vt -0.849859 2.606788 0.000000
vt -0.802759 2.606788 0.000000
vt -0.802759 2.488412 0.000000
vt -0.755659 2.488412 0.000000
vt -0.755659 2.370037 0.000000
vt -0.708559 2.370037 0.000000
vt -0.708559 2.251661 0.000000
vt -0.661460 2.251661 0.000000
vt -0.661460 2.133286 0.000000
vt -0.614360 2.133286 0.000000
vt -0.614360 2.014910 0.000000
vt -0.567260 2.014910 0.000000
vt -0.567260 1.896535 0.000000
vt -0.519645 1.896535 0.000000
vt -0.519645 1.778160 0.000000
vt -0.472029 1.778160 0.000000
vt -0.472029 1.659784 0.000000
vt -0.429592 1.659784 0.000000
vt -0.429592 1.541409 0.000000
vt -0.387155 1.541409 0.000000
vt -0.387155 1.423033 0.000000
vt -0.344718 1.423033 0.000000
vt -0.344718 1.304658 0.000000
vt -0.302281 1.304658 0.000000
vt -0.302281 1.067907 0.000000
vt -0.259844 1.067907 0.000000
vt -0.259844 0.831156 0.000000
vt -0.217407 0.831156 0.000000
vt -0.217407 0.594405 0.000000
vt -0.174970 0.594405 0.000000
vt -0.202299 0.357654 0.000000
vt -0.134857 0.357654 0.000000
vt -0.132534 4.629814 0.000000
vt -0.134853 4.790499 0.000000
vt -0.174970 4.629814 0.000000
vt -0.202288 4.790499 0.000000
vt -0.217407 4.629814 0.000000
vt -0.269740 4.790499 0.000000
vt -0.259844 4.629814 0.000000
vt -0.302281 4.629814 0.000000
vt -0.259844 4.387741 0.000000
vt -0.302281 4.387741 0.000000
vt -0.259844 4.145668 0.000000
vt -0.302281 4.145668 0.000000
vt -0.259844 3.908918 0.000000
vt -0.302281 3.908918 0.000000
vt -0.259844 3.790542 0.000000
vt -0.302281 3.790542 0.000000
vt -0.337170 4.790499 0.000000
vt -0.344718 4.629814 0.000000
vt -0.344718 4.387741 0.000000
vt -0.344718 4.145668 0.000000
vt -0.344718 3.908918 0.000000
vt -0.344718 3.790542 0.000000
vt -0.387155 4.629814 0.000000
vt -0.404589 4.790499 0.000000
vt -0.429592 4.629814 0.000000
vt -0.472029 4.790499 0.000000
vt -0.472029 4.629814 0.000000
vt -0.519645 4.629814 0.000000
vt -0.472029 4.387741 0.000000
vt -0.519645 4.387741 0.000000
vt -0.472029 4.145668 0.000000
vt -0.519645 4.145668 0.000000
vt -0.472029 3.908918 0.000000
vt -0.519645 3.908918 0.000000
vt -0.472029 3.790542 0.000000
vt -0.519645 3.790542 0.000000
vt -0.539469 4.790499 0.000000
vt -0.567260 4.629814 0.000000
vt -0.567260 4.387741 0.000000
vt -0.567260 4.145668 0.000000
vt -0.567260 3.908918 0.000000
vt -0.567260 3.790542 0.000000
vt -0.606888 4.790499 0.000000
vt -0.614360 4.629814 0.000000
vt -0.614360 4.387741 0.000000
vt -0.614360 4.145668 0.000000
vt -0.614360 3.908918 0.000000
vt -0.614360 3.790542 0.000000
vt -0.661460 4.629814 0.000000
vt -0.674318 4.790499 0.000000
vt -0.708559 4.629814 0.000000
vt -0.741770 4.790499 0.000000
vt -0.755659 4.629814 0.000000
vt -0.809205 4.790499 0.000000
vt -0.802759 4.629814 0.000000
vt -0.849859 4.629814 0.000000
vt -0.802759 4.387741 0.000000
vt -0.849859 4.387741 0.000000
vt -0.802759 4.145668 0.000000
vt -0.849859 4.145668 0.000000
vt -0.802759 3.908918 0.000000
vt -0.849859 3.908918 0.000000
vt -0.802759 3.790542 0.000000
vt -0.849859 3.790542 0.000000
vt -0.876627 4.790499 0.000000
vt -0.896958 4.629814 0.000000
vt -0.896958 4.387741 0.000000
vt -0.896958 4.145668 0.000000
vt -0.896958 3.908918 0.000000
vt -0.896958 3.790542 0.000000
vt -0.944058 4.790499 0.000000
vt -0.944058 4.651975 0.000000
vt -0.944058 4.513452 0.000000
vt -0.944058 4.374929 0.000000
vt -0.944058 4.236406 0.000000
vt -0.944058 4.097883 0.000000
vt -0.944058 3.959360 0.000000
vt -0.944058 3.820837 0.000000
vt -0.944058 3.682313 0.000000
vt -0.944058 2.712651 0.000000
vt -0.896958 2.606788 0.000000
vt -0.849859 2.488412 0.000000
vt -0.802759 2.370037 0.000000
vt -0.755659 2.251661 0.000000
vt -0.708559 2.133286 0.000000
vt -0.661460 2.014910 0.000000
vt -0.614360 1.896535 0.000000
vt -0.567260 1.778160 0.000000
vt -0.519645 1.659784 0.000000
vt -0.472029 1.541409 0.000000
vt -0.429592 1.423033 0.000000
vt -0.387155 1.304658 0.000000
vt -0.344718 1.067907 0.000000
vt -0.302281 0.831156 0.000000
vt -0.259844 0.594405 0.000000
vt -0.269759 0.357655 0.000000
vt -0.944058 2.574128 0.000000
vt -0.896958 2.488412 0.000000
vt -0.849859 2.370037 0.000000
vt -0.802759 2.251661 0.000000
vt -0.755659 2.133286 0.000000
vt -0.708559 2.014910 0.000000
vt -0.661460 1.896535 0.000000
vt -0.614360 1.778160 0.000000
vt -0.567260 1.659784 0.000000
vt -0.519645 1.541409 0.000000
vt -0.472029 1.423033 0.000000
vt -0.429592 1.304658 0.000000
vt -0.387155 1.067907 0.000000
vt -0.344718 0.831156 0.000000
vt -0.302281 0.594405 0.000000
vt -0.944058 2.435605 0.000000
vt -0.896958 2.370037 0.000000
vt -0.849859 2.251661 0.000000
vt -0.802759 2.133286 0.000000
vt -0.755659 2.014910 0.000000
vt -0.708559 1.896535 0.000000
vt -0.661460 1.778160 0.000000
vt -0.614360 1.659784 0.000000
vt -0.567260 1.541409 0.000000
vt -0.519645 1.423033 0.000000
vt -0.472029 1.304658 0.000000
vt -0.429592 1.067907 0.000000
vt -0.387155 0.831156 0.000000
vt -0.344718 0.594405 0.000000
vt -0.337196 0.357656 0.000000
vt -0.944058 2.297082 0.000000
vt -0.896958 2.251661 0.000000
vt -0.849859 2.133286 0.000000
vt -0.802759 2.014910 0.000000
vt -0.755659 1.896535 0.000000
vt -0.708559 1.778160 0.000000
vt -0.661460 1.659784 0.000000
vt -0.614360 1.541409 0.000000
vt -0.567260 1.423033 0.000000
vt -0.519645 1.304658 0.000000
vt -0.472029 1.067907 0.000000
vt -0.429592 0.831156 0.000000
vt -0.387155 0.594405 0.000000
vt -0.944058 2.158559 0.000000
vt -0.896958 2.133286 0.000000
vt -0.849859 2.014910 0.000000
vt -0.802759 1.896535 0.000000
vt -0.755659 1.778160 0.000000
vt -0.708559 1.659784 0.000000
vt -0.661460 1.541409 0.000000
vt -0.614360 1.423033 0.000000
vt -0.567260 1.304658 0.000000
vt -0.519645 1.067907 0.000000
vt -0.472029 0.831156 0.000000
vt -0.429592 0.594405 0.000000
vt -0.404620 0.357657 0.000000
vt -0.944058 2.020036 0.000000
vt -0.896958 2.014910 0.000000
vt -0.849859 1.896535 0.000000
vt -0.802759 1.778160 0.000000
vt -0.755659 1.659784 0.000000
vt -0.708559 1.541409 0.000000
vt -0.661460 1.423033 0.000000
vt -0.614360 1.304658 0.000000
vt -0.567260 1.067907 0.000000
vt -0.519645 0.831156 0.000000
vt -0.472029 0.594405 0.000000
vt -0.472066 0.357659 0.000000
vt -0.896958 1.896535 0.000000
vt -0.944058 1.881512 0.000000
vt -0.896958 1.778160 0.000000
vt -0.944058 1.742989 0.000000
vt -0.896958 1.659784 0.000000
vt -0.944058 1.604466 0.000000
vt -0.896958 1.541409 0.000000
vt -0.944058 1.465943 0.000000
vt -0.896958 1.423033 0.000000
vt -0.944058 1.327420 0.000000
vt -0.896958 1.304658 0.000000
vt -0.944058 1.188897 0.000000
vt -0.896958 1.067907 0.000000
vt -0.944058 1.050371 0.000000
vt -0.944058 0.911836 0.000000
vt -0.896958 0.831156 0.000000
vt -0.944058 0.773296 0.000000
vt -0.896958 0.594405 0.000000
vt -0.944058 0.634754 0.000000
vt -0.944058 0.496216 0.000000
vt -0.944058 0.357686 0.000000
vt -0.876672 0.357681 0.000000
vt -0.849859 0.594405 0.000000
vt -0.809252 0.357677 0.000000
vt -0.802759 0.594405 0.000000
vt -0.755659 0.594405 0.000000
vt -0.802759 0.831156 0.000000
vt -0.755659 0.831156 0.000000
vt -0.802759 1.067907 0.000000
vt -0.755659 1.067907 0.000000
vt -0.802759 1.304658 0.000000
vt -0.755659 1.304658 0.000000
vt -0.802759 1.423033 0.000000
vt -0.755659 1.423033 0.000000
vt -0.802759 1.541409 0.000000
vt -0.755659 1.541409 0.000000
vt -0.802759 1.659784 0.000000
vt -0.741817 0.357672 0.000000
vt -0.708559 0.594405 0.000000
vt -0.708559 0.831156 0.000000
vt -0.708559 1.067907 0.000000
vt -0.708559 1.304658 0.000000
vt -0.708559 1.423033 0.000000
vt -0.674364 0.357669 0.000000
vt -0.661460 0.594405 0.000000
vt -0.661460 0.831156 0.000000
vt -0.661460 1.067907 0.000000
vt -0.661460 1.304658 0.000000
vt -0.606932 0.357665 0.000000
vt -0.614360 0.594405 0.000000
vt -0.614360 0.831156 0.000000
vt -0.614360 1.067907 0.000000
vt -0.567260 0.594405 0.000000
vt -0.539510 0.357662 0.000000
vt -0.519645 0.594405 0.000000
vt -0.132534 0.594405 0.000000
vt -0.067429 0.357655 0.000000
vt -0.066267 0.594405 0.000000
vt -0.000000 0.496189 0.000000
vt -0.000000 0.634733 0.000000
vt -0.000000 0.357656 0.000000
vt -0.000000 0.773282 0.000000
vt -0.066267 0.831156 0.000000
vt -0.132534 0.831156 0.000000
vt -0.132534 1.067907 0.000000
vt -0.174970 1.067907 0.000000
vt -0.174970 1.304658 0.000000
vt -0.217407 1.304658 0.000000
vt -0.217407 1.423033 0.000000
vt -0.259844 1.423033 0.000000
vt -0.259844 1.541409 0.000000
vt -0.302281 1.541409 0.000000
vt -0.302281 1.659784 0.000000
vt -0.344718 1.659784 0.000000
vt -0.344718 1.778160 0.000000
vt -0.387155 1.778160 0.000000
vt -0.387155 1.896535 0.000000
vt -0.429592 1.896535 0.000000
vt -0.429592 2.014910 0.000000
vt -0.472029 2.014910 0.000000
vt -0.472029 2.133286 0.000000
vt -0.519645 2.133286 0.000000
vt -0.519645 2.251661 0.000000
vt -0.567260 2.251661 0.000000
vt -0.567260 2.370037 0.000000
vt -0.614360 2.370037 0.000000
vt -0.614360 2.488412 0.000000
vt -0.661460 2.488412 0.000000
vt -0.661460 2.606788 0.000000
vt -0.708559 2.606788 0.000000
vt -0.708559 2.725163 0.000000
vt -0.755659 2.725163 0.000000
vt -0.755659 2.843539 0.000000
vt -0.802759 2.843539 0.000000
vt -0.802759 2.961914 0.000000
vt -0.849859 2.961914 0.000000
vt -0.849859 3.080289 0.000000
vt -0.000000 0.911830 0.000000
vt -0.066267 1.067907 0.000000
vt -0.132534 1.304658 0.000000
vt -0.174970 1.423033 0.000000
vt -0.217407 1.541409 0.000000
vt -0.259844 1.659784 0.000000
vt -0.302281 1.778160 0.000000
vt -0.344718 1.896535 0.000000
vt -0.387155 2.014910 0.000000
vt -0.429592 2.133286 0.000000
vt -0.472029 2.251661 0.000000
vt -0.519645 2.370037 0.000000
vt -0.567260 2.488412 0.000000
vt -0.614360 2.606788 0.000000
vt -0.661460 2.725163 0.000000
vt -0.708559 2.843539 0.000000
vt -0.755659 2.961914 0.000000
vt -0.802759 3.080289 0.000000
vt -0.849859 3.198665 0.000000
vt -0.000000 1.050369 0.000000
vt -0.000000 1.188897 0.000000
vt -0.066267 1.304658 0.000000
vt -0.000000 1.327420 0.000000
vt -0.066267 1.423033 0.000000
vt -0.000000 1.465943 0.000000
vt -0.066267 1.541409 0.000000
vt -0.000000 1.604466 0.000000
vt -0.066267 1.659784 0.000000
vt -0.000000 1.742989 0.000000
vt -0.066267 1.778160 0.000000
vt -0.000000 1.881512 0.000000
vt -0.066267 1.896535 0.000000
vt -0.000000 2.020036 0.000000
vt -0.066267 2.014910 0.000000
vt -0.066267 2.133286 0.000000
vt -0.132534 2.133286 0.000000
vt -0.132534 2.251661 0.000000
vt -0.174970 2.251661 0.000000
vt -0.174970 2.370037 0.000000
vt -0.217407 2.370037 0.000000
vt -0.217407 2.488412 0.000000
vt -0.259844 2.488412 0.000000
vt -0.259844 2.606788 0.000000
vt -0.302281 2.606788 0.000000
vt -0.302281 2.725163 0.000000
vt -0.344718 2.725163 0.000000
vt -0.344718 2.843539 0.000000
vt -0.387155 2.843539 0.000000
vt -0.387155 2.961914 0.000000
vt -0.429592 2.961914 0.000000
vt -0.429592 3.080289 0.000000
vt -0.472029 3.080289 0.000000
vt -0.472029 3.198665 0.000000
vt -0.519645 3.198665 0.000000
vt -0.519645 3.317040 0.000000
vt -0.567260 3.317040 0.000000
vt -0.567260 3.435416 0.000000
vt -0.614360 3.435416 0.000000
vt -0.000000 2.158559 0.000000
vt -0.066267 2.251661 0.000000
vt -0.132534 2.370037 0.000000
vt -0.174970 2.488412 0.000000
vt -0.217407 2.606788 0.000000
vt -0.259844 2.725163 0.000000
vt -0.302281 2.843539 0.000000
vt -0.344718 2.961914 0.000000
vt -0.387155 3.080289 0.000000
vt -0.429592 3.198665 0.000000
vt -0.472029 3.317040 0.000000
vt -0.519645 3.435416 0.000000
vt -0.000000 2.297082 0.000000
vt -0.066267 2.370037 0.000000
vt -0.132534 2.488412 0.000000
vt -0.174970 2.606788 0.000000
vt -0.217407 2.725163 0.000000
vt -0.259844 2.843539 0.000000
vt -0.302281 2.961914 0.000000
vt -0.344718 3.080289 0.000000
vt -0.387155 3.198665 0.000000
vt -0.429592 3.317040 0.000000
vt -0.472029 3.435416 0.000000
vt -0.000000 2.435605 0.000000
vt -0.066267 2.488412 0.000000
vt -0.132534 2.606788 0.000000
vt -0.174970 2.725163 0.000000
vt -0.217407 2.843539 0.000000
vt -0.259844 2.961914 0.000000
vt -0.302281 3.080289 0.000000
vt -0.344718 3.198665 0.000000
vt -0.387155 3.317040 0.000000
vt -0.429592 3.435416 0.000000
vt -0.000000 2.574128 0.000000
vt -0.066267 2.606788 0.000000
vt -0.132534 2.725163 0.000000
vt -0.174970 2.843539 0.000000
vt -0.217407 2.961914 0.000000
vt -0.259844 3.080289 0.000000
vt -0.302281 3.198665 0.000000
vt -0.344718 3.317040 0.000000
vt -0.387155 3.435416 0.000000
vt -0.000000 2.712651 0.000000
vt -0.066267 2.725163 0.000000
vt -0.132534 2.843539 0.000000
vt -0.174970 2.961914 0.000000
vt -0.217407 3.080289 0.000000
vt -0.259844 3.198665 0.000000
vt -0.302281 3.317040 0.000000
vt -0.344718 3.435416 0.000000
vt -0.000000 2.851175 0.000000
vt -0.066267 2.843539 0.000000
vt -0.132534 2.961914 0.000000
vt -0.174970 3.080289 0.000000
vt -0.217407 3.198665 0.000000
vt -0.259844 3.317040 0.000000
vt -0.302281 3.435416 0.000000
vt -0.066267 2.961914 0.000000
vt -0.000000 2.989698 0.000000
vt -0.066267 3.080289 0.000000
vt -0.000000 3.128221 0.000000
vt -0.066267 3.198665 0.000000
vt -0.000000 3.266744 0.000000
vt -0.066267 3.317040 0.000000
vt -0.000000 3.405267 0.000000
vt -0.066267 3.435416 0.000000
vt -0.000000 3.543790 0.000000
vt -0.755659 4.387741 0.000000
vt -0.755659 4.145668 0.000000
vt -0.755659 3.908918 0.000000
vt -0.755659 3.790542 0.000000
vt -0.708559 4.387741 0.000000
vt -0.708559 4.145668 0.000000
vt -0.708559 3.908918 0.000000
vt -0.708559 3.790542 0.000000
vt -0.661460 4.387741 0.000000
vt -0.661460 4.145668 0.000000
vt -0.661460 3.908918 0.000000
vt -0.661460 3.790542 0.000000
vt -0.429592 4.387741 0.000000
vt -0.429592 4.145668 0.000000
vt -0.429592 3.908918 0.000000
vt -0.429592 3.790542 0.000000
vt -0.387155 4.387741 0.000000
vt -0.387155 4.145668 0.000000
vt -0.387155 3.908918 0.000000
vt -0.387155 3.790542 0.000000
vt -0.217407 4.387741 0.000000
vt -0.217407 4.145668 0.000000
vt -0.217407 3.908918 0.000000
vt -0.217407 3.790542 0.000000
vt -0.174970 4.387741 0.000000
vt -0.174970 4.145668 0.000000
vt -0.174970 3.908918 0.000000
vt -0.174970 3.790542 0.000000
vt -0.132534 4.387741 0.000000
vt -0.132534 4.145668 0.000000
vt -0.132534 3.908918 0.000000
vt -0.132534 3.790542 0.000000
vt -0.849859 3.435416 0.000000
vt -0.849859 3.317040 0.000000
vt -0.802759 3.435416 0.000000
vt -0.802759 3.317040 0.000000
vt -0.802759 3.198665 0.000000
vt -0.755659 3.435416 0.000000
vt -0.755659 3.317040 0.000000
vt -0.755659 3.198665 0.000000
vt -0.755659 3.080289 0.000000
vt -0.708559 3.435416 0.000000
vt -0.708559 3.317040 0.000000
vt -0.708559 3.198665 0.000000
vt -0.708559 3.080289 0.000000
vt -0.708559 2.961914 0.000000
vt -0.661460 3.435416 0.000000
vt -0.661460 3.317040 0.000000
vt -0.661460 3.198665 0.000000
vt -0.661460 3.080289 0.000000
vt -0.661460 2.961914 0.000000
vt -0.661460 2.843539 0.000000
vt -0.614360 3.317040 0.000000
vt -0.567260 3.198665 0.000000
vt -0.519645 3.080289 0.000000
vt -0.472029 2.961914 0.000000
vt -0.429592 2.843539 0.000000
vt -0.387155 2.725163 0.000000
vt -0.344718 2.606788 0.000000
vt -0.302281 2.488412 0.000000
vt -0.259844 2.370037 0.000000
vt -0.217407 2.251661 0.000000
vt -0.174970 2.133286 0.000000
vt -0.132534 2.014910 0.000000
vt -0.259844 3.435416 0.000000
vt -0.217407 3.435416 0.000000
vt -0.217407 3.317040 0.000000
vt -0.174970 3.435416 0.000000
vt -0.174970 3.317040 0.000000
vt -0.174970 3.198665 0.000000
vt -0.132534 3.435416 0.000000
vt -0.132534 3.317040 0.000000
vt -0.132534 3.198665 0.000000
vt -0.132534 3.080289 0.000000
vt -0.614360 3.198665 0.000000
vt -0.614360 3.080289 0.000000
vt -0.614360 2.961914 0.000000
vt -0.614360 2.843539 0.000000
vt -0.614360 2.725163 0.000000
vt -0.567260 3.080289 0.000000
vt -0.519645 2.961914 0.000000
vt -0.472029 2.843539 0.000000
vt -0.429592 2.725163 0.000000
vt -0.387155 2.606788 0.000000
vt -0.344718 2.488412 0.000000
vt -0.302281 2.370037 0.000000
vt -0.259844 2.251661 0.000000
vt -0.217407 2.133286 0.000000
vt -0.174970 2.014910 0.000000
vt -0.132534 1.896535 0.000000
vt -0.567260 2.961914 0.000000
vt -0.567260 2.843539 0.000000
vt -0.567260 2.725163 0.000000
vt -0.567260 2.606788 0.000000
vt -0.849859 2.843539 0.000000
vt -0.802759 2.725163 0.000000
vt -0.755659 2.606788 0.000000
vt -0.708559 2.488412 0.000000
vt -0.661460 2.370037 0.000000
vt -0.614360 2.251661 0.000000
vt -0.567260 2.133286 0.000000
vt -0.519645 2.014910 0.000000
vt -0.472029 1.896535 0.000000
vt -0.429592 1.778160 0.000000
vt -0.387155 1.659784 0.000000
vt -0.344718 1.541409 0.000000
vt -0.302281 1.423033 0.000000
vt -0.259844 1.304658 0.000000
vt -0.217407 1.067907 0.000000
vt -0.174970 0.831156 0.000000
vt -0.519645 2.843539 0.000000
vt -0.472029 2.725163 0.000000
vt -0.429592 2.606788 0.000000
vt -0.387155 2.488412 0.000000
vt -0.344718 2.370037 0.000000
vt -0.302281 2.251661 0.000000
vt -0.259844 2.133286 0.000000
vt -0.217407 2.014910 0.000000
vt -0.174970 1.896535 0.000000
vt -0.132534 1.778160 0.000000
vt -0.519645 2.725163 0.000000
vt -0.519645 2.606788 0.000000
vt -0.519645 2.488412 0.000000
vt -0.472029 2.606788 0.000000
vt -0.429592 2.488412 0.000000
vt -0.387155 2.370037 0.000000
vt -0.344718 2.251661 0.000000
vt -0.302281 2.133286 0.000000
vt -0.259844 2.014910 0.000000
vt -0.217407 1.896535 0.000000
vt -0.174970 1.778160 0.000000
vt -0.132534 1.659784 0.000000
vt -0.472029 2.488412 0.000000
vt -0.472029 2.370037 0.000000
vt -0.429592 2.370037 0.000000
vt -0.387155 2.251661 0.000000
vt -0.344718 2.133286 0.000000
vt -0.302281 2.014910 0.000000
vt -0.259844 1.896535 0.000000
vt -0.217407 1.778160 0.000000
vt -0.174970 1.659784 0.000000
vt -0.132534 1.541409 0.000000
vt -0.429592 2.251661 0.000000
vt -0.387155 2.133286 0.000000
vt -0.344718 2.014910 0.000000
vt -0.302281 1.896535 0.000000
vt -0.259844 1.778160 0.000000
vt -0.217407 1.659784 0.000000
vt -0.174970 1.541409 0.000000
vt -0.132534 1.423033 0.000000
vt -0.849859 1.778160 0.000000
vt -0.849859 1.659784 0.000000
vt -0.849859 1.541409 0.000000
vt -0.849859 1.423033 0.000000
vt -0.849859 1.304658 0.000000
vt -0.849859 1.067907 0.000000
vt -0.849859 0.831156 0.000000
vt -0.567260 0.831156 0.000000
vt 4.500000 1.500000 0.000000
vt 0.500000 0.956132 0.000000
vt 4.500000 0.956132 0.000000
vt 0.619846 0.910889 0.000000
vt 4.380093 0.910871 0.000000
vt 0.740557 0.868010 0.000000
vt 4.259334 0.867981 0.000000
vt 0.862110 0.827576 0.000000
vt 4.137746 0.827544 0.000000
vt 4.015344 0.789641 0.000000
vt 0.984485 0.789670 0.000000
vt 3.892169 0.754356 0.000000
vt 1.107659 0.754374 0.000000
vt 3.768261 0.721774 0.000000
vt 1.231611 0.721773 0.000000
vt 1.356293 0.691987 0.000000
vt 0.500000 1.500000 0.000000
vt 3.643659 0.691980 0.000000
vt 1.481635 0.665101 0.000000
vt 3.518403 0.665060 0.000000
vt 1.607568 0.641176 0.000000
vt 3.392533 0.641097 0.000000
vt 1.734025 0.620274 0.000000
vt 3.266090 0.620178 0.000000
vt 3.139134 0.602394 0.000000
vt 1.860937 0.602459 0.000000
vt 3.011770 0.587802 0.000000
vt 1.988237 0.587793 0.000000
vt 2.884083 0.576420 0.000000
vt 2.115855 0.576339 0.000000
vt 2.756155 0.568260 0.000000
vt 2.243724 0.568157 0.000000
vt 2.628071 0.563339 0.000000
vt 2.371771 0.563273 0.000000
vt 2.499915 0.561672 0.000000
vt 9.543868 0.392699 0.000000
vt 9.000000 0.392699 0.000000
vt 9.543868 0.327249 0.000000
vt 9.000000 0.327249 0.000000
vt 9.543868 0.261799 0.000000
vt 9.000000 0.261799 0.000000
vt 9.543868 0.196350 0.000000
vt 9.000000 0.196350 0.000000
vt 9.543868 0.130900 0.000000
vt 9.000000 0.130900 0.000000
vt 9.543868 0.065450 0.000000
vt 9.000000 0.065450 0.000000
vt 9.543868 0.000000 0.000000
vt 9.000000 0.000000 0.000000
vt 9.543868 -0.065450 0.000000
vt 9.000000 -0.065450 0.000000
vt 9.543868 -0.130900 0.000000
vt 9.000000 -0.130900 0.000000
vt 9.543868 -0.196350 0.000000
vt 9.000000 -0.196350 0.000000
vt 9.543868 -0.261799 0.000000
vt 9.000000 -0.261799 0.000000
vt 9.543868 -0.327249 0.000000
vt 9.000000 -0.327249 0.000000
vt 9.543868 -0.392699 0.000000
vt 9.000000 -0.392699 0.000000
vt -0.000000 4.811961 0.000000
vt -0.066702 4.811961 0.000000
vt -0.000000 4.661587 0.000000
vt -0.043113 4.572487 0.000000
vt -0.000000 4.511213 0.000000
vt -0.043113 4.333014 0.000000
vt -0.000000 4.360839 0.000000
vt -0.000000 4.210466 0.000000
vt -0.043113 4.093540 0.000000
vt -0.000000 4.060092 0.000000
vt -0.043113 3.973803 0.000000
vt -0.000000 3.909718 0.000000
vt -0.043113 3.854066 0.000000
vt -0.000000 3.759344 0.000000
vt -0.043113 3.724166 0.000000
vt -0.000000 3.608971 0.000000
vt -0.043113 3.594267 0.000000
vt -0.043113 3.464367 0.000000
vt -0.086226 3.594267 0.000000
vt -0.086226 3.464367 0.000000
vt -0.139711 3.594267 0.000000
vt -0.139711 3.464367 0.000000
vt -0.193195 3.594267 0.000000
vt -0.193195 3.464367 0.000000
vt -0.246679 3.594267 0.000000
vt -0.246679 3.464367 0.000000
vt -0.300163 3.594267 0.000000
vt -0.300163 3.464367 0.000000
vt -0.362429 3.594267 0.000000
vt -0.362429 3.464367 0.000000
vt -0.421903 3.594267 0.000000
vt -0.421903 3.464367 0.000000
vt -0.481377 3.594267 0.000000
vt -0.481377 3.464367 0.000000
vt -0.540851 3.594267 0.000000
vt -0.540851 3.464367 0.000000
vt -0.600326 3.458597 0.000000
vt -0.540851 3.334467 0.000000
vt -0.600326 3.308223 0.000000
vt -0.540851 3.204567 0.000000
vt -0.600326 3.157849 0.000000
vt -0.540851 3.074667 0.000000
vt -0.600326 3.007475 0.000000
vt -0.540851 2.944767 0.000000
vt -0.600326 2.857102 0.000000
vt -0.540851 2.814867 0.000000
vt -0.600326 2.706728 0.000000
vt -0.540851 2.708464 0.000000
vt -0.540851 2.602061 0.000000
vt -0.481377 2.602061 0.000000
vt -0.481377 2.495658 0.000000
vt -0.421903 2.495658 0.000000
vt -0.421903 2.389255 0.000000
vt -0.362429 2.389255 0.000000
vt -0.362429 2.282853 0.000000
vt -0.300163 2.282853 0.000000
vt -0.300163 2.176450 0.000000
vt -0.246679 2.176450 0.000000
vt -0.246679 2.070047 0.000000
vt -0.193195 2.070047 0.000000
vt -0.193195 1.963644 0.000000
vt -0.139711 1.963644 0.000000
vt -0.139711 1.750838 0.000000
vt -0.086226 1.750838 0.000000
vt -0.086226 1.538032 0.000000
vt -0.043113 1.538032 0.000000
vt -0.043113 1.325226 0.000000
vt -0.000000 1.503738 0.000000
vt -0.000000 1.353364 0.000000
vt -0.000000 1.202990 0.000000
vt -0.043113 1.112420 0.000000
vt -0.043113 0.954957 0.000000
vt -0.086226 1.112420 0.000000
vt -0.086226 0.954957 0.000000
vt -0.139711 1.112420 0.000000
vt -0.139711 0.954957 0.000000
vt -0.193195 1.112420 0.000000
vt -0.193195 0.954957 0.000000
vt -0.246679 1.112420 0.000000
vt -0.246679 0.954957 0.000000
vt -0.300163 1.112420 0.000000
vt -0.300163 0.954957 0.000000
vt -0.362429 1.112420 0.000000
vt -0.362429 0.954957 0.000000
vt -0.421903 1.112420 0.000000
vt -0.421903 0.954957 0.000000
vt -0.481377 1.112420 0.000000
vt -0.481377 0.954957 0.000000
vt -0.540851 1.112420 0.000000
vt -0.540851 0.954957 0.000000
vt -0.600326 0.902243 0.000000
vt -0.540851 0.797494 0.000000
vt -0.600326 0.601495 0.000000
vt -0.540851 0.482569 0.000000
vt -0.600326 0.300748 0.000000
vt -0.540851 0.241284 0.000000
vt -0.600326 0.000000 0.000000
vt -0.533624 0.000000 0.000000
vt -0.086226 4.572487 0.000000
vt -0.133405 4.811961 0.000000
vt -0.139711 4.572487 0.000000
vt -0.200110 4.811961 0.000000
vt -0.193195 4.572487 0.000000
vt -0.246679 4.572487 0.000000
vt -0.193195 4.333014 0.000000
vt -0.246679 4.333014 0.000000
vt -0.193195 4.093540 0.000000
vt -0.246679 4.093540 0.000000
vt -0.193195 3.973803 0.000000
vt -0.246679 3.973803 0.000000
vt -0.193195 3.854066 0.000000
vt -0.246679 3.854066 0.000000
vt -0.193195 3.724166 0.000000
vt -0.246679 3.724166 0.000000
vt -0.266810 4.811961 0.000000
vt -0.300163 4.572487 0.000000
vt -0.300163 4.333014 0.000000
vt -0.300163 4.093540 0.000000
vt -0.300163 3.973803 0.000000
vt -0.300163 3.854066 0.000000
vt -0.300163 3.724166 0.000000
vt -0.333515 4.811961 0.000000
vt -0.362429 4.572487 0.000000
vt -0.362429 4.333014 0.000000
vt -0.362429 4.093540 0.000000
vt -0.362429 3.973803 0.000000
vt -0.362429 3.854066 0.000000
vt -0.362429 3.724166 0.000000
vt -0.400216 4.811961 0.000000
vt -0.421903 4.572487 0.000000
vt -0.421903 4.333014 0.000000
vt -0.421903 4.093540 0.000000
vt -0.421903 3.973803 0.000000
vt -0.421903 3.854066 0.000000
vt -0.421903 3.724166 0.000000
vt -0.466921 4.811961 0.000000
vt -0.481377 4.572487 0.000000
vt -0.481377 4.333014 0.000000
vt -0.481377 4.093540 0.000000
vt -0.481377 3.973803 0.000000
vt -0.481377 3.854066 0.000000
vt -0.481377 3.724166 0.000000
vt -0.533624 4.811961 0.000000
vt -0.540851 4.572487 0.000000
vt -0.540851 4.333014 0.000000
vt -0.540851 4.093540 0.000000
vt -0.540851 3.973803 0.000000
vt -0.540851 3.854066 0.000000
vt -0.540851 3.724166 0.000000
vt -0.600326 4.811961 0.000000
vt -0.600326 4.661587 0.000000
vt -0.600326 4.511213 0.000000
vt -0.600326 4.360839 0.000000
vt -0.600326 4.210466 0.000000
vt -0.600326 4.060092 0.000000
vt -0.600326 3.909718 0.000000
vt -0.600326 3.759344 0.000000
vt -0.600326 3.608971 0.000000
vt -0.600326 2.556354 0.000000
vt -0.540851 2.495658 0.000000
vt -0.481377 2.389255 0.000000
vt -0.421903 2.282853 0.000000
vt -0.362429 2.176450 0.000000
vt -0.300163 2.070047 0.000000
vt -0.246679 1.963644 0.000000
vt -0.193195 1.750838 0.000000
vt -0.139711 1.538032 0.000000
vt -0.086226 1.325226 0.000000
vt -0.600326 2.405980 0.000000
vt -0.540851 2.389255 0.000000
vt -0.481377 2.282853 0.000000
vt -0.421903 2.176450 0.000000
vt -0.362429 2.070047 0.000000
vt -0.300163 1.963644 0.000000
vt -0.246679 1.750838 0.000000
vt -0.193195 1.538032 0.000000
vt -0.139711 1.325226 0.000000
vt -0.600326 2.255607 0.000000
vt -0.540851 2.282853 0.000000
vt -0.481377 2.176450 0.000000
vt -0.421903 2.070047 0.000000
vt -0.362429 1.963644 0.000000
vt -0.300163 1.750838 0.000000
vt -0.246679 1.538032 0.000000
vt -0.193195 1.325226 0.000000
vt -0.540851 2.176450 0.000000
vt -0.600326 2.105233 0.000000
vt -0.540851 2.070047 0.000000
vt -0.600326 1.954859 0.000000
vt -0.540851 1.963644 0.000000
vt -0.600326 1.804485 0.000000
vt -0.540851 1.750838 0.000000
vt -0.600326 1.654112 0.000000
vt -0.540851 1.538032 0.000000
vt -0.600326 1.503738 0.000000
vt -0.540851 1.325226 0.000000
vt -0.600326 1.353364 0.000000
vt -0.600326 1.202990 0.000000
vt -0.481377 0.241284 0.000000
vt -0.466921 0.000000 0.000000
vt -0.421903 0.241284 0.000000
vt -0.400216 0.000000 0.000000
vt -0.362429 0.241284 0.000000
vt -0.333515 0.000000 0.000000
vt -0.300163 0.241284 0.000000
vt -0.266810 0.000000 0.000000
vt -0.246679 0.241284 0.000000
vt -0.200110 0.000000 0.000000
vt -0.193195 0.241284 0.000000
vt -0.133405 0.000000 0.000000
vt -0.139711 0.241284 0.000000
vt -0.086226 0.241284 0.000000
vt -0.139711 0.482569 0.000000
vt -0.086226 0.482569 0.000000
vt -0.139711 0.797494 0.000000
vt -0.086226 0.797494 0.000000
vt -0.066702 0.000000 0.000000
vt -0.043113 0.241284 0.000000
vt -0.043113 0.482569 0.000000
vt -0.043113 0.797494 0.000000
vt -0.000000 0.000000 0.000000
vt -0.000000 0.300748 0.000000
vt -0.000000 0.601495 0.000000
vt -0.000000 0.902243 0.000000
vt -0.000000 1.654112 0.000000
vt -0.043113 1.750838 0.000000
vt -0.086226 1.963644 0.000000
vt -0.139711 2.070047 0.000000
vt -0.193195 2.176450 0.000000
vt -0.246679 2.282853 0.000000
vt -0.300163 2.389255 0.000000
vt -0.362429 2.495658 0.000000
vt -0.421903 2.602061 0.000000
vt -0.481377 2.708464 0.000000
vt -0.000000 1.804485 0.000000
vt -0.043113 1.963644 0.000000
vt -0.086226 2.070047 0.000000
vt -0.139711 2.176450 0.000000
vt -0.193195 2.282853 0.000000
vt -0.246679 2.389255 0.000000
vt -0.300163 2.495658 0.000000
vt -0.362429 2.602061 0.000000
vt -0.421903 2.708464 0.000000
vt -0.481377 2.814867 0.000000
vt -0.000000 1.954859 0.000000
vt -0.000000 2.105233 0.000000
vt -0.043113 2.070047 0.000000
vt -0.043113 2.176450 0.000000
vt -0.086226 2.176450 0.000000
vt -0.086226 2.282853 0.000000
vt -0.139711 2.282853 0.000000
vt -0.139711 2.389255 0.000000
vt -0.193195 2.389255 0.000000
vt -0.193195 2.495658 0.000000
vt -0.246679 2.495658 0.000000
vt -0.246679 2.602061 0.000000
vt -0.300163 2.602061 0.000000
vt -0.300163 2.708464 0.000000
vt -0.362429 2.708464 0.000000
vt -0.362429 2.814867 0.000000
vt -0.421903 2.814867 0.000000
vt -0.421903 2.944767 0.000000
vt -0.481377 2.944767 0.000000
vt -0.481377 3.074667 0.000000
vt -0.000000 2.255607 0.000000
vt -0.043113 2.282853 0.000000
vt -0.086226 2.389255 0.000000
vt -0.139711 2.495658 0.000000
vt -0.193195 2.602061 0.000000
vt -0.246679 2.708464 0.000000
vt -0.300163 2.814867 0.000000
vt -0.362429 2.944767 0.000000
vt -0.421903 3.074667 0.000000
vt -0.481377 3.204567 0.000000
vt -0.000000 2.405980 0.000000
vt -0.043113 2.389255 0.000000
vt -0.086226 2.495658 0.000000
vt -0.139711 2.602061 0.000000
vt -0.193195 2.708464 0.000000
vt -0.246679 2.814867 0.000000
vt -0.300163 2.944767 0.000000
vt -0.362429 3.074667 0.000000
vt -0.421903 3.204567 0.000000
vt -0.481377 3.334467 0.000000
vt -0.043113 2.495658 0.000000
vt -0.000000 2.556354 0.000000
vt -0.043113 2.602061 0.000000
vt -0.000000 2.706728 0.000000
vt -0.043113 2.708464 0.000000
vt -0.000000 2.857102 0.000000
vt -0.043113 2.814867 0.000000
vt -0.043113 2.944767 0.000000
vt -0.086226 2.944767 0.000000
vt -0.086226 3.074667 0.000000
vt -0.139711 3.074667 0.000000
vt -0.139711 3.204567 0.000000
vt -0.193195 3.204567 0.000000
vt -0.193195 3.334467 0.000000
vt -0.246679 3.334467 0.000000
vt -0.000000 3.007475 0.000000
vt -0.043113 3.074667 0.000000
vt -0.086226 3.204567 0.000000
vt -0.139711 3.334467 0.000000
vt -0.000000 3.157849 0.000000
vt -0.043113 3.204567 0.000000
vt -0.086226 3.334467 0.000000
vt -0.000000 3.308223 0.000000
vt -0.043113 3.334467 0.000000
vt -0.000000 3.458597 0.000000
vt -0.139711 4.333014 0.000000
vt -0.139711 4.093540 0.000000
vt -0.139711 3.973803 0.000000
vt -0.139711 3.854066 0.000000
vt -0.139711 3.724166 0.000000
vt -0.086226 4.333014 0.000000
vt -0.086226 4.093540 0.000000
vt -0.086226 3.973803 0.000000
vt -0.086226 3.854066 0.000000
vt -0.086226 3.724166 0.000000
vt -0.421903 3.334467 0.000000
vt -0.362429 3.334467 0.000000
vt -0.362429 3.204567 0.000000
vt -0.300163 3.334467 0.000000
vt -0.300163 3.204567 0.000000
vt -0.300163 3.074667 0.000000
vt -0.246679 3.204567 0.000000
vt -0.193195 3.074667 0.000000
vt -0.139711 2.944767 0.000000
vt -0.086226 2.814867 0.000000
vt -0.246679 3.074667 0.000000
vt -0.246679 2.944767 0.000000
vt -0.193195 2.944767 0.000000
vt -0.139711 2.814867 0.000000
vt -0.086226 2.708464 0.000000
vt -0.193195 2.814867 0.000000
vt -0.139711 2.708464 0.000000
vt -0.086226 2.602061 0.000000
vt -0.481377 2.070047 0.000000
vt -0.421903 1.963644 0.000000
vt -0.362429 1.750838 0.000000
vt -0.300163 1.538032 0.000000
vt -0.246679 1.325226 0.000000
vt -0.481377 1.963644 0.000000
vt -0.421903 1.750838 0.000000
vt -0.362429 1.538032 0.000000
vt -0.300163 1.325226 0.000000
vt -0.481377 1.750838 0.000000
vt -0.421903 1.538032 0.000000
vt -0.362429 1.325226 0.000000
vt -0.481377 1.538032 0.000000
vt -0.481377 1.325226 0.000000
vt -0.421903 1.325226 0.000000
vt -0.481377 0.797494 0.000000
vt -0.481377 0.482569 0.000000
vt -0.421903 0.797494 0.000000
vt -0.421903 0.482569 0.000000
vt -0.362429 0.797494 0.000000
vt -0.362429 0.482569 0.000000
vt -0.300163 0.797494 0.000000
vt -0.300163 0.482569 0.000000
vt -0.246679 0.797494 0.000000
vt -0.246679 0.482569 0.000000
vt -0.193195 0.797494 0.000000
vt -0.193195 0.482569 0.000000
vt -0.000000 0.787119 0.000000
vt -0.000000 0.905006 0.000000
vt -0.049866 0.787130 0.000000
vt -0.058094 0.905006 0.000000
vt -0.099733 0.787141 0.000000
vt -0.116185 0.905006 0.000000
vt -0.130838 0.787149 0.000000
vt -0.174286 0.905006 0.000000
vt -0.161943 0.787156 0.000000
vt -0.193047 0.787163 0.000000
vt -0.193047 0.669323 0.000000
vt -0.224152 0.669338 0.000000
vt -0.224152 0.520282 0.000000
vt -0.255257 0.520282 0.000000
vt -0.224152 0.445807 0.000000
vt -0.255257 0.445807 0.000000
vt -0.224152 0.371332 0.000000
vt -0.255257 0.371332 0.000000
vt -0.224152 0.278499 0.000000
vt -0.255257 0.278499 0.000000
vt -0.224152 0.185666 0.000000
vt -0.255257 0.185666 0.000000
vt -0.224152 0.092833 0.000000
vt -0.255257 0.092833 0.000000
vt -0.232382 0.000000 0.000000
vt -0.286362 0.092833 0.000000
vt -0.309840 0.000000 0.000000
vt -0.317467 0.092833 0.000000
vt -0.348571 0.092833 0.000000
vt -0.348571 0.185666 0.000000
vt -0.384567 0.185666 0.000000
vt -0.384567 0.278499 0.000000
vt -0.420562 0.278499 0.000000
vt -0.420562 0.371332 0.000000
vt -0.455135 0.371332 0.000000
vt -0.455135 0.445807 0.000000
vt -0.489707 0.445807 0.000000
vt -0.489707 0.520282 0.000000
vt -0.524280 0.520282 0.000000
vt -0.489707 0.669465 0.000000
vt -0.524280 0.669481 0.000000
vt -0.489707 0.787231 0.000000
vt -0.524280 0.787239 0.000000
vt -0.522857 0.905006 0.000000
vt -0.558853 0.787247 0.000000
vt -0.580958 0.905006 0.000000
vt -0.593425 0.787255 0.000000
vt -0.639049 0.905006 0.000000
vt -0.627998 0.787263 0.000000
vt -0.662570 0.787271 0.000000
vt -0.662570 0.669547 0.000000
vt -0.696945 0.669563 0.000000
vt -0.697028 0.585841 0.000000
vt -0.232385 0.905006 0.000000
vt -0.224152 0.787170 0.000000
vt -0.255257 0.669353 0.000000
vt -0.286362 0.520282 0.000000
vt -0.286362 0.445807 0.000000
vt -0.286362 0.371332 0.000000
vt -0.286362 0.278499 0.000000
vt -0.286362 0.185666 0.000000
vt -0.255257 0.787177 0.000000
vt -0.290474 0.905006 0.000000
vt -0.286362 0.787184 0.000000
vt -0.317467 0.787191 0.000000
vt -0.317467 0.669382 0.000000
vt -0.348571 0.669397 0.000000
vt -0.348571 0.520282 0.000000
vt -0.384567 0.520282 0.000000
vt -0.348571 0.445807 0.000000
vt -0.384567 0.445807 0.000000
vt -0.348571 0.371332 0.000000
vt -0.384567 0.371332 0.000000
vt -0.348571 0.278499 0.000000
vt -0.348571 0.905006 0.000000
vt -0.348571 0.787199 0.000000
vt -0.384567 0.669414 0.000000
vt -0.420562 0.520282 0.000000
vt -0.420562 0.445807 0.000000
vt -0.384567 0.787207 0.000000
vt -0.406669 0.905006 0.000000
vt -0.420562 0.787215 0.000000
vt -0.464758 0.905006 0.000000
vt -0.455135 0.787223 0.000000
vt -0.697143 0.905006 0.000000
vt -0.697101 0.787279 0.000000
vt -0.662570 0.520282 0.000000
vt -0.697088 0.502073 0.000000
vt -0.662570 0.445807 0.000000
vt -0.697128 0.418314 0.000000
vt -0.662570 0.371332 0.000000
vt -0.697143 0.334615 0.000000
vt -0.662570 0.278499 0.000000
vt -0.697143 0.250962 0.000000
vt -0.662570 0.185666 0.000000
vt -0.697143 0.167308 0.000000
vt -0.662570 0.092833 0.000000
vt -0.697143 0.083654 0.000000
vt -0.697143 0.000000 0.000000
vt -0.619684 0.000000 0.000000
vt -0.627998 0.092833 0.000000
vt -0.627998 0.185666 0.000000
vt -0.627998 0.278499 0.000000
vt -0.627998 0.371332 0.000000
vt -0.627998 0.445807 0.000000
vt -0.627998 0.520282 0.000000
vt -0.627998 0.669531 0.000000
vt -0.593425 0.669514 0.000000
vt -0.593425 0.092833 0.000000
vt -0.542223 0.000000 0.000000
vt -0.558853 0.092833 0.000000
vt -0.524280 0.092833 0.000000
vt -0.558853 0.185666 0.000000
vt -0.524280 0.185666 0.000000
vt -0.558853 0.278499 0.000000
vt -0.524280 0.278499 0.000000
vt -0.558853 0.371332 0.000000
vt -0.524280 0.371332 0.000000
vt -0.558853 0.445807 0.000000
vt -0.524280 0.445807 0.000000
vt -0.558853 0.520282 0.000000
vt -0.489707 0.092833 0.000000
vt -0.464760 0.000000 0.000000
vt -0.455135 0.092833 0.000000
vt -0.420562 0.092833 0.000000
vt -0.455135 0.185666 0.000000
vt -0.420562 0.185666 0.000000
vt -0.455135 0.278499 0.000000
vt -0.387303 0.000000 0.000000
vt -0.384567 0.092833 0.000000
vt -0.193047 0.092833 0.000000
vt -0.154920 0.000000 0.000000
vt -0.161943 0.092833 0.000000
vt -0.130838 0.092833 0.000000
vt -0.161943 0.185666 0.000000
vt -0.130838 0.185666 0.000000
vt -0.161943 0.278499 0.000000
vt -0.130838 0.278499 0.000000
vt -0.161943 0.371332 0.000000
vt -0.130838 0.371332 0.000000
vt -0.161943 0.445807 0.000000
vt -0.130838 0.445807 0.000000
vt -0.161943 0.520282 0.000000
vt -0.130838 0.520282 0.000000
vt -0.130838 0.669293 0.000000
vt -0.099733 0.669278 0.000000
vt -0.077459 0.000000 0.000000
vt -0.099733 0.092833 0.000000
vt -0.099733 0.185666 0.000000
vt -0.099733 0.278499 0.000000
vt -0.099733 0.371332 0.000000
vt -0.099733 0.445807 0.000000
vt -0.099733 0.520282 0.000000
vt -0.049866 0.669255 0.000000
vt -0.049866 0.092833 0.000000
vt -0.000000 0.000000 0.000000
vt -0.000000 0.083654 0.000000
vt -0.000000 0.167308 0.000000
vt -0.049866 0.185666 0.000000
vt -0.000000 0.250962 0.000000
vt -0.049866 0.278499 0.000000
vt -0.000000 0.334615 0.000000
vt -0.049866 0.371332 0.000000
vt -0.000000 0.501923 0.000000
vt -0.049866 0.445807 0.000000
vt -0.049866 0.520282 0.000000
vt -0.000000 0.669231 0.000000
vt -0.558853 0.669498 0.000000
vt -0.593425 0.520282 0.000000
vt -0.593425 0.445807 0.000000
vt -0.593425 0.371332 0.000000
vt -0.593425 0.278499 0.000000
vt -0.593425 0.185666 0.000000
vt -0.455135 0.669448 0.000000
vt -0.420562 0.669432 0.000000
vt -0.455135 0.520282 0.000000
vt -0.286362 0.669367 0.000000
vt -0.317467 0.520282 0.000000
vt -0.317467 0.445807 0.000000
vt -0.317467 0.371332 0.000000
vt -0.317467 0.278499 0.000000
vt -0.317467 0.185666 0.000000
vt -0.161943 0.669308 0.000000
vt -0.193047 0.520282 0.000000
vt -0.193047 0.445807 0.000000
vt -0.193047 0.371332 0.000000
vt -0.193047 0.278499 0.000000
vt -0.193047 0.185666 0.000000
vt -0.489707 0.371332 0.000000
vt -0.489707 0.278499 0.000000
vt -0.489707 0.185666 0.000000
vt -0.064204 -0.630867 0.000000
vt -0.066607 -0.634071 0.000000
vt -0.000000 -0.648455 0.000000
vt -0.066607 -0.689308 0.000000
vt -0.000000 -0.702492 0.000000
vt -0.066607 -0.744544 0.000000
vt -0.000000 -0.756530 0.000000
vt -0.066607 -0.799781 0.000000
vt -0.000000 -0.810568 0.000000
vt -0.066607 -0.855017 0.000000
vt -0.000000 -0.864606 0.000000
vt -0.066607 -0.910254 0.000000
vt -0.000000 -0.918644 0.000000
vt -0.066607 -0.965490 0.000000
vt -0.000000 -0.972682 0.000000
vt -0.066607 -1.020727 0.000000
vt -0.000000 -1.026720 0.000000
vt -0.066607 -1.075963 0.000000
vt -0.000000 -1.080758 0.000000
vt -0.066607 -1.131200 0.000000
vt -0.000000 -1.134795 0.000000
vt -0.066607 -1.186436 0.000000
vt -0.000000 -1.188833 0.000000
vt -0.066607 -1.241673 0.000000
vt -0.000000 -1.242871 0.000000
vt -0.062196 -1.276844 0.000000
vt -0.000000 -1.296909 0.000000
vt -0.128289 -0.612684 0.000000
vt -0.133214 -0.634071 0.000000
vt -0.133214 -0.689308 0.000000
vt -0.133214 -0.744544 0.000000
vt -0.133214 -0.799781 0.000000
vt -0.133214 -0.855017 0.000000
vt -0.133214 -0.910254 0.000000
vt -0.133214 -0.965490 0.000000
vt -0.133214 -1.020727 0.000000
vt -0.133214 -1.075963 0.000000
vt -0.133214 -1.131200 0.000000
vt -0.133214 -1.186436 0.000000
vt -0.133214 -1.241673 0.000000
vt -0.124243 -1.256143 0.000000
vt -0.185970 -1.234092 0.000000
vt -0.199821 -1.186436 0.000000
vt -0.199821 -1.131200 0.000000
vt -0.266429 -1.131200 0.000000
vt -0.266429 -1.075963 0.000000
vt -0.333036 -1.075963 0.000000
vt -0.333036 -1.020727 0.000000
vt -0.399643 -1.020727 0.000000
vt -0.399643 -0.965490 0.000000
vt -0.466250 -0.965490 0.000000
vt -0.466250 -0.910254 0.000000
vt -0.532857 -0.910254 0.000000
vt -0.532857 -0.855017 0.000000
vt -0.567254 -0.890202 0.000000
vt -0.532857 -0.799781 0.000000
vt -0.593486 -0.762400 0.000000
vt -0.532857 -0.744544 0.000000
vt -0.532857 -0.689308 0.000000
vt -0.466250 -0.744544 0.000000
vt -0.466250 -0.689308 0.000000
vt -0.399643 -0.744544 0.000000
vt -0.399643 -0.689308 0.000000
vt -0.333036 -0.744544 0.000000
vt -0.333036 -0.689308 0.000000
vt -0.266429 -0.744544 0.000000
vt -0.266429 -0.689308 0.000000
vt -0.199821 -0.744544 0.000000
vt -0.199821 -0.689308 0.000000
vt -0.192119 -0.593231 0.000000
vt -0.199821 -0.634071 0.000000
vt -0.266429 -0.634071 0.000000
vt -0.255521 -0.571657 0.000000
vt -0.266429 -0.578835 0.000000
vt -0.318252 -0.546783 0.000000
vt -0.333036 -0.578835 0.000000
vt -0.379938 -0.516845 0.000000
vt -0.399643 -0.578835 0.000000
vt -0.399643 -0.523598 0.000000
vt -0.466250 -0.523598 0.000000
vt -0.439964 -0.479043 0.000000
vt -0.466250 -0.468362 0.000000
vt -0.497241 -0.428701 0.000000
vt -0.532857 -0.468362 0.000000
vt -0.532857 -0.413125 0.000000
vt -0.583378 -0.470770 0.000000
vt -0.549712 -0.357889 0.000000
vt -0.532857 -0.523598 0.000000
vt -0.599464 -0.612884 0.000000
vt -0.532857 -0.578835 0.000000
vt -0.532857 -0.634071 0.000000
vt -0.466250 -0.634071 0.000000
vt -0.532857 -0.965490 0.000000
vt -0.526875 -0.986346 0.000000
vt -0.466250 -1.020727 0.000000
vt -0.399643 -1.075963 0.000000
vt -0.333036 -1.131200 0.000000
vt -0.307537 -1.182108 0.000000
vt -0.266429 -1.186436 0.000000
vt -0.247166 -1.209810 0.000000
vt -0.477894 -1.056465 0.000000
vt -0.423818 -1.108731 0.000000
vt -0.366650 -1.149275 0.000000
vt -0.399643 -0.634071 0.000000
vt -0.333036 -0.634071 0.000000
vt -0.466250 -0.578835 0.000000
vt -0.199821 -0.799781 0.000000
vt -0.199821 -0.855017 0.000000
vt -0.199821 -0.910254 0.000000
vt -0.199821 -0.965490 0.000000
vt -0.199821 -1.020727 0.000000
vt -0.199821 -1.075963 0.000000
vt -0.266429 -0.799781 0.000000
vt -0.266429 -0.855017 0.000000
vt -0.266429 -0.910254 0.000000
vt -0.266429 -0.965490 0.000000
vt -0.266429 -1.020727 0.000000
vt -0.333036 -0.799781 0.000000
vt -0.333036 -0.855017 0.000000
vt -0.333036 -0.910254 0.000000
vt -0.333036 -0.965490 0.000000
vt -0.399643 -0.799781 0.000000
vt -0.399643 -0.855017 0.000000
vt -0.399643 -0.910254 0.000000
vt -0.466250 -0.799781 0.000000
vt -0.466250 -0.855017 0.000000
vt 2.000000 0.000000 0.000000
vt 1.950991 0.049087 0.000000
vt 1.263445 0.000000 0.000000
vt 1.263445 0.065450 0.000000
vt 1.902455 0.098175 0.000000
vt 1.263445 0.130900 0.000000
vt 1.854858 0.147262 0.000000
vt 1.263445 0.196350 0.000000
vt 1.808658 0.196350 0.000000
vt 1.764302 0.245437 0.000000
vt 1.263445 0.261799 0.000000
vt 1.722215 0.294524 0.000000
vt 1.263445 0.327249 0.000000
vt 1.682803 0.343612 0.000000
vt 1.263445 0.392699 0.000000
vt 1.646447 0.392699 0.000000
vt 1.613495 0.441786 0.000000
vt 1.263445 0.458149 0.000000
vt 1.584265 0.490874 0.000000
vt 1.263445 0.523599 0.000000
vt 1.559039 0.539961 0.000000
vt 1.263445 0.589049 0.000000
vt 1.538060 0.589049 0.000000
vt 1.521530 0.638136 0.000000
vt 1.263445 0.654498 0.000000
vt 1.509607 0.687223 0.000000
vt 1.263445 0.719948 0.000000
vt 1.502408 0.736311 0.000000
vt 1.263445 0.785398 0.000000
vt 1.500000 0.785398 0.000000
vt 2.000000 1.250000 0.000000
vt 2.000000 18.000000 0.000000
vt -0.000000 1.250000 0.000000
vt -0.000000 20.500000 0.000000
vt 0.736555 20.500000 0.000000
vt 0.841478 20.498615 0.000000
vt 0.946329 20.494236 0.000000
vt 1.094750 20.482225 0.000000
vt 1.242423 20.462492 0.000000
vt 1.315817 20.449337 0.000000
vt 1.388727 20.433783 0.000000
vt 1.461004 20.415681 0.000000
vt 1.532502 20.394877 0.000000
vt 1.835814 20.296183 0.000000
vt 2.137681 20.193089 0.000000
vt 2.439440 20.089642 0.000000
vt 2.742432 19.989898 0.000000
vt 2.894875 19.942881 0.000000
vt 3.048151 19.898613 0.000000
vt 3.500000 19.500000 0.000000
vt 3.202346 19.857640 0.000000
vt 3.357545 19.820510 0.000000
vt 3.513764 19.787732 0.000000
vt 3.670885 19.759588 0.000000
vt 3.828781 19.736294 0.000000
vt 3.987324 19.718069 0.000000
vt 4.146332 19.705091 0.000000
vt 4.305624 19.697287 0.000000
vt 4.465070 19.694507 0.000000
vt 4.624540 19.696597 0.000000
vt 4.783903 19.703404 0.000000
vt 6.500000 19.500000 0.000000
vt 4.943031 19.714775 0.000000
vt 5.101792 19.730559 0.000000
vt 5.260058 19.750602 0.000000
vt 5.417718 19.774680 0.000000
vt 5.574717 19.802583 0.000000
vt 5.731005 19.834194 0.000000
vt 5.886530 19.869400 0.000000
vt 6.041243 19.908084 0.000000
vt 6.195093 19.950134 0.000000
vt 6.348029 19.995433 0.000000
vt 6.500000 20.043868 0.000000
vt -0.000000 0.000000 0.000000
vt 4.400000 0.000000 0.000000
vt -0.000000 1.000000 0.000000
vt 4.400000 1.000000 0.000000
vt 1.000000 -1.256637 0.000000
vt -0.000000 -1.256637 0.000000
vt 1.000000 -1.316477 0.000000
vt 0.000000 -1.316477 0.000000
vt 1.000000 -1.376317 0.000000
vt -0.000000 -1.376317 0.000000
vt 1.000000 -1.436157 0.000000
vt 0.000000 -1.436157 0.000000
vt 1.000000 -1.495996 0.000000
vt 0.000000 -1.495996 0.000000
vt 1.000000 -1.555836 0.000000
vt 0.000000 -1.555836 0.000000
vt 1.000000 -1.615676 0.000000
vt 0.000000 -1.615676 0.000000
vt 1.000000 -1.675516 0.000000
vt -0.000000 -1.675516 0.000000
vt 1.000000 -1.735356 0.000000
vt 0.000000 -1.735356 0.000000
vt 1.000000 -1.795196 0.000000
vt 0.000000 -1.795196 0.000000
vt 1.000000 -1.855036 0.000000
vt 0.000000 -1.855036 0.000000
vt 1.000000 -1.914875 0.000000
vt 0.000000 -1.914875 0.000000
vt 1.000000 -1.974715 0.000000
vt 0.000000 -1.974715 0.000000
vt 1.000000 -2.034555 0.000000
vt 0.000000 -2.034555 0.000000
vt 1.000000 -2.094395 0.000000
vt 0.000000 -2.094395 0.000000
vt 1.000000 -2.154235 0.000000
vt 0.000000 -2.154235 0.000000
vt 1.000000 -2.214075 0.000000
vt 0.000000 -2.214075 0.000000
vt 1.000000 -2.273915 0.000000
vt 0.000000 -2.273915 0.000000
vt 1.000000 -2.333755 0.000000
vt 0.000000 -2.333755 0.000000
vt 1.000000 -2.393594 0.000000
vt 0.000000 -2.393594 0.000000
vt 1.000000 -2.453434 0.000000
vt 0.000000 -2.453434 0.000000
vt 1.000000 -2.513274 0.000000
vt 0.000000 -2.513274 0.000000
vt -0.000000 0.000000 0.000000
vt 4.400000 0.000000 0.000000
vt -0.000000 1.000000 0.000000
vt 4.400000 1.000000 0.000000
vt 1.000000 1.256637 0.000000
vt 0.000000 1.256637 0.000000
vt 1.000000 1.196797 0.000000
vt -0.000000 1.196797 0.000000
vt 1.000000 1.136957 0.000000
vt 0.000000 1.136957 0.000000
vt 1.000000 1.077117 0.000000
vt 0.000000 1.077117 0.000000
vt 1.000000 1.017278 0.000000
vt 0.000000 1.017278 0.000000
vt 1.000000 0.957438 0.000000
vt 0.000000 0.957438 0.000000
vt 1.000000 0.897598 0.000000
vt 0.000000 0.897598 0.000000
vt 1.000000 0.837758 0.000000
vt -0.000000 0.837758 0.000000
vt 1.000000 0.777918 0.000000
vt 0.000000 0.777918 0.000000
vt 1.000000 0.718078 0.000000
vt 0.000000 0.718078 0.000000
vt 1.000000 0.658238 0.000000
vt 0.000000 0.658238 0.000000
vt 1.000000 0.598399 0.000000
vt 0.000000 0.598399 0.000000
vt 1.000000 0.538559 0.000000
vt 0.000000 0.538559 0.000000
vt 1.000000 0.478719 0.000000
vt 0.000000 0.478719 0.000000
vt 1.000000 0.418879 0.000000
vt -0.000000 0.418879 0.000000
vt 1.000000 0.359039 0.000000
vt 0.000000 0.359039 0.000000
vt 1.000000 0.299199 0.000000
vt 0.000000 0.299199 0.000000
vt 1.000000 0.239359 0.000000
vt -0.000000 0.239359 0.000000
vt 1.000000 0.179520 0.000000
vt 0.000000 0.179520 0.000000
vt 1.000000 0.119680 0.000000
vt -0.000000 0.119680 0.000000
vt 1.000000 0.059840 0.000000
vt -0.000000 0.059840 0.000000
vt 1.000000 0.000000 0.000000
vt 0.000000 0.000000 0.000000
vt 0.000000 0.000000 0.000000
vt 5.000000 0.000000 0.000000
vt 0.000000 1.000000 0.000000
vt 5.000000 1.000000 0.000000
vt 0.000000 0.000000 0.000000
vt 6.000000 0.000000 0.000000
vt 0.000000 1.000000 0.000000
vt 6.000000 1.000000 0.000000
vt 0.000000 0.000000 0.000000
vt 5.000000 0.000000 0.000000
vt 0.000000 1.000000 0.000000
vt 5.000000 1.000000 0.000000
vt 0.000000 0.000000 0.000000
vt 6.000000 0.000000 0.000000
vt 0.000000 1.000000 0.000000
vt 6.000000 1.000000 0.000000
vt 1.300000 -2.200000 0.000000
vt 1.300000 2.200000 0.000000
vt -2.500000 3.000000 0.000000
vt 1.304468 2.259617 0.000000
vt 1.317771 2.317902 0.000000
vt 1.339612 2.373554 0.000000
vt 1.369505 2.425328 0.000000
vt 1.406779 2.472069 0.000000
vt 1.450604 2.512733 0.000000
vt 1.500000 2.546410 0.000000
vt 1.553864 2.572350 0.000000
vt 2.500000 3.000000 0.000000
vt 1.610992 2.589971 0.000000
vt 1.670108 2.598882 0.000000
vt 1.729892 2.598882 0.000000
vt 1.789008 2.589971 0.000000
vt 1.846136 2.572350 0.000000
vt 1.900000 2.546410 0.000000
vt 1.949396 2.512733 0.000000
vt 1.993221 2.472069 0.000000
vt 2.030495 2.425328 0.000000
vt 2.060388 2.373554 0.000000
vt 2.082229 2.317902 0.000000
vt 2.095532 2.259617 0.000000
vt 2.100000 2.200000 0.000000
vt 2.500000 -3.000000 0.000000
vt 2.100000 -2.200000 0.000000
vt 2.095532 -2.259617 0.000000
vt 2.082229 -2.317902 0.000000
vt 2.060388 -2.373553 0.000000
vt 2.030496 -2.425328 0.000000
vt 1.993221 -2.472069 0.000000
vt 1.949396 -2.512733 0.000000
vt 1.900000 -2.546410 0.000000
vt 1.846136 -2.572349 0.000000
vt 1.789008 -2.589971 0.000000
vt 1.729892 -2.598882 0.000000
vt 1.670108 -2.598882 0.000000
vt 1.610992 -2.589971 0.000000
vt 1.553864 -2.572349 0.000000
vt -2.500000 -3.000000 0.000000
vt 1.500000 -2.546410 0.000000
vt 1.450604 -2.512733 0.000000
vt 1.406779 -2.472069 0.000000
vt 1.369504 -2.425328 0.000000
vt 1.339612 -2.373553 0.000000
vt 1.317771 -2.317902 0.000000
vt 1.304468 -2.259617 0.000000
vn 0.000000 -0.707107 0.707107
vn 0.000000 -0.707107 0.707107
vn 0.000000 -0.707107 0.707107
vn 0.000000 -0.707107 0.707107
vn 0.707107 0.000000 0.707107
vn 0.707107 0.000000 0.707107
vn 0.707107 0.000000 0.707107
vn 0.707107 0.000000 0.707107
vn 0.000000 0.707107 0.707107
vn 0.000000 0.707107 0.707107
vn 0.000000 0.707107 0.707107
vn 0.000000 0.707107 0.707107
vn -0.707107 0.000000 0.707107
vn -0.707107 0.000000 0.707107
vn -0.707107 0.000000 0.707107
vn -0.707107 0.000000 0.707107
vn -1.000000 0.000000 0.000000
vn -1.000000 0.000000 0.000000
vn -1.000000 0.000000 0.000000
vn -1.000000 0.000000 0.000000
vn 0.000000 -1.000000 0.000000
vn 0.000000 -1.000000 0.000000
vn 0.000000 -1.000000 0.000000
vn 0.000000 -1.000000 0.000000
vn 0.000000 -1.000000 0.000000
vn 0.000000 -1.000000 0.000000
vn 0.000000 -1.000000 0.000000
vn 0.000000 -1.000000 0.000000
vn 0.000000 -1.000000 0.000000
vn 0.000000 -1.000000 0.000000
vn 0.000000 -1.000000 0.000000
vn 0.000000 -1.000000 0.000000
vn 0.000000 -1.000000 0.000000
vn 0.000000 -1.000000 0.000000
vn 0.000000 -1.000000 0.000000
vn 0.000000 -1.000000 0.000000
vn 0.000000 -1.000000 0.000000
vn 0.000000 -1.000000 0.000000
vn 0.000000 -1.000000 0.000000
vn 0.000000 -1.000000 0.000000
vn 0.000000 -1.000000 0.000000
vn 0.000000 -1.000000 0.000000
vn 0.000000 -1.000000 0.000000
vn 0.000000 -1.000000 0.000000
vn 0.000000 -1.000000 0.000000
vn 0.000000 -1.000000 0.000000
vn 0.000000 -1.000000 0.000000
vn 0.000000 -1.000000 0.000000
vn 0.000000 -1.000000 0.000000
vn 0.000000 -1.000000 0.000000
vn 0.000000 -1.000000 0.000000
vn 0.000000 -1.000000 0.000000
vn 0.000000 -1.000000 0.000000
vn 0.000000 -1.000000 0.000000
vn 0.000000 -1.000000 0.000000
vn 0.000000 -1.000000 0.000000
vn 0.000000 -1.000000 0.000000
vn 0.000000 -1.000000 0.000000
vn 0.000000 -1.000000 0.000000
vn 0.000000 -1.000000 0.000000
vn 0.000000 -1.000000 0.000000
vn 0.000000 -1.000000 0.000000
vn 0.000000 -1.000000 0.000000
vn 0.000000 0.000000 1.000000
vn 0.000000 0.000000 1.000000
vn 0.000000 0.000000 1.000000
vn 0.000000 0.000000 1.000000
vn 0.000000 0.000000 1.000000
vn 0.000000 0.000000 1.000000
vn 0.000000 0.000000 1.000000
vn 0.000000 0.000000 1.000000
vn 0.000000 0.000000 1.000000
vn 0.000000 0.000000 1.000000
vn 0.000000 0.000000 1.000000
vn 0.000000 0.000000 1.000000
vn 0.000000 0.000000 1.000000
vn 0.000000 0.000000 1.000000
vn 0.000000 0.000000 1.000000
vn 0.000000 0.000000 1.000000
vn 0.000000 0.000000 1.000000
vn 0.000000 0.000000 1.000000
vn 0.000000 0.000000 1.000000
vn 0.000000 0.000000 1.000000
vn 0.000000 0.000000 1.000000
vn 0.000000 0.000000 1.000000
vn 0.000000 0.000000 1.000000
vn 0.000000 0.000000 1.000000
vn 0.000000 0.000000 1.000000
vn 0.000000 0.000000 1.000000
vn 0.000000 0.000000 1.000000
vn 0.000000 0.000000 1.000000
vn 0.000000 0.000000 1.000000
vn 0.000000 0.000000 1.000000
vn 0.000000 0.000000 1.000000
vn 0.000000 0.000000 1.000000
vn 0.000000 0.000000 1.000000
vn 0.000000 0.000000 1.000000
vn 0.000000 0.000000 1.000000
vn 0.000000 0.000000 1.000000
vn 0.000000 0.000000 1.000000
vn 0.000000 0.000000 1.000000
vn 0.000000 0.000000 1.000000
vn 0.000000 0.000000 1.000000
vn 0.000000 0.000000 1.000000
vn 0.000000 0.000000 1.000000
vn 0.000000 0.000000 1.000000
vn 0.000000 0.000000 1.000000
vn 0.000000 0.000000 1.000000
vn 0.000000 0.000000 1.000000
vn 0.000000 0.000000 1.000000
vn 0.000000 0.000000 1.000000
vn 0.000000 0.000000 1.000000
vn 0.000000 0.000000 1.000000
vn 0.000000 0.000000 1.000000
vn 0.000000 0.000000 1.000000
vn 0.707107 0.000000 0.707107
vn 0.707107 0.000000 0.707107
vn 0.707107 0.000000 0.707107
vn 0.707107 0.000000 0.707107
vn 0.707107 0.000000 0.707107
vn 0.707107 0.000000 0.707107
vn 0.707107 0.000000 0.707107
vn 0.707107 0.000000 0.707107
vn 0.707107 0.000000 0.707107
vn 0.707107 0.000000 0.707107
vn 0.707107 0.000000 0.707107
vn 0.707107 0.000000 0.707107
vn 0.707107 0.000000 0.707107
vn 0.707107 0.000000 0.707107
vn 0.707107 0.000000 0.707107
vn 0.707107 0.000000 0.707107
vn 0.707107 0.000000 0.707107
vn 0.707107 0.000000 0.707107
vn 0.707107 0.000000 0.707107
vn 0.707107 0.000000 0.707107
vn 0.707107 0.000000 0.707107
vn 0.707107 0.000000 0.707107
vn 0.707107 0.000000 0.707107
vn 0.707107 0.000000 0.707107
vn 0.707107 0.000000 0.707107
vn 0.707107 0.000000 0.707107
vn 0.707107 0.000000 0.707107
vn 0.707107 0.000000 0.707107
vn 0.707107 0.000000 0.707107
vn 0.707107 0.000000 0.707107
vn 0.707107 0.000000 0.707107
vn 0.707107 0.000000 0.707107
vn 0.707107 0.000000 0.707107
vn 0.707107 0.000000 0.707107
vn 0.000000 0.000000 1.000000
vn 0.000000 0.000000 1.000000
vn 0.000000 0.000000 1.000000
vn 0.000000 0.000000 1.000000
vn 0.000000 0.000000 1.000000
vn 0.000000 0.000000 1.000000
vn 0.000000 0.000000 1.000000
vn 0.000000 0.000000 1.000000
vn 0.000000 0.000000 1.000000
vn 0.000000 0.000000 1.000000
vn 0.000000 0.000000 1.000000
vn 0.000000 0.000000 1.000000
vn 0.000000 0.000000 1.000000
vn 0.000000 0.000000 1.000000
vn 0.000000 0.000000 1.000000
vn 0.000000 0.000000 1.000000
vn 0.000000 0.000000 1.000000
vn 0.000000 0.000000 1.000000
vn 0.000000 0.000000 1.000000
vn 0.000000 0.000000 1.000000
vn 0.000000 0.000000 1.000000
vn 0.000000 0.000000 1.000000
vn 0.000000 0.000000 1.000000
vn 0.000000 0.000000 1.000000
vn 0.000000 0.000000 1.000000
vn 0.000000 0.000000 1.000000
vn 0.000000 0.000000 1.000000
vn 0.000000 0.000000 1.000000
vn 0.000000 0.000000 1.000000
vn 0.000000 0.000000 1.000000
vn 0.000000 0.000000 1.000000
vn 0.000000 0.000000 1.000000
vn 0.000000 0.000000 1.000000
vn 0.000000 0.000000 1.000000
vn 0.000000 0.000000 1.000000
vn 0.000000 0.000000 1.000000
vn 0.000000 0.000000 1.000000
vn 0.000000 0.000000 1.000000
vn 0.000000 0.000000 1.000000
vn 0.000000 0.000000 1.000000
vn 0.000000 0.000000 1.000000
vn 0.000000 0.000000 1.000000
vn 0.000000 0.000000 1.000000
vn 0.000000 0.000000 1.000000
vn 0.000000 0.000000 1.000000
vn 0.000000 0.000000 1.000000
vn 0.000000 0.000000 1.000000
vn 0.000000 0.000000 1.000000
vn 0.000000 0.000000 1.000000
vn 0.000000 0.098017 0.995185
vn 0.000000 0.130526 0.991445
vn 0.000000 0.195090 0.980785
vn 0.000000 0.258819 0.965926
vn 0.000000 0.290285 0.956940
vn 0.000000 0.382683 0.923880
vn 0.000000 0.382683 0.923880
vn 0.000000 0.471397 0.881921
vn 0.000000 0.500000 0.866025
vn 0.000000 0.555570 0.831470
vn 0.000000 0.608761 0.793353
vn 0.000000 0.634393 0.773010
vn 0.000000 0.707107 0.707107
vn 0.000000 0.707107 0.707107
vn 0.000000 0.773010 0.634393
vn 0.000000 0.793353 0.608761
vn 0.000000 0.831470 0.555570
vn 0.000000 0.866025 0.500000
vn 0.000000 0.881921 0.471397
vn 0.000000 0.923880 0.382683
vn 0.000000 0.923880 0.382683
vn 0.000000 0.956940 0.290285
vn 0.000000 0.965926 0.258819
vn 0.000000 0.980785 0.195090
vn 0.000000 0.991445 0.130526
vn 0.000000 0.995185 0.098017
vn 0.000000 1.000000 0.000000
vn 0.000000 1.000000 0.000000
vn -0.707107 0.000000 -0.707107
vn -0.707107 0.000000 -0.707107
vn -0.707107 0.000000 -0.707107
vn -0.707107 0.000000 -0.707107
vn 0.000000 0.000000 -1.000000
vn 0.000000 0.000000 -1.000000
vn 0.000000 0.000000 -1.000000
vn 0.000000 0.000000 -1.000000
vn 0.000000 0.000000 -1.000000
vn 0.000000 0.000000 -1.000000
vn 0.000000 0.000000 -1.000000
vn 0.000000 0.000000 -1.000000
vn 0.000000 0.000000 -1.000000
vn 0.000000 0.000000 -1.000000
vn 0.000000 0.000000 -1.000000
vn 0.000000 0.000000 -1.000000
vn 0.000000 0.000000 -1.000000
vn 0.000000 0.000000 -1.000000
vn 0.000000 0.000000 -1.000000
vn 0.000000 0.000000 -1.000000
vn 0.000000 0.000000 -1.000000
vn 0.000000 0.000000 -1.000000
vn 0.000000 0.000000 -1.000000
vn 0.000000 0.000000 -1.000000
vn 0.000000 0.000000 -1.000000
vn 0.000000 0.000000 -1.000000
vn 0.000000 0.000000 -1.000000
vn 0.000000 0.000000 -1.000000
vn 0.000000 0.000000 -1.000000
vn 0.000000 0.000000 -1.000000
vn 0.000000 0.000000 -1.000000
vn 0.000000 0.000000 -1.000000
vn 0.000000 1.000000 -0.000000
vn 0.000000 1.000000 -0.000000
vn -0.023175 0.995989 0.086417
vn -0.040166 0.990885 0.128584
vn -0.046025 0.984086 0.171629
vn -0.079528 0.963788 0.254535
vn -0.060132 0.972683 0.224214
vn -0.074125 0.958200 0.276329
vn -0.052968 0.971160 0.232470
vn -0.065280 0.955873 0.286435
vn -0.045909 0.969594 0.240376
vn -0.056570 0.953480 0.296100
vn -0.039001 0.967988 0.247950
vn -0.048049 0.951027 0.305351
vn -0.032872 0.966493 0.254579
vn -0.040494 0.948745 0.313439
vn -0.026983 0.964972 0.260961
vn -0.033239 0.946422 0.321218
vn -0.021220 0.963424 0.267141
vn -0.026140 0.944058 0.328742
vn -0.015578 0.961846 0.273147
vn -0.019191 0.941649 0.336048
vn -0.007546 0.959464 0.281730
vn -0.009305 0.938014 0.346472
vn 0.000040 0.966025 0.258448
vn -0.000001 0.923875 0.382694
vn -0.011041 0.912019 0.410000
vn -0.012671 0.881988 0.471102
vn -0.026145 0.888865 0.457423
vn -0.029390 0.856862 0.514708
vn -0.040095 0.862697 0.504130
vn -0.044388 0.828428 0.558333
vn -0.056545 0.835540 0.546512
vn -0.061864 0.799219 0.597847
vn -0.075522 0.807708 0.584726
vn -0.081845 0.769522 0.633354
vn -0.097392 0.779482 0.618807
vn -0.105675 0.733635 0.671276
vn -0.124903 0.746509 0.653547
vn -0.134097 0.699637 0.701803
vn -0.155500 0.714435 0.682204
vn -0.165224 0.668634 0.725003
vn -0.188692 0.685252 0.703438
vn -0.199307 0.638896 0.743026
vn -0.216032 0.689375 0.691442
vn -0.241867 0.585268 0.773927
vn -0.087951 0.940644 0.327800
vn -0.117618 0.918964 0.376393
vn -0.101406 0.920247 0.377970
vn -0.114484 0.897078 0.426783
vn -0.089248 0.915829 0.391526
vn -0.100706 0.891406 0.441875
vn -0.077288 0.911287 0.404454
vn -0.087162 0.885579 0.456238
vn -0.065603 0.906633 0.416790
vn -0.073942 0.879611 0.469911
vn -0.055254 0.902305 0.427542
vn -0.062243 0.874066 0.481803
vn -0.045335 0.897904 0.437851
vn -0.051041 0.868429 0.493180
vn -0.035636 0.893426 0.447795
vn -0.153323 0.857708 0.490743
vn -0.127203 0.871153 0.474248
vn -0.111830 0.864094 0.490751
vn -0.096733 0.856845 0.506418
vn -0.082009 0.849427 0.521294
vn -0.068993 0.842539 0.534198
vn -0.186522 0.780381 0.596838
vn -0.151608 0.810972 0.565102
vn -0.139576 0.842463 0.520361
vn -0.177402 0.728890 0.661247
vn -0.164907 0.771414 0.614594
vn -0.133128 0.800727 0.584049
vn -0.122635 0.833880 0.538150
vn -0.106014 0.825073 0.554991
vn -0.263090 0.470975 0.842001
vn -0.218389 0.538433 0.813877
vn -0.209262 0.589792 0.779971
vn -0.174326 0.620028 0.764968
vn -0.142326 0.651641 0.745055
vn -0.113332 0.684538 0.720114
vn -0.088739 0.721704 0.686490
vn -0.067015 0.759413 0.647148
vn -0.048537 0.790600 0.610406
vn -0.032508 0.821192 0.569725
vn -0.014211 0.848072 0.529691
vn 0.000001 0.865830 0.500339
vn -0.279638 0.347847 0.894877
vn -0.233869 0.430415 0.871807
vn -0.226576 0.485300 0.844480
vn -0.190559 0.514837 0.835841
vn -0.182826 0.568580 0.802055
vn -0.157124 0.546936 0.822298
vn -0.149993 0.600754 0.785237
vn -0.126471 0.581133 0.803921
vn -0.120148 0.634322 0.763675
vn -0.100680 0.618305 0.779463
vn -0.095072 0.670559 0.735739
vn -0.077714 0.656396 0.750403
vn -0.072611 0.709605 0.700849
vn -0.056906 0.697334 0.714484
vn -0.052557 0.749154 0.660308
vn -0.038450 0.738725 0.672909
vn -0.035522 0.781834 0.622473
vn -0.017124 0.768657 0.639432
vn -0.015687 0.810303 0.585801
vn 0.000060 0.793594 0.608448
vn -0.240307 0.373773 0.895849
vn -0.247397 0.316812 0.915656
vn -0.216070 0.285292 0.933768
vn -0.208705 0.343093 0.915822
vn -0.185887 0.253387 0.949337
vn -0.178255 0.311976 0.933218
vn -0.157036 0.221206 0.962501
vn -0.149157 0.280535 0.948184
vn -0.129660 0.188857 0.973407
vn -0.123961 0.251704 0.959833
vn -0.104128 0.156445 0.982182
vn -0.100388 0.222766 0.969690
vn -0.079860 0.124037 0.989059
vn -0.077808 0.193723 0.977966
vn -0.056785 0.091697 0.994167
vn -0.056167 0.164521 0.984773
vn -0.026496 0.121419 0.992248
vn -0.026208 0.195882 0.980277
vn 0.000092 0.130903 0.991395
vn -0.000038 0.258448 0.966025
vn -0.026755 0.045667 0.998598
vn 0.000002 0.382694 0.923875
vn -0.025258 0.340813 0.939792
vn -0.025821 0.269008 0.962792
vn -0.055358 0.236203 0.970125
vn -0.024442 0.411271 0.911185
vn 0.000077 0.500339 0.865830
vn -0.023460 0.479406 0.877280
vn -0.022444 0.544189 0.838662
vn -0.049084 0.507403 0.860310
vn -0.046851 0.569056 0.820963
vn -0.067430 0.526162 0.847707
vn -0.064276 0.585688 0.807984
vn -0.086345 0.544685 0.834184
vn -0.082209 0.602094 0.794181
vn -0.105861 0.563008 0.819643
vn -0.000019 0.608448 0.793594
vn -0.021345 0.605678 0.795423
vn -0.044412 0.627485 0.777361
vn -0.060837 0.642047 0.764248
vn -0.020053 0.666173 0.745527
vn -0.018544 0.723063 0.690533
vn -0.005781 0.976351 0.216115
vn 0.000020 0.991395 0.130903
vn -0.002925 0.994017 0.109190
vn 0.000000 1.000000 -0.000000
vn -0.006030 0.994374 0.105757
vn 0.000000 1.000000 -0.000000
vn -0.008207 0.994610 0.103363
vn 0.000000 1.000000 -0.000000
vn -0.010430 0.994841 0.100907
vn -0.012702 0.995068 0.098375
vn -0.025181 0.980467 0.195066
vn -0.029871 0.981341 0.189942
vn 0.000000 1.000000 -0.000000
vn -0.015060 0.995291 0.095754
vn -0.035154 0.982280 0.184092
vn -0.017716 0.995530 0.092766
vn 0.000000 1.000000 -0.000000
vn -0.020427 0.995763 0.089656
vn 0.000000 1.000000 -0.000000
vn -0.203452 0.402085 0.892712
vn -0.174071 0.373304 0.911232
vn -0.145921 0.344170 0.927499
vn -0.121480 0.317409 0.940476
vn -0.098551 0.290501 0.951786
vn -0.076527 0.263450 0.961633
vn -0.197418 0.459331 0.866049
vn -0.169188 0.432907 0.885419
vn -0.142073 0.406114 0.902711
vn -0.118472 0.381463 0.916761
vn -0.096274 0.356638 0.929269
vn -0.074898 0.331640 0.940428
vn -0.054299 0.306421 0.950346
vn -0.144690 0.759114 0.634674
vn -0.077438 0.937343 0.339692
vn -0.067090 0.933949 0.351053
vn -0.056973 0.930469 0.361913
vn -0.048006 0.927233 0.371396
vn -0.039403 0.923939 0.380506
vn -0.030987 0.920587 0.389307
vn -0.022750 0.917172 0.397842
vn -0.040550 0.983196 0.177993
vn -0.163557 0.490792 0.855788
vn -0.132328 0.524929 0.840797
vn -0.115017 0.790221 0.601932
vn -0.137561 0.466375 0.873826
vn -0.114881 0.443877 0.888693
vn -0.093498 0.421186 0.902142
vn -0.072859 0.398304 0.914355
vn -0.052922 0.375186 0.925438
vn -0.089822 0.816066 0.570936
vn -0.110645 0.504624 0.856220
vn -0.090157 0.484120 0.870344
vn -0.070339 0.463416 0.883345
vn -0.051154 0.442472 0.895322
vn -0.020672 0.979577 0.200006
vn -0.016258 0.978670 0.204793
vn -0.011938 0.977746 0.209450
vn -0.041601 0.684869 0.727477
vn -0.298468 0.345895 0.889536
vn -0.287700 0.426711 0.857407
vn -0.263113 0.470975 0.841994
vn -0.274803 0.503818 0.818933
vn -0.241844 0.585268 0.773934
vn -0.255857 0.594352 0.762419
vn -0.216064 0.689375 0.691432
vn -0.233825 0.678179 0.696706
vn -0.209193 0.753519 0.623256
vn -0.239579 0.677727 0.695189
vn -0.214333 0.753173 0.621926
vn -0.235890 0.677902 0.696279
vn -0.211012 0.753304 0.622902
vn -0.230323 0.678293 0.697761
vn -0.206028 0.753603 0.624207
vn -0.221878 0.678954 0.699851
vn -0.198477 0.754116 0.626032
vn -0.210219 0.679829 0.702596
vn -0.188031 0.754797 0.628432
vn -0.196087 0.680834 0.705701
vn -0.175371 0.755579 0.631146
vn -0.179446 0.681917 0.709076
vn -0.160470 0.756421 0.634095
vn -0.160272 0.683021 0.712597
vn -0.143308 0.757280 0.637173
vn -0.139399 0.684070 0.715972
vn -0.124629 0.758094 0.640125
vn -0.117543 0.685029 0.718970
vn -0.105082 0.758840 0.642744
vn -0.094767 0.685874 0.721523
vn -0.084718 0.759498 0.644970
vn -0.071152 0.686551 0.723591
vn -0.063599 0.760025 0.646774
vn -0.047258 0.687009 0.725111
vn -0.042236 0.760380 0.648104
vn -0.024021 0.687263 0.726011
vn -0.021466 0.760576 0.648894
vn -0.001462 0.687342 0.726333
vn -0.001306 0.760636 0.649178
vn 0.020409 0.687266 0.726119
vn 0.018238 0.760576 0.648992
vn 0.041583 0.687052 0.725417
vn 0.037160 0.760411 0.648378
vn 0.062059 0.686712 0.724275
vn 0.055462 0.760148 0.647378
vn 0.081844 0.686253 0.722743
vn 0.073152 0.759793 0.646037
vn 0.100948 0.685677 0.720872
vn 0.090239 0.759346 0.644400
vn 0.118864 0.685007 0.718774
vn 0.106259 0.758826 0.642567
vn 0.136219 0.684266 0.716396
vn 0.121781 0.758251 0.640488
vn 0.153056 0.683450 0.713772
vn 0.136848 0.757617 0.638192
vn 0.169396 0.682556 0.710931
vn 0.151474 0.756922 0.635708
vn 0.185257 0.681587 0.707898
vn 0.165676 0.756168 0.633057
vn 0.200660 0.680550 0.704690
vn 0.179472 0.755360 0.630255
vn 0.215625 0.679453 0.701320
vn 0.192877 0.754505 0.627312
vn 0.227175 0.688523 0.688715
vn 0.196120 0.779767 0.594560
vn 0.167758 0.821082 0.545601
vn 0.161265 0.857305 0.488899
vn 0.136077 0.886359 0.442551
vn 0.123699 0.918731 0.375009
vn 0.103905 0.935426 0.337907
vn 0.083653 0.963683 0.253607
vn 0.070012 0.971216 0.227680
vn 0.042259 0.990858 0.128117
vn 0.035329 0.992750 0.114886
vn -0.000000 1.000000 0.000000
vn 0.000000 1.000000 -0.000000
vn 0.000000 1.000000 -0.000000
vn 0.032864 0.992777 0.115387
vn 0.000000 1.000000 -0.000000
vn 0.030327 0.992802 0.115865
vn 0.000000 1.000000 -0.000000
vn 0.027716 0.992825 0.116319
vn 0.000000 1.000000 -0.000000
vn 0.025030 0.992847 0.116744
vn 0.000000 1.000000 -0.000000
vn 0.022266 0.992866 0.117138
vn 0.000000 1.000000 -0.000000
vn 0.019424 0.992884 0.117495
vn -0.000000 1.000000 0.000000
vn 0.016497 0.992899 0.117807
vn -0.000000 1.000000 0.000000
vn 0.013363 0.992913 0.118088
vn -0.000000 1.000000 0.000000
vn 0.010127 0.992924 0.118320
vn -0.000000 1.000000 0.000000
vn 0.006783 0.992932 0.118492
vn -0.000000 1.000000 0.000000
vn 0.003329 0.992937 0.118597
vn -0.000000 1.000000 -0.000000
vn -0.000238 0.992939 0.118628
vn -0.000000 1.000000 -0.000000
vn -0.003919 0.992937 0.118577
vn -0.000000 1.000000 -0.000000
vn -0.007714 0.992931 0.118440
vn -0.000000 1.000000 -0.000000
vn -0.011624 0.992920 0.118211
vn -0.000000 1.000000 -0.000000
vn -0.015493 0.992904 0.117905
vn -0.000000 1.000000 -0.000000
vn -0.019215 0.992884 0.117528
vn -0.000000 1.000000 -0.000000
vn -0.022789 0.992861 0.117082
vn -0.000000 1.000000 -0.000000
vn -0.026217 0.992836 0.116575
vn 0.000000 1.000000 0.000000
vn -0.029366 0.992809 0.116049
vn 0.000000 1.000000 0.000000
vn -0.032104 0.992783 0.115545
vn 0.000000 1.000000 0.000000
vn -0.034433 0.992759 0.115081
vn 0.000000 1.000000 0.000000
vn -0.036355 0.992738 0.114670
vn -0.037727 0.992723 0.114362
vn -0.072047 0.971168 0.227248
vn -0.074771 0.971106 0.226631
vn -0.106926 0.935320 0.337258
vn -0.110977 0.935182 0.336332
vn -0.140032 0.886174 0.441686
vn -0.145348 0.885932 0.440452
vn -0.172632 0.820795 0.544512
vn -0.179195 0.820418 0.542958
vn -0.186505 0.780381 0.596843
vn -0.181979 0.820358 0.542122
vn -0.186440 0.820107 0.540985
vn -0.183531 0.820200 0.541838
vn -0.153349 0.857708 0.490735
vn -0.147639 0.885896 0.439763
vn -0.151246 0.885737 0.438856
vn -0.148866 0.885794 0.439553
vn -0.117618 0.918964 0.376393
vn -0.112750 0.935161 0.335798
vn -0.115495 0.935071 0.335116
vn -0.113662 0.935103 0.335652
vn -0.079538 0.963788 0.254532
vn -0.075983 0.971098 0.226265
vn -0.077824 0.971058 0.225810
vn -0.076579 0.971072 0.226175
vn -0.040180 0.990885 0.128580
vn -0.038347 0.992720 0.114175
vn -0.039272 0.992710 0.113948
vn -0.038638 0.992714 0.114134
vn -0.000000 1.000000 -0.000000
vn -0.000000 1.000000 -0.000000
vn -0.000000 1.000000 -0.000000
vn 0.254251 0.584153 0.770793
vn 0.235992 0.595939 0.767570
vn 0.219641 0.597297 0.771359
vn 0.202807 0.598581 0.774965
vn 0.185467 0.599781 0.778373
vn 0.167598 0.600891 0.781563
vn 0.149177 0.601906 0.784510
vn 0.130183 0.602828 0.787179
vn 0.110565 0.603660 0.789538
vn 0.089655 0.604376 0.791639
vn 0.067989 0.604948 0.793357
vn 0.045559 0.605373 0.794637
vn 0.022361 0.605639 0.795425
vn -0.001602 0.605732 0.795667
vn -0.026319 0.605632 0.795310
vn -0.051773 0.605313 0.794302
vn -0.077939 0.604744 0.792597
vn -0.103792 0.603906 0.790269
vn -0.128731 0.602860 0.787394
vn -0.152657 0.601668 0.784023
vn -0.175489 0.600365 0.780234
vn -0.196457 0.598995 0.776279
vn -0.214647 0.597653 0.772488
vn -0.230088 0.596406 0.768999
vn -0.242824 0.595322 0.765916
vn -0.252063 0.594500 0.763567
vn -0.258149 0.594007 0.761915
vn -0.262160 0.593782 0.760720
vn 0.253520 0.505731 0.824599
vn 0.276566 0.469591 0.838448
vn 0.265465 0.428890 0.863470
vn 0.293883 0.346191 0.890946
vn 0.275459 0.348343 0.895980
vn 0.247141 0.430730 0.867982
vn 0.256483 0.350398 0.900798
vn 0.228263 0.432471 0.872275
vn 0.236927 0.352343 0.905384
vn 0.208804 0.434102 0.876331
vn 0.216760 0.354167 0.909715
vn 0.188736 0.435614 0.880125
vn 0.195953 0.355859 0.913765
vn 0.168032 0.437001 0.883626
vn 0.174478 0.357415 0.917503
vn 0.146664 0.438262 0.886801
vn 0.152307 0.358829 0.920893
vn 0.124579 0.439398 0.889612
vn 0.129382 0.360103 0.923897
vn 0.101046 0.440377 0.892108
vn 0.104955 0.361201 0.926563
vn 0.076644 0.441165 0.894147
vn 0.079616 0.362086 0.928738
vn 0.051365 0.441749 0.895667
vn 0.053360 0.362744 0.930360
vn 0.025212 0.442114 0.896604
vn 0.026192 0.363154 0.931361
vn -0.001807 0.442239 0.896895
vn -0.001878 0.363293 0.931673
vn -0.029674 0.442096 0.896477
vn -0.030828 0.363130 0.931228
vn -0.058363 0.441654 0.895285
vn -0.060627 0.362631 0.929959
vn -0.087836 0.440875 0.893260
vn -0.091233 0.361756 0.927798
vn -0.116941 0.439738 0.890480
vn -0.121449 0.360486 0.924824
vn -0.145020 0.438318 0.887044
vn -0.150596 0.358898 0.921148
vn -0.171941 0.436692 0.883027
vn -0.178533 0.357076 0.916855
vn -0.197597 0.434914 0.878525
vn -0.205140 0.355083 0.912049
vn -0.221142 0.433050 0.873822
vn -0.229549 0.352997 0.907028
vn -0.241550 0.431224 0.869310
vn -0.250694 0.350954 0.902210
vn -0.258856 0.429528 0.865158
vn -0.268617 0.349057 0.897777
vn -0.273123 0.428054 0.861495
vn -0.283387 0.347409 0.893867
vn -0.283495 0.426930 0.858697
vn -0.294132 0.346148 0.890880
vn -0.290319 0.426240 0.856758
vn -0.301198 0.345367 0.888820
vn -0.294784 0.425914 0.855395
vn -0.305809 0.344991 0.887391
vn -0.281574 0.503124 0.817057
vn -0.277291 0.503404 0.818349
vn -0.270763 0.504004 0.820163
vn -0.260846 0.504993 0.822765
vn -0.247194 0.506293 0.826174
vn -0.230638 0.507788 0.830035
vn -0.211124 0.509397 0.834231
vn -0.188619 0.511040 0.838607
vn -0.164105 0.512605 0.842796
vn -0.138398 0.514037 0.846530
vn -0.111593 0.515290 0.849719
vn -0.083809 0.516293 0.852301
vn -0.055681 0.516978 0.854186
vn -0.028308 0.517365 0.855297
vn -0.001724 0.517488 0.855689
vn 0.024051 0.517377 0.855419
vn 0.049002 0.517056 0.854548
vn 0.073121 0.516544 0.853133
vn 0.096412 0.515853 0.851234
vn 0.118880 0.514992 0.848911
vn 0.139964 0.513992 0.846299
vn 0.160370 0.512884 0.843346
vn 0.180150 0.511663 0.840087
vn 0.199329 0.510331 0.836558
vn 0.217934 0.508893 0.832786
vn 0.235989 0.507356 0.828794
vn -0.068240 0.971251 0.228067
vn -0.063626 0.971346 0.228994
vn -0.058203 0.971449 0.230000
vn -0.051963 0.971553 0.231051
vn -0.045171 0.971651 0.232062
vn -0.038086 0.971742 0.232954
vn -0.030707 0.971822 0.233707
vn -0.023041 0.971887 0.234320
vn -0.015293 0.971929 0.234776
vn -0.007769 0.971952 0.235049
vn -0.000472 0.971959 0.235150
vn 0.006600 0.971952 0.235088
vn 0.013449 0.971932 0.234878
vn 0.020077 0.971900 0.234534
vn 0.026492 0.971858 0.234073
vn 0.032699 0.971804 0.233512
vn 0.038503 0.971741 0.232888
vn 0.044136 0.971672 0.232176
vn 0.049611 0.971595 0.231390
vn 0.054933 0.971511 0.230540
vn 0.060104 0.971419 0.229636
vn 0.065129 0.971320 0.228681
vn -0.101278 0.935505 0.338485
vn -0.094436 0.935718 0.339872
vn -0.086390 0.935947 0.341379
vn -0.077131 0.936181 0.342952
vn -0.067056 0.936401 0.344465
vn -0.056536 0.936603 0.345800
vn -0.045581 0.936783 0.346930
vn -0.034205 0.936927 0.347848
vn -0.022705 0.937023 0.348530
vn -0.011536 0.937075 0.348939
vn -0.000701 0.937090 0.349088
vn 0.009800 0.937073 0.348995
vn 0.019970 0.937029 0.348681
vn 0.029811 0.936958 0.348167
vn 0.039332 0.936863 0.347478
vn 0.048541 0.936742 0.346638
vn 0.057159 0.936601 0.345703
vn 0.065519 0.936446 0.344639
vn 0.073643 0.936275 0.343462
vn 0.081537 0.936086 0.342191
vn 0.089207 0.935881 0.340836
vn 0.096661 0.935660 0.339407
vn -0.132643 0.886497 0.443317
vn -0.123690 0.886867 0.445160
vn -0.113160 0.887266 0.447162
vn -0.101039 0.887673 0.449252
vn -0.087848 0.888058 0.451261
vn -0.074067 0.888410 0.453036
vn -0.059713 0.888722 0.454540
vn -0.044816 0.888973 0.455761
vn -0.029753 0.889140 0.456667
vn -0.015119 0.889231 0.457208
vn -0.000919 0.889258 0.457404
vn 0.012844 0.889230 0.457280
vn 0.026172 0.889152 0.456863
vn 0.039067 0.889029 0.456181
vn 0.051539 0.888862 0.455267
vn 0.063597 0.888651 0.454152
vn 0.074888 0.888406 0.452910
vn 0.085838 0.888135 0.451496
vn 0.096474 0.887836 0.449934
vn 0.106806 0.887507 0.448246
vn 0.116844 0.887149 0.446446
vn 0.126598 0.886765 0.444545
vn -0.163535 0.821297 0.546559
vn -0.152510 0.821874 0.548874
vn -0.139539 0.822495 0.551390
vn -0.124603 0.823129 0.554015
vn -0.108349 0.823729 0.556535
vn -0.091353 0.824278 0.558767
vn -0.073649 0.824763 0.560661
vn -0.055283 0.825153 0.562197
vn -0.036707 0.825414 0.563333
vn -0.018655 0.825557 0.564010
vn -0.001134 0.825600 0.564254
vn 0.015849 0.825556 0.564097
vn 0.032293 0.825435 0.563573
vn 0.048201 0.825242 0.562719
vn 0.063581 0.824981 0.561572
vn 0.078444 0.824652 0.560174
vn 0.092371 0.824269 0.558612
vn 0.105872 0.823846 0.556838
vn 0.118980 0.823380 0.554878
vn 0.131709 0.822867 0.552758
vn 0.144073 0.822311 0.550497
vn 0.156085 0.821714 0.548109
vn -0.000000 1.000000 -0.000000
vn -0.130526 0.991445 -0.000000
vn 0.000000 1.000000 0.000000
vn -0.130526 0.991445 -0.000000
vn -0.258819 0.965926 -0.000000
vn -0.258819 0.965926 -0.000000
vn -0.382683 0.923880 -0.000000
vn -0.382683 0.923880 -0.000000
vn -0.500000 0.866025 -0.000000
vn -0.500000 0.866025 -0.000000
vn -0.608761 0.793353 -0.000000
vn -0.608761 0.793353 -0.000000
vn -0.707107 0.707107 -0.000000
vn -0.707107 0.707107 -0.000000
vn -0.793353 0.608761 -0.000000
vn -0.793353 0.608761 -0.000000
vn -0.866025 0.500000 -0.000000
vn -0.866025 0.500000 -0.000000
vn -0.923880 0.382683 -0.000000
vn -0.923880 0.382683 -0.000000
vn -0.965926 0.258819 -0.000000
vn -0.965926 0.258819 -0.000000
vn -0.991445 0.130526 -0.000000
vn -0.991445 0.130526 -0.000000
vn -1.000000 0.000000 -0.000000
vn -1.000000 -0.000000 -0.000000
vn -0.130526 0.991445 0.000000
vn -0.097924 0.986291 0.132821
vn 0.000000 1.000000 -0.000000
vn 0.034526 0.990539 0.132821
vn 0.042240 0.990867 0.128056
vn 0.083708 0.963635 0.253772
vn 0.033606 0.964132 0.263288
vn 0.032090 0.920641 0.389089
vn -0.091014 0.916693 0.389089
vn -0.085102 0.857145 0.507997
vn -0.198688 0.838130 0.507997
vn -0.181364 0.765052 0.617902
vn -0.281804 0.734019 0.617902
vn -0.249892 0.650898 0.716858
vn -0.334491 0.611743 0.716858
vn -0.285849 0.522782 0.803112
vn -0.353035 0.479976 0.803112
vn -0.286704 0.389794 0.875135
vn -0.336142 0.348063 0.875135
vn -0.233559 0.352168 0.906327
vn -0.360909 0.337774 0.869283
vn -0.413911 0.428589 0.803112
vn -0.467387 0.369541 0.803112
vn -0.484345 0.501522 0.716858
vn -0.546921 0.432425 0.716858
vn -0.546197 0.565567 0.617902
vn -0.616764 0.487647 0.617902
vn -0.598370 0.619591 0.507997
vn -0.675678 0.534227 0.507997
vn -0.639941 0.662635 0.389089
vn -0.722619 0.571341 0.389089
vn -0.670171 0.693938 0.263288
vn -0.756756 0.598332 0.263288
vn -0.688527 0.712944 0.132821
vn -0.777482 0.614719 0.132821
vn -0.707107 0.707107 0.000000
vn -0.793353 0.608761 0.000000
vn -0.228625 0.964411 0.132821
vn -0.258819 0.965926 0.000000
vn -0.355238 0.925292 0.132821
vn -0.382683 0.923880 0.000000
vn -0.475500 0.869631 0.132821
vn -0.500000 0.866025 0.000000
vn -0.587263 0.798424 0.132821
vn -0.608761 0.793353 0.000000
vn -0.852539 0.505505 0.132821
vn -0.866025 0.500000 0.000000
vn -0.912356 0.387255 0.132821
vn -0.923880 0.382683 0.000000
vn -0.955862 0.262081 0.132821
vn -0.965926 0.258819 0.000000
vn -0.982281 0.132222 0.132821
vn -0.991445 0.130526 0.000000
vn -0.991101 0.048210 0.124072
vn -1.000000 -0.000000 0.000000
vn -0.964564 0.095563 0.245937
vn -0.956094 0.128697 0.263288
vn -0.930380 0.255094 0.263288
vn -0.888033 0.376931 0.263288
vn -0.829811 0.492029 0.263288
vn -0.920859 0.141214 0.363424
vn -0.888411 0.243587 0.389089
vn -0.860766 0.184353 0.474443
vn -0.830700 0.227764 0.507997
vn -0.785353 0.224210 0.577018
vn -0.792891 0.336547 0.507997
vn -0.723757 0.307203 0.617902
vn -0.740907 0.439314 0.507997
vn -0.676305 0.401009 0.617902
vn -0.695963 0.260077 0.669324
vn -0.599720 0.355598 0.716858
vn -0.594187 0.291315 0.749718
vn -0.481836 0.317369 0.816769
vn -0.232141 0.424558 0.875135
vn -0.102053 0.360294 0.927240
vn -0.173429 0.451732 0.875135
vn -0.111616 0.470830 0.875135
vn -0.137439 0.579760 0.803112
vn -0.058868 0.592913 0.803112
vn -0.068885 0.693808 0.716858
vn 0.024288 0.696796 0.716858
vn 0.027389 0.785778 0.617902
vn 0.131970 0.775101 0.617902
vn 0.144576 0.849139 0.507997
vn 0.196062 0.779912 0.594388
vn 0.161328 0.857185 0.489087
vn -0.047807 0.481512 0.875135
vn 0.031270 0.362008 0.931650
vn 0.016856 0.483585 0.875135
vn 0.081218 0.477014 0.875135
vn 0.100008 0.587375 0.803112
vn 0.177472 0.568783 0.803112
vn 0.207672 0.665572 0.716858
vn 0.254217 0.584300 0.770693
vn 0.227215 0.688393 0.688831
vn 0.164037 0.357279 0.919480
vn 0.144127 0.461916 0.875135
vn 0.251764 0.540024 0.803112
vn 0.276576 0.469534 0.838477
vn 0.204461 0.438560 0.875135
vn 0.261139 0.407364 0.875135
vn 0.293883 0.346191 0.890946
vn 0.117026 0.687327 0.716858
vn 0.123647 0.918802 0.374853
vn 0.030005 0.860836 0.507997
vn -0.077682 0.782408 0.617902
vn -0.160826 0.678417 0.716858
vn -0.213553 0.556243 0.803112
vn -0.095314 0.959997 0.263288
vn -0.222530 0.938701 0.263288
vn -0.345767 0.900624 0.263288
vn -0.462824 0.846448 0.263288
vn -0.571607 0.777139 0.263288
vn -0.212492 0.896357 0.389089
vn -0.308723 0.804133 0.507997
vn -0.377207 0.689864 0.617902
vn -0.413111 0.561653 0.716858
vn 0.020756 0.595466 0.803112
vn -0.330170 0.859998 0.389089
vn -0.441947 0.808265 0.389089
vn -0.545822 0.742083 0.389089
vn -0.413238 0.755761 0.507997
vn -0.465866 0.633377 0.617902
vn -0.510366 0.693878 0.507997
vn -0.792380 0.469834 0.389089
vn -0.847975 0.359928 0.389089
vn 1.000000 0.000000 -0.000000
vn 1.000000 0.000000 -0.000000
vn 1.000000 0.000000 -0.000000
vn 1.000000 0.000000 -0.000000
vn -0.000031 0.000054 1.000000
vn -0.027311 0.045686 0.998582
vn -0.037932 0.061461 0.997388
vn -0.039863 0.059174 0.997451
vn -0.056573 0.091667 0.994181
vn -0.079395 0.124009 0.989100
vn -0.079530 0.118057 0.989817
vn -0.103787 0.156437 0.982220
vn -0.083164 0.113223 0.990083
vn -0.129703 0.188862 0.973400
vn -0.124234 0.169136 0.977732
vn -0.157101 0.221213 0.962488
vn -0.164679 0.224200 0.960529
vn -0.185914 0.253403 0.949327
vn -0.171360 0.214109 0.961662
vn -0.198987 0.248630 0.947938
vn -0.177336 0.203415 0.962899
vn -0.205957 0.236249 0.949615
vn -0.182536 0.192082 0.964254
vn -0.212034 0.223122 0.951451
vn -0.186824 0.180121 0.965740
vn -0.217055 0.209265 0.953465
vn -0.188565 0.173921 0.966537
vn -0.219098 0.202084 0.954546
vn -0.190037 0.167552 0.967374
vn -0.220830 0.194705 0.955680
vn -0.191333 0.160917 0.968244
vn -0.222360 0.187015 0.956860
vn -0.192440 0.154038 0.969143
vn -0.223672 0.179039 0.958079
vn -0.193344 0.146939 0.970065
vn -0.224750 0.170805 0.959329
vn -0.225568 0.162422 0.960593
vn -0.256745 0.184881 0.948631
vn -0.257417 0.174932 0.950334
vn -0.288304 0.195920 0.937281
vn -0.257773 0.164853 0.952038
vn -0.288746 0.184662 0.939428
vn -0.257981 0.154321 0.953746
vn -0.289025 0.172891 0.941580
vn -0.258023 0.143411 0.955436
vn -0.289116 0.160692 0.943711
vn -0.257901 0.132162 0.957089
vn -0.289023 0.148110 0.945795
vn -0.257652 0.120554 0.958688
vn -0.288786 0.135121 0.947811
vn -0.257322 0.108576 0.960207
vn -0.288457 0.121710 0.949726
vn -0.256897 0.096358 0.961623
vn -0.288017 0.108016 0.951514
vn -0.256418 0.083819 0.962925
vn -0.287514 0.093984 0.953154
vn -0.255935 0.071009 0.964082
vn -0.287002 0.079631 0.954615
vn -0.255494 0.057883 0.965076
vn -0.286533 0.064916 0.955868
vn -0.255139 0.044436 0.965883
vn -0.286156 0.049838 0.956886
vn -0.254844 0.030957 0.966487
vn -0.285841 0.034722 0.957648
vn -0.254634 0.017424 0.966880
vn -0.285616 0.019544 0.958145
vn -0.254534 0.000555 0.967064
vn -0.285508 0.000623 0.958376
vn -0.254623 -0.016317 0.966903
vn -0.285604 -0.018303 0.958173
vn -0.254775 -0.027127 0.966620
vn -0.285767 -0.030427 0.957816
vn -0.254987 -0.037891 0.966202
vn -0.285994 -0.042499 0.957289
vn -0.255539 -0.059354 0.964975
vn -0.286581 -0.066566 0.955741
vn -0.256277 -0.080080 0.963280
vn -0.287365 -0.089795 0.953603
vn -0.257034 -0.100049 0.961209
vn -0.288160 -0.112163 0.950991
vn -0.257628 -0.119659 0.958806
vn -0.288763 -0.134119 0.947960
vn -0.257987 -0.138352 0.956191
vn -0.289095 -0.155035 0.944663
vn -0.258024 -0.148282 0.954692
vn -0.289098 -0.166140 0.942773
vn -0.257930 -0.157924 0.953170
vn -0.288952 -0.176918 0.940854
vn -0.257351 -0.176210 0.950116
vn -0.288225 -0.197346 0.937006
vn -0.255860 -0.193641 0.947121
vn -0.286476 -0.216811 0.933233
vn -0.253454 -0.210215 0.944230
vn -0.283704 -0.235309 0.929592
vn -0.250014 -0.226745 0.941318
vn -0.279780 -0.253743 0.925925
vn -0.245462 -0.242278 0.938642
vn -0.274620 -0.271055 0.922558
vn -0.239653 -0.257100 0.936198
vn -0.268059 -0.287575 0.919481
vn -0.232800 -0.271155 0.933959
vn -0.260338 -0.303234 0.916664
vn -0.225060 -0.284424 0.931907
vn -0.251636 -0.318012 0.914083
vn -0.247309 -0.316808 0.915680
vn -0.279603 -0.347869 0.894879
vn -0.288069 -0.333326 0.897725
vn -0.295680 -0.318011 0.900801
vn -0.302293 -0.301944 0.904129
vn -0.307740 -0.285158 0.907734
vn -0.311955 -0.267580 0.911639
vn -0.315348 -0.248761 0.915791
vn -0.317795 -0.228879 0.920120
vn -0.319152 -0.208140 0.924565
vn -0.319731 -0.186118 0.929049
vn -0.216021 0.285297 0.933778
vn -0.226187 0.282619 0.932184
vn -0.234151 0.268593 0.934361
vn -0.241109 0.253715 0.936747
vn -0.246871 0.238009 0.939365
vn -0.249222 0.229869 0.940770
vn -0.251220 0.221504 0.942244
vn -0.252992 0.212782 0.943779
vn -0.254519 0.203732 0.945364
vn -0.255780 0.194386 0.946990
vn -0.287506 0.207044 0.935133
vn -0.317801 0.228875 0.920119
vn -0.319137 0.208165 0.924564
vn -0.247308 0.316819 0.915677
vn -0.252901 0.316002 0.914431
vn -0.261859 0.300380 0.917171
vn -0.269702 0.283802 0.920172
vn -0.276215 0.266296 0.923467
vn -0.278879 0.257225 0.925236
vn -0.281151 0.247900 0.927092
vn -0.283175 0.238172 0.929024
vn -0.284927 0.228074 0.931020
vn -0.286383 0.217642 0.933069
vn -0.279600 0.347870 0.894880
vn -0.288073 0.333321 0.897725
vn -0.295685 0.318007 0.900801
vn -0.302295 0.301946 0.904128
vn -0.307725 0.285174 0.907734
vn -0.311954 0.267576 0.911640
vn -0.315358 0.248746 0.915792
vn -0.319732 0.186116 0.929049
vn -0.319742 0.162726 0.933427
vn -0.319314 0.138004 0.937547
vn -0.318966 0.125227 0.939457
vn -0.318550 0.112203 0.941242
vn -0.318101 0.098918 0.942882
vn -0.317654 0.085356 0.944357
vn -0.317247 0.071495 0.945644
vn -0.316912 0.057327 0.946721
vn -0.316621 0.043116 0.947572
vn -0.316388 0.028885 0.948190
vn -0.316238 0.014541 0.948569
vn -0.316187 -0.000010 0.948697
vn -0.316239 -0.014539 0.948568
vn -0.316389 -0.028875 0.948190
vn -0.316621 -0.043110 0.947572
vn -0.316910 -0.057338 0.946721
vn -0.317247 -0.071505 0.945644
vn -0.317656 -0.085357 0.944356
vn -0.318104 -0.098913 0.942882
vn -0.318553 -0.112195 0.941242
vn -0.318968 -0.125220 0.939457
vn -0.319314 -0.138003 0.937547
vn -0.319742 -0.162725 0.933427
vn -0.216001 -0.285281 0.933787
vn -0.197999 -0.250224 0.947726
vn -0.204776 -0.238510 0.949305
vn -0.210763 -0.226108 0.951028
vn -0.215828 -0.213032 0.952909
vn -0.219786 -0.199328 0.954967
vn -0.222758 -0.184753 0.957207
vn -0.224818 -0.170149 0.959430
vn -0.226073 -0.154796 0.961732
vn -0.226527 -0.138697 0.964079
vn -0.226582 -0.130213 0.965249
vn -0.226522 -0.121478 0.966401
vn -0.226159 -0.105045 0.968410
vn -0.225594 -0.087814 0.970256
vn -0.224894 -0.070273 0.971846
vn -0.224216 -0.052077 0.973147
vn -0.223709 -0.033244 0.974089
vn -0.223516 -0.023799 0.974410
vn -0.223377 -0.014315 0.974627
vn -0.223297 0.000487 0.974750
vn -0.223388 0.015285 0.974610
vn -0.223579 0.027159 0.974307
vn -0.223848 0.038987 0.973844
vn -0.224175 0.050786 0.973225
vn -0.224579 0.062308 0.972462
vn -0.225024 0.073556 0.971573
vn -0.225467 0.084580 0.970572
vn -0.225864 0.095305 0.969485
vn -0.226182 0.105831 0.968319
vn -0.226431 0.116035 0.967091
vn -0.226568 0.125928 0.965821
vn -0.226562 0.135526 0.964522
vn -0.226409 0.144796 0.963210
vn -0.226127 0.153671 0.961900
vn -0.194026 0.139702 0.970998
vn -0.145651 0.110693 0.983124
vn -0.144991 0.116056 0.982603
vn -0.144177 0.121253 0.982095
vn -0.143220 0.126269 0.981603
vn -0.142126 0.131088 0.981130
vn -0.140829 0.135778 0.980679
vn -0.137628 0.144826 0.979839
vn -0.133736 0.153401 0.979072
vn -0.129254 0.161495 0.978373
vn -0.185888 -0.253377 0.949340
vn -0.170513 -0.215486 0.961505
vn -0.176324 -0.205368 0.962670
vn -0.181450 -0.194660 0.963942
vn -0.185777 -0.183372 0.965330
vn -0.189150 -0.171543 0.966848
vn -0.191669 -0.158965 0.968500
vn -0.193401 -0.146373 0.970140
vn -0.194440 -0.133139 0.971837
vn -0.194790 -0.119265 0.973567
vn -0.194817 -0.111958 0.974429
vn -0.194745 -0.104437 0.975278
vn -0.194397 -0.090293 0.976758
vn -0.193879 -0.075470 0.978118
vn -0.193251 -0.060384 0.979289
vn -0.192646 -0.044743 0.980248
vn -0.192194 -0.028561 0.980941
vn -0.192022 -0.020446 0.981178
vn -0.191900 -0.012297 0.981338
vn -0.191828 0.000418 0.981428
vn -0.191909 0.013131 0.981325
vn -0.192078 0.023332 0.981102
vn -0.192317 0.033495 0.980761
vn -0.192609 0.043634 0.980305
vn -0.192970 0.053537 0.979743
vn -0.193367 0.063207 0.979088
vn -0.193765 0.072697 0.978351
vn -0.194125 0.081915 0.977551
vn -0.194419 0.090970 0.976691
vn -0.194654 0.099751 0.975787
vn -0.194795 0.108268 0.974850
vn -0.194812 0.116534 0.973893
vn -0.194704 0.124519 0.972926
vn -0.194483 0.132169 0.971961
vn -0.146144 0.105217 0.983652
vn -0.097403 0.074027 0.992488
vn -0.096972 0.077619 0.992256
vn -0.096438 0.081102 0.992029
vn -0.095806 0.084464 0.991810
vn -0.095082 0.087697 0.991599
vn -0.094221 0.090844 0.991398
vn -0.092094 0.096912 0.991023
vn -0.089504 0.102663 0.990681
vn -0.086515 0.108094 0.990369
vn -0.164054 -0.225070 0.960432
vn -0.157078 -0.221188 0.962498
vn -0.123765 -0.169795 0.977677
vn -0.129696 -0.188853 0.973403
vn -0.103786 -0.156434 0.982220
vn -0.079399 -0.124013 0.989099
vn -0.079364 -0.118265 0.989805
vn -0.082851 -0.113665 0.990059
vn -0.128617 -0.162538 0.978284
vn -0.056574 -0.091667 0.994181
vn -0.039780 -0.059278 0.997449
vn -0.041525 -0.056969 0.997512
vn -0.086090 -0.108794 0.990329
vn -0.043146 -0.054524 0.997580
vn -0.088999 -0.103654 0.990624
vn -0.044601 -0.051944 0.997654
vn -0.091554 -0.098219 0.990944
vn -0.045877 -0.049217 0.997734
vn -0.093702 -0.092493 0.991295
vn -0.046949 -0.046345 0.997822
vn -0.095370 -0.086490 0.991677
vn -0.047781 -0.043331 0.997918
vn -0.096601 -0.080113 0.992094
vn -0.048393 -0.040132 0.998022
vn -0.097430 -0.073740 0.992507
vn -0.048803 -0.036937 0.998125
vn -0.097910 -0.067046 0.992934
vn -0.049038 -0.033581 0.998232
vn -0.098045 -0.060031 0.993370
vn -0.049101 -0.030063 0.998341
vn -0.098037 -0.056341 0.993587
vn -0.049094 -0.028214 0.998396
vn -0.097980 -0.052544 0.993800
vn -0.049063 -0.026312 0.998449
vn -0.097768 -0.045413 0.994173
vn -0.048952 -0.022739 0.998542
vn -0.097473 -0.037946 0.994514
vn -0.048801 -0.018999 0.998628
vn -0.097130 -0.030349 0.994809
vn -0.048626 -0.015193 0.998702
vn -0.096803 -0.022481 0.995050
vn -0.048459 -0.011253 0.998762
vn -0.096558 -0.014349 0.995224
vn -0.048335 -0.007183 0.998805
vn -0.096466 -0.010272 0.995283
vn -0.048288 -0.005142 0.998820
vn -0.096401 -0.006177 0.995323
vn -0.048255 -0.003092 0.998830
vn -0.096362 0.000210 0.995346
vn -0.048235 0.000105 0.998836
vn -0.096405 0.006596 0.995320
vn -0.048257 0.003302 0.998829
vn -0.096496 0.011722 0.995264
vn -0.048303 0.005868 0.998815
vn -0.096624 0.016829 0.995179
vn -0.048368 0.008424 0.998794
vn -0.096783 0.021923 0.995064
vn -0.048449 0.010974 0.998765
vn -0.096978 0.026903 0.994923
vn -0.048549 0.013467 0.998730
vn -0.097193 0.031770 0.994758
vn -0.048658 0.015905 0.998689
vn -0.097411 0.036562 0.994572
vn -0.048769 0.018309 0.998642
vn -0.097610 0.041192 0.994372
vn -0.048871 0.020625 0.998592
vn -0.097780 0.045754 0.994156
vn -0.048959 0.022910 0.998538
vn -0.097922 0.050180 0.993928
vn -0.049033 0.025127 0.998481
vn -0.098015 0.054478 0.993693
vn -0.049082 0.027280 0.998422
vn -0.098048 0.058651 0.993452
vn -0.049101 0.029372 0.998362
vn -0.098018 0.062685 0.993208
vn -0.049089 0.031394 0.998301
vn -0.097929 0.066555 0.992965
vn -0.049047 0.033335 0.998240
vn -0.048947 0.035234 0.998180
vn -0.037931 -0.061461 0.997388
vn -0.027307 -0.045680 0.998583
vn -0.000031 -0.000054 1.000000
vn 0.000000 -0.000000 1.000000
vn 0.000000 -0.000000 1.000000
vn 0.000000 -0.000000 1.000000
vn -0.000000 0.000000 1.000000
vn -0.000000 0.000000 1.000000
vn -0.000000 0.000000 1.000000
vn -0.000000 0.000000 1.000000
vn 0.000000 -0.000000 1.000000
vn 0.000000 -0.000000 1.000000
vn 0.000000 -0.000000 1.000000
vn 0.000000 0.000000 1.000000
vn 0.000000 0.000000 1.000000
vn -0.000000 -0.000000 1.000000
vn -0.000000 -0.000000 1.000000
vn -0.000000 -0.000000 1.000000
vn -0.048577 0.038882 0.998062
vn -0.048789 0.037081 0.998121
vn -0.097723 0.070350 0.992724
vn -0.146467 0.099540 0.984195
vn -0.146613 0.093763 0.984740
vn -0.146673 0.087738 0.985286
vn -0.146639 0.081503 0.985827
vn -0.146513 0.075081 0.986355
vn -0.146316 0.068464 0.986866
vn -0.146076 0.061642 0.987351
vn -0.145788 0.054708 0.987802
vn -0.145473 0.047551 0.988219
vn -0.145161 0.040271 0.988588
vn -0.144877 0.032819 0.988905
vn -0.144648 0.025193 0.989162
vn -0.144460 0.017548 0.989355
vn -0.144328 0.009875 0.989481
vn -0.144265 0.000315 0.989539
vn -0.144321 -0.009248 0.989488
vn -0.144417 -0.015377 0.989397
vn -0.144551 -0.021481 0.989264
vn -0.144906 -0.033654 0.988873
vn -0.145381 -0.045426 0.988332
vn -0.145879 -0.056787 0.987671
vn -0.146298 -0.067954 0.986904
vn -0.146593 -0.078614 0.986068
vn -0.146665 -0.084286 0.985589
vn -0.146664 -0.089798 0.985102
vn -0.146437 -0.100272 0.984125
vn -0.145692 -0.110266 0.983166
vn -0.144425 -0.119778 0.982240
vn -0.142561 -0.129288 0.981306
vn -0.140048 -0.138238 0.980447
vn -0.136816 -0.146776 0.979662
vn -0.132978 -0.154878 0.978943
vn -0.047999 0.042315 0.997951
vn -0.048312 0.040628 0.998006
vn -0.047208 0.045517 0.997848
vn -0.047638 0.043937 0.997898
vn -0.046146 0.048561 0.997754
vn -0.044853 0.051447 0.997668
vn -0.043359 0.054172 0.997590
vn -0.041682 0.056747 0.997518
vn -0.000000 -0.000000 1.000000
vn -0.297595 0.345765 0.889879
vn -0.288134 0.333306 0.897711
vn -0.295923 0.324652 0.898349
vn -0.295707 0.318040 0.900782
vn -0.305391 0.323638 0.895542
vn -0.302261 0.302009 0.904118
vn -0.307871 0.300237 0.902814
vn -0.307733 0.285165 0.907734
vn -0.310220 0.276052 0.909703
vn -0.312109 0.267447 0.911625
vn -0.313792 0.275711 0.908580
vn -0.316018 0.250726 0.915024
vn -0.312335 0.251048 0.916200
vn -0.317722 0.229049 0.920103
vn -0.315077 0.215649 0.924241
vn -0.319122 0.208189 0.924564
vn -0.319742 0.186107 0.929048
vn -0.317472 0.178754 0.931267
vn -0.319732 0.162749 0.933426
vn -0.318522 0.159798 0.934349
vn -0.319261 0.138095 0.937551
vn -0.310895 0.140972 0.939931
vn -0.318908 0.125298 0.939467
vn -0.311711 0.121422 0.942387
vn -0.318508 0.112210 0.941255
vn -0.312409 0.101671 0.944491
vn -0.318086 0.098854 0.942894
vn -0.317662 0.085251 0.944364
vn -0.312988 0.081763 0.946231
vn -0.317260 0.071420 0.945645
vn -0.313443 0.061733 0.947598
vn -0.316900 0.057386 0.946721
vn -0.313773 0.041617 0.948586
vn -0.316600 0.043186 0.947575
vn -0.316375 0.028862 0.948195
vn -0.313975 0.021443 0.949189
vn -0.316235 0.014453 0.948571
vn -0.314050 0.001241 0.949406
vn -0.316187 0.000000 0.948697
vn -0.316235 -0.014452 0.948571
vn -0.313996 -0.018963 0.949235
vn -0.316375 -0.028862 0.948195
vn -0.313815 -0.039142 0.948677
vn -0.316600 -0.043186 0.947575
vn -0.313506 -0.059267 0.947735
vn -0.316900 -0.057386 0.946721
vn -0.317260 -0.071420 0.945645
vn -0.313071 -0.079309 0.946412
vn -0.317662 -0.085250 0.944364
vn -0.312513 -0.099234 0.944716
vn -0.318086 -0.098854 0.942894
vn -0.318509 -0.112211 0.941255
vn -0.311834 -0.119005 0.942654
vn -0.318908 -0.125298 0.939467
vn -0.311038 -0.138582 0.940239
vn -0.319261 -0.138096 0.937551
vn -0.310130 -0.157917 0.937487
vn -0.318644 -0.157449 0.934706
vn -0.309117 -0.176964 0.934414
vn -0.317606 -0.176443 0.931662
vn -0.306800 -0.214046 0.927393
vn -0.315234 -0.213426 0.924704
vn -0.304141 -0.249631 0.919338
vn -0.312512 -0.248920 0.916720
vn -0.301189 -0.283651 0.910399
vn -0.309491 -0.282860 0.907858
vn -0.297985 -0.316151 0.900696
vn -0.306211 -0.315288 0.898236
vn -0.302048 -0.345202 0.888596
vn -0.309837 -0.314899 0.897128
vn -0.306171 -0.344694 0.887381
vn -0.306300 -0.315279 0.898209
vn -0.297600 -0.345750 0.889883
vn -0.296809 -0.316273 0.901041
vn -0.295707 -0.318040 0.900782
vn -0.302261 -0.302009 0.904118
vn -0.306167 0.344723 0.887371
vn -0.308919 0.323251 0.894471
vn -0.302035 0.345218 0.888594
vn -0.305302 0.323647 0.895569
vn -0.297008 0.324538 0.898032
vn -0.299437 0.301086 0.905365
vn -0.286320 0.302354 0.909177
vn -0.288536 0.278028 0.916214
vn -0.270257 0.279572 0.921304
vn -0.272228 0.254288 0.928024
vn -0.248994 0.255946 0.934074
vn -0.251267 0.219933 0.942600
vn -0.219357 0.221688 0.950125
vn -0.221121 0.183839 0.957762
vn -0.184147 0.185282 0.965278
vn -0.184802 0.165674 0.968711
vn -0.144249 0.166815 0.975379
vn -0.144715 0.146761 0.978529
vn -0.102096 0.147547 0.983771
vn -0.102389 0.127117 0.986589
vn -0.059110 0.127565 0.990067
vn -0.059256 0.106840 0.992509
vn -0.016461 0.107014 0.994121
vn -0.016494 0.086076 0.996152
vn 0.024982 0.086061 0.995977
vn 0.025022 0.064989 0.997572
vn 0.064619 0.064873 0.995799
vn 0.064694 0.043738 0.996946
vn 0.102112 0.043601 0.993817
vn 0.102184 0.022467 0.994512
vn 0.137357 0.022371 0.990269
vn 0.137391 0.001294 0.990516
vn 0.170449 0.001288 0.985366
vn 0.170416 -0.019681 0.985176
vn 0.201624 -0.019563 0.979268
vn 0.201498 -0.040379 0.978656
vn 0.231132 -0.040108 0.972095
vn 0.230891 -0.060727 0.971083
vn 0.259196 -0.060280 0.963942
vn 0.258822 -0.080661 0.962551
vn 0.286003 -0.080018 0.954882
vn 0.285481 -0.100119 0.953141
vn 0.310652 -0.096622 0.945600
vn 0.309894 -0.120308 0.943129
vn -0.294593 0.346110 0.890743
vn -0.283981 0.325882 0.901751
vn -0.268159 0.304007 0.914150
vn -0.247168 0.281368 0.927222
vn -0.217342 0.257952 0.941394
vn -0.182655 0.223400 0.957460
vn -0.143731 0.186548 0.971875
vn -0.101764 0.167703 0.980571
vn -0.058940 0.148064 0.987220
vn -0.016420 0.127772 0.991668
vn 0.024931 0.106995 0.993947
vn 0.064516 0.085909 0.994212
vn 0.101996 0.064670 0.992681
vn 0.137262 0.043415 0.989583
vn 0.170407 0.022255 0.985122
vn 0.201662 0.001280 0.979454
vn 0.231275 -0.019432 0.972694
vn 0.259463 -0.039812 0.964932
vn 0.286409 -0.059799 0.956239
vn -0.283488 0.347408 0.893836
vn -0.268789 0.349048 0.897730
vn -0.265945 0.327635 0.906603
vn -0.250653 0.350943 0.902226
vn -0.243174 0.329672 0.912240
vn -0.229341 0.352993 0.907083
vn -0.212185 0.332135 0.919056
vn -0.205220 0.355084 0.912031
vn -0.176595 0.334533 0.925690
vn -0.178766 0.357097 0.916801
vn -0.150560 0.358932 0.921140
vn -0.137760 0.336634 0.931504
vn -0.121200 0.360504 0.924850
vn -0.097141 0.338267 0.936023
vn -0.061137 0.362651 0.929918
vn -0.056061 0.339340 0.938992
vn -0.031314 0.363184 0.931191
vn -0.015570 0.339833 0.940357
vn -0.002086 0.363372 0.931642
vn 0.023583 0.339780 0.940209
vn 0.026313 0.363237 0.931325
vn 0.053720 0.362811 0.930313
vn 0.060916 0.339243 0.938724
vn 0.080046 0.362126 0.928686
vn 0.096183 0.338299 0.936110
vn 0.105263 0.361214 0.926523
vn 0.129354 0.337019 0.932569
vn 0.129398 0.360103 0.923895
vn 0.152513 0.358820 0.920863
vn 0.160572 0.335464 0.928267
vn 0.174702 0.357388 0.917471
vn 0.190105 0.333677 0.923320
vn 0.196078 0.355818 0.913754
vn 0.218224 0.331683 0.917804
vn 0.216742 0.354121 0.909737
vn 0.236786 0.352304 0.905436
vn 0.245167 0.329502 0.911768
vn 0.256283 0.350374 0.900865
vn 0.271135 0.327143 0.905242
vn 0.275298 0.348335 0.896033
vn 0.295737 0.328625 0.896965
vn 0.293883 0.346191 0.890946
vn 0.297533 0.310518 0.902802
vn 0.299268 0.291831 0.908446
vn 0.273385 0.303543 0.912755
vn 0.300934 0.272531 0.913874
vn 0.275518 0.279139 0.919876
vn 0.302525 0.252599 0.919061
vn 0.277521 0.253889 0.926565
vn 0.304032 0.232027 0.923974
vn 0.280013 0.218133 0.934885
vn 0.305443 0.210821 0.928579
vn 0.306748 0.189000 0.932837
vn 0.282192 0.180844 0.942159
vn 0.307934 0.166602 0.936707
vn 0.308988 0.143682 0.940150
vn 0.283148 0.161679 0.945350
vn 0.309897 0.120324 0.943126
vn 0.284006 0.142215 0.948217
vn 0.284762 0.122498 0.950739
vn 0.256987 0.143341 0.955725
vn 0.257682 0.123473 0.958308
vn 0.228895 0.144385 0.962684
vn 0.229522 0.124377 0.965324
vn 0.199521 0.145340 0.969055
vn 0.200075 0.125205 0.971748
vn 0.168618 0.146199 0.974779
vn 0.169092 0.125949 0.977520
vn 0.135900 0.146946 0.979764
vn 0.136286 0.126596 0.982547
vn 0.101091 0.147562 0.983873
vn 0.101380 0.127130 0.986691
vn 0.064043 0.148018 0.986909
vn 0.064227 0.127525 0.989754
vn 0.024798 0.148277 0.988635
vn 0.024869 0.127749 0.991495
vn -0.016373 0.148302 0.988807
vn 0.310651 0.096628 0.945600
vn 0.285409 0.102577 0.952901
vn 0.258277 0.103397 0.960522
vn 0.230060 0.104158 0.967586
vn 0.200551 0.104854 0.974056
vn 0.169498 0.105480 0.979870
vn 0.136617 0.106025 0.984934
vn 0.101629 0.106474 0.989108
vn 0.064385 0.106806 0.992193
vn 0.311245 0.072677 0.947547
vn 0.285945 0.082494 0.954689
vn 0.258769 0.083156 0.962353
vn 0.230505 0.083770 0.969459
vn 0.200944 0.084332 0.975966
vn 0.169835 0.084838 0.981814
vn 0.136891 0.085278 0.986909
vn 0.101834 0.085641 0.991108
vn 0.311672 0.048543 0.948949
vn 0.286366 0.062287 0.956094
vn 0.259156 0.062788 0.963792
vn 0.230855 0.063253 0.970930
vn 0.201253 0.063679 0.977467
vn 0.170099 0.064062 0.983342
vn 0.137106 0.064395 0.988461
vn 0.311931 0.024292 0.949794
vn 0.286670 0.041990 0.957109
vn 0.259436 0.042329 0.964832
vn 0.231108 0.042643 0.971993
vn 0.201476 0.042931 0.978552
vn 0.170290 0.043190 0.984447
vn 0.286856 0.021636 0.957729
vn 0.312018 -0.000013 0.950076
vn 0.286922 0.001252 0.957953
vn 0.311933 -0.024317 0.949793
vn 0.286870 -0.019134 0.957778
vn 0.311676 -0.048559 0.948947
vn 0.286699 -0.039494 0.957206
vn 0.311248 -0.072682 0.947545
vn 0.284847 -0.120062 0.951024
vn 0.308984 -0.143659 0.940155
vn 0.284105 -0.139806 0.948546
vn 0.307931 -0.166584 0.936711
vn 0.283259 -0.159304 0.945720
vn 0.306746 -0.189000 0.932837
vn 0.282314 -0.178508 0.942567
vn 0.280157 -0.215886 0.935364
vn 0.255432 -0.179905 0.949941
vn 0.253449 -0.217549 0.942569
vn 0.227489 -0.181199 0.956774
vn 0.225698 -0.219089 0.949242
vn 0.198280 -0.182383 0.963027
vn 0.196699 -0.220499 0.955348
vn 0.167557 -0.183447 0.968644
vn 0.166205 -0.221764 0.960831
vn 0.135036 -0.184373 0.973536
vn 0.133936 -0.222866 0.965604
vn 0.100443 -0.185137 0.977566
vn 0.099618 -0.223773 0.969537
vn 0.063630 -0.185701 0.980544
vn 0.063104 -0.224444 0.972442
vn 0.024637 -0.186021 0.982237
vn 0.024433 -0.224825 0.974093
vn -0.016267 -0.186053 0.982405
vn -0.016132 -0.224863 0.974257
vn -0.058560 -0.185758 0.980849
vn -0.058076 -0.224513 0.972739
vn -0.101442 -0.185118 0.977467
vn -0.100609 -0.223751 0.969440
vn -0.143797 -0.184144 0.972324
vn -0.142629 -0.222593 0.964422
vn -0.184231 -0.182893 0.965717
vn -0.182753 -0.221105 0.957974
vn -0.221220 -0.181467 0.958192
vn -0.219473 -0.219409 0.950627
vn -0.253367 -0.180006 0.950475
vn -0.251398 -0.217669 0.943090
vn -0.276945 -0.178799 0.944104
vn -0.274822 -0.216233 0.936865
vn -0.295595 -0.177762 0.938629
vn -0.293354 -0.214998 0.931514
vn 0.305443 -0.210840 0.928575
vn 0.304032 -0.232062 0.923965
vn 0.277682 -0.251739 0.927103
vn 0.302524 -0.252637 0.919050
vn 0.300933 -0.272563 0.913865
vn 0.274938 -0.286001 0.917939
vn 0.299266 -0.291853 0.908439
vn 0.297532 -0.310532 0.902798
vn 0.271960 -0.318714 0.907997
vn 0.295736 -0.328632 0.896962
vn 0.275289 -0.348336 0.896035
vn 0.293883 -0.346191 0.890946
vn 0.256262 -0.350378 0.900869
vn 0.245924 -0.321026 0.914584
vn 0.248657 -0.288121 0.924746
vn 0.221372 -0.290084 0.931045
vn 0.223646 -0.255407 0.940611
vn 0.194888 -0.257020 0.946551
vn 0.236752 -0.352312 0.905442
vn 0.216695 -0.354131 0.909744
vn 0.218906 -0.323165 0.920676
vn 0.196018 -0.355831 0.913762
vn 0.190707 -0.325119 0.926244
vn 0.174632 -0.357401 0.917479
vn 0.161086 -0.326872 0.931239
vn 0.152438 -0.358832 0.920870
vn 0.129323 -0.360111 0.923902
vn 0.129771 -0.328397 0.935583
vn 0.105181 -0.361219 0.926530
vn 0.096496 -0.329652 0.939158
vn 0.079942 -0.362134 0.928691
vn 0.061115 -0.330578 0.941798
vn 0.053594 -0.362821 0.930316
vn 0.026168 -0.363248 0.931325
vn 0.023661 -0.331105 0.943297
vn -0.002244 -0.363380 0.931638
vn -0.015622 -0.331157 0.943446
vn -0.031477 -0.363189 0.931184
vn -0.056244 -0.330673 0.942068
vn -0.061294 -0.362650 0.929907
vn -0.091371 -0.361749 0.927787
vn -0.097457 -0.329621 0.939070
vn -0.121315 -0.360497 0.924838
vn -0.138204 -0.328019 0.934507
vn -0.150647 -0.358927 0.921128
vn -0.177157 -0.325959 0.928637
vn -0.178822 -0.357095 0.916791
vn -0.205249 -0.355080 0.912026
vn -0.212850 -0.323608 0.921940
vn -0.229370 -0.352986 0.907078
vn -0.243926 -0.321193 0.915060
vn -0.250692 -0.350932 0.902220
vn -0.266757 -0.319196 0.909370
vn -0.268836 -0.349035 0.897720
vn -0.284839 -0.317478 0.904475
vn -0.283535 -0.347396 0.893825
vn -0.279638 -0.347847 0.894877
vn -0.288134 -0.333307 0.897711
vn -0.307733 -0.285166 0.907734
vn -0.309581 -0.282851 0.907830
vn -0.312109 -0.267447 0.911625
vn -0.313148 -0.282503 0.906714
vn -0.316197 -0.248600 0.915542
vn -0.315417 -0.248771 0.915765
vn -0.317722 -0.229049 0.920103
vn -0.319122 -0.208189 0.924564
vn -0.319742 -0.186107 0.929048
vn -0.319732 -0.162748 0.933426
vn -0.315417 0.248771 0.915765
vn -0.311422 0.299873 0.901717
vn -0.307781 0.300247 0.902841
vn -0.310130 0.276061 0.909731
vn -0.303900 0.251770 0.918834
vn -0.306588 0.216280 0.926945
vn -0.293206 0.217236 0.931042
vn -0.295468 0.180089 0.938225
vn -0.276825 0.181139 0.943693
vn -0.277766 0.161944 0.946900
vn -0.254127 0.163044 0.953329
vn -0.254911 0.143422 0.956269
vn -0.222591 0.144601 0.964129
vn -0.223203 0.124565 0.966780
vn -0.185908 0.125561 0.974511
vn -0.186352 0.105154 0.976840
vn -0.145476 0.105890 0.983679
vn -0.145767 0.085169 0.985646
vn -0.102847 0.085632 0.991004
vn -0.103010 0.064664 0.992576
vn -0.059471 0.064894 0.996118
vn -0.059540 0.043752 0.997267
vn -0.016540 0.043824 0.998902
vn -0.016551 0.022582 0.999608
vn 0.025069 0.022578 0.999431
vn 0.025075 0.001306 0.999685
vn 0.064756 0.001304 0.997900
vn 0.064743 -0.019932 0.997703
vn 0.102189 -0.019869 0.994567
vn 0.102124 -0.041009 0.993926
vn 0.137277 -0.040834 0.989691
vn 0.137128 -0.061824 0.988622
vn 0.170127 -0.061504 0.983501
vn 0.169871 -0.082293 0.982024
vn 0.200986 -0.081803 0.976173
vn 0.200603 -0.102343 0.974312
vn 0.230120 -0.101662 0.967838
vn 0.229593 -0.121905 0.965622
vn 0.257760 -0.121019 0.958600
vn 0.257078 -0.140914 0.956062
vn -0.301739 0.276844 0.912311
vn -0.290617 0.252863 0.922823
vn -0.274681 0.218482 0.936384
vn -0.253255 0.182360 0.950056
vn -0.221895 0.164375 0.961116
vn -0.185390 0.145751 0.971796
vn -0.145125 0.126436 0.981302
vn -0.102640 0.106463 0.989005
vn -0.059377 0.085936 0.994530
vn -0.016521 0.065000 0.997748
vn 0.025051 0.043816 0.998725
vn 0.064739 0.022538 0.997648
vn 0.102210 0.001300 0.994762
vn 0.137364 -0.019784 0.990323
vn 0.170309 -0.040622 0.984553
vn 0.201285 -0.061136 0.977623
vn 0.230553 -0.081257 0.969661
vn 0.258343 -0.100920 0.960767
vn -0.308938 0.179284 0.934031
vn -0.309969 0.160275 0.937140
vn -0.296460 0.161000 0.941377
vn -0.297352 0.141613 0.944207
vn -0.298136 0.121977 0.946698
vn -0.279354 0.122701 0.952316
vn -0.279991 0.102748 0.954488
vn -0.256192 0.103457 0.961074
vn -0.256681 0.083204 0.962908
vn -0.224162 0.083897 0.970934
vn -0.224503 0.063350 0.972412
vn -0.187009 0.063862 0.980280
vn -0.187217 0.043055 0.981374
vn -0.146161 0.043359 0.988310
vn -0.146262 0.022342 0.988993
vn -0.103200 0.022464 0.994407
vn -0.103226 0.001300 0.994657
vn -0.059597 0.001304 0.998222
vn -0.059585 -0.019938 0.998024
vn -0.016552 -0.019971 0.999664
vn -0.016542 -0.041219 0.999013
vn 0.025054 -0.041211 0.998836
vn 0.025026 -0.062394 0.997738
vn 0.064630 -0.062283 0.995964
vn 0.064531 -0.083333 0.994430
vn 0.101856 -0.083072 0.991325
vn 0.101656 -0.103925 0.989376
vn 0.136654 -0.103486 0.985199
vn 0.136329 -0.124081 0.982862
vn 0.169145 -0.123446 0.977830
vn 0.168680 -0.143726 0.975136
vn 0.199593 -0.142881 0.969406
vn 0.198972 -0.162786 0.966391
vn 0.228273 -0.161722 0.960072
vn -0.298808 0.102139 0.948832
vn -0.299364 0.082140 0.950597
vn -0.299801 0.062019 0.951984
vn -0.300116 0.041810 0.952986
vn -0.300309 0.021543 0.953599
vn -0.300379 0.001246 0.953819
vn -0.300324 -0.019051 0.953647
vn -0.300147 -0.039324 0.953082
vn -0.299846 -0.059542 0.952128
vn -0.299424 -0.079675 0.950788
vn -0.298883 -0.099691 0.949068
vn -0.298225 -0.119551 0.946979
vn -0.297454 -0.139215 0.944532
vn -0.296575 -0.158634 0.941742
vn -0.290785 -0.250721 0.923354
vn -0.272387 -0.252136 0.928565
vn -0.249141 -0.253782 0.934625
vn -0.217472 -0.255773 0.941959
vn -0.181061 -0.257713 0.949105
vn -0.141290 -0.259416 0.955375
vn -0.099655 -0.260740 0.960252
vn -0.057522 -0.261611 0.963458
vn -0.015977 -0.262011 0.964933
vn 0.024199 -0.261968 0.964773
vn 0.062502 -0.261532 0.963169
vn 0.098673 -0.260766 0.960346
vn 0.132676 -0.259728 0.956524
vn 0.164657 -0.258468 0.951884
vn -0.287933 -0.284867 0.914300
vn -0.269686 -0.286443 0.919358
vn -0.246639 -0.288275 0.925239
vn -0.215254 -0.290491 0.932352
vn -0.179187 -0.292650 0.939281
vn -0.139809 -0.294543 0.945356
vn -0.098600 -0.296015 0.950081
vn -0.056908 -0.296982 0.953186
vn -0.015806 -0.297427 0.954614
vn 0.023941 -0.297379 0.954459
vn 0.061836 -0.296895 0.952906
vn 0.097628 -0.296043 0.950172
vn 0.131282 -0.294890 0.946470
vn 0.162943 -0.293489 0.941973
vn 0.192881 -0.291879 0.936805
vn -0.278611 0.142449 0.949781
vn -0.280519 0.082632 0.956285
vn -0.280933 0.062391 0.957697
vn -0.281232 0.042061 0.958718
vn -0.281415 0.021672 0.959341
vn -0.281481 0.001254 0.959566
vn -0.281429 -0.019166 0.959390
vn -0.281261 -0.039560 0.958816
vn -0.280976 -0.059899 0.957844
vn -0.280576 -0.080152 0.956479
vn -0.280062 -0.100286 0.954729
vn -0.279438 -0.120261 0.952602
vn -0.278708 -0.140037 0.950111
vn -0.277875 -0.159566 0.947272
vn -0.245224 0.305930 0.919930
vn -0.215723 0.283541 0.934381
vn -0.180951 0.259907 0.948528
vn -0.142551 0.224902 0.963898
vn -0.101395 0.187534 0.977011
vn -0.058747 0.168287 0.983986
vn -0.255601 0.123544 0.958856
vn -0.223728 0.104316 0.969053
vn -0.186720 0.084574 0.978766
vn -0.145996 0.064313 0.987192
vn -0.103128 0.043596 0.993712
vn -0.059582 0.022545 0.997969
vn -0.016556 0.001307 0.999862
vn 0.025070 -0.019967 0.999486
vn 0.064701 -0.041138 0.997056
vn 0.102012 -0.062088 0.992844
vn 0.136920 -0.082720 0.987122
vn 0.169543 -0.102954 0.980130
vn 0.200138 -0.122717 0.972052
vn 0.228976 -0.141941 0.963028
vn 0.256300 -0.160559 0.953169
vn -0.257065 0.062825 0.964350
vn -0.257343 0.042354 0.965392
vn -0.257513 0.021823 0.966028
vn -0.257574 0.001263 0.966258
vn -0.257526 -0.019300 0.966079
vn -0.257370 -0.039836 0.965492
vn -0.257105 -0.060315 0.964499
vn -0.256734 -0.080708 0.963106
vn -0.256257 -0.100978 0.961320
vn -0.255679 -0.121088 0.959149
vn -0.255001 -0.140994 0.956606
vn -0.254228 -0.160650 0.953708
vn -0.214000 0.308254 0.926921
vn -0.179583 0.285657 0.941355
vn -0.141203 0.261621 0.954786
vn -0.100554 0.226071 0.968907
vn -0.058532 0.188182 0.980388
vn -0.016319 0.168556 0.985557
vn -0.224750 0.042709 0.973480
vn -0.224900 0.022006 0.974133
vn -0.224955 0.001273 0.974368
vn -0.224912 -0.019462 0.974185
vn -0.224773 -0.040169 0.973583
vn -0.224538 -0.060820 0.972565
vn -0.224209 -0.081381 0.971137
vn -0.223786 -0.101817 0.969306
vn -0.223272 -0.122089 0.967080
vn -0.222670 -0.142154 0.964474
vn -0.221985 -0.161963 0.961504
vn -0.178128 0.310518 0.933728
vn -0.140122 0.287513 0.947471
vn -0.099593 0.262955 0.959654
vn -0.058044 0.226839 0.972201
vn -0.016259 0.188480 0.981942
vn 0.024716 0.168526 0.985387
vn -0.187345 0.022185 0.982044
vn -0.187391 0.001284 0.982285
vn -0.187355 -0.019620 0.982096
vn -0.187238 -0.040495 0.981480
vn -0.187039 -0.061312 0.980437
vn -0.186760 -0.082037 0.978974
vn -0.186402 -0.102635 0.977098
vn -0.185967 -0.123066 0.974819
vn -0.185458 -0.143285 0.972150
vn -0.184878 -0.163244 0.969109
vn -0.138972 0.312503 0.939696
vn -0.098823 0.288956 0.952228
vn -0.057485 0.263832 0.962854
vn -0.016123 0.227193 0.973716
vn 0.024626 0.188448 0.981774
vn 0.063833 0.168234 0.983678
vn -0.146299 0.001293 0.989240
vn -0.146270 -0.019759 0.989047
vn -0.146177 -0.040781 0.988417
vn -0.146020 -0.061744 0.987353
vn -0.145799 -0.082614 0.985859
vn -0.145515 -0.103354 0.983943
vn -0.145171 -0.123924 0.981615
vn -0.144768 -0.144279 0.978890
vn -0.144309 -0.164369 0.975786
vn -0.098004 0.314046 0.944336
vn -0.057038 0.289905 0.955354
vn -0.015967 0.264235 0.964326
vn 0.024419 0.227155 0.973553
vn 0.063600 0.188124 0.980084
vn 0.100762 0.167720 0.980672
vn -0.103206 -0.019867 0.994462
vn -0.103139 -0.041004 0.993821
vn -0.103027 -0.062081 0.992739
vn -0.102869 -0.083064 0.991221
vn -0.102667 -0.103914 0.989273
vn -0.102422 -0.124592 0.986908
vn -0.102134 -0.145052 0.984138
vn -0.101807 -0.165244 0.980984
vn -0.056562 0.315060 0.947385
vn -0.015842 0.290341 0.956792
vn 0.024184 0.264192 0.964167
vn 0.063069 0.226770 0.971904
vn 0.100396 0.187553 0.977110
vn 0.135461 0.167024 0.976603
vn -0.059547 -0.041151 0.997377
vn -0.059481 -0.062303 0.996283
vn -0.059390 -0.083359 0.994748
vn -0.059272 -0.104282 0.992780
vn -0.059129 -0.125032 0.990389
vn -0.058962 -0.145561 0.987591
vn -0.058772 -0.165820 0.984403
vn -0.015710 0.315526 0.948787
vn 0.023995 0.290294 0.956637
vn 0.062463 0.263753 0.962566
vn 0.099563 0.226093 0.969004
vn 0.134973 0.186780 0.973085
vn 0.168079 0.166180 0.971665
vn -0.016523 -0.062405 0.997914
vn -0.016498 -0.083495 0.996372
vn -0.016465 -0.104452 0.994394
vn -0.016425 -0.125234 0.991991
vn -0.016379 -0.145795 0.989179
vn -0.016326 -0.166085 0.985976
vn 0.023794 0.315476 0.948635
vn 0.061977 0.289820 0.955072
vn 0.098612 0.262981 0.959748
vn 0.133863 0.225177 0.965078
vn 0.167480 0.185843 0.968201
vn 0.198891 0.165210 0.965996
vn 0.024987 -0.083481 0.996196
vn 0.024938 -0.104434 0.994219
vn 0.024878 -0.125212 0.991818
vn 0.024807 -0.145770 0.989007
vn 0.024727 -0.166057 0.985806
vn 0.061460 0.314968 0.947110
vn 0.097849 0.288984 0.952320
vn 0.132594 0.261936 0.955933
vn 0.166115 0.224065 0.960313
vn 0.198190 0.184766 0.962591
vn 0.228181 0.164131 0.959685
vn 0.064403 -0.104249 0.992464
vn 0.064248 -0.124992 0.990075
vn 0.064067 -0.145515 0.987279
vn 0.063860 -0.165769 0.984095
vn 0.097038 0.314076 0.944426
vn 0.131576 0.287853 0.948593
vn 0.164557 0.260667 0.951301
vn 0.196594 0.222788 0.954838
vn 0.227388 0.183567 0.956346
vn 0.256198 0.162952 0.952790
vn 0.101413 -0.124605 0.987010
vn 0.101128 -0.145067 0.984240
vn 0.100804 -0.165261 0.981085
vn 0.130494 0.312867 0.940790
vn 0.163305 0.286480 0.944066
vn 0.194770 0.259208 0.945979
vn 0.225580 0.221366 0.948742
vn 0.255319 0.182258 0.949523
vn 0.135950 -0.144461 0.980127
vn 0.135518 -0.164575 0.977011
vn 0.161974 0.311398 0.936374
vn 0.193305 0.284901 0.938863
vn 0.223513 0.257583 0.940049
vn 0.253318 0.219811 0.942079
vn 0.168149 -0.163742 0.972067
vn 0.191747 0.309710 0.931296
vn 0.221852 0.283142 0.933066
vn 0.251029 0.255807 0.933567
vn 0.201613 0.022121 0.979215
vn 0.231263 0.021973 0.972643
vn 0.259607 0.021811 0.965468
vn 0.220086 0.307827 0.925637
vn 0.249189 0.281218 0.926726
vn 0.231318 0.001271 0.972877
vn 0.259620 -0.019289 0.965518
vn 0.247232 0.305769 0.919446
vn 0.259668 0.001262 0.965697
vn 0.251177 -0.253644 0.934117
vn 0.293884 0.346193 0.890945
vn 0.163284 0.357320 0.919598
vn 0.295737 0.328624 0.896965
vn 0.167605 0.336220 0.926750
vn 0.297533 0.310512 0.902805
vn 0.170561 0.303097 0.937572
vn 0.299270 0.291770 0.908465
vn 0.300940 0.272444 0.913898
vn 0.173325 0.268045 0.947687
vn 0.302534 0.252523 0.919079
vn 0.175794 0.231887 0.956726
vn 0.304041 0.231996 0.923979
vn 0.305451 0.210855 0.928569
vn 0.176926 0.213097 0.960878
vn 0.306753 0.189095 0.932816
vn 0.177980 0.193829 0.964756
vn 0.178950 0.174082 0.968335
vn 0.047809 0.196753 0.979287
vn 0.048721 0.176732 0.983053
vn -0.036249 0.196851 0.979763
vn -0.035383 0.176833 0.983605
vn -0.120877 0.195535 0.973219
vn -0.120065 0.175663 0.977101
vn -0.205504 0.192771 0.959483
vn -0.204753 0.173191 0.963370
vn -0.287620 0.188651 0.938981
vn -0.286931 0.169499 0.942837
vn -0.366958 0.183235 0.912012
vn -0.366333 0.164640 0.915802
vn -0.443590 0.176539 0.878671
vn -0.443029 0.158630 0.882361
vn -0.517536 0.168549 0.838897
vn -0.517040 0.151457 0.842455
vn -0.588706 0.159228 0.792510
vn -0.588278 0.143086 0.795899
vn -0.663353 0.147399 0.733646
vn -0.662998 0.132461 0.736809
vn -0.731013 0.134410 0.668995
vn -0.730725 0.120792 0.671900
vn -0.791256 0.120450 0.599505
vn -0.791030 0.108250 0.602125
vn -0.844889 0.105374 0.524461
vn -0.844718 0.094703 0.526766
vn -0.891726 0.089149 0.443708
vn -0.891607 0.080122 0.445666
vn -0.930549 0.072127 0.358993
vn -0.930472 0.064824 0.360581
vn -0.960673 0.054697 0.272241
vn -0.960629 0.049160 0.273449
vn -0.982325 0.036872 0.183519
vn -0.982305 0.033139 0.184335
vn -0.995512 0.018642 0.092785
vn -0.995507 0.016755 0.093199
vn -1.000000 -0.000000 0.000000
vn -0.995502 0.014818 0.093576
vn -1.000000 -0.000000 0.000000
vn -0.995498 0.012827 0.093914
vn -1.000000 0.000000 -0.000000
vn -0.995494 0.010812 0.094207
vn -1.000000 0.000000 -0.000000
vn -0.995491 0.008789 0.094451
vn -1.000000 0.000000 -0.000000
vn -0.995488 0.006755 0.094645
vn -1.000000 0.000000 -0.000000
vn -0.995486 0.004712 0.094788
vn -0.995485 0.002659 0.094880
vn -0.982222 0.005260 0.187650
vn -0.982220 0.001183 0.187727
vn -0.960444 0.001756 0.278466
vn -0.960447 -0.004317 0.278429
vn -0.930153 -0.005689 0.367129
vn -0.930167 -0.013732 0.366879
vn -0.891132 -0.016970 0.453427
vn -0.891167 -0.026956 0.452874
vn -0.844092 -0.031860 0.535251
vn -0.844159 -0.043628 0.534315
vn -0.790285 -0.049867 0.610707
vn -0.790398 -0.063078 0.609337
vn -0.729924 -0.070384 0.679895
vn -0.730102 -0.084853 0.678049
vn -0.662232 -0.093046 0.743500
vn -0.662494 -0.108618 0.741150
vn -0.587675 -0.117325 0.800545
vn -0.588040 -0.133835 0.797682
vn -0.516769 -0.141661 0.844323
vn -0.517244 -0.158821 0.840972
vn -0.443264 -0.166343 0.880822
vn -0.443854 -0.184000 0.877005
vn -0.367255 -0.190981 0.910302
vn -0.367965 -0.208999 0.906047
vn -0.288729 -0.215193 0.932913
vn -0.290434 -0.250956 0.923401
vn -0.208571 -0.256494 0.943774
vn -0.210608 -0.290717 0.933342
vn -0.126387 -0.295007 0.947099
vn -0.128750 -0.328011 0.935859
vn -0.044640 -0.330435 0.942772
vn -0.101319 -0.360488 0.927245
vn 0.031590 -0.362169 0.931577
vn 0.038062 0.340803 0.939364
vn 0.031584 0.362006 0.931641
vn -0.045497 0.340700 0.939071
vn -0.101305 0.360327 0.927309
vn -0.129549 0.338178 0.932122
vn -0.234336 0.352098 0.906153
vn -0.213533 0.333181 0.918365
vn -0.294985 0.325869 0.898217
vn -0.211248 0.300664 0.930040
vn -0.292889 0.294115 0.909787
vn -0.209108 0.266150 0.940977
vn -0.290926 0.260393 0.920629
vn -0.207196 0.230445 0.950771
vn -0.289172 0.225492 0.930340
vn -0.206320 0.211856 0.955274
vn -0.288368 0.207316 0.934807
vn -0.361201 0.337731 0.869179
vn -0.373647 0.316345 0.871959
vn -0.371744 0.285563 0.883323
vn -0.369961 0.252857 0.893976
vn -0.368368 0.218994 0.903519
vn -0.367638 0.201353 0.907909
vn -0.449590 0.304639 0.839681
vn -0.481134 0.317512 0.817127
vn -0.522831 0.290726 0.801328
vn -0.594187 0.291316 0.749718
vn -0.593284 0.274543 0.756730
vn -0.667150 0.254053 0.700262
vn -0.591982 0.247919 0.766872
vn -0.666071 0.229440 0.709723
vn -0.590761 0.219601 0.776387
vn -0.665057 0.203253 0.718601
vn -0.589671 0.190250 0.784916
vn -0.664153 0.176103 0.726560
vn -0.589171 0.174949 0.788841
vn -0.663738 0.161946 0.730222
vn -0.696538 0.259872 0.668806
vn -0.734091 0.231587 0.638339
vn -0.733216 0.209172 0.647025
vn -0.732395 0.185315 0.655177
vn -0.731661 0.160574 0.662486
vn -0.731325 0.147671 0.665850
vn -0.785160 0.224299 0.577247
vn -0.793679 0.207473 0.571865
vn -0.792990 0.187407 0.579694
vn -0.792343 0.166046 0.587044
vn -0.791766 0.143888 0.593635
vn -0.791502 0.132330 0.596669
vn -0.846710 0.181458 0.500155
vn -0.860359 0.184603 0.475083
vn -0.893004 0.153489 0.423065
vn -0.921152 0.140962 0.362779
vn -0.931371 0.124165 0.342244
vn -0.964646 0.095451 0.245655
vn -0.961142 0.094147 0.259506
vn -0.982537 0.063456 0.174910
vn -0.961008 0.085059 0.263111
vn -0.982477 0.057333 0.177347
vn -0.960883 0.075379 0.266498
vn -0.982420 0.050810 0.179636
vn -0.960772 0.065331 0.269536
vn -0.982369 0.044039 0.181690
vn -0.960721 0.060088 0.270934
vn -0.982346 0.040505 0.182635
vn -0.991000 0.048483 0.124777
vn -0.995567 0.032079 0.088421
vn -0.995551 0.028985 0.089656
vn -0.995536 0.025688 0.090816
vn -0.995523 0.022265 0.091858
vn -0.995517 0.020479 0.092337
vn -1.000000 0.000000 -0.000000
vn -1.000000 0.000000 -0.000000
vn -1.000000 -0.000000 0.000000
vn -1.000000 -0.000000 0.000000
vn -1.000000 -0.000000 0.000000
vn -1.000000 -0.000000 0.000000
vn -1.000000 -0.000000 0.000000
vn -1.000000 -0.000000 0.000000
vn -1.000000 -0.000000 0.000000
vn -1.000000 0.000000 -0.000000
vn -0.995485 0.000598 0.094919
vn -0.982222 -0.002912 0.187702
vn -0.960455 -0.010416 0.278239
vn -0.930190 -0.021811 0.366430
vn -0.891214 -0.036911 0.452079
vn -0.844243 -0.055185 0.533112
vn -0.790538 -0.076045 0.607674
vn -0.730314 -0.099053 0.675892
vn -0.662797 -0.123900 0.738478
vn -0.588451 -0.150042 0.794489
vn -0.517767 -0.175671 0.837292
vn -0.444492 -0.201348 0.872860
vn -0.369515 -0.243702 0.896698
vn -0.292305 -0.284398 0.913058
vn -0.212797 -0.323183 0.922101
vn -0.234369 -0.352252 0.906085
vn -1.000000 0.000000 0.000000
vn -0.995485 -0.001473 0.094906
vn -0.982225 -0.007023 0.187573
vn -0.960468 -0.016541 0.277897
vn -0.930220 -0.029863 0.365786
vn -0.891273 -0.046689 0.451058
vn -0.844348 -0.066530 0.531649
vn -0.790704 -0.088771 0.605728
vn -0.730560 -0.112989 0.673436
vn -0.663138 -0.138901 0.735496
vn -0.588904 -0.165955 0.790981
vn -0.518331 -0.192225 0.833296
vn -0.445885 -0.234753 0.863758
vn -0.371216 -0.276140 0.886535
vn -0.294313 -0.316108 0.901918
vn -1.000000 0.000000 0.000000
vn -0.995486 -0.003552 0.094841
vn -0.982231 -0.011151 0.187342
vn -0.960485 -0.022647 0.277408
vn -0.930258 -0.037774 0.364958
vn -0.891346 -0.056287 0.449816
vn -0.844472 -0.077664 0.529938
vn -0.790897 -0.101259 0.603513
vn -0.730837 -0.126665 0.670696
vn -0.663515 -0.153627 0.732220
vn -0.589394 -0.181586 0.787173
vn -0.519562 -0.224093 0.824523
vn -0.447412 -0.265968 0.853864
vn -0.373041 -0.306883 0.875593
vn -0.361249 -0.337874 0.869103
vn -1.000000 0.000000 0.000000
vn -0.995488 -0.005638 0.094724
vn -0.982239 -0.015266 0.187011
vn -0.960507 -0.028645 0.276778
vn -0.930304 -0.045540 0.363951
vn -0.891433 -0.065708 0.448363
vn -0.844618 -0.088589 0.527990
vn -0.791116 -0.113514 0.601041
vn -0.731143 -0.140090 0.667686
vn -0.663923 -0.168089 0.728665
vn -0.590458 -0.211669 0.778816
vn -0.520911 -0.253862 0.814988
vn -0.449049 -0.295539 0.843215
vn -1.000000 -0.000000 -0.000000
vn -0.995490 -0.007718 0.094556
vn -0.982249 -0.019310 0.186586
vn -0.960533 -0.034535 0.276012
vn -0.930360 -0.053163 0.362772
vn -0.891535 -0.074952 0.446707
vn -0.844782 -0.099310 0.525814
vn -0.791358 -0.125542 0.598325
vn -0.731474 -0.153271 0.664419
vn -0.664807 -0.195918 0.720866
vn -0.591627 -0.239766 0.769734
vn -0.522357 -0.282053 0.804729
vn -0.481194 -0.317639 0.817042
vn -1.000000 -0.000000 -0.000000
vn -0.995492 -0.009763 0.094340
vn -0.982261 -0.023280 0.186068
vn -0.960565 -0.040316 0.275116
vn -0.930426 -0.060642 0.361428
vn -0.891651 -0.084021 0.444859
vn -0.844964 -0.109830 0.523424
vn -0.791619 -0.137349 0.595378
vn -0.732192 -0.178631 0.657256
vn -0.665777 -0.221902 0.712390
vn -0.592877 -0.266361 0.759966
vn -0.594253 -0.291424 0.749623
vn -0.995495 -0.011770 0.094078
vn -1.000000 -0.000000 -0.000000
vn -0.995499 -0.013741 0.093771
vn -1.000000 -0.000000 -0.000000
vn -0.995503 -0.015675 0.093420
vn -1.000000 -0.000000 -0.000000
vn -0.995508 -0.017572 0.093029
vn -1.000000 -0.000000 -0.000000
vn -0.995514 -0.019432 0.092599
vn -1.000000 -0.000000 -0.000000
vn -0.995520 -0.021257 0.092132
vn -1.000000 -0.000000 -0.000000
vn -0.995533 -0.024764 0.091112
vn -1.000000 0.000000 0.000000
vn -1.000000 0.000000 0.000000
vn -0.995547 -0.028038 0.090002
vn -1.000000 0.000000 0.000000
vn -0.995562 -0.031128 0.088812
vn -1.000000 0.000000 0.000000
vn -1.000000 0.000000 0.000000
vn -1.000000 0.000000 0.000000
vn -0.991012 -0.048467 0.124685
vn -0.982519 -0.061574 0.175683
vn -0.964672 -0.095453 0.245553
vn -0.961102 -0.091354 0.260649
vn -0.931301 -0.120480 0.343750
vn -0.960973 -0.082277 0.264123
vn -0.931075 -0.108504 0.348318
vn -0.960853 -0.072667 0.267360
vn -0.930864 -0.095828 0.352575
vn -0.960743 -0.062369 0.270338
vn -0.930672 -0.082244 0.356491
vn -0.960692 -0.057013 0.271698
vn -0.930583 -0.075180 0.358279
vn -0.960645 -0.051554 0.272952
vn -0.930500 -0.067980 0.359927
vn -0.960603 -0.045989 0.274094
vn -0.921192 -0.140983 0.362670
vn -0.892894 -0.148933 0.424922
vn -0.892544 -0.134122 0.430553
vn -0.892216 -0.118448 0.435799
vn -0.891917 -0.101653 0.440625
vn -0.891779 -0.092920 0.442828
vn -0.860411 -0.184645 0.474973
vn -0.846552 -0.176069 0.502343
vn -0.846054 -0.158550 0.508975
vn -0.845587 -0.140015 0.515150
vn -0.845161 -0.120155 0.520831
vn -0.785220 -0.224363 0.577140
vn -0.793468 -0.201306 0.574356
vn -0.792805 -0.181261 0.581898
vn -0.792184 -0.160061 0.588918
vn -0.733821 -0.224699 0.641106
vn -0.696603 -0.259959 0.668704
vn -0.666815 -0.246489 0.703278
vn 0.038970 -0.330510 0.942997
vn 0.163309 -0.357478 0.919532
vn 0.168578 -0.326023 0.930210
vn 0.295767 -0.328689 0.896931
vn 0.297564 -0.310473 0.902808
vn 0.293907 -0.346344 0.890879
vn 0.299292 -0.291700 0.908480
vn 0.171402 -0.292984 0.940628
vn 0.041624 -0.297132 0.953929
vn 0.044090 -0.262009 0.964058
vn -0.039779 -0.262060 0.964232
vn -0.037643 -0.224612 0.973721
vn -0.122184 -0.223087 0.967111
vn -0.121271 -0.203815 0.971469
vn -0.205867 -0.200929 0.957730
vn -0.205083 -0.181620 0.961746
vn -0.287229 -0.177744 0.941226
vn -0.286572 -0.158522 0.944853
vn -0.366001 -0.153983 0.917787
vn -0.365467 -0.134976 0.920986
vn -0.442248 -0.130057 0.887413
vn -0.441831 -0.111407 0.890154
vn -0.515980 -0.106377 0.849970
vn -0.515669 -0.088235 0.852232
vn -0.587091 -0.083364 0.805217
vn -0.586874 -0.065902 0.806992
vn -0.661832 -0.061013 0.747165
vn -0.661692 -0.044548 0.748451
vn -0.729667 -0.040629 0.682595
vn -0.729584 -0.025568 0.683413
vn -0.790131 -0.022918 0.612510
vn -0.790090 -0.009488 0.612917
vn -0.844011 -0.008304 0.536261
vn -0.844002 0.003392 0.536329
vn -0.891103 0.002867 0.453792
vn -0.891112 0.012719 0.453604
vn -0.930154 0.010290 0.367025
vn -0.930171 0.018226 0.366674
vn -0.960457 0.013823 0.278084
vn -0.960473 0.019815 0.277667
vn -0.982233 0.013359 0.187187
vn -0.982243 0.017381 0.186804
vn 0.300947 -0.272377 0.913916
vn 0.174024 -0.258258 0.950273
vn 0.046339 -0.224528 0.973365
vn -0.036672 -0.205193 0.978034
vn -0.120426 -0.184217 0.975480
vn -0.204368 -0.161970 0.965401
vn -0.285984 -0.138950 0.948107
vn -0.365001 -0.115617 0.923800
vn -0.441478 -0.092405 0.892501
vn -0.515417 -0.069751 0.854096
vn -0.586705 -0.048115 0.808370
vn -0.661590 -0.028032 0.749341
vn -0.729533 -0.010582 0.683863
vn -0.790079 0.003879 0.612993
vn -0.844016 0.015034 0.536108
vn -0.891139 0.022526 0.453172
vn -0.930199 0.026126 0.366126
vn -0.960495 0.025780 0.277101
vn -0.982256 0.021383 0.186323
vn 0.302528 -0.252513 0.919083
vn 0.304031 -0.231957 0.923992
vn 0.176414 -0.221241 0.959130
vn 0.305435 -0.210496 0.928655
vn 0.177498 -0.202066 0.963153
vn 0.306727 -0.188654 0.932914
vn 0.178501 -0.182583 0.966851
vn 0.307902 -0.166406 0.936752
vn 0.179419 -0.162776 0.970213
vn 0.308953 -0.143731 0.940154
vn 0.180246 -0.142631 0.973225
vn 0.309869 -0.120605 0.943099
vn 0.180976 -0.122134 0.975875
vn 0.310638 -0.097009 0.945565
vn 0.181600 -0.101272 0.978144
vn 0.182113 -0.080035 0.980015
vn 0.051697 -0.081290 0.995349
vn 0.052063 -0.059335 0.996880
vn -0.032210 -0.059385 0.997715
vn -0.031974 -0.037354 0.998790
vn -0.116866 -0.037117 0.992454
vn -0.116745 -0.015349 0.993043
vn -0.201676 -0.015137 0.979335
vn -0.201656 0.006217 0.979437
vn -0.284083 0.006085 0.958780
vn -0.284150 0.026886 0.958403
vn -0.363800 0.026120 0.931111
vn -0.363939 0.046238 0.930274
vn -0.440876 0.044558 0.896461
vn -0.441071 0.063864 0.895197
vn -0.515308 0.060986 0.854833
vn -0.515544 0.079348 0.853181
vn -0.586981 0.074973 0.806121
vn -0.587238 0.092257 0.804139
vn -0.662134 0.085416 0.744502
vn -0.662388 0.101360 0.742273
vn -0.730230 0.092437 0.676919
vn -0.730464 0.106818 0.674546
vn -0.790824 0.095729 0.604511
vn 0.311245 -0.072924 0.947528
vn 0.182503 -0.058416 0.981468
vn 0.052311 -0.037322 0.997933
vn -0.031848 -0.015447 0.999373
vn -0.116726 0.006304 0.993144
vn -0.201730 0.027466 0.979056
vn -0.284303 0.047594 0.957552
vn -0.364156 0.066272 0.928977
vn -0.441337 0.083094 0.893486
vn -0.515839 0.097644 0.851103
vn -0.587543 0.109483 0.801752
vn -0.662676 0.117134 0.739689
vn 0.311675 -0.048408 0.948955
vn 0.182766 -0.036745 0.982470
vn 0.052442 -0.015435 0.998505
vn -0.031830 0.006344 0.999473
vn -0.116808 0.027852 0.992764
vn -0.201897 0.048620 0.978199
vn -0.284542 0.068215 0.956234
vn -0.364451 0.086229 0.927222
vn -0.441670 0.102256 0.891331
vn -0.516190 0.115880 0.848599
vn -0.587890 0.126526 0.798985
vn 0.311920 -0.023966 0.949806
vn 0.182902 -0.015197 0.983014
vn 0.052459 0.006338 0.998603
vn -0.031918 0.028029 0.999097
vn -0.116989 0.049303 0.991909
vn -0.202156 0.069687 0.976871
vn -0.284864 0.088759 0.954450
vn -0.364819 0.106117 0.925011
vn -0.442066 0.121358 0.888735
vn -0.516591 0.133924 0.845694
vn 0.311988 0.000320 0.950086
vn 0.182917 0.006237 0.983109
vn 0.052365 0.028004 0.998235
vn -0.032111 0.049618 0.998252
vn -0.117267 0.070667 0.990583
vn -0.202505 0.090677 0.975074
vn -0.285267 0.109235 0.952203
vn -0.365259 0.125946 0.922347
vn -0.442520 0.140262 0.885722
vn 0.311889 0.024467 0.949803
vn 0.182815 0.027569 0.982761
vn 0.052161 0.049576 0.997407
vn -0.032407 0.071121 0.996941
vn -0.117642 0.091954 0.988790
vn -0.202943 0.111599 0.972810
vn -0.285749 0.129651 0.949494
vn -0.365765 0.145570 0.919253
vn 0.311628 0.048493 0.948966
vn 0.182599 0.048808 0.981975
vn 0.051850 0.071062 0.996123
vn -0.032805 0.092548 0.995168
vn -0.118112 0.113175 0.986530
vn -0.203466 0.132462 0.970080
vn -0.286306 0.149859 0.946346
vn 0.182269 0.069966 0.980756
vn 0.311208 0.072417 0.947579
vn 0.181828 0.091054 0.979106
vn 0.310629 0.096257 0.945645
vn 0.181275 0.112085 0.977024
vn 0.309891 0.120031 0.943165
vn 0.180609 0.133068 0.974512
vn 0.308988 0.143707 0.940146
vn 0.179829 0.153856 0.971591
vn 0.307936 0.166712 0.936687
vn -0.931137 0.112176 0.346987
vn -0.930918 0.099405 0.351440
vn -0.930722 0.086152 0.355435
vn -0.930632 0.079236 0.357274
vn -0.892641 0.138663 0.428911
vn -0.892300 0.122872 0.434400
vn -0.891995 0.106487 0.439324
vn -0.891856 0.097937 0.441590
vn -0.846192 0.163921 0.507039
vn -0.845706 0.145247 0.513502
vn -0.845272 0.125872 0.519299
vn -0.845073 0.115764 0.521967
vn -0.521325 0.262504 0.811980
vn -0.519913 0.232496 0.821971
vn -0.518651 0.201403 0.830926
vn -0.518073 0.185198 0.835046
vn -0.447883 0.275032 0.850740
vn -0.446283 0.243564 0.861109
vn -0.444854 0.210969 0.870400
vn -0.444200 0.193985 0.874675
vn -0.127081 0.305118 0.943797
vn -0.124770 0.270045 0.954729
vn -0.122705 0.233782 0.964515
vn -0.121758 0.214908 0.969015
vn -0.042864 0.307330 0.950637
vn -0.040400 0.271950 0.961463
vn -0.038198 0.235390 0.971150
vn -0.037189 0.216370 0.975603
vn 0.040838 0.307353 0.950719
vn 0.043435 0.271913 0.961341
vn 0.045755 0.235313 0.970842
vn 0.046819 0.216279 0.975208
vn -0.982287 0.029308 0.185079
vn -0.982270 0.025368 0.185746
vn -0.960590 0.043476 0.274549
vn -0.960554 0.037630 0.275536
vn -0.960522 0.031718 0.276390
vn -0.930403 0.057329 0.362028
vn -0.930340 0.049618 0.363325
vn -0.930284 0.041822 0.364448
vn -0.930237 0.033992 0.365383
vn -0.891498 0.070858 0.447448
vn -0.891401 0.061325 0.449047
vn -0.891314 0.051687 0.450430
vn -0.891241 0.042009 0.451581
vn -0.891182 0.032289 0.452496
vn -0.844564 0.083751 0.528864
vn -0.844425 0.072481 0.530747
vn -0.844302 0.061088 0.532374
vn -0.844198 0.049648 0.533728
vn -0.844114 0.038160 0.534804
vn -0.844053 0.026623 0.535599
vn -0.790640 0.082844 0.606651
vn -0.730024 0.077900 0.678967
vn -0.661919 0.069415 0.746354
vn -0.586776 0.057624 0.807696
vn -0.515134 0.042550 0.856053
vn -0.440751 0.025171 0.897276
vn -0.363741 0.005911 0.931481
vn -0.284103 -0.014818 0.958679
vn -0.201789 -0.036603 0.978745
vn -0.117089 -0.059007 0.991367
vn -0.032558 -0.081357 0.996153
vn 0.051217 -0.102853 0.993377
vn -0.204072 0.153116 0.966908
vn -0.119329 0.155293 0.980635
vn -0.118675 0.134339 0.983803
vn -0.034599 0.156318 0.987101
vn -0.033902 0.135218 0.990236
vn -0.033303 0.113910 0.992933
vn 0.049548 0.156217 0.986479
vn 0.050282 0.135123 0.989552
vn 0.050910 0.113825 0.992196
vn 0.051433 0.092475 0.994386
vn -0.790477 0.069819 0.608500
vn -0.790338 0.056743 0.610037
vn -0.790228 0.043613 0.611260
vn -0.790147 0.030428 0.612162
vn -0.790097 0.017184 0.612741
vn -0.729849 0.063309 0.680671
vn -0.661748 0.053353 0.747826
vn -0.586626 0.040204 0.808860
vn -0.515025 0.024036 0.856838
vn -0.440699 0.005695 0.897637
vn -0.363761 -0.014398 0.931381
vn -0.284210 -0.035831 0.958092
vn -0.201997 -0.058190 0.977656
vn -0.117414 -0.080837 0.989788
vn -0.033011 -0.102934 0.994140
vn 0.050632 -0.124029 0.990986
vn -0.729709 0.048660 0.682024
vn -0.729607 0.033949 0.683024
vn -0.729543 0.019174 0.683666
vn -0.729519 0.004331 0.683946
vn -0.982226 0.009318 0.187469
vn -0.960448 0.007803 0.278351
vn -0.930148 0.002318 0.367177
vn -0.891110 -0.007029 0.453733
vn -0.844042 -0.020054 0.535902
vn -0.790197 -0.036414 0.611771
vn -0.729780 -0.055642 0.681414
vn -0.662011 -0.077179 0.745509
vn -0.587358 -0.100504 0.803062
vn -0.516347 -0.124183 0.847328
vn -0.442727 -0.148366 0.884297
vn -0.366599 -0.172647 0.914220
vn -0.287950 -0.196630 0.937241
vn -0.206714 -0.219912 0.953367
vn -0.124189 -0.260236 0.957525
vn -0.042121 -0.297129 0.953908
vn -0.661622 0.037224 0.748913
vn -0.586531 0.022710 0.809608
vn -0.514980 0.005436 0.857185
vn -0.440719 -0.013877 0.897538
vn -0.363860 -0.034812 0.930803
vn -0.284401 -0.056961 0.957012
vn -0.202297 -0.079715 0.976074
vn -0.117838 -0.102272 0.987752
vn -0.033565 -0.124120 0.991699
vn 0.049947 -0.144829 0.988195
vn -0.661544 0.021025 0.749612
vn -0.661513 0.004752 0.749918
vn -0.661530 -0.011600 0.749829
vn -0.586493 0.005135 0.809938
vn -0.514999 -0.013253 0.857088
vn -0.440809 -0.033549 0.896974
vn -0.364035 -0.055338 0.929740
vn -0.284676 -0.078029 0.955443
vn -0.202688 -0.100849 0.974036
vn -0.118356 -0.123317 0.985284
vn -0.034214 -0.144927 0.988851
vn 0.049170 -0.165264 0.985023
vn -0.586511 -0.012525 0.809844
vn -0.586583 -0.030274 0.809323
vn -0.515080 -0.032038 0.856543
vn -0.440967 -0.053327 0.895938
vn -0.364284 -0.075803 0.928198
vn -0.285033 -0.098713 0.953421
vn -0.203166 -0.121597 0.971565
vn -0.118963 -0.143981 0.982404
vn -0.034952 -0.165365 0.985613
vn 0.048306 -0.185350 0.981485
vn -0.515220 -0.050923 0.855544
vn -0.441190 -0.073046 0.894436
vn -0.364606 -0.095896 0.926211
vn -0.285470 -0.119017 0.950969
vn -0.203727 -0.141966 0.968680
vn -0.119655 -0.164277 0.979130
vn -0.035773 -0.185449 0.982002
vn 0.047360 -0.205099 0.977595
vn -0.982275 -0.027178 0.185462
vn -0.982292 -0.031002 0.184771
vn -0.982312 -0.034754 0.183999
vn -0.982333 -0.038434 0.183151
vn -0.982356 -0.042043 0.182232
vn -0.982406 -0.048983 0.180219
vn -0.982461 -0.055459 0.178030
vn -0.732980 -0.202306 0.649471
vn -1.000000 -0.000000 -0.000000
vn -1.000000 0.000000 -0.000000
vn -0.991445 -0.130526 -0.000000
vn -0.991445 -0.130526 -0.000000
vn -0.965926 -0.258819 -0.000000
vn -0.965926 -0.258819 -0.000000
vn -0.923880 -0.382683 -0.000000
vn -0.923880 -0.382683 -0.000000
vn -0.866025 -0.500000 -0.000000
vn -0.866025 -0.500000 -0.000000
vn -0.793353 -0.608761 -0.000000
vn -0.793353 -0.608761 -0.000000
vn -0.707107 -0.707107 -0.000000
vn -0.707107 -0.707107 -0.000000
vn -0.608761 -0.793353 -0.000000
vn -0.608761 -0.793353 -0.000000
vn -0.500000 -0.866025 -0.000000
vn -0.500000 -0.866025 -0.000000
vn -0.382683 -0.923880 -0.000000
vn -0.382683 -0.923880 -0.000000
vn -0.258819 -0.965926 -0.000000
vn -0.258819 -0.965926 -0.000000
vn -0.130526 -0.991445 -0.000000
vn -0.130526 -0.991445 -0.000000
vn 0.276566 -0.469591 0.838448
vn 0.275543 -0.348350 0.895951
vn 0.254788 -0.430011 0.866126
vn 0.256618 -0.350423 0.900750
vn 0.224849 -0.432836 0.872981
vn 0.237075 -0.352390 0.905327
vn 0.216881 -0.354236 0.909659
vn 0.193319 -0.435373 0.879248
vn 0.196001 -0.355944 0.913722
vn 0.176917 -0.436518 0.882129
vn 0.174402 -0.357505 0.917482
vn 0.160068 -0.437574 0.884820
vn 0.152050 -0.358908 0.920905
vn 0.141266 -0.438615 0.887502
vn 0.128914 -0.360149 0.923945
vn 0.121902 -0.439547 0.889909
vn 0.101956 -0.440370 0.892008
vn 0.116317 -0.515130 0.849183
vn 0.097281 -0.515852 0.851137
vn 0.108172 -0.603778 0.789779
vn 0.090466 -0.604376 0.791546
vn 0.098752 -0.685775 0.721083
vn 0.082586 -0.686255 0.722657
vn 0.088267 -0.759424 0.644581
vn 0.073816 -0.759795 0.645959
vn 0.076720 -0.824711 0.560326
vn 0.064160 -0.824983 0.561503
vn 0.062189 -0.888692 0.454267
vn 0.052008 -0.888866 0.455205
vn 0.047460 -0.936766 0.346723
vn 0.039691 -0.936866 0.347430
vn 0.031966 -0.971815 0.233568
vn 0.026734 -0.971859 0.234041
vn 0.016124 -0.992902 0.117835
vn 0.013486 -0.992913 0.118072
vn 0.010745 -0.992923 0.118269
vn 0.007855 -0.992931 0.118429
vn 0.004885 -0.992937 0.118543
vn 0.001834 -0.992940 0.118604
vn -0.001302 -0.992940 0.118608
vn -0.003934 -0.992938 0.118566
vn -0.006624 -0.992934 0.118480
vn -0.013131 -0.971941 0.234856
vn -0.018578 -0.971915 0.234596
vn -0.027577 -0.936992 0.348262
vn -0.035627 -0.936909 0.347753
vn -0.046674 -0.888943 0.455634
vn -0.057054 -0.888766 0.454797
vn -0.070372 -0.824828 0.560987
vn -0.082961 -0.824511 0.559731
vn -0.095434 -0.759157 0.643873
vn -0.109644 -0.758678 0.642173
vn -0.122649 -0.684821 0.718316
vn -0.138207 -0.684143 0.716134
vn -0.151351 -0.601757 0.784207
vn -0.184095 -0.599906 0.778602
vn -0.197873 -0.510488 0.836808
vn -0.227217 -0.508281 0.830676
vn -0.237992 -0.431773 0.870019
vn -0.261892 -0.429458 0.864279
vn -0.251484 -0.351118 0.901927
vn -0.268895 -0.349284 0.897606
vn -0.282903 -0.347647 0.893928
vn -0.279268 -0.427513 0.859792
vn -0.288101 -0.426432 0.857411
vn -0.266728 -0.504529 0.821162
vn -0.275191 -0.503571 0.818954
vn -0.248316 -0.594946 0.764447
vn -0.256223 -0.594142 0.762460
vn -0.226910 -0.678659 0.698523
vn -0.234160 -0.678006 0.696762
vn -0.202990 -0.753892 0.624853
vn -0.209495 -0.753381 0.623320
vn -0.176567 -0.820634 0.543492
vn -0.182242 -0.820255 0.542189
vn -0.143232 -0.886075 0.440857
vn -0.147849 -0.885831 0.439823
vn -0.109375 -0.935265 0.336625
vn -0.112910 -0.935124 0.335850
vn -0.073702 -0.971144 0.226820
vn -0.076089 -0.971081 0.226303
vn -0.037193 -0.992732 0.114454
vn -0.038399 -0.992716 0.114195
vn -0.039141 -0.992706 0.114032
vn -0.039022 -0.992707 0.114060
vn -0.037864 -0.992722 0.114323
vn -0.040180 -0.990885 0.128580
vn 0.243306 -0.506725 0.827063
vn 0.254251 -0.584153 0.770793
vn 0.226467 -0.596771 0.769791
vn 0.227175 -0.688523 0.688715
vn 0.206911 -0.680125 0.703290
vn 0.185075 -0.755030 0.629029
vn 0.182479 -0.681817 0.708398
vn 0.163192 -0.756350 0.633485
vn 0.156786 -0.683329 0.713078
vn 0.140187 -0.757528 0.637573
vn 0.143437 -0.684005 0.715236
vn 0.128239 -0.758053 0.639461
vn 0.129738 -0.684625 0.717256
vn 0.115980 -0.758534 0.641229
vn 0.114465 -0.685233 0.719272
vn 0.102318 -0.759005 0.642995
vn 0.196120 -0.779767 0.594560
vn 0.160967 -0.821470 0.547062
vn 0.141914 -0.822447 0.550855
vn 0.121887 -0.823317 0.554340
vn 0.111488 -0.823704 0.555951
vn 0.100822 -0.824058 0.557461
vn 0.088938 -0.824404 0.558971
vn 0.161265 -0.857305 0.488899
vn 0.130564 -0.886611 0.443705
vn 0.115093 -0.887240 0.446720
vn 0.098833 -0.887800 0.449492
vn 0.090393 -0.888048 0.450776
vn 0.081737 -0.888275 0.451980
vn 0.072097 -0.888496 0.453185
vn 0.123699 -0.918731 0.375009
vn 0.099695 -0.935572 0.338773
vn 0.087872 -0.935934 0.341038
vn 0.075447 -0.936255 0.343124
vn 0.068998 -0.936398 0.344091
vn 0.062386 -0.936528 0.344998
vn 0.055024 -0.936654 0.345907
vn 0.083653 -0.963683 0.253607
vn 0.067176 -0.971281 0.228256
vn 0.059206 -0.971443 0.229768
vn 0.050828 -0.971587 0.231161
vn 0.046480 -0.971651 0.231807
vn 0.042023 -0.971709 0.232415
vn 0.037062 -0.971765 0.233022
vn 0.042259 -0.990858 0.128117
vn 0.033898 -0.992767 0.115174
vn 0.029875 -0.992808 0.115931
vn 0.025645 -0.992844 0.116628
vn 0.023450 -0.992861 0.116952
vn 0.021200 -0.992875 0.117257
vn 0.018695 -0.992890 0.117561
vn -0.009373 -0.992928 0.118350
vn -0.024002 -0.971879 0.234256
vn -0.043550 -0.936807 0.347124
vn -0.067258 -0.888562 0.453800
vn -0.095316 -0.824158 0.558282
vn -0.123561 -0.758151 0.640265
vn -0.168127 -0.682652 0.711140
vn -0.211436 -0.598072 0.773049
vn -0.250086 -0.506245 0.825332
vn -0.012110 -0.992918 0.118180
vn -0.029338 -0.971833 0.233838
vn -0.051336 -0.936690 0.346375
vn -0.077275 -0.888335 0.452646
vn -0.107421 -0.823771 0.556653
vn -0.150324 -0.756993 0.635896
vn -0.193127 -0.681178 0.706186
vn -0.232772 -0.596379 0.768212
vn -0.014802 -0.992907 0.117970
vn -0.034582 -0.971781 0.233338
vn -0.058981 -0.936561 0.345507
vn -0.087095 -0.888087 0.451349
vn -0.130695 -0.822917 0.552925
vn -0.172700 -0.755850 0.631558
vn -0.212662 -0.679816 0.701873
vn -0.017446 -0.992894 0.117720
vn -0.020043 -0.992879 0.117430
vn -0.022593 -0.992863 0.117103
vn -0.027488 -0.992827 0.116356
vn -0.031590 -0.992792 0.115610
vn -0.034821 -0.992760 0.114957
vn -0.075035 -0.971104 0.226555
vn -0.079538 -0.963788 0.254532
vn -0.111354 -0.935176 0.336223
vn -0.117618 -0.918964 0.376393
vn -0.145827 -0.885923 0.440313
vn -0.153349 -0.857708 0.490735
vn -0.179765 -0.820401 0.542796
vn -0.186505 -0.780381 0.596843
vn -0.206663 -0.753582 0.624023
vn -0.216064 -0.689375 0.691432
vn -0.231015 -0.678268 0.697557
vn -0.241844 -0.585268 0.773934
vn -0.252799 -0.594471 0.763345
vn -0.271536 -0.503973 0.819927
vn -0.260483 -0.593717 0.761347
vn -0.279768 -0.503069 0.817711
vn -0.261170 -0.593641 0.761171
vn -0.280494 -0.502977 0.817519
vn -0.263113 -0.470975 0.841994
vn -0.284293 -0.426895 0.858451
vn -0.292892 -0.425869 0.856066
vn -0.293642 -0.425765 0.855861
vn -0.297739 -0.345761 0.889832
vn -0.305826 -0.344700 0.887498
vn -0.301171 -0.345280 0.888863
vn -0.230561 -0.353078 0.906740
vn -0.207293 -0.434283 0.876600
vn -0.162703 -0.512711 0.843003
vn -0.134326 -0.602600 0.786657
vn -0.106756 -0.685438 0.720262
vn -0.080951 -0.759587 0.645348
vn -0.057567 -0.825104 0.562041
vn -0.036130 -0.889086 0.456312
vn -0.019494 -0.937050 0.348651
vn -0.007799 -0.971958 0.235027
vn -0.206038 -0.355095 0.911842
vn -0.170474 -0.436808 0.883254
vn -0.144415 -0.513725 0.845713
vn -0.116925 -0.603368 0.788845
vn -0.090556 -0.685991 0.721953
vn -0.066221 -0.759960 0.646588
vn -0.044565 -0.825326 0.562895
vn -0.025544 -0.889188 0.456829
vn -0.011579 -0.937086 0.348907
vn -0.002581 -0.971965 0.235111
vn -0.178629 -0.357090 0.916831
vn -0.150470 -0.358896 0.921169
vn -0.151326 -0.437960 0.886167
vn -0.131738 -0.439008 0.888773
vn -0.125715 -0.514647 0.848136
vn -0.106641 -0.515470 0.850246
vn -0.099182 -0.604053 0.790748
vn -0.081135 -0.604644 0.792352
vn -0.074077 -0.686469 0.723376
vn -0.057354 -0.686855 0.724528
vn -0.051268 -0.760261 0.647592
vn -0.036257 -0.760475 0.648354
vn -0.031513 -0.825484 0.563545
vn -0.018720 -0.825583 0.563971
vn -0.015173 -0.889251 0.457169
vn -0.005023 -0.889280 0.457336
vn -0.003832 -0.937103 0.349033
vn 0.005397 -0.937099 0.349021
vn 0.003635 -0.971964 0.235103
vn 0.009685 -0.971952 0.234981
vn -0.121415 -0.360459 0.924839
vn -0.111755 -0.439942 0.891046
vn -0.087239 -0.516177 0.852027
vn -0.062824 -0.605121 0.793651
vn -0.040566 -0.687130 0.725401
vn -0.021540 -0.760609 0.648853
vn -0.006197 -0.825628 0.564180
vn 0.007073 -0.889274 0.457320
vn 0.014380 -0.937073 0.348838
vn 0.015571 -0.971930 0.234755
vn -0.091608 -0.361733 0.927770
vn -0.091425 -0.440743 0.892966
vn -0.067555 -0.516747 0.853469
vn -0.044440 -0.605463 0.794632
vn -0.024102 -0.687303 0.725971
vn -0.007131 -0.760672 0.649098
vn 0.008726 -0.825620 0.564159
vn 0.018843 -0.889228 0.457077
vn 0.023119 -0.937024 0.348499
vn 0.021299 -0.971899 0.234434
vn -0.070801 -0.441388 0.894519
vn -0.061234 -0.362650 0.929912
vn -0.050094 -0.441853 0.895688
vn -0.031267 -0.363178 0.931195
vn -0.029769 -0.442149 0.896447
vn -0.002154 -0.363358 0.931647
vn -0.009859 -0.442290 0.896818
vn 0.013875 -0.442268 0.896776
vn 0.013237 -0.517520 0.855569
vn 0.035268 -0.517329 0.855060
vn 0.032792 -0.605605 0.795090
vn 0.052709 -0.605314 0.794239
vn 0.048114 -0.687010 0.725054
vn 0.065784 -0.686676 0.723981
vn 0.058799 -0.760122 0.647115
vn 0.026078 -0.363225 0.931336
vn 0.036968 -0.442050 0.896228
vn 0.056686 -0.516980 0.854119
vn 0.072061 -0.604900 0.793034
vn 0.053412 -0.362809 0.930332
vn 0.059416 -0.441653 0.895217
vn 0.077492 -0.516481 0.852785
vn 0.079841 -0.362133 0.928701
vn 0.081217 -0.441085 0.893783
vn 0.104964 -0.361226 0.926552
vn 0.199767 -0.598861 0.775538
vn 0.171677 -0.600732 0.780800
vn 0.157077 -0.601572 0.783223
vn 0.142089 -0.602343 0.785489
vn 0.125375 -0.603101 0.787750
vn 0.214670 -0.509222 0.833432
vn 0.184529 -0.511462 0.839259
vn 0.168855 -0.512470 0.841939
vn 0.152760 -0.513399 0.844444
vn 0.134805 -0.514313 0.846942
vn 0.031620 -0.936954 0.348019
vn 0.041430 -0.889021 0.455989
vn 0.030294 -0.889143 0.456626
vn 0.051109 -0.825224 0.562489
vn 0.037374 -0.825414 0.563289
vn 0.023248 -0.825547 0.563854
vn 0.043002 -0.760381 0.648052
vn 0.029932 -0.687243 0.725811
vn 0.012307 -0.605763 0.795550
vn -0.009405 -0.517540 0.855607
vn 0.026750 -0.760561 0.648715
vn 0.010040 -0.760660 0.649072
vn 0.011234 -0.687370 0.726220
vn -0.008744 -0.605780 0.795584
vn -0.028400 -0.517417 0.855262
vn -0.007980 -0.687384 0.726250
vn -0.026406 -0.605679 0.795271
vn -0.047793 -0.517157 0.854555
vn -0.039731 -0.971723 0.232758
vn -0.066480 -0.936418 0.344530
vn -0.105969 -0.887540 0.448379
vn -0.150166 -0.822077 0.549218
vn -0.190207 -0.754793 0.627781
vn -0.044784 -0.971659 0.232105
vn -0.080887 -0.936104 0.342295
vn -0.121768 -0.887001 0.445423
vn -0.165419 -0.821299 0.545989
vn -0.054487 -0.971519 0.230613
vn -0.092953 -0.935796 0.340067
vn -0.134162 -0.886503 0.442846
vn -0.062618 -0.971381 0.229123
vn -0.069013 -0.971254 0.227823
vn -0.102432 -0.935510 0.338124
vn -0.077560 -0.971040 0.225975
vn -0.077329 -0.971046 0.226029
vn -0.115095 -0.935034 0.335356
vn -0.114760 -0.935047 0.335435
vn -0.150713 -0.885676 0.439163
vn -0.150284 -0.885699 0.439264
vn -0.185771 -0.820016 0.541352
vn -0.185254 -0.820052 0.541476
vn -0.213550 -0.753061 0.622331
vn -0.212967 -0.753109 0.622473
vn -0.238688 -0.677598 0.695621
vn -0.238049 -0.677659 0.695780
vn -0.002898 -0.994011 0.109245
vn 0.000020 -0.991395 0.130903
vn -0.005727 -0.976327 0.216222
vn 0.000040 -0.966025 0.258448
vn -0.007472 -0.959437 0.281823
vn -0.000001 -0.923875 0.382694
vn -0.009211 -0.937986 0.346552
vn -0.010928 -0.911991 0.410065
vn -0.022643 -0.917148 0.397903
vn -0.026018 -0.888844 0.457471
vn -0.044127 -0.897301 0.439207
vn -0.049678 -0.867667 0.494657
vn -0.053490 -0.901421 0.429627
vn -0.060253 -0.872943 0.484088
vn -0.062979 -0.905472 0.419706
vn -0.070975 -0.878133 0.473122
vn -0.075160 -0.910430 0.406778
vn -0.084751 -0.884489 0.458800
vn -0.087784 -0.915267 0.393168
vn -0.099044 -0.890693 0.443686
vn -0.100656 -0.919966 0.378854
vn -0.113630 -0.896725 0.427753
vn -0.117618 -0.918964 0.376393
vn -0.126246 -0.870721 0.475297
vn -0.153323 -0.857708 0.490743
vn -0.138517 -0.841944 0.521482
vn -0.150450 -0.810360 0.566288
vn -0.130894 -0.799468 0.586275
vn -0.142254 -0.757576 0.637058
vn -0.121388 -0.744162 0.656877
vn -0.130302 -0.696856 0.705276
vn -0.108717 -0.680788 0.724368
vn -0.115227 -0.630037 0.767969
vn -0.097437 -0.615055 0.782441
vn -0.102437 -0.559345 0.822581
vn -0.084000 -0.542211 0.836033
vn -0.087700 -0.481364 0.872122
vn -0.048796 -0.507338 0.860364
vn -0.050848 -0.442411 0.895370
vn -0.023173 -0.479337 0.877325
vn -0.024138 -0.411208 0.911222
vn 0.000002 -0.382694 0.923875
vn -0.024939 -0.340759 0.939820
vn -0.000038 -0.258448 0.966025
vn -0.025487 -0.268962 0.962813
vn 0.000092 -0.130903 0.991395
vn -0.025863 -0.195844 0.980294
vn -0.026141 -0.121390 0.992261
vn -0.055802 -0.164480 0.984801
vn -0.056410 -0.091741 0.994184
vn -0.079723 -0.124104 0.989061
vn 0.000001 -0.865830 0.500339
vn -0.012538 -0.881962 0.471153
vn -0.029242 -0.856845 0.514744
vn -0.055031 -0.834604 0.548095
vn -0.066785 -0.841152 0.536658
vn -0.078709 -0.847600 0.524766
vn -0.094044 -0.855498 0.509194
vn -0.109974 -0.863214 0.492715
vn -0.014058 -0.848050 0.529729
vn 0.000060 -0.793594 0.608448
vn -0.015514 -0.810287 0.585828
vn -0.016932 -0.768648 0.639448
vn -0.035334 -0.781830 0.622490
vn -0.038242 -0.738729 0.672917
vn -0.065215 -0.758081 0.648892
vn -0.070661 -0.707978 0.702691
vn -0.079223 -0.767537 0.636090
vn -0.085897 -0.719296 0.689373
vn -0.093451 -0.776857 0.622704
vn -0.101390 -0.730460 0.675388
vn -0.111791 -0.788287 0.605067
vn 0.000000 -0.707107 0.707107
vn -0.018334 -0.723062 0.690540
vn -0.041373 -0.684838 0.727520
vn -0.075623 -0.654461 0.752304
vn -0.092022 -0.667709 0.738713
vn -0.019822 -0.666136 0.745567
vn -0.000019 -0.608448 0.793594
vn -0.021095 -0.605599 0.795490
vn 0.000077 -0.500339 0.865830
vn -0.022175 -0.544115 0.838718
vn -0.026391 -0.045674 0.998608
vn -0.097583 -0.218932 0.970848
vn -0.104450 -0.156502 0.982139
vn -0.119829 -0.245965 0.961843
vn -0.130334 -0.188874 0.973314
vn -0.142771 -0.272889 0.951393
vn -0.157084 -0.221184 0.962498
vn -0.172891 -0.306273 0.936112
vn -0.185876 -0.253363 0.949346
vn -0.204917 -0.339331 0.918076
vn -0.216010 -0.285274 0.933787
vn -0.238308 -0.371920 0.897154
vn -0.247330 -0.316805 0.915676
vn -0.263090 -0.470975 0.842001
vn -0.231949 -0.428697 0.873166
vn -0.199802 -0.398599 0.895096
vn -0.168889 -0.368013 0.914354
vn -0.139732 -0.337067 0.931054
vn -0.117462 -0.312068 0.942771
vn -0.095817 -0.286926 0.953149
vn -0.055005 -0.236158 0.970157
vn -0.053960 -0.306370 0.950382
vn -0.224739 -0.483717 0.845879
vn -0.241867 -0.585268 0.773927
vn -0.216640 -0.536985 0.815300
vn -0.207605 -0.588481 0.781403
vn -0.187215 -0.511910 0.838391
vn -0.179648 -0.565936 0.804639
vn -0.158783 -0.486344 0.859219
vn -0.152576 -0.542918 0.825809
vn -0.131824 -0.460390 0.877874
vn -0.126845 -0.519518 0.844992
vn -0.111134 -0.439360 0.891410
vn -0.107054 -0.500534 0.859072
vn -0.090939 -0.418150 0.903815
vn -0.197745 -0.637721 0.744452
vn -0.216032 -0.689375 0.691442
vn -0.187230 -0.684207 0.704844
vn -0.176041 -0.727972 0.662620
vn -0.162403 -0.666542 0.727563
vn -0.152868 -0.712603 0.684711
vn -0.138268 -0.648462 0.748584
vn -0.186522 -0.780381 0.596838
vn -0.163647 -0.770654 0.615883
vn -0.087308 -0.940428 0.328591
vn -0.079528 -0.963788 0.254535
vn -0.073589 -0.958042 0.277020
vn -0.059704 -0.972574 0.224801
vn -0.064223 -0.955566 0.287695
vn -0.052116 -0.970953 0.233524
vn -0.055026 -0.953017 0.297876
vn -0.044662 -0.969284 0.241853
vn -0.046135 -0.950403 0.307580
vn -0.037450 -0.967572 0.249802
vn -0.039201 -0.948266 0.315048
vn -0.031823 -0.966173 0.255925
vn -0.032356 -0.946091 0.322280
vn -0.026268 -0.964748 0.261860
vn -0.015511 -0.961822 0.273235
vn -0.011890 -0.977725 0.209552
vn -0.040166 -0.990885 0.128584
vn -0.045705 -0.984017 0.172110
vn -0.039906 -0.983069 0.178835
vn -0.034206 -0.982093 0.185263
vn -0.028687 -0.981092 0.191404
vn -0.024379 -0.980273 0.196140
vn -0.020127 -0.979439 0.200734
vn -0.006007 -0.994368 0.105808
vn -0.023015 -0.995972 0.086661
vn -0.020104 -0.995731 0.090085
vn -0.017240 -0.995483 0.093364
vn -0.014464 -0.995228 0.096502
vn -0.012296 -0.995019 0.098925
vn -0.010155 -0.994806 0.101280
vn -0.052599 -0.375130 0.925479
vn -0.093622 -0.353328 0.930803
vn -0.114583 -0.376530 0.919291
vn -0.136100 -0.399565 0.906546
vn -0.164202 -0.428034 0.888721
vn -0.193916 -0.456123 0.868532
vn -0.046583 -0.568988 0.821026
vn -0.044164 -0.627414 0.777432
vn -0.079986 -0.599894 0.796071
vn -0.032340 -0.821181 0.569751
vn -0.060205 -0.798093 0.599518
vn -0.073104 -0.806034 0.587337
vn -0.086197 -0.813856 0.574637
vn -0.103054 -0.823445 0.557959
vn -0.120587 -0.832818 0.540252
vn -0.019104 -0.941625 0.336122
vn -0.038356 -0.923481 0.381723
vn -0.046474 -0.926564 0.373256
vn -0.054700 -0.929594 0.364503
vn -0.065252 -0.933302 0.353115
vn -0.076176 -0.936917 0.341151
vn -0.121261 -0.576294 0.808196
vn -0.145684 -0.597163 0.788779
vn -0.171322 -0.617665 0.767554
vn 0.042240 -0.990867 0.128056
vn 0.034526 -0.990539 0.132821
vn 0.000000 -1.000000 0.000000
vn -0.097924 -0.986291 0.132821
vn -0.130526 -0.991445 0.000000
vn -0.228625 -0.964411 0.132821
vn -0.258819 -0.965926 0.000000
vn -0.355238 -0.925292 0.132821
vn -0.382683 -0.923880 0.000000
vn -0.475500 -0.869631 0.132821
vn -0.500000 -0.866025 0.000000
vn -0.587263 -0.798424 0.132821
vn -0.608761 -0.793353 0.000000
vn -0.688527 -0.712944 0.132821
vn -0.707107 -0.707107 0.000000
vn -0.777482 -0.614719 0.132821
vn -0.793353 -0.608761 0.000000
vn -0.852539 -0.505505 0.132821
vn -0.866025 -0.500000 0.000000
vn -0.912356 -0.387255 0.132821
vn -0.923880 -0.382683 0.000000
vn -0.955862 -0.262081 0.132821
vn -0.965926 -0.258819 0.000000
vn -0.982281 -0.132222 0.132821
vn -0.991445 -0.130526 0.000000
vn -0.991101 -0.048210 0.124072
vn -1.000000 0.000000 0.000000
vn 0.083708 -0.963635 0.253772
vn 0.033606 -0.964132 0.263288
vn -0.095314 -0.959997 0.263288
vn -0.222530 -0.938701 0.263288
vn -0.345767 -0.900624 0.263288
vn -0.462824 -0.846448 0.263288
vn -0.571607 -0.777139 0.263288
vn -0.670171 -0.693938 0.263288
vn -0.756756 -0.598332 0.263288
vn -0.829811 -0.492029 0.263288
vn -0.888033 -0.376931 0.263288
vn -0.930380 -0.255094 0.263288
vn -0.956094 -0.128697 0.263288
vn -0.964564 -0.095563 0.245937
vn -0.920859 -0.141214 0.363424
vn -0.888411 -0.243587 0.389089
vn -0.847975 -0.359928 0.389089
vn -0.792891 -0.336547 0.507997
vn -0.740907 -0.439314 0.507997
vn -0.676305 -0.401009 0.617902
vn -0.616764 -0.487647 0.617902
vn -0.546921 -0.432425 0.716858
vn -0.484345 -0.501522 0.716858
vn -0.413911 -0.428589 0.803112
vn -0.353035 -0.479976 0.803112
vn -0.286704 -0.389794 0.875135
vn -0.232141 -0.424558 0.875135
vn -0.233559 -0.352168 0.906327
vn -0.173429 -0.451732 0.875135
vn -0.102053 -0.360294 0.927240
vn -0.111616 -0.470830 0.875135
vn -0.047807 -0.481512 0.875135
vn -0.137439 -0.579760 0.803112
vn -0.058868 -0.592913 0.803112
vn -0.160826 -0.678417 0.716858
vn -0.068885 -0.693808 0.716858
vn -0.181364 -0.765052 0.617902
vn -0.077682 -0.782408 0.617902
vn -0.198688 -0.838130 0.507997
vn -0.085102 -0.857145 0.507997
vn -0.212492 -0.896357 0.389089
vn -0.091014 -0.916693 0.389089
vn 0.123647 -0.918802 0.374853
vn 0.032090 -0.920641 0.389089
vn 0.030005 -0.860836 0.507997
vn 0.161328 -0.857185 0.489087
vn 0.144576 -0.849139 0.507997
vn 0.196062 -0.779912 0.594388
vn 0.131970 -0.775101 0.617902
vn 0.227215 -0.688393 0.688831
vn 0.117026 -0.687327 0.716858
vn 0.207672 -0.665572 0.716858
vn 0.177472 -0.568783 0.803112
vn 0.254217 -0.584300 0.770693
vn 0.251764 -0.540024 0.803112
vn 0.276576 -0.469534 0.838477
vn 0.204461 -0.438560 0.875135
vn 0.261139 -0.407364 0.875135
vn 0.164037 -0.357279 0.919480
vn 0.144127 -0.461916 0.875135
vn 0.031270 -0.362008 0.931650
vn 0.081218 -0.477014 0.875135
vn 0.016856 -0.483585 0.875135
vn 0.020756 -0.595466 0.803112
vn -0.336142 -0.348063 0.875135
vn -0.360909 -0.337774 0.869283
vn -0.467387 -0.369541 0.803112
vn -0.599720 -0.355598 0.716858
vn -0.723757 -0.307203 0.617902
vn -0.785353 -0.224210 0.577018
vn -0.830700 -0.227764 0.507997
vn -0.860766 -0.184353 0.474443
vn -0.481836 -0.317369 0.816769
vn -0.594187 -0.291315 0.749718
vn -0.695963 -0.260077 0.669324
vn 0.024288 -0.696796 0.716858
vn 0.027389 -0.785778 0.617902
vn 0.100008 -0.587375 0.803112
vn -0.330170 -0.859998 0.389089
vn -0.441947 -0.808265 0.389089
vn -0.545822 -0.742083 0.389089
vn -0.639941 -0.662635 0.389089
vn -0.722619 -0.571341 0.389089
vn -0.792380 -0.469834 0.389089
vn -0.308723 -0.804133 0.507997
vn -0.413238 -0.755761 0.507997
vn -0.510366 -0.693878 0.507997
vn -0.598370 -0.619591 0.507997
vn -0.675678 -0.534227 0.507997
vn -0.281804 -0.734019 0.617902
vn -0.377207 -0.689864 0.617902
vn -0.465866 -0.633377 0.617902
vn -0.546197 -0.565567 0.617902
vn -0.249892 -0.650898 0.716858
vn -0.334491 -0.611743 0.716858
vn -0.413111 -0.561653 0.716858
vn -0.213553 -0.556243 0.803112
vn -0.285849 -0.522782 0.803112
vn 0.000000 -0.995185 0.098017
vn 0.000000 -0.991445 0.130526
vn 0.000000 -0.980785 0.195090
vn 0.000000 -0.965926 0.258819
vn 0.000000 -0.956940 0.290285
vn 0.000000 -0.923880 0.382683
vn 0.000000 -0.923880 0.382683
vn 0.000000 -0.881921 0.471397
vn 0.000000 -0.866025 0.500000
vn 0.000000 -0.831470 0.555570
vn 0.000000 -0.793353 0.608761
vn 0.000000 -0.773010 0.634393
vn 0.000000 -0.707107 0.707107
vn 0.000000 -0.634393 0.773010
vn 0.000000 -0.608761 0.793353
vn 0.000000 -0.555570 0.831470
vn 0.000000 -0.500000 0.866025
vn 0.000000 -0.471397 0.881921
vn 0.000000 -0.382683 0.923880
vn 0.000000 -0.382683 0.923880
vn 0.000000 -0.290285 0.956940
vn 0.000000 -0.258819 0.965926
vn 0.000000 -0.195090 0.980785
vn 0.000000 -0.130526 0.991445
vn 0.000000 -0.098017 0.995185
vn 0.000000 1.000000 0.000000
vn 0.000000 1.000000 0.000000
vn 0.000000 1.000000 0.000000
vn 0.000000 1.000000 0.000000
vn 1.000000 -0.000000 0.000000
vn 1.000000 -0.000000 0.000000
vn 1.000000 -0.000000 0.000000
vn 1.000000 -0.000000 0.000000
vn -1.000000 -0.000000 0.000000
vn -1.000000 -0.000000 0.000000
vn -0.988831 0.149042 0.000000
vn -0.988831 0.149042 0.000000
vn -0.955573 0.294755 0.000000
vn -0.955573 0.294755 0.000000
vn -0.900969 0.433884 0.000000
vn -0.900969 0.433884 0.000000
vn -0.826239 0.563320 0.000000
vn -0.826239 0.563320 0.000000
vn -0.733052 0.680173 0.000000
vn -0.733052 0.680173 0.000000
vn -0.623490 0.781831 0.000000
vn -0.623490 0.781831 0.000000
vn -0.500000 0.866025 0.000000
vn -0.500000 0.866025 0.000000
vn -0.365341 0.930874 0.000000
vn -0.365341 0.930874 0.000000
vn -0.222521 0.974928 0.000000
vn -0.222521 0.974928 0.000000
vn -0.074730 0.997204 0.000000
vn -0.074730 0.997204 0.000000
vn 0.074730 0.997204 -0.000000
vn 0.074730 0.997204 -0.000000
vn 0.222521 0.974928 -0.000000
vn 0.222521 0.974928 -0.000000
vn 0.365341 0.930874 -0.000000
vn 0.365341 0.930874 -0.000000
vn 0.500000 0.866025 -0.000000
vn 0.500000 0.866025 -0.000000
vn 0.623490 0.781831 -0.000000
vn 0.623490 0.781831 -0.000000
vn 0.733052 0.680173 -0.000000
vn 0.733052 0.680173 -0.000000
vn 0.826239 0.563320 -0.000000
vn 0.826239 0.563320 -0.000000
vn 0.900969 0.433884 -0.000000
vn 0.900969 0.433884 -0.000000
vn 0.955573 0.294755 -0.000000
vn 0.955573 0.294755 -0.000000
vn 0.988831 0.149042 -0.000000
vn 0.988831 0.149042 -0.000000
vn 1.000000 -0.000000 0.000000
vn 1.000000 -0.000000 0.000000
vn -1.000000 0.000000 0.000000
vn -1.000000 0.000000 0.000000
vn -1.000000 0.000000 0.000000
vn -1.000000 0.000000 0.000000
vn 1.000000 0.000000 -0.000000
vn 1.000000 0.000000 -0.000000
vn 0.988831 -0.149042 0.000000
vn 0.988831 -0.149042 0.000000
vn 0.955573 -0.294755 0.000000
vn 0.955573 -0.294755 0.000000
vn 0.900969 -0.433884 0.000000
vn 0.900969 -0.433884 0.000000
vn 0.826239 -0.563320 0.000000
vn 0.826239 -0.563320 0.000000
vn 0.733052 -0.680173 0.000000
vn 0.733052 -0.680173 0.000000
vn 0.623490 -0.781832 0.000000
vn 0.623490 -0.781832 0.000000
vn 0.500000 -0.866025 0.000000
vn 0.500000 -0.866025 0.000000
vn 0.365341 -0.930874 0.000000
vn 0.365341 -0.930874 0.000000
vn 0.222521 -0.974928 0.000000
vn 0.222521 -0.974928 0.000000
vn 0.074730 -0.997204 0.000000
vn 0.074730 -0.997204 0.000000
vn -0.074730 -0.997204 0.000000
vn -0.074730 -0.997204 0.000000
vn -0.222521 -0.974928 0.000000
vn -0.222521 -0.974928 0.000000
vn -0.365341 -0.930874 0.000000
vn -0.365341 -0.930874 0.000000
vn -0.500000 -0.866025 0.000000
vn -0.500000 -0.866025 0.000000
vn -0.623490 -0.781832 0.000000
vn -0.623490 -0.781832 0.000000
vn -0.733052 -0.680173 0.000000
vn -0.733052 -0.680173 0.000000
vn -0.826239 -0.563320 0.000000
vn -0.826239 -0.563320 0.000000
vn -0.900969 -0.433884 0.000000
vn -0.900969 -0.433884 0.000000
vn -0.955573 -0.294755 0.000000
vn -0.955573 -0.294755 0.000000
vn -0.988831 -0.149042 0.000000
vn -0.988831 -0.149042 0.000000
vn -1.000000 -0.000000 0.000000
vn -1.000000 -0.000000 0.000000
vn 0.000000 1.000000 -0.000000
vn 0.000000 1.000000 -0.000000
vn 0.000000 1.000000 -0.000000
vn 0.000000 1.000000 -0.000000
vn 1.000000 0.000000 0.000000
vn 1.000000 0.000000 0.000000
vn 1.000000 0.000000 0.000000
vn 1.000000 0.000000 0.000000
vn 0.000000 -1.000000 0.000000
vn 0.000000 -1.000000 0.000000
vn 0.000000 -1.000000 0.000000
vn 0.000000 -1.000000 0.000000
vn -1.000000 0.000000 0.000000
vn -1.000000 0.000000 0.000000
vn -1.000000 0.000000 0.000000
vn -1.000000 0.000000 0.000000
vn -0.000000 -0.000000 -1.000000
vn -0.000000 -0.000000 -1.000000
vn -0.000000 -0.000000 -1.000000
vn -0.000000 -0.000000 -1.000000
vn -0.000000 -0.000000 -1.000000
vn -0.000000 -0.000000 -1.000000
vn -0.000000 -0.000000 -1.000000
vn -0.000000 -0.000000 -1.000000
vn -0.000000 -0.000000 -1.000000
vn -0.000000 -0.000000 -1.000000
vn -0.000000 -0.000000 -1.000000
vn -0.000000 -0.000000 -1.000000
vn -0.000000 -0.000000 -1.000000
vn -0.000000 -0.000000 -1.000000
vn -0.000000 -0.000000 -1.000000
vn -0.000000 -0.000000 -1.000000
vn -0.000000 -0.000000 -1.000000
vn -0.000000 -0.000000 -1.000000
vn -0.000000 -0.000000 -1.000000
vn -0.000000 -0.000000 -1.000000
vn -0.000000 -0.000000 -1.000000
vn -0.000000 -0.000000 -1.000000
vn -0.000000 -0.000000 -1.000000
vn -0.000000 -0.000000 -1.000000
vn -0.000000 -0.000000 -1.000000
vn -0.000000 -0.000000 -1.000000
vn -0.000000 -0.000000 -1.000000
vn -0.000000 -0.000000 -1.000000
vn -0.000000 -0.000000 -1.000000
vn -0.000000 -0.000000 -1.000000
vn -0.000000 -0.000000 -1.000000
vn -0.000000 -0.000000 -1.000000
vn -0.000000 -0.000000 -1.000000
vn -0.000000 -0.000000 -1.000000
vn -0.000000 -0.000000 -1.000000
vn -0.000000 -0.000000 -1.000000
vn -0.000000 -0.000000 -1.000000
vn -0.000000 -0.000000 -1.000000
vn -0.000000 -0.000000 -1.000000
vn -0.000000 -0.000000 -1.000000
vn -0.000000 -0.000000 -1.000000
vn -0.000000 -0.000000 -1.000000
vn -0.000000 -0.000000 -1.000000
vn -0.000000 -0.000000 -1.000000
vn -0.000000 -0.000000 -1.000000
vn -0.000000 -0.000000 -1.000000
vn -0.000000 -0.000000 -1.000000
vn -0.000000 -0.000000 -1.000000
usemtl Steel_-_Satin
f 1/1/1 2/2/2 4/3/3
f 4/3/3 2/2/2 3/4/4
f 5/5/5 6/6/6 2/7/7
f 2/7/7 6/6/6 3/8/8
f 7/9/9 6/10/10 8/11/11
f 8/11/11 6/10/10 5/12/12
f 8/13/13 1/14/14 7/15/15
f 7/15/15 1/14/14 4/16/16
f 7/17/17 4/18/18 10/19/19
f 10/19/19 4/18/18 9/20/20
f 4/21/21 3/22/22 9/23/23
f 9/23/23 3/22/22 11/24/24
f 9/23/23 11/24/24 12/25/25
f 12/25/25 13/26/26 9/23/23
f 9/23/23 13/26/26 14/27/27
f 9/23/23 14/27/27 15/28/28
f 15/28/28 16/29/29 9/23/23
f 9/23/23 16/29/29 17/30/30
f 9/23/23 17/30/30 18/31/31
f 18/31/31 19/32/32 9/23/23
f 9/23/23 19/32/32 20/33/33
f 9/23/23 20/33/33 21/34/34
f 21/34/34 22/35/35 9/23/23
f 9/23/23 22/35/35 23/36/36
f 9/23/23 23/36/36 24/37/37
f 24/37/37 25/38/38 9/23/23
f 9/23/23 25/38/38 26/39/39
f 9/23/23 26/39/39 50/40/40
f 50/40/40 26/39/39 27/41/41
f 50/40/40 27/41/41 28/42/42
f 28/42/42 29/43/43 50/40/40
f 50/40/40 29/43/43 30/44/44
f 50/40/40 30/44/44 31/45/45
f 31/45/45 32/46/46 50/40/40
f 50/40/40 32/46/46 33/47/47
f 50/40/40 33/47/47 34/48/48
f 34/48/48 35/49/49 50/40/40
f 50/40/40 35/49/49 36/50/50
f 50/40/40 36/50/50 37/51/51
f 50/40/40 37/51/51 49/52/52
f 49/52/52 37/51/51 38/53/53
f 49/52/52 38/53/53 39/54/54
f 39/54/54 40/55/55 49/52/52
f 49/52/52 40/55/55 41/56/56
f 49/52/52 41/56/56 42/57/57
f 42/57/57 43/58/58 49/52/52
f 49/52/52 43/58/58 44/59/59
f 49/52/52 44/59/59 45/60/60
f 45/60/60 46/61/61 49/52/52
f 49/52/52 46/61/61 47/62/62
f 49/52/52 47/62/62 48/63/63
f 52/64/64 55/65/65 51/66/66
f 51/66/66 55/65/65 56/67/67
f 51/66/66 56/67/67 57/68/68
f 53/69/69 1/70/70 52/64/64
f 52/64/64 1/70/70 86/71/71
f 52/64/64 86/71/71 87/72/72
f 54/73/73 5/74/74 53/69/69
f 53/69/69 5/74/74 2/75/75
f 53/69/69 2/75/75 1/70/70
f 5/74/74 54/73/73 8/76/76
f 8/76/76 54/73/73 51/66/66
f 8/76/76 51/66/66 67/77/77
f 67/77/77 51/66/66 66/78/78
f 66/78/78 51/66/66 65/79/79
f 65/79/79 51/66/66 64/80/80
f 64/80/80 51/66/66 63/81/81
f 63/81/81 51/66/66 62/82/82
f 62/82/82 51/66/66 61/83/83
f 61/83/83 51/66/66 60/84/84
f 60/84/84 51/66/66 59/85/85
f 59/85/85 51/66/66 58/86/86
f 58/86/86 51/66/66 57/68/68
f 67/77/77 68/87/87 8/76/76
f 8/76/76 68/87/87 69/88/88
f 8/76/76 69/88/88 70/89/89
f 70/89/89 71/90/90 8/76/76
f 8/76/76 71/90/90 72/91/91
f 8/76/76 72/91/91 73/92/92
f 73/92/92 74/93/93 8/76/76
f 8/76/76 74/93/93 75/94/94
f 8/76/76 75/94/94 76/95/95
f 76/95/95 77/96/96 8/76/76
f 8/76/76 77/96/96 1/70/70
f 1/70/70 77/96/96 78/97/97
f 1/70/70 78/97/97 79/98/98
f 79/98/98 80/99/99 1/70/70
f 1/70/70 80/99/99 81/100/100
f 1/70/70 81/100/100 82/101/101
f 82/101/101 83/102/102 1/70/70
f 1/70/70 83/102/102 84/103/103
f 1/70/70 84/103/103 85/104/104
f 85/104/104 86/71/71 1/70/70
f 87/72/72 88/105/105 52/64/64
f 52/64/64 88/105/105 89/106/106
f 52/64/64 89/106/106 90/107/107
f 90/107/107 91/108/108 52/64/64
f 52/64/64 91/108/108 92/109/109
f 52/64/64 92/109/109 93/110/110
f 93/110/110 94/111/111 52/64/64
f 52/64/64 94/111/111 95/112/112
f 52/64/64 95/112/112 96/113/113
f 96/113/113 97/114/114 52/64/64
f 52/64/64 97/114/114 98/115/115
f 52/64/64 98/115/115 55/65/65
f 99/116/116 100/117/117 11/118/118
f 11/118/118 100/117/117 131/119/119
f 131/119/119 100/117/117 130/120/120
f 130/120/120 100/117/117 101/121/121
f 130/120/120 101/121/121 129/122/122
f 129/122/122 101/121/121 102/123/123
f 129/122/122 102/123/123 128/124/124
f 128/124/124 102/123/123 103/125/125
f 128/124/124 103/125/125 127/126/126
f 127/126/126 103/125/125 104/127/127
f 127/126/126 104/127/127 126/128/128
f 126/128/128 104/127/127 105/129/129
f 126/128/128 105/129/129 125/130/130
f 125/130/130 105/129/129 106/131/131
f 125/130/130 106/131/131 124/132/132
f 124/132/132 106/131/131 107/133/133
f 124/132/132 107/133/133 123/134/134
f 123/134/134 107/133/133 108/135/135
f 123/134/134 108/135/135 122/136/136
f 122/136/136 108/135/135 109/137/137
f 122/136/136 109/137/137 121/138/138
f 121/138/138 109/137/137 116/139/139
f 121/138/138 116/139/139 120/140/140
f 120/140/140 116/139/139 119/141/141
f 119/141/141 116/139/139 118/142/142
f 118/142/142 116/139/139 117/143/143
f 109/137/137 110/144/144 116/139/139
f 116/139/139 110/144/144 115/145/145
f 115/145/145 110/144/144 111/146/146
f 115/145/145 111/146/146 112/147/147
f 112/147/147 113/148/148 115/145/145
f 115/145/145 113/148/148 114/149/149
f 115/150/150 132/151/151 116/152/152
f 116/152/152 132/151/151 133/153/153
f 116/152/152 133/153/153 134/154/154
f 134/154/154 135/155/155 116/152/152
f 116/152/152 135/155/155 136/156/156
f 116/152/152 136/156/156 137/157/157
f 137/157/157 138/158/158 116/152/152
f 116/152/152 138/158/158 164/159/159
f 116/152/152 164/159/159 165/160/160
f 138/158/158 139/161/161 164/159/159
f 164/159/159 139/161/161 140/162/162
f 164/159/159 140/162/162 141/163/163
f 141/163/163 142/164/164 164/159/159
f 164/159/159 142/164/164 143/165/165
f 164/159/159 143/165/165 144/166/166
f 144/166/166 145/167/167 164/159/159
f 164/159/159 145/167/167 146/168/168
f 164/159/159 146/168/168 163/169/169
f 163/169/169 146/168/168 147/170/170
f 163/169/169 147/170/170 162/171/171
f 162/171/171 147/170/170 148/172/172
f 162/171/171 148/172/172 161/173/173
f 161/173/173 148/172/172 149/174/174
f 161/173/173 149/174/174 160/175/175
f 160/175/175 149/174/174 150/176/176
f 160/175/175 150/176/176 151/177/177
f 160/175/175 151/177/177 159/178/178
f 159/178/178 151/177/177 152/179/179
f 159/178/178 152/179/179 158/180/180
f 158/180/180 152/179/179 157/181/181
f 157/181/181 152/179/179 153/182/182
f 157/181/181 153/182/182 156/183/183
f 156/183/183 153/182/182 154/184/184
f 156/183/183 154/184/184 155/185/185
f 165/160/160 166/186/186 116/152/152
f 116/152/152 166/186/186 167/187/187
f 116/152/152 167/187/187 168/188/188
f 168/188/188 169/189/189 116/152/152
f 116/152/152 169/189/189 170/190/190
f 116/152/152 170/190/190 171/191/191
f 171/191/191 172/192/192 116/152/152
f 116/152/152 172/192/192 173/193/193
f 116/152/152 173/193/193 174/194/194
f 174/194/194 175/195/195 116/152/152
f 116/152/152 175/195/195 176/196/196
f 116/152/152 176/196/196 177/197/197
f 177/197/197 178/198/198 116/152/152
f 115/199/150 114/200/199 132/201/151
f 132/201/151 114/200/199 190/202/200
f 190/202/200 114/200/199 113/203/201
f 190/202/200 113/203/201 189/204/202
f 189/204/202 113/203/201 112/205/203
f 189/204/202 112/205/203 188/206/204
f 188/206/204 112/205/203 111/207/205
f 188/206/204 111/207/205 110/208/206
f 188/206/204 110/208/206 187/209/207
f 187/209/207 110/208/206 109/210/208
f 187/209/207 109/210/208 186/211/209
f 186/211/209 109/210/208 108/212/210
f 186/211/209 108/212/210 185/213/211
f 185/213/211 108/212/210 107/214/212
f 185/213/211 107/214/212 106/215/213
f 185/213/211 106/215/213 184/216/214
f 184/216/214 106/215/213 105/217/215
f 184/216/214 105/217/215 183/218/216
f 183/218/216 105/217/215 104/219/217
f 183/218/216 104/219/217 182/220/218
f 182/220/218 104/219/217 103/221/219
f 182/220/218 103/221/219 102/222/220
f 182/220/218 102/222/220 181/223/221
f 181/223/221 102/222/220 101/224/222
f 181/223/221 101/224/222 180/225/223
f 180/225/223 101/224/222 100/226/224
f 180/225/223 100/226/224 179/227/225
f 179/227/225 100/226/224 99/228/226
f 9/229/227 50/230/228 10/231/229
f 10/231/229 50/230/228 191/232/230
f 191/233/231 50/234/232 216/235/233
f 216/235/233 50/234/232 49/236/234
f 216/235/233 49/236/234 203/237/235
f 203/237/235 49/236/234 192/238/236
f 203/237/235 192/238/236 193/239/237
f 193/239/237 194/240/238 203/237/235
f 203/237/235 194/240/238 195/241/239
f 203/237/235 195/241/239 196/242/240
f 196/242/240 197/243/241 203/237/235
f 203/237/235 197/243/241 198/244/242
f 203/237/235 198/244/242 199/245/243
f 199/245/243 200/246/244 203/237/235
f 203/237/235 200/246/244 201/247/245
f 203/237/235 201/247/245 202/248/246
f 203/237/235 204/249/247 216/235/233
f 216/235/233 204/249/247 215/250/248
f 215/250/248 204/249/247 214/251/249
f 214/251/249 204/249/247 213/252/250
f 213/252/250 204/249/247 212/253/251
f 212/253/251 204/249/247 211/254/252
f 211/254/252 204/249/247 210/255/253
f 210/255/253 204/249/247 209/256/254
f 209/256/254 204/249/247 208/257/255
f 208/257/255 204/249/247 207/258/256
f 207/258/256 204/249/247 206/259/257
f 206/259/257 204/249/247 205/260/258
f 242/261/259 217/262/260 263/263/261
f 263/263/261 217/262/260 218/264/262
f 263/263/261 218/264/262 262/265/263
f 262/265/263 218/264/262 219/266/264
f 262/265/263 219/266/264 261/267/265
f 261/267/265 219/266/264 260/268/266
f 261/267/265 260/268/266 280/269/267
f 280/269/267 260/268/266 279/270/268
f 280/269/267 279/270/268 299/271/269
f 299/271/269 279/270/268 298/272/270
f 299/271/269 298/272/270 318/273/271
f 318/273/271 298/272/270 317/274/272
f 318/273/271 317/274/272 337/275/273
f 337/275/273 317/274/272 336/276/274
f 337/275/273 336/276/274 355/277/275
f 355/277/275 336/276/274 354/278/276
f 355/277/275 354/278/276 374/279/277
f 374/279/277 354/278/276 373/280/278
f 374/279/277 373/280/278 397/281/279
f 397/281/279 373/280/278 398/282/280
f 397/281/279 398/282/280 392/283/281
f 392/283/281 398/282/280 391/284/282
f 392/283/281 391/284/282 181/285/283
f 181/285/283 391/284/282 182/286/284
f 182/286/284 391/284/282 390/287/285
f 182/286/284 390/287/285 389/288/286
f 389/288/286 390/287/285 400/289/287
f 389/288/286 400/289/287 401/290/288
f 401/290/288 400/289/287 370/291/289
f 401/290/288 370/291/289 369/292/290
f 369/292/290 370/291/289 350/293/291
f 369/292/290 350/293/291 349/294/292
f 349/294/292 350/293/291 331/295/293
f 349/294/292 331/295/293 330/296/294
f 330/296/294 331/295/293 311/297/295
f 330/296/294 311/297/295 310/298/296
f 310/298/296 311/297/295 291/299/297
f 310/298/296 291/299/297 290/300/298
f 290/300/298 291/299/297 271/301/299
f 290/300/298 271/301/299 270/302/300
f 270/302/300 271/301/299 251/303/301
f 270/302/300 251/303/301 250/304/302
f 250/304/302 251/303/301 223/305/303
f 250/304/302 223/305/303 224/306/304
f 260/268/266 219/266/264 259/307/305
f 259/307/305 219/266/264 220/308/306
f 259/307/305 220/308/306 258/309/307
f 258/309/307 220/308/306 257/310/308
f 258/309/307 257/310/308 277/311/309
f 277/311/309 257/310/308 276/312/310
f 277/311/309 276/312/310 296/313/311
f 296/313/311 276/312/310 295/314/312
f 296/313/311 295/314/312 315/315/313
f 315/315/313 295/314/312 314/316/314
f 315/315/313 314/316/314 334/317/315
f 334/317/315 314/316/314 333/318/316
f 334/317/315 333/318/316 352/319/317
f 352/319/317 333/318/316 351/320/318
f 352/319/317 351/320/318 371/321/319
f 371/321/319 351/320/318 370/291/289
f 371/321/319 370/291/289 400/289/287
f 220/308/306 221/322/320 257/310/308
f 257/310/308 221/322/320 256/323/321
f 257/310/308 256/323/321 276/312/310
f 276/312/310 256/323/321 275/324/322
f 276/312/310 275/324/322 295/314/312
f 295/314/312 275/324/322 294/325/323
f 295/314/312 294/325/323 314/316/314
f 314/316/314 294/325/323 313/326/324
f 314/316/314 313/326/324 333/318/316
f 333/318/316 313/326/324 332/327/325
f 333/318/316 332/327/325 351/320/318
f 351/320/318 332/327/325 350/293/291
f 351/320/318 350/293/291 370/291/289
f 222/328/326 254/329/327 221/322/320
f 221/322/320 254/329/327 255/330/328
f 221/322/320 255/330/328 256/323/321
f 256/323/321 255/330/328 275/324/322
f 223/305/303 252/331/329 222/328/326
f 222/328/326 252/331/329 253/332/330
f 222/328/326 253/332/330 254/329/327
f 254/329/327 253/332/330 273/333/331
f 254/329/327 273/333/331 274/334/332
f 274/334/332 273/333/331 293/335/333
f 274/334/332 293/335/333 294/325/323
f 294/325/323 293/335/333 313/326/324
f 225/336/334 248/337/335 224/306/304
f 224/306/304 248/337/335 249/338/336
f 224/306/304 249/338/336 250/304/302
f 250/304/302 249/338/336 269/339/337
f 250/304/302 269/339/337 270/302/300
f 270/302/300 269/339/337 289/340/338
f 270/302/300 289/340/338 290/300/298
f 290/300/298 289/340/338 309/341/339
f 290/300/298 309/341/339 310/298/296
f 310/298/296 309/341/339 329/342/340
f 310/298/296 329/342/340 330/296/294
f 330/296/294 329/342/340 348/343/341
f 330/296/294 348/343/341 349/294/292
f 349/294/292 348/343/341 368/344/342
f 349/294/292 368/344/342 369/292/290
f 369/292/290 368/344/342 402/345/343
f 369/292/290 402/345/343 401/290/288
f 401/290/288 402/345/343 388/346/344
f 401/290/288 388/346/344 389/288/286
f 389/288/286 388/346/344 183/347/345
f 389/288/286 183/347/345 182/286/284
f 226/348/346 246/349/347 225/336/334
f 225/336/334 246/349/347 247/350/348
f 225/336/334 247/350/348 248/337/335
f 248/337/335 247/350/348 267/351/349
f 248/337/335 267/351/349 268/352/350
f 268/352/350 267/351/349 287/353/351
f 268/352/350 287/353/351 288/354/352
f 288/354/352 287/353/351 307/355/353
f 288/354/352 307/355/353 308/356/354
f 308/356/354 307/355/353 327/357/355
f 308/356/354 327/357/355 328/358/356
f 328/358/356 327/357/355 346/359/357
f 328/358/356 346/359/357 347/360/358
f 347/360/358 346/359/357 366/361/359
f 347/360/358 366/361/359 367/362/360
f 367/362/360 366/361/359 404/363/361
f 367/362/360 404/363/361 403/364/362
f 403/364/362 404/363/361 386/365/363
f 403/364/362 386/365/363 387/366/364
f 387/366/364 386/365/363 184/367/365
f 387/366/364 184/367/365 388/346/344
f 388/346/344 184/367/365 183/347/345
f 246/349/347 226/348/346 245/368/366
f 245/368/366 226/348/346 227/369/367
f 245/368/366 227/369/367 228/370/368
f 245/368/366 228/370/368 264/371/369
f 264/371/369 228/370/368 229/372/370
f 264/371/369 229/372/370 283/373/371
f 283/373/371 229/372/370 230/374/372
f 283/373/371 230/374/372 302/375/373
f 302/375/373 230/374/372 231/376/374
f 302/375/373 231/376/374 321/377/375
f 321/377/375 231/376/374 232/378/376
f 321/377/375 232/378/376 339/379/377
f 339/379/377 232/378/376 233/380/378
f 339/379/377 233/380/378 358/381/379
f 358/381/379 233/380/378 234/382/380
f 358/381/379 234/382/380 413/383/381
f 413/383/381 234/382/380 376/384/382
f 413/383/381 376/384/382 377/385/383
f 377/385/383 376/384/382 190/386/384
f 377/385/383 190/386/384 189/387/385
f 234/382/380 235/388/386 376/384/382
f 376/384/382 235/388/386 190/386/384
f 235/388/386 132/389/151 190/386/384
f 188/390/387 379/391/388 189/387/385
f 189/387/385 379/391/388 378/392/389
f 189/387/385 378/392/389 377/385/383
f 377/385/383 378/392/389 412/393/390
f 377/385/383 412/393/390 413/383/381
f 413/383/381 412/393/390 358/381/379
f 379/391/388 188/390/387 380/394/391
f 380/394/391 188/390/387 187/395/392
f 380/394/391 187/395/392 381/396/393
f 381/396/393 187/395/392 382/397/394
f 381/396/393 382/397/394 408/398/395
f 408/398/395 382/397/394 407/399/396
f 408/398/395 407/399/396 363/400/397
f 363/400/397 407/399/396 364/401/398
f 363/400/397 364/401/398 344/402/399
f 344/402/399 364/401/398 345/403/400
f 344/402/399 345/403/400 326/404/401
f 326/404/401 345/403/400 327/357/355
f 326/404/401 327/357/355 307/355/353
f 187/395/392 186/405/402 382/397/394
f 382/397/394 186/405/402 383/406/403
f 382/397/394 383/406/403 407/399/396
f 407/399/396 383/406/403 406/407/404
f 407/399/396 406/407/404 364/401/398
f 364/401/398 406/407/404 365/408/405
f 364/401/398 365/408/405 345/403/400
f 345/403/400 365/408/405 346/359/357
f 345/403/400 346/359/357 327/357/355
f 383/406/403 186/405/402 384/409/406
f 384/409/406 186/405/402 185/410/211
f 384/409/406 185/410/211 385/411/407
f 385/411/407 185/410/211 386/365/363
f 385/411/407 386/365/363 404/363/361
f 185/410/211 184/367/365 386/365/363
f 392/283/281 181/285/283 393/412/408
f 393/412/408 181/285/283 180/413/409
f 393/412/408 180/413/409 394/414/410
f 394/414/410 180/413/409 179/415/225
f 394/414/410 179/415/225 236/416/411
f 394/414/410 236/416/411 395/417/412
f 395/417/412 236/416/411 237/418/413
f 395/417/412 237/418/413 243/419/414
f 243/419/414 237/418/413 238/420/415
f 243/419/414 238/420/415 357/421/416
f 357/421/416 238/420/415 244/422/417
f 357/421/416 244/422/417 338/423/418
f 338/423/418 244/422/417 319/424/419
f 338/423/418 319/424/419 318/273/271
f 318/273/271 319/424/419 299/271/269
f 238/420/415 239/425/420 244/422/417
f 244/422/417 239/425/420 320/426/421
f 244/422/417 320/426/421 319/424/419
f 319/424/419 320/426/421 300/427/422
f 319/424/419 300/427/422 299/271/269
f 299/271/269 300/427/422 280/269/267
f 320/426/421 239/425/420 301/428/423
f 301/428/423 239/425/420 240/429/424
f 301/428/423 240/429/424 282/430/425
f 282/430/425 240/429/424 241/431/426
f 282/430/425 241/431/426 263/263/261
f 263/263/261 241/431/426 242/261/259
f 246/349/347 245/368/366 265/432/427
f 265/432/427 245/368/366 264/371/369
f 265/432/427 264/371/369 284/433/428
f 284/433/428 264/371/369 283/373/371
f 284/433/428 283/373/371 303/434/429
f 303/434/429 283/373/371 302/375/373
f 303/434/429 302/375/373 322/435/430
f 322/435/430 302/375/373 321/377/375
f 322/435/430 321/377/375 340/436/431
f 340/436/431 321/377/375 339/379/377
f 340/436/431 339/379/377 359/437/432
f 359/437/432 339/379/377 358/381/379
f 359/437/432 358/381/379 412/393/390
f 247/350/348 246/349/347 266/438/433
f 266/438/433 246/349/347 265/432/427
f 266/438/433 265/432/427 285/439/434
f 285/439/434 265/432/427 284/433/428
f 285/439/434 284/433/428 304/440/435
f 304/440/435 284/433/428 303/434/429
f 304/440/435 303/434/429 323/441/436
f 323/441/436 303/434/429 322/435/430
f 323/441/436 322/435/430 341/442/437
f 341/442/437 322/435/430 340/436/431
f 341/442/437 340/436/431 360/443/438
f 360/443/438 340/436/431 359/437/432
f 360/443/438 359/437/432 411/444/439
f 411/444/439 359/437/432 412/393/390
f 411/444/439 412/393/390 378/392/389
f 269/339/337 249/338/336 268/352/350
f 268/352/350 249/338/336 248/337/335
f 252/331/329 223/305/303 251/303/301
f 251/303/301 271/301/299 252/331/329
f 252/331/329 271/301/299 272/445/440
f 252/331/329 272/445/440 253/332/330
f 253/332/330 272/445/440 273/333/331
f 275/324/322 255/330/328 274/334/332
f 274/334/332 255/330/328 254/329/327
f 279/270/268 260/268/266 259/307/305
f 259/307/305 258/309/307 278/446/441
f 278/446/441 258/309/307 277/311/309
f 278/446/441 277/311/309 297/447/442
f 297/447/442 277/311/309 296/313/311
f 297/447/442 296/313/311 316/448/443
f 316/448/443 296/313/311 315/315/313
f 316/448/443 315/315/313 335/449/444
f 335/449/444 315/315/313 334/317/315
f 335/449/444 334/317/315 353/450/445
f 353/450/445 334/317/315 352/319/317
f 353/450/445 352/319/317 372/451/446
f 372/451/446 352/319/317 371/321/319
f 372/451/446 371/321/319 399/452/447
f 399/452/447 371/321/319 400/289/287
f 399/452/447 400/289/287 390/287/285
f 282/430/425 263/263/261 262/265/263
f 262/265/263 261/267/265 281/453/448
f 281/453/448 261/267/265 280/269/267
f 281/453/448 280/269/267 300/427/422
f 247/350/348 266/438/433 267/351/349
f 267/351/349 266/438/433 286/454/449
f 267/351/349 286/454/449 287/353/351
f 287/353/351 286/454/449 306/455/450
f 287/353/351 306/455/450 307/355/353
f 307/355/353 306/455/450 326/404/401
f 286/454/449 266/438/433 285/439/434
f 289/340/338 269/339/337 288/354/352
f 288/354/352 269/339/337 268/352/350
f 271/301/299 291/299/297 272/445/440
f 272/445/440 291/299/297 292/456/451
f 272/445/440 292/456/451 273/333/331
f 273/333/331 292/456/451 293/335/333
f 294/325/323 275/324/322 274/334/332
f 298/272/270 279/270/268 278/446/441
f 278/446/441 279/270/268 259/307/305
f 298/272/270 278/446/441 297/447/442
f 301/428/423 282/430/425 281/453/448
f 281/453/448 282/430/425 262/265/263
f 301/428/423 281/453/448 300/427/422
f 286/454/449 285/439/434 305/457/452
f 305/457/452 285/439/434 304/440/435
f 305/457/452 304/440/435 324/458/453
f 324/458/453 304/440/435 323/441/436
f 324/458/453 323/441/436 342/459/454
f 342/459/454 323/441/436 341/442/437
f 342/459/454 341/442/437 361/460/455
f 361/460/455 341/442/437 360/443/438
f 361/460/455 360/443/438 410/461/456
f 410/461/456 360/443/438 411/444/439
f 410/461/456 411/444/439 379/391/388
f 379/391/388 411/444/439 378/392/389
f 309/341/339 289/340/338 308/356/354
f 308/356/354 289/340/338 288/354/352
f 291/299/297 311/297/295 292/456/451
f 292/456/451 311/297/295 312/462/457
f 292/456/451 312/462/457 293/335/333
f 293/335/333 312/462/457 313/326/324
f 317/274/272 298/272/270 297/447/442
f 317/274/272 297/447/442 316/448/443
f 320/426/421 301/428/423 300/427/422
f 286/454/449 305/457/452 306/455/450
f 306/455/450 305/457/452 325/463/458
f 306/455/450 325/463/458 326/404/401
f 326/404/401 325/463/458 344/402/399
f 325/463/458 305/457/452 324/458/453
f 329/342/340 309/341/339 328/358/356
f 328/358/356 309/341/339 308/356/354
f 332/327/325 313/326/324 312/462/457
f 332/327/325 312/462/457 331/295/293
f 331/295/293 312/462/457 311/297/295
f 336/276/274 317/274/272 316/448/443
f 336/276/274 316/448/443 335/449/444
f 338/423/418 318/273/271 337/275/273
f 325/463/458 324/458/453 343/464/459
f 343/464/459 324/458/453 342/459/454
f 343/464/459 342/459/454 362/465/460
f 362/465/460 342/459/454 361/460/455
f 362/465/460 361/460/455 409/466/461
f 409/466/461 361/460/455 410/461/456
f 409/466/461 410/461/456 380/394/391
f 380/394/391 410/461/456 379/391/388
f 348/343/341 329/342/340 347/360/358
f 347/360/358 329/342/340 328/358/356
f 350/293/291 332/327/325 331/295/293
f 354/278/276 336/276/274 335/449/444
f 354/278/276 335/449/444 353/450/445
f 338/423/418 337/275/273 356/467/462
f 356/467/462 337/275/273 355/277/275
f 356/467/462 355/277/275 375/468/463
f 375/468/463 355/277/275 374/279/277
f 375/468/463 374/279/277 396/469/464
f 396/469/464 374/279/277 397/281/279
f 396/469/464 397/281/279 393/412/408
f 393/412/408 397/281/279 392/283/281
f 363/400/397 344/402/399 343/464/459
f 343/464/459 344/402/399 325/463/458
f 363/400/397 343/464/459 362/465/460
f 366/361/359 346/359/357 365/408/405
f 368/344/342 348/343/341 367/362/360
f 367/362/360 348/343/341 347/360/358
f 373/280/278 354/278/276 353/450/445
f 373/280/278 353/450/445 372/451/446
f 243/419/414 357/421/416 356/467/462
f 356/467/462 357/421/416 338/423/418
f 243/419/414 356/467/462 375/468/463
f 408/398/395 363/400/397 362/465/460
f 408/398/395 362/465/460 409/466/461
f 366/361/359 365/408/405 405/470/465
f 405/470/465 365/408/405 406/407/404
f 405/470/465 406/407/404 384/409/406
f 384/409/406 406/407/404 383/406/403
f 402/345/343 368/344/342 403/364/362
f 403/364/362 368/344/342 367/362/360
f 398/282/280 373/280/278 372/451/446
f 398/282/280 372/451/446 399/452/447
f 395/417/412 243/419/414 375/468/463
f 395/417/412 375/468/463 396/469/464
f 408/398/395 409/466/461 381/396/393
f 381/396/393 409/466/461 380/394/391
f 384/409/406 385/411/407 405/470/465
f 405/470/465 385/411/407 404/363/361
f 405/470/465 404/363/361 366/361/359
f 402/345/343 403/364/362 387/366/364
f 387/366/364 388/346/344 402/345/343
f 398/282/280 399/452/447 391/284/282
f 391/284/282 399/452/447 390/287/285
f 395/417/412 396/469/464 394/414/410
f 394/414/410 396/469/464 393/412/408
f 478/471/466 226/472/346 488/473/467
f 488/473/467 226/472/346 225/474/468
f 488/473/467 225/474/468 487/475/469
f 487/475/469 225/474/468 224/476/470
f 487/475/469 224/476/470 486/477/471
f 486/477/471 224/476/470 223/478/472
f 486/477/471 223/478/472 485/479/473
f 485/479/473 223/478/472 484/480/474
f 485/479/473 484/480/474 495/481/475
f 495/481/475 484/480/474 494/482/476
f 495/481/475 494/482/476 505/483/477
f 505/483/477 494/482/476 504/484/478
f 505/483/477 504/484/478 515/485/479
f 515/485/479 504/484/478 514/486/480
f 515/485/479 514/486/480 532/487/481
f 532/487/481 514/486/480 533/488/482
f 532/487/481 533/488/482 525/489/483
f 525/489/483 533/488/482 524/490/484
f 525/489/483 524/490/484 545/491/485
f 545/491/485 524/490/484 544/492/486
f 545/491/485 544/492/486 555/493/487
f 555/493/487 544/492/486 554/494/488
f 555/493/487 554/494/488 565/495/489
f 565/495/489 554/494/488 564/496/490
f 565/495/489 564/496/490 575/497/491
f 575/497/491 564/496/490 574/498/492
f 575/497/491 574/498/492 585/499/493
f 585/499/493 574/498/492 584/500/494
f 585/499/493 584/500/494 595/501/495
f 595/501/495 584/500/494 594/502/496
f 595/501/495 594/502/496 605/503/497
f 605/503/497 594/502/496 604/504/498
f 605/503/497 604/504/498 615/505/499
f 615/505/499 604/504/498 614/506/500
f 615/505/499 614/506/500 625/507/501
f 625/507/501 614/506/500 624/508/502
f 625/507/501 624/508/502 635/509/503
f 635/509/503 624/508/502 634/510/504
f 635/509/503 634/510/504 645/511/505
f 645/511/505 634/510/504 644/512/506
f 645/511/505 644/512/506 655/513/507
f 655/513/507 644/512/506 654/514/508
f 655/513/507 654/514/508 665/515/509
f 665/515/509 654/514/508 664/516/510
f 665/515/509 664/516/510 675/517/511
f 675/517/511 664/516/510 674/518/512
f 675/517/511 674/518/512 685/519/513
f 685/519/513 674/518/512 684/520/514
f 685/519/513 684/520/514 695/521/515
f 695/521/515 684/520/514 694/522/516
f 695/521/515 694/522/516 705/523/517
f 705/523/517 694/522/516 704/524/518
f 705/523/517 704/524/518 715/525/519
f 715/525/519 704/524/518 714/526/520
f 715/525/519 714/526/520 725/527/521
f 725/527/521 714/526/520 724/528/522
f 725/527/521 724/528/522 735/529/523
f 735/529/523 724/528/522 734/530/524
f 735/529/523 734/530/524 745/531/525
f 745/531/525 734/530/524 744/532/526
f 745/531/525 744/532/526 755/533/527
f 755/533/527 744/532/526 754/534/528
f 755/533/527 754/534/528 447/535/529
f 447/535/529 754/534/528 446/536/530
f 446/536/530 754/534/528 753/537/531
f 446/536/530 753/537/531 445/538/532
f 445/538/532 753/537/531 752/539/533
f 445/538/532 752/539/533 444/540/534
f 444/540/534 752/539/533 751/541/535
f 444/540/534 751/541/535 443/542/536
f 443/542/536 751/541/535 750/543/537
f 443/542/536 750/543/537 442/544/538
f 442/544/538 750/543/537 749/545/539
f 442/544/538 749/545/539 441/546/540
f 441/546/540 749/545/539 440/547/541
f 440/547/541 749/545/539 439/548/542
f 439/548/542 749/545/539 739/549/543
f 439/548/542 739/549/543 438/550/544
f 438/550/544 739/549/543 729/551/545
f 438/550/544 729/551/545 437/552/546
f 437/552/546 729/551/545 719/553/547
f 437/552/546 719/553/547 436/554/548
f 436/554/548 719/553/547 709/555/549
f 436/554/548 709/555/549 435/556/550
f 435/556/550 709/555/549 699/557/551
f 435/556/550 699/557/551 434/558/552
f 434/558/552 699/557/551 689/559/553
f 434/558/552 689/559/553 433/560/554
f 433/560/554 689/559/553 679/561/555
f 433/560/554 679/561/555 432/562/556
f 432/562/556 679/561/555 669/563/557
f 432/562/556 669/563/557 431/564/558
f 431/564/558 669/563/557 659/565/559
f 431/564/558 659/565/559 430/566/560
f 430/566/560 659/565/559 649/567/561
f 430/566/560 649/567/561 429/568/562
f 429/568/562 649/567/561 639/569/563
f 429/568/562 639/569/563 428/570/564
f 428/570/564 639/569/563 629/571/565
f 428/570/564 629/571/565 427/572/566
f 427/572/566 629/571/565 619/573/567
f 427/572/566 619/573/567 426/574/568
f 426/574/568 619/573/567 609/575/569
f 426/574/568 609/575/569 425/576/570
f 425/576/570 609/575/569 599/577/571
f 425/576/570 599/577/571 424/578/572
f 424/578/572 599/577/571 589/579/573
f 424/578/572 589/579/573 423/580/574
f 423/580/574 589/579/573 579/581/575
f 423/580/574 579/581/575 422/582/576
f 422/582/576 579/581/575 569/583/577
f 422/582/576 569/583/577 421/584/578
f 421/584/578 569/583/577 559/585/579
f 421/584/578 559/585/579 420/586/580
f 420/586/580 559/585/579 549/587/581
f 420/586/580 549/587/581 419/588/582
f 419/588/582 549/587/581 539/589/583
f 419/588/582 539/589/583 418/590/584
f 418/590/584 539/589/583 519/591/585
f 418/590/584 519/591/585 417/592/586
f 417/592/586 519/591/585 538/593/587
f 417/592/586 538/593/587 509/594/588
f 509/594/588 538/593/587 537/595/589
f 509/594/588 537/595/589 510/596/590
f 510/596/590 537/595/589 536/597/591
f 510/596/590 536/597/591 511/598/592
f 511/598/592 536/597/591 535/599/593
f 511/598/592 535/599/593 512/600/594
f 512/600/594 535/599/593 534/601/595
f 512/600/594 534/601/595 513/602/596
f 513/602/596 534/601/595 533/488/482
f 513/602/596 533/488/482 514/486/480
f 223/478/472 222/603/597 484/480/474
f 484/480/474 222/603/597 483/604/598
f 484/480/474 483/604/598 494/482/476
f 494/482/476 483/604/598 493/605/599
f 494/482/476 493/605/599 504/484/478
f 504/484/478 493/605/599 503/606/600
f 504/484/478 503/606/600 514/486/480
f 514/486/480 503/606/600 513/602/596
f 222/603/597 221/607/601 483/604/598
f 483/604/598 221/607/601 482/608/602
f 483/604/598 482/608/602 493/605/599
f 493/605/599 482/608/602 492/609/603
f 493/605/599 492/609/603 503/606/600
f 503/606/600 492/609/603 502/610/604
f 503/606/600 502/610/604 513/602/596
f 513/602/596 502/610/604 512/600/594
f 221/607/601 220/611/605 482/608/602
f 482/608/602 220/611/605 481/612/606
f 482/608/602 481/612/606 492/609/603
f 492/609/603 481/612/606 491/613/607
f 492/609/603 491/613/607 502/610/604
f 502/610/604 491/613/607 501/614/608
f 502/610/604 501/614/608 512/600/594
f 512/600/594 501/614/608 511/598/592
f 220/611/605 219/615/609 481/612/606
f 481/612/606 219/615/609 480/616/610
f 481/612/606 480/616/610 491/613/607
f 491/613/607 480/616/610 490/617/611
f 491/613/607 490/617/611 501/614/608
f 501/614/608 490/617/611 500/618/612
f 501/614/608 500/618/612 511/598/592
f 511/598/592 500/618/612 510/596/590
f 219/615/609 218/619/613 480/616/610
f 480/616/610 218/619/613 479/620/614
f 480/616/610 479/620/614 490/617/611
f 490/617/611 479/620/614 489/621/615
f 490/617/611 489/621/615 500/618/612
f 500/618/612 489/621/615 499/622/616
f 500/618/612 499/622/616 510/596/590
f 510/596/590 499/622/616 509/594/588
f 218/619/613 217/623/260 479/620/614
f 479/620/614 217/623/260 414/624/617
f 479/620/614 414/624/617 489/621/615
f 489/621/615 414/624/617 415/625/618
f 489/621/615 415/625/618 499/622/616
f 499/622/616 415/625/618 416/626/619
f 499/622/616 416/626/619 509/594/588
f 509/594/588 416/626/619 417/592/586
f 447/535/529 448/627/620 755/533/527
f 755/533/527 448/627/620 756/628/621
f 755/533/527 756/628/621 745/531/525
f 745/531/525 756/628/621 746/629/622
f 745/531/525 746/629/622 735/529/523
f 735/529/523 746/629/622 736/630/623
f 735/529/523 736/630/623 725/527/521
f 725/527/521 736/630/623 726/631/624
f 725/527/521 726/631/624 715/525/519
f 715/525/519 726/631/624 716/632/625
f 715/525/519 716/632/625 705/523/517
f 705/523/517 716/632/625 706/633/626
f 705/523/517 706/633/626 695/521/515
f 695/521/515 706/633/626 696/634/627
f 695/521/515 696/634/627 685/519/513
f 685/519/513 696/634/627 686/635/628
f 685/519/513 686/635/628 675/517/511
f 675/517/511 686/635/628 676/636/629
f 675/517/511 676/636/629 665/515/509
f 665/515/509 676/636/629 666/637/630
f 665/515/509 666/637/630 655/513/507
f 655/513/507 666/637/630 656/638/631
f 655/513/507 656/638/631 645/511/505
f 645/511/505 656/638/631 646/639/632
f 645/511/505 646/639/632 635/509/503
f 635/509/503 646/639/632 636/640/633
f 635/509/503 636/640/633 625/507/501
f 625/507/501 636/640/633 626/641/634
f 625/507/501 626/641/634 615/505/499
f 615/505/499 626/641/634 616/642/635
f 615/505/499 616/642/635 605/503/497
f 605/503/497 616/642/635 606/643/636
f 605/503/497 606/643/636 595/501/495
f 595/501/495 606/643/636 596/644/637
f 595/501/495 596/644/637 585/499/493
f 585/499/493 596/644/637 586/645/638
f 585/499/493 586/645/638 575/497/491
f 575/497/491 586/645/638 576/646/639
f 575/497/491 576/646/639 565/495/489
f 565/495/489 576/646/639 566/647/640
f 565/495/489 566/647/640 555/493/487
f 555/493/487 566/647/640 556/648/641
f 555/493/487 556/648/641 545/491/485
f 545/491/485 556/648/641 546/649/642
f 545/491/485 546/649/642 525/489/483
f 525/489/483 546/649/642 526/650/643
f 525/489/483 526/650/643 532/487/481
f 532/487/481 526/650/643 531/651/644
f 532/487/481 531/651/644 515/485/479
f 515/485/479 531/651/644 516/652/645
f 515/485/479 516/652/645 505/483/477
f 505/483/477 516/652/645 506/653/646
f 505/483/477 506/653/646 495/481/475
f 495/481/475 506/653/646 496/654/647
f 495/481/475 496/654/647 485/479/473
f 485/479/473 496/654/647 486/477/471
f 756/628/621 448/627/620 757/655/648
f 757/655/648 448/627/620 449/656/649
f 757/655/648 449/656/649 758/657/650
f 758/657/650 449/656/649 450/658/651
f 758/657/650 450/658/651 451/659/652
f 758/657/650 451/659/652 748/660/653
f 748/660/653 451/659/652 452/661/654
f 748/660/653 452/661/654 738/662/655
f 738/662/655 452/661/654 453/663/656
f 738/662/655 453/663/656 728/664/657
f 728/664/657 453/663/656 454/665/658
f 728/664/657 454/665/658 718/666/659
f 718/666/659 454/665/658 455/667/660
f 718/666/659 455/667/660 708/668/661
f 708/668/661 455/667/660 456/669/662
f 708/668/661 456/669/662 698/670/663
f 698/670/663 456/669/662 457/671/664
f 698/670/663 457/671/664 688/672/665
f 688/672/665 457/671/664 458/673/666
f 688/672/665 458/673/666 678/674/667
f 678/674/667 458/673/666 459/675/668
f 678/674/667 459/675/668 668/676/669
f 668/676/669 459/675/668 460/677/670
f 668/676/669 460/677/670 658/678/671
f 658/678/671 460/677/670 461/679/672
f 658/678/671 461/679/672 648/680/673
f 648/680/673 461/679/672 462/681/674
f 648/680/673 462/681/674 638/682/675
f 638/682/675 462/681/674 463/683/676
f 638/682/675 463/683/676 628/684/677
f 628/684/677 463/683/676 464/685/678
f 628/684/677 464/685/678 618/686/679
f 618/686/679 464/685/678 465/687/680
f 618/686/679 465/687/680 608/688/681
f 608/688/681 465/687/680 466/689/682
f 608/688/681 466/689/682 598/690/683
f 598/690/683 466/689/682 467/691/684
f 598/690/683 467/691/684 588/692/685
f 588/692/685 467/691/684 468/693/686
f 588/692/685 468/693/686 578/694/687
f 578/694/687 468/693/686 469/695/688
f 578/694/687 469/695/688 568/696/689
f 568/696/689 469/695/688 470/697/690
f 568/696/689 470/697/690 558/698/691
f 558/698/691 470/697/690 471/699/692
f 558/698/691 471/699/692 548/700/693
f 548/700/693 471/699/692 472/701/694
f 548/700/693 472/701/694 528/702/695
f 528/702/695 472/701/694 473/703/696
f 528/702/695 473/703/696 529/704/697
f 529/704/697 473/703/696 474/705/698
f 529/704/697 474/705/698 518/706/699
f 518/706/699 474/705/698 475/707/700
f 518/706/699 475/707/700 508/708/701
f 508/708/701 475/707/700 476/709/702
f 508/708/701 476/709/702 498/710/703
f 498/710/703 476/709/702 477/711/704
f 498/710/703 477/711/704 488/473/467
f 488/473/467 477/711/704 478/471/466
f 498/710/703 488/473/467 487/475/469
f 487/475/469 486/477/471 497/712/705
f 497/712/705 486/477/471 496/654/647
f 497/712/705 496/654/647 507/713/706
f 507/713/706 496/654/647 506/653/646
f 507/713/706 506/653/646 517/714/707
f 517/714/707 506/653/646 516/652/645
f 517/714/707 516/652/645 530/715/708
f 530/715/708 516/652/645 531/651/644
f 530/715/708 531/651/644 527/716/709
f 527/716/709 531/651/644 526/650/643
f 527/716/709 526/650/643 547/717/710
f 547/717/710 526/650/643 546/649/642
f 547/717/710 546/649/642 557/718/711
f 557/718/711 546/649/642 556/648/641
f 557/718/711 556/648/641 567/719/712
f 567/719/712 556/648/641 566/647/640
f 567/719/712 566/647/640 577/720/713
f 577/720/713 566/647/640 576/646/639
f 577/720/713 576/646/639 587/721/714
f 587/721/714 576/646/639 586/645/638
f 587/721/714 586/645/638 597/722/715
f 597/722/715 586/645/638 596/644/637
f 597/722/715 596/644/637 607/723/716
f 607/723/716 596/644/637 606/643/636
f 607/723/716 606/643/636 617/724/717
f 617/724/717 606/643/636 616/642/635
f 617/724/717 616/642/635 627/725/718
f 627/725/718 616/642/635 626/641/634
f 627/725/718 626/641/634 637/726/719
f 637/726/719 626/641/634 636/640/633
f 637/726/719 636/640/633 647/727/720
f 647/727/720 636/640/633 646/639/632
f 647/727/720 646/639/632 657/728/721
f 657/728/721 646/639/632 656/638/631
f 657/728/721 656/638/631 667/729/722
f 667/729/722 656/638/631 666/637/630
f 667/729/722 666/637/630 677/730/723
f 677/730/723 666/637/630 676/636/629
f 677/730/723 676/636/629 687/731/724
f 687/731/724 676/636/629 686/635/628
f 687/731/724 686/635/628 697/732/725
f 697/732/725 686/635/628 696/634/627
f 697/732/725 696/634/627 707/733/726
f 707/733/726 696/634/627 706/633/626
f 707/733/726 706/633/626 717/734/727
f 717/734/727 706/633/626 716/632/625
f 717/734/727 716/632/625 727/735/728
f 727/735/728 716/632/625 726/631/624
f 727/735/728 726/631/624 737/736/729
f 737/736/729 726/631/624 736/630/623
f 737/736/729 736/630/623 747/737/730
f 747/737/730 736/630/623 746/629/622
f 747/737/730 746/629/622 757/655/648
f 757/655/648 746/629/622 756/628/621
f 508/708/701 498/710/703 497/712/705
f 497/712/705 498/710/703 487/475/469
f 508/708/701 497/712/705 507/713/706
f 518/706/699 508/708/701 507/713/706
f 518/706/699 507/713/706 517/714/707
f 529/704/697 518/706/699 517/714/707
f 529/704/697 517/714/707 530/715/708
f 537/595/589 538/593/587 520/738/731
f 520/738/731 538/593/587 519/591/585
f 520/738/731 519/591/585 540/739/732
f 540/739/732 519/591/585 539/589/583
f 540/739/732 539/589/583 550/740/733
f 550/740/733 539/589/583 549/587/581
f 550/740/733 549/587/581 560/741/734
f 560/741/734 549/587/581 559/585/579
f 560/741/734 559/585/579 570/742/735
f 570/742/735 559/585/579 569/583/577
f 570/742/735 569/583/577 580/743/736
f 580/743/736 569/583/577 579/581/575
f 580/743/736 579/581/575 590/744/737
f 590/744/737 579/581/575 589/579/573
f 590/744/737 589/579/573 600/745/738
f 600/745/738 589/579/573 599/577/571
f 600/745/738 599/577/571 610/746/739
f 610/746/739 599/577/571 609/575/569
f 610/746/739 609/575/569 620/747/740
f 620/747/740 609/575/569 619/573/567
f 620/747/740 619/573/567 630/748/741
f 630/748/741 619/573/567 629/571/565
f 630/748/741 629/571/565 640/749/742
f 640/749/742 629/571/565 639/569/563
f 640/749/742 639/569/563 650/750/743
f 650/750/743 639/569/563 649/567/561
f 650/750/743 649/567/561 660/751/744
f 660/751/744 649/567/561 659/565/559
f 660/751/744 659/565/559 670/752/745
f 670/752/745 659/565/559 669/563/557
f 670/752/745 669/563/557 680/753/746
f 680/753/746 669/563/557 679/561/555
f 680/753/746 679/561/555 690/754/747
f 690/754/747 679/561/555 689/559/553
f 690/754/747 689/559/553 700/755/748
f 700/755/748 689/559/553 699/557/551
f 700/755/748 699/557/551 710/756/749
f 710/756/749 699/557/551 709/555/549
f 710/756/749 709/555/549 720/757/750
f 720/757/750 709/555/549 719/553/547
f 720/757/750 719/553/547 730/758/751
f 730/758/751 719/553/547 729/551/545
f 730/758/751 729/551/545 740/759/752
f 740/759/752 729/551/545 739/549/543
f 740/759/752 739/549/543 750/543/537
f 750/543/537 739/549/543 749/545/539
f 536/597/591 537/595/589 521/760/753
f 521/760/753 537/595/589 520/738/731
f 521/760/753 520/738/731 541/761/754
f 541/761/754 520/738/731 540/739/732
f 541/761/754 540/739/732 551/762/755
f 551/762/755 540/739/732 550/740/733
f 551/762/755 550/740/733 561/763/756
f 561/763/756 550/740/733 560/741/734
f 561/763/756 560/741/734 571/764/757
f 571/764/757 560/741/734 570/742/735
f 571/764/757 570/742/735 581/765/758
f 581/765/758 570/742/735 580/743/736
f 581/765/758 580/743/736 591/766/759
f 591/766/759 580/743/736 590/744/737
f 591/766/759 590/744/737 601/767/760
f 601/767/760 590/744/737 600/745/738
f 601/767/760 600/745/738 611/768/761
f 611/768/761 600/745/738 610/746/739
f 611/768/761 610/746/739 621/769/762
f 621/769/762 610/746/739 620/747/740
f 621/769/762 620/747/740 631/770/763
f 631/770/763 620/747/740 630/748/741
f 631/770/763 630/748/741 641/771/764
f 641/771/764 630/748/741 640/749/742
f 641/771/764 640/749/742 651/772/765
f 651/772/765 640/749/742 650/750/743
f 651/772/765 650/750/743 661/773/766
f 661/773/766 650/750/743 660/751/744
f 661/773/766 660/751/744 671/774/767
f 671/774/767 660/751/744 670/752/745
f 671/774/767 670/752/745 681/775/768
f 681/775/768 670/752/745 680/753/746
f 681/775/768 680/753/746 691/776/769
f 691/776/769 680/753/746 690/754/747
f 691/776/769 690/754/747 701/777/770
f 701/777/770 690/754/747 700/755/748
f 701/777/770 700/755/748 711/778/771
f 711/778/771 700/755/748 710/756/749
f 711/778/771 710/756/749 721/779/772
f 721/779/772 710/756/749 720/757/750
f 721/779/772 720/757/750 731/780/773
f 731/780/773 720/757/750 730/758/751
f 731/780/773 730/758/751 741/781/774
f 741/781/774 730/758/751 740/759/752
f 741/781/774 740/759/752 751/541/535
f 751/541/535 740/759/752 750/543/537
f 535/599/593 536/597/591 522/782/775
f 522/782/775 536/597/591 521/760/753
f 522/782/775 521/760/753 542/783/776
f 542/783/776 521/760/753 541/761/754
f 542/783/776 541/761/754 552/784/777
f 552/784/777 541/761/754 551/762/755
f 552/784/777 551/762/755 562/785/778
f 562/785/778 551/762/755 561/763/756
f 562/785/778 561/763/756 572/786/779
f 572/786/779 561/763/756 571/764/757
f 572/786/779 571/764/757 582/787/780
f 582/787/780 571/764/757 581/765/758
f 582/787/780 581/765/758 592/788/781
f 592/788/781 581/765/758 591/766/759
f 592/788/781 591/766/759 602/789/782
f 602/789/782 591/766/759 601/767/760
f 602/789/782 601/767/760 612/790/783
f 612/790/783 601/767/760 611/768/761
f 612/790/783 611/768/761 622/791/784
f 622/791/784 611/768/761 621/769/762
f 622/791/784 621/769/762 632/792/785
f 632/792/785 621/769/762 631/770/763
f 632/792/785 631/770/763 642/793/786
f 642/793/786 631/770/763 641/771/764
f 642/793/786 641/771/764 652/794/787
f 652/794/787 641/771/764 651/772/765
f 652/794/787 651/772/765 662/795/788
f 662/795/788 651/772/765 661/773/766
f 662/795/788 661/773/766 672/796/789
f 672/796/789 661/773/766 671/774/767
f 672/796/789 671/774/767 682/797/790
f 682/797/790 671/774/767 681/775/768
f 682/797/790 681/775/768 692/798/791
f 692/798/791 681/775/768 691/776/769
f 692/798/791 691/776/769 702/799/792
f 702/799/792 691/776/769 701/777/770
f 702/799/792 701/777/770 712/800/793
f 712/800/793 701/777/770 711/778/771
f 712/800/793 711/778/771 722/801/794
f 722/801/794 711/778/771 721/779/772
f 722/801/794 721/779/772 732/802/795
f 732/802/795 721/779/772 731/780/773
f 732/802/795 731/780/773 742/803/796
f 742/803/796 731/780/773 741/781/774
f 742/803/796 741/781/774 752/539/533
f 752/539/533 741/781/774 751/541/535
f 534/601/595 535/599/593 523/804/797
f 523/804/797 535/599/593 522/782/775
f 523/804/797 522/782/775 543/805/798
f 543/805/798 522/782/775 542/783/776
f 543/805/798 542/783/776 553/806/799
f 553/806/799 542/783/776 552/784/777
f 553/806/799 552/784/777 563/807/800
f 563/807/800 552/784/777 562/785/778
f 563/807/800 562/785/778 573/808/801
f 573/808/801 562/785/778 572/786/779
f 573/808/801 572/786/779 583/809/802
f 583/809/802 572/786/779 582/787/780
f 583/809/802 582/787/780 593/810/803
f 593/810/803 582/787/780 592/788/781
f 593/810/803 592/788/781 603/811/804
f 603/811/804 592/788/781 602/789/782
f 603/811/804 602/789/782 613/812/805
f 613/812/805 602/789/782 612/790/783
f 613/812/805 612/790/783 623/813/806
f 623/813/806 612/790/783 622/791/784
f 623/813/806 622/791/784 633/814/807
f 633/814/807 622/791/784 632/792/785
f 633/814/807 632/792/785 643/815/808
f 643/815/808 632/792/785 642/793/786
f 643/815/808 642/793/786 653/816/809
f 653/816/809 642/793/786 652/794/787
f 653/816/809 652/794/787 663/817/810
f 663/817/810 652/794/787 662/795/788
f 663/817/810 662/795/788 673/818/811
f 673/818/811 662/795/788 672/796/789
f 673/818/811 672/796/789 683/819/812
f 683/819/812 672/796/789 682/797/790
f 683/819/812 682/797/790 693/820/813
f 693/820/813 682/797/790 692/798/791
f 693/820/813 692/798/791 703/821/814
f 703/821/814 692/798/791 702/799/792
f 703/821/814 702/799/792 713/822/815
f 713/822/815 702/799/792 712/800/793
f 713/822/815 712/800/793 723/823/816
f 723/823/816 712/800/793 722/801/794
f 723/823/816 722/801/794 733/824/817
f 733/824/817 722/801/794 732/802/795
f 733/824/817 732/802/795 743/825/818
f 743/825/818 732/802/795 742/803/796
f 743/825/818 742/803/796 753/537/531
f 753/537/531 742/803/796 752/539/533
f 533/488/482 534/601/595 524/490/484
f 524/490/484 534/601/595 523/804/797
f 524/490/484 523/804/797 544/492/486
f 544/492/486 523/804/797 543/805/798
f 544/492/486 543/805/798 554/494/488
f 554/494/488 543/805/798 553/806/799
f 554/494/488 553/806/799 564/496/490
f 564/496/490 553/806/799 563/807/800
f 564/496/490 563/807/800 574/498/492
f 574/498/492 563/807/800 573/808/801
f 574/498/492 573/808/801 584/500/494
f 584/500/494 573/808/801 583/809/802
f 584/500/494 583/809/802 594/502/496
f 594/502/496 583/809/802 593/810/803
f 594/502/496 593/810/803 604/504/498
f 604/504/498 593/810/803 603/811/804
f 604/504/498 603/811/804 614/506/500
f 614/506/500 603/811/804 613/812/805
f 614/506/500 613/812/805 624/508/502
f 624/508/502 613/812/805 623/813/806
f 624/508/502 623/813/806 634/510/504
f 634/510/504 623/813/806 633/814/807
f 634/510/504 633/814/807 644/512/506
f 644/512/506 633/814/807 643/815/808
f 644/512/506 643/815/808 654/514/508
f 654/514/508 643/815/808 653/816/809
f 654/514/508 653/816/809 664/516/510
f 664/516/510 653/816/809 663/817/810
f 664/516/510 663/817/810 674/518/512
f 674/518/512 663/817/810 673/818/811
f 674/518/512 673/818/811 684/520/514
f 684/520/514 673/818/811 683/819/812
f 684/520/514 683/819/812 694/522/516
f 694/522/516 683/819/812 693/820/813
f 694/522/516 693/820/813 704/524/518
f 704/524/518 693/820/813 703/821/814
f 704/524/518 703/821/814 714/526/520
f 714/526/520 703/821/814 713/822/815
f 714/526/520 713/822/815 724/528/522
f 724/528/522 713/822/815 723/823/816
f 724/528/522 723/823/816 734/530/524
f 734/530/524 723/823/816 733/824/817
f 734/530/524 733/824/817 744/532/526
f 744/532/526 733/824/817 743/825/818
f 744/532/526 743/825/818 754/534/528
f 754/534/528 743/825/818 753/537/531
f 529/704/697 530/715/708 528/702/695
f 528/702/695 530/715/708 527/716/709
f 528/702/695 527/716/709 548/700/693
f 548/700/693 527/716/709 547/717/710
f 548/700/693 547/717/710 558/698/691
f 558/698/691 547/717/710 557/718/711
f 558/698/691 557/718/711 568/696/689
f 568/696/689 557/718/711 567/719/712
f 568/696/689 567/719/712 578/694/687
f 578/694/687 567/719/712 577/720/713
f 578/694/687 577/720/713 588/692/685
f 588/692/685 577/720/713 587/721/714
f 588/692/685 587/721/714 598/690/683
f 598/690/683 587/721/714 597/722/715
f 598/690/683 597/722/715 608/688/681
f 608/688/681 597/722/715 607/723/716
f 608/688/681 607/723/716 618/686/679
f 618/686/679 607/723/716 617/724/717
f 618/686/679 617/724/717 628/684/677
f 628/684/677 617/724/717 627/725/718
f 628/684/677 627/725/718 638/682/675
f 638/682/675 627/725/718 637/726/719
f 638/682/675 637/726/719 648/680/673
f 648/680/673 637/726/719 647/727/720
f 648/680/673 647/727/720 658/678/671
f 658/678/671 647/727/720 657/728/721
f 658/678/671 657/728/721 668/676/669
f 668/676/669 657/728/721 667/729/722
f 668/676/669 667/729/722 678/674/667
f 678/674/667 667/729/722 677/730/723
f 678/674/667 677/730/723 688/672/665
f 688/672/665 677/730/723 687/731/724
f 688/672/665 687/731/724 698/670/663
f 698/670/663 687/731/724 697/732/725
f 698/670/663 697/732/725 708/668/661
f 708/668/661 697/732/725 707/733/726
f 708/668/661 707/733/726 718/666/659
f 718/666/659 707/733/726 717/734/727
f 718/666/659 717/734/727 728/664/657
f 728/664/657 717/734/727 727/735/728
f 728/664/657 727/735/728 738/662/655
f 738/662/655 727/735/728 737/736/729
f 738/662/655 737/736/729 748/660/653
f 748/660/653 737/736/729 747/737/730
f 748/660/653 747/737/730 758/657/650
f 758/657/650 747/737/730 757/655/648
f 216/826/819 215/827/820 441/828/821
f 441/828/821 215/827/820 770/829/822
f 770/829/822 215/827/820 214/830/823
f 770/829/822 214/830/823 769/831/824
f 769/831/824 214/830/823 213/832/825
f 769/831/824 213/832/825 768/833/826
f 768/833/826 213/832/825 212/834/827
f 768/833/826 212/834/827 767/835/828
f 767/835/828 212/834/827 211/836/829
f 767/835/828 211/836/829 766/837/830
f 766/837/830 211/836/829 210/838/831
f 766/837/830 210/838/831 765/839/832
f 765/839/832 210/838/831 209/840/833
f 765/839/832 209/840/833 764/841/834
f 764/841/834 209/840/833 208/842/835
f 764/841/834 208/842/835 763/843/836
f 763/843/836 208/842/835 207/844/837
f 763/843/836 207/844/837 762/845/838
f 762/845/838 207/844/837 206/846/839
f 762/845/838 206/846/839 761/847/840
f 761/847/840 206/846/839 205/848/841
f 761/847/840 205/848/841 760/849/842
f 760/849/842 205/848/841 204/850/843
f 760/849/842 204/850/843 759/851/844
f 770/852/845 789/853/846 441/854/847
f 441/854/847 789/853/846 803/855/848
f 441/854/847 803/855/848 442/856/849
f 442/856/849 803/855/848 443/857/850
f 443/857/850 803/855/848 802/858/851
f 443/857/850 802/858/851 801/859/852
f 801/859/852 802/858/851 791/860/853
f 801/859/852 791/860/853 792/861/854
f 792/861/854 791/860/853 807/862/855
f 792/861/854 807/862/855 808/863/856
f 808/863/856 807/862/855 816/864/857
f 808/863/856 816/864/857 817/865/858
f 817/865/858 816/864/857 825/866/859
f 817/865/858 825/866/859 826/867/860
f 826/867/860 825/866/859 833/868/861
f 826/867/860 833/868/861 834/869/862
f 834/869/862 833/868/861 788/870/863
f 834/869/862 788/870/863 780/871/864
f 780/871/864 788/870/863 779/872/865
f 779/872/865 788/870/863 841/873/866
f 779/872/865 841/873/866 848/874/867
f 848/874/867 841/873/866 840/875/868
f 848/874/867 840/875/868 847/876/869
f 847/876/869 840/875/868 839/877/870
f 847/876/869 839/877/870 846/878/871
f 846/878/871 839/877/870 838/879/872
f 846/878/871 838/879/872 845/880/873
f 845/880/873 838/879/872 837/881/874
f 845/880/873 837/881/874 844/882/875
f 844/882/875 837/881/874 836/883/876
f 844/882/875 836/883/876 843/884/877
f 843/884/877 836/883/876 835/885/878
f 843/884/877 835/885/878 842/886/879
f 842/886/879 835/885/878 765/887/880
f 842/886/879 765/887/880 764/888/881
f 789/853/846 770/852/845 804/889/882
f 804/889/882 770/852/845 769/890/883
f 804/889/882 769/890/883 812/891/884
f 812/891/884 769/890/883 768/892/885
f 812/891/884 768/892/885 820/893/886
f 820/893/886 768/892/885 767/894/887
f 820/893/886 767/894/887 827/895/888
f 827/895/888 767/894/887 766/896/889
f 827/895/888 766/896/889 835/885/878
f 835/885/878 766/896/889 765/887/880
f 842/886/879 764/888/881 849/897/890
f 849/897/890 764/888/881 763/898/891
f 849/897/890 763/898/891 855/899/892
f 855/899/892 763/898/891 762/900/893
f 855/899/892 762/900/893 860/901/894
f 860/901/894 762/900/893 761/902/895
f 860/901/894 761/902/895 864/903/896
f 864/903/896 761/902/895 760/904/897
f 864/903/896 760/904/897 771/905/898
f 771/905/898 760/904/897 759/906/899
f 771/905/898 772/907/900 864/903/896
f 864/903/896 772/907/900 865/908/901
f 864/903/896 865/908/901 860/901/894
f 860/901/894 865/908/901 861/909/902
f 860/901/894 861/909/902 855/899/892
f 855/899/892 861/909/902 856/910/903
f 855/899/892 856/910/903 849/897/890
f 849/897/890 856/910/903 850/911/904
f 849/897/890 850/911/904 842/886/879
f 842/886/879 850/911/904 843/884/877
f 772/907/900 773/912/905 865/908/901
f 865/908/901 773/912/905 861/909/902
f 861/909/902 773/912/905 862/913/906
f 862/913/906 773/912/905 774/914/907
f 862/913/906 774/914/907 863/915/908
f 863/915/908 774/914/907 775/916/909
f 863/915/908 775/916/909 858/917/910
f 858/917/910 775/916/909 859/918/911
f 858/917/910 859/918/911 852/919/912
f 852/919/912 859/918/911 853/920/913
f 852/919/912 853/920/913 845/880/873
f 845/880/873 853/920/913 846/878/871
f 775/916/909 776/921/914 859/918/911
f 859/918/911 776/921/914 854/922/915
f 859/918/911 854/922/915 853/920/913
f 853/920/913 854/922/915 846/878/871
f 776/921/914 777/923/916 854/922/915
f 854/922/915 777/923/916 778/924/917
f 854/922/915 778/924/917 848/874/867
f 848/874/867 778/924/917 779/872/865
f 834/869/862 780/871/864 787/925/918
f 787/925/918 780/871/864 781/926/919
f 787/925/918 781/926/919 819/927/920
f 819/927/920 781/926/919 811/928/921
f 819/927/920 811/928/921 810/929/922
f 810/929/922 811/928/921 795/930/923
f 810/929/922 795/930/923 794/931/924
f 794/931/924 795/930/923 798/932/925
f 794/931/924 798/932/925 799/933/926
f 799/933/926 798/932/925 868/934/927
f 799/933/926 868/934/927 869/935/928
f 869/935/928 868/934/927 446/936/929
f 869/935/928 446/936/929 445/937/930
f 811/928/921 781/926/919 786/938/931
f 786/938/931 781/926/919 782/939/932
f 786/938/931 782/939/932 796/940/933
f 796/940/933 782/939/932 785/941/934
f 796/940/933 785/941/934 866/942/935
f 866/942/935 785/941/934 871/943/936
f 866/942/935 871/943/936 870/944/937
f 870/944/937 871/943/936 448/945/938
f 870/944/937 448/945/938 447/946/939
f 782/939/932 783/947/940 785/941/934
f 785/941/934 783/947/940 872/948/941
f 785/941/934 872/948/941 871/943/936
f 871/943/936 872/948/941 874/949/942
f 871/943/936 874/949/942 448/945/938
f 448/945/938 874/949/942 449/950/943
f 449/950/943 874/949/942 873/951/944
f 449/950/943 873/951/944 784/952/945
f 784/952/945 873/951/944 783/947/940
f 784/952/945 783/947/940 450/953/946
f 450/953/946 449/950/943 784/952/945
f 446/936/929 868/934/927 447/946/939
f 447/946/939 868/934/927 867/954/947
f 447/946/939 867/954/947 870/944/937
f 870/944/937 867/954/947 866/942/935
f 445/937/930 444/955/948 869/935/928
f 869/935/928 444/955/948 800/956/949
f 869/935/928 800/956/949 799/933/926
f 799/933/926 800/956/949 793/957/950
f 799/933/926 793/957/950 794/931/924
f 794/931/924 793/957/950 809/958/951
f 794/931/924 809/958/951 810/929/922
f 810/929/922 809/958/951 818/959/952
f 810/929/922 818/959/952 819/927/920
f 819/927/920 818/959/952 787/925/918
f 800/956/949 444/955/948 801/859/852
f 801/859/852 444/955/948 443/857/850
f 802/858/851 803/855/848 790/960/953
f 790/960/953 803/855/848 789/853/846
f 790/960/953 789/853/846 805/961/954
f 805/961/954 789/853/846 804/889/882
f 805/961/954 804/889/882 813/962/955
f 813/962/955 804/889/882 812/891/884
f 813/962/955 812/891/884 821/963/956
f 821/963/956 812/891/884 820/893/886
f 821/963/956 820/893/886 828/964/957
f 828/964/957 820/893/886 827/895/888
f 828/964/957 827/895/888 836/883/876
f 836/883/876 827/895/888 835/885/878
f 802/858/851 790/960/953 791/860/853
f 791/860/853 790/960/953 806/965/958
f 791/860/853 806/965/958 807/862/855
f 807/862/855 806/965/958 815/966/959
f 807/862/855 815/966/959 816/864/857
f 816/864/857 815/966/959 824/967/960
f 816/864/857 824/967/960 825/866/859
f 825/866/859 824/967/960 832/968/961
f 825/866/859 832/968/961 833/868/861
f 833/868/861 832/968/961 841/873/866
f 833/868/861 841/873/866 788/870/863
f 806/965/958 790/960/953 805/961/954
f 800/956/949 801/859/852 792/861/854
f 800/956/949 792/861/854 793/957/950
f 793/957/950 792/861/854 808/863/856
f 793/957/950 808/863/856 809/958/951
f 809/958/951 808/863/856 817/865/858
f 809/958/951 817/865/858 818/959/952
f 818/959/952 817/865/858 826/867/860
f 818/959/952 826/867/860 787/925/918
f 787/925/918 826/867/860 834/869/862
f 795/930/923 786/938/931 797/969/962
f 797/969/962 786/938/931 796/940/933
f 797/969/962 796/940/933 866/942/935
f 786/938/931 795/930/923 811/928/921
f 795/930/923 797/969/962 798/932/925
f 798/932/925 797/969/962 867/954/947
f 798/932/925 867/954/947 868/934/927
f 867/954/947 797/969/962 866/942/935
f 806/965/958 805/961/954 814/970/963
f 814/970/963 805/961/954 813/962/955
f 814/970/963 813/962/955 822/971/964
f 822/971/964 813/962/955 821/963/956
f 822/971/964 821/963/956 829/972/965
f 829/972/965 821/963/956 828/964/957
f 829/972/965 828/964/957 837/881/874
f 837/881/874 828/964/957 836/883/876
f 806/965/958 814/970/963 815/966/959
f 815/966/959 814/970/963 823/973/966
f 815/966/959 823/973/966 824/967/960
f 824/967/960 823/973/966 831/974/967
f 824/967/960 831/974/967 832/968/961
f 832/968/961 831/974/967 840/875/868
f 832/968/961 840/875/868 841/873/866
f 823/973/966 814/970/963 822/971/964
f 823/973/966 822/971/964 830/975/968
f 830/975/968 822/971/964 829/972/965
f 830/975/968 829/972/965 838/879/872
f 838/879/872 829/972/965 837/881/874
f 823/973/966 830/975/968 831/974/967
f 831/974/967 830/975/968 839/877/870
f 831/974/967 839/877/870 840/875/868
f 839/877/870 830/975/968 838/879/872
f 852/919/912 845/880/873 844/882/875
f 844/882/875 843/884/877 851/976/969
f 851/976/969 843/884/877 850/911/904
f 851/976/969 850/911/904 857/977/970
f 857/977/970 850/911/904 856/910/903
f 857/977/970 856/910/903 862/913/906
f 862/913/906 856/910/903 861/909/902
f 854/922/915 848/874/867 847/876/869
f 847/876/869 846/878/871 854/922/915
f 858/917/910 852/919/912 851/976/969
f 851/976/969 852/919/912 844/882/875
f 858/917/910 851/976/969 857/977/970
f 863/915/908 858/917/910 857/977/970
f 863/915/908 857/977/970 862/913/906
f 873/951/944 874/949/942 872/948/941
f 783/947/940 873/951/944 872/948/941
f 3/978/971 6/979/972 11/980/973
f 11/980/973 6/979/972 99/981/974
f 132/982/975 235/983/976 133/984/153
f 133/984/153 235/983/976 937/985/977
f 133/984/153 937/985/977 939/986/978
f 939/986/978 937/985/977 234/987/979
f 939/986/978 234/987/979 233/988/980
f 235/983/976 234/987/979 937/985/977
f 939/986/978 233/988/980 938/989/981
f 938/989/981 233/988/980 232/990/982
f 938/989/981 232/990/982 942/991/983
f 942/991/983 232/990/982 231/992/984
f 942/991/983 231/992/984 941/993/985
f 941/993/985 231/992/984 230/994/986
f 941/993/985 230/994/986 940/995/987
f 940/995/987 230/994/986 229/996/988
f 940/995/987 229/996/988 947/997/989
f 947/997/989 229/996/988 946/998/990
f 947/997/989 946/998/990 954/999/991
f 954/999/991 946/998/990 953/1000/992
f 954/999/991 953/1000/992 961/1001/993
f 961/1001/993 953/1000/992 960/1002/994
f 961/1001/993 960/1002/994 968/1003/995
f 968/1003/995 960/1002/994 967/1004/996
f 968/1003/995 967/1004/996 974/1005/997
f 974/1005/997 967/1004/996 973/1006/998
f 974/1005/997 973/1006/998 986/1007/999
f 986/1007/999 973/1006/998 987/1008/1000
f 986/1007/999 987/1008/1000 980/1009/1001
f 980/1009/1001 987/1008/1000 979/1010/1002
f 980/1009/1001 979/1010/1002 999/1011/1003
f 999/1011/1003 979/1010/1002 1000/1012/1004
f 999/1011/1003 1000/1012/1004 993/1013/1005
f 993/1013/1005 1000/1012/1004 992/1014/1006
f 993/1013/1005 992/1014/1006 1013/1015/1007
f 1013/1015/1007 992/1014/1006 1014/1016/1008
f 1013/1015/1007 1014/1016/1008 1004/1017/1009
f 1004/1017/1009 1014/1016/1008 1003/1018/1010
f 1004/1017/1009 1003/1018/1010 1016/1019/1011
f 1016/1019/1011 1003/1018/1010 932/1020/1012
f 1016/1019/1011 932/1020/1012 1032/1021/1013
f 1032/1021/1013 932/1020/1012 1033/1022/1014
f 1032/1021/1013 1033/1022/1014 1021/1023/1015
f 1021/1023/1015 1033/1022/1014 933/1024/1016
f 1021/1023/1015 933/1024/1016 1046/1025/1017
f 1046/1025/1017 933/1024/1016 1047/1026/1018
f 1046/1025/1017 1047/1026/1018 1035/1027/1019
f 1035/1027/1019 1047/1026/1018 1034/1028/1020
f 1035/1027/1019 1034/1028/1020 1049/1029/1021
f 1049/1029/1021 1034/1028/1020 1048/1030/1022
f 1049/1029/1021 1048/1030/1022 1056/1031/1023
f 1056/1031/1023 1048/1030/1022 1055/1032/1024
f 1056/1031/1023 1055/1032/1024 1063/1033/1025
f 1063/1033/1025 1055/1032/1024 1062/1034/1026
f 1063/1033/1025 1062/1034/1026 1070/1035/1027
f 1070/1035/1027 1062/1034/1026 1069/1036/1028
f 1070/1035/1027 1069/1036/1028 1077/1037/1029
f 1077/1037/1029 1069/1036/1028 1076/1038/1030
f 1077/1037/1029 1076/1038/1030 1084/1039/1031
f 1084/1039/1031 1076/1038/1030 1083/1040/1032
f 1084/1039/1031 1083/1040/1032 1091/1041/1033
f 1091/1041/1033 1083/1040/1032 1090/1042/1034
f 1091/1041/1033 1090/1042/1034 1098/1043/1035
f 1098/1043/1035 1090/1042/1034 1097/1044/1036
f 1098/1043/1035 1097/1044/1036 1105/1045/1037
f 1105/1045/1037 1097/1044/1036 1104/1046/1038
f 1105/1045/1037 1104/1046/1038 1112/1047/1039
f 1112/1047/1039 1104/1046/1038 1111/1048/1040
f 1112/1047/1039 1111/1048/1040 1118/1049/1041
f 1118/1049/1041 1111/1048/1040 1117/1050/1042
f 1118/1049/1041 1117/1050/1042 1125/1051/1043
f 1125/1051/1043 1117/1050/1042 1124/1052/1044
f 1125/1051/1043 1124/1052/1044 1132/1053/1045
f 1132/1053/1045 1124/1052/1044 1131/1054/1046
f 1132/1053/1045 1131/1054/1046 1139/1055/1047
f 1139/1055/1047 1131/1054/1046 1138/1056/1048
f 1139/1055/1047 1138/1056/1048 1146/1057/1049
f 1146/1057/1049 1138/1056/1048 1145/1058/1050
f 1146/1057/1049 1145/1058/1050 1153/1059/1051
f 1153/1059/1051 1145/1058/1050 1152/1060/1052
f 1153/1059/1051 1152/1060/1052 1159/1061/1053
f 1159/1061/1053 1152/1060/1052 935/1062/1054
f 1159/1061/1053 935/1062/1054 1177/1063/1055
f 1177/1063/1055 935/1062/1054 1178/1064/1056
f 1177/1063/1055 1178/1064/1056 1166/1065/1057
f 1166/1065/1057 1178/1064/1056 1165/1066/1058
f 1166/1065/1057 1165/1066/1058 1180/1067/1059
f 1180/1067/1059 1165/1066/1058 1179/1068/1060
f 1180/1067/1059 1179/1068/1060 1186/1069/1061
f 1186/1069/1061 1179/1068/1060 1185/1070/1062
f 1186/1069/1061 1185/1070/1062 1193/1071/1063
f 1193/1071/1063 1185/1070/1062 1192/1072/1064
f 1193/1071/1063 1192/1072/1064 1200/1073/1065
f 1200/1073/1065 1192/1072/1064 1199/1074/1066
f 1200/1073/1065 1199/1074/1066 1207/1075/1067
f 1207/1075/1067 1199/1074/1066 1206/1076/1068
f 1207/1075/1067 1206/1076/1068 1214/1077/1069
f 1214/1077/1069 1206/1076/1068 1213/1078/1070
f 1214/1077/1069 1213/1078/1070 1221/1079/1071
f 1221/1079/1071 1213/1078/1070 1220/1080/1072
f 1221/1079/1071 1220/1080/1072 1228/1081/1073
f 1228/1081/1073 1220/1080/1072 1227/1082/1074
f 1228/1081/1073 1227/1082/1074 917/1083/1075
f 917/1083/1075 1227/1082/1074 916/1084/1076
f 916/1084/1076 1227/1082/1074 1220/1080/1072
f 916/1084/1076 1220/1080/1072 915/1085/1077
f 915/1085/1077 1220/1080/1072 1213/1078/1070
f 915/1085/1077 1213/1078/1070 914/1086/1078
f 914/1086/1078 1213/1078/1070 913/1087/1079
f 913/1087/1079 1213/1078/1070 1206/1076/1068
f 913/1087/1079 1206/1076/1068 912/1088/1080
f 912/1088/1080 1206/1076/1068 1199/1074/1066
f 912/1088/1080 1199/1074/1066 911/1089/1081
f 911/1089/1081 1199/1074/1066 1192/1072/1064
f 911/1089/1081 1192/1072/1064 910/1090/1082
f 910/1090/1082 1192/1072/1064 1185/1070/1062
f 910/1090/1082 1185/1070/1062 909/1091/1083
f 909/1091/1083 1185/1070/1062 1179/1068/1060
f 909/1091/1083 1179/1068/1060 908/1092/1084
f 908/1092/1084 1179/1068/1060 1165/1066/1058
f 908/1092/1084 1165/1066/1058 907/1093/1085
f 907/1093/1085 1165/1066/1058 1178/1064/1056
f 907/1093/1085 1178/1064/1056 935/1062/1054
f 229/996/988 228/1094/1086 946/998/990
f 946/998/990 228/1094/1086 945/1095/1087
f 946/998/990 945/1095/1087 953/1000/992
f 953/1000/992 945/1095/1087 952/1096/1088
f 953/1000/992 952/1096/1088 960/1002/994
f 960/1002/994 952/1096/1088 959/1097/1089
f 960/1002/994 959/1097/1089 967/1004/996
f 967/1004/996 959/1097/1089 966/1098/1090
f 967/1004/996 966/1098/1090 973/1006/998
f 973/1006/998 966/1098/1090 972/1099/1091
f 973/1006/998 972/1099/1091 987/1008/1000
f 987/1008/1000 972/1099/1091 988/1100/1092
f 987/1008/1000 988/1100/1092 979/1010/1002
f 979/1010/1002 988/1100/1092 978/1101/1093
f 979/1010/1002 978/1101/1093 1000/1012/1004
f 1000/1012/1004 978/1101/1093 1001/1102/1094
f 1000/1012/1004 1001/1102/1094 992/1014/1006
f 992/1014/1006 1001/1102/1094 991/1103/1095
f 992/1014/1006 991/1103/1095 1014/1016/1008
f 1014/1016/1008 991/1103/1095 1015/1104/1096
f 1014/1016/1008 1015/1104/1096 1003/1018/1010
f 1003/1018/1010 1015/1104/1096 881/1105/1097
f 1003/1018/1010 881/1105/1097 882/1106/1098
f 228/1094/1086 227/1107/1099 945/1095/1087
f 945/1095/1087 227/1107/1099 944/1108/1100
f 945/1095/1087 944/1108/1100 952/1096/1088
f 952/1096/1088 944/1108/1100 951/1109/1101
f 952/1096/1088 951/1109/1101 959/1097/1089
f 959/1097/1089 951/1109/1101 958/1110/1102
f 959/1097/1089 958/1110/1102 966/1098/1090
f 966/1098/1090 958/1110/1102 965/1111/1103
f 966/1098/1090 965/1111/1103 972/1099/1091
f 972/1099/1091 965/1111/1103 927/1112/1104
f 972/1099/1091 927/1112/1104 988/1100/1092
f 988/1100/1092 927/1112/1104 989/1113/1105
f 988/1100/1092 989/1113/1105 978/1101/1093
f 978/1101/1093 989/1113/1105 929/1114/1106
f 978/1101/1093 929/1114/1106 1001/1102/1094
f 1001/1102/1094 929/1114/1106 1002/1115/1107
f 1001/1102/1094 1002/1115/1107 991/1103/1095
f 991/1103/1095 1002/1115/1107 990/1116/1108
f 991/1103/1095 990/1116/1108 1015/1104/1096
f 1015/1104/1096 990/1116/1108 881/1105/1097
f 227/1107/1099 226/1117/1109 944/1108/1100
f 944/1108/1100 226/1117/1109 875/1118/1110
f 944/1108/1100 875/1118/1110 951/1109/1101
f 951/1109/1101 875/1118/1110 876/1119/1111
f 951/1109/1101 876/1119/1111 958/1110/1102
f 958/1110/1102 876/1119/1111 877/1120/1112
f 958/1110/1102 877/1120/1112 965/1111/1103
f 965/1111/1103 877/1120/1112 878/1121/1113
f 965/1111/1103 878/1121/1113 927/1112/1104
f 927/1112/1104 878/1121/1113 879/1122/1114
f 927/1112/1104 879/1122/1114 989/1113/1105
f 989/1113/1105 879/1122/1114 929/1114/1106
f 879/1122/1114 880/1123/1115 929/1114/1106
f 929/1114/1106 880/1123/1115 1002/1115/1107
f 1002/1115/1107 880/1123/1115 990/1116/1108
f 990/1116/1108 880/1123/1115 881/1105/1097
f 1003/1018/1010 882/1106/1098 932/1020/1012
f 932/1020/1012 882/1106/1098 883/1124/1116
f 932/1020/1012 883/1124/1116 1033/1022/1014
f 1033/1022/1014 883/1124/1116 933/1024/1016
f 883/1124/1116 884/1125/1117 933/1024/1016
f 933/1024/1016 884/1125/1117 1047/1026/1018
f 1047/1026/1018 884/1125/1117 1034/1028/1020
f 1034/1028/1020 884/1125/1117 885/1126/1118
f 1034/1028/1020 885/1126/1118 1048/1030/1022
f 1048/1030/1022 885/1126/1118 886/1127/1119
f 1048/1030/1022 886/1127/1119 1055/1032/1024
f 1055/1032/1024 886/1127/1119 887/1128/1120
f 1055/1032/1024 887/1128/1120 1062/1034/1026
f 1062/1034/1026 887/1128/1120 888/1129/1121
f 1062/1034/1026 888/1129/1121 1069/1036/1028
f 1069/1036/1028 888/1129/1121 889/1130/1122
f 1069/1036/1028 889/1130/1122 1076/1038/1030
f 1076/1038/1030 889/1130/1122 890/1131/1123
f 1076/1038/1030 890/1131/1123 891/1132/1124
f 1076/1038/1030 891/1132/1124 1083/1040/1032
f 1083/1040/1032 891/1132/1124 892/1133/1125
f 1083/1040/1032 892/1133/1125 1090/1042/1034
f 1090/1042/1034 892/1133/1125 893/1134/1126
f 1090/1042/1034 893/1134/1126 1097/1044/1036
f 1097/1044/1036 893/1134/1126 894/1135/1127
f 1097/1044/1036 894/1135/1127 1104/1046/1038
f 1104/1046/1038 894/1135/1127 895/1136/1128
f 1104/1046/1038 895/1136/1128 896/1137/1129
f 1104/1046/1038 896/1137/1129 1111/1048/1040
f 1111/1048/1040 896/1137/1129 897/1138/1130
f 1111/1048/1040 897/1138/1130 1117/1050/1042
f 1117/1050/1042 897/1138/1130 898/1139/1131
f 1117/1050/1042 898/1139/1131 1124/1052/1044
f 1124/1052/1044 898/1139/1131 899/1140/1132
f 1124/1052/1044 899/1140/1132 1131/1054/1046
f 1131/1054/1046 899/1140/1132 900/1141/1133
f 1131/1054/1046 900/1141/1133 901/1142/1134
f 1131/1054/1046 901/1142/1134 1138/1056/1048
f 1138/1056/1048 901/1142/1134 902/1143/1135
f 1138/1056/1048 902/1143/1135 903/1144/1136
f 1138/1056/1048 903/1144/1136 1145/1058/1050
f 1145/1058/1050 903/1144/1136 904/1145/1137
f 1145/1058/1050 904/1145/1137 905/1146/1138
f 1145/1058/1050 905/1146/1138 1152/1060/1052
f 1152/1060/1052 905/1146/1138 906/1147/1139
f 1152/1060/1052 906/1147/1139 935/1062/1054
f 935/1062/1054 906/1147/1139 907/1093/1085
f 917/1083/1075 918/1148/1140 1228/1081/1073
f 1228/1081/1073 918/1148/1140 1229/1149/1141
f 1228/1081/1073 1229/1149/1141 1221/1079/1071
f 1221/1079/1071 1229/1149/1141 1222/1150/1142
f 1221/1079/1071 1222/1150/1142 1214/1077/1069
f 1214/1077/1069 1222/1150/1142 1215/1151/1143
f 1214/1077/1069 1215/1151/1143 1207/1075/1067
f 1207/1075/1067 1215/1151/1143 1208/1152/1144
f 1207/1075/1067 1208/1152/1144 1200/1073/1065
f 1200/1073/1065 1208/1152/1144 1201/1153/1145
f 1200/1073/1065 1201/1153/1145 1193/1071/1063
f 1193/1071/1063 1201/1153/1145 1194/1154/1146
f 1193/1071/1063 1194/1154/1146 1186/1069/1061
f 1186/1069/1061 1194/1154/1146 1187/1155/1147
f 1186/1069/1061 1187/1155/1147 1180/1067/1059
f 1180/1067/1059 1187/1155/1147 1181/1156/1148
f 1180/1067/1059 1181/1156/1148 1166/1065/1057
f 1166/1065/1057 1181/1156/1148 1167/1157/1149
f 1166/1065/1057 1167/1157/1149 1177/1063/1055
f 1177/1063/1055 1167/1157/1149 1176/1158/1150
f 1177/1063/1055 1176/1158/1150 1159/1061/1053
f 1159/1061/1053 1176/1158/1150 1160/1159/1151
f 1159/1061/1053 1160/1159/1151 1153/1059/1051
f 1153/1059/1051 1160/1159/1151 1154/1160/1152
f 1153/1059/1051 1154/1160/1152 1146/1057/1049
f 1146/1057/1049 1154/1160/1152 1147/1161/1153
f 1146/1057/1049 1147/1161/1153 1139/1055/1047
f 1139/1055/1047 1147/1161/1153 1140/1162/1154
f 1139/1055/1047 1140/1162/1154 1132/1053/1045
f 1132/1053/1045 1140/1162/1154 1133/1163/1155
f 1132/1053/1045 1133/1163/1155 1125/1051/1043
f 1125/1051/1043 1133/1163/1155 1126/1164/1156
f 1125/1051/1043 1126/1164/1156 1118/1049/1041
f 1118/1049/1041 1126/1164/1156 1119/1165/1157
f 1118/1049/1041 1119/1165/1157 1112/1047/1039
f 1112/1047/1039 1119/1165/1157 1113/1166/1158
f 1112/1047/1039 1113/1166/1158 1105/1045/1037
f 1105/1045/1037 1113/1166/1158 1106/1167/1159
f 1105/1045/1037 1106/1167/1159 1098/1043/1035
f 1098/1043/1035 1106/1167/1159 1099/1168/1160
f 1098/1043/1035 1099/1168/1160 1091/1041/1033
f 1091/1041/1033 1099/1168/1160 1092/1169/1161
f 1091/1041/1033 1092/1169/1161 1084/1039/1031
f 1084/1039/1031 1092/1169/1161 1085/1170/1162
f 1084/1039/1031 1085/1170/1162 1077/1037/1029
f 1077/1037/1029 1085/1170/1162 1078/1171/1163
f 1077/1037/1029 1078/1171/1163 1070/1035/1027
f 1070/1035/1027 1078/1171/1163 1071/1172/1164
f 1070/1035/1027 1071/1172/1164 1063/1033/1025
f 1063/1033/1025 1071/1172/1164 1064/1173/1165
f 1063/1033/1025 1064/1173/1165 1056/1031/1023
f 1056/1031/1023 1064/1173/1165 1057/1174/1166
f 1056/1031/1023 1057/1174/1166 1049/1029/1021
f 1049/1029/1021 1057/1174/1166 1050/1175/1167
f 1049/1029/1021 1050/1175/1167 1035/1027/1019
f 1035/1027/1019 1050/1175/1167 1036/1176/1168
f 1035/1027/1019 1036/1176/1168 1046/1025/1017
f 1046/1025/1017 1036/1176/1168 1045/1177/1169
f 1046/1025/1017 1045/1177/1169 1021/1023/1015
f 1021/1023/1015 1045/1177/1169 1022/1178/1170
f 1021/1023/1015 1022/1178/1170 1032/1021/1013
f 1032/1021/1013 1022/1178/1170 1031/1179/1171
f 1032/1021/1013 1031/1179/1171 1016/1019/1011
f 1016/1019/1011 1031/1179/1171 1017/1180/1172
f 1016/1019/1011 1017/1180/1172 1004/1017/1009
f 1004/1017/1009 1017/1180/1172 1005/1181/1173
f 1004/1017/1009 1005/1181/1173 1013/1015/1007
f 1013/1015/1007 1005/1181/1173 1012/1182/1174
f 1013/1015/1007 1012/1182/1174 993/1013/1005
f 993/1013/1005 1012/1182/1174 994/1183/1175
f 993/1013/1005 994/1183/1175 999/1011/1003
f 999/1011/1003 994/1183/1175 998/1184/1176
f 999/1011/1003 998/1184/1176 980/1009/1001
f 980/1009/1001 998/1184/1176 981/1185/1177
f 980/1009/1001 981/1185/1177 986/1007/999
f 986/1007/999 981/1185/1177 985/1186/1178
f 986/1007/999 985/1186/1178 974/1005/997
f 974/1005/997 985/1186/1178 975/1187/1179
f 974/1005/997 975/1187/1179 968/1003/995
f 968/1003/995 975/1187/1179 969/1188/1180
f 968/1003/995 969/1188/1180 961/1001/993
f 961/1001/993 969/1188/1180 962/1189/1181
f 961/1001/993 962/1189/1181 954/999/991
f 954/999/991 962/1189/1181 955/1190/1182
f 954/999/991 955/1190/1182 947/997/989
f 947/997/989 955/1190/1182 948/1191/1183
f 947/997/989 948/1191/1183 940/995/987
f 940/995/987 948/1191/1183 941/993/985
f 918/1148/1140 919/1192/1184 1229/1149/1141
f 1229/1149/1141 919/1192/1184 1230/1193/1185
f 1229/1149/1141 1230/1193/1185 1222/1150/1142
f 1222/1150/1142 1230/1193/1185 1223/1194/1186
f 1222/1150/1142 1223/1194/1186 1215/1151/1143
f 1215/1151/1143 1223/1194/1186 1216/1195/1187
f 1215/1151/1143 1216/1195/1187 1208/1152/1144
f 1208/1152/1144 1216/1195/1187 1209/1196/1188
f 1208/1152/1144 1209/1196/1188 1201/1153/1145
f 1201/1153/1145 1209/1196/1188 1202/1197/1189
f 1201/1153/1145 1202/1197/1189 1194/1154/1146
f 1194/1154/1146 1202/1197/1189 1195/1198/1190
f 1194/1154/1146 1195/1198/1190 1187/1155/1147
f 1187/1155/1147 1195/1198/1190 1188/1199/1191
f 1187/1155/1147 1188/1199/1191 1181/1156/1148
f 1181/1156/1148 1188/1199/1191 1182/1200/1192
f 1181/1156/1148 1182/1200/1192 1167/1157/1149
f 1167/1157/1149 1182/1200/1192 1168/1201/1193
f 1167/1157/1149 1168/1201/1193 1176/1158/1150
f 1176/1158/1150 1168/1201/1193 1175/1202/1194
f 1176/1158/1150 1175/1202/1194 1160/1159/1151
f 1160/1159/1151 1175/1202/1194 1161/1203/1195
f 1160/1159/1151 1161/1203/1195 1154/1160/1152
f 1154/1160/1152 1161/1203/1195 1155/1204/1196
f 1154/1160/1152 1155/1204/1196 1147/1161/1153
f 1147/1161/1153 1155/1204/1196 1148/1205/1197
f 1147/1161/1153 1148/1205/1197 1140/1162/1154
f 1140/1162/1154 1148/1205/1197 1141/1206/1198
f 1140/1162/1154 1141/1206/1198 1133/1163/1155
f 1133/1163/1155 1141/1206/1198 1134/1207/1199
f 1133/1163/1155 1134/1207/1199 1126/1164/1156
f 1126/1164/1156 1134/1207/1199 1127/1208/1200
f 1126/1164/1156 1127/1208/1200 1119/1165/1157
f 1119/1165/1157 1127/1208/1200 1120/1209/1201
f 1119/1165/1157 1120/1209/1201 1113/1166/1158
f 1113/1166/1158 1120/1209/1201 1114/1210/1202
f 1113/1166/1158 1114/1210/1202 1106/1167/1159
f 1106/1167/1159 1114/1210/1202 1107/1211/1203
f 1106/1167/1159 1107/1211/1203 1099/1168/1160
f 1099/1168/1160 1107/1211/1203 1100/1212/1204
f 1099/1168/1160 1100/1212/1204 1092/1169/1161
f 1092/1169/1161 1100/1212/1204 1093/1213/1205
f 1092/1169/1161 1093/1213/1205 1085/1170/1162
f 1085/1170/1162 1093/1213/1205 1086/1214/1206
f 1085/1170/1162 1086/1214/1206 1078/1171/1163
f 1078/1171/1163 1086/1214/1206 1079/1215/1207
f 1078/1171/1163 1079/1215/1207 1071/1172/1164
f 1071/1172/1164 1079/1215/1207 1072/1216/1208
f 1071/1172/1164 1072/1216/1208 1064/1173/1165
f 1064/1173/1165 1072/1216/1208 1065/1217/1209
f 1064/1173/1165 1065/1217/1209 1057/1174/1166
f 1057/1174/1166 1065/1217/1209 1058/1218/1210
f 1057/1174/1166 1058/1218/1210 1050/1175/1167
f 1050/1175/1167 1058/1218/1210 1051/1219/1211
f 1050/1175/1167 1051/1219/1211 1036/1176/1168
f 1036/1176/1168 1051/1219/1211 1037/1220/1212
f 1036/1176/1168 1037/1220/1212 1045/1177/1169
f 1045/1177/1169 1037/1220/1212 1044/1221/1213
f 1045/1177/1169 1044/1221/1213 1022/1178/1170
f 1022/1178/1170 1044/1221/1213 1023/1222/1214
f 1022/1178/1170 1023/1222/1214 1031/1179/1171
f 1031/1179/1171 1023/1222/1214 1030/1223/1215
f 1031/1179/1171 1030/1223/1215 1017/1180/1172
f 1017/1180/1172 1030/1223/1215 1018/1224/1216
f 1017/1180/1172 1018/1224/1216 1005/1181/1173
f 1005/1181/1173 1018/1224/1216 1006/1225/1217
f 1005/1181/1173 1006/1225/1217 1012/1182/1174
f 1012/1182/1174 1006/1225/1217 1011/1226/1218
f 1012/1182/1174 1011/1226/1218 994/1183/1175
f 994/1183/1175 1011/1226/1218 995/1227/1219
f 994/1183/1175 995/1227/1219 998/1184/1176
f 998/1184/1176 995/1227/1219 997/1228/1220
f 998/1184/1176 997/1228/1220 981/1185/1177
f 981/1185/1177 997/1228/1220 982/1229/1221
f 981/1185/1177 982/1229/1221 985/1186/1178
f 985/1186/1178 982/1229/1221 984/1230/1222
f 985/1186/1178 984/1230/1222 975/1187/1179
f 975/1187/1179 984/1230/1222 976/1231/1223
f 975/1187/1179 976/1231/1223 969/1188/1180
f 969/1188/1180 976/1231/1223 970/1232/1224
f 969/1188/1180 970/1232/1224 962/1189/1181
f 962/1189/1181 970/1232/1224 963/1233/1225
f 962/1189/1181 963/1233/1225 955/1190/1182
f 955/1190/1182 963/1233/1225 956/1234/1226
f 955/1190/1182 956/1234/1226 948/1191/1183
f 948/1191/1183 956/1234/1226 949/1235/1227
f 948/1191/1183 949/1235/1227 941/993/985
f 941/993/985 949/1235/1227 942/991/983
f 1230/1193/1185 919/1192/1184 1234/1236/1228
f 1234/1236/1228 919/1192/1184 920/1237/1229
f 1234/1236/1228 920/1237/1229 1235/1238/1230
f 1235/1238/1230 920/1237/1229 921/1239/1231
f 1235/1238/1230 921/1239/1231 922/1240/1232
f 923/1241/1233 1238/1242/1234 922/1240/1232
f 922/1240/1232 1238/1242/1234 1236/1243/1235
f 922/1240/1232 1236/1243/1235 1235/1238/1230
f 1235/1238/1230 1236/1243/1235 1231/1244/1236
f 1235/1238/1230 1231/1244/1236 1230/1193/1185
f 1230/1193/1185 1231/1244/1236 1223/1194/1186
f 923/1241/1233 924/1245/1237 1238/1242/1234
f 1238/1242/1234 924/1245/1237 1239/1246/1238
f 1238/1242/1234 1239/1246/1238 1236/1243/1235
f 1236/1243/1235 1239/1246/1238 1237/1247/1239
f 1236/1243/1235 1237/1247/1239 1232/1248/1240
f 1232/1248/1240 1237/1247/1239 1233/1249/1241
f 1232/1248/1240 1233/1249/1241 1225/1250/1242
f 1225/1250/1242 1233/1249/1241 1226/1251/1243
f 1225/1250/1242 1226/1251/1243 1218/1252/1244
f 1218/1252/1244 1226/1251/1243 1219/1253/1245
f 1218/1252/1244 1219/1253/1245 1211/1254/1246
f 1211/1254/1246 1219/1253/1245 1212/1255/1247
f 1211/1254/1246 1212/1255/1247 1204/1256/1248
f 1204/1256/1248 1212/1255/1247 1205/1257/1249
f 1204/1256/1248 1205/1257/1249 1197/1258/1250
f 1197/1258/1250 1205/1257/1249 1198/1259/1251
f 1197/1258/1250 1198/1259/1251 1190/1260/1252
f 1190/1260/1252 1198/1259/1251 1191/1261/1253
f 1190/1260/1252 1191/1261/1253 1184/1262/1254
f 1184/1262/1254 1191/1261/1253 936/1263/1255
f 1184/1262/1254 936/1263/1255 1170/1264/1256
f 1170/1264/1256 936/1263/1255 1171/1265/1257
f 1170/1264/1256 1171/1265/1257 1173/1266/1258
f 1173/1266/1258 1171/1265/1257 1172/1267/1259
f 1173/1266/1258 1172/1267/1259 1163/1268/1260
f 1163/1268/1260 1172/1267/1259 1164/1269/1261
f 1163/1268/1260 1164/1269/1261 1157/1270/1262
f 1157/1270/1262 1164/1269/1261 1158/1271/1263
f 1157/1270/1262 1158/1271/1263 1150/1272/1264
f 1150/1272/1264 1158/1271/1263 1151/1273/1265
f 1150/1272/1264 1151/1273/1265 1143/1274/1266
f 1143/1274/1266 1151/1273/1265 1144/1275/1267
f 1143/1274/1266 1144/1275/1267 1136/1276/1268
f 1136/1276/1268 1144/1275/1267 1137/1277/1269
f 1136/1276/1268 1137/1277/1269 1129/1278/1270
f 1129/1278/1270 1137/1277/1269 1130/1279/1271
f 1129/1278/1270 1130/1279/1271 1122/1280/1272
f 1122/1280/1272 1130/1279/1271 1123/1281/1273
f 1122/1280/1272 1123/1281/1273 1116/1282/1274
f 1116/1282/1274 1123/1281/1273 934/1283/1275
f 1116/1282/1274 934/1283/1275 1109/1284/1276
f 1109/1284/1276 934/1283/1275 1110/1285/1277
f 1109/1284/1276 1110/1285/1277 1102/1286/1278
f 1102/1286/1278 1110/1285/1277 1103/1287/1279
f 1102/1286/1278 1103/1287/1279 1095/1288/1280
f 1095/1288/1280 1103/1287/1279 1096/1289/1281
f 1095/1288/1280 1096/1289/1281 1088/1290/1282
f 1088/1290/1282 1096/1289/1281 1089/1291/1283
f 1088/1290/1282 1089/1291/1283 1081/1292/1284
f 1081/1292/1284 1089/1291/1283 1082/1293/1285
f 1081/1292/1284 1082/1293/1285 1074/1294/1286
f 1074/1294/1286 1082/1293/1285 1075/1295/1287
f 1074/1294/1286 1075/1295/1287 1067/1296/1288
f 1067/1296/1288 1075/1295/1287 1068/1297/1289
f 1067/1296/1288 1068/1297/1289 1060/1298/1290
f 1060/1298/1290 1068/1297/1289 1061/1299/1291
f 1060/1298/1290 1061/1299/1291 1053/1300/1292
f 1053/1300/1292 1061/1299/1291 1054/1301/1293
f 1053/1300/1292 1054/1301/1293 1039/1302/1294
f 1039/1302/1294 1054/1301/1293 1040/1303/1295
f 1039/1302/1294 1040/1303/1295 1042/1304/1296
f 1042/1304/1296 1040/1303/1295 1041/1305/1297
f 1042/1304/1296 1041/1305/1297 1025/1306/1298
f 1025/1306/1298 1041/1305/1297 1026/1307/1299
f 1025/1306/1298 1026/1307/1299 1028/1308/1300
f 1028/1308/1300 1026/1307/1299 1027/1309/1301
f 1028/1308/1300 1027/1309/1301 1020/1310/1302
f 1020/1310/1302 1027/1309/1301 931/1311/1303
f 1020/1310/1302 931/1311/1303 1008/1312/1304
f 1008/1312/1304 931/1311/1303 1009/1313/1305
f 1008/1312/1304 1009/1313/1305 930/1314/1306
f 930/1314/1306 1009/1313/1305 142/1315/164
f 930/1314/1306 142/1315/164 141/1316/163
f 1239/1246/1238 924/1245/1237 1240/1317/1307
f 1240/1317/1307 924/1245/1237 925/1318/1308
f 1240/1317/1307 925/1318/1308 177/1319/197
f 177/1319/197 925/1318/1308 178/1320/1309
f 1240/1317/1307 177/1319/197 1239/1246/1238
f 1239/1246/1238 177/1319/197 176/1321/196
f 1239/1246/1238 176/1321/196 1237/1247/1239
f 1237/1247/1239 176/1321/196 175/1322/195
f 1237/1247/1239 175/1322/195 1233/1249/1241
f 1233/1249/1241 175/1322/195 174/1323/194
f 1233/1249/1241 174/1323/194 1226/1251/1243
f 1226/1251/1243 174/1323/194 173/1324/193
f 1226/1251/1243 173/1324/193 1219/1253/1245
f 1219/1253/1245 173/1324/193 172/1325/192
f 1219/1253/1245 172/1325/192 1212/1255/1247
f 1212/1255/1247 172/1325/192 171/1326/191
f 1212/1255/1247 171/1326/191 1205/1257/1249
f 1205/1257/1249 171/1326/191 170/1327/190
f 1205/1257/1249 170/1327/190 1198/1259/1251
f 1198/1259/1251 170/1327/190 169/1328/189
f 1198/1259/1251 169/1328/189 1191/1261/1253
f 1191/1261/1253 169/1328/189 168/1329/188
f 1191/1261/1253 168/1329/188 936/1263/1255
f 936/1263/1255 168/1329/188 167/1330/1310
f 936/1263/1255 167/1330/1310 1171/1265/1257
f 1171/1265/1257 167/1330/1310 1172/1267/1259
f 167/1330/1310 166/1331/1311 1172/1267/1259
f 1172/1267/1259 166/1331/1311 1164/1269/1261
f 166/1331/1311 165/1332/1312 1164/1269/1261
f 1164/1269/1261 165/1332/1312 1158/1271/1263
f 165/1332/1312 164/1333/159 1158/1271/1263
f 1158/1271/1263 164/1333/159 163/1334/1313
f 1158/1271/1263 163/1334/1313 1151/1273/1265
f 1151/1273/1265 163/1334/1313 162/1335/1314
f 1151/1273/1265 162/1335/1314 1144/1275/1267
f 1144/1275/1267 162/1335/1314 161/1336/1315
f 1144/1275/1267 161/1336/1315 160/1337/1316
f 1144/1275/1267 160/1337/1316 1137/1277/1269
f 1137/1277/1269 160/1337/1316 159/1338/178
f 1137/1277/1269 159/1338/178 1130/1279/1271
f 1130/1279/1271 159/1338/178 158/1339/1317
f 1130/1279/1271 158/1339/1317 157/1340/1318
f 156/1341/1319 934/1283/1275 157/1340/1318
f 157/1340/1318 934/1283/1275 1123/1281/1273
f 157/1340/1318 1123/1281/1273 1130/1279/1271
f 934/1283/1275 156/1341/1319 1110/1285/1277
f 1110/1285/1277 156/1341/1319 155/1342/185
f 1110/1285/1277 155/1342/185 154/1343/184
f 1110/1285/1277 154/1343/184 1103/1287/1279
f 1103/1287/1279 154/1343/184 153/1344/182
f 1103/1287/1279 153/1344/182 1096/1289/1281
f 1096/1289/1281 153/1344/182 152/1345/179
f 1096/1289/1281 152/1345/179 1089/1291/1283
f 1089/1291/1283 152/1345/179 151/1346/177
f 1089/1291/1283 151/1346/177 1082/1293/1285
f 1082/1293/1285 151/1346/177 150/1347/176
f 1082/1293/1285 150/1347/176 1075/1295/1287
f 1075/1295/1287 150/1347/176 149/1348/1320
f 1075/1295/1287 149/1348/1320 1068/1297/1289
f 1068/1297/1289 149/1348/1320 148/1349/1321
f 1068/1297/1289 148/1349/1321 1061/1299/1291
f 1061/1299/1291 148/1349/1321 1054/1301/1293
f 148/1349/1321 147/1350/170 1054/1301/1293
f 1054/1301/1293 147/1350/170 1040/1303/1295
f 147/1350/170 146/1351/168 1040/1303/1295
f 1040/1303/1295 146/1351/168 1041/1305/1297
f 146/1351/168 145/1352/1322 1041/1305/1297
f 1041/1305/1297 145/1352/1322 1026/1307/1299
f 145/1352/1322 144/1353/1323 1026/1307/1299
f 1026/1307/1299 144/1353/1323 1027/1309/1301
f 144/1353/1323 143/1354/1324 1027/1309/1301
f 1027/1309/1301 143/1354/1324 931/1311/1303
f 143/1354/1324 142/1315/164 931/1311/1303
f 931/1311/1303 142/1315/164 1009/1313/1305
f 140/1355/162 928/1356/1325 141/1316/163
f 141/1316/163 928/1356/1325 996/1357/1326
f 141/1316/163 996/1357/1326 930/1314/1306
f 930/1314/1306 996/1357/1326 1010/1358/1327
f 930/1314/1306 1010/1358/1327 1008/1312/1304
f 1008/1312/1304 1010/1358/1327 1007/1359/1328
f 1008/1312/1304 1007/1359/1328 1020/1310/1302
f 1020/1310/1302 1007/1359/1328 1019/1360/1329
f 1020/1310/1302 1019/1360/1329 1028/1308/1300
f 1028/1308/1300 1019/1360/1329 1029/1361/1330
f 1028/1308/1300 1029/1361/1330 1025/1306/1298
f 1025/1306/1298 1029/1361/1330 1024/1362/1331
f 1025/1306/1298 1024/1362/1331 1042/1304/1296
f 1042/1304/1296 1024/1362/1331 1043/1363/1332
f 1042/1304/1296 1043/1363/1332 1039/1302/1294
f 1039/1302/1294 1043/1363/1332 1038/1364/1333
f 1039/1302/1294 1038/1364/1333 1053/1300/1292
f 1053/1300/1292 1038/1364/1333 1052/1365/1334
f 1053/1300/1292 1052/1365/1334 1060/1298/1290
f 1060/1298/1290 1052/1365/1334 1059/1366/1335
f 1060/1298/1290 1059/1366/1335 1067/1296/1288
f 1067/1296/1288 1059/1366/1335 1066/1367/1336
f 1067/1296/1288 1066/1367/1336 1074/1294/1286
f 1074/1294/1286 1066/1367/1336 1073/1368/1337
f 1074/1294/1286 1073/1368/1337 1081/1292/1284
f 1081/1292/1284 1073/1368/1337 1080/1369/1338
f 1081/1292/1284 1080/1369/1338 1088/1290/1282
f 1088/1290/1282 1080/1369/1338 1087/1370/1339
f 1088/1290/1282 1087/1370/1339 1095/1288/1280
f 1095/1288/1280 1087/1370/1339 1094/1371/1340
f 1095/1288/1280 1094/1371/1340 1102/1286/1278
f 1102/1286/1278 1094/1371/1340 1101/1372/1341
f 1102/1286/1278 1101/1372/1341 1109/1284/1276
f 1109/1284/1276 1101/1372/1341 1108/1373/1342
f 1109/1284/1276 1108/1373/1342 1116/1282/1274
f 1116/1282/1274 1108/1373/1342 1115/1374/1343
f 1116/1282/1274 1115/1374/1343 1122/1280/1272
f 1122/1280/1272 1115/1374/1343 1121/1375/1344
f 1122/1280/1272 1121/1375/1344 1129/1278/1270
f 1129/1278/1270 1121/1375/1344 1128/1376/1345
f 1129/1278/1270 1128/1376/1345 1136/1276/1268
f 1136/1276/1268 1128/1376/1345 1135/1377/1346
f 1136/1276/1268 1135/1377/1346 1143/1274/1266
f 1143/1274/1266 1135/1377/1346 1142/1378/1347
f 1143/1274/1266 1142/1378/1347 1150/1272/1264
f 1150/1272/1264 1142/1378/1347 1149/1379/1348
f 1150/1272/1264 1149/1379/1348 1157/1270/1262
f 1157/1270/1262 1149/1379/1348 1156/1380/1349
f 1157/1270/1262 1156/1380/1349 1163/1268/1260
f 1163/1268/1260 1156/1380/1349 1162/1381/1350
f 1163/1268/1260 1162/1381/1350 1173/1266/1258
f 1173/1266/1258 1162/1381/1350 1174/1382/1351
f 1173/1266/1258 1174/1382/1351 1170/1264/1256
f 1170/1264/1256 1174/1382/1351 1169/1383/1352
f 1170/1264/1256 1169/1383/1352 1184/1262/1254
f 1184/1262/1254 1169/1383/1352 1183/1384/1353
f 1184/1262/1254 1183/1384/1353 1190/1260/1252
f 1190/1260/1252 1183/1384/1353 1189/1385/1354
f 1190/1260/1252 1189/1385/1354 1197/1258/1250
f 1197/1258/1250 1189/1385/1354 1196/1386/1355
f 1197/1258/1250 1196/1386/1355 1204/1256/1248
f 1204/1256/1248 1196/1386/1355 1203/1387/1356
f 1204/1256/1248 1203/1387/1356 1211/1254/1246
f 1211/1254/1246 1203/1387/1356 1210/1388/1357
f 1211/1254/1246 1210/1388/1357 1218/1252/1244
f 1218/1252/1244 1210/1388/1357 1217/1389/1358
f 1218/1252/1244 1217/1389/1358 1225/1250/1242
f 1225/1250/1242 1217/1389/1358 1224/1390/1359
f 1225/1250/1242 1224/1390/1359 1232/1248/1240
f 1232/1248/1240 1224/1390/1359 1231/1244/1236
f 1232/1248/1240 1231/1244/1236 1236/1243/1235
f 139/1391/161 926/1392/1360 140/1355/162
f 140/1355/162 926/1392/1360 983/1393/1361
f 140/1355/162 983/1393/1361 928/1356/1325
f 928/1356/1325 983/1393/1361 982/1229/1221
f 928/1356/1325 982/1229/1221 997/1228/1220
f 138/1394/158 971/1395/1362 139/1391/161
f 139/1391/161 971/1395/1362 977/1396/1363
f 139/1391/161 977/1396/1363 926/1392/1360
f 926/1392/1360 977/1396/1363 976/1231/1223
f 926/1392/1360 976/1231/1223 984/1230/1222
f 971/1395/1362 138/1394/158 964/1397/1364
f 964/1397/1364 138/1394/158 137/1398/157
f 964/1397/1364 137/1398/157 957/1399/1365
f 957/1399/1365 137/1398/157 136/1400/156
f 957/1399/1365 136/1400/156 950/1401/1366
f 950/1401/1366 136/1400/156 135/1402/155
f 950/1401/1366 135/1402/155 943/1403/1367
f 943/1403/1367 135/1402/155 134/1404/1368
f 943/1403/1367 134/1404/1368 939/986/978
f 939/986/978 134/1404/1368 133/984/153
f 943/1403/1367 939/986/978 938/989/981
f 950/1401/1366 943/1403/1367 942/991/983
f 942/991/983 943/1403/1367 938/989/981
f 950/1401/1366 942/991/983 949/1235/1227
f 957/1399/1365 950/1401/1366 949/1235/1227
f 957/1399/1365 949/1235/1227 956/1234/1226
f 964/1397/1364 957/1399/1365 956/1234/1226
f 964/1397/1364 956/1234/1226 963/1233/1225
f 971/1395/1362 964/1397/1364 963/1233/1225
f 971/1395/1362 963/1233/1225 970/1232/1224
f 977/1396/1363 971/1395/1362 970/1232/1224
f 977/1396/1363 970/1232/1224 976/1231/1223
f 926/1392/1360 984/1230/1222 983/1393/1361
f 983/1393/1361 984/1230/1222 982/1229/1221
f 928/1356/1325 997/1228/1220 996/1357/1326
f 996/1357/1326 997/1228/1220 995/1227/1219
f 996/1357/1326 995/1227/1219 1010/1358/1327
f 1010/1358/1327 995/1227/1219 1011/1226/1218
f 1010/1358/1327 1011/1226/1218 1007/1359/1328
f 1007/1359/1328 1011/1226/1218 1006/1225/1217
f 1007/1359/1328 1006/1225/1217 1019/1360/1329
f 1019/1360/1329 1006/1225/1217 1018/1224/1216
f 1019/1360/1329 1018/1224/1216 1029/1361/1330
f 1029/1361/1330 1018/1224/1216 1030/1223/1215
f 1029/1361/1330 1030/1223/1215 1024/1362/1331
f 1024/1362/1331 1030/1223/1215 1023/1222/1214
f 1024/1362/1331 1023/1222/1214 1043/1363/1332
f 1043/1363/1332 1023/1222/1214 1044/1221/1213
f 1043/1363/1332 1044/1221/1213 1038/1364/1333
f 1038/1364/1333 1044/1221/1213 1037/1220/1212
f 1038/1364/1333 1037/1220/1212 1052/1365/1334
f 1052/1365/1334 1037/1220/1212 1051/1219/1211
f 1052/1365/1334 1051/1219/1211 1059/1366/1335
f 1059/1366/1335 1051/1219/1211 1058/1218/1210
f 1059/1366/1335 1058/1218/1210 1066/1367/1336
f 1066/1367/1336 1058/1218/1210 1065/1217/1209
f 1066/1367/1336 1065/1217/1209 1073/1368/1337
f 1073/1368/1337 1065/1217/1209 1072/1216/1208
f 1073/1368/1337 1072/1216/1208 1080/1369/1338
f 1080/1369/1338 1072/1216/1208 1079/1215/1207
f 1080/1369/1338 1079/1215/1207 1087/1370/1339
f 1087/1370/1339 1079/1215/1207 1086/1214/1206
f 1087/1370/1339 1086/1214/1206 1094/1371/1340
f 1094/1371/1340 1086/1214/1206 1093/1213/1205
f 1094/1371/1340 1093/1213/1205 1101/1372/1341
f 1101/1372/1341 1093/1213/1205 1100/1212/1204
f 1101/1372/1341 1100/1212/1204 1108/1373/1342
f 1108/1373/1342 1100/1212/1204 1107/1211/1203
f 1108/1373/1342 1107/1211/1203 1115/1374/1343
f 1115/1374/1343 1107/1211/1203 1114/1210/1202
f 1115/1374/1343 1114/1210/1202 1121/1375/1344
f 1121/1375/1344 1114/1210/1202 1120/1209/1201
f 1121/1375/1344 1120/1209/1201 1128/1376/1345
f 1128/1376/1345 1120/1209/1201 1127/1208/1200
f 1128/1376/1345 1127/1208/1200 1135/1377/1346
f 1135/1377/1346 1127/1208/1200 1134/1207/1199
f 1135/1377/1346 1134/1207/1199 1142/1378/1347
f 1142/1378/1347 1134/1207/1199 1141/1206/1198
f 1142/1378/1347 1141/1206/1198 1149/1379/1348
f 1149/1379/1348 1141/1206/1198 1148/1205/1197
f 1149/1379/1348 1148/1205/1197 1156/1380/1349
f 1156/1380/1349 1148/1205/1197 1155/1204/1196
f 1156/1380/1349 1155/1204/1196 1162/1381/1350
f 1162/1381/1350 1155/1204/1196 1161/1203/1195
f 1162/1381/1350 1161/1203/1195 1174/1382/1351
f 1174/1382/1351 1161/1203/1195 1175/1202/1194
f 1174/1382/1351 1175/1202/1194 1169/1383/1352
f 1169/1383/1352 1175/1202/1194 1168/1201/1193
f 1169/1383/1352 1168/1201/1193 1183/1384/1353
f 1183/1384/1353 1168/1201/1193 1182/1200/1192
f 1183/1384/1353 1182/1200/1192 1189/1385/1354
f 1189/1385/1354 1182/1200/1192 1188/1199/1191
f 1189/1385/1354 1188/1199/1191 1196/1386/1355
f 1196/1386/1355 1188/1199/1191 1195/1198/1190
f 1196/1386/1355 1195/1198/1190 1203/1387/1356
f 1203/1387/1356 1195/1198/1190 1202/1197/1189
f 1203/1387/1356 1202/1197/1189 1210/1388/1357
f 1210/1388/1357 1202/1197/1189 1209/1196/1188
f 1210/1388/1357 1209/1196/1188 1217/1389/1358
f 1217/1389/1358 1209/1196/1188 1216/1195/1187
f 1217/1389/1358 1216/1195/1187 1224/1390/1359
f 1224/1390/1359 1216/1195/1187 1223/1194/1186
f 1224/1390/1359 1223/1194/1186 1231/1244/1236
f 1234/1236/1228 1235/1238/1230 1230/1193/1185
f 226/1405/346 478/1406/1369 875/1407/1370
f 875/1407/1370 478/1406/1369 1302/1408/1371
f 875/1407/1370 1302/1408/1371 876/1409/1372
f 876/1409/1372 1302/1408/1371 1303/1410/1373
f 876/1409/1372 1303/1410/1373 877/1411/1374
f 877/1411/1374 1303/1410/1373 1304/1412/1375
f 877/1411/1374 1304/1412/1375 878/1413/1376
f 878/1413/1376 1304/1412/1375 1305/1414/1377
f 878/1413/1376 1305/1414/1377 879/1415/1378
f 879/1415/1378 1305/1414/1377 1307/1416/1379
f 879/1415/1378 1307/1416/1379 1308/1417/1380
f 1308/1417/1380 1307/1416/1379 1346/1418/1381
f 1308/1417/1380 1346/1418/1381 881/1419/1382
f 881/1419/1382 1346/1418/1381 1345/1420/1383
f 881/1419/1382 1345/1420/1383 882/1421/1384
f 882/1421/1384 1345/1420/1383 883/1422/1385
f 883/1422/1385 1345/1420/1383 1344/1423/1386
f 883/1422/1385 1344/1423/1386 884/1424/1387
f 884/1424/1387 1344/1423/1386 1343/1425/1388
f 884/1424/1387 1343/1425/1388 885/1426/1389
f 885/1426/1389 1343/1425/1388 1316/1427/1390
f 885/1426/1389 1316/1427/1390 886/1428/1391
f 886/1428/1391 1316/1427/1390 1317/1429/1392
f 886/1428/1391 1317/1429/1392 887/1430/1393
f 887/1430/1393 1317/1429/1392 1318/1431/1394
f 887/1430/1393 1318/1431/1394 888/1432/1395
f 888/1432/1395 1318/1431/1394 889/1433/1396
f 889/1433/1396 1318/1431/1394 1319/1434/1397
f 889/1433/1396 1319/1434/1397 890/1435/1398
f 890/1435/1398 1319/1434/1397 1320/1436/1399
f 890/1435/1398 1320/1436/1399 891/1437/1400
f 891/1437/1400 1320/1436/1399 1321/1438/1401
f 891/1437/1400 1321/1438/1401 892/1439/1402
f 892/1439/1402 1321/1438/1401 893/1440/1403
f 893/1440/1403 1321/1438/1401 1322/1441/1404
f 893/1440/1403 1322/1441/1404 894/1442/1405
f 894/1442/1405 1322/1441/1404 1323/1443/1406
f 894/1442/1405 1323/1443/1406 895/1444/1407
f 895/1444/1407 1323/1443/1406 896/1445/1408
f 896/1445/1408 1323/1443/1406 1324/1446/1409
f 896/1445/1408 1324/1446/1409 897/1447/1410
f 897/1447/1410 1324/1446/1409 1325/1448/1411
f 897/1447/1410 1325/1448/1411 898/1449/1412
f 898/1449/1412 1325/1448/1411 1326/1450/1413
f 898/1449/1412 1326/1450/1413 899/1451/1414
f 899/1451/1414 1326/1450/1413 900/1452/1415
f 900/1452/1415 1326/1450/1413 1327/1453/1416
f 900/1452/1415 1327/1453/1416 901/1454/1417
f 901/1454/1417 1327/1453/1416 1328/1455/1418
f 901/1454/1417 1328/1455/1418 902/1456/1419
f 902/1456/1419 1328/1455/1418 903/1457/1420
f 903/1457/1420 1328/1455/1418 1329/1458/1421
f 903/1457/1420 1329/1458/1421 904/1459/1422
f 904/1459/1422 1329/1458/1421 1330/1460/1423
f 904/1459/1422 1330/1460/1423 905/1461/1424
f 905/1461/1424 1330/1460/1423 1331/1462/1425
f 905/1461/1424 1331/1462/1425 1342/1463/1426
f 1342/1463/1426 1331/1462/1425 1332/1464/1427
f 1342/1463/1426 1332/1464/1427 1341/1465/1428
f 1341/1465/1428 1332/1464/1427 1333/1466/1429
f 1341/1465/1428 1333/1466/1429 1340/1467/1430
f 1340/1467/1430 1333/1466/1429 1334/1468/1431
f 1340/1467/1430 1334/1468/1431 1339/1469/1432
f 1339/1469/1432 1334/1468/1431 1335/1470/1433
f 1339/1469/1432 1335/1470/1433 1338/1471/1434
f 1338/1471/1434 1335/1470/1433 1336/1472/1435
f 1338/1471/1434 1336/1472/1435 1337/1473/1436
f 1337/1473/1436 1336/1472/1435 1297/1474/1437
f 1337/1473/1436 1297/1474/1437 1301/1475/1438
f 1301/1475/1438 1297/1474/1437 1298/1476/1439
f 1301/1475/1438 1298/1476/1439 1854/1477/1440
f 1854/1477/1440 1298/1476/1439 1299/1478/1441
f 1854/1477/1440 1299/1478/1441 1858/1479/1442
f 1858/1479/1442 1299/1478/1441 914/1480/1443
f 1858/1479/1442 914/1480/1443 913/1481/1444
f 1302/1408/1371 478/1406/1369 1303/1410/1373
f 1303/1410/1373 478/1406/1369 477/1482/1445
f 1303/1410/1373 477/1482/1445 1300/1483/1446
f 1300/1483/1446 477/1482/1445 476/1484/1447
f 1300/1483/1446 476/1484/1447 1349/1485/1448
f 1349/1485/1448 476/1484/1447 1309/1486/1449
f 1349/1485/1448 1309/1486/1449 1310/1487/1450
f 1310/1487/1450 1309/1486/1449 1351/1488/1451
f 1310/1487/1450 1351/1488/1451 1352/1489/1452
f 1352/1489/1452 1351/1488/1451 1380/1490/1453
f 1352/1489/1452 1380/1490/1453 1381/1491/1454
f 1381/1491/1454 1380/1490/1453 1409/1492/1455
f 1381/1491/1454 1409/1492/1455 1410/1493/1456
f 1410/1493/1456 1409/1492/1455 1438/1494/1457
f 1410/1493/1456 1438/1494/1457 1439/1495/1458
f 1439/1495/1458 1438/1494/1457 1467/1496/1459
f 1439/1495/1458 1467/1496/1459 1468/1497/1460
f 1468/1497/1460 1467/1496/1459 1496/1498/1461
f 1468/1497/1460 1496/1498/1461 1497/1499/1462
f 1497/1499/1462 1496/1498/1461 1525/1500/1463
f 1497/1499/1462 1525/1500/1463 1526/1501/1464
f 1526/1501/1464 1525/1500/1463 1554/1502/1465
f 1526/1501/1464 1554/1502/1465 1555/1503/1466
f 1555/1503/1466 1554/1502/1465 1583/1504/1467
f 1555/1503/1466 1583/1504/1467 1584/1505/1468
f 1584/1505/1468 1583/1504/1467 1612/1506/1469
f 1584/1505/1468 1612/1506/1469 1613/1507/1470
f 1613/1507/1470 1612/1506/1469 1641/1508/1471
f 1613/1507/1470 1641/1508/1471 1642/1509/1472
f 1642/1509/1472 1641/1508/1471 1670/1510/1473
f 1642/1509/1472 1670/1510/1473 1671/1511/1474
f 1671/1511/1474 1670/1510/1473 1699/1512/1475
f 1671/1511/1474 1699/1512/1475 1700/1513/1476
f 1700/1513/1476 1699/1512/1475 1728/1514/1477
f 1700/1513/1476 1728/1514/1477 1729/1515/1478
f 1729/1515/1478 1728/1514/1477 1757/1516/1479
f 1729/1515/1478 1757/1516/1479 1758/1517/1480
f 1758/1517/1480 1757/1516/1479 1786/1518/1481
f 1758/1517/1480 1786/1518/1481 1787/1519/1482
f 1787/1519/1482 1786/1518/1481 1815/1520/1483
f 1787/1519/1482 1815/1520/1483 1816/1521/1484
f 1816/1521/1484 1815/1520/1483 1844/1522/1485
f 1816/1521/1484 1844/1522/1485 1845/1523/1486
f 1845/1523/1486 1844/1522/1485 1260/1524/1487
f 1845/1523/1486 1260/1524/1487 1261/1525/1488
f 476/1484/1447 475/1526/1489 1309/1486/1449
f 1309/1486/1449 475/1526/1489 1350/1527/1490
f 1309/1486/1449 1350/1527/1490 1351/1488/1451
f 1351/1488/1451 1350/1527/1490 1379/1528/1491
f 1351/1488/1451 1379/1528/1491 1380/1490/1453
f 1380/1490/1453 1379/1528/1491 1408/1529/1492
f 1380/1490/1453 1408/1529/1492 1409/1492/1455
f 1409/1492/1455 1408/1529/1492 1437/1530/1493
f 1409/1492/1455 1437/1530/1493 1438/1494/1457
f 1438/1494/1457 1437/1530/1493 1466/1531/1494
f 1438/1494/1457 1466/1531/1494 1467/1496/1459
f 1467/1496/1459 1466/1531/1494 1495/1532/1495
f 1467/1496/1459 1495/1532/1495 1496/1498/1461
f 1496/1498/1461 1495/1532/1495 1524/1533/1496
f 1496/1498/1461 1524/1533/1496 1525/1500/1463
f 1525/1500/1463 1524/1533/1496 1553/1534/1497
f 1525/1500/1463 1553/1534/1497 1554/1502/1465
f 1554/1502/1465 1553/1534/1497 1582/1535/1498
f 1554/1502/1465 1582/1535/1498 1583/1504/1467
f 1583/1504/1467 1582/1535/1498 1611/1536/1499
f 1583/1504/1467 1611/1536/1499 1612/1506/1469
f 1612/1506/1469 1611/1536/1499 1640/1537/1500
f 1612/1506/1469 1640/1537/1500 1641/1508/1471
f 1641/1508/1471 1640/1537/1500 1669/1538/1501
f 1641/1508/1471 1669/1538/1501 1670/1510/1473
f 1670/1510/1473 1669/1538/1501 1698/1539/1502
f 1670/1510/1473 1698/1539/1502 1699/1512/1475
f 1699/1512/1475 1698/1539/1502 1727/1540/1503
f 1699/1512/1475 1727/1540/1503 1728/1514/1477
f 1728/1514/1477 1727/1540/1503 1756/1541/1504
f 1728/1514/1477 1756/1541/1504 1757/1516/1479
f 1757/1516/1479 1756/1541/1504 1785/1542/1505
f 1757/1516/1479 1785/1542/1505 1786/1518/1481
f 1786/1518/1481 1785/1542/1505 1814/1543/1506
f 1786/1518/1481 1814/1543/1506 1815/1520/1483
f 1815/1520/1483 1814/1543/1506 1843/1544/1507
f 1815/1520/1483 1843/1544/1507 1844/1522/1485
f 1844/1522/1485 1843/1544/1507 1260/1524/1487
f 475/1526/1489 474/1545/1508 1350/1527/1490
f 1350/1527/1490 474/1545/1508 473/1546/1509
f 1350/1527/1490 473/1546/1509 1378/1547/1510
f 1378/1547/1510 473/1546/1509 472/1548/1511
f 1378/1547/1510 472/1548/1511 1406/1549/1512
f 1406/1549/1512 472/1548/1511 471/1550/1513
f 1406/1549/1512 471/1550/1513 1434/1551/1514
f 1434/1551/1514 471/1550/1513 470/1552/1515
f 1434/1551/1514 470/1552/1515 1462/1553/1516
f 1462/1553/1516 470/1552/1515 469/1554/1517
f 1462/1553/1516 469/1554/1517 468/1555/1518
f 1462/1553/1516 468/1555/1518 1490/1556/1519
f 1490/1556/1519 468/1555/1518 467/1557/1520
f 1490/1556/1519 467/1557/1520 1518/1558/1521
f 1518/1558/1521 467/1557/1520 466/1559/682
f 1518/1558/1521 466/1559/682 465/1560/1522
f 1518/1558/1521 465/1560/1522 1546/1561/1523
f 1546/1561/1523 465/1560/1522 464/1562/1524
f 1546/1561/1523 464/1562/1524 1574/1563/1525
f 1574/1563/1525 464/1562/1524 463/1564/1526
f 1574/1563/1525 463/1564/1526 1602/1565/1527
f 1602/1565/1527 463/1564/1526 462/1566/1528
f 1602/1565/1527 462/1566/1528 461/1567/1529
f 1602/1565/1527 461/1567/1529 1630/1568/1530
f 1630/1568/1530 461/1567/1529 460/1569/1531
f 1630/1568/1530 460/1569/1531 1658/1570/1532
f 1658/1570/1532 460/1569/1531 459/1571/1533
f 1658/1570/1532 459/1571/1533 1686/1572/1534
f 1686/1572/1534 459/1571/1533 458/1573/1535
f 1686/1572/1534 458/1573/1535 457/1574/1536
f 1686/1572/1534 457/1574/1536 1714/1575/1537
f 1714/1575/1537 457/1574/1536 456/1576/1538
f 1714/1575/1537 456/1576/1538 1742/1577/1539
f 1742/1577/1539 456/1576/1538 455/1578/1540
f 1742/1577/1539 455/1578/1540 1770/1579/1541
f 1770/1579/1541 455/1578/1540 454/1580/1542
f 1770/1579/1541 454/1580/1542 453/1581/1543
f 1770/1579/1541 453/1581/1543 1798/1582/1544
f 1798/1582/1544 453/1581/1543 452/1583/1545
f 1798/1582/1544 452/1583/1545 1826/1584/1546
f 1826/1584/1546 452/1583/1545 451/1585/1547
f 1826/1584/1546 451/1585/1547 1241/1586/1548
f 1241/1586/1548 451/1585/1547 450/1587/1549
f 1241/1586/1548 1242/1588/1550 1826/1584/1546
f 1826/1584/1546 1242/1588/1550 1243/1589/1551
f 1826/1584/1546 1243/1589/1551 1827/1590/1552
f 1827/1590/1552 1243/1589/1551 1244/1591/1553
f 1827/1590/1552 1244/1591/1553 1828/1592/1554
f 1828/1592/1554 1244/1591/1553 1245/1593/1555
f 1828/1592/1554 1245/1593/1555 1829/1594/1556
f 1829/1594/1556 1245/1593/1555 1246/1595/1557
f 1829/1594/1556 1246/1595/1557 1830/1596/1558
f 1830/1596/1558 1246/1595/1557 1247/1597/1559
f 1830/1596/1558 1247/1597/1559 1248/1598/1560
f 1830/1596/1558 1248/1598/1560 1831/1599/1561
f 1831/1599/1561 1248/1598/1560 1249/1600/1562
f 1831/1599/1561 1249/1600/1562 1250/1601/1563
f 1831/1599/1561 1250/1601/1563 1832/1602/1564
f 1832/1602/1564 1250/1601/1563 1251/1603/1565
f 1832/1602/1564 1251/1603/1565 1833/1604/1566
f 1833/1604/1566 1251/1603/1565 1834/1605/1567
f 1833/1604/1566 1834/1605/1567 1805/1606/1568
f 1805/1606/1568 1834/1605/1567 1806/1607/1569
f 1805/1606/1568 1806/1607/1569 1777/1608/1570
f 1777/1608/1570 1806/1607/1569 1778/1609/1571
f 1777/1608/1570 1778/1609/1571 1749/1610/1572
f 1749/1610/1572 1778/1609/1571 1750/1611/1573
f 1749/1610/1572 1750/1611/1573 1721/1612/1574
f 1721/1612/1574 1750/1611/1573 1722/1613/1575
f 1721/1612/1574 1722/1613/1575 1693/1614/1576
f 1693/1614/1576 1722/1613/1575 1694/1615/1577
f 1693/1614/1576 1694/1615/1577 1665/1616/1578
f 1665/1616/1578 1694/1615/1577 1666/1617/1579
f 1665/1616/1578 1666/1617/1579 1637/1618/1580
f 1637/1618/1580 1666/1617/1579 1638/1619/1581
f 1637/1618/1580 1638/1619/1581 1609/1620/1582
f 1609/1620/1582 1638/1619/1581 1610/1621/1583
f 1609/1620/1582 1610/1621/1583 1581/1622/1584
f 1581/1622/1584 1610/1621/1583 1582/1535/1498
f 1581/1622/1584 1582/1535/1498 1553/1534/1497
f 1251/1603/1565 1252/1623/1585 1834/1605/1567
f 1834/1605/1567 1252/1623/1585 1835/1624/1586
f 1834/1605/1567 1835/1624/1586 1806/1607/1569
f 1806/1607/1569 1835/1624/1586 1807/1625/1587
f 1806/1607/1569 1807/1625/1587 1778/1609/1571
f 1778/1609/1571 1807/1625/1587 1779/1626/1588
f 1778/1609/1571 1779/1626/1588 1750/1611/1573
f 1750/1611/1573 1779/1626/1588 1751/1627/1589
f 1750/1611/1573 1751/1627/1589 1722/1613/1575
f 1722/1613/1575 1751/1627/1589 1723/1628/1590
f 1722/1613/1575 1723/1628/1590 1694/1615/1577
f 1694/1615/1577 1723/1628/1590 1695/1629/1591
f 1694/1615/1577 1695/1629/1591 1666/1617/1579
f 1666/1617/1579 1695/1629/1591 1667/1630/1592
f 1666/1617/1579 1667/1630/1592 1638/1619/1581
f 1638/1619/1581 1667/1630/1592 1639/1631/1593
f 1638/1619/1581 1639/1631/1593 1610/1621/1583
f 1610/1621/1583 1639/1631/1593 1611/1536/1499
f 1610/1621/1583 1611/1536/1499 1582/1535/1498
f 1252/1623/1585 1253/1632/1594 1835/1624/1586
f 1835/1624/1586 1253/1632/1594 1836/1633/1595
f 1835/1624/1586 1836/1633/1595 1807/1625/1587
f 1807/1625/1587 1836/1633/1595 1808/1634/1596
f 1807/1625/1587 1808/1634/1596 1779/1626/1588
f 1779/1626/1588 1808/1634/1596 1780/1635/1597
f 1779/1626/1588 1780/1635/1597 1751/1627/1589
f 1751/1627/1589 1780/1635/1597 1752/1636/1598
f 1751/1627/1589 1752/1636/1598 1723/1628/1590
f 1723/1628/1590 1752/1636/1598 1724/1637/1599
f 1723/1628/1590 1724/1637/1599 1695/1629/1591
f 1695/1629/1591 1724/1637/1599 1696/1638/1600
f 1695/1629/1591 1696/1638/1600 1667/1630/1592
f 1667/1630/1592 1696/1638/1600 1668/1639/1601
f 1667/1630/1592 1668/1639/1601 1639/1631/1593
f 1639/1631/1593 1668/1639/1601 1640/1537/1500
f 1639/1631/1593 1640/1537/1500 1611/1536/1499
f 1253/1632/1594 1254/1640/1602 1836/1633/1595
f 1836/1633/1595 1254/1640/1602 1837/1641/1603
f 1836/1633/1595 1837/1641/1603 1808/1634/1596
f 1808/1634/1596 1837/1641/1603 1809/1642/1604
f 1808/1634/1596 1809/1642/1604 1780/1635/1597
f 1780/1635/1597 1809/1642/1604 1781/1643/1605
f 1780/1635/1597 1781/1643/1605 1752/1636/1598
f 1752/1636/1598 1781/1643/1605 1753/1644/1606
f 1752/1636/1598 1753/1644/1606 1724/1637/1599
f 1724/1637/1599 1753/1644/1606 1725/1645/1607
f 1724/1637/1599 1725/1645/1607 1696/1638/1600
f 1696/1638/1600 1725/1645/1607 1697/1646/1608
f 1696/1638/1600 1697/1646/1608 1668/1639/1601
f 1668/1639/1601 1697/1646/1608 1669/1538/1501
f 1668/1639/1601 1669/1538/1501 1640/1537/1500
f 1254/1640/1602 1255/1647/1609 1837/1641/1603
f 1837/1641/1603 1255/1647/1609 1838/1648/1610
f 1837/1641/1603 1838/1648/1610 1809/1642/1604
f 1809/1642/1604 1838/1648/1610 1810/1649/1611
f 1809/1642/1604 1810/1649/1611 1781/1643/1605
f 1781/1643/1605 1810/1649/1611 1782/1650/1612
f 1781/1643/1605 1782/1650/1612 1753/1644/1606
f 1753/1644/1606 1782/1650/1612 1754/1651/1613
f 1753/1644/1606 1754/1651/1613 1725/1645/1607
f 1725/1645/1607 1754/1651/1613 1726/1652/1614
f 1725/1645/1607 1726/1652/1614 1697/1646/1608
f 1697/1646/1608 1726/1652/1614 1698/1539/1502
f 1697/1646/1608 1698/1539/1502 1669/1538/1501
f 1838/1648/1610 1255/1647/1609 1839/1653/1615
f 1839/1653/1615 1255/1647/1609 1256/1654/1616
f 1839/1653/1615 1256/1654/1616 1840/1655/1617
f 1840/1655/1617 1256/1654/1616 1257/1656/1618
f 1840/1655/1617 1257/1656/1618 1841/1657/1619
f 1841/1657/1619 1257/1656/1618 1258/1658/1620
f 1841/1657/1619 1258/1658/1620 1842/1659/1621
f 1842/1659/1621 1258/1658/1620 1259/1660/1622
f 1842/1659/1621 1259/1660/1622 1843/1544/1507
f 1843/1544/1507 1259/1660/1622 1260/1524/1487
f 1845/1523/1486 1261/1525/1488 1846/1661/1623
f 1846/1661/1623 1261/1525/1488 1262/1662/1624
f 1846/1661/1623 1262/1662/1624 1847/1663/1625
f 1847/1663/1625 1262/1662/1624 1263/1664/1626
f 1847/1663/1625 1263/1664/1626 1848/1665/1627
f 1848/1665/1627 1263/1664/1626 1264/1666/1628
f 1848/1665/1627 1264/1666/1628 1849/1667/1629
f 1849/1667/1629 1264/1666/1628 1850/1668/1630
f 1849/1667/1629 1850/1668/1630 1821/1669/1631
f 1821/1669/1631 1850/1668/1630 1822/1670/1632
f 1821/1669/1631 1822/1670/1632 1793/1671/1633
f 1793/1671/1633 1822/1670/1632 1794/1672/1634
f 1793/1671/1633 1794/1672/1634 1765/1673/1635
f 1765/1673/1635 1794/1672/1634 1766/1674/1636
f 1765/1673/1635 1766/1674/1636 1737/1675/1637
f 1737/1675/1637 1766/1674/1636 1738/1676/1638
f 1737/1675/1637 1738/1676/1638 1709/1677/1639
f 1709/1677/1639 1738/1676/1638 1710/1678/1640
f 1709/1677/1639 1710/1678/1640 1681/1679/1641
f 1681/1679/1641 1710/1678/1640 1682/1680/1642
f 1681/1679/1641 1682/1680/1642 1653/1681/1643
f 1653/1681/1643 1682/1680/1642 1654/1682/1644
f 1653/1681/1643 1654/1682/1644 1625/1683/1645
f 1625/1683/1645 1654/1682/1644 1626/1684/1646
f 1625/1683/1645 1626/1684/1646 1597/1685/1647
f 1597/1685/1647 1626/1684/1646 1598/1686/1648
f 1597/1685/1647 1598/1686/1648 1569/1687/1649
f 1569/1687/1649 1598/1686/1648 1570/1688/1650
f 1569/1687/1649 1570/1688/1650 1541/1689/1651
f 1541/1689/1651 1570/1688/1650 1542/1690/1652
f 1541/1689/1651 1542/1690/1652 1513/1691/1653
f 1513/1691/1653 1542/1690/1652 1514/1692/1654
f 1513/1691/1653 1514/1692/1654 1485/1693/1655
f 1485/1693/1655 1514/1692/1654 1486/1694/1656
f 1485/1693/1655 1486/1694/1656 1457/1695/1657
f 1457/1695/1657 1486/1694/1656 1458/1696/1658
f 1457/1695/1657 1458/1696/1658 1429/1697/1659
f 1429/1697/1659 1458/1696/1658 1430/1698/1660
f 1429/1697/1659 1430/1698/1660 1401/1699/1661
f 1401/1699/1661 1430/1698/1660 1402/1700/1662
f 1401/1699/1661 1402/1700/1662 1373/1701/1663
f 1373/1701/1663 1402/1700/1662 1374/1702/1664
f 1373/1701/1663 1374/1702/1664 1332/1464/1427
f 1332/1464/1427 1374/1702/1664 1333/1466/1429
f 1264/1666/1628 1265/1703/1665 1850/1668/1630
f 1850/1668/1630 1265/1703/1665 1266/1704/1666
f 1850/1668/1630 1266/1704/1666 1851/1705/1667
f 1851/1705/1667 1266/1704/1666 1267/1706/1668
f 1851/1705/1667 1267/1706/1668 1268/1707/1669
f 1851/1705/1667 1268/1707/1669 1852/1708/1670
f 1852/1708/1670 1268/1707/1669 1269/1709/1671
f 1852/1708/1670 1269/1709/1671 1270/1710/1672
f 1852/1708/1670 1270/1710/1672 1853/1711/1673
f 1853/1711/1673 1270/1710/1672 1271/1712/1674
f 1853/1711/1673 1271/1712/1674 1273/1713/1675
f 1273/1713/1675 1271/1712/1674 1272/1714/1676
f 1273/1713/1675 1274/1715/1677 1853/1711/1673
f 1853/1711/1673 1274/1715/1677 1825/1716/1678
f 1853/1711/1673 1825/1716/1678 1824/1717/1679
f 1824/1717/1679 1825/1716/1678 1796/1718/1680
f 1824/1717/1679 1796/1718/1680 1795/1719/1681
f 1795/1719/1681 1796/1718/1680 1767/1720/1682
f 1795/1719/1681 1767/1720/1682 1766/1674/1636
f 1766/1674/1636 1767/1720/1682 1738/1676/1638
f 1274/1715/1677 1275/1721/1683 1825/1716/1678
f 1825/1716/1678 1275/1721/1683 1276/1722/1684
f 1825/1716/1678 1276/1722/1684 1797/1723/1685
f 1797/1723/1685 1276/1722/1684 1277/1724/1686
f 1797/1723/1685 1277/1724/1686 1769/1725/1687
f 1769/1725/1687 1277/1724/1686 1278/1726/1688
f 1769/1725/1687 1278/1726/1688 1741/1727/1689
f 1741/1727/1689 1278/1726/1688 1279/1728/1690
f 1741/1727/1689 1279/1728/1690 1280/1729/1691
f 1741/1727/1689 1280/1729/1691 1713/1730/1692
f 1713/1730/1692 1280/1729/1691 1281/1731/1693
f 1713/1730/1692 1281/1731/1693 1685/1732/1694
f 1685/1732/1694 1281/1731/1693 1282/1733/1695
f 1685/1732/1694 1282/1733/1695 1657/1734/1696
f 1657/1734/1696 1282/1733/1695 1283/1735/1697
f 1657/1734/1696 1283/1735/1697 1284/1736/1698
f 1657/1734/1696 1284/1736/1698 1629/1737/1699
f 1629/1737/1699 1284/1736/1698 1285/1738/1700
f 1629/1737/1699 1285/1738/1700 1601/1739/1701
f 1601/1739/1701 1285/1738/1700 1286/1740/1702
f 1601/1739/1701 1286/1740/1702 1573/1741/1703
f 1573/1741/1703 1286/1740/1702 1287/1742/1704
f 1573/1741/1703 1287/1742/1704 1288/1743/1705
f 1573/1741/1703 1288/1743/1705 1545/1744/1706
f 1545/1744/1706 1288/1743/1705 1289/1745/1707
f 1545/1744/1706 1289/1745/1707 1517/1746/1708
f 1517/1746/1708 1289/1745/1707 1290/1747/1709
f 1517/1746/1708 1290/1747/1709 1489/1748/1710
f 1489/1748/1710 1290/1747/1709 1291/1749/1711
f 1489/1748/1710 1291/1749/1711 1292/1750/1712
f 1489/1748/1710 1292/1750/1712 1461/1751/1713
f 1461/1751/1713 1292/1750/1712 1293/1752/1714
f 1461/1751/1713 1293/1752/1714 1433/1753/1715
f 1433/1753/1715 1293/1752/1714 1294/1754/1716
f 1433/1753/1715 1294/1754/1716 1405/1755/1717
f 1405/1755/1717 1294/1754/1716 1295/1756/1718
f 1405/1755/1717 1295/1756/1718 1377/1757/1719
f 1377/1757/1719 1295/1756/1718 1296/1758/1720
f 1377/1757/1719 1296/1758/1720 1336/1472/1435
f 1336/1472/1435 1296/1758/1720 1297/1474/1437
f 916/1759/1721 915/1760/1722 1299/1478/1441
f 1299/1478/1441 915/1760/1722 914/1480/1443
f 1858/1479/1442 913/1481/1444 1854/1477/1440
f 1854/1477/1440 913/1481/1444 912/1761/1723
f 1854/1477/1440 912/1761/1723 1855/1762/1724
f 1855/1762/1724 912/1761/1723 911/1763/1725
f 1855/1762/1724 911/1763/1725 1857/1764/1726
f 1857/1764/1726 911/1763/1725 1856/1765/1727
f 1857/1764/1726 1856/1765/1727 1338/1471/1434
f 1338/1471/1434 1856/1765/1727 1339/1469/1432
f 911/1763/1725 910/1766/1728 1856/1765/1727
f 1856/1765/1727 910/1766/1728 909/1767/1729
f 1856/1765/1727 909/1767/1729 1339/1469/1432
f 1339/1469/1432 909/1767/1729 1340/1467/1430
f 909/1767/1729 908/1768/1730 1340/1467/1430
f 1340/1467/1430 908/1768/1730 907/1769/1731
f 1340/1467/1430 907/1769/1731 1341/1465/1428
f 1341/1465/1428 907/1769/1731 906/1770/1732
f 1341/1465/1428 906/1770/1732 1342/1463/1426
f 1342/1463/1426 906/1770/1732 905/1461/1424
f 881/1419/1382 880/1771/1733 1308/1417/1380
f 1308/1417/1380 880/1771/1733 879/1415/1378
f 1307/1416/1379 1305/1414/1377 1304/1412/1375
f 1304/1412/1375 1303/1410/1373 1306/1772/1734
f 1306/1772/1734 1303/1410/1373 1300/1483/1446
f 1306/1772/1734 1300/1483/1446 1348/1773/1735
f 1348/1773/1735 1300/1483/1446 1349/1485/1448
f 1348/1773/1735 1349/1485/1448 1310/1487/1450
f 1304/1412/1375 1306/1772/1734 1307/1416/1379
f 1307/1416/1379 1306/1772/1734 1347/1774/1736
f 1307/1416/1379 1347/1774/1736 1346/1418/1381
f 1346/1418/1381 1347/1774/1736 1312/1775/1737
f 1346/1418/1381 1312/1775/1737 1313/1776/1738
f 1313/1776/1738 1312/1775/1737 1354/1777/1739
f 1313/1776/1738 1354/1777/1739 1355/1778/1740
f 1355/1778/1740 1354/1777/1739 1383/1779/1741
f 1355/1778/1740 1383/1779/1741 1384/1780/1742
f 1384/1780/1742 1383/1779/1741 1412/1781/1743
f 1384/1780/1742 1412/1781/1743 1413/1782/1744
f 1413/1782/1744 1412/1781/1743 1441/1783/1745
f 1413/1782/1744 1441/1783/1745 1442/1784/1746
f 1442/1784/1746 1441/1783/1745 1470/1785/1747
f 1442/1784/1746 1470/1785/1747 1471/1786/1748
f 1471/1786/1748 1470/1785/1747 1499/1787/1749
f 1471/1786/1748 1499/1787/1749 1500/1788/1750
f 1500/1788/1750 1499/1787/1749 1528/1789/1751
f 1500/1788/1750 1528/1789/1751 1529/1790/1752
f 1529/1790/1752 1528/1789/1751 1557/1791/1753
f 1529/1790/1752 1557/1791/1753 1558/1792/1754
f 1558/1792/1754 1557/1791/1753 1586/1793/1755
f 1558/1792/1754 1586/1793/1755 1587/1794/1756
f 1587/1794/1756 1586/1793/1755 1615/1795/1757
f 1587/1794/1756 1615/1795/1757 1616/1796/1758
f 1616/1796/1758 1615/1795/1757 1644/1797/1759
f 1616/1796/1758 1644/1797/1759 1645/1798/1760
f 1645/1798/1760 1644/1797/1759 1673/1799/1761
f 1645/1798/1760 1673/1799/1761 1674/1800/1762
f 1674/1800/1762 1673/1799/1761 1702/1801/1763
f 1674/1800/1762 1702/1801/1763 1703/1802/1764
f 1703/1802/1764 1702/1801/1763 1731/1803/1765
f 1703/1802/1764 1731/1803/1765 1732/1804/1766
f 1732/1804/1766 1731/1803/1765 1760/1805/1767
f 1732/1804/1766 1760/1805/1767 1761/1806/1768
f 1761/1806/1768 1760/1805/1767 1789/1807/1769
f 1761/1806/1768 1789/1807/1769 1790/1808/1770
f 1790/1808/1770 1789/1807/1769 1818/1809/1771
f 1790/1808/1770 1818/1809/1771 1819/1810/1772
f 1819/1810/1772 1818/1809/1771 1847/1663/1625
f 1819/1810/1772 1847/1663/1625 1848/1665/1627
f 1347/1774/1736 1306/1772/1734 1348/1773/1735
f 1347/1774/1736 1348/1773/1735 1311/1811/1773
f 1311/1811/1773 1348/1773/1735 1310/1487/1450
f 1311/1811/1773 1310/1487/1450 1352/1489/1452
f 1347/1774/1736 1311/1811/1773 1312/1775/1737
f 1312/1775/1737 1311/1811/1773 1353/1812/1774
f 1312/1775/1737 1353/1812/1774 1354/1777/1739
f 1354/1777/1739 1353/1812/1774 1382/1813/1775
f 1354/1777/1739 1382/1813/1775 1383/1779/1741
f 1383/1779/1741 1382/1813/1775 1411/1814/1776
f 1383/1779/1741 1411/1814/1776 1412/1781/1743
f 1412/1781/1743 1411/1814/1776 1440/1815/1777
f 1412/1781/1743 1440/1815/1777 1441/1783/1745
f 1441/1783/1745 1440/1815/1777 1469/1816/1778
f 1441/1783/1745 1469/1816/1778 1470/1785/1747
f 1470/1785/1747 1469/1816/1778 1498/1817/1779
f 1470/1785/1747 1498/1817/1779 1499/1787/1749
f 1499/1787/1749 1498/1817/1779 1527/1818/1780
f 1499/1787/1749 1527/1818/1780 1528/1789/1751
f 1528/1789/1751 1527/1818/1780 1556/1819/1781
f 1528/1789/1751 1556/1819/1781 1557/1791/1753
f 1557/1791/1753 1556/1819/1781 1585/1820/1782
f 1557/1791/1753 1585/1820/1782 1586/1793/1755
f 1586/1793/1755 1585/1820/1782 1614/1821/1783
f 1586/1793/1755 1614/1821/1783 1615/1795/1757
f 1615/1795/1757 1614/1821/1783 1643/1822/1784
f 1615/1795/1757 1643/1822/1784 1644/1797/1759
f 1644/1797/1759 1643/1822/1784 1672/1823/1785
f 1644/1797/1759 1672/1823/1785 1673/1799/1761
f 1673/1799/1761 1672/1823/1785 1701/1824/1786
f 1673/1799/1761 1701/1824/1786 1702/1801/1763
f 1702/1801/1763 1701/1824/1786 1730/1825/1787
f 1702/1801/1763 1730/1825/1787 1731/1803/1765
f 1731/1803/1765 1730/1825/1787 1759/1826/1788
f 1731/1803/1765 1759/1826/1788 1760/1805/1767
f 1760/1805/1767 1759/1826/1788 1788/1827/1789
f 1760/1805/1767 1788/1827/1789 1789/1807/1769
f 1789/1807/1769 1788/1827/1789 1817/1828/1790
f 1789/1807/1769 1817/1828/1790 1818/1809/1771
f 1818/1809/1771 1817/1828/1790 1846/1661/1623
f 1818/1809/1771 1846/1661/1623 1847/1663/1625
f 1353/1812/1774 1311/1811/1773 1352/1489/1452
f 1345/1420/1383 1346/1418/1381 1313/1776/1738
f 1344/1423/1386 1345/1420/1383 1314/1829/1791
f 1314/1829/1791 1345/1420/1383 1313/1776/1738
f 1314/1829/1791 1313/1776/1738 1355/1778/1740
f 1343/1425/1388 1344/1423/1386 1315/1830/1792
f 1315/1830/1792 1344/1423/1386 1314/1829/1791
f 1315/1830/1792 1314/1829/1791 1356/1831/1793
f 1356/1831/1793 1314/1829/1791 1355/1778/1740
f 1356/1831/1793 1355/1778/1740 1384/1780/1742
f 1343/1425/1388 1315/1830/1792 1316/1427/1390
f 1316/1427/1390 1315/1830/1792 1357/1832/1794
f 1316/1427/1390 1357/1832/1794 1358/1833/1795
f 1358/1833/1795 1357/1832/1794 1386/1834/1796
f 1358/1833/1795 1386/1834/1796 1387/1835/1797
f 1387/1835/1797 1386/1834/1796 1415/1836/1798
f 1387/1835/1797 1415/1836/1798 1416/1837/1799
f 1416/1837/1799 1415/1836/1798 1444/1838/1800
f 1416/1837/1799 1444/1838/1800 1445/1839/1801
f 1445/1839/1801 1444/1838/1800 1473/1840/1802
f 1445/1839/1801 1473/1840/1802 1474/1841/1803
f 1474/1841/1803 1473/1840/1802 1502/1842/1804
f 1474/1841/1803 1502/1842/1804 1503/1843/1805
f 1503/1843/1805 1502/1842/1804 1531/1844/1806
f 1503/1843/1805 1531/1844/1806 1532/1845/1807
f 1532/1845/1807 1531/1844/1806 1560/1846/1808
f 1532/1845/1807 1560/1846/1808 1561/1847/1809
f 1561/1847/1809 1560/1846/1808 1589/1848/1810
f 1561/1847/1809 1589/1848/1810 1590/1849/1811
f 1590/1849/1811 1589/1848/1810 1618/1850/1812
f 1590/1849/1811 1618/1850/1812 1619/1851/1813
f 1619/1851/1813 1618/1850/1812 1647/1852/1814
f 1619/1851/1813 1647/1852/1814 1648/1853/1815
f 1648/1853/1815 1647/1852/1814 1676/1854/1816
f 1648/1853/1815 1676/1854/1816 1677/1855/1817
f 1677/1855/1817 1676/1854/1816 1705/1856/1818
f 1677/1855/1817 1705/1856/1818 1706/1857/1819
f 1706/1857/1819 1705/1856/1818 1734/1858/1820
f 1706/1857/1819 1734/1858/1820 1735/1859/1821
f 1735/1859/1821 1734/1858/1820 1763/1860/1822
f 1735/1859/1821 1763/1860/1822 1764/1861/1823
f 1764/1861/1823 1763/1860/1822 1792/1862/1824
f 1764/1861/1823 1792/1862/1824 1793/1671/1633
f 1793/1671/1633 1792/1862/1824 1821/1669/1631
f 1357/1832/1794 1315/1830/1792 1356/1831/1793
f 1316/1427/1390 1358/1833/1795 1317/1429/1392
f 1317/1429/1392 1358/1833/1795 1359/1863/1825
f 1317/1429/1392 1359/1863/1825 1318/1431/1394
f 1318/1431/1394 1359/1863/1825 1360/1864/1826
f 1318/1431/1394 1360/1864/1826 1319/1434/1397
f 1319/1434/1397 1360/1864/1826 1361/1865/1827
f 1319/1434/1397 1361/1865/1827 1320/1436/1399
f 1320/1436/1399 1361/1865/1827 1362/1866/1828
f 1320/1436/1399 1362/1866/1828 1321/1438/1401
f 1321/1438/1401 1362/1866/1828 1363/1867/1829
f 1321/1438/1401 1363/1867/1829 1322/1441/1404
f 1322/1441/1404 1363/1867/1829 1364/1868/1830
f 1322/1441/1404 1364/1868/1830 1323/1443/1406
f 1323/1443/1406 1364/1868/1830 1365/1869/1831
f 1323/1443/1406 1365/1869/1831 1324/1446/1409
f 1324/1446/1409 1365/1869/1831 1366/1870/1832
f 1324/1446/1409 1366/1870/1832 1325/1448/1411
f 1325/1448/1411 1366/1870/1832 1367/1871/1833
f 1325/1448/1411 1367/1871/1833 1326/1450/1413
f 1326/1450/1413 1367/1871/1833 1368/1872/1834
f 1326/1450/1413 1368/1872/1834 1327/1453/1416
f 1327/1453/1416 1368/1872/1834 1369/1873/1835
f 1327/1453/1416 1369/1873/1835 1328/1455/1418
f 1328/1455/1418 1369/1873/1835 1370/1874/1836
f 1328/1455/1418 1370/1874/1836 1329/1458/1421
f 1329/1458/1421 1370/1874/1836 1371/1875/1837
f 1329/1458/1421 1371/1875/1837 1330/1460/1423
f 1330/1460/1423 1371/1875/1837 1372/1876/1838
f 1330/1460/1423 1372/1876/1838 1331/1462/1425
f 1331/1462/1425 1372/1876/1838 1373/1701/1663
f 1331/1462/1425 1373/1701/1663 1332/1464/1427
f 1334/1468/1431 1333/1466/1429 1375/1877/1839
f 1375/1877/1839 1333/1466/1429 1374/1702/1664
f 1375/1877/1839 1374/1702/1664 1403/1878/1840
f 1403/1878/1840 1374/1702/1664 1402/1700/1662
f 1403/1878/1840 1402/1700/1662 1431/1879/1841
f 1431/1879/1841 1402/1700/1662 1430/1698/1660
f 1431/1879/1841 1430/1698/1660 1459/1880/1842
f 1459/1880/1842 1430/1698/1660 1458/1696/1658
f 1459/1880/1842 1458/1696/1658 1487/1881/1843
f 1487/1881/1843 1458/1696/1658 1486/1694/1656
f 1487/1881/1843 1486/1694/1656 1515/1882/1844
f 1515/1882/1844 1486/1694/1656 1514/1692/1654
f 1515/1882/1844 1514/1692/1654 1543/1883/1845
f 1543/1883/1845 1514/1692/1654 1542/1690/1652
f 1543/1883/1845 1542/1690/1652 1571/1884/1846
f 1571/1884/1846 1542/1690/1652 1570/1688/1650
f 1571/1884/1846 1570/1688/1650 1599/1885/1847
f 1599/1885/1847 1570/1688/1650 1598/1686/1648
f 1599/1885/1847 1598/1686/1648 1627/1886/1848
f 1627/1886/1848 1598/1686/1648 1626/1684/1646
f 1627/1886/1848 1626/1684/1646 1655/1887/1849
f 1655/1887/1849 1626/1684/1646 1654/1682/1644
f 1655/1887/1849 1654/1682/1644 1683/1888/1850
f 1683/1888/1850 1654/1682/1644 1682/1680/1642
f 1683/1888/1850 1682/1680/1642 1711/1889/1851
f 1711/1889/1851 1682/1680/1642 1710/1678/1640
f 1711/1889/1851 1710/1678/1640 1739/1890/1852
f 1739/1890/1852 1710/1678/1640 1738/1676/1638
f 1739/1890/1852 1738/1676/1638 1767/1720/1682
f 1377/1757/1719 1336/1472/1435 1335/1470/1433
f 1335/1470/1433 1334/1468/1431 1376/1891/1853
f 1376/1891/1853 1334/1468/1431 1375/1877/1839
f 1376/1891/1853 1375/1877/1839 1404/1892/1854
f 1404/1892/1854 1375/1877/1839 1403/1878/1840
f 1404/1892/1854 1403/1878/1840 1432/1893/1855
f 1432/1893/1855 1403/1878/1840 1431/1879/1841
f 1432/1893/1855 1431/1879/1841 1460/1894/1856
f 1460/1894/1856 1431/1879/1841 1459/1880/1842
f 1460/1894/1856 1459/1880/1842 1488/1895/1857
f 1488/1895/1857 1459/1880/1842 1487/1881/1843
f 1488/1895/1857 1487/1881/1843 1516/1896/1858
f 1516/1896/1858 1487/1881/1843 1515/1882/1844
f 1516/1896/1858 1515/1882/1844 1544/1897/1859
f 1544/1897/1859 1515/1882/1844 1543/1883/1845
f 1544/1897/1859 1543/1883/1845 1572/1898/1860
f 1572/1898/1860 1543/1883/1845 1571/1884/1846
f 1572/1898/1860 1571/1884/1846 1600/1899/1861
f 1600/1899/1861 1571/1884/1846 1599/1885/1847
f 1600/1899/1861 1599/1885/1847 1628/1900/1862
f 1628/1900/1862 1599/1885/1847 1627/1886/1848
f 1628/1900/1862 1627/1886/1848 1656/1901/1863
f 1656/1901/1863 1627/1886/1848 1655/1887/1849
f 1656/1901/1863 1655/1887/1849 1684/1902/1864
f 1684/1902/1864 1655/1887/1849 1683/1888/1850
f 1684/1902/1864 1683/1888/1850 1712/1903/1865
f 1712/1903/1865 1683/1888/1850 1711/1889/1851
f 1712/1903/1865 1711/1889/1851 1740/1904/1866
f 1740/1904/1866 1711/1889/1851 1739/1890/1852
f 1740/1904/1866 1739/1890/1852 1768/1905/1867
f 1768/1905/1867 1739/1890/1852 1767/1720/1682
f 1768/1905/1867 1767/1720/1682 1796/1718/1680
f 1857/1764/1726 1338/1471/1434 1337/1473/1436
f 1382/1813/1775 1353/1812/1774 1381/1491/1454
f 1381/1491/1454 1353/1812/1774 1352/1489/1452
f 1357/1832/1794 1356/1831/1793 1385/1906/1868
f 1385/1906/1868 1356/1831/1793 1384/1780/1742
f 1385/1906/1868 1384/1780/1742 1413/1782/1744
f 1358/1833/1795 1387/1835/1797 1359/1863/1825
f 1359/1863/1825 1387/1835/1797 1388/1907/1869
f 1359/1863/1825 1388/1907/1869 1360/1864/1826
f 1360/1864/1826 1388/1907/1869 1389/1908/1870
f 1360/1864/1826 1389/1908/1870 1361/1865/1827
f 1361/1865/1827 1389/1908/1870 1390/1909/1871
f 1361/1865/1827 1390/1909/1871 1362/1866/1828
f 1362/1866/1828 1390/1909/1871 1391/1910/1872
f 1362/1866/1828 1391/1910/1872 1363/1867/1829
f 1363/1867/1829 1391/1910/1872 1392/1911/1873
f 1363/1867/1829 1392/1911/1873 1364/1868/1830
f 1364/1868/1830 1392/1911/1873 1393/1912/1874
f 1364/1868/1830 1393/1912/1874 1365/1869/1831
f 1365/1869/1831 1393/1912/1874 1394/1913/1875
f 1365/1869/1831 1394/1913/1875 1366/1870/1832
f 1366/1870/1832 1394/1913/1875 1395/1914/1876
f 1366/1870/1832 1395/1914/1876 1367/1871/1833
f 1367/1871/1833 1395/1914/1876 1396/1915/1877
f 1367/1871/1833 1396/1915/1877 1368/1872/1834
f 1368/1872/1834 1396/1915/1877 1397/1916/1878
f 1368/1872/1834 1397/1916/1878 1369/1873/1835
f 1369/1873/1835 1397/1916/1878 1398/1917/1879
f 1369/1873/1835 1398/1917/1879 1370/1874/1836
f 1370/1874/1836 1398/1917/1879 1399/1918/1880
f 1370/1874/1836 1399/1918/1880 1371/1875/1837
f 1371/1875/1837 1399/1918/1880 1400/1919/1881
f 1371/1875/1837 1400/1919/1881 1372/1876/1838
f 1372/1876/1838 1400/1919/1881 1401/1699/1661
f 1372/1876/1838 1401/1699/1661 1373/1701/1663
f 1405/1755/1717 1377/1757/1719 1376/1891/1853
f 1376/1891/1853 1377/1757/1719 1335/1470/1433
f 1405/1755/1717 1376/1891/1853 1404/1892/1854
f 1350/1527/1490 1378/1547/1510 1379/1528/1491
f 1379/1528/1491 1378/1547/1510 1407/1920/1882
f 1379/1528/1491 1407/1920/1882 1408/1529/1492
f 1408/1529/1492 1407/1920/1882 1436/1921/1883
f 1408/1529/1492 1436/1921/1883 1437/1530/1493
f 1437/1530/1493 1436/1921/1883 1465/1922/1884
f 1437/1530/1493 1465/1922/1884 1466/1531/1494
f 1466/1531/1494 1465/1922/1884 1494/1923/1885
f 1466/1531/1494 1494/1923/1885 1495/1532/1495
f 1495/1532/1495 1494/1923/1885 1523/1924/1886
f 1495/1532/1495 1523/1924/1886 1524/1533/1496
f 1524/1533/1496 1523/1924/1886 1552/1925/1887
f 1524/1533/1496 1552/1925/1887 1553/1534/1497
f 1553/1534/1497 1552/1925/1887 1581/1622/1584
f 1411/1814/1776 1382/1813/1775 1410/1493/1456
f 1410/1493/1456 1382/1813/1775 1381/1491/1454
f 1357/1832/1794 1385/1906/1868 1386/1834/1796
f 1386/1834/1796 1385/1906/1868 1414/1926/1888
f 1386/1834/1796 1414/1926/1888 1415/1836/1798
f 1415/1836/1798 1414/1926/1888 1443/1927/1889
f 1415/1836/1798 1443/1927/1889 1444/1838/1800
f 1444/1838/1800 1443/1927/1889 1472/1928/1890
f 1444/1838/1800 1472/1928/1890 1473/1840/1802
f 1473/1840/1802 1472/1928/1890 1501/1929/1891
f 1473/1840/1802 1501/1929/1891 1502/1842/1804
f 1502/1842/1804 1501/1929/1891 1530/1930/1892
f 1502/1842/1804 1530/1930/1892 1531/1844/1806
f 1531/1844/1806 1530/1930/1892 1559/1931/1893
f 1531/1844/1806 1559/1931/1893 1560/1846/1808
f 1560/1846/1808 1559/1931/1893 1588/1932/1894
f 1560/1846/1808 1588/1932/1894 1589/1848/1810
f 1589/1848/1810 1588/1932/1894 1617/1933/1895
f 1589/1848/1810 1617/1933/1895 1618/1850/1812
f 1618/1850/1812 1617/1933/1895 1646/1934/1896
f 1618/1850/1812 1646/1934/1896 1647/1852/1814
f 1647/1852/1814 1646/1934/1896 1675/1935/1897
f 1647/1852/1814 1675/1935/1897 1676/1854/1816
f 1676/1854/1816 1675/1935/1897 1704/1936/1898
f 1676/1854/1816 1704/1936/1898 1705/1856/1818
f 1705/1856/1818 1704/1936/1898 1733/1937/1899
f 1705/1856/1818 1733/1937/1899 1734/1858/1820
f 1734/1858/1820 1733/1937/1899 1762/1938/1900
f 1734/1858/1820 1762/1938/1900 1763/1860/1822
f 1763/1860/1822 1762/1938/1900 1791/1939/1901
f 1763/1860/1822 1791/1939/1901 1792/1862/1824
f 1792/1862/1824 1791/1939/1901 1820/1940/1902
f 1792/1862/1824 1820/1940/1902 1821/1669/1631
f 1821/1669/1631 1820/1940/1902 1849/1667/1629
f 1414/1926/1888 1385/1906/1868 1413/1782/1744
f 1387/1835/1797 1416/1837/1799 1388/1907/1869
f 1388/1907/1869 1416/1837/1799 1417/1941/1903
f 1388/1907/1869 1417/1941/1903 1389/1908/1870
f 1389/1908/1870 1417/1941/1903 1418/1942/1904
f 1389/1908/1870 1418/1942/1904 1390/1909/1871
f 1390/1909/1871 1418/1942/1904 1419/1943/1905
f 1390/1909/1871 1419/1943/1905 1391/1910/1872
f 1391/1910/1872 1419/1943/1905 1420/1944/1906
f 1391/1910/1872 1420/1944/1906 1392/1911/1873
f 1392/1911/1873 1420/1944/1906 1421/1945/1907
f 1392/1911/1873 1421/1945/1907 1393/1912/1874
f 1393/1912/1874 1421/1945/1907 1422/1946/1908
f 1393/1912/1874 1422/1946/1908 1394/1913/1875
f 1394/1913/1875 1422/1946/1908 1423/1947/1909
f 1394/1913/1875 1423/1947/1909 1395/1914/1876
f 1395/1914/1876 1423/1947/1909 1424/1948/1910
f 1395/1914/1876 1424/1948/1910 1396/1915/1877
f 1396/1915/1877 1424/1948/1910 1425/1949/1911
f 1396/1915/1877 1425/1949/1911 1397/1916/1878
f 1397/1916/1878 1425/1949/1911 1426/1950/1912
f 1397/1916/1878 1426/1950/1912 1398/1917/1879
f 1398/1917/1879 1426/1950/1912 1427/1951/1913
f 1398/1917/1879 1427/1951/1913 1399/1918/1880
f 1399/1918/1880 1427/1951/1913 1428/1952/1914
f 1399/1918/1880 1428/1952/1914 1400/1919/1881
f 1400/1919/1881 1428/1952/1914 1429/1697/1659
f 1400/1919/1881 1429/1697/1659 1401/1699/1661
f 1433/1753/1715 1405/1755/1717 1404/1892/1854
f 1433/1753/1715 1404/1892/1854 1432/1893/1855
f 1378/1547/1510 1406/1549/1512 1407/1920/1882
f 1407/1920/1882 1406/1549/1512 1435/1953/1915
f 1407/1920/1882 1435/1953/1915 1436/1921/1883
f 1436/1921/1883 1435/1953/1915 1464/1954/1916
f 1436/1921/1883 1464/1954/1916 1465/1922/1884
f 1465/1922/1884 1464/1954/1916 1493/1955/1917
f 1465/1922/1884 1493/1955/1917 1494/1923/1885
f 1494/1923/1885 1493/1955/1917 1522/1956/1918
f 1494/1923/1885 1522/1956/1918 1523/1924/1886
f 1523/1924/1886 1522/1956/1918 1551/1957/1919
f 1523/1924/1886 1551/1957/1919 1552/1925/1887
f 1552/1925/1887 1551/1957/1919 1580/1958/1920
f 1552/1925/1887 1580/1958/1920 1581/1622/1584
f 1581/1622/1584 1580/1958/1920 1609/1620/1582
f 1440/1815/1777 1411/1814/1776 1439/1495/1458
f 1439/1495/1458 1411/1814/1776 1410/1493/1456
f 1443/1927/1889 1414/1926/1888 1442/1784/1746
f 1442/1784/1746 1414/1926/1888 1413/1782/1744
f 1416/1837/1799 1445/1839/1801 1417/1941/1903
f 1417/1941/1903 1445/1839/1801 1446/1959/1921
f 1417/1941/1903 1446/1959/1921 1418/1942/1904
f 1418/1942/1904 1446/1959/1921 1447/1960/1922
f 1418/1942/1904 1447/1960/1922 1419/1943/1905
f 1419/1943/1905 1447/1960/1922 1448/1961/1923
f 1419/1943/1905 1448/1961/1923 1420/1944/1906
f 1420/1944/1906 1448/1961/1923 1449/1962/1924
f 1420/1944/1906 1449/1962/1924 1421/1945/1907
f 1421/1945/1907 1449/1962/1924 1450/1963/1925
f 1421/1945/1907 1450/1963/1925 1422/1946/1908
f 1422/1946/1908 1450/1963/1925 1451/1964/1926
f 1422/1946/1908 1451/1964/1926 1423/1947/1909
f 1423/1947/1909 1451/1964/1926 1452/1965/1927
f 1423/1947/1909 1452/1965/1927 1424/1948/1910
f 1424/1948/1910 1452/1965/1927 1453/1966/1928
f 1424/1948/1910 1453/1966/1928 1425/1949/1911
f 1425/1949/1911 1453/1966/1928 1454/1967/1929
f 1425/1949/1911 1454/1967/1929 1426/1950/1912
f 1426/1950/1912 1454/1967/1929 1455/1968/1930
f 1426/1950/1912 1455/1968/1930 1427/1951/1913
f 1427/1951/1913 1455/1968/1930 1456/1969/1931
f 1427/1951/1913 1456/1969/1931 1428/1952/1914
f 1428/1952/1914 1456/1969/1931 1457/1695/1657
f 1428/1952/1914 1457/1695/1657 1429/1697/1659
f 1461/1751/1713 1433/1753/1715 1432/1893/1855
f 1461/1751/1713 1432/1893/1855 1460/1894/1856
f 1406/1549/1512 1434/1551/1514 1435/1953/1915
f 1435/1953/1915 1434/1551/1514 1463/1970/1932
f 1435/1953/1915 1463/1970/1932 1464/1954/1916
f 1464/1954/1916 1463/1970/1932 1492/1971/1933
f 1464/1954/1916 1492/1971/1933 1493/1955/1917
f 1493/1955/1917 1492/1971/1933 1521/1972/1934
f 1493/1955/1917 1521/1972/1934 1522/1956/1918
f 1522/1956/1918 1521/1972/1934 1550/1973/1935
f 1522/1956/1918 1550/1973/1935 1551/1957/1919
f 1551/1957/1919 1550/1973/1935 1579/1974/1936
f 1551/1957/1919 1579/1974/1936 1580/1958/1920
f 1580/1958/1920 1579/1974/1936 1608/1975/1937
f 1580/1958/1920 1608/1975/1937 1609/1620/1582
f 1609/1620/1582 1608/1975/1937 1637/1618/1580
f 1469/1816/1778 1440/1815/1777 1468/1497/1460
f 1468/1497/1460 1440/1815/1777 1439/1495/1458
f 1472/1928/1890 1443/1927/1889 1471/1786/1748
f 1471/1786/1748 1443/1927/1889 1442/1784/1746
f 1445/1839/1801 1474/1841/1803 1446/1959/1921
f 1446/1959/1921 1474/1841/1803 1475/1976/1938
f 1446/1959/1921 1475/1976/1938 1447/1960/1922
f 1447/1960/1922 1475/1976/1938 1476/1977/1939
f 1447/1960/1922 1476/1977/1939 1448/1961/1923
f 1448/1961/1923 1476/1977/1939 1477/1978/1940
f 1448/1961/1923 1477/1978/1940 1449/1962/1924
f 1449/1962/1924 1477/1978/1940 1478/1979/1941
f 1449/1962/1924 1478/1979/1941 1450/1963/1925
f 1450/1963/1925 1478/1979/1941 1479/1980/1942
f 1450/1963/1925 1479/1980/1942 1451/1964/1926
f 1451/1964/1926 1479/1980/1942 1480/1981/1943
f 1451/1964/1926 1480/1981/1943 1452/1965/1927
f 1452/1965/1927 1480/1981/1943 1481/1982/1944
f 1452/1965/1927 1481/1982/1944 1453/1966/1928
f 1453/1966/1928 1481/1982/1944 1482/1983/1945
f 1453/1966/1928 1482/1983/1945 1454/1967/1929
f 1454/1967/1929 1482/1983/1945 1483/1984/1946
f 1454/1967/1929 1483/1984/1946 1455/1968/1930
f 1455/1968/1930 1483/1984/1946 1484/1985/1947
f 1455/1968/1930 1484/1985/1947 1456/1969/1931
f 1456/1969/1931 1484/1985/1947 1485/1693/1655
f 1456/1969/1931 1485/1693/1655 1457/1695/1657
f 1489/1748/1710 1461/1751/1713 1460/1894/1856
f 1489/1748/1710 1460/1894/1856 1488/1895/1857
f 1434/1551/1514 1462/1553/1516 1463/1970/1932
f 1463/1970/1932 1462/1553/1516 1491/1986/1948
f 1463/1970/1932 1491/1986/1948 1492/1971/1933
f 1492/1971/1933 1491/1986/1948 1520/1987/1949
f 1492/1971/1933 1520/1987/1949 1521/1972/1934
f 1521/1972/1934 1520/1987/1949 1549/1988/1950
f 1521/1972/1934 1549/1988/1950 1550/1973/1935
f 1550/1973/1935 1549/1988/1950 1578/1989/1951
f 1550/1973/1935 1578/1989/1951 1579/1974/1936
f 1579/1974/1936 1578/1989/1951 1607/1990/1952
f 1579/1974/1936 1607/1990/1952 1608/1975/1937
f 1608/1975/1937 1607/1990/1952 1636/1991/1953
f 1608/1975/1937 1636/1991/1953 1637/1618/1580
f 1637/1618/1580 1636/1991/1953 1665/1616/1578
f 1498/1817/1779 1469/1816/1778 1497/1499/1462
f 1497/1499/1462 1469/1816/1778 1468/1497/1460
f 1501/1929/1891 1472/1928/1890 1500/1788/1750
f 1500/1788/1750 1472/1928/1890 1471/1786/1748
f 1474/1841/1803 1503/1843/1805 1475/1976/1938
f 1475/1976/1938 1503/1843/1805 1504/1992/1954
f 1475/1976/1938 1504/1992/1954 1476/1977/1939
f 1476/1977/1939 1504/1992/1954 1505/1993/1955
f 1476/1977/1939 1505/1993/1955 1477/1978/1940
f 1477/1978/1940 1505/1993/1955 1506/1994/1956
f 1477/1978/1940 1506/1994/1956 1478/1979/1941
f 1478/1979/1941 1506/1994/1956 1507/1995/1957
f 1478/1979/1941 1507/1995/1957 1479/1980/1942
f 1479/1980/1942 1507/1995/1957 1508/1996/1958
f 1479/1980/1942 1508/1996/1958 1480/1981/1943
f 1480/1981/1943 1508/1996/1958 1509/1997/1959
f 1480/1981/1943 1509/1997/1959 1481/1982/1944
f 1481/1982/1944 1509/1997/1959 1510/1998/1960
f 1481/1982/1944 1510/1998/1960 1482/1983/1945
f 1482/1983/1945 1510/1998/1960 1511/1999/1961
f 1482/1983/1945 1511/1999/1961 1483/1984/1946
f 1483/1984/1946 1511/1999/1961 1512/2000/1962
f 1483/1984/1946 1512/2000/1962 1484/1985/1947
f 1484/1985/1947 1512/2000/1962 1513/1691/1653
f 1484/1985/1947 1513/1691/1653 1485/1693/1655
f 1517/1746/1708 1489/1748/1710 1488/1895/1857
f 1517/1746/1708 1488/1895/1857 1516/1896/1858
f 1462/1553/1516 1490/1556/1519 1491/1986/1948
f 1491/1986/1948 1490/1556/1519 1519/2001/1963
f 1491/1986/1948 1519/2001/1963 1520/1987/1949
f 1520/1987/1949 1519/2001/1963 1548/2002/1964
f 1520/1987/1949 1548/2002/1964 1549/1988/1950
f 1549/1988/1950 1548/2002/1964 1577/2003/1965
f 1549/1988/1950 1577/2003/1965 1578/1989/1951
f 1578/1989/1951 1577/2003/1965 1606/2004/1966
f 1578/1989/1951 1606/2004/1966 1607/1990/1952
f 1607/1990/1952 1606/2004/1966 1635/2005/1967
f 1607/1990/1952 1635/2005/1967 1636/1991/1953
f 1636/1991/1953 1635/2005/1967 1664/2006/1968
f 1636/1991/1953 1664/2006/1968 1665/1616/1578
f 1665/1616/1578 1664/2006/1968 1693/1614/1576
f 1527/1818/1780 1498/1817/1779 1526/1501/1464
f 1526/1501/1464 1498/1817/1779 1497/1499/1462
f 1530/1930/1892 1501/1929/1891 1529/1790/1752
f 1529/1790/1752 1501/1929/1891 1500/1788/1750
f 1503/1843/1805 1532/1845/1807 1504/1992/1954
f 1504/1992/1954 1532/1845/1807 1533/2007/1969
f 1504/1992/1954 1533/2007/1969 1505/1993/1955
f 1505/1993/1955 1533/2007/1969 1534/2008/1970
f 1505/1993/1955 1534/2008/1970 1506/1994/1956
f 1506/1994/1956 1534/2008/1970 1535/2009/1971
f 1506/1994/1956 1535/2009/1971 1507/1995/1957
f 1507/1995/1957 1535/2009/1971 1536/2010/1972
f 1507/1995/1957 1536/2010/1972 1508/1996/1958
f 1508/1996/1958 1536/2010/1972 1537/2011/1973
f 1508/1996/1958 1537/2011/1973 1509/1997/1959
f 1509/1997/1959 1537/2011/1973 1538/2012/1974
f 1509/1997/1959 1538/2012/1974 1510/1998/1960
f 1510/1998/1960 1538/2012/1974 1539/2013/1975
f 1510/1998/1960 1539/2013/1975 1511/1999/1961
f 1511/1999/1961 1539/2013/1975 1540/2014/1976
f 1511/1999/1961 1540/2014/1976 1512/2000/1962
f 1512/2000/1962 1540/2014/1976 1541/1689/1651
f 1512/2000/1962 1541/1689/1651 1513/1691/1653
f 1545/1744/1706 1517/1746/1708 1516/1896/1858
f 1545/1744/1706 1516/1896/1858 1544/1897/1859
f 1490/1556/1519 1518/1558/1521 1519/2001/1963
f 1519/2001/1963 1518/1558/1521 1547/2015/1977
f 1519/2001/1963 1547/2015/1977 1548/2002/1964
f 1548/2002/1964 1547/2015/1977 1576/2016/1978
f 1548/2002/1964 1576/2016/1978 1577/2003/1965
f 1577/2003/1965 1576/2016/1978 1605/2017/1979
f 1577/2003/1965 1605/2017/1979 1606/2004/1966
f 1606/2004/1966 1605/2017/1979 1634/2018/1980
f 1606/2004/1966 1634/2018/1980 1635/2005/1967
f 1635/2005/1967 1634/2018/1980 1663/2019/1981
f 1635/2005/1967 1663/2019/1981 1664/2006/1968
f 1664/2006/1968 1663/2019/1981 1692/2020/1982
f 1664/2006/1968 1692/2020/1982 1693/1614/1576
f 1693/1614/1576 1692/2020/1982 1721/1612/1574
f 1556/1819/1781 1527/1818/1780 1555/1503/1466
f 1555/1503/1466 1527/1818/1780 1526/1501/1464
f 1559/1931/1893 1530/1930/1892 1558/1792/1754
f 1558/1792/1754 1530/1930/1892 1529/1790/1752
f 1532/1845/1807 1561/1847/1809 1533/2007/1969
f 1533/2007/1969 1561/1847/1809 1562/2021/1983
f 1533/2007/1969 1562/2021/1983 1534/2008/1970
f 1534/2008/1970 1562/2021/1983 1563/2022/1984
f 1534/2008/1970 1563/2022/1984 1535/2009/1971
f 1535/2009/1971 1563/2022/1984 1564/2023/1985
f 1535/2009/1971 1564/2023/1985 1536/2010/1972
f 1536/2010/1972 1564/2023/1985 1565/2024/1986
f 1536/2010/1972 1565/2024/1986 1537/2011/1973
f 1537/2011/1973 1565/2024/1986 1566/2025/1987
f 1537/2011/1973 1566/2025/1987 1538/2012/1974
f 1538/2012/1974 1566/2025/1987 1567/2026/1988
f 1538/2012/1974 1567/2026/1988 1539/2013/1975
f 1539/2013/1975 1567/2026/1988 1568/2027/1989
f 1539/2013/1975 1568/2027/1989 1540/2014/1976
f 1540/2014/1976 1568/2027/1989 1569/1687/1649
f 1540/2014/1976 1569/1687/1649 1541/1689/1651
f 1573/1741/1703 1545/1744/1706 1544/1897/1859
f 1573/1741/1703 1544/1897/1859 1572/1898/1860
f 1518/1558/1521 1546/1561/1523 1547/2015/1977
f 1547/2015/1977 1546/1561/1523 1575/2028/1990
f 1547/2015/1977 1575/2028/1990 1576/2016/1978
f 1576/2016/1978 1575/2028/1990 1604/2029/1991
f 1576/2016/1978 1604/2029/1991 1605/2017/1979
f 1605/2017/1979 1604/2029/1991 1633/2030/1992
f 1605/2017/1979 1633/2030/1992 1634/2018/1980
f 1634/2018/1980 1633/2030/1992 1662/2031/1993
f 1634/2018/1980 1662/2031/1993 1663/2019/1981
f 1663/2019/1981 1662/2031/1993 1691/2032/1994
f 1663/2019/1981 1691/2032/1994 1692/2020/1982
f 1692/2020/1982 1691/2032/1994 1720/2033/1995
f 1692/2020/1982 1720/2033/1995 1721/1612/1574
f 1721/1612/1574 1720/2033/1995 1749/1610/1572
f 1585/1820/1782 1556/1819/1781 1584/1505/1468
f 1584/1505/1468 1556/1819/1781 1555/1503/1466
f 1588/1932/1894 1559/1931/1893 1587/1794/1756
f 1587/1794/1756 1559/1931/1893 1558/1792/1754
f 1561/1847/1809 1590/1849/1811 1562/2021/1983
f 1562/2021/1983 1590/1849/1811 1591/2034/1996
f 1562/2021/1983 1591/2034/1996 1563/2022/1984
f 1563/2022/1984 1591/2034/1996 1592/2035/1997
f 1563/2022/1984 1592/2035/1997 1564/2023/1985
f 1564/2023/1985 1592/2035/1997 1593/2036/1998
f 1564/2023/1985 1593/2036/1998 1565/2024/1986
f 1565/2024/1986 1593/2036/1998 1594/2037/1999
f 1565/2024/1986 1594/2037/1999 1566/2025/1987
f 1566/2025/1987 1594/2037/1999 1595/2038/2000
f 1566/2025/1987 1595/2038/2000 1567/2026/1988
f 1567/2026/1988 1595/2038/2000 1596/2039/2001
f 1567/2026/1988 1596/2039/2001 1568/2027/1989
f 1568/2027/1989 1596/2039/2001 1597/1685/1647
f 1568/2027/1989 1597/1685/1647 1569/1687/1649
f 1601/1739/1701 1573/1741/1703 1572/1898/1860
f 1601/1739/1701 1572/1898/1860 1600/1899/1861
f 1546/1561/1523 1574/1563/1525 1575/2028/1990
f 1575/2028/1990 1574/1563/1525 1603/2040/2002
f 1575/2028/1990 1603/2040/2002 1604/2029/1991
f 1604/2029/1991 1603/2040/2002 1632/2041/2003
f 1604/2029/1991 1632/2041/2003 1633/2030/1992
f 1633/2030/1992 1632/2041/2003 1661/2042/2004
f 1633/2030/1992 1661/2042/2004 1662/2031/1993
f 1662/2031/1993 1661/2042/2004 1690/2043/2005
f 1662/2031/1993 1690/2043/2005 1691/2032/1994
f 1691/2032/1994 1690/2043/2005 1719/2044/2006
f 1691/2032/1994 1719/2044/2006 1720/2033/1995
f 1720/2033/1995 1719/2044/2006 1748/2045/2007
f 1720/2033/1995 1748/2045/2007 1749/1610/1572
f 1749/1610/1572 1748/2045/2007 1777/1608/1570
f 1614/1821/1783 1585/1820/1782 1613/1507/1470
f 1613/1507/1470 1585/1820/1782 1584/1505/1468
f 1617/1933/1895 1588/1932/1894 1616/1796/1758
f 1616/1796/1758 1588/1932/1894 1587/1794/1756
f 1590/1849/1811 1619/1851/1813 1591/2034/1996
f 1591/2034/1996 1619/1851/1813 1620/2046/2008
f 1591/2034/1996 1620/2046/2008 1592/2035/1997
f 1592/2035/1997 1620/2046/2008 1621/2047/2009
f 1592/2035/1997 1621/2047/2009 1593/2036/1998
f 1593/2036/1998 1621/2047/2009 1622/2048/2010
f 1593/2036/1998 1622/2048/2010 1594/2037/1999
f 1594/2037/1999 1622/2048/2010 1623/2049/2011
f 1594/2037/1999 1623/2049/2011 1595/2038/2000
f 1595/2038/2000 1623/2049/2011 1624/2050/2012
f 1595/2038/2000 1624/2050/2012 1596/2039/2001
f 1596/2039/2001 1624/2050/2012 1625/1683/1645
f 1596/2039/2001 1625/1683/1645 1597/1685/1647
f 1629/1737/1699 1601/1739/1701 1600/1899/1861
f 1629/1737/1699 1600/1899/1861 1628/1900/1862
f 1574/1563/1525 1602/1565/1527 1603/2040/2002
f 1603/2040/2002 1602/1565/1527 1631/2051/2013
f 1603/2040/2002 1631/2051/2013 1632/2041/2003
f 1632/2041/2003 1631/2051/2013 1660/2052/2014
f 1632/2041/2003 1660/2052/2014 1661/2042/2004
f 1661/2042/2004 1660/2052/2014 1689/2053/2015
f 1661/2042/2004 1689/2053/2015 1690/2043/2005
f 1690/2043/2005 1689/2053/2015 1718/2054/2016
f 1690/2043/2005 1718/2054/2016 1719/2044/2006
f 1719/2044/2006 1718/2054/2016 1747/2055/2017
f 1719/2044/2006 1747/2055/2017 1748/2045/2007
f 1748/2045/2007 1747/2055/2017 1776/2056/2018
f 1748/2045/2007 1776/2056/2018 1777/1608/1570
f 1777/1608/1570 1776/2056/2018 1805/1606/1568
f 1643/1822/1784 1614/1821/1783 1642/1509/1472
f 1642/1509/1472 1614/1821/1783 1613/1507/1470
f 1646/1934/1896 1617/1933/1895 1645/1798/1760
f 1645/1798/1760 1617/1933/1895 1616/1796/1758
f 1619/1851/1813 1648/1853/1815 1620/2046/2008
f 1620/2046/2008 1648/1853/1815 1649/2057/2019
f 1620/2046/2008 1649/2057/2019 1621/2047/2009
f 1621/2047/2009 1649/2057/2019 1650/2058/2020
f 1621/2047/2009 1650/2058/2020 1622/2048/2010
f 1622/2048/2010 1650/2058/2020 1651/2059/2021
f 1622/2048/2010 1651/2059/2021 1623/2049/2011
f 1623/2049/2011 1651/2059/2021 1652/2060/2022
f 1623/2049/2011 1652/2060/2022 1624/2050/2012
f 1624/2050/2012 1652/2060/2022 1653/1681/1643
f 1624/2050/2012 1653/1681/1643 1625/1683/1645
f 1657/1734/1696 1629/1737/1699 1628/1900/1862
f 1657/1734/1696 1628/1900/1862 1656/1901/1863
f 1602/1565/1527 1630/1568/1530 1631/2051/2013
f 1631/2051/2013 1630/1568/1530 1659/2061/2023
f 1631/2051/2013 1659/2061/2023 1660/2052/2014
f 1660/2052/2014 1659/2061/2023 1688/2062/2024
f 1660/2052/2014 1688/2062/2024 1689/2053/2015
f 1689/2053/2015 1688/2062/2024 1717/2063/2025
f 1689/2053/2015 1717/2063/2025 1718/2054/2016
f 1718/2054/2016 1717/2063/2025 1746/2064/2026
f 1718/2054/2016 1746/2064/2026 1747/2055/2017
f 1747/2055/2017 1746/2064/2026 1775/2065/2027
f 1747/2055/2017 1775/2065/2027 1776/2056/2018
f 1776/2056/2018 1775/2065/2027 1804/2066/2028
f 1776/2056/2018 1804/2066/2028 1805/1606/1568
f 1805/1606/1568 1804/2066/2028 1833/1604/1566
f 1672/1823/1785 1643/1822/1784 1671/1511/1474
f 1671/1511/1474 1643/1822/1784 1642/1509/1472
f 1675/1935/1897 1646/1934/1896 1674/1800/1762
f 1674/1800/1762 1646/1934/1896 1645/1798/1760
f 1648/1853/1815 1677/1855/1817 1649/2057/2019
f 1649/2057/2019 1677/1855/1817 1678/2067/2029
f 1649/2057/2019 1678/2067/2029 1650/2058/2020
f 1650/2058/2020 1678/2067/2029 1679/2068/2030
f 1650/2058/2020 1679/2068/2030 1651/2059/2021
f 1651/2059/2021 1679/2068/2030 1680/2069/2031
f 1651/2059/2021 1680/2069/2031 1652/2060/2022
f 1652/2060/2022 1680/2069/2031 1681/1679/1641
f 1652/2060/2022 1681/1679/1641 1653/1681/1643
f 1685/1732/1694 1657/1734/1696 1656/1901/1863
f 1685/1732/1694 1656/1901/1863 1684/1902/1864
f 1630/1568/1530 1658/1570/1532 1659/2061/2023
f 1659/2061/2023 1658/1570/1532 1687/2070/2032
f 1659/2061/2023 1687/2070/2032 1688/2062/2024
f 1688/2062/2024 1687/2070/2032 1716/2071/2033
f 1688/2062/2024 1716/2071/2033 1717/2063/2025
f 1717/2063/2025 1716/2071/2033 1745/2072/2034
f 1717/2063/2025 1745/2072/2034 1746/2064/2026
f 1746/2064/2026 1745/2072/2034 1774/2073/2035
f 1746/2064/2026 1774/2073/2035 1775/2065/2027
f 1775/2065/2027 1774/2073/2035 1803/2074/2036
f 1775/2065/2027 1803/2074/2036 1804/2066/2028
f 1804/2066/2028 1803/2074/2036 1832/1602/1564
f 1804/2066/2028 1832/1602/1564 1833/1604/1566
f 1701/1824/1786 1672/1823/1785 1700/1513/1476
f 1700/1513/1476 1672/1823/1785 1671/1511/1474
f 1704/1936/1898 1675/1935/1897 1703/1802/1764
f 1703/1802/1764 1675/1935/1897 1674/1800/1762
f 1677/1855/1817 1706/1857/1819 1678/2067/2029
f 1678/2067/2029 1706/1857/1819 1707/2075/2037
f 1678/2067/2029 1707/2075/2037 1679/2068/2030
f 1679/2068/2030 1707/2075/2037 1708/2076/2038
f 1679/2068/2030 1708/2076/2038 1680/2069/2031
f 1680/2069/2031 1708/2076/2038 1709/1677/1639
f 1680/2069/2031 1709/1677/1639 1681/1679/1641
f 1713/1730/1692 1685/1732/1694 1684/1902/1864
f 1713/1730/1692 1684/1902/1864 1712/1903/1865
f 1658/1570/1532 1686/1572/1534 1687/2070/2032
f 1687/2070/2032 1686/1572/1534 1715/2077/2039
f 1687/2070/2032 1715/2077/2039 1716/2071/2033
f 1716/2071/2033 1715/2077/2039 1744/2078/2040
f 1716/2071/2033 1744/2078/2040 1745/2072/2034
f 1745/2072/2034 1744/2078/2040 1773/2079/2041
f 1745/2072/2034 1773/2079/2041 1774/2073/2035
f 1774/2073/2035 1773/2079/2041 1802/2080/2042
f 1774/2073/2035 1802/2080/2042 1803/2074/2036
f 1803/2074/2036 1802/2080/2042 1831/1599/1561
f 1803/2074/2036 1831/1599/1561 1832/1602/1564
f 1727/1540/1503 1698/1539/1502 1726/1652/1614
f 1730/1825/1787 1701/1824/1786 1729/1515/1478
f 1729/1515/1478 1701/1824/1786 1700/1513/1476
f 1733/1937/1899 1704/1936/1898 1732/1804/1766
f 1732/1804/1766 1704/1936/1898 1703/1802/1764
f 1706/1857/1819 1735/1859/1821 1707/2075/2037
f 1707/2075/2037 1735/1859/1821 1736/2081/2043
f 1707/2075/2037 1736/2081/2043 1708/2076/2038
f 1708/2076/2038 1736/2081/2043 1737/1675/1637
f 1708/2076/2038 1737/1675/1637 1709/1677/1639
f 1741/1727/1689 1713/1730/1692 1712/1903/1865
f 1741/1727/1689 1712/1903/1865 1740/1904/1866
f 1686/1572/1534 1714/1575/1537 1715/2077/2039
f 1715/2077/2039 1714/1575/1537 1743/2082/2044
f 1715/2077/2039 1743/2082/2044 1744/2078/2040
f 1744/2078/2040 1743/2082/2044 1772/2083/2045
f 1744/2078/2040 1772/2083/2045 1773/2079/2041
f 1773/2079/2041 1772/2083/2045 1801/2084/2046
f 1773/2079/2041 1801/2084/2046 1802/2080/2042
f 1802/2080/2042 1801/2084/2046 1830/1596/1558
f 1802/2080/2042 1830/1596/1558 1831/1599/1561
f 1727/1540/1503 1726/1652/1614 1755/2085/2047
f 1755/2085/2047 1726/1652/1614 1754/1651/1613
f 1755/2085/2047 1754/1651/1613 1783/2086/2048
f 1783/2086/2048 1754/1651/1613 1782/1650/1612
f 1783/2086/2048 1782/1650/1612 1811/2087/2049
f 1811/2087/2049 1782/1650/1612 1810/1649/1611
f 1811/2087/2049 1810/1649/1611 1839/1653/1615
f 1839/1653/1615 1810/1649/1611 1838/1648/1610
f 1759/1826/1788 1730/1825/1787 1758/1517/1480
f 1758/1517/1480 1730/1825/1787 1729/1515/1478
f 1762/1938/1900 1733/1937/1899 1761/1806/1768
f 1761/1806/1768 1733/1937/1899 1732/1804/1766
f 1765/1673/1635 1737/1675/1637 1736/2081/2043
f 1765/1673/1635 1736/2081/2043 1764/1861/1823
f 1764/1861/1823 1736/2081/2043 1735/1859/1821
f 1769/1725/1687 1741/1727/1689 1740/1904/1866
f 1769/1725/1687 1740/1904/1866 1768/1905/1867
f 1714/1575/1537 1742/1577/1539 1743/2082/2044
f 1743/2082/2044 1742/1577/1539 1771/2088/2050
f 1743/2082/2044 1771/2088/2050 1772/2083/2045
f 1772/2083/2045 1771/2088/2050 1800/2089/2051
f 1772/2083/2045 1800/2089/2051 1801/2084/2046
f 1801/2084/2046 1800/2089/2051 1829/1594/1556
f 1801/2084/2046 1829/1594/1556 1830/1596/1558
f 1727/1540/1503 1755/2085/2047 1756/1541/1504
f 1756/1541/1504 1755/2085/2047 1784/2090/2052
f 1756/1541/1504 1784/2090/2052 1785/1542/1505
f 1785/1542/1505 1784/2090/2052 1813/2091/2053
f 1785/1542/1505 1813/2091/2053 1814/1543/1506
f 1814/1543/1506 1813/2091/2053 1842/1659/1621
f 1814/1543/1506 1842/1659/1621 1843/1544/1507
f 1784/2090/2052 1755/2085/2047 1783/2086/2048
f 1788/1827/1789 1759/1826/1788 1787/1519/1482
f 1787/1519/1482 1759/1826/1788 1758/1517/1480
f 1791/1939/1901 1762/1938/1900 1790/1808/1770
f 1790/1808/1770 1762/1938/1900 1761/1806/1768
f 1793/1671/1633 1765/1673/1635 1764/1861/1823
f 1795/1719/1681 1766/1674/1636 1794/1672/1634
f 1797/1723/1685 1769/1725/1687 1768/1905/1867
f 1797/1723/1685 1768/1905/1867 1796/1718/1680
f 1742/1577/1539 1770/1579/1541 1771/2088/2050
f 1771/2088/2050 1770/1579/1541 1799/2092/2054
f 1771/2088/2050 1799/2092/2054 1800/2089/2051
f 1800/2089/2051 1799/2092/2054 1828/1592/1554
f 1800/2089/2051 1828/1592/1554 1829/1594/1556
f 1784/2090/2052 1783/2086/2048 1812/2093/2055
f 1812/2093/2055 1783/2086/2048 1811/2087/2049
f 1812/2093/2055 1811/2087/2049 1840/1655/1617
f 1840/1655/1617 1811/2087/2049 1839/1653/1615
f 1817/1828/1790 1788/1827/1789 1816/1521/1484
f 1816/1521/1484 1788/1827/1789 1787/1519/1482
f 1820/1940/1902 1791/1939/1901 1819/1810/1772
f 1819/1810/1772 1791/1939/1901 1790/1808/1770
f 1795/1719/1681 1794/1672/1634 1823/2094/2056
f 1823/2094/2056 1794/1672/1634 1822/1670/1632
f 1823/2094/2056 1822/1670/1632 1851/1705/1667
f 1851/1705/1667 1822/1670/1632 1850/1668/1630
f 1825/1716/1678 1797/1723/1685 1796/1718/1680
f 1770/1579/1541 1798/1582/1544 1799/2092/2054
f 1799/2092/2054 1798/1582/1544 1827/1590/1552
f 1799/2092/2054 1827/1590/1552 1828/1592/1554
f 1826/1584/1546 1827/1590/1552 1798/1582/1544
f 1784/2090/2052 1812/2093/2055 1813/2091/2053
f 1813/2091/2053 1812/2093/2055 1841/1657/1619
f 1813/2091/2053 1841/1657/1619 1842/1659/1621
f 1841/1657/1619 1812/2093/2055 1840/1655/1617
f 1846/1661/1623 1817/1828/1790 1845/1523/1486
f 1845/1523/1486 1817/1828/1790 1816/1521/1484
f 1849/1667/1629 1820/1940/1902 1848/1665/1627
f 1848/1665/1627 1820/1940/1902 1819/1810/1772
f 1795/1719/1681 1823/2094/2056 1824/1717/1679
f 1824/1717/1679 1823/2094/2056 1852/1708/1670
f 1824/1717/1679 1852/1708/1670 1853/1711/1673
f 1852/1708/1670 1823/2094/2056 1851/1705/1667
f 1854/1477/1440 1855/1762/1724 1301/1475/1438
f 1301/1475/1438 1855/1762/1724 1857/1764/1726
f 1301/1475/1438 1857/1764/1726 1337/1473/1436
f 450/2095/2057 783/2096/2058 1241/2097/2059
f 1241/2097/2059 783/2096/2058 1928/2098/2060
f 1241/2097/2059 1928/2098/2060 1242/2099/2061
f 1242/2099/2061 1928/2098/2060 1947/2100/2062
f 1242/2099/2061 1947/2100/2062 1243/2101/2063
f 1243/2101/2063 1947/2100/2062 1244/2102/2064
f 1244/2102/2064 1947/2100/2062 1966/2103/2065
f 1244/2102/2064 1966/2103/2065 1245/2104/2066
f 1245/2104/2066 1966/2103/2065 1985/2105/2067
f 1245/2104/2066 1985/2105/2067 1246/2106/2068
f 1246/2106/2068 1985/2105/2067 1247/2107/2069
f 1247/2107/2069 1985/2105/2067 2004/2108/2070
f 1247/2107/2069 2004/2108/2070 1248/2109/2071
f 1248/2109/2071 2004/2108/2070 2022/2110/2072
f 1248/2109/2071 2022/2110/2072 1909/2111/2073
f 1909/2111/2073 2022/2110/2072 2021/2112/2074
f 1909/2111/2073 2021/2112/2074 2042/2113/2075
f 2042/2113/2075 2021/2112/2074 2020/2114/2076
f 2042/2113/2075 2020/2114/2076 2043/2115/2077
f 2043/2115/2077 2020/2114/2076 2019/2116/2078
f 2043/2115/2077 2019/2116/2078 2044/2117/2079
f 2044/2117/2079 2019/2116/2078 2018/2118/2080
f 2044/2117/2079 2018/2118/2080 2045/2119/2081
f 2045/2119/2081 2018/2118/2080 2017/2120/2082
f 2045/2119/2081 2017/2120/2082 2046/2121/2083
f 2046/2121/2083 2017/2120/2082 2016/2122/2084
f 2046/2121/2083 2016/2122/2084 2047/2123/2085
f 2047/2123/2085 2016/2122/2084 2015/2124/2086
f 2047/2123/2085 2015/2124/2086 2048/2125/2087
f 2048/2125/2087 2015/2124/2086 2014/2126/2088
f 2048/2125/2087 2014/2126/2088 2049/2127/2089
f 2049/2127/2089 2014/2126/2088 2013/2128/2090
f 2049/2127/2089 2013/2128/2090 2050/2129/2091
f 2050/2129/2091 2013/2128/2090 2012/2130/2092
f 2050/2129/2091 2012/2130/2092 2051/2131/2093
f 2051/2131/2093 2012/2130/2092 2011/2132/2094
f 2051/2131/2093 2011/2132/2094 2052/2133/2095
f 2052/2133/2095 2011/2132/2094 2010/2134/2096
f 2052/2133/2095 2010/2134/2096 2053/2135/2097
f 2053/2135/2097 2010/2134/2096 2009/2136/2098
f 2053/2135/2097 2009/2136/2098 2054/2137/2099
f 2054/2137/2099 2009/2136/2098 2008/2138/2100
f 2054/2137/2099 2008/2138/2100 2055/2139/2101
f 2055/2139/2101 2008/2138/2100 2007/2140/2102
f 2055/2139/2101 2007/2140/2102 2056/2141/2103
f 2056/2141/2103 2007/2140/2102 2006/2142/2104
f 2056/2141/2103 2006/2142/2104 2057/2143/2105
f 2057/2143/2105 2006/2142/2104 2005/2144/2106
f 2057/2143/2105 2005/2144/2106 2058/2145/2107
f 2058/2145/2107 2005/2144/2106 1908/2146/2108
f 2058/2145/2107 1908/2146/2108 2059/2147/2109
f 2059/2147/2109 1908/2146/2108 1867/2148/2110
f 2059/2147/2109 1867/2148/2110 2023/2149/2111
f 2023/2149/2111 1867/2148/2110 1868/2150/2112
f 2023/2149/2111 1868/2150/2112 2060/2151/2113
f 2060/2151/2113 1868/2150/2112 1869/2152/2114
f 2060/2151/2113 1869/2152/2114 2079/2153/2115
f 2079/2153/2115 1869/2152/2114 1870/2154/2116
f 2079/2153/2115 1870/2154/2116 2098/2155/2117
f 2098/2155/2117 1870/2154/2116 1871/2156/2118
f 2098/2155/2117 1871/2156/2118 2117/2157/2119
f 2117/2157/2119 1871/2156/2118 1872/2158/2120
f 2117/2157/2119 1872/2158/2120 2136/2159/2121
f 2136/2159/2121 1872/2158/2120 1906/2160/2122
f 2136/2159/2121 1906/2160/2122 2190/2161/2123
f 2190/2161/2123 1906/2160/2122 2156/2162/2124
f 2190/2161/2123 2156/2162/2124 2157/2163/2125
f 2157/2163/2125 2156/2162/2124 2193/2164/2126
f 2157/2163/2125 2193/2164/2126 2194/2165/2127
f 2194/2165/2127 2193/2164/2126 2213/2166/2128
f 2194/2165/2127 2213/2166/2128 2214/2167/2129
f 2214/2167/2129 2213/2166/2128 2233/2168/2130
f 2214/2167/2129 2233/2168/2130 2234/2169/2131
f 2234/2169/2131 2233/2168/2130 2253/2170/2132
f 2234/2169/2131 2253/2170/2132 2254/2171/2133
f 2254/2171/2133 2253/2170/2132 2273/2172/2134
f 2254/2171/2133 2273/2172/2134 2274/2173/2135
f 2274/2173/2135 2273/2172/2134 2315/2174/2136
f 2274/2173/2135 2315/2174/2136 2314/2175/2137
f 2314/2175/2137 2315/2174/2136 2294/2176/2138
f 2314/2175/2137 2294/2176/2138 2295/2177/2139
f 2295/2177/2139 2294/2176/2138 2331/2178/2140
f 2295/2177/2139 2331/2178/2140 2332/2179/2141
f 2332/2179/2141 2331/2178/2140 2351/2180/2142
f 2332/2179/2141 2351/2180/2142 2352/2181/2143
f 2352/2181/2143 2351/2180/2142 2371/2182/2144
f 2352/2181/2143 2371/2182/2144 2372/2183/2145
f 2372/2183/2145 2371/2182/2144 2391/2184/2146
f 2372/2183/2145 2391/2184/2146 2392/2185/2147
f 2392/2185/2147 2391/2184/2146 2411/2186/2148
f 2392/2185/2147 2411/2186/2148 2412/2187/2149
f 2412/2187/2149 2411/2186/2148 2431/2188/2150
f 2412/2187/2149 2431/2188/2150 2432/2189/2151
f 2432/2189/2151 2431/2188/2150 2451/2190/2152
f 2432/2189/2151 2451/2190/2152 2452/2191/2153
f 2452/2191/2153 2451/2190/2152 1901/2192/2154
f 2452/2191/2153 1901/2192/2154 1902/2193/2155
f 1928/2098/2060 783/2096/2058 1927/2194/2156
f 1927/2194/2156 783/2096/2058 782/2195/2157
f 1927/2194/2156 782/2195/2157 1926/2196/2158
f 1926/2196/2158 782/2195/2157 781/2197/2159
f 1926/2196/2158 781/2197/2159 1925/2198/2160
f 1925/2198/2160 781/2197/2159 780/2199/2161
f 1925/2198/2160 780/2199/2161 1924/2200/2162
f 1924/2200/2162 780/2199/2161 1923/2201/2163
f 1924/2200/2162 1923/2201/2163 1943/2202/2164
f 1943/2202/2164 1923/2201/2163 1942/2203/2165
f 1943/2202/2164 1942/2203/2165 1962/2204/2166
f 1962/2204/2166 1942/2203/2165 1961/2205/2167
f 1962/2204/2166 1961/2205/2167 1981/2206/2168
f 1981/2206/2168 1961/2205/2167 1980/2207/2169
f 1981/2206/2168 1980/2207/2169 2000/2208/2170
f 2000/2208/2170 1980/2207/2169 1999/2209/2171
f 2000/2208/2170 1999/2209/2171 2018/2118/2080
f 2018/2118/2080 1999/2209/2171 2017/2120/2082
f 780/2199/2161 779/2210/2172 1923/2201/2163
f 1923/2201/2163 779/2210/2172 1922/2211/2173
f 1923/2201/2163 1922/2211/2173 1942/2203/2165
f 1942/2203/2165 1922/2211/2173 1941/2212/2174
f 1942/2203/2165 1941/2212/2174 1961/2205/2167
f 1961/2205/2167 1941/2212/2174 1960/2213/2175
f 1961/2205/2167 1960/2213/2175 1980/2207/2169
f 1980/2207/2169 1960/2213/2175 1979/2214/2176
f 1980/2207/2169 1979/2214/2176 1999/2209/2171
f 1999/2209/2171 1979/2214/2176 1998/2215/2177
f 1999/2209/2171 1998/2215/2177 2017/2120/2082
f 2017/2120/2082 1998/2215/2177 2016/2122/2084
f 1922/2211/2173 779/2210/2172 1921/2216/2178
f 1921/2216/2178 779/2210/2172 778/2217/2179
f 1921/2216/2178 778/2217/2179 1920/2218/2180
f 1920/2218/2180 778/2217/2179 777/2219/2181
f 1920/2218/2180 777/2219/2181 1919/2220/2182
f 1919/2220/2182 777/2219/2181 1918/2221/2183
f 1919/2220/2182 1918/2221/2183 1938/2222/2184
f 1938/2222/2184 1918/2221/2183 1937/2223/2185
f 1938/2222/2184 1937/2223/2185 1957/2224/2186
f 1957/2224/2186 1937/2223/2185 1956/2225/2187
f 1957/2224/2186 1956/2225/2187 1976/2226/2188
f 1976/2226/2188 1956/2225/2187 1975/2227/2189
f 1976/2226/2188 1975/2227/2189 1995/2228/2190
f 1995/2228/2190 1975/2227/2189 1994/2229/2191
f 1995/2228/2190 1994/2229/2191 2013/2128/2090
f 2013/2128/2090 1994/2229/2191 2012/2130/2092
f 777/2219/2181 776/2230/2192 1918/2221/2183
f 1918/2221/2183 776/2230/2192 1917/2231/2193
f 1918/2221/2183 1917/2231/2193 1937/2223/2185
f 1937/2223/2185 1917/2231/2193 1936/2232/2194
f 1937/2223/2185 1936/2232/2194 1956/2225/2187
f 1956/2225/2187 1936/2232/2194 1955/2233/2195
f 1956/2225/2187 1955/2233/2195 1975/2227/2189
f 1975/2227/2189 1955/2233/2195 1974/2234/2196
f 1975/2227/2189 1974/2234/2196 1994/2229/2191
f 1994/2229/2191 1974/2234/2196 1993/2235/2197
f 1994/2229/2191 1993/2235/2197 2012/2130/2092
f 2012/2130/2092 1993/2235/2197 2011/2132/2094
f 776/2230/2192 775/2236/2198 1917/2231/2193
f 1917/2231/2193 775/2236/2198 1916/2237/2199
f 1917/2231/2193 1916/2237/2199 1936/2232/2194
f 1936/2232/2194 1916/2237/2199 1935/2238/2200
f 1936/2232/2194 1935/2238/2200 1955/2233/2195
f 1955/2233/2195 1935/2238/2200 1954/2239/2201
f 1955/2233/2195 1954/2239/2201 1974/2234/2196
f 1974/2234/2196 1954/2239/2201 1973/2240/2202
f 1974/2234/2196 1973/2240/2202 1993/2235/2197
f 1993/2235/2197 1973/2240/2202 1992/2241/2203
f 1993/2235/2197 1992/2241/2203 2011/2132/2094
f 2011/2132/2094 1992/2241/2203 2010/2134/2096
f 1916/2237/2199 775/2236/2198 1915/2242/2204
f 1915/2242/2204 775/2236/2198 774/2243/2205
f 1915/2242/2204 774/2243/2205 1914/2244/2206
f 1914/2244/2206 774/2243/2205 773/2245/2207
f 1914/2244/2206 773/2245/2207 1913/2246/2208
f 1913/2246/2208 773/2245/2207 772/2247/2209
f 1913/2246/2208 772/2247/2209 1912/2248/2210
f 1912/2248/2210 772/2247/2209 1911/2249/2211
f 1912/2248/2210 1911/2249/2211 1931/2250/2212
f 1931/2250/2212 1911/2249/2211 1930/2251/2213
f 1931/2250/2212 1930/2251/2213 1950/2252/2214
f 1950/2252/2214 1930/2251/2213 1949/2253/2215
f 1950/2252/2214 1949/2253/2215 1969/2254/2216
f 1969/2254/2216 1949/2253/2215 1968/2255/2217
f 1969/2254/2216 1968/2255/2217 1988/2256/2218
f 1988/2256/2218 1968/2255/2217 1987/2257/2219
f 1988/2256/2218 1987/2257/2219 2006/2142/2104
f 2006/2142/2104 1987/2257/2219 2005/2144/2106
f 772/2247/2209 771/2258/2220 1911/2249/2211
f 1911/2249/2211 771/2258/2220 1910/2259/2221
f 1911/2249/2211 1910/2259/2221 1930/2251/2213
f 1930/2251/2213 1910/2259/2221 1929/2260/2222
f 1930/2251/2213 1929/2260/2222 1949/2253/2215
f 1949/2253/2215 1929/2260/2222 1948/2261/2223
f 1949/2253/2215 1948/2261/2223 1968/2255/2217
f 1968/2255/2217 1948/2261/2223 1967/2262/2224
f 1968/2255/2217 1967/2262/2224 1987/2257/2219
f 1987/2257/2219 1967/2262/2224 1986/2263/2225
f 1987/2257/2219 1986/2263/2225 2005/2144/2106
f 2005/2144/2106 1986/2263/2225 1908/2146/2108
f 771/2258/2220 759/2264/2226 1910/2259/2221
f 1910/2259/2221 759/2264/2226 1859/2265/2227
f 1910/2259/2221 1859/2265/2227 1860/2266/2228
f 1910/2259/2221 1860/2266/2228 1929/2260/2222
f 1929/2260/2222 1860/2266/2228 1861/2267/2229
f 1929/2260/2222 1861/2267/2229 1862/2268/2230
f 1929/2260/2222 1862/2268/2230 1948/2261/2223
f 1948/2261/2223 1862/2268/2230 1863/2269/2231
f 1948/2261/2223 1863/2269/2231 1864/2270/2232
f 1948/2261/2223 1864/2270/2232 1967/2262/2224
f 1967/2262/2224 1864/2270/2232 1865/2271/2233
f 1967/2262/2224 1865/2271/2233 1986/2263/2225
f 1986/2263/2225 1865/2271/2233 1866/2272/2234
f 1986/2263/2225 1866/2272/2234 1908/2146/2108
f 1908/2146/2108 1866/2272/2234 1867/2148/2110
f 1872/2158/2120 1873/2273/2235 1906/2160/2122
f 1906/2160/2122 1873/2273/2235 2155/2274/2236
f 1906/2160/2122 2155/2274/2236 2156/2162/2124
f 2156/2162/2124 2155/2274/2236 2192/2275/2237
f 2156/2162/2124 2192/2275/2237 2193/2164/2126
f 2193/2164/2126 2192/2275/2237 2212/2276/2238
f 2193/2164/2126 2212/2276/2238 2213/2166/2128
f 2213/2166/2128 2212/2276/2238 2232/2277/2239
f 2213/2166/2128 2232/2277/2239 2233/2168/2130
f 2233/2168/2130 2232/2277/2239 2252/2278/2240
f 2233/2168/2130 2252/2278/2240 2253/2170/2132
f 2253/2170/2132 2252/2278/2240 2272/2279/2241
f 2253/2170/2132 2272/2279/2241 2273/2172/2134
f 2273/2172/2134 2272/2279/2241 2316/2280/2242
f 2273/2172/2134 2316/2280/2242 2315/2174/2136
f 2315/2174/2136 2316/2280/2242 2293/2281/2243
f 2315/2174/2136 2293/2281/2243 2294/2176/2138
f 2294/2176/2138 2293/2281/2243 2330/2282/2244
f 2294/2176/2138 2330/2282/2244 2331/2178/2140
f 2331/2178/2140 2330/2282/2244 2350/2283/2245
f 2331/2178/2140 2350/2283/2245 2351/2180/2142
f 2351/2180/2142 2350/2283/2245 2370/2284/2246
f 2351/2180/2142 2370/2284/2246 2371/2182/2144
f 2371/2182/2144 2370/2284/2246 2390/2285/2247
f 2371/2182/2144 2390/2285/2247 2391/2184/2146
f 2391/2184/2146 2390/2285/2247 2410/2286/2248
f 2391/2184/2146 2410/2286/2248 2411/2186/2148
f 2411/2186/2148 2410/2286/2248 2430/2287/2249
f 2411/2186/2148 2430/2287/2249 2431/2188/2150
f 2431/2188/2150 2430/2287/2249 2450/2288/2250
f 2431/2188/2150 2450/2288/2250 2451/2190/2152
f 2451/2190/2152 2450/2288/2250 1900/2289/2251
f 2451/2190/2152 1900/2289/2251 1901/2192/2154
f 1873/2273/2235 1874/2290/2252 2155/2274/2236
f 2155/2274/2236 1874/2290/2252 2191/2291/2253
f 2155/2274/2236 2191/2291/2253 2192/2275/2237
f 2192/2275/2237 2191/2291/2253 2211/2292/2254
f 2192/2275/2237 2211/2292/2254 2212/2276/2238
f 2212/2276/2238 2211/2292/2254 2231/2293/2255
f 2212/2276/2238 2231/2293/2255 2232/2277/2239
f 2232/2277/2239 2231/2293/2255 2251/2294/2256
f 2232/2277/2239 2251/2294/2256 2252/2278/2240
f 2252/2278/2240 2251/2294/2256 2271/2295/2257
f 2252/2278/2240 2271/2295/2257 2272/2279/2241
f 2272/2279/2241 2271/2295/2257 2317/2296/2258
f 2272/2279/2241 2317/2296/2258 2316/2280/2242
f 2316/2280/2242 2317/2296/2258 2292/2297/2259
f 2316/2280/2242 2292/2297/2259 2293/2281/2243
f 2293/2281/2243 2292/2297/2259 2329/2298/2260
f 2293/2281/2243 2329/2298/2260 2330/2282/2244
f 2330/2282/2244 2329/2298/2260 2349/2299/2261
f 2330/2282/2244 2349/2299/2261 2350/2283/2245
f 2350/2283/2245 2349/2299/2261 2369/2300/2262
f 2350/2283/2245 2369/2300/2262 2370/2284/2246
f 2370/2284/2246 2369/2300/2262 2389/2301/2263
f 2370/2284/2246 2389/2301/2263 2390/2285/2247
f 2390/2285/2247 2389/2301/2263 2409/2302/2264
f 2390/2285/2247 2409/2302/2264 2410/2286/2248
f 2410/2286/2248 2409/2302/2264 2429/2303/2265
f 2410/2286/2248 2429/2303/2265 2430/2287/2249
f 2430/2287/2249 2429/2303/2265 2449/2304/2266
f 2430/2287/2249 2449/2304/2266 2450/2288/2250
f 2450/2288/2250 2449/2304/2266 1900/2289/2251
f 1874/2290/2252 1875/2305/2267 2191/2291/2253
f 2191/2291/2253 1875/2305/2267 2210/2306/2268
f 2191/2291/2253 2210/2306/2268 2211/2292/2254
f 2211/2292/2254 2210/2306/2268 2230/2307/2269
f 2211/2292/2254 2230/2307/2269 2231/2293/2255
f 2231/2293/2255 2230/2307/2269 2250/2308/2270
f 2231/2293/2255 2250/2308/2270 2251/2294/2256
f 2251/2294/2256 2250/2308/2270 2270/2309/2271
f 2251/2294/2256 2270/2309/2271 2271/2295/2257
f 2271/2295/2257 2270/2309/2271 2318/2310/2272
f 2271/2295/2257 2318/2310/2272 2317/2296/2258
f 2317/2296/2258 2318/2310/2272 2291/2311/2273
f 2317/2296/2258 2291/2311/2273 2292/2297/2259
f 2292/2297/2259 2291/2311/2273 2328/2312/2274
f 2292/2297/2259 2328/2312/2274 2329/2298/2260
f 2329/2298/2260 2328/2312/2274 2348/2313/2275
f 2329/2298/2260 2348/2313/2275 2349/2299/2261
f 2349/2299/2261 2348/2313/2275 2368/2314/2276
f 2349/2299/2261 2368/2314/2276 2369/2300/2262
f 2369/2300/2262 2368/2314/2276 2388/2315/2277
f 2369/2300/2262 2388/2315/2277 2389/2301/2263
f 2389/2301/2263 2388/2315/2277 2408/2316/2278
f 2389/2301/2263 2408/2316/2278 2409/2302/2264
f 2409/2302/2264 2408/2316/2278 2428/2317/2279
f 2409/2302/2264 2428/2317/2279 2429/2303/2265
f 2429/2303/2265 2428/2317/2279 2448/2318/2280
f 2429/2303/2265 2448/2318/2280 2449/2304/2266
f 2449/2304/2266 2448/2318/2280 1899/2319/2281
f 2449/2304/2266 1899/2319/2281 1900/2289/2251
f 1875/2305/2267 1876/2320/2282 2210/2306/2268
f 2210/2306/2268 1876/2320/2282 2229/2321/2283
f 2210/2306/2268 2229/2321/2283 2230/2307/2269
f 2230/2307/2269 2229/2321/2283 2249/2322/2284
f 2230/2307/2269 2249/2322/2284 2250/2308/2270
f 2250/2308/2270 2249/2322/2284 2269/2323/2285
f 2250/2308/2270 2269/2323/2285 2270/2309/2271
f 2270/2309/2271 2269/2323/2285 2319/2324/2286
f 2270/2309/2271 2319/2324/2286 2318/2310/2272
f 2318/2310/2272 2319/2324/2286 2290/2325/2287
f 2318/2310/2272 2290/2325/2287 2291/2311/2273
f 2291/2311/2273 2290/2325/2287 2327/2326/2288
f 2291/2311/2273 2327/2326/2288 2328/2312/2274
f 2328/2312/2274 2327/2326/2288 2347/2327/2289
f 2328/2312/2274 2347/2327/2289 2348/2313/2275
f 2348/2313/2275 2347/2327/2289 2367/2328/2290
f 2348/2313/2275 2367/2328/2290 2368/2314/2276
f 2368/2314/2276 2367/2328/2290 2387/2329/2291
f 2368/2314/2276 2387/2329/2291 2388/2315/2277
f 2388/2315/2277 2387/2329/2291 2407/2330/2292
f 2388/2315/2277 2407/2330/2292 2408/2316/2278
f 2408/2316/2278 2407/2330/2292 2427/2331/2293
f 2408/2316/2278 2427/2331/2293 2428/2317/2279
f 2428/2317/2279 2427/2331/2293 2447/2332/2294
f 2428/2317/2279 2447/2332/2294 2448/2318/2280
f 2448/2318/2280 2447/2332/2294 1899/2319/2281
f 1876/2320/2282 1877/2333/2295 2229/2321/2283
f 2229/2321/2283 1877/2333/2295 2248/2334/2296
f 2229/2321/2283 2248/2334/2296 2249/2322/2284
f 2249/2322/2284 2248/2334/2296 2268/2335/2297
f 2249/2322/2284 2268/2335/2297 2269/2323/2285
f 2269/2323/2285 2268/2335/2297 2320/2336/2298
f 2269/2323/2285 2320/2336/2298 2319/2324/2286
f 2319/2324/2286 2320/2336/2298 2289/2337/2299
f 2319/2324/2286 2289/2337/2299 2290/2325/2287
f 2290/2325/2287 2289/2337/2299 2326/2338/2300
f 2290/2325/2287 2326/2338/2300 2327/2326/2288
f 2327/2326/2288 2326/2338/2300 2346/2339/2301
f 2327/2326/2288 2346/2339/2301 2347/2327/2289
f 2347/2327/2289 2346/2339/2301 2366/2340/2302
f 2347/2327/2289 2366/2340/2302 2367/2328/2290
f 2367/2328/2290 2366/2340/2302 2386/2341/2303
f 2367/2328/2290 2386/2341/2303 2387/2329/2291
f 2387/2329/2291 2386/2341/2303 2406/2342/2304
f 2387/2329/2291 2406/2342/2304 2407/2330/2292
f 2407/2330/2292 2406/2342/2304 2426/2343/2305
f 2407/2330/2292 2426/2343/2305 2427/2331/2293
f 2427/2331/2293 2426/2343/2305 2446/2344/2306
f 2427/2331/2293 2446/2344/2306 2447/2332/2294
f 2447/2332/2294 2446/2344/2306 1898/2345/2307
f 2447/2332/2294 1898/2345/2307 1899/2319/2281
f 1877/2333/2295 1878/2346/2308 2248/2334/2296
f 2248/2334/2296 1878/2346/2308 2267/2347/2309
f 2248/2334/2296 2267/2347/2309 2268/2335/2297
f 2268/2335/2297 2267/2347/2309 2321/2348/2310
f 2268/2335/2297 2321/2348/2310 2320/2336/2298
f 2320/2336/2298 2321/2348/2310 2288/2349/2311
f 2320/2336/2298 2288/2349/2311 2289/2337/2299
f 2289/2337/2299 2288/2349/2311 2325/2350/2312
f 2289/2337/2299 2325/2350/2312 2326/2338/2300
f 2326/2338/2300 2325/2350/2312 2345/2351/2313
f 2326/2338/2300 2345/2351/2313 2346/2339/2301
f 2346/2339/2301 2345/2351/2313 2365/2352/2314
f 2346/2339/2301 2365/2352/2314 2366/2340/2302
f 2366/2340/2302 2365/2352/2314 2385/2353/2315
f 2366/2340/2302 2385/2353/2315 2386/2341/2303
f 2386/2341/2303 2385/2353/2315 2405/2354/2316
f 2386/2341/2303 2405/2354/2316 2406/2342/2304
f 2406/2342/2304 2405/2354/2316 2425/2355/2317
f 2406/2342/2304 2425/2355/2317 2426/2343/2305
f 2426/2343/2305 2425/2355/2317 2445/2356/2318
f 2426/2343/2305 2445/2356/2318 2446/2344/2306
f 2446/2344/2306 2445/2356/2318 1897/2357/2319
f 2446/2344/2306 1897/2357/2319 1898/2345/2307
f 2267/2347/2309 1878/2346/2308 1904/2358/2320
f 1904/2358/2320 1878/2346/2308 1879/2359/2321
f 1904/2358/2320 1879/2359/2321 2286/2360/2322
f 2286/2360/2322 1879/2359/2321 1880/2361/2323
f 2286/2360/2322 1880/2361/2323 2322/2362/2324
f 2322/2362/2324 1880/2361/2323 1881/2363/2325
f 2322/2362/2324 1881/2363/2325 2341/2364/2326
f 2341/2364/2326 1881/2363/2325 1882/2365/2327
f 2341/2364/2326 1882/2365/2327 2360/2366/2328
f 2360/2366/2328 1882/2365/2327 1883/2367/2329
f 2360/2366/2328 1883/2367/2329 2379/2368/2330
f 2379/2368/2330 1883/2367/2329 1884/2369/2331
f 2379/2368/2330 1884/2369/2331 2398/2370/2332
f 2398/2370/2332 1884/2369/2331 1885/2371/2333
f 2398/2370/2332 1885/2371/2333 1886/2372/2334
f 2398/2370/2332 1886/2372/2334 2417/2373/2335
f 2417/2373/2335 1886/2372/2334 1887/2374/2336
f 2417/2373/2335 1887/2374/2336 2436/2375/2337
f 2436/2375/2337 1887/2374/2336 1888/2376/2338
f 2436/2375/2337 1888/2376/2338 1889/2377/2339
f 1890/2378/2340 1891/2379/2341 1889/2377/2339
f 1889/2377/2339 1891/2379/2341 2436/2375/2337
f 2436/2375/2337 1891/2379/2341 2437/2380/2342
f 2437/2380/2342 1891/2379/2341 1892/2381/2343
f 2437/2380/2342 1892/2381/2343 2438/2382/2344
f 2438/2382/2344 1892/2381/2343 2439/2383/2345
f 2438/2382/2344 2439/2383/2345 2419/2384/2346
f 2419/2384/2346 2439/2383/2345 2420/2385/2347
f 2419/2384/2346 2420/2385/2347 2400/2386/2348
f 2400/2386/2348 2420/2385/2347 2401/2387/2349
f 2400/2386/2348 2401/2387/2349 2381/2388/2350
f 2381/2388/2350 2401/2387/2349 2382/2389/2351
f 2381/2388/2350 2382/2389/2351 2362/2390/2352
f 2362/2390/2352 2382/2389/2351 2363/2391/2353
f 2362/2390/2352 2363/2391/2353 2343/2392/2354
f 2343/2392/2354 2363/2391/2353 2344/2393/2355
f 2343/2392/2354 2344/2393/2355 2324/2394/2356
f 2324/2394/2356 2344/2393/2355 2325/2350/2312
f 2324/2394/2356 2325/2350/2312 2288/2349/2311
f 1892/2381/2343 1893/2395/2357 2439/2383/2345
f 2439/2383/2345 1893/2395/2357 2440/2396/2358
f 2439/2383/2345 2440/2396/2358 2420/2385/2347
f 2420/2385/2347 2440/2396/2358 2421/2397/2359
f 2420/2385/2347 2421/2397/2359 2401/2387/2349
f 2401/2387/2349 2421/2397/2359 2402/2398/2360
f 2401/2387/2349 2402/2398/2360 2382/2389/2351
f 2382/2389/2351 2402/2398/2360 2383/2399/2361
f 2382/2389/2351 2383/2399/2361 2363/2391/2353
f 2363/2391/2353 2383/2399/2361 2364/2400/2362
f 2363/2391/2353 2364/2400/2362 2344/2393/2355
f 2344/2393/2355 2364/2400/2362 2345/2351/2313
f 2344/2393/2355 2345/2351/2313 2325/2350/2312
f 1893/2395/2357 1894/2401/2363 2440/2396/2358
f 2440/2396/2358 1894/2401/2363 2441/2402/2364
f 2440/2396/2358 2441/2402/2364 2421/2397/2359
f 2421/2397/2359 2441/2402/2364 2422/2403/2365
f 2421/2397/2359 2422/2403/2365 2402/2398/2360
f 2402/2398/2360 2422/2403/2365 2403/2404/2366
f 2402/2398/2360 2403/2404/2366 2383/2399/2361
f 2383/2399/2361 2403/2404/2366 2384/2405/2367
f 2383/2399/2361 2384/2405/2367 2364/2400/2362
f 2364/2400/2362 2384/2405/2367 2365/2352/2314
f 2364/2400/2362 2365/2352/2314 2345/2351/2313
f 1894/2401/2363 1895/2406/2368 2441/2402/2364
f 2441/2402/2364 1895/2406/2368 2442/2407/2369
f 2441/2402/2364 2442/2407/2369 2422/2403/2365
f 2422/2403/2365 2442/2407/2369 2423/2408/2370
f 2422/2403/2365 2423/2408/2370 2403/2404/2366
f 2403/2404/2366 2423/2408/2370 2404/2409/2371
f 2403/2404/2366 2404/2409/2371 2384/2405/2367
f 2384/2405/2367 2404/2409/2371 2385/2353/2315
f 2384/2405/2367 2385/2353/2315 2365/2352/2314
f 2442/2407/2369 1895/2406/2368 2443/2410/2372
f 2443/2410/2372 1895/2406/2368 1896/2411/2373
f 2443/2410/2372 1896/2411/2373 2444/2412/2374
f 2444/2412/2374 1896/2411/2373 1897/2357/2319
f 2444/2412/2374 1897/2357/2319 2445/2356/2318
f 2452/2191/2153 1902/2193/2155 2453/2413/2375
f 2453/2413/2375 1902/2193/2155 1903/2414/2376
f 2453/2413/2375 1903/2414/2376 2454/2415/2377
f 2454/2415/2377 1903/2414/2376 1271/2416/2378
f 2454/2415/2377 1271/2416/2378 1270/2417/2379
f 1903/2414/2376 1272/2418/2380 1271/2416/2378
f 1270/2417/2379 1269/2419/2381 2454/2415/2377
f 2454/2415/2377 1269/2419/2381 2435/2420/2382
f 2454/2415/2377 2435/2420/2382 2434/2421/2383
f 2434/2421/2383 2435/2420/2382 2415/2422/2384
f 2434/2421/2383 2415/2422/2384 2414/2423/2385
f 2414/2423/2385 2415/2422/2384 2395/2424/2386
f 2414/2423/2385 2395/2424/2386 2394/2425/2387
f 2394/2425/2387 2395/2424/2386 2375/2426/2388
f 2394/2425/2387 2375/2426/2388 2374/2427/2389
f 2374/2427/2389 2375/2426/2388 2355/2428/2390
f 2374/2427/2389 2355/2428/2390 2354/2429/2391
f 2354/2429/2391 2355/2428/2390 2335/2430/2392
f 2354/2429/2391 2335/2430/2392 2334/2431/2393
f 2334/2431/2393 2335/2430/2392 2298/2432/2394
f 2334/2431/2393 2298/2432/2394 2297/2433/2395
f 2297/2433/2395 2298/2432/2394 2311/2434/2396
f 2297/2433/2395 2311/2434/2396 2312/2435/2397
f 2312/2435/2397 2311/2434/2396 2277/2436/2398
f 2312/2435/2397 2277/2436/2398 2276/2437/2399
f 2276/2437/2399 2277/2436/2398 2257/2438/2400
f 2276/2437/2399 2257/2438/2400 2256/2439/2401
f 2256/2439/2401 2257/2438/2400 2237/2440/2402
f 2256/2439/2401 2237/2440/2402 2236/2441/2403
f 2236/2441/2403 2237/2440/2402 2217/2442/2404
f 2236/2441/2403 2217/2442/2404 2216/2443/2405
f 2216/2443/2405 2217/2442/2404 2197/2444/2406
f 2216/2443/2405 2197/2444/2406 2196/2445/2407
f 2196/2445/2407 2197/2444/2406 2160/2446/2408
f 2196/2445/2407 2160/2446/2408 2159/2447/2409
f 2159/2447/2409 2160/2446/2408 2187/2448/2410
f 2159/2447/2409 2187/2448/2410 2188/2449/2411
f 2188/2449/2411 2187/2448/2410 2139/2450/2412
f 2188/2449/2411 2139/2450/2412 2138/2451/2413
f 2138/2451/2413 2139/2450/2412 2119/2452/2414
f 2138/2451/2413 2119/2452/2414 2118/2453/2415
f 2118/2453/2415 2119/2452/2414 2099/2454/2416
f 2118/2453/2415 2099/2454/2416 2098/2155/2117
f 2098/2155/2117 2099/2454/2416 2079/2153/2115
f 1269/2419/2381 1268/2455/2417 2435/2420/2382
f 2435/2420/2382 1268/2455/2417 2416/2456/2418
f 2435/2420/2382 2416/2456/2418 2415/2422/2384
f 2415/2422/2384 2416/2456/2418 2396/2457/2419
f 2415/2422/2384 2396/2457/2419 2395/2424/2386
f 2395/2424/2386 2396/2457/2419 2376/2458/2420
f 2395/2424/2386 2376/2458/2420 2375/2426/2388
f 2375/2426/2388 2376/2458/2420 2356/2459/2421
f 2375/2426/2388 2356/2459/2421 2355/2428/2390
f 2355/2428/2390 2356/2459/2421 2336/2460/2422
f 2355/2428/2390 2336/2460/2422 2335/2430/2392
f 2335/2430/2392 2336/2460/2422 2299/2461/2423
f 2335/2430/2392 2299/2461/2423 2298/2432/2394
f 2298/2432/2394 2299/2461/2423 2310/2462/2424
f 2298/2432/2394 2310/2462/2424 2311/2434/2396
f 2311/2434/2396 2310/2462/2424 2278/2463/2425
f 2311/2434/2396 2278/2463/2425 2277/2436/2398
f 2277/2436/2398 2278/2463/2425 2258/2464/2426
f 2277/2436/2398 2258/2464/2426 2257/2438/2400
f 2257/2438/2400 2258/2464/2426 2238/2465/2427
f 2257/2438/2400 2238/2465/2427 2237/2440/2402
f 2237/2440/2402 2238/2465/2427 2218/2466/2428
f 2237/2440/2402 2218/2466/2428 2217/2442/2404
f 2217/2442/2404 2218/2466/2428 2198/2467/2429
f 2217/2442/2404 2198/2467/2429 2197/2444/2406
f 2197/2444/2406 2198/2467/2429 2161/2468/2430
f 2197/2444/2406 2161/2468/2430 2160/2446/2408
f 2160/2446/2408 2161/2468/2430 2186/2469/2431
f 2160/2446/2408 2186/2469/2431 2187/2448/2410
f 2187/2448/2410 2186/2469/2431 2140/2470/2432
f 2187/2448/2410 2140/2470/2432 2139/2450/2412
f 2139/2450/2412 2140/2470/2432 2120/2471/2433
f 2139/2450/2412 2120/2471/2433 2119/2452/2414
f 2119/2452/2414 2120/2471/2433 2100/2472/2434
f 2119/2452/2414 2100/2472/2434 2099/2454/2416
f 2099/2454/2416 2100/2472/2434 2080/2473/2435
f 2099/2454/2416 2080/2473/2435 2079/2153/2115
f 2079/2153/2115 2080/2473/2435 2060/2151/2113
f 1268/2455/2417 1267/2474/2436 2416/2456/2418
f 2416/2456/2418 1267/2474/2436 1266/2475/2437
f 2416/2456/2418 1266/2475/2437 2397/2476/2438
f 2397/2476/2438 1266/2475/2437 1265/2477/2439
f 2397/2476/2438 1265/2477/2439 2378/2478/2440
f 2378/2478/2440 1265/2477/2439 1264/2479/2441
f 2378/2478/2440 1264/2479/2441 2359/2480/2442
f 2359/2480/2442 1264/2479/2441 1263/2481/2443
f 2359/2480/2442 1263/2481/2443 2340/2482/2444
f 2340/2482/2444 1263/2481/2443 1262/2483/2445
f 2340/2482/2444 1262/2483/2445 2304/2484/2446
f 2304/2484/2446 1262/2483/2445 1261/2485/2447
f 2304/2484/2446 1261/2485/2447 1905/2486/2448
f 1905/2486/2448 1261/2485/2447 1260/2487/2449
f 1905/2486/2448 1260/2487/2449 2285/2488/2450
f 2285/2488/2450 1260/2487/2449 2266/2489/2451
f 2285/2488/2450 2266/2489/2451 2265/2490/2452
f 2265/2490/2452 2266/2489/2451 2246/2491/2453
f 2265/2490/2452 2246/2491/2453 2245/2492/2454
f 2245/2492/2454 2246/2491/2453 2226/2493/2455
f 2245/2492/2454 2226/2493/2455 2225/2494/2456
f 2225/2494/2456 2226/2493/2455 2206/2495/2457
f 2225/2494/2456 2206/2495/2457 2205/2496/2458
f 2205/2496/2458 2206/2495/2457 2169/2497/2459
f 2205/2496/2458 2169/2497/2459 2168/2498/2460
f 2168/2498/2460 2169/2497/2459 2178/2499/2461
f 2168/2498/2460 2178/2499/2461 2179/2500/2462
f 2179/2500/2462 2178/2499/2461 2148/2501/2463
f 2179/2500/2462 2148/2501/2463 2147/2502/2464
f 2147/2502/2464 2148/2501/2463 2128/2503/2465
f 2147/2502/2464 2128/2503/2465 2127/2504/2466
f 2127/2504/2466 2128/2503/2465 2108/2505/2467
f 2127/2504/2466 2108/2505/2467 2107/2506/2468
f 2107/2506/2468 2108/2505/2467 2088/2507/2469
f 2107/2506/2468 2088/2507/2469 2087/2508/2470
f 2087/2508/2470 2088/2507/2469 2068/2509/2471
f 2087/2508/2470 2068/2509/2471 2067/2510/2472
f 2067/2510/2472 2068/2509/2471 2030/2511/2473
f 2067/2510/2472 2030/2511/2473 2029/2512/2474
f 2029/2512/2474 2030/2511/2473 2053/2135/2097
f 2029/2512/2474 2053/2135/2097 2054/2137/2099
f 1260/2487/2449 1259/2513/2475 2266/2489/2451
f 2266/2489/2451 1259/2513/2475 2247/2514/2476
f 2266/2489/2451 2247/2514/2476 2246/2491/2453
f 2246/2491/2453 2247/2514/2476 2227/2515/2477
f 2246/2491/2453 2227/2515/2477 2226/2493/2455
f 2226/2493/2455 2227/2515/2477 2207/2516/2478
f 2226/2493/2455 2207/2516/2478 2206/2495/2457
f 2206/2495/2457 2207/2516/2478 2170/2517/2479
f 2206/2495/2457 2170/2517/2479 2169/2497/2459
f 2169/2497/2459 2170/2517/2479 2177/2518/2480
f 2169/2497/2459 2177/2518/2480 2178/2499/2461
f 2178/2499/2461 2177/2518/2480 2149/2519/2481
f 2178/2499/2461 2149/2519/2481 2148/2501/2463
f 2148/2501/2463 2149/2519/2481 2129/2520/2482
f 2148/2501/2463 2129/2520/2482 2128/2503/2465
f 2128/2503/2465 2129/2520/2482 2109/2521/2483
f 2128/2503/2465 2109/2521/2483 2108/2505/2467
f 2108/2505/2467 2109/2521/2483 2089/2522/2484
f 2108/2505/2467 2089/2522/2484 2088/2507/2469
f 2088/2507/2469 2089/2522/2484 2069/2523/2485
f 2088/2507/2469 2069/2523/2485 2068/2509/2471
f 2068/2509/2471 2069/2523/2485 2031/2524/2486
f 2068/2509/2471 2031/2524/2486 2030/2511/2473
f 2030/2511/2473 2031/2524/2486 2052/2133/2095
f 2030/2511/2473 2052/2133/2095 2053/2135/2097
f 1259/2513/2475 1258/2525/2487 2247/2514/2476
f 2247/2514/2476 1258/2525/2487 2228/2526/2488
f 2247/2514/2476 2228/2526/2488 2227/2515/2477
f 2227/2515/2477 2228/2526/2488 2208/2527/2489
f 2227/2515/2477 2208/2527/2489 2207/2516/2478
f 2207/2516/2478 2208/2527/2489 2171/2528/2490
f 2207/2516/2478 2171/2528/2490 2170/2517/2479
f 2170/2517/2479 2171/2528/2490 2176/2529/2491
f 2170/2517/2479 2176/2529/2491 2177/2518/2480
f 2177/2518/2480 2176/2529/2491 2150/2530/2492
f 2177/2518/2480 2150/2530/2492 2149/2519/2481
f 2149/2519/2481 2150/2530/2492 2130/2531/2493
f 2149/2519/2481 2130/2531/2493 2129/2520/2482
f 2129/2520/2482 2130/2531/2493 2110/2532/2494
f 2129/2520/2482 2110/2532/2494 2109/2521/2483
f 2109/2521/2483 2110/2532/2494 2090/2533/2495
f 2109/2521/2483 2090/2533/2495 2089/2522/2484
f 2089/2522/2484 2090/2533/2495 2070/2534/2496
f 2089/2522/2484 2070/2534/2496 2069/2523/2485
f 2069/2523/2485 2070/2534/2496 2032/2535/2497
f 2069/2523/2485 2032/2535/2497 2031/2524/2486
f 2031/2524/2486 2032/2535/2497 2051/2131/2093
f 2031/2524/2486 2051/2131/2093 2052/2133/2095
f 1258/2525/2487 1257/2536/2498 2228/2526/2488
f 2228/2526/2488 1257/2536/2498 2209/2537/2499
f 2228/2526/2488 2209/2537/2499 2208/2527/2489
f 2208/2527/2489 2209/2537/2499 2172/2538/2500
f 2208/2527/2489 2172/2538/2500 2171/2528/2490
f 2171/2528/2490 2172/2538/2500 2175/2539/2501
f 2171/2528/2490 2175/2539/2501 2176/2529/2491
f 2176/2529/2491 2175/2539/2501 2151/2540/2502
f 2176/2529/2491 2151/2540/2502 2150/2530/2492
f 2150/2530/2492 2151/2540/2502 2131/2541/2503
f 2150/2530/2492 2131/2541/2503 2130/2531/2493
f 2130/2531/2493 2131/2541/2503 2111/2542/2504
f 2130/2531/2493 2111/2542/2504 2110/2532/2494
f 2110/2532/2494 2111/2542/2504 2091/2543/2505
f 2110/2532/2494 2091/2543/2505 2090/2533/2495
f 2090/2533/2495 2091/2543/2505 2071/2544/2506
f 2090/2533/2495 2071/2544/2506 2070/2534/2496
f 2070/2534/2496 2071/2544/2506 2033/2545/2507
f 2070/2534/2496 2033/2545/2507 2032/2535/2497
f 2032/2535/2497 2033/2545/2507 2050/2129/2091
f 2032/2535/2497 2050/2129/2091 2051/2131/2093
f 1257/2536/2498 1256/2546/2508 2209/2537/2499
f 2209/2537/2499 1256/2546/2508 2173/2547/2509
f 2209/2537/2499 2173/2547/2509 2172/2538/2500
f 2172/2538/2500 2173/2547/2509 2174/2548/2510
f 2172/2538/2500 2174/2548/2510 2175/2539/2501
f 2175/2539/2501 2174/2548/2510 2152/2549/2511
f 2175/2539/2501 2152/2549/2511 2151/2540/2502
f 2151/2540/2502 2152/2549/2511 2132/2550/2512
f 2151/2540/2502 2132/2550/2512 2131/2541/2503
f 2131/2541/2503 2132/2550/2512 2112/2551/2513
f 2131/2541/2503 2112/2551/2513 2111/2542/2504
f 2111/2542/2504 2112/2551/2513 2092/2552/2514
f 2111/2542/2504 2092/2552/2514 2091/2543/2505
f 2091/2543/2505 2092/2552/2514 2072/2553/2515
f 2091/2543/2505 2072/2553/2515 2071/2544/2506
f 2071/2544/2506 2072/2553/2515 2034/2554/2516
f 2071/2544/2506 2034/2554/2516 2033/2545/2507
f 2033/2545/2507 2034/2554/2516 2049/2127/2089
f 2033/2545/2507 2049/2127/2089 2050/2129/2091
f 1256/2546/2508 1255/2555/2517 2173/2547/2509
f 2173/2547/2509 1255/2555/2517 1907/2556/2518
f 2173/2547/2509 1907/2556/2518 2174/2548/2510
f 2174/2548/2510 1907/2556/2518 2153/2557/2519
f 2174/2548/2510 2153/2557/2519 2152/2549/2511
f 2152/2549/2511 2153/2557/2519 2133/2558/2520
f 2152/2549/2511 2133/2558/2520 2132/2550/2512
f 2132/2550/2512 2133/2558/2520 2113/2559/2521
f 2132/2550/2512 2113/2559/2521 2112/2551/2513
f 2112/2551/2513 2113/2559/2521 2093/2560/2522
f 2112/2551/2513 2093/2560/2522 2092/2552/2514
f 2092/2552/2514 2093/2560/2522 2073/2561/2523
f 2092/2552/2514 2073/2561/2523 2072/2553/2515
f 2072/2553/2515 2073/2561/2523 2035/2562/2524
f 2072/2553/2515 2035/2562/2524 2034/2554/2516
f 2034/2554/2516 2035/2562/2524 2048/2125/2087
f 2034/2554/2516 2048/2125/2087 2049/2127/2089
f 1255/2555/2517 1254/2563/2525 1907/2556/2518
f 1907/2556/2518 1254/2563/2525 2154/2564/2526
f 1907/2556/2518 2154/2564/2526 2153/2557/2519
f 2153/2557/2519 2154/2564/2526 2134/2565/2527
f 2153/2557/2519 2134/2565/2527 2133/2558/2520
f 2133/2558/2520 2134/2565/2527 2114/2566/2528
f 2133/2558/2520 2114/2566/2528 2113/2559/2521
f 2113/2559/2521 2114/2566/2528 2094/2567/2529
f 2113/2559/2521 2094/2567/2529 2093/2560/2522
f 2093/2560/2522 2094/2567/2529 2074/2568/2530
f 2093/2560/2522 2074/2568/2530 2073/2561/2523
f 2073/2561/2523 2074/2568/2530 2036/2569/2531
f 2073/2561/2523 2036/2569/2531 2035/2562/2524
f 2035/2562/2524 2036/2569/2531 2047/2123/2085
f 2035/2562/2524 2047/2123/2085 2048/2125/2087
f 2154/2564/2526 1254/2563/2525 2135/2570/2532
f 2135/2570/2532 1254/2563/2525 1253/2571/2533
f 2135/2570/2532 1253/2571/2533 2116/2572/2534
f 2116/2572/2534 1253/2571/2533 1252/2573/2535
f 2116/2572/2534 1252/2573/2535 2097/2574/2536
f 2097/2574/2536 1252/2573/2535 1251/2575/2537
f 2097/2574/2536 1251/2575/2537 2078/2576/2538
f 2078/2576/2538 1251/2575/2537 1250/2577/2539
f 2078/2576/2538 1250/2577/2539 2041/2578/2540
f 2041/2578/2540 1250/2577/2539 1249/2579/2541
f 2041/2578/2540 1249/2579/2541 1909/2111/2073
f 1909/2111/2073 1249/2579/2541 1248/2109/2071
f 1913/2246/2208 1912/2248/2210 1932/2580/2542
f 1932/2580/2542 1912/2248/2210 1931/2250/2212
f 1932/2580/2542 1931/2250/2212 1951/2581/2543
f 1951/2581/2543 1931/2250/2212 1950/2252/2214
f 1951/2581/2543 1950/2252/2214 1970/2582/2544
f 1970/2582/2544 1950/2252/2214 1969/2254/2216
f 1970/2582/2544 1969/2254/2216 1989/2583/2545
f 1989/2583/2545 1969/2254/2216 1988/2256/2218
f 1989/2583/2545 1988/2256/2218 2007/2140/2102
f 2007/2140/2102 1988/2256/2218 2006/2142/2104
f 1914/2244/2206 1913/2246/2208 1933/2584/2546
f 1933/2584/2546 1913/2246/2208 1932/2580/2542
f 1933/2584/2546 1932/2580/2542 1952/2585/2547
f 1952/2585/2547 1932/2580/2542 1951/2581/2543
f 1952/2585/2547 1951/2581/2543 1971/2586/2548
f 1971/2586/2548 1951/2581/2543 1970/2582/2544
f 1971/2586/2548 1970/2582/2544 1990/2587/2549
f 1990/2587/2549 1970/2582/2544 1989/2583/2545
f 1990/2587/2549 1989/2583/2545 2008/2138/2100
f 2008/2138/2100 1989/2583/2545 2007/2140/2102
f 1935/2238/2200 1916/2237/2199 1915/2242/2204
f 1915/2242/2204 1914/2244/2206 1934/2588/2550
f 1934/2588/2550 1914/2244/2206 1933/2584/2546
f 1934/2588/2550 1933/2584/2546 1953/2589/2551
f 1953/2589/2551 1933/2584/2546 1952/2585/2547
f 1953/2589/2551 1952/2585/2547 1972/2590/2552
f 1972/2590/2552 1952/2585/2547 1971/2586/2548
f 1972/2590/2552 1971/2586/2548 1991/2591/2553
f 1991/2591/2553 1971/2586/2548 1990/2587/2549
f 1991/2591/2553 1990/2587/2549 2009/2136/2098
f 2009/2136/2098 1990/2587/2549 2008/2138/2100
f 1920/2218/2180 1919/2220/2182 1939/2592/2554
f 1939/2592/2554 1919/2220/2182 1938/2222/2184
f 1939/2592/2554 1938/2222/2184 1958/2593/2555
f 1958/2593/2555 1938/2222/2184 1957/2224/2186
f 1958/2593/2555 1957/2224/2186 1977/2594/2556
f 1977/2594/2556 1957/2224/2186 1976/2226/2188
f 1977/2594/2556 1976/2226/2188 1996/2595/2557
f 1996/2595/2557 1976/2226/2188 1995/2228/2190
f 1996/2595/2557 1995/2228/2190 2014/2126/2088
f 2014/2126/2088 1995/2228/2190 2013/2128/2090
f 1941/2212/2174 1922/2211/2173 1921/2216/2178
f 1921/2216/2178 1920/2218/2180 1940/2596/2558
f 1940/2596/2558 1920/2218/2180 1939/2592/2554
f 1940/2596/2558 1939/2592/2554 1959/2597/2559
f 1959/2597/2559 1939/2592/2554 1958/2593/2555
f 1959/2597/2559 1958/2593/2555 1978/2598/2560
f 1978/2598/2560 1958/2593/2555 1977/2594/2556
f 1978/2598/2560 1977/2594/2556 1997/2599/2561
f 1997/2599/2561 1977/2594/2556 1996/2595/2557
f 1997/2599/2561 1996/2595/2557 2015/2124/2086
f 2015/2124/2086 1996/2595/2557 2014/2126/2088
f 1925/2198/2160 1924/2200/2162 1944/2600/2562
f 1944/2600/2562 1924/2200/2162 1943/2202/2164
f 1944/2600/2562 1943/2202/2164 1963/2601/2563
f 1963/2601/2563 1943/2202/2164 1962/2204/2166
f 1963/2601/2563 1962/2204/2166 1982/2602/2564
f 1982/2602/2564 1962/2204/2166 1981/2206/2168
f 1982/2602/2564 1981/2206/2168 2001/2603/2565
f 2001/2603/2565 1981/2206/2168 2000/2208/2170
f 2001/2603/2565 2000/2208/2170 2019/2116/2078
f 2019/2116/2078 2000/2208/2170 2018/2118/2080
f 1926/2196/2158 1925/2198/2160 1945/2604/2566
f 1945/2604/2566 1925/2198/2160 1944/2600/2562
f 1945/2604/2566 1944/2600/2562 1964/2605/2567
f 1964/2605/2567 1944/2600/2562 1963/2601/2563
f 1964/2605/2567 1963/2601/2563 1983/2606/2568
f 1983/2606/2568 1963/2601/2563 1982/2602/2564
f 1983/2606/2568 1982/2602/2564 2002/2607/2569
f 2002/2607/2569 1982/2602/2564 2001/2603/2565
f 2002/2607/2569 2001/2603/2565 2020/2114/2076
f 2020/2114/2076 2001/2603/2565 2019/2116/2078
f 1947/2100/2062 1928/2098/2060 1927/2194/2156
f 1927/2194/2156 1926/2196/2158 1946/2608/2570
f 1946/2608/2570 1926/2196/2158 1945/2604/2566
f 1946/2608/2570 1945/2604/2566 1965/2609/2571
f 1965/2609/2571 1945/2604/2566 1964/2605/2567
f 1965/2609/2571 1964/2605/2567 1984/2610/2572
f 1984/2610/2572 1964/2605/2567 1983/2606/2568
f 1984/2610/2572 1983/2606/2568 2003/2611/2573
f 2003/2611/2573 1983/2606/2568 2002/2607/2569
f 2003/2611/2573 2002/2607/2569 2021/2112/2074
f 2021/2112/2074 2002/2607/2569 2020/2114/2076
f 1954/2239/2201 1935/2238/2200 1934/2588/2550
f 1934/2588/2550 1935/2238/2200 1915/2242/2204
f 1954/2239/2201 1934/2588/2550 1953/2589/2551
f 1960/2213/2175 1941/2212/2174 1940/2596/2558
f 1940/2596/2558 1941/2212/2174 1921/2216/2178
f 1960/2213/2175 1940/2596/2558 1959/2597/2559
f 1966/2103/2065 1947/2100/2062 1946/2608/2570
f 1946/2608/2570 1947/2100/2062 1927/2194/2156
f 1966/2103/2065 1946/2608/2570 1965/2609/2571
f 1973/2240/2202 1954/2239/2201 1953/2589/2551
f 1973/2240/2202 1953/2589/2551 1972/2590/2552
f 1979/2214/2176 1960/2213/2175 1959/2597/2559
f 1979/2214/2176 1959/2597/2559 1978/2598/2560
f 1985/2105/2067 1966/2103/2065 1965/2609/2571
f 1985/2105/2067 1965/2609/2571 1984/2610/2572
f 1992/2241/2203 1973/2240/2202 1972/2590/2552
f 1992/2241/2203 1972/2590/2552 1991/2591/2553
f 1998/2215/2177 1979/2214/2176 1978/2598/2560
f 1998/2215/2177 1978/2598/2560 1997/2599/2561
f 2004/2108/2070 1985/2105/2067 1984/2610/2572
f 2004/2108/2070 1984/2610/2572 2003/2611/2573
f 2010/2134/2096 1992/2241/2203 1991/2591/2553
f 2010/2134/2096 1991/2591/2553 2009/2136/2098
f 2016/2122/2084 1998/2215/2177 1997/2599/2561
f 2016/2122/2084 1997/2599/2561 2015/2124/2086
f 2022/2110/2072 2004/2108/2070 2003/2611/2573
f 2022/2110/2072 2003/2611/2573 2021/2112/2074
f 2058/2145/2107 2059/2147/2109 2024/2612/2574
f 2024/2612/2574 2059/2147/2109 2023/2149/2111
f 2024/2612/2574 2023/2149/2111 2061/2613/2575
f 2061/2613/2575 2023/2149/2111 2060/2151/2113
f 2061/2613/2575 2060/2151/2113 2080/2473/2435
f 2057/2143/2105 2058/2145/2107 2025/2614/2576
f 2025/2614/2576 2058/2145/2107 2024/2612/2574
f 2025/2614/2576 2024/2612/2574 2062/2615/2577
f 2062/2615/2577 2024/2612/2574 2061/2613/2575
f 2062/2615/2577 2061/2613/2575 2081/2616/2578
f 2081/2616/2578 2061/2613/2575 2080/2473/2435
f 2081/2616/2578 2080/2473/2435 2100/2472/2434
f 2056/2141/2103 2057/2143/2105 2026/2617/2579
f 2026/2617/2579 2057/2143/2105 2025/2614/2576
f 2026/2617/2579 2025/2614/2576 2063/2618/2580
f 2063/2618/2580 2025/2614/2576 2062/2615/2577
f 2063/2618/2580 2062/2615/2577 2082/2619/2581
f 2082/2619/2581 2062/2615/2577 2081/2616/2578
f 2082/2619/2581 2081/2616/2578 2101/2620/2582
f 2101/2620/2582 2081/2616/2578 2100/2472/2434
f 2101/2620/2582 2100/2472/2434 2120/2471/2433
f 2055/2139/2101 2056/2141/2103 2027/2621/2583
f 2027/2621/2583 2056/2141/2103 2026/2617/2579
f 2027/2621/2583 2026/2617/2579 2064/2622/2584
f 2064/2622/2584 2026/2617/2579 2063/2618/2580
f 2064/2622/2584 2063/2618/2580 2083/2623/2585
f 2083/2623/2585 2063/2618/2580 2082/2619/2581
f 2083/2623/2585 2082/2619/2581 2102/2624/2586
f 2102/2624/2586 2082/2619/2581 2101/2620/2582
f 2102/2624/2586 2101/2620/2582 2121/2625/2587
f 2121/2625/2587 2101/2620/2582 2120/2471/2433
f 2121/2625/2587 2120/2471/2433 2140/2470/2432
f 2054/2137/2099 2055/2139/2101 2028/2626/2588
f 2028/2626/2588 2055/2139/2101 2027/2621/2583
f 2028/2626/2588 2027/2621/2583 2065/2627/2589
f 2065/2627/2589 2027/2621/2583 2064/2622/2584
f 2065/2627/2589 2064/2622/2584 2084/2628/2590
f 2084/2628/2590 2064/2622/2584 2083/2623/2585
f 2084/2628/2590 2083/2623/2585 2103/2629/2591
f 2103/2629/2591 2083/2623/2585 2102/2624/2586
f 2103/2629/2591 2102/2624/2586 2122/2630/2592
f 2122/2630/2592 2102/2624/2586 2121/2625/2587
f 2122/2630/2592 2121/2625/2587 2141/2631/2593
f 2141/2631/2593 2121/2625/2587 2140/2470/2432
f 2141/2631/2593 2140/2470/2432 2186/2469/2431
f 2054/2137/2099 2028/2626/2588 2029/2512/2474
f 2029/2512/2474 2028/2626/2588 2066/2632/2594
f 2029/2512/2474 2066/2632/2594 2067/2510/2472
f 2067/2510/2472 2066/2632/2594 2086/2633/2595
f 2067/2510/2472 2086/2633/2595 2087/2508/2470
f 2087/2508/2470 2086/2633/2595 2106/2634/2596
f 2087/2508/2470 2106/2634/2596 2107/2506/2468
f 2107/2506/2468 2106/2634/2596 2126/2635/2597
f 2107/2506/2468 2126/2635/2597 2127/2504/2466
f 2127/2504/2466 2126/2635/2597 2146/2636/2598
f 2127/2504/2466 2146/2636/2598 2147/2502/2464
f 2147/2502/2464 2146/2636/2598 2180/2637/2599
f 2147/2502/2464 2180/2637/2599 2179/2500/2462
f 2179/2500/2462 2180/2637/2599 2167/2638/2600
f 2179/2500/2462 2167/2638/2600 2168/2498/2460
f 2168/2498/2460 2167/2638/2600 2204/2639/2601
f 2168/2498/2460 2204/2639/2601 2205/2496/2458
f 2205/2496/2458 2204/2639/2601 2224/2640/2602
f 2205/2496/2458 2224/2640/2602 2225/2494/2456
f 2225/2494/2456 2224/2640/2602 2244/2641/2603
f 2225/2494/2456 2244/2641/2603 2245/2492/2454
f 2245/2492/2454 2244/2641/2603 2264/2642/2604
f 2245/2492/2454 2264/2642/2604 2265/2490/2452
f 2265/2490/2452 2264/2642/2604 2284/2643/2605
f 2265/2490/2452 2284/2643/2605 2285/2488/2450
f 2285/2488/2450 2284/2643/2605 1905/2486/2448
f 2066/2632/2594 2028/2626/2588 2065/2627/2589
f 2046/2121/2083 2047/2123/2085 2036/2569/2531
f 2045/2119/2081 2046/2121/2083 2037/2644/2606
f 2037/2644/2606 2046/2121/2083 2036/2569/2531
f 2037/2644/2606 2036/2569/2531 2074/2568/2530
f 2044/2117/2079 2045/2119/2081 2038/2645/2607
f 2038/2645/2607 2045/2119/2081 2037/2644/2606
f 2038/2645/2607 2037/2644/2606 2075/2646/2608
f 2075/2646/2608 2037/2644/2606 2074/2568/2530
f 2075/2646/2608 2074/2568/2530 2094/2567/2529
f 2043/2115/2077 2044/2117/2079 2039/2647/2609
f 2039/2647/2609 2044/2117/2079 2038/2645/2607
f 2039/2647/2609 2038/2645/2607 2076/2648/2610
f 2076/2648/2610 2038/2645/2607 2075/2646/2608
f 2076/2648/2610 2075/2646/2608 2095/2649/2611
f 2095/2649/2611 2075/2646/2608 2094/2567/2529
f 2095/2649/2611 2094/2567/2529 2114/2566/2528
f 2042/2113/2075 2043/2115/2077 2040/2650/2612
f 2040/2650/2612 2043/2115/2077 2039/2647/2609
f 2040/2650/2612 2039/2647/2609 2077/2651/2613
f 2077/2651/2613 2039/2647/2609 2076/2648/2610
f 2077/2651/2613 2076/2648/2610 2096/2652/2614
f 2096/2652/2614 2076/2648/2610 2095/2649/2611
f 2096/2652/2614 2095/2649/2611 2115/2653/2615
f 2115/2653/2615 2095/2649/2611 2114/2566/2528
f 2115/2653/2615 2114/2566/2528 2134/2565/2527
f 1909/2111/2073 2042/2113/2075 2041/2578/2540
f 2041/2578/2540 2042/2113/2075 2040/2650/2612
f 2041/2578/2540 2040/2650/2612 2078/2576/2538
f 2078/2576/2538 2040/2650/2612 2077/2651/2613
f 2078/2576/2538 2077/2651/2613 2097/2574/2536
f 2097/2574/2536 2077/2651/2613 2096/2652/2614
f 2097/2574/2536 2096/2652/2614 2116/2572/2534
f 2116/2572/2534 2096/2652/2614 2115/2653/2615
f 2116/2572/2534 2115/2653/2615 2135/2570/2532
f 2135/2570/2532 2115/2653/2615 2134/2565/2527
f 2135/2570/2532 2134/2565/2527 2154/2564/2526
f 2066/2632/2594 2065/2627/2589 2085/2654/2616
f 2085/2654/2616 2065/2627/2589 2084/2628/2590
f 2085/2654/2616 2084/2628/2590 2104/2655/2617
f 2104/2655/2617 2084/2628/2590 2103/2629/2591
f 2104/2655/2617 2103/2629/2591 2123/2656/2618
f 2123/2656/2618 2103/2629/2591 2122/2630/2592
f 2123/2656/2618 2122/2630/2592 2142/2657/2619
f 2142/2657/2619 2122/2630/2592 2141/2631/2593
f 2142/2657/2619 2141/2631/2593 2185/2658/2620
f 2185/2658/2620 2141/2631/2593 2186/2469/2431
f 2185/2658/2620 2186/2469/2431 2161/2468/2430
f 2066/2632/2594 2085/2654/2616 2086/2633/2595
f 2086/2633/2595 2085/2654/2616 2105/2659/2621
f 2086/2633/2595 2105/2659/2621 2106/2634/2596
f 2106/2634/2596 2105/2659/2621 2125/2660/2622
f 2106/2634/2596 2125/2660/2622 2126/2635/2597
f 2126/2635/2597 2125/2660/2622 2145/2661/2623
f 2126/2635/2597 2145/2661/2623 2146/2636/2598
f 2146/2636/2598 2145/2661/2623 2181/2662/2624
f 2146/2636/2598 2181/2662/2624 2180/2637/2599
f 2180/2637/2599 2181/2662/2624 2166/2663/2625
f 2180/2637/2599 2166/2663/2625 2167/2638/2600
f 2167/2638/2600 2166/2663/2625 2203/2664/2626
f 2167/2638/2600 2203/2664/2626 2204/2639/2601
f 2204/2639/2601 2203/2664/2626 2223/2665/2627
f 2204/2639/2601 2223/2665/2627 2224/2640/2602
f 2224/2640/2602 2223/2665/2627 2243/2666/2628
f 2224/2640/2602 2243/2666/2628 2244/2641/2603
f 2244/2641/2603 2243/2666/2628 2263/2667/2629
f 2244/2641/2603 2263/2667/2629 2264/2642/2604
f 2264/2642/2604 2263/2667/2629 2283/2668/2630
f 2264/2642/2604 2283/2668/2630 2284/2643/2605
f 2284/2643/2605 2283/2668/2630 2305/2669/2631
f 2284/2643/2605 2305/2669/2631 1905/2486/2448
f 1905/2486/2448 2305/2669/2631 2304/2484/2446
f 2105/2659/2621 2085/2654/2616 2104/2655/2617
f 2105/2659/2621 2104/2655/2617 2124/2670/2632
f 2124/2670/2632 2104/2655/2617 2123/2656/2618
f 2124/2670/2632 2123/2656/2618 2143/2671/2633
f 2143/2671/2633 2123/2656/2618 2142/2657/2619
f 2143/2671/2633 2142/2657/2619 2184/2672/2634
f 2184/2672/2634 2142/2657/2619 2185/2658/2620
f 2184/2672/2634 2185/2658/2620 2162/2673/2635
f 2162/2673/2635 2185/2658/2620 2161/2468/2430
f 2162/2673/2635 2161/2468/2430 2198/2467/2429
f 2098/2155/2117 2117/2157/2119 2118/2453/2415
f 2118/2453/2415 2117/2157/2119 2137/2674/2636
f 2118/2453/2415 2137/2674/2636 2138/2451/2413
f 2138/2451/2413 2137/2674/2636 2189/2675/2637
f 2138/2451/2413 2189/2675/2637 2188/2449/2411
f 2188/2449/2411 2189/2675/2637 2158/2676/2638
f 2188/2449/2411 2158/2676/2638 2159/2447/2409
f 2159/2447/2409 2158/2676/2638 2195/2677/2639
f 2159/2447/2409 2195/2677/2639 2196/2445/2407
f 2196/2445/2407 2195/2677/2639 2215/2678/2640
f 2196/2445/2407 2215/2678/2640 2216/2443/2405
f 2216/2443/2405 2215/2678/2640 2235/2679/2641
f 2216/2443/2405 2235/2679/2641 2236/2441/2403
f 2236/2441/2403 2235/2679/2641 2255/2680/2642
f 2236/2441/2403 2255/2680/2642 2256/2439/2401
f 2256/2439/2401 2255/2680/2642 2275/2681/2643
f 2256/2439/2401 2275/2681/2643 2276/2437/2399
f 2276/2437/2399 2275/2681/2643 2313/2682/2644
f 2276/2437/2399 2313/2682/2644 2312/2435/2397
f 2312/2435/2397 2313/2682/2644 2296/2683/2645
f 2312/2435/2397 2296/2683/2645 2297/2433/2395
f 2297/2433/2395 2296/2683/2645 2333/2684/2646
f 2297/2433/2395 2333/2684/2646 2334/2431/2393
f 2334/2431/2393 2333/2684/2646 2353/2685/2647
f 2334/2431/2393 2353/2685/2647 2354/2429/2391
f 2354/2429/2391 2353/2685/2647 2373/2686/2648
f 2354/2429/2391 2373/2686/2648 2374/2427/2389
f 2374/2427/2389 2373/2686/2648 2393/2687/2649
f 2374/2427/2389 2393/2687/2649 2394/2425/2387
f 2394/2425/2387 2393/2687/2649 2413/2688/2650
f 2394/2425/2387 2413/2688/2650 2414/2423/2385
f 2414/2423/2385 2413/2688/2650 2433/2689/2651
f 2414/2423/2385 2433/2689/2651 2434/2421/2383
f 2434/2421/2383 2433/2689/2651 2453/2413/2375
f 2434/2421/2383 2453/2413/2375 2454/2415/2377
f 2105/2659/2621 2124/2670/2632 2125/2660/2622
f 2125/2660/2622 2124/2670/2632 2144/2690/2652
f 2125/2660/2622 2144/2690/2652 2145/2661/2623
f 2145/2661/2623 2144/2690/2652 2182/2691/2653
f 2145/2661/2623 2182/2691/2653 2181/2662/2624
f 2181/2662/2624 2182/2691/2653 2165/2692/2654
f 2181/2662/2624 2165/2692/2654 2166/2663/2625
f 2166/2663/2625 2165/2692/2654 2202/2693/2655
f 2166/2663/2625 2202/2693/2655 2203/2664/2626
f 2203/2664/2626 2202/2693/2655 2222/2694/2656
f 2203/2664/2626 2222/2694/2656 2223/2665/2627
f 2223/2665/2627 2222/2694/2656 2242/2695/2657
f 2223/2665/2627 2242/2695/2657 2243/2666/2628
f 2243/2666/2628 2242/2695/2657 2262/2696/2658
f 2243/2666/2628 2262/2696/2658 2263/2667/2629
f 2263/2667/2629 2262/2696/2658 2282/2697/2659
f 2263/2667/2629 2282/2697/2659 2283/2668/2630
f 2283/2668/2630 2282/2697/2659 2306/2698/2660
f 2283/2668/2630 2306/2698/2660 2305/2669/2631
f 2305/2669/2631 2306/2698/2660 2303/2699/2661
f 2305/2669/2631 2303/2699/2661 2304/2484/2446
f 2304/2484/2446 2303/2699/2661 2340/2482/2444
f 2144/2690/2652 2124/2670/2632 2143/2671/2633
f 2117/2157/2119 2136/2159/2121 2137/2674/2636
f 2137/2674/2636 2136/2159/2121 2190/2161/2123
f 2137/2674/2636 2190/2161/2123 2189/2675/2637
f 2189/2675/2637 2190/2161/2123 2157/2163/2125
f 2189/2675/2637 2157/2163/2125 2158/2676/2638
f 2158/2676/2638 2157/2163/2125 2194/2165/2127
f 2158/2676/2638 2194/2165/2127 2195/2677/2639
f 2195/2677/2639 2194/2165/2127 2214/2167/2129
f 2195/2677/2639 2214/2167/2129 2215/2678/2640
f 2215/2678/2640 2214/2167/2129 2234/2169/2131
f 2215/2678/2640 2234/2169/2131 2235/2679/2641
f 2235/2679/2641 2234/2169/2131 2254/2171/2133
f 2235/2679/2641 2254/2171/2133 2255/2680/2642
f 2255/2680/2642 2254/2171/2133 2274/2173/2135
f 2255/2680/2642 2274/2173/2135 2275/2681/2643
f 2275/2681/2643 2274/2173/2135 2314/2175/2137
f 2275/2681/2643 2314/2175/2137 2313/2682/2644
f 2313/2682/2644 2314/2175/2137 2295/2177/2139
f 2313/2682/2644 2295/2177/2139 2296/2683/2645
f 2296/2683/2645 2295/2177/2139 2332/2179/2141
f 2296/2683/2645 2332/2179/2141 2333/2684/2646
f 2333/2684/2646 2332/2179/2141 2352/2181/2143
f 2333/2684/2646 2352/2181/2143 2353/2685/2647
f 2353/2685/2647 2352/2181/2143 2372/2183/2145
f 2353/2685/2647 2372/2183/2145 2373/2686/2648
f 2373/2686/2648 2372/2183/2145 2392/2185/2147
f 2373/2686/2648 2392/2185/2147 2393/2687/2649
f 2393/2687/2649 2392/2185/2147 2412/2187/2149
f 2393/2687/2649 2412/2187/2149 2413/2688/2650
f 2413/2688/2650 2412/2187/2149 2432/2189/2151
f 2413/2688/2650 2432/2189/2151 2433/2689/2651
f 2433/2689/2651 2432/2189/2151 2452/2191/2153
f 2433/2689/2651 2452/2191/2153 2453/2413/2375
f 2144/2690/2652 2143/2671/2633 2183/2700/2662
f 2183/2700/2662 2143/2671/2633 2184/2672/2634
f 2183/2700/2662 2184/2672/2634 2163/2701/2663
f 2163/2701/2663 2184/2672/2634 2162/2673/2635
f 2163/2701/2663 2162/2673/2635 2199/2702/2664
f 2199/2702/2664 2162/2673/2635 2198/2467/2429
f 2199/2702/2664 2198/2467/2429 2218/2466/2428
f 2163/2701/2663 2164/2703/2665 2183/2700/2662
f 2183/2700/2662 2164/2703/2665 2182/2691/2653
f 2183/2700/2662 2182/2691/2653 2144/2690/2652
f 2182/2691/2653 2164/2703/2665 2165/2692/2654
f 2165/2692/2654 2164/2703/2665 2201/2704/2666
f 2165/2692/2654 2201/2704/2666 2202/2693/2655
f 2202/2693/2655 2201/2704/2666 2221/2705/2667
f 2202/2693/2655 2221/2705/2667 2222/2694/2656
f 2222/2694/2656 2221/2705/2667 2241/2706/2668
f 2222/2694/2656 2241/2706/2668 2242/2695/2657
f 2242/2695/2657 2241/2706/2668 2261/2707/2669
f 2242/2695/2657 2261/2707/2669 2262/2696/2658
f 2262/2696/2658 2261/2707/2669 2281/2708/2670
f 2262/2696/2658 2281/2708/2670 2282/2697/2659
f 2282/2697/2659 2281/2708/2670 2307/2709/2671
f 2282/2697/2659 2307/2709/2671 2306/2698/2660
f 2306/2698/2660 2307/2709/2671 2302/2710/2672
f 2306/2698/2660 2302/2710/2672 2303/2699/2661
f 2303/2699/2661 2302/2710/2672 2339/2711/2673
f 2303/2699/2661 2339/2711/2673 2340/2482/2444
f 2340/2482/2444 2339/2711/2673 2359/2480/2442
f 2164/2703/2665 2163/2701/2663 2200/2712/2674
f 2200/2712/2674 2163/2701/2663 2199/2702/2664
f 2200/2712/2674 2199/2702/2664 2219/2713/2675
f 2219/2713/2675 2199/2702/2664 2218/2466/2428
f 2219/2713/2675 2218/2466/2428 2238/2465/2427
f 2164/2703/2665 2200/2712/2674 2201/2704/2666
f 2201/2704/2666 2200/2712/2674 2220/2714/2676
f 2201/2704/2666 2220/2714/2676 2221/2705/2667
f 2221/2705/2667 2220/2714/2676 2240/2715/2677
f 2221/2705/2667 2240/2715/2677 2241/2706/2668
f 2241/2706/2668 2240/2715/2677 2260/2716/2678
f 2241/2706/2668 2260/2716/2678 2261/2707/2669
f 2261/2707/2669 2260/2716/2678 2280/2717/2679
f 2261/2707/2669 2280/2717/2679 2281/2708/2670
f 2281/2708/2670 2280/2717/2679 2308/2718/2680
f 2281/2708/2670 2308/2718/2680 2307/2709/2671
f 2307/2709/2671 2308/2718/2680 2301/2719/2681
f 2307/2709/2671 2301/2719/2681 2302/2710/2672
f 2302/2710/2672 2301/2719/2681 2338/2720/2682
f 2302/2710/2672 2338/2720/2682 2339/2711/2673
f 2339/2711/2673 2338/2720/2682 2358/2721/2683
f 2339/2711/2673 2358/2721/2683 2359/2480/2442
f 2359/2480/2442 2358/2721/2683 2378/2478/2440
f 2220/2714/2676 2200/2712/2674 2219/2713/2675
f 2220/2714/2676 2219/2713/2675 2239/2722/2684
f 2239/2722/2684 2219/2713/2675 2238/2465/2427
f 2239/2722/2684 2238/2465/2427 2258/2464/2426
f 2220/2714/2676 2239/2722/2684 2240/2715/2677
f 2240/2715/2677 2239/2722/2684 2259/2723/2685
f 2240/2715/2677 2259/2723/2685 2260/2716/2678
f 2260/2716/2678 2259/2723/2685 2279/2724/2686
f 2260/2716/2678 2279/2724/2686 2280/2717/2679
f 2280/2717/2679 2279/2724/2686 2309/2725/2687
f 2280/2717/2679 2309/2725/2687 2308/2718/2680
f 2308/2718/2680 2309/2725/2687 2300/2726/2688
f 2308/2718/2680 2300/2726/2688 2301/2719/2681
f 2301/2719/2681 2300/2726/2688 2337/2727/2689
f 2301/2719/2681 2337/2727/2689 2338/2720/2682
f 2338/2720/2682 2337/2727/2689 2357/2728/2690
f 2338/2720/2682 2357/2728/2690 2358/2721/2683
f 2358/2721/2683 2357/2728/2690 2377/2729/2691
f 2358/2721/2683 2377/2729/2691 2378/2478/2440
f 2378/2478/2440 2377/2729/2691 2397/2476/2438
f 2259/2723/2685 2239/2722/2684 2258/2464/2426
f 2279/2724/2686 2259/2723/2685 2278/2463/2425
f 2278/2463/2425 2259/2723/2685 2258/2464/2426
f 2309/2725/2687 2279/2724/2686 2310/2462/2424
f 2310/2462/2424 2279/2724/2686 2278/2463/2425
f 2286/2360/2322 2287/2730/2692 1904/2358/2320
f 1904/2358/2320 2287/2730/2692 2321/2348/2310
f 1904/2358/2320 2321/2348/2310 2267/2347/2309
f 2324/2394/2356 2288/2349/2311 2287/2730/2692
f 2287/2730/2692 2288/2349/2311 2321/2348/2310
f 2287/2730/2692 2286/2360/2322 2323/2731/2693
f 2323/2731/2693 2286/2360/2322 2322/2362/2324
f 2323/2731/2693 2322/2362/2324 2342/2732/2694
f 2342/2732/2694 2322/2362/2324 2341/2364/2326
f 2342/2732/2694 2341/2364/2326 2361/2733/2695
f 2361/2733/2695 2341/2364/2326 2360/2366/2328
f 2361/2733/2695 2360/2366/2328 2380/2734/2696
f 2380/2734/2696 2360/2366/2328 2379/2368/2330
f 2380/2734/2696 2379/2368/2330 2399/2735/2697
f 2399/2735/2697 2379/2368/2330 2398/2370/2332
f 2399/2735/2697 2398/2370/2332 2418/2736/2698
f 2418/2736/2698 2398/2370/2332 2417/2373/2335
f 2418/2736/2698 2417/2373/2335 2437/2380/2342
f 2437/2380/2342 2417/2373/2335 2436/2375/2337
f 2309/2725/2687 2310/2462/2424 2299/2461/2423
f 2309/2725/2687 2299/2461/2423 2300/2726/2688
f 2300/2726/2688 2299/2461/2423 2336/2460/2422
f 2300/2726/2688 2336/2460/2422 2337/2727/2689
f 2337/2727/2689 2336/2460/2422 2356/2459/2421
f 2337/2727/2689 2356/2459/2421 2357/2728/2690
f 2357/2728/2690 2356/2459/2421 2376/2458/2420
f 2357/2728/2690 2376/2458/2420 2377/2729/2691
f 2377/2729/2691 2376/2458/2420 2396/2457/2419
f 2377/2729/2691 2396/2457/2419 2397/2476/2438
f 2397/2476/2438 2396/2457/2419 2416/2456/2418
f 2343/2392/2354 2324/2394/2356 2323/2731/2693
f 2323/2731/2693 2324/2394/2356 2287/2730/2692
f 2343/2392/2354 2323/2731/2693 2342/2732/2694
f 2362/2390/2352 2343/2392/2354 2342/2732/2694
f 2362/2390/2352 2342/2732/2694 2361/2733/2695
f 2381/2388/2350 2362/2390/2352 2361/2733/2695
f 2381/2388/2350 2361/2733/2695 2380/2734/2696
f 2400/2386/2348 2381/2388/2350 2380/2734/2696
f 2400/2386/2348 2380/2734/2696 2399/2735/2697
f 2405/2354/2316 2385/2353/2315 2404/2409/2371
f 2419/2384/2346 2400/2386/2348 2399/2735/2697
f 2419/2384/2346 2399/2735/2697 2418/2736/2698
f 2405/2354/2316 2404/2409/2371 2424/2737/2699
f 2424/2737/2699 2404/2409/2371 2423/2408/2370
f 2424/2737/2699 2423/2408/2370 2443/2410/2372
f 2443/2410/2372 2423/2408/2370 2442/2407/2369
f 2438/2382/2344 2419/2384/2346 2418/2736/2698
f 2438/2382/2344 2418/2736/2698 2437/2380/2342
f 2405/2354/2316 2424/2737/2699 2425/2355/2317
f 2425/2355/2317 2424/2737/2699 2444/2412/2374
f 2425/2355/2317 2444/2412/2374 2445/2356/2318
f 2444/2412/2374 2424/2737/2699 2443/2410/2372
f 204/2738/843 1890/2739/2340 759/2740/2226
f 759/2740/2226 1890/2739/2340 1889/2741/2339
f 759/2740/2226 1889/2741/2339 1859/2742/2227
f 1859/2742/2227 1889/2741/2339 1888/2743/2338
f 1859/2742/2227 1888/2743/2338 1860/2744/2228
f 1860/2744/2228 1888/2743/2338 1887/2745/2336
f 1860/2744/2228 1887/2745/2336 1861/2746/2229
f 1861/2746/2229 1887/2745/2336 1862/2747/2230
f 1862/2747/2230 1887/2745/2336 1886/2748/2334
f 1862/2747/2230 1886/2748/2334 1863/2749/2231
f 1863/2749/2231 1886/2748/2334 1885/2750/2333
f 1863/2749/2231 1885/2750/2333 1864/2751/2232
f 1864/2751/2232 1885/2750/2333 1884/2752/2331
f 1864/2751/2232 1884/2752/2331 1883/2753/2329
f 204/2738/843 203/2754/2700 1890/2739/2340
f 1864/2751/2232 1883/2753/2329 1865/2755/2233
f 1865/2755/2233 1883/2753/2329 1882/2756/2327
f 1865/2755/2233 1882/2756/2327 1866/2757/2234
f 1866/2757/2234 1882/2756/2327 1881/2758/2325
f 1866/2757/2234 1881/2758/2325 1867/2759/2110
f 1867/2759/2110 1881/2758/2325 1880/2760/2323
f 1867/2759/2110 1880/2760/2323 1868/2761/2112
f 1868/2761/2112 1880/2760/2323 1869/2762/2114
f 1869/2762/2114 1880/2760/2323 1879/2763/2321
f 1869/2762/2114 1879/2763/2321 1870/2764/2116
f 1870/2764/2116 1879/2763/2321 1878/2765/2308
f 1870/2764/2116 1878/2765/2308 1871/2766/2118
f 1871/2766/2118 1878/2765/2308 1877/2767/2295
f 1871/2766/2118 1877/2767/2295 1872/2768/2120
f 1872/2768/2120 1877/2767/2295 1876/2769/2282
f 1872/2768/2120 1876/2769/2282 1873/2770/2235
f 1873/2770/2235 1876/2769/2282 1875/2771/2267
f 1873/2770/2235 1875/2771/2267 1874/2772/2252
f 1890/2773/2701 203/2774/2700 2465/2775/2702
f 2465/2775/2702 203/2774/2700 202/2776/2703
f 2465/2775/2702 202/2776/2703 2464/2777/2704
f 2464/2777/2704 202/2776/2703 201/2778/2705
f 2464/2777/2704 201/2778/2705 2463/2779/2706
f 2463/2779/2706 201/2778/2705 200/2780/2707
f 2463/2779/2706 200/2780/2707 2462/2781/2708
f 2462/2781/2708 200/2780/2707 199/2782/2709
f 2462/2781/2708 199/2782/2709 2461/2783/2710
f 2461/2783/2710 199/2782/2709 198/2784/2711
f 2461/2783/2710 198/2784/2711 2460/2785/2712
f 2460/2785/2712 198/2784/2711 197/2786/2713
f 2460/2785/2712 197/2786/2713 2459/2787/2714
f 2459/2787/2714 197/2786/2713 196/2788/2715
f 2459/2787/2714 196/2788/2715 2458/2789/2716
f 2458/2789/2716 196/2788/2715 195/2790/2717
f 2458/2789/2716 195/2790/2717 2457/2791/2718
f 2457/2791/2718 195/2790/2717 194/2792/2719
f 2457/2791/2718 194/2792/2719 2456/2793/2720
f 2456/2793/2720 194/2792/2719 193/2794/2721
f 2456/2793/2720 193/2794/2721 2455/2795/2722
f 2455/2795/2722 193/2794/2721 192/2796/2723
f 2455/2795/2722 192/2796/2723 48/2797/63
f 48/2797/63 192/2796/2723 49/2798/52
f 1272/2799/1676 2466/2800/2724 1273/2801/2725
f 1273/2801/2725 2466/2800/2724 2501/2802/2726
f 1273/2801/2725 2501/2802/2726 1274/2803/2727
f 1274/2803/2727 2501/2802/2726 2511/2804/2728
f 1274/2803/2727 2511/2804/2728 1275/2805/2729
f 1275/2805/2729 2511/2804/2728 1276/2806/2730
f 1276/2806/2730 2511/2804/2728 2521/2807/2731
f 1276/2806/2730 2521/2807/2731 1277/2808/2732
f 1277/2808/2732 2521/2807/2731 2531/2809/2733
f 1277/2808/2732 2531/2809/2733 1278/2810/2734
f 1278/2810/2734 2531/2809/2733 2541/2811/2735
f 1278/2810/2734 2541/2811/2735 1279/2812/2736
f 1279/2812/2736 2541/2811/2735 2551/2813/2737
f 1279/2812/2736 2551/2813/2737 1280/2814/2738
f 1280/2814/2738 2551/2813/2737 2560/2815/2739
f 1280/2814/2738 2560/2815/2739 2491/2816/2740
f 2491/2816/2740 2560/2815/2739 2559/2817/2741
f 2491/2816/2740 2559/2817/2741 2571/2818/2742
f 2571/2818/2742 2559/2817/2741 2558/2819/2743
f 2571/2818/2742 2558/2819/2743 2572/2820/2744
f 2572/2820/2744 2558/2819/2743 2557/2821/2745
f 2572/2820/2744 2557/2821/2745 2573/2822/2746
f 2573/2822/2746 2557/2821/2745 2556/2823/2747
f 2573/2822/2746 2556/2823/2747 2574/2824/2748
f 2574/2824/2748 2556/2823/2747 2555/2825/2749
f 2574/2824/2748 2555/2825/2749 2575/2826/2750
f 2575/2826/2750 2555/2825/2749 2554/2827/2751
f 2575/2826/2750 2554/2827/2751 2576/2828/2752
f 2576/2828/2752 2554/2827/2751 2553/2829/2753
f 2576/2828/2752 2553/2829/2753 2577/2830/2754
f 2577/2830/2754 2553/2829/2753 2552/2831/2755
f 2577/2830/2754 2552/2831/2755 2578/2832/2756
f 2578/2832/2756 2552/2831/2755 2490/2833/2757
f 2578/2832/2756 2490/2833/2757 2579/2834/2758
f 2579/2834/2758 2490/2833/2757 39/2835/54
f 2579/2834/2758 39/2835/54 2561/2836/2759
f 2561/2836/2759 39/2835/54 38/2837/53
f 2561/2836/2759 38/2837/53 2580/2838/2760
f 2580/2838/2760 38/2837/53 37/2839/51
f 2580/2838/2760 37/2839/51 2590/2840/2761
f 2590/2840/2761 37/2839/51 36/2841/50
f 2590/2840/2761 36/2841/50 2600/2842/2762
f 2600/2842/2762 36/2841/50 35/2843/49
f 2600/2842/2762 35/2843/49 2488/2844/2763
f 2488/2844/2763 35/2843/49 34/2845/48
f 2488/2844/2763 34/2845/48 2637/2846/2764
f 2637/2846/2764 34/2845/48 2619/2847/2765
f 2637/2846/2764 2619/2847/2765 2620/2848/2766
f 2620/2848/2766 2619/2847/2765 2639/2849/2767
f 2620/2848/2766 2639/2849/2767 2640/2850/2768
f 2640/2850/2768 2639/2849/2767 2649/2851/2769
f 2640/2850/2768 2649/2851/2769 2650/2852/2770
f 2650/2852/2770 2649/2851/2769 2672/2853/2771
f 2650/2852/2770 2672/2853/2771 2671/2854/2772
f 2671/2854/2772 2672/2853/2771 2661/2855/2773
f 2671/2854/2772 2661/2855/2773 2662/2856/2774
f 2662/2856/2774 2661/2855/2773 2680/2857/2775
f 2662/2856/2774 2680/2857/2775 2681/2858/2776
f 2681/2858/2776 2680/2857/2775 2697/2859/2777
f 2681/2858/2776 2697/2859/2777 2696/2860/2778
f 2696/2860/2778 2697/2859/2777 2692/2861/2779
f 2696/2860/2778 2692/2861/2779 2693/2862/2780
f 2693/2862/2780 2692/2861/2779 2712/2863/2781
f 2693/2862/2780 2712/2863/2781 2713/2864/2782
f 2713/2864/2782 2712/2863/2781 2723/2865/2783
f 2713/2864/2782 2723/2865/2783 1294/2866/2784
f 1294/2866/2784 2723/2865/2783 1295/2867/2785
f 1295/2867/2785 2723/2865/2783 1296/2868/2786
f 1296/2868/2786 2723/2865/2783 2732/2869/2787
f 1296/2868/2786 2732/2869/2787 2483/2870/2788
f 2483/2870/2788 2732/2869/2787 2731/2871/2789
f 2483/2870/2788 2731/2871/2789 2743/2872/2790
f 2743/2872/2790 2731/2871/2789 2730/2873/2791
f 2743/2872/2790 2730/2873/2791 2744/2874/2792
f 2744/2874/2792 2730/2873/2791 2729/2875/2793
f 2744/2874/2792 2729/2875/2793 2745/2876/2794
f 2745/2876/2794 2729/2875/2793 2728/2877/2795
f 2745/2876/2794 2728/2877/2795 2746/2878/2796
f 2746/2878/2796 2728/2877/2795 2727/2879/2797
f 2746/2878/2796 2727/2879/2797 2747/2880/2798
f 2747/2880/2798 2727/2879/2797 2726/2881/2799
f 2747/2880/2798 2726/2881/2799 2748/2882/2800
f 2748/2882/2800 2726/2881/2799 2725/2883/2801
f 2748/2882/2800 2725/2883/2801 2749/2884/2802
f 2749/2884/2802 2725/2883/2801 2724/2885/2803
f 2749/2884/2802 2724/2885/2803 2750/2886/2804
f 2750/2886/2804 2724/2885/2803 2482/2887/2805
f 2750/2886/2804 2482/2887/2805 2751/2888/2806
f 2751/2888/2806 2482/2887/2805 23/2889/36
f 2751/2888/2806 23/2889/36 2733/2890/2807
f 2733/2890/2807 23/2889/36 22/2891/35
f 2733/2890/2807 22/2891/35 2752/2892/2808
f 2752/2892/2808 22/2891/35 21/2893/34
f 2752/2892/2808 21/2893/34 2762/2894/2809
f 2762/2894/2809 21/2893/34 20/2895/33
f 2762/2894/2809 20/2895/33 2474/2896/2810
f 2501/2802/2726 2466/2800/2724 2500/2897/2811
f 2500/2897/2811 2466/2800/2724 2467/2898/2812
f 2500/2897/2811 2467/2898/2812 2499/2899/2813
f 2499/2899/2813 2467/2898/2812 2468/2900/2814
f 2499/2899/2813 2468/2900/2814 2498/2901/2815
f 2498/2901/2815 2468/2900/2814 2497/2902/2816
f 2498/2901/2815 2497/2902/2816 2508/2903/2817
f 2508/2903/2817 2497/2902/2816 2507/2904/2818
f 2508/2903/2817 2507/2904/2818 2518/2905/2819
f 2518/2905/2819 2507/2904/2818 2517/2906/2820
f 2518/2905/2819 2517/2906/2820 2528/2907/2821
f 2528/2907/2821 2517/2906/2820 2527/2908/2822
f 2528/2907/2821 2527/2908/2822 2538/2909/2823
f 2538/2909/2823 2527/2908/2822 2537/2910/2824
f 2538/2909/2823 2537/2910/2824 2548/2911/2825
f 2548/2911/2825 2537/2910/2824 2547/2912/2826
f 2548/2911/2825 2547/2912/2826 2557/2821/2745
f 2557/2821/2745 2547/2912/2826 2556/2823/2747
f 2468/2900/2814 2469/2913/2827 2497/2902/2816
f 2497/2902/2816 2469/2913/2827 2496/2914/2828
f 2497/2902/2816 2496/2914/2828 2507/2904/2818
f 2507/2904/2818 2496/2914/2828 2506/2915/2829
f 2507/2904/2818 2506/2915/2829 2517/2906/2820
f 2517/2906/2820 2506/2915/2829 2516/2916/2830
f 2517/2906/2820 2516/2916/2830 2527/2908/2822
f 2527/2908/2822 2516/2916/2830 2526/2917/2831
f 2527/2908/2822 2526/2917/2831 2537/2910/2824
f 2537/2910/2824 2526/2917/2831 2536/2918/2832
f 2537/2910/2824 2536/2918/2832 2547/2912/2826
f 2547/2912/2826 2536/2918/2832 2546/2919/2833
f 2547/2912/2826 2546/2919/2833 2556/2823/2747
f 2556/2823/2747 2546/2919/2833 2555/2825/2749
f 2469/2913/2827 2470/2920/2834 2496/2914/2828
f 2496/2914/2828 2470/2920/2834 2495/2921/2835
f 2496/2914/2828 2495/2921/2835 2506/2915/2829
f 2506/2915/2829 2495/2921/2835 2505/2922/2836
f 2506/2915/2829 2505/2922/2836 2516/2916/2830
f 2516/2916/2830 2505/2922/2836 2515/2923/2837
f 2516/2916/2830 2515/2923/2837 2526/2917/2831
f 2526/2917/2831 2515/2923/2837 2525/2924/2838
f 2526/2917/2831 2525/2924/2838 2536/2918/2832
f 2536/2918/2832 2525/2924/2838 2535/2925/2839
f 2536/2918/2832 2535/2925/2839 2546/2919/2833
f 2546/2919/2833 2535/2925/2839 2545/2926/2840
f 2546/2919/2833 2545/2926/2840 2555/2825/2749
f 2555/2825/2749 2545/2926/2840 2554/2827/2751
f 2470/2920/2834 2471/2927/2841 2495/2921/2835
f 2495/2921/2835 2471/2927/2841 2494/2928/2842
f 2495/2921/2835 2494/2928/2842 2505/2922/2836
f 2505/2922/2836 2494/2928/2842 2504/2929/2843
f 2505/2922/2836 2504/2929/2843 2515/2923/2837
f 2515/2923/2837 2504/2929/2843 2514/2930/2844
f 2515/2923/2837 2514/2930/2844 2525/2924/2838
f 2525/2924/2838 2514/2930/2844 2524/2931/2845
f 2525/2924/2838 2524/2931/2845 2535/2925/2839
f 2535/2925/2839 2524/2931/2845 2534/2932/2846
f 2535/2925/2839 2534/2932/2846 2545/2926/2840
f 2545/2926/2840 2534/2932/2846 2544/2933/2847
f 2545/2926/2840 2544/2933/2847 2554/2827/2751
f 2554/2827/2751 2544/2933/2847 2553/2829/2753
f 2471/2927/2841 2472/2934/2848 2494/2928/2842
f 2494/2928/2842 2472/2934/2848 2493/2935/2849
f 2494/2928/2842 2493/2935/2849 2504/2929/2843
f 2504/2929/2843 2493/2935/2849 2503/2936/2850
f 2504/2929/2843 2503/2936/2850 2514/2930/2844
f 2514/2930/2844 2503/2936/2850 2513/2937/2851
f 2514/2930/2844 2513/2937/2851 2524/2931/2845
f 2524/2931/2845 2513/2937/2851 2523/2938/2852
f 2524/2931/2845 2523/2938/2852 2534/2932/2846
f 2534/2932/2846 2523/2938/2852 2533/2939/2853
f 2534/2932/2846 2533/2939/2853 2544/2933/2847
f 2544/2933/2847 2533/2939/2853 2543/2940/2854
f 2544/2933/2847 2543/2940/2854 2553/2829/2753
f 2553/2829/2753 2543/2940/2854 2552/2831/2755
f 2472/2934/2848 2473/2941/2855 2493/2935/2849
f 2493/2935/2849 2473/2941/2855 2492/2942/2856
f 2493/2935/2849 2492/2942/2856 2503/2936/2850
f 2503/2936/2850 2492/2942/2856 2502/2943/2857
f 2503/2936/2850 2502/2943/2857 2513/2937/2851
f 2513/2937/2851 2502/2943/2857 2512/2944/2858
f 2513/2937/2851 2512/2944/2858 2523/2938/2852
f 2523/2938/2852 2512/2944/2858 2522/2945/2859
f 2523/2938/2852 2522/2945/2859 2533/2939/2853
f 2533/2939/2853 2522/2945/2859 2532/2946/2860
f 2533/2939/2853 2532/2946/2860 2543/2940/2854
f 2543/2940/2854 2532/2946/2860 2542/2947/2861
f 2543/2940/2854 2542/2947/2861 2552/2831/2755
f 2552/2831/2755 2542/2947/2861 2490/2833/2757
f 2473/2941/2855 48/2948/63 2492/2942/2856
f 2492/2942/2856 48/2948/63 47/2949/62
f 2492/2942/2856 47/2949/62 46/2950/61
f 2492/2942/2856 46/2950/61 2502/2943/2857
f 2502/2943/2857 46/2950/61 45/2951/60
f 2502/2943/2857 45/2951/60 44/2952/59
f 2502/2943/2857 44/2952/59 2512/2944/2858
f 2512/2944/2858 44/2952/59 43/2953/58
f 2512/2944/2858 43/2953/58 2522/2945/2859
f 2522/2945/2859 43/2953/58 42/2954/57
f 2522/2945/2859 42/2954/57 2532/2946/2860
f 2532/2946/2860 42/2954/57 41/2955/56
f 2532/2946/2860 41/2955/56 2542/2947/2861
f 2542/2947/2861 41/2955/56 40/2956/55
f 2542/2947/2861 40/2956/55 2490/2833/2757
f 2490/2833/2757 40/2956/55 39/2835/54
f 34/2845/48 33/2957/47 2619/2847/2765
f 2619/2847/2765 33/2957/47 2638/2958/2862
f 2619/2847/2765 2638/2958/2862 2639/2849/2767
f 2639/2849/2767 2638/2958/2862 2648/2959/2863
f 2639/2849/2767 2648/2959/2863 2649/2851/2769
f 2649/2851/2769 2648/2959/2863 2673/2960/2864
f 2649/2851/2769 2673/2960/2864 2672/2853/2771
f 2672/2853/2771 2673/2960/2864 2660/2961/2865
f 2672/2853/2771 2660/2961/2865 2661/2855/2773
f 2661/2855/2773 2660/2961/2865 2679/2962/2866
f 2661/2855/2773 2679/2962/2866 2680/2857/2775
f 2680/2857/2775 2679/2962/2866 2698/2963/2867
f 2680/2857/2775 2698/2963/2867 2697/2859/2777
f 2697/2859/2777 2698/2963/2867 2691/2964/2868
f 2697/2859/2777 2691/2964/2868 2692/2861/2779
f 2692/2861/2779 2691/2964/2868 2711/2965/2869
f 2692/2861/2779 2711/2965/2869 2712/2863/2781
f 2712/2863/2781 2711/2965/2869 2722/2966/2870
f 2712/2863/2781 2722/2966/2870 2723/2865/2783
f 2723/2865/2783 2722/2966/2870 2732/2869/2787
f 33/2957/47 32/2967/46 2638/2958/2862
f 2638/2958/2862 32/2967/46 2486/2968/2871
f 2638/2958/2862 2486/2968/2871 2648/2959/2863
f 2648/2959/2863 2486/2968/2871 2674/2969/2872
f 2648/2959/2863 2674/2969/2872 2673/2960/2864
f 2673/2960/2864 2674/2969/2872 2659/2970/2873
f 2673/2960/2864 2659/2970/2873 2660/2961/2865
f 2660/2961/2865 2659/2970/2873 2678/2971/2874
f 2660/2961/2865 2678/2971/2874 2679/2962/2866
f 2679/2962/2866 2678/2971/2874 2699/2972/2875
f 2679/2962/2866 2699/2972/2875 2698/2963/2867
f 2698/2963/2867 2699/2972/2875 2690/2973/2876
f 2698/2963/2867 2690/2973/2876 2691/2964/2868
f 2691/2964/2868 2690/2973/2876 2710/2974/2877
f 2691/2964/2868 2710/2974/2877 2711/2965/2869
f 2711/2965/2869 2710/2974/2877 2721/2975/2878
f 2711/2965/2869 2721/2975/2878 2722/2966/2870
f 2722/2966/2870 2721/2975/2878 2731/2871/2789
f 2722/2966/2870 2731/2871/2789 2732/2869/2787
f 32/2967/46 31/2976/45 2486/2968/2871
f 2486/2968/2871 31/2976/45 2675/2977/2879
f 2486/2968/2871 2675/2977/2879 2674/2969/2872
f 2674/2969/2872 2675/2977/2879 2658/2978/2880
f 2674/2969/2872 2658/2978/2880 2659/2970/2873
f 2659/2970/2873 2658/2978/2880 2677/2979/2881
f 2659/2970/2873 2677/2979/2881 2678/2971/2874
f 2678/2971/2874 2677/2979/2881 2700/2980/2882
f 2678/2971/2874 2700/2980/2882 2699/2972/2875
f 2699/2972/2875 2700/2980/2882 2689/2981/2883
f 2699/2972/2875 2689/2981/2883 2690/2973/2876
f 2690/2973/2876 2689/2981/2883 2709/2982/2884
f 2690/2973/2876 2709/2982/2884 2710/2974/2877
f 2710/2974/2877 2709/2982/2884 2720/2983/2885
f 2710/2974/2877 2720/2983/2885 2721/2975/2878
f 2721/2975/2878 2720/2983/2885 2730/2873/2791
f 2721/2975/2878 2730/2873/2791 2731/2871/2789
f 2675/2977/2879 31/2976/45 2657/2984/2886
f 2657/2984/2886 31/2976/45 30/2985/44
f 2657/2984/2886 30/2985/44 2484/2986/2887
f 2484/2986/2887 30/2985/44 29/2987/43
f 2484/2986/2887 29/2987/43 2703/2988/2888
f 2703/2988/2888 29/2987/43 28/2989/42
f 2703/2988/2888 28/2989/42 2685/2990/2889
f 2685/2990/2889 28/2989/42 27/2991/41
f 2685/2990/2889 27/2991/41 2704/2992/2890
f 2704/2992/2890 27/2991/41 26/2993/39
f 2704/2992/2890 26/2993/39 2714/2994/2891
f 2714/2994/2891 26/2993/39 25/2995/38
f 2714/2994/2891 25/2995/38 24/2996/37
f 2714/2994/2891 24/2996/37 2482/2887/2805
f 2482/2887/2805 24/2996/37 23/2889/36
f 2762/2894/2809 2474/2896/2810 2763/2997/2892
f 2763/2997/2892 2474/2896/2810 2475/2998/2893
f 2763/2997/2892 2475/2998/2893 2764/2999/2894
f 2764/2999/2894 2475/2998/2893 2476/3000/2895
f 2764/2999/2894 2476/3000/2895 2765/3001/2896
f 2765/3001/2896 2476/3000/2895 2477/3002/2897
f 2765/3001/2896 2477/3002/2897 2766/3003/2898
f 2766/3003/2898 2477/3002/2897 2478/3004/2899
f 2766/3003/2898 2478/3004/2899 2767/3005/2900
f 2767/3005/2900 2478/3004/2899 2479/3006/2901
f 2767/3005/2900 2479/3006/2901 2768/3007/2902
f 2768/3007/2902 2479/3006/2901 2480/3008/2903
f 2768/3007/2902 2480/3008/2903 2769/3009/2904
f 2769/3009/2904 2480/3008/2903 2770/3010/2905
f 2769/3009/2904 2770/3010/2905 2759/3011/2906
f 2759/3011/2906 2770/3010/2905 2760/3012/2907
f 2759/3011/2906 2760/3012/2907 2740/3013/2908
f 2740/3013/2908 2760/3012/2907 2741/3014/2909
f 2740/3013/2908 2741/3014/2909 2744/2874/2792
f 2744/2874/2792 2741/3014/2909 2743/2872/2790
f 2480/3008/2903 2481/3015/2910 2770/3010/2905
f 2770/3010/2905 2481/3015/2910 2771/3016/2911
f 2770/3010/2905 2771/3016/2911 2760/3012/2907
f 2760/3012/2907 2771/3016/2911 2761/3017/2912
f 2760/3012/2907 2761/3017/2912 2741/3014/2909
f 2741/3014/2909 2761/3017/2912 2742/3018/2913
f 2741/3014/2909 2742/3018/2913 2743/2872/2790
f 2743/2872/2790 2742/3018/2913 2483/2870/2788
f 2481/3015/2910 916/3019/1721 2771/3016/2911
f 2771/3016/2911 916/3019/1721 1299/3020/2914
f 2771/3016/2911 1299/3020/2914 2761/3017/2912
f 2761/3017/2912 1299/3020/2914 1298/3021/2915
f 2761/3017/2912 1298/3021/2915 2742/3018/2913
f 2742/3018/2913 1298/3021/2915 1297/3022/2916
f 2742/3018/2913 1297/3022/2916 2483/2870/2788
f 2483/2870/2788 1297/3022/2916 1296/2868/2786
f 1294/2866/2784 1293/3023/2917 2713/2864/2782
f 2713/2864/2782 1293/3023/2917 2694/3024/2918
f 2713/2864/2782 2694/3024/2918 2693/2862/2780
f 2693/2862/2780 2694/3024/2918 2695/3025/2919
f 2693/2862/2780 2695/3025/2919 2696/2860/2778
f 2696/2860/2778 2695/3025/2919 2682/3026/2920
f 2696/2860/2778 2682/3026/2920 2681/2858/2776
f 2681/2858/2776 2682/3026/2920 2663/3027/2921
f 2681/2858/2776 2663/3027/2921 2662/2856/2774
f 2662/2856/2774 2663/3027/2921 2670/3028/2922
f 2662/2856/2774 2670/3028/2922 2671/2854/2772
f 2671/2854/2772 2670/3028/2922 2651/3029/2923
f 2671/2854/2772 2651/3029/2923 2650/2852/2770
f 2650/2852/2770 2651/3029/2923 2641/3030/2924
f 2650/2852/2770 2641/3030/2924 2640/2850/2768
f 2640/2850/2768 2641/3030/2924 2621/3031/2925
f 2640/2850/2768 2621/3031/2925 2620/2848/2766
f 2620/2848/2766 2621/3031/2925 2636/3032/2926
f 2620/2848/2766 2636/3032/2926 2637/2846/2764
f 2637/2846/2764 2636/3032/2926 2488/2844/2763
f 1293/3023/2917 1292/3033/2927 2694/3024/2918
f 2694/3024/2918 1292/3033/2927 2485/3034/2928
f 2694/3024/2918 2485/3034/2928 2695/3025/2919
f 2695/3025/2919 2485/3034/2928 2683/3035/2929
f 2695/3025/2919 2683/3035/2929 2682/3026/2920
f 2682/3026/2920 2683/3035/2929 2664/3036/2930
f 2682/3026/2920 2664/3036/2930 2663/3027/2921
f 2663/3027/2921 2664/3036/2930 2669/3037/2931
f 2663/3027/2921 2669/3037/2931 2670/3028/2922
f 2670/3028/2922 2669/3037/2931 2652/3038/2932
f 2670/3028/2922 2652/3038/2932 2651/3029/2923
f 2651/3029/2923 2652/3038/2932 2642/3039/2933
f 2651/3029/2923 2642/3039/2933 2641/3030/2924
f 2641/3030/2924 2642/3039/2933 2622/3040/2934
f 2641/3030/2924 2622/3040/2934 2621/3031/2925
f 2621/3031/2925 2622/3040/2934 2635/3041/2935
f 2621/3031/2925 2635/3041/2935 2636/3032/2926
f 2636/3032/2926 2635/3041/2935 2610/3042/2936
f 2636/3032/2926 2610/3042/2936 2488/2844/2763
f 2488/2844/2763 2610/3042/2936 2600/2842/2762
f 1292/3033/2927 1291/3043/2937 2485/3034/2928
f 2485/3034/2928 1291/3043/2937 1290/3044/2938
f 2485/3034/2928 1290/3044/2938 2684/3045/2939
f 2684/3045/2939 1290/3044/2938 2666/3046/2940
f 2684/3045/2939 2666/3046/2940 2665/3047/2941
f 2665/3047/2941 2666/3046/2940 2667/3048/2942
f 2665/3047/2941 2667/3048/2942 2668/3049/2943
f 2668/3049/2943 2667/3048/2942 2654/3050/2944
f 2668/3049/2943 2654/3050/2944 2653/3051/2945
f 2653/3051/2945 2654/3050/2944 2644/3052/2946
f 2653/3051/2945 2644/3052/2946 2643/3053/2947
f 2643/3053/2947 2644/3052/2946 2624/3054/2948
f 2643/3053/2947 2624/3054/2948 2623/3055/2949
f 2623/3055/2949 2624/3054/2948 2633/3056/2950
f 2623/3055/2949 2633/3056/2950 2634/3057/2951
f 2634/3057/2951 2633/3056/2950 2612/3058/2952
f 2634/3057/2951 2612/3058/2952 2611/3059/2953
f 2611/3059/2953 2612/3058/2952 2602/3060/2954
f 2611/3059/2953 2602/3060/2954 2601/3061/2955
f 2601/3061/2955 2602/3060/2954 2591/3062/2956
f 2601/3061/2955 2591/3062/2956 2590/2840/2761
f 2590/2840/2761 2591/3062/2956 2580/2838/2760
f 1290/3044/2938 1289/3063/2957 2666/3046/2940
f 2666/3046/2940 1289/3063/2957 2487/3064/2958
f 2666/3046/2940 2487/3064/2958 2667/3048/2942
f 2667/3048/2942 2487/3064/2958 2655/3065/2959
f 2667/3048/2942 2655/3065/2959 2654/3050/2944
f 2654/3050/2944 2655/3065/2959 2645/3066/2960
f 2654/3050/2944 2645/3066/2960 2644/3052/2946
f 2644/3052/2946 2645/3066/2960 2625/3067/2961
f 2644/3052/2946 2625/3067/2961 2624/3054/2948
f 2624/3054/2948 2625/3067/2961 2632/3068/2962
f 2624/3054/2948 2632/3068/2962 2633/3056/2950
f 2633/3056/2950 2632/3068/2962 2613/3069/2963
f 2633/3056/2950 2613/3069/2963 2612/3058/2952
f 2612/3058/2952 2613/3069/2963 2603/3070/2964
f 2612/3058/2952 2603/3070/2964 2602/3060/2954
f 2602/3060/2954 2603/3070/2964 2592/3071/2965
f 2602/3060/2954 2592/3071/2965 2591/3062/2956
f 2591/3062/2956 2592/3071/2965 2581/3072/2966
f 2591/3062/2956 2581/3072/2966 2580/2838/2760
f 2580/2838/2760 2581/3072/2966 2561/2836/2759
f 1289/3063/2957 1288/3073/2967 2487/3064/2958
f 2487/3064/2958 1288/3073/2967 2656/3074/2968
f 2487/3064/2958 2656/3074/2968 2655/3065/2959
f 2655/3065/2959 2656/3074/2968 2646/3075/2969
f 2655/3065/2959 2646/3075/2969 2645/3066/2960
f 2645/3066/2960 2646/3075/2969 2626/3076/2970
f 2645/3066/2960 2626/3076/2970 2625/3067/2961
f 2625/3067/2961 2626/3076/2970 2631/3077/2971
f 2625/3067/2961 2631/3077/2971 2632/3068/2962
f 2632/3068/2962 2631/3077/2971 2614/3078/2972
f 2632/3068/2962 2614/3078/2972 2613/3069/2963
f 2613/3069/2963 2614/3078/2972 2604/3079/2973
f 2613/3069/2963 2604/3079/2973 2603/3070/2964
f 2603/3070/2964 2604/3079/2973 2593/3080/2974
f 2603/3070/2964 2593/3080/2974 2592/3071/2965
f 2592/3071/2965 2593/3080/2974 2582/3081/2975
f 2592/3071/2965 2582/3081/2975 2581/3072/2966
f 2581/3072/2966 2582/3081/2975 2562/3082/2976
f 2581/3072/2966 2562/3082/2976 2561/2836/2759
f 2561/2836/2759 2562/3082/2976 2579/2834/2758
f 2656/3074/2968 1288/3073/2967 2647/3083/2977
f 2647/3083/2977 1288/3073/2967 1287/3084/2978
f 2647/3083/2977 1287/3084/2978 2628/3085/2979
f 2628/3085/2979 1287/3084/2978 1286/3086/2980
f 2628/3085/2979 1286/3086/2980 2489/3087/2981
f 2489/3087/2981 1286/3086/2980 1285/3088/2982
f 2489/3087/2981 1285/3088/2982 2618/3089/2983
f 2618/3089/2983 1285/3088/2982 2609/3090/2984
f 2618/3089/2983 2609/3090/2984 2608/3091/2985
f 2608/3091/2985 2609/3090/2984 2598/3092/2986
f 2608/3091/2985 2598/3092/2986 2597/3093/2987
f 2597/3093/2987 2598/3092/2986 2587/3094/2988
f 2597/3093/2987 2587/3094/2988 2586/3095/2989
f 2586/3095/2989 2587/3094/2988 2567/3096/2990
f 2586/3095/2989 2567/3096/2990 2566/3097/2991
f 2566/3097/2991 2567/3096/2990 2574/2824/2748
f 2566/3097/2991 2574/2824/2748 2575/2826/2750
f 1285/3088/2982 1284/3098/2992 2609/3090/2984
f 2609/3090/2984 1284/3098/2992 2599/3099/2993
f 2609/3090/2984 2599/3099/2993 2598/3092/2986
f 2598/3092/2986 2599/3099/2993 2588/3100/2994
f 2598/3092/2986 2588/3100/2994 2587/3094/2988
f 2587/3094/2988 2588/3100/2994 2568/3101/2995
f 2587/3094/2988 2568/3101/2995 2567/3096/2990
f 2567/3096/2990 2568/3101/2995 2573/2822/2746
f 2567/3096/2990 2573/2822/2746 2574/2824/2748
f 1284/3098/2992 1283/3102/2996 2599/3099/2993
f 2599/3099/2993 1283/3102/2996 2589/3103/2997
f 2599/3099/2993 2589/3103/2997 2588/3100/2994
f 2588/3100/2994 2589/3103/2997 2569/3104/2998
f 2588/3100/2994 2569/3104/2998 2568/3101/2995
f 2568/3101/2995 2569/3104/2998 2572/2820/2744
f 2568/3101/2995 2572/2820/2744 2573/2822/2746
f 1283/3102/2996 1282/3105/2999 2589/3103/2997
f 2589/3103/2997 1282/3105/2999 2570/3106/3000
f 2589/3103/2997 2570/3106/3000 2569/3104/2998
f 2569/3104/2998 2570/3106/3000 2571/2818/2742
f 2569/3104/2998 2571/2818/2742 2572/2820/2744
f 1282/3105/2999 1281/3107/3001 2570/3106/3000
f 2570/3106/3000 1281/3107/3001 2491/2816/2740
f 2570/3106/3000 2491/2816/2740 2571/2818/2742
f 1281/3107/3001 1280/2814/2738 2491/2816/2740
f 2683/3035/2929 2485/3034/2928 2684/3045/2939
f 2499/2899/2813 2498/2901/2815 2509/3108/3002
f 2509/3108/3002 2498/2901/2815 2508/2903/2817
f 2509/3108/3002 2508/2903/2817 2519/3109/3003
f 2519/3109/3003 2508/2903/2817 2518/2905/2819
f 2519/3109/3003 2518/2905/2819 2529/3110/3004
f 2529/3110/3004 2518/2905/2819 2528/2907/2821
f 2529/3110/3004 2528/2907/2821 2539/3111/3005
f 2539/3111/3005 2528/2907/2821 2538/2909/2823
f 2539/3111/3005 2538/2909/2823 2549/3112/3006
f 2549/3112/3006 2538/2909/2823 2548/2911/2825
f 2549/3112/3006 2548/2911/2825 2558/2819/2743
f 2558/2819/2743 2548/2911/2825 2557/2821/2745
f 2511/2804/2728 2501/2802/2726 2500/2897/2811
f 2500/2897/2811 2499/2899/2813 2510/3113/3007
f 2510/3113/3007 2499/2899/2813 2509/3108/3002
f 2510/3113/3007 2509/3108/3002 2520/3114/3008
f 2520/3114/3008 2509/3108/3002 2519/3109/3003
f 2520/3114/3008 2519/3109/3003 2530/3115/3009
f 2530/3115/3009 2519/3109/3003 2529/3110/3004
f 2530/3115/3009 2529/3110/3004 2540/3116/3010
f 2540/3116/3010 2529/3110/3004 2539/3111/3005
f 2540/3116/3010 2539/3111/3005 2550/3117/3011
f 2550/3117/3011 2539/3111/3005 2549/3112/3006
f 2550/3117/3011 2549/3112/3006 2559/2817/2741
f 2559/2817/2741 2549/3112/3006 2558/2819/2743
f 2521/2807/2731 2511/2804/2728 2510/3113/3007
f 2510/3113/3007 2511/2804/2728 2500/2897/2811
f 2521/2807/2731 2510/3113/3007 2520/3114/3008
f 2531/2809/2733 2521/2807/2731 2520/3114/3008
f 2531/2809/2733 2520/3114/3008 2530/3115/3009
f 2541/2811/2735 2531/2809/2733 2530/3115/3009
f 2541/2811/2735 2530/3115/3009 2540/3116/3010
f 2551/2813/2737 2541/2811/2735 2540/3116/3010
f 2551/2813/2737 2540/3116/3010 2550/3117/3011
f 2560/2815/2739 2551/2813/2737 2550/3117/3011
f 2560/2815/2739 2550/3117/3011 2559/2817/2741
f 2578/2832/2756 2579/2834/2758 2562/3082/2976
f 2577/2830/2754 2578/2832/2756 2563/3118/3012
f 2563/3118/3012 2578/2832/2756 2562/3082/2976
f 2563/3118/3012 2562/3082/2976 2582/3081/2975
f 2576/2828/2752 2577/2830/2754 2564/3119/3013
f 2564/3119/3013 2577/2830/2754 2563/3118/3012
f 2564/3119/3013 2563/3118/3012 2583/3120/3014
f 2583/3120/3014 2563/3118/3012 2582/3081/2975
f 2583/3120/3014 2582/3081/2975 2593/3080/2974
f 2575/2826/2750 2576/2828/2752 2565/3121/3015
f 2565/3121/3015 2576/2828/2752 2564/3119/3013
f 2565/3121/3015 2564/3119/3013 2584/3122/3016
f 2584/3122/3016 2564/3119/3013 2583/3120/3014
f 2584/3122/3016 2583/3120/3014 2594/3123/3017
f 2594/3123/3017 2583/3120/3014 2593/3080/2974
f 2594/3123/3017 2593/3080/2974 2604/3079/2973
f 2575/2826/2750 2565/3121/3015 2566/3097/2991
f 2566/3097/2991 2565/3121/3015 2585/3124/3018
f 2566/3097/2991 2585/3124/3018 2586/3095/2989
f 2586/3095/2989 2585/3124/3018 2596/3125/3019
f 2586/3095/2989 2596/3125/3019 2597/3093/2987
f 2597/3093/2987 2596/3125/3019 2607/3126/3020
f 2597/3093/2987 2607/3126/3020 2608/3091/2985
f 2608/3091/2985 2607/3126/3020 2617/3127/3021
f 2608/3091/2985 2617/3127/3021 2618/3089/2983
f 2618/3089/2983 2617/3127/3021 2489/3087/2981
f 2585/3124/3018 2565/3121/3015 2584/3122/3016
f 2585/3124/3018 2584/3122/3016 2595/3128/3022
f 2595/3128/3022 2584/3122/3016 2594/3123/3017
f 2595/3128/3022 2594/3123/3017 2605/3129/3023
f 2605/3129/3023 2594/3123/3017 2604/3079/2973
f 2605/3129/3023 2604/3079/2973 2614/3078/2972
f 2585/3124/3018 2595/3128/3022 2596/3125/3019
f 2596/3125/3019 2595/3128/3022 2606/3130/3024
f 2596/3125/3019 2606/3130/3024 2607/3126/3020
f 2607/3126/3020 2606/3130/3024 2616/3131/3025
f 2607/3126/3020 2616/3131/3025 2617/3127/3021
f 2617/3127/3021 2616/3131/3025 2629/3132/3026
f 2617/3127/3021 2629/3132/3026 2489/3087/2981
f 2489/3087/2981 2629/3132/3026 2628/3085/2979
f 2606/3130/3024 2595/3128/3022 2605/3129/3023
f 2590/2840/2761 2600/2842/2762 2601/3061/2955
f 2601/3061/2955 2600/2842/2762 2610/3042/2936
f 2601/3061/2955 2610/3042/2936 2611/3059/2953
f 2611/3059/2953 2610/3042/2936 2635/3041/2935
f 2611/3059/2953 2635/3041/2935 2634/3057/2951
f 2634/3057/2951 2635/3041/2935 2622/3040/2934
f 2634/3057/2951 2622/3040/2934 2623/3055/2949
f 2623/3055/2949 2622/3040/2934 2642/3039/2933
f 2623/3055/2949 2642/3039/2933 2643/3053/2947
f 2643/3053/2947 2642/3039/2933 2652/3038/2932
f 2643/3053/2947 2652/3038/2932 2653/3051/2945
f 2653/3051/2945 2652/3038/2932 2669/3037/2931
f 2653/3051/2945 2669/3037/2931 2668/3049/2943
f 2668/3049/2943 2669/3037/2931 2664/3036/2930
f 2668/3049/2943 2664/3036/2930 2665/3047/2941
f 2665/3047/2941 2664/3036/2930 2683/3035/2929
f 2665/3047/2941 2683/3035/2929 2684/3045/2939
f 2606/3130/3024 2605/3129/3023 2615/3133/3027
f 2615/3133/3027 2605/3129/3023 2614/3078/2972
f 2615/3133/3027 2614/3078/2972 2631/3077/2971
f 2606/3130/3024 2615/3133/3027 2616/3131/3025
f 2616/3131/3025 2615/3133/3027 2630/3134/3028
f 2616/3131/3025 2630/3134/3028 2629/3132/3026
f 2629/3132/3026 2630/3134/3028 2627/3135/3029
f 2629/3132/3026 2627/3135/3029 2628/3085/2979
f 2628/3085/2979 2627/3135/3029 2647/3083/2977
f 2630/3134/3028 2615/3133/3027 2631/3077/2971
f 2630/3134/3028 2631/3077/2971 2626/3076/2970
f 2630/3134/3028 2626/3076/2970 2627/3135/3029
f 2627/3135/3029 2626/3076/2970 2646/3075/2969
f 2627/3135/3029 2646/3075/2969 2647/3083/2977
f 2647/3083/2977 2646/3075/2969 2656/3074/2968
f 2675/2977/2879 2657/2984/2886 2658/2978/2880
f 2658/2978/2880 2657/2984/2886 2676/3136/3030
f 2658/2978/2880 2676/3136/3030 2677/2979/2881
f 2677/2979/2881 2676/3136/3030 2701/3137/3031
f 2677/2979/2881 2701/3137/3031 2700/2980/2882
f 2700/2980/2882 2701/3137/3031 2688/3138/3032
f 2700/2980/2882 2688/3138/3032 2689/2981/2883
f 2689/2981/2883 2688/3138/3032 2708/3139/3033
f 2689/2981/2883 2708/3139/3033 2709/2982/2884
f 2709/2982/2884 2708/3139/3033 2719/3140/3034
f 2709/2982/2884 2719/3140/3034 2720/2983/2885
f 2720/2983/2885 2719/3140/3034 2729/2875/2793
f 2720/2983/2885 2729/2875/2793 2730/2873/2791
f 2657/2984/2886 2484/2986/2887 2676/3136/3030
f 2676/3136/3030 2484/2986/2887 2702/3141/3035
f 2676/3136/3030 2702/3141/3035 2701/3137/3031
f 2701/3137/3031 2702/3141/3035 2687/3142/3036
f 2701/3137/3031 2687/3142/3036 2688/3138/3032
f 2688/3138/3032 2687/3142/3036 2707/3143/3037
f 2688/3138/3032 2707/3143/3037 2708/3139/3033
f 2708/3139/3033 2707/3143/3037 2718/3144/3038
f 2708/3139/3033 2718/3144/3038 2719/3140/3034
f 2719/3140/3034 2718/3144/3038 2728/2877/2795
f 2719/3140/3034 2728/2877/2795 2729/2875/2793
f 2685/2990/2889 2686/3145/3039 2703/2988/2888
f 2703/2988/2888 2686/3145/3039 2702/3141/3035
f 2703/2988/2888 2702/3141/3035 2484/2986/2887
f 2702/3141/3035 2686/3145/3039 2687/3142/3036
f 2687/3142/3036 2686/3145/3039 2706/3146/3040
f 2687/3142/3036 2706/3146/3040 2707/3143/3037
f 2707/3143/3037 2706/3146/3040 2717/3147/3041
f 2707/3143/3037 2717/3147/3041 2718/3144/3038
f 2718/3144/3038 2717/3147/3041 2727/2879/2797
f 2718/3144/3038 2727/2879/2797 2728/2877/2795
f 2686/3145/3039 2685/2990/2889 2705/3148/3042
f 2705/3148/3042 2685/2990/2889 2704/2992/2890
f 2705/3148/3042 2704/2992/2890 2715/3149/3043
f 2715/3149/3043 2704/2992/2890 2714/2994/2891
f 2715/3149/3043 2714/2994/2891 2724/2885/2803
f 2724/2885/2803 2714/2994/2891 2482/2887/2805
f 2686/3145/3039 2705/3148/3042 2706/3146/3040
f 2706/3146/3040 2705/3148/3042 2716/3150/3044
f 2706/3146/3040 2716/3150/3044 2717/3147/3041
f 2717/3147/3041 2716/3150/3044 2726/2881/2799
f 2717/3147/3041 2726/2881/2799 2727/2879/2797
f 2716/3150/3044 2705/3148/3042 2715/3149/3043
f 2724/2885/2803 2725/2883/2801 2715/3149/3043
f 2715/3149/3043 2725/2883/2801 2716/3150/3044
f 2725/2883/2801 2726/2881/2799 2716/3150/3044
f 2750/2886/2804 2751/2888/2806 2734/3151/3045
f 2734/3151/3045 2751/2888/2806 2733/2890/2807
f 2734/3151/3045 2733/2890/2807 2753/3152/3046
f 2753/3152/3046 2733/2890/2807 2752/2892/2808
f 2753/3152/3046 2752/2892/2808 2763/2997/2892
f 2763/2997/2892 2752/2892/2808 2762/2894/2809
f 2749/2884/2802 2750/2886/2804 2735/3153/3047
f 2735/3153/3047 2750/2886/2804 2734/3151/3045
f 2735/3153/3047 2734/3151/3045 2754/3154/3048
f 2754/3154/3048 2734/3151/3045 2753/3152/3046
f 2754/3154/3048 2753/3152/3046 2764/2999/2894
f 2764/2999/2894 2753/3152/3046 2763/2997/2892
f 2748/2882/2800 2749/2884/2802 2736/3155/3049
f 2736/3155/3049 2749/2884/2802 2735/3153/3047
f 2736/3155/3049 2735/3153/3047 2755/3156/3050
f 2755/3156/3050 2735/3153/3047 2754/3154/3048
f 2755/3156/3050 2754/3154/3048 2765/3001/2896
f 2765/3001/2896 2754/3154/3048 2764/2999/2894
f 2747/2880/2798 2748/2882/2800 2737/3157/3051
f 2737/3157/3051 2748/2882/2800 2736/3155/3049
f 2737/3157/3051 2736/3155/3049 2756/3158/3052
f 2756/3158/3052 2736/3155/3049 2755/3156/3050
f 2756/3158/3052 2755/3156/3050 2766/3003/2898
f 2766/3003/2898 2755/3156/3050 2765/3001/2896
f 2746/2878/2796 2747/2880/2798 2738/3159/3053
f 2738/3159/3053 2747/2880/2798 2737/3157/3051
f 2738/3159/3053 2737/3157/3051 2757/3160/3054
f 2757/3160/3054 2737/3157/3051 2756/3158/3052
f 2757/3160/3054 2756/3158/3052 2767/3005/2900
f 2767/3005/2900 2756/3158/3052 2766/3003/2898
f 2745/2876/2794 2746/2878/2796 2739/3161/3055
f 2739/3161/3055 2746/2878/2796 2738/3159/3053
f 2739/3161/3055 2738/3159/3053 2758/3162/3056
f 2758/3162/3056 2738/3159/3053 2757/3160/3054
f 2758/3162/3056 2757/3160/3054 2768/3007/2902
f 2768/3007/2902 2757/3160/3054 2767/3005/2900
f 2744/2874/2792 2745/2876/2794 2740/3013/2908
f 2740/3013/2908 2745/2876/2794 2739/3161/3055
f 2740/3013/2908 2739/3161/3055 2759/3011/2906
f 2759/3011/2906 2739/3161/3055 2758/3162/3056
f 2759/3011/2906 2758/3162/3056 2769/3009/2904
f 2769/3009/2904 2758/3162/3056 2768/3007/2902
f 13/3163/26 12/3164/25 2802/3165/3057
f 2802/3165/3057 12/3164/25 2772/3166/3058
f 2802/3165/3057 2772/3166/3058 2801/3167/3059
f 2801/3167/3059 2772/3166/3058 2773/3168/3060
f 2801/3167/3059 2773/3168/3060 2800/3169/3061
f 2800/3169/3061 2773/3168/3060 2774/3170/3062
f 2800/3169/3061 2774/3170/3062 2799/3171/3063
f 2799/3171/3063 2774/3170/3062 2798/3172/3064
f 2799/3171/3063 2798/3172/3064 2817/3173/3065
f 2817/3173/3065 2798/3172/3064 2816/3174/3066
f 2817/3173/3065 2816/3174/3066 2835/3175/3067
f 2835/3175/3067 2816/3174/3066 2834/3176/3068
f 2835/3175/3067 2834/3176/3068 2854/3177/3069
f 2854/3177/3069 2834/3176/3068 2853/3178/3070
f 2854/3177/3069 2853/3178/3070 2873/3179/3071
f 2873/3179/3071 2853/3178/3070 2872/3180/3072
f 2873/3179/3071 2872/3180/3072 2891/3181/3073
f 2891/3181/3073 2872/3180/3072 2890/3182/3074
f 2891/3181/3073 2890/3182/3074 2910/3183/3075
f 2910/3183/3075 2890/3182/3074 2909/3184/3076
f 2910/3183/3075 2909/3184/3076 2929/3185/3077
f 2929/3185/3077 2909/3184/3076 2928/3186/3078
f 2929/3185/3077 2928/3186/3078 2476/3187/3079
f 2476/3187/3079 2928/3186/3078 2927/3188/3080
f 2476/3187/3079 2927/3188/3080 2477/3189/3081
f 2477/3189/3081 2927/3188/3080 2926/3190/3082
f 2477/3189/3081 2926/3190/3082 2925/3191/3083
f 2925/3191/3083 2926/3190/3082 2906/3192/3084
f 2925/3191/3083 2906/3192/3084 2905/3193/3085
f 2905/3193/3085 2906/3192/3084 2886/3194/3086
f 2905/3193/3085 2886/3194/3086 2885/3195/3087
f 2885/3195/3087 2886/3194/3086 2867/3196/3088
f 2885/3195/3087 2867/3196/3088 2866/3197/3089
f 2866/3197/3089 2867/3196/3088 2847/3198/3090
f 2866/3197/3089 2847/3198/3090 2846/3199/3091
f 2846/3199/3091 2847/3198/3090 2827/3200/3092
f 2846/3199/3091 2827/3200/3092 2826/3201/3093
f 2826/3201/3093 2827/3200/3092 2808/3202/3094
f 2826/3201/3093 2808/3202/3094 2807/3203/3095
f 2807/3203/3095 2808/3202/3094 2789/3204/3096
f 2807/3203/3095 2789/3204/3096 2788/3205/3097
f 2788/3205/3097 2789/3204/3096 2780/3206/3098
f 2788/3205/3097 2780/3206/3098 2787/3207/3099
f 2787/3207/3099 2780/3206/3098 2781/3208/3100
f 2787/3207/3099 2781/3208/3100 2786/3209/3101
f 2786/3209/3101 2781/3208/3100 2782/3210/3102
f 2786/3209/3101 2782/3210/3102 2785/3211/3103
f 2785/3211/3103 2782/3210/3102 2784/3212/3104
f 2785/3211/3103 2784/3212/3104 2803/3213/3105
f 2803/3213/3105 2784/3212/3104 924/3214/3106
f 2803/3213/3105 924/3214/3106 923/3215/3107
f 2774/3170/3062 2775/3216/3108 2798/3172/3064
f 2798/3172/3064 2775/3216/3108 2797/3217/3109
f 2798/3172/3064 2797/3217/3109 2816/3174/3066
f 2816/3174/3066 2797/3217/3109 2815/3218/3110
f 2816/3174/3066 2815/3218/3110 2834/3176/3068
f 2834/3176/3068 2815/3218/3110 2833/3219/3111
f 2834/3176/3068 2833/3219/3111 2853/3178/3070
f 2853/3178/3070 2833/3219/3111 2852/3220/3112
f 2853/3178/3070 2852/3220/3112 2872/3180/3072
f 2872/3180/3072 2852/3220/3112 2871/3221/3113
f 2872/3180/3072 2871/3221/3113 2890/3182/3074
f 2890/3182/3074 2871/3221/3113 2889/3222/3114
f 2890/3182/3074 2889/3222/3114 2909/3184/3076
f 2909/3184/3076 2889/3222/3114 2908/3223/3115
f 2909/3184/3076 2908/3223/3115 2928/3186/3078
f 2928/3186/3078 2908/3223/3115 2927/3188/3080
f 2797/3217/3109 2775/3216/3108 2796/3224/3116
f 2796/3224/3116 2775/3216/3108 2776/3225/3117
f 2796/3224/3116 2776/3225/3117 2795/3226/3118
f 2795/3226/3118 2776/3225/3117 2794/3227/3119
f 2795/3226/3118 2794/3227/3119 2813/3228/3120
f 2813/3228/3120 2794/3227/3119 2812/3229/3121
f 2813/3228/3120 2812/3229/3121 2831/3230/3122
f 2831/3230/3122 2812/3229/3121 2830/3231/3123
f 2831/3230/3122 2830/3231/3123 2850/3232/3124
f 2850/3232/3124 2830/3231/3123 2849/3233/3125
f 2850/3232/3124 2849/3233/3125 2869/3234/3126
f 2869/3234/3126 2849/3233/3125 2868/3235/3127
f 2869/3234/3126 2868/3235/3127 2887/3236/3128
f 2887/3236/3128 2868/3235/3127 2886/3194/3086
f 2887/3236/3128 2886/3194/3086 2906/3192/3084
f 2776/3225/3117 2777/3237/3129 2794/3227/3119
f 2794/3227/3119 2777/3237/3129 2793/3238/3130
f 2794/3227/3119 2793/3238/3130 2812/3229/3121
f 2812/3229/3121 2793/3238/3130 2811/3239/3131
f 2812/3229/3121 2811/3239/3131 2830/3231/3123
f 2830/3231/3123 2811/3239/3131 2829/3240/3132
f 2830/3231/3123 2829/3240/3132 2849/3233/3125
f 2849/3233/3125 2829/3240/3132 2848/3241/3133
f 2849/3233/3125 2848/3241/3133 2868/3235/3127
f 2868/3235/3127 2848/3241/3133 2867/3196/3088
f 2868/3235/3127 2867/3196/3088 2886/3194/3086
f 2793/3238/3130 2777/3237/3129 2792/3242/3134
f 2792/3242/3134 2777/3237/3129 2778/3243/3135
f 2792/3242/3134 2778/3243/3135 2791/3244/3136
f 2791/3244/3136 2778/3243/3135 2779/3245/3137
f 2791/3244/3136 2779/3245/3137 2790/3246/3138
f 2790/3246/3138 2779/3245/3137 2789/3204/3096
f 2790/3246/3138 2789/3204/3096 2808/3202/3094
f 2779/3245/3137 2780/3206/3098 2789/3204/3096
f 2782/3210/3102 178/3247/198 2784/3212/3104
f 2784/3212/3104 178/3247/198 925/3248/3139
f 2784/3212/3104 925/3248/3139 924/3214/3106
f 2803/3213/3105 923/3215/3107 2822/3249/3140
f 2822/3249/3140 923/3215/3107 922/3250/3141
f 2822/3249/3140 922/3250/3141 2841/3251/3142
f 2841/3251/3142 922/3250/3141 921/3252/3143
f 2841/3251/3142 921/3252/3143 2860/3253/3144
f 2860/3253/3144 921/3252/3143 920/3254/3145
f 2860/3253/3144 920/3254/3145 2878/3255/3146
f 2878/3255/3146 920/3254/3145 919/3256/3147
f 2878/3255/3146 919/3256/3147 2897/3257/3148
f 2897/3257/3148 919/3256/3147 918/3258/3149
f 2897/3257/3148 918/3258/3149 2916/3259/3150
f 2916/3259/3150 918/3258/3149 917/3260/3151
f 2916/3259/3150 917/3260/3151 916/3261/1721
f 916/3261/1721 2481/3262/3152 2916/3259/3150
f 2916/3259/3150 2481/3262/3152 2917/3263/3153
f 2916/3259/3150 2917/3263/3153 2897/3257/3148
f 2897/3257/3148 2917/3263/3153 2898/3264/3154
f 2897/3257/3148 2898/3264/3154 2878/3255/3146
f 2878/3255/3146 2898/3264/3154 2879/3265/3155
f 2878/3255/3146 2879/3265/3155 2860/3253/3144
f 2860/3253/3144 2879/3265/3155 2861/3266/3156
f 2860/3253/3144 2861/3266/3156 2841/3251/3142
f 2841/3251/3142 2861/3266/3156 2842/3267/3157
f 2841/3251/3142 2842/3267/3157 2822/3249/3140
f 2822/3249/3140 2842/3267/3157 2823/3268/3158
f 2822/3249/3140 2823/3268/3158 2804/3269/3159
f 2804/3269/3159 2823/3268/3158 2805/3270/3160
f 2804/3269/3159 2805/3270/3160 2786/3209/3101
f 2786/3209/3101 2805/3270/3160 2787/3207/3099
f 2917/3263/3153 2481/3262/3152 2918/3271/3161
f 2918/3271/3161 2481/3262/3152 2480/3272/3162
f 2918/3271/3161 2480/3272/3162 2919/3273/3163
f 2919/3273/3163 2480/3272/3162 2920/3274/3164
f 2919/3273/3163 2920/3274/3164 2900/3275/3165
f 2900/3275/3165 2920/3274/3164 2901/3276/3166
f 2900/3275/3165 2901/3276/3166 2881/3277/3167
f 2881/3277/3167 2901/3276/3166 2882/3278/3168
f 2881/3277/3167 2882/3278/3168 2863/3279/3169
f 2863/3279/3169 2882/3278/3168 2864/3280/3170
f 2863/3279/3169 2864/3280/3170 2844/3281/3171
f 2844/3281/3171 2864/3280/3170 2845/3282/3172
f 2844/3281/3171 2845/3282/3172 2825/3283/3173
f 2825/3283/3173 2845/3282/3172 2826/3201/3093
f 2825/3283/3173 2826/3201/3093 2807/3203/3095
f 2920/3274/3164 2480/3272/3162 2921/3284/3174
f 2921/3284/3174 2480/3272/3162 2479/3285/3175
f 2921/3284/3174 2479/3285/3175 2922/3286/3176
f 2922/3286/3176 2479/3285/3175 2923/3287/3177
f 2922/3286/3176 2923/3287/3177 2903/3288/3178
f 2903/3288/3178 2923/3287/3177 2904/3289/3179
f 2903/3288/3178 2904/3289/3179 2884/3290/3180
f 2884/3290/3180 2904/3289/3179 2885/3195/3087
f 2884/3290/3180 2885/3195/3087 2866/3197/3089
f 2479/3285/3175 2478/3291/3181 2923/3287/3177
f 2923/3287/3177 2478/3291/3181 2924/3292/3182
f 2923/3287/3177 2924/3292/3182 2904/3289/3179
f 2904/3289/3179 2924/3292/3182 2905/3193/3085
f 2904/3289/3179 2905/3193/3085 2885/3195/3087
f 2924/3292/3182 2478/3291/3181 2925/3191/3083
f 2925/3191/3083 2478/3291/3181 2477/3189/3081
f 2929/3185/3077 2476/3187/3079 2930/3293/3183
f 2930/3293/3183 2476/3187/3079 2475/3294/3184
f 2930/3293/3183 2475/3294/3184 2931/3295/3185
f 2931/3295/3185 2475/3294/3184 2932/3296/3186
f 2931/3295/3185 2932/3296/3186 2912/3297/3187
f 2912/3297/3187 2932/3296/3186 2913/3298/3188
f 2912/3297/3187 2913/3298/3188 2893/3299/3189
f 2893/3299/3189 2913/3298/3188 2894/3300/3190
f 2893/3299/3189 2894/3300/3190 2875/3301/3191
f 2875/3301/3191 2894/3300/3190 2876/3302/3192
f 2875/3301/3191 2876/3302/3192 2856/3303/3193
f 2856/3303/3193 2876/3302/3192 2857/3304/3194
f 2856/3303/3193 2857/3304/3194 2837/3305/3195
f 2837/3305/3195 2857/3304/3194 2838/3306/3196
f 2837/3305/3195 2838/3306/3196 2819/3307/3197
f 2819/3307/3197 2838/3306/3196 2820/3308/3198
f 2819/3307/3197 2820/3308/3198 2801/3167/3059
f 2801/3167/3059 2820/3308/3198 2802/3165/3057
f 2475/3294/3184 2474/3309/3199 2932/3296/3186
f 2932/3296/3186 2474/3309/3199 2933/3310/3200
f 2932/3296/3186 2933/3310/3200 2913/3298/3188
f 2913/3298/3188 2933/3310/3200 2914/3311/3201
f 2913/3298/3188 2914/3311/3201 2894/3300/3190
f 2894/3300/3190 2914/3311/3201 2895/3312/3202
f 2894/3300/3190 2895/3312/3202 2876/3302/3192
f 2876/3302/3192 2895/3312/3202 2877/3313/3203
f 2876/3302/3192 2877/3313/3203 2857/3304/3194
f 2857/3304/3194 2877/3313/3203 2858/3314/3204
f 2857/3304/3194 2858/3314/3204 2838/3306/3196
f 2838/3306/3196 2858/3314/3204 2839/3315/3205
f 2838/3306/3196 2839/3315/3205 2820/3308/3198
f 2820/3308/3198 2839/3315/3205 2821/3316/3206
f 2820/3308/3198 2821/3316/3206 2802/3165/3057
f 2802/3165/3057 2821/3316/3206 13/3163/26
f 2933/3310/3200 2474/3309/3199 2934/3317/3207
f 2934/3317/3207 2474/3309/3199 20/3318/33
f 2934/3317/3207 20/3318/33 19/3319/32
f 19/3319/32 18/3320/31 2934/3317/3207
f 2934/3317/3207 18/3320/31 2915/3321/3208
f 2934/3317/3207 2915/3321/3208 2914/3311/3201
f 2914/3311/3201 2915/3321/3208 2895/3312/3202
f 18/3320/31 17/3322/30 2915/3321/3208
f 2915/3321/3208 17/3322/30 2896/3323/3209
f 2915/3321/3208 2896/3323/3209 2895/3312/3202
f 2895/3312/3202 2896/3323/3209 2877/3313/3203
f 17/3322/30 16/3324/29 2896/3323/3209
f 2896/3323/3209 16/3324/29 2783/3325/3210
f 2896/3323/3209 2783/3325/3210 2877/3313/3203
f 2877/3313/3203 2783/3325/3210 2858/3314/3204
f 16/3324/29 15/3326/28 2783/3325/3210
f 2783/3325/3210 15/3326/28 2859/3327/3211
f 2783/3325/3210 2859/3327/3211 2858/3314/3204
f 2858/3314/3204 2859/3327/3211 2839/3315/3205
f 2859/3327/3211 15/3326/28 2840/3328/3212
f 2840/3328/3212 15/3326/28 14/3329/27
f 2840/3328/3212 14/3329/27 2821/3316/3206
f 2821/3316/3206 14/3329/27 13/3163/26
f 2804/3269/3159 2786/3209/3101 2785/3211/3103
f 2804/3269/3159 2785/3211/3103 2803/3213/3105
f 2788/3205/3097 2787/3207/3099 2806/3330/3213
f 2806/3330/3213 2787/3207/3099 2805/3270/3160
f 2806/3330/3213 2805/3270/3160 2824/3331/3214
f 2824/3331/3214 2805/3270/3160 2823/3268/3158
f 2824/3331/3214 2823/3268/3158 2843/3332/3215
f 2843/3332/3215 2823/3268/3158 2842/3267/3157
f 2843/3332/3215 2842/3267/3157 2862/3333/3216
f 2862/3333/3216 2842/3267/3157 2861/3266/3156
f 2862/3333/3216 2861/3266/3156 2880/3334/3217
f 2880/3334/3217 2861/3266/3156 2879/3265/3155
f 2880/3334/3217 2879/3265/3155 2899/3335/3218
f 2899/3335/3218 2879/3265/3155 2898/3264/3154
f 2899/3335/3218 2898/3264/3154 2918/3271/3161
f 2918/3271/3161 2898/3264/3154 2917/3263/3153
f 2791/3244/3136 2790/3246/3138 2809/3336/3219
f 2809/3336/3219 2790/3246/3138 2808/3202/3094
f 2809/3336/3219 2808/3202/3094 2827/3200/3092
f 2811/3239/3131 2793/3238/3130 2792/3242/3134
f 2792/3242/3134 2791/3244/3136 2810/3337/3220
f 2810/3337/3220 2791/3244/3136 2809/3336/3219
f 2810/3337/3220 2809/3336/3219 2828/3338/3221
f 2828/3338/3221 2809/3336/3219 2827/3200/3092
f 2828/3338/3221 2827/3200/3092 2847/3198/3090
f 2815/3218/3110 2797/3217/3109 2796/3224/3116
f 2796/3224/3116 2795/3226/3118 2814/3339/3222
f 2814/3339/3222 2795/3226/3118 2813/3228/3120
f 2814/3339/3222 2813/3228/3120 2832/3340/3223
f 2832/3340/3223 2813/3228/3120 2831/3230/3122
f 2832/3340/3223 2831/3230/3122 2851/3341/3224
f 2851/3341/3224 2831/3230/3122 2850/3232/3124
f 2851/3341/3224 2850/3232/3124 2870/3342/3225
f 2870/3342/3225 2850/3232/3124 2869/3234/3126
f 2870/3342/3225 2869/3234/3126 2888/3343/3226
f 2888/3343/3226 2869/3234/3126 2887/3236/3128
f 2888/3343/3226 2887/3236/3128 2907/3344/3227
f 2907/3344/3227 2887/3236/3128 2906/3192/3084
f 2907/3344/3227 2906/3192/3084 2926/3190/3082
f 2819/3307/3197 2801/3167/3059 2800/3169/3061
f 2800/3169/3061 2799/3171/3063 2818/3345/3228
f 2818/3345/3228 2799/3171/3063 2817/3173/3065
f 2818/3345/3228 2817/3173/3065 2836/3346/3229
f 2836/3346/3229 2817/3173/3065 2835/3175/3067
f 2836/3346/3229 2835/3175/3067 2855/3347/3230
f 2855/3347/3230 2835/3175/3067 2854/3177/3069
f 2855/3347/3230 2854/3177/3069 2874/3348/3231
f 2874/3348/3231 2854/3177/3069 2873/3179/3071
f 2874/3348/3231 2873/3179/3071 2892/3349/3232
f 2892/3349/3232 2873/3179/3071 2891/3181/3073
f 2892/3349/3232 2891/3181/3073 2911/3350/3233
f 2911/3350/3233 2891/3181/3073 2910/3183/3075
f 2911/3350/3233 2910/3183/3075 2930/3293/3183
f 2930/3293/3183 2910/3183/3075 2929/3185/3077
f 2822/3249/3140 2804/3269/3159 2803/3213/3105
f 2825/3283/3173 2807/3203/3095 2806/3330/3213
f 2806/3330/3213 2807/3203/3095 2788/3205/3097
f 2825/3283/3173 2806/3330/3213 2824/3331/3214
f 2829/3240/3132 2811/3239/3131 2810/3337/3220
f 2810/3337/3220 2811/3239/3131 2792/3242/3134
f 2829/3240/3132 2810/3337/3220 2828/3338/3221
f 2833/3219/3111 2815/3218/3110 2814/3339/3222
f 2814/3339/3222 2815/3218/3110 2796/3224/3116
f 2833/3219/3111 2814/3339/3222 2832/3340/3223
f 2837/3305/3195 2819/3307/3197 2818/3345/3228
f 2818/3345/3228 2819/3307/3197 2800/3169/3061
f 2837/3305/3195 2818/3345/3228 2836/3346/3229
f 2840/3328/3212 2821/3316/3206 2839/3315/3205
f 2844/3281/3171 2825/3283/3173 2824/3331/3214
f 2844/3281/3171 2824/3331/3214 2843/3332/3215
f 2846/3199/3091 2826/3201/3093 2845/3282/3172
f 2848/3241/3133 2829/3240/3132 2828/3338/3221
f 2848/3241/3133 2828/3338/3221 2847/3198/3090
f 2852/3220/3112 2833/3219/3111 2832/3340/3223
f 2852/3220/3112 2832/3340/3223 2851/3341/3224
f 2856/3303/3193 2837/3305/3195 2836/3346/3229
f 2856/3303/3193 2836/3346/3229 2855/3347/3230
f 2859/3327/3211 2840/3328/3212 2839/3315/3205
f 2863/3279/3169 2844/3281/3171 2843/3332/3215
f 2863/3279/3169 2843/3332/3215 2862/3333/3216
f 2846/3199/3091 2845/3282/3172 2865/3351/3234
f 2865/3351/3234 2845/3282/3172 2864/3280/3170
f 2865/3351/3234 2864/3280/3170 2883/3352/3235
f 2883/3352/3235 2864/3280/3170 2882/3278/3168
f 2883/3352/3235 2882/3278/3168 2902/3353/3236
f 2902/3353/3236 2882/3278/3168 2901/3276/3166
f 2902/3353/3236 2901/3276/3166 2921/3284/3174
f 2921/3284/3174 2901/3276/3166 2920/3274/3164
f 2867/3196/3088 2848/3241/3133 2847/3198/3090
f 2871/3221/3113 2852/3220/3112 2851/3341/3224
f 2871/3221/3113 2851/3341/3224 2870/3342/3225
f 2875/3301/3191 2856/3303/3193 2855/3347/3230
f 2875/3301/3191 2855/3347/3230 2874/3348/3231
f 2881/3277/3167 2863/3279/3169 2862/3333/3216
f 2881/3277/3167 2862/3333/3216 2880/3334/3217
f 2884/3290/3180 2866/3197/3089 2865/3351/3234
f 2865/3351/3234 2866/3197/3089 2846/3199/3091
f 2884/3290/3180 2865/3351/3234 2883/3352/3235
f 2889/3222/3114 2871/3221/3113 2870/3342/3225
f 2889/3222/3114 2870/3342/3225 2888/3343/3226
f 2893/3299/3189 2875/3301/3191 2874/3348/3231
f 2893/3299/3189 2874/3348/3231 2892/3349/3232
f 2900/3275/3165 2881/3277/3167 2880/3334/3217
f 2900/3275/3165 2880/3334/3217 2899/3335/3218
f 2903/3288/3178 2884/3290/3180 2883/3352/3235
f 2903/3288/3178 2883/3352/3235 2902/3353/3236
f 2908/3223/3115 2889/3222/3114 2888/3343/3226
f 2908/3223/3115 2888/3343/3226 2907/3344/3227
f 2912/3297/3187 2893/3299/3189 2892/3349/3232
f 2912/3297/3187 2892/3349/3232 2911/3350/3233
f 2919/3273/3163 2900/3275/3165 2899/3335/3218
f 2919/3273/3163 2899/3335/3218 2918/3271/3161
f 2922/3286/3176 2903/3288/3178 2902/3353/3236
f 2922/3286/3176 2902/3353/3236 2921/3284/3174
f 2925/3191/3083 2905/3193/3085 2924/3292/3182
f 2927/3188/3080 2908/3223/3115 2907/3344/3227
f 2927/3188/3080 2907/3344/3227 2926/3190/3082
f 2931/3295/3185 2912/3297/3187 2911/3350/3233
f 2931/3295/3185 2911/3350/3233 2930/3293/3183
f 2934/3317/3207 2914/3311/3201 2933/3310/3200
f 2473/3354/3237 2946/3355/3238 48/3356/3239
f 48/3356/3239 2946/3355/3238 2945/3357/3240
f 48/3356/3239 2945/3357/3240 2455/3358/3241
f 2455/3358/3241 2945/3357/3240 2963/3359/3242
f 2455/3358/3241 2963/3359/3242 2456/3360/3243
f 2456/3360/3243 2963/3359/3242 2977/3361/3244
f 2456/3360/3243 2977/3361/3244 2457/3362/3245
f 2457/3362/3245 2977/3361/3244 2978/3363/3246
f 2457/3362/3245 2978/3363/3246 2458/3364/3247
f 2458/3364/3247 2978/3363/3246 2993/3365/3248
f 2458/3364/3247 2993/3365/3248 2459/3366/3249
f 2459/3366/3249 2993/3365/3248 2994/3367/3250
f 2459/3366/3249 2994/3367/3250 2460/3368/3251
f 2460/3368/3251 2994/3367/3250 3008/3369/3252
f 2460/3368/3251 3008/3369/3252 2461/3370/3253
f 2461/3370/3253 3008/3369/3252 3014/3371/3254
f 2461/3370/3253 3014/3371/3254 2462/3372/3255
f 2462/3372/3255 3014/3371/3254 3019/3373/3256
f 2462/3372/3255 3019/3373/3256 2463/3374/3257
f 2463/3374/3257 3019/3373/3256 3023/3375/3258
f 2463/3374/3257 3023/3375/3258 2464/3376/3259
f 2464/3376/3259 3023/3375/3258 3025/3377/3260
f 2464/3376/3259 3025/3377/3260 2465/3378/3261
f 2465/3378/3261 3025/3377/3260 1891/3379/3262
f 2465/3378/3261 1891/3379/3262 1890/3380/3263
f 2473/3354/3237 2472/3381/3264 2946/3355/3238
f 2946/3355/3238 2472/3381/3264 2947/3382/3265
f 2946/3355/3238 2947/3382/3265 2945/3357/3240
f 2945/3357/3240 2947/3382/3265 2944/3383/3266
f 2945/3357/3240 2944/3383/3266 2963/3359/3242
f 2963/3359/3242 2944/3383/3266 2964/3384/3267
f 2963/3359/3242 2964/3384/3267 2977/3361/3244
f 2977/3361/3244 2964/3384/3267 2976/3385/3268
f 2977/3361/3244 2976/3385/3268 2978/3363/3246
f 2978/3363/3246 2976/3385/3268 2979/3386/3269
f 2978/3363/3246 2979/3386/3269 2993/3365/3248
f 2993/3365/3248 2979/3386/3269 2992/3387/3270
f 2993/3365/3248 2992/3387/3270 2994/3367/3250
f 2994/3367/3250 2992/3387/3270 2995/3388/3271
f 2994/3367/3250 2995/3388/3271 3008/3369/3252
f 3008/3369/3252 2995/3388/3271 3007/3389/3272
f 3008/3369/3252 3007/3389/3272 3014/3371/3254
f 3014/3371/3254 3007/3389/3272 3013/3390/3273
f 3014/3371/3254 3013/3390/3273 3019/3373/3256
f 3019/3373/3256 3013/3390/3273 3018/3391/3274
f 3019/3373/3256 3018/3391/3274 3023/3375/3258
f 3023/3375/3258 3018/3391/3274 3022/3392/3275
f 3023/3375/3258 3022/3392/3275 3025/3377/3260
f 3025/3377/3260 3022/3392/3275 3024/3393/3276
f 3025/3377/3260 3024/3393/3276 1892/3394/3277
f 1892/3394/3277 3024/3393/3276 1893/3395/3278
f 1893/3395/3278 3024/3393/3276 3022/3392/3275
f 1893/3395/3278 3022/3392/3275 3021/3396/3279
f 3021/3396/3279 3022/3392/3275 3017/3397/3280
f 3021/3396/3279 3017/3397/3280 3016/3398/3281
f 3016/3398/3281 3017/3397/3280 3011/3399/3282
f 3016/3398/3281 3011/3399/3282 3010/3400/3283
f 3010/3400/3283 3011/3399/3282 3004/3401/3284
f 3010/3400/3283 3004/3401/3284 3003/3402/3285
f 3003/3402/3285 3004/3401/3284 2999/3403/3286
f 3003/3402/3285 2999/3403/3286 3000/3404/3287
f 3000/3404/3287 2999/3403/3286 2987/3405/3288
f 3000/3404/3287 2987/3405/3288 2986/3406/3289
f 2986/3406/3289 2987/3405/3288 2985/3407/3290
f 2986/3406/3289 2985/3407/3290 1900/3408/3291
f 1900/3408/3291 2985/3407/3290 2935/3409/3292
f 1900/3408/3291 2935/3409/3292 1901/3410/3293
f 1901/3410/3293 2935/3409/3292 2970/3411/3294
f 1901/3410/3293 2970/3411/3294 2936/3412/3295
f 2936/3412/3295 2970/3411/3294 2969/3413/3296
f 2936/3412/3295 2969/3413/3296 2939/3414/3297
f 2939/3414/3297 2969/3413/3296 2968/3415/3298
f 2939/3414/3297 2968/3415/3298 2940/3416/3299
f 2940/3416/3299 2968/3415/3298 2967/3417/3300
f 2940/3416/3299 2967/3417/3300 2941/3418/3301
f 2941/3418/3301 2967/3417/3300 2966/3419/3302
f 2941/3418/3301 2966/3419/3302 2942/3420/3303
f 2942/3420/3303 2966/3419/3302 2965/3421/3304
f 2942/3420/3303 2965/3421/3304 2943/3422/3305
f 2943/3422/3305 2965/3421/3304 2964/3384/3267
f 2943/3422/3305 2964/3384/3267 2944/3383/3266
f 2472/3381/3264 2471/3423/3306 2947/3382/3265
f 2947/3382/3265 2471/3423/3306 2948/3424/3307
f 2947/3382/3265 2948/3424/3307 2944/3383/3266
f 2944/3383/3266 2948/3424/3307 2943/3422/3305
f 2948/3424/3307 2471/3423/3306 2949/3425/3308
f 2949/3425/3308 2471/3423/3306 2470/3426/3309
f 2949/3425/3308 2470/3426/3309 2954/3427/3310
f 2954/3427/3310 2470/3426/3309 2469/3428/3311
f 2954/3427/3310 2469/3428/3311 2955/3429/3312
f 2955/3429/3312 2469/3428/3311 2468/3430/3313
f 2955/3429/3312 2468/3430/3313 2956/3431/3314
f 2956/3431/3314 2468/3430/3313 2959/3432/3315
f 2956/3431/3314 2959/3432/3315 2960/3433/3316
f 2960/3433/3316 2959/3432/3315 2467/3434/3317
f 2960/3433/3316 2467/3434/3317 2961/3435/3318
f 2961/3435/3318 2467/3434/3317 2466/3436/3319
f 2961/3435/3318 2466/3436/3319 2962/3437/3320
f 2962/3437/3320 2466/3436/3319 2938/3438/3321
f 2962/3437/3320 2938/3438/3321 1903/3439/3322
f 1903/3439/3322 2938/3438/3321 1272/3440/1676
f 1272/3440/1676 2938/3438/3321 2466/3436/3319
f 2468/3430/3313 2467/3434/3317 2959/3432/3315
f 2962/3437/3320 1903/3439/3322 2937/3441/3323
f 2937/3441/3323 1903/3439/3322 1902/3442/3324
f 2937/3441/3323 1902/3442/3324 2958/3443/3325
f 2958/3443/3325 1902/3442/3324 2953/3444/3326
f 2958/3443/3325 2953/3444/3326 2952/3445/3327
f 2952/3445/3327 2953/3444/3326 2939/3414/3297
f 2952/3445/3327 2939/3414/3297 2940/3416/3299
f 2953/3444/3326 1902/3442/3324 2936/3412/3295
f 2936/3412/3295 1902/3442/3324 1901/3410/3293
f 2986/3406/3289 1900/3408/3291 3001/3446/3328
f 3001/3446/3328 1900/3408/3291 1899/3447/3329
f 3001/3446/3328 1899/3447/3329 3000/3404/3287
f 3000/3404/3287 1899/3447/3329 3002/3448/3330
f 3000/3404/3287 3002/3448/3330 3003/3402/3285
f 3003/3402/3285 3002/3448/3330 3009/3449/3331
f 3003/3402/3285 3009/3449/3331 3010/3400/3283
f 3010/3400/3283 3009/3449/3331 3015/3450/3332
f 3010/3400/3283 3015/3450/3332 3016/3398/3281
f 3016/3398/3281 3015/3450/3332 1895/3451/3333
f 3016/3398/3281 1895/3451/3333 3020/3452/3334
f 3020/3452/3334 1895/3451/3333 1894/3453/3335
f 3020/3452/3334 1894/3453/3335 3021/3396/3279
f 3021/3396/3279 1894/3453/3335 1893/3395/3278
f 1899/3447/3329 1898/3454/3336 3002/3448/3330
f 3002/3448/3330 1898/3454/3336 1897/3455/3337
f 3002/3448/3330 1897/3455/3337 3009/3449/3331
f 3009/3449/3331 1897/3455/3337 1896/3456/3338
f 3009/3449/3331 1896/3456/3338 3015/3450/3332
f 3015/3450/3332 1896/3456/3338 1895/3451/3333
f 1892/3394/3277 1891/3379/3262 3025/3377/3260
f 2936/3412/3295 2939/3414/3297 2953/3444/3326
f 2940/3416/3299 2941/3418/3301 2951/3457/3339
f 2951/3457/3339 2941/3418/3301 2950/3458/3340
f 2951/3457/3339 2950/3458/3340 2956/3431/3314
f 2956/3431/3314 2950/3458/3340 2955/3429/3312
f 2941/3418/3301 2942/3420/3303 2950/3458/3340
f 2950/3458/3340 2942/3420/3303 2949/3425/3308
f 2950/3458/3340 2949/3425/3308 2955/3429/3312
f 2955/3429/3312 2949/3425/3308 2954/3427/3310
f 2948/3424/3307 2949/3425/3308 2943/3422/3305
f 2943/3422/3305 2949/3425/3308 2942/3420/3303
f 2940/3416/3299 2951/3457/3339 2952/3445/3327
f 2952/3445/3327 2951/3457/3339 2957/3459/3341
f 2952/3445/3327 2957/3459/3341 2958/3443/3325
f 2958/3443/3325 2957/3459/3341 2937/3441/3323
f 2957/3459/3341 2951/3457/3339 2956/3431/3314
f 2937/3441/3323 2957/3459/3341 2960/3433/3316
f 2960/3433/3316 2957/3459/3341 2956/3431/3314
f 2962/3437/3320 2937/3441/3323 2960/3433/3316
f 2961/3435/3318 2962/3437/3320 2960/3433/3316
f 2964/3384/3267 2965/3421/3304 2976/3385/3268
f 2976/3385/3268 2965/3421/3304 2975/3460/3342
f 2976/3385/3268 2975/3460/3342 2979/3386/3269
f 2979/3386/3269 2975/3460/3342 2980/3461/3343
f 2979/3386/3269 2980/3461/3343 2992/3387/3270
f 2992/3387/3270 2980/3461/3343 2991/3462/3344
f 2992/3387/3270 2991/3462/3344 2995/3388/3271
f 2995/3388/3271 2991/3462/3344 2996/3463/3345
f 2995/3388/3271 2996/3463/3345 3007/3389/3272
f 3007/3389/3272 2996/3463/3345 3006/3464/3346
f 3007/3389/3272 3006/3464/3346 3013/3390/3273
f 3013/3390/3273 3006/3464/3346 3012/3465/3347
f 3013/3390/3273 3012/3465/3347 3018/3391/3274
f 3018/3391/3274 3012/3465/3347 3017/3397/3280
f 3018/3391/3274 3017/3397/3280 3022/3392/3275
f 2965/3421/3304 2966/3419/3302 2975/3460/3342
f 2975/3460/3342 2966/3419/3302 2974/3466/3348
f 2975/3460/3342 2974/3466/3348 2980/3461/3343
f 2980/3461/3343 2974/3466/3348 2981/3467/3349
f 2980/3461/3343 2981/3467/3349 2991/3462/3344
f 2991/3462/3344 2981/3467/3349 2990/3468/3350
f 2991/3462/3344 2990/3468/3350 2996/3463/3345
f 2996/3463/3345 2990/3468/3350 2997/3469/3351
f 2996/3463/3345 2997/3469/3351 3006/3464/3346
f 3006/3464/3346 2997/3469/3351 3005/3470/3352
f 3006/3464/3346 3005/3470/3352 3012/3465/3347
f 3012/3465/3347 3005/3470/3352 3011/3399/3282
f 3012/3465/3347 3011/3399/3282 3017/3397/3280
f 2966/3419/3302 2967/3417/3300 2974/3466/3348
f 2974/3466/3348 2967/3417/3300 2973/3471/3353
f 2974/3466/3348 2973/3471/3353 2981/3467/3349
f 2981/3467/3349 2973/3471/3353 2982/3472/3354
f 2981/3467/3349 2982/3472/3354 2990/3468/3350
f 2990/3468/3350 2982/3472/3354 2989/3473/3355
f 2990/3468/3350 2989/3473/3355 2997/3469/3351
f 2997/3469/3351 2989/3473/3355 2998/3474/3356
f 2997/3469/3351 2998/3474/3356 3005/3470/3352
f 3005/3470/3352 2998/3474/3356 3004/3401/3284
f 3005/3470/3352 3004/3401/3284 3011/3399/3282
f 2967/3417/3300 2968/3415/3298 2973/3471/3353
f 2973/3471/3353 2968/3415/3298 2972/3475/3357
f 2973/3471/3353 2972/3475/3357 2982/3472/3354
f 2982/3472/3354 2972/3475/3357 2983/3476/3358
f 2982/3472/3354 2983/3476/3358 2989/3473/3355
f 2989/3473/3355 2983/3476/3358 2988/3477/3359
f 2989/3473/3355 2988/3477/3359 2998/3474/3356
f 2998/3474/3356 2988/3477/3359 2999/3403/3286
f 2998/3474/3356 2999/3403/3286 3004/3401/3284
f 2968/3415/3298 2969/3413/3296 2972/3475/3357
f 2972/3475/3357 2969/3413/3296 2971/3478/3360
f 2972/3475/3357 2971/3478/3360 2983/3476/3358
f 2983/3476/3358 2971/3478/3360 2984/3479/3361
f 2983/3476/3358 2984/3479/3361 2988/3477/3359
f 2988/3477/3359 2984/3479/3361 2987/3405/3288
f 2988/3477/3359 2987/3405/3288 2999/3403/3286
f 2969/3413/3296 2970/3411/3294 2971/3478/3360
f 2971/3478/3360 2970/3411/3294 2935/3409/3292
f 2971/3478/3360 2935/3409/3292 2984/3479/3361
f 2984/3479/3361 2935/3409/3292 2985/3407/3290
f 2984/3479/3361 2985/3407/3290 2987/3405/3288
f 3001/3446/3328 3000/3404/3287 2986/3406/3289
f 3020/3452/3334 3021/3396/3279 3016/3398/3281
f 11/3480/24 131/3481/3362 12/3482/25
f 12/3482/25 131/3481/3362 2772/3483/3363
f 2772/3483/3363 131/3481/3362 130/3484/3364
f 2772/3483/3363 130/3484/3364 2773/3485/3365
f 2773/3485/3365 130/3484/3364 129/3486/3366
f 2773/3485/3365 129/3486/3366 2774/3487/3367
f 2774/3487/3367 129/3486/3366 128/3488/3368
f 2774/3487/3367 128/3488/3368 127/3489/3369
f 2774/3487/3367 127/3489/3369 2775/3490/3370
f 2775/3490/3370 127/3489/3369 126/3491/3371
f 2775/3490/3370 126/3491/3371 2776/3492/3372
f 2776/3492/3372 126/3491/3371 125/3493/3373
f 2776/3492/3372 125/3493/3373 2777/3494/3129
f 2777/3494/3129 125/3493/3373 124/3495/3374
f 2777/3494/3129 124/3495/3374 123/3496/3375
f 2777/3494/3129 123/3496/3375 2778/3497/3376
f 2778/3497/3376 123/3496/3375 122/3498/3377
f 2778/3497/3376 122/3498/3377 2779/3499/3378
f 2779/3499/3378 122/3498/3377 121/3500/3379
f 2779/3499/3378 121/3500/3379 2780/3501/3380
f 2780/3501/3380 121/3500/3379 120/3502/3381
f 2780/3501/3380 120/3502/3381 119/3503/3382
f 2780/3501/3380 119/3503/3382 2781/3504/3383
f 2781/3504/3383 119/3503/3382 118/3505/3384
f 2781/3504/3383 118/3505/3384 2782/3506/3385
f 2782/3506/3385 118/3505/3384 117/3507/3386
f 2782/3506/3385 117/3507/3386 178/3508/198
f 178/3508/198 117/3507/3386 116/3509/152
f 7/3510/3387 10/3511/3388 6/3512/3389
f 6/3512/3389 10/3511/3388 99/3513/226
f 99/3513/226 10/3511/3388 179/3514/225
f 179/3514/225 10/3511/3388 236/3515/411
f 236/3515/411 10/3511/3388 237/3516/413
f 237/3516/413 10/3511/3388 238/3517/415
f 238/3517/415 10/3511/3388 239/3518/420
f 239/3518/420 10/3511/3388 240/3519/424
f 240/3519/424 10/3511/3388 241/3520/426
f 241/3520/426 10/3511/3388 242/3521/259
f 242/3521/259 10/3511/3388 217/3522/260
f 217/3522/260 10/3511/3388 414/3523/617
f 414/3523/617 10/3511/3388 415/3524/618
f 415/3524/618 10/3511/3388 416/3525/619
f 416/3525/619 10/3511/3388 417/3526/586
f 417/3526/586 10/3511/3388 418/3527/584
f 418/3527/584 10/3511/3388 419/3528/582
f 419/3528/582 10/3511/3388 191/3529/3390
f 419/3528/582 191/3529/3390 420/3530/580
f 420/3530/580 191/3529/3390 421/3531/578
f 421/3531/578 191/3529/3390 422/3532/576
f 422/3532/576 191/3529/3390 423/3533/574
f 423/3533/574 191/3529/3390 424/3534/572
f 424/3534/572 191/3529/3390 425/3535/570
f 425/3535/570 191/3529/3390 426/3536/568
f 426/3536/568 191/3529/3390 427/3537/566
f 427/3537/566 191/3529/3390 428/3538/564
f 428/3538/564 191/3529/3390 429/3539/562
f 429/3539/562 191/3529/3390 430/3540/560
f 430/3540/560 191/3529/3390 216/3541/819
f 430/3540/560 216/3541/819 431/3542/558
f 431/3542/558 216/3541/819 432/3543/556
f 432/3543/556 216/3541/819 433/3544/554
f 433/3544/554 216/3541/819 434/3545/552
f 434/3545/552 216/3541/819 435/3546/550
f 435/3546/550 216/3541/819 436/3547/548
f 436/3547/548 216/3541/819 437/3548/546
f 437/3548/546 216/3541/819 438/3549/544
f 438/3549/544 216/3541/819 439/3550/542
f 439/3550/542 216/3541/819 440/3551/541
f 440/3551/541 216/3541/819 441/3552/540
f 3026/3553/3391 3027/3554/3392 98/3555/3393
f 98/3555/3393 3027/3554/3392 55/3556/3394
f 77/3557/3395 3028/3558/3396 78/3559/3397
f 78/3559/3397 3028/3558/3396 3029/3560/3398
f 78/3559/3397 3029/3560/3398 79/3561/3399
f 79/3561/3399 3029/3560/3398 3030/3562/3400
f 79/3561/3399 3030/3562/3400 80/3563/3401
f 80/3563/3401 3030/3562/3400 3031/3564/3402
f 80/3563/3401 3031/3564/3402 81/3565/3403
f 81/3565/3403 3031/3564/3402 3032/3566/3404
f 81/3565/3403 3032/3566/3404 82/3567/3405
f 82/3567/3405 3032/3566/3404 3033/3568/3406
f 82/3567/3405 3033/3568/3406 83/3569/3407
f 83/3569/3407 3033/3568/3406 3034/3570/3408
f 83/3569/3407 3034/3570/3408 84/3571/3409
f 84/3571/3409 3034/3570/3408 3035/3572/3410
f 84/3571/3409 3035/3572/3410 85/3573/3411
f 85/3573/3411 3035/3572/3410 3036/3574/3412
f 85/3573/3411 3036/3574/3412 86/3575/3413
f 86/3575/3413 3036/3574/3412 3037/3576/3414
f 86/3575/3413 3037/3576/3414 87/3577/3415
f 87/3577/3415 3037/3576/3414 3038/3578/3416
f 87/3577/3415 3038/3578/3416 88/3579/3417
f 88/3579/3417 3038/3578/3416 3039/3580/3418
f 88/3579/3417 3039/3580/3418 89/3581/3419
f 89/3581/3419 3039/3580/3418 3040/3582/3420
f 89/3581/3419 3040/3582/3420 90/3583/3421
f 90/3583/3421 3040/3582/3420 3041/3584/3422
f 90/3583/3421 3041/3584/3422 91/3585/3423
f 91/3585/3423 3041/3584/3422 3042/3586/3424
f 91/3585/3423 3042/3586/3424 92/3587/3425
f 92/3587/3425 3042/3586/3424 3043/3588/3426
f 92/3587/3425 3043/3588/3426 93/3589/3427
f 93/3589/3427 3043/3588/3426 3044/3590/3428
f 93/3589/3427 3044/3590/3428 94/3591/3429
f 94/3591/3429 3044/3590/3428 3045/3592/3430
f 94/3591/3429 3045/3592/3430 95/3593/3431
f 95/3593/3431 3045/3592/3430 3046/3594/3432
f 95/3593/3431 3046/3594/3432 96/3595/3433
f 96/3595/3433 3046/3594/3432 3047/3596/3434
f 96/3595/3433 3047/3596/3434 97/3597/3435
f 97/3597/3435 3047/3596/3434 3048/3598/3436
f 97/3597/3435 3048/3598/3436 98/3599/3437
f 98/3599/3437 3048/3598/3436 3026/3600/3438
f 3049/3601/3439 3028/3602/3440 76/3603/3441
f 76/3603/3441 3028/3602/3440 77/3604/3442
f 55/3605/3443 3027/3606/3444 56/3607/3445
f 56/3607/3445 3027/3606/3444 3050/3608/3446
f 56/3607/3445 3050/3608/3446 57/3609/3447
f 57/3609/3447 3050/3608/3446 3051/3610/3448
f 57/3609/3447 3051/3610/3448 58/3611/3449
f 58/3611/3449 3051/3610/3448 3052/3612/3450
f 58/3611/3449 3052/3612/3450 59/3613/3451
f 59/3613/3451 3052/3612/3450 3053/3614/3452
f 59/3613/3451 3053/3614/3452 60/3615/3453
f 60/3615/3453 3053/3614/3452 3054/3616/3454
f 60/3615/3453 3054/3616/3454 61/3617/3455
f 61/3617/3455 3054/3616/3454 3055/3618/3456
f 61/3617/3455 3055/3618/3456 62/3619/3457
f 62/3619/3457 3055/3618/3456 3056/3620/3458
f 62/3619/3457 3056/3620/3458 63/3621/3459
f 63/3621/3459 3056/3620/3458 3057/3622/3460
f 63/3621/3459 3057/3622/3460 64/3623/3461
f 64/3623/3461 3057/3622/3460 3058/3624/3462
f 64/3623/3461 3058/3624/3462 65/3625/3463
f 65/3625/3463 3058/3624/3462 3059/3626/3464
f 65/3625/3463 3059/3626/3464 66/3627/3465
f 66/3627/3465 3059/3626/3464 3060/3628/3466
f 66/3627/3465 3060/3628/3466 67/3629/3467
f 67/3629/3467 3060/3628/3466 3061/3630/3468
f 67/3629/3467 3061/3630/3468 68/3631/3469
f 68/3631/3469 3061/3630/3468 3062/3632/3470
f 68/3631/3469 3062/3632/3470 69/3633/3471
f 69/3633/3471 3062/3632/3470 3063/3634/3472
f 69/3633/3471 3063/3634/3472 70/3635/3473
f 70/3635/3473 3063/3634/3472 3064/3636/3474
f 70/3635/3473 3064/3636/3474 71/3637/3475
f 71/3637/3475 3064/3636/3474 3065/3638/3476
f 71/3637/3475 3065/3638/3476 72/3639/3477
f 72/3639/3477 3065/3638/3476 3066/3640/3478
f 72/3639/3477 3066/3640/3478 73/3641/3479
f 73/3641/3479 3066/3640/3478 3067/3642/3480
f 73/3641/3479 3067/3642/3480 74/3643/3481
f 74/3643/3481 3067/3642/3480 3068/3644/3482
f 74/3643/3481 3068/3644/3482 75/3645/3483
f 75/3645/3483 3068/3644/3482 3069/3646/3484
f 75/3645/3483 3069/3646/3484 76/3647/3485
f 76/3647/3485 3069/3646/3484 3049/3648/3486
f 3070/3649/3487 3071/3650/3488 54/3651/3489
f 54/3651/3489 3071/3650/3488 51/3652/3490
f 3072/3653/3491 3070/3654/3492 53/3655/3493
f 53/3655/3493 3070/3654/3492 54/3656/3494
f 3073/3657/3495 3072/3658/3496 52/3659/3497
f 52/3659/3497 3072/3658/3496 53/3660/3498
f 3071/3661/3499 3073/3662/3500 51/3663/3501
f 51/3663/3501 3073/3662/3500 52/3664/3502
f 3028/3665/3503 3049/3666/3504 3070/3667/3505
f 3070/3667/3505 3049/3666/3504 3069/3668/3506
f 3070/3667/3505 3069/3668/3506 3068/3669/3507
f 3068/3669/3507 3067/3670/3508 3070/3667/3505
f 3070/3667/3505 3067/3670/3508 3066/3671/3509
f 3070/3667/3505 3066/3671/3509 3065/3672/3510
f 3065/3672/3510 3064/3673/3511 3070/3667/3505
f 3070/3667/3505 3064/3673/3511 3063/3674/3512
f 3070/3667/3505 3063/3674/3512 3062/3675/3513
f 3070/3667/3505 3062/3675/3513 3071/3676/3514
f 3071/3676/3514 3062/3675/3513 3061/3677/3515
f 3071/3676/3514 3061/3677/3515 3060/3678/3516
f 3060/3678/3516 3059/3679/3517 3071/3676/3514
f 3071/3676/3514 3059/3679/3517 3058/3680/3518
f 3071/3676/3514 3058/3680/3518 3057/3681/3519
f 3057/3681/3519 3056/3682/3520 3071/3676/3514
f 3071/3676/3514 3056/3682/3520 3055/3683/3521
f 3071/3676/3514 3055/3683/3521 3054/3684/3522
f 3054/3684/3522 3053/3685/3523 3071/3676/3514
f 3071/3676/3514 3053/3685/3523 3052/3686/3524
f 3071/3676/3514 3052/3686/3524 3051/3687/3525
f 3051/3687/3525 3050/3688/3526 3071/3676/3514
f 3071/3676/3514 3050/3688/3526 3027/3689/3527
f 3071/3676/3514 3027/3689/3527 3073/3690/3528
f 3073/3690/3528 3027/3689/3527 3026/3691/3529
f 3073/3690/3528 3026/3691/3529 3048/3692/3530
f 3048/3692/3530 3047/3693/3531 3073/3690/3528
f 3073/3690/3528 3047/3693/3531 3046/3694/3532
f 3073/3690/3528 3046/3694/3532 3045/3695/3533
f 3045/3695/3533 3044/3696/3534 3073/3690/3528
f 3073/3690/3528 3044/3696/3534 3043/3697/3535
f 3073/3690/3528 3043/3697/3535 3042/3698/3536
f 3042/3698/3536 3041/3699/3537 3073/3690/3528
f 3073/3690/3528 3041/3699/3537 3040/3700/3538
f 3073/3690/3528 3040/3700/3538 3039/3701/3539
f 3039/3701/3539 3038/3702/3540 3073/3690/3528
f 3073/3690/3528 3038/3702/3540 3037/3703/3541
f 3073/3690/3528 3037/3703/3541 3036/3704/3542
f 3073/3690/3528 3036/3704/3542 3072/3705/3543
f 3072/3705/3543 3036/3704/3542 3035/3706/3544
f 3072/3705/3543 3035/3706/3544 3034/3707/3545
f 3034/3707/3545 3033/3708/3546 3072/3705/3543
f 3072/3705/3543 3033/3708/3546 3032/3709/3547
f 3072/3705/3543 3032/3709/3547 3031/3710/3548
f 3031/3710/3548 3030/3711/3549 3072/3705/3543
f 3072/3705/3543 3030/3711/3549 3029/3712/3550
f 3072/3705/3543 3029/3712/3550 3028/3665/3503
f 3072/3705/3543 3028/3665/3503 3070/3667/3505
# 3073 vertices
# 3712 texture params
# 3550 normals
# 6146 facets

# 1 groups
