# WaveFront *.obj file (generated by Autodesk ATF)

mtllib speakerMount.mtl

g Body2

v 3.500000 -2.400000 1.000000
v 3.490885 -2.504189 1.000000
v 3.463816 -2.605212 1.000000
v 3.419615 -2.700000 1.000000
v 3.359627 -2.785673 1.000000
v 3.285673 -2.859627 1.000000
v 3.200000 -2.919615 1.000000
v 3.105212 -2.963816 1.000000
v 3.004189 -2.990885 1.000000
v 2.900000 -3.000000 1.000000
v 2.900000 -3.000000 0.000000
v 3.004189 -2.990885 0.000000
v 3.105212 -2.963816 0.000000
v 3.200000 -2.919615 0.000000
v 3.285673 -2.859627 0.000000
v 3.359627 -2.785673 0.000000
v 3.419615 -2.700000 0.000000
v 3.463816 -2.605212 0.000000
v 3.490885 -2.504189 0.000000
v 3.500000 -2.400000 0.000000
v -0.500000 -3.000000 0.000000
v -0.604189 -2.990885 0.000000
v -0.705212 -2.963816 0.000000
v -0.800000 -2.919615 0.000000
v -0.885673 -2.859627 0.000000
v -0.959627 -2.785673 0.000000
v -1.019615 -2.700000 0.000000
v -1.063816 -2.605212 0.000000
v -1.090885 -2.504189 0.000000
v -1.100000 -2.400000 0.000000
v -1.100000 0.000000 0.000000
v -1.100000 0.500000 0.000000
v -0.000000 0.500000 0.000000
v 2.400000 0.500000 0.000000
v 3.500000 0.500000 0.000000
v -0.500000 -3.000000 1.000000
v -0.604189 -2.990885 1.000000
v -0.705212 -2.963816 1.000000
v -0.800000 -2.919615 1.000000
v -0.885673 -2.859627 1.000000
v -0.959627 -2.785673 1.000000
v -1.019615 -2.700000 1.000000
v -1.063816 -2.605212 1.000000
v -1.090885 -2.504189 1.000000
v -1.100000 -2.400000 1.000000
v 0.000000 1.000000 0.500000
v -1.100000 1.000000 0.500000
v 2.400000 1.000000 0.500000
v 3.500000 1.000000 0.500000
v 0.000000 1.000000 6.000000
v 2.400000 1.000000 6.000000
v 0.600000 1.000000 3.400000
v 0.600000 1.000000 3.200000
v 1.800000 1.000000 3.200000
v 1.800000 1.000000 3.400000
v 1.796962 1.000000 3.434730
v 1.787939 1.000000 3.468404
v 1.773205 1.000000 3.500000
v 1.753209 1.000000 3.528558
v 1.728558 1.000000 3.553209
v 1.700000 1.000000 3.573205
v 1.668404 1.000000 3.587939
v 1.634730 1.000000 3.596962
v 1.600000 1.000000 3.600000
v 0.800000 1.000000 3.600000
v 0.765270 1.000000 3.596962
v 0.731596 1.000000 3.587939
v 0.700000 1.000000 3.573205
v 0.671442 1.000000 3.553209
v 0.646791 1.000000 3.528558
v 0.626795 1.000000 3.500000
v 0.612061 1.000000 3.468404
v 0.603038 1.000000 3.434730
v -1.100000 1.000000 50.666667
v -0.800000 1.000000 50.666667
v -0.800000 1.000000 6.000000
v -1.100000 0.000000 50.666667
v -0.700000 1.006275 7.000000
v -0.574356 1.032481 7.000000
v -0.454520 1.078444 7.000000
v -0.343576 1.142978 7.000000
v -0.244381 1.224424 7.000000
v -0.159486 1.320686 7.000000
v -0.091079 1.429284 7.000000
v -0.040918 1.547424 7.000000
v -0.010296 1.672066 7.000000
v 0.000000 1.800000 7.000000
v 0.000000 1.800000 6.000000
v -0.009849 1.674852 6.000000
v -0.039155 1.552786 6.000000
v -0.087195 1.436808 6.000000
v -0.152786 1.329772 6.000000
v -0.234315 1.234315 6.000000
v -0.329772 1.152786 6.000000
v -0.436808 1.087195 6.000000
v -0.552786 1.039155 6.000000
v -0.674852 1.009849 6.000000
v -0.766589 1.000698 50.666667
v -0.733236 1.002791 50.666667
v -0.700000 1.006275 50.666667
v -0.700000 1.000000 48.666667
v -0.700000 1.000000 50.666667
v 0.000000 1.000000 50.666667
v 0.000000 1.000000 48.666667
v -0.700000 1.000000 34.466667
v -0.700000 1.000000 36.866667
v 0.000000 1.000000 36.866667
v 0.000000 1.000000 34.466667
v 3.200000 1.000000 6.000000
v 3.074852 1.009849 6.000000
v 2.952786 1.039155 6.000000
v 2.836808 1.087195 6.000000
v 2.729772 1.152786 6.000000
v 2.634315 1.234315 6.000000
v 2.552786 1.329772 6.000000
v 2.487195 1.436808 6.000000
v 2.439155 1.552786 6.000000
v 2.409849 1.674852 6.000000
v 2.400000 1.800000 6.000000
v 2.400000 1.800000 7.000000
v 2.410296 1.672066 7.000000
v 2.440918 1.547424 7.000000
v 2.491079 1.429284 7.000000
v 2.559486 1.320686 7.000000
v 2.644381 1.224424 7.000000
v 2.743576 1.142978 7.000000
v 2.854520 1.078444 7.000000
v 2.974356 1.032481 7.000000
v 3.100000 1.006275 7.000000
v 3.100000 1.006275 50.666667
v 3.133236 1.002791 50.666667
v 3.166589 1.000698 50.666667
v 3.200000 1.000000 50.666667
v 2.400000 8.200000 6.000000
v 2.400000 8.200000 7.000000
v 3.100000 1.000000 36.866667
v 3.100000 1.000000 34.466667
v 2.400000 1.000000 34.466667
v 2.400000 1.000000 36.866667
v 3.100000 1.000000 50.666667
v 3.100000 1.000000 48.666667
v 2.400000 1.000000 48.666667
v 2.400000 1.000000 50.666667
v 3.500000 1.000000 50.666667
v 0.000000 8.200000 7.000000
v 0.009849 8.325148 7.000000
v 0.039155 8.447214 7.000000
v 0.087195 8.563192 7.000000
v 0.152786 8.670228 7.000000
v 0.234315 8.765685 7.000000
v 0.329772 8.847214 7.000000
v 0.436808 8.912805 7.000000
v 0.552786 8.960845 7.000000
v 0.674852 8.990151 7.000000
v 0.800000 9.000000 7.000000
v 0.800000 9.000000 6.000000
v 0.674852 8.990151 6.000000
v 0.552786 8.960845 6.000000
v 0.436808 8.912805 6.000000
v 0.329772 8.847214 6.000000
v 0.234315 8.765685 6.000000
v 0.152786 8.670228 6.000000
v 0.087195 8.563192 6.000000
v 0.039155 8.447214 6.000000
v 0.009849 8.325148 6.000000
v 0.000000 8.200000 6.000000
v 1.600000 9.000000 7.000000
v 1.600000 9.000000 6.000000
v 0.800000 7.800000 7.000000
v 0.806077 7.869459 7.000000
v 0.824123 7.936808 7.000000
v 0.853590 8.000000 7.000000
v 0.893582 8.057115 7.000000
v 0.942885 8.106418 7.000000
v 1.000000 8.146410 7.000000
v 1.063192 8.175877 7.000000
v 1.130541 8.193923 7.000000
v 1.200000 8.200000 7.000000
v 1.269459 8.193923 7.000000
v 1.336808 8.175877 7.000000
v 1.400000 8.146410 7.000000
v 1.457115 8.106418 7.000000
v 1.506418 8.057115 7.000000
v 1.546410 8.000000 7.000000
v 1.575877 7.936808 7.000000
v 1.593923 7.869459 7.000000
v 1.600000 7.800000 7.000000
v 1.600000 2.200000 7.000000
v 1.593923 2.130541 7.000000
v 1.575877 2.063192 7.000000
v 1.546410 2.000000 7.000000
v 1.506418 1.942885 7.000000
v 1.457115 1.893582 7.000000
v 1.400000 1.853590 7.000000
v 1.336808 1.824123 7.000000
v 1.269459 1.806077 7.000000
v 1.200000 1.800000 7.000000
v 1.130541 1.806077 7.000000
v 1.063192 1.824123 7.000000
v 1.000000 1.853590 7.000000
v 0.942885 1.893582 7.000000
v 0.893582 1.942885 7.000000
v 0.853590 2.000000 7.000000
v 0.824123 2.063192 7.000000
v 0.806077 2.130541 7.000000
v 0.800000 2.200000 7.000000
v -0.700000 0.000000 7.000000
v 3.100000 -0.000000 7.000000
v 2.390151 8.325148 7.000000
v 2.360845 8.447214 7.000000
v 2.312805 8.563192 7.000000
v 2.247214 8.670228 7.000000
v 2.165685 8.765685 7.000000
v 2.070228 8.847214 7.000000
v 1.963192 8.912805 7.000000
v 1.847214 8.960845 7.000000
v 1.725148 8.990151 7.000000
v 2.390151 8.325148 6.000000
v 2.360845 8.447214 6.000000
v 2.312805 8.563192 6.000000
v 2.247214 8.670228 6.000000
v 2.165685 8.765685 6.000000
v 2.070228 8.847214 6.000000
v 1.963192 8.912805 6.000000
v 1.847214 8.960845 6.000000
v 1.725148 8.990151 6.000000
v 0.800000 0.400000 3.600000
v 0.765270 0.400000 3.596962
v 0.731596 0.400000 3.587939
v 0.700000 0.400000 3.573205
v 0.671442 0.400000 3.553209
v 0.646791 0.400000 3.528558
v 0.626795 0.400000 3.500000
v 0.612061 0.400000 3.468404
v 0.603038 0.400000 3.434730
v 0.600000 0.400000 3.400000
v 0.800000 0.200000 3.400000
v 0.800000 0.203038 3.434730
v 0.800000 0.212061 3.468404
v 0.800000 0.226795 3.500000
v 0.800000 0.246791 3.528558
v 0.800000 0.271442 3.553209
v 0.800000 0.300000 3.573205
v 0.800000 0.331596 3.587939
v 0.800000 0.365270 3.596962
v 1.600000 0.400000 3.600000
v 1.600000 0.365270 3.596962
v 1.600000 0.331596 3.587939
v 1.600000 0.300000 3.573205
v 1.600000 0.271442 3.553209
v 1.600000 0.246791 3.528558
v 1.600000 0.226795 3.500000
v 1.600000 0.212061 3.468404
v 1.600000 0.203038 3.434730
v 1.600000 0.200000 3.400000
v 0.765270 0.203038 3.400000
v 0.731596 0.212061 3.400000
v 0.700000 0.226795 3.400000
v 0.671442 0.246791 3.400000
v 0.646791 0.271442 3.400000
v 0.626795 0.300000 3.400000
v 0.612061 0.331596 3.400000
v 0.603038 0.365270 3.400000
v 0.770893 0.220127 3.482453
v 0.771750 0.264567 3.544429
v 0.671428 0.250823 3.434861
v 0.608529 0.345433 3.419005
v 0.650823 0.271428 3.434861
v 0.656586 0.278555 3.468435
v 0.666692 0.289359 3.499937
v 0.680835 0.303513 3.528413
v 0.698586 0.320589 3.553000
v 0.719408 0.340070 3.572955
v 0.742670 0.361366 3.587672
v 0.767669 0.383831 3.596706
v 0.783831 0.367669 3.596706
v 0.761366 0.342670 3.587672
v 0.740070 0.319408 3.572955
v 0.720589 0.298586 3.553000
v 0.703513 0.280835 3.528413
v 0.689359 0.266692 3.499937
v 0.678555 0.256586 3.468435
v 0.782268 0.326666 3.585223
v 0.763171 0.301719 3.570248
v 0.745190 0.279749 3.550118
v 0.728868 0.261420 3.525443
v 0.714701 0.247287 3.496969
v 0.703116 0.237779 3.465558
v 0.694465 0.233183 3.432162
v 0.788112 0.287463 3.564906
v 0.756243 0.245772 3.519579
v 0.742062 0.231648 3.491108
v 0.729634 0.222621 3.459878
v 0.719337 0.218966 3.426835
v 0.785153 0.234225 3.510898
v 0.757517 0.211474 3.451510
v 0.745433 0.208529 3.419005
v 0.785761 0.204717 3.440767
v 0.771981 0.202173 3.408910
v 0.633183 0.294465 3.432162
v 0.637779 0.303116 3.465558
v 0.647287 0.314701 3.496969
v 0.661420 0.328868 3.525443
v 0.679749 0.345190 3.550118
v 0.701719 0.363171 3.570248
v 0.726666 0.382268 3.585223
v 0.618966 0.319337 3.426835
v 0.622621 0.329634 3.459878
v 0.631648 0.342062 3.491108
v 0.645772 0.356243 3.519579
v 0.664567 0.371750 3.544429
v 0.687463 0.388112 3.564906
v 0.611474 0.357517 3.451510
v 0.620127 0.370894 3.482453
v 0.634225 0.385153 3.510898
v 0.602173 0.371981 3.408910
v 0.604717 0.385761 3.440767
v 1.800000 0.400000 3.400000
v 1.796962 0.400000 3.434730
v 1.787939 0.400000 3.468404
v 1.773205 0.400000 3.500000
v 1.753209 0.400000 3.528558
v 1.728558 0.400000 3.553209
v 1.700000 0.400000 3.573205
v 1.668404 0.400000 3.587939
v 1.634730 0.400000 3.596962
v 1.796962 0.365270 3.400000
v 1.787939 0.331596 3.400000
v 1.773205 0.300000 3.400000
v 1.753209 0.271442 3.400000
v 1.728558 0.246791 3.400000
v 1.700000 0.226795 3.400000
v 1.668404 0.212061 3.400000
v 1.634730 0.203038 3.400000
v 1.779873 0.370894 3.482453
v 1.735433 0.371750 3.544429
v 1.728572 0.250823 3.434861
v 1.654567 0.208529 3.419005
v 1.721445 0.256586 3.468435
v 1.710641 0.266692 3.499937
v 1.696487 0.280835 3.528413
v 1.679411 0.298586 3.553000
v 1.659930 0.319408 3.572955
v 1.638634 0.342670 3.587672
v 1.616169 0.367669 3.596706
v 1.632331 0.383831 3.596706
v 1.657330 0.361366 3.587672
v 1.680592 0.340070 3.572955
v 1.701414 0.320589 3.553000
v 1.719165 0.303513 3.528413
v 1.733308 0.289359 3.499937
v 1.743414 0.278555 3.468435
v 1.749177 0.271428 3.434861
v 1.673334 0.382268 3.585223
v 1.698281 0.363171 3.570248
v 1.720251 0.345190 3.550119
v 1.738580 0.328868 3.525443
v 1.752713 0.314701 3.496969
v 1.762221 0.303116 3.465558
v 1.766817 0.294465 3.432162
v 1.712537 0.388112 3.564906
v 1.754228 0.356243 3.519579
v 1.768352 0.342062 3.491108
v 1.777379 0.329634 3.459878
v 1.781034 0.319337 3.426835
v 1.765775 0.385153 3.510898
v 1.788526 0.357517 3.451510
v 1.791471 0.345433 3.419005
v 1.795283 0.385761 3.440767
v 1.797827 0.371981 3.408910
v 1.705535 0.233183 3.432162
v 1.696884 0.237779 3.465558
v 1.685299 0.247287 3.496969
v 1.671132 0.261420 3.525443
v 1.654810 0.279749 3.550118
v 1.636829 0.301719 3.570248
v 1.617732 0.326666 3.585223
v 1.680663 0.218966 3.426835
v 1.670366 0.222621 3.459878
v 1.657938 0.231648 3.491108
v 1.643757 0.245772 3.519579
v 1.628250 0.264567 3.544429
v 1.611887 0.287463 3.564906
v 1.642483 0.211474 3.451510
v 1.629106 0.220127 3.482453
v 1.614847 0.234225 3.510898
v 1.628019 0.202173 3.408910
v 1.614239 0.204717 3.440767
v 0.600000 0.400000 3.200000
v 0.800000 0.200000 1.066667
v 0.765270 0.203038 1.066667
v 0.731596 0.212061 1.066667
v 0.700000 0.226795 1.066667
v 0.671442 0.246791 1.066667
v 0.646791 0.271442 1.066667
v 0.626795 0.300000 1.066667
v 0.612061 0.331596 1.066667
v 0.603038 0.365270 1.066667
v 0.600000 0.400000 1.066667
v 0.600000 0.400000 0.866667
v 0.603038 0.434730 0.866667
v 0.612061 0.468404 0.866667
v 0.626795 0.500000 0.866667
v 0.646791 0.528558 0.866667
v 0.671442 0.553209 0.866667
v 0.700000 0.573205 0.866667
v 0.731596 0.587939 0.866667
v 0.765270 0.596962 0.866667
v 0.800000 0.600000 0.866667
v 0.800000 0.600000 3.200000
v 0.765270 0.596962 3.200000
v 0.731596 0.587939 3.200000
v 0.700000 0.573205 3.200000
v 0.671442 0.553209 3.200000
v 0.646791 0.528558 3.200000
v 0.626795 0.500000 3.200000
v 0.612061 0.468404 3.200000
v 0.603038 0.434730 3.200000
v 0.603038 0.365270 2.766667
v 0.603038 0.365270 2.133333
v 0.603038 0.365270 1.500000
v 0.603038 0.434730 1.500000
v 0.603038 0.434730 2.133333
v 0.603038 0.434730 2.766667
v 0.612061 0.331596 2.766667
v 0.612061 0.331596 2.133333
v 0.612061 0.331596 1.500000
v 0.626795 0.300000 2.766667
v 0.626795 0.300000 2.133333
v 0.626795 0.300000 1.500000
v 0.646791 0.271442 2.766667
v 0.646791 0.271442 2.133333
v 0.646791 0.271442 1.500000
v 0.671442 0.246791 2.766667
v 0.671442 0.246791 2.133333
v 0.671442 0.246791 1.500000
v 0.700000 0.226795 2.766667
v 0.700000 0.226795 2.133333
v 0.700000 0.226795 1.500000
v 0.731596 0.212061 2.766667
v 0.731596 0.212061 2.133333
v 0.731596 0.212061 1.500000
v 0.765270 0.203038 2.766667
v 0.765270 0.203038 2.133333
v 0.765270 0.203038 1.500000
v 0.612061 0.468404 1.500000
v 0.612061 0.468404 2.133333
v 0.612061 0.468404 2.766667
v 0.626795 0.500000 1.500000
v 0.626795 0.500000 2.133333
v 0.626795 0.500000 2.766667
v 0.646791 0.528558 1.500000
v 0.646791 0.528558 2.133333
v 0.646791 0.528558 2.766667
v 0.671442 0.553209 1.500000
v 0.671442 0.553209 2.133333
v 0.671442 0.553209 2.766667
v 0.700000 0.573205 1.500000
v 0.700000 0.573205 2.133333
v 0.700000 0.573205 2.766667
v 0.731596 0.587939 1.500000
v 0.731596 0.587939 2.133333
v 0.731596 0.587939 2.766667
v 0.765270 0.596962 1.500000
v 0.765270 0.596962 2.133333
v 0.765270 0.596962 2.766667
v 1.600000 0.200000 1.066667
v 1.800000 0.400000 3.200000
v 1.796962 0.434730 3.200000
v 1.787939 0.468404 3.200000
v 1.773205 0.500000 3.200000
v 1.753209 0.528558 3.200000
v 1.728558 0.553209 3.200000
v 1.700000 0.573205 3.200000
v 1.668404 0.587939 3.200000
v 1.634730 0.596962 3.200000
v 1.600000 0.600000 3.200000
v 1.600000 0.600000 0.866667
v 1.634730 0.596962 0.866667
v 1.668404 0.587939 0.866667
v 1.700000 0.573205 0.866667
v 1.728558 0.553209 0.866667
v 1.753209 0.528558 0.866667
v 1.773205 0.500000 0.866667
v 1.787939 0.468404 0.866667
v 1.796962 0.434730 0.866667
v 1.800000 0.400000 0.866667
v 1.800000 0.400000 1.066667
v 1.796962 0.365270 1.066667
v 1.787939 0.331596 1.066667
v 1.773205 0.300000 1.066667
v 1.753209 0.271442 1.066667
v 1.728558 0.246791 1.066667
v 1.700000 0.226795 1.066667
v 1.668404 0.212061 1.066667
v 1.634730 0.203038 1.066667
v 1.634730 0.203038 2.766667
v 1.634730 0.203038 2.133333
v 1.634730 0.203038 1.500000
v 1.668404 0.212061 2.766667
v 1.668404 0.212061 2.133333
v 1.668404 0.212061 1.500000
v 1.700000 0.226795 2.766667
v 1.700000 0.226795 2.133333
v 1.700000 0.226795 1.500000
v 1.728558 0.246791 2.766667
v 1.728558 0.246791 2.133333
v 1.728558 0.246791 1.500000
v 1.753209 0.271442 2.766667
v 1.753209 0.271442 2.133333
v 1.753209 0.271442 1.500000
v 1.773205 0.300000 2.766667
v 1.773205 0.300000 2.133333
v 1.773205 0.300000 1.500000
v 1.787939 0.331596 2.766667
v 1.787939 0.331596 2.133333
v 1.787939 0.331596 1.500000
v 1.796962 0.365270 2.766667
v 1.796962 0.365270 2.133333
v 1.796962 0.365270 1.500000
v 1.796962 0.434730 2.766667
v 1.796962 0.434730 2.133333
v 1.796962 0.434730 1.500000
v 1.787939 0.468404 2.766667
v 1.787939 0.468404 2.133333
v 1.787939 0.468404 1.500000
v 1.773205 0.500000 2.766667
v 1.773205 0.500000 2.133333
v 1.773205 0.500000 1.500000
v 1.753209 0.528558 2.766667
v 1.753209 0.528558 2.133333
v 1.753209 0.528558 1.500000
v 1.728558 0.553209 2.766667
v 1.728558 0.553209 2.133333
v 1.728558 0.553209 1.500000
v 1.700000 0.573205 2.766667
v 1.700000 0.573205 2.133333
v 1.700000 0.573205 1.500000
v 1.668404 0.587939 2.766667
v 1.668404 0.587939 2.133333
v 1.668404 0.587939 1.500000
v 1.634730 0.596962 2.766667
v 1.634730 0.596962 2.133333
v 1.634730 0.596962 1.500000
v 1.796962 0.400000 0.831937
v 1.787939 0.400000 0.798263
v 1.773205 0.400000 0.766667
v 1.753209 0.400000 0.738109
v 1.728558 0.400000 0.713458
v 1.700000 0.400000 0.693462
v 1.668404 0.400000 0.678728
v 1.634730 0.400000 0.669705
v 1.600000 0.400000 0.666667
v 1.600000 0.000000 0.666667
v 1.634730 0.000000 0.669705
v 1.668404 0.000000 0.678728
v 1.700000 0.000000 0.693462
v 1.728558 0.000000 0.713458
v 1.753209 0.000000 0.738109
v 1.773205 0.000000 0.766667
v 1.787939 0.000000 0.798263
v 1.796962 0.000000 0.831937
v 1.800000 -0.000000 0.866667
v 1.600000 0.434730 0.669705
v 1.600000 0.468404 0.678728
v 1.600000 0.500000 0.693462
v 1.600000 0.528558 0.713458
v 1.600000 0.553209 0.738109
v 1.600000 0.573205 0.766667
v 1.600000 0.587939 0.798263
v 1.600000 0.596962 0.831937
v 0.800000 0.596962 0.831937
v 0.800000 0.587939 0.798263
v 0.800000 0.573205 0.766667
v 0.800000 0.553209 0.738109
v 0.800000 0.528558 0.713458
v 0.800000 0.500000 0.693462
v 0.800000 0.468404 0.678728
v 0.800000 0.434730 0.669705
v 0.800000 0.400000 0.666667
v 1.728572 0.549177 0.831805
v 1.735433 0.428250 0.722237
v 1.779873 0.429106 0.784214
v 1.614239 0.595283 0.825900
v 1.628019 0.597827 0.857757
v 1.614847 0.565775 0.755769
v 1.629106 0.579873 0.784214
v 1.642483 0.588526 0.815157
v 1.654567 0.591471 0.847661
v 1.611887 0.512537 0.701761
v 1.628250 0.535433 0.722237
v 1.643757 0.554228 0.747087
v 1.657938 0.568352 0.775559
v 1.670366 0.577379 0.806789
v 1.680663 0.581034 0.839832
v 1.617732 0.473334 0.681443
v 1.636829 0.498281 0.696418
v 1.654810 0.520251 0.716548
v 1.671132 0.538580 0.741224
v 1.685299 0.552713 0.769698
v 1.696884 0.562221 0.801109
v 1.705535 0.566817 0.834504
v 1.616169 0.432331 0.669961
v 1.638634 0.457330 0.678995
v 1.659930 0.480592 0.693712
v 1.679411 0.501414 0.713666
v 1.696487 0.519165 0.738254
v 1.710641 0.533308 0.766729
v 1.721445 0.543414 0.798231
v 1.632331 0.416169 0.669961
v 1.657330 0.438634 0.678995
v 1.680592 0.459930 0.693712
v 1.701414 0.479411 0.713666
v 1.719165 0.496487 0.738254
v 1.733308 0.510641 0.766729
v 1.743414 0.521445 0.798231
v 1.749177 0.528572 0.831805
v 1.673334 0.417732 0.681443
v 1.698281 0.436829 0.696418
v 1.720251 0.454810 0.716548
v 1.738580 0.471132 0.741224
v 1.752713 0.485299 0.769698
v 1.762221 0.496884 0.801109
v 1.766817 0.505535 0.834504
v 1.712537 0.411888 0.701761
v 1.754228 0.443757 0.747087
v 1.768352 0.457938 0.775559
v 1.777379 0.470366 0.806789
v 1.781034 0.480663 0.839832
v 1.765775 0.414847 0.755769
v 1.788526 0.442483 0.815157
v 1.791471 0.454567 0.847661
v 1.795283 0.414239 0.825900
v 1.797827 0.428019 0.857757
v 0.765270 0.400000 0.669705
v 0.731596 0.400000 0.678728
v 0.700000 0.400000 0.693462
v 0.671442 0.400000 0.713458
v 0.646791 0.400000 0.738109
v 0.626795 0.400000 0.766667
v 0.612061 0.400000 0.798263
v 0.603038 0.400000 0.831937
v 0.600000 0.000000 0.866667
v 0.603038 0.000000 0.831937
v 0.612061 0.000000 0.798263
v 0.626795 0.000000 0.766667
v 0.646791 0.000000 0.738109
v 0.671442 0.000000 0.713458
v 0.700000 0.000000 0.693462
v 0.731596 0.000000 0.678728
v 0.765270 0.000000 0.669705
v 0.800000 0.000000 0.666667
v 0.620127 0.482453 0.837560
v 0.664567 0.544429 0.838417
v 0.671428 0.434861 0.717489
v 0.745433 0.419005 0.675195
v 0.602173 0.408910 0.838647
v 0.604717 0.440767 0.852427
v 0.608529 0.419005 0.812100
v 0.611474 0.451510 0.824184
v 0.634225 0.510898 0.851820
v 0.618966 0.426835 0.786004
v 0.622621 0.459878 0.796301
v 0.631648 0.491108 0.808728
v 0.645772 0.519579 0.822910
v 0.687463 0.564906 0.854779
v 0.633183 0.432162 0.761132
v 0.637779 0.465558 0.769783
v 0.647287 0.496969 0.781367
v 0.661420 0.525443 0.795535
v 0.679749 0.550118 0.811857
v 0.701719 0.570248 0.829838
v 0.726666 0.585223 0.848934
v 0.650823 0.434861 0.738095
v 0.656586 0.468435 0.745221
v 0.666692 0.499937 0.756025
v 0.680835 0.528413 0.770180
v 0.698586 0.553000 0.787256
v 0.719408 0.572955 0.806737
v 0.742670 0.587672 0.828032
v 0.767669 0.596706 0.850498
v 0.783831 0.596706 0.834335
v 0.761366 0.587672 0.809337
v 0.740070 0.572955 0.786075
v 0.720589 0.553000 0.765252
v 0.703513 0.528413 0.747501
v 0.689359 0.499937 0.733359
v 0.678555 0.468435 0.723253
v 0.694465 0.432162 0.699850
v 0.703116 0.465558 0.704446
v 0.714701 0.496969 0.713954
v 0.728868 0.525443 0.728087
v 0.745190 0.550119 0.746416
v 0.763171 0.570248 0.768386
v 0.782268 0.585223 0.793332
v 0.719337 0.426835 0.685632
v 0.729634 0.459878 0.689288
v 0.742062 0.491108 0.698314
v 0.756243 0.519579 0.712439
v 0.771750 0.544429 0.731234
v 0.788112 0.564906 0.754129
v 0.757517 0.451510 0.678141
v 0.770893 0.482453 0.686793
v 0.785153 0.510898 0.700892
v 0.771981 0.408910 0.668840
v 0.785761 0.440767 0.671384
v 3.100000 -0.000000 0.666667
v -0.700000 0.000000 0.666667
v -0.700000 -2.300000 0.666667
v -0.693923 -2.369459 0.666667
v -0.675877 -2.436808 0.666667
v -0.646410 -2.500000 0.666667
v -0.606418 -2.557115 0.666667
v -0.557115 -2.606418 0.666667
v -0.500000 -2.646410 0.666667
v -0.436808 -2.675877 0.666667
v -0.369459 -2.693923 0.666667
v -0.300000 -2.700000 0.666667
v 2.700000 -2.700000 0.666667
v 2.769459 -2.693923 0.666667
v 2.836808 -2.675877 0.666667
v 2.900000 -2.646410 0.666667
v 2.957115 -2.606418 0.666667
v 3.006418 -2.557115 0.666667
v 3.046410 -2.500000 0.666667
v 3.075877 -2.436808 0.666667
v 3.093923 -2.369459 0.666667
v 3.100000 -2.300000 0.666667
v 1.800000 0.000000 1.066667
v 0.600000 0.000000 1.066667
v 3.500000 -0.550000 50.666667
v 3.500000 -0.550000 1.000000
v 3.100000 1.000000 16.866667
v 3.100000 1.000000 14.466667
v 2.400000 1.000000 14.466667
v 2.400000 1.000000 16.866667
v 3.100000 -2.300000 1.000000
v 3.100000 -1.100000 1.000000
v 3.100000 -1.100000 50.666667
v 3.100000 -0.300000 50.666667
v 3.100000 -0.300000 48.666667
v 3.100000 -0.300000 16.866667
v 3.100000 -0.300000 14.466667
v 3.100000 -0.300000 36.866667
v 3.100000 -0.300000 34.466667
v 0.600000 0.300000 15.666667
v 0.609115 0.300000 15.562478
v 0.636184 0.300000 15.461455
v 0.680385 0.300000 15.366667
v 0.740373 0.300000 15.280994
v 0.814327 0.300000 15.207040
v 0.900000 0.300000 15.147051
v 0.994788 0.300000 15.102851
v 1.095811 0.300000 15.075782
v 1.200000 0.300000 15.066667
v 1.304189 0.300000 15.075782
v 1.405212 0.300000 15.102851
v 1.500000 0.300000 15.147051
v 1.585673 0.300000 15.207040
v 1.659627 0.300000 15.280994
v 1.719615 0.300000 15.366667
v 1.763816 0.300000 15.461455
v 1.790885 0.300000 15.562478
v 1.800000 0.300000 15.666667
v 1.790885 0.300000 15.770856
v 1.763816 0.300000 15.871879
v 1.719615 0.300000 15.966667
v 1.659627 0.300000 16.052339
v 1.585673 0.300000 16.126293
v 1.500000 0.300000 16.186282
v 1.405212 0.300000 16.230482
v 1.304189 0.300000 16.257551
v 1.200000 0.300000 16.266667
v 1.095811 0.300000 16.257551
v 0.994788 0.300000 16.230482
v 0.900000 0.300000 16.186282
v 0.814327 0.300000 16.126293
v 0.740373 0.300000 16.052339
v 0.680385 0.300000 15.966667
v 0.636184 0.300000 15.871879
v 0.609115 0.300000 15.770856
v 0.600000 1.000000 15.666667
v 0.609115 1.000000 15.770856
v 0.636184 1.000000 15.871879
v 0.680385 1.000000 15.966667
v 0.740373 1.000000 16.052339
v 0.814327 1.000000 16.126293
v 0.900000 1.000000 16.186282
v 0.994788 1.000000 16.230482
v 1.095811 1.000000 16.257551
v 1.200000 1.000000 16.266667
v 1.304189 1.000000 16.257551
v 1.405212 1.000000 16.230482
v 1.500000 1.000000 16.186282
v 1.585673 1.000000 16.126293
v 1.659627 1.000000 16.052339
v 1.719615 1.000000 15.966667
v 1.763816 1.000000 15.871879
v 1.790885 1.000000 15.770856
v 1.800000 1.000000 15.666667
v 1.790885 1.000000 15.562478
v 1.763816 1.000000 15.461455
v 1.719615 1.000000 15.366667
v 1.659627 1.000000 15.280994
v 1.585673 1.000000 15.207040
v 1.500000 1.000000 15.147051
v 1.405212 1.000000 15.102851
v 1.304189 1.000000 15.075782
v 1.200000 1.000000 15.066667
v 1.095811 1.000000 15.075782
v 0.994788 1.000000 15.102851
v 0.900000 1.000000 15.147051
v 0.814327 1.000000 15.207040
v 0.740373 1.000000 15.280994
v 0.680385 1.000000 15.366667
v 0.636184 1.000000 15.461455
v 0.609115 1.000000 15.562478
v 1.000000 0.300000 15.666667
v 1.003038 0.300000 15.631937
v 1.012061 0.300000 15.598263
v 1.026795 0.300000 15.566667
v 1.046791 0.300000 15.538109
v 1.071442 0.300000 15.513458
v 1.100000 0.300000 15.493462
v 1.131596 0.300000 15.478728
v 1.165270 0.300000 15.469705
v 1.200000 0.300000 15.466667
v 1.234730 0.300000 15.469705
v 1.268404 0.300000 15.478728
v 1.300000 0.300000 15.493462
v 1.328558 0.300000 15.513458
v 1.353209 0.300000 15.538109
v 1.373205 0.300000 15.566667
v 1.387939 0.300000 15.598263
v 1.396962 0.300000 15.631937
v 1.400000 0.300000 15.666667
v 1.396962 0.300000 15.701396
v 1.387939 0.300000 15.735071
v 1.373205 0.300000 15.766667
v 1.353209 0.300000 15.795224
v 1.328558 0.300000 15.819876
v 1.300000 0.300000 15.839872
v 1.268404 0.300000 15.854605
v 1.234730 0.300000 15.863628
v 1.200000 0.300000 15.866667
v 1.165270 0.300000 15.863628
v 1.131596 0.300000 15.854605
v 1.100000 0.300000 15.839872
v 1.071442 0.300000 15.819876
v 1.046791 0.300000 15.795224
v 1.026795 0.300000 15.766667
v 1.012061 0.300000 15.735071
v 1.003038 0.300000 15.701396
v 0.600000 0.300000 35.666667
v 0.609115 0.300000 35.562478
v 0.636184 0.300000 35.461455
v 0.680385 0.300000 35.366667
v 0.740373 0.300000 35.280994
v 0.814327 0.300000 35.207040
v 0.900000 0.300000 35.147051
v 0.994788 0.300000 35.102851
v 1.095811 0.300000 35.075782
v 1.200000 0.300000 35.066667
v 1.304189 0.300000 35.075782
v 1.405212 0.300000 35.102851
v 1.500000 0.300000 35.147051
v 1.585673 0.300000 35.207040
v 1.659627 0.300000 35.280994
v 1.719615 0.300000 35.366667
v 1.763816 0.300000 35.461455
v 1.790885 0.300000 35.562478
v 1.800000 0.300000 35.666667
v 1.790885 0.300000 35.770856
v 1.763816 0.300000 35.871879
v 1.719615 0.300000 35.966667
v 1.659627 0.300000 36.052339
v 1.585673 0.300000 36.126293
v 1.500000 0.300000 36.186282
v 1.405212 0.300000 36.230482
v 1.304189 0.300000 36.257551
v 1.200000 0.300000 36.266667
v 1.095811 0.300000 36.257551
v 0.994788 0.300000 36.230482
v 0.900000 0.300000 36.186282
v 0.814327 0.300000 36.126293
v 0.740373 0.300000 36.052339
v 0.680385 0.300000 35.966667
v 0.636184 0.300000 35.871879
v 0.609115 0.300000 35.770856
v 0.600000 1.000000 35.666667
v 0.609115 1.000000 35.770856
v 0.636184 1.000000 35.871879
v 0.680385 1.000000 35.966667
v 0.740373 1.000000 36.052339
v 0.814327 1.000000 36.126293
v 0.900000 1.000000 36.186282
v 0.994788 1.000000 36.230482
v 1.095811 1.000000 36.257551
v 1.200000 1.000000 36.266667
v 1.304189 1.000000 36.257551
v 1.405212 1.000000 36.230482
v 1.500000 1.000000 36.186282
v 1.585673 1.000000 36.126293
v 1.659627 1.000000 36.052339
v 1.719615 1.000000 35.966667
v 1.763816 1.000000 35.871879
v 1.790885 1.000000 35.770856
v 1.800000 1.000000 35.666667
v 1.790885 1.000000 35.562478
v 1.763816 1.000000 35.461455
v 1.719615 1.000000 35.366667
v 1.659627 1.000000 35.280994
v 1.585673 1.000000 35.207040
v 1.500000 1.000000 35.147051
v 1.405212 1.000000 35.102851
v 1.304189 1.000000 35.075782
v 1.200000 1.000000 35.066667
v 1.095811 1.000000 35.075782
v 0.994788 1.000000 35.102851
v 0.900000 1.000000 35.147051
v 0.814327 1.000000 35.207040
v 0.740373 1.000000 35.280994
v 0.680385 1.000000 35.366667
v 0.636184 1.000000 35.461455
v 0.609115 1.000000 35.562478
v 1.000000 0.300000 35.666667
v 1.003038 0.300000 35.631937
v 1.012061 0.300000 35.598263
v 1.026795 0.300000 35.566667
v 1.046791 0.300000 35.538109
v 1.071442 0.300000 35.513458
v 1.100000 0.300000 35.493462
v 1.131596 0.300000 35.478728
v 1.165270 0.300000 35.469705
v 1.200000 0.300000 35.466667
v 1.234730 0.300000 35.469705
v 1.268404 0.300000 35.478728
v 1.300000 0.300000 35.493462
v 1.328558 0.300000 35.513458
v 1.353209 0.300000 35.538109
v 1.373205 0.300000 35.566667
v 1.387939 0.300000 35.598263
v 1.396962 0.300000 35.631937
v 1.400000 0.300000 35.666667
v 1.396962 0.300000 35.701396
v 1.387939 0.300000 35.735071
v 1.373205 0.300000 35.766667
v 1.353209 0.300000 35.795224
v 1.328558 0.300000 35.819876
v 1.300000 0.300000 35.839872
v 1.268404 0.300000 35.854605
v 1.234730 0.300000 35.863628
v 1.200000 0.300000 35.866667
v 1.165270 0.300000 35.863628
v 1.131596 0.300000 35.854605
v 1.100000 0.300000 35.839872
v 1.071442 0.300000 35.819876
v 1.046791 0.300000 35.795224
v 1.026795 0.300000 35.766667
v 1.012061 0.300000 35.735071
v 1.003038 0.300000 35.701396
v -0.700000 -0.300000 34.466667
v -0.700000 -0.300000 16.866667
v 0.000000 1.000000 16.866667
v -0.700000 1.000000 16.866667
v -0.700000 -0.300000 48.666667
v -0.700000 -0.300000 36.866667
v 1.000000 -0.300000 15.666667
v 1.003038 -0.300000 15.631937
v 1.012061 -0.300000 15.598263
v 1.026795 -0.300000 15.566667
v 1.046791 -0.300000 15.538109
v 1.071442 -0.300000 15.513458
v 1.100000 -0.300000 15.493462
v 1.131596 -0.300000 15.478728
v 1.165270 -0.300000 15.469705
v 1.200000 -0.300000 15.466667
v 1.234730 -0.300000 15.469705
v 1.268404 -0.300000 15.478728
v 1.300000 -0.300000 15.493462
v 1.328558 -0.300000 15.513458
v 1.353209 -0.300000 15.538109
v 1.373205 -0.300000 15.566667
v 1.387939 -0.300000 15.598263
v 1.396962 -0.300000 15.631937
v 1.400000 -0.300000 15.666667
v 1.396962 -0.300000 15.701396
v 1.387939 -0.300000 15.735071
v 1.373205 -0.300000 15.766667
v 1.353209 -0.300000 15.795224
v 1.328558 -0.300000 15.819876
v 1.300000 -0.300000 15.839872
v 1.268404 -0.300000 15.854605
v 1.234730 -0.300000 15.863628
v 1.200000 -0.300000 15.866667
v 1.165270 -0.300000 15.863628
v 1.131596 -0.300000 15.854605
v 1.100000 -0.300000 15.839872
v 1.071442 -0.300000 15.819876
v 1.046791 -0.300000 15.795224
v 1.026795 -0.300000 15.766667
v 1.012061 -0.300000 15.735071
v 1.003038 -0.300000 15.701396
v -0.700000 -0.300000 14.466667
v -0.700000 1.000000 14.466667
v 0.000000 1.000000 14.466667
v 1.000000 -0.300000 35.666667
v 1.003038 -0.300000 35.631937
v 1.012061 -0.300000 35.598263
v 1.026795 -0.300000 35.566667
v 1.046791 -0.300000 35.538109
v 1.071442 -0.300000 35.513458
v 1.100000 -0.300000 35.493462
v 1.131596 -0.300000 35.478728
v 1.165270 -0.300000 35.469705
v 1.200000 -0.300000 35.466667
v 1.234730 -0.300000 35.469705
v 1.268404 -0.300000 35.478728
v 1.300000 -0.300000 35.493462
v 1.328558 -0.300000 35.513458
v 1.353209 -0.300000 35.538109
v 1.373205 -0.300000 35.566667
v 1.387939 -0.300000 35.598263
v 1.396962 -0.300000 35.631937
v 1.400000 -0.300000 35.666667
v 1.396962 -0.300000 35.701396
v 1.387939 -0.300000 35.735071
v 1.373205 -0.300000 35.766667
v 1.353209 -0.300000 35.795224
v 1.328558 -0.300000 35.819876
v 1.300000 -0.300000 35.839872
v 1.268404 -0.300000 35.854605
v 1.234730 -0.300000 35.863628
v 1.200000 -0.300000 35.866667
v 1.165270 -0.300000 35.863628
v 1.131596 -0.300000 35.854605
v 1.100000 -0.300000 35.839872
v 1.071442 -0.300000 35.819876
v 1.046791 -0.300000 35.795224
v 1.026795 -0.300000 35.766667
v 1.012061 -0.300000 35.735071
v 1.003038 -0.300000 35.701396
v -0.700000 -0.300000 50.666667
v -1.100000 -0.550000 1.000000
v -0.700000 -1.100000 1.000000
v -0.700000 -1.100000 50.666667
v -1.100000 -0.550000 50.666667
v 2.700000 -2.700000 1.000000
v 2.769459 -2.693923 1.000000
v 2.836808 -2.675877 1.000000
v 2.900000 -2.646410 1.000000
v 2.957115 -2.606418 1.000000
v 3.006418 -2.557115 1.000000
v 3.046410 -2.500000 1.000000
v 3.075877 -2.436808 1.000000
v 3.093923 -2.369459 1.000000
v -0.300000 -2.700000 1.000000
v -0.700000 -2.300000 1.000000
v -0.693923 -2.369459 1.000000
v -0.675877 -2.436808 1.000000
v -0.646410 -2.500000 1.000000
v -0.606418 -2.557115 1.000000
v -0.557115 -2.606418 1.000000
v -0.500000 -2.646410 1.000000
v -0.436808 -2.675877 1.000000
v -0.369459 -2.693923 1.000000
v 1.600000 7.800000 6.000000
v 1.593923 7.869459 6.000000
v 1.575877 7.936808 6.000000
v 1.546410 8.000000 6.000000
v 1.506418 8.057115 6.000000
v 1.457115 8.106418 6.000000
v 1.400000 8.146410 6.000000
v 1.336808 8.175877 6.000000
v 1.269459 8.193923 6.000000
v 1.200000 8.200000 6.000000
v 1.130541 8.193923 6.000000
v 1.063192 8.175877 6.000000
v 1.000000 8.146410 6.000000
v 0.942885 8.106418 6.000000
v 0.893582 8.057115 6.000000
v 0.853590 8.000000 6.000000
v 0.824123 7.936808 6.000000
v 0.806077 7.869459 6.000000
v 0.800000 7.800000 6.000000
v 0.800000 2.200000 6.000000
v 0.806077 2.130541 6.000000
v 0.824123 2.063192 6.000000
v 0.853590 2.000000 6.000000
v 0.893582 1.942885 6.000000
v 0.942885 1.893582 6.000000
v 1.000000 1.853590 6.000000
v 1.063192 1.824123 6.000000
v 1.130541 1.806077 6.000000
v 1.200000 1.800000 6.000000
v 1.269459 1.806077 6.000000
v 1.336808 1.824123 6.000000
v 1.400000 1.853590 6.000000
v 1.457115 1.893582 6.000000
v 1.506418 1.942885 6.000000
v 1.546410 2.000000 6.000000
v 1.575877 2.063192 6.000000
v 1.593923 2.130541 6.000000
v 1.600000 2.200000 6.000000
vt -0.000000 0.471239 0.000000
vt -1.000000 0.471239 0.000000
vt -0.000000 0.366519 0.000000
vt -1.000000 0.366519 0.000000
vt -0.000000 0.261799 0.000000
vt -1.000000 0.261799 0.000000
vt -0.000000 0.157080 0.000000
vt -1.000000 0.157080 0.000000
vt -0.000000 0.052360 0.000000
vt -1.000000 0.052360 0.000000
vt -0.000000 -0.052360 0.000000
vt -1.000000 -0.052360 0.000000
vt -0.000000 -0.157080 0.000000
vt -1.000000 -0.157080 0.000000
vt -0.000000 -0.261799 0.000000
vt -1.000000 -0.261799 0.000000
vt -0.000000 -0.366519 0.000000
vt -1.000000 -0.366519 0.000000
vt -0.000000 -0.471239 0.000000
vt -1.000000 -0.471239 0.000000
vt -2.290885 -1.004189 0.000000
vt -1.700000 -1.500000 0.000000
vt -2.300000 -0.900000 0.000000
vt 1.700000 -1.500000 0.000000
vt 2.300000 -0.900000 0.000000
vt 2.290885 -1.004189 0.000000
vt 2.263816 -1.105212 0.000000
vt 2.219615 -1.200000 0.000000
vt 2.159627 -1.285673 0.000000
vt 2.085673 -1.359627 0.000000
vt 2.000000 -1.419615 0.000000
vt 1.905212 -1.463816 0.000000
vt 1.804189 -1.490885 0.000000
vt -2.263816 -1.105212 0.000000
vt -2.219615 -1.200000 0.000000
vt -2.159627 -1.285673 0.000000
vt -2.085673 -1.359627 0.000000
vt -2.000000 -1.419615 0.000000
vt -1.905212 -1.463816 0.000000
vt -1.804189 -1.490885 0.000000
vt 2.300000 1.500000 0.000000
vt -1.200000 2.000000 0.000000
vt -2.300000 2.000000 0.000000
vt 2.300000 2.000000 0.000000
vt 1.200000 2.000000 0.000000
vt 4.000000 1.000000 0.000000
vt 0.600000 1.000000 0.000000
vt 4.000000 0.000000 0.000000
vt 0.600000 0.000000 0.000000
vt -0.000000 0.471239 0.000000
vt -1.000000 0.471239 0.000000
vt -0.000000 0.366519 0.000000
vt -1.000000 0.366519 0.000000
vt -0.000000 0.261799 0.000000
vt -1.000000 0.261799 0.000000
vt -0.000000 0.157080 0.000000
vt -1.000000 0.157080 0.000000
vt -0.000000 0.052360 0.000000
vt -1.000000 0.052360 0.000000
vt -0.000000 -0.052360 0.000000
vt -1.000000 -0.052360 0.000000
vt -0.000000 -0.157080 0.000000
vt -1.000000 -0.157080 0.000000
vt -0.000000 -0.261799 0.000000
vt -1.000000 -0.261799 0.000000
vt -0.000000 -0.366519 0.000000
vt -1.000000 -0.366519 0.000000
vt -0.000000 -0.471239 0.000000
vt -1.000000 -0.471239 0.000000
vt 0.600000 -0.353553 0.000000
vt 1.700000 -0.353553 0.000000
vt 0.600000 0.353553 0.000000
vt 1.700000 0.353553 0.000000
vt -0.600000 0.353553 0.000000
vt -0.600000 -0.353553 0.000000
vt 1.800000 0.353553 0.000000
vt 1.800000 -0.353553 0.000000
vt -0.050000 -0.353553 0.000000
vt -0.050000 0.353553 0.000000
vt -1.150000 -0.353553 0.000000
vt -1.150000 0.353553 0.000000
vt -0.000000 6.000000 0.000000
vt -0.000000 0.500000 0.000000
vt 0.600000 3.200000 0.000000
vt 2.400000 0.500000 0.000000
vt 1.800000 3.200000 0.000000
vt 2.400000 6.000000 0.000000
vt 1.800000 3.400000 0.000000
vt 1.796962 3.434730 0.000000
vt 1.787939 3.468404 0.000000
vt 1.773205 3.500000 0.000000
vt 1.753209 3.528558 0.000000
vt 1.728558 3.553209 0.000000
vt 1.700000 3.573205 0.000000
vt 1.668404 3.587939 0.000000
vt 1.634730 3.596962 0.000000
vt 1.600000 3.600000 0.000000
vt 0.800000 3.600000 0.000000
vt 0.765270 3.596962 0.000000
vt 0.731596 3.587939 0.000000
vt 0.700000 3.573205 0.000000
vt 0.671442 3.553209 0.000000
vt 0.646791 3.528558 0.000000
vt 0.626795 3.500000 0.000000
vt 0.612061 3.468404 0.000000
vt 0.603038 3.434730 0.000000
vt 0.600000 3.400000 0.000000
vt 0.000000 6.000000 0.000000
vt 0.000000 0.500000 0.000000
vt 0.800000 6.000000 0.000000
vt 1.100000 0.500000 0.000000
vt 1.100000 50.666667 0.000000
vt 0.800000 50.666667 0.000000
vt -0.000000 0.500000 0.000000
vt 0.500000 0.000000 0.000000
vt -0.000000 50.666667 0.000000
vt 1.000000 50.666667 0.000000
vt 1.000000 0.000000 0.000000
vt 7.000000 -0.399570 0.000000
vt 6.000000 -0.502655 0.000000
vt 7.000000 -0.528056 0.000000
vt 6.000000 -0.628319 0.000000
vt 50.666667 -0.594898 0.000000
vt 50.666667 -0.628319 0.000000
vt 6.000000 -0.376991 0.000000
vt 7.000000 -0.271084 0.000000
vt 6.000000 -0.251327 0.000000
vt 7.000000 -0.142598 0.000000
vt 6.000000 -0.125664 0.000000
vt 7.000000 -0.014112 0.000000
vt 6.000000 0.000000 0.000000
vt 7.000000 0.114374 0.000000
vt 6.000000 0.125664 0.000000
vt 7.000000 0.242860 0.000000
vt 6.000000 0.251327 0.000000
vt 7.000000 0.371346 0.000000
vt 6.000000 0.376991 0.000000
vt 7.000000 0.499832 0.000000
vt 6.000000 0.502655 0.000000
vt 7.000000 0.628319 0.000000
vt 6.000000 0.628319 0.000000
vt 50.666667 -0.561477 0.000000
vt 50.666667 -0.528056 0.000000
vt 0.700000 50.666667 0.000000
vt 0.000000 50.666667 0.000000
vt 0.700000 48.666667 0.000000
vt 0.000000 48.666667 0.000000
vt 0.700000 36.866667 0.000000
vt 0.000000 36.866667 0.000000
vt 0.700000 34.466667 0.000000
vt 0.000000 34.466667 0.000000
vt -6.000000 -0.502655 0.000000
vt -7.000000 -0.528056 0.000000
vt -6.000000 -0.628319 0.000000
vt -50.666667 -0.594898 0.000000
vt -50.666667 -0.628319 0.000000
vt -7.000000 -0.399570 0.000000
vt -6.000000 -0.376991 0.000000
vt -7.000000 -0.271084 0.000000
vt -6.000000 -0.251327 0.000000
vt -7.000000 -0.142598 0.000000
vt -6.000000 -0.125664 0.000000
vt -7.000000 -0.014112 0.000000
vt -6.000000 0.000000 0.000000
vt -7.000000 0.114374 0.000000
vt -6.000000 0.125664 0.000000
vt -7.000000 0.242860 0.000000
vt -6.000000 0.251327 0.000000
vt -7.000000 0.371346 0.000000
vt -6.000000 0.376991 0.000000
vt -7.000000 0.499832 0.000000
vt -6.000000 0.502655 0.000000
vt -7.000000 0.628319 0.000000
vt -6.000000 0.628319 0.000000
vt -50.666667 -0.528056 0.000000
vt -50.666667 -0.561477 0.000000
vt 1.800000 6.000000 0.000000
vt 8.200000 6.000000 0.000000
vt 1.800000 7.000000 0.000000
vt 8.200000 7.000000 0.000000
vt 0.400000 34.466667 0.000000
vt 1.100000 34.466667 0.000000
vt 0.400000 36.866667 0.000000
vt 1.100000 36.866667 0.000000
vt 0.400000 48.666667 0.000000
vt 1.100000 48.666667 0.000000
vt 0.400000 50.666667 0.000000
vt 1.100000 50.666667 0.000000
vt -0.000000 50.666667 0.000000
vt -0.000000 0.500000 0.000000
vt 0.300000 6.000000 0.000000
vt 1.100000 0.500000 0.000000
vt 1.100000 6.000000 0.000000
vt 0.300000 50.666667 0.000000
vt -3.000000 0.628319 0.000000
vt -4.000000 0.628319 0.000000
vt -3.000000 0.502655 0.000000
vt -4.000000 0.502655 0.000000
vt -3.000000 0.376991 0.000000
vt -4.000000 0.376991 0.000000
vt -3.000000 0.251327 0.000000
vt -4.000000 0.251327 0.000000
vt -3.000000 0.125664 0.000000
vt -4.000000 0.125664 0.000000
vt -3.000000 -0.000000 0.000000
vt -4.000000 0.000000 0.000000
vt -3.000000 -0.125664 0.000000
vt -4.000000 -0.125664 0.000000
vt -3.000000 -0.251327 0.000000
vt -4.000000 -0.251327 0.000000
vt -3.000000 -0.376991 0.000000
vt -4.000000 -0.376991 0.000000
vt -3.000000 -0.502655 0.000000
vt -4.000000 -0.502655 0.000000
vt -3.000000 -0.628319 0.000000
vt -4.000000 -0.628319 0.000000
vt 1.600000 1.000000 0.000000
vt 0.800000 1.000000 0.000000
vt 1.600000 0.000000 0.000000
vt 0.800000 0.000000 0.000000
vt -0.393923 2.869459 0.000000
vt -0.870228 3.847214 0.000000
vt -0.400000 2.800000 0.000000
vt -0.965685 3.765685 0.000000
vt -1.200000 3.200000 0.000000
vt -1.047214 3.670228 0.000000
vt -1.112805 3.563192 0.000000
vt -0.375877 2.936808 0.000000
vt -0.647214 3.960845 0.000000
vt -0.763192 3.912805 0.000000
vt -0.525148 3.990151 0.000000
vt -0.346410 3.000000 0.000000
vt -0.400000 4.000000 0.000000
vt -0.306418 3.057115 0.000000
vt -0.257115 3.106418 0.000000
vt -0.200000 3.146410 0.000000
vt -0.136808 3.175877 0.000000
vt -0.069459 3.193923 0.000000
vt 0.000000 3.200000 0.000000
vt 0.400000 4.000000 0.000000
vt 0.069459 3.193923 0.000000
vt 0.136808 3.175877 0.000000
vt 0.200000 3.146410 0.000000
vt 0.257115 3.106418 0.000000
vt 0.306418 3.057115 0.000000
vt 0.346410 3.000000 0.000000
vt 0.525148 3.990151 0.000000
vt 0.375877 2.936808 0.000000
vt 0.647214 3.960845 0.000000
vt 0.393923 2.869459 0.000000
vt 0.763192 3.912805 0.000000
vt 0.870228 3.847214 0.000000
vt 0.400000 2.800000 0.000000
vt 0.965685 3.765685 0.000000
vt 1.200000 3.200000 0.000000
vt 1.047214 3.670228 0.000000
vt 1.112805 3.563192 0.000000
vt 1.160845 3.447214 0.000000
vt 1.190151 3.325148 0.000000
vt 1.200000 -3.200000 0.000000
vt 0.400000 -2.800000 0.000000
vt 0.393923 -2.869459 0.000000
vt 1.210296 -3.327934 0.000000
vt 0.375877 -2.936808 0.000000
vt 0.346410 -3.000000 0.000000
vt 1.240918 -3.452576 0.000000
vt 0.306418 -3.057115 0.000000
vt 0.257115 -3.106418 0.000000
vt 0.200000 -3.146410 0.000000
vt 1.291079 -3.570716 0.000000
vt 0.136808 -3.175877 0.000000
vt 1.359486 -3.679314 0.000000
vt 1.900000 -5.000000 0.000000
vt 1.444381 -3.775576 0.000000
vt 1.543576 -3.857022 0.000000
vt 1.654520 -3.921556 0.000000
vt 1.774356 -3.967519 0.000000
vt 1.900000 -3.993725 0.000000
vt 0.069459 -3.193923 0.000000
vt 0.000000 -3.200000 0.000000
vt -1.900000 -5.000000 0.000000
vt -0.069459 -3.193923 0.000000
vt -0.136808 -3.175877 0.000000
vt -0.200000 -3.146410 0.000000
vt -1.359486 -3.679314 0.000000
vt -1.444381 -3.775576 0.000000
vt -1.291079 -3.570716 0.000000
vt -0.257115 -3.106418 0.000000
vt -0.306418 -3.057115 0.000000
vt -1.240918 -3.452576 0.000000
vt -0.346410 -3.000000 0.000000
vt -1.210296 -3.327934 0.000000
vt -0.375877 -2.936808 0.000000
vt -0.393923 -2.869459 0.000000
vt -1.200000 -3.200000 0.000000
vt -0.400000 -2.800000 0.000000
vt -1.160845 3.447214 0.000000
vt -1.190151 3.325148 0.000000
vt -1.543576 -3.857022 0.000000
vt -1.654520 -3.921556 0.000000
vt -1.774356 -3.967519 0.000000
vt -1.900000 -3.993725 0.000000
vt -3.000000 0.628319 0.000000
vt -4.000000 0.628319 0.000000
vt -3.000000 0.502655 0.000000
vt -4.000000 0.502655 0.000000
vt -3.000000 0.376991 0.000000
vt -4.000000 0.376991 0.000000
vt -3.000000 0.251327 0.000000
vt -4.000000 0.251327 0.000000
vt -3.000000 0.125664 0.000000
vt -4.000000 0.125664 0.000000
vt -3.000000 -0.000000 0.000000
vt -4.000000 -0.000000 0.000000
vt -3.000000 -0.125664 0.000000
vt -4.000000 -0.125664 0.000000
vt -3.000000 -0.251327 0.000000
vt -4.000000 -0.251327 0.000000
vt -3.000000 -0.376991 0.000000
vt -4.000000 -0.376991 0.000000
vt -3.000000 -0.502655 0.000000
vt -4.000000 -0.502655 0.000000
vt -3.000000 -0.628319 0.000000
vt -4.000000 -0.628319 0.000000
vt -0.300000 -0.157080 0.000000
vt 0.300000 -0.157080 0.000000
vt -0.300000 -0.122173 0.000000
vt 0.300000 -0.122173 0.000000
vt -0.300000 -0.087266 0.000000
vt 0.300000 -0.087266 0.000000
vt -0.300000 -0.052360 0.000000
vt 0.300000 -0.052360 0.000000
vt -0.300000 -0.017453 0.000000
vt 0.300000 -0.017453 0.000000
vt -0.300000 0.017453 0.000000
vt 0.300000 0.017453 0.000000
vt -0.300000 0.052360 0.000000
vt 0.300000 0.052360 0.000000
vt -0.300000 0.087266 0.000000
vt 0.300000 0.087266 0.000000
vt -0.300000 0.122173 0.000000
vt 0.300000 0.122173 0.000000
vt -0.300000 0.157080 0.000000
vt 0.300000 0.157080 0.000000
vt 0.600000 0.157080 0.000000
vt -0.200000 0.157080 0.000000
vt 0.600000 0.122173 0.000000
vt -0.200000 0.122173 0.000000
vt 0.600000 0.087266 0.000000
vt -0.200000 0.087266 0.000000
vt 0.600000 0.052360 0.000000
vt -0.200000 0.052360 0.000000
vt 0.600000 0.017453 0.000000
vt -0.200000 0.017453 0.000000
vt 0.600000 -0.017453 0.000000
vt -0.200000 -0.017453 0.000000
vt 0.600000 -0.052360 0.000000
vt -0.200000 -0.052360 0.000000
vt 0.600000 -0.087266 0.000000
vt -0.200000 -0.087266 0.000000
vt 0.600000 -0.122173 0.000000
vt -0.200000 -0.122173 0.000000
vt 0.600000 -0.157080 0.000000
vt -0.200000 -0.157080 0.000000
vt -0.164603 -0.035781 0.000000
vt -0.156216 -0.015875 0.000000
vt -0.191063 0.000000 0.000000
vt -0.156216 0.015875 0.000000
vt -0.164603 0.035781 0.000000
vt -0.121370 0.047624 0.000000
vt -0.135700 0.062251 0.000000
vt -0.105409 0.083053 0.000000
vt -0.086523 0.047624 0.000000
vt -0.086523 0.079374 0.000000
vt -0.051676 0.047624 0.000000
vt -0.051676 0.079374 0.000000
vt -0.016829 0.047624 0.000000
vt -0.016829 0.079374 0.000000
vt 0.018018 0.047624 0.000000
vt 0.018018 0.079374 0.000000
vt 0.052865 0.047624 0.000000
vt 0.052865 0.079374 0.000000
vt 0.087711 0.047624 0.000000
vt 0.087711 0.079374 0.000000
vt 0.118317 0.062491 0.000000
vt 0.110134 0.102263 0.000000
vt -0.135700 -0.062251 0.000000
vt -0.121370 -0.047624 0.000000
vt -0.121370 -0.015875 0.000000
vt -0.086523 -0.047624 0.000000
vt -0.086523 -0.015875 0.000000
vt -0.051676 -0.047624 0.000000
vt -0.051676 -0.015875 0.000000
vt -0.016829 -0.047624 0.000000
vt -0.016829 -0.015875 0.000000
vt 0.018018 -0.047624 0.000000
vt 0.018018 -0.015875 0.000000
vt 0.052865 -0.047624 0.000000
vt 0.052865 -0.015875 0.000000
vt 0.087711 -0.047624 0.000000
vt 0.087711 -0.015875 0.000000
vt 0.122558 -0.021036 0.000000
vt 0.122558 0.021036 0.000000
vt -0.105409 -0.083053 0.000000
vt -0.086523 -0.079374 0.000000
vt -0.074309 -0.100423 0.000000
vt -0.051676 -0.079374 0.000000
vt -0.042744 -0.115782 0.000000
vt -0.016829 -0.111368 0.000000
vt -0.010944 -0.130112 0.000000
vt 0.018018 -0.111299 0.000000
vt 0.020912 -0.144193 0.000000
vt 0.052865 -0.142873 0.000000
vt 0.052659 -0.158755 0.000000
vt 0.087711 -0.142873 0.000000
vt 0.084107 -0.174623 0.000000
vt 0.098524 -0.139701 0.000000
vt 0.087711 -0.111162 0.000000
vt 0.110134 -0.102263 0.000000
vt 0.087711 -0.079374 0.000000
vt 0.118317 -0.062491 0.000000
vt 0.087711 0.015875 0.000000
vt 0.052865 0.015875 0.000000
vt 0.018018 0.015875 0.000000
vt -0.016829 0.015875 0.000000
vt -0.051676 0.015875 0.000000
vt -0.086523 0.015875 0.000000
vt -0.121370 0.015875 0.000000
vt 0.087711 0.111162 0.000000
vt 0.098524 0.139701 0.000000
vt 0.087711 0.142873 0.000000
vt 0.084107 0.174623 0.000000
vt 0.052659 0.158755 0.000000
vt 0.052865 0.142873 0.000000
vt 0.020912 0.144193 0.000000
vt 0.052865 0.111231 0.000000
vt 0.018018 0.111299 0.000000
vt -0.010944 0.130112 0.000000
vt -0.016829 0.111368 0.000000
vt -0.042744 0.115782 0.000000
vt -0.074309 0.100423 0.000000
vt -0.016829 -0.079374 0.000000
vt 0.018018 -0.079374 0.000000
vt 0.052865 -0.079374 0.000000
vt 0.052865 -0.111231 0.000000
vt -0.300000 -0.157080 0.000000
vt 0.300000 -0.157080 0.000000
vt -0.300000 -0.122173 0.000000
vt 0.300000 -0.122173 0.000000
vt -0.300000 -0.087266 0.000000
vt 0.300000 -0.087266 0.000000
vt -0.300000 -0.052360 0.000000
vt 0.300000 -0.052360 0.000000
vt -0.300000 -0.017453 0.000000
vt 0.300000 -0.017453 0.000000
vt -0.300000 0.017453 0.000000
vt 0.300000 0.017453 0.000000
vt -0.300000 0.052360 0.000000
vt 0.300000 0.052360 0.000000
vt -0.300000 0.087266 0.000000
vt 0.300000 0.087266 0.000000
vt -0.300000 0.122173 0.000000
vt 0.300000 0.122173 0.000000
vt -0.300000 0.157080 0.000000
vt 0.300000 0.157080 0.000000
vt -0.164603 -0.035781 0.000000
vt -0.156216 -0.015875 0.000000
vt -0.191063 -0.000000 0.000000
vt -0.156216 0.015875 0.000000
vt -0.164603 0.035781 0.000000
vt -0.121370 0.047624 0.000000
vt -0.135700 0.062251 0.000000
vt -0.105409 0.083053 0.000000
vt -0.086523 0.047624 0.000000
vt -0.086523 0.079374 0.000000
vt -0.051676 0.047624 0.000000
vt -0.051676 0.079374 0.000000
vt -0.016829 0.047624 0.000000
vt -0.016829 0.079374 0.000000
vt 0.018018 0.047624 0.000000
vt 0.018018 0.079374 0.000000
vt 0.052865 0.047624 0.000000
vt 0.052865 0.079374 0.000000
vt 0.087711 0.047624 0.000000
vt 0.087711 0.079374 0.000000
vt 0.118317 0.062491 0.000000
vt 0.110134 0.102263 0.000000
vt -0.135700 -0.062251 0.000000
vt -0.121370 -0.047624 0.000000
vt -0.121370 -0.015875 0.000000
vt -0.086523 -0.047624 0.000000
vt -0.086523 -0.015875 0.000000
vt -0.051676 -0.047624 0.000000
vt -0.051676 -0.015875 0.000000
vt -0.016829 -0.047624 0.000000
vt -0.016829 -0.015875 0.000000
vt 0.018018 -0.047624 0.000000
vt 0.018018 -0.015875 0.000000
vt 0.052865 -0.047624 0.000000
vt 0.052865 -0.015875 0.000000
vt 0.087711 -0.047624 0.000000
vt 0.087711 -0.015875 0.000000
vt 0.122558 -0.021036 0.000000
vt 0.087711 0.015875 0.000000
vt 0.122558 0.021036 0.000000
vt -0.105409 -0.083053 0.000000
vt -0.086523 -0.079374 0.000000
vt -0.074309 -0.100423 0.000000
vt -0.051676 -0.079374 0.000000
vt -0.042744 -0.115782 0.000000
vt -0.016829 -0.111368 0.000000
vt -0.010944 -0.130112 0.000000
vt 0.018018 -0.111299 0.000000
vt 0.020912 -0.144193 0.000000
vt 0.052865 -0.142873 0.000000
vt 0.052659 -0.158755 0.000000
vt 0.087711 -0.142873 0.000000
vt 0.084107 -0.174623 0.000000
vt 0.098524 -0.139701 0.000000
vt 0.087711 -0.111162 0.000000
vt 0.110134 -0.102263 0.000000
vt 0.087711 -0.079374 0.000000
vt 0.118317 -0.062491 0.000000
vt 0.087711 0.111162 0.000000
vt 0.098524 0.139701 0.000000
vt 0.087711 0.142873 0.000000
vt 0.084107 0.174623 0.000000
vt 0.052659 0.158755 0.000000
vt 0.052865 0.142873 0.000000
vt 0.020912 0.144193 0.000000
vt 0.052865 0.111231 0.000000
vt 0.018018 0.111299 0.000000
vt -0.010944 0.130112 0.000000
vt -0.016829 0.111368 0.000000
vt -0.042744 0.115782 0.000000
vt -0.074309 0.100423 0.000000
vt 0.052865 0.015875 0.000000
vt 0.018018 0.015875 0.000000
vt -0.016829 0.015875 0.000000
vt -0.051676 0.015875 0.000000
vt -0.086523 0.015875 0.000000
vt -0.121370 0.015875 0.000000
vt -0.016829 -0.079374 0.000000
vt 0.018018 -0.079374 0.000000
vt 0.052865 -0.079374 0.000000
vt 0.052865 -0.111231 0.000000
vt -0.200000 0.600000 0.000000
vt -0.400000 0.600000 0.000000
vt -0.200000 0.000000 0.000000
vt -0.400000 0.000000 0.000000
vt 2.733333 0.314159 0.000000
vt 2.733333 0.349066 0.000000
vt 2.533333 0.314159 0.000000
vt 2.100000 0.349066 0.000000
vt 2.100000 0.279253 0.000000
vt 1.466667 0.349066 0.000000
vt 1.466667 0.279253 0.000000
vt 0.833333 0.349066 0.000000
vt 0.833333 0.279253 0.000000
vt 0.400000 0.314159 0.000000
vt 0.200000 0.279253 0.000000
vt 0.200000 0.314159 0.000000
vt 2.100000 0.383972 0.000000
vt 2.733333 0.383972 0.000000
vt 2.100000 0.418879 0.000000
vt 2.733333 0.418879 0.000000
vt 2.100000 0.453786 0.000000
vt 2.733333 0.453786 0.000000
vt 2.100000 0.488692 0.000000
vt 2.733333 0.488692 0.000000
vt 2.100000 0.523599 0.000000
vt 2.733333 0.523599 0.000000
vt 2.100000 0.558505 0.000000
vt 2.733333 0.558505 0.000000
vt 2.100000 0.593412 0.000000
vt 2.733333 0.593412 0.000000
vt 2.733333 0.628319 0.000000
vt 1.466667 0.593412 0.000000
vt 0.400000 0.628319 0.000000
vt 0.833333 0.593412 0.000000
vt 0.400000 0.593412 0.000000
vt 0.833333 0.558505 0.000000
vt 0.400000 0.558505 0.000000
vt 0.833333 0.523599 0.000000
vt 0.400000 0.523599 0.000000
vt 0.833333 0.488692 0.000000
vt 0.400000 0.488692 0.000000
vt 0.833333 0.453786 0.000000
vt 0.400000 0.453786 0.000000
vt 0.833333 0.418879 0.000000
vt 0.400000 0.418879 0.000000
vt 0.833333 0.383972 0.000000
vt 0.400000 0.383972 0.000000
vt 0.400000 0.349066 0.000000
vt 0.833333 0.244346 0.000000
vt 0.200000 0.244346 0.000000
vt 0.833333 0.209440 0.000000
vt 0.200000 0.209440 0.000000
vt 0.833333 0.174533 0.000000
vt 0.200000 0.174533 0.000000
vt 0.833333 0.139626 0.000000
vt 0.200000 0.139626 0.000000
vt 0.833333 0.104720 0.000000
vt 0.200000 0.104720 0.000000
vt 0.833333 0.069813 0.000000
vt 0.200000 0.069813 0.000000
vt 0.833333 0.034907 0.000000
vt 0.200000 0.034907 0.000000
vt 0.200000 0.000000 0.000000
vt 1.466667 0.034907 0.000000
vt 2.533333 0.000000 0.000000
vt 2.100000 0.034907 0.000000
vt 2.533333 0.034907 0.000000
vt 2.100000 0.069813 0.000000
vt 2.533333 0.069813 0.000000
vt 2.100000 0.104720 0.000000
vt 2.533333 0.104720 0.000000
vt 2.100000 0.139626 0.000000
vt 2.533333 0.139626 0.000000
vt 2.100000 0.174533 0.000000
vt 2.533333 0.174533 0.000000
vt 2.100000 0.209440 0.000000
vt 2.533333 0.209440 0.000000
vt 2.100000 0.244346 0.000000
vt 2.533333 0.244346 0.000000
vt 2.533333 0.279253 0.000000
vt 1.466667 0.383972 0.000000
vt 1.466667 0.418879 0.000000
vt 1.466667 0.453786 0.000000
vt 1.466667 0.488692 0.000000
vt 1.466667 0.523599 0.000000
vt 1.466667 0.558505 0.000000
vt 1.466667 0.244346 0.000000
vt 1.466667 0.209440 0.000000
vt 1.466667 0.174533 0.000000
vt 1.466667 0.139626 0.000000
vt 1.466667 0.104720 0.000000
vt 1.466667 0.069813 0.000000
vt -0.000000 2.733333 0.000000
vt -0.800000 2.733333 0.000000
vt -0.000000 0.400000 0.000000
vt -0.800000 0.400000 0.000000
vt 2.733333 0.034907 0.000000
vt 2.100000 0.034907 0.000000
vt 2.733333 0.000000 0.000000
vt 1.466667 0.034907 0.000000
vt 0.400000 0.000000 0.000000
vt 0.833333 0.034907 0.000000
vt 0.400000 0.034907 0.000000
vt 0.400000 0.069813 0.000000
vt 0.833333 0.069813 0.000000
vt 0.400000 0.104720 0.000000
vt 0.833333 0.104720 0.000000
vt 0.400000 0.139626 0.000000
vt 0.833333 0.139626 0.000000
vt 0.400000 0.174533 0.000000
vt 0.833333 0.174533 0.000000
vt 0.400000 0.209440 0.000000
vt 0.833333 0.209440 0.000000
vt 0.400000 0.244346 0.000000
vt 0.833333 0.244346 0.000000
vt 0.400000 0.279253 0.000000
vt 0.833333 0.279253 0.000000
vt 0.400000 0.314159 0.000000
vt 0.833333 0.349066 0.000000
vt 0.200000 0.349066 0.000000
vt 0.200000 0.383972 0.000000
vt 0.833333 0.383972 0.000000
vt 0.200000 0.418879 0.000000
vt 0.833333 0.418879 0.000000
vt 0.200000 0.453786 0.000000
vt 0.833333 0.453786 0.000000
vt 0.200000 0.488692 0.000000
vt 0.833333 0.488692 0.000000
vt 0.200000 0.523599 0.000000
vt 0.833333 0.523599 0.000000
vt 0.200000 0.558505 0.000000
vt 0.833333 0.558505 0.000000
vt 0.200000 0.593412 0.000000
vt 0.833333 0.593412 0.000000
vt 0.200000 0.628319 0.000000
vt 1.466667 0.593412 0.000000
vt 2.533333 0.628319 0.000000
vt 2.100000 0.593412 0.000000
vt 2.533333 0.593412 0.000000
vt 2.533333 0.558505 0.000000
vt 2.100000 0.558505 0.000000
vt 2.533333 0.523599 0.000000
vt 2.100000 0.523599 0.000000
vt 2.533333 0.488692 0.000000
vt 2.100000 0.488692 0.000000
vt 2.533333 0.453786 0.000000
vt 2.100000 0.453786 0.000000
vt 2.533333 0.418879 0.000000
vt 2.100000 0.418879 0.000000
vt 2.533333 0.383972 0.000000
vt 2.100000 0.383972 0.000000
vt 2.533333 0.349066 0.000000
vt 2.100000 0.349066 0.000000
vt 2.533333 0.314159 0.000000
vt 2.100000 0.279253 0.000000
vt 2.733333 0.279253 0.000000
vt 2.733333 0.244346 0.000000
vt 2.100000 0.244346 0.000000
vt 2.733333 0.209440 0.000000
vt 2.100000 0.209440 0.000000
vt 2.733333 0.174533 0.000000
vt 2.100000 0.174533 0.000000
vt 2.733333 0.139626 0.000000
vt 2.100000 0.139626 0.000000
vt 2.733333 0.104720 0.000000
vt 2.100000 0.104720 0.000000
vt 2.733333 0.069813 0.000000
vt 2.100000 0.069813 0.000000
vt 2.733333 0.314159 0.000000
vt 0.200000 0.314159 0.000000
vt 1.466667 0.069813 0.000000
vt 1.466667 0.104720 0.000000
vt 1.466667 0.139626 0.000000
vt 1.466667 0.174533 0.000000
vt 1.466667 0.209440 0.000000
vt 1.466667 0.244346 0.000000
vt 1.466667 0.279253 0.000000
vt 1.466667 0.349066 0.000000
vt 1.466667 0.383972 0.000000
vt 1.466667 0.418879 0.000000
vt 1.466667 0.453786 0.000000
vt 1.466667 0.488692 0.000000
vt 1.466667 0.523599 0.000000
vt 1.466667 0.558505 0.000000
vt -0.200000 0.000000 0.000000
vt -0.000000 0.000000 0.000000
vt -0.200000 0.600000 0.000000
vt -0.000000 0.600000 0.000000
vt -1.034730 0.403038 0.000000
vt -1.200000 0.000000 0.000000
vt -1.000000 0.400000 0.000000
vt -0.000000 0.000000 0.000000
vt -0.200000 0.400000 0.000000
vt -0.165270 0.403038 0.000000
vt -0.131596 0.412061 0.000000
vt -0.100000 0.426795 0.000000
vt -0.071442 0.446791 0.000000
vt -0.046791 0.471442 0.000000
vt -0.026795 0.500000 0.000000
vt -0.012061 0.531596 0.000000
vt -0.003038 0.565270 0.000000
vt -0.000000 0.600000 0.000000
vt -1.068404 0.412061 0.000000
vt -1.100000 0.426795 0.000000
vt -1.128558 0.446791 0.000000
vt -1.153209 0.471442 0.000000
vt -1.173205 0.500000 0.000000
vt -1.187939 0.531596 0.000000
vt -1.196962 0.565270 0.000000
vt -1.200000 0.600000 0.000000
vt -0.000000 2.533333 0.000000
vt -0.800000 2.533333 0.000000
vt -0.000000 0.200000 0.000000
vt -0.800000 0.200000 0.000000
vt 0.750000 -0.157080 0.000000
vt 1.150000 -0.157080 0.000000
vt 0.750000 -0.122173 0.000000
vt 1.150000 -0.122173 0.000000
vt 0.750000 -0.087266 0.000000
vt 1.150000 -0.087266 0.000000
vt 0.750000 -0.052360 0.000000
vt 1.150000 -0.052360 0.000000
vt 0.750000 -0.017453 0.000000
vt 1.150000 -0.017453 0.000000
vt 0.750000 0.017453 0.000000
vt 1.150000 0.017453 0.000000
vt 0.750000 0.052360 0.000000
vt 1.150000 0.052360 0.000000
vt 0.750000 0.087266 0.000000
vt 1.150000 0.087266 0.000000
vt 0.750000 0.122173 0.000000
vt 1.150000 0.122173 0.000000
vt 0.750000 0.157080 0.000000
vt 1.150000 0.157080 0.000000
vt -0.200000 0.157080 0.000000
vt -0.200000 0.122173 0.000000
vt 0.600000 0.157080 0.000000
vt 0.600000 0.122173 0.000000
vt 0.600000 0.087266 0.000000
vt -0.200000 0.087266 0.000000
vt 0.600000 0.052360 0.000000
vt -0.200000 0.052360 0.000000
vt 0.600000 0.017453 0.000000
vt -0.200000 0.017453 0.000000
vt 0.600000 -0.017453 0.000000
vt -0.200000 -0.017453 0.000000
vt 0.600000 -0.052360 0.000000
vt -0.200000 -0.052360 0.000000
vt 0.600000 -0.087266 0.000000
vt -0.200000 -0.087266 0.000000
vt 0.600000 -0.122173 0.000000
vt -0.200000 -0.122173 0.000000
vt 0.600000 -0.157080 0.000000
vt -0.200000 -0.157080 0.000000
vt -0.098524 -0.139701 0.000000
vt -0.084107 -0.174623 0.000000
vt -0.087711 -0.142873 0.000000
vt -0.052659 -0.158755 0.000000
vt -0.052865 -0.142873 0.000000
vt -0.020912 -0.144193 0.000000
vt -0.018018 -0.111299 0.000000
vt 0.010944 -0.130112 0.000000
vt 0.016829 -0.111368 0.000000
vt 0.042744 -0.115782 0.000000
vt 0.016829 -0.079374 0.000000
vt 0.051676 -0.079374 0.000000
vt 0.016829 -0.047624 0.000000
vt 0.051676 -0.047624 0.000000
vt 0.016829 -0.015875 0.000000
vt 0.051676 -0.015875 0.000000
vt 0.016829 0.015875 0.000000
vt 0.051676 0.015875 0.000000
vt 0.016829 0.047624 0.000000
vt 0.051676 0.047624 0.000000
vt 0.016829 0.079374 0.000000
vt 0.051676 0.079374 0.000000
vt 0.016829 0.111368 0.000000
vt 0.042744 0.115782 0.000000
vt 0.010944 0.130112 0.000000
vt 0.074309 -0.100423 0.000000
vt 0.086523 -0.079374 0.000000
vt 0.086523 -0.047624 0.000000
vt 0.086523 -0.015875 0.000000
vt 0.086523 0.015875 0.000000
vt 0.086523 0.047624 0.000000
vt 0.086523 0.079374 0.000000
vt 0.074309 0.100423 0.000000
vt 0.105409 0.083053 0.000000
vt 0.121370 0.047624 0.000000
vt 0.121370 0.015875 0.000000
vt 0.135700 0.062251 0.000000
vt 0.156216 0.015875 0.000000
vt 0.164603 0.035781 0.000000
vt 0.191063 0.000000 0.000000
vt 0.156216 -0.015875 0.000000
vt 0.164603 -0.035781 0.000000
vt 0.121370 -0.047624 0.000000
vt 0.135700 -0.062251 0.000000
vt 0.105409 -0.083053 0.000000
vt -0.018018 0.111299 0.000000
vt -0.020912 0.144193 0.000000
vt -0.052865 0.142873 0.000000
vt -0.052659 0.158755 0.000000
vt -0.087711 0.142873 0.000000
vt -0.084107 0.174623 0.000000
vt -0.098524 0.139701 0.000000
vt -0.087711 0.111162 0.000000
vt -0.110134 0.102263 0.000000
vt -0.087711 0.079374 0.000000
vt -0.118317 0.062491 0.000000
vt -0.087711 0.047624 0.000000
vt -0.122558 0.021036 0.000000
vt -0.087711 0.015875 0.000000
vt -0.087711 -0.015875 0.000000
vt -0.052865 -0.015875 0.000000
vt -0.052865 -0.047624 0.000000
vt -0.018018 -0.047624 0.000000
vt -0.018018 -0.079374 0.000000
vt -0.122558 -0.021036 0.000000
vt -0.087711 -0.047624 0.000000
vt -0.052865 -0.079374 0.000000
vt -0.052865 -0.111231 0.000000
vt -0.118317 -0.062491 0.000000
vt -0.087711 -0.079374 0.000000
vt -0.087711 -0.111162 0.000000
vt -0.110134 -0.102263 0.000000
vt -0.018018 -0.015875 0.000000
vt -0.018018 0.015875 0.000000
vt -0.018018 0.047624 0.000000
vt -0.018018 0.079374 0.000000
vt 0.121370 -0.015875 0.000000
vt -0.052865 0.015875 0.000000
vt -0.052865 0.047624 0.000000
vt -0.052865 0.079374 0.000000
vt -0.052865 0.111231 0.000000
vt 0.750000 -0.157080 0.000000
vt 1.150000 -0.157080 0.000000
vt 0.750000 -0.122173 0.000000
vt 1.150000 -0.122173 0.000000
vt 0.750000 -0.087266 0.000000
vt 1.150000 -0.087266 0.000000
vt 0.750000 -0.052360 0.000000
vt 1.150000 -0.052360 0.000000
vt 0.750000 -0.017453 0.000000
vt 1.150000 -0.017453 0.000000
vt 0.750000 0.017453 0.000000
vt 1.150000 0.017453 0.000000
vt 0.750000 0.052360 0.000000
vt 1.150000 0.052360 0.000000
vt 0.750000 0.087266 0.000000
vt 1.150000 0.087266 0.000000
vt 0.750000 0.122173 0.000000
vt 1.150000 0.122173 0.000000
vt 0.750000 0.157080 0.000000
vt 1.150000 0.157080 0.000000
vt 0.052659 -0.158755 0.000000
vt 0.084107 -0.174623 0.000000
vt 0.087711 -0.142873 0.000000
vt 0.098524 -0.139701 0.000000
vt 0.087711 -0.111162 0.000000
vt 0.110134 -0.102263 0.000000
vt 0.087711 -0.079374 0.000000
vt 0.118317 -0.062491 0.000000
vt 0.087711 -0.047624 0.000000
vt 0.122558 -0.021036 0.000000
vt 0.087711 -0.015875 0.000000
vt 0.087711 0.015875 0.000000
vt 0.052865 0.015875 0.000000
vt 0.052865 0.047624 0.000000
vt 0.018018 0.047624 0.000000
vt 0.018018 0.079374 0.000000
vt -0.016829 0.079374 0.000000
vt 0.018018 0.111299 0.000000
vt -0.016829 0.111368 0.000000
vt -0.010944 0.130112 0.000000
vt -0.042744 0.115782 0.000000
vt 0.122558 0.021036 0.000000
vt 0.087711 0.047624 0.000000
vt 0.052865 0.079374 0.000000
vt 0.052865 0.111231 0.000000
vt 0.020912 0.144193 0.000000
vt 0.118317 0.062491 0.000000
vt 0.087711 0.079374 0.000000
vt 0.087711 0.111162 0.000000
vt 0.087711 0.142873 0.000000
vt 0.052865 0.142873 0.000000
vt 0.052659 0.158755 0.000000
vt 0.110134 0.102263 0.000000
vt 0.098524 0.139701 0.000000
vt 0.084107 0.174623 0.000000
vt -0.051676 0.079374 0.000000
vt -0.074309 0.100423 0.000000
vt -0.086523 0.079374 0.000000
vt -0.105409 0.083053 0.000000
vt -0.086523 0.047624 0.000000
vt -0.121370 0.047624 0.000000
vt -0.086523 0.015875 0.000000
vt -0.121370 0.015875 0.000000
vt -0.086523 -0.015875 0.000000
vt -0.121370 -0.015875 0.000000
vt -0.086523 -0.047624 0.000000
vt -0.121370 -0.047624 0.000000
vt -0.105409 -0.083053 0.000000
vt -0.135700 -0.062251 0.000000
vt -0.156216 -0.015875 0.000000
vt -0.164603 -0.035781 0.000000
vt -0.191063 0.000000 0.000000
vt -0.156216 0.015875 0.000000
vt -0.164603 0.035781 0.000000
vt -0.135700 0.062251 0.000000
vt -0.086523 -0.079374 0.000000
vt -0.074309 -0.100423 0.000000
vt -0.051676 -0.079374 0.000000
vt -0.042744 -0.115782 0.000000
vt -0.016829 -0.111368 0.000000
vt -0.010944 -0.130112 0.000000
vt 0.018018 -0.111299 0.000000
vt 0.020912 -0.144193 0.000000
vt 0.052865 -0.142873 0.000000
vt 0.052865 -0.111231 0.000000
vt 0.052865 -0.079374 0.000000
vt 0.052865 -0.047624 0.000000
vt 0.052865 -0.015875 0.000000
vt 0.018018 -0.079374 0.000000
vt -0.016829 -0.079374 0.000000
vt -0.016829 -0.047624 0.000000
vt -0.051676 -0.047624 0.000000
vt -0.051676 -0.015875 0.000000
vt 0.018018 -0.047624 0.000000
vt 0.018018 -0.015875 0.000000
vt 0.018018 0.015875 0.000000
vt -0.016829 -0.015875 0.000000
vt -0.051676 0.015875 0.000000
vt -0.016829 0.015875 0.000000
vt -0.016829 0.047624 0.000000
vt -0.051676 0.047624 0.000000
vt 1.900000 1.500000 0.000000
vt 0.400000 1.500000 0.000000
vt 1.900000 -0.800000 0.000000
vt 1.500000 -1.200000 0.000000
vt 1.893923 -0.869459 0.000000
vt 1.875877 -0.936808 0.000000
vt 1.846410 -1.000000 0.000000
vt 1.806418 -1.057115 0.000000
vt 1.757115 -1.106418 0.000000
vt 1.700000 -1.146410 0.000000
vt 1.636808 -1.175877 0.000000
vt 1.569459 -1.193923 0.000000
vt -0.400000 1.500000 0.000000
vt 0.400000 1.900000 0.000000
vt -0.400000 1.900000 0.000000
vt -1.900000 1.500000 0.000000
vt -1.900000 -0.800000 0.000000
vt -1.500000 -1.200000 0.000000
vt -1.569459 -1.193923 0.000000
vt -1.893923 -0.869459 0.000000
vt -1.875877 -0.936808 0.000000
vt -1.846410 -1.000000 0.000000
vt -1.806418 -1.057115 0.000000
vt -1.757115 -1.106418 0.000000
vt -1.700000 -1.146410 0.000000
vt -1.636808 -1.175877 0.000000
vt -0.200000 -0.000000 0.000000
vt -0.000000 0.000000 0.000000
vt -0.200000 0.400000 0.000000
vt -0.000000 0.400000 0.000000
vt -0.000000 0.400000 0.000000
vt -0.003038 0.365270 0.000000
vt -0.000000 0.000000 0.000000
vt -0.012061 0.331596 0.000000
vt -0.026795 0.300000 0.000000
vt -0.046791 0.271442 0.000000
vt -0.071442 0.246791 0.000000
vt -0.100000 0.226795 0.000000
vt -0.131596 0.212061 0.000000
vt -0.165270 0.203038 0.000000
vt -0.200000 0.200000 0.000000
vt -1.000000 0.200000 0.000000
vt -1.200000 -0.000000 0.000000
vt -1.034730 0.203038 0.000000
vt -1.068404 0.212061 0.000000
vt -1.100000 0.226795 0.000000
vt -1.128558 0.246791 0.000000
vt -1.153209 0.271442 0.000000
vt -1.173205 0.300000 0.000000
vt -1.187939 0.331596 0.000000
vt -1.196962 0.365270 0.000000
vt -1.200000 0.400000 0.000000
vt -0.200000 0.400000 0.000000
vt -0.400000 0.400000 0.000000
vt -0.200000 0.000000 0.000000
vt -0.400000 0.000000 0.000000
vt -0.400000 0.000000 0.000000
vt -0.400000 -0.600000 0.000000
vt 0.400000 0.000000 0.000000
vt 0.400000 -0.600000 0.000000
vt 1.703038 0.831937 0.000000
vt 1.700000 0.866667 0.000000
vt 0.400000 0.666667 0.000000
vt 1.700000 1.066667 0.000000
vt 0.400000 7.000000 0.000000
vt 2.900000 1.066667 0.000000
vt 4.200000 7.000000 0.000000
vt 4.200000 0.666667 0.000000
vt 2.900000 0.866667 0.000000
vt 2.896962 0.831937 0.000000
vt 2.887939 0.798263 0.000000
vt 2.873205 0.766667 0.000000
vt 2.853209 0.738109 0.000000
vt 2.828558 0.713458 0.000000
vt 2.800000 0.693462 0.000000
vt 2.768404 0.678728 0.000000
vt 2.734730 0.669705 0.000000
vt 2.700000 0.666667 0.000000
vt 1.900000 0.666667 0.000000
vt 1.865270 0.669705 0.000000
vt 1.831596 0.678728 0.000000
vt 1.800000 0.693462 0.000000
vt 1.771442 0.713458 0.000000
vt 1.746791 0.738109 0.000000
vt 1.726795 0.766667 0.000000
vt 1.712061 0.798263 0.000000
vt 0.600000 1.000000 0.000000
vt 0.600000 0.000000 0.000000
vt 2.450000 1.000000 0.000000
vt 3.500000 0.000000 0.000000
vt 2.450000 50.666667 0.000000
vt 4.000000 50.666667 0.000000
vt 4.000000 0.500000 0.000000
vt 0.400000 14.466667 0.000000
vt 1.100000 14.466667 0.000000
vt 0.400000 16.866667 0.000000
vt 1.100000 16.866667 0.000000
vt -1.100000 7.000000 0.000000
vt -2.100000 14.466667 0.000000
vt -2.106275 7.000000 0.000000
vt -2.100000 16.866667 0.000000
vt -2.100000 34.466667 0.000000
vt -0.800000 16.866667 0.000000
vt -0.800000 34.466667 0.000000
vt 0.000000 1.000000 0.000000
vt 0.000000 50.666667 0.000000
vt -1.100000 0.666667 0.000000
vt -0.800000 14.466667 0.000000
vt 1.200000 0.666667 0.000000
vt 1.200000 1.000000 0.000000
vt -0.800000 50.666667 0.000000
vt -0.800000 48.666667 0.000000
vt -0.800000 36.866667 0.000000
vt -2.100000 48.666667 0.000000
vt -2.100000 36.866667 0.000000
vt -2.106275 50.666667 0.000000
vt -2.100000 50.666667 0.000000
vt 0.700000 -1.780236 0.000000
vt -0.000000 -1.780236 0.000000
vt 0.700000 -1.884956 0.000000
vt 0.000000 -1.884956 0.000000
vt 0.700000 1.884956 0.000000
vt 0.000000 1.884956 0.000000
vt 0.700000 1.780236 0.000000
vt 0.000000 1.780236 0.000000
vt 0.700000 1.675516 0.000000
vt 0.000000 1.675516 0.000000
vt 0.700000 1.570796 0.000000
vt 0.000000 1.570796 0.000000
vt 0.700000 1.466077 0.000000
vt 0.000000 1.466077 0.000000
vt 0.700000 1.361357 0.000000
vt 0.000000 1.361357 0.000000
vt 0.700000 1.256637 0.000000
vt 0.000000 1.256637 0.000000
vt 0.700000 1.151917 0.000000
vt 0.000000 1.151917 0.000000
vt 0.700000 1.047198 0.000000
vt 0.000000 1.047198 0.000000
vt 0.700000 0.942478 0.000000
vt 0.000000 0.942478 0.000000
vt 0.700000 0.837758 0.000000
vt 0.000000 0.837758 0.000000
vt 0.700000 0.733038 0.000000
vt 0.000000 0.733038 0.000000
vt 0.700000 0.628319 0.000000
vt 0.000000 0.628319 0.000000
vt 0.700000 0.523599 0.000000
vt 0.000000 0.523599 0.000000
vt 0.700000 0.418879 0.000000
vt 0.000000 0.418879 0.000000
vt 0.700000 0.314159 0.000000
vt 0.000000 0.314159 0.000000
vt 0.700000 0.209440 0.000000
vt 0.000000 0.209440 0.000000
vt 0.700000 0.104720 0.000000
vt 0.000000 0.104720 0.000000
vt 0.700000 0.000000 0.000000
vt 0.000000 0.000000 0.000000
vt 0.700000 -0.104720 0.000000
vt 0.000000 -0.104720 0.000000
vt 0.700000 -0.209440 0.000000
vt 0.000000 -0.209440 0.000000
vt 0.700000 -0.314159 0.000000
vt 0.000000 -0.314159 0.000000
vt 0.700000 -0.418879 0.000000
vt 0.000000 -0.418879 0.000000
vt 0.700000 -0.523599 0.000000
vt 0.000000 -0.523599 0.000000
vt 0.700000 -0.628319 0.000000
vt 0.000000 -0.628319 0.000000
vt 0.700000 -0.733038 0.000000
vt 0.000000 -0.733038 0.000000
vt 0.700000 -0.837758 0.000000
vt 0.000000 -0.837758 0.000000
vt 0.700000 -0.942478 0.000000
vt 0.000000 -0.942478 0.000000
vt 0.700000 -1.047198 0.000000
vt 0.000000 -1.047198 0.000000
vt 0.700000 -1.151917 0.000000
vt 0.000000 -1.151917 0.000000
vt 0.700000 -1.256637 0.000000
vt 0.000000 -1.256637 0.000000
vt 0.700000 -1.361357 0.000000
vt -0.000000 -1.361357 0.000000
vt 0.700000 -1.466077 0.000000
vt -0.000000 -1.466077 0.000000
vt 0.700000 -1.570796 0.000000
vt 0.000000 -1.570796 0.000000
vt 0.700000 -1.675516 0.000000
vt -0.000000 -1.675516 0.000000
vt -10.034730 -0.196962 0.000000
vt -10.104189 -0.590885 0.000000
vt -10.000000 -0.200000 0.000000
vt -10.000000 -0.600000 0.000000
vt -9.895811 -0.590885 0.000000
vt -10.205212 -0.563816 0.000000
vt -10.068404 -0.187939 0.000000
vt -10.300000 -0.519615 0.000000
vt -10.100000 -0.173205 0.000000
vt -10.385673 -0.459627 0.000000
vt -10.128558 -0.153209 0.000000
vt -10.459627 -0.385673 0.000000
vt -10.153209 -0.128558 0.000000
vt -10.519615 -0.300000 0.000000
vt -10.173205 -0.100000 0.000000
vt -10.563816 -0.205212 0.000000
vt -10.187939 -0.068404 0.000000
vt -10.590885 -0.104189 0.000000
vt -10.196962 -0.034730 0.000000
vt -10.600000 0.000000 0.000000
vt -10.200000 0.000000 0.000000
vt -10.196962 0.034730 0.000000
vt -10.590885 0.104189 0.000000
vt -10.187939 0.068404 0.000000
vt -10.563816 0.205212 0.000000
vt -10.173205 0.100000 0.000000
vt -10.519615 0.300000 0.000000
vt -10.153209 0.128558 0.000000
vt -10.459627 0.385673 0.000000
vt -10.128558 0.153209 0.000000
vt -10.385673 0.459627 0.000000
vt -10.100000 0.173205 0.000000
vt -10.300000 0.519615 0.000000
vt -10.068404 0.187939 0.000000
vt -10.205212 0.563816 0.000000
vt -10.034730 0.196962 0.000000
vt -10.104189 0.590885 0.000000
vt -10.000000 0.200000 0.000000
vt -10.000000 0.600000 0.000000
vt -9.895811 0.590885 0.000000
vt -9.965270 0.196962 0.000000
vt -9.794788 0.563816 0.000000
vt -9.931596 0.187939 0.000000
vt -9.700000 0.519615 0.000000
vt -9.900000 0.173205 0.000000
vt -9.614327 0.459627 0.000000
vt -9.871442 0.153209 0.000000
vt -9.540373 0.385673 0.000000
vt -9.846791 0.128558 0.000000
vt -9.480385 0.300000 0.000000
vt -9.826795 0.100000 0.000000
vt -9.436184 0.205212 0.000000
vt -9.812061 0.068404 0.000000
vt -9.409115 0.104189 0.000000
vt -9.803038 0.034730 0.000000
vt -9.400000 0.000000 0.000000
vt -9.800000 0.000000 0.000000
vt -9.409115 -0.104189 0.000000
vt -9.803038 -0.034730 0.000000
vt -9.812061 -0.068404 0.000000
vt -9.436184 -0.205212 0.000000
vt -9.826795 -0.100000 0.000000
vt -9.480385 -0.300000 0.000000
vt -9.846791 -0.128558 0.000000
vt -9.540373 -0.385673 0.000000
vt -9.871442 -0.153209 0.000000
vt -9.614327 -0.459627 0.000000
vt -9.900000 -0.173205 0.000000
vt -9.700000 -0.519615 0.000000
vt -9.931596 -0.187939 0.000000
vt -9.794788 -0.563816 0.000000
vt -9.965270 -0.196962 0.000000
vt 0.700000 -1.780236 0.000000
vt -0.000000 -1.780236 0.000000
vt 0.700000 -1.884956 0.000000
vt 0.000000 -1.884956 0.000000
vt 0.700000 1.884956 0.000000
vt 0.000000 1.884956 0.000000
vt 0.700000 1.780236 0.000000
vt 0.000000 1.780236 0.000000
vt 0.700000 1.675516 0.000000
vt 0.000000 1.675516 0.000000
vt 0.700000 1.570796 0.000000
vt 0.000000 1.570796 0.000000
vt 0.700000 1.466077 0.000000
vt 0.000000 1.466077 0.000000
vt 0.700000 1.361357 0.000000
vt 0.000000 1.361357 0.000000
vt 0.700000 1.256637 0.000000
vt 0.000000 1.256637 0.000000
vt 0.700000 1.151917 0.000000
vt 0.000000 1.151917 0.000000
vt 0.700000 1.047198 0.000000
vt 0.000000 1.047198 0.000000
vt 0.700000 0.942478 0.000000
vt 0.000000 0.942478 0.000000
vt 0.700000 0.837758 0.000000
vt 0.000000 0.837758 0.000000
vt 0.700000 0.733038 0.000000
vt 0.000000 0.733038 0.000000
vt 0.700000 0.628319 0.000000
vt 0.000000 0.628319 0.000000
vt 0.700000 0.523599 0.000000
vt 0.000000 0.523599 0.000000
vt 0.700000 0.418879 0.000000
vt 0.000000 0.418879 0.000000
vt 0.700000 0.314159 0.000000
vt 0.000000 0.314159 0.000000
vt 0.700000 0.209440 0.000000
vt 0.000000 0.209440 0.000000
vt 0.700000 0.104720 0.000000
vt 0.000000 0.104720 0.000000
vt 0.700000 0.000000 0.000000
vt 0.000000 0.000000 0.000000
vt 0.700000 -0.104720 0.000000
vt 0.000000 -0.104720 0.000000
vt 0.700000 -0.209440 0.000000
vt 0.000000 -0.209440 0.000000
vt 0.700000 -0.314159 0.000000
vt 0.000000 -0.314159 0.000000
vt 0.700000 -0.418879 0.000000
vt 0.000000 -0.418879 0.000000
vt 0.700000 -0.523599 0.000000
vt 0.000000 -0.523599 0.000000
vt 0.700000 -0.628319 0.000000
vt 0.000000 -0.628319 0.000000
vt 0.700000 -0.733038 0.000000
vt 0.000000 -0.733038 0.000000
vt 0.700000 -0.837758 0.000000
vt 0.000000 -0.837758 0.000000
vt 0.700000 -0.942478 0.000000
vt 0.000000 -0.942478 0.000000
vt 0.700000 -1.047198 0.000000
vt -0.000000 -1.047198 0.000000
vt 0.700000 -1.151917 0.000000
vt 0.000000 -1.151917 0.000000
vt 0.700000 -1.256637 0.000000
vt -0.000000 -1.256637 0.000000
vt 0.700000 -1.361357 0.000000
vt 0.000000 -1.361357 0.000000
vt 0.700000 -1.466077 0.000000
vt -0.000000 -1.466077 0.000000
vt 0.700000 -1.570796 0.000000
vt -0.000000 -1.570796 0.000000
vt 0.700000 -1.675516 0.000000
vt -0.000000 -1.675516 0.000000
vt 9.965270 -0.196962 0.000000
vt 9.895811 -0.590885 0.000000
vt 10.000000 -0.200000 0.000000
vt 10.000000 -0.600000 0.000000
vt 10.104189 -0.590885 0.000000
vt 9.794788 -0.563816 0.000000
vt 9.931596 -0.187939 0.000000
vt 9.700000 -0.519615 0.000000
vt 9.900000 -0.173205 0.000000
vt 9.614327 -0.459627 0.000000
vt 9.871442 -0.153209 0.000000
vt 9.540373 -0.385673 0.000000
vt 9.846791 -0.128558 0.000000
vt 9.480385 -0.300000 0.000000
vt 9.826795 -0.100000 0.000000
vt 9.436184 -0.205212 0.000000
vt 9.812061 -0.068404 0.000000
vt 9.409115 -0.104189 0.000000
vt 9.803038 -0.034730 0.000000
vt 9.400000 0.000000 0.000000
vt 9.800000 0.000000 0.000000
vt 9.803038 0.034730 0.000000
vt 9.409115 0.104189 0.000000
vt 9.812061 0.068404 0.000000
vt 9.436184 0.205212 0.000000
vt 9.826795 0.100000 0.000000
vt 9.480385 0.300000 0.000000
vt 9.846791 0.128558 0.000000
vt 9.540373 0.385673 0.000000
vt 9.871442 0.153209 0.000000
vt 9.614327 0.459627 0.000000
vt 9.900000 0.173205 0.000000
vt 9.700000 0.519615 0.000000
vt 9.931596 0.187939 0.000000
vt 9.794788 0.563816 0.000000
vt 9.965270 0.196962 0.000000
vt 9.895811 0.590885 0.000000
vt 10.000000 0.200000 0.000000
vt 10.000000 0.600000 0.000000
vt 10.104189 0.590885 0.000000
vt 10.034730 0.196962 0.000000
vt 10.205212 0.563816 0.000000
vt 10.068404 0.187939 0.000000
vt 10.300000 0.519615 0.000000
vt 10.100000 0.173205 0.000000
vt 10.385673 0.459627 0.000000
vt 10.128558 0.153209 0.000000
vt 10.459627 0.385673 0.000000
vt 10.153209 0.128558 0.000000
vt 10.519615 0.300000 0.000000
vt 10.173205 0.100000 0.000000
vt 10.563816 0.205212 0.000000
vt 10.187939 0.068404 0.000000
vt 10.590885 0.104189 0.000000
vt 10.196962 0.034730 0.000000
vt 10.600000 0.000000 0.000000
vt 10.200000 0.000000 0.000000
vt 10.590885 -0.104189 0.000000
vt 10.196962 -0.034730 0.000000
vt 10.187939 -0.068404 0.000000
vt 10.563816 -0.205212 0.000000
vt 10.173205 -0.100000 0.000000
vt 10.519615 -0.300000 0.000000
vt 10.153209 -0.128558 0.000000
vt 10.459627 -0.385673 0.000000
vt 10.128558 -0.153209 0.000000
vt 10.385673 -0.459627 0.000000
vt 10.100000 -0.173205 0.000000
vt 10.300000 -0.519615 0.000000
vt 10.068404 -0.187939 0.000000
vt 10.205212 -0.563816 0.000000
vt 10.034730 -0.196962 0.000000
vt -0.000000 0.000000 0.000000
vt -0.000000 1.300000 0.000000
vt -0.700000 0.000000 0.000000
vt -3.800000 1.300000 0.000000
vt -3.100000 0.000000 0.000000
vt -3.800000 0.000000 0.000000
vt -3.800000 1.300000 0.000000
vt -3.100000 0.000000 0.000000
vt 0.000000 1.300000 0.000000
vt -0.700000 0.000000 0.000000
vt 0.000000 0.000000 0.000000
vt -3.800000 0.000000 0.000000
vt -0.000000 0.000000 0.000000
vt -0.000000 1.300000 0.000000
vt -0.700000 0.000000 0.000000
vt -3.800000 1.300000 0.000000
vt -3.100000 0.000000 0.000000
vt -3.800000 0.000000 0.000000
vt -3.800000 1.300000 0.000000
vt -3.100000 0.000000 0.000000
vt 0.000000 1.300000 0.000000
vt -0.700000 0.000000 0.000000
vt 0.000000 0.000000 0.000000
vt -3.800000 0.000000 0.000000
vt 0.700000 0.593412 0.000000
vt 1.300000 0.593412 0.000000
vt 0.700000 0.628319 0.000000
vt 1.300000 0.628319 0.000000
vt 0.700000 -0.628319 0.000000
vt 1.300000 -0.628319 0.000000
vt 0.700000 -0.593412 0.000000
vt 1.300000 -0.593412 0.000000
vt 0.700000 -0.558505 0.000000
vt 1.300000 -0.558505 0.000000
vt 0.700000 -0.523599 0.000000
vt 1.300000 -0.523599 0.000000
vt 0.700000 -0.488692 0.000000
vt 1.300000 -0.488692 0.000000
vt 0.700000 -0.453786 0.000000
vt 1.300000 -0.453786 0.000000
vt 0.700000 -0.418879 0.000000
vt 1.300000 -0.418879 0.000000
vt 0.700000 -0.383972 0.000000
vt 1.300000 -0.383972 0.000000
vt 0.700000 -0.349066 0.000000
vt 1.300000 -0.349066 0.000000
vt 0.700000 -0.314159 0.000000
vt 1.300000 -0.314159 0.000000
vt 0.700000 -0.279253 0.000000
vt 1.300000 -0.279253 0.000000
vt 0.700000 -0.244346 0.000000
vt 1.300000 -0.244346 0.000000
vt 0.700000 -0.209440 0.000000
vt 1.300000 -0.209440 0.000000
vt 0.700000 -0.174533 0.000000
vt 1.300000 -0.174533 0.000000
vt 0.700000 -0.139626 0.000000
vt 1.300000 -0.139626 0.000000
vt 0.700000 -0.104720 0.000000
vt 1.300000 -0.104720 0.000000
vt 0.700000 -0.069813 0.000000
vt 1.300000 -0.069813 0.000000
vt 0.700000 -0.034907 0.000000
vt 1.300000 -0.034907 0.000000
vt 0.700000 0.000000 0.000000
vt 1.300000 0.000000 0.000000
vt 0.700000 0.034907 0.000000
vt 1.300000 0.034907 0.000000
vt 0.700000 0.069813 0.000000
vt 1.300000 0.069813 0.000000
vt 0.700000 0.104720 0.000000
vt 1.300000 0.104720 0.000000
vt 0.700000 0.139626 0.000000
vt 1.300000 0.139626 0.000000
vt 0.700000 0.174533 0.000000
vt 1.300000 0.174533 0.000000
vt 0.700000 0.209440 0.000000
vt 1.300000 0.209440 0.000000
vt 0.700000 0.244346 0.000000
vt 1.300000 0.244346 0.000000
vt 0.700000 0.279253 0.000000
vt 1.300000 0.279253 0.000000
vt 0.700000 0.314159 0.000000
vt 1.300000 0.314159 0.000000
vt 0.700000 0.349066 0.000000
vt 1.300000 0.349066 0.000000
vt 0.700000 0.383972 0.000000
vt 1.300000 0.383972 0.000000
vt 0.700000 0.418879 0.000000
vt 1.300000 0.418879 0.000000
vt 0.700000 0.453786 0.000000
vt 1.300000 0.453786 0.000000
vt 0.700000 0.488692 0.000000
vt 1.300000 0.488692 0.000000
vt 0.700000 0.523599 0.000000
vt 1.300000 0.523599 0.000000
vt 0.700000 0.558505 0.000000
vt 1.300000 0.558505 0.000000
vt -0.000000 0.000000 0.000000
vt -0.000000 1.300000 0.000000
vt -0.700000 0.000000 0.000000
vt -3.800000 1.300000 0.000000
vt -3.100000 0.000000 0.000000
vt -3.800000 0.000000 0.000000
vt 0.700000 0.593412 0.000000
vt 1.300000 0.593412 0.000000
vt 0.700000 0.628319 0.000000
vt 1.300000 0.628319 0.000000
vt 0.700000 -0.628319 0.000000
vt 1.300000 -0.628319 0.000000
vt 0.700000 -0.593412 0.000000
vt 1.300000 -0.593412 0.000000
vt 0.700000 -0.558505 0.000000
vt 1.300000 -0.558505 0.000000
vt 0.700000 -0.523599 0.000000
vt 1.300000 -0.523599 0.000000
vt 0.700000 -0.488692 0.000000
vt 1.300000 -0.488692 0.000000
vt 0.700000 -0.453786 0.000000
vt 1.300000 -0.453786 0.000000
vt 0.700000 -0.418879 0.000000
vt 1.300000 -0.418879 0.000000
vt 0.700000 -0.383972 0.000000
vt 1.300000 -0.383972 0.000000
vt 0.700000 -0.349066 0.000000
vt 1.300000 -0.349066 0.000000
vt 0.700000 -0.314159 0.000000
vt 1.300000 -0.314159 0.000000
vt 0.700000 -0.279253 0.000000
vt 1.300000 -0.279253 0.000000
vt 0.700000 -0.244346 0.000000
vt 1.300000 -0.244346 0.000000
vt 0.700000 -0.209440 0.000000
vt 1.300000 -0.209440 0.000000
vt 0.700000 -0.174533 0.000000
vt 1.300000 -0.174533 0.000000
vt 0.700000 -0.139626 0.000000
vt 1.300000 -0.139626 0.000000
vt 0.700000 -0.104720 0.000000
vt 1.300000 -0.104720 0.000000
vt 0.700000 -0.069813 0.000000
vt 1.300000 -0.069813 0.000000
vt 0.700000 -0.034907 0.000000
vt 1.300000 -0.034907 0.000000
vt 0.700000 0.000000 0.000000
vt 1.300000 0.000000 0.000000
vt 0.700000 0.034907 0.000000
vt 1.300000 0.034907 0.000000
vt 0.700000 0.069813 0.000000
vt 1.300000 0.069813 0.000000
vt 0.700000 0.104720 0.000000
vt 1.300000 0.104720 0.000000
vt 0.700000 0.139626 0.000000
vt 1.300000 0.139626 0.000000
vt 0.700000 0.174533 0.000000
vt 1.300000 0.174533 0.000000
vt 0.700000 0.209440 0.000000
vt 1.300000 0.209440 0.000000
vt 0.700000 0.244346 0.000000
vt 1.300000 0.244346 0.000000
vt 0.700000 0.279253 0.000000
vt 1.300000 0.279253 0.000000
vt 0.700000 0.314159 0.000000
vt 1.300000 0.314159 0.000000
vt 0.700000 0.349066 0.000000
vt 1.300000 0.349066 0.000000
vt 0.700000 0.383972 0.000000
vt 1.300000 0.383972 0.000000
vt 0.700000 0.418879 0.000000
vt 1.300000 0.418879 0.000000
vt 0.700000 0.453786 0.000000
vt 1.300000 0.453786 0.000000
vt 0.700000 0.488692 0.000000
vt 1.300000 0.488692 0.000000
vt 0.700000 0.523599 0.000000
vt 1.300000 0.523599 0.000000
vt 0.700000 0.558505 0.000000
vt 1.300000 0.558505 0.000000
vt 0.700000 16.866667 0.000000
vt 0.000000 16.866667 0.000000
vt 0.700000 14.466667 0.000000
vt 0.000000 14.466667 0.000000
vt 0.000000 48.666667 0.000000
vt 3.800000 48.666667 0.000000
vt 0.000000 50.666667 0.000000
vt 3.800000 50.666667 0.000000
vt 3.800000 34.466667 0.000000
vt 1.900000 35.466667 0.000000
vt 0.000000 34.466667 0.000000
vt 1.865270 35.469705 0.000000
vt 1.831596 35.478728 0.000000
vt 3.800000 36.866667 0.000000
vt 2.100000 35.666667 0.000000
vt 2.096962 35.631937 0.000000
vt 2.087939 35.598263 0.000000
vt 0.000000 36.866667 0.000000
vt 1.900000 35.866667 0.000000
vt 1.934730 35.863628 0.000000
vt 1.968404 35.854605 0.000000
vt 1.700000 35.666667 0.000000
vt 1.703038 35.701396 0.000000
vt 1.712061 35.735071 0.000000
vt 1.726795 35.766667 0.000000
vt 1.746791 35.795224 0.000000
vt 1.771442 35.819876 0.000000
vt 1.800000 35.839872 0.000000
vt 1.831596 35.854605 0.000000
vt 1.865270 35.863628 0.000000
vt 2.000000 35.839872 0.000000
vt 2.028558 35.819876 0.000000
vt 2.053209 35.795224 0.000000
vt 2.073205 35.766667 0.000000
vt 2.087939 35.735071 0.000000
vt 2.096962 35.701396 0.000000
vt 2.073205 35.566667 0.000000
vt 2.053209 35.538109 0.000000
vt 2.028558 35.513458 0.000000
vt 2.000000 35.493462 0.000000
vt 1.968404 35.478728 0.000000
vt 1.934730 35.469705 0.000000
vt 1.800000 35.493462 0.000000
vt 1.771442 35.513458 0.000000
vt 1.746791 35.538109 0.000000
vt 1.726795 35.566667 0.000000
vt 1.712061 35.598263 0.000000
vt 1.703038 35.631937 0.000000
vt 0.000000 16.866667 0.000000
vt 1.900000 15.866667 0.000000
vt 3.800000 16.866667 0.000000
vt 1.934730 15.863628 0.000000
vt 1.968404 15.854605 0.000000
vt 0.000000 14.466667 0.000000
vt 1.700000 15.666667 0.000000
vt 1.703038 15.701396 0.000000
vt 1.712061 15.735071 0.000000
vt 3.800000 14.466667 0.000000
vt 1.900000 15.466667 0.000000
vt 1.865270 15.469705 0.000000
vt 1.831596 15.478728 0.000000
vt 2.100000 15.666667 0.000000
vt 2.096962 15.631937 0.000000
vt 2.087939 15.598263 0.000000
vt 1.726795 15.766667 0.000000
vt 1.746791 15.795224 0.000000
vt 1.771442 15.819876 0.000000
vt 1.800000 15.839872 0.000000
vt 1.831596 15.854605 0.000000
vt 1.865270 15.863628 0.000000
vt 2.000000 15.839872 0.000000
vt 2.028558 15.819876 0.000000
vt 2.053209 15.795224 0.000000
vt 2.073205 15.766667 0.000000
vt 2.087939 15.735071 0.000000
vt 2.096962 15.701396 0.000000
vt 2.073205 15.566667 0.000000
vt 2.053209 15.538109 0.000000
vt 2.028558 15.513458 0.000000
vt 2.000000 15.493462 0.000000
vt 1.968404 15.478728 0.000000
vt 1.934730 15.469705 0.000000
vt 1.800000 15.493462 0.000000
vt 1.771442 15.513458 0.000000
vt 1.746791 15.538109 0.000000
vt 1.726795 15.566667 0.000000
vt 1.712061 15.598263 0.000000
vt 1.703038 15.631937 0.000000
vt -0.000000 48.666667 0.000000
vt 2.400000 48.666667 0.000000
vt -0.000000 50.666667 0.000000
vt 2.400000 50.666667 0.000000
vt 1.790885 15.562478 0.000000
vt 2.400000 14.466667 0.000000
vt 1.800000 15.666667 0.000000
vt 2.400000 16.866667 0.000000
vt 1.790885 15.770856 0.000000
vt 1.763816 15.871879 0.000000
vt 1.719615 15.966667 0.000000
vt 1.659627 16.052339 0.000000
vt 1.585673 16.126293 0.000000
vt 1.500000 16.186282 0.000000
vt 1.405212 16.230482 0.000000
vt 1.304189 16.257551 0.000000
vt 1.200000 16.266667 0.000000
vt -0.000000 16.866667 0.000000
vt 1.095811 16.257551 0.000000
vt 0.994788 16.230482 0.000000
vt 0.900000 16.186282 0.000000
vt 0.814327 16.126293 0.000000
vt 0.740373 16.052339 0.000000
vt 0.680385 15.966667 0.000000
vt 0.636184 15.871879 0.000000
vt 0.609115 15.770856 0.000000
vt 0.600000 15.666667 0.000000
vt -0.000000 14.466667 0.000000
vt 0.609115 15.562478 0.000000
vt 0.636184 15.461455 0.000000
vt 0.680385 15.366667 0.000000
vt 0.740373 15.280994 0.000000
vt 0.814327 15.207040 0.000000
vt 0.900000 15.147051 0.000000
vt 0.994788 15.102851 0.000000
vt 1.095811 15.075782 0.000000
vt 1.200000 15.066667 0.000000
vt 1.304189 15.075782 0.000000
vt 1.405212 15.102851 0.000000
vt 1.500000 15.147051 0.000000
vt 1.585673 15.207040 0.000000
vt 1.659627 15.280994 0.000000
vt 1.719615 15.366667 0.000000
vt 1.763816 15.461455 0.000000
vt 1.790885 35.562478 0.000000
vt 2.400000 34.466667 0.000000
vt 1.800000 35.666667 0.000000
vt 2.400000 36.866667 0.000000
vt 1.790885 35.770856 0.000000
vt 1.763816 35.871879 0.000000
vt 1.719615 35.966667 0.000000
vt 1.659627 36.052339 0.000000
vt 1.585673 36.126293 0.000000
vt 1.500000 36.186282 0.000000
vt 1.405212 36.230482 0.000000
vt 1.304189 36.257551 0.000000
vt 1.200000 36.266667 0.000000
vt -0.000000 36.866667 0.000000
vt 1.095811 36.257551 0.000000
vt 0.994788 36.230482 0.000000
vt 0.900000 36.186282 0.000000
vt 0.814327 36.126293 0.000000
vt 0.740373 36.052339 0.000000
vt 0.680385 35.966667 0.000000
vt 0.636184 35.871879 0.000000
vt 0.609115 35.770856 0.000000
vt 0.600000 35.666667 0.000000
vt -0.000000 34.466667 0.000000
vt 0.609115 35.562478 0.000000
vt 0.636184 35.461455 0.000000
vt 0.680385 35.366667 0.000000
vt 0.740373 35.280994 0.000000
vt 0.814327 35.207040 0.000000
vt 0.900000 35.147051 0.000000
vt 0.994788 35.102851 0.000000
vt 1.095811 35.075782 0.000000
vt 1.200000 35.066667 0.000000
vt 1.304189 35.075782 0.000000
vt 1.405212 35.102851 0.000000
vt 1.500000 35.147051 0.000000
vt 1.585673 35.207040 0.000000
vt 1.659627 35.280994 0.000000
vt 1.719615 35.366667 0.000000
vt 1.763816 35.461455 0.000000
vt 0.000000 1.000000 0.000000
vt 0.680074 1.000000 0.000000
vt 0.000000 50.666667 0.000000
vt 0.680074 50.666667 0.000000
vt 0.000000 1.000000 0.000000
vt 0.680074 1.000000 0.000000
vt 0.000000 50.666667 0.000000
vt 0.680074 50.666667 0.000000
vt 1.900000 0.500000 0.000000
vt 1.200000 0.500000 0.000000
vt 1.900000 -0.800000 0.000000
vt -1.200000 0.500000 0.000000
vt -1.900000 -0.800000 0.000000
vt -2.300000 -0.500000 0.000000
vt -2.300000 -1.050000 0.000000
vt -1.900000 0.500000 0.000000
vt -2.000000 0.500000 0.000000
vt -2.300000 0.500000 0.000000
vt -1.900000 0.506275 0.000000
vt -1.933236 0.502791 0.000000
vt -1.966589 0.500698 0.000000
vt -1.900000 -1.600000 0.000000
vt 1.900000 -1.600000 0.000000
vt 2.300000 -1.050000 0.000000
vt 2.300000 0.500000 0.000000
vt 2.000000 0.500000 0.000000
vt 1.966589 0.500698 0.000000
vt 1.933236 0.502791 0.000000
vt 1.900000 0.506275 0.000000
vt 1.000000 0.628319 0.000000
vt 0.666667 0.628319 0.000000
vt 1.000000 0.558505 0.000000
vt 0.666667 0.558505 0.000000
vt 1.000000 0.488692 0.000000
vt 0.666667 0.488692 0.000000
vt 1.000000 0.418879 0.000000
vt 0.666667 0.418879 0.000000
vt 1.000000 0.349066 0.000000
vt 0.666667 0.349066 0.000000
vt 1.000000 0.279253 0.000000
vt 0.666667 0.279253 0.000000
vt 1.000000 0.209440 0.000000
vt 0.666667 0.209440 0.000000
vt 1.000000 0.139626 0.000000
vt 0.666667 0.139626 0.000000
vt 1.000000 0.069813 0.000000
vt 0.666667 0.069813 0.000000
vt 1.000000 0.000000 0.000000
vt 0.666667 0.000000 0.000000
vt 0.000000 0.666667 0.000000
vt 3.000000 0.666667 0.000000
vt 0.000000 1.000000 0.000000
vt 3.000000 1.000000 0.000000
vt 1.850000 1.000000 0.000000
vt -0.000000 1.000000 0.000000
vt 1.850000 0.000000 0.000000
vt -0.550000 0.000000 0.000000
vt -0.550000 50.666667 0.000000
vt -0.000000 50.666667 0.000000
vt 2.000000 34.466667 0.000000
vt 3.300000 16.866667 0.000000
vt 3.300000 34.466667 0.000000
vt 3.306275 7.000000 0.000000
vt 3.306275 50.666667 0.000000
vt 2.000000 36.866667 0.000000
vt 1.200000 50.666667 0.000000
vt 1.200000 1.000000 0.000000
vt 2.000000 16.866667 0.000000
vt 2.000000 14.466667 0.000000
vt 2.300000 7.000000 0.000000
vt 3.300000 14.466667 0.000000
vt 2.000000 48.666667 0.000000
vt 3.300000 36.866667 0.000000
vt 3.300000 48.666667 0.000000
vt 3.300000 50.666667 0.000000
vt 2.000000 50.666667 0.000000
vt 0.000000 1.000000 0.000000
vt 0.000000 0.666667 0.000000
vt 2.300000 0.666667 0.000000
vt 1.000000 0.628319 0.000000
vt 0.666667 0.628319 0.000000
vt 1.000000 0.558505 0.000000
vt 0.666667 0.558505 0.000000
vt 1.000000 0.488692 0.000000
vt 0.666667 0.488692 0.000000
vt 1.000000 0.418879 0.000000
vt 0.666667 0.418879 0.000000
vt 1.000000 0.349066 0.000000
vt 0.666667 0.349066 0.000000
vt 1.000000 0.279253 0.000000
vt 0.666667 0.279253 0.000000
vt 1.000000 0.209440 0.000000
vt 0.666667 0.209440 0.000000
vt 1.000000 0.139626 0.000000
vt 0.666667 0.139626 0.000000
vt 1.000000 0.069813 0.000000
vt 0.666667 0.069813 0.000000
vt 1.000000 0.000000 0.000000
vt 0.666667 0.000000 0.000000
vt 1.804189 -1.490885 0.000000
vt 1.569459 -1.193923 0.000000
vt 1.700000 -1.500000 0.000000
vt 1.500000 -1.200000 0.000000
vt -1.500000 -1.200000 0.000000
vt 1.905212 -1.463816 0.000000
vt 1.636808 -1.175877 0.000000
vt 2.000000 -1.419615 0.000000
vt 2.085673 -1.359627 0.000000
vt 1.700000 -1.146410 0.000000
vt 2.159627 -1.285673 0.000000
vt 1.757115 -1.106418 0.000000
vt 2.219615 -1.200000 0.000000
vt 1.806418 -1.057115 0.000000
vt 2.263816 -1.105212 0.000000
vt 1.846410 -1.000000 0.000000
vt 2.290885 -1.004189 0.000000
vt 1.875877 -0.936808 0.000000
vt 2.300000 -0.900000 0.000000
vt 1.893923 -0.869459 0.000000
vt 1.900000 -0.800000 0.000000
vt 1.900000 0.400000 0.000000
vt 2.300000 0.950000 0.000000
vt -1.700000 -1.500000 0.000000
vt -1.569459 -1.193923 0.000000
vt -1.804189 -1.490885 0.000000
vt -1.905212 -1.463816 0.000000
vt -1.636808 -1.175877 0.000000
vt -2.000000 -1.419615 0.000000
vt -2.085673 -1.359627 0.000000
vt -1.700000 -1.146410 0.000000
vt -2.159627 -1.285673 0.000000
vt -1.757115 -1.106418 0.000000
vt -2.219615 -1.200000 0.000000
vt -1.806418 -1.057115 0.000000
vt -2.263816 -1.105212 0.000000
vt -1.846410 -1.000000 0.000000
vt -2.290885 -1.004189 0.000000
vt -1.875877 -0.936808 0.000000
vt -2.300000 -0.900000 0.000000
vt -1.893923 -0.869459 0.000000
vt -1.900000 -0.800000 0.000000
vt -1.900000 0.400000 0.000000
vt -2.300000 0.950000 0.000000
vt -0.800000 7.000000 0.000000
vt -7.200000 7.000000 0.000000
vt -0.800000 6.000000 0.000000
vt -7.200000 6.000000 0.000000
vt 1.190151 3.325148 0.000000
vt 1.160845 3.447214 0.000000
vt 1.200000 3.200000 0.000000
vt 1.112805 3.563192 0.000000
vt 1.047214 3.670228 0.000000
vt 0.393923 2.869459 0.000000
vt 0.965685 3.765685 0.000000
vt 0.870228 3.847214 0.000000
vt 0.763192 3.912805 0.000000
vt 0.375877 2.936808 0.000000
vt 0.647214 3.960845 0.000000
vt 0.346410 3.000000 0.000000
vt 0.525148 3.990151 0.000000
vt 0.306418 3.057115 0.000000
vt 0.400000 4.000000 0.000000
vt 0.257115 3.106418 0.000000
vt 0.200000 3.146410 0.000000
vt 0.136808 3.175877 0.000000
vt 0.069459 3.193923 0.000000
vt -0.000000 3.200000 0.000000
vt -0.400000 4.000000 0.000000
vt -0.069459 3.193923 0.000000
vt -0.136808 3.175877 0.000000
vt -0.200000 3.146410 0.000000
vt -0.257115 3.106418 0.000000
vt -0.306418 3.057115 0.000000
vt -0.525148 3.990151 0.000000
vt -0.346410 3.000000 0.000000
vt -0.647214 3.960845 0.000000
vt -0.375877 2.936808 0.000000
vt -0.763192 3.912805 0.000000
vt -0.393923 2.869459 0.000000
vt -0.870228 3.847214 0.000000
vt -0.965685 3.765685 0.000000
vt -1.047214 3.670228 0.000000
vt -1.200000 3.200000 0.000000
vt -0.400000 2.800000 0.000000
vt -1.200000 -3.200000 0.000000
vt -0.400000 -2.800000 0.000000
vt -0.393923 -2.869459 0.000000
vt -0.375877 -2.936808 0.000000
vt -1.209849 -3.325148 0.000000
vt -1.200000 -4.000000 0.000000
vt -1.239155 -3.447214 0.000000
vt -1.287195 -3.563192 0.000000
vt -1.112805 3.563192 0.000000
vt -1.160845 3.447214 0.000000
vt -1.190151 3.325148 0.000000
vt -1.352786 -3.670228 0.000000
vt -1.434315 -3.765685 0.000000
vt -1.529772 -3.847214 0.000000
vt -1.636808 -3.912805 0.000000
vt -1.752786 -3.960845 0.000000
vt -1.874852 -3.990151 0.000000
vt -2.000000 -4.000000 0.000000
vt 1.200000 -4.000000 0.000000
vt -0.000000 -3.200000 0.000000
vt -0.069459 -3.193923 0.000000
vt -0.136808 -3.175877 0.000000
vt 2.000000 -4.000000 0.000000
vt 1.874852 -3.990151 0.000000
vt 1.752786 -3.960845 0.000000
vt 1.636808 -3.912805 0.000000
vt 1.529772 -3.847214 0.000000
vt 1.434315 -3.765685 0.000000
vt 1.352786 -3.670228 0.000000
vt 1.287195 -3.563192 0.000000
vt 1.239155 -3.447214 0.000000
vt 1.209849 -3.325148 0.000000
vt 1.200000 -3.200000 0.000000
vt 0.375877 -2.936808 0.000000
vt 0.346410 -3.000000 0.000000
vt 0.306418 -3.057115 0.000000
vt 0.257115 -3.106418 0.000000
vt 0.400000 2.800000 0.000000
vt 0.400000 -2.800000 0.000000
vt 0.393923 -2.869459 0.000000
vt 0.200000 -3.146410 0.000000
vt 0.136808 -3.175877 0.000000
vt 0.069459 -3.193923 0.000000
vt -0.200000 -3.146410 0.000000
vt -0.257115 -3.106418 0.000000
vt -0.306418 -3.057115 0.000000
vt -0.346410 -3.000000 0.000000
vt 1.000000 -1.256637 0.000000
vt 0.000000 -1.256637 0.000000
vt 1.000000 -1.326450 0.000000
vt 0.000000 -1.326450 0.000000
vt 1.000000 -1.396263 0.000000
vt -0.000000 -1.396263 0.000000
vt 1.000000 -1.466077 0.000000
vt 0.000000 -1.466077 0.000000
vt 1.000000 -1.535890 0.000000
vt 0.000000 -1.535890 0.000000
vt 1.000000 -1.605703 0.000000
vt 0.000000 -1.605703 0.000000
vt 1.000000 -1.675516 0.000000
vt 0.000000 -1.675516 0.000000
vt 1.000000 -1.745329 0.000000
vt 0.000000 -1.745329 0.000000
vt 1.000000 -1.815142 0.000000
vt -0.000000 -1.815142 0.000000
vt 1.000000 -1.884956 0.000000
vt -0.000000 -1.884956 0.000000
vt 1.000000 -1.954769 0.000000
vt -0.000000 -1.954769 0.000000
vt 1.000000 -2.024582 0.000000
vt 0.000000 -2.024582 0.000000
vt 1.000000 -2.094395 0.000000
vt 0.000000 -2.094395 0.000000
vt 1.000000 -2.164208 0.000000
vt 0.000000 -2.164208 0.000000
vt 1.000000 -2.234021 0.000000
vt 0.000000 -2.234021 0.000000
vt 1.000000 -2.303835 0.000000
vt 0.000000 -2.303835 0.000000
vt 1.000000 -2.373648 0.000000
vt -0.000000 -2.373648 0.000000
vt 1.000000 -2.443461 0.000000
vt 0.000000 -2.443461 0.000000
vt 1.000000 -2.513274 0.000000
vt 0.000000 -2.513274 0.000000
vt -0.000000 0.000000 0.000000
vt 5.600000 0.000000 0.000000
vt -0.000000 1.000000 0.000000
vt 5.600000 1.000000 0.000000
vt 1.000000 -1.256637 0.000000
vt 0.000000 -1.256637 0.000000
vt 1.000000 -1.326450 0.000000
vt 0.000000 -1.326450 0.000000
vt 1.000000 -1.396263 0.000000
vt 0.000000 -1.396263 0.000000
vt 1.000000 -1.466077 0.000000
vt 0.000000 -1.466077 0.000000
vt 1.000000 -1.535890 0.000000
vt 0.000000 -1.535890 0.000000
vt 1.000000 -1.605703 0.000000
vt 0.000000 -1.605703 0.000000
vt 1.000000 -1.675516 0.000000
vt -0.000000 -1.675516 0.000000
vt 1.000000 -1.745329 0.000000
vt 0.000000 -1.745329 0.000000
vt 1.000000 -1.815142 0.000000
vt 0.000000 -1.815142 0.000000
vt 1.000000 -1.884956 0.000000
vt 0.000000 -1.884956 0.000000
vt 1.000000 -1.954769 0.000000
vt 0.000000 -1.954769 0.000000
vt 1.000000 -2.024582 0.000000
vt 0.000000 -2.024582 0.000000
vt 1.000000 -2.094395 0.000000
vt -0.000000 -2.094395 0.000000
vt 1.000000 -2.164208 0.000000
vt 0.000000 -2.164208 0.000000
vt 1.000000 -2.234021 0.000000
vt 0.000000 -2.234021 0.000000
vt 1.000000 -2.303835 0.000000
vt 0.000000 -2.303835 0.000000
vt 1.000000 -2.373648 0.000000
vt 0.000000 -2.373648 0.000000
vt 1.000000 -2.443461 0.000000
vt 0.000000 -2.443461 0.000000
vt 1.000000 -2.513274 0.000000
vt 0.000000 -2.513274 0.000000
vt 0.000000 0.000000 0.000000
vt 5.600000 0.000000 0.000000
vt 0.000000 1.000000 0.000000
vt 5.600000 1.000000 0.000000
vn 1.000000 -0.000000 -0.000000
vn 1.000000 -0.000000 -0.000000
vn 0.984808 -0.173648 -0.000000
vn 0.984808 -0.173648 -0.000000
vn 0.939693 -0.342020 -0.000000
vn 0.939693 -0.342020 -0.000000
vn 0.866025 -0.500000 -0.000000
vn 0.866025 -0.500000 -0.000000
vn 0.766044 -0.642788 -0.000000
vn 0.766044 -0.642788 -0.000000
vn 0.642788 -0.766044 -0.000000
vn 0.642788 -0.766044 -0.000000
vn 0.500000 -0.866025 -0.000000
vn 0.500000 -0.866025 -0.000000
vn 0.342020 -0.939693 -0.000000
vn 0.342020 -0.939693 -0.000000
vn 0.173648 -0.984808 -0.000000
vn 0.173648 -0.984808 -0.000000
vn -0.000000 -1.000000 -0.000000
vn -0.000000 -1.000000 -0.000000
vn -0.000000 0.000000 -1.000000
vn -0.000000 0.000000 -1.000000
vn -0.000000 0.000000 -1.000000
vn -0.000000 0.000000 -1.000000
vn -0.000000 0.000000 -1.000000
vn -0.000000 0.000000 -1.000000
vn -0.000000 0.000000 -1.000000
vn -0.000000 0.000000 -1.000000
vn -0.000000 0.000000 -1.000000
vn -0.000000 0.000000 -1.000000
vn -0.000000 0.000000 -1.000000
vn -0.000000 0.000000 -1.000000
vn -0.000000 0.000000 -1.000000
vn -0.000000 0.000000 -1.000000
vn -0.000000 0.000000 -1.000000
vn -0.000000 0.000000 -1.000000
vn -0.000000 0.000000 -1.000000
vn -0.000000 0.000000 -1.000000
vn -0.000000 0.000000 -1.000000
vn -0.000000 0.000000 -1.000000
vn -0.000000 0.000000 -1.000000
vn -0.000000 0.000000 -1.000000
vn -0.000000 0.000000 -1.000000
vn -0.000000 0.000000 -1.000000
vn -0.000000 0.000000 -1.000000
vn -0.000000 -1.000000 0.000000
vn -0.000000 -1.000000 0.000000
vn -0.173648 -0.984808 0.000000
vn -0.173648 -0.984808 0.000000
vn -0.342020 -0.939693 0.000000
vn -0.342020 -0.939693 0.000000
vn -0.500000 -0.866025 0.000000
vn -0.500000 -0.866025 0.000000
vn -0.642788 -0.766044 0.000000
vn -0.642788 -0.766044 0.000000
vn -0.766044 -0.642788 0.000000
vn -0.766044 -0.642788 0.000000
vn -0.866025 -0.500000 0.000000
vn -0.866025 -0.500000 0.000000
vn -0.939693 -0.342020 0.000000
vn -0.939693 -0.342020 0.000000
vn -0.984808 -0.173648 0.000000
vn -0.984808 -0.173648 0.000000
vn -1.000000 -0.000000 0.000000
vn -1.000000 -0.000000 0.000000
vn 0.000000 0.707107 -0.707107
vn 0.000000 0.707107 -0.707107
vn 0.000000 0.707107 -0.707107
vn 0.000000 0.707107 -0.707107
vn -0.000000 0.707107 -0.707107
vn -0.000000 0.707107 -0.707107
vn -0.000000 0.707107 -0.707107
vn -0.000000 0.707107 -0.707107
vn -0.000000 0.707107 -0.707107
vn -0.000000 0.707107 -0.707107
vn -0.000000 0.707107 -0.707107
vn -0.000000 0.707107 -0.707107
vn 0.000000 1.000000 0.000000
vn 0.000000 1.000000 0.000000
vn 0.000000 1.000000 0.000000
vn 0.000000 1.000000 0.000000
vn 0.000000 1.000000 0.000000
vn 0.000000 1.000000 0.000000
vn 0.000000 1.000000 0.000000
vn 0.000000 1.000000 0.000000
vn 0.000000 1.000000 0.000000
vn 0.000000 1.000000 0.000000
vn 0.000000 1.000000 0.000000
vn 0.000000 1.000000 0.000000
vn 0.000000 1.000000 0.000000
vn 0.000000 1.000000 0.000000
vn 0.000000 1.000000 0.000000
vn 0.000000 1.000000 0.000000
vn 0.000000 1.000000 0.000000
vn 0.000000 1.000000 0.000000
vn 0.000000 1.000000 0.000000
vn 0.000000 1.000000 0.000000
vn 0.000000 1.000000 0.000000
vn 0.000000 1.000000 0.000000
vn 0.000000 1.000000 0.000000
vn 0.000000 1.000000 0.000000
vn 0.000000 1.000000 0.000000
vn 0.000000 1.000000 0.000000
vn 0.000000 1.000000 -0.000000
vn 0.000000 1.000000 -0.000000
vn 0.000000 1.000000 -0.000000
vn 0.000000 1.000000 -0.000000
vn 0.000000 1.000000 -0.000000
vn 0.000000 1.000000 -0.000000
vn -1.000000 -0.000000 0.000000
vn -1.000000 -0.000000 0.000000
vn -1.000000 -0.000000 0.000000
vn -1.000000 -0.000000 0.000000
vn -1.000000 -0.000000 0.000000
vn -0.282055 0.959398 0.000000
vn -0.156434 0.987688 0.000000
vn -0.125000 0.992157 0.000000
vn -0.041764 0.999128 0.000000
vn -0.309017 0.951057 0.000000
vn -0.431850 0.901945 0.000000
vn -0.453990 0.891007 0.000000
vn -0.570530 0.821277 0.000000
vn -0.587785 0.809017 0.000000
vn -0.694524 0.719469 0.000000
vn -0.707107 0.707107 0.000000
vn -0.800642 0.599143 0.000000
vn -0.809017 0.587785 0.000000
vn -0.886152 0.463395 0.000000
vn -0.891007 0.453991 0.000000
vn -0.948852 0.315720 0.000000
vn -0.951057 0.309017 0.000000
vn -0.987130 0.159918 0.000000
vn -0.987688 0.156434 0.000000
vn -1.000000 0.000000 0.000000
vn -1.000000 0.000000 0.000000
vn -0.083455 0.996512 0.000000
vn -0.125000 0.992157 0.000000
vn 0.000000 1.000000 -0.000000
vn 0.000000 1.000000 -0.000000
vn 0.000000 1.000000 -0.000000
vn 0.000000 1.000000 -0.000000
vn 0.000000 1.000000 -0.000000
vn 0.000000 1.000000 -0.000000
vn 0.000000 1.000000 -0.000000
vn 0.000000 1.000000 -0.000000
vn 0.156434 0.987688 0.000000
vn 0.125000 0.992157 0.000000
vn -0.000000 1.000000 0.000000
vn 0.041764 0.999128 0.000000
vn -0.000000 1.000000 0.000000
vn 0.282055 0.959398 0.000000
vn 0.309017 0.951057 0.000000
vn 0.431850 0.901945 0.000000
vn 0.453990 0.891007 0.000000
vn 0.570530 0.821277 0.000000
vn 0.587785 0.809017 0.000000
vn 0.694524 0.719469 0.000000
vn 0.707107 0.707107 0.000000
vn 0.800642 0.599143 0.000000
vn 0.809017 0.587785 0.000000
vn 0.886152 0.463395 0.000000
vn 0.891007 0.453991 0.000000
vn 0.948852 0.315720 0.000000
vn 0.951057 0.309017 0.000000
vn 0.987130 0.159918 0.000000
vn 0.987688 0.156434 0.000000
vn 1.000000 -0.000000 0.000000
vn 1.000000 -0.000000 0.000000
vn 0.125000 0.992157 0.000000
vn 0.083455 0.996512 0.000000
vn 1.000000 0.000000 0.000000
vn 1.000000 0.000000 0.000000
vn -0.000000 1.000000 0.000000
vn -0.000000 1.000000 0.000000
vn -0.000000 1.000000 0.000000
vn -0.000000 1.000000 0.000000
vn -0.000000 1.000000 0.000000
vn -0.000000 1.000000 0.000000
vn -0.000000 1.000000 0.000000
vn -0.000000 1.000000 0.000000
vn -0.000000 1.000000 0.000000
vn -0.000000 1.000000 0.000000
vn -0.000000 1.000000 0.000000
vn -0.000000 1.000000 0.000000
vn -1.000000 -0.000000 0.000000
vn -1.000000 -0.000000 0.000000
vn -0.987688 0.156434 -0.000000
vn -0.987688 0.156434 -0.000000
vn -0.951057 0.309017 -0.000000
vn -0.951057 0.309017 -0.000000
vn -0.891007 0.453990 -0.000000
vn -0.891007 0.453990 -0.000000
vn -0.809017 0.587785 -0.000000
vn -0.809017 0.587785 -0.000000
vn -0.707107 0.707107 -0.000000
vn -0.707107 0.707107 -0.000000
vn -0.587785 0.809017 -0.000000
vn -0.587785 0.809017 -0.000000
vn -0.453990 0.891007 -0.000000
vn -0.453990 0.891007 -0.000000
vn -0.309017 0.951057 -0.000000
vn -0.309017 0.951057 -0.000000
vn -0.156434 0.987688 -0.000000
vn -0.156434 0.987688 -0.000000
vn 0.000000 1.000000 -0.000000
vn 0.000000 1.000000 -0.000000
vn 0.000000 1.000000 -0.000000
vn 0.000000 1.000000 -0.000000
vn 0.000000 0.000000 1.000000
vn 0.000000 0.000000 1.000000
vn 0.000000 0.000000 1.000000
vn 0.000000 0.000000 1.000000
vn 0.000000 0.000000 1.000000
vn 0.000000 0.000000 1.000000
vn 0.000000 0.000000 1.000000
vn 0.000000 0.000000 1.000000
vn 0.000000 0.000000 1.000000
vn 0.000000 0.000000 1.000000
vn 0.000000 0.000000 1.000000
vn 0.000000 0.000000 1.000000
vn 0.000000 0.000000 1.000000
vn 0.000000 0.000000 1.000000
vn 0.000000 0.000000 1.000000
vn 0.000000 0.000000 1.000000
vn 0.000000 0.000000 1.000000
vn 0.000000 0.000000 1.000000
vn 0.000000 0.000000 1.000000
vn 0.000000 0.000000 1.000000
vn 0.000000 0.000000 1.000000
vn 0.000000 0.000000 1.000000
vn 0.000000 0.000000 1.000000
vn 0.000000 0.000000 1.000000
vn 0.000000 0.000000 1.000000
vn 0.000000 0.000000 1.000000
vn 0.000000 0.000000 1.000000
vn 0.000000 0.000000 1.000000
vn 0.000000 0.000000 1.000000
vn 0.000000 0.000000 1.000000
vn 0.000000 0.000000 1.000000
vn 0.000000 0.000000 1.000000
vn 0.000000 0.000000 1.000000
vn 0.000000 0.000000 1.000000
vn 0.000000 0.000000 1.000000
vn 0.000000 0.000000 1.000000
vn 0.000000 0.000000 1.000000
vn 0.000000 0.000000 1.000000
vn 0.000000 0.000000 1.000000
vn 0.000000 0.000000 1.000000
vn 0.000000 0.000000 1.000000
vn 0.000000 0.000000 1.000000
vn 0.000000 0.000000 1.000000
vn 0.000000 0.000000 1.000000
vn 0.000000 0.000000 1.000000
vn 0.000000 0.000000 1.000000
vn 0.000000 0.000000 1.000000
vn 0.000000 0.000000 1.000000
vn 0.000000 0.000000 1.000000
vn 0.000000 0.000000 1.000000
vn 0.000000 0.000000 1.000000
vn 0.000000 0.000000 1.000000
vn 0.000000 0.000000 1.000000
vn 0.000000 0.000000 1.000000
vn 0.000000 0.000000 1.000000
vn 0.000000 0.000000 1.000000
vn 0.000000 0.000000 1.000000
vn 0.000000 0.000000 1.000000
vn 0.000000 0.000000 1.000000
vn 0.000000 0.000000 1.000000
vn 0.000000 0.000000 1.000000
vn 0.000000 0.000000 1.000000
vn 0.000000 0.000000 1.000000
vn 0.000000 0.000000 1.000000
vn 0.000000 0.000000 1.000000
vn 0.000000 0.000000 1.000000
vn 0.000000 0.000000 1.000000
vn 0.000000 0.000000 1.000000
vn 0.000000 0.000000 1.000000
vn 0.000000 0.000000 1.000000
vn 0.000000 0.000000 1.000000
vn 0.000000 0.000000 1.000000
vn 0.000000 0.000000 1.000000
vn 0.000000 0.000000 1.000000
vn 0.000000 0.000000 1.000000
vn 0.000000 0.000000 1.000000
vn 0.000000 0.000000 1.000000
vn 0.000000 0.000000 1.000000
vn 0.000000 0.000000 1.000000
vn 0.000000 0.000000 1.000000
vn 0.000000 0.000000 1.000000
vn 0.000000 0.000000 1.000000
vn 0.156434 0.987688 -0.000000
vn 0.156434 0.987688 -0.000000
vn 0.309017 0.951057 -0.000000
vn 0.309017 0.951057 -0.000000
vn 0.453990 0.891007 -0.000000
vn 0.453990 0.891007 -0.000000
vn 0.587785 0.809017 -0.000000
vn 0.587785 0.809017 -0.000000
vn 0.707107 0.707107 -0.000000
vn 0.707107 0.707107 -0.000000
vn 0.809017 0.587785 -0.000000
vn 0.809017 0.587785 -0.000000
vn 0.891007 0.453990 -0.000000
vn 0.891007 0.453990 -0.000000
vn 0.951057 0.309017 -0.000000
vn 0.951057 0.309017 -0.000000
vn 0.987688 0.156434 -0.000000
vn 0.987688 0.156434 -0.000000
vn 0.000000 0.000000 -1.000000
vn -0.000000 0.000000 -1.000000
vn 0.173648 0.000000 -0.984808
vn 0.173648 0.000000 -0.984808
vn 0.342020 0.000000 -0.939693
vn 0.342020 0.000000 -0.939693
vn 0.500000 0.000000 -0.866025
vn 0.500000 0.000000 -0.866025
vn 0.642788 0.000000 -0.766044
vn 0.642788 0.000000 -0.766044
vn 0.766044 0.000000 -0.642788
vn 0.766044 0.000000 -0.642788
vn 0.866025 0.000000 -0.500000
vn 0.866025 0.000000 -0.500000
vn 0.939693 0.000000 -0.342020
vn 0.939693 0.000000 -0.342020
vn 0.984808 0.000000 -0.173648
vn 0.984808 0.000000 -0.173648
vn 1.000000 0.000000 0.000000
vn 1.000000 0.000000 -0.000000
vn -0.000000 1.000000 0.000000
vn -0.000000 1.000000 0.000000
vn -0.000000 0.984808 -0.173648
vn -0.000000 0.984808 -0.173648
vn -0.000000 0.939693 -0.342020
vn -0.000000 0.939693 -0.342020
vn -0.000000 0.866025 -0.500000
vn -0.000000 0.866025 -0.500000
vn -0.000000 0.766044 -0.642788
vn -0.000000 0.766044 -0.642788
vn -0.000000 0.642788 -0.766044
vn -0.000000 0.642788 -0.766044
vn -0.000000 0.500000 -0.866025
vn -0.000000 0.500000 -0.866025
vn -0.000000 0.342020 -0.939693
vn -0.000000 0.342020 -0.939693
vn -0.000000 0.173648 -0.984808
vn -0.000000 0.173648 -0.984808
vn -0.000000 -0.000000 -1.000000
vn 0.080844 0.161656 -0.983530
vn 0.000000 -0.000000 -1.000000
vn 0.161656 0.080844 -0.983530
vn 0.173648 -0.000000 -0.984808
vn 0.366672 0.088662 -0.926116
vn 0.342020 -0.000000 -0.939693
vn 0.500000 -0.000000 -0.866025
vn 0.491403 0.184144 -0.851242
vn 0.562687 0.059438 -0.824531
vn 0.601255 0.274051 -0.750592
vn 0.677165 0.141249 -0.722147
vn 0.692899 0.355658 -0.627214
vn 0.771138 0.218783 -0.597896
vn 0.763563 0.426497 -0.484843
vn 0.841761 0.289692 -0.455540
vn 0.811105 0.484420 -0.327791
vn 0.886894 0.351829 -0.299390
vn 0.834085 0.527675 -0.160812
vn 0.905172 0.403313 -0.134174
vn 0.866025 0.500000 -0.000000
vn 0.939693 0.342020 -0.000000
vn 0.088662 0.366672 -0.926116
vn 0.193171 0.286648 -0.938359
vn 0.184144 0.491403 -0.851242
vn 0.299649 0.402961 -0.864773
vn 0.274051 0.601255 -0.750592
vn 0.397053 0.507071 -0.765002
vn 0.355658 0.692899 -0.627214
vn 0.482434 0.595827 -0.642065
vn 0.426497 0.763563 -0.484843
vn 0.553206 0.666540 -0.499687
vn 0.484420 0.811105 -0.327791
vn 0.607227 0.717070 -0.342177
vn 0.527675 0.834085 -0.160812
vn 0.642861 0.745887 -0.174306
vn 0.642788 0.766044 -0.000000
vn 0.766044 0.642788 -0.000000
vn 0.059438 0.562687 -0.824531
vn 0.141249 0.677165 -0.722147
vn 0.074235 0.828873 -0.554489
vn 0.145532 0.899366 -0.412263
vn 0.071197 0.976413 -0.203833
vn 0.140097 0.989135 -0.044548
vn 0.173648 0.984808 -0.000000
vn 0.272834 0.957356 -0.095027
vn 0.342020 0.939693 -0.000000
vn 0.403313 0.905172 -0.134174
vn 0.500000 0.866025 -0.000000
vn 0.745887 0.642861 -0.174306
vn 0.717070 0.607227 -0.342177
vn 0.666540 0.553206 -0.499687
vn 0.595827 0.482434 -0.642065
vn 0.507071 0.397053 -0.765002
vn 0.402961 0.299649 -0.864773
vn 0.286648 0.193171 -0.938359
vn 0.957356 0.272834 -0.095027
vn 0.984808 0.173648 -0.000000
vn 0.989135 0.140097 -0.044548
vn 0.984808 -0.000000 -0.173648
vn 0.976413 0.071197 -0.203833
vn 0.939693 -0.000000 -0.342020
vn 0.942629 0.212414 -0.257549
vn 0.899366 0.145532 -0.412263
vn 0.866025 -0.000000 -0.500000
vn 0.828873 0.074235 -0.554489
vn 0.766044 -0.000000 -0.642788
vn 0.642788 -0.000000 -0.766044
vn 0.218783 0.771138 -0.597896
vn 0.289692 0.841761 -0.455540
vn 0.351829 0.886894 -0.299390
vn 0.212414 0.942629 -0.257549
vn -1.000000 -0.000000 0.000000
vn -1.000000 -0.000000 0.000000
vn -0.984808 0.000000 -0.173648
vn -0.984808 0.000000 -0.173648
vn -0.939693 0.000000 -0.342020
vn -0.939693 0.000000 -0.342020
vn -0.866025 0.000000 -0.500000
vn -0.866025 0.000000 -0.500000
vn -0.766044 0.000000 -0.642788
vn -0.766044 0.000000 -0.642788
vn -0.642788 0.000000 -0.766044
vn -0.642788 0.000000 -0.766044
vn -0.500000 0.000000 -0.866025
vn -0.500000 0.000000 -0.866025
vn -0.342020 0.000000 -0.939693
vn -0.342020 0.000000 -0.939693
vn -0.173648 0.000000 -0.984808
vn -0.173648 0.000000 -0.984808
vn -0.000000 0.000000 -1.000000
vn 0.000000 0.000000 -1.000000
vn -0.173648 -0.000000 -0.984808
vn -0.161656 0.080844 -0.983530
vn -0.080844 0.161656 -0.983530
vn -0.088662 0.366672 -0.926116
vn -0.184144 0.491403 -0.851242
vn -0.059438 0.562687 -0.824531
vn -0.274051 0.601255 -0.750592
vn -0.141249 0.677165 -0.722147
vn -0.355658 0.692899 -0.627214
vn -0.218783 0.771138 -0.597896
vn -0.426497 0.763563 -0.484843
vn -0.289692 0.841761 -0.455540
vn -0.484420 0.811105 -0.327791
vn -0.351829 0.886894 -0.299390
vn -0.527675 0.834085 -0.160812
vn -0.403313 0.905172 -0.134174
vn -0.500000 0.866025 -0.000000
vn -0.342020 0.939693 -0.000000
vn -0.342020 -0.000000 -0.939693
vn -0.366672 0.088662 -0.926116
vn -0.286648 0.193171 -0.938359
vn -0.491403 0.184144 -0.851242
vn -0.402961 0.299649 -0.864773
vn -0.601255 0.274051 -0.750593
vn -0.507071 0.397053 -0.765002
vn -0.692899 0.355658 -0.627214
vn -0.595827 0.482434 -0.642065
vn -0.763563 0.426497 -0.484843
vn -0.666540 0.553206 -0.499687
vn -0.811105 0.484420 -0.327791
vn -0.717070 0.607227 -0.342177
vn -0.834085 0.527675 -0.160812
vn -0.745887 0.642861 -0.174306
vn -0.766044 0.642788 -0.000000
vn -0.642861 0.745887 -0.174306
vn -0.642788 0.766044 -0.000000
vn -0.500000 -0.000000 -0.866025
vn -0.562687 0.059438 -0.824531
vn -0.642788 -0.000000 -0.766044
vn -0.677165 0.141249 -0.722147
vn -0.766044 -0.000000 -0.642788
vn -0.828873 0.074235 -0.554489
vn -0.866025 -0.000000 -0.500000
vn -0.899366 0.145532 -0.412263
vn -0.939693 -0.000000 -0.342020
vn -0.976413 0.071197 -0.203833
vn -0.984808 -0.000000 -0.173648
vn -0.989135 0.140097 -0.044548
vn -0.984808 0.173648 -0.000000
vn -0.957356 0.272834 -0.095027
vn -0.939693 0.342020 -0.000000
vn -0.905172 0.403313 -0.134174
vn -0.866025 0.500000 -0.000000
vn -0.272834 0.957356 -0.095027
vn -0.173648 0.984808 -0.000000
vn -0.140097 0.989135 -0.044548
vn -0.071197 0.976413 -0.203833
vn -0.212414 0.942629 -0.257549
vn -0.145532 0.899366 -0.412263
vn -0.074235 0.828873 -0.554489
vn -0.607227 0.717070 -0.342177
vn -0.553206 0.666540 -0.499687
vn -0.482434 0.595827 -0.642065
vn -0.397053 0.507071 -0.765002
vn -0.299649 0.402961 -0.864773
vn -0.193171 0.286648 -0.938359
vn -0.771138 0.218783 -0.597896
vn -0.841761 0.289692 -0.455540
vn -0.886894 0.351829 -0.299390
vn -0.942629 0.212414 -0.257549
vn 1.000000 0.000000 0.000000
vn 1.000000 0.000000 0.000000
vn 0.984808 0.173648 -0.000000
vn 0.984808 -0.173648 0.000000
vn 0.984808 0.173648 -0.000000
vn 0.984808 -0.173648 0.000000
vn 0.984808 0.173648 -0.000000
vn 0.984808 -0.173648 0.000000
vn 1.000000 -0.000000 0.000000
vn 0.984808 -0.173648 0.000000
vn 1.000000 -0.000000 0.000000
vn 0.939693 0.342020 -0.000000
vn 0.866025 0.500000 -0.000000
vn 0.766044 0.642788 -0.000000
vn 0.642788 0.766044 -0.000000
vn 0.500000 0.866025 -0.000000
vn 0.342020 0.939693 -0.000000
vn 0.173648 0.984808 -0.000000
vn 0.173648 0.984808 -0.000000
vn 0.000000 1.000000 -0.000000
vn 0.173648 0.984808 -0.000000
vn 0.173648 0.984808 -0.000000
vn 0.342020 0.939693 -0.000000
vn 0.342020 0.939693 -0.000000
vn 0.500000 0.866025 -0.000000
vn 0.500000 0.866025 -0.000000
vn 0.642788 0.766044 -0.000000
vn 0.642788 0.766044 -0.000000
vn 0.766044 0.642788 -0.000000
vn 0.766044 0.642788 -0.000000
vn 0.866025 0.500000 -0.000000
vn 0.866025 0.500000 -0.000000
vn 0.939693 0.342020 -0.000000
vn 0.939693 0.342020 -0.000000
vn 0.984808 0.173648 -0.000000
vn 0.939693 -0.342020 0.000000
vn 0.939693 -0.342020 0.000000
vn 0.866025 -0.500000 0.000000
vn 0.866025 -0.500000 0.000000
vn 0.766044 -0.642788 0.000000
vn 0.766044 -0.642788 0.000000
vn 0.642788 -0.766044 0.000000
vn 0.642788 -0.766044 0.000000
vn 0.500000 -0.866025 0.000000
vn 0.500000 -0.866025 0.000000
vn 0.342020 -0.939693 0.000000
vn 0.342020 -0.939693 0.000000
vn 0.173648 -0.984808 0.000000
vn 0.173648 -0.984808 0.000000
vn 0.000000 -1.000000 0.000000
vn 0.173648 -0.984808 0.000000
vn 0.000000 -1.000000 0.000000
vn 0.173648 -0.984808 0.000000
vn 0.173648 -0.984808 0.000000
vn 0.342020 -0.939693 0.000000
vn 0.342020 -0.939693 0.000000
vn 0.500000 -0.866025 0.000000
vn 0.500000 -0.866025 0.000000
vn 0.642788 -0.766044 0.000000
vn 0.642788 -0.766044 0.000000
vn 0.766044 -0.642788 0.000000
vn 0.766044 -0.642788 0.000000
vn 0.866025 -0.500000 0.000000
vn 0.866025 -0.500000 0.000000
vn 0.939693 -0.342020 0.000000
vn 0.939693 -0.342020 0.000000
vn 0.984808 -0.173648 0.000000
vn 0.939693 0.342020 -0.000000
vn 0.866025 0.500000 -0.000000
vn 0.766044 0.642788 -0.000000
vn 0.642788 0.766044 -0.000000
vn 0.500000 0.866025 -0.000000
vn 0.342020 0.939693 -0.000000
vn 0.939693 -0.342020 0.000000
vn 0.866025 -0.500000 0.000000
vn 0.766044 -0.642788 0.000000
vn 0.642788 -0.766044 0.000000
vn 0.500000 -0.866025 0.000000
vn 0.342020 -0.939693 0.000000
vn -0.000000 1.000000 -0.000000
vn -0.173648 0.984808 0.000000
vn -0.173648 0.984808 0.000000
vn -0.173648 0.984808 0.000000
vn -0.173648 0.984808 0.000000
vn -0.342020 0.939693 0.000000
vn -0.342020 0.939693 0.000000
vn -0.500000 0.866025 0.000000
vn -0.500000 0.866025 0.000000
vn -0.642788 0.766044 0.000000
vn -0.642788 0.766044 0.000000
vn -0.766044 0.642788 0.000000
vn -0.766044 0.642788 0.000000
vn -0.866025 0.500000 0.000000
vn -0.866025 0.500000 0.000000
vn -0.939693 0.342020 0.000000
vn -0.939693 0.342020 0.000000
vn -0.984808 0.173648 0.000000
vn -0.984808 0.173648 0.000000
vn -1.000000 -0.000000 0.000000
vn -0.984808 -0.173648 0.000000
vn -0.984808 -0.173648 0.000000
vn -0.939693 -0.342020 0.000000
vn -0.939693 -0.342020 0.000000
vn -0.866025 -0.500000 0.000000
vn -0.866025 -0.500000 0.000000
vn -0.766044 -0.642788 0.000000
vn -0.766044 -0.642788 0.000000
vn -0.642788 -0.766044 0.000000
vn -0.642788 -0.766044 0.000000
vn -0.500000 -0.866025 0.000000
vn -0.500000 -0.866025 0.000000
vn -0.342020 -0.939693 0.000000
vn -0.342020 -0.939693 0.000000
vn -0.173648 -0.984808 0.000000
vn -0.173648 -0.984808 0.000000
vn -0.000000 -1.000000 0.000000
vn -0.173648 -0.984808 0.000000
vn -0.000000 -1.000000 0.000000
vn -0.173648 -0.984808 0.000000
vn -0.173648 -0.984808 0.000000
vn -0.342020 -0.939693 0.000000
vn -0.342020 -0.939693 0.000000
vn -0.500000 -0.866025 0.000000
vn -0.500000 -0.866025 0.000000
vn -0.642788 -0.766044 0.000000
vn -0.642788 -0.766044 0.000000
vn -0.766044 -0.642788 0.000000
vn -0.766044 -0.642788 0.000000
vn -0.866025 -0.500000 0.000000
vn -0.866025 -0.500000 0.000000
vn -0.939693 -0.342020 0.000000
vn -0.939693 -0.342020 0.000000
vn -0.984808 -0.173648 0.000000
vn -0.984808 -0.173648 0.000000
vn -1.000000 0.000000 0.000000
vn -0.984808 0.173648 0.000000
vn -0.939693 0.342020 0.000000
vn -0.866025 0.500000 0.000000
vn -0.766044 0.642788 0.000000
vn -0.642788 0.766044 0.000000
vn -0.500000 0.866025 0.000000
vn -0.342020 0.939693 0.000000
vn -1.000000 0.000000 0.000000
vn -0.342020 0.939693 0.000000
vn -0.500000 0.866025 0.000000
vn -0.642788 0.766044 0.000000
vn -0.766044 0.642788 0.000000
vn -0.866025 0.500000 0.000000
vn -0.939693 0.342020 0.000000
vn -0.984808 0.173648 0.000000
vn -0.984808 -0.173648 0.000000
vn -0.939693 -0.342020 0.000000
vn -0.866025 -0.500000 0.000000
vn -0.766044 -0.642788 0.000000
vn -0.642788 -0.766044 0.000000
vn -0.500000 -0.866025 0.000000
vn -0.342020 -0.939693 0.000000
vn -1.000000 -0.000000 0.000000
vn -0.000000 -0.000000 1.000000
vn -0.000000 -0.000000 1.000000
vn -0.000000 -0.000000 1.000000
vn -0.000000 -0.000000 1.000000
vn -0.000000 -0.000000 1.000000
vn -0.000000 -0.000000 1.000000
vn -0.000000 -0.000000 1.000000
vn -0.000000 -0.000000 1.000000
vn -0.000000 -0.000000 1.000000
vn -0.000000 -0.000000 1.000000
vn -0.000000 -0.000000 1.000000
vn -0.000000 -0.000000 1.000000
vn -0.000000 -0.000000 1.000000
vn -0.000000 -0.000000 1.000000
vn -0.000000 -0.000000 1.000000
vn -0.000000 -0.000000 1.000000
vn -0.000000 -0.000000 1.000000
vn -0.000000 -0.000000 1.000000
vn -0.000000 -0.000000 1.000000
vn -0.000000 -0.000000 1.000000
vn -0.000000 -0.000000 1.000000
vn -0.000000 -0.000000 1.000000
vn -1.000000 0.000000 0.000000
vn -0.984808 0.000000 0.173648
vn -0.984808 0.000000 0.173648
vn -0.939693 0.000000 0.342020
vn -0.939693 0.000000 0.342020
vn -0.866025 0.000000 0.500000
vn -0.866025 0.000000 0.500000
vn -0.766044 0.000000 0.642788
vn -0.766044 0.000000 0.642788
vn -0.642788 0.000000 0.766044
vn -0.642788 0.000000 0.766044
vn -0.500000 0.000000 0.866025
vn -0.500000 0.000000 0.866025
vn -0.342020 0.000000 0.939693
vn -0.342020 0.000000 0.939693
vn -0.173648 0.000000 0.984808
vn -0.173648 0.000000 0.984808
vn 0.000000 -0.000000 1.000000
vn 0.000000 -0.000000 1.000000
vn 0.000000 -0.173648 0.984808
vn 0.000000 -0.000000 1.000000
vn 0.000000 -0.173648 0.984808
vn 0.000000 -0.342020 0.939693
vn 0.000000 -0.342020 0.939693
vn 0.000000 -0.500000 0.866025
vn 0.000000 -0.500000 0.866025
vn 0.000000 -0.642788 0.766044
vn 0.000000 -0.642788 0.766044
vn 0.000000 -0.766044 0.642788
vn 0.000000 -0.766044 0.642788
vn 0.000000 -0.866025 0.500000
vn 0.000000 -0.866025 0.500000
vn 0.000000 -0.939693 0.342020
vn 0.000000 -0.939693 0.342020
vn 0.000000 -0.984808 0.173648
vn 0.000000 -0.984808 0.173648
vn -0.140097 -0.989135 0.044548
vn -0.071197 -0.976413 0.203833
vn -0.145532 -0.899366 0.412263
vn -0.074235 -0.828873 0.554489
vn -0.218783 -0.771138 0.597896
vn -0.141249 -0.677165 0.722147
vn -0.355658 -0.692899 0.627214
vn -0.274051 -0.601255 0.750592
vn -0.482434 -0.595827 0.642065
vn -0.397053 -0.507071 0.765002
vn -0.595827 -0.482434 0.642065
vn -0.507071 -0.397053 0.765002
vn -0.692899 -0.355658 0.627214
vn -0.601255 -0.274051 0.750592
vn -0.771138 -0.218783 0.597896
vn -0.677165 -0.141249 0.722147
vn -0.828873 -0.074235 0.554489
vn -0.766044 -0.000000 0.642788
vn -0.866025 0.000000 0.500000
vn -0.059438 -0.562687 0.824531
vn -0.184144 -0.491403 0.851242
vn -0.299649 -0.402961 0.864773
vn -0.402961 -0.299649 0.864773
vn -0.491403 -0.184144 0.851242
vn -0.562687 -0.059438 0.824531
vn -0.642788 -0.000000 0.766044
vn -0.500000 -0.000000 0.866025
vn -0.366672 -0.088662 0.926116
vn -0.286648 -0.193171 0.938359
vn -0.342020 -0.000000 0.939693
vn -0.161656 -0.080844 0.983530
vn -0.173648 -0.000000 0.984808
vn -0.000000 -0.000000 1.000000
vn -0.080844 -0.161656 0.983530
vn -0.088662 -0.366672 0.926116
vn -0.899366 -0.145532 0.412263
vn -0.939693 0.000000 0.342020
vn -0.976413 -0.071197 0.203833
vn -0.984808 0.000000 0.173648
vn -0.989135 -0.140097 0.044548
vn -0.957356 -0.272834 0.095027
vn -0.905172 -0.403313 0.134174
vn -0.834085 -0.527675 0.160812
vn -0.745887 -0.642861 0.174306
vn -0.642861 -0.745887 0.174306
vn -0.607227 -0.717070 0.342177
vn -0.484420 -0.811105 0.327791
vn -0.426497 -0.763563 0.484843
vn -0.289692 -0.841761 0.455540
vn -0.527675 -0.834085 0.160812
vn -0.351829 -0.886894 0.299390
vn -0.212414 -0.942629 0.257549
vn -0.403313 -0.905172 0.134174
vn -0.272834 -0.957356 0.095027
vn -0.553206 -0.666540 0.499687
vn -0.666540 -0.553206 0.499687
vn -0.763563 -0.426497 0.484843
vn -0.841761 -0.289692 0.455540
vn -0.193171 -0.286648 0.938359
vn -0.717070 -0.607227 0.342177
vn -0.811105 -0.484420 0.327791
vn -0.886894 -0.351829 0.299390
vn -0.942629 -0.212414 0.257549
vn -0.000000 -0.000000 1.000000
vn 0.000000 -0.000000 1.000000
vn 0.173648 -0.000000 0.984808
vn 0.173648 -0.000000 0.984808
vn 0.342020 -0.000000 0.939693
vn 0.342020 -0.000000 0.939693
vn 0.500000 -0.000000 0.866025
vn 0.500000 -0.000000 0.866025
vn 0.642788 -0.000000 0.766044
vn 0.642788 -0.000000 0.766044
vn 0.766044 -0.000000 0.642788
vn 0.766044 -0.000000 0.642788
vn 0.866025 -0.000000 0.500000
vn 0.866025 -0.000000 0.500000
vn 0.939693 -0.000000 0.342020
vn 0.939693 -0.000000 0.342020
vn 0.984808 -0.000000 0.173648
vn 0.984808 -0.000000 0.173648
vn 1.000000 -0.000000 -0.000000
vn 0.989135 -0.044548 0.140097
vn 0.984808 -0.000000 0.173648
vn 0.957356 -0.095027 0.272834
vn 0.939693 -0.000000 0.342020
vn 0.905172 -0.134174 0.403313
vn 0.866025 -0.000000 0.500000
vn 0.834085 -0.160812 0.527675
vn 0.766044 -0.000000 0.642788
vn 0.745887 -0.174306 0.642861
vn 0.642861 -0.174306 0.745887
vn 0.607227 -0.342177 0.717070
vn 0.484420 -0.327791 0.811105
vn 0.426497 -0.484843 0.763563
vn 0.289692 -0.455540 0.841761
vn 0.218783 -0.597896 0.771138
vn 0.145532 -0.412263 0.899366
vn 0.074235 -0.554489 0.828873
vn 0.642788 -0.000000 0.766044
vn 0.527675 -0.160812 0.834085
vn 0.351829 -0.299390 0.886894
vn 0.212414 -0.257549 0.942629
vn 0.500000 -0.000000 0.866025
vn 0.403313 -0.134174 0.905172
vn 0.272834 -0.095027 0.957356
vn 0.140097 -0.044548 0.989135
vn 0.071197 -0.203833 0.976413
vn 0.342020 -0.000000 0.939693
vn 0.173648 -0.000000 0.984808
vn 0.141249 -0.722147 0.677165
vn 0.059438 -0.824531 0.562687
vn 0.184144 -0.851242 0.491403
vn 0.088662 -0.926116 0.366672
vn 0.299649 -0.864773 0.402961
vn 0.193171 -0.938359 0.286648
vn 0.402961 -0.864773 0.299649
vn 0.286648 -0.938359 0.193171
vn 0.491403 -0.851242 0.184144
vn 0.366672 -0.926116 0.088662
vn 0.161656 -0.983530 0.080844
vn 0.080844 -0.983530 0.161656
vn 0.562687 -0.824531 0.059438
vn 0.677165 -0.722147 0.141249
vn 0.828873 -0.554489 0.074235
vn 0.899366 -0.412263 0.145532
vn 0.976413 -0.203833 0.071197
vn 0.942629 -0.257549 0.212414
vn 0.886894 -0.299390 0.351829
vn 0.811105 -0.327791 0.484420
vn 0.717070 -0.342177 0.607227
vn 0.841761 -0.455540 0.289692
vn 0.771138 -0.597896 0.218783
vn 0.692899 -0.627214 0.355658
vn 0.601255 -0.750592 0.274051
vn 0.507071 -0.765002 0.397053
vn 0.763563 -0.484843 0.426497
vn 0.666540 -0.499687 0.553206
vn 0.553206 -0.499687 0.666540
vn 0.595827 -0.642065 0.482434
vn 0.397053 -0.765002 0.507071
vn 0.482434 -0.642065 0.595827
vn 0.355658 -0.627214 0.692899
vn 0.274051 -0.750593 0.601255
vn 0.000000 0.000000 1.000000
vn 0.000000 0.000000 1.000000
vn 0.000000 0.000000 1.000000
vn 0.000000 0.000000 1.000000
vn 0.000000 0.000000 1.000000
vn 0.000000 0.000000 1.000000
vn 0.000000 0.000000 1.000000
vn 0.000000 0.000000 1.000000
vn 0.000000 0.000000 1.000000
vn 0.000000 0.000000 1.000000
vn 0.000000 0.000000 1.000000
vn 0.000000 0.000000 1.000000
vn 0.000000 0.000000 1.000000
vn 0.000000 0.000000 1.000000
vn 0.000000 0.000000 1.000000
vn 0.000000 0.000000 1.000000
vn 0.000000 0.000000 1.000000
vn 0.000000 0.000000 1.000000
vn 0.000000 0.000000 1.000000
vn 0.000000 0.000000 1.000000
vn 0.000000 0.000000 1.000000
vn 0.000000 0.000000 1.000000
vn -1.000000 0.000000 -0.000000
vn -0.000000 -0.000000 -1.000000
vn -0.000000 -0.000000 -1.000000
vn -0.000000 -0.000000 -1.000000
vn -0.000000 -0.000000 -1.000000
vn -0.000000 -0.000000 -1.000000
vn -0.000000 -0.000000 -1.000000
vn -0.000000 -0.000000 -1.000000
vn -0.000000 -0.000000 -1.000000
vn -0.000000 -0.000000 -1.000000
vn -0.000000 -0.000000 -1.000000
vn -0.000000 -0.000000 -1.000000
vn -0.000000 -0.000000 -1.000000
vn -0.000000 -0.000000 -1.000000
vn -0.000000 -0.000000 -1.000000
vn -0.000000 -0.000000 -1.000000
vn -0.000000 -0.000000 -1.000000
vn -0.000000 -0.000000 -1.000000
vn -0.000000 -0.000000 -1.000000
vn -0.000000 -0.000000 -1.000000
vn -0.000000 -0.000000 -1.000000
vn -0.000000 -0.000000 -1.000000
vn -0.000000 -0.000000 -1.000000
vn 1.000000 -0.000000 -0.000000
vn -0.000000 -1.000000 0.000000
vn -0.000000 -1.000000 0.000000
vn -0.000000 -1.000000 0.000000
vn -0.000000 -1.000000 0.000000
vn -0.000000 -1.000000 0.000000
vn -0.000000 -1.000000 0.000000
vn -0.000000 -1.000000 0.000000
vn -0.000000 -1.000000 0.000000
vn -0.000000 -1.000000 0.000000
vn -0.000000 -1.000000 0.000000
vn -0.000000 -1.000000 0.000000
vn -0.000000 -1.000000 0.000000
vn -0.000000 -1.000000 0.000000
vn -0.000000 -1.000000 0.000000
vn -0.000000 -1.000000 0.000000
vn -0.000000 -1.000000 0.000000
vn -0.000000 -1.000000 0.000000
vn -0.000000 -1.000000 0.000000
vn -0.000000 -1.000000 0.000000
vn -0.000000 -1.000000 0.000000
vn -0.000000 -1.000000 0.000000
vn -0.000000 -1.000000 0.000000
vn -0.000000 -1.000000 0.000000
vn -0.000000 -1.000000 0.000000
vn -0.000000 -1.000000 0.000000
vn -0.000000 -1.000000 0.000000
vn 1.000000 0.000000 -0.000000
vn 1.000000 0.000000 -0.000000
vn 1.000000 0.000000 -0.000000
vn 1.000000 0.000000 -0.000000
vn 1.000000 0.000000 -0.000000
vn -0.000000 1.000000 0.000000
vn -0.000000 1.000000 0.000000
vn -0.000000 1.000000 0.000000
vn -0.000000 1.000000 0.000000
vn -1.000000 0.000000 0.000000
vn -1.000000 0.000000 0.000000
vn -1.000000 0.000000 0.000000
vn -1.000000 0.000000 0.000000
vn -1.000000 0.000000 0.000000
vn -1.000000 0.000000 0.000000
vn -1.000000 0.000000 0.000000
vn -1.000000 0.000000 0.000000
vn -1.000000 0.000000 0.000000
vn -1.000000 0.000000 0.000000
vn -1.000000 0.000000 0.000000
vn -1.000000 0.000000 0.000000
vn -1.000000 0.000000 0.000000
vn -1.000000 0.000000 0.000000
vn -1.000000 0.000000 0.000000
vn -1.000000 0.000000 0.000000
vn -1.000000 0.000000 0.000000
vn -1.000000 0.000000 0.000000
vn -1.000000 0.000000 0.000000
vn -1.000000 0.000000 0.000000
vn 0.984808 0.000000 0.173648
vn 0.984808 0.000000 0.173648
vn 1.000000 0.000000 0.000000
vn 1.000000 0.000000 0.000000
vn 0.984808 0.000000 -0.173648
vn 0.984808 0.000000 -0.173648
vn 0.939693 0.000000 -0.342020
vn 0.939693 0.000000 -0.342020
vn 0.866025 0.000000 -0.500000
vn 0.866025 0.000000 -0.500000
vn 0.766044 0.000000 -0.642788
vn 0.766044 0.000000 -0.642788
vn 0.642788 0.000000 -0.766044
vn 0.642788 0.000000 -0.766044
vn 0.500000 0.000000 -0.866025
vn 0.500000 0.000000 -0.866025
vn 0.342020 0.000000 -0.939693
vn 0.342020 0.000000 -0.939693
vn 0.173648 0.000000 -0.984808
vn 0.173648 0.000000 -0.984808
vn -0.000000 -0.000000 -1.000000
vn -0.000000 -0.000000 -1.000000
vn -0.173648 -0.000000 -0.984808
vn -0.173648 -0.000000 -0.984808
vn -0.342020 -0.000000 -0.939693
vn -0.342020 -0.000000 -0.939693
vn -0.500000 -0.000000 -0.866025
vn -0.500000 -0.000000 -0.866025
vn -0.642788 -0.000000 -0.766044
vn -0.642788 -0.000000 -0.766044
vn -0.766044 -0.000000 -0.642788
vn -0.766044 -0.000000 -0.642788
vn -0.866025 -0.000000 -0.500000
vn -0.866025 -0.000000 -0.500000
vn -0.939693 -0.000000 -0.342020
vn -0.939693 -0.000000 -0.342020
vn -0.984808 -0.000000 -0.173648
vn -0.984808 -0.000000 -0.173648
vn -1.000000 -0.000000 0.000000
vn -1.000000 -0.000000 0.000000
vn -0.984808 0.000000 0.173648
vn -0.984808 0.000000 0.173648
vn -0.939693 0.000000 0.342020
vn -0.939693 0.000000 0.342020
vn -0.866025 0.000000 0.500000
vn -0.866025 0.000000 0.500000
vn -0.766044 0.000000 0.642788
vn -0.766044 0.000000 0.642788
vn -0.642788 0.000000 0.766044
vn -0.642788 0.000000 0.766044
vn -0.500000 0.000000 0.866025
vn -0.500000 0.000000 0.866025
vn -0.342020 0.000000 0.939693
vn -0.342020 0.000000 0.939693
vn -0.173648 0.000000 0.984808
vn -0.173648 0.000000 0.984808
vn -0.000000 0.000000 1.000000
vn -0.000000 0.000000 1.000000
vn 0.173648 0.000000 0.984808
vn 0.173648 0.000000 0.984808
vn 0.342020 0.000000 0.939693
vn 0.342020 0.000000 0.939693
vn 0.500000 0.000000 0.866025
vn 0.500000 0.000000 0.866025
vn 0.642788 0.000000 0.766044
vn 0.642788 0.000000 0.766044
vn 0.766044 0.000000 0.642788
vn 0.766044 0.000000 0.642788
vn 0.866025 0.000000 0.500000
vn 0.866025 0.000000 0.500000
vn 0.939693 0.000000 0.342020
vn 0.939693 0.000000 0.342020
vn 0.000000 1.000000 0.000000
vn 0.000000 1.000000 0.000000
vn 0.000000 1.000000 0.000000
vn 0.000000 1.000000 0.000000
vn 0.000000 1.000000 0.000000
vn 0.000000 1.000000 0.000000
vn 0.000000 1.000000 0.000000
vn 0.000000 1.000000 0.000000
vn 0.000000 1.000000 0.000000
vn 0.000000 1.000000 0.000000
vn 0.000000 1.000000 0.000000
vn 0.000000 1.000000 0.000000
vn 0.000000 1.000000 0.000000
vn 0.000000 1.000000 0.000000
vn 0.000000 1.000000 0.000000
vn 0.000000 1.000000 0.000000
vn 0.000000 1.000000 0.000000
vn 0.000000 1.000000 0.000000
vn 0.000000 1.000000 0.000000
vn 0.000000 1.000000 0.000000
vn 0.000000 1.000000 0.000000
vn 0.000000 1.000000 0.000000
vn 0.000000 1.000000 0.000000
vn 0.000000 1.000000 0.000000
vn 0.000000 1.000000 0.000000
vn 0.000000 1.000000 0.000000
vn 0.000000 1.000000 0.000000
vn 0.000000 1.000000 0.000000
vn 0.000000 1.000000 0.000000
vn 0.000000 1.000000 0.000000
vn 0.000000 1.000000 0.000000
vn 0.000000 1.000000 0.000000
vn 0.000000 1.000000 0.000000
vn 0.000000 1.000000 0.000000
vn 0.000000 1.000000 0.000000
vn 0.000000 1.000000 0.000000
vn 0.000000 1.000000 0.000000
vn 0.000000 1.000000 0.000000
vn 0.000000 1.000000 0.000000
vn 0.000000 1.000000 0.000000
vn 0.000000 1.000000 0.000000
vn 0.000000 1.000000 0.000000
vn 0.000000 1.000000 0.000000
vn 0.000000 1.000000 0.000000
vn 0.000000 1.000000 0.000000
vn 0.000000 1.000000 0.000000
vn 0.000000 1.000000 0.000000
vn 0.000000 1.000000 0.000000
vn 0.000000 1.000000 0.000000
vn 0.000000 1.000000 0.000000
vn 0.000000 1.000000 0.000000
vn 0.000000 1.000000 0.000000
vn 0.000000 1.000000 0.000000
vn 0.000000 1.000000 0.000000
vn 0.000000 1.000000 0.000000
vn 0.000000 1.000000 0.000000
vn 0.000000 1.000000 0.000000
vn 0.000000 1.000000 0.000000
vn 0.000000 1.000000 0.000000
vn 0.000000 1.000000 0.000000
vn 0.000000 1.000000 0.000000
vn 0.000000 1.000000 0.000000
vn 0.000000 1.000000 0.000000
vn 0.000000 1.000000 0.000000
vn 0.000000 1.000000 0.000000
vn 0.000000 1.000000 0.000000
vn 0.000000 1.000000 0.000000
vn 0.000000 1.000000 0.000000
vn 0.000000 1.000000 0.000000
vn 0.000000 1.000000 0.000000
vn 0.000000 1.000000 0.000000
vn 0.000000 1.000000 0.000000
vn 0.984808 0.000000 0.173648
vn 0.984808 0.000000 0.173648
vn 1.000000 0.000000 0.000000
vn 1.000000 0.000000 0.000000
vn 0.984808 0.000000 -0.173648
vn 0.984808 0.000000 -0.173648
vn 0.939693 0.000000 -0.342020
vn 0.939693 0.000000 -0.342020
vn 0.866025 0.000000 -0.500000
vn 0.866025 0.000000 -0.500000
vn 0.766044 0.000000 -0.642788
vn 0.766044 0.000000 -0.642788
vn 0.642788 0.000000 -0.766044
vn 0.642788 0.000000 -0.766044
vn 0.500000 0.000000 -0.866025
vn 0.500000 0.000000 -0.866025
vn 0.342020 0.000000 -0.939693
vn 0.342020 0.000000 -0.939693
vn 0.173648 0.000000 -0.984808
vn 0.173648 0.000000 -0.984808
vn -0.000000 -0.000000 -1.000000
vn -0.000000 -0.000000 -1.000000
vn -0.173648 -0.000000 -0.984808
vn -0.173648 -0.000000 -0.984808
vn -0.342020 -0.000000 -0.939693
vn -0.342020 -0.000000 -0.939693
vn -0.500000 -0.000000 -0.866025
vn -0.500000 -0.000000 -0.866025
vn -0.642788 -0.000000 -0.766044
vn -0.642788 -0.000000 -0.766044
vn -0.766044 -0.000000 -0.642788
vn -0.766044 -0.000000 -0.642788
vn -0.866025 -0.000000 -0.500000
vn -0.866025 -0.000000 -0.500000
vn -0.939693 -0.000000 -0.342020
vn -0.939693 -0.000000 -0.342020
vn -0.984808 -0.000000 -0.173648
vn -0.984808 -0.000000 -0.173648
vn -1.000000 -0.000000 0.000000
vn -1.000000 -0.000000 0.000000
vn -0.984808 0.000000 0.173648
vn -0.984808 0.000000 0.173648
vn -0.939693 0.000000 0.342020
vn -0.939693 0.000000 0.342020
vn -0.866025 0.000000 0.500000
vn -0.866025 0.000000 0.500000
vn -0.766044 0.000000 0.642788
vn -0.766044 0.000000 0.642788
vn -0.642788 0.000000 0.766044
vn -0.642788 0.000000 0.766044
vn -0.500000 0.000000 0.866025
vn -0.500000 0.000000 0.866025
vn -0.342020 0.000000 0.939693
vn -0.342020 0.000000 0.939693
vn -0.173648 0.000000 0.984808
vn -0.173648 0.000000 0.984808
vn -0.000000 0.000000 1.000000
vn -0.000000 0.000000 1.000000
vn 0.173648 0.000000 0.984808
vn 0.173648 0.000000 0.984808
vn 0.342020 0.000000 0.939693
vn 0.342020 0.000000 0.939693
vn 0.500000 0.000000 0.866025
vn 0.500000 0.000000 0.866025
vn 0.642788 0.000000 0.766044
vn 0.642788 0.000000 0.766044
vn 0.766044 0.000000 0.642788
vn 0.766044 0.000000 0.642788
vn 0.866025 0.000000 0.500000
vn 0.866025 0.000000 0.500000
vn 0.939693 0.000000 0.342020
vn 0.939693 0.000000 0.342020
vn 0.000000 1.000000 0.000000
vn 0.000000 1.000000 0.000000
vn 0.000000 1.000000 0.000000
vn 0.000000 1.000000 0.000000
vn 0.000000 1.000000 0.000000
vn 0.000000 1.000000 0.000000
vn 0.000000 1.000000 0.000000
vn 0.000000 1.000000 0.000000
vn 0.000000 1.000000 0.000000
vn 0.000000 1.000000 0.000000
vn 0.000000 1.000000 0.000000
vn 0.000000 1.000000 0.000000
vn 0.000000 1.000000 0.000000
vn 0.000000 1.000000 0.000000
vn 0.000000 1.000000 0.000000
vn 0.000000 1.000000 0.000000
vn 0.000000 1.000000 0.000000
vn 0.000000 1.000000 0.000000
vn 0.000000 1.000000 0.000000
vn 0.000000 1.000000 0.000000
vn 0.000000 1.000000 0.000000
vn 0.000000 1.000000 0.000000
vn 0.000000 1.000000 0.000000
vn 0.000000 1.000000 0.000000
vn 0.000000 1.000000 0.000000
vn 0.000000 1.000000 0.000000
vn 0.000000 1.000000 0.000000
vn 0.000000 1.000000 0.000000
vn 0.000000 1.000000 0.000000
vn 0.000000 1.000000 0.000000
vn 0.000000 1.000000 0.000000
vn 0.000000 1.000000 0.000000
vn 0.000000 1.000000 0.000000
vn 0.000000 1.000000 0.000000
vn 0.000000 1.000000 0.000000
vn 0.000000 1.000000 0.000000
vn 0.000000 1.000000 0.000000
vn 0.000000 1.000000 0.000000
vn 0.000000 1.000000 0.000000
vn 0.000000 1.000000 0.000000
vn 0.000000 1.000000 0.000000
vn 0.000000 1.000000 0.000000
vn 0.000000 1.000000 0.000000
vn 0.000000 1.000000 0.000000
vn 0.000000 1.000000 0.000000
vn 0.000000 1.000000 0.000000
vn 0.000000 1.000000 0.000000
vn 0.000000 1.000000 0.000000
vn 0.000000 1.000000 0.000000
vn 0.000000 1.000000 0.000000
vn 0.000000 1.000000 0.000000
vn 0.000000 1.000000 0.000000
vn 0.000000 1.000000 0.000000
vn 0.000000 1.000000 0.000000
vn 0.000000 1.000000 0.000000
vn 0.000000 1.000000 0.000000
vn 0.000000 1.000000 0.000000
vn 0.000000 1.000000 0.000000
vn 0.000000 1.000000 0.000000
vn 0.000000 1.000000 0.000000
vn 0.000000 1.000000 0.000000
vn 0.000000 1.000000 0.000000
vn 0.000000 1.000000 0.000000
vn 0.000000 1.000000 0.000000
vn 0.000000 1.000000 0.000000
vn 0.000000 1.000000 0.000000
vn 0.000000 1.000000 0.000000
vn 0.000000 1.000000 0.000000
vn 0.000000 1.000000 0.000000
vn 0.000000 1.000000 0.000000
vn 0.000000 1.000000 0.000000
vn 0.000000 1.000000 0.000000
vn -0.000000 -0.000000 -1.000000
vn -0.000000 -0.000000 -1.000000
vn -0.000000 -0.000000 -1.000000
vn -0.000000 -0.000000 -1.000000
vn -0.000000 -0.000000 -1.000000
vn -0.000000 -0.000000 -1.000000
vn -0.000000 -0.000000 1.000000
vn -0.000000 -0.000000 1.000000
vn -0.000000 -0.000000 1.000000
vn -0.000000 -0.000000 1.000000
vn -0.000000 -0.000000 1.000000
vn -0.000000 -0.000000 1.000000
vn -0.000000 -0.000000 -1.000000
vn -0.000000 -0.000000 -1.000000
vn -0.000000 -0.000000 -1.000000
vn -0.000000 -0.000000 -1.000000
vn -0.000000 -0.000000 -1.000000
vn -0.000000 -0.000000 -1.000000
vn -0.000000 -0.000000 1.000000
vn -0.000000 -0.000000 1.000000
vn -0.000000 -0.000000 1.000000
vn -0.000000 -0.000000 1.000000
vn -0.000000 -0.000000 1.000000
vn -0.000000 -0.000000 1.000000
vn 0.984808 0.000000 -0.173648
vn 0.984808 0.000000 -0.173648
vn 1.000000 0.000000 -0.000000
vn 1.000000 0.000000 -0.000000
vn 0.984808 0.000000 0.173648
vn 0.984808 0.000000 0.173648
vn 0.939693 0.000000 0.342020
vn 0.939693 0.000000 0.342020
vn 0.866025 0.000000 0.500000
vn 0.866025 0.000000 0.500000
vn 0.766044 0.000000 0.642788
vn 0.766044 0.000000 0.642788
vn 0.642788 0.000000 0.766044
vn 0.642788 0.000000 0.766044
vn 0.500000 0.000000 0.866025
vn 0.500000 0.000000 0.866025
vn 0.342020 0.000000 0.939693
vn 0.342020 0.000000 0.939693
vn 0.173648 0.000000 0.984808
vn 0.173648 0.000000 0.984808
vn -0.000000 0.000000 1.000000
vn -0.000000 0.000000 1.000000
vn -0.173648 0.000000 0.984808
vn -0.173648 0.000000 0.984808
vn -0.342020 0.000000 0.939693
vn -0.342020 0.000000 0.939693
vn -0.500000 0.000000 0.866025
vn -0.500000 0.000000 0.866025
vn -0.642788 0.000000 0.766044
vn -0.642788 0.000000 0.766044
vn -0.766044 0.000000 0.642788
vn -0.766044 0.000000 0.642788
vn -0.866025 0.000000 0.500000
vn -0.866025 0.000000 0.500000
vn -0.939693 0.000000 0.342020
vn -0.939693 0.000000 0.342020
vn -0.984808 0.000000 0.173648
vn -0.984808 0.000000 0.173648
vn -1.000000 -0.000000 0.000000
vn -1.000000 -0.000000 0.000000
vn -0.984808 -0.000000 -0.173648
vn -0.984808 -0.000000 -0.173648
vn -0.939693 -0.000000 -0.342020
vn -0.939693 -0.000000 -0.342020
vn -0.866025 -0.000000 -0.500000
vn -0.866025 -0.000000 -0.500000
vn -0.766044 -0.000000 -0.642788
vn -0.766044 -0.000000 -0.642788
vn -0.642788 -0.000000 -0.766044
vn -0.642788 -0.000000 -0.766044
vn -0.500000 -0.000000 -0.866025
vn -0.500000 -0.000000 -0.866025
vn -0.342020 -0.000000 -0.939693
vn -0.342020 -0.000000 -0.939693
vn -0.173648 -0.000000 -0.984808
vn -0.173648 -0.000000 -0.984808
vn -0.000000 -0.000000 -1.000000
vn -0.000000 -0.000000 -1.000000
vn 0.173648 0.000000 -0.984808
vn 0.173648 0.000000 -0.984808
vn 0.342020 0.000000 -0.939693
vn 0.342020 0.000000 -0.939693
vn 0.500000 0.000000 -0.866025
vn 0.500000 0.000000 -0.866025
vn 0.642788 0.000000 -0.766044
vn 0.642788 0.000000 -0.766044
vn 0.766044 0.000000 -0.642788
vn 0.766044 0.000000 -0.642788
vn 0.866025 0.000000 -0.500000
vn 0.866025 0.000000 -0.500000
vn 0.939693 0.000000 -0.342020
vn 0.939693 0.000000 -0.342020
vn -0.000000 -0.000000 -1.000000
vn -0.000000 -0.000000 -1.000000
vn -0.000000 -0.000000 -1.000000
vn -0.000000 -0.000000 -1.000000
vn -0.000000 -0.000000 -1.000000
vn -0.000000 -0.000000 -1.000000
vn 0.984808 0.000000 -0.173648
vn 0.984808 0.000000 -0.173648
vn 1.000000 0.000000 -0.000000
vn 1.000000 0.000000 -0.000000
vn 0.984808 0.000000 0.173648
vn 0.984808 0.000000 0.173648
vn 0.939693 0.000000 0.342020
vn 0.939693 0.000000 0.342020
vn 0.866025 0.000000 0.500000
vn 0.866025 0.000000 0.500000
vn 0.766044 0.000000 0.642788
vn 0.766044 0.000000 0.642788
vn 0.642788 0.000000 0.766044
vn 0.642788 0.000000 0.766044
vn 0.500000 0.000000 0.866025
vn 0.500000 0.000000 0.866025
vn 0.342020 0.000000 0.939693
vn 0.342020 0.000000 0.939693
vn 0.173648 0.000000 0.984808
vn 0.173648 0.000000 0.984808
vn -0.000000 0.000000 1.000000
vn -0.000000 0.000000 1.000000
vn -0.173648 0.000000 0.984808
vn -0.173648 0.000000 0.984808
vn -0.342020 0.000000 0.939693
vn -0.342020 0.000000 0.939693
vn -0.500000 0.000000 0.866025
vn -0.500000 0.000000 0.866025
vn -0.642788 0.000000 0.766044
vn -0.642788 0.000000 0.766044
vn -0.766044 0.000000 0.642788
vn -0.766044 0.000000 0.642788
vn -0.866025 0.000000 0.500000
vn -0.866025 0.000000 0.500000
vn -0.939693 0.000000 0.342020
vn -0.939693 0.000000 0.342020
vn -0.984808 0.000000 0.173648
vn -0.984808 0.000000 0.173648
vn -1.000000 -0.000000 0.000000
vn -1.000000 -0.000000 0.000000
vn -0.984808 -0.000000 -0.173648
vn -0.984808 -0.000000 -0.173648
vn -0.939693 -0.000000 -0.342020
vn -0.939693 -0.000000 -0.342020
vn -0.866025 -0.000000 -0.500000
vn -0.866025 -0.000000 -0.500000
vn -0.766044 -0.000000 -0.642788
vn -0.766044 -0.000000 -0.642788
vn -0.642788 -0.000000 -0.766044
vn -0.642788 -0.000000 -0.766044
vn -0.500000 -0.000000 -0.866025
vn -0.500000 -0.000000 -0.866025
vn -0.342020 -0.000000 -0.939693
vn -0.342020 -0.000000 -0.939693
vn -0.173648 -0.000000 -0.984808
vn -0.173648 -0.000000 -0.984808
vn -0.000000 -0.000000 -1.000000
vn -0.000000 -0.000000 -1.000000
vn 0.173648 0.000000 -0.984808
vn 0.173648 0.000000 -0.984808
vn 0.342020 0.000000 -0.939693
vn 0.342020 0.000000 -0.939693
vn 0.500000 0.000000 -0.866025
vn 0.500000 0.000000 -0.866025
vn 0.642788 0.000000 -0.766044
vn 0.642788 0.000000 -0.766044
vn 0.766044 0.000000 -0.642788
vn 0.766044 0.000000 -0.642788
vn 0.866025 0.000000 -0.500000
vn 0.866025 0.000000 -0.500000
vn 0.939693 0.000000 -0.342020
vn 0.939693 0.000000 -0.342020
vn 0.000000 1.000000 -0.000000
vn 0.000000 1.000000 -0.000000
vn 0.000000 1.000000 -0.000000
vn 0.000000 1.000000 -0.000000
vn 0.000000 -1.000000 0.000000
vn 0.000000 -1.000000 0.000000
vn 0.000000 -1.000000 0.000000
vn 0.000000 -1.000000 0.000000
vn 0.000000 -1.000000 0.000000
vn 0.000000 -1.000000 0.000000
vn 0.000000 -1.000000 0.000000
vn 0.000000 -1.000000 0.000000
vn 0.000000 -1.000000 0.000000
vn 0.000000 -1.000000 0.000000
vn 0.000000 -1.000000 0.000000
vn 0.000000 -1.000000 0.000000
vn 0.000000 -1.000000 0.000000
vn 0.000000 -1.000000 0.000000
vn 0.000000 -1.000000 0.000000
vn 0.000000 -1.000000 0.000000
vn 0.000000 -1.000000 0.000000
vn 0.000000 -1.000000 0.000000
vn 0.000000 -1.000000 0.000000
vn 0.000000 -1.000000 0.000000
vn 0.000000 -1.000000 0.000000
vn 0.000000 -1.000000 0.000000
vn 0.000000 -1.000000 0.000000
vn 0.000000 -1.000000 0.000000
vn 0.000000 -1.000000 0.000000
vn 0.000000 -1.000000 0.000000
vn 0.000000 -1.000000 0.000000
vn 0.000000 -1.000000 0.000000
vn 0.000000 -1.000000 0.000000
vn 0.000000 -1.000000 0.000000
vn 0.000000 -1.000000 0.000000
vn 0.000000 -1.000000 0.000000
vn 0.000000 -1.000000 0.000000
vn 0.000000 -1.000000 0.000000
vn 0.000000 -1.000000 0.000000
vn 0.000000 -1.000000 0.000000
vn 0.000000 -1.000000 0.000000
vn 0.000000 -1.000000 0.000000
vn 0.000000 -1.000000 0.000000
vn 0.000000 -1.000000 0.000000
vn 0.000000 -1.000000 0.000000
vn 0.000000 -1.000000 0.000000
vn 0.000000 -1.000000 0.000000
vn 0.000000 -1.000000 0.000000
vn 0.000000 -1.000000 0.000000
vn 0.000000 -1.000000 0.000000
vn 0.000000 -1.000000 0.000000
vn 0.000000 -1.000000 0.000000
vn 0.000000 -1.000000 0.000000
vn 0.000000 -1.000000 0.000000
vn 0.000000 -1.000000 0.000000
vn 0.000000 -1.000000 0.000000
vn 0.000000 -1.000000 0.000000
vn 0.000000 -1.000000 0.000000
vn 0.000000 -1.000000 0.000000
vn 0.000000 -1.000000 0.000000
vn 0.000000 -1.000000 0.000000
vn 0.000000 -1.000000 0.000000
vn 0.000000 -1.000000 0.000000
vn 0.000000 -1.000000 0.000000
vn 0.000000 -1.000000 0.000000
vn 0.000000 -1.000000 0.000000
vn 0.000000 -1.000000 0.000000
vn 0.000000 -1.000000 0.000000
vn 0.000000 -1.000000 0.000000
vn 0.000000 -1.000000 0.000000
vn 0.000000 -1.000000 0.000000
vn 0.000000 -1.000000 0.000000
vn 0.000000 -1.000000 0.000000
vn 0.000000 -1.000000 0.000000
vn 0.000000 -1.000000 0.000000
vn 0.000000 -1.000000 0.000000
vn 0.000000 -1.000000 0.000000
vn 0.000000 -1.000000 0.000000
vn 0.000000 -1.000000 0.000000
vn 0.000000 -1.000000 0.000000
vn 0.000000 -1.000000 0.000000
vn 0.000000 -1.000000 0.000000
vn 0.000000 -1.000000 0.000000
vn 0.000000 -1.000000 0.000000
vn 0.000000 -1.000000 0.000000
vn 0.000000 -1.000000 0.000000
vn 0.000000 -1.000000 0.000000
vn 0.000000 -1.000000 0.000000
vn 0.000000 1.000000 0.000000
vn 0.000000 1.000000 0.000000
vn 0.000000 1.000000 0.000000
vn 0.000000 1.000000 0.000000
vn 0.000000 1.000000 0.000000
vn 0.000000 1.000000 0.000000
vn 0.000000 1.000000 0.000000
vn 0.000000 1.000000 0.000000
vn 0.000000 1.000000 0.000000
vn 0.000000 1.000000 0.000000
vn 0.000000 1.000000 0.000000
vn 0.000000 1.000000 0.000000
vn 0.000000 1.000000 0.000000
vn 0.000000 1.000000 0.000000
vn 0.000000 1.000000 0.000000
vn 0.000000 1.000000 0.000000
vn 0.000000 1.000000 0.000000
vn 0.000000 1.000000 0.000000
vn 0.000000 1.000000 0.000000
vn 0.000000 1.000000 0.000000
vn 0.000000 1.000000 0.000000
vn 0.000000 1.000000 0.000000
vn 0.000000 1.000000 0.000000
vn 0.000000 1.000000 0.000000
vn 0.000000 1.000000 0.000000
vn 0.000000 1.000000 0.000000
vn 0.000000 1.000000 0.000000
vn 0.000000 1.000000 0.000000
vn 0.000000 1.000000 0.000000
vn 0.000000 1.000000 0.000000
vn 0.000000 1.000000 0.000000
vn 0.000000 1.000000 0.000000
vn 0.000000 1.000000 0.000000
vn 0.000000 1.000000 0.000000
vn 0.000000 1.000000 0.000000
vn 0.000000 1.000000 0.000000
vn 0.000000 1.000000 0.000000
vn 0.000000 1.000000 0.000000
vn 0.000000 1.000000 0.000000
vn 0.000000 1.000000 0.000000
vn 0.000000 1.000000 0.000000
vn 0.000000 1.000000 0.000000
vn 0.000000 1.000000 0.000000
vn 0.000000 1.000000 0.000000
vn 0.000000 1.000000 0.000000
vn 0.000000 1.000000 0.000000
vn 0.000000 1.000000 0.000000
vn 0.000000 1.000000 0.000000
vn 0.000000 1.000000 0.000000
vn 0.000000 1.000000 0.000000
vn 0.000000 1.000000 0.000000
vn 0.000000 1.000000 0.000000
vn 0.000000 1.000000 0.000000
vn 0.000000 1.000000 0.000000
vn 0.000000 1.000000 0.000000
vn 0.000000 1.000000 0.000000
vn 0.000000 1.000000 0.000000
vn 0.000000 1.000000 0.000000
vn 0.000000 1.000000 0.000000
vn 0.000000 1.000000 0.000000
vn 0.000000 1.000000 0.000000
vn 0.000000 1.000000 0.000000
vn 0.000000 1.000000 0.000000
vn 0.000000 1.000000 0.000000
vn 0.000000 1.000000 0.000000
vn 0.000000 1.000000 0.000000
vn 0.000000 1.000000 0.000000
vn 0.000000 1.000000 0.000000
vn 0.000000 1.000000 0.000000
vn 0.000000 1.000000 0.000000
vn 0.000000 1.000000 0.000000
vn 0.000000 1.000000 0.000000
vn 0.000000 1.000000 0.000000
vn 0.000000 1.000000 0.000000
vn 0.000000 1.000000 0.000000
vn 0.000000 1.000000 0.000000
vn 0.000000 1.000000 0.000000
vn 0.000000 1.000000 0.000000
vn 0.000000 1.000000 0.000000
vn 0.000000 1.000000 0.000000
vn 0.000000 1.000000 0.000000
vn 0.000000 1.000000 0.000000
vn 0.000000 1.000000 0.000000
vn 0.000000 1.000000 0.000000
vn 0.808736 -0.588172 0.000000
vn 0.808736 -0.588172 0.000000
vn 0.808736 -0.588172 0.000000
vn 0.808736 -0.588172 0.000000
vn -0.808736 -0.588172 0.000000
vn -0.808736 -0.588172 0.000000
vn -0.808736 -0.588172 0.000000
vn -0.808736 -0.588172 0.000000
vn 0.000000 0.000000 1.000000
vn 0.000000 0.000000 1.000000
vn 0.000000 0.000000 1.000000
vn 0.000000 0.000000 1.000000
vn 0.000000 0.000000 1.000000
vn 0.000000 0.000000 1.000000
vn 0.000000 0.000000 1.000000
vn 0.000000 0.000000 1.000000
vn 0.000000 0.000000 1.000000
vn 0.000000 0.000000 1.000000
vn 0.000000 0.000000 1.000000
vn 0.000000 0.000000 1.000000
vn 0.000000 0.000000 1.000000
vn 0.000000 0.000000 1.000000
vn 0.000000 0.000000 1.000000
vn 0.000000 0.000000 1.000000
vn 0.000000 0.000000 1.000000
vn 0.000000 0.000000 1.000000
vn 0.000000 0.000000 1.000000
vn 0.000000 0.000000 1.000000
vn 0.000000 0.000000 1.000000
vn -0.984808 0.173648 0.000000
vn -0.984808 0.173648 0.000000
vn -0.939693 0.342020 0.000000
vn -0.939693 0.342020 0.000000
vn -0.866025 0.500000 0.000000
vn -0.866025 0.500000 0.000000
vn -0.766044 0.642788 0.000000
vn -0.766044 0.642788 0.000000
vn -0.642788 0.766044 0.000000
vn -0.642788 0.766044 0.000000
vn -0.500000 0.866025 0.000000
vn -0.500000 0.866025 0.000000
vn -0.342020 0.939693 0.000000
vn -0.342020 0.939693 0.000000
vn -0.173648 0.984808 0.000000
vn -0.173648 0.984808 0.000000
vn -0.000000 1.000000 0.000000
vn -0.000000 1.000000 0.000000
vn 0.000000 1.000000 -0.000000
vn 0.000000 1.000000 -0.000000
vn -1.000000 0.000000 0.000000
vn -1.000000 0.000000 0.000000
vn -1.000000 0.000000 0.000000
vn -1.000000 0.000000 0.000000
vn 1.000000 0.000000 -0.000000
vn 1.000000 0.000000 -0.000000
vn 1.000000 0.000000 -0.000000
vn 1.000000 0.000000 -0.000000
vn 1.000000 0.000000 -0.000000
vn 1.000000 0.000000 -0.000000
vn 1.000000 0.000000 -0.000000
vn 1.000000 0.000000 -0.000000
vn 1.000000 0.000000 -0.000000
vn 1.000000 0.000000 -0.000000
vn 1.000000 0.000000 -0.000000
vn 1.000000 0.000000 -0.000000
vn 1.000000 0.000000 -0.000000
vn 1.000000 0.000000 -0.000000
vn 1.000000 0.000000 -0.000000
vn 1.000000 0.000000 -0.000000
vn 1.000000 0.000000 -0.000000
vn 1.000000 0.000000 -0.000000
vn 1.000000 0.000000 -0.000000
vn 1.000000 0.000000 -0.000000
vn 0.173648 0.984808 -0.000000
vn 0.173648 0.984808 -0.000000
vn 0.342020 0.939693 -0.000000
vn 0.342020 0.939693 -0.000000
vn 0.500000 0.866025 -0.000000
vn 0.500000 0.866025 -0.000000
vn 0.642788 0.766044 -0.000000
vn 0.642788 0.766044 -0.000000
vn 0.766044 0.642788 -0.000000
vn 0.766044 0.642788 -0.000000
vn 0.866025 0.500000 -0.000000
vn 0.866025 0.500000 -0.000000
vn 0.939693 0.342020 -0.000000
vn 0.939693 0.342020 -0.000000
vn 0.984808 0.173648 -0.000000
vn 0.984808 0.173648 -0.000000
vn 0.000000 0.000000 1.000000
vn 0.000000 0.000000 1.000000
vn 0.000000 0.000000 1.000000
vn 0.000000 0.000000 1.000000
vn 0.000000 0.000000 1.000000
vn 0.000000 0.000000 1.000000
vn 0.000000 0.000000 1.000000
vn 0.000000 0.000000 1.000000
vn 0.000000 0.000000 1.000000
vn 0.000000 0.000000 1.000000
vn 0.000000 0.000000 1.000000
vn 0.000000 0.000000 1.000000
vn 0.000000 0.000000 1.000000
vn 0.000000 0.000000 1.000000
vn 0.000000 0.000000 1.000000
vn 0.000000 0.000000 1.000000
vn 0.000000 0.000000 1.000000
vn 0.000000 0.000000 1.000000
vn 0.000000 0.000000 1.000000
vn 0.000000 0.000000 1.000000
vn 0.000000 0.000000 1.000000
vn 0.000000 0.000000 1.000000
vn 0.000000 0.000000 1.000000
vn 0.000000 0.000000 1.000000
vn 0.000000 0.000000 1.000000
vn 0.000000 0.000000 1.000000
vn 0.000000 0.000000 1.000000
vn 0.000000 0.000000 1.000000
vn 0.000000 0.000000 1.000000
vn 0.000000 0.000000 1.000000
vn 0.000000 0.000000 1.000000
vn 0.000000 0.000000 1.000000
vn 0.000000 0.000000 1.000000
vn 0.000000 0.000000 1.000000
vn 0.000000 0.000000 1.000000
vn 0.000000 0.000000 1.000000
vn 0.000000 0.000000 1.000000
vn 0.000000 0.000000 1.000000
vn 0.000000 0.000000 1.000000
vn 0.000000 0.000000 1.000000
vn 0.000000 0.000000 1.000000
vn 0.000000 0.000000 1.000000
vn 0.000000 0.000000 1.000000
vn 0.000000 0.000000 1.000000
vn -0.000000 -0.000000 -1.000000
vn -0.000000 -0.000000 -1.000000
vn -0.000000 -0.000000 -1.000000
vn -0.000000 -0.000000 -1.000000
vn -0.000000 -0.000000 -1.000000
vn -0.000000 -0.000000 -1.000000
vn -0.000000 -0.000000 -1.000000
vn -0.000000 -0.000000 -1.000000
vn -0.000000 -0.000000 -1.000000
vn -0.000000 -0.000000 -1.000000
vn -0.000000 -0.000000 -1.000000
vn -0.000000 -0.000000 -1.000000
vn -0.000000 -0.000000 -1.000000
vn -0.000000 -0.000000 -1.000000
vn -0.000000 -0.000000 -1.000000
vn -0.000000 -0.000000 -1.000000
vn -0.000000 -0.000000 -1.000000
vn -0.000000 -0.000000 -1.000000
vn -0.000000 -0.000000 -1.000000
vn -0.000000 -0.000000 -1.000000
vn -0.000000 -0.000000 -1.000000
vn -0.000000 -0.000000 -1.000000
vn -0.000000 -0.000000 -1.000000
vn -0.000000 -0.000000 -1.000000
vn -0.000000 -0.000000 -1.000000
vn -0.000000 -0.000000 -1.000000
vn -0.000000 -0.000000 -1.000000
vn -0.000000 -0.000000 -1.000000
vn -0.000000 -0.000000 -1.000000
vn -0.000000 -0.000000 -1.000000
vn -0.000000 -0.000000 -1.000000
vn -0.000000 -0.000000 -1.000000
vn -0.000000 -0.000000 -1.000000
vn -0.000000 -0.000000 -1.000000
vn -0.000000 -0.000000 -1.000000
vn -0.000000 -0.000000 -1.000000
vn -0.000000 -0.000000 -1.000000
vn -0.000000 -0.000000 -1.000000
vn -0.000000 -0.000000 -1.000000
vn -0.000000 -0.000000 -1.000000
vn -0.000000 -0.000000 -1.000000
vn -0.000000 -0.000000 -1.000000
vn -0.000000 -0.000000 -1.000000
vn -0.000000 -0.000000 -1.000000
vn -0.000000 -0.000000 -1.000000
vn -0.000000 -0.000000 -1.000000
vn -0.000000 -0.000000 -1.000000
vn -0.000000 -0.000000 -1.000000
vn -0.000000 -0.000000 -1.000000
vn -0.000000 -0.000000 -1.000000
vn -0.000000 -0.000000 -1.000000
vn -0.000000 -0.000000 -1.000000
vn -0.000000 -0.000000 -1.000000
vn -0.000000 -0.000000 -1.000000
vn -0.000000 -0.000000 -1.000000
vn -0.000000 -0.000000 -1.000000
vn -0.000000 -0.000000 -1.000000
vn -0.000000 -0.000000 -1.000000
vn -0.000000 -0.000000 -1.000000
vn -0.000000 -0.000000 -1.000000
vn -0.000000 -0.000000 -1.000000
vn -0.000000 -0.000000 -1.000000
vn -0.000000 -0.000000 -1.000000
vn -0.000000 -0.000000 -1.000000
vn -0.000000 -0.000000 -1.000000
vn -0.000000 -0.000000 -1.000000
vn -0.000000 -0.000000 -1.000000
vn -0.000000 -0.000000 -1.000000
vn -0.000000 -0.000000 -1.000000
vn -0.000000 -0.000000 -1.000000
vn -0.000000 -0.000000 -1.000000
vn -0.000000 -0.000000 -1.000000
vn -0.000000 -0.000000 -1.000000
vn -0.000000 -0.000000 -1.000000
vn -0.000000 -0.000000 -1.000000
vn -0.000000 -0.000000 -1.000000
vn -0.000000 -0.000000 -1.000000
vn -0.000000 -0.000000 -1.000000
vn -0.000000 -0.000000 -1.000000
vn -0.000000 -0.000000 -1.000000
vn -0.000000 -0.000000 -1.000000
vn -0.000000 -0.000000 -1.000000
vn -0.000000 -0.000000 -1.000000
vn -0.000000 -0.000000 -1.000000
vn 1.000000 0.000000 -0.000000
vn 1.000000 0.000000 -0.000000
vn 0.984808 -0.173648 0.000000
vn 0.984808 -0.173648 0.000000
vn 0.939693 -0.342020 0.000000
vn 0.939693 -0.342020 0.000000
vn 0.866025 -0.500000 0.000000
vn 0.866025 -0.500000 0.000000
vn 0.766044 -0.642788 0.000000
vn 0.766044 -0.642788 0.000000
vn 0.642788 -0.766044 0.000000
vn 0.642788 -0.766044 0.000000
vn 0.500000 -0.866025 0.000000
vn 0.500000 -0.866025 0.000000
vn 0.342020 -0.939693 0.000000
vn 0.342020 -0.939693 0.000000
vn 0.173648 -0.984808 0.000000
vn 0.173648 -0.984808 0.000000
vn 0.000000 -1.000000 0.000000
vn 0.000000 -1.000000 0.000000
vn -0.173648 -0.984808 0.000000
vn -0.173648 -0.984808 0.000000
vn -0.342020 -0.939693 0.000000
vn -0.342020 -0.939693 0.000000
vn -0.500000 -0.866025 0.000000
vn -0.500000 -0.866025 0.000000
vn -0.642788 -0.766044 0.000000
vn -0.642788 -0.766044 0.000000
vn -0.766044 -0.642788 0.000000
vn -0.766044 -0.642788 0.000000
vn -0.866025 -0.500000 0.000000
vn -0.866025 -0.500000 0.000000
vn -0.939693 -0.342020 0.000000
vn -0.939693 -0.342020 0.000000
vn -0.984808 -0.173648 0.000000
vn -0.984808 -0.173648 0.000000
vn -1.000000 -0.000000 0.000000
vn -1.000000 -0.000000 0.000000
vn -1.000000 0.000000 0.000000
vn -1.000000 0.000000 0.000000
vn -0.984808 0.173648 0.000000
vn -0.984808 0.173648 0.000000
vn -0.939693 0.342020 0.000000
vn -0.939693 0.342020 0.000000
vn -0.866025 0.500000 0.000000
vn -0.866025 0.500000 0.000000
vn -0.766044 0.642788 0.000000
vn -0.766044 0.642788 0.000000
vn -0.642788 0.766044 0.000000
vn -0.642788 0.766044 0.000000
vn -0.500000 0.866025 0.000000
vn -0.500000 0.866025 0.000000
vn -0.342020 0.939693 0.000000
vn -0.342020 0.939693 0.000000
vn -0.173648 0.984808 0.000000
vn -0.173648 0.984808 0.000000
vn -0.000000 1.000000 0.000000
vn -0.000000 1.000000 0.000000
vn 0.173648 0.984808 -0.000000
vn 0.173648 0.984808 -0.000000
vn 0.342020 0.939693 -0.000000
vn 0.342020 0.939693 -0.000000
vn 0.500000 0.866025 -0.000000
vn 0.500000 0.866025 -0.000000
vn 0.642788 0.766044 -0.000000
vn 0.642788 0.766044 -0.000000
vn 0.766044 0.642788 -0.000000
vn 0.766044 0.642788 -0.000000
vn 0.866025 0.500000 -0.000000
vn 0.866025 0.500000 -0.000000
vn 0.939693 0.342020 -0.000000
vn 0.939693 0.342020 -0.000000
vn 0.984808 0.173648 -0.000000
vn 0.984808 0.173648 -0.000000
vn 1.000000 0.000000 -0.000000
vn 1.000000 0.000000 -0.000000
usemtl Steel_-_Satin
f 20/1/1 1/2/2 19/3/3
f 19/3/3 1/2/2 2/4/4
f 19/3/3 2/4/4 18/5/5
f 18/5/5 2/4/4 3/6/6
f 18/5/5 3/6/6 17/7/7
f 17/7/7 3/6/6 4/8/8
f 17/7/7 4/8/8 16/9/9
f 16/9/9 4/8/8 5/10/10
f 16/9/9 5/10/10 15/11/11
f 15/11/11 5/10/10 6/12/12
f 15/11/11 6/12/12 14/13/13
f 14/13/13 6/12/12 7/14/14
f 14/13/13 7/14/14 13/15/15
f 13/15/15 7/14/14 8/16/16
f 13/15/15 8/16/16 12/17/17
f 12/17/17 8/16/16 9/18/18
f 12/17/17 9/18/18 11/19/19
f 11/19/19 9/18/18 10/20/20
f 19/21/21 11/22/22 20/23/23
f 20/23/23 11/22/22 21/24/24
f 20/23/23 21/24/24 30/25/25
f 30/25/25 21/24/24 29/26/26
f 29/26/26 21/24/24 28/27/27
f 28/27/27 21/24/24 27/28/28
f 27/28/28 21/24/24 26/29/29
f 26/29/29 21/24/24 25/30/30
f 25/30/30 21/24/24 24/31/31
f 24/31/31 21/24/24 23/32/32
f 23/32/32 21/24/24 22/33/33
f 19/21/21 18/34/34 11/22/22
f 11/22/22 18/34/34 17/35/35
f 11/22/22 17/35/35 16/36/36
f 16/36/36 15/37/37 11/22/22
f 11/22/22 15/37/37 14/38/38
f 11/22/22 14/38/38 13/39/39
f 13/39/39 12/40/40 11/22/22
f 30/25/25 31/41/41 20/23/23
f 20/23/23 31/41/41 34/42/42
f 20/23/23 34/42/42 35/43/43
f 32/44/44 33/45/45 31/41/41
f 31/41/41 33/45/45 34/42/42
f 10/46/20 36/47/46 11/48/19
f 11/48/19 36/47/46 21/49/47
f 21/50/47 36/51/46 22/52/48
f 22/52/48 36/51/46 37/53/49
f 22/52/48 37/53/49 23/54/50
f 23/54/50 37/53/49 38/55/51
f 23/54/50 38/55/51 24/56/52
f 24/56/52 38/55/51 39/57/53
f 24/56/52 39/57/53 25/58/54
f 25/58/54 39/57/53 40/59/55
f 25/58/54 40/59/55 26/60/56
f 26/60/56 40/59/55 41/61/57
f 26/60/56 41/61/57 27/62/58
f 27/62/58 41/61/57 42/63/59
f 27/62/58 42/63/59 28/64/60
f 28/64/60 42/63/59 43/65/61
f 28/64/60 43/65/61 29/66/62
f 29/66/62 43/65/61 44/67/63
f 29/66/62 44/67/63 30/68/64
f 30/68/64 44/67/63 45/69/65
f 33/70/66 32/71/67 46/72/68
f 46/72/68 32/71/67 47/73/69
f 48/74/70 34/75/71 46/76/72
f 46/76/72 34/75/71 33/77/73
f 34/78/74 48/79/75 35/80/76
f 35/80/76 48/79/75 49/81/77
f 51/82/78 48/83/79 54/84/80
f 54/84/80 48/83/79 46/85/81
f 54/84/80 46/85/81 53/86/82
f 53/86/82 46/85/81 50/87/83
f 53/86/82 50/87/83 52/88/84
f 52/88/84 50/87/83 73/89/85
f 73/89/85 50/87/83 72/90/86
f 72/90/86 50/87/83 71/91/87
f 71/91/87 50/87/83 70/92/88
f 70/92/88 50/87/83 69/93/89
f 69/93/89 50/87/83 68/94/90
f 68/94/90 50/87/83 67/95/91
f 67/95/91 50/87/83 66/96/92
f 66/96/92 50/87/83 65/97/93
f 65/97/93 50/87/83 51/82/78
f 65/97/93 51/82/78 64/98/94
f 64/98/94 51/82/78 63/99/95
f 63/99/95 51/82/78 62/100/96
f 62/100/96 51/82/78 61/101/97
f 61/101/97 51/82/78 60/102/98
f 60/102/98 51/82/78 59/103/99
f 59/103/99 51/82/78 58/104/100
f 58/104/100 51/82/78 57/105/101
f 57/105/101 51/82/78 56/106/102
f 56/106/102 51/82/78 55/107/103
f 55/107/103 51/82/78 54/84/80
f 50/108/104 46/109/105 76/110/106
f 76/110/106 46/109/105 47/111/107
f 76/110/106 47/111/107 74/112/108
f 74/112/108 75/113/109 76/110/106
f 47/114/110 32/115/111 74/116/112
f 74/116/112 32/115/111 77/117/113
f 77/117/113 32/115/111 31/118/114
f 79/119/115 97/120/116 78/121/117
f 78/121/117 97/120/116 76/122/106
f 78/121/117 76/122/106 98/123/118
f 98/123/118 76/122/106 75/124/109
f 97/120/116 79/119/115 96/125/119
f 96/125/119 79/119/115 80/126/120
f 96/125/119 80/126/120 95/127/121
f 95/127/121 80/126/120 81/128/122
f 95/127/121 81/128/122 94/129/123
f 94/129/123 81/128/122 82/130/124
f 94/129/123 82/130/124 93/131/125
f 93/131/125 82/130/124 83/132/126
f 93/131/125 83/132/126 92/133/127
f 92/133/127 83/132/126 84/134/128
f 92/133/127 84/134/128 91/135/129
f 91/135/129 84/134/128 85/136/130
f 91/135/129 85/136/130 90/137/131
f 90/137/131 85/136/130 86/138/132
f 90/137/131 86/138/132 89/139/133
f 89/139/133 86/138/132 87/140/134
f 89/139/133 87/140/134 88/141/135
f 98/123/118 99/142/136 78/121/117
f 78/121/117 99/142/136 100/143/137
f 102/144/138 103/145/139 101/146/140
f 101/146/140 103/145/139 104/147/141
f 106/148/142 107/149/143 105/150/144
f 105/150/144 107/149/143 108/151/145
f 110/152/146 129/153/147 109/154/148
f 109/154/148 129/153/147 132/155/149
f 109/154/148 132/155/149 133/156/150
f 129/153/147 110/152/146 128/157/151
f 128/157/151 110/152/146 111/158/152
f 128/157/151 111/158/152 127/159/153
f 127/159/153 111/158/152 112/160/154
f 127/159/153 112/160/154 126/161/155
f 126/161/155 112/160/154 113/162/156
f 126/161/155 113/162/156 125/163/157
f 125/163/157 113/162/156 114/164/158
f 125/163/157 114/164/158 124/165/159
f 124/165/159 114/164/158 115/166/160
f 124/165/159 115/166/160 123/167/161
f 123/167/161 115/166/160 116/168/162
f 123/167/161 116/168/162 122/169/163
f 122/169/163 116/168/162 117/170/164
f 122/169/163 117/170/164 121/171/165
f 121/171/165 117/170/164 118/172/166
f 121/171/165 118/172/166 120/173/167
f 120/173/167 118/172/166 119/174/168
f 130/175/169 131/176/170 129/153/147
f 129/153/147 131/176/170 132/155/149
f 119/177/168 134/178/171 120/179/167
f 120/179/167 134/178/171 135/180/172
f 137/181/173 138/182/174 136/183/175
f 136/183/175 138/182/174 139/184/176
f 141/185/177 142/186/178 140/187/179
f 140/187/179 142/186/178 143/188/180
f 144/189/181 49/190/182 109/191/148
f 109/191/148 49/190/182 48/192/183
f 109/191/148 48/192/183 51/193/184
f 109/191/148 133/194/150 144/189/181
f 166/195/185 145/196/186 165/197/187
f 165/197/187 145/196/186 146/198/188
f 165/197/187 146/198/188 164/199/189
f 164/199/189 146/198/188 147/200/190
f 164/199/189 147/200/190 163/201/191
f 163/201/191 147/200/190 148/202/192
f 163/201/191 148/202/192 162/203/193
f 162/203/193 148/202/192 149/204/194
f 162/203/193 149/204/194 161/205/195
f 161/205/195 149/204/194 150/206/196
f 161/205/195 150/206/196 160/207/197
f 160/207/197 150/206/196 151/208/198
f 160/207/197 151/208/198 159/209/199
f 159/209/199 151/208/198 152/210/200
f 159/209/199 152/210/200 158/211/201
f 158/211/201 152/210/200 153/212/202
f 158/211/201 153/212/202 157/213/203
f 157/213/203 153/212/202 154/214/204
f 157/213/203 154/214/204 156/215/205
f 156/215/205 154/214/204 155/216/206
f 155/217/206 167/218/207 156/219/205
f 156/219/205 167/218/207 168/220/208
f 170/221/209 151/222/210 169/223/211
f 169/223/211 151/222/210 150/224/212
f 169/223/211 150/224/212 145/225/213
f 145/225/213 150/224/212 149/226/214
f 145/225/213 149/226/214 148/227/215
f 171/228/216 153/229/217 170/221/209
f 170/221/209 153/229/217 152/230/218
f 170/221/209 152/230/218 151/222/210
f 153/229/217 171/228/216 154/231/219
f 154/231/219 171/228/216 172/232/220
f 154/231/219 172/232/220 155/233/221
f 155/233/221 172/232/220 173/234/222
f 155/233/221 173/234/222 174/235/223
f 174/235/223 175/236/224 155/233/221
f 155/233/221 175/236/224 176/237/225
f 155/233/221 176/237/225 177/238/226
f 177/238/226 178/239/227 155/233/221
f 155/233/221 178/239/227 167/240/228
f 167/240/228 178/239/227 179/241/229
f 167/240/228 179/241/229 180/242/230
f 180/242/230 181/243/231 167/240/228
f 167/240/228 181/243/231 182/244/232
f 167/240/228 182/244/232 183/245/233
f 183/245/233 184/246/234 167/240/228
f 167/240/228 184/246/234 217/247/235
f 217/247/235 184/246/234 185/248/236
f 217/247/235 185/248/236 216/249/237
f 216/249/237 185/248/236 186/250/238
f 216/249/237 186/250/238 215/251/239
f 215/251/239 186/250/238 214/252/240
f 214/252/240 186/250/238 187/253/241
f 214/252/240 187/253/241 213/254/242
f 213/254/242 187/253/241 135/255/243
f 213/254/242 135/255/243 212/256/244
f 212/256/244 135/255/243 211/257/245
f 211/257/245 135/255/243 210/258/246
f 210/258/246 135/255/243 209/259/247
f 135/255/243 187/253/241 120/260/248
f 120/260/248 187/253/241 188/261/249
f 120/260/248 188/261/249 189/262/250
f 120/260/248 189/262/250 121/263/251
f 121/263/251 189/262/250 190/264/252
f 121/263/251 190/264/252 191/265/253
f 121/263/251 191/265/253 122/266/254
f 122/266/254 191/265/253 192/267/255
f 122/266/254 192/267/255 193/268/256
f 193/268/256 194/269/257 122/266/254
f 122/266/254 194/269/257 123/270/258
f 123/270/258 194/269/257 195/271/259
f 123/270/258 195/271/259 124/272/260
f 124/272/260 195/271/259 208/273/261
f 124/272/260 208/273/261 125/274/262
f 125/274/262 208/273/261 126/275/263
f 126/275/263 208/273/261 127/276/264
f 127/276/264 208/273/261 128/277/265
f 128/277/265 208/273/261 129/278/266
f 195/271/259 196/279/267 208/273/261
f 208/273/261 196/279/267 197/280/268
f 208/273/261 197/280/268 207/281/269
f 207/281/269 197/280/268 198/282/270
f 207/281/269 198/282/270 199/283/271
f 199/283/271 200/284/272 207/281/269
f 207/281/269 200/284/272 83/285/273
f 207/281/269 83/285/273 82/286/274
f 83/285/273 200/284/272 84/287/275
f 84/287/275 200/284/272 201/288/276
f 84/287/275 201/288/276 202/289/277
f 84/287/275 202/289/277 85/290/278
f 85/290/278 202/289/277 203/291/279
f 85/290/278 203/291/279 86/292/280
f 86/292/280 203/291/279 204/293/281
f 86/292/280 204/293/281 205/294/282
f 86/292/280 205/294/282 87/295/283
f 87/295/283 205/294/282 206/296/284
f 87/295/283 206/296/284 169/223/211
f 148/227/215 147/297/285 145/225/213
f 145/225/213 147/297/285 146/298/286
f 145/225/213 87/295/283 169/223/211
f 82/286/274 81/299/287 207/281/269
f 207/281/269 81/299/287 80/300/288
f 207/281/269 80/300/288 79/301/289
f 79/301/289 78/302/290 207/281/269
f 168/303/208 167/304/207 226/305/291
f 226/305/291 167/304/207 217/306/292
f 226/305/291 217/306/292 225/307/293
f 225/307/293 217/306/292 216/308/294
f 225/307/293 216/308/294 224/309/295
f 224/309/295 216/308/294 215/310/296
f 224/309/295 215/310/296 223/311/297
f 223/311/297 215/310/296 214/312/298
f 223/311/297 214/312/298 222/313/299
f 222/313/299 214/312/298 213/314/300
f 222/313/299 213/314/300 221/315/301
f 221/315/301 213/314/300 212/316/302
f 221/315/301 212/316/302 220/317/303
f 220/317/303 212/316/302 211/318/304
f 220/317/303 211/318/304 219/319/305
f 219/319/305 211/318/304 210/320/306
f 219/319/305 210/320/306 218/321/307
f 218/321/307 210/320/306 209/322/308
f 218/321/307 209/322/308 134/323/171
f 134/323/171 209/322/308 135/324/172
f 65/325/309 227/326/310 66/327/311
f 66/327/311 227/326/310 228/328/312
f 66/327/311 228/328/312 67/329/313
f 67/329/313 228/328/312 229/330/314
f 67/329/313 229/330/314 68/331/315
f 68/331/315 229/330/314 230/332/316
f 68/331/315 230/332/316 69/333/317
f 69/333/317 230/332/316 231/334/318
f 69/333/317 231/334/318 70/335/319
f 70/335/319 231/334/318 232/336/320
f 70/335/319 232/336/320 71/337/321
f 71/337/321 232/336/320 233/338/322
f 71/337/321 233/338/322 72/339/323
f 72/339/323 233/338/322 234/340/324
f 72/339/323 234/340/324 73/341/325
f 73/341/325 234/340/324 235/342/326
f 73/341/325 235/342/326 52/343/327
f 52/343/327 235/342/326 236/344/328
f 255/345/329 237/346/330 254/347/331
f 254/347/331 237/346/330 238/348/332
f 254/347/331 238/348/332 253/349/333
f 253/349/333 238/348/332 239/350/334
f 253/349/333 239/350/334 252/351/335
f 252/351/335 239/350/334 240/352/336
f 252/351/335 240/352/336 251/353/337
f 251/353/337 240/352/336 241/354/338
f 251/353/337 241/354/338 250/355/339
f 250/355/339 241/354/338 242/356/340
f 250/355/339 242/356/340 249/357/341
f 249/357/341 242/356/340 243/358/342
f 249/357/341 243/358/342 248/359/343
f 248/359/343 243/358/342 244/360/344
f 248/359/343 244/360/344 247/361/345
f 247/361/345 244/360/344 245/362/346
f 247/361/345 245/362/346 246/363/347
f 246/363/347 245/362/346 227/364/310
f 245/365/346 276/366/348 227/367/349
f 227/367/349 276/366/348 275/368/350
f 227/367/349 275/368/350 228/369/351
f 228/369/351 275/368/350 306/370/352
f 228/369/351 306/370/352 229/371/353
f 229/371/353 306/370/352 230/372/354
f 230/372/354 306/370/352 305/373/355
f 230/372/354 305/373/355 312/374/356
f 312/374/356 305/373/355 304/375/357
f 312/374/356 304/375/357 311/376/358
f 311/376/358 304/375/357 303/377/359
f 311/376/358 303/377/359 310/378/360
f 310/378/360 303/377/359 302/379/361
f 310/378/360 302/379/361 309/380/362
f 309/380/362 302/379/361 301/381/363
f 309/380/362 301/381/363 308/382/364
f 308/382/364 301/381/363 300/383/365
f 308/382/364 300/383/365 307/384/366
f 307/384/366 300/383/365 261/385/367
f 307/384/366 261/385/367 262/386/368
f 245/365/346 244/387/344 276/366/348
f 276/366/348 244/387/344 283/388/369
f 276/366/348 283/388/369 277/389/370
f 277/389/370 283/388/369 284/390/371
f 277/389/370 284/390/371 278/391/372
f 278/391/372 284/390/371 285/392/373
f 278/391/372 285/392/373 279/393/374
f 279/393/374 285/392/373 286/394/375
f 279/393/374 286/394/375 280/395/376
f 280/395/376 286/394/375 287/396/377
f 280/395/376 287/396/377 281/397/378
f 281/397/378 287/396/377 288/398/379
f 281/397/378 288/398/379 282/399/380
f 282/399/380 288/398/379 289/400/381
f 282/399/380 289/400/381 266/401/382
f 266/401/382 289/400/381 259/402/383
f 266/401/382 259/402/383 260/403/384
f 244/387/344 243/404/342 283/388/369
f 283/388/369 243/404/342 284/390/371
f 284/390/371 243/404/342 290/405/385
f 290/405/385 243/404/342 242/406/340
f 290/405/385 242/406/340 265/407/386
f 265/407/386 242/406/340 241/408/338
f 265/407/386 241/408/338 295/409/387
f 295/409/387 241/408/338 240/410/336
f 295/409/387 240/410/336 264/411/388
f 264/411/388 240/410/336 239/412/334
f 264/411/388 239/412/334 298/413/389
f 298/413/389 239/412/334 238/414/332
f 298/413/389 238/414/332 299/415/390
f 299/415/390 238/414/332 237/416/330
f 299/415/390 237/416/330 256/417/391
f 299/415/390 256/417/391 297/418/392
f 297/418/392 256/417/391 257/419/393
f 297/418/392 257/419/393 294/420/394
f 294/420/394 257/419/393 258/421/395
f 294/420/394 258/421/395 289/400/381
f 289/400/381 258/421/395 259/402/383
f 261/385/367 300/383/365 260/403/384
f 260/403/384 300/383/365 268/422/396
f 260/403/384 268/422/396 266/401/382
f 266/401/382 268/422/396 269/423/397
f 266/401/382 269/423/397 282/399/380
f 282/399/380 269/423/397 270/424/398
f 282/399/380 270/424/398 281/397/378
f 281/397/378 270/424/398 271/425/399
f 281/397/378 271/425/399 280/395/376
f 280/395/376 271/425/399 272/426/400
f 280/395/376 272/426/400 279/393/374
f 279/393/374 272/426/400 273/427/401
f 279/393/374 273/427/401 278/391/372
f 278/391/372 273/427/401 274/428/402
f 278/391/372 274/428/402 277/389/370
f 277/389/370 274/428/402 275/368/350
f 277/389/370 275/368/350 276/366/348
f 307/384/366 262/386/368 267/429/403
f 267/429/403 262/386/368 263/430/404
f 267/429/403 263/430/404 316/431/405
f 316/431/405 263/430/404 236/432/328
f 316/431/405 236/432/328 235/433/406
f 316/431/405 235/433/406 317/434/407
f 317/434/407 235/433/406 234/435/408
f 317/434/407 234/435/408 313/436/409
f 313/436/409 234/435/408 314/437/410
f 313/436/409 314/437/410 309/380/362
f 309/380/362 314/437/410 310/378/360
f 234/435/408 233/438/411 314/437/410
f 314/437/410 233/438/411 315/439/412
f 314/437/410 315/439/412 310/378/360
f 310/378/360 315/439/412 311/376/358
f 233/438/411 232/440/413 315/439/412
f 315/439/412 232/440/413 311/376/358
f 232/440/413 231/441/414 311/376/358
f 311/376/358 231/441/414 312/374/356
f 231/441/414 230/372/354 312/374/356
f 300/383/365 301/381/363 268/422/396
f 268/422/396 301/381/363 269/423/397
f 301/381/363 302/379/361 269/423/397
f 269/423/397 302/379/361 270/424/398
f 302/379/361 303/377/359 270/424/398
f 270/424/398 303/377/359 271/425/399
f 303/377/359 304/375/357 271/425/399
f 271/425/399 304/375/357 272/426/400
f 304/375/357 305/373/355 272/426/400
f 272/426/400 305/373/355 273/427/401
f 306/370/352 275/368/350 274/428/402
f 305/373/355 306/370/352 273/427/401
f 273/427/401 306/370/352 274/428/402
f 290/405/385 265/407/386 284/390/371
f 284/390/371 265/407/386 285/392/373
f 286/394/375 285/392/373 291/442/415
f 291/442/415 285/392/373 265/407/386
f 291/442/415 265/407/386 295/409/387
f 287/396/377 286/394/375 292/443/416
f 292/443/416 286/394/375 291/442/415
f 292/443/416 291/442/415 264/411/388
f 264/411/388 291/442/415 295/409/387
f 294/420/394 289/400/381 288/398/379
f 288/398/379 287/396/377 293/444/417
f 293/444/417 287/396/377 292/443/416
f 293/444/417 292/443/416 296/445/418
f 296/445/418 292/443/416 264/411/388
f 296/445/418 264/411/388 298/413/389
f 297/418/392 294/420/394 293/444/417
f 293/444/417 294/420/394 288/398/379
f 297/418/392 293/444/417 296/445/418
f 299/415/390 297/418/392 296/445/418
f 299/415/390 296/445/418 298/413/389
f 313/436/409 309/380/362 308/382/364
f 313/436/409 308/382/364 267/429/403
f 267/429/403 308/382/364 307/384/366
f 317/434/407 313/436/409 316/431/405
f 316/431/405 313/436/409 267/429/403
f 55/446/419 318/447/420 56/448/421
f 56/448/421 318/447/420 319/449/422
f 56/448/421 319/449/422 57/450/423
f 57/450/423 319/449/422 320/451/424
f 57/450/423 320/451/424 58/452/425
f 58/452/425 320/451/424 321/453/426
f 58/452/425 321/453/426 59/454/427
f 59/454/427 321/453/426 322/455/428
f 59/454/427 322/455/428 60/456/429
f 60/456/429 322/455/428 323/457/430
f 60/456/429 323/457/430 61/458/431
f 61/458/431 323/457/430 324/459/432
f 61/458/431 324/459/432 62/460/433
f 62/460/433 324/459/432 325/461/434
f 62/460/433 325/461/434 63/462/435
f 63/462/435 325/461/434 326/463/436
f 63/462/435 326/463/436 64/464/437
f 64/464/437 326/463/436 246/465/438
f 326/466/439 346/467/440 246/468/347
f 246/468/347 346/467/440 345/469/441
f 246/468/347 345/469/441 247/470/345
f 247/470/345 345/469/441 377/471/442
f 247/470/345 377/471/442 248/472/343
f 248/472/343 377/471/442 249/473/341
f 249/473/341 377/471/442 376/474/443
f 249/473/341 376/474/443 383/475/444
f 383/475/444 376/474/443 375/476/445
f 383/475/444 375/476/445 382/477/446
f 382/477/446 375/476/445 374/478/447
f 382/477/446 374/478/447 381/479/448
f 381/479/448 374/478/447 373/480/449
f 381/479/448 373/480/449 380/481/450
f 380/481/450 373/480/449 372/482/451
f 380/481/450 372/482/451 379/483/452
f 379/483/452 372/482/451 371/484/453
f 379/483/452 371/484/453 378/485/454
f 378/485/454 371/484/453 332/486/455
f 378/485/454 332/486/455 333/487/456
f 326/466/439 325/488/457 346/467/440
f 346/467/440 325/488/457 354/489/458
f 346/467/440 354/489/458 347/490/459
f 347/490/459 354/489/458 355/491/460
f 347/490/459 355/491/460 348/492/461
f 348/492/461 355/491/460 356/493/462
f 348/492/461 356/493/462 349/494/463
f 349/494/463 356/493/462 357/495/464
f 349/494/463 357/495/464 350/496/465
f 350/496/465 357/495/464 358/497/466
f 350/496/465 358/497/466 351/498/467
f 351/498/467 358/497/466 359/499/468
f 351/498/467 359/499/468 352/500/469
f 352/500/469 359/499/468 360/501/470
f 352/500/469 360/501/470 353/502/471
f 353/502/471 360/501/470 330/503/472
f 353/502/471 330/503/472 337/504/473
f 337/504/473 330/503/472 331/505/474
f 337/504/473 331/505/474 371/484/453
f 371/484/453 331/505/474 332/486/455
f 325/488/457 324/506/475 354/489/458
f 354/489/458 324/506/475 355/491/460
f 355/491/460 324/506/475 361/507/476
f 361/507/476 324/506/475 323/508/477
f 361/507/476 323/508/477 336/509/478
f 336/509/478 323/508/477 322/510/479
f 336/509/478 322/510/479 366/511/480
f 366/511/480 322/510/479 321/512/481
f 366/511/480 321/512/481 335/513/482
f 335/513/482 321/512/481 320/514/483
f 335/513/482 320/514/483 369/515/484
f 369/515/484 320/514/483 319/516/485
f 369/515/484 319/516/485 370/517/486
f 370/517/486 319/516/485 318/518/420
f 370/517/486 318/518/420 327/519/487
f 370/517/486 327/519/487 368/520/488
f 368/520/488 327/519/487 328/521/489
f 368/520/488 328/521/489 365/522/490
f 365/522/490 328/521/489 329/523/491
f 365/522/490 329/523/491 360/501/470
f 360/501/470 329/523/491 330/503/472
f 378/485/454 333/487/456 338/524/492
f 338/524/492 333/487/456 334/525/493
f 338/524/492 334/525/493 387/526/494
f 387/526/494 334/525/493 255/527/329
f 387/526/494 255/527/329 254/528/331
f 387/526/494 254/528/331 388/529/495
f 388/529/495 254/528/331 253/530/333
f 388/529/495 253/530/333 384/531/496
f 384/531/496 253/530/333 385/532/497
f 384/531/496 385/532/497 380/481/450
f 380/481/450 385/532/497 381/479/448
f 253/530/333 252/533/335 385/532/497
f 385/532/497 252/533/335 386/534/498
f 385/532/497 386/534/498 381/479/448
f 381/479/448 386/534/498 382/477/446
f 252/533/335 251/535/337 386/534/498
f 386/534/498 251/535/337 382/477/446
f 251/535/337 250/536/339 382/477/446
f 382/477/446 250/536/339 383/475/444
f 250/536/339 249/473/341 383/475/444
f 352/500/469 353/502/471 339/537/499
f 339/537/499 353/502/471 337/504/473
f 339/537/499 337/504/473 372/482/451
f 372/482/451 337/504/473 371/484/453
f 351/498/467 352/500/469 340/538/500
f 340/538/500 352/500/469 339/537/499
f 340/538/500 339/537/499 373/480/449
f 373/480/449 339/537/499 372/482/451
f 350/496/465 351/498/467 341/539/501
f 341/539/501 351/498/467 340/538/500
f 341/539/501 340/538/500 374/478/447
f 374/478/447 340/538/500 373/480/449
f 349/494/463 350/496/465 342/540/502
f 342/540/502 350/496/465 341/539/501
f 342/540/502 341/539/501 375/476/445
f 375/476/445 341/539/501 374/478/447
f 348/492/461 349/494/463 343/541/503
f 343/541/503 349/494/463 342/540/502
f 343/541/503 342/540/502 376/474/443
f 376/474/443 342/540/502 375/476/445
f 347/490/459 348/492/461 344/542/504
f 344/542/504 348/492/461 343/541/503
f 344/542/504 343/541/503 377/471/442
f 377/471/442 343/541/503 376/474/443
f 346/467/440 347/490/459 345/469/441
f 345/469/441 347/490/459 344/542/504
f 345/469/441 344/542/504 377/471/442
f 361/507/476 336/509/478 355/491/460
f 355/491/460 336/509/478 356/493/462
f 357/495/464 356/493/462 362/543/505
f 362/543/505 356/493/462 336/509/478
f 362/543/505 336/509/478 366/511/480
f 358/497/466 357/495/464 363/544/506
f 363/544/506 357/495/464 362/543/505
f 363/544/506 362/543/505 335/513/482
f 335/513/482 362/543/505 366/511/480
f 365/522/490 360/501/470 359/499/468
f 359/499/468 358/497/466 364/545/507
f 364/545/507 358/497/466 363/544/506
f 364/545/507 363/544/506 367/546/508
f 367/546/508 363/544/506 335/513/482
f 367/546/508 335/513/482 369/515/484
f 368/520/488 365/522/490 364/545/507
f 364/545/507 365/522/490 359/499/468
f 368/520/488 364/545/507 367/546/508
f 370/517/486 368/520/488 367/546/508
f 370/517/486 367/546/508 369/515/484
f 384/531/496 380/481/450 379/483/452
f 384/531/496 379/483/452 338/524/492
f 338/524/492 379/483/452 378/485/454
f 388/529/495 384/531/496 387/526/494
f 387/526/494 384/531/496 338/524/492
f 236/547/328 389/548/509 52/549/327
f 52/549/327 389/548/509 53/550/510
f 236/551/328 263/552/404 389/553/509
f 389/553/509 263/552/404 419/554/511
f 389/553/509 419/554/511 424/555/512
f 424/555/512 419/554/511 420/556/513
f 424/555/512 420/556/513 423/557/514
f 423/557/514 420/556/513 421/558/515
f 423/557/514 421/558/515 422/559/516
f 422/559/516 421/558/515 399/560/517
f 422/559/516 399/560/517 401/561/518
f 401/561/518 399/560/517 400/562/519
f 419/554/511 263/552/404 425/563/520
f 425/563/520 263/552/404 262/564/368
f 425/563/520 262/564/368 428/565/521
f 428/565/521 262/564/368 261/566/367
f 428/565/521 261/566/367 431/567/522
f 431/567/522 261/566/367 260/568/384
f 431/567/522 260/568/384 434/569/523
f 434/569/523 260/568/384 259/570/383
f 434/569/523 259/570/383 437/571/524
f 437/571/524 259/570/383 258/572/395
f 437/571/524 258/572/395 440/573/525
f 440/573/525 258/572/395 257/574/393
f 440/573/525 257/574/393 443/575/526
f 443/575/526 257/574/393 256/576/391
f 443/575/526 256/576/391 237/577/330
f 443/575/526 237/577/330 444/578/527
f 444/578/527 237/577/330 390/579/528
f 444/578/527 390/579/528 445/580/529
f 445/580/529 390/579/528 391/581/530
f 445/580/529 391/581/530 442/582/531
f 442/582/531 391/581/530 392/583/532
f 442/582/531 392/583/532 439/584/533
f 439/584/533 392/583/532 393/585/534
f 439/584/533 393/585/534 436/586/535
f 436/586/535 393/585/534 394/587/536
f 436/586/535 394/587/536 433/588/537
f 433/588/537 394/587/536 395/589/538
f 433/588/537 395/589/538 430/590/539
f 430/590/539 395/589/538 396/591/540
f 430/590/539 396/591/540 427/592/541
f 427/592/541 396/591/540 397/593/542
f 427/592/541 397/593/542 421/558/515
f 421/558/515 397/593/542 398/594/543
f 421/558/515 398/594/543 399/560/517
f 422/559/516 401/561/518 446/595/544
f 446/595/544 401/561/518 402/596/545
f 446/595/544 402/596/545 449/597/546
f 449/597/546 402/596/545 403/598/547
f 449/597/546 403/598/547 452/599/548
f 452/599/548 403/598/547 404/600/549
f 452/599/548 404/600/549 455/601/550
f 455/601/550 404/600/549 405/602/551
f 455/601/550 405/602/551 458/603/552
f 458/603/552 405/602/551 406/604/553
f 458/603/552 406/604/553 461/605/554
f 461/605/554 406/604/553 407/606/555
f 461/605/554 407/606/555 464/607/556
f 464/607/556 407/606/555 408/608/557
f 464/607/556 408/608/557 409/609/558
f 464/607/556 409/609/558 465/610/559
f 465/610/559 409/609/558 410/611/560
f 465/610/559 410/611/560 466/612/561
f 466/612/561 410/611/560 411/613/562
f 466/612/561 411/613/562 463/614/563
f 463/614/563 411/613/562 412/615/564
f 463/614/563 412/615/564 460/616/565
f 460/616/565 412/615/564 413/617/566
f 460/616/565 413/617/566 457/618/567
f 457/618/567 413/617/566 414/619/568
f 457/618/567 414/619/568 454/620/569
f 454/620/569 414/619/568 415/621/570
f 454/620/569 415/621/570 451/622/571
f 451/622/571 415/621/570 416/623/572
f 451/622/571 416/623/572 448/624/573
f 448/624/573 416/623/572 417/625/574
f 448/624/573 417/625/574 424/555/512
f 424/555/512 417/625/574 418/626/575
f 424/555/512 418/626/575 389/553/509
f 427/592/541 421/558/515 420/556/513
f 420/556/513 419/554/511 426/627/576
f 426/627/576 419/554/511 425/563/520
f 426/627/576 425/563/520 429/628/577
f 429/628/577 425/563/520 428/565/521
f 429/628/577 428/565/521 432/629/578
f 432/629/578 428/565/521 431/567/522
f 432/629/578 431/567/522 435/630/579
f 435/630/579 431/567/522 434/569/523
f 435/630/579 434/569/523 438/631/580
f 438/631/580 434/569/523 437/571/524
f 438/631/580 437/571/524 441/632/581
f 441/632/581 437/571/524 440/573/525
f 441/632/581 440/573/525 444/578/527
f 444/578/527 440/573/525 443/575/526
f 448/624/573 424/555/512 423/557/514
f 423/557/514 422/559/516 447/633/582
f 447/633/582 422/559/516 446/595/544
f 447/633/582 446/595/544 450/634/583
f 450/634/583 446/595/544 449/597/546
f 450/634/583 449/597/546 453/635/584
f 453/635/584 449/597/546 452/599/548
f 453/635/584 452/599/548 456/636/585
f 456/636/585 452/599/548 455/601/550
f 456/636/585 455/601/550 459/637/586
f 459/637/586 455/601/550 458/603/552
f 459/637/586 458/603/552 462/638/587
f 462/638/587 458/603/552 461/605/554
f 462/638/587 461/605/554 465/610/559
f 465/610/559 461/605/554 464/607/556
f 430/590/539 427/592/541 426/627/576
f 426/627/576 427/592/541 420/556/513
f 430/590/539 426/627/576 429/628/577
f 433/588/537 430/590/539 429/628/577
f 433/588/537 429/628/577 432/629/578
f 436/586/535 433/588/537 432/629/578
f 436/586/535 432/629/578 435/630/579
f 439/584/533 436/586/535 435/630/579
f 439/584/533 435/630/579 438/631/580
f 442/582/531 439/584/533 438/631/580
f 442/582/531 438/631/580 441/632/581
f 445/580/529 442/582/531 441/632/581
f 445/580/529 441/632/581 444/578/527
f 451/622/571 448/624/573 447/633/582
f 447/633/582 448/624/573 423/557/514
f 451/622/571 447/633/582 450/634/583
f 454/620/569 451/622/571 450/634/583
f 454/620/569 450/634/583 453/635/584
f 457/618/567 454/620/569 453/635/584
f 457/618/567 453/635/584 456/636/585
f 460/616/565 457/618/567 456/636/585
f 460/616/565 456/636/585 459/637/586
f 463/614/563 460/616/565 459/637/586
f 463/614/563 459/637/586 462/638/587
f 466/612/561 463/614/563 462/638/587
f 466/612/561 462/638/587 465/610/559
f 237/639/330 255/640/329 390/641/528
f 390/641/528 255/640/329 467/642/588
f 334/643/493 497/644/589 255/645/329
f 255/645/329 497/644/589 498/646/590
f 255/645/329 498/646/590 467/647/588
f 467/647/588 498/646/590 499/648/591
f 467/647/588 499/648/591 496/649/592
f 496/649/592 499/648/591 495/650/593
f 495/650/593 499/648/591 502/651/594
f 495/650/593 502/651/594 494/652/595
f 494/652/595 502/651/594 505/653/596
f 494/652/595 505/653/596 493/654/597
f 493/654/597 505/653/596 508/655/598
f 493/654/597 508/655/598 492/656/599
f 492/656/599 508/655/598 511/657/600
f 492/656/599 511/657/600 491/658/601
f 491/658/601 511/657/600 514/659/602
f 491/658/601 514/659/602 490/660/603
f 490/660/603 514/659/602 517/661/604
f 490/660/603 517/661/604 489/662/605
f 489/662/605 517/661/604 520/663/606
f 489/662/605 520/663/606 488/664/607
f 488/664/607 520/663/606 523/665/608
f 488/664/607 523/665/608 486/666/609
f 486/666/609 523/665/608 485/667/610
f 485/667/610 523/665/608 526/668/611
f 485/667/610 526/668/611 484/669/612
f 484/669/612 526/668/611 529/670/613
f 484/669/612 529/670/613 483/671/614
f 483/671/614 529/670/613 532/672/615
f 483/671/614 532/672/615 482/673/616
f 482/673/616 532/672/615 535/674/617
f 482/673/616 535/674/617 481/675/618
f 481/675/618 535/674/617 538/676/619
f 481/675/618 538/676/619 480/677/620
f 480/677/620 538/676/619 541/678/621
f 480/677/620 541/678/621 479/679/622
f 479/679/622 541/678/621 544/680/623
f 479/679/622 544/680/623 478/681/624
f 478/681/624 544/680/623 543/682/625
f 478/681/624 543/682/625 477/683/626
f 477/683/626 543/682/625 542/684/627
f 477/683/626 542/684/627 476/685/628
f 476/685/628 542/684/627 475/686/629
f 475/686/629 542/684/627 539/687/630
f 475/686/629 539/687/630 474/688/631
f 474/688/631 539/687/630 536/689/632
f 474/688/631 536/689/632 473/690/633
f 473/690/633 536/689/632 533/691/634
f 473/690/633 533/691/634 472/692/635
f 472/692/635 533/691/634 530/693/636
f 472/692/635 530/693/636 471/694/637
f 471/694/637 530/693/636 527/695/638
f 471/694/637 527/695/638 470/696/639
f 470/696/639 527/695/638 524/697/640
f 470/696/639 524/697/640 469/698/641
f 469/698/641 524/697/640 521/699/642
f 469/698/641 521/699/642 468/700/643
f 468/700/643 521/699/642 518/701/644
f 468/700/643 518/701/644 327/702/487
f 327/702/487 518/701/644 328/703/489
f 328/703/489 518/701/644 515/704/645
f 328/703/489 515/704/645 329/705/491
f 329/705/491 515/704/645 512/706/646
f 329/705/491 512/706/646 330/707/472
f 330/707/472 512/706/646 509/708/647
f 330/707/472 509/708/647 331/709/474
f 331/709/474 509/708/647 506/710/648
f 331/709/474 506/710/648 332/711/455
f 332/711/455 506/710/648 503/712/649
f 332/711/455 503/712/649 333/713/456
f 333/713/456 503/712/649 500/714/650
f 333/713/456 500/714/650 334/643/493
f 334/643/493 500/714/650 497/644/589
f 327/702/487 318/715/420 468/700/643
f 486/666/609 487/716/651 488/664/607
f 502/651/594 499/648/591 498/646/590
f 498/646/590 497/644/589 501/717/652
f 501/717/652 497/644/589 500/714/650
f 501/717/652 500/714/650 504/718/653
f 504/718/653 500/714/650 503/712/649
f 504/718/653 503/712/649 507/719/654
f 507/719/654 503/712/649 506/710/648
f 507/719/654 506/710/648 510/720/655
f 510/720/655 506/710/648 509/708/647
f 510/720/655 509/708/647 513/721/656
f 513/721/656 509/708/647 512/706/646
f 513/721/656 512/706/646 516/722/657
f 516/722/657 512/706/646 515/704/645
f 516/722/657 515/704/645 519/723/658
f 519/723/658 515/704/645 518/701/644
f 519/723/658 518/701/644 522/724/659
f 522/724/659 518/701/644 521/699/642
f 522/724/659 521/699/642 525/725/660
f 525/725/660 521/699/642 524/697/640
f 525/725/660 524/697/640 528/726/661
f 528/726/661 524/697/640 527/695/638
f 528/726/661 527/695/638 531/727/662
f 531/727/662 527/695/638 530/693/636
f 531/727/662 530/693/636 534/728/663
f 534/728/663 530/693/636 533/691/634
f 534/728/663 533/691/634 537/729/664
f 537/729/664 533/691/634 536/689/632
f 537/729/664 536/689/632 540/730/665
f 540/730/665 536/689/632 539/687/630
f 540/730/665 539/687/630 543/682/625
f 543/682/625 539/687/630 542/684/627
f 505/653/596 502/651/594 501/717/652
f 501/717/652 502/651/594 498/646/590
f 505/653/596 501/717/652 504/718/653
f 508/655/598 505/653/596 504/718/653
f 508/655/598 504/718/653 507/719/654
f 511/657/600 508/655/598 507/719/654
f 511/657/600 507/719/654 510/720/655
f 514/659/602 511/657/600 510/720/655
f 514/659/602 510/720/655 513/721/656
f 517/661/604 514/659/602 513/721/656
f 517/661/604 513/721/656 516/722/657
f 520/663/606 517/661/604 516/722/657
f 520/663/606 516/722/657 519/723/658
f 523/665/608 520/663/606 519/723/658
f 523/665/608 519/723/658 522/724/659
f 526/668/611 523/665/608 522/724/659
f 526/668/611 522/724/659 525/725/660
f 529/670/613 526/668/611 525/725/660
f 529/670/613 525/725/660 528/726/661
f 532/672/615 529/670/613 528/726/661
f 532/672/615 528/726/661 531/727/662
f 535/674/617 532/672/615 531/727/662
f 535/674/617 531/727/662 534/728/663
f 538/676/619 535/674/617 534/728/663
f 538/676/619 534/728/663 537/729/664
f 541/678/621 538/676/619 537/729/664
f 541/678/621 537/729/664 540/730/665
f 544/680/623 541/678/621 540/730/665
f 544/680/623 540/730/665 543/682/625
f 55/731/419 54/732/666 318/733/420
f 318/733/420 54/732/666 468/734/643
f 476/735/667 54/736/668 477/737/669
f 477/737/669 54/736/668 53/738/670
f 477/737/669 53/738/670 410/739/671
f 410/739/671 53/738/670 411/740/672
f 411/740/672 53/738/670 412/741/673
f 412/741/673 53/738/670 413/742/674
f 413/742/674 53/738/670 414/743/675
f 414/743/675 53/738/670 415/744/676
f 415/744/676 53/738/670 416/745/677
f 416/745/677 53/738/670 417/746/678
f 417/746/678 53/738/670 418/747/679
f 418/747/679 53/738/670 389/748/680
f 476/735/667 475/749/681 54/736/668
f 54/736/668 475/749/681 474/750/682
f 54/736/668 474/750/682 473/751/683
f 473/751/683 472/752/684 54/736/668
f 54/736/668 472/752/684 471/753/685
f 54/736/668 471/753/685 470/754/686
f 470/754/686 469/755/687 54/736/668
f 54/736/668 469/755/687 468/756/688
f 477/757/626 410/758/560 478/759/624
f 478/759/624 410/758/560 409/760/558
f 563/761/689 487/762/651 562/763/690
f 562/763/690 487/762/651 545/764/691
f 562/763/690 545/764/691 561/765/692
f 561/765/692 545/764/691 546/766/693
f 561/765/692 546/766/693 560/767/694
f 560/767/694 546/766/693 547/768/695
f 560/767/694 547/768/695 559/769/696
f 559/769/696 547/768/695 548/770/697
f 559/769/696 548/770/697 558/771/698
f 558/771/698 548/770/697 549/772/699
f 558/771/698 549/772/699 557/773/700
f 557/773/700 549/772/699 550/774/701
f 557/773/700 550/774/701 556/775/702
f 556/775/702 550/774/701 551/776/703
f 556/775/702 551/776/703 555/777/704
f 555/777/704 551/776/703 552/778/705
f 555/777/704 552/778/705 554/779/706
f 554/779/706 552/778/705 553/780/707
f 553/781/707 564/782/708 580/783/709
f 580/783/709 564/782/708 579/784/710
f 579/784/710 564/782/708 578/785/711
f 578/785/711 564/782/708 565/786/712
f 578/785/711 565/786/712 577/787/713
f 577/787/713 565/786/712 566/788/714
f 577/787/713 566/788/714 576/789/715
f 576/789/715 566/788/714 567/790/716
f 576/789/715 567/790/716 575/791/717
f 575/791/717 567/790/716 568/792/718
f 575/791/717 568/792/718 574/793/719
f 574/793/719 568/792/718 569/794/720
f 574/793/719 569/794/720 573/795/721
f 573/795/721 569/794/720 570/796/722
f 573/795/721 570/796/722 572/797/723
f 572/797/723 570/796/722 571/798/724
f 572/797/723 571/798/724 409/799/558
f 409/799/558 571/798/724 478/800/624
f 479/801/622 478/802/624 585/803/725
f 585/803/725 478/802/624 571/804/724
f 585/803/725 571/804/724 584/805/726
f 584/805/726 571/804/724 570/806/722
f 584/805/726 570/806/722 587/807/727
f 587/807/727 570/806/722 569/808/720
f 587/807/727 569/808/720 586/809/728
f 586/809/728 569/808/720 568/810/718
f 586/809/728 568/810/718 592/811/729
f 592/811/729 568/810/718 591/812/730
f 592/811/729 591/812/730 599/813/731
f 599/813/731 591/812/730 598/814/732
f 599/813/731 598/814/732 607/815/733
f 607/815/733 598/814/732 606/816/734
f 607/815/733 606/816/734 614/817/735
f 614/817/735 606/816/734 613/818/736
f 614/817/735 613/818/736 621/819/737
f 621/819/737 613/818/736 620/820/738
f 621/819/737 620/820/738 626/821/739
f 626/821/739 620/820/738 582/822/740
f 626/821/739 582/822/740 630/823/741
f 630/823/741 582/822/740 548/824/742
f 630/823/741 548/824/742 547/825/743
f 568/810/718 567/826/716 591/812/730
f 591/812/730 567/826/716 590/827/744
f 591/812/730 590/827/744 598/814/732
f 598/814/732 590/827/744 597/828/745
f 598/814/732 597/828/745 606/816/734
f 606/816/734 597/828/745 605/829/746
f 606/816/734 605/829/746 613/818/736
f 613/818/736 605/829/746 612/830/747
f 613/818/736 612/830/747 620/820/738
f 620/820/738 612/830/747 619/831/748
f 620/820/738 619/831/748 582/822/740
f 582/822/740 619/831/748 625/832/749
f 582/822/740 625/832/749 549/833/750
f 549/833/750 625/832/749 550/834/751
f 550/834/751 625/832/749 619/831/748
f 550/834/751 619/831/748 618/835/752
f 618/835/752 619/831/748 611/836/753
f 618/835/752 611/836/753 551/837/754
f 551/837/754 611/836/753 610/838/755
f 551/837/754 610/838/755 552/839/756
f 552/839/756 610/838/755 553/840/757
f 553/840/757 610/838/755 603/841/758
f 553/840/757 603/841/758 564/842/708
f 564/842/708 603/841/758 596/843/759
f 564/842/708 596/843/759 565/844/712
f 565/844/712 596/843/759 566/845/714
f 566/845/714 596/843/759 597/828/745
f 566/845/714 597/828/745 590/827/744
f 567/826/716 566/845/714 590/827/744
f 551/837/754 550/834/751 618/835/752
f 549/833/750 548/824/742 582/822/740
f 630/823/741 547/825/743 583/846/760
f 583/846/760 547/825/743 546/847/761
f 583/846/760 546/847/761 633/848/762
f 633/848/762 546/847/761 545/849/763
f 633/848/762 545/849/763 634/850/764
f 634/850/764 545/849/763 487/851/651
f 634/850/764 487/851/651 486/852/609
f 634/850/764 486/852/609 632/853/765
f 632/853/765 486/852/609 485/854/610
f 632/853/765 485/854/610 629/855/766
f 629/855/766 485/854/610 484/856/612
f 629/855/766 484/856/612 624/857/767
f 624/857/767 484/856/612 483/858/614
f 624/857/767 483/858/614 617/859/768
f 617/859/768 483/858/614 581/860/769
f 617/859/768 581/860/769 609/861/770
f 609/861/770 581/860/769 601/862/771
f 609/861/770 601/862/771 600/863/772
f 600/863/772 601/862/771 593/864/773
f 600/863/772 593/864/773 592/811/729
f 592/811/729 593/864/773 587/807/727
f 592/811/729 587/807/727 586/809/728
f 483/858/614 482/865/616 581/860/769
f 581/860/769 482/865/616 602/866/774
f 581/860/769 602/866/774 601/862/771
f 601/862/771 602/866/774 594/867/775
f 601/862/771 594/867/775 593/864/773
f 593/864/773 594/867/775 588/868/776
f 593/864/773 588/868/776 587/807/727
f 587/807/727 588/868/776 584/805/726
f 482/865/616 481/869/618 602/866/774
f 602/866/774 481/869/618 595/870/777
f 602/866/774 595/870/777 594/867/775
f 594/867/775 595/870/777 589/871/778
f 594/867/775 589/871/778 588/868/776
f 588/868/776 589/871/778 585/803/725
f 588/868/776 585/803/725 584/805/726
f 481/869/618 480/872/620 595/870/777
f 595/870/777 480/872/620 589/871/778
f 480/872/620 479/801/622 589/871/778
f 589/871/778 479/801/622 585/803/725
f 600/863/772 592/811/729 599/813/731
f 605/829/746 597/828/745 596/843/759
f 600/863/772 599/813/731 608/873/779
f 608/873/779 599/813/731 607/815/733
f 608/873/779 607/815/733 615/874/780
f 615/874/780 607/815/733 614/817/735
f 615/874/780 614/817/735 622/875/781
f 622/875/781 614/817/735 621/819/737
f 622/875/781 621/819/737 627/876/782
f 627/876/782 621/819/737 626/821/739
f 627/876/782 626/821/739 583/846/760
f 583/846/760 626/821/739 630/823/741
f 605/829/746 596/843/759 604/877/783
f 604/877/783 596/843/759 603/841/758
f 604/877/783 603/841/758 611/836/753
f 611/836/753 603/841/758 610/838/755
f 612/830/747 605/829/746 604/877/783
f 612/830/747 604/877/783 611/836/753
f 600/863/772 608/873/779 609/861/770
f 609/861/770 608/873/779 616/878/784
f 609/861/770 616/878/784 617/859/768
f 617/859/768 616/878/784 624/857/767
f 616/878/784 608/873/779 615/874/780
f 619/831/748 612/830/747 611/836/753
f 616/878/784 615/874/780 623/879/785
f 623/879/785 615/874/780 622/875/781
f 623/879/785 622/875/781 628/880/786
f 628/880/786 622/875/781 627/876/782
f 628/880/786 627/876/782 631/881/787
f 631/881/787 627/876/782 583/846/760
f 631/881/787 583/846/760 633/848/762
f 629/855/766 624/857/767 623/879/785
f 623/879/785 624/857/767 616/878/784
f 629/855/766 623/879/785 628/880/786
f 632/853/765 629/855/766 628/880/786
f 632/853/765 628/880/786 631/881/787
f 634/850/764 632/853/765 631/881/787
f 634/850/764 631/881/787 633/848/762
f 652/882/788 580/883/789 651/884/790
f 651/884/790 580/883/789 635/885/791
f 651/884/790 635/885/791 650/886/792
f 650/886/792 635/885/791 636/887/793
f 650/886/792 636/887/793 649/888/794
f 649/888/794 636/887/793 637/889/795
f 649/888/794 637/889/795 648/890/796
f 648/890/796 637/889/795 638/891/797
f 648/890/796 638/891/797 647/892/798
f 647/892/798 638/891/797 639/893/799
f 647/892/798 639/893/799 646/894/800
f 646/894/800 639/893/799 640/895/801
f 646/894/800 640/895/801 645/896/802
f 645/896/802 640/895/801 641/897/803
f 645/896/802 641/897/803 644/898/804
f 644/898/804 641/897/803 642/899/805
f 644/898/804 642/899/805 643/900/806
f 643/900/806 642/899/805 400/901/519
f 401/902/518 400/903/519 657/904/807
f 657/904/807 400/903/519 642/905/808
f 657/904/807 642/905/808 659/906/809
f 659/906/809 642/905/808 641/907/810
f 659/906/809 641/907/810 662/908/811
f 662/908/811 641/907/810 640/909/812
f 662/908/811 640/909/812 667/910/813
f 667/910/813 640/909/812 639/911/814
f 667/910/813 639/911/814 674/912/815
f 674/912/815 639/911/814 655/913/816
f 674/912/815 655/913/816 688/914/817
f 688/914/817 655/913/816 690/915/818
f 688/914/817 690/915/818 691/916/819
f 691/916/819 690/915/818 698/917/820
f 691/916/819 698/917/820 699/918/821
f 699/918/821 698/917/820 703/919/822
f 699/918/821 703/919/822 704/920/823
f 704/920/823 703/919/822 577/921/713
f 704/920/823 577/921/713 576/922/715
f 639/911/814 638/923/824 655/913/816
f 655/913/816 638/923/824 689/924/825
f 655/913/816 689/924/825 690/915/818
f 690/915/818 689/924/825 697/925/826
f 690/915/818 697/925/826 698/917/820
f 698/917/820 697/925/826 702/926/827
f 698/917/820 702/926/827 703/919/822
f 703/919/822 702/926/827 578/927/711
f 703/919/822 578/927/711 577/921/713
f 638/923/824 637/928/828 689/924/825
f 689/924/825 637/928/828 696/929/829
f 689/924/825 696/929/829 697/925/826
f 697/925/826 696/929/829 656/930/830
f 697/925/826 656/930/830 702/926/827
f 702/926/827 656/930/830 705/931/831
f 702/926/827 705/931/831 706/932/832
f 706/932/832 705/931/831 579/933/710
f 706/932/832 579/933/710 578/927/711
f 637/928/828 636/934/833 696/929/829
f 696/929/829 636/934/833 656/930/830
f 636/934/833 635/935/834 656/930/830
f 656/930/830 635/935/834 705/931/831
f 635/935/834 580/936/709 705/931/831
f 705/931/831 580/936/709 579/933/710
f 704/920/823 576/922/715 700/937/835
f 700/937/835 576/922/715 575/938/717
f 700/937/835 575/938/717 701/939/836
f 701/939/836 575/938/717 574/940/719
f 701/939/836 574/940/719 694/941/837
f 694/941/837 574/940/719 695/942/838
f 694/941/837 695/942/838 684/943/839
f 684/943/839 695/942/838 683/944/840
f 684/943/839 683/944/840 679/945/841
f 679/945/841 683/944/840 680/946/842
f 679/945/841 680/946/842 672/947/843
f 672/947/843 680/946/842 673/948/844
f 672/947/843 673/948/844 406/949/553
f 406/949/553 673/948/844 407/950/555
f 407/950/555 673/948/844 681/951/845
f 407/950/555 681/951/845 408/952/557
f 408/952/557 681/951/845 409/953/558
f 409/953/558 681/951/845 682/954/846
f 409/953/558 682/954/846 572/955/723
f 572/955/723 682/954/846 695/942/838
f 572/955/723 695/942/838 573/956/721
f 573/956/721 695/942/838 574/940/719
f 672/947/843 406/949/553 666/957/847
f 666/957/847 406/949/553 405/958/551
f 666/957/847 405/958/551 654/959/848
f 654/959/848 405/958/551 404/960/549
f 654/959/848 404/960/549 661/961/849
f 661/961/849 404/960/549 403/962/547
f 661/961/849 403/962/547 653/963/850
f 653/963/850 403/962/547 402/964/545
f 653/963/850 402/964/545 658/965/851
f 658/965/851 402/964/545 401/902/518
f 658/965/851 401/902/518 657/904/807
f 658/965/851 657/904/807 660/966/852
f 660/966/852 657/904/807 659/906/809
f 660/966/852 659/906/809 663/967/853
f 663/967/853 659/906/809 662/908/811
f 663/967/853 662/908/811 668/968/854
f 668/968/854 662/908/811 667/910/813
f 668/968/854 667/910/813 675/969/855
f 675/969/855 667/910/813 674/912/815
f 675/969/855 674/912/815 688/914/817
f 658/965/851 660/966/852 653/963/850
f 653/963/850 660/966/852 664/970/856
f 653/963/850 664/970/856 665/971/857
f 665/971/857 664/970/856 670/972/858
f 665/971/857 670/972/858 671/973/859
f 671/973/859 670/972/858 678/974/860
f 671/973/859 678/974/860 679/945/841
f 679/945/841 678/974/860 684/943/839
f 664/970/856 660/966/852 663/967/853
f 654/959/848 661/961/849 665/971/857
f 665/971/857 661/961/849 653/963/850
f 664/970/856 663/967/853 669/975/861
f 669/975/861 663/967/853 668/968/854
f 669/975/861 668/968/854 676/976/862
f 676/976/862 668/968/854 675/969/855
f 676/976/862 675/969/855 687/977/863
f 687/977/863 675/969/855 688/914/817
f 687/977/863 688/914/817 691/916/819
f 672/947/843 666/957/847 654/959/848
f 672/947/843 654/959/848 671/973/859
f 671/973/859 654/959/848 665/971/857
f 664/970/856 669/975/861 670/972/858
f 670/972/858 669/975/861 677/978/864
f 670/972/858 677/978/864 678/974/860
f 678/974/860 677/978/864 685/979/865
f 678/974/860 685/979/865 684/943/839
f 684/943/839 685/979/865 694/941/837
f 677/978/864 669/975/861 676/976/862
f 679/945/841 672/947/843 671/973/859
f 681/951/845 673/948/844 680/946/842
f 677/978/864 676/976/862 686/980/866
f 686/980/866 676/976/862 687/977/863
f 686/980/866 687/977/863 692/981/867
f 692/981/867 687/977/863 691/916/819
f 692/981/867 691/916/819 699/918/821
f 682/954/846 681/951/845 680/946/842
f 682/954/846 680/946/842 683/944/840
f 682/954/846 683/944/840 695/942/838
f 685/979/865 686/980/866 693/982/868
f 693/982/868 686/980/866 692/981/867
f 693/982/868 692/981/867 700/937/835
f 700/937/835 692/981/867 699/918/821
f 700/937/835 699/918/821 704/920/823
f 686/980/866 685/979/865 677/978/864
f 701/939/836 694/941/837 693/982/868
f 693/982/868 694/941/837 685/979/865
f 701/939/836 693/982/868 700/937/835
f 706/932/832 578/927/711 702/926/827
f 707/983/869 554/984/706 728/985/870
f 728/985/870 554/984/706 719/986/871
f 728/985/870 719/986/871 727/987/872
f 727/987/872 719/986/871 726/988/873
f 726/988/873 719/986/871 725/989/874
f 725/989/874 719/986/871 724/990/875
f 724/990/875 719/986/871 723/991/876
f 723/991/876 719/986/871 722/992/877
f 722/992/877 719/986/871 721/993/878
f 721/993/878 719/986/871 720/994/879
f 719/986/871 554/984/706 652/995/788
f 652/995/788 554/984/706 553/996/707
f 652/995/788 553/996/707 580/997/709
f 708/998/880 709/999/881 652/995/788
f 652/995/788 709/999/881 718/1000/882
f 652/995/788 718/1000/882 719/986/871
f 718/1000/882 709/999/881 717/1001/883
f 717/1001/883 709/999/881 710/1002/884
f 717/1001/883 710/1002/884 711/1003/885
f 711/1003/885 712/1004/886 717/1001/883
f 717/1001/883 712/1004/886 713/1005/887
f 717/1001/883 713/1005/887 714/1006/888
f 714/1006/888 715/1007/889 717/1001/883
f 717/1001/883 715/1007/889 716/1008/890
f 563/1009/689 729/1010/891 487/1011/651
f 487/1011/651 729/1010/891 488/1012/607
f 399/1013/892 398/1014/893 730/1015/894
f 730/1015/894 398/1014/893 397/1016/895
f 730/1015/894 397/1016/895 396/1017/896
f 396/1017/896 395/1018/897 730/1015/894
f 730/1015/894 395/1018/897 394/1019/898
f 730/1015/894 394/1019/898 393/1020/899
f 393/1020/899 392/1021/900 730/1015/894
f 730/1015/894 392/1021/900 391/1022/901
f 730/1015/894 391/1022/901 390/1023/902
f 390/1023/902 467/1024/903 730/1015/894
f 730/1015/894 467/1024/903 729/1025/904
f 729/1025/904 467/1024/903 496/1026/905
f 729/1025/904 496/1026/905 495/1027/906
f 495/1027/906 494/1028/907 729/1025/904
f 729/1025/904 494/1028/907 493/1029/908
f 729/1025/904 493/1029/908 492/1030/909
f 492/1030/909 491/1031/910 729/1025/904
f 729/1025/904 491/1031/910 490/1032/911
f 729/1025/904 490/1032/911 489/1033/912
f 489/1033/912 488/1034/913 729/1025/904
f 400/1035/519 399/1036/517 643/1037/806
f 643/1037/806 399/1036/517 730/1038/914
f 227/1039/310 65/1040/309 246/1041/347
f 246/1041/347 65/1040/309 64/1042/437
f 644/1043/915 643/1044/916 708/1045/917
f 708/1045/917 643/1044/916 730/1046/918
f 708/1045/917 730/1046/918 207/1047/919
f 207/1047/919 730/1046/918 729/1048/920
f 207/1047/919 729/1048/920 208/1049/921
f 208/1049/921 729/1048/920 707/1050/922
f 707/1050/922 729/1048/920 563/1051/923
f 707/1050/922 563/1051/923 562/1052/924
f 562/1052/924 561/1053/925 707/1050/922
f 707/1050/922 561/1053/925 560/1054/926
f 707/1050/922 560/1054/926 559/1055/927
f 559/1055/927 558/1056/928 707/1050/922
f 707/1050/922 558/1056/928 557/1057/929
f 707/1050/922 557/1057/929 556/1058/930
f 556/1058/930 555/1059/931 707/1050/922
f 707/1050/922 555/1059/931 554/1060/932
f 652/1061/933 651/1062/934 708/1045/917
f 708/1045/917 651/1062/934 650/1063/935
f 708/1045/917 650/1063/935 649/1064/936
f 649/1064/936 648/1065/937 708/1045/917
f 708/1045/917 648/1065/937 647/1066/938
f 708/1045/917 647/1066/938 646/1067/939
f 646/1067/939 645/1068/940 708/1045/917
f 708/1045/917 645/1068/940 644/1043/915
f 1/1069/2 20/1070/1 732/1071/941
f 732/1071/941 20/1070/1 35/1072/942
f 732/1071/941 35/1072/942 731/1073/943
f 731/1073/943 35/1072/942 144/1074/944
f 144/1074/944 35/1072/942 49/1075/945
f 734/1076/946 735/1077/947 733/1078/948
f 733/1078/948 735/1077/947 736/1079/949
f 208/1080/950 734/1081/951 129/1082/952
f 129/1082/952 734/1081/951 733/1083/953
f 129/1082/952 733/1083/953 137/1084/954
f 137/1084/954 733/1083/953 742/1085/955
f 137/1084/954 742/1085/955 745/1086/956
f 745/1086/956 742/1085/955 738/1087/957
f 745/1086/956 738/1087/957 739/1088/958
f 707/1089/959 738/1087/957 208/1080/950
f 208/1080/950 738/1087/957 743/1090/960
f 208/1080/950 743/1090/960 734/1081/951
f 707/1089/959 728/1091/961 738/1087/957
f 738/1087/957 728/1091/961 737/1092/962
f 740/1093/963 741/1094/964 739/1088/958
f 739/1088/958 741/1094/964 744/1095/965
f 739/1088/958 744/1095/965 745/1086/956
f 741/1094/964 141/1096/966 744/1095/965
f 744/1095/965 141/1096/966 136/1097/967
f 136/1097/967 141/1096/966 130/1098/968
f 136/1097/967 130/1098/968 137/1084/954
f 137/1084/954 130/1098/968 129/1082/952
f 141/1096/966 140/1099/969 130/1098/968
f 742/1085/955 743/1090/960 738/1087/957
f 747/1100/970 817/1101/971 746/1102/972
f 746/1102/972 817/1101/971 782/1103/973
f 746/1104/972 782/1105/973 781/1106/974
f 781/1106/974 782/1105/973 783/1107/975
f 781/1106/974 783/1107/975 780/1108/976
f 780/1108/976 783/1107/975 784/1109/977
f 780/1108/976 784/1109/977 779/1110/978
f 779/1110/978 784/1109/977 785/1111/979
f 779/1110/978 785/1111/979 778/1112/980
f 778/1112/980 785/1111/979 786/1113/981
f 778/1112/980 786/1113/981 777/1114/982
f 777/1114/982 786/1113/981 787/1115/983
f 777/1114/982 787/1115/983 776/1116/984
f 776/1116/984 787/1115/983 788/1117/985
f 776/1116/984 788/1117/985 775/1118/986
f 775/1118/986 788/1117/985 789/1119/987
f 775/1118/986 789/1119/987 774/1120/988
f 774/1120/988 789/1119/987 790/1121/989
f 774/1120/988 790/1121/989 773/1122/990
f 773/1122/990 790/1121/989 791/1123/991
f 773/1122/990 791/1123/991 772/1124/992
f 772/1124/992 791/1123/991 792/1125/993
f 772/1124/992 792/1125/993 771/1126/994
f 771/1126/994 792/1125/993 793/1127/995
f 771/1126/994 793/1127/995 770/1128/996
f 770/1128/996 793/1127/995 794/1129/997
f 770/1128/996 794/1129/997 769/1130/998
f 769/1130/998 794/1129/997 795/1131/999
f 769/1130/998 795/1131/999 768/1132/1000
f 768/1132/1000 795/1131/999 796/1133/1001
f 768/1132/1000 796/1133/1001 767/1134/1002
f 767/1134/1002 796/1133/1001 797/1135/1003
f 767/1134/1002 797/1135/1003 766/1136/1004
f 766/1136/1004 797/1135/1003 798/1137/1005
f 766/1136/1004 798/1137/1005 765/1138/1006
f 765/1138/1006 798/1137/1005 799/1139/1007
f 765/1138/1006 799/1139/1007 764/1140/1008
f 764/1140/1008 799/1139/1007 800/1141/1009
f 764/1140/1008 800/1141/1009 763/1142/1010
f 763/1142/1010 800/1141/1009 801/1143/1011
f 763/1142/1010 801/1143/1011 762/1144/1012
f 762/1144/1012 801/1143/1011 802/1145/1013
f 762/1144/1012 802/1145/1013 761/1146/1014
f 761/1146/1014 802/1145/1013 803/1147/1015
f 761/1146/1014 803/1147/1015 760/1148/1016
f 760/1148/1016 803/1147/1015 804/1149/1017
f 760/1148/1016 804/1149/1017 759/1150/1018
f 759/1150/1018 804/1149/1017 805/1151/1019
f 759/1150/1018 805/1151/1019 758/1152/1020
f 758/1152/1020 805/1151/1019 806/1153/1021
f 758/1152/1020 806/1153/1021 757/1154/1022
f 757/1154/1022 806/1153/1021 807/1155/1023
f 757/1154/1022 807/1155/1023 756/1156/1024
f 756/1156/1024 807/1155/1023 808/1157/1025
f 756/1156/1024 808/1157/1025 755/1158/1026
f 755/1158/1026 808/1157/1025 809/1159/1027
f 755/1158/1026 809/1159/1027 754/1160/1028
f 754/1160/1028 809/1159/1027 810/1161/1029
f 754/1160/1028 810/1161/1029 753/1162/1030
f 753/1162/1030 810/1161/1029 811/1163/1031
f 753/1162/1030 811/1163/1031 752/1164/1032
f 752/1164/1032 811/1163/1031 812/1165/1033
f 752/1164/1032 812/1165/1033 751/1166/1034
f 751/1166/1034 812/1165/1033 813/1167/1035
f 751/1166/1034 813/1167/1035 750/1168/1036
f 750/1168/1036 813/1167/1035 814/1169/1037
f 750/1168/1036 814/1169/1037 749/1170/1038
f 749/1170/1038 814/1169/1037 815/1171/1039
f 749/1170/1038 815/1171/1039 748/1172/1040
f 748/1172/1040 815/1171/1039 816/1173/1041
f 748/1172/1040 816/1173/1041 747/1100/970
f 747/1100/970 816/1173/1041 817/1101/971
f 819/1174/1042 747/1175/1043 818/1176/1044
f 818/1176/1044 747/1175/1043 746/1177/1045
f 818/1176/1044 746/1177/1045 781/1178/1046
f 747/1175/1043 819/1174/1042 748/1179/1047
f 748/1179/1047 819/1174/1042 820/1180/1048
f 748/1179/1047 820/1180/1048 749/1181/1049
f 749/1181/1049 820/1180/1048 821/1182/1050
f 749/1181/1049 821/1182/1050 750/1183/1051
f 750/1183/1051 821/1182/1050 822/1184/1052
f 750/1183/1051 822/1184/1052 751/1185/1053
f 751/1185/1053 822/1184/1052 823/1186/1054
f 751/1185/1053 823/1186/1054 752/1187/1055
f 752/1187/1055 823/1186/1054 824/1188/1056
f 752/1187/1055 824/1188/1056 753/1189/1057
f 753/1189/1057 824/1188/1056 825/1190/1058
f 753/1189/1057 825/1190/1058 754/1191/1059
f 754/1191/1059 825/1190/1058 826/1192/1060
f 754/1191/1059 826/1192/1060 755/1193/1061
f 755/1193/1061 826/1192/1060 827/1194/1062
f 755/1193/1061 827/1194/1062 828/1195/1063
f 755/1193/1061 828/1195/1063 756/1196/1064
f 756/1196/1064 828/1195/1063 829/1197/1065
f 756/1196/1064 829/1197/1065 757/1198/1066
f 757/1198/1066 829/1197/1065 830/1199/1067
f 757/1198/1066 830/1199/1067 758/1200/1068
f 758/1200/1068 830/1199/1067 831/1201/1069
f 758/1200/1068 831/1201/1069 759/1202/1070
f 759/1202/1070 831/1201/1069 832/1203/1071
f 759/1202/1070 832/1203/1071 760/1204/1072
f 760/1204/1072 832/1203/1071 833/1205/1073
f 760/1204/1072 833/1205/1073 761/1206/1074
f 761/1206/1074 833/1205/1073 834/1207/1075
f 761/1206/1074 834/1207/1075 762/1208/1076
f 762/1208/1076 834/1207/1075 835/1209/1077
f 762/1208/1076 835/1209/1077 763/1210/1078
f 763/1210/1078 835/1209/1077 836/1211/1079
f 763/1210/1078 836/1211/1079 764/1212/1080
f 764/1212/1080 836/1211/1079 765/1213/1081
f 765/1213/1081 836/1211/1079 837/1214/1082
f 765/1213/1081 837/1214/1082 766/1215/1083
f 766/1215/1083 837/1214/1082 838/1216/1084
f 766/1215/1083 838/1216/1084 767/1217/1085
f 767/1217/1085 838/1216/1084 839/1218/1086
f 767/1217/1085 839/1218/1086 768/1219/1087
f 768/1219/1087 839/1218/1086 840/1220/1088
f 768/1219/1087 840/1220/1088 769/1221/1089
f 769/1221/1089 840/1220/1088 841/1222/1090
f 769/1221/1089 841/1222/1090 770/1223/1091
f 770/1223/1091 841/1222/1090 842/1224/1092
f 770/1223/1091 842/1224/1092 771/1225/1093
f 771/1225/1093 842/1224/1092 843/1226/1094
f 771/1225/1093 843/1226/1094 772/1227/1095
f 772/1227/1095 843/1226/1094 844/1228/1096
f 772/1227/1095 844/1228/1096 773/1229/1097
f 773/1229/1097 844/1228/1096 845/1230/1098
f 773/1229/1097 845/1230/1098 774/1231/1099
f 774/1231/1099 845/1230/1098 846/1232/1100
f 774/1231/1099 846/1232/1100 847/1233/1101
f 774/1231/1099 847/1233/1101 775/1234/1102
f 775/1234/1102 847/1233/1101 848/1235/1103
f 775/1234/1102 848/1235/1103 776/1236/1104
f 776/1236/1104 848/1235/1103 849/1237/1105
f 776/1236/1104 849/1237/1105 777/1238/1106
f 777/1238/1106 849/1237/1105 850/1239/1107
f 777/1238/1106 850/1239/1107 778/1240/1108
f 778/1240/1108 850/1239/1107 851/1241/1109
f 778/1240/1108 851/1241/1109 779/1242/1110
f 779/1242/1110 851/1241/1109 852/1243/1111
f 779/1242/1110 852/1243/1111 780/1244/1112
f 780/1244/1112 852/1243/1111 853/1245/1113
f 780/1244/1112 853/1245/1113 781/1178/1046
f 781/1178/1046 853/1245/1113 818/1176/1044
f 855/1246/1114 925/1247/1115 854/1248/1116
f 854/1248/1116 925/1247/1115 890/1249/1117
f 854/1250/1116 890/1251/1117 889/1252/1118
f 889/1252/1118 890/1251/1117 891/1253/1119
f 889/1252/1118 891/1253/1119 888/1254/1120
f 888/1254/1120 891/1253/1119 892/1255/1121
f 888/1254/1120 892/1255/1121 887/1256/1122
f 887/1256/1122 892/1255/1121 893/1257/1123
f 887/1256/1122 893/1257/1123 886/1258/1124
f 886/1258/1124 893/1257/1123 894/1259/1125
f 886/1258/1124 894/1259/1125 885/1260/1126
f 885/1260/1126 894/1259/1125 895/1261/1127
f 885/1260/1126 895/1261/1127 884/1262/1128
f 884/1262/1128 895/1261/1127 896/1263/1129
f 884/1262/1128 896/1263/1129 883/1264/1130
f 883/1264/1130 896/1263/1129 897/1265/1131
f 883/1264/1130 897/1265/1131 882/1266/1132
f 882/1266/1132 897/1265/1131 898/1267/1133
f 882/1266/1132 898/1267/1133 881/1268/1134
f 881/1268/1134 898/1267/1133 899/1269/1135
f 881/1268/1134 899/1269/1135 880/1270/1136
f 880/1270/1136 899/1269/1135 900/1271/1137
f 880/1270/1136 900/1271/1137 879/1272/1138
f 879/1272/1138 900/1271/1137 901/1273/1139
f 879/1272/1138 901/1273/1139 878/1274/1140
f 878/1274/1140 901/1273/1139 902/1275/1141
f 878/1274/1140 902/1275/1141 877/1276/1142
f 877/1276/1142 902/1275/1141 903/1277/1143
f 877/1276/1142 903/1277/1143 876/1278/1144
f 876/1278/1144 903/1277/1143 904/1279/1145
f 876/1278/1144 904/1279/1145 875/1280/1146
f 875/1280/1146 904/1279/1145 905/1281/1147
f 875/1280/1146 905/1281/1147 874/1282/1148
f 874/1282/1148 905/1281/1147 906/1283/1149
f 874/1282/1148 906/1283/1149 873/1284/1150
f 873/1284/1150 906/1283/1149 907/1285/1151
f 873/1284/1150 907/1285/1151 872/1286/1152
f 872/1286/1152 907/1285/1151 908/1287/1153
f 872/1286/1152 908/1287/1153 871/1288/1154
f 871/1288/1154 908/1287/1153 909/1289/1155
f 871/1288/1154 909/1289/1155 870/1290/1156
f 870/1290/1156 909/1289/1155 910/1291/1157
f 870/1290/1156 910/1291/1157 869/1292/1158
f 869/1292/1158 910/1291/1157 911/1293/1159
f 869/1292/1158 911/1293/1159 868/1294/1160
f 868/1294/1160 911/1293/1159 912/1295/1161
f 868/1294/1160 912/1295/1161 867/1296/1162
f 867/1296/1162 912/1295/1161 913/1297/1163
f 867/1296/1162 913/1297/1163 866/1298/1164
f 866/1298/1164 913/1297/1163 914/1299/1165
f 866/1298/1164 914/1299/1165 865/1300/1166
f 865/1300/1166 914/1299/1165 915/1301/1167
f 865/1300/1166 915/1301/1167 864/1302/1168
f 864/1302/1168 915/1301/1167 916/1303/1169
f 864/1302/1168 916/1303/1169 863/1304/1170
f 863/1304/1170 916/1303/1169 917/1305/1171
f 863/1304/1170 917/1305/1171 862/1306/1172
f 862/1306/1172 917/1305/1171 918/1307/1173
f 862/1306/1172 918/1307/1173 861/1308/1174
f 861/1308/1174 918/1307/1173 919/1309/1175
f 861/1308/1174 919/1309/1175 860/1310/1176
f 860/1310/1176 919/1309/1175 920/1311/1177
f 860/1310/1176 920/1311/1177 859/1312/1178
f 859/1312/1178 920/1311/1177 921/1313/1179
f 859/1312/1178 921/1313/1179 858/1314/1180
f 858/1314/1180 921/1313/1179 922/1315/1181
f 858/1314/1180 922/1315/1181 857/1316/1182
f 857/1316/1182 922/1315/1181 923/1317/1183
f 857/1316/1182 923/1317/1183 856/1318/1184
f 856/1318/1184 923/1317/1183 924/1319/1185
f 856/1318/1184 924/1319/1185 855/1246/1114
f 855/1246/1114 924/1319/1185 925/1247/1115
f 927/1320/1186 855/1321/1187 926/1322/1188
f 926/1322/1188 855/1321/1187 854/1323/1189
f 926/1322/1188 854/1323/1189 889/1324/1190
f 855/1321/1187 927/1320/1186 856/1325/1191
f 856/1325/1191 927/1320/1186 928/1326/1192
f 856/1325/1191 928/1326/1192 857/1327/1193
f 857/1327/1193 928/1326/1192 929/1328/1194
f 857/1327/1193 929/1328/1194 858/1329/1195
f 858/1329/1195 929/1328/1194 930/1330/1196
f 858/1329/1195 930/1330/1196 859/1331/1197
f 859/1331/1197 930/1330/1196 931/1332/1198
f 859/1331/1197 931/1332/1198 860/1333/1199
f 860/1333/1199 931/1332/1198 932/1334/1200
f 860/1333/1199 932/1334/1200 861/1335/1201
f 861/1335/1201 932/1334/1200 933/1336/1202
f 861/1335/1201 933/1336/1202 862/1337/1203
f 862/1337/1203 933/1336/1202 934/1338/1204
f 862/1337/1203 934/1338/1204 863/1339/1205
f 863/1339/1205 934/1338/1204 935/1340/1206
f 863/1339/1205 935/1340/1206 936/1341/1207
f 863/1339/1205 936/1341/1207 864/1342/1208
f 864/1342/1208 936/1341/1207 937/1343/1209
f 864/1342/1208 937/1343/1209 865/1344/1210
f 865/1344/1210 937/1343/1209 938/1345/1211
f 865/1344/1210 938/1345/1211 866/1346/1212
f 866/1346/1212 938/1345/1211 939/1347/1213
f 866/1346/1212 939/1347/1213 867/1348/1214
f 867/1348/1214 939/1347/1213 940/1349/1215
f 867/1348/1214 940/1349/1215 868/1350/1216
f 868/1350/1216 940/1349/1215 941/1351/1217
f 868/1350/1216 941/1351/1217 869/1352/1218
f 869/1352/1218 941/1351/1217 942/1353/1219
f 869/1352/1218 942/1353/1219 870/1354/1220
f 870/1354/1220 942/1353/1219 943/1355/1221
f 870/1354/1220 943/1355/1221 871/1356/1222
f 871/1356/1222 943/1355/1221 944/1357/1223
f 871/1356/1222 944/1357/1223 872/1358/1224
f 872/1358/1224 944/1357/1223 873/1359/1225
f 873/1359/1225 944/1357/1223 945/1360/1226
f 873/1359/1225 945/1360/1226 874/1361/1227
f 874/1361/1227 945/1360/1226 946/1362/1228
f 874/1361/1227 946/1362/1228 875/1363/1229
f 875/1363/1229 946/1362/1228 947/1364/1230
f 875/1363/1229 947/1364/1230 876/1365/1231
f 876/1365/1231 947/1364/1230 948/1366/1232
f 876/1365/1231 948/1366/1232 877/1367/1233
f 877/1367/1233 948/1366/1232 949/1368/1234
f 877/1367/1233 949/1368/1234 878/1369/1235
f 878/1369/1235 949/1368/1234 950/1370/1236
f 878/1369/1235 950/1370/1236 879/1371/1237
f 879/1371/1237 950/1370/1236 951/1372/1238
f 879/1371/1237 951/1372/1238 880/1373/1239
f 880/1373/1239 951/1372/1238 952/1374/1240
f 880/1373/1239 952/1374/1240 881/1375/1241
f 881/1375/1241 952/1374/1240 953/1376/1242
f 881/1375/1241 953/1376/1242 882/1377/1243
f 882/1377/1243 953/1376/1242 954/1378/1244
f 882/1377/1243 954/1378/1244 955/1379/1245
f 882/1377/1243 955/1379/1245 883/1380/1246
f 883/1380/1246 955/1379/1245 956/1381/1247
f 883/1380/1246 956/1381/1247 884/1382/1248
f 884/1382/1248 956/1381/1247 957/1383/1249
f 884/1382/1248 957/1383/1249 885/1384/1250
f 885/1384/1250 957/1383/1249 958/1385/1251
f 885/1384/1250 958/1385/1251 886/1386/1252
f 886/1386/1252 958/1385/1251 959/1387/1253
f 886/1386/1252 959/1387/1253 887/1388/1254
f 887/1388/1254 959/1387/1253 960/1389/1255
f 887/1388/1254 960/1389/1255 888/1390/1256
f 888/1390/1256 960/1389/1255 961/1391/1257
f 888/1390/1256 961/1391/1257 889/1324/1190
f 889/1324/1190 961/1391/1257 926/1322/1188
f 137/1392/1258 745/1393/1259 138/1394/1260
f 138/1394/1260 745/1393/1259 962/1395/1261
f 138/1394/1260 962/1395/1261 108/1396/1262
f 108/1396/1262 962/1395/1261 105/1397/1263
f 742/1398/1264 736/1399/1265 963/1400/1266
f 963/1400/1266 736/1399/1265 964/1401/1267
f 963/1400/1266 964/1401/1267 965/1402/1268
f 742/1398/1264 733/1403/1269 736/1399/1265
f 141/1404/1270 741/1405/1271 142/1406/1272
f 142/1406/1272 741/1405/1271 966/1407/1273
f 142/1406/1272 966/1407/1273 104/1408/1274
f 104/1408/1274 966/1407/1273 101/1409/1275
f 744/1410/1276 139/1411/1277 967/1412/1278
f 967/1412/1278 139/1411/1277 107/1413/1279
f 967/1412/1278 107/1413/1279 106/1414/1280
f 744/1410/1276 136/1415/1281 139/1411/1277
f 853/1416/1282 1003/1417/1283 818/1418/1284
f 818/1418/1284 1003/1417/1283 968/1419/1285
f 818/1420/1284 968/1421/1285 819/1422/1286
f 819/1422/1286 968/1421/1285 969/1423/1287
f 819/1422/1286 969/1423/1287 820/1424/1288
f 820/1424/1288 969/1423/1287 970/1425/1289
f 820/1424/1288 970/1425/1289 821/1426/1290
f 821/1426/1290 970/1425/1289 971/1427/1291
f 821/1426/1290 971/1427/1291 822/1428/1292
f 822/1428/1292 971/1427/1291 972/1429/1293
f 822/1428/1292 972/1429/1293 823/1430/1294
f 823/1430/1294 972/1429/1293 973/1431/1295
f 823/1430/1294 973/1431/1295 824/1432/1296
f 824/1432/1296 973/1431/1295 974/1433/1297
f 824/1432/1296 974/1433/1297 825/1434/1298
f 825/1434/1298 974/1433/1297 975/1435/1299
f 825/1434/1298 975/1435/1299 826/1436/1300
f 826/1436/1300 975/1435/1299 976/1437/1301
f 826/1436/1300 976/1437/1301 827/1438/1302
f 827/1438/1302 976/1437/1301 977/1439/1303
f 827/1438/1302 977/1439/1303 828/1440/1304
f 828/1440/1304 977/1439/1303 978/1441/1305
f 828/1440/1304 978/1441/1305 829/1442/1306
f 829/1442/1306 978/1441/1305 979/1443/1307
f 829/1442/1306 979/1443/1307 830/1444/1308
f 830/1444/1308 979/1443/1307 980/1445/1309
f 830/1444/1308 980/1445/1309 831/1446/1310
f 831/1446/1310 980/1445/1309 981/1447/1311
f 831/1446/1310 981/1447/1311 832/1448/1312
f 832/1448/1312 981/1447/1311 982/1449/1313
f 832/1448/1312 982/1449/1313 833/1450/1314
f 833/1450/1314 982/1449/1313 983/1451/1315
f 833/1450/1314 983/1451/1315 834/1452/1316
f 834/1452/1316 983/1451/1315 984/1453/1317
f 834/1452/1316 984/1453/1317 835/1454/1318
f 835/1454/1318 984/1453/1317 985/1455/1319
f 835/1454/1318 985/1455/1319 836/1456/1320
f 836/1456/1320 985/1455/1319 986/1457/1321
f 836/1456/1320 986/1457/1321 837/1458/1322
f 837/1458/1322 986/1457/1321 987/1459/1323
f 837/1458/1322 987/1459/1323 838/1460/1324
f 838/1460/1324 987/1459/1323 988/1461/1325
f 838/1460/1324 988/1461/1325 839/1462/1326
f 839/1462/1326 988/1461/1325 989/1463/1327
f 839/1462/1326 989/1463/1327 840/1464/1328
f 840/1464/1328 989/1463/1327 990/1465/1329
f 840/1464/1328 990/1465/1329 841/1466/1330
f 841/1466/1330 990/1465/1329 991/1467/1331
f 841/1466/1330 991/1467/1331 842/1468/1332
f 842/1468/1332 991/1467/1331 992/1469/1333
f 842/1468/1332 992/1469/1333 843/1470/1334
f 843/1470/1334 992/1469/1333 993/1471/1335
f 843/1470/1334 993/1471/1335 844/1472/1336
f 844/1472/1336 993/1471/1335 994/1473/1337
f 844/1472/1336 994/1473/1337 845/1474/1338
f 845/1474/1338 994/1473/1337 995/1475/1339
f 845/1474/1338 995/1475/1339 846/1476/1340
f 846/1476/1340 995/1475/1339 996/1477/1341
f 846/1476/1340 996/1477/1341 847/1478/1342
f 847/1478/1342 996/1477/1341 997/1479/1343
f 847/1478/1342 997/1479/1343 848/1480/1344
f 848/1480/1344 997/1479/1343 998/1481/1345
f 848/1480/1344 998/1481/1345 849/1482/1346
f 849/1482/1346 998/1481/1345 999/1483/1347
f 849/1482/1346 999/1483/1347 850/1484/1348
f 850/1484/1348 999/1483/1347 1000/1485/1349
f 850/1484/1348 1000/1485/1349 851/1486/1350
f 851/1486/1350 1000/1485/1349 1001/1487/1351
f 851/1486/1350 1001/1487/1351 852/1488/1352
f 852/1488/1352 1001/1487/1351 1002/1489/1353
f 852/1488/1352 1002/1489/1353 853/1416/1282
f 853/1416/1282 1002/1489/1353 1003/1417/1283
f 734/1490/1354 743/1491/1355 735/1492/1356
f 735/1492/1356 743/1491/1355 1004/1493/1357
f 735/1492/1356 1004/1493/1357 1006/1494/1358
f 1006/1494/1358 1004/1493/1357 1005/1495/1359
f 961/1496/1360 1042/1497/1361 926/1498/1362
f 926/1498/1362 1042/1497/1361 1007/1499/1363
f 926/1500/1362 1007/1501/1363 927/1502/1364
f 927/1502/1364 1007/1501/1363 1008/1503/1365
f 927/1502/1364 1008/1503/1365 928/1504/1366
f 928/1504/1366 1008/1503/1365 1009/1505/1367
f 928/1504/1366 1009/1505/1367 929/1506/1368
f 929/1506/1368 1009/1505/1367 1010/1507/1369
f 929/1506/1368 1010/1507/1369 930/1508/1370
f 930/1508/1370 1010/1507/1369 1011/1509/1371
f 930/1508/1370 1011/1509/1371 931/1510/1372
f 931/1510/1372 1011/1509/1371 1012/1511/1373
f 931/1510/1372 1012/1511/1373 932/1512/1374
f 932/1512/1374 1012/1511/1373 1013/1513/1375
f 932/1512/1374 1013/1513/1375 933/1514/1376
f 933/1514/1376 1013/1513/1375 1014/1515/1377
f 933/1514/1376 1014/1515/1377 934/1516/1378
f 934/1516/1378 1014/1515/1377 1015/1517/1379
f 934/1516/1378 1015/1517/1379 935/1518/1380
f 935/1518/1380 1015/1517/1379 1016/1519/1381
f 935/1518/1380 1016/1519/1381 936/1520/1382
f 936/1520/1382 1016/1519/1381 1017/1521/1383
f 936/1520/1382 1017/1521/1383 937/1522/1384
f 937/1522/1384 1017/1521/1383 1018/1523/1385
f 937/1522/1384 1018/1523/1385 938/1524/1386
f 938/1524/1386 1018/1523/1385 1019/1525/1387
f 938/1524/1386 1019/1525/1387 939/1526/1388
f 939/1526/1388 1019/1525/1387 1020/1527/1389
f 939/1526/1388 1020/1527/1389 940/1528/1390
f 940/1528/1390 1020/1527/1389 1021/1529/1391
f 940/1528/1390 1021/1529/1391 941/1530/1392
f 941/1530/1392 1021/1529/1391 1022/1531/1393
f 941/1530/1392 1022/1531/1393 942/1532/1394
f 942/1532/1394 1022/1531/1393 1023/1533/1395
f 942/1532/1394 1023/1533/1395 943/1534/1396
f 943/1534/1396 1023/1533/1395 1024/1535/1397
f 943/1534/1396 1024/1535/1397 944/1536/1398
f 944/1536/1398 1024/1535/1397 1025/1537/1399
f 944/1536/1398 1025/1537/1399 945/1538/1400
f 945/1538/1400 1025/1537/1399 1026/1539/1401
f 945/1538/1400 1026/1539/1401 946/1540/1402
f 946/1540/1402 1026/1539/1401 1027/1541/1403
f 946/1540/1402 1027/1541/1403 947/1542/1404
f 947/1542/1404 1027/1541/1403 1028/1543/1405
f 947/1542/1404 1028/1543/1405 948/1544/1406
f 948/1544/1406 1028/1543/1405 1029/1545/1407
f 948/1544/1406 1029/1545/1407 949/1546/1408
f 949/1546/1408 1029/1545/1407 1030/1547/1409
f 949/1546/1408 1030/1547/1409 950/1548/1410
f 950/1548/1410 1030/1547/1409 1031/1549/1411
f 950/1548/1410 1031/1549/1411 951/1550/1412
f 951/1550/1412 1031/1549/1411 1032/1551/1413
f 951/1550/1412 1032/1551/1413 952/1552/1414
f 952/1552/1414 1032/1551/1413 1033/1553/1415
f 952/1552/1414 1033/1553/1415 953/1554/1416
f 953/1554/1416 1033/1553/1415 1034/1555/1417
f 953/1554/1416 1034/1555/1417 954/1556/1418
f 954/1556/1418 1034/1555/1417 1035/1557/1419
f 954/1556/1418 1035/1557/1419 955/1558/1420
f 955/1558/1420 1035/1557/1419 1036/1559/1421
f 955/1558/1420 1036/1559/1421 956/1560/1422
f 956/1560/1422 1036/1559/1421 1037/1561/1423
f 956/1560/1422 1037/1561/1423 957/1562/1424
f 957/1562/1424 1037/1561/1423 1038/1563/1425
f 957/1562/1424 1038/1563/1425 958/1564/1426
f 958/1564/1426 1038/1563/1425 1039/1565/1427
f 958/1564/1426 1039/1565/1427 959/1566/1428
f 959/1566/1428 1039/1565/1427 1040/1567/1429
f 959/1566/1428 1040/1567/1429 960/1568/1430
f 960/1568/1430 1040/1567/1429 1041/1569/1431
f 960/1568/1430 1041/1569/1431 961/1496/1360
f 961/1496/1360 1041/1569/1431 1042/1497/1361
f 965/1570/1432 964/1571/1433 1005/1572/1434
f 1005/1572/1434 964/1571/1433 1006/1573/1435
f 966/1574/1436 741/1575/1437 1043/1576/1438
f 1043/1576/1438 741/1575/1437 740/1577/1439
f 745/1578/1440 1016/1579/1441 962/1580/1442
f 962/1580/1442 1016/1579/1441 1015/1581/1443
f 962/1580/1442 1015/1581/1443 1014/1582/1444
f 744/1583/1445 1025/1584/1446 745/1578/1440
f 745/1578/1440 1025/1584/1446 1024/1585/1447
f 745/1578/1440 1024/1585/1447 1023/1586/1448
f 967/1587/1449 1034/1588/1450 744/1583/1445
f 744/1583/1445 1034/1588/1450 1033/1589/1451
f 744/1583/1445 1033/1589/1451 1032/1590/1452
f 962/1580/1442 1007/1591/1453 967/1587/1449
f 967/1587/1449 1007/1591/1453 1042/1592/1454
f 967/1587/1449 1042/1592/1454 1041/1593/1455
f 1041/1593/1455 1040/1594/1456 967/1587/1449
f 967/1587/1449 1040/1594/1456 1039/1595/1457
f 967/1587/1449 1039/1595/1457 1038/1596/1458
f 1038/1596/1458 1037/1597/1459 967/1587/1449
f 967/1587/1449 1037/1597/1459 1036/1598/1460
f 967/1587/1449 1036/1598/1460 1035/1599/1461
f 1035/1599/1461 1034/1588/1450 967/1587/1449
f 1032/1590/1452 1031/1600/1462 744/1583/1445
f 744/1583/1445 1031/1600/1462 1030/1601/1463
f 744/1583/1445 1030/1601/1463 1029/1602/1464
f 1029/1602/1464 1028/1603/1465 744/1583/1445
f 744/1583/1445 1028/1603/1465 1027/1604/1466
f 744/1583/1445 1027/1604/1466 1026/1605/1467
f 1026/1605/1467 1025/1584/1446 744/1583/1445
f 1023/1586/1448 1022/1606/1468 745/1578/1440
f 745/1578/1440 1022/1606/1468 1021/1607/1469
f 745/1578/1440 1021/1607/1469 1020/1608/1470
f 1020/1608/1470 1019/1609/1471 745/1578/1440
f 745/1578/1440 1019/1609/1471 1018/1610/1472
f 745/1578/1440 1018/1610/1472 1017/1611/1473
f 1017/1611/1473 1016/1579/1441 745/1578/1440
f 1014/1582/1444 1013/1612/1474 962/1580/1442
f 962/1580/1442 1013/1612/1474 1012/1613/1475
f 962/1580/1442 1012/1613/1475 1011/1614/1476
f 1011/1614/1476 1010/1615/1477 962/1580/1442
f 962/1580/1442 1010/1615/1477 1009/1616/1478
f 962/1580/1442 1009/1616/1478 1008/1617/1479
f 1008/1617/1479 1007/1591/1453 962/1580/1442
f 963/1618/1480 995/1619/1481 742/1620/1482
f 742/1620/1482 995/1619/1481 994/1621/1483
f 742/1620/1482 994/1621/1483 993/1622/1484
f 1004/1623/1485 968/1624/1486 963/1618/1480
f 963/1618/1480 968/1624/1486 1003/1625/1487
f 963/1618/1480 1003/1625/1487 1002/1626/1488
f 743/1627/1489 977/1628/1490 1004/1623/1485
f 1004/1623/1485 977/1628/1490 976/1629/1491
f 1004/1623/1485 976/1629/1491 975/1630/1492
f 742/1620/1482 986/1631/1493 743/1627/1489
f 743/1627/1489 986/1631/1493 985/1632/1494
f 743/1627/1489 985/1632/1494 984/1633/1495
f 1002/1626/1488 1001/1634/1496 963/1618/1480
f 963/1618/1480 1001/1634/1496 1000/1635/1497
f 963/1618/1480 1000/1635/1497 999/1636/1498
f 999/1636/1498 998/1637/1499 963/1618/1480
f 963/1618/1480 998/1637/1499 997/1638/1500
f 963/1618/1480 997/1638/1500 996/1639/1501
f 996/1639/1501 995/1619/1481 963/1618/1480
f 993/1622/1484 992/1640/1502 742/1620/1482
f 742/1620/1482 992/1640/1502 991/1641/1503
f 742/1620/1482 991/1641/1503 990/1642/1504
f 990/1642/1504 989/1643/1505 742/1620/1482
f 742/1620/1482 989/1643/1505 988/1644/1506
f 742/1620/1482 988/1644/1506 987/1645/1507
f 987/1645/1507 986/1631/1493 742/1620/1482
f 984/1633/1495 983/1646/1508 743/1627/1489
f 743/1627/1489 983/1646/1508 982/1647/1509
f 743/1627/1489 982/1647/1509 981/1648/1510
f 981/1648/1510 980/1649/1511 743/1627/1489
f 743/1627/1489 980/1649/1511 979/1650/1512
f 743/1627/1489 979/1650/1512 978/1651/1513
f 978/1651/1513 977/1628/1490 743/1627/1489
f 975/1630/1492 974/1652/1514 1004/1623/1485
f 1004/1623/1485 974/1652/1514 973/1653/1515
f 1004/1623/1485 973/1653/1515 972/1654/1516
f 972/1654/1516 971/1655/1517 1004/1623/1485
f 1004/1623/1485 971/1655/1517 970/1656/1518
f 1004/1623/1485 970/1656/1518 969/1657/1519
f 969/1657/1519 968/1624/1486 1004/1623/1485
f 142/1658/1520 104/1659/1521 143/1660/1522
f 143/1660/1522 104/1659/1521 103/1661/1523
f 817/1662/1524 1006/1663/1525 782/1664/1526
f 782/1664/1526 1006/1663/1525 964/1665/1527
f 782/1664/1526 964/1665/1527 783/1666/1528
f 783/1666/1528 964/1665/1527 784/1667/1529
f 784/1667/1529 964/1665/1527 785/1668/1530
f 785/1668/1530 964/1665/1527 786/1669/1531
f 786/1669/1531 964/1665/1527 787/1670/1532
f 787/1670/1532 964/1665/1527 788/1671/1533
f 788/1671/1533 964/1665/1527 789/1672/1534
f 789/1672/1534 964/1665/1527 790/1673/1535
f 790/1673/1535 964/1665/1527 791/1674/1536
f 791/1674/1536 964/1665/1527 736/1675/1537
f 791/1674/1536 736/1675/1537 792/1676/1538
f 792/1676/1538 736/1675/1537 793/1677/1539
f 793/1677/1539 736/1675/1537 794/1678/1540
f 794/1678/1540 736/1675/1537 795/1679/1541
f 795/1679/1541 736/1675/1537 796/1680/1542
f 796/1680/1542 736/1675/1537 797/1681/1543
f 797/1681/1543 736/1675/1537 798/1682/1544
f 798/1682/1544 736/1675/1537 799/1683/1545
f 799/1683/1545 736/1675/1537 800/1684/1546
f 800/1684/1546 736/1675/1537 735/1685/1547
f 800/1684/1546 735/1685/1547 801/1686/1548
f 801/1686/1548 735/1685/1547 802/1687/1549
f 802/1687/1549 735/1685/1547 803/1688/1550
f 803/1688/1550 735/1685/1547 804/1689/1551
f 804/1689/1551 735/1685/1547 805/1690/1552
f 805/1690/1552 735/1685/1547 806/1691/1553
f 806/1691/1553 735/1685/1547 807/1692/1554
f 807/1692/1554 735/1685/1547 808/1693/1555
f 808/1693/1555 735/1685/1547 809/1694/1556
f 809/1694/1556 735/1685/1547 1006/1663/1525
f 809/1694/1556 1006/1663/1525 810/1695/1557
f 810/1695/1557 1006/1663/1525 811/1696/1558
f 811/1696/1558 1006/1663/1525 812/1697/1559
f 812/1697/1559 1006/1663/1525 813/1698/1560
f 813/1698/1560 1006/1663/1525 814/1699/1561
f 814/1699/1561 1006/1663/1525 815/1700/1562
f 815/1700/1562 1006/1663/1525 816/1701/1563
f 816/1701/1563 1006/1663/1525 817/1662/1524
f 925/1702/1564 108/1703/1565 890/1704/1566
f 890/1704/1566 108/1703/1565 107/1705/1567
f 890/1704/1566 107/1705/1567 891/1706/1568
f 891/1706/1568 107/1705/1567 892/1707/1569
f 892/1707/1569 107/1705/1567 893/1708/1570
f 893/1708/1570 107/1705/1567 894/1709/1571
f 894/1709/1571 107/1705/1567 895/1710/1572
f 895/1710/1572 107/1705/1567 896/1711/1573
f 896/1711/1573 107/1705/1567 897/1712/1574
f 897/1712/1574 107/1705/1567 898/1713/1575
f 898/1713/1575 107/1705/1567 899/1714/1576
f 899/1714/1576 107/1705/1567 139/1715/1577
f 899/1714/1576 139/1715/1577 900/1716/1578
f 900/1716/1578 139/1715/1577 901/1717/1579
f 901/1717/1579 139/1715/1577 902/1718/1580
f 902/1718/1580 139/1715/1577 903/1719/1581
f 903/1719/1581 139/1715/1577 904/1720/1582
f 904/1720/1582 139/1715/1577 905/1721/1583
f 905/1721/1583 139/1715/1577 906/1722/1584
f 906/1722/1584 139/1715/1577 907/1723/1585
f 907/1723/1585 139/1715/1577 908/1724/1586
f 908/1724/1586 139/1715/1577 138/1725/1587
f 908/1724/1586 138/1725/1587 909/1726/1588
f 909/1726/1588 138/1725/1587 910/1727/1589
f 910/1727/1589 138/1725/1587 911/1728/1590
f 911/1728/1590 138/1725/1587 912/1729/1591
f 912/1729/1591 138/1725/1587 913/1730/1592
f 913/1730/1592 138/1725/1587 914/1731/1593
f 914/1731/1593 138/1725/1587 915/1732/1594
f 915/1732/1594 138/1725/1587 916/1733/1595
f 916/1733/1595 138/1725/1587 917/1734/1596
f 917/1734/1596 138/1725/1587 108/1703/1565
f 917/1734/1596 108/1703/1565 918/1735/1597
f 918/1735/1597 108/1703/1565 919/1736/1598
f 919/1736/1598 108/1703/1565 920/1737/1599
f 920/1737/1599 108/1703/1565 921/1738/1600
f 921/1738/1600 108/1703/1565 922/1739/1601
f 922/1739/1601 108/1703/1565 923/1740/1602
f 923/1740/1602 108/1703/1565 924/1741/1603
f 924/1741/1603 108/1703/1565 925/1702/1564
f 738/1742/1604 732/1743/1605 739/1744/1606
f 739/1744/1606 732/1743/1605 731/1745/1607
f 1044/1746/1608 1045/1747/1609 1047/1748/1610
f 1047/1748/1610 1045/1747/1609 1046/1749/1611
f 140/1750/1612 143/1751/1613 740/1752/1614
f 740/1752/1614 143/1751/1613 103/1753/1615
f 740/1752/1614 103/1753/1615 1043/1754/1616
f 1043/1754/1616 103/1753/1615 77/1755/1617
f 1043/1754/1616 77/1755/1617 1047/1756/1618
f 103/1753/1615 102/1757/1619 77/1755/1617
f 77/1755/1617 102/1757/1619 75/1758/1620
f 77/1755/1617 75/1758/1620 74/1759/1621
f 100/1760/1622 99/1761/1623 102/1757/1619
f 102/1757/1619 99/1761/1623 98/1762/1624
f 102/1757/1619 98/1762/1624 75/1758/1620
f 1047/1756/1618 1046/1763/1625 1043/1754/1616
f 739/1764/1626 731/1765/1627 740/1752/1614
f 740/1752/1614 731/1765/1627 144/1766/1628
f 740/1752/1614 144/1766/1628 133/1767/1629
f 740/1752/1614 133/1767/1629 140/1750/1612
f 140/1750/1612 133/1767/1629 132/1768/1630
f 140/1750/1612 132/1768/1630 131/1769/1631
f 131/1769/1631 130/1770/1632 140/1750/1612
f 737/1771/962 728/1772/961 1056/1773/1633
f 1056/1773/1633 728/1772/961 727/1774/1634
f 1056/1773/1633 727/1774/1634 1055/1775/1635
f 1055/1775/1635 727/1774/1634 726/1776/1636
f 1055/1775/1635 726/1776/1636 1054/1777/1637
f 1054/1777/1637 726/1776/1636 725/1778/1638
f 1054/1777/1637 725/1778/1638 1053/1779/1639
f 1053/1779/1639 725/1778/1638 724/1780/1640
f 1053/1779/1639 724/1780/1640 1052/1781/1641
f 1052/1781/1641 724/1780/1640 723/1782/1642
f 1052/1781/1641 723/1782/1642 1051/1783/1643
f 1051/1783/1643 723/1782/1642 722/1784/1644
f 1051/1783/1643 722/1784/1644 1050/1785/1645
f 1050/1785/1645 722/1784/1644 721/1786/1646
f 1050/1785/1645 721/1786/1646 1049/1787/1647
f 1049/1787/1647 721/1786/1646 720/1788/1648
f 1049/1787/1647 720/1788/1648 1048/1789/1649
f 1048/1789/1649 720/1788/1648 719/1790/1650
f 719/1791/1650 718/1792/1651 1048/1793/1649
f 1048/1793/1649 718/1792/1651 1057/1794/1652
f 45/1795/65 1044/1796/1653 30/1797/64
f 30/1797/64 1044/1796/1653 31/1798/1654
f 31/1798/1654 1044/1796/1653 77/1799/1655
f 77/1799/1655 1044/1796/1653 1047/1800/1656
f 962/1801/1657 965/1802/1658 105/1803/1659
f 105/1803/1659 965/1802/1658 78/1804/1660
f 105/1803/1659 78/1804/1660 100/1805/1661
f 967/1806/1662 1046/1807/1663 962/1801/1657
f 962/1801/1657 1046/1807/1663 1045/1808/1664
f 962/1801/1657 1045/1808/1664 963/1809/1665
f 963/1809/1665 1045/1808/1664 1004/1810/1666
f 1004/1810/1666 1045/1808/1664 207/1811/1667
f 1004/1810/1666 207/1811/1667 1005/1812/1668
f 1005/1812/1668 207/1811/1667 78/1804/1660
f 1005/1812/1668 78/1804/1660 965/1802/1658
f 1046/1807/1663 967/1806/1662 966/1813/1669
f 966/1813/1669 967/1806/1662 106/1814/1670
f 966/1813/1669 106/1814/1670 101/1815/1671
f 101/1815/1671 106/1814/1670 100/1805/1661
f 101/1815/1671 100/1805/1661 102/1816/1672
f 106/1814/1670 105/1803/1659 100/1805/1661
f 963/1809/1665 965/1802/1658 962/1801/1657
f 966/1813/1669 1043/1817/1673 1046/1807/1663
f 1058/1818/1674 709/1819/1675 1045/1808/1664
f 1045/1808/1664 709/1819/1675 708/1820/1676
f 1045/1808/1664 708/1820/1676 207/1811/1667
f 1057/1821/1652 718/1822/1651 1066/1823/1677
f 1066/1823/1677 718/1822/1651 717/1824/1678
f 1066/1823/1677 717/1824/1678 1065/1825/1679
f 1065/1825/1679 717/1824/1678 716/1826/1680
f 1065/1825/1679 716/1826/1680 1064/1827/1681
f 1064/1827/1681 716/1826/1680 715/1828/1682
f 1064/1827/1681 715/1828/1682 1063/1829/1683
f 1063/1829/1683 715/1828/1682 714/1830/1684
f 1063/1829/1683 714/1830/1684 1062/1831/1685
f 1062/1831/1685 714/1830/1684 713/1832/1686
f 1062/1831/1685 713/1832/1686 1061/1833/1687
f 1061/1833/1687 713/1832/1686 712/1834/1688
f 1061/1833/1687 712/1834/1688 1060/1835/1689
f 1060/1835/1689 712/1834/1688 711/1836/1690
f 1060/1835/1689 711/1836/1690 1059/1837/1691
f 1059/1837/1691 711/1836/1690 710/1838/1692
f 1059/1837/1691 710/1838/1692 1058/1839/1674
f 1058/1839/1674 710/1838/1692 709/1840/1675
f 9/1841/1693 1049/1842/1694 10/1843/1695
f 10/1843/1695 1049/1842/1694 1048/1844/1696
f 10/1843/1695 1048/1844/1696 1057/1845/1697
f 9/1841/1693 8/1846/1698 1049/1842/1694
f 1049/1842/1694 8/1846/1698 1050/1847/1699
f 1050/1847/1699 8/1846/1698 7/1848/1700
f 1050/1847/1699 7/1848/1700 6/1849/1701
f 1050/1847/1699 6/1849/1701 1051/1850/1702
f 1051/1850/1702 6/1849/1701 5/1851/1703
f 1051/1850/1702 5/1851/1703 1052/1852/1704
f 1052/1852/1704 5/1851/1703 4/1853/1705
f 1052/1852/1704 4/1853/1705 1053/1854/1706
f 1053/1854/1706 4/1853/1705 3/1855/1707
f 1053/1854/1706 3/1855/1707 1054/1856/1708
f 1054/1856/1708 3/1855/1707 2/1857/1709
f 1054/1856/1708 2/1857/1709 1055/1858/1710
f 1055/1858/1710 2/1857/1709 1/1859/1711
f 1055/1858/1710 1/1859/1711 1056/1860/1712
f 1056/1860/1712 1/1859/1711 737/1861/1713
f 737/1861/1713 1/1859/1711 738/1862/1714
f 738/1862/1714 1/1859/1711 732/1863/1715
f 10/1843/1695 1057/1845/1697 36/1864/1716
f 36/1864/1716 1057/1845/1697 1066/1865/1717
f 36/1864/1716 1066/1865/1717 37/1866/1718
f 37/1866/1718 1066/1865/1717 38/1867/1719
f 38/1867/1719 1066/1865/1717 1065/1868/1720
f 38/1867/1719 1065/1868/1720 39/1869/1721
f 39/1869/1721 1065/1868/1720 40/1870/1722
f 40/1870/1722 1065/1868/1720 1064/1871/1723
f 40/1870/1722 1064/1871/1723 41/1872/1724
f 41/1872/1724 1064/1871/1723 1063/1873/1725
f 41/1872/1724 1063/1873/1725 42/1874/1726
f 42/1874/1726 1063/1873/1725 1062/1875/1727
f 42/1874/1726 1062/1875/1727 43/1876/1728
f 43/1876/1728 1062/1875/1727 1061/1877/1729
f 43/1876/1728 1061/1877/1729 44/1878/1730
f 44/1878/1730 1061/1877/1729 1060/1879/1731
f 44/1878/1730 1060/1879/1731 45/1880/1732
f 45/1880/1732 1060/1879/1731 1059/1881/1733
f 45/1880/1732 1059/1881/1733 1058/1882/1734
f 1058/1882/1734 1045/1883/1735 45/1880/1732
f 45/1880/1732 1045/1883/1735 1044/1884/1736
f 87/1885/134 145/1886/186 88/1887/135
f 88/1887/135 145/1886/186 166/1888/185
f 165/1889/1737 164/1890/1738 166/1891/1739
f 166/1891/1739 164/1890/1738 163/1892/1740
f 166/1891/1739 163/1892/1740 162/1893/1741
f 166/1891/1739 162/1893/1741 1084/1894/1742
f 1084/1894/1742 162/1893/1741 161/1895/1743
f 1084/1894/1742 161/1895/1743 160/1896/1744
f 160/1896/1744 159/1897/1745 1084/1894/1742
f 1084/1894/1742 159/1897/1745 1083/1898/1746
f 1083/1898/1746 159/1897/1745 158/1899/1747
f 1083/1898/1746 158/1899/1747 1082/1900/1748
f 1082/1900/1748 158/1899/1747 157/1901/1749
f 1082/1900/1748 157/1901/1749 1081/1902/1750
f 1081/1902/1750 157/1901/1749 156/1903/1751
f 1081/1902/1750 156/1903/1751 1080/1904/1752
f 1080/1904/1752 156/1903/1751 1079/1905/1753
f 1079/1905/1753 156/1903/1751 1078/1906/1754
f 1078/1906/1754 156/1903/1751 1077/1907/1755
f 1077/1907/1755 156/1903/1751 1076/1908/1756
f 1076/1908/1756 156/1903/1751 168/1909/1757
f 1076/1908/1756 168/1909/1757 1075/1910/1758
f 1075/1910/1758 168/1909/1757 1074/1911/1759
f 1074/1911/1759 168/1909/1757 1073/1912/1760
f 1073/1912/1760 168/1909/1757 1072/1913/1761
f 1072/1913/1761 168/1909/1757 1071/1914/1762
f 1071/1914/1762 168/1909/1757 226/1915/1763
f 1071/1914/1762 226/1915/1763 1070/1916/1764
f 1070/1916/1764 226/1915/1763 225/1917/1765
f 1070/1916/1764 225/1917/1765 1069/1918/1766
f 1069/1918/1766 225/1917/1765 224/1919/1767
f 1069/1918/1766 224/1919/1767 1068/1920/1768
f 1068/1920/1768 224/1919/1767 223/1921/1769
f 1068/1920/1768 223/1921/1769 222/1922/1770
f 222/1922/1770 221/1923/1771 1068/1920/1768
f 1068/1920/1768 221/1923/1771 134/1924/1772
f 1068/1920/1768 134/1924/1772 1067/1925/1773
f 1067/1925/1773 134/1924/1772 119/1926/1774
f 1067/1925/1773 119/1926/1774 1104/1927/1775
f 1104/1927/1775 119/1926/1774 1103/1928/1776
f 1103/1928/1776 119/1926/1774 1102/1929/1777
f 1102/1929/1777 119/1926/1774 118/1930/1778
f 1102/1929/1777 118/1930/1778 51/1931/1779
f 51/1931/1779 118/1930/1778 117/1932/1780
f 51/1931/1779 117/1932/1780 116/1933/1781
f 221/1923/1771 220/1934/1782 134/1924/1772
f 134/1924/1772 220/1934/1782 219/1935/1783
f 134/1924/1772 219/1935/1783 218/1936/1784
f 116/1933/1781 115/1937/1785 51/1931/1779
f 51/1931/1779 115/1937/1785 114/1938/1786
f 51/1931/1779 114/1938/1786 113/1939/1787
f 113/1939/1787 112/1940/1788 51/1931/1779
f 51/1931/1779 112/1940/1788 111/1941/1789
f 51/1931/1779 111/1941/1789 110/1942/1790
f 110/1942/1790 109/1943/1791 51/1931/1779
f 50/1944/1792 1095/1945/1793 51/1931/1779
f 51/1931/1779 1095/1945/1793 1096/1946/1794
f 51/1931/1779 1096/1946/1794 1097/1947/1795
f 76/1948/1796 97/1949/1797 50/1944/1792
f 50/1944/1792 97/1949/1797 96/1950/1798
f 50/1944/1792 96/1950/1798 95/1951/1799
f 95/1951/1799 94/1952/1800 50/1944/1792
f 50/1944/1792 94/1952/1800 93/1953/1801
f 50/1944/1792 93/1953/1801 92/1954/1802
f 92/1954/1802 91/1955/1803 50/1944/1792
f 50/1944/1792 91/1955/1803 90/1956/1804
f 50/1944/1792 90/1956/1804 89/1957/1805
f 88/1958/1806 1088/1959/1807 89/1957/1805
f 89/1957/1805 1088/1959/1807 1089/1960/1808
f 89/1957/1805 1089/1960/1808 50/1944/1792
f 50/1944/1792 1089/1960/1808 1090/1961/1809
f 50/1944/1792 1090/1961/1809 1091/1962/1810
f 166/1891/1739 1085/1963/1811 88/1958/1806
f 88/1958/1806 1085/1963/1811 1086/1964/1812
f 88/1958/1806 1086/1964/1812 1087/1965/1813
f 1084/1894/1742 1085/1963/1811 166/1891/1739
f 1087/1965/1813 1088/1959/1807 88/1958/1806
f 1091/1962/1810 1092/1966/1814 50/1944/1792
f 50/1944/1792 1092/1966/1814 1093/1967/1815
f 50/1944/1792 1093/1967/1815 1094/1968/1816
f 1094/1968/1816 1095/1945/1793 50/1944/1792
f 1097/1947/1795 1098/1969/1817 51/1931/1779
f 51/1931/1779 1098/1969/1817 1099/1970/1818
f 51/1931/1779 1099/1970/1818 1100/1971/1819
f 1100/1971/1819 1101/1972/1820 51/1931/1779
f 51/1931/1779 1101/1972/1820 1102/1929/1777
f 169/1973/1821 1085/1974/1822 170/1975/1823
f 170/1975/1823 1085/1974/1822 1084/1976/1824
f 170/1975/1823 1084/1976/1824 171/1977/1825
f 171/1977/1825 1084/1976/1824 1083/1978/1826
f 171/1977/1825 1083/1978/1826 172/1979/1827
f 172/1979/1827 1083/1978/1826 1082/1980/1828
f 172/1979/1827 1082/1980/1828 173/1981/1829
f 173/1981/1829 1082/1980/1828 1081/1982/1830
f 173/1981/1829 1081/1982/1830 174/1983/1831
f 174/1983/1831 1081/1982/1830 1080/1984/1832
f 174/1983/1831 1080/1984/1832 175/1985/1833
f 175/1985/1833 1080/1984/1832 1079/1986/1834
f 175/1985/1833 1079/1986/1834 176/1987/1835
f 176/1987/1835 1079/1986/1834 1078/1988/1836
f 176/1987/1835 1078/1988/1836 177/1989/1837
f 177/1989/1837 1078/1988/1836 1077/1990/1838
f 177/1989/1837 1077/1990/1838 178/1991/1839
f 178/1991/1839 1077/1990/1838 1076/1992/1840
f 178/1991/1839 1076/1992/1840 179/1993/1841
f 179/1993/1841 1076/1992/1840 1075/1994/1842
f 179/1993/1841 1075/1994/1842 180/1995/1843
f 180/1995/1843 1075/1994/1842 1074/1996/1844
f 180/1995/1843 1074/1996/1844 181/1997/1845
f 181/1997/1845 1074/1996/1844 1073/1998/1846
f 181/1997/1845 1073/1998/1846 182/1999/1847
f 182/1999/1847 1073/1998/1846 1072/2000/1848
f 182/1999/1847 1072/2000/1848 183/2001/1849
f 183/2001/1849 1072/2000/1848 1071/2002/1850
f 183/2001/1849 1071/2002/1850 184/2003/1851
f 184/2003/1851 1071/2002/1850 1070/2004/1852
f 184/2003/1851 1070/2004/1852 185/2005/1853
f 185/2005/1853 1070/2004/1852 1069/2006/1854
f 185/2005/1853 1069/2006/1854 186/2007/1855
f 186/2007/1855 1069/2006/1854 1068/2008/1856
f 186/2007/1855 1068/2008/1856 187/2009/1857
f 187/2009/1857 1068/2008/1856 1067/2010/1858
f 1067/2011/1858 1104/2012/1859 187/2013/1857
f 187/2013/1857 1104/2012/1859 188/2014/1860
f 188/2015/1860 1104/2016/1859 189/2017/1861
f 189/2017/1861 1104/2016/1859 1103/2018/1862
f 189/2017/1861 1103/2018/1862 190/2019/1863
f 190/2019/1863 1103/2018/1862 1102/2020/1864
f 190/2019/1863 1102/2020/1864 191/2021/1865
f 191/2021/1865 1102/2020/1864 1101/2022/1866
f 191/2021/1865 1101/2022/1866 192/2023/1867
f 192/2023/1867 1101/2022/1866 1100/2024/1868
f 192/2023/1867 1100/2024/1868 193/2025/1869
f 193/2025/1869 1100/2024/1868 1099/2026/1870
f 193/2025/1869 1099/2026/1870 194/2027/1871
f 194/2027/1871 1099/2026/1870 1098/2028/1872
f 194/2027/1871 1098/2028/1872 195/2029/1873
f 195/2029/1873 1098/2028/1872 1097/2030/1874
f 195/2029/1873 1097/2030/1874 196/2031/1875
f 196/2031/1875 1097/2030/1874 1096/2032/1876
f 196/2031/1875 1096/2032/1876 197/2033/1877
f 197/2033/1877 1096/2032/1876 1095/2034/1878
f 197/2033/1877 1095/2034/1878 198/2035/1879
f 198/2035/1879 1095/2034/1878 1094/2036/1880
f 198/2035/1879 1094/2036/1880 199/2037/1881
f 199/2037/1881 1094/2036/1880 1093/2038/1882
f 199/2037/1881 1093/2038/1882 200/2039/1883
f 200/2039/1883 1093/2038/1882 1092/2040/1884
f 200/2039/1883 1092/2040/1884 201/2041/1885
f 201/2041/1885 1092/2040/1884 1091/2042/1886
f 201/2041/1885 1091/2042/1886 202/2043/1887
f 202/2043/1887 1091/2042/1886 1090/2044/1888
f 202/2043/1887 1090/2044/1888 203/2045/1889
f 203/2045/1889 1090/2044/1888 1089/2046/1890
f 203/2045/1889 1089/2046/1890 204/2047/1891
f 204/2047/1891 1089/2046/1890 1088/2048/1892
f 204/2047/1891 1088/2048/1892 205/2049/1893
f 205/2049/1893 1088/2048/1892 1087/2050/1894
f 205/2049/1893 1087/2050/1894 206/2051/1895
f 206/2051/1895 1087/2050/1894 1086/2052/1896
f 1086/2053/1896 1085/2054/1822 206/2055/1895
f 206/2055/1895 1085/2054/1822 169/2056/1821
# 1104 vertices
# 2056 texture params
# 1896 normals
# 2232 facets

# 1 groups
