# WaveFront *.obj file (generated by Autodesk ATF)

mtllib tabletStand.mtl

g Body1

v 23.966724 9.809102 4.000000
v 24.036422 9.809102 3.995566
v 24.104996 9.809102 3.982335
v 24.171341 9.809102 3.960521
v 24.234386 9.809102 3.930476
v 24.293116 9.809102 3.892683
v 24.293116 8.809102 3.892683
v 24.234386 8.809102 3.930476
v 24.171341 8.809102 3.960521
v 24.104996 8.809102 3.982335
v 24.036422 8.809102 3.995566
v 23.966724 8.809102 4.000000
v 24.356605 9.809102 3.853184
v 24.425506 9.809102 3.824138
v 24.498112 9.809102 3.806264
v 24.572622 9.809102 3.800006
v 24.647192 9.809102 3.805518
v 24.719973 9.809102 3.822664
v 24.789161 9.809102 3.851019
v 24.853043 9.809102 3.889880
v 24.910034 9.809102 3.938285
v 24.958723 9.809102 3.995033
v 24.997904 9.809102 4.058719
v 25.026605 9.809102 4.127765
v 25.044115 9.809102 4.200459
v 25.050000 9.809102 4.275000
v 25.050000 8.809102 4.275000
v 25.044115 8.809102 4.200459
v 25.026605 8.809102 4.127765
v 24.997904 8.809102 4.058719
v 24.958723 8.809102 3.995033
v 24.910034 8.809102 3.938285
v 24.853043 8.809102 3.889880
v 24.789161 8.809102 3.851019
v 24.719973 8.809102 3.822664
v 24.647192 8.809102 3.805518
v 24.572622 8.809102 3.800006
v 24.498112 8.809102 3.806264
v 24.425506 8.809102 3.824138
v 24.356605 8.809102 3.853184
v 23.966724 8.809102 5.000000
v 24.036422 8.809102 5.004434
v 24.104996 8.809102 5.017665
v 24.171341 8.809102 5.039479
v 24.234386 8.809102 5.069524
v 24.293116 8.809102 5.107317
v 24.293116 9.809102 5.107317
v 24.234386 9.809102 5.069524
v 24.171341 9.809102 5.039479
v 24.104996 9.809102 5.017665
v 24.036422 9.809102 5.004434
v 23.966724 9.809102 5.000000
v 24.356605 8.809102 5.146816
v 24.425506 8.809102 5.175862
v 24.498112 8.809102 5.193736
v 24.572622 8.809102 5.199994
v 24.647192 8.809102 5.194482
v 24.719973 8.809102 5.177336
v 24.789161 8.809102 5.148981
v 24.853043 8.809102 5.110120
v 24.910034 8.809102 5.061715
v 24.958723 8.809102 5.004967
v 24.997904 8.809102 4.941281
v 25.026605 8.809102 4.872235
v 25.044115 8.809102 4.799541
v 25.050000 8.809102 4.725000
v 25.050000 9.809102 4.725000
v 25.044115 9.809102 4.799541
v 25.026605 9.809102 4.872235
v 24.997904 9.809102 4.941281
v 24.958723 9.809102 5.004967
v 24.910034 9.809102 5.061715
v 24.853043 9.809102 5.110120
v 24.789161 9.809102 5.148981
v 24.719973 9.809102 5.177336
v 24.647192 9.809102 5.194482
v 24.572622 9.809102 5.199994
v 24.498112 9.809102 5.193736
v 24.425506 9.809102 5.175862
v 24.356605 9.809102 5.146816
v 24.200000 8.809102 5.000000
v 24.200000 8.809102 4.000000
v 24.300000 8.809102 4.725000
v 24.304178 8.809102 4.772753
v 24.316585 8.809102 4.819056
v 24.336843 8.809102 4.862500
v 24.364338 8.809102 4.901767
v 24.398233 8.809102 4.935662
v 24.437500 8.809102 4.963157
v 24.480944 8.809102 4.983415
v 24.527247 8.809102 4.995822
v 24.575000 8.809102 5.000000
v 24.622753 8.809102 4.995822
v 24.669056 8.809102 4.983415
v 24.712500 8.809102 4.963157
v 24.751767 8.809102 4.935662
v 24.785662 8.809102 4.901767
v 24.813157 8.809102 4.862500
v 24.833415 8.809102 4.819056
v 24.845822 8.809102 4.772753
v 24.850000 8.809102 4.725000
v 24.850000 8.809102 4.275000
v 24.845822 8.809102 4.227247
v 24.833415 8.809102 4.180944
v 24.813157 8.809102 4.137500
v 24.785662 8.809102 4.098233
v 24.751767 8.809102 4.064338
v 24.712500 8.809102 4.036843
v 24.669056 8.809102 4.016585
v 24.622753 8.809102 4.004178
v 24.575000 8.809102 4.000000
v 24.527247 8.809102 4.004178
v 24.480944 8.809102 4.016585
v 24.437500 8.809102 4.036843
v 24.398233 8.809102 4.064338
v 24.364338 8.809102 4.098233
v 24.336843 8.809102 4.137500
v 24.316585 8.809102 4.180944
v 24.304178 8.809102 4.227247
v 24.300000 8.809102 4.275000
v 24.300000 9.809102 4.275000
v 24.300000 9.809102 4.725000
v 24.850000 9.809102 4.275000
v 24.845822 9.809102 4.227247
v 24.833415 9.809102 4.180944
v 24.813157 9.809102 4.137500
v 24.785662 9.809102 4.098233
v 24.751767 9.809102 4.064338
v 24.712500 9.809102 4.036843
v 24.669056 9.809102 4.016585
v 24.622753 9.809102 4.004178
v 24.575000 9.809102 4.000000
v 24.527247 9.809102 4.004178
v 24.480944 9.809102 4.016585
v 24.437500 9.809102 4.036843
v 24.398233 9.809102 4.064338
v 24.364338 9.809102 4.098233
v 24.336843 9.809102 4.137500
v 24.316585 9.809102 4.180944
v 24.304178 9.809102 4.227247
v 24.850000 9.809102 4.725000
v 24.304178 9.809102 4.772753
v 24.316585 9.809102 4.819056
v 24.336843 9.809102 4.862500
v 24.364338 9.809102 4.901767
v 24.398233 9.809102 4.935662
v 24.437500 9.809102 4.963157
v 24.480944 9.809102 4.983415
v 24.527247 9.809102 4.995822
v 24.575000 9.809102 5.000000
v 24.622753 9.809102 4.995822
v 24.669056 9.809102 4.983415
v 24.712500 9.809102 4.963157
v 24.751767 9.809102 4.935662
v 24.785662 9.809102 4.901767
v 24.813157 9.809102 4.862500
v 24.833415 9.809102 4.819056
v 24.845822 9.809102 4.772753
v 24.200000 9.809102 5.000000
v 24.200000 9.809102 4.000000
v 24.200000 4.879374 4.000000
v 25.000000 4.009102 4.000000
v 23.437500 4.009102 4.000000
v 21.777023 4.009102 4.000000
v 20.151548 4.009102 4.000000
v 15.979400 4.009102 4.000000
v 14.403944 4.009102 4.000000
v 12.890625 4.009102 4.000000
v 12.109375 4.009102 4.000000
v 10.448898 4.009102 4.000000
v 8.823423 4.009102 4.000000
v 4.651275 4.009102 4.000000
v 3.075819 4.009102 4.000000
v 1.562500 4.009102 4.000000
v 0.000000 4.009102 4.000000
v 0.800000 4.879374 4.000000
v 0.800000 12.209102 4.000000
v 0.805833 12.305532 4.000000
v 0.823247 12.400555 4.000000
v 0.851987 12.492786 4.000000
v 0.891635 12.580881 4.000000
v 0.941613 12.663554 4.000000
v 1.001191 12.739600 4.000000
v 1.069502 12.807911 4.000000
v 1.145548 12.867489 4.000000
v 1.228221 12.917467 4.000000
v 1.316316 12.957115 4.000000
v 1.408547 12.985856 4.000000
v 1.503571 13.003269 4.000000
v 1.600000 13.009102 4.000000
v 2.400000 13.009102 4.000000
v 2.496429 13.003269 4.000000
v 2.591453 12.985856 4.000000
v 2.683684 12.957115 4.000000
v 2.771779 12.917467 4.000000
v 2.854452 12.867489 4.000000
v 2.930498 12.807911 4.000000
v 2.998809 12.739600 4.000000
v 3.058387 12.663554 4.000000
v 3.108365 12.580881 4.000000
v 3.148013 12.492786 4.000000
v 3.176753 12.400555 4.000000
v 3.194167 12.305532 4.000000
v 3.200000 12.209102 4.000000
v 3.200000 11.009102 4.000000
v 21.800000 11.009102 4.000000
v 21.800000 12.209102 4.000000
v 21.805833 12.305532 4.000000
v 21.823247 12.400555 4.000000
v 21.851987 12.492786 4.000000
v 21.891635 12.580881 4.000000
v 21.941613 12.663554 4.000000
v 22.001191 12.739600 4.000000
v 22.069502 12.807911 4.000000
v 22.145548 12.867489 4.000000
v 22.228221 12.917467 4.000000
v 22.316316 12.957115 4.000000
v 22.408547 12.985856 4.000000
v 22.503571 13.003269 4.000000
v 22.600000 13.009102 4.000000
v 23.400000 13.009102 4.000000
v 23.496429 13.003269 4.000000
v 23.591453 12.985856 4.000000
v 23.683684 12.957115 4.000000
v 23.771779 12.917467 4.000000
v 23.854452 12.867489 4.000000
v 23.930498 12.807911 4.000000
v 23.998809 12.739600 4.000000
v 24.058387 12.663554 4.000000
v 24.108365 12.580881 4.000000
v 24.148013 12.492786 4.000000
v 24.176753 12.400555 4.000000
v 24.194167 12.305532 4.000000
v 24.200000 12.209102 4.000000
v 21.800000 4.879374 4.000000
v 21.800000 8.209102 4.000000
v 21.794167 8.305532 4.000000
v 21.776753 8.400555 4.000000
v 21.748013 8.492786 4.000000
v 21.708365 8.580881 4.000000
v 21.658387 8.663554 4.000000
v 21.598809 8.739600 4.000000
v 21.530498 8.807911 4.000000
v 21.454452 8.867489 4.000000
v 21.371779 8.917467 4.000000
v 21.283684 8.957115 4.000000
v 21.191453 8.985856 4.000000
v 21.096429 9.003269 4.000000
v 21.000000 9.009102 4.000000
v 4.000000 9.009102 4.000000
v 3.903571 9.003269 4.000000
v 3.808547 8.985856 4.000000
v 3.716316 8.957115 4.000000
v 3.628221 8.917467 4.000000
v 3.545548 8.867489 4.000000
v 3.469502 8.807911 4.000000
v 3.401191 8.739600 4.000000
v 3.341613 8.663554 4.000000
v 3.291635 8.580881 4.000000
v 3.251987 8.492786 4.000000
v 3.223247 8.400555 4.000000
v 3.205833 8.305532 4.000000
v 3.200000 8.209102 4.000000
v 3.200000 4.879374 4.000000
v 1.600000 11.809102 4.000000
v 1.600000 6.609102 4.000000
v 1.606077 6.539643 4.000000
v 1.624123 6.472294 4.000000
v 1.653590 6.409102 4.000000
v 1.693582 6.351987 4.000000
v 1.742885 6.302684 4.000000
v 1.800000 6.262692 4.000000
v 1.863192 6.233225 4.000000
v 1.930541 6.215179 4.000000
v 2.000000 6.209102 4.000000
v 2.069459 6.215179 4.000000
v 2.136808 6.233225 4.000000
v 2.200000 6.262692 4.000000
v 2.257115 6.302684 4.000000
v 2.306418 6.351987 4.000000
v 2.346410 6.409102 4.000000
v 2.375877 6.472294 4.000000
v 2.393923 6.539643 4.000000
v 2.400000 6.609102 4.000000
v 2.400000 11.809102 4.000000
v 2.393923 11.878561 4.000000
v 2.375877 11.945910 4.000000
v 2.346410 12.009102 4.000000
v 2.306418 12.066217 4.000000
v 2.257115 12.115520 4.000000
v 2.200000 12.155512 4.000000
v 2.136808 12.184979 4.000000
v 2.069459 12.203025 4.000000
v 2.000000 12.209102 4.000000
v 1.930541 12.203025 4.000000
v 1.863192 12.184979 4.000000
v 1.800000 12.155512 4.000000
v 1.742885 12.115520 4.000000
v 1.693582 12.066217 4.000000
v 1.653590 12.009102 4.000000
v 1.624123 11.945910 4.000000
v 1.606077 11.878561 4.000000
v 22.600000 11.809102 4.000000
v 22.600000 6.609102 4.000000
v 22.606077 6.539643 4.000000
v 22.624123 6.472294 4.000000
v 22.653590 6.409102 4.000000
v 22.693582 6.351987 4.000000
v 22.742885 6.302684 4.000000
v 22.800000 6.262692 4.000000
v 22.863192 6.233225 4.000000
v 22.930541 6.215179 4.000000
v 23.000000 6.209102 4.000000
v 23.069459 6.215179 4.000000
v 23.136808 6.233225 4.000000
v 23.200000 6.262692 4.000000
v 23.257115 6.302684 4.000000
v 23.306418 6.351987 4.000000
v 23.346410 6.409102 4.000000
v 23.375877 6.472294 4.000000
v 23.393923 6.539643 4.000000
v 23.400000 6.609102 4.000000
v 23.400000 11.809102 4.000000
v 23.393923 11.878561 4.000000
v 23.375877 11.945910 4.000000
v 23.346410 12.009102 4.000000
v 23.306418 12.066217 4.000000
v 23.257115 12.115520 4.000000
v 23.200000 12.155512 4.000000
v 23.136808 12.184979 4.000000
v 23.069459 12.203025 4.000000
v 23.000000 12.209102 4.000000
v 22.930541 12.203025 4.000000
v 22.863192 12.184979 4.000000
v 22.800000 12.155512 4.000000
v 22.742885 12.115520 4.000000
v 22.693582 12.066217 4.000000
v 22.653590 12.009102 4.000000
v 22.624123 11.945910 4.000000
v 22.606077 11.878561 4.000000
v 24.200000 5.718473 5.000000
v 24.200000 12.209102 5.000000
v 0.000000 5.245268 5.473205
v 0.800000 5.718473 5.000000
v 1.562500 5.245268 5.473205
v 4.008085 5.245268 5.473205
v 9.425977 5.245268 5.473205
v 12.109375 5.245268 5.473205
v 12.890625 5.245268 5.473205
v 15.336210 5.245268 5.473205
v 20.754102 5.245268 5.473205
v 23.437500 5.245268 5.473205
v 25.000000 5.245268 5.473205
v 21.800000 5.718473 5.000000
v 3.200000 5.718473 5.000000
v 10.381398 9.009102 5.486110
v 10.366108 9.010681 5.526587
v 10.352069 9.015280 5.567235
v 10.328056 9.032712 5.648595
v 10.309974 9.059731 5.729257
v 10.298241 9.094720 5.808167
v 10.293000 9.136306 5.884696
v 10.294366 9.183204 5.958346
v 10.302389 9.234374 6.028777
v 10.317125 9.288800 6.095600
v 10.317399 9.289640 6.096578
v 10.213918 9.294285 5.923364
v 10.106572 9.299924 5.755273
v 9.994713 9.306876 5.593521
v 9.878055 9.315914 5.440817
v 9.817923 9.321539 5.368940
v 9.756585 9.328073 5.300624
v 9.694108 9.335704 5.236438
v 9.630740 9.344720 5.177106
v 9.566748 9.355401 5.123269
v 9.502459 9.368050 5.075571
v 9.438369 9.382816 5.034399
v 9.375000 9.399727 5.000000
v 9.376336 9.378248 5.000000
v 9.380260 9.357060 5.000000
v 9.386531 9.336435 5.000000
v 9.394842 9.316520 5.000000
v 9.416625 9.278613 5.000000
v 9.443724 9.243425 5.000000
v 9.474144 9.211456 5.000000
v 9.507167 9.182148 5.000000
v 9.544358 9.153780 5.000000
v 9.585506 9.126718 5.000000
v 9.630326 9.101392 5.000000
v 9.678539 9.078235 5.000000
v 9.729678 9.057744 5.000000
v 9.782427 9.040607 5.000000
v 9.836309 9.027035 5.000000
v 9.890997 9.017166 5.000000
v 9.946168 9.011142 5.000000
v 10.001496 9.009102 5.000000
v 10.104449 9.009102 5.114993
v 10.201551 9.009102 5.235006
v 10.293603 9.009102 5.359036
v 10.030860 9.269896 5.625876
v 10.042214 9.235892 5.617999
v 10.060210 9.195031 5.605516
v 10.082072 9.157063 5.590355
v 10.107478 9.122508 5.572740
v 10.136061 9.091851 5.552923
v 10.172015 9.062241 5.527997
v 10.209908 9.039298 5.501730
v 10.249951 9.022624 5.473973
v 10.291453 9.012508 5.445205
v 10.330670 9.022375 5.592338
v 10.290249 9.038744 5.618791
v 10.251957 9.061277 5.643852
v 10.215564 9.090369 5.667669
v 10.186568 9.120508 5.686646
v 10.160724 9.154499 5.703560
v 10.138395 9.191874 5.718173
v 10.119903 9.232132 5.730275
v 10.108140 9.265664 5.737973
v 10.292466 9.089085 5.785086
v 10.263133 9.118773 5.803333
v 10.236926 9.152274 5.819636
v 10.214207 9.189134 5.833769
v 10.195297 9.228868 5.845532
v 10.183186 9.261988 5.853067
v 9.951216 9.274921 5.517703
v 9.962074 9.240361 5.509641
v 9.979464 9.198787 5.496737
v 10.000745 9.160118 5.480952
v 10.025596 9.124893 5.462525
v 10.053651 9.093617 5.441727
v 10.089033 9.063392 5.415499
v 10.126396 9.039959 5.387807
v 10.165930 9.022923 5.358508
v 10.206939 9.012584 5.328117
v 9.869176 9.281051 5.414617
v 9.879421 9.245820 5.406385
v 9.896049 9.203384 5.393029
v 9.916586 9.163861 5.376540
v 9.940712 9.127819 5.357173
v 9.968065 9.095787 5.335219
v 10.002673 9.064807 5.307444
v 10.039305 9.040772 5.278048
v 10.078128 9.023290 5.246895
v 10.118439 9.012677 5.214549
v 9.784708 9.288599 5.317784
v 9.794192 9.252553 5.309413
v 9.809858 9.209062 5.295587
v 9.829438 9.168491 5.278307
v 9.852617 9.131442 5.257851
v 9.879035 9.098477 5.234536
v 9.912598 9.066563 5.204918
v 9.948227 9.041781 5.173475
v 9.986062 9.023746 5.140086
v 10.025397 9.012793 5.105374
v 9.697850 9.297934 5.228522
v 9.706389 9.260892 5.220071
v 9.720839 9.216107 5.205772
v 9.739190 9.174244 5.187615
v 9.761135 9.135949 5.165903
v 9.786319 9.101827 5.140989
v 9.818478 9.068751 5.109175
v 9.852747 9.043040 5.075274
v 9.889229 9.024315 5.039185
v 9.927216 9.012937 5.001607
v 9.634100 9.306126 5.170010
v 9.641818 9.268226 5.161584
v 9.655192 9.222315 5.146986
v 9.672434 9.179323 5.128170
v 9.693244 9.139935 5.105460
v 9.717273 9.104793 5.079238
v 9.748103 9.070691 5.045597
v 9.781065 9.044157 5.009629
v 9.569635 9.315842 5.117101
v 9.576399 9.276939 5.108819
v 9.588497 9.229708 5.094008
v 9.604396 9.185383 5.074544
v 9.623809 9.144698 5.050778
v 9.646396 9.108342 5.023126
v 9.504774 9.327364 5.070486
v 9.510441 9.287297 5.062523
v 9.521034 9.238518 5.047641
v 9.535315 9.192620 5.027585
v 9.553011 9.150395 5.002734
v 9.453463 9.248877 5.008546
v 9.444730 9.299406 5.023342
v 9.440384 9.340769 5.030802
v 10.375911 9.148759 6.113225
v 10.436155 9.009102 6.129167
v 10.526438 8.808604 6.151189
v 10.619709 8.610793 6.172094
v 10.715692 8.415543 6.192051
v 10.814125 8.222706 6.211218
v 11.017293 7.843693 6.247811
v 11.227140 7.472570 6.283121
v 11.442200 7.107962 6.317923
v 11.661471 6.748646 6.352608
v 11.884063 6.393581 6.387483
v 12.109375 6.041970 6.422677
v 12.109375 6.603436 7.091807
v 12.109375 7.164902 7.760936
v 12.109375 7.726369 8.430066
v 12.109375 8.287835 9.099195
v 11.781463 8.523499 8.557072
v 11.450745 8.761055 8.018623
v 11.116589 9.001243 7.485034
v 10.778163 9.245468 6.958240
v 10.607053 9.369844 6.698324
v 10.434501 9.496164 6.441308
v 10.260449 9.625257 6.187922
v 10.084922 9.758216 5.938961
v 9.907916 9.896194 5.695341
v 9.729760 10.041156 5.458080
v 9.551681 10.195511 5.226576
v 9.463083 10.276960 5.112723
v 9.375000 10.361656 5.000000
v 9.375000 10.121174 5.000000
v 9.375000 9.880692 5.000000
v 9.375000 9.760451 5.000000
v 9.375000 9.640209 5.000000
v 9.375000 9.519968 5.000000
v 9.716797 10.036654 5.436291
v 9.887695 9.875246 5.654437
v 10.742187 9.236077 6.875636
v 11.767578 8.443396 8.434579
v 9.460449 9.449294 5.052699
v 9.460449 9.527549 5.058017
v 9.460449 9.605803 5.063336
v 9.460449 9.684057 5.068654
v 9.460449 9.762311 5.073973
v 9.460449 9.840566 5.079291
v 9.460449 9.918820 5.084609
v 9.460449 9.958814 5.087328
v 9.460449 9.998808 5.090046
v 9.460449 10.038802 5.092764
v 9.460449 10.078796 5.095482
v 9.460449 10.118790 5.098200
v 9.460449 10.158784 5.100918
v 9.460449 10.198779 5.103636
v 9.460449 10.238773 5.106355
v 9.460449 10.278767 5.109073
v 9.545898 9.426855 5.116034
v 9.545898 9.507191 5.126671
v 9.545898 9.587528 5.137308
v 9.545898 9.667864 5.147945
v 9.545898 9.748201 5.158582
v 9.545898 9.828537 5.169219
v 9.545898 9.869596 5.174655
v 9.545898 9.910654 5.180091
v 9.545898 9.951712 5.185528
v 9.545898 9.992771 5.190964
v 9.545898 10.033829 5.196400
v 9.545898 10.074887 5.201837
v 9.545898 10.115946 5.207273
v 9.545898 10.157004 5.212709
v 9.545898 10.198063 5.218146
v 9.630799 9.409213 5.189600
v 9.630862 9.491547 5.205572
v 9.630925 9.573884 5.221552
v 9.630988 9.656225 5.237539
v 9.631051 9.738569 5.253534
v 9.631083 9.780654 5.261712
v 9.631115 9.822740 5.269892
v 9.631147 9.864827 5.278074
v 9.631180 9.906915 5.286258
v 9.631212 9.949003 5.294444
v 9.631244 9.991092 5.302633
v 9.631276 10.033182 5.310823
v 9.631308 10.075273 5.319015
v 9.631341 10.117365 5.327209
v 9.716797 9.394469 5.274616
v 9.716797 9.478970 5.295890
v 9.716797 9.563471 5.317164
v 9.716797 9.647973 5.338438
v 9.716797 9.691159 5.349310
v 9.716797 9.734346 5.360183
v 9.716797 9.777533 5.371056
v 9.716797 9.820720 5.381928
v 9.716797 9.863907 5.392801
v 9.716797 9.907094 5.403673
v 9.716797 9.950280 5.414546
v 9.716797 9.993467 5.425419
v 9.802246 9.384523 5.369863
v 9.802246 9.471107 5.396455
v 9.802246 9.557690 5.423047
v 9.802246 9.601941 5.436638
v 9.802246 9.646192 5.450229
v 9.802246 9.690443 5.463819
v 9.802246 9.734694 5.477410
v 9.802246 9.778946 5.491001
v 9.802246 9.823197 5.504592
v 9.802246 9.867448 5.518182
v 9.802246 9.911699 5.531773
v 9.802246 9.955950 5.545364
v 9.887695 9.378742 5.475746
v 9.887695 9.467408 5.507657
v 9.887695 9.512723 5.523965
v 9.887695 9.558038 5.540274
v 9.887695 9.603354 5.556583
v 9.887695 9.648669 5.572892
v 9.887695 9.693984 5.589201
v 9.887695 9.739300 5.605510
v 9.887695 9.784615 5.621819
v 9.887695 9.829930 5.638128
v 9.973145 9.840921 5.782537
v 9.973145 9.794541 5.763510
v 9.973145 9.748162 5.744482
v 9.973145 9.701782 5.725455
v 9.973145 9.655403 5.706428
v 9.973145 9.609023 5.687401
v 9.973145 9.562644 5.668374
v 9.973145 9.516264 5.649347
v 9.973145 9.469884 5.630320
v 9.973145 9.423505 5.611293
v 9.973145 9.377125 5.592266
v 10.058594 9.334287 5.698621
v 10.058594 9.381731 5.720366
v 10.058594 9.429174 5.742111
v 10.058594 9.476618 5.763856
v 10.058594 9.524062 5.785601
v 10.058594 9.571506 5.807347
v 10.058594 9.618950 5.829092
v 10.058594 9.666393 5.850837
v 10.058594 9.713837 5.872582
v 10.058594 9.761281 5.894328
v 10.229492 9.304567 5.954820
v 10.229492 9.354140 5.982002
v 10.229492 9.403712 6.009183
v 10.229492 9.453284 6.036365
v 10.229492 9.502856 6.063546
v 10.229492 9.552429 6.090728
v 10.229492 9.602001 6.117909
v 10.400391 9.132516 6.145784
v 10.400391 9.184217 6.178402
v 10.400391 9.235918 6.211020
v 10.400391 9.287619 6.243638
v 10.400391 9.339320 6.276256
v 10.400391 9.391020 6.308873
v 10.400391 9.442721 6.341491
v 10.571289 8.745149 6.184532
v 10.571289 8.798978 6.222586
v 10.571289 8.852807 6.260640
v 10.571289 8.906636 6.298694
v 10.571289 8.960466 6.336748
v 10.571289 9.014295 6.374803
v 10.571289 9.068124 6.412857
v 10.571289 9.121953 6.450911
v 10.571289 9.175783 6.488965
v 10.571289 9.229612 6.527019
v 10.571289 9.283441 6.565073
v 10.571289 9.391100 6.641181
v 10.656738 8.547459 6.189365
v 10.656738 8.654866 6.269141
v 10.656738 8.709760 6.309914
v 10.656738 8.764653 6.350686
v 10.656738 8.819547 6.391458
v 10.656738 8.874440 6.432230
v 10.656738 8.929334 6.473003
v 10.656738 8.984227 6.513775
v 10.656738 9.039121 6.554547
v 10.656738 9.094014 6.595320
v 10.656738 9.148908 6.636092
v 10.656738 9.203801 6.676864
v 10.656738 9.313588 6.758409
v 10.742187 8.455094 6.268655
v 10.742187 8.564584 6.353751
v 10.742187 8.620541 6.397241
v 10.742187 8.676499 6.440732
v 10.742187 8.732457 6.484222
v 10.742187 8.788415 6.527712
v 10.742187 8.844372 6.571203
v 10.742187 8.900330 6.614693
v 10.742187 8.956288 6.658184
v 10.742187 9.012246 6.701674
v 10.742187 9.068203 6.745165
v 10.742187 9.124161 6.788655
v 11.083984 7.732179 6.266712
v 11.083984 7.849998 6.373081
v 11.083984 7.967817 6.479450
v 11.083984 8.085635 6.585819
v 11.083984 8.203454 6.692188
v 11.083984 8.263669 6.746551
v 11.083984 8.323884 6.800915
v 11.083984 8.384098 6.855278
v 11.083984 8.444313 6.909641
v 11.083984 8.504528 6.964004
v 11.083984 8.564742 7.018367
v 11.083984 8.624957 7.072730
v 11.083984 8.685172 7.127093
v 11.083984 8.745386 7.181456
v 11.083984 8.805601 7.235819
v 11.083984 8.926031 7.344545
v 11.425781 7.211584 6.392412
v 11.425781 7.337732 6.520055
v 11.425781 7.463880 6.647697
v 11.425781 7.590028 6.775340
v 11.425781 7.716176 6.902983
v 11.425781 7.842325 7.030626
v 11.425781 7.906796 7.095862
v 11.425781 7.971268 7.161097
v 11.425781 8.035740 7.226333
v 11.425781 8.100211 7.291569
v 11.425781 8.164683 7.356804
v 11.425781 8.229155 7.422040
v 11.425781 8.293626 7.487276
v 11.425781 8.358098 7.552511
v 11.425781 8.422570 7.617747
v 11.425781 8.487041 7.682983
v 11.425781 8.615985 7.813454
v 11.425781 8.744928 7.943925
v 11.596680 6.879883 6.370166
v 11.596680 7.010196 6.508446
v 11.596680 7.140509 6.646726
v 11.596680 7.270821 6.785006
v 11.596680 7.401134 6.923285
v 11.596680 7.531447 7.061565
v 11.596680 7.661760 7.199845
v 11.596680 7.728360 7.270517
v 11.596680 7.794960 7.341189
v 11.596680 7.861560 7.411861
v 11.596680 7.928160 7.482533
v 11.596680 7.994761 7.553205
v 11.596680 8.061361 7.623877
v 11.596680 8.127961 7.694549
v 11.596680 8.194561 7.765221
v 11.596680 8.261161 7.835893
v 11.596680 8.327761 7.906564
v 11.596680 8.460962 8.047908
v 11.596680 8.594162 8.189252
v 11.767578 6.674330 6.475563
v 11.767578 6.808808 6.624480
v 11.767578 6.943285 6.773397
v 11.767578 7.077763 6.922314
v 11.767578 7.212240 7.071230
v 11.767578 7.346717 7.220147
v 11.767578 7.481195 7.369064
v 11.767578 7.549924 7.445172
v 11.767578 7.618652 7.521280
v 11.767578 7.687381 7.597389
v 11.767578 7.756109 7.673497
v 11.767578 7.824838 7.749605
v 11.767578 7.893567 7.825713
v 11.767578 7.962295 7.901822
v 11.767578 8.031024 7.977930
v 11.767578 8.099753 8.054038
v 11.767578 8.168481 8.130146
v 11.767578 8.305939 8.282363
v 11.938477 6.468777 6.580961
v 11.938477 6.607419 6.740515
v 11.938477 6.746062 6.900068
v 11.938477 6.884704 7.059622
v 11.938477 7.023346 7.219175
v 11.938477 7.161988 7.378729
v 11.938477 7.300630 7.538283
v 11.938477 7.371487 7.619827
v 11.938477 7.442344 7.701372
v 11.938477 7.513201 7.782916
v 11.938477 7.584059 7.864461
v 11.938477 7.654916 7.946005
v 11.938477 7.725773 8.027550
v 11.938477 7.796630 8.109095
v 11.938477 7.867487 8.190639
v 11.938477 7.938344 8.272184
v 11.938477 8.009201 8.353728
v 11.938477 8.150916 8.516817
v 11.938477 8.292630 8.679906
v 14.998504 9.009102 5.000000
v 15.048341 9.010757 5.000000
v 15.098008 9.015647 5.000000
v 15.195925 9.034685 5.000000
v 15.290926 9.065520 5.000000
v 15.381287 9.107581 5.000000
v 15.424348 9.132839 5.000000
v 15.465470 9.160877 5.000000
v 15.504630 9.192101 5.000000
v 15.540874 9.226503 5.000000
v 15.573080 9.264214 5.000000
v 15.599803 9.305836 5.000000
v 15.610303 9.328211 5.000000
v 15.618268 9.351437 5.000000
v 15.623267 9.375272 5.000000
v 15.625000 9.399727 5.000000
v 15.561638 9.382830 5.034413
v 15.497554 9.368079 5.075603
v 15.433260 9.355411 5.123278
v 15.369264 9.344721 5.177093
v 15.305936 9.335700 5.236404
v 15.243486 9.328074 5.300560
v 15.182120 9.321579 5.368919
v 15.121989 9.315955 5.440772
v 15.005392 9.306829 5.593256
v 14.893493 9.299869 5.755080
v 14.786055 9.294289 5.923433
v 14.682601 9.289640 6.096578
v 14.682875 9.288800 6.095600
v 14.697611 9.234374 6.028777
v 14.705634 9.183204 5.958346
v 14.707000 9.136306 5.884696
v 14.701759 9.094720 5.808167
v 14.690026 9.059731 5.729257
v 14.671944 9.032712 5.648595
v 14.647931 9.015280 5.567235
v 14.633892 9.010681 5.526587
v 14.618602 9.009102 5.486110
v 14.706451 9.009102 5.359019
v 14.798539 9.009102 5.235024
v 14.895617 9.009102 5.114995
v 15.486578 9.325820 5.076381
v 14.848219 9.012645 5.256357
v 15.023905 9.273306 5.550601
v 14.807646 9.261647 5.867645
v 15.258805 9.293108 5.271761
v 15.249797 9.256659 5.263360
v 15.234706 9.212507 5.249288
v 15.215696 9.171283 5.231566
v 15.193080 9.133606 5.210483
v 15.167216 9.100064 5.186374
v 15.134397 9.067678 5.155783
v 15.099375 9.042422 5.123140
v 15.062137 9.024035 5.088432
v 15.023392 9.012866 5.052321
v 15.199598 9.043885 5.026776
v 15.232960 9.070220 5.062184
v 15.264088 9.103947 5.095221
v 15.288470 9.138829 5.121100
v 15.309620 9.177943 5.143549
v 15.327187 9.220655 5.162196
v 15.340867 9.266291 5.176720
v 15.348794 9.303875 5.185136
v 15.283915 9.071756 5.019171
v 15.313958 9.106291 5.053591
v 15.337404 9.141976 5.080452
v 15.357641 9.181951 5.103638
v 15.374323 9.225549 5.122751
v 15.387157 9.272065 5.137454
v 15.394446 9.310316 5.145806
v 15.364782 9.108957 5.014993
v 15.387131 9.145554 5.042903
v 15.406309 9.186501 5.066854
v 15.421978 9.231098 5.086424
v 15.433853 9.278602 5.101257
v 15.440432 9.317599 5.109476
v 15.437518 9.149618 5.008787
v 15.455470 9.191665 5.033513
v 15.469983 9.237385 5.053506
v 15.480782 9.285994 5.068389
v 15.504889 9.197473 5.003845
v 15.518104 9.244444 5.024193
v 15.527723 9.294274 5.039012
v 15.532679 9.335010 5.046654
v 15.574452 9.303476 5.013282
v 15.578531 9.345198 5.020425
v 15.178336 9.285233 5.359033
v 15.168532 9.249628 5.350744
v 15.152423 9.206574 5.337127
v 15.132395 9.166442 5.320196
v 15.108764 9.129817 5.300219
v 15.081894 9.097250 5.277505
v 15.047945 9.065839 5.248806
v 15.011831 9.041364 5.218277
v 14.973513 9.023557 5.185885
v 14.933697 9.012744 5.152226
v 15.100041 9.278723 5.452316
v 15.089584 9.243822 5.444171
v 15.072652 9.201682 5.430989
v 15.051811 9.162455 5.414768
v 15.027382 9.126700 5.395756
v 14.999730 9.094937 5.374238
v 14.964912 9.064327 5.347147
v 14.927969 9.040495 5.318403
v 14.888837 9.023165 5.287958
v 14.949847 9.268785 5.653106
v 14.938410 9.234977 5.645290
v 14.920269 9.194243 5.632898
v 14.898260 9.156403 5.617872
v 14.872708 9.121973 5.600431
v 14.843978 9.091434 5.580824
v 14.807990 9.062042 5.556268
v 14.769950 9.039182 5.530315
v 14.729760 9.022572 5.502897
v 14.688111 9.012494 5.474485
v 14.766490 9.012562 5.363966
v 14.807704 9.022840 5.393835
v 14.847445 9.039777 5.422639
v 14.885017 9.063078 5.449872
v 14.920500 9.093023 5.475594
v 14.948761 9.124118 5.496084
v 14.973820 9.159151 5.514256
v 14.995310 9.197622 5.529845
v 15.012910 9.238998 5.542617
v 14.877788 9.264965 5.759049
v 14.865984 9.231583 5.751398
v 14.847398 9.191393 5.739356
v 14.824973 9.154089 5.724829
v 14.799031 9.120169 5.708025
v 14.769935 9.090099 5.689181
v 14.733563 9.061171 5.665625
v 14.695171 9.038683 5.640763
v 14.727535 9.118606 5.818095
v 14.753799 9.152084 5.834339
v 14.776571 9.188922 5.848424
v 14.795529 9.228637 5.860151
v 14.563845 9.009102 6.129167
v 14.624089 9.148759 6.113225
v 15.625000 9.519968 5.000000
v 15.625000 9.640209 5.000000
v 15.625000 9.760451 5.000000
v 15.625000 9.880692 5.000000
v 15.625000 10.121174 5.000000
v 15.625000 10.361656 5.000000
v 15.536872 10.276943 5.112603
v 15.448181 10.195463 5.226209
v 15.270017 10.041111 5.457532
v 15.092041 9.896175 5.695257
v 14.915058 9.758238 5.938978
v 14.739539 9.625253 6.187920
v 14.565513 9.496096 6.441279
v 14.392959 9.369816 6.698304
v 14.221843 9.245501 6.958255
v 13.883412 9.001218 7.484996
v 13.549264 8.761074 8.018642
v 13.218546 8.523517 8.557091
v 12.890625 8.287835 9.099195
v 12.890625 7.726369 8.430066
v 12.890625 7.164902 7.760936
v 12.890625 6.603436 7.091807
v 12.890625 6.041970 6.422677
v 13.115937 6.393581 6.387483
v 13.338529 6.748646 6.352608
v 13.557800 7.107962 6.317923
v 13.772860 7.472570 6.283121
v 13.982707 7.843693 6.247811
v 14.185875 8.222706 6.211218
v 14.284308 8.415543 6.192051
v 14.380291 8.610793 6.172094
v 14.473562 8.808604 6.151189
v 15.368692 10.075274 5.319015
v 15.197754 9.911699 5.531773
v 15.026855 9.748162 5.744482
v 14.855957 9.584625 5.957192
v 14.685059 9.421088 6.169901
v 14.343262 9.313588 6.758409
v 14.001465 9.003542 7.227318
v 13.745117 8.895694 7.698598
v 13.403320 8.594162 8.189252
v 14.514160 9.257551 6.382610
v 14.514160 9.204786 6.347274
v 14.514160 9.152021 6.311938
v 14.514160 9.046491 6.241266
v 14.514160 8.940961 6.170594
v 14.599609 9.132516 6.145784
v 14.599609 9.235918 6.211020
v 14.599609 9.287619 6.243638
v 14.599609 9.339320 6.276256
v 14.685059 9.319815 6.110102
v 14.685059 9.370451 6.140001
v 14.855957 9.390593 5.859338
v 14.855957 9.487609 5.908265
v 14.855957 9.536117 5.932728
v 14.770508 9.502856 6.063546
v 14.770508 9.453284 6.036365
v 14.770508 9.403712 6.009183
v 14.770508 9.304567 5.954820
v 14.941406 9.381731 5.720366
v 14.941406 9.476618 5.763856
v 14.941406 9.571506 5.807347
v 14.941406 9.618950 5.829092
v 14.941406 9.666393 5.850837
v 15.026855 9.377125 5.592266
v 15.026855 9.469884 5.630320
v 15.026855 9.562644 5.668374
v 15.026855 9.655403 5.706428
v 15.026855 9.701782 5.725455
v 15.197754 9.384523 5.369863
v 15.197754 9.471107 5.396455
v 15.197754 9.557690 5.423047
v 15.197754 9.646192 5.450229
v 15.197754 9.734694 5.477410
v 15.197754 9.823197 5.504592
v 15.197754 9.867448 5.518182
v 15.112305 9.829930 5.638128
v 15.112305 9.784615 5.621819
v 15.112305 9.739300 5.605510
v 15.112305 9.648669 5.572892
v 15.112305 9.558038 5.540274
v 15.112305 9.467408 5.507657
v 15.112305 9.378742 5.475746
v 15.283203 9.394469 5.274616
v 15.283203 9.478970 5.295890
v 15.283203 9.563471 5.317164
v 15.283203 9.647973 5.338438
v 15.283203 9.734346 5.360183
v 15.283203 9.820720 5.381928
v 15.283203 9.907094 5.403673
v 15.283203 9.950280 5.414546
v 15.283203 9.993467 5.425419
v 15.369208 9.409221 5.189595
v 15.369145 9.491554 5.205567
v 15.369081 9.573891 5.221547
v 15.369017 9.656230 5.237535
v 15.368953 9.738573 5.253530
v 15.368888 9.822743 5.269889
v 15.368823 9.906917 5.286256
v 15.368757 9.991094 5.302631
v 15.368725 10.033183 5.310822
v 15.454102 9.426855 5.116034
v 15.454102 9.507191 5.126671
v 15.454102 9.587528 5.137308
v 15.454102 9.667864 5.147945
v 15.454102 9.748201 5.158582
v 15.454102 9.828537 5.169219
v 15.454102 9.910654 5.180091
v 15.454102 9.992771 5.190964
v 15.454102 10.074887 5.201837
v 15.454102 10.115946 5.207273
v 15.454102 10.157004 5.212709
v 15.539551 9.449294 5.052699
v 15.539551 9.527549 5.058017
v 15.539551 9.605803 5.063336
v 15.539551 9.684057 5.068654
v 15.539551 9.762311 5.073973
v 15.539551 9.840566 5.079291
v 15.539551 9.918820 5.084609
v 15.539551 9.998808 5.090046
v 15.539551 10.078796 5.095482
v 15.539551 10.158784 5.100918
v 15.539551 10.198779 5.103636
v 15.539551 10.238773 5.106355
v 14.343262 9.094014 6.595320
v 14.343262 9.039121 6.554547
v 14.343262 8.984227 6.513775
v 14.343262 8.874440 6.432230
v 14.343262 8.764653 6.350686
v 14.343262 8.654866 6.269141
v 14.343262 8.547459 6.189365
v 14.428711 8.745149 6.184532
v 14.428711 8.852807 6.260640
v 14.428711 8.960466 6.336748
v 14.428711 9.068124 6.412857
v 14.428711 9.121953 6.450911
v 14.428711 9.175783 6.488965
v 14.428711 9.391100 6.641181
v 14.172363 9.158565 6.992863
v 14.172363 8.930477 6.808029
v 14.172363 8.873455 6.761820
v 14.172363 8.816433 6.715612
v 14.172363 8.702389 6.623195
v 14.172363 8.588345 6.530777
v 14.172363 8.474301 6.438360
v 14.172363 8.362730 6.347946
v 14.172363 8.251158 6.257533
v 14.257812 8.455094 6.268655
v 14.257812 8.564584 6.353751
v 14.257812 8.676499 6.440732
v 14.257812 8.788415 6.527712
v 14.257812 8.900330 6.614693
v 14.257812 8.956288 6.658184
v 14.257812 9.012246 6.701674
v 14.257812 9.236077 6.875636
v 13.830566 8.848519 7.461772
v 13.830566 8.603403 7.233447
v 13.830566 8.542124 7.176366
v 13.830566 8.480845 7.119285
v 13.830566 8.358288 7.005123
v 13.830566 8.235730 6.890960
v 13.830566 8.113172 6.776798
v 13.830566 7.993271 6.665110
v 13.830566 7.873370 6.553423
v 13.830566 7.753469 6.441735
v 13.830566 7.633568 6.330048
v 13.916016 7.732179 6.266712
v 13.916016 7.849998 6.373081
v 13.916016 7.967817 6.479450
v 13.916016 8.085635 6.585819
v 13.916016 8.203454 6.692188
v 13.916016 8.323884 6.800915
v 13.916016 8.444313 6.909641
v 13.916016 8.564742 7.018367
v 13.916016 8.624957 7.072730
v 13.916016 8.685172 7.127093
v 13.916016 8.926031 7.344545
v 13.403320 8.460962 8.047908
v 13.403320 8.194561 7.765221
v 13.403320 8.127961 7.694549
v 13.403320 8.061361 7.623877
v 13.403320 7.928160 7.482533
v 13.403320 7.794960 7.341189
v 13.403320 7.661760 7.199845
v 13.403320 7.531447 7.061565
v 13.403320 7.401134 6.923285
v 13.403320 7.270821 6.785006
v 13.403320 7.140509 6.646726
v 13.403320 7.010196 6.508446
v 13.403320 6.879883 6.370166
v 13.574219 7.211584 6.392412
v 13.574219 7.337732 6.520055
v 13.574219 7.463880 6.647697
v 13.574219 7.590028 6.775340
v 13.574219 7.716176 6.902983
v 13.574219 7.842325 7.030626
v 13.574219 7.971268 7.161097
v 13.574219 8.100211 7.291569
v 13.574219 8.229155 7.422040
v 13.574219 8.293626 7.487276
v 13.574219 8.358098 7.552511
v 13.574219 8.615985 7.813454
v 13.574219 8.744928 7.943925
v 13.061523 8.292630 8.679906
v 13.061523 8.150916 8.516817
v 13.061523 7.867487 8.190639
v 13.061523 7.796630 8.109095
v 13.061523 7.725773 8.027550
v 13.061523 7.584059 7.864461
v 13.061523 7.442344 7.701372
v 13.061523 7.300630 7.538283
v 13.061523 7.161988 7.378729
v 13.061523 7.023346 7.219175
v 13.061523 6.884704 7.059622
v 13.061523 6.746062 6.900068
v 13.061523 6.607419 6.740515
v 13.061523 6.468777 6.580961
v 13.061523 6.330135 6.421407
v 13.232422 6.674330 6.475563
v 13.232422 6.808808 6.624480
v 13.232422 6.943285 6.773397
v 13.232422 7.077763 6.922314
v 13.232422 7.212240 7.071230
v 13.232422 7.346717 7.220147
v 13.232422 7.481195 7.369064
v 13.232422 7.618652 7.521280
v 13.232422 7.756109 7.673497
v 13.232422 7.893567 7.825713
v 13.232422 7.962295 7.901822
v 13.232422 8.031024 7.977930
v 13.232422 8.305939 8.282363
v 13.232422 8.443396 8.434579
v 13.745117 8.771008 7.578999
v 13.745117 8.521635 7.339802
v 13.745117 8.459292 7.280003
v 13.745117 8.396948 7.220203
v 13.745117 8.272262 7.100605
v 13.745117 8.147576 6.981006
v 13.745117 8.022889 6.861407
v 13.745117 7.900906 6.744401
v 13.745117 7.778923 6.627395
v 13.745117 7.656939 6.510389
v 13.745117 7.534956 6.393383
v 14.001465 7.946527 6.304427
v 14.001465 8.062264 6.405478
v 14.001465 8.178000 6.506528
v 14.001465 8.293737 6.607579
v 14.001465 8.412037 6.710869
v 14.001465 8.530338 6.814159
v 14.001465 8.648639 6.917448
v 14.001465 8.707790 6.969093
v 14.001465 8.766940 7.020738
v 14.086914 9.081054 7.110090
v 14.086914 8.848709 6.914383
v 14.086914 8.790622 6.865457
v 14.086914 8.732536 6.816530
v 14.086914 8.616364 6.718677
v 14.086914 8.500191 6.620823
v 14.086914 8.384019 6.522970
v 14.086914 8.270365 6.427237
v 14.086914 8.156711 6.331505
v 14.086914 8.043057 6.235773
v 12.109375 7.272539 5.218328
v 12.109375 7.111702 5.243296
v 12.109375 6.955780 5.276986
v 12.109375 6.805965 5.319022
v 12.109375 6.663452 5.369024
v 12.109375 6.529432 5.426616
v 12.109375 6.465981 5.458140
v 12.109375 6.405404 5.491238
v 12.109375 6.348025 5.525708
v 12.109375 6.293916 5.561473
v 12.109375 6.243148 5.598457
v 12.109375 6.195789 5.636586
v 12.109375 6.151913 5.675784
v 12.109375 6.111516 5.716053
v 12.109375 6.073765 5.758456
v 12.109375 6.038883 5.803291
v 12.109375 6.007484 5.850483
v 12.109375 5.980184 5.899955
v 12.109375 5.957649 5.951531
v 12.109375 5.940589 6.004878
v 12.109375 5.929633 6.059785
v 12.109375 5.925413 6.115737
v 12.109375 5.928319 6.171248
v 12.109375 5.938379 6.225960
v 12.109375 5.955501 6.279407
v 12.109375 5.978925 6.330140
v 12.109375 6.007961 6.377914
v 10.405730 9.009102 5.431203
v 10.434465 9.009102 5.378704
v 10.467413 9.009102 5.328802
v 10.504387 9.009102 5.281687
v 10.545197 9.009102 5.237546
v 10.589382 9.009102 5.196799
v 10.636505 9.009102 5.159708
v 10.686313 9.009102 5.126333
v 10.738552 9.009102 5.096737
v 10.792969 9.009102 5.070980
v 10.849171 9.009102 5.049169
v 10.906680 9.009102 5.031388
v 10.965255 9.009102 5.017611
v 11.024660 9.009102 5.007807
v 11.084659 9.009102 5.001947
v 11.145014 9.009102 5.000000
v 11.252521 8.785279 5.028140
v 11.364818 8.563782 5.055988
v 11.481352 8.344412 5.083568
v 11.601574 8.126969 5.110906
v 11.850900 7.697059 5.164956
v 11.823103 7.595178 5.181579
v 11.861494 6.671935 5.517719
v 11.448564 7.040951 6.252425
v 11.433724 7.022667 6.180088
v 11.425057 7.007979 6.105954
v 11.422672 6.997044 6.030721
v 11.426644 6.989994 5.955091
v 11.436883 6.986865 5.879775
v 11.453264 6.987669 5.805490
v 11.475659 6.992416 5.732952
v 11.503903 7.001094 5.662862
v 11.537687 7.013589 5.595857
v 11.576662 7.029765 5.532561
v 11.620481 7.049484 5.473597
v 11.668767 7.072590 5.419556
v 11.721032 7.098836 5.370907
v 11.776758 7.127959 5.328087
v 11.835430 7.159694 5.291534
v 11.896514 7.193760 5.261643
v 11.959421 7.229821 5.238642
v 12.023546 7.267526 5.222718
v 12.073306 6.785195 5.337715
v 12.015566 6.752720 5.373873
v 11.960683 6.722840 5.416210
v 11.909158 6.695823 5.464301
v 11.818167 6.651421 5.576010
v 11.779544 6.634444 5.638597
v 11.745966 6.621144 5.704873
v 11.717773 6.611661 5.774233
v 11.695270 6.606114 5.846056
v 11.678622 6.604520 5.919657
v 11.667959 6.606874 5.994340
v 11.663409 6.613171 6.069405
v 11.665063 6.623381 6.144156
v 11.672859 6.637379 6.217908
v 11.686698 6.655016 6.289976
v 12.066163 6.272059 5.619892
v 12.027541 6.254864 5.681760
v 11.993835 6.241333 5.747302
v 11.965379 6.231610 5.815927
v 11.942474 6.225815 5.887030
v 11.925285 6.223971 5.959943
v 11.913945 6.226078 6.033984
v 11.908583 6.232135 6.108470
v 11.909295 6.242120 6.182722
v 11.916029 6.255912 6.256066
v 11.928693 6.273369 6.327831
v 11.246207 7.379664 6.219892
v 11.230304 7.360998 6.147302
v 11.220700 7.345871 6.072810
v 11.217517 7.334447 5.997127
v 11.220838 7.326864 5.920967
v 11.230579 7.323163 5.845059
v 11.246615 7.323363 5.770136
v 11.268820 7.327479 5.696929
v 11.297033 7.335505 5.626157
v 11.330936 7.347332 5.558472
v 11.370175 7.362829 5.494513
v 11.414396 7.381862 5.434919
v 11.463213 7.404278 5.380296
v 11.516125 7.429836 5.331125
v 11.572601 7.458274 5.287854
v 11.632109 7.489328 5.250931
v 11.694104 7.522723 5.220763
v 11.757976 7.558123 5.197583
v 11.048104 7.723901 6.186988
v 11.031045 7.704917 6.114144
v 11.020427 7.689390 6.039288
v 11.016385 7.677490 5.963145
v 11.019012 7.669361 5.886445
v 11.028227 7.665051 5.809932
v 11.043910 7.664584 5.734357
v 11.065937 7.667983 5.660468
v 11.094146 7.675247 5.589000
v 11.128214 7.686276 5.520622
v 11.167780 7.700942 5.455991
v 11.212480 7.719118 5.395760
v 11.261922 7.740658 5.340551
v 11.315588 7.765324 5.290858
v 11.372933 7.792860 5.247140
v 11.433407 7.823009 5.209858
v 11.496449 7.855497 5.179426
v 11.561430 7.889993 5.156084
v 11.627707 7.926152 5.140024
v 10.855289 8.074855 6.153222
v 10.836998 8.055670 6.080127
v 10.825305 8.039826 6.004911
v 10.820359 8.027497 5.928315
v 10.822265 8.018833 5.851081
v 10.830947 8.013890 5.773972
v 10.846284 8.012698 5.697754
v 10.868159 8.015287 5.623195
v 10.896408 8.021665 5.551046
v 10.930703 8.031738 5.481993
v 10.970673 8.045386 5.416708
v 11.015947 8.062492 5.355862
v 11.066121 8.082915 5.300092
v 11.120663 8.106427 5.249905
v 11.179007 8.132780 5.205770
v 11.240590 8.161723 5.168160
v 11.304829 8.192992 5.137501
v 11.371075 8.226262 5.114034
v 11.438663 8.261195 5.097959
v 10.669482 8.433591 6.117617
v 10.649970 8.414395 6.044281
v 10.637223 8.398380 5.968731
v 10.631402 8.385725 5.891719
v 10.632625 8.376583 5.813999
v 10.640819 8.371017 5.736352
v 10.655867 8.369064 5.659559
v 10.677652 8.370764 5.584403
v 10.706013 8.376129 5.511652
v 10.740613 8.385076 5.442008
v 10.781072 8.397497 5.376157
v 10.827011 8.413284 5.314785
v 10.878014 8.432306 5.258544
v 10.933534 8.454349 5.207950
v 10.992986 8.479173 5.163484
v 11.055787 8.506542 5.125629
v 11.121338 8.536203 5.094819
v 11.188965 8.567843 5.071300
v 11.257981 8.601134 5.055274
v 10.569306 8.637965 6.096522
v 10.549152 8.618872 6.023061
v 10.535856 8.602851 5.947343
v 10.529589 8.590079 5.870126
v 10.530471 8.580712 5.792173
v 10.538435 8.574815 5.714269
v 10.553364 8.572431 5.637205
v 10.575141 8.573602 5.561773
v 10.603606 8.578347 5.488746
v 10.638417 8.586588 5.418835
v 10.679189 8.598223 5.352732
v 10.725537 8.613153 5.291131
v 10.777042 8.631253 5.234691
v 10.833145 8.652316 5.183932
v 10.893251 8.676114 5.139341
v 10.956769 8.702417 5.101403
v 11.023087 8.730981 5.070559
v 11.091520 8.761502 5.047055
v 11.161367 8.793664 5.031094
v 10.472199 8.845273 6.074350
v 10.451451 8.826379 6.000772
v 10.437656 8.810429 5.924904
v 10.430989 8.797601 5.847510
v 10.431579 8.788049 5.769359
v 10.439356 8.781843 5.691243
v 10.454207 8.779029 5.613959
v 10.476015 8.779653 5.538305
v 10.504618 8.783739 5.465062
v 10.539673 8.791215 5.394945
v 10.580788 8.801990 5.328653
v 10.627573 8.815969 5.266886
v 10.679603 8.833037 5.210307
v 10.736309 8.852997 5.159442
v 10.797090 8.875631 5.114781
v 10.861340 8.900719 5.076813
v 10.928440 8.928029 5.045979
v 10.997693 8.957267 5.022531
v 11.068383 8.988127 5.006668
v 10.378536 9.055664 6.050878
v 10.357269 9.037079 5.977192
v 10.343046 9.021292 5.901197
v 10.336048 9.008478 5.823662
v 10.336407 8.998791 5.745360
v 10.344057 8.992304 5.667088
v 10.358883 8.989067 5.589647
v 10.380769 8.989130 5.513841
v 10.409553 8.992520 5.440455
v 10.444886 8.999175 5.370210
v 13.854986 9.009102 5.000000
v 13.747479 8.785279 5.028140
v 13.635182 8.563782 5.055988
v 13.518648 8.344412 5.083568
v 13.398426 8.126969 5.110906
v 13.149100 7.697059 5.164956
v 12.890625 7.272539 5.218328
v 12.890625 6.008646 6.378914
v 12.890625 5.979995 6.332127
v 12.890625 5.956673 6.282369
v 12.890625 5.939536 6.230461
v 12.890625 5.929023 6.176912
v 12.890625 5.925383 6.122189
v 12.890625 5.928591 6.067831
v 12.890625 5.938254 6.014219
v 12.890625 5.953948 5.961591
v 12.890625 5.974996 5.910683
v 12.890625 6.000706 5.861851
v 12.890625 6.030456 5.815202
v 12.890625 6.063624 5.770844
v 12.890625 6.099880 5.728565
v 12.890625 6.139911 5.687283
v 12.890625 6.183709 5.646983
v 12.890625 6.231179 5.607757
v 12.890625 6.282227 5.569698
v 12.890625 6.336757 5.532897
v 12.890625 6.394675 5.497448
v 12.890625 6.455814 5.463480
v 12.890625 6.519694 5.431262
v 12.890625 6.654909 5.372371
v 12.890625 6.799037 5.321218
v 12.890625 6.950841 5.278217
v 12.890625 7.109086 5.243782
v 13.915266 9.009102 5.001942
v 13.975246 9.009102 5.007797
v 14.034692 9.009102 5.017605
v 14.093373 9.009102 5.031408
v 14.150936 9.009102 5.049208
v 14.207036 9.009102 5.070981
v 14.261418 9.009102 5.096722
v 14.313818 9.009102 5.126417
v 14.363745 9.009102 5.159894
v 14.410841 9.009102 5.196990
v 14.454862 9.009102 5.237602
v 14.495564 9.009102 5.281628
v 14.532676 9.009102 5.328928
v 14.565695 9.009102 5.378972
v 14.594386 9.009102 5.431439
v 12.976454 7.267526 5.222718
v 13.313107 6.654704 6.290007
v 13.071316 6.273384 6.327830
v 12.933942 6.272217 5.619874
v 12.972554 6.255008 5.681743
v 13.006250 6.241463 5.747287
v 13.034697 6.231726 5.815914
v 13.057592 6.225916 5.887019
v 13.074771 6.224057 5.959934
v 13.086103 6.226150 6.033976
v 13.091455 6.232193 6.108464
v 13.090733 6.242164 6.182718
v 13.083990 6.255941 6.256063
v 12.923552 6.780312 5.338318
v 12.981479 6.748137 5.374433
v 13.036552 6.718557 5.416727
v 13.088268 6.691840 5.464775
v 13.136125 6.668253 5.518151
v 13.179647 6.648041 5.576399
v 13.218467 6.631367 5.638945
v 13.252244 6.618370 5.705181
v 13.280636 6.609192 5.774503
v 13.303339 6.603950 5.846287
v 13.320187 6.602662 5.919853
v 13.331051 6.605323 5.994500
v 13.335802 6.611928 6.069531
v 13.334347 6.622448 6.144249
v 13.326749 6.636756 6.217969
v 13.040579 7.229821 5.238642
v 13.103486 7.193760 5.261643
v 13.164570 7.159694 5.291534
v 13.223242 7.127959 5.328087
v 13.278968 7.098836 5.370907
v 13.331233 7.072590 5.419556
v 13.379519 7.049484 5.473597
v 13.423338 7.029765 5.532561
v 13.462313 7.013589 5.595857
v 13.496097 7.001094 5.662862
v 13.524341 6.992416 5.732952
v 13.546736 6.987669 5.805490
v 13.563117 6.986865 5.879775
v 13.573356 6.989994 5.955091
v 13.577328 6.997044 6.030721
v 13.574943 7.007979 6.105954
v 13.566276 7.022667 6.180088
v 13.551436 7.040951 6.252425
v 13.372293 7.926152 5.140024
v 13.438570 7.889993 5.156084
v 13.503551 7.855497 5.179426
v 13.566593 7.823009 5.209858
v 13.627067 7.792860 5.247140
v 13.684412 7.765324 5.290858
v 13.738078 7.740658 5.340551
v 13.787520 7.719118 5.395760
v 13.832220 7.700942 5.455991
v 13.871786 7.686276 5.520622
v 13.905854 7.675247 5.589000
v 13.934063 7.667983 5.660468
v 13.956090 7.664584 5.734357
v 13.971773 7.665051 5.809932
v 13.980988 7.669361 5.886445
v 13.983615 7.677490 5.963145
v 13.979573 7.689390 6.039288
v 13.968955 7.704917 6.114144
v 13.951896 7.723901 6.186988
v 13.753793 7.379664 6.219892
v 13.769696 7.360998 6.147302
v 13.779300 7.345871 6.072810
v 13.782483 7.334447 5.997127
v 13.779162 7.326864 5.920967
v 13.769421 7.323163 5.845059
v 13.753385 7.323363 5.770136
v 13.731180 7.327479 5.696929
v 13.702967 7.335505 5.626157
v 13.669064 7.347332 5.558472
v 13.629825 7.362829 5.494513
v 13.585604 7.381862 5.434919
v 13.536787 7.404278 5.380296
v 13.483875 7.429836 5.331125
v 13.427399 7.458274 5.287854
v 13.367891 7.489328 5.250931
v 13.305896 7.522723 5.220763
v 13.242024 7.558123 5.197583
v 13.176897 7.595178 5.181579
v 13.561337 8.261195 5.097959
v 13.628925 8.226262 5.114034
v 13.695171 8.192992 5.137501
v 13.759410 8.161723 5.168160
v 13.820993 8.132780 5.205770
v 13.879337 8.106427 5.249905
v 13.933879 8.082915 5.300092
v 13.984053 8.062492 5.355862
v 14.029327 8.045386 5.416708
v 14.069297 8.031738 5.481993
v 14.103592 8.021665 5.551046
v 14.131841 8.015287 5.623195
v 14.153716 8.012698 5.697754
v 14.169053 8.013890 5.773972
v 14.177735 8.018833 5.851081
v 14.179641 8.027497 5.928315
v 14.174695 8.039826 6.004911
v 14.163002 8.055670 6.080127
v 14.144711 8.074855 6.153222
v 13.742019 8.601134 5.055274
v 13.811035 8.567843 5.071300
v 13.878662 8.536203 5.094819
v 13.944213 8.506542 5.125629
v 14.007014 8.479173 5.163484
v 14.066466 8.454349 5.207950
v 14.121986 8.432306 5.258544
v 14.172989 8.413284 5.314785
v 14.218928 8.397497 5.376157
v 14.259387 8.385076 5.442008
v 14.293987 8.376129 5.511652
v 14.322348 8.370764 5.584403
v 14.344133 8.369064 5.659559
v 14.359181 8.371017 5.736352
v 14.367375 8.376583 5.813999
v 14.368598 8.385725 5.891719
v 14.362777 8.398380 5.968731
v 14.350030 8.414395 6.044281
v 14.330518 8.433591 6.117617
v 13.838633 8.793664 5.031094
v 13.908480 8.761502 5.047055
v 13.976913 8.730981 5.070559
v 14.043231 8.702417 5.101403
v 14.106749 8.676114 5.139341
v 14.166855 8.652316 5.183932
v 14.222958 8.631253 5.234691
v 14.274463 8.613153 5.291131
v 14.320811 8.598223 5.352732
v 14.361583 8.586588 5.418835
v 14.396394 8.578347 5.488746
v 14.424859 8.573602 5.561773
v 14.446636 8.572431 5.637205
v 14.461565 8.574815 5.714269
v 14.469529 8.580712 5.792173
v 14.470411 8.590079 5.870126
v 14.464144 8.602851 5.947343
v 14.450848 8.618872 6.023061
v 14.430694 8.637965 6.096522
v 14.002307 8.957267 5.022531
v 14.071560 8.928029 5.045979
v 14.138660 8.900719 5.076813
v 14.202910 8.875631 5.114781
v 14.263691 8.852997 5.159442
v 14.320397 8.833037 5.210307
v 14.372427 8.815969 5.266886
v 14.419212 8.801990 5.328653
v 14.460327 8.791215 5.394945
v 14.495382 8.783739 5.465062
v 14.523985 8.779653 5.538305
v 14.545793 8.779029 5.613959
v 14.560644 8.781843 5.691243
v 14.568421 8.788049 5.769359
v 14.569011 8.797601 5.847510
v 14.562344 8.810429 5.924904
v 14.548549 8.826379 6.000772
v 14.527801 8.845273 6.074350
v 13.931617 8.988127 5.006668
v 14.590447 8.992520 5.440455
v 14.619231 8.989130 5.513841
v 14.641117 8.989067 5.589647
v 14.655943 8.992304 5.667088
v 14.663593 8.998791 5.745360
v 14.663952 9.008478 5.823662
v 14.656954 9.021292 5.901197
v 14.642731 9.037079 5.977192
v 14.621464 9.055664 6.050878
v 14.555114 8.999175 5.370210
v 12.500000 8.798110 9.707317
v 12.500000 8.849179 9.664154
v 12.500000 8.900085 9.617268
v 12.500000 8.950716 9.566761
v 12.500000 9.000960 9.512732
v 12.500000 9.099310 9.395199
v 12.500000 9.193478 9.266828
v 12.500000 9.282716 9.128846
v 12.500000 9.366288 8.982467
v 12.500000 9.443460 8.828903
v 12.500000 9.513495 8.669367
v 12.500000 9.514459 8.667004
v 11.938967 9.894980 7.733423
v 11.654060 10.084312 7.268910
v 11.365032 10.272753 6.806582
v 11.070716 10.460019 6.347139
v 10.769238 10.645633 5.891745
v 10.615046 10.737631 5.666035
v 10.458045 10.828964 5.441957
v 10.297819 10.919498 5.219837
v 10.133977 11.009102 5.000000
v 10.063812 11.006784 5.000000
v 9.993976 10.999681 5.000000
v 9.924886 10.987565 5.000000
v 9.856961 10.970206 5.000000
v 9.790721 10.947375 5.000000
v 9.726757 10.918867 5.000000
v 9.665941 10.884650 5.000000
v 9.608972 10.844677 5.000000
v 9.556473 10.798875 5.000000
v 9.509365 10.747514 5.000000
v 9.468734 10.691423 5.000000
v 9.434939 10.630883 5.000000
v 9.408410 10.566420 5.000000
v 9.389693 10.499667 5.000000
v 9.378635 10.431256 5.000000
v 12.111350 8.324251 9.142594
v 12.117140 8.360503 9.185798
v 12.126542 8.396463 9.228653
v 12.139354 8.432002 9.271006
v 12.174446 8.501414 9.353729
v 12.220974 8.568031 9.433120
v 12.277759 8.631425 9.508670
v 12.343844 8.691211 9.579920
v 12.418250 8.746927 9.646320
v 9.891951 9.968032 5.690496
v 11.237468 10.302802 6.725378
v 11.041502 9.110669 7.408447
v 12.049999 9.763944 8.046687
v 11.433358 8.827883 8.037325
v 12.438301 9.498759 8.697060
v 12.377079 9.477306 8.724488
v 12.316852 9.450304 8.749063
v 12.258116 9.417951 8.770571
v 12.201354 9.380473 8.788817
v 12.147010 9.338208 8.803675
v 12.095516 9.291520 8.815035
v 12.047307 9.240774 8.822790
v 12.002793 9.186355 8.826851
v 11.962309 9.128726 8.827208
v 11.926167 9.068371 8.823874
v 11.894680 9.005773 8.816858
v 11.868134 8.941424 8.806192
v 11.846709 8.875856 8.791985
v 11.830557 8.809609 8.774366
v 11.819831 8.743224 8.753466
v 11.814655 8.677238 8.729430
v 11.815033 8.612180 8.702470
v 11.820937 8.548575 8.672818
v 11.989931 9.742711 8.074286
v 11.930813 9.716080 8.099113
v 11.873117 9.684242 8.120958
v 11.817306 9.647414 8.139631
v 11.763806 9.605916 8.155007
v 11.713031 9.560096 8.166977
v 11.665396 9.510302 8.175430
v 11.621298 9.456899 8.180279
v 11.581060 9.400329 8.181507
v 11.544984 9.341053 8.179120
v 11.513374 9.279532 8.173123
v 11.486508 9.216236 8.163538
v 11.464567 9.151672 8.150465
v 11.447703 9.086357 8.134021
v 11.436072 9.020809 8.114324
v 11.429799 8.955542 8.091507
v 11.428899 8.891064 8.065769
v 11.658379 10.026929 7.401776
v 11.599708 10.006047 7.429420
v 11.541930 9.979962 7.454393
v 11.485490 9.948854 7.476494
v 11.430823 9.912928 7.495537
v 11.378332 9.872485 7.511400
v 11.328409 9.827850 7.523971
v 11.281445 9.779350 7.533143
v 11.237818 9.727328 7.538824
v 11.197834 9.672199 7.540993
v 11.161785 9.614395 7.539647
v 11.129962 9.554349 7.534782
v 11.102633 9.492501 7.526414
v 11.079976 9.429331 7.514627
v 11.062147 9.365326 7.499526
v 11.049299 9.300972 7.481212
v 11.041562 9.236756 7.459804
v 11.038963 9.173162 7.435484
v 11.449083 10.165131 7.062908
v 11.391344 10.144477 7.090580
v 11.334461 10.118749 7.115648
v 11.278862 10.088119 7.137916
v 11.224966 10.052783 7.157202
v 11.173157 10.013030 7.173382
v 11.123815 9.969173 7.186347
v 11.077317 9.921523 7.195990
v 11.034024 9.870410 7.202216
v 10.994236 9.816230 7.205002
v 10.958236 9.759399 7.204340
v 10.926306 9.700331 7.200221
v 10.898708 9.639447 7.192655
v 10.875618 9.577209 7.181719
v 10.857191 9.514084 7.167507
v 10.843582 9.450541 7.150113
v 10.834922 9.387047 7.129645
v 10.831243 9.324068 7.106273
v 10.832556 9.262069 7.080181
v 11.180850 10.282422 6.753079
v 11.125046 10.257118 6.778254
v 11.070464 10.227056 6.800714
v 11.017500 10.192422 6.820280
v 10.966522 10.153491 6.836832
v 10.917893 10.110559 6.850260
v 10.871972 10.063922 6.860455
v 10.829105 10.013893 6.867326
v 10.789580 9.960848 6.870842
v 10.753670 9.905182 6.870990
v 10.721648 9.847288 6.867758
v 10.693767 9.787566 6.861147
v 10.670200 9.726456 6.851226
v 10.651103 9.664402 6.838079
v 10.636629 9.601850 6.821788
v 10.626911 9.539247 6.802452
v 10.621989 9.477039 6.780226
v 10.621882 9.415671 6.755281
v 10.805291 10.576028 6.055663
v 10.751725 10.556394 6.083386
v 10.698866 10.532239 6.108795
v 10.647066 10.503705 6.131714
v 10.596670 10.470958 6.151978
v 10.548000 10.434233 6.169470
v 10.501373 10.393788 6.184082
v 10.457105 10.349878 6.195709
v 10.415500 10.302772 6.204257
v 10.376816 10.252797 6.209687
v 10.341298 10.200292 6.211974
v 10.309194 10.145597 6.211092
v 10.280732 10.089059 6.207029
v 10.256078 10.031059 6.199829
v 10.235385 9.971985 6.189551
v 10.218801 9.912225 6.176251
v 10.206458 9.852169 6.160002
v 10.198414 9.792210 6.140926
v 10.194709 9.732744 6.119156
v 10.409280 9.572082 6.434526
v 10.411041 9.632641 6.458068
v 10.417404 9.693879 6.478897
v 10.428340 9.755373 6.496859
v 10.443800 9.816702 6.511815
v 10.463652 9.877444 6.523678
v 10.487743 9.937181 6.532378
v 10.515920 9.995491 6.537842
v 10.548011 10.051965 6.540014
v 10.583774 10.106225 6.538898
v 10.622948 10.157901 6.534513
v 10.665273 10.206626 6.526878
v 10.710473 10.252046 6.516028
v 10.758223 10.293868 6.502055
v 10.808181 10.331813 6.485067
v 10.860007 10.365605 6.465173
v 10.913354 10.394986 6.442493
v 10.967847 10.419779 6.417198
v 11.023105 10.439829 6.389473
v 10.650699 10.670529 5.824100
v 10.598578 10.651260 5.851784
v 10.547115 10.627655 5.877252
v 10.496639 10.599848 5.900334
v 10.447472 10.567993 5.920874
v 10.399917 10.532312 5.938755
v 10.354270 10.493041 5.953872
v 10.310826 10.450419 5.966121
v 10.269871 10.404698 5.975410
v 10.231650 10.356179 5.981694
v 10.196395 10.305180 5.984945
v 10.164340 10.252016 5.985132
v 10.135703 10.197010 5.982238
v 10.110647 10.140519 5.976296
v 10.089318 10.082903 5.967355
v 10.071864 10.024526 5.955461
v 10.058415 9.965752 5.940675
v 10.049035 9.906951 5.923103
v 10.043771 9.848494 5.902866
v 10.493696 10.764444 5.594024
v 10.443288 10.745619 5.621624
v 10.393484 10.722675 5.647123
v 10.344585 10.695736 5.670359
v 10.296888 10.664945 5.691185
v 10.250671 10.630504 5.709487
v 10.206207 10.592630 5.725164
v 10.163770 10.551541 5.738113
v 10.123623 10.507467 5.748242
v 10.085993 10.460685 5.755506
v 10.051100 10.411484 5.759869
v 10.019162 10.360153 5.761296
v 9.990384 10.306988 5.759765
v 9.964922 10.252314 5.755299
v 9.942918 10.196466 5.747934
v 9.924517 10.139776 5.737705
v 9.909845 10.082578 5.724660
v 9.898972 10.025215 5.708889
v 10.333872 10.857667 5.365707
v 10.285512 10.839395 5.393135
v 10.237695 10.817261 5.418599
v 10.190690 10.791378 5.441948
v 10.144765 10.761874 5.463043
v 10.100170 10.728929 5.481777
v 10.057152 10.692739 5.498051
v 10.015959 10.653499 5.511767
v 9.976828 10.611413 5.522835
v 9.939970 10.566729 5.531206
v 9.905583 10.519706 5.536841
v 9.873870 10.470601 5.539700
v 9.845019 10.419680 5.539755
v 9.819179 10.367235 5.537018
v 9.796486 10.313565 5.531513
v 9.777077 10.258969 5.523262
v 9.761075 10.203748 5.512299
v 9.748555 10.148212 5.498697
v 9.739576 10.092673 5.482541
v 10.170889 10.950101 5.139392
v 10.124955 10.932530 5.166482
v 10.079495 10.911398 5.191766
v 10.034745 10.886805 5.215109
v 9.990940 10.858861 5.236384
v 9.948299 10.827726 5.255489
v 9.907041 10.793567 5.272331
v 9.867383 10.756555 5.286818
v 9.829536 10.716868 5.298863
v 9.793687 10.674720 5.308417
v 9.760016 10.630336 5.315436
v 9.728702 10.583941 5.319877
v 9.699918 10.535763 5.321706
v 9.673800 10.486059 5.320925
v 9.650477 10.435090 5.317545
v 9.630076 10.383115 5.311576
v 9.612716 10.330400 5.303038
v 9.598472 10.277216 5.291986
v 9.587410 10.223839 5.278483
v 9.957694 10.982520 5.020828
v 9.832122 10.902994 5.084708
v 9.792453 10.870634 5.101941
v 9.754201 10.835595 5.116996
v 9.717554 10.798032 5.129792
v 9.682680 10.758134 5.140279
v 9.649742 10.716097 5.148411
v 9.618904 10.672118 5.154143
v 9.590320 10.626400 5.157439
v 9.564118 10.579165 5.158293
v 9.540417 10.530645 5.156707
v 9.519339 10.481069 5.152682
v 9.500993 10.430668 5.146227
v 9.485457 10.379687 5.137384
v 9.472797 10.328369 5.126200
v 9.914938 10.959080 5.044061
v 9.873015 10.932525 5.065386
v 12.581841 8.746862 9.646243
v 12.656109 8.691240 9.579954
v 12.722223 8.631439 9.508687
v 12.779113 8.567935 9.433006
v 12.825660 8.501237 9.353518
v 12.860722 8.431823 9.270793
v 12.873515 8.396300 9.228459
v 12.882892 8.360386 9.185658
v 12.888660 8.324193 9.142525
v 15.621481 10.430154 5.000000
v 15.610776 10.497510 5.000000
v 15.592662 10.563276 5.000000
v 15.566975 10.626880 5.000000
v 15.534223 10.686744 5.000000
v 15.494837 10.742312 5.000000
v 15.449141 10.793339 5.000000
v 15.398047 10.839114 5.000000
v 15.342580 10.879211 5.000000
v 15.283333 10.913711 5.000000
v 15.220898 10.942700 5.000000
v 15.155383 10.966422 5.000000
v 15.086796 10.984992 5.000000
v 15.015480 10.998341 5.000000
v 14.941775 11.006400 5.000000
v 14.866023 11.009102 5.000000
v 14.702160 10.919493 5.219849
v 14.541933 10.828958 5.441972
v 14.384944 10.737627 5.666047
v 14.230761 10.645626 5.891764
v 13.929262 10.460022 6.347130
v 13.634982 10.272755 6.806578
v 13.345942 10.084316 7.268900
v 13.061022 9.894984 7.733412
v 15.314417 10.138422 5.408999
v 15.122767 9.979861 5.669960
v 14.723651 10.890642 5.284958
v 14.324183 10.655302 5.861409
v 13.912751 10.399127 6.489244
v 13.601362 8.852923 7.981027
v 12.984675 9.787418 7.989120
v 13.367282 8.684214 8.362763
v 13.372566 8.747664 8.391788
v 13.372400 8.812494 8.418113
v 13.366763 8.878188 8.441515
v 13.355663 8.944225 8.461789
v 13.339226 9.010081 8.478793
v 13.317605 9.075223 8.492404
v 13.290953 9.139123 8.502498
v 13.259451 9.201261 8.508970
v 13.223380 9.261153 8.511793
v 13.183050 9.318328 8.510959
v 13.138770 9.372313 8.506460
v 13.090866 9.422654 8.498307
v 13.039745 9.468974 8.486590
v 12.985831 9.510918 8.471418
v 12.929550 9.548129 8.452898
v 12.871335 9.580276 8.431159
v 12.811661 9.607138 8.406392
v 12.751013 9.628521 8.378808
v 12.518888 9.469288 8.769343
v 12.580126 9.447749 8.796912
v 12.640365 9.420646 8.821621
v 12.699108 9.388178 8.843254
v 12.755868 9.350573 8.861616
v 12.810200 9.308168 8.876581
v 12.861670 9.261330 8.888040
v 12.909841 9.210426 8.895885
v 12.954301 9.155842 8.900026
v 12.994715 9.098043 8.900455
v 13.030769 9.037516 8.897185
v 13.062149 8.974746 8.890226
v 13.088568 8.910228 8.879610
v 13.109848 8.844495 8.865448
v 13.125833 8.778090 8.847870
v 13.136373 8.711556 8.827007
v 13.141344 8.645434 8.803006
v 13.140743 8.580253 8.776082
v 13.134597 8.516540 8.746465
v 13.605667 8.916052 8.009360
v 13.604630 8.980461 8.034986
v 13.598239 9.045646 8.057691
v 13.586509 9.111101 8.077279
v 13.569566 9.176312 8.093617
v 13.547566 9.240766 8.106588
v 13.520662 9.303948 8.116076
v 13.489033 9.365352 8.121984
v 13.452957 9.424511 8.124288
v 13.412738 9.480966 8.122985
v 13.368676 9.534259 8.118071
v 13.321093 9.583950 8.109560
v 13.270385 9.629676 8.097543
v 13.216964 9.671090 8.082129
v 13.161243 9.707846 8.063426
v 13.103646 9.739625 8.041561
v 13.044633 9.766212 8.016723
v 14.074606 9.194718 7.225344
v 14.076483 9.256950 7.251877
v 14.073302 9.320218 7.275690
v 14.065066 9.384050 7.296595
v 14.051807 9.447971 7.314417
v 14.033653 9.511507 7.329042
v 14.010760 9.574178 7.340373
v 13.983284 9.635510 7.348311
v 13.951400 9.695033 7.352776
v 13.915374 9.752316 7.353755
v 13.875493 9.806936 7.351255
v 13.832042 9.858471 7.345282
v 13.785326 9.906515 7.335857
v 13.735712 9.950733 7.323074
v 13.683585 9.990805 7.307041
v 13.629330 10.026415 7.287867
v 13.573340 10.057266 7.265676
v 13.516040 10.083160 7.240652
v 13.457867 10.103920 7.212993
v 13.220142 9.945919 7.600426
v 13.279290 9.924918 7.628054
v 13.337526 9.898649 7.652977
v 13.394395 9.867294 7.674991
v 13.449453 9.831063 7.693910
v 13.502291 9.790263 7.709607
v 13.552508 9.745227 7.721975
v 13.599704 9.696288 7.730903
v 13.643497 9.643798 7.736302
v 13.683573 9.588180 7.738152
v 13.719638 9.529876 7.736453
v 13.751396 9.469328 7.731203
v 13.778575 9.406987 7.722422
v 13.800997 9.343341 7.710198
v 13.818507 9.278887 7.694640
v 13.830951 9.214123 7.675855
v 13.838199 9.149544 7.653967
v 13.840230 9.085643 7.629162
v 13.837048 9.022908 7.601644
v 14.314307 9.369037 6.853008
v 14.314651 9.430611 6.878322
v 14.310123 9.493070 6.900917
v 14.300739 9.555961 6.920616
v 14.286539 9.618833 6.937262
v 14.267652 9.681232 6.950751
v 14.244234 9.742705 6.960997
v 14.216440 9.802800 6.967913
v 14.184444 9.861071 6.971429
v 14.148502 9.917111 6.971540
v 14.108890 9.970519 6.968257
v 14.065884 10.020896 6.961593
v 14.019776 10.067857 6.951574
v 13.970916 10.111085 6.938293
v 13.919671 10.150280 6.921860
v 13.866407 10.185138 6.902383
v 13.811497 10.215382 6.879984
v 13.755347 10.240822 6.854842
v 13.698369 10.261289 6.827150
v 14.527249 9.525104 6.529467
v 14.526009 9.585932 6.553463
v 14.520098 9.647490 6.574743
v 14.509543 9.709348 6.593147
v 14.494389 9.771075 6.608532
v 14.474770 9.832243 6.620807
v 14.450839 9.892424 6.629898
v 14.422750 9.951191 6.635728
v 14.390673 10.008123 6.638238
v 14.354856 10.062836 6.637430
v 14.315564 10.114953 6.633320
v 14.273060 10.164097 6.625928
v 14.227624 10.209908 6.615284
v 14.179589 10.252087 6.601482
v 14.129301 10.290349 6.584631
v 14.077107 10.324412 6.564838
v 14.023362 10.354012 6.542225
v 13.968447 10.378970 6.516965
v 14.740971 9.684175 6.212736
v 14.737942 9.744053 6.234991
v 14.730490 9.804480 6.254545
v 14.718649 9.865055 6.271255
v 14.702475 9.925373 6.284995
v 14.682101 9.985034 6.295690
v 14.657679 10.043642 6.303276
v 14.629359 10.100797 6.307692
v 14.597309 10.156109 6.308891
v 14.561765 10.209221 6.306880
v 14.522978 10.259785 6.301685
v 14.481197 10.307452 6.293329
v 14.436686 10.351887 6.281850
v 14.389758 10.392813 6.267341
v 14.340735 10.429968 6.249908
v 14.289942 10.463090 6.229661
v 14.237710 10.491934 6.206717
v 14.184392 10.516333 6.181243
v 14.130350 10.536140 6.153417
v 14.931782 9.829589 5.937560
v 14.926782 9.888223 5.958062
v 14.917628 9.947227 5.975894
v 14.904366 10.006224 5.990933
v 14.887058 10.064841 6.003069
v 14.865834 10.122710 6.012240
v 14.840844 10.179463 6.018397
v 14.812234 10.234733 6.021492
v 14.780168 10.288162 6.021489
v 14.744865 10.339421 6.018403
v 14.706562 10.388190 6.012264
v 14.665494 10.434150 6.003101
v 14.621906 10.476994 5.990958
v 14.576089 10.516467 5.975926
v 14.528341 10.552329 5.958110
v 14.478962 10.584337 5.937617
v 14.428258 10.612269 5.914561
v 14.376554 10.635970 5.889102
v 15.115576 10.036900 5.688166
v 15.104560 10.094103 5.703754
v 15.089773 10.151128 5.716624
v 15.071284 10.207635 5.726685
v 15.049220 10.263293 5.733894
v 15.023725 10.317771 5.738214
v 14.994940 10.370740 5.739611
v 14.963021 10.421877 5.738062
v 14.928171 10.470888 5.733592
v 14.890609 10.517486 5.726235
v 14.850550 10.561387 5.716026
v 14.808220 10.602314 5.703013
v 14.763881 10.640041 5.687287
v 14.717805 10.674351 5.668949
v 14.670263 10.705030 5.648102
v 14.621529 10.731875 5.624857
v 14.571898 10.754749 5.599363
v 14.521667 10.773525 5.571779
v 15.304750 10.193249 5.424299
v 15.291659 10.248011 5.437077
v 15.275206 10.302407 5.447255
v 15.255467 10.356139 5.454767
v 15.232563 10.408919 5.459583
v 15.206627 10.460461 5.461685
v 15.177795 10.510477 5.461054
v 15.146210 10.558688 5.457681
v 15.112057 10.604840 5.451596
v 15.075528 10.648687 5.442840
v 15.036819 10.689981 5.431454
v 14.996130 10.728486 5.417488
v 14.953691 10.764006 5.401029
v 14.909739 10.796353 5.382175
v 14.864513 10.825342 5.361023
v 14.818251 10.850799 5.337677
v 14.771211 10.872602 5.312274
v 14.622048 10.832235 5.427983
v 14.671017 10.813800 5.455460
v 14.719425 10.791426 5.480930
v 14.766993 10.765231 5.504242
v 14.813445 10.735346 5.525253
v 14.858523 10.701958 5.543854
v 14.901971 10.665269 5.559945
v 14.943536 10.625481 5.573427
v 14.982969 10.582806 5.584209
v 15.020058 10.537500 5.592244
v 15.054596 10.489831 5.597494
v 15.086378 10.440066 5.599919
v 15.115208 10.388480 5.599493
v 15.140936 10.335374 5.596231
v 15.163425 10.281059 5.590161
v 15.182535 10.225842 5.581310
v 15.198140 10.170035 5.569714
v 15.210170 10.113958 5.555453
v 15.218564 10.057933 5.538615
v 15.505600 10.308256 5.154613
v 15.493291 10.360025 5.166216
v 15.478043 10.411485 5.175453
v 15.459924 10.462383 5.182275
v 15.439010 10.512472 5.186637
v 15.415415 10.561513 5.188528
v 15.389260 10.609270 5.187946
v 15.360668 10.655507 5.184887
v 15.329767 10.699993 5.179355
v 15.296717 10.742522 5.171387
v 15.261684 10.782891 5.161028
v 15.224835 10.820899 5.148322
v 15.186342 10.856352 5.133321
v 15.146397 10.889089 5.116107
v 14.962876 10.885369 5.218466
v 15.105199 10.918960 5.096769
v 14.918079 10.909987 5.195135
v 14.872567 10.931137 5.169859
v 14.826580 10.948718 5.142774
v 15.006727 10.857395 5.239723
v 15.049408 10.826223 5.258807
v 15.090702 10.792024 5.275623
v 15.130390 10.754967 5.290079
v 15.168261 10.715231 5.302089
v 15.204126 10.673033 5.311602
v 15.237806 10.628596 5.318575
v 15.269120 10.582148 5.322966
v 15.297896 10.533917 5.324741
v 15.323997 10.484161 5.323901
v 15.347294 10.433142 5.320458
v 15.367660 10.381121 5.314424
v 15.384975 10.328363 5.305818
v 15.399165 10.275143 5.294695
v 15.410163 10.221735 5.281119
v 15.062947 10.945810 5.075396
v 15.019841 10.969499 5.052083
v 14.976093 10.989925 5.026950
v 25.000000 0.222325 -0.512905
v 25.000000 0.191511 -0.543719
v 25.000000 0.155814 -0.568714
v 25.000000 0.116319 -0.587131
v 25.000000 0.074226 -0.598410
v 25.000000 0.030814 -0.602208
v 25.000000 -0.012598 -0.598410
v 25.000000 -0.054691 -0.587131
v 25.000000 -0.094186 -0.568714
v 25.000000 -0.129883 -0.543719
v 0.000000 -0.129883 -0.543719
v 0.000000 -0.094186 -0.568714
v 0.000000 -0.054691 -0.587131
v 0.000000 -0.012598 -0.598410
v 0.000000 0.030814 -0.602208
v 0.000000 0.074226 -0.598410
v 0.000000 0.116319 -0.587131
v 0.000000 0.155814 -0.568714
v 0.000000 0.191511 -0.543719
v 0.000000 0.222325 -0.512905
v 24.074074 0.191511 -0.543719
v 23.148148 0.191511 -0.543719
v 22.222222 0.191511 -0.543719
v 21.296296 0.191511 -0.543719
v 20.370370 0.191511 -0.543719
v 19.444444 0.191511 -0.543719
v 18.518519 0.191511 -0.543719
v 17.592593 0.191511 -0.543719
v 16.666667 0.191511 -0.543719
v 15.740741 0.191511 -0.543719
v 14.814815 0.191511 -0.543719
v 13.888889 0.191511 -0.543719
v 12.962963 0.191511 -0.543719
v 12.037037 0.191511 -0.543719
v 11.111111 0.191511 -0.543719
v 10.185185 0.191511 -0.543719
v 9.259259 0.191511 -0.543719
v 8.333333 0.191511 -0.543719
v 7.407407 0.191511 -0.543719
v 6.481481 0.191511 -0.543719
v 5.555556 0.191511 -0.543719
v 4.629630 0.191511 -0.543719
v 3.703704 0.191511 -0.543719
v 2.777778 0.191511 -0.543719
v 1.851852 0.191511 -0.543719
v 0.925926 0.191511 -0.543719
v 24.074074 0.155814 -0.568714
v 23.148148 0.155814 -0.568714
v 22.222222 0.155814 -0.568714
v 21.296296 0.155814 -0.568714
v 20.370370 0.155814 -0.568714
v 19.444444 0.155814 -0.568714
v 18.518519 0.155814 -0.568714
v 17.592593 0.155814 -0.568714
v 16.666667 0.155814 -0.568714
v 15.740741 0.155814 -0.568714
v 14.814815 0.155814 -0.568714
v 13.888889 0.155814 -0.568714
v 12.962963 0.155814 -0.568714
v 12.037037 0.155814 -0.568714
v 11.111111 0.155814 -0.568714
v 10.185185 0.155814 -0.568714
v 9.259259 0.155814 -0.568714
v 8.333333 0.155814 -0.568714
v 7.407407 0.155814 -0.568714
v 6.481481 0.155814 -0.568714
v 5.555556 0.155814 -0.568714
v 4.629630 0.155814 -0.568714
v 3.703704 0.155814 -0.568714
v 2.777778 0.155814 -0.568714
v 1.851852 0.155814 -0.568714
v 0.925926 0.155814 -0.568714
v 24.074074 0.116319 -0.587131
v 23.148148 0.116319 -0.587131
v 22.222222 0.116319 -0.587131
v 21.296296 0.116319 -0.587131
v 20.370370 0.116319 -0.587131
v 19.444444 0.116319 -0.587131
v 18.518519 0.116319 -0.587131
v 17.592593 0.116319 -0.587131
v 16.666667 0.116319 -0.587131
v 15.740741 0.116319 -0.587131
v 14.814815 0.116319 -0.587131
v 13.888889 0.116319 -0.587131
v 12.962963 0.116319 -0.587131
v 12.037037 0.116319 -0.587131
v 11.111111 0.116319 -0.587131
v 10.185185 0.116319 -0.587131
v 9.259259 0.116319 -0.587131
v 8.333333 0.116319 -0.587131
v 7.407407 0.116319 -0.587131
v 6.481481 0.116319 -0.587131
v 5.555556 0.116319 -0.587131
v 4.629630 0.116319 -0.587131
v 3.703704 0.116319 -0.587131
v 2.777778 0.116319 -0.587131
v 1.851852 0.116319 -0.587131
v 0.925926 0.116319 -0.587131
v 24.074074 0.074226 -0.598410
v 23.148148 0.074226 -0.598410
v 22.222222 0.074226 -0.598410
v 21.296296 0.074226 -0.598410
v 20.370370 0.074226 -0.598410
v 19.444444 0.074226 -0.598410
v 18.518519 0.074226 -0.598410
v 17.592593 0.074226 -0.598410
v 16.666667 0.074226 -0.598410
v 15.740741 0.074226 -0.598410
v 14.814815 0.074226 -0.598410
v 13.888889 0.074226 -0.598410
v 12.962963 0.074226 -0.598410
v 12.037037 0.074226 -0.598410
v 11.111111 0.074226 -0.598410
v 10.185185 0.074226 -0.598410
v 9.259259 0.074226 -0.598410
v 8.333333 0.074226 -0.598410
v 7.407407 0.074226 -0.598410
v 6.481481 0.074226 -0.598410
v 5.555556 0.074226 -0.598410
v 4.629630 0.074226 -0.598410
v 3.703704 0.074226 -0.598410
v 2.777778 0.074226 -0.598410
v 1.851852 0.074226 -0.598410
v 0.925926 0.074226 -0.598410
v 24.074074 0.030814 -0.602208
v 23.148148 0.030814 -0.602208
v 22.222222 0.030814 -0.602208
v 21.296296 0.030814 -0.602208
v 20.370370 0.030814 -0.602208
v 19.444444 0.030814 -0.602208
v 18.518519 0.030814 -0.602208
v 17.592593 0.030814 -0.602208
v 16.666667 0.030814 -0.602208
v 15.740741 0.030814 -0.602208
v 14.814815 0.030814 -0.602208
v 13.888889 0.030814 -0.602208
v 12.962963 0.030814 -0.602208
v 12.037037 0.030814 -0.602208
v 11.111111 0.030814 -0.602208
v 10.185185 0.030814 -0.602208
v 9.259259 0.030814 -0.602208
v 8.333333 0.030814 -0.602208
v 7.407407 0.030814 -0.602208
v 6.481481 0.030814 -0.602208
v 5.555556 0.030814 -0.602208
v 4.629630 0.030814 -0.602208
v 3.703704 0.030814 -0.602208
v 2.777778 0.030814 -0.602208
v 1.851852 0.030814 -0.602208
v 0.925926 0.030814 -0.602208
v 24.074074 -0.012598 -0.598410
v 23.148148 -0.012598 -0.598410
v 22.222222 -0.012598 -0.598410
v 21.296296 -0.012598 -0.598410
v 20.370370 -0.012598 -0.598410
v 19.444444 -0.012598 -0.598410
v 18.518519 -0.012598 -0.598410
v 17.592593 -0.012598 -0.598410
v 16.666667 -0.012598 -0.598410
v 15.740741 -0.012598 -0.598410
v 14.814815 -0.012598 -0.598410
v 13.888889 -0.012598 -0.598410
v 12.962963 -0.012598 -0.598410
v 12.037037 -0.012598 -0.598410
v 11.111111 -0.012598 -0.598410
v 10.185185 -0.012598 -0.598410
v 9.259259 -0.012598 -0.598410
v 8.333333 -0.012598 -0.598410
v 7.407407 -0.012598 -0.598410
v 6.481481 -0.012598 -0.598410
v 5.555556 -0.012598 -0.598410
v 4.629630 -0.012598 -0.598410
v 3.703704 -0.012598 -0.598410
v 2.777778 -0.012598 -0.598410
v 1.851852 -0.012598 -0.598410
v 0.925926 -0.012598 -0.598410
v 24.074074 -0.054691 -0.587131
v 23.148148 -0.054691 -0.587131
v 22.222222 -0.054691 -0.587131
v 21.296296 -0.054691 -0.587131
v 20.370370 -0.054691 -0.587131
v 19.444444 -0.054691 -0.587131
v 18.518519 -0.054691 -0.587131
v 17.592593 -0.054691 -0.587131
v 16.666667 -0.054691 -0.587131
v 15.740741 -0.054691 -0.587131
v 14.814815 -0.054691 -0.587131
v 13.888889 -0.054691 -0.587131
v 12.962963 -0.054691 -0.587131
v 12.037037 -0.054691 -0.587131
v 11.111111 -0.054691 -0.587131
v 10.185185 -0.054691 -0.587131
v 9.259259 -0.054691 -0.587131
v 8.333333 -0.054691 -0.587131
v 7.407407 -0.054691 -0.587131
v 6.481481 -0.054691 -0.587131
v 5.555556 -0.054691 -0.587131
v 4.629630 -0.054691 -0.587131
v 3.703704 -0.054691 -0.587131
v 2.777778 -0.054691 -0.587131
v 1.851852 -0.054691 -0.587131
v 0.925926 -0.054691 -0.587131
v 24.074074 -0.094186 -0.568714
v 23.148148 -0.094186 -0.568714
v 22.222222 -0.094186 -0.568714
v 21.296296 -0.094186 -0.568714
v 20.370370 -0.094186 -0.568714
v 19.444444 -0.094186 -0.568714
v 18.518519 -0.094186 -0.568714
v 17.592593 -0.094186 -0.568714
v 16.666667 -0.094186 -0.568714
v 15.740741 -0.094186 -0.568714
v 14.814815 -0.094186 -0.568714
v 13.888889 -0.094186 -0.568714
v 12.962963 -0.094186 -0.568714
v 12.037037 -0.094186 -0.568714
v 11.111111 -0.094186 -0.568714
v 10.185185 -0.094186 -0.568714
v 9.259259 -0.094186 -0.568714
v 8.333333 -0.094186 -0.568714
v 7.407407 -0.094186 -0.568714
v 6.481481 -0.094186 -0.568714
v 5.555556 -0.094186 -0.568714
v 4.629630 -0.094186 -0.568714
v 3.703704 -0.094186 -0.568714
v 2.777778 -0.094186 -0.568714
v 1.851852 -0.094186 -0.568714
v 0.925926 -0.094186 -0.568714
v 1.562500 3.402245 3.276775
v 1.568748 3.351597 3.216416
v 1.587334 3.302215 3.157564
v 1.617795 3.255332 3.101692
v 1.659369 3.212121 3.050195
v 1.711017 3.173662 3.004361
v 1.771449 3.140914 2.965334
v 1.839154 3.114697 2.934090
v 1.912441 3.095666 2.911410
v 1.989478 3.084297 2.897860
v 2.068339 3.080873 2.893779
v 2.147055 3.085480 2.899270
v 2.223657 3.098003 2.914194
v 2.296233 3.118129 2.938179
v 2.362967 3.145355 2.970626
v 2.422192 3.179001 3.010724
v 2.472429 3.218225 3.057470
v 2.512422 3.262049 3.109696
v 2.971694 1.782010 1.345855
v 2.943336 1.735513 1.290441
v 2.926527 1.686752 1.232331
v 2.921674 1.636906 1.172927
v 2.928893 1.587179 1.113665
v 2.948011 1.538771 1.055974
v 2.978565 1.492852 1.001250
v 3.019817 1.450529 0.950812
v 3.070772 1.412826 0.905879
v 3.130200 1.380652 0.867536
v 3.196664 1.354785 0.836708
v 3.268560 1.335849 0.814141
v 3.344153 1.324301 0.800379
v 3.421616 1.320421 0.795754
v 10.216011 1.320421 0.795754
v 10.294897 1.324446 0.800551
v 10.371807 1.336421 0.814823
v 10.444814 1.356046 0.838211
v 10.512090 1.382829 0.870129
v 10.571950 1.416099 0.909779
v 10.622894 1.455023 0.956167
v 10.663646 1.498626 1.008131
v 10.693185 1.545816 1.064369
v 10.710772 1.595410 1.123474
v 10.715965 1.646167 1.183963
v 10.708635 1.696815 1.244323
v 10.688966 1.746085 1.303041
v 10.657449 1.792743 1.358646
v 11.167937 3.140168 2.964444
v 11.209791 3.097903 2.914076
v 11.261356 3.060334 2.869302
v 11.321378 3.028371 2.831211
v 11.388398 3.002794 2.800728
v 11.460788 2.984222 2.778595
v 11.536788 2.973107 2.765349
v 11.614553 2.969719 2.761312
v 11.692191 2.974141 2.766582
v 11.767818 2.986265 2.781031
v 11.839594 3.005797 2.804308
v 11.905775 3.032262 2.835847
v 11.964754 3.065016 2.874882
v 12.015097 3.103264 2.920464
v 12.055581 3.146077 2.971486
v 12.085222 3.192413 3.026708
v 12.103300 3.241148 3.084787
v 12.109375 3.291096 3.144313
v 12.890625 3.402245 3.276775
v 12.896873 3.351597 3.216416
v 12.915459 3.302215 3.157564
v 12.945920 3.255332 3.101692
v 12.987494 3.212121 3.050195
v 13.039142 3.173662 3.004361
v 13.099574 3.140914 2.965334
v 13.167279 3.114697 2.934090
v 13.240566 3.095666 2.911410
v 13.317603 3.084297 2.897860
v 13.396464 3.080873 2.893779
v 13.475180 3.085480 2.899270
v 13.551782 3.098003 2.914194
v 13.624358 3.118129 2.938179
v 13.691092 3.145355 2.970626
v 13.750317 3.179001 3.010724
v 13.800554 3.218225 3.057470
v 13.840547 3.262049 3.109696
v 14.299819 1.782010 1.345855
v 14.271461 1.735513 1.290441
v 14.254652 1.686752 1.232331
v 14.249799 1.636906 1.172927
v 14.257018 1.587179 1.113665
v 14.276136 1.538771 1.055974
v 14.306690 1.492852 1.001250
v 14.347942 1.450529 0.950812
v 14.398897 1.412826 0.905879
v 14.458325 1.380652 0.867536
v 14.524789 1.354785 0.836708
v 14.596685 1.335849 0.814141
v 14.672278 1.324301 0.800379
v 14.749741 1.320421 0.795754
v 21.544136 1.320421 0.795754
v 21.623022 1.324446 0.800551
v 21.699932 1.336421 0.814823
v 21.772939 1.356046 0.838211
v 21.840215 1.382829 0.870129
v 21.900075 1.416099 0.909779
v 21.951019 1.455023 0.956167
v 21.991771 1.498626 1.008131
v 22.021310 1.545816 1.064369
v 22.038897 1.595410 1.123474
v 22.044090 1.646167 1.183963
v 22.036760 1.696815 1.244323
v 22.017091 1.746085 1.303041
v 21.985574 1.792743 1.358646
v 22.496062 3.140168 2.964444
v 22.537916 3.097903 2.914076
v 22.589481 3.060334 2.869302
v 22.649503 3.028371 2.831211
v 22.716523 3.002794 2.800728
v 22.788913 2.984222 2.778595
v 22.864913 2.973107 2.765349
v 22.942678 2.969719 2.761312
v 23.020316 2.974141 2.766582
v 23.095943 2.986265 2.781031
v 23.167719 3.005797 2.804308
v 23.233900 3.032262 2.835847
v 23.292879 3.065016 2.874882
v 23.343222 3.103264 2.920464
v 23.383706 3.146077 2.971486
v 23.413347 3.192413 3.026708
v 23.431425 3.241148 3.084787
v 23.437500 3.291096 3.144313
v 0.000000 -0.844858 0.056216
v 0.000000 -0.875672 0.087030
v 0.000000 -0.900667 0.122727
v 0.000000 -0.919084 0.162222
v 0.000000 -0.930363 0.204315
v 0.000000 -0.934161 0.247727
v 0.000000 -0.930363 0.291139
v 0.000000 -0.919084 0.333232
v 0.000000 -0.900667 0.372727
v 0.000000 -0.875672 0.408424
v 0.000000 -0.489999 0.868051
v 0.000000 -0.311255 0.718067
v 0.000000 -0.536231 0.449951
v 0.000000 0.000000 0.000000
v 0.000000 10.927389 13.022756
v 0.000000 11.310412 12.701362
v 25.000000 -0.844858 0.056216
v 25.000000 -0.875672 0.087030
v 25.000000 -0.900667 0.122727
v 25.000000 -0.919084 0.162222
v 25.000000 -0.930363 0.204315
v 25.000000 -0.934161 0.247727
v 25.000000 -0.930363 0.291139
v 25.000000 -0.919084 0.333232
v 25.000000 -0.900667 0.372727
v 25.000000 -0.875672 0.408424
v 24.074074 -0.875672 0.087030
v 23.148148 -0.875672 0.087030
v 22.222222 -0.875672 0.087030
v 21.296296 -0.875672 0.087030
v 20.370370 -0.875672 0.087030
v 19.444444 -0.875672 0.087030
v 18.518519 -0.875672 0.087030
v 17.592593 -0.875672 0.087030
v 16.666667 -0.875672 0.087030
v 15.740741 -0.875672 0.087030
v 14.814815 -0.875672 0.087030
v 13.888889 -0.875672 0.087030
v 12.962963 -0.875672 0.087030
v 12.037037 -0.875672 0.087030
v 11.111111 -0.875672 0.087030
v 10.185185 -0.875672 0.087030
v 9.259259 -0.875672 0.087030
v 8.333333 -0.875672 0.087030
v 7.407407 -0.875672 0.087030
v 6.481481 -0.875672 0.087030
v 5.555556 -0.875672 0.087030
v 4.629630 -0.875672 0.087030
v 3.703704 -0.875672 0.087030
v 2.777778 -0.875672 0.087030
v 1.851852 -0.875672 0.087030
v 0.925926 -0.875672 0.087030
v 24.074074 -0.900667 0.122727
v 23.148148 -0.900667 0.122727
v 22.222222 -0.900667 0.122727
v 21.296296 -0.900667 0.122727
v 20.370370 -0.900667 0.122727
v 19.444444 -0.900667 0.122727
v 18.518519 -0.900667 0.122727
v 17.592593 -0.900667 0.122727
v 16.666667 -0.900667 0.122727
v 15.740741 -0.900667 0.122727
v 14.814815 -0.900667 0.122727
v 13.888889 -0.900667 0.122727
v 12.962963 -0.900667 0.122727
v 12.037037 -0.900667 0.122727
v 11.111111 -0.900667 0.122727
v 10.185185 -0.900667 0.122727
v 9.259259 -0.900667 0.122727
v 8.333333 -0.900667 0.122727
v 7.407407 -0.900667 0.122727
v 6.481481 -0.900667 0.122727
v 5.555556 -0.900667 0.122727
v 4.629630 -0.900667 0.122727
v 3.703704 -0.900667 0.122727
v 2.777778 -0.900667 0.122727
v 1.851852 -0.900667 0.122727
v 0.925926 -0.900667 0.122727
v 24.074074 -0.919084 0.162222
v 23.148148 -0.919084 0.162222
v 22.222222 -0.919084 0.162222
v 21.296296 -0.919084 0.162222
v 20.370370 -0.919084 0.162222
v 19.444444 -0.919084 0.162222
v 18.518519 -0.919084 0.162222
v 17.592593 -0.919084 0.162222
v 16.666667 -0.919084 0.162222
v 15.740741 -0.919084 0.162222
v 14.814815 -0.919084 0.162222
v 13.888889 -0.919084 0.162222
v 12.962963 -0.919084 0.162222
v 12.037037 -0.919084 0.162222
v 11.111111 -0.919084 0.162222
v 10.185185 -0.919084 0.162222
v 9.259259 -0.919084 0.162222
v 8.333333 -0.919084 0.162222
v 7.407407 -0.919084 0.162222
v 6.481481 -0.919084 0.162222
v 5.555556 -0.919084 0.162222
v 4.629630 -0.919084 0.162222
v 3.703704 -0.919084 0.162222
v 2.777778 -0.919084 0.162222
v 1.851852 -0.919084 0.162222
v 0.925926 -0.919084 0.162222
v 24.074074 -0.930363 0.204315
v 23.148148 -0.930363 0.204315
v 22.222222 -0.930363 0.204315
v 21.296296 -0.930363 0.204315
v 20.370370 -0.930363 0.204315
v 19.444444 -0.930363 0.204315
v 18.518519 -0.930363 0.204315
v 17.592593 -0.930363 0.204315
v 16.666667 -0.930363 0.204315
v 15.740741 -0.930363 0.204315
v 14.814815 -0.930363 0.204315
v 13.888889 -0.930363 0.204315
v 12.962963 -0.930363 0.204315
v 12.037037 -0.930363 0.204315
v 11.111111 -0.930363 0.204315
v 10.185185 -0.930363 0.204315
v 9.259259 -0.930363 0.204315
v 8.333333 -0.930363 0.204315
v 7.407407 -0.930363 0.204315
v 6.481481 -0.930363 0.204315
v 5.555556 -0.930363 0.204315
v 4.629630 -0.930363 0.204315
v 3.703704 -0.930363 0.204315
v 2.777778 -0.930363 0.204315
v 1.851852 -0.930363 0.204315
v 0.925926 -0.930363 0.204315
v 24.074074 -0.934161 0.247727
v 23.148148 -0.934161 0.247727
v 22.222222 -0.934161 0.247727
v 21.296296 -0.934161 0.247727
v 20.370370 -0.934161 0.247727
v 19.444444 -0.934161 0.247727
v 18.518519 -0.934161 0.247727
v 17.592593 -0.934161 0.247727
v 16.666667 -0.934161 0.247727
v 15.740741 -0.934161 0.247727
v 14.814815 -0.934161 0.247727
v 13.888889 -0.934161 0.247727
v 12.962963 -0.934161 0.247727
v 12.037037 -0.934161 0.247727
v 11.111111 -0.934161 0.247727
v 10.185185 -0.934161 0.247727
v 9.259259 -0.934161 0.247727
v 8.333333 -0.934161 0.247727
v 7.407407 -0.934161 0.247727
v 6.481481 -0.934161 0.247727
v 5.555556 -0.934161 0.247727
v 4.629630 -0.934161 0.247727
v 3.703704 -0.934161 0.247727
v 2.777778 -0.934161 0.247727
v 1.851852 -0.934161 0.247727
v 0.925926 -0.934161 0.247727
v 24.074074 -0.930363 0.291139
v 23.148148 -0.930363 0.291139
v 22.222222 -0.930363 0.291139
v 21.296296 -0.930363 0.291139
v 20.370370 -0.930363 0.291139
v 19.444444 -0.930363 0.291139
v 18.518519 -0.930363 0.291139
v 17.592593 -0.930363 0.291139
v 16.666667 -0.930363 0.291139
v 15.740741 -0.930363 0.291139
v 14.814815 -0.930363 0.291139
v 13.888889 -0.930363 0.291139
v 12.962963 -0.930363 0.291139
v 12.037037 -0.930363 0.291139
v 11.111111 -0.930363 0.291139
v 10.185185 -0.930363 0.291139
v 9.259259 -0.930363 0.291139
v 8.333333 -0.930363 0.291139
v 7.407407 -0.930363 0.291139
v 6.481481 -0.930363 0.291139
v 5.555556 -0.930363 0.291139
v 4.629630 -0.930363 0.291139
v 3.703704 -0.930363 0.291139
v 2.777778 -0.930363 0.291139
v 1.851852 -0.930363 0.291139
v 0.925926 -0.930363 0.291139
v 24.074074 -0.919084 0.333232
v 23.148148 -0.919084 0.333232
v 22.222222 -0.919084 0.333232
v 21.296296 -0.919084 0.333232
v 20.370370 -0.919084 0.333232
v 19.444444 -0.919084 0.333232
v 18.518519 -0.919084 0.333232
v 17.592593 -0.919084 0.333232
v 16.666667 -0.919084 0.333232
v 15.740741 -0.919084 0.333232
v 14.814815 -0.919084 0.333232
v 13.888889 -0.919084 0.333232
v 12.962963 -0.919084 0.333232
v 12.037037 -0.919084 0.333232
v 11.111111 -0.919084 0.333232
v 10.185185 -0.919084 0.333232
v 9.259259 -0.919084 0.333232
v 8.333333 -0.919084 0.333232
v 7.407407 -0.919084 0.333232
v 6.481481 -0.919084 0.333232
v 5.555556 -0.919084 0.333232
v 4.629630 -0.919084 0.333232
v 3.703704 -0.919084 0.333232
v 2.777778 -0.919084 0.333232
v 1.851852 -0.919084 0.333232
v 0.925926 -0.919084 0.333232
v 24.074074 -0.900667 0.372727
v 23.148148 -0.900667 0.372727
v 22.222222 -0.900667 0.372727
v 21.296296 -0.900667 0.372727
v 20.370370 -0.900667 0.372727
v 19.444444 -0.900667 0.372727
v 18.518519 -0.900667 0.372727
v 17.592593 -0.900667 0.372727
v 16.666667 -0.900667 0.372727
v 15.740741 -0.900667 0.372727
v 14.814815 -0.900667 0.372727
v 13.888889 -0.900667 0.372727
v 12.962963 -0.900667 0.372727
v 12.037037 -0.900667 0.372727
v 11.111111 -0.900667 0.372727
v 10.185185 -0.900667 0.372727
v 9.259259 -0.900667 0.372727
v 8.333333 -0.900667 0.372727
v 7.407407 -0.900667 0.372727
v 6.481481 -0.900667 0.372727
v 5.555556 -0.900667 0.372727
v 4.629630 -0.900667 0.372727
v 3.703704 -0.900667 0.372727
v 2.777778 -0.900667 0.372727
v 1.851852 -0.900667 0.372727
v 0.925926 -0.900667 0.372727
v 25.000000 -0.489999 0.868051
v 21.800000 8.209102 5.000000
v 21.794167 8.305532 5.000000
v 21.776753 8.400555 5.000000
v 21.748013 8.492786 5.000000
v 21.708365 8.580881 5.000000
v 21.658387 8.663554 5.000000
v 21.598809 8.739600 5.000000
v 21.530498 8.807911 5.000000
v 21.454452 8.867489 5.000000
v 21.371779 8.917467 5.000000
v 21.283684 8.957115 5.000000
v 21.191453 8.985856 5.000000
v 21.096429 9.003269 5.000000
v 21.000000 9.009102 5.000000
v 4.000000 9.009102 5.000000
v 3.903571 9.003269 5.000000
v 3.808547 8.985856 5.000000
v 3.716316 8.957115 5.000000
v 3.628221 8.917467 5.000000
v 3.545548 8.867489 5.000000
v 3.469502 8.807911 5.000000
v 3.401191 8.739600 5.000000
v 3.341613 8.663554 5.000000
v 3.291635 8.580881 5.000000
v 3.251987 8.492786 5.000000
v 3.223247 8.400555 5.000000
v 3.205833 8.305532 5.000000
v 3.200000 8.209102 5.000000
v 22.600000 11.809102 5.000000
v 22.600000 6.609102 5.000000
v 22.606077 6.539643 5.000000
v 22.624123 6.472294 5.000000
v 22.653590 6.409102 5.000000
v 22.693582 6.351987 5.000000
v 22.742885 6.302684 5.000000
v 22.800000 6.262692 5.000000
v 22.863192 6.233225 5.000000
v 22.930541 6.215179 5.000000
v 23.000000 6.209102 5.000000
v 23.069459 6.215179 5.000000
v 23.136808 6.233225 5.000000
v 23.200000 6.262692 5.000000
v 23.257115 6.302684 5.000000
v 23.306418 6.351987 5.000000
v 23.346410 6.409102 5.000000
v 23.375877 6.472294 5.000000
v 23.393923 6.539643 5.000000
v 23.400000 6.609102 5.000000
v 23.400000 11.809102 5.000000
v 23.393923 11.878561 5.000000
v 23.375877 11.945910 5.000000
v 23.346410 12.009102 5.000000
v 23.306418 12.066217 5.000000
v 23.257115 12.115520 5.000000
v 23.200000 12.155512 5.000000
v 23.136808 12.184979 5.000000
v 23.069459 12.203025 5.000000
v 23.000000 12.209102 5.000000
v 22.930541 12.203025 5.000000
v 22.863192 12.184979 5.000000
v 22.800000 12.155512 5.000000
v 22.742885 12.115520 5.000000
v 22.693582 12.066217 5.000000
v 22.653590 12.009102 5.000000
v 22.624123 11.945910 5.000000
v 22.606077 11.878561 5.000000
v 23.400000 13.009102 5.000000
v 23.496429 13.003269 5.000000
v 23.591453 12.985856 5.000000
v 23.683684 12.957115 5.000000
v 23.771779 12.917467 5.000000
v 23.854452 12.867489 5.000000
v 23.930498 12.807911 5.000000
v 23.998809 12.739600 5.000000
v 24.058387 12.663554 5.000000
v 24.108365 12.580881 5.000000
v 24.148013 12.492786 5.000000
v 24.176753 12.400555 5.000000
v 24.194167 12.305532 5.000000
v 21.800000 12.209102 5.000000
v 21.805833 12.305532 5.000000
v 21.823247 12.400555 5.000000
v 21.851987 12.492786 5.000000
v 21.891635 12.580881 5.000000
v 21.941613 12.663554 5.000000
v 22.001191 12.739600 5.000000
v 22.069502 12.807911 5.000000
v 22.145548 12.867489 5.000000
v 22.228221 12.917467 5.000000
v 22.316316 12.957115 5.000000
v 22.408547 12.985856 5.000000
v 22.503571 13.003269 5.000000
v 22.600000 13.009102 5.000000
v 21.800000 11.009102 5.000000
v 3.200000 11.009102 5.000000
v 3.200000 12.209102 5.000000
v 3.194167 12.305532 5.000000
v 3.176753 12.400555 5.000000
v 3.148013 12.492786 5.000000
v 3.108365 12.580881 5.000000
v 3.058387 12.663554 5.000000
v 2.998809 12.739600 5.000000
v 2.930498 12.807911 5.000000
v 2.854452 12.867489 5.000000
v 2.771779 12.917467 5.000000
v 2.683684 12.957115 5.000000
v 2.591453 12.985856 5.000000
v 2.496429 13.003269 5.000000
v 2.400000 13.009102 5.000000
v 1.600000 13.009102 5.000000
v 1.503571 13.003269 5.000000
v 1.408547 12.985856 5.000000
v 1.316316 12.957115 5.000000
v 1.228221 12.917467 5.000000
v 1.145548 12.867489 5.000000
v 1.069502 12.807911 5.000000
v 1.001191 12.739600 5.000000
v 0.941613 12.663554 5.000000
v 0.891635 12.580881 5.000000
v 0.851987 12.492786 5.000000
v 0.823247 12.400555 5.000000
v 0.805833 12.305532 5.000000
v 0.800000 12.209102 5.000000
v 1.600000 6.609102 5.000000
v 1.600000 11.809102 5.000000
v 1.606077 11.878561 5.000000
v 1.624123 11.945910 5.000000
v 1.653590 12.009102 5.000000
v 1.693582 12.066217 5.000000
v 1.742885 12.115520 5.000000
v 1.800000 12.155512 5.000000
v 1.863192 12.184979 5.000000
v 1.930541 12.203025 5.000000
v 2.000000 12.209102 5.000000
v 2.069459 12.203025 5.000000
v 2.136808 12.184979 5.000000
v 2.200000 12.155512 5.000000
v 2.257115 12.115520 5.000000
v 2.306418 12.066217 5.000000
v 2.346410 12.009102 5.000000
v 2.375877 11.945910 5.000000
v 2.393923 11.878561 5.000000
v 2.400000 11.809102 5.000000
v 2.400000 6.609102 5.000000
v 2.393923 6.539643 5.000000
v 2.375877 6.472294 5.000000
v 2.346410 6.409102 5.000000
v 2.306418 6.351987 5.000000
v 2.257115 6.302684 5.000000
v 2.200000 6.262692 5.000000
v 2.136808 6.233225 5.000000
v 2.069459 6.215179 5.000000
v 2.000000 6.209102 5.000000
v 1.930541 6.215179 5.000000
v 1.863192 6.233225 5.000000
v 1.800000 6.262692 5.000000
v 1.742885 6.302684 5.000000
v 1.693582 6.351987 5.000000
v 1.653590 6.409102 5.000000
v 1.624123 6.472294 5.000000
v 1.606077 6.539643 5.000000
v 8.489066 4.413162 4.481540
v 8.409847 4.500439 4.585553
v 8.320208 4.583448 4.684479
v 8.220704 4.661675 4.777706
v 8.111949 4.734637 4.864658
v 7.994616 4.801883 4.944799
v 7.869428 4.862998 5.017633
v 7.737159 4.917604 5.082710
v 7.598627 4.965364 5.139628
v 7.454688 5.005983 5.188036
v 7.306230 5.039209 5.227634
v 7.154171 5.064839 5.258178
v 6.999450 5.082712 5.279479
v 6.843023 5.092720 5.291405
v 6.685856 5.094799 5.293883
v 6.528921 5.088938 5.286898
v 6.373187 5.075172 5.270492
v 6.219616 5.053586 5.244767
v 6.069156 5.024314 5.209883
v 5.922738 4.987537 5.166054
v 5.781266 4.943482 5.113550
v 5.645614 4.892421 5.052698
v 5.516620 4.834669 4.983872
v 5.395081 4.770583 4.907498
v 5.281747 4.700560 4.824047
v 5.177319 4.625031 4.734036
v 5.082443 4.544464 4.638019
v 4.997703 4.459356 4.536591
v 4.923625 4.370233 4.430379
v 19.817191 4.413162 4.481540
v 19.737972 4.500439 4.585553
v 19.648333 4.583448 4.684479
v 19.548829 4.661675 4.777706
v 19.440074 4.734637 4.864658
v 19.322741 4.801883 4.944799
v 19.197553 4.862998 5.017633
v 19.065284 4.917604 5.082710
v 18.926752 4.965364 5.139628
v 18.782813 5.005983 5.188036
v 18.634355 5.039209 5.227634
v 18.482296 5.064839 5.258178
v 18.327575 5.082712 5.279479
v 18.171148 5.092720 5.291405
v 18.013981 5.094799 5.293883
v 17.857046 5.088938 5.286898
v 17.701312 5.075172 5.270492
v 17.547741 5.053586 5.244767
v 17.397281 5.024314 5.209883
v 17.250863 4.987537 5.166054
v 17.109391 4.943482 5.113550
v 16.973739 4.892421 5.052698
v 16.844745 4.834669 4.983872
v 16.723206 4.770583 4.907498
v 16.609872 4.700560 4.824047
v 16.505444 4.625031 4.734036
v 16.410568 4.544464 4.638019
v 16.325828 4.459356 4.536591
v 16.251750 4.370233 4.430379
v 12.109375 9.311319 10.318936
v 12.103601 9.360022 10.376978
v 12.086411 9.407601 10.433680
v 12.058203 9.452956 10.487732
v 12.019629 9.495039 10.537885
v 11.971578 9.532879 10.582981
v 11.915162 9.565601 10.621978
v 11.851683 9.592451 10.653976
v 11.782607 9.612806 10.678235
v 11.709531 9.626199 10.694195
v 11.634140 9.632318 10.701488
v 11.558178 9.631023 10.699945
v 11.483398 9.622344 10.689602
v 11.411528 9.606481 10.670697
v 11.344228 9.583801 10.643667
v 11.283052 9.554827 10.609138
v 8.775008 8.166139 8.954164
v 8.659031 8.096588 8.871276
v 8.551994 8.021348 8.781609
v 8.454570 7.940893 8.685726
v 8.367370 7.855728 8.584230
v 8.290944 7.766389 8.477760
v 8.225773 7.673438 8.366985
v 8.172265 7.577460 8.252603
v 8.130758 7.479058 8.135332
v 8.101513 7.378851 8.015910
v 8.084714 7.277470 7.895089
v 8.080466 7.175551 7.773627
v 8.088796 7.073737 7.652290
v 8.109652 6.972668 7.531840
v 8.142902 6.872978 7.413035
v 8.188337 6.775296 7.296622
v 8.245673 6.680235 7.183333
v 8.314547 6.588394 7.073881
v 5.065730 6.647684 7.144540
v 5.129011 6.740799 7.255510
v 5.180653 6.836836 7.369962
v 5.220334 6.935195 7.487181
v 5.247806 7.035260 7.606435
v 5.262897 7.136408 7.726978
v 5.265514 7.238006 7.848058
v 5.255639 7.339420 7.968918
v 5.233334 7.440015 8.088803
v 5.198739 7.539164 8.206964
v 5.152070 7.636247 8.322662
v 5.093618 7.730657 8.435176
v 5.023749 7.821805 8.543802
v 4.942899 7.909121 8.647862
v 4.851572 7.992060 8.746705
v 4.750341 8.070104 8.839714
v 4.639837 8.142765 8.926308
v 2.405949 9.499932 10.543716
v 2.345650 9.531249 10.581039
v 2.278546 9.556200 10.610773
v 2.206247 9.574182 10.632204
v 2.130493 9.584765 10.644817
v 2.053105 9.587694 10.648307
v 1.975942 9.582898 10.642592
v 1.900861 9.570493 10.627808
v 1.829664 9.550777 10.604311
v 1.764065 9.524224 10.572666
v 1.705640 9.491472 10.533634
v 1.655794 9.453308 10.488152
v 1.615724 9.410650 10.437314
v 1.586394 9.364524 10.382343
v 1.568510 9.316038 10.324559
v 1.562500 9.266357 10.265353
v 0.006156 11.360689 12.761280
v 0.024472 11.409728 12.819722
v 0.054497 11.456321 12.875250
v 0.095492 11.499322 12.926497
v 0.146447 11.537671 12.972199
v 0.206107 11.570425 13.011233
v 0.273005 11.596776 13.042637
v 0.345492 11.616075 13.065638
v 0.421783 11.627849 13.079668
v 0.500000 11.631805 13.084384
v 24.500000 11.631805 13.084384
v 24.578217 11.627849 13.079668
v 24.654508 11.616075 13.065638
v 24.726995 11.596776 13.042637
v 24.793893 11.570425 13.011233
v 24.853553 11.537671 12.972199
v 24.904508 11.499322 12.926497
v 24.945503 11.456321 12.875250
v 24.975528 11.409728 12.819722
v 24.993844 11.360689 12.761280
v 25.000000 11.310412 12.701362
v 23.437500 9.311319 10.318936
v 23.431726 9.360022 10.376978
v 23.414536 9.407601 10.433680
v 23.386328 9.452956 10.487732
v 23.347754 9.495039 10.537885
v 23.299703 9.532879 10.582981
v 23.243287 9.565601 10.621978
v 23.179808 9.592451 10.653976
v 23.110732 9.612806 10.678235
v 23.037656 9.626199 10.694195
v 22.962265 9.632318 10.701488
v 22.886303 9.631023 10.699945
v 22.811523 9.622344 10.689602
v 22.739653 9.606481 10.670697
v 22.672353 9.583801 10.643667
v 22.611177 9.554827 10.609138
v 20.103133 8.166139 8.954164
v 19.987156 8.096588 8.871276
v 19.880119 8.021348 8.781609
v 19.782695 7.940893 8.685726
v 19.695495 7.855728 8.584230
v 19.619069 7.766389 8.477760
v 19.553898 7.673438 8.366985
v 19.500390 7.577460 8.252603
v 19.458883 7.479058 8.135332
v 19.429638 7.378851 8.015910
v 19.412839 7.277470 7.895089
v 19.408591 7.175551 7.773627
v 19.416921 7.073737 7.652290
v 19.437777 6.972668 7.531840
v 19.471027 6.872978 7.413035
v 19.516462 6.775296 7.296622
v 19.573798 6.680235 7.183333
v 19.642672 6.588394 7.073881
v 16.393855 6.647684 7.144540
v 16.457136 6.740799 7.255510
v 16.508778 6.836836 7.369962
v 16.548459 6.935195 7.487181
v 16.575931 7.035260 7.606435
v 16.591022 7.136408 7.726978
v 16.593639 7.238006 7.848058
v 16.583764 7.339420 7.968918
v 16.561459 7.440015 8.088803
v 16.526864 7.539164 8.206964
v 16.480195 7.636247 8.322662
v 16.421743 7.730657 8.435176
v 16.351874 7.821805 8.543802
v 16.271024 7.909121 8.647862
v 16.179697 7.992060 8.746705
v 16.078466 8.070104 8.839714
v 15.967962 8.142765 8.926308
v 13.734074 9.499932 10.543716
v 13.673775 9.531249 10.581039
v 13.606671 9.556200 10.610773
v 13.534372 9.574182 10.632204
v 13.458618 9.584765 10.644817
v 13.381230 9.587694 10.648307
v 13.304067 9.582898 10.642592
v 13.228986 9.570493 10.627808
v 13.157789 9.550777 10.604311
v 13.092190 9.524224 10.572666
v 13.033765 9.491472 10.533634
v 12.983919 9.453308 10.488152
v 12.943849 9.410650 10.437314
v 12.914519 9.364524 10.382343
v 12.896635 9.316038 10.324559
v 12.890625 9.266357 10.265353
v 21.029852 10.694407 11.967236
v 15.208630 10.694407 11.967236
v 15.129485 10.690355 11.962407
v 15.052335 10.678301 11.948042
v 14.979127 10.658550 11.924503
v 14.911705 10.631599 11.892384
v 14.851770 10.598127 11.852495
v 14.800833 10.558980 11.805840
v 14.760179 10.515143 11.753598
v 14.730833 10.467723 11.697085
v 14.713533 10.417915 11.637725
v 14.708718 10.366974 11.577017
v 14.716508 10.316186 11.516489
v 14.736706 10.266830 11.457670
v 14.768804 10.220152 11.402041
v 14.811992 10.177328 11.351006
v 14.865181 10.139439 11.305851
v 16.657098 9.050785 10.008444
v 16.773411 8.985400 9.930521
v 16.897229 8.925983 9.859710
v 17.027814 8.872887 9.796433
v 17.164387 8.826429 9.741067
v 17.306132 8.786888 9.693943
v 17.452202 8.754498 9.655343
v 17.601727 8.729454 9.625496
v 17.753814 8.711904 9.604581
v 17.907554 8.701954 9.592723
v 18.062030 8.699663 9.589993
v 18.216321 8.705045 9.596406
v 18.369505 8.718066 9.611925
v 18.520668 8.738651 9.636457
v 18.668907 8.766676 9.669855
v 18.813338 8.801973 9.711921
v 18.953099 8.844332 9.762402
v 19.087355 8.893500 9.820998
v 19.215305 8.949183 9.887359
v 19.336186 9.011050 9.961089
v 21.356175 10.129505 11.294012
v 21.409744 10.164050 11.335181
v 21.454562 10.203408 11.382087
v 21.489600 10.246673 11.433647
v 21.514048 10.292847 11.488675
v 21.527345 10.340867 11.545904
v 21.529183 10.389628 11.604015
v 21.519522 10.438007 11.661670
v 21.498582 10.484888 11.717541
v 21.466847 10.529193 11.770341
v 21.425047 10.569900 11.818855
v 21.374145 10.606073 11.861964
v 21.315314 10.636878 11.898676
v 21.249908 10.661606 11.928146
v 21.179433 10.679688 11.949694
v 21.105514 10.690706 11.962825
v 9.701727 10.694407 11.967236
v 3.880505 10.694407 11.967236
v 3.801360 10.690355 11.962407
v 3.724210 10.678301 11.948042
v 3.651002 10.658550 11.924503
v 3.583580 10.631599 11.892384
v 3.523645 10.598127 11.852495
v 3.472708 10.558980 11.805840
v 3.432054 10.515143 11.753598
v 3.402708 10.467723 11.697085
v 3.385408 10.417915 11.637725
v 3.380593 10.366974 11.577017
v 3.388383 10.316186 11.516489
v 3.408581 10.266830 11.457670
v 3.440679 10.220152 11.402041
v 3.483867 10.177328 11.351006
v 3.537056 10.139439 11.305851
v 5.328973 9.050785 10.008444
v 5.445286 8.985400 9.930521
v 5.569104 8.925983 9.859710
v 5.699689 8.872887 9.796433
v 5.836262 8.826429 9.741067
v 5.978007 8.786888 9.693943
v 6.124077 8.754498 9.655343
v 6.273602 8.729454 9.625496
v 6.425689 8.711904 9.604581
v 6.579429 8.701954 9.592723
v 6.733905 8.699663 9.589993
v 6.888196 8.705045 9.596406
v 7.041380 8.718066 9.611925
v 7.192543 8.738651 9.636457
v 7.340782 8.766676 9.669855
v 7.485213 8.801973 9.711921
v 7.624974 8.844332 9.762402
v 7.759230 8.893500 9.820998
v 7.887180 8.949183 9.887359
v 8.008061 9.011050 9.961089
v 10.028050 10.129505 11.294012
v 10.081619 10.164050 11.335181
v 10.126437 10.203408 11.382087
v 10.161475 10.246673 11.433647
v 10.185923 10.292847 11.488675
v 10.199220 10.340867 11.545904
v 10.201058 10.389628 11.604015
v 10.191397 10.438007 11.661670
v 10.170457 10.484888 11.717541
v 10.138722 10.529193 11.770341
v 10.096922 10.569900 11.818855
v 10.046020 10.606073 11.861964
v 9.987189 10.636878 11.898676
v 9.921783 10.661606 11.928146
v 9.851308 10.679688 11.949694
v 9.777389 10.690706 11.962825
v 24.500000 11.248783 13.405778
v 24.578217 11.244826 13.401062
v 24.654508 11.233053 13.387031
v 24.726995 11.213753 13.364031
v 24.793893 11.187402 13.332627
v 24.853553 11.154649 13.293593
v 24.904508 11.116300 13.247890
v 24.945503 11.073299 13.196644
v 24.975528 11.026706 13.141116
v 24.993844 10.977666 13.082673
v 25.000000 10.927389 13.022756
v 0.500000 11.248783 13.405778
v 0.421783 11.244826 13.401062
v 0.345492 11.233053 13.387031
v 0.273005 11.213753 13.364031
v 0.206107 11.187402 13.332627
v 0.146447 11.154649 13.293593
v 0.095492 11.116300 13.247890
v 0.054497 11.073299 13.196644
v 0.024472 11.026706 13.141116
v 0.006156 10.977666 13.082673
v 25.000000 0.000000 0.000000
v 12.109375 8.928297 10.640330
v 12.109375 2.908074 3.465707
v 12.103300 2.858125 3.406181
v 12.085222 2.809391 3.348102
v 12.055581 2.763054 3.292880
v 12.015097 2.720242 3.241858
v 11.964754 2.681994 3.196276
v 11.905775 2.649239 3.157241
v 11.839594 2.622775 3.125701
v 11.767818 2.603243 3.102425
v 11.692191 2.591119 3.087976
v 11.614553 2.586697 3.082706
v 11.536788 2.590085 3.086743
v 11.460788 2.601199 3.099989
v 11.388398 2.619771 3.122122
v 11.321378 2.645349 3.152604
v 11.261356 2.677311 3.190695
v 11.209791 2.714881 3.235469
v 11.167937 2.757145 3.285838
v 8.314547 6.205372 7.395274
v 8.245673 6.297213 7.504726
v 8.188337 6.392274 7.618015
v 8.142902 6.489956 7.734429
v 8.109652 6.589646 7.853234
v 8.088796 6.690715 7.973684
v 8.080466 6.792529 8.095021
v 8.084714 6.894447 8.216482
v 8.101513 6.995829 8.337304
v 8.130758 7.096035 8.456726
v 8.172265 7.194437 8.573997
v 8.225773 7.290416 8.688379
v 8.290944 7.383367 8.799154
v 8.367370 7.472706 8.905624
v 8.454570 7.557871 9.007119
v 8.551994 7.638326 9.103003
v 8.659031 7.713566 9.192670
v 8.775008 7.783117 9.275558
v 11.283052 9.171805 10.930531
v 11.344228 9.200779 10.965061
v 11.411528 9.223459 10.992091
v 11.483398 9.239322 11.010995
v 11.558178 9.248001 11.021339
v 11.634140 9.249296 11.022882
v 11.709531 9.243177 11.015589
v 11.782607 9.229784 10.999629
v 11.851683 9.209428 10.975369
v 11.915162 9.182579 10.943372
v 11.971578 9.149857 10.904375
v 12.019629 9.112017 10.859279
v 12.058203 9.069934 10.809126
v 12.086411 9.024579 10.755074
v 12.103601 8.977000 10.698372
v 3.880505 10.311385 12.288630
v 9.701727 10.311385 12.288630
v 9.777389 10.307683 12.284219
v 9.851308 10.296665 12.271088
v 9.921783 10.278584 12.249540
v 9.987189 10.253856 12.220070
v 10.046020 10.223051 12.183358
v 10.096922 10.186878 12.140248
v 10.138722 10.146170 12.091735
v 10.170457 10.101866 12.038935
v 10.191397 10.054984 11.983064
v 10.201058 10.006606 11.925409
v 10.199220 9.957845 11.867298
v 10.185923 9.909825 11.810069
v 10.161475 9.863650 11.755041
v 10.126437 9.820386 11.703480
v 10.081619 9.781028 11.656575
v 10.028050 9.746483 11.615406
v 8.008061 8.628028 10.282483
v 7.887180 8.566161 10.208753
v 7.759230 8.510477 10.142392
v 7.624974 8.461309 10.083796
v 7.485213 8.418950 10.033314
v 7.340782 8.383653 9.991249
v 7.192543 8.355629 9.957851
v 7.041380 8.335044 9.933319
v 6.888196 8.322022 9.917800
v 6.733905 8.316641 9.911387
v 6.579429 8.318932 9.914117
v 6.425689 8.328882 9.925975
v 6.273602 8.346432 9.946890
v 6.124077 8.371476 9.976736
v 5.978007 8.403865 10.015337
v 5.836262 8.443407 10.062461
v 5.699689 8.489864 10.117826
v 5.569104 8.542960 10.181104
v 5.445286 8.602378 10.251915
v 5.328973 8.667763 10.329838
v 3.537056 9.756416 11.627244
v 3.483867 9.794306 11.672399
v 3.440679 9.837130 11.723435
v 3.408581 9.883808 11.779064
v 3.388383 9.933163 11.837883
v 3.380593 9.983952 11.898410
v 3.385408 10.034892 11.959119
v 3.402708 10.084701 12.018478
v 3.432054 10.132121 12.074992
v 3.472708 10.175958 12.127234
v 3.523645 10.215105 12.173888
v 3.583580 10.248577 12.213778
v 3.651002 10.275528 12.245897
v 3.724210 10.295279 12.269436
v 3.801360 10.307333 12.283801
v 8.489066 4.030140 4.802934
v 10.657449 1.409721 1.680040
v 10.688966 1.363062 1.624434
v 10.708635 1.313792 1.565717
v 10.715965 1.263145 1.505357
v 10.710772 1.212388 1.444868
v 10.693185 1.162793 1.385763
v 10.663646 1.115604 1.329525
v 10.622894 1.072001 1.277561
v 10.571950 1.033077 1.231173
v 10.512090 0.999806 1.191523
v 10.444814 0.973024 1.159604
v 10.371807 0.953399 1.136216
v 10.294897 0.941424 1.121945
v 10.216011 0.937399 1.117148
v 3.421616 0.937399 1.117148
v 3.344153 0.941279 1.121773
v 3.268560 0.952827 1.135535
v 3.196664 0.971763 1.158102
v 3.130200 0.997630 1.188929
v 3.070772 1.029804 1.227273
v 3.019817 1.067507 1.272206
v 2.978565 1.109830 1.322643
v 2.948011 1.155749 1.377368
v 2.928893 1.204157 1.435058
v 2.921674 1.253884 1.494321
v 2.926527 1.303730 1.553725
v 2.943336 1.352490 1.611835
v 2.971694 1.398988 1.667249
v 4.923625 3.987210 4.751772
v 4.997703 4.076334 4.857985
v 5.082443 4.161442 4.959413
v 5.177319 4.242009 5.055429
v 5.281747 4.317538 5.145441
v 5.395081 4.387561 5.228892
v 5.516620 4.451647 5.305266
v 5.645614 4.509398 5.374092
v 5.781266 4.560460 5.434944
v 5.922738 4.604515 5.487447
v 6.069156 4.641292 5.531277
v 6.219616 4.670564 5.566161
v 6.373187 4.692149 5.591886
v 6.528921 4.705915 5.608292
v 6.685856 4.711777 5.615277
v 6.843023 4.709697 5.612799
v 6.999450 4.699690 5.600872
v 7.154171 4.681816 5.579571
v 7.306230 4.656187 5.549028
v 7.454688 4.622960 5.509430
v 7.598627 4.582341 5.461022
v 7.737159 4.534581 5.404104
v 7.869428 4.479975 5.339027
v 7.994616 4.418861 5.266193
v 8.111949 4.351614 5.186052
v 8.220704 4.278653 5.099100
v 8.320208 4.200426 5.005872
v 8.409847 4.117417 4.906947
v 5.065730 6.264662 7.465934
v 2.512422 2.879026 3.431090
v 2.472429 2.835203 3.378864
v 2.422192 2.795978 3.332117
v 2.362967 2.762333 3.292020
v 2.296233 2.735107 3.259573
v 2.223657 2.714981 3.235588
v 2.147055 2.702458 3.220663
v 2.068339 2.697850 3.215173
v 1.989478 2.701275 3.219254
v 1.912441 2.712644 3.232803
v 1.839154 2.731675 3.255484
v 1.771449 2.757892 3.286728
v 1.711017 2.790639 3.325755
v 1.659369 2.829099 3.371589
v 1.617795 2.872310 3.423086
v 1.587334 2.919192 3.478958
v 1.568748 2.968575 3.537809
v 1.562500 3.019222 3.598169
v 1.562500 8.883335 10.586746
v 1.568510 8.933015 10.645953
v 1.586394 8.981502 10.703737
v 1.615724 9.027628 10.758708
v 1.655794 9.070286 10.809546
v 1.705640 9.108449 10.855027
v 1.764065 9.141202 10.894060
v 1.829664 9.167755 10.925705
v 1.900861 9.187471 10.949202
v 1.975942 9.199876 10.963986
v 2.053105 9.204672 10.969701
v 2.130493 9.201743 10.966211
v 2.206247 9.191160 10.953598
v 2.278546 9.173178 10.932167
v 2.345650 9.148227 10.902433
v 2.405949 9.116909 10.865109
v 4.639837 7.759743 9.247701
v 4.750341 7.687082 9.161108
v 4.851572 7.609038 9.068099
v 4.942899 7.526099 8.969256
v 5.023749 7.438783 8.865196
v 5.093618 7.347635 8.756570
v 5.152070 7.253224 8.644056
v 5.198739 7.156142 8.528357
v 5.233334 7.056993 8.410196
v 5.255639 6.956397 8.290312
v 5.265514 6.854984 8.169452
v 5.262897 6.753386 8.048372
v 5.247806 6.652238 7.927829
v 5.220334 6.552172 7.808575
v 5.180653 6.453814 7.691356
v 5.129011 6.357777 7.576904
v 19.817191 4.030140 4.802934
v 21.985574 1.409721 1.680040
v 22.017091 1.363062 1.624434
v 22.036760 1.313792 1.565717
v 22.044090 1.263145 1.505357
v 22.038897 1.212388 1.444868
v 22.021310 1.162793 1.385763
v 21.991771 1.115604 1.329525
v 21.951019 1.072001 1.277561
v 21.900075 1.033077 1.231173
v 21.840215 0.999806 1.191523
v 21.772939 0.973024 1.159604
v 21.699932 0.953399 1.136216
v 21.623022 0.941424 1.121945
v 21.544136 0.937399 1.117148
v 14.749741 0.937399 1.117148
v 14.672278 0.941279 1.121773
v 14.596685 0.952827 1.135535
v 14.524789 0.971763 1.158102
v 14.458325 0.997630 1.188929
v 14.398897 1.029804 1.227273
v 14.347942 1.067507 1.272206
v 14.306690 1.109830 1.322643
v 14.276136 1.155749 1.377368
v 14.257018 1.204157 1.435058
v 14.249799 1.253884 1.494321
v 14.254652 1.303730 1.553725
v 14.271461 1.352490 1.611835
v 14.299819 1.398988 1.667249
v 16.251750 3.987210 4.751772
v 16.325828 4.076334 4.857985
v 16.410568 4.161442 4.959413
v 16.505444 4.242009 5.055429
v 16.609872 4.317538 5.145441
v 16.723206 4.387561 5.228892
v 16.844745 4.451647 5.305266
v 16.973739 4.509398 5.374092
v 17.109391 4.560460 5.434944
v 17.250863 4.604515 5.487447
v 17.397281 4.641292 5.531277
v 17.547741 4.670564 5.566161
v 17.701312 4.692149 5.591886
v 17.857046 4.705915 5.608292
v 18.013981 4.711777 5.615277
v 18.171148 4.709697 5.612799
v 18.327575 4.699690 5.600872
v 18.482296 4.681816 5.579571
v 18.634355 4.656187 5.549028
v 18.782813 4.622960 5.509430
v 18.926752 4.582341 5.461022
v 19.065284 4.534581 5.404104
v 19.197553 4.479975 5.339027
v 19.322741 4.418861 5.266193
v 19.440074 4.351614 5.186052
v 19.548829 4.278653 5.099100
v 19.648333 4.200426 5.005872
v 19.737972 4.117417 4.906947
v 15.208630 10.311385 12.288630
v 21.029852 10.311385 12.288630
v 21.105514 10.307683 12.284219
v 21.179433 10.296665 12.271088
v 21.249908 10.278584 12.249540
v 21.315314 10.253856 12.220070
v 21.374145 10.223051 12.183358
v 21.425047 10.186878 12.140248
v 21.466847 10.146170 12.091735
v 21.498582 10.101866 12.038935
v 21.519522 10.054984 11.983064
v 21.529183 10.006606 11.925409
v 21.527345 9.957845 11.867298
v 21.514048 9.909825 11.810069
v 21.489600 9.863650 11.755041
v 21.454562 9.820386 11.703480
v 21.409744 9.781028 11.656575
v 21.356175 9.746483 11.615406
v 19.336186 8.628028 10.282483
v 19.215305 8.566161 10.208753
v 19.087355 8.510477 10.142392
v 18.953099 8.461309 10.083796
v 18.813338 8.418950 10.033314
v 18.668907 8.383653 9.991249
v 18.520668 8.355629 9.957851
v 18.369505 8.335044 9.933319
v 18.216321 8.322022 9.917800
v 18.062030 8.316641 9.911387
v 17.907554 8.318932 9.914117
v 17.753814 8.328882 9.925975
v 17.601727 8.346432 9.946890
v 17.452202 8.371476 9.976736
v 17.306132 8.403865 10.015337
v 17.164387 8.443407 10.062461
v 17.027814 8.489864 10.117826
v 16.897229 8.542960 10.181104
v 16.773411 8.602378 10.251915
v 16.657098 8.667763 10.329838
v 14.865181 9.756416 11.627244
v 14.811992 9.794306 11.672399
v 14.768804 9.837130 11.723435
v 14.736706 9.883808 11.779064
v 14.716508 9.933163 11.837883
v 14.708718 9.983952 11.898410
v 14.713533 10.034892 11.959119
v 14.730833 10.084701 12.018478
v 14.760179 10.132121 12.074992
v 14.800833 10.175958 12.127234
v 14.851770 10.215105 12.173888
v 14.911705 10.248577 12.213778
v 14.979127 10.275528 12.245897
v 15.052335 10.295279 12.269436
v 15.129485 10.307333 12.283801
v 16.393855 6.264662 7.465934
v 13.840547 2.879026 3.431090
v 13.800554 2.835203 3.378864
v 13.750317 2.795978 3.332117
v 13.691092 2.762333 3.292020
v 13.624358 2.735107 3.259573
v 13.551782 2.714981 3.235588
v 13.475180 2.702458 3.220663
v 13.396464 2.697850 3.215173
v 13.317603 2.701275 3.219254
v 13.240566 2.712644 3.232803
v 13.167279 2.731675 3.255484
v 13.099574 2.757892 3.286728
v 13.039142 2.790639 3.325755
v 12.987494 2.829099 3.371589
v 12.945920 2.872310 3.423086
v 12.915459 2.919192 3.478958
v 12.896873 2.968575 3.537809
v 12.890625 3.019222 3.598169
v 12.890625 8.883335 10.586746
v 12.896635 8.933015 10.645953
v 12.914519 8.981502 10.703737
v 12.943849 9.027628 10.758708
v 12.983919 9.070286 10.809546
v 13.033765 9.108449 10.855027
v 13.092190 9.141202 10.894060
v 13.157789 9.167755 10.925705
v 13.228986 9.187471 10.949202
v 13.304067 9.199876 10.963986
v 13.381230 9.204672 10.969701
v 13.458618 9.201743 10.966211
v 13.534372 9.191160 10.953598
v 13.606671 9.173178 10.932167
v 13.673775 9.148227 10.902433
v 13.734074 9.116909 10.865109
v 15.967962 7.759743 9.247701
v 16.078466 7.687082 9.161108
v 16.179697 7.609038 9.068099
v 16.271024 7.526099 8.969256
v 16.351874 7.438783 8.865196
v 16.421743 7.347635 8.756570
v 16.480195 7.253224 8.644056
v 16.526864 7.156142 8.528357
v 16.561459 7.056993 8.410196
v 16.583764 6.956397 8.290312
v 16.593639 6.854984 8.169452
v 16.591022 6.753386 8.048372
v 16.575931 6.652238 7.927829
v 16.548459 6.552172 7.808575
v 16.508778 6.453814 7.691356
v 16.457136 6.357777 7.576904
v 23.437500 8.928297 10.640330
v 23.437500 2.908074 3.465707
v 23.431425 2.858125 3.406181
v 23.413347 2.809391 3.348102
v 23.383706 2.763054 3.292880
v 23.343222 2.720242 3.241858
v 23.292879 2.681994 3.196276
v 23.233900 2.649239 3.157241
v 23.167719 2.622775 3.125701
v 23.095943 2.603243 3.102425
v 23.020316 2.591119 3.087976
v 22.942678 2.586697 3.082706
v 22.864913 2.590085 3.086743
v 22.788913 2.601199 3.099989
v 22.716523 2.619771 3.122122
v 22.649503 2.645349 3.152604
v 22.589481 2.677311 3.190695
v 22.537916 2.714881 3.235469
v 22.496062 2.757145 3.285838
v 19.642672 6.205372 7.395274
v 19.573798 6.297213 7.504726
v 19.516462 6.392274 7.618015
v 19.471027 6.489956 7.734429
v 19.437777 6.589646 7.853234
v 19.416921 6.690715 7.973684
v 19.408591 6.792529 8.095021
v 19.412839 6.894447 8.216482
v 19.429638 6.995829 8.337304
v 19.458883 7.096035 8.456726
v 19.500390 7.194437 8.573997
v 19.553898 7.290416 8.688379
v 19.619069 7.383367 8.799154
v 19.695495 7.472706 8.905624
v 19.782695 7.557871 9.007119
v 19.880119 7.638326 9.103003
v 19.987156 7.713566 9.192670
v 20.103133 7.783117 9.275558
v 22.611177 9.171805 10.930531
v 22.672353 9.200779 10.965061
v 22.739653 9.223459 10.992091
v 22.811523 9.239322 11.010995
v 22.886303 9.248001 11.021339
v 22.962265 9.249296 11.022882
v 23.037656 9.243177 11.015589
v 23.110732 9.229784 10.999629
v 23.179808 9.209428 10.975369
v 23.243287 9.182579 10.943372
v 23.299703 9.149857 10.904375
v 23.347754 9.112017 10.859279
v 23.386328 9.069934 10.809126
v 23.414536 9.024579 10.755074
v 23.431726 8.977000 10.698372
v 25.000000 -0.311255 0.718067
v 25.000000 -0.536231 0.449951
vt 1.000000 0.174715 0.000000
vt 0.000000 0.174715 0.000000
vt 1.000000 0.104829 0.000000
vt 0.000000 0.104829 0.000000
vt 1.000000 0.034943 0.000000
vt -0.000000 0.034943 0.000000
vt 1.000000 -0.034943 0.000000
vt -0.000000 -0.034943 0.000000
vt 1.000000 -0.104829 0.000000
vt -0.000000 -0.104829 0.000000
vt 1.000000 -0.174715 0.000000
vt 0.000000 -0.174715 0.000000
vt -1.000000 -1.047908 0.000000
vt -0.000000 -1.047908 0.000000
vt -1.000000 -0.973058 0.000000
vt 0.000000 -0.973058 0.000000
vt -1.000000 -0.898207 0.000000
vt -0.000000 -0.898207 0.000000
vt -1.000000 -0.823357 0.000000
vt -0.000000 -0.823357 0.000000
vt -1.000000 -0.748506 0.000000
vt 0.000000 -0.748506 0.000000
vt -1.000000 -0.673655 0.000000
vt -0.000000 -0.673655 0.000000
vt -1.000000 -0.598805 0.000000
vt -0.000000 -0.598805 0.000000
vt -1.000000 -0.523954 0.000000
vt -0.000000 -0.523954 0.000000
vt -1.000000 -0.449104 0.000000
vt -0.000000 -0.449104 0.000000
vt -1.000000 -0.374253 0.000000
vt -0.000000 -0.374253 0.000000
vt -1.000000 -0.299402 0.000000
vt -0.000000 -0.299402 0.000000
vt -1.000000 -0.224552 0.000000
vt -0.000000 -0.224552 0.000000
vt -1.000000 -0.149701 0.000000
vt -0.000000 -0.149701 0.000000
vt -1.000000 -0.074851 0.000000
vt -0.000000 -0.074851 0.000000
vt -1.000000 0.000000 0.000000
vt -0.000000 0.000000 0.000000
vt 0.000000 0.174715 0.000000
vt -1.000000 0.174715 0.000000
vt 0.000000 0.104829 0.000000
vt -1.000000 0.104829 0.000000
vt -0.000000 0.034943 0.000000
vt -1.000000 0.034943 0.000000
vt -0.000000 -0.034943 0.000000
vt -1.000000 -0.034943 0.000000
vt -0.000000 -0.104829 0.000000
vt -1.000000 -0.104829 0.000000
vt 0.000000 -0.174715 0.000000
vt -1.000000 -0.174715 0.000000
vt -0.000000 -0.444348 0.000000
vt -1.000000 -0.444348 0.000000
vt -0.000000 -0.519199 0.000000
vt -1.000000 -0.519199 0.000000
vt -0.000000 -0.594049 0.000000
vt -1.000000 -0.594049 0.000000
vt -0.000000 -0.668900 0.000000
vt -1.000000 -0.668900 0.000000
vt -0.000000 -0.743751 0.000000
vt -1.000000 -0.743751 0.000000
vt -0.000000 -0.818601 0.000000
vt -1.000000 -0.818601 0.000000
vt -0.000000 -0.893452 0.000000
vt -1.000000 -0.893452 0.000000
vt -0.000000 -0.968302 0.000000
vt -1.000000 -0.968302 0.000000
vt -0.000000 -1.043153 0.000000
vt -1.000000 -1.043153 0.000000
vt -0.000000 -1.118004 0.000000
vt -1.000000 -1.118004 0.000000
vt -0.000000 -1.192854 0.000000
vt -1.000000 -1.192854 0.000000
vt -0.000000 -1.267705 0.000000
vt -1.000000 -1.267705 0.000000
vt -0.000000 -1.342555 0.000000
vt -1.000000 -1.342555 0.000000
vt -0.000000 -1.417406 0.000000
vt -1.000000 -1.417406 0.000000
vt -0.000000 -1.492257 0.000000
vt -1.000000 -1.492257 0.000000
vt -0.608276 0.500000 0.000000
vt -0.375000 0.500000 0.000000
vt -0.538578 0.504434 0.000000
vt -0.470004 0.517665 0.000000
vt -0.403659 0.539479 0.000000
vt -0.340614 0.569524 0.000000
vt -0.210662 0.401767 0.000000
vt -0.281884 0.607317 0.000000
vt -0.176767 0.435662 0.000000
vt -0.218395 0.646816 0.000000
vt -0.137500 0.463157 0.000000
vt -0.149494 0.675862 0.000000
vt -0.094056 0.483415 0.000000
vt -0.076888 0.693736 0.000000
vt -0.047753 0.495822 0.000000
vt -0.002378 0.699994 0.000000
vt -0.000000 0.500000 0.000000
vt 0.047753 0.495822 0.000000
vt -0.375000 -0.500000 0.000000
vt -0.275000 0.225000 0.000000
vt -0.270822 0.272753 0.000000
vt -0.258415 0.319056 0.000000
vt -0.608276 -0.500000 0.000000
vt -0.538578 -0.504434 0.000000
vt -0.470004 -0.517665 0.000000
vt -0.403659 -0.539479 0.000000
vt -0.340614 -0.569524 0.000000
vt -0.210662 -0.401767 0.000000
vt -0.238157 -0.362500 0.000000
vt -0.281884 -0.607317 0.000000
vt -0.176767 -0.435662 0.000000
vt -0.218395 -0.646816 0.000000
vt -0.137500 -0.463157 0.000000
vt -0.149494 -0.675862 0.000000
vt -0.094056 -0.483415 0.000000
vt -0.076888 -0.693736 0.000000
vt -0.047753 -0.495822 0.000000
vt -0.002378 -0.699994 0.000000
vt -0.000000 -0.500000 0.000000
vt 0.047753 -0.495822 0.000000
vt 0.072192 -0.694482 0.000000
vt 0.094056 -0.483415 0.000000
vt 0.144973 -0.677336 0.000000
vt 0.137500 -0.463157 0.000000
vt 0.214161 -0.648981 0.000000
vt 0.176767 -0.435662 0.000000
vt 0.278043 -0.610120 0.000000
vt 0.210662 -0.401767 0.000000
vt 0.335034 -0.561715 0.000000
vt 0.238157 -0.362500 0.000000
vt 0.383723 -0.504967 0.000000
vt 0.258415 -0.319056 0.000000
vt 0.422904 -0.441281 0.000000
vt 0.451605 -0.372235 0.000000
vt 0.270822 -0.272753 0.000000
vt 0.469115 -0.299541 0.000000
vt 0.275000 -0.225000 0.000000
vt 0.475000 -0.225000 0.000000
vt 0.275000 0.225000 0.000000
vt 0.475000 0.225000 0.000000
vt 0.469115 0.299541 0.000000
vt 0.270822 0.272753 0.000000
vt 0.451605 0.372235 0.000000
vt 0.258415 0.319056 0.000000
vt 0.422904 0.441281 0.000000
vt 0.383723 0.504967 0.000000
vt 0.238157 0.362500 0.000000
vt 0.335034 0.561715 0.000000
vt 0.210662 0.401767 0.000000
vt 0.278043 0.610120 0.000000
vt 0.176767 0.435662 0.000000
vt 0.214161 0.648981 0.000000
vt 0.137500 0.463157 0.000000
vt 0.144973 0.677336 0.000000
vt 0.094056 0.483415 0.000000
vt 0.072192 0.694482 0.000000
vt -0.238157 0.362500 0.000000
vt -0.258415 -0.319056 0.000000
vt -0.270822 -0.272753 0.000000
vt -0.275000 -0.225000 0.000000
vt 0.000000 0.000000 0.000000
vt 0.450000 0.000000 0.000000
vt 0.000000 1.000000 0.000000
vt 0.450000 1.000000 0.000000
vt 1.000000 0.000000 0.000000
vt 0.000000 0.000000 0.000000
vt 1.000000 -0.047997 0.000000
vt 0.000000 -0.047997 0.000000
vt 1.000000 -0.095993 0.000000
vt 0.000000 -0.095993 0.000000
vt 1.000000 -0.143990 0.000000
vt -0.000000 -0.143990 0.000000
vt 1.000000 -0.191986 0.000000
vt 0.000000 -0.191986 0.000000
vt 1.000000 -0.239983 0.000000
vt 0.000000 -0.239983 0.000000
vt 1.000000 -0.287979 0.000000
vt 0.000000 -0.287979 0.000000
vt 1.000000 -0.335976 0.000000
vt 0.000000 -0.335976 0.000000
vt 1.000000 -0.383972 0.000000
vt -0.000000 -0.383972 0.000000
vt 1.000000 -0.431969 0.000000
vt 0.000000 -0.431969 0.000000
vt 1.000000 -0.479966 0.000000
vt -0.000000 -0.479966 0.000000
vt 1.000000 -0.527962 0.000000
vt -0.000000 -0.527962 0.000000
vt 1.000000 -0.575959 0.000000
vt -0.000000 -0.575959 0.000000
vt 1.000000 -0.623955 0.000000
vt -0.000000 -0.623955 0.000000
vt 1.000000 -0.671952 0.000000
vt -0.000000 -0.671952 0.000000
vt 1.000000 -0.719948 0.000000
vt -0.000000 -0.719948 0.000000
vt 1.000000 -0.767945 0.000000
vt -0.000000 -0.767945 0.000000
vt 1.000000 -0.815941 0.000000
vt -0.000000 -0.815941 0.000000
vt 1.000000 -0.863938 0.000000
vt 0.000000 -0.863938 0.000000
vt -0.000000 0.000000 0.000000
vt 0.450000 0.000000 0.000000
vt 0.000000 1.000000 0.000000
vt 0.450000 1.000000 0.000000
vt 1.000000 0.000000 0.000000
vt 0.000000 0.000000 0.000000
vt 1.000000 -0.047997 0.000000
vt 0.000000 -0.047997 0.000000
vt 1.000000 -0.095993 0.000000
vt 0.000000 -0.095993 0.000000
vt 1.000000 -0.143990 0.000000
vt -0.000000 -0.143990 0.000000
vt 1.000000 -0.191986 0.000000
vt 0.000000 -0.191986 0.000000
vt 1.000000 -0.239983 0.000000
vt 0.000000 -0.239983 0.000000
vt 1.000000 -0.287979 0.000000
vt 0.000000 -0.287979 0.000000
vt 1.000000 -0.335976 0.000000
vt 0.000000 -0.335976 0.000000
vt 1.000000 -0.383972 0.000000
vt -0.000000 -0.383972 0.000000
vt 1.000000 -0.431969 0.000000
vt 0.000000 -0.431969 0.000000
vt 1.000000 -0.479966 0.000000
vt -0.000000 -0.479966 0.000000
vt 1.000000 -0.527962 0.000000
vt 0.000000 -0.527962 0.000000
vt 1.000000 -0.575959 0.000000
vt 0.000000 -0.575959 0.000000
vt 1.000000 -0.623955 0.000000
vt 0.000000 -0.623955 0.000000
vt 1.000000 -0.671952 0.000000
vt 0.000000 -0.671952 0.000000
vt 1.000000 -0.719948 0.000000
vt -0.000000 -0.719948 0.000000
vt 1.000000 -0.767945 0.000000
vt 0.000000 -0.767945 0.000000
vt 1.000000 -0.815941 0.000000
vt 0.000000 -0.815941 0.000000
vt 1.000000 -0.863938 0.000000
vt 0.000000 -0.863938 0.000000
vt 0.000000 0.000000 0.000000
vt 0.450000 0.000000 0.000000
vt 0.000000 1.000000 0.000000
vt 0.450000 1.000000 0.000000
vt 0.608276 0.500000 0.000000
vt 0.538578 0.504434 0.000000
vt 0.375000 0.500000 0.000000
vt 0.470004 0.517665 0.000000
vt 0.403659 0.539479 0.000000
vt 0.340614 0.569524 0.000000
vt 0.210662 0.401767 0.000000
vt 0.238157 0.362500 0.000000
vt 0.281884 0.607317 0.000000
vt 0.176767 0.435662 0.000000
vt 0.218395 0.646816 0.000000
vt 0.137500 0.463157 0.000000
vt 0.149494 0.675862 0.000000
vt 0.094056 0.483415 0.000000
vt 0.076888 0.693736 0.000000
vt 0.047753 0.495822 0.000000
vt 0.002378 0.699994 0.000000
vt 0.000000 0.500000 0.000000
vt -0.047753 0.495822 0.000000
vt -0.072192 0.694482 0.000000
vt -0.094056 0.483415 0.000000
vt -0.144973 0.677336 0.000000
vt -0.137500 0.463157 0.000000
vt -0.214161 0.648981 0.000000
vt -0.176767 0.435662 0.000000
vt -0.278043 0.610120 0.000000
vt -0.210662 0.401767 0.000000
vt -0.335034 0.561715 0.000000
vt -0.238157 0.362500 0.000000
vt -0.383723 0.504967 0.000000
vt -0.258415 0.319056 0.000000
vt -0.422904 0.441281 0.000000
vt -0.451605 0.372235 0.000000
vt -0.270822 0.272753 0.000000
vt -0.469115 0.299541 0.000000
vt -0.275000 0.225000 0.000000
vt -0.475000 0.225000 0.000000
vt -0.275000 -0.225000 0.000000
vt -0.475000 -0.225000 0.000000
vt -0.469115 -0.299541 0.000000
vt -0.270822 -0.272753 0.000000
vt -0.451605 -0.372235 0.000000
vt -0.258415 -0.319056 0.000000
vt -0.422904 -0.441281 0.000000
vt -0.383723 -0.504967 0.000000
vt -0.238157 -0.362500 0.000000
vt -0.335034 -0.561715 0.000000
vt -0.210662 -0.401767 0.000000
vt -0.278043 -0.610120 0.000000
vt -0.176767 -0.435662 0.000000
vt -0.214161 -0.648981 0.000000
vt -0.137500 -0.463157 0.000000
vt -0.144973 -0.677336 0.000000
vt -0.094056 -0.483415 0.000000
vt -0.072192 -0.694482 0.000000
vt -0.047753 -0.495822 0.000000
vt 0.002378 -0.699994 0.000000
vt 0.000000 -0.500000 0.000000
vt 0.047753 -0.495822 0.000000
vt 0.076888 -0.693736 0.000000
vt 0.094056 -0.483415 0.000000
vt 0.149494 -0.675862 0.000000
vt 0.137500 -0.463157 0.000000
vt 0.218395 -0.646816 0.000000
vt 0.176767 -0.435662 0.000000
vt 0.281884 -0.607317 0.000000
vt 0.210662 -0.401767 0.000000
vt 0.340614 -0.569524 0.000000
vt 0.375000 -0.500000 0.000000
vt 0.403659 -0.539479 0.000000
vt 0.470004 -0.517665 0.000000
vt 0.538578 -0.504434 0.000000
vt 0.608276 -0.500000 0.000000
vt 0.275000 0.225000 0.000000
vt 0.275000 -0.225000 0.000000
vt 0.270822 -0.272753 0.000000
vt 0.258415 0.319056 0.000000
vt 0.270822 0.272753 0.000000
vt 0.258415 -0.319056 0.000000
vt 0.238157 -0.362500 0.000000
vt 4.800000 24.200000 0.000000
vt 2.600000 23.400000 0.000000
vt 4.800000 23.966724 0.000000
vt 7.800000 23.400000 0.000000
vt 5.800000 23.966724 0.000000
vt 5.800000 24.200000 0.000000
vt 8.200000 24.200000 0.000000
vt 7.869459 23.393923 0.000000
vt 7.936808 23.375877 0.000000
vt 0.870272 24.200000 0.000000
vt 2.530541 23.393923 0.000000
vt 2.463192 23.375877 0.000000
vt 2.400000 23.346410 0.000000
vt 2.342885 23.306418 0.000000
vt 2.293582 23.257115 0.000000
vt 2.253590 23.200000 0.000000
vt 2.224123 23.136808 0.000000
vt 2.206077 23.069459 0.000000
vt 2.200000 23.000000 0.000000
vt 0.870272 21.800000 0.000000
vt 2.206077 22.930541 0.000000
vt 2.224123 22.863192 0.000000
vt 2.253590 22.800000 0.000000
vt 2.293582 22.742885 0.000000
vt 2.342885 22.693582 0.000000
vt 2.400000 22.653590 0.000000
vt 2.463192 22.624123 0.000000
vt 2.530541 22.606077 0.000000
vt 2.600000 22.600000 0.000000
vt 4.200000 21.800000 0.000000
vt 4.296429 21.794167 0.000000
vt 0.000000 25.000000 0.000000
vt 0.000000 23.437500 0.000000
vt 0.000000 21.777023 0.000000
vt 0.000000 20.151548 0.000000
vt 0.000000 15.979400 0.000000
vt 0.000000 14.403944 0.000000
vt 0.000000 12.890625 0.000000
vt 0.870272 3.200000 0.000000
vt 0.000000 12.109375 0.000000
vt 0.000000 10.448898 0.000000
vt 0.000000 8.823423 0.000000
vt 0.000000 4.651275 0.000000
vt 0.000000 3.075819 0.000000
vt 0.000000 1.562500 0.000000
vt 0.870272 0.800000 0.000000
vt 2.200000 2.000000 0.000000
vt 2.206077 1.930541 0.000000
vt 2.224123 1.863192 0.000000
vt 2.253590 1.800000 0.000000
vt 2.293582 1.742885 0.000000
vt 2.342885 1.693582 0.000000
vt 2.400000 1.653590 0.000000
vt 2.463192 1.624123 0.000000
vt 2.530541 1.606077 0.000000
vt 2.600000 1.600000 0.000000
vt 8.200000 0.800000 0.000000
vt 7.800000 1.600000 0.000000
vt 7.869459 1.606077 0.000000
vt 7.936808 1.624123 0.000000
vt 8.000000 1.653590 0.000000
vt 8.057115 1.693582 0.000000
vt 8.106418 1.742885 0.000000
vt 8.146410 1.800000 0.000000
vt 8.296429 0.805833 0.000000
vt 8.175877 1.863192 0.000000
vt 8.391453 0.823247 0.000000
vt 8.193923 1.930541 0.000000
vt 8.483684 0.851987 0.000000
vt 8.571779 0.891635 0.000000
vt 0.000000 0.000000 0.000000
vt 8.200000 2.000000 0.000000
vt 8.654452 0.941613 0.000000
vt 8.730498 1.001191 0.000000
vt 8.798809 1.069502 0.000000
vt 9.000000 1.600000 0.000000
vt 9.000000 2.400000 0.000000
vt 8.858387 1.145548 0.000000
vt 8.908365 1.228221 0.000000
vt 8.948013 1.316316 0.000000
vt 8.976753 1.408547 0.000000
vt 8.994167 1.503571 0.000000
vt 8.994167 2.496429 0.000000
vt 8.976753 2.591453 0.000000
vt 8.948013 2.683684 0.000000
vt 8.908365 2.771779 0.000000
vt 8.858387 2.854452 0.000000
vt 8.798809 2.930498 0.000000
vt 8.730498 2.998809 0.000000
vt 8.654452 3.058387 0.000000
vt 8.571779 3.108365 0.000000
vt 8.193923 2.069459 0.000000
vt 8.483684 3.148013 0.000000
vt 8.391453 3.176753 0.000000
vt 8.175877 2.136808 0.000000
vt 8.296429 3.194167 0.000000
vt 8.146410 2.200000 0.000000
vt 8.200000 3.200000 0.000000
vt 8.106418 2.257115 0.000000
vt 8.057115 2.306418 0.000000
vt 8.000000 2.346410 0.000000
vt 7.936808 2.375877 0.000000
vt 7.869459 2.393923 0.000000
vt 7.800000 2.400000 0.000000
vt 7.000000 3.200000 0.000000
vt 4.654452 3.341613 0.000000
vt 4.730498 3.401191 0.000000
vt 4.798809 3.469502 0.000000
vt 4.858387 3.545548 0.000000
vt 4.908365 3.628221 0.000000
vt 4.948013 3.716316 0.000000
vt 4.976753 3.808547 0.000000
vt 4.994167 3.903571 0.000000
vt 5.000000 4.000000 0.000000
vt 5.000000 21.000000 0.000000
vt 7.000000 21.800000 0.000000
vt 4.994167 21.096429 0.000000
vt 4.976753 21.191453 0.000000
vt 4.948013 21.283684 0.000000
vt 4.908365 21.371779 0.000000
vt 4.858387 21.454452 0.000000
vt 4.798809 21.530498 0.000000
vt 4.730498 21.598809 0.000000
vt 4.654452 21.658387 0.000000
vt 7.800000 22.600000 0.000000
vt 4.571779 21.708365 0.000000
vt 4.483684 21.748013 0.000000
vt 4.391453 21.776753 0.000000
vt 8.200000 21.800000 0.000000
vt 7.869459 22.606077 0.000000
vt 7.936808 22.624123 0.000000
vt 8.000000 22.653590 0.000000
vt 8.057115 22.693582 0.000000
vt 8.106418 22.742885 0.000000
vt 8.146410 22.800000 0.000000
vt 8.296429 21.805833 0.000000
vt 8.175877 22.863192 0.000000
vt 8.391453 21.823247 0.000000
vt 8.193923 22.930541 0.000000
vt 8.483684 21.851987 0.000000
vt 8.571779 21.891635 0.000000
vt 8.200000 23.000000 0.000000
vt 8.654452 21.941613 0.000000
vt 8.730498 22.001191 0.000000
vt 8.798809 22.069502 0.000000
vt 9.000000 22.600000 0.000000
vt 9.000000 23.400000 0.000000
vt 8.858387 22.145548 0.000000
vt 8.908365 22.228221 0.000000
vt 8.948013 22.316316 0.000000
vt 8.976753 22.408547 0.000000
vt 8.994167 22.503571 0.000000
vt 8.994167 23.496429 0.000000
vt 8.976753 23.591453 0.000000
vt 8.948013 23.683684 0.000000
vt 8.908365 23.771779 0.000000
vt 8.858387 23.854452 0.000000
vt 8.798809 23.930498 0.000000
vt 8.730498 23.998809 0.000000
vt 8.654452 24.058387 0.000000
vt 8.571779 24.108365 0.000000
vt 8.193923 23.069459 0.000000
vt 8.483684 24.148013 0.000000
vt 8.391453 24.176753 0.000000
vt 8.175877 23.136808 0.000000
vt 8.296429 24.194167 0.000000
vt 8.146410 23.200000 0.000000
vt 8.106418 23.257115 0.000000
vt 8.057115 23.306418 0.000000
vt 8.000000 23.346410 0.000000
vt 4.571779 3.291635 0.000000
vt 4.483684 3.251987 0.000000
vt 4.391453 3.223247 0.000000
vt 2.600000 2.400000 0.000000
vt 4.296429 3.205833 0.000000
vt 4.200000 3.200000 0.000000
vt 2.530541 2.393923 0.000000
vt 2.463192 2.375877 0.000000
vt 2.400000 2.346410 0.000000
vt 2.342885 2.306418 0.000000
vt 2.293582 2.257115 0.000000
vt 2.253590 2.200000 0.000000
vt 2.224123 2.136808 0.000000
vt 2.206077 2.069459 0.000000
vt -0.500000 -1.200000 0.000000
vt -0.500000 -4.290629 0.000000
vt 0.500000 -1.200000 0.000000
vt 0.500000 -5.129728 0.000000
vt -0.500000 -0.200000 0.000000
vt 0.500000 -0.200000 0.000000
vt -0.500000 2.200000 0.000000
vt 0.500000 2.200000 0.000000
vt -1.041644 -0.506886 0.000000
vt -0.553035 -1.583284 0.000000
vt -0.249830 0.530957 0.000000
vt 0.613470 -0.054328 0.000000
vt 0.669213 0.000000 0.000000
vt 0.669213 1.562500 0.000000
vt 0.000000 0.800000 0.000000
vt 0.000000 3.200000 0.000000
vt 0.669213 4.008085 0.000000
vt 0.669213 9.425977 0.000000
vt 0.669213 12.109375 0.000000
vt 0.669213 12.890625 0.000000
vt 0.000000 21.800000 0.000000
vt 0.669213 15.336210 0.000000
vt 0.669213 20.754102 0.000000
vt 0.669213 23.437500 0.000000
vt 0.000000 24.200000 0.000000
vt 0.669213 25.000000 0.000000
vt -0.613470 -0.054328 0.000000
vt 0.553035 -1.583284 0.000000
vt 0.249830 0.530957 0.000000
vt 1.041644 -0.506886 0.000000
vt -0.529175 3.797242 0.000000
vt -0.492946 3.773655 0.000000
vt -0.529120 3.941288 0.000000
vt -0.476549 3.876393 0.000000
vt -0.476549 4.012570 0.000000
vt -0.423903 3.876393 0.000000
vt -0.423903 4.012570 0.000000
vt -0.371256 3.876393 0.000000
vt -0.371256 4.012570 0.000000
vt -0.318610 3.876393 0.000000
vt -0.318610 4.012570 0.000000
vt -0.264601 3.876393 0.000000
vt -0.264601 4.012570 0.000000
vt -0.217207 3.876393 0.000000
vt -0.217207 4.012570 0.000000
vt -0.169813 3.876393 0.000000
vt -0.169813 4.012570 0.000000
vt -0.122419 3.876393 0.000000
vt -0.122419 4.012570 0.000000
vt -0.075025 3.876393 0.000000
vt -0.075025 4.012570 0.000000
vt -0.037512 3.876393 0.000000
vt -0.037512 4.012570 0.000000
vt -0.000000 3.924100 0.000000
vt -0.000000 4.121562 0.000000
vt -0.457413 3.748987 0.000000
vt -0.423903 3.740215 0.000000
vt -0.388012 3.696633 0.000000
vt -0.371256 3.740215 0.000000
vt -0.320505 3.640731 0.000000
vt -0.318610 3.740215 0.000000
vt -0.264601 3.604037 0.000000
vt -0.264601 3.740215 0.000000
vt -0.217207 3.604037 0.000000
vt -0.217207 3.740215 0.000000
vt -0.169813 3.604037 0.000000
vt -0.169813 3.740215 0.000000
vt -0.122419 3.604037 0.000000
vt -0.122419 3.740215 0.000000
vt -0.075025 3.604037 0.000000
vt -0.075025 3.740215 0.000000
vt -0.037512 3.604037 0.000000
vt -0.037512 3.740215 0.000000
vt -0.000000 3.726639 0.000000
vt -0.254708 3.582108 0.000000
vt -0.190204 3.521431 0.000000
vt -0.126670 3.459295 0.000000
vt -0.063682 3.396192 0.000000
vt -0.000917 3.332640 0.000000
vt -0.000000 3.331682 0.000000
vt -0.000000 3.529160 0.000000
vt -0.037512 4.148748 0.000000
vt -0.000000 4.220293 0.000000
vt -0.037512 4.284926 0.000000
vt -0.000000 4.319023 0.000000
vt -0.000000 4.417754 0.000000
vt -0.037512 4.421103 0.000000
vt -0.000000 4.516485 0.000000
vt -0.037512 4.519164 0.000000
vt -0.000000 4.615216 0.000000
vt -0.037512 4.617225 0.000000
vt -0.000000 4.713946 0.000000
vt -0.037512 4.715286 0.000000
vt -0.000000 4.812677 0.000000
vt -0.037512 4.812853 0.000000
vt -0.052804 4.896982 0.000000
vt -0.068999 4.886777 0.000000
vt -0.000000 4.911408 0.000000
vt -0.018279 4.909720 0.000000
vt -0.035907 4.904789 0.000000
vt -0.075025 4.813028 0.000000
vt -0.099947 4.860749 0.000000
vt -0.122419 4.813249 0.000000
vt -0.129480 4.829719 0.000000
vt -0.157650 4.796502 0.000000
vt -0.185178 4.762173 0.000000
vt -0.169813 4.715286 0.000000
vt -0.122419 4.715286 0.000000
vt -0.214009 4.725423 0.000000
vt -0.217207 4.715286 0.000000
vt -0.169813 4.617225 0.000000
vt -0.217207 4.617225 0.000000
vt -0.169813 4.519164 0.000000
vt -0.217207 4.519164 0.000000
vt -0.169813 4.421103 0.000000
vt -0.217207 4.421103 0.000000
vt -0.169813 4.284926 0.000000
vt -0.217207 4.284926 0.000000
vt -0.169813 4.148748 0.000000
vt -0.217207 4.148748 0.000000
vt -0.244284 4.686838 0.000000
vt -0.264601 4.617225 0.000000
vt -0.276065 4.646964 0.000000
vt -0.309395 4.606234 0.000000
vt -0.344167 4.565142 0.000000
vt -0.318610 4.519164 0.000000
vt -0.264601 4.519164 0.000000
vt -0.371256 4.519164 0.000000
vt -0.379722 4.524734 0.000000
vt -0.371256 4.421103 0.000000
vt -0.415980 4.485267 0.000000
vt -0.423903 4.421103 0.000000
vt -0.452957 4.446840 0.000000
vt -0.423903 4.284926 0.000000
vt -0.476549 4.284926 0.000000
vt -0.423903 4.148748 0.000000
vt -0.476549 4.148748 0.000000
vt -0.476549 4.421103 0.000000
vt -0.490681 4.409534 0.000000
vt -0.529196 4.373418 0.000000
vt -0.529190 4.229382 0.000000
vt -0.529145 4.085337 0.000000
vt -0.075025 4.148748 0.000000
vt -0.075025 4.284926 0.000000
vt -0.075025 4.421103 0.000000
vt -0.075025 4.519164 0.000000
vt -0.075025 4.617225 0.000000
vt -0.075025 4.715286 0.000000
vt -0.122419 4.148748 0.000000
vt -0.122419 4.284926 0.000000
vt -0.122419 4.421103 0.000000
vt -0.122419 4.519164 0.000000
vt -0.122419 4.617225 0.000000
vt -0.264601 4.148748 0.000000
vt -0.264601 4.284926 0.000000
vt -0.264601 4.421103 0.000000
vt -0.318610 4.148748 0.000000
vt -0.318610 4.284926 0.000000
vt -0.318610 4.421103 0.000000
vt -0.371256 4.148748 0.000000
vt -0.371256 4.284926 0.000000
vt 2.929829 0.000000 0.000000
vt 2.818455 0.111660 0.000000
vt 2.710933 0.000000 0.000000
vt 2.706176 0.224560 0.000000
vt 2.652491 0.150526 0.000000
vt 2.594241 0.337779 0.000000
vt 2.513822 0.150526 0.000000
vt 2.513822 0.301051 0.000000
vt 2.375153 0.301051 0.000000
vt 2.483772 0.450523 0.000000
vt 2.375153 0.450610 0.000000
vt 2.375873 0.562149 0.000000
vt 2.236484 0.450721 0.000000
vt 2.236484 0.602102 0.000000
vt 2.097815 0.450832 0.000000
vt 2.097815 0.602102 0.000000
vt 1.959146 0.450943 0.000000
vt 1.959146 0.602102 0.000000
vt 1.820477 0.451054 0.000000
vt 1.820477 0.602102 0.000000
vt 1.749606 0.451110 0.000000
vt 1.749606 0.602102 0.000000
vt 1.678735 0.451167 0.000000
vt 1.678735 0.602102 0.000000
vt 1.607864 0.451224 0.000000
vt 1.607864 0.602102 0.000000
vt 1.536993 0.451281 0.000000
vt 1.536993 0.602102 0.000000
vt 1.466122 0.451337 0.000000
vt 1.466122 0.602102 0.000000
vt 1.395251 0.451394 0.000000
vt 1.395251 0.602102 0.000000
vt 1.324380 0.451451 0.000000
vt 1.324380 0.602102 0.000000
vt 1.253509 0.451507 0.000000
vt 1.253509 0.602102 0.000000
vt 1.182638 0.451564 0.000000
vt 1.182638 0.602102 0.000000
vt 1.177076 0.311776 0.000000
vt 1.154543 0.625635 0.000000
vt 1.182638 0.752628 0.000000
vt 1.182638 0.903153 0.000000
vt 1.253509 0.752628 0.000000
vt 1.253509 0.903153 0.000000
vt 1.324380 0.752628 0.000000
vt 1.324380 0.903153 0.000000
vt 1.395251 0.752628 0.000000
vt 1.395251 0.903153 0.000000
vt 1.466122 0.752628 0.000000
vt 1.466122 0.903153 0.000000
vt 1.536993 0.752628 0.000000
vt 1.536993 0.903153 0.000000
vt 1.607864 0.752628 0.000000
vt 1.607864 0.903153 0.000000
vt 1.678735 0.752628 0.000000
vt 1.678735 0.903153 0.000000
vt 1.749606 0.752628 0.000000
vt 1.749606 0.903153 0.000000
vt 1.820477 0.752628 0.000000
vt 1.820477 0.903153 0.000000
vt 1.959146 0.752628 0.000000
vt 1.959146 0.903153 0.000000
vt 2.074055 0.886132 0.000000
vt 1.892624 1.091638 0.000000
vt 2.271281 0.672192 0.000000
vt 2.170637 0.780226 0.000000
vt 2.097815 0.752628 0.000000
vt 1.726400 1.288721 0.000000
vt 1.749606 1.204204 0.000000
vt 1.820477 1.053679 0.000000
vt 1.749606 1.053679 0.000000
vt 1.678735 1.053679 0.000000
vt 1.607864 1.053679 0.000000
vt 1.536993 1.053679 0.000000
vt 1.466122 1.053679 0.000000
vt 1.395251 1.053679 0.000000
vt 1.324380 1.053679 0.000000
vt 1.253509 1.053679 0.000000
vt 1.182638 1.053679 0.000000
vt 1.120203 0.938921 0.000000
vt 1.678735 1.204204 0.000000
vt 1.574273 1.477804 0.000000
vt 1.607864 1.204204 0.000000
vt 1.536993 1.204204 0.000000
vt 1.536993 1.505255 0.000000
vt 1.434084 1.660109 0.000000
vt 1.466122 1.505255 0.000000
vt 1.395251 1.505255 0.000000
vt 1.466122 1.204204 0.000000
vt 1.395251 1.204204 0.000000
vt 1.548579 1.763183 0.000000
vt 1.466122 1.806306 0.000000
vt 1.395251 1.806306 0.000000
vt 1.324380 1.806306 0.000000
vt 1.324380 1.505255 0.000000
vt 1.253509 1.806306 0.000000
vt 1.253509 1.505255 0.000000
vt 1.182638 1.806306 0.000000
vt 1.182638 1.505255 0.000000
vt 1.111767 1.806306 0.000000
vt 1.111767 1.505255 0.000000
vt 1.037756 1.559880 0.000000
vt 1.079884 1.250610 0.000000
vt 1.536993 1.806306 0.000000
vt 1.655788 1.869309 0.000000
vt 1.607864 2.107357 0.000000
vt 1.678735 2.107357 0.000000
vt 1.607864 2.257883 0.000000
vt 1.678735 2.257883 0.000000
vt 1.607864 2.408408 0.000000
vt 1.678735 2.408408 0.000000
vt 1.607864 3.010511 0.000000
vt 1.678735 3.010511 0.000000
vt 1.607864 3.612613 0.000000
vt 1.678735 3.612613 0.000000
vt 1.607864 3.913664 0.000000
vt 1.678735 3.913664 0.000000
vt 1.607864 4.214715 0.000000
vt 1.678735 4.214715 0.000000
vt 1.607864 4.515766 0.000000
vt 1.678735 4.515766 0.000000
vt 1.776939 4.816817 0.000000
vt 1.749606 4.515766 0.000000
vt 1.820477 4.515766 0.000000
vt 1.820477 4.214715 0.000000
vt 1.959146 4.214715 0.000000
vt 1.959146 3.913664 0.000000
vt 2.097815 3.913664 0.000000
vt 2.097815 3.612613 0.000000
vt 2.236484 3.612613 0.000000
vt 2.236484 3.010511 0.000000
vt 2.375153 3.010511 0.000000
vt 2.333824 2.893115 0.000000
vt 2.483058 3.262698 0.000000
vt 1.799086 2.028362 0.000000
vt 1.749606 2.107357 0.000000
vt 1.749606 2.257883 0.000000
vt 1.749606 2.408408 0.000000
vt 1.749606 3.010511 0.000000
vt 1.749606 3.612613 0.000000
vt 1.749606 3.913664 0.000000
vt 1.749606 4.214715 0.000000
vt 1.820477 2.107357 0.000000
vt 1.928697 2.192745 0.000000
vt 1.820477 2.257883 0.000000
vt 1.959146 2.257883 0.000000
vt 1.820477 2.408408 0.000000
vt 1.959146 2.408408 0.000000
vt 1.820477 3.010511 0.000000
vt 1.959146 3.010511 0.000000
vt 1.820477 3.612613 0.000000
vt 1.959146 3.612613 0.000000
vt 1.820477 3.913664 0.000000
vt 2.045829 2.361909 0.000000
vt 2.151666 2.535340 0.000000
vt 2.097815 3.010511 0.000000
vt 2.606138 3.641564 0.000000
vt 2.513822 3.612613 0.000000
vt 2.375153 3.612613 0.000000
vt 2.708536 4.027800 0.000000
vt 2.652491 3.913664 0.000000
vt 2.513822 3.913664 0.000000
vt 2.375153 3.913664 0.000000
vt 2.236484 3.913664 0.000000
vt 2.652491 4.214715 0.000000
vt 2.794502 4.419930 0.000000
vt 2.652491 4.515766 0.000000
vt 2.867335 4.816817 0.000000
vt 2.322137 4.816817 0.000000
vt 2.097815 4.515766 0.000000
vt 2.236484 4.515766 0.000000
vt 2.375153 4.515766 0.000000
vt 2.375153 4.214715 0.000000
vt 2.513822 4.214715 0.000000
vt 1.536993 4.515766 0.000000
vt 1.231740 4.816817 0.000000
vt 1.466122 4.515766 0.000000
vt 1.395251 4.515766 0.000000
vt 1.466122 4.214715 0.000000
vt 1.395251 4.214715 0.000000
vt 1.466122 3.913664 0.000000
vt 1.395251 3.913664 0.000000
vt 1.466122 3.612613 0.000000
vt 1.395251 3.612613 0.000000
vt 1.466122 3.010511 0.000000
vt 1.395251 3.010511 0.000000
vt 1.466122 2.408408 0.000000
vt 1.395251 2.408408 0.000000
vt 1.466122 2.257883 0.000000
vt 1.395251 2.257883 0.000000
vt 1.466122 2.107357 0.000000
vt 1.395251 2.107357 0.000000
vt 0.686542 4.816817 0.000000
vt 0.970026 4.515766 0.000000
vt 1.111767 4.515766 0.000000
vt 1.182638 4.515766 0.000000
vt 1.182638 4.214715 0.000000
vt 1.253509 4.214715 0.000000
vt 1.253509 3.913664 0.000000
vt 1.324380 3.913664 0.000000
vt 1.324380 3.612613 0.000000
vt 0.828284 4.515766 0.000000
vt 0.733309 4.239151 0.000000
vt 0.828284 4.214715 0.000000
vt 0.786558 3.656576 0.000000
vt 0.828284 3.913664 0.000000
vt 0.828284 3.612613 0.000000
vt 0.970026 3.612613 0.000000
vt 0.847522 3.067943 0.000000
vt 0.970026 3.010511 0.000000
vt 0.917226 2.471779 0.000000
vt 0.970026 2.408408 0.000000
vt 0.955419 2.170359 0.000000
vt 0.970026 2.257883 0.000000
vt 0.970026 2.107357 0.000000
vt 1.111767 2.107357 0.000000
vt 0.995830 1.866448 0.000000
vt 1.111767 1.053679 0.000000
vt 1.111767 1.204204 0.000000
vt 1.182638 1.204204 0.000000
vt 1.253509 1.204204 0.000000
vt 1.324380 1.204204 0.000000
vt 1.182638 0.301051 0.000000
vt 1.181229 0.155368 0.000000
vt 1.182638 0.150526 0.000000
vt 1.178660 0.000000 0.000000
vt 1.253509 0.150526 0.000000
vt 1.324380 0.150526 0.000000
vt 1.253509 0.301051 0.000000
vt 1.324380 0.301051 0.000000
vt 1.395251 0.150526 0.000000
vt 1.616452 0.000000 0.000000
vt 1.466122 0.150526 0.000000
vt 1.536993 0.150526 0.000000
vt 1.466122 0.301051 0.000000
vt 1.536993 0.301051 0.000000
vt 2.054245 0.000000 0.000000
vt 1.820477 0.150526 0.000000
vt 1.749606 0.150526 0.000000
vt 1.678735 0.150526 0.000000
vt 1.678735 0.301051 0.000000
vt 1.607864 0.301051 0.000000
vt 2.273141 0.000000 0.000000
vt 2.097815 0.150526 0.000000
vt 1.959146 0.150526 0.000000
vt 1.820477 0.301051 0.000000
vt 1.749606 0.301051 0.000000
vt 2.492037 0.000000 0.000000
vt 2.375153 0.150526 0.000000
vt 2.236484 0.150526 0.000000
vt 2.097815 0.301051 0.000000
vt 1.959146 0.301051 0.000000
vt 2.236484 0.301051 0.000000
vt 1.607864 0.150526 0.000000
vt 1.395251 0.301051 0.000000
vt 1.324380 2.107357 0.000000
vt 1.324380 2.257883 0.000000
vt 1.324380 2.408408 0.000000
vt 1.324380 3.010511 0.000000
vt 1.253509 2.107357 0.000000
vt 1.253509 2.257883 0.000000
vt 1.253509 2.408408 0.000000
vt 1.253509 3.010511 0.000000
vt 1.253509 3.612613 0.000000
vt 1.182638 2.107357 0.000000
vt 1.182638 2.257883 0.000000
vt 1.182638 2.408408 0.000000
vt 1.182638 3.010511 0.000000
vt 1.182638 3.612613 0.000000
vt 1.182638 3.913664 0.000000
vt 1.536993 2.107357 0.000000
vt 1.536993 2.257883 0.000000
vt 1.536993 2.408408 0.000000
vt 1.536993 3.010511 0.000000
vt 1.536993 3.612613 0.000000
vt 1.536993 3.913664 0.000000
vt 1.536993 4.214715 0.000000
vt 1.111767 2.257883 0.000000
vt 1.111767 2.408408 0.000000
vt 1.111767 3.010511 0.000000
vt 1.111767 3.612613 0.000000
vt 1.111767 3.913664 0.000000
vt 1.111767 4.214715 0.000000
vt 0.970026 3.913664 0.000000
vt 0.970026 4.214715 0.000000
vt 2.236484 4.214715 0.000000
vt 2.097815 4.214715 0.000000
vt 1.324380 4.214715 0.000000
vt 1.324380 4.515766 0.000000
vt 2.513822 4.515766 0.000000
vt 1.959146 4.515766 0.000000
vt 1.253509 4.515766 0.000000
vt -0.529178 0.538009 0.000000
vt -0.494456 0.505521 0.000000
vt -0.529210 0.682013 0.000000
vt -0.476525 0.557896 0.000000
vt -0.476525 0.685605 0.000000
vt -0.423839 0.557896 0.000000
vt -0.423839 0.685605 0.000000
vt -0.371154 0.557896 0.000000
vt -0.371154 0.685605 0.000000
vt -0.318469 0.557896 0.000000
vt -0.318469 0.685605 0.000000
vt -0.264606 0.557896 0.000000
vt -0.264606 0.685605 0.000000
vt -0.217172 0.557896 0.000000
vt -0.217172 0.685605 0.000000
vt -0.169739 0.557896 0.000000
vt -0.169739 0.685605 0.000000
vt -0.122305 0.557896 0.000000
vt -0.122305 0.685605 0.000000
vt -0.074872 0.557896 0.000000
vt -0.074872 0.685605 0.000000
vt -0.037436 0.557896 0.000000
vt -0.037436 0.685605 0.000000
vt -0.000000 0.592318 0.000000
vt -0.000000 0.691038 0.000000
vt -0.460429 0.472105 0.000000
vt -0.394290 0.402700 0.000000
vt -0.371154 0.418422 0.000000
vt -0.330216 0.329918 0.000000
vt -0.318469 0.418422 0.000000
vt -0.318469 0.348685 0.000000
vt -0.264606 0.348685 0.000000
vt -0.264606 0.278948 0.000000
vt -0.217172 0.278948 0.000000
vt -0.237183 0.215516 0.000000
vt -0.217172 0.209211 0.000000
vt -0.206586 0.176461 0.000000
vt -0.169739 0.209211 0.000000
vt -0.175632 0.137167 0.000000
vt -0.169739 0.139474 0.000000
vt -0.144206 0.098709 0.000000
vt -0.122305 0.139474 0.000000
vt -0.111901 0.062616 0.000000
vt -0.074872 0.139474 0.000000
vt -0.074872 0.069737 0.000000
vt -0.037436 0.069737 0.000000
vt -0.059501 0.018331 0.000000
vt -0.040534 0.008459 0.000000
vt -0.267950 0.254309 0.000000
vt -0.077684 0.031124 0.000000
vt -0.020776 0.002188 0.000000
vt -0.000000 -0.000000 0.000000
vt -0.000000 0.098720 0.000000
vt -0.037436 0.139474 0.000000
vt -0.000000 0.197439 0.000000
vt -0.037436 0.209211 0.000000
vt -0.000000 0.296159 0.000000
vt -0.037436 0.278948 0.000000
vt -0.037436 0.348685 0.000000
vt -0.074872 0.348685 0.000000
vt -0.074872 0.418422 0.000000
vt -0.122305 0.418422 0.000000
vt -0.000000 0.394879 0.000000
vt -0.037436 0.418422 0.000000
vt -0.000000 0.493599 0.000000
vt -0.000000 0.789758 0.000000
vt -0.037436 0.813313 0.000000
vt -0.074872 0.813313 0.000000
vt -0.074872 0.941021 0.000000
vt -0.122305 0.941021 0.000000
vt -0.122305 1.068730 0.000000
vt -0.169739 1.068730 0.000000
vt -0.169739 1.196438 0.000000
vt -0.217172 1.196438 0.000000
vt -0.217172 1.324147 0.000000
vt -0.254748 1.329094 0.000000
vt -0.190248 1.389741 0.000000
vt -0.169739 1.324147 0.000000
vt -0.126701 1.451877 0.000000
vt -0.122305 1.324147 0.000000
vt -0.074872 1.324147 0.000000
vt -0.074872 1.196438 0.000000
vt -0.037436 1.196438 0.000000
vt -0.037436 1.068730 0.000000
vt -0.000000 1.184637 0.000000
vt -0.000000 0.987197 0.000000
vt -0.037436 0.941021 0.000000
vt -0.037436 1.324147 0.000000
vt -0.000000 1.382080 0.000000
vt -0.063692 1.515007 0.000000
vt -0.000906 1.578605 0.000000
vt -0.000000 1.579563 0.000000
vt -0.264606 1.196438 0.000000
vt -0.320504 1.270546 0.000000
vt -0.318469 1.196438 0.000000
vt -0.371154 1.196438 0.000000
vt -0.318469 1.068730 0.000000
vt -0.371154 1.068730 0.000000
vt -0.318469 0.941021 0.000000
vt -0.371154 0.941021 0.000000
vt -0.318469 0.813313 0.000000
vt -0.371154 0.813313 0.000000
vt -0.387944 1.214734 0.000000
vt -0.423839 1.068730 0.000000
vt -0.457276 1.162443 0.000000
vt -0.476525 1.068730 0.000000
vt -0.492787 1.137788 0.000000
vt -0.529001 1.114203 0.000000
vt -0.528986 0.970143 0.000000
vt -0.476525 0.941021 0.000000
vt -0.423839 0.941021 0.000000
vt -0.423839 0.813313 0.000000
vt -0.529115 0.826065 0.000000
vt -0.476525 0.813313 0.000000
vt -0.169739 0.418422 0.000000
vt -0.217172 0.418422 0.000000
vt -0.169739 0.348685 0.000000
vt -0.217172 0.348685 0.000000
vt -0.169739 0.278948 0.000000
vt -0.264606 0.418422 0.000000
vt -0.122305 0.348685 0.000000
vt -0.074872 0.278948 0.000000
vt -0.122305 0.278948 0.000000
vt -0.122305 0.209211 0.000000
vt -0.074872 0.209211 0.000000
vt -0.122305 0.813313 0.000000
vt -0.169739 0.813313 0.000000
vt -0.217172 0.813313 0.000000
vt -0.264606 0.813313 0.000000
vt -0.169739 0.941021 0.000000
vt -0.217172 0.941021 0.000000
vt -0.264606 0.941021 0.000000
vt -0.074872 1.068730 0.000000
vt -0.122305 1.196438 0.000000
vt -0.217172 1.068730 0.000000
vt -0.264606 1.068730 0.000000
vt 2.092374 1.763183 0.000000
vt 2.103960 1.806306 0.000000
vt 1.985165 1.869309 0.000000
vt 2.103960 1.956832 0.000000
vt 1.962218 1.956832 0.000000
vt 1.962218 2.107357 0.000000
vt 1.841867 2.028362 0.000000
vt 1.820477 2.107357 0.000000
vt 1.712256 2.192745 0.000000
vt 1.820477 2.257883 0.000000
vt 1.681807 2.257883 0.000000
vt 1.681807 2.408408 0.000000
vt 1.595124 2.361909 0.000000
vt 1.543138 2.558934 0.000000
vt 1.489287 2.535340 0.000000
vt 1.543138 2.709460 0.000000
vt 1.404469 2.709460 0.000000
vt 1.404469 2.859985 0.000000
vt 1.307129 2.893115 0.000000
vt 1.404469 3.010511 0.000000
vt 1.265800 3.010511 0.000000
vt 1.265800 3.161036 0.000000
vt 1.157895 3.262698 0.000000
vt 1.265800 3.311562 0.000000
vt 1.127131 3.612613 0.000000
vt 1.265800 3.612613 0.000000
vt 1.127131 3.913664 0.000000
vt 1.265800 3.913664 0.000000
vt 1.127131 4.214715 0.000000
vt 1.265800 4.214715 0.000000
vt 1.127131 4.515766 0.000000
vt 1.265800 4.515766 0.000000
vt 1.318816 4.816817 0.000000
vt 1.404469 4.515766 0.000000
vt 1.543138 4.515766 0.000000
vt 1.543138 4.214715 0.000000
vt 1.681807 4.214715 0.000000
vt 1.681807 3.913664 0.000000
vt 1.820477 3.913664 0.000000
vt 1.820477 3.612613 0.000000
vt 1.962218 3.612613 0.000000
vt 1.962218 3.311562 0.000000
vt 2.103960 3.311562 0.000000
vt 2.103960 3.161036 0.000000
vt 2.245702 3.161036 0.000000
vt 2.245702 3.010511 0.000000
vt 2.316573 3.010511 0.000000
vt 2.316573 2.859985 0.000000
vt 2.387444 2.859985 0.000000
vt 2.387444 2.709460 0.000000
vt 2.670927 2.709460 0.000000
vt 2.670927 2.558934 0.000000
vt 2.723762 2.471769 0.000000
vt 2.670927 2.408408 0.000000
vt 2.670927 2.257883 0.000000
vt 2.387444 2.408408 0.000000
vt 2.387444 2.257883 0.000000
vt 2.316573 2.408408 0.000000
vt 2.316573 2.257883 0.000000
vt 2.245702 2.408408 0.000000
vt 2.245702 2.257883 0.000000
vt 2.103960 2.408408 0.000000
vt 2.103960 2.257883 0.000000
vt 1.962218 2.408408 0.000000
vt 1.962218 2.257883 0.000000
vt 1.820477 2.408408 0.000000
vt 2.206869 1.660109 0.000000
vt 2.245702 1.806306 0.000000
vt 2.245702 1.956832 0.000000
vt 2.103960 2.107357 0.000000
vt 2.245702 2.107357 0.000000
vt 2.066743 1.477867 0.000000
vt 2.103960 1.505255 0.000000
vt 2.245702 1.505255 0.000000
vt 2.245702 1.655781 0.000000
vt 2.316573 1.505255 0.000000
vt 2.316573 1.655781 0.000000
vt 2.387444 1.505255 0.000000
vt 2.387444 1.655781 0.000000
vt 2.603193 1.559887 0.000000
vt 2.645040 1.866451 0.000000
vt 2.103960 1.354730 0.000000
vt 1.914317 1.288557 0.000000
vt 2.103960 1.204204 0.000000
vt 1.962218 1.204204 0.000000
vt 2.103960 1.053679 0.000000
vt 1.962218 1.053679 0.000000
vt 2.103960 0.903153 0.000000
vt 1.962218 0.903153 0.000000
vt 2.103960 0.752628 0.000000
vt 1.962218 0.752628 0.000000
vt 2.103960 0.602102 0.000000
vt 1.962218 0.602102 0.000000
vt 2.103960 0.451277 0.000000
vt 1.962218 0.451162 0.000000
vt 2.103960 0.301051 0.000000
vt 1.962218 0.301051 0.000000
vt 2.103960 0.150526 0.000000
vt 1.962218 0.150526 0.000000
vt 2.024501 0.000000 0.000000
vt 1.820477 0.150526 0.000000
vt 1.586708 0.000000 0.000000
vt 1.681807 0.150526 0.000000
vt 1.543138 0.150526 0.000000
vt 1.543138 0.301051 0.000000
vt 1.404469 0.301051 0.000000
vt 1.404469 0.450709 0.000000
vt 1.265800 0.450597 0.000000
vt 1.265004 0.562082 0.000000
vt 1.157164 0.450509 0.000000
vt 1.747998 1.091377 0.000000
vt 1.566883 0.886051 0.000000
vt 1.681807 0.903153 0.000000
vt 1.820477 1.053679 0.000000
vt 1.470321 0.780165 0.000000
vt 1.543138 0.752628 0.000000
vt 1.681807 0.752628 0.000000
vt 1.820477 0.752628 0.000000
vt 1.820477 0.903153 0.000000
vt 1.369557 0.672079 0.000000
vt 1.404469 0.602102 0.000000
vt 1.543138 0.602102 0.000000
vt 1.681807 0.602102 0.000000
vt 1.820477 0.602102 0.000000
vt 1.543138 0.450822 0.000000
vt 1.681807 0.301051 0.000000
vt 1.046730 0.337777 0.000000
vt 1.127131 0.301051 0.000000
vt 1.265800 0.301051 0.000000
vt 0.934843 0.224569 0.000000
vt 1.127131 0.150526 0.000000
vt 1.265800 0.150526 0.000000
vt 1.148916 0.000000 0.000000
vt 1.367812 0.000000 0.000000
vt 0.988462 0.150526 0.000000
vt 0.822526 0.111661 0.000000
vt 0.930020 0.000000 0.000000
vt 0.711124 0.000000 0.000000
vt 1.404469 0.150526 0.000000
vt 2.245702 0.150526 0.000000
vt 2.462293 0.000000 0.000000
vt 2.316573 0.150526 0.000000
vt 2.387444 0.150526 0.000000
vt 2.316573 0.301051 0.000000
vt 2.387444 0.301051 0.000000
vt 2.316573 0.451449 0.000000
vt 2.387444 0.451507 0.000000
vt 2.316573 0.602102 0.000000
vt 2.387444 0.602102 0.000000
vt 2.316573 0.752628 0.000000
vt 2.387444 0.752628 0.000000
vt 2.316573 0.903153 0.000000
vt 2.387444 0.903153 0.000000
vt 2.316573 1.053679 0.000000
vt 2.387444 1.053679 0.000000
vt 2.316573 1.204204 0.000000
vt 2.387444 1.204204 0.000000
vt 2.316573 1.354730 0.000000
vt 2.387444 1.354730 0.000000
vt 2.459617 0.155296 0.000000
vt 2.463551 0.311561 0.000000
vt 2.485965 0.625334 0.000000
vt 2.520669 0.938885 0.000000
vt 2.561109 1.250625 0.000000
vt 2.685498 2.170354 0.000000
vt 2.670927 2.107357 0.000000
vt 2.387444 1.956832 0.000000
vt 2.387444 1.806306 0.000000
vt 2.316573 1.956832 0.000000
vt 2.316573 1.806306 0.000000
vt 2.793395 3.067934 0.000000
vt 2.670927 2.859985 0.000000
vt 2.387444 3.010511 0.000000
vt 2.316573 3.161036 0.000000
vt 2.245702 3.311562 0.000000
vt 2.103960 3.612613 0.000000
vt 1.962218 3.913664 0.000000
vt 1.820477 4.214715 0.000000
vt 1.681807 4.515766 0.000000
vt 1.864014 4.816817 0.000000
vt 2.854416 3.656572 0.000000
vt 2.812669 3.311562 0.000000
vt 2.670927 3.161036 0.000000
vt 2.670927 3.010511 0.000000
vt 2.387444 3.161036 0.000000
vt 2.907663 4.239147 0.000000
vt 2.812669 3.913664 0.000000
vt 2.812669 3.612613 0.000000
vt 2.670927 3.612613 0.000000
vt 2.670927 3.311562 0.000000
vt 2.387444 3.612613 0.000000
vt 2.387444 3.311562 0.000000
vt 2.316573 3.612613 0.000000
vt 2.316573 3.311562 0.000000
vt 2.245702 3.612613 0.000000
vt 2.954411 4.816817 0.000000
vt 2.812669 4.515766 0.000000
vt 2.812669 4.214715 0.000000
vt 2.670927 4.214715 0.000000
vt 2.670927 3.913664 0.000000
vt 2.387444 4.214715 0.000000
vt 2.387444 3.913664 0.000000
vt 2.316573 4.214715 0.000000
vt 2.316573 3.913664 0.000000
vt 2.245702 4.214715 0.000000
vt 2.245702 3.913664 0.000000
vt 2.103960 4.214715 0.000000
vt 2.103960 3.913664 0.000000
vt 1.962218 4.214715 0.000000
vt 2.670927 4.515766 0.000000
vt 2.409213 4.816817 0.000000
vt 2.387444 4.515766 0.000000
vt 2.316573 4.515766 0.000000
vt 2.103960 4.515766 0.000000
vt 2.245702 4.515766 0.000000
vt 0.988462 4.515766 0.000000
vt 0.773618 4.816817 0.000000
vt 0.849793 4.515766 0.000000
vt 0.846451 4.419930 0.000000
vt 0.988462 4.214715 0.000000
vt 0.932417 4.027800 0.000000
vt 0.988462 3.913664 0.000000
vt 1.034815 3.641564 0.000000
vt 2.316573 2.107357 0.000000
vt 2.387444 2.107357 0.000000
vt 2.245702 1.354730 0.000000
vt 2.245702 1.204204 0.000000
vt 2.245702 1.053679 0.000000
vt 2.245702 0.903153 0.000000
vt 2.245702 0.752628 0.000000
vt 2.245702 0.602102 0.000000
vt 2.245702 0.451392 0.000000
vt 2.245702 0.301051 0.000000
vt 1.681807 0.450934 0.000000
vt 1.820477 0.451047 0.000000
vt 1.820477 0.301051 0.000000
vt 2.387444 2.558934 0.000000
vt 2.316573 2.558934 0.000000
vt 2.316573 2.709460 0.000000
vt 2.245702 2.558934 0.000000
vt 2.245702 2.709460 0.000000
vt 2.245702 2.859985 0.000000
vt 2.103960 2.558934 0.000000
vt 2.103960 2.709460 0.000000
vt 2.103960 2.859985 0.000000
vt 2.103960 3.010511 0.000000
vt 1.962218 2.558934 0.000000
vt 1.962218 2.709460 0.000000
vt 1.962218 2.859985 0.000000
vt 1.962218 3.010511 0.000000
vt 1.962218 3.161036 0.000000
vt 1.820477 2.558934 0.000000
vt 1.820477 2.709460 0.000000
vt 1.820477 2.859985 0.000000
vt 1.820477 3.010511 0.000000
vt 1.820477 3.161036 0.000000
vt 1.820477 3.311562 0.000000
vt 1.681807 2.558934 0.000000
vt 1.681807 2.709460 0.000000
vt 1.681807 2.859985 0.000000
vt 1.681807 3.010511 0.000000
vt 1.681807 3.161036 0.000000
vt 1.681807 3.311562 0.000000
vt 1.681807 3.612613 0.000000
vt 1.543138 3.161036 0.000000
vt 1.543138 3.010511 0.000000
vt 1.543138 2.859985 0.000000
vt 1.404469 3.161036 0.000000
vt 1.543138 3.311562 0.000000
vt 1.543138 3.612613 0.000000
vt 1.543138 3.913664 0.000000
vt 1.404469 3.311562 0.000000
vt 1.404469 3.612613 0.000000
vt 1.404469 3.913664 0.000000
vt 1.404469 4.214715 0.000000
vt 1.962218 4.515766 0.000000
vt 1.820477 4.515766 0.000000
vt -0.087016 4.018953 0.000000
vt -0.076924 3.835281 0.000000
vt -0.000000 3.876699 0.000000
vt -0.076924 3.438613 0.000000
vt -0.000000 3.361972 0.000000
vt -0.076924 3.041946 0.000000
vt -0.000000 2.847248 0.000000
vt -0.076924 2.645279 0.000000
vt -0.000000 2.589887 0.000000
vt -0.000000 2.332525 0.000000
vt -0.076924 2.248611 0.000000
vt -0.000000 2.075162 0.000000
vt -0.076924 2.026802 0.000000
vt -0.053654 1.792069 0.000000
vt -0.076924 1.804994 0.000000
vt -0.107484 1.767216 0.000000
vt -0.153847 2.026802 0.000000
vt -0.153847 2.248611 0.000000
vt -0.230771 2.248611 0.000000
vt -0.230771 2.645279 0.000000
vt -0.307695 2.645279 0.000000
vt -0.307695 3.041946 0.000000
vt -0.384618 3.041946 0.000000
vt -0.384618 3.438613 0.000000
vt -0.461542 3.438613 0.000000
vt -0.461542 3.835281 0.000000
vt -0.538466 3.835281 0.000000
vt -0.461542 4.291117 0.000000
vt -0.538466 4.291322 0.000000
vt -0.481439 4.596155 0.000000
vt -0.525866 4.651262 0.000000
vt -0.153847 3.835281 0.000000
vt -0.174008 4.157230 0.000000
vt -0.230771 3.835281 0.000000
vt -0.261200 4.290584 0.000000
vt -0.307695 3.835281 0.000000
vt -0.307695 4.290708 0.000000
vt -0.384618 3.835281 0.000000
vt -0.384618 4.290913 0.000000
vt -0.348809 4.418061 0.000000
vt -0.437028 4.538701 0.000000
vt -0.570173 4.703733 0.000000
vt -0.615389 4.291527 0.000000
vt -0.615389 3.835281 0.000000
vt -0.692313 3.835281 0.000000
vt -0.615389 3.438613 0.000000
vt -0.692313 3.438613 0.000000
vt -0.615389 3.041946 0.000000
vt -0.692313 3.041946 0.000000
vt -0.615389 2.645279 0.000000
vt -0.692313 2.645279 0.000000
vt -0.615389 2.248611 0.000000
vt -0.692313 2.248611 0.000000
vt -0.615389 2.026802 0.000000
vt -0.692313 2.026802 0.000000
vt -0.615389 1.804994 0.000000
vt -0.692313 1.804994 0.000000
vt -0.664895 1.587610 0.000000
vt -0.722502 1.578569 0.000000
vt -0.769237 1.804994 0.000000
vt -0.769237 1.583185 0.000000
vt -0.846160 1.804994 0.000000
vt -0.846160 1.583185 0.000000
vt -0.896746 1.563015 0.000000
vt -0.838331 1.566246 0.000000
vt -0.614401 4.753511 0.000000
vt -0.658586 4.800539 0.000000
vt -0.692313 4.291731 0.000000
vt -0.692313 4.754406 0.000000
vt -0.769237 4.754250 0.000000
vt -0.702764 4.844756 0.000000
vt -0.746971 4.886103 0.000000
vt -0.791334 4.924590 0.000000
vt -0.846160 4.754093 0.000000
vt -0.769237 4.291936 0.000000
vt -0.846160 4.292141 0.000000
vt -0.846160 3.835281 0.000000
vt -0.923084 3.835281 0.000000
vt -0.846160 3.438613 0.000000
vt -0.923084 3.438613 0.000000
vt -0.846160 3.041946 0.000000
vt -0.923084 3.041946 0.000000
vt -0.846160 2.645279 0.000000
vt -0.923084 2.645279 0.000000
vt -0.846160 2.248611 0.000000
vt -0.923084 2.248611 0.000000
vt -0.846160 2.026802 0.000000
vt -0.923084 2.026802 0.000000
vt -0.923084 1.804994 0.000000
vt -0.923084 1.583185 0.000000
vt -0.938827 1.560274 0.000000
vt -1.000008 1.583185 0.000000
vt -0.980642 1.555410 0.000000
vt -1.063466 1.540122 0.000000
vt -1.076931 1.804994 0.000000
vt -1.076931 1.583185 0.000000
vt -1.153855 1.804994 0.000000
vt -1.153855 1.583185 0.000000
vt -1.230779 1.804994 0.000000
vt -1.230779 1.583185 0.000000
vt -1.307702 1.804994 0.000000
vt -1.307702 1.583185 0.000000
vt -1.384626 1.804994 0.000000
vt -1.384626 1.583185 0.000000
vt -1.461549 1.804994 0.000000
vt -1.461549 1.583185 0.000000
vt -1.538473 1.654442 0.000000
vt -1.538473 1.507915 0.000000
vt -0.837100 4.961039 0.000000
vt -0.884643 4.995301 0.000000
vt -0.923084 4.753936 0.000000
vt -0.933945 5.026850 0.000000
vt -1.000008 4.753780 0.000000
vt -0.985021 5.055164 0.000000
vt -1.037824 5.079667 0.000000
vt -1.076931 4.753623 0.000000
vt -1.092191 5.099727 0.000000
vt -1.153855 4.753467 0.000000
vt -1.148133 5.114797 0.000000
vt -1.205390 5.124292 0.000000
vt -1.230779 4.753310 0.000000
vt -1.262721 5.127728 0.000000
vt -1.307702 4.753154 0.000000
vt -1.320024 5.125044 0.000000
vt -1.377082 5.116268 0.000000
vt -1.384626 4.752997 0.000000
vt -1.432569 5.101886 0.000000
vt -1.461549 4.752841 0.000000
vt -1.486357 5.082448 0.000000
vt -1.538473 5.058486 0.000000
vt -1.538473 4.632979 0.000000
vt -1.461549 4.293778 0.000000
vt -1.384626 4.293573 0.000000
vt -1.461549 3.835281 0.000000
vt -1.384626 3.835281 0.000000
vt -1.384626 3.438613 0.000000
vt -1.307702 3.438613 0.000000
vt -1.307702 3.041946 0.000000
vt -1.230779 3.041946 0.000000
vt -1.230779 2.645279 0.000000
vt -1.153855 2.645279 0.000000
vt -1.153855 2.248611 0.000000
vt -1.076931 2.248611 0.000000
vt -1.076931 2.026802 0.000000
vt -1.000008 2.026802 0.000000
vt -1.000008 1.804994 0.000000
vt -1.538473 4.207472 0.000000
vt -1.538473 3.781965 0.000000
vt -1.461549 3.438613 0.000000
vt -1.384626 3.041946 0.000000
vt -1.307702 2.645279 0.000000
vt -1.230779 2.248611 0.000000
vt -1.153855 2.026802 0.000000
vt -1.538473 3.356458 0.000000
vt -1.461549 3.041946 0.000000
vt -1.384626 2.645279 0.000000
vt -1.307702 2.248611 0.000000
vt -1.230779 2.026802 0.000000
vt -1.538473 2.930951 0.000000
vt -1.461549 2.645279 0.000000
vt -1.384626 2.248611 0.000000
vt -1.307702 2.026802 0.000000
vt -1.538473 2.505444 0.000000
vt -1.461549 2.248611 0.000000
vt -1.384626 2.026802 0.000000
vt -1.538473 2.292691 0.000000
vt -1.538473 2.079938 0.000000
vt -1.461549 2.026802 0.000000
vt -1.538473 1.867184 0.000000
vt -1.538473 1.361376 0.000000
vt -1.537321 1.361906 0.000000
vt -1.460258 1.396838 0.000000
vt -1.382791 1.430791 0.000000
vt -1.304656 1.462996 0.000000
vt -1.225509 1.492650 0.000000
vt -1.145158 1.518731 0.000000
vt -0.780283 1.571440 0.000000
vt -0.607384 1.598541 0.000000
vt -0.550246 1.611262 0.000000
vt -0.538466 1.804994 0.000000
vt -0.493632 1.625666 0.000000
vt -0.461542 1.804994 0.000000
vt -0.437442 1.641691 0.000000
vt -0.384618 1.804994 0.000000
vt -0.381584 1.659276 0.000000
vt -0.325985 1.678359 0.000000
vt -0.307695 1.804994 0.000000
vt -0.270718 1.698823 0.000000
vt -0.230771 1.804994 0.000000
vt -0.215936 1.720508 0.000000
vt -0.153847 1.804994 0.000000
vt -0.161553 1.743334 0.000000
vt -0.000000 1.817800 0.000000
vt -1.307702 3.835281 0.000000
vt -1.307702 4.293369 0.000000
vt -1.230779 4.293164 0.000000
vt -1.230779 3.835281 0.000000
vt -1.153855 4.292959 0.000000
vt -1.230779 3.438613 0.000000
vt -1.153855 3.438613 0.000000
vt -1.153855 3.835281 0.000000
vt -1.076931 3.438613 0.000000
vt -1.076931 3.835281 0.000000
vt -1.000008 3.438613 0.000000
vt -1.000008 3.835281 0.000000
vt -1.076931 4.292755 0.000000
vt -1.000008 4.292550 0.000000
vt -0.923084 4.292345 0.000000
vt -0.769237 3.835281 0.000000
vt -0.769237 3.438613 0.000000
vt -0.769237 3.041946 0.000000
vt -0.769237 2.645279 0.000000
vt -0.769237 2.248611 0.000000
vt -0.769237 2.026802 0.000000
vt -0.538466 3.438613 0.000000
vt -0.461542 3.041946 0.000000
vt -0.384618 2.645279 0.000000
vt -0.307695 2.248611 0.000000
vt -0.230771 2.026802 0.000000
vt -0.307695 3.438613 0.000000
vt -0.230771 3.438613 0.000000
vt -0.153847 3.438613 0.000000
vt -1.153855 3.041946 0.000000
vt -1.076931 3.041946 0.000000
vt -1.000008 3.041946 0.000000
vt -0.538466 3.041946 0.000000
vt -0.538466 2.645279 0.000000
vt -0.538466 2.248611 0.000000
vt -0.538466 2.026802 0.000000
vt -0.230771 3.041946 0.000000
vt -0.153847 3.041946 0.000000
vt -1.076931 2.645279 0.000000
vt -1.000008 2.645279 0.000000
vt -0.461542 2.645279 0.000000
vt -0.384618 2.248611 0.000000
vt -0.307695 2.026802 0.000000
vt -0.153847 2.645279 0.000000
vt -1.000008 2.248611 0.000000
vt -0.461542 2.248611 0.000000
vt -0.461542 2.026802 0.000000
vt -0.384618 2.026802 0.000000
vt -3.515625 -3.793464 0.000000
vt -2.734375 -3.793464 0.000000
vt -3.515625 -1.750234 0.000000
vt -2.734375 -1.750234 0.000000
vt -3.774100 -1.322372 0.000000
vt -2.475900 -1.322372 0.000000
vt -4.023426 -0.889078 0.000000
vt -2.226574 -0.889078 0.000000
vt -4.143648 -0.669922 0.000000
vt -2.106352 -0.669922 0.000000
vt -4.260182 -0.448826 0.000000
vt -1.989818 -0.448826 0.000000
vt -4.372479 -0.225585 0.000000
vt -1.877521 -0.225585 0.000000
vt -4.479986 0.000000 0.000000
vt -1.770014 0.000000 0.000000
vt -0.000000 4.632978 0.000000
vt -0.000000 5.058485 0.000000
vt -0.076924 4.752823 0.000000
vt -0.050971 5.081975 0.000000
vt -0.103699 5.101193 0.000000
vt -0.153847 4.752962 0.000000
vt -0.158190 5.115594 0.000000
vt -0.230771 4.753101 0.000000
vt -0.213690 5.124545 0.000000
vt -0.269861 5.127734 0.000000
vt -0.307695 4.753240 0.000000
vt -0.326452 5.125002 0.000000
vt -0.384618 4.753379 0.000000
vt -0.382128 5.116529 0.000000
vt -0.436771 5.102688 0.000000
vt -0.461542 4.753518 0.000000
vt -0.490384 5.083858 0.000000
vt -0.538466 4.753657 0.000000
vt -0.542438 5.060684 0.000000
vt -0.592744 5.033783 0.000000
vt -0.615389 4.753796 0.000000
vt -0.641324 5.003689 0.000000
vt -0.692313 4.753935 0.000000
vt -0.688157 4.970933 0.000000
vt -0.733543 4.935767 0.000000
vt -0.769237 4.754073 0.000000
vt -0.778734 4.897491 0.000000
vt -0.823878 4.856101 0.000000
vt -0.846160 4.754212 0.000000
vt -0.869001 4.811680 0.000000
vt -0.914131 4.764311 0.000000
vt -0.923084 4.296001 0.000000
vt -0.959288 4.714075 0.000000
vt -1.000007 4.296169 0.000000
vt -1.004495 4.661052 0.000000
vt -1.049727 4.605386 0.000000
vt -1.076931 4.296337 0.000000
vt -1.094754 4.547503 0.000000
vt -1.153855 4.296506 0.000000
vt -1.184229 4.425725 0.000000
vt -1.230778 4.296674 0.000000
vt -1.273131 4.296766 0.000000
vt -1.230778 3.835280 0.000000
vt -1.307702 3.835280 0.000000
vt -1.230778 3.438613 0.000000
vt -1.307702 3.438613 0.000000
vt -1.230778 3.041946 0.000000
vt -1.307702 3.041946 0.000000
vt -1.230778 2.645278 0.000000
vt -1.307702 2.645278 0.000000
vt -1.230778 2.248611 0.000000
vt -1.307702 2.248611 0.000000
vt -1.230778 2.026802 0.000000
vt -1.307702 2.026802 0.000000
vt -1.230778 1.804993 0.000000
vt -1.307702 1.804993 0.000000
vt -1.267651 1.698784 0.000000
vt -1.322486 1.720488 0.000000
vt -1.384626 1.804993 0.000000
vt -1.376968 1.743355 0.000000
vt -1.431073 1.767255 0.000000
vt -1.384626 2.026802 0.000000
vt -1.461549 2.026802 0.000000
vt -1.461549 2.248611 0.000000
vt -1.538473 2.075162 0.000000
vt -1.538473 2.332525 0.000000
vt -1.461549 2.645278 0.000000
vt -1.538473 2.589886 0.000000
vt -1.538473 2.847248 0.000000
vt -1.461549 3.041946 0.000000
vt -1.538473 3.361972 0.000000
vt -1.461549 3.438613 0.000000
vt -1.461549 3.835280 0.000000
vt -1.384626 3.438613 0.000000
vt -1.384626 3.835280 0.000000
vt -1.361654 4.161618 0.000000
vt -1.450022 4.021268 0.000000
vt -1.538473 3.876699 0.000000
vt -1.538473 1.817800 0.000000
vt -1.484886 1.792100 0.000000
vt -1.461549 1.804993 0.000000
vt -1.212483 1.678357 0.000000
vt -1.153855 1.804993 0.000000
vt -1.153855 2.026802 0.000000
vt -1.153855 2.248611 0.000000
vt -1.153855 2.645278 0.000000
vt -1.153855 3.041946 0.000000
vt -1.153855 3.438613 0.000000
vt -1.153855 3.835280 0.000000
vt -1.156919 1.659286 0.000000
vt -1.100886 1.641648 0.000000
vt -1.076931 1.804993 0.000000
vt -1.044547 1.625588 0.000000
vt -1.000007 1.804993 0.000000
vt -0.987949 1.611196 0.000000
vt -0.923084 1.804993 0.000000
vt -0.931011 1.598524 0.000000
vt -0.873652 1.587622 0.000000
vt -0.846160 1.804993 0.000000
vt -0.815823 1.578548 0.000000
vt -0.769237 1.804993 0.000000
vt -0.769237 1.583185 0.000000
vt -0.757888 1.571408 0.000000
vt -0.692313 1.804993 0.000000
vt -0.699886 1.566227 0.000000
vt -0.692313 1.583185 0.000000
vt -0.641727 1.563015 0.000000
vt -0.615389 1.583185 0.000000
vt -0.599646 1.560274 0.000000
vt -0.557831 1.555410 0.000000
vt -0.538466 1.583185 0.000000
vt -0.475007 1.540121 0.000000
vt -0.461542 1.583185 0.000000
vt -0.393316 1.518731 0.000000
vt -0.384618 1.583185 0.000000
vt -0.312964 1.492650 0.000000
vt -0.307695 1.583185 0.000000
vt -0.233817 1.462996 0.000000
vt -0.230771 1.583185 0.000000
vt -0.155682 1.430791 0.000000
vt -0.153847 1.583185 0.000000
vt -0.076924 1.583185 0.000000
vt -0.153847 1.804993 0.000000
vt -0.076924 1.804993 0.000000
vt -0.153847 2.026802 0.000000
vt -0.076924 2.026802 0.000000
vt -0.153847 2.248611 0.000000
vt -0.076924 2.248611 0.000000
vt -0.153847 2.645278 0.000000
vt -0.076924 2.645278 0.000000
vt -0.153847 3.041946 0.000000
vt -0.076924 3.041946 0.000000
vt -0.153847 3.438613 0.000000
vt -0.076924 3.438613 0.000000
vt -0.153847 3.835280 0.000000
vt -0.076924 3.835280 0.000000
vt -0.076924 4.294150 0.000000
vt -0.000000 4.207472 0.000000
vt -0.078216 1.396838 0.000000
vt -0.000000 1.507915 0.000000
vt -0.000000 1.654442 0.000000
vt -0.001152 1.361906 0.000000
vt -0.000000 1.361376 0.000000
vt -0.000000 1.867184 0.000000
vt -0.000000 2.079937 0.000000
vt -0.000000 2.292691 0.000000
vt -0.000000 2.505444 0.000000
vt -0.000000 2.930951 0.000000
vt -0.000000 3.356458 0.000000
vt -0.000000 3.781965 0.000000
vt -0.846160 4.295833 0.000000
vt -0.923084 3.835280 0.000000
vt -1.000007 3.835280 0.000000
vt -0.923084 3.438613 0.000000
vt -1.000007 3.438613 0.000000
vt -0.923084 3.041946 0.000000
vt -1.000007 3.041946 0.000000
vt -0.923084 2.645278 0.000000
vt -1.000007 2.645278 0.000000
vt -0.923084 2.248611 0.000000
vt -1.000007 2.248611 0.000000
vt -0.923084 2.026802 0.000000
vt -1.000007 2.026802 0.000000
vt -0.769237 4.295664 0.000000
vt -0.846160 3.835280 0.000000
vt -0.846160 3.438613 0.000000
vt -0.846160 3.041946 0.000000
vt -0.846160 2.645278 0.000000
vt -0.846160 2.248611 0.000000
vt -0.846160 2.026802 0.000000
vt -0.692313 4.295496 0.000000
vt -0.769237 3.835280 0.000000
vt -0.769237 3.438613 0.000000
vt -0.769237 3.041946 0.000000
vt -0.769237 2.645278 0.000000
vt -0.769237 2.248611 0.000000
vt -0.769237 2.026802 0.000000
vt -0.615389 4.295328 0.000000
vt -0.692313 3.835280 0.000000
vt -0.692313 3.438613 0.000000
vt -0.692313 3.041946 0.000000
vt -0.692313 2.645278 0.000000
vt -0.692313 2.248611 0.000000
vt -0.692313 2.026802 0.000000
vt -0.538466 4.295160 0.000000
vt -0.615389 3.835280 0.000000
vt -0.615389 3.438613 0.000000
vt -0.615389 3.041946 0.000000
vt -0.615389 2.645278 0.000000
vt -0.615389 2.248611 0.000000
vt -0.615389 2.026802 0.000000
vt -0.615389 1.804993 0.000000
vt -0.461542 4.294992 0.000000
vt -0.538466 3.835280 0.000000
vt -0.538466 3.438613 0.000000
vt -0.538466 3.041946 0.000000
vt -0.538466 2.645278 0.000000
vt -0.538466 2.248611 0.000000
vt -0.538466 2.026802 0.000000
vt -0.538466 1.804993 0.000000
vt -0.384618 4.294823 0.000000
vt -0.461542 3.835280 0.000000
vt -0.461542 3.438613 0.000000
vt -0.461542 3.041946 0.000000
vt -0.461542 2.645278 0.000000
vt -0.461542 2.248611 0.000000
vt -0.461542 2.026802 0.000000
vt -0.461542 1.804993 0.000000
vt -0.307695 4.294655 0.000000
vt -0.384618 3.835280 0.000000
vt -0.384618 3.438613 0.000000
vt -0.384618 3.041946 0.000000
vt -0.384618 2.645278 0.000000
vt -0.384618 2.248611 0.000000
vt -0.384618 2.026802 0.000000
vt -0.384618 1.804993 0.000000
vt -0.230771 4.294487 0.000000
vt -0.307695 3.835280 0.000000
vt -0.307695 3.438613 0.000000
vt -0.307695 3.041946 0.000000
vt -0.307695 2.645278 0.000000
vt -0.307695 2.248611 0.000000
vt -0.307695 2.026802 0.000000
vt -0.307695 1.804993 0.000000
vt -0.153847 4.294319 0.000000
vt -0.230771 3.835280 0.000000
vt -0.230771 3.438613 0.000000
vt -0.230771 3.041946 0.000000
vt -0.230771 2.645278 0.000000
vt -0.230771 2.248611 0.000000
vt -0.230771 2.026802 0.000000
vt -0.230771 1.804993 0.000000
vt -1.076931 3.835280 0.000000
vt -1.076931 3.438613 0.000000
vt -1.076931 3.041946 0.000000
vt -1.076931 2.645278 0.000000
vt -1.076931 2.248611 0.000000
vt -1.076931 2.026802 0.000000
vt -1.384626 3.041946 0.000000
vt -1.384626 2.645278 0.000000
vt -1.384626 2.248611 0.000000
vt -0.756270 5.842841 0.000000
vt -0.742882 4.818027 0.000000
vt -0.717006 5.894607 0.000000
vt -0.675348 4.817851 0.000000
vt -0.632454 5.823366 0.000000
vt -0.607813 4.817675 0.000000
vt -0.547158 5.752692 0.000000
vt -0.540278 4.817500 0.000000
vt -0.472743 4.817324 0.000000
vt -0.540278 4.023492 0.000000
vt -0.472743 4.023492 0.000000
vt -0.472743 3.230890 0.000000
vt -0.405209 3.230890 0.000000
vt -0.405209 2.812607 0.000000
vt -0.337674 2.812607 0.000000
vt -0.337674 2.394324 0.000000
vt -0.270139 2.394324 0.000000
vt -0.270139 1.976041 0.000000
vt -0.202604 1.976041 0.000000
vt -0.202604 1.557758 0.000000
vt -0.135070 1.557758 0.000000
vt -0.135070 1.265678 0.000000
vt -0.067535 1.265678 0.000000
vt -0.067535 0.973599 0.000000
vt -0.000000 1.009713 0.000000
vt -0.000000 0.673142 0.000000
vt -0.067535 0.681519 0.000000
vt -0.067535 0.389440 0.000000
vt -0.135070 0.681519 0.000000
vt -0.135070 0.389440 0.000000
vt -0.202604 0.681519 0.000000
vt -0.202604 0.389440 0.000000
vt -0.270139 0.681519 0.000000
vt -0.270139 0.389440 0.000000
vt -0.337674 0.681519 0.000000
vt -0.337674 0.389440 0.000000
vt -0.405209 0.681519 0.000000
vt -0.405209 0.389440 0.000000
vt -0.472743 0.681519 0.000000
vt -0.472743 0.389440 0.000000
vt -0.540278 0.681519 0.000000
vt -0.540278 0.389440 0.000000
vt -0.607813 0.681519 0.000000
vt -0.607813 0.389440 0.000000
vt -0.675348 0.681519 0.000000
vt -0.675348 0.389440 0.000000
vt -0.742882 0.681519 0.000000
vt -0.742882 0.389440 0.000000
vt -0.810417 0.681519 0.000000
vt -0.810417 0.389440 0.000000
vt -0.877952 0.681519 0.000000
vt -0.877952 0.389440 0.000000
vt -0.945487 0.681519 0.000000
vt -0.945487 0.389440 0.000000
vt -1.013021 0.681519 0.000000
vt -1.013021 0.389440 0.000000
vt -1.080556 0.681519 0.000000
vt -1.080556 0.389440 0.000000
vt -1.148091 0.681519 0.000000
vt -1.148091 0.389440 0.000000
vt -1.215626 0.681519 0.000000
vt -1.215626 0.389440 0.000000
vt -1.283160 0.681519 0.000000
vt -1.283160 0.389440 0.000000
vt -1.350695 0.531102 0.000000
vt -1.350695 0.245205 0.000000
vt -0.795568 5.788130 0.000000
vt -0.810417 4.818202 0.000000
vt -0.810417 4.023492 0.000000
vt -0.877952 4.023492 0.000000
vt -0.810417 3.230890 0.000000
vt -0.877952 3.230890 0.000000
vt -0.810417 2.812607 0.000000
vt -0.877952 2.812607 0.000000
vt -0.810417 2.394324 0.000000
vt -0.877952 2.394324 0.000000
vt -0.810417 1.976041 0.000000
vt -0.877952 1.976041 0.000000
vt -0.810417 1.557758 0.000000
vt -0.877952 1.557758 0.000000
vt -0.810417 1.265678 0.000000
vt -0.877952 1.265678 0.000000
vt -0.810417 0.973599 0.000000
vt -0.877952 0.973599 0.000000
vt -0.834933 5.730594 0.000000
vt -0.874396 5.670356 0.000000
vt -0.877952 4.818378 0.000000
vt -0.953329 5.542984 0.000000
vt -0.945487 4.818553 0.000000
vt -1.013021 4.818729 0.000000
vt -1.013021 4.023492 0.000000
vt -1.080556 4.023492 0.000000
vt -1.013021 3.230890 0.000000
vt -1.080556 3.230890 0.000000
vt -1.013021 2.812607 0.000000
vt -1.080556 2.812607 0.000000
vt -1.013021 2.394324 0.000000
vt -1.080556 2.394324 0.000000
vt -1.013021 1.976041 0.000000
vt -1.080556 1.976041 0.000000
vt -1.013021 1.557758 0.000000
vt -1.080556 1.557758 0.000000
vt -1.013021 1.265678 0.000000
vt -1.080556 1.265678 0.000000
vt -1.013021 0.973599 0.000000
vt -1.080556 0.973599 0.000000
vt -1.031980 5.408326 0.000000
vt -1.080556 4.818904 0.000000
vt -1.148091 4.023492 0.000000
vt -1.148091 3.230890 0.000000
vt -1.148091 2.812607 0.000000
vt -1.148091 2.394324 0.000000
vt -1.148091 1.976041 0.000000
vt -1.148091 1.557758 0.000000
vt -1.148091 1.265678 0.000000
vt -1.148091 0.973599 0.000000
vt -1.110645 5.267640 0.000000
vt -1.148091 4.819080 0.000000
vt -1.215626 4.023492 0.000000
vt -1.215626 3.230890 0.000000
vt -1.215626 2.812607 0.000000
vt -1.215626 2.394324 0.000000
vt -1.215626 1.976041 0.000000
vt -1.215626 1.557758 0.000000
vt -1.215626 1.265678 0.000000
vt -1.215626 0.973599 0.000000
vt -1.189590 5.122168 0.000000
vt -1.215626 4.819256 0.000000
vt -1.283160 4.023492 0.000000
vt -1.283160 3.230890 0.000000
vt -1.283160 2.812607 0.000000
vt -1.283160 2.394324 0.000000
vt -1.283160 1.976041 0.000000
vt -1.283160 1.557758 0.000000
vt -1.283160 1.265678 0.000000
vt -1.283160 0.973599 0.000000
vt -1.269102 4.973149 0.000000
vt -1.283160 4.819431 0.000000
vt -1.350670 4.819607 0.000000
vt -1.350695 3.676003 0.000000
vt -1.349491 4.821823 0.000000
vt -1.350695 3.104201 0.000000
vt -1.350695 2.532400 0.000000
vt -1.350695 1.960598 0.000000
vt -1.350695 1.388796 0.000000
vt -1.350695 1.102895 0.000000
vt -1.350695 0.816997 0.000000
vt -1.278835 0.205802 0.000000
vt -1.204625 0.167795 0.000000
vt -1.148091 0.167818 0.000000
vt -1.127998 0.131500 0.000000
vt -1.080556 0.167845 0.000000
vt -1.048810 0.097249 0.000000
vt -0.967005 0.065436 0.000000
vt -1.013021 0.167873 0.000000
vt -0.882583 0.036499 0.000000
vt -0.945487 0.167900 0.000000
vt -0.877952 0.167928 0.000000
vt -0.795939 0.011003 0.000000
vt -0.810417 0.167955 0.000000
vt -0.742882 0.167983 0.000000
vt -0.707291 -0.010578 0.000000
vt -0.675348 0.168010 0.000000
vt -0.616761 -0.027795 0.000000
vt -0.607813 0.168038 0.000000
vt -0.525044 -0.040129 0.000000
vt -0.540278 0.168065 0.000000
vt -0.433552 -0.047128 0.000000
vt -0.472743 0.168093 0.000000
vt -0.405209 0.168120 0.000000
vt -0.342527 -0.048612 0.000000
vt -0.337674 0.168148 0.000000
vt -0.252503 -0.044441 0.000000
vt -0.270139 0.168175 0.000000
vt -0.165309 -0.034764 0.000000
vt -0.202604 0.168203 0.000000
vt -0.081154 -0.019856 0.000000
vt -0.135070 0.168230 0.000000
vt -0.067535 0.168258 0.000000
vt -0.000000 0.000000 0.000000
vt -0.000000 0.168285 0.000000
vt -0.000000 0.336571 0.000000
vt -0.000000 1.346284 0.000000
vt -0.067535 1.557758 0.000000
vt -0.135070 1.976041 0.000000
vt -0.202604 2.394324 0.000000
vt -0.270139 2.812607 0.000000
vt -0.337674 3.230890 0.000000
vt -0.405209 4.023492 0.000000
vt -0.405209 4.817149 0.000000
vt -0.460871 5.683352 0.000000
vt -0.000000 1.682855 0.000000
vt -0.067535 1.976041 0.000000
vt -0.135070 2.394324 0.000000
vt -0.202604 2.812607 0.000000
vt -0.270139 3.230890 0.000000
vt -0.337674 4.023492 0.000000
vt -0.337674 4.816973 0.000000
vt -0.373283 5.616112 0.000000
vt -0.000000 2.019426 0.000000
vt -0.067535 2.394324 0.000000
vt -0.135070 2.812607 0.000000
vt -0.202604 3.230890 0.000000
vt -0.270139 4.023492 0.000000
vt -0.270139 4.816797 0.000000
vt -0.283865 5.551686 0.000000
vt -0.000000 2.355996 0.000000
vt -0.000000 2.692567 0.000000
vt -0.067535 2.812607 0.000000
vt -0.067535 3.230890 0.000000
vt -0.135070 3.230890 0.000000
vt -0.135070 4.023492 0.000000
vt -0.202604 4.023492 0.000000
vt -0.135070 4.816446 0.000000
vt -0.202604 4.816622 0.000000
vt -0.145177 5.462254 0.000000
vt -0.192070 5.490915 0.000000
vt -0.000000 3.365709 0.000000
vt -0.067535 4.023492 0.000000
vt -0.067535 4.816271 0.000000
vt -0.097559 5.434950 0.000000
vt -0.000000 4.038851 0.000000
vt -0.000000 4.711993 0.000000
vt -0.000000 5.385135 0.000000
vt -0.049183 5.409184 0.000000
vt -0.945487 4.023492 0.000000
vt -0.945487 3.230890 0.000000
vt -0.945487 2.812607 0.000000
vt -0.945487 2.394324 0.000000
vt -0.945487 1.976041 0.000000
vt -0.945487 1.557758 0.000000
vt -0.945487 1.265678 0.000000
vt -0.945487 0.973599 0.000000
vt -0.742882 4.023492 0.000000
vt -0.742882 3.230890 0.000000
vt -0.742882 2.812607 0.000000
vt -0.742882 2.394324 0.000000
vt -0.742882 1.976041 0.000000
vt -0.742882 1.557758 0.000000
vt -0.742882 1.265678 0.000000
vt -0.742882 0.973599 0.000000
vt -0.675348 4.023492 0.000000
vt -0.675348 3.230890 0.000000
vt -0.675348 2.812607 0.000000
vt -0.675348 2.394324 0.000000
vt -0.675348 1.976041 0.000000
vt -0.675348 1.557758 0.000000
vt -0.675348 1.265678 0.000000
vt -0.675348 0.973599 0.000000
vt -0.607813 4.023492 0.000000
vt -0.607813 3.230890 0.000000
vt -0.607813 2.812607 0.000000
vt -0.607813 2.394324 0.000000
vt -0.607813 1.976041 0.000000
vt -0.607813 1.557758 0.000000
vt -0.607813 1.265678 0.000000
vt -0.607813 0.973599 0.000000
vt -0.540278 3.230890 0.000000
vt -0.472743 2.812607 0.000000
vt -0.405209 2.394324 0.000000
vt -0.337674 1.976041 0.000000
vt -0.270139 1.557758 0.000000
vt -0.202604 1.265678 0.000000
vt -0.135070 0.973599 0.000000
vt -0.540278 2.812607 0.000000
vt -0.540278 2.394324 0.000000
vt -0.540278 1.976041 0.000000
vt -0.540278 1.557758 0.000000
vt -0.540278 1.265678 0.000000
vt -0.540278 0.973599 0.000000
vt -0.472743 2.394324 0.000000
vt -0.405209 1.976041 0.000000
vt -0.337674 1.557758 0.000000
vt -0.270139 1.265678 0.000000
vt -0.202604 0.973599 0.000000
vt -0.472743 1.976041 0.000000
vt -0.472743 1.557758 0.000000
vt -0.472743 1.265678 0.000000
vt -0.472743 0.973599 0.000000
vt -0.405209 1.557758 0.000000
vt -0.337674 1.265678 0.000000
vt -0.270139 0.973599 0.000000
vt -0.405209 1.265678 0.000000
vt -0.405209 0.973599 0.000000
vt -0.337674 0.973599 0.000000
vt -0.001193 4.821873 0.000000
vt -0.067535 4.430349 0.000000
vt -0.000013 4.819657 0.000000
vt -0.067535 3.952930 0.000000
vt -0.000000 3.676043 0.000000
vt -0.067535 3.475510 0.000000
vt -0.000000 3.104234 0.000000
vt -0.067535 2.998090 0.000000
vt -0.000000 2.532426 0.000000
vt -0.067535 2.520670 0.000000
vt -0.067535 2.100559 0.000000
vt -0.135070 2.520670 0.000000
vt -0.135070 2.100559 0.000000
vt -0.202604 2.520670 0.000000
vt -0.202604 2.100559 0.000000
vt -0.270139 2.520670 0.000000
vt -0.270139 2.100559 0.000000
vt -0.337674 2.520670 0.000000
vt -0.337674 2.100559 0.000000
vt -0.405209 2.520670 0.000000
vt -0.405209 2.100559 0.000000
vt -0.472744 2.520670 0.000000
vt -0.472744 2.100559 0.000000
vt -0.540279 2.520670 0.000000
vt -0.540279 2.100559 0.000000
vt -0.607813 2.520670 0.000000
vt -0.607813 2.100559 0.000000
vt -0.675348 2.520670 0.000000
vt -0.675348 2.100559 0.000000
vt -0.742883 2.520670 0.000000
vt -0.742883 2.100559 0.000000
vt -0.810418 2.520670 0.000000
vt -0.810418 2.100559 0.000000
vt -0.877953 2.520670 0.000000
vt -0.877953 2.100559 0.000000
vt -0.945488 2.520670 0.000000
vt -0.945488 2.100559 0.000000
vt -1.013022 2.520670 0.000000
vt -1.013022 2.100559 0.000000
vt -1.080557 2.520670 0.000000
vt -1.080557 2.100559 0.000000
vt -1.148092 2.520670 0.000000
vt -1.148092 2.100559 0.000000
vt -1.215627 2.520670 0.000000
vt -1.215627 2.100559 0.000000
vt -1.283162 2.520670 0.000000
vt -1.283162 2.100559 0.000000
vt -1.350697 2.356020 0.000000
vt -1.350697 2.019446 0.000000
vt -0.067535 4.907769 0.000000
vt -0.081587 4.973200 0.000000
vt -0.135070 4.907769 0.000000
vt -0.161103 5.122220 0.000000
vt -0.202604 4.907769 0.000000
vt -0.240050 5.267694 0.000000
vt -0.270139 4.907769 0.000000
vt -0.318715 5.408380 0.000000
vt -0.337674 4.907769 0.000000
vt -0.397367 5.543039 0.000000
vt -0.405209 4.907769 0.000000
vt -0.472744 4.907769 0.000000
vt -0.405209 4.430349 0.000000
vt -0.472744 4.430349 0.000000
vt -0.405209 3.952930 0.000000
vt -0.472744 3.952930 0.000000
vt -0.405209 3.475510 0.000000
vt -0.472744 3.475510 0.000000
vt -0.405209 2.998090 0.000000
vt -0.472744 2.998090 0.000000
vt -0.476300 5.670414 0.000000
vt -0.540279 4.907769 0.000000
vt -0.540279 4.430349 0.000000
vt -0.540279 3.952930 0.000000
vt -0.540279 3.475510 0.000000
vt -0.540279 2.998090 0.000000
vt -0.515763 5.730653 0.000000
vt -0.555128 5.788190 0.000000
vt -0.607813 4.907769 0.000000
vt -0.594427 5.842902 0.000000
vt -0.633690 5.894670 0.000000
vt -0.675348 4.907769 0.000000
vt -0.718342 5.823343 0.000000
vt -0.742883 4.907769 0.000000
vt -0.803490 5.752792 0.000000
vt -0.810418 4.907769 0.000000
vt -0.889803 5.683427 0.000000
vt -0.877953 4.907769 0.000000
vt -0.945488 4.907769 0.000000
vt -0.877953 4.430349 0.000000
vt -0.945488 4.430349 0.000000
vt -0.877953 3.952930 0.000000
vt -0.945488 3.952930 0.000000
vt -0.877953 3.475510 0.000000
vt -0.945488 3.475510 0.000000
vt -0.877953 2.998090 0.000000
vt -0.945488 2.998090 0.000000
vt -0.977545 5.616067 0.000000
vt -1.013022 4.907769 0.000000
vt -1.013022 4.430349 0.000000
vt -1.013022 3.952930 0.000000
vt -1.013022 3.475510 0.000000
vt -1.013022 2.998090 0.000000
vt -1.067066 5.551578 0.000000
vt -1.080557 4.907769 0.000000
vt -1.080557 4.430349 0.000000
vt -1.080557 3.952930 0.000000
vt -1.080557 3.475510 0.000000
vt -1.080557 2.998090 0.000000
vt -1.158863 5.490820 0.000000
vt -1.148092 4.907769 0.000000
vt -1.148092 4.430349 0.000000
vt -1.148092 3.952930 0.000000
vt -1.148092 3.475510 0.000000
vt -1.148092 2.998090 0.000000
vt -1.205733 5.462178 0.000000
vt -1.215627 4.907769 0.000000
vt -1.215627 4.430349 0.000000
vt -1.215627 3.952930 0.000000
vt -1.215627 3.475510 0.000000
vt -1.215627 2.998090 0.000000
vt -1.253292 5.434915 0.000000
vt -1.283162 4.907769 0.000000
vt -1.283162 4.430349 0.000000
vt -1.283162 3.952930 0.000000
vt -1.283162 3.475510 0.000000
vt -1.283162 2.998090 0.000000
vt -1.301591 5.409197 0.000000
vt -1.350697 5.385189 0.000000
vt -1.350697 4.712040 0.000000
vt -1.350697 4.038892 0.000000
vt -1.350697 3.365743 0.000000
vt -1.350697 2.692595 0.000000
vt -1.283162 1.682750 0.000000
vt -1.350697 1.682872 0.000000
vt -1.350697 1.346297 0.000000
vt -1.283162 1.312849 0.000000
vt -1.350697 1.009723 0.000000
vt -1.283162 0.945251 0.000000
vt -1.350697 0.673149 0.000000
vt -1.283162 0.761452 0.000000
vt -1.283162 0.577654 0.000000
vt -1.215627 0.577654 0.000000
vt -1.215627 0.393855 0.000000
vt -1.148092 0.393855 0.000000
vt -1.215627 0.209869 0.000000
vt -1.148092 0.209775 0.000000
vt -1.188116 -0.034369 0.000000
vt -1.102428 -0.044102 0.000000
vt -1.350697 0.336574 0.000000
vt -1.283162 0.393855 0.000000
vt -1.283162 0.209962 0.000000
vt -1.270860 -0.019578 0.000000
vt -1.350697 0.168287 0.000000
vt -1.350697 0.000000 0.000000
vt -1.080557 0.209682 0.000000
vt -1.013950 -0.048516 0.000000
vt -1.013022 0.209588 0.000000
vt -0.945488 0.209495 0.000000
vt -0.945488 0.393855 0.000000
vt -0.877953 0.393855 0.000000
vt -0.945488 0.577654 0.000000
vt -0.877953 0.577654 0.000000
vt -0.945488 0.761452 0.000000
vt -0.877953 0.761452 0.000000
vt -0.945488 0.945251 0.000000
vt -0.877953 0.945251 0.000000
vt -0.945488 1.312849 0.000000
vt -0.877953 1.312849 0.000000
vt -0.877953 1.682023 0.000000
vt -0.810418 1.681902 0.000000
vt -0.924438 -0.047452 0.000000
vt -0.877953 0.209401 0.000000
vt -0.810418 0.393855 0.000000
vt -0.810418 0.577654 0.000000
vt -0.810418 0.761452 0.000000
vt -0.810418 0.945251 0.000000
vt -0.810418 1.312849 0.000000
vt -0.742883 1.681780 0.000000
vt -0.834479 -0.041039 0.000000
vt -0.810418 0.209307 0.000000
vt -0.742883 0.393855 0.000000
vt -0.742883 0.577654 0.000000
vt -0.742883 0.761452 0.000000
vt -0.742883 0.945251 0.000000
vt -0.742883 1.312849 0.000000
vt -0.675348 1.681659 0.000000
vt -0.744262 -0.029444 0.000000
vt -0.742883 0.209214 0.000000
vt -0.675348 0.393855 0.000000
vt -0.675348 0.577654 0.000000
vt -0.675348 0.761452 0.000000
vt -0.675348 0.945251 0.000000
vt -0.675348 1.312849 0.000000
vt -0.607813 1.681538 0.000000
vt -0.675348 0.209120 0.000000
vt -0.654948 -0.013047 0.000000
vt -0.607813 0.209027 0.000000
vt -0.567499 0.007617 0.000000
vt -0.540279 0.208933 0.000000
vt -0.482011 0.032121 0.000000
vt -0.472744 0.208840 0.000000
vt -0.398592 0.060042 0.000000
vt -0.405209 0.208746 0.000000
vt -0.337674 0.208653 0.000000
vt -0.337674 0.393855 0.000000
vt -0.270139 0.393855 0.000000
vt -0.337674 0.577654 0.000000
vt -0.270139 0.577654 0.000000
vt -0.337674 0.761452 0.000000
vt -0.270139 0.761452 0.000000
vt -0.337674 0.945251 0.000000
vt -0.270139 0.945251 0.000000
vt -0.337674 1.312849 0.000000
vt -0.270139 1.312849 0.000000
vt -0.270139 1.680932 0.000000
vt -0.202604 1.680811 0.000000
vt -0.316756 0.091198 0.000000
vt -0.270139 0.208559 0.000000
vt -0.236022 0.125506 0.000000
vt -0.202604 0.393855 0.000000
vt -0.202604 0.208466 0.000000
vt -0.156362 0.162749 0.000000
vt -0.077713 0.202715 0.000000
vt -0.135070 0.208372 0.000000
vt -0.135070 0.393855 0.000000
vt -0.202604 0.577654 0.000000
vt -0.000000 0.245195 0.000000
vt -0.067535 0.393855 0.000000
vt -0.000000 0.531098 0.000000
vt -0.067535 0.577654 0.000000
vt -0.135070 0.577654 0.000000
vt -0.135070 0.761452 0.000000
vt -0.202604 0.761452 0.000000
vt -0.202604 0.945251 0.000000
vt -0.000000 0.817001 0.000000
vt -0.067535 0.761452 0.000000
vt -0.135070 0.945251 0.000000
vt -0.202604 1.312849 0.000000
vt -0.067535 0.945251 0.000000
vt -0.000000 1.102905 0.000000
vt -0.067535 1.312849 0.000000
vt -0.000000 1.388810 0.000000
vt -0.000000 1.960618 0.000000
vt -0.067535 1.680568 0.000000
vt -0.135070 1.312849 0.000000
vt -0.810418 4.430349 0.000000
vt -0.810418 3.952930 0.000000
vt -0.810418 3.475510 0.000000
vt -0.810418 2.998090 0.000000
vt -0.742883 4.430349 0.000000
vt -0.742883 3.952930 0.000000
vt -0.742883 3.475510 0.000000
vt -0.742883 2.998090 0.000000
vt -0.675348 4.430349 0.000000
vt -0.675348 3.952930 0.000000
vt -0.675348 3.475510 0.000000
vt -0.675348 2.998090 0.000000
vt -0.607813 4.430349 0.000000
vt -0.607813 3.952930 0.000000
vt -0.607813 3.475510 0.000000
vt -0.607813 2.998090 0.000000
vt -0.337674 4.430349 0.000000
vt -0.337674 3.952930 0.000000
vt -0.337674 3.475510 0.000000
vt -0.337674 2.998090 0.000000
vt -0.270139 4.430349 0.000000
vt -0.270139 3.952930 0.000000
vt -0.270139 3.475510 0.000000
vt -0.270139 2.998090 0.000000
vt -0.202604 4.430349 0.000000
vt -0.202604 3.952930 0.000000
vt -0.202604 3.475510 0.000000
vt -0.202604 2.998090 0.000000
vt -0.135070 4.430349 0.000000
vt -0.135070 3.952930 0.000000
vt -0.135070 3.475510 0.000000
vt -0.135070 2.998090 0.000000
vt -1.215627 1.682629 0.000000
vt -1.148092 1.682508 0.000000
vt -1.080557 1.682387 0.000000
vt -1.013022 1.682265 0.000000
vt -0.945488 1.682144 0.000000
vt -0.540279 1.681417 0.000000
vt -0.607813 1.312849 0.000000
vt -0.607813 0.945251 0.000000
vt -0.607813 0.761452 0.000000
vt -0.607813 0.577654 0.000000
vt -0.607813 0.393855 0.000000
vt -0.472744 1.681295 0.000000
vt -0.540279 1.312849 0.000000
vt -0.540279 0.945251 0.000000
vt -0.540279 0.761452 0.000000
vt -0.540279 0.577654 0.000000
vt -0.540279 0.393855 0.000000
vt -0.405209 1.681174 0.000000
vt -0.472744 1.312849 0.000000
vt -0.472744 0.945251 0.000000
vt -0.472744 0.761452 0.000000
vt -0.472744 0.577654 0.000000
vt -0.472744 0.393855 0.000000
vt -0.337674 1.681053 0.000000
vt -0.405209 1.312849 0.000000
vt -0.405209 0.945251 0.000000
vt -0.405209 0.761452 0.000000
vt -0.405209 0.577654 0.000000
vt -0.405209 0.393855 0.000000
vt -0.135070 1.680689 0.000000
vt -1.215627 1.312849 0.000000
vt -1.148092 1.312849 0.000000
vt -1.080557 1.312849 0.000000
vt -1.013022 1.312849 0.000000
vt -1.215627 0.945251 0.000000
vt -1.215627 0.761452 0.000000
vt -1.148092 0.945251 0.000000
vt -1.148092 0.761452 0.000000
vt -1.148092 0.577654 0.000000
vt -1.080557 0.945251 0.000000
vt -1.080557 0.761452 0.000000
vt -1.080557 0.577654 0.000000
vt -1.080557 0.393855 0.000000
vt -1.013022 0.945251 0.000000
vt -1.013022 0.761452 0.000000
vt -1.013022 0.577654 0.000000
vt -1.013022 0.393855 0.000000
vt 0.000000 -5.491023 0.000000
vt 0.237396 -5.327181 0.000000
vt 0.000000 -0.758977 0.000000
vt 0.237410 -0.922840 0.000000
vt 0.477259 -5.166955 0.000000
vt 0.477275 -1.083067 0.000000
vt 0.719248 -1.240056 0.000000
vt 0.719235 -5.009954 0.000000
vt 0.962974 -4.855762 0.000000
vt 1.454742 -4.554284 0.000000
vt 1.454734 -1.695738 0.000000
vt 0.962994 -1.394239 0.000000
vt 1.950884 -4.259968 0.000000
vt 1.950880 -1.990018 0.000000
vt 2.450130 -2.279058 0.000000
vt 2.450141 -3.970940 0.000000
vt 2.951746 -2.563978 0.000000
vt 2.951757 -3.686033 0.000000
vt 3.959909 -3.125000 0.000000
vt -25.000000 0.152716 0.000000
vt -24.074074 0.152716 0.000000
vt -25.000000 0.196350 0.000000
vt -23.148148 0.152716 0.000000
vt -22.222222 0.152716 0.000000
vt -22.222222 0.109083 0.000000
vt -21.296296 0.109083 0.000000
vt -21.296296 0.065450 0.000000
vt -20.370370 0.065450 0.000000
vt -20.370370 0.021817 0.000000
vt -19.444444 0.021817 0.000000
vt -19.444444 -0.021817 0.000000
vt -18.518519 -0.021817 0.000000
vt -18.518519 -0.065450 0.000000
vt -17.592593 -0.065450 0.000000
vt -17.592593 -0.109083 0.000000
vt -16.666667 -0.109083 0.000000
vt -16.666667 -0.152716 0.000000
vt -15.740741 -0.152716 0.000000
vt -25.000000 -0.196350 0.000000
vt -14.814815 -0.152716 0.000000
vt -13.888889 -0.152716 0.000000
vt -14.814815 -0.109083 0.000000
vt -13.888889 -0.109083 0.000000
vt -14.814815 -0.065450 0.000000
vt -13.888889 -0.065450 0.000000
vt -14.814815 -0.021817 0.000000
vt -13.888889 -0.021817 0.000000
vt -14.814815 0.021817 0.000000
vt -13.888889 0.021817 0.000000
vt -14.814815 0.065450 0.000000
vt -13.888889 0.065450 0.000000
vt -14.814815 0.109083 0.000000
vt -13.888889 0.109083 0.000000
vt -14.814815 0.152716 0.000000
vt -13.888889 0.152716 0.000000
vt -12.962963 0.152716 0.000000
vt -12.037037 0.152716 0.000000
vt -12.037037 0.109083 0.000000
vt -11.111111 0.109083 0.000000
vt -11.111111 0.065450 0.000000
vt -10.185185 0.065450 0.000000
vt -10.185185 0.021817 0.000000
vt -9.259259 0.021817 0.000000
vt -9.259259 -0.021817 0.000000
vt -8.333333 -0.021817 0.000000
vt -8.333333 -0.065450 0.000000
vt -7.407407 -0.065450 0.000000
vt -7.407407 -0.109083 0.000000
vt -6.481481 -0.109083 0.000000
vt -6.481481 -0.152716 0.000000
vt -5.555556 -0.152716 0.000000
vt -0.000000 -0.196350 0.000000
vt -4.629630 -0.152716 0.000000
vt -3.703704 -0.152716 0.000000
vt -4.629630 -0.109083 0.000000
vt -3.703704 -0.109083 0.000000
vt -4.629630 -0.065450 0.000000
vt -3.703704 -0.065450 0.000000
vt -4.629630 -0.021817 0.000000
vt -3.703704 -0.021817 0.000000
vt -4.629630 0.021817 0.000000
vt -3.703704 0.021817 0.000000
vt -4.629630 0.065450 0.000000
vt -3.703704 0.065450 0.000000
vt -4.629630 0.109083 0.000000
vt -3.703704 0.109083 0.000000
vt -4.629630 0.152716 0.000000
vt -3.703704 0.152716 0.000000
vt -0.000000 0.196350 0.000000
vt -2.777778 0.152716 0.000000
vt -1.851852 0.152716 0.000000
vt -1.851852 0.109083 0.000000
vt -0.925926 0.109083 0.000000
vt -0.925926 0.065450 0.000000
vt -0.000000 0.065450 0.000000
vt -0.000000 0.021817 0.000000
vt -0.925926 0.021817 0.000000
vt -0.000000 -0.021817 0.000000
vt -0.925926 -0.021817 0.000000
vt -0.000000 -0.065450 0.000000
vt -0.925926 -0.065450 0.000000
vt -0.000000 -0.109083 0.000000
vt -0.925926 -0.109083 0.000000
vt -0.000000 -0.152716 0.000000
vt -0.925926 -0.152716 0.000000
vt -1.851852 -0.152716 0.000000
vt -2.777778 -0.152716 0.000000
vt -2.777778 -0.109083 0.000000
vt -24.074074 0.109083 0.000000
vt -25.000000 0.109083 0.000000
vt -24.074074 0.065450 0.000000
vt -25.000000 0.065450 0.000000
vt -24.074074 0.021817 0.000000
vt -25.000000 0.021817 0.000000
vt -24.074074 -0.021817 0.000000
vt -25.000000 -0.021817 0.000000
vt -24.074074 -0.065450 0.000000
vt -25.000000 -0.065450 0.000000
vt -24.074074 -0.109083 0.000000
vt -25.000000 -0.109083 0.000000
vt -24.074074 -0.152716 0.000000
vt -25.000000 -0.152716 0.000000
vt -12.962963 -0.152716 0.000000
vt -12.037037 -0.152716 0.000000
vt -11.111111 -0.152716 0.000000
vt -12.037037 -0.109083 0.000000
vt -11.111111 -0.109083 0.000000
vt -12.037037 -0.065450 0.000000
vt -11.111111 -0.065450 0.000000
vt -12.037037 -0.021817 0.000000
vt -11.111111 -0.021817 0.000000
vt -12.037037 0.021817 0.000000
vt -11.111111 0.021817 0.000000
vt -12.037037 0.065450 0.000000
vt -0.000000 0.109083 0.000000
vt -0.925926 0.152716 0.000000
vt -0.000000 0.152716 0.000000
vt -11.111111 0.152716 0.000000
vt -10.185185 0.152716 0.000000
vt -10.185185 0.109083 0.000000
vt -9.259259 0.109083 0.000000
vt -9.259259 0.065450 0.000000
vt -8.333333 0.065450 0.000000
vt -8.333333 0.021817 0.000000
vt -7.407407 0.021817 0.000000
vt -7.407407 -0.021817 0.000000
vt -6.481481 -0.021817 0.000000
vt -6.481481 -0.065450 0.000000
vt -5.555556 -0.065450 0.000000
vt -5.555556 -0.109083 0.000000
vt -23.148148 0.109083 0.000000
vt -23.148148 0.065450 0.000000
vt -23.148148 0.021817 0.000000
vt -23.148148 -0.021817 0.000000
vt -23.148148 -0.065450 0.000000
vt -23.148148 -0.109083 0.000000
vt -23.148148 -0.152716 0.000000
vt -21.296296 0.152716 0.000000
vt -20.370370 0.152716 0.000000
vt -19.444444 0.152716 0.000000
vt -19.444444 0.109083 0.000000
vt -18.518519 0.109083 0.000000
vt -18.518519 0.065450 0.000000
vt -17.592593 0.065450 0.000000
vt -17.592593 0.021817 0.000000
vt -16.666667 0.021817 0.000000
vt -16.666667 -0.021817 0.000000
vt -15.740741 -0.021817 0.000000
vt -15.740741 -0.065450 0.000000
vt -20.370370 0.109083 0.000000
vt -18.518519 0.152716 0.000000
vt -17.592593 0.152716 0.000000
vt -16.666667 0.152716 0.000000
vt -16.666667 0.109083 0.000000
vt -15.740741 0.109083 0.000000
vt -15.740741 0.065450 0.000000
vt -17.592593 0.109083 0.000000
vt -15.740741 0.152716 0.000000
vt -12.962963 0.109083 0.000000
vt -12.962963 0.065450 0.000000
vt -12.962963 0.021817 0.000000
vt -12.962963 -0.021817 0.000000
vt -12.962963 -0.065450 0.000000
vt -12.962963 -0.109083 0.000000
vt -9.259259 0.152716 0.000000
vt -8.333333 0.152716 0.000000
vt -7.407407 0.152716 0.000000
vt -7.407407 0.109083 0.000000
vt -6.481481 0.109083 0.000000
vt -6.481481 0.065450 0.000000
vt -5.555556 0.065450 0.000000
vt -5.555556 0.021817 0.000000
vt -8.333333 0.109083 0.000000
vt -6.481481 0.152716 0.000000
vt -5.555556 0.152716 0.000000
vt -5.555556 0.109083 0.000000
vt -2.777778 0.109083 0.000000
vt -2.777778 0.065450 0.000000
vt -2.777778 0.021817 0.000000
vt -2.777778 -0.021817 0.000000
vt -2.777778 -0.065450 0.000000
vt -22.222222 0.065450 0.000000
vt -21.296296 0.021817 0.000000
vt -20.370370 -0.021817 0.000000
vt -19.444444 -0.065450 0.000000
vt -18.518519 -0.109083 0.000000
vt -17.592593 -0.152716 0.000000
vt -19.444444 0.065450 0.000000
vt -16.666667 0.065450 0.000000
vt -7.407407 0.065450 0.000000
vt -1.851852 0.065450 0.000000
vt -22.222222 0.021817 0.000000
vt -22.222222 -0.021817 0.000000
vt -22.222222 -0.065450 0.000000
vt -22.222222 -0.109083 0.000000
vt -22.222222 -0.152716 0.000000
vt -18.518519 0.021817 0.000000
vt -15.740741 0.021817 0.000000
vt -6.481481 0.021817 0.000000
vt -1.851852 0.021817 0.000000
vt -1.851852 -0.021817 0.000000
vt -1.851852 -0.065450 0.000000
vt -1.851852 -0.109083 0.000000
vt -21.296296 -0.021817 0.000000
vt -20.370370 -0.065450 0.000000
vt -19.444444 -0.109083 0.000000
vt -18.518519 -0.152716 0.000000
vt -17.592593 -0.021817 0.000000
vt -10.185185 -0.021817 0.000000
vt -10.185185 -0.065450 0.000000
vt -10.185185 -0.109083 0.000000
vt -10.185185 -0.152716 0.000000
vt -5.555556 -0.021817 0.000000
vt -21.296296 -0.065450 0.000000
vt -21.296296 -0.109083 0.000000
vt -21.296296 -0.152716 0.000000
vt -16.666667 -0.065450 0.000000
vt -9.259259 -0.065450 0.000000
vt -8.333333 -0.109083 0.000000
vt -7.407407 -0.152716 0.000000
vt -20.370370 -0.109083 0.000000
vt -19.444444 -0.152716 0.000000
vt -15.740741 -0.109083 0.000000
vt -9.259259 -0.109083 0.000000
vt -9.259259 -0.152716 0.000000
vt -20.370370 -0.152716 0.000000
vt -8.333333 -0.152716 0.000000
vt 0.250000 0.000000 0.000000
vt 1.958333 14.749741 0.000000
vt 0.250000 25.000000 0.000000
vt 1.958333 21.544136 0.000000
vt 1.964596 21.623022 0.000000
vt 6.141179 0.000000 0.000000
vt 4.841464 1.711017 0.000000
vt 4.790518 1.771449 0.000000
vt 2.604101 2.943336 0.000000
vt 2.676439 2.971694 0.000000
vt 4.749732 1.839154 0.000000
vt 4.720125 1.912441 0.000000
vt 6.141179 1.562500 0.000000
vt 5.197076 1.562500 0.000000
vt 5.118282 1.568748 0.000000
vt 5.041457 1.587334 0.000000
vt 4.968521 1.617795 0.000000
vt 4.901297 1.659369 0.000000
vt 4.702437 1.989478 0.000000
vt 4.697110 2.068339 0.000000
vt 4.704278 2.147055 0.000000
vt 4.723760 2.223657 0.000000
vt 4.755070 2.296233 0.000000
vt 4.797427 2.362967 0.000000
vt 4.849770 2.422192 0.000000
vt 6.141179 4.651275 0.000000
vt 4.910793 2.472429 0.000000
vt 4.978970 2.512422 0.000000
vt 6.141179 3.075819 0.000000
vt 2.528244 2.926527 0.000000
vt 2.450697 2.921674 0.000000
vt 2.373336 2.928893 0.000000
vt 2.298027 2.948011 0.000000
vt 2.226588 2.978565 0.000000
vt 2.160746 3.019817 0.000000
vt 2.102090 3.070772 0.000000
vt 2.052037 3.130200 0.000000
vt 2.011795 3.196664 0.000000
vt 1.982335 3.268560 0.000000
vt 1.964370 3.344153 0.000000
vt 1.958333 3.421616 0.000000
vt 1.958333 10.216011 0.000000
vt 1.964370 14.672278 0.000000
vt 1.964596 10.294897 0.000000
vt 1.982335 14.596685 0.000000
vt 1.983225 10.371807 0.000000
vt 2.011795 14.524789 0.000000
vt 2.013756 10.444814 0.000000
vt 2.052037 14.458325 0.000000
vt 2.055423 10.512090 0.000000
vt 2.102090 14.398897 0.000000
vt 2.107182 10.571950 0.000000
vt 2.160746 14.347942 0.000000
vt 2.167737 10.622894 0.000000
vt 2.226588 14.306690 0.000000
vt 2.235571 10.663646 0.000000
vt 2.298027 14.276136 0.000000
vt 2.308985 10.693185 0.000000
vt 2.373336 14.257018 0.000000
vt 2.386141 10.710772 0.000000
vt 2.450697 14.249799 0.000000
vt 2.465104 10.715965 0.000000
vt 2.528244 14.254652 0.000000
vt 2.543898 10.708635 0.000000
vt 2.604101 14.271461 0.000000
vt 2.620549 10.688966 0.000000
vt 2.676439 14.299819 0.000000
vt 2.693136 10.657449 0.000000
vt 4.524186 11.614553 0.000000
vt 4.529456 11.536788 0.000000
vt 4.546748 11.460788 0.000000
vt 4.575641 11.388398 0.000000
vt 4.615433 11.321378 0.000000
vt 4.665157 11.261356 0.000000
vt 4.723605 11.209791 0.000000
vt 6.141179 8.823423 0.000000
vt 4.789357 11.167937 0.000000
vt 6.141179 10.448898 0.000000
vt 4.531066 11.692191 0.000000
vt 4.697110 13.396464 0.000000
vt 4.704278 13.475180 0.000000
vt 4.549928 11.767818 0.000000
vt 4.702437 13.317603 0.000000
vt 4.580313 11.839594 0.000000
vt 4.621485 11.905775 0.000000
vt 4.720125 13.240566 0.000000
vt 4.672441 11.964754 0.000000
vt 4.749732 13.167279 0.000000
vt 4.731945 12.015097 0.000000
vt 4.790518 13.099574 0.000000
vt 4.798549 12.055581 0.000000
vt 4.841464 13.039142 0.000000
vt 4.870636 12.085222 0.000000
vt 4.901297 12.987494 0.000000
vt 4.946454 12.103300 0.000000
vt 4.968521 12.945920 0.000000
vt 5.024160 12.109375 0.000000
vt 5.041457 12.915459 0.000000
vt 5.118282 12.896873 0.000000
vt 5.197076 12.890625 0.000000
vt 6.141179 12.109375 0.000000
vt 6.141179 12.890625 0.000000
vt 4.723760 13.551782 0.000000
vt 4.755070 13.624358 0.000000
vt 4.797427 13.691092 0.000000
vt 4.849770 13.750317 0.000000
vt 6.141179 15.979400 0.000000
vt 4.910793 13.800554 0.000000
vt 4.978970 13.840547 0.000000
vt 6.141179 14.403944 0.000000
vt 1.983225 21.699932 0.000000
vt 2.013756 21.772939 0.000000
vt 2.055423 21.840215 0.000000
vt 2.107182 21.900075 0.000000
vt 2.167737 21.951019 0.000000
vt 2.235571 21.991771 0.000000
vt 2.308985 22.021310 0.000000
vt 2.386141 22.038897 0.000000
vt 2.465104 22.044090 0.000000
vt 2.543898 22.036760 0.000000
vt 4.621485 23.233900 0.000000
vt 4.672441 23.292879 0.000000
vt 2.620549 22.017091 0.000000
vt 4.580313 23.167719 0.000000
vt 2.693136 21.985574 0.000000
vt 4.549928 23.095943 0.000000
vt 4.531066 23.020316 0.000000
vt 4.524186 22.942678 0.000000
vt 4.529456 22.864913 0.000000
vt 4.546748 22.788913 0.000000
vt 4.575641 22.716523 0.000000
vt 4.615433 22.649503 0.000000
vt 4.665157 22.589481 0.000000
vt 4.723605 22.537916 0.000000
vt 6.141179 20.151548 0.000000
vt 4.789357 22.496062 0.000000
vt 6.141179 21.777023 0.000000
vt 4.731945 23.343222 0.000000
vt 6.141179 25.000000 0.000000
vt 4.798549 23.383706 0.000000
vt 4.870636 23.413347 0.000000
vt 4.946454 23.431425 0.000000
vt 5.024160 23.437500 0.000000
vt 6.141179 23.437500 0.000000
vt 1.288616 -2.350681 0.000000
vt 5.297718 -6.350681 0.000000
vt 0.052450 -0.877476 0.000000
vt -5.629671 6.672075 0.000000
vt -6.012693 6.350681 0.000000
vt 5.075393 -6.863586 0.000000
vt 5.427601 -6.894400 0.000000
vt 6.142576 -6.294465 0.000000
vt 5.106207 -6.894400 0.000000
vt 5.141904 -6.919395 0.000000
vt 5.181399 -6.937812 0.000000
vt 5.223492 -6.949091 0.000000
vt 5.266904 -6.952889 0.000000
vt 5.310316 -6.949091 0.000000
vt 5.352409 -6.937812 0.000000
vt 5.391904 -6.919395 0.000000
vt 5.833949 -5.900730 0.000000
vt 6.173390 -6.263651 0.000000
vt 6.198385 -6.227954 0.000000
vt 6.216802 -6.188459 0.000000
vt 6.228081 -6.146366 0.000000
vt 6.231879 -6.102954 0.000000
vt 6.228081 -6.059542 0.000000
vt 6.216802 -6.017449 0.000000
vt 6.198385 -5.977954 0.000000
vt 6.173390 -5.942257 0.000000
vt 5.787718 -5.482630 0.000000
vt 5.608974 -5.632614 0.000000
vt -25.000000 0.152716 0.000000
vt -24.074074 0.152716 0.000000
vt -25.000000 0.196350 0.000000
vt -23.148148 0.152716 0.000000
vt -22.222222 0.152716 0.000000
vt -22.222222 0.109083 0.000000
vt -21.296296 0.109083 0.000000
vt -21.296296 0.065450 0.000000
vt -20.370370 0.065450 0.000000
vt -20.370370 0.021817 0.000000
vt -19.444444 0.021817 0.000000
vt -19.444444 -0.021817 0.000000
vt -18.518519 -0.021817 0.000000
vt -18.518519 -0.065450 0.000000
vt -17.592593 -0.065450 0.000000
vt -17.592593 -0.109083 0.000000
vt -16.666667 -0.109083 0.000000
vt -16.666667 -0.152716 0.000000
vt -15.740741 -0.152716 0.000000
vt -25.000000 -0.196350 0.000000
vt -14.814815 -0.152716 0.000000
vt -13.888889 -0.152716 0.000000
vt -14.814815 -0.109083 0.000000
vt -13.888889 -0.109083 0.000000
vt -14.814815 -0.065450 0.000000
vt -13.888889 -0.065450 0.000000
vt -14.814815 -0.021817 0.000000
vt -13.888889 -0.021817 0.000000
vt -14.814815 0.021817 0.000000
vt -13.888889 0.021817 0.000000
vt -14.814815 0.065450 0.000000
vt -13.888889 0.065450 0.000000
vt -14.814815 0.109083 0.000000
vt -13.888889 0.109083 0.000000
vt -14.814815 0.152716 0.000000
vt -13.888889 0.152716 0.000000
vt -12.962963 0.152716 0.000000
vt -12.037037 0.152716 0.000000
vt -12.037037 0.109083 0.000000
vt -11.111111 0.109083 0.000000
vt -11.111111 0.065450 0.000000
vt -10.185185 0.065450 0.000000
vt -10.185185 0.021817 0.000000
vt -9.259259 0.021817 0.000000
vt -9.259259 -0.021817 0.000000
vt -8.333333 -0.021817 0.000000
vt -8.333333 -0.065450 0.000000
vt -7.407407 -0.065450 0.000000
vt -7.407407 -0.109083 0.000000
vt -6.481481 -0.109083 0.000000
vt -6.481481 -0.152716 0.000000
vt -5.555556 -0.152716 0.000000
vt -0.000000 -0.196350 0.000000
vt -4.629630 -0.152716 0.000000
vt -3.703704 -0.152716 0.000000
vt -4.629630 -0.109083 0.000000
vt -3.703704 -0.109083 0.000000
vt -4.629630 -0.065450 0.000000
vt -3.703704 -0.065450 0.000000
vt -4.629630 -0.021817 0.000000
vt -3.703704 -0.021817 0.000000
vt -4.629630 0.021817 0.000000
vt -3.703704 0.021817 0.000000
vt -4.629630 0.065450 0.000000
vt -3.703704 0.065450 0.000000
vt -4.629630 0.109083 0.000000
vt -3.703704 0.109083 0.000000
vt -4.629630 0.152716 0.000000
vt -3.703704 0.152716 0.000000
vt -0.000000 0.196350 0.000000
vt -2.777778 0.152716 0.000000
vt -1.851852 0.152716 0.000000
vt -1.851852 0.109083 0.000000
vt -0.925926 0.109083 0.000000
vt -0.925926 0.065450 0.000000
vt -0.000000 0.065450 0.000000
vt -0.000000 0.021817 0.000000
vt -0.925926 0.021817 0.000000
vt -0.000000 -0.021817 0.000000
vt -0.925926 -0.021817 0.000000
vt -0.000000 -0.065450 0.000000
vt -0.925926 -0.065450 0.000000
vt -0.000000 -0.109083 0.000000
vt -0.925926 -0.109083 0.000000
vt -0.000000 -0.152716 0.000000
vt -0.925926 -0.152716 0.000000
vt -1.851852 -0.152716 0.000000
vt -2.777778 -0.152716 0.000000
vt -2.777778 -0.109083 0.000000
vt -24.074074 0.109083 0.000000
vt -25.000000 0.109083 0.000000
vt -24.074074 0.065450 0.000000
vt -25.000000 0.065450 0.000000
vt -24.074074 0.021817 0.000000
vt -25.000000 0.021817 0.000000
vt -24.074074 -0.021817 0.000000
vt -25.000000 -0.021817 0.000000
vt -24.074074 -0.065450 0.000000
vt -25.000000 -0.065450 0.000000
vt -24.074074 -0.109083 0.000000
vt -25.000000 -0.109083 0.000000
vt -24.074074 -0.152716 0.000000
vt -25.000000 -0.152716 0.000000
vt -12.962963 -0.152716 0.000000
vt -12.037037 -0.152716 0.000000
vt -11.111111 -0.152716 0.000000
vt -12.037037 -0.109083 0.000000
vt -11.111111 -0.109083 0.000000
vt -12.037037 -0.065450 0.000000
vt -11.111111 -0.065450 0.000000
vt -12.037037 -0.021817 0.000000
vt -11.111111 -0.021817 0.000000
vt -12.037037 0.021817 0.000000
vt -11.111111 0.021817 0.000000
vt -12.037037 0.065450 0.000000
vt -0.000000 0.109083 0.000000
vt -0.925926 0.152716 0.000000
vt -0.000000 0.152716 0.000000
vt -11.111111 0.152716 0.000000
vt -10.185185 0.152716 0.000000
vt -10.185185 0.109083 0.000000
vt -9.259259 0.109083 0.000000
vt -9.259259 0.065450 0.000000
vt -8.333333 0.065450 0.000000
vt -8.333333 0.021817 0.000000
vt -7.407407 0.021817 0.000000
vt -7.407407 -0.021817 0.000000
vt -6.481481 -0.021817 0.000000
vt -6.481481 -0.065450 0.000000
vt -5.555556 -0.065450 0.000000
vt -5.555556 -0.109083 0.000000
vt -23.148148 0.109083 0.000000
vt -23.148148 0.065450 0.000000
vt -23.148148 0.021817 0.000000
vt -23.148148 -0.021817 0.000000
vt -23.148148 -0.065450 0.000000
vt -23.148148 -0.109083 0.000000
vt -23.148148 -0.152716 0.000000
vt -21.296296 0.152716 0.000000
vt -20.370370 0.152716 0.000000
vt -19.444444 0.152716 0.000000
vt -19.444444 0.109083 0.000000
vt -18.518519 0.109083 0.000000
vt -18.518519 0.065450 0.000000
vt -17.592593 0.065450 0.000000
vt -17.592593 0.021817 0.000000
vt -16.666667 0.021817 0.000000
vt -16.666667 -0.021817 0.000000
vt -15.740741 -0.021817 0.000000
vt -15.740741 -0.065450 0.000000
vt -20.370370 0.109083 0.000000
vt -18.518519 0.152716 0.000000
vt -17.592593 0.152716 0.000000
vt -16.666667 0.152716 0.000000
vt -16.666667 0.109083 0.000000
vt -15.740741 0.109083 0.000000
vt -15.740741 0.065450 0.000000
vt -17.592593 0.109083 0.000000
vt -15.740741 0.152716 0.000000
vt -12.962963 0.109083 0.000000
vt -12.962963 0.065450 0.000000
vt -12.962963 0.021817 0.000000
vt -12.962963 -0.021817 0.000000
vt -12.962963 -0.065450 0.000000
vt -12.962963 -0.109083 0.000000
vt -9.259259 0.152716 0.000000
vt -8.333333 0.152716 0.000000
vt -7.407407 0.152716 0.000000
vt -7.407407 0.109083 0.000000
vt -6.481481 0.109083 0.000000
vt -6.481481 0.065450 0.000000
vt -5.555556 0.065450 0.000000
vt -5.555556 0.021817 0.000000
vt -8.333333 0.109083 0.000000
vt -6.481481 0.152716 0.000000
vt -5.555556 0.152716 0.000000
vt -5.555556 0.109083 0.000000
vt -2.777778 0.109083 0.000000
vt -2.777778 0.065450 0.000000
vt -2.777778 0.021817 0.000000
vt -2.777778 -0.021817 0.000000
vt -2.777778 -0.065450 0.000000
vt -22.222222 0.065450 0.000000
vt -21.296296 0.021817 0.000000
vt -20.370370 -0.021817 0.000000
vt -19.444444 -0.065450 0.000000
vt -18.518519 -0.109083 0.000000
vt -17.592593 -0.152716 0.000000
vt -19.444444 0.065450 0.000000
vt -16.666667 0.065450 0.000000
vt -7.407407 0.065450 0.000000
vt -1.851852 0.065450 0.000000
vt -22.222222 0.021817 0.000000
vt -22.222222 -0.021817 0.000000
vt -22.222222 -0.065450 0.000000
vt -22.222222 -0.109083 0.000000
vt -22.222222 -0.152716 0.000000
vt -18.518519 0.021817 0.000000
vt -15.740741 0.021817 0.000000
vt -6.481481 0.021817 0.000000
vt -1.851852 0.021817 0.000000
vt -1.851852 -0.021817 0.000000
vt -1.851852 -0.065450 0.000000
vt -1.851852 -0.109083 0.000000
vt -21.296296 -0.021817 0.000000
vt -20.370370 -0.065450 0.000000
vt -19.444444 -0.109083 0.000000
vt -18.518519 -0.152716 0.000000
vt -17.592593 -0.021817 0.000000
vt -10.185185 -0.021817 0.000000
vt -10.185185 -0.065450 0.000000
vt -10.185185 -0.109083 0.000000
vt -10.185185 -0.152716 0.000000
vt -5.555556 -0.021817 0.000000
vt -21.296296 -0.065450 0.000000
vt -21.296296 -0.109083 0.000000
vt -21.296296 -0.152716 0.000000
vt -16.666667 -0.065450 0.000000
vt -9.259259 -0.065450 0.000000
vt -8.333333 -0.109083 0.000000
vt -7.407407 -0.152716 0.000000
vt -20.370370 -0.109083 0.000000
vt -19.444444 -0.152716 0.000000
vt -15.740741 -0.109083 0.000000
vt -9.259259 -0.109083 0.000000
vt -9.259259 -0.152716 0.000000
vt -20.370370 -0.152716 0.000000
vt -8.333333 -0.152716 0.000000
vt 0.600000 25.000000 0.000000
vt 0.000000 25.000000 0.000000
vt 0.600000 0.000000 0.000000
vt 0.000000 0.000000 0.000000
vt 0.250000 0.628319 0.000000
vt -0.750000 0.628319 0.000000
vt 0.250000 0.531654 0.000000
vt -0.750000 0.531654 0.000000
vt 0.250000 0.434990 0.000000
vt -0.750000 0.434990 0.000000
vt 0.250000 0.338325 0.000000
vt -0.750000 0.338325 0.000000
vt 0.250000 0.241661 0.000000
vt -0.750000 0.241661 0.000000
vt 0.250000 0.144997 0.000000
vt -0.750000 0.144997 0.000000
vt 0.250000 0.048332 0.000000
vt -0.750000 0.048332 0.000000
vt 0.250000 -0.048332 0.000000
vt -0.750000 -0.048332 0.000000
vt 0.250000 -0.144997 0.000000
vt -0.750000 -0.144997 0.000000
vt 0.250000 -0.241661 0.000000
vt -0.750000 -0.241661 0.000000
vt 0.250000 -0.338325 0.000000
vt -0.750000 -0.338325 0.000000
vt 0.250000 -0.434990 0.000000
vt -0.750000 -0.434990 0.000000
vt 0.250000 -0.531654 0.000000
vt -0.750000 -0.531654 0.000000
vt 0.250000 -0.628319 0.000000
vt -0.750000 -0.628319 0.000000
vt 0.735136 0.500000 0.000000
vt 0.735136 -0.500000 0.000000
vt 3.225765 0.500000 0.000000
vt 4.064864 -0.500000 0.000000
vt 0.250000 0.628319 0.000000
vt -0.750000 0.628319 0.000000
vt 0.250000 0.531654 0.000000
vt -0.750000 0.531654 0.000000
vt 0.250000 0.434990 0.000000
vt -0.750000 0.434990 0.000000
vt 0.250000 0.338325 0.000000
vt -0.750000 0.338325 0.000000
vt 0.250000 0.241661 0.000000
vt -0.750000 0.241661 0.000000
vt 0.250000 0.144997 0.000000
vt -0.750000 0.144997 0.000000
vt 0.250000 0.048332 0.000000
vt -0.750000 0.048332 0.000000
vt 0.250000 -0.048332 0.000000
vt -0.750000 -0.048332 0.000000
vt 0.250000 -0.144997 0.000000
vt -0.750000 -0.144997 0.000000
vt 0.250000 -0.241661 0.000000
vt -0.750000 -0.241661 0.000000
vt 0.250000 -0.338325 0.000000
vt -0.750000 -0.338325 0.000000
vt 0.250000 -0.434990 0.000000
vt -0.750000 -0.434990 0.000000
vt 0.250000 -0.531654 0.000000
vt -0.750000 -0.531654 0.000000
vt 0.250000 -0.628319 0.000000
vt -0.750000 -0.628319 0.000000
vt 0.000000 3.200000 0.000000
vt 1.000000 3.200000 0.000000
vt -0.000000 9.201496 0.000000
vt 0.000000 10.345014 0.000000
vt -0.001947 10.284659 0.000000
vt 0.000000 13.054986 0.000000
vt 1.000000 20.200000 0.000000
vt -0.000000 14.198504 0.000000
vt 0.000000 20.200000 0.000000
vt -0.114995 14.095617 0.000000
vt -0.070981 13.407036 0.000000
vt -0.049208 13.350936 0.000000
vt -0.031408 13.293373 0.000000
vt -0.235024 13.998539 0.000000
vt -0.196990 13.610841 0.000000
vt -0.159894 13.563745 0.000000
vt -0.126417 13.513818 0.000000
vt -0.359019 13.906451 0.000000
vt -0.328928 13.732676 0.000000
vt -0.281628 13.695564 0.000000
vt -0.237602 13.654862 0.000000
vt -0.486110 13.818602 0.000000
vt -0.431439 13.794386 0.000000
vt -0.378972 13.765695 0.000000
vt -0.096722 13.461418 0.000000
vt -0.017605 13.234692 0.000000
vt -0.007797 13.175246 0.000000
vt -0.001942 13.115266 0.000000
vt -0.007807 10.224660 0.000000
vt -0.017611 10.165255 0.000000
vt -0.031388 10.106680 0.000000
vt -0.049169 10.049171 0.000000
vt -0.070980 9.992969 0.000000
vt -0.114993 9.304449 0.000000
vt -0.096737 9.938552 0.000000
vt -0.126333 9.886313 0.000000
vt -0.159708 9.836505 0.000000
vt -0.196799 9.789382 0.000000
vt -0.235006 9.401551 0.000000
vt -0.237546 9.745197 0.000000
vt -0.281687 9.704387 0.000000
vt -0.328802 9.667413 0.000000
vt -0.359036 9.493603 0.000000
vt -0.378704 9.634465 0.000000
vt -0.431203 9.605730 0.000000
vt -0.486110 9.581398 0.000000
vt -5.200000 0.000000 0.000000
vt -0.000000 0.000000 0.000000
vt -5.200000 1.000000 0.000000
vt -0.000000 1.000000 0.000000
vt 1.000000 0.000000 0.000000
vt 0.000000 0.000000 0.000000
vt 1.000000 -0.069813 0.000000
vt 0.000000 -0.069813 0.000000
vt 1.000000 -0.139626 0.000000
vt 0.000000 -0.139626 0.000000
vt 1.000000 -0.209440 0.000000
vt 0.000000 -0.209440 0.000000
vt 1.000000 -0.279253 0.000000
vt 0.000000 -0.279253 0.000000
vt 1.000000 -0.349066 0.000000
vt 0.000000 -0.349066 0.000000
vt 1.000000 -0.418879 0.000000
vt 0.000000 -0.418879 0.000000
vt 1.000000 -0.488692 0.000000
vt 0.000000 -0.488692 0.000000
vt 1.000000 -0.558505 0.000000
vt 0.000000 -0.558505 0.000000
vt 1.000000 -0.628319 0.000000
vt 0.000000 -0.628319 0.000000
vt 1.000000 -0.698132 0.000000
vt 0.000000 -0.698132 0.000000
vt 1.000000 -0.767945 0.000000
vt 0.000000 -0.767945 0.000000
vt 1.000000 -0.837758 0.000000
vt 0.000000 -0.837758 0.000000
vt 1.000000 -0.907571 0.000000
vt 0.000000 -0.907571 0.000000
vt 1.000000 -0.977384 0.000000
vt 0.000000 -0.977384 0.000000
vt 1.000000 -1.047198 0.000000
vt 0.000000 -1.047198 0.000000
vt 1.000000 -1.117011 0.000000
vt 0.000000 -1.117011 0.000000
vt 1.000000 -1.186824 0.000000
vt 0.000000 -1.186824 0.000000
vt 1.000000 -1.256637 0.000000
vt 0.000000 -1.256637 0.000000
vt -5.200000 0.000000 0.000000
vt -0.000000 0.000000 0.000000
vt -5.200000 1.000000 0.000000
vt -0.000000 1.000000 0.000000
vt 1.000000 0.000000 0.000000
vt 0.000000 0.000000 0.000000
vt 1.000000 -0.069813 0.000000
vt 0.000000 -0.069813 0.000000
vt 1.000000 -0.139626 0.000000
vt 0.000000 -0.139626 0.000000
vt 1.000000 -0.209440 0.000000
vt 0.000000 -0.209440 0.000000
vt 1.000000 -0.279253 0.000000
vt 0.000000 -0.279253 0.000000
vt 1.000000 -0.349066 0.000000
vt 0.000000 -0.349066 0.000000
vt 1.000000 -0.418879 0.000000
vt 0.000000 -0.418879 0.000000
vt 1.000000 -0.488692 0.000000
vt 0.000000 -0.488692 0.000000
vt 1.000000 -0.558505 0.000000
vt 0.000000 -0.558505 0.000000
vt 1.000000 -0.628319 0.000000
vt 0.000000 -0.628319 0.000000
vt 1.000000 -0.698132 0.000000
vt 0.000000 -0.698132 0.000000
vt 1.000000 -0.767945 0.000000
vt 0.000000 -0.767945 0.000000
vt 1.000000 -0.837758 0.000000
vt 0.000000 -0.837758 0.000000
vt 1.000000 -0.907571 0.000000
vt 0.000000 -0.907571 0.000000
vt 1.000000 -0.977384 0.000000
vt 0.000000 -0.977384 0.000000
vt 1.000000 -1.047198 0.000000
vt 0.000000 -1.047198 0.000000
vt 1.000000 -1.117011 0.000000
vt 0.000000 -1.117011 0.000000
vt 1.000000 -1.186824 0.000000
vt 0.000000 -1.186824 0.000000
vt 1.000000 -1.256637 0.000000
vt 0.000000 -1.256637 0.000000
vt -1.000000 -1.256637 0.000000
vt -0.000000 -1.256637 0.000000
vt -1.000000 -1.159973 0.000000
vt -0.000000 -1.159973 0.000000
vt -1.000000 -1.063308 0.000000
vt -0.000000 -1.063308 0.000000
vt -1.000000 -0.966644 0.000000
vt -0.000000 -0.966644 0.000000
vt -1.000000 -0.869980 0.000000
vt -0.000000 -0.869980 0.000000
vt -1.000000 -0.773315 0.000000
vt -0.000000 -0.773315 0.000000
vt -1.000000 -0.676651 0.000000
vt -0.000000 -0.676651 0.000000
vt -1.000000 -0.579986 0.000000
vt -0.000000 -0.579986 0.000000
vt -1.000000 -0.483322 0.000000
vt -0.000000 -0.483322 0.000000
vt -1.000000 -0.386658 0.000000
vt -0.000000 -0.386658 0.000000
vt -1.000000 -0.289993 0.000000
vt -0.000000 -0.289993 0.000000
vt -1.000000 -0.193329 0.000000
vt -0.000000 -0.193329 0.000000
vt -1.000000 -0.096664 0.000000
vt -0.000000 -0.096664 0.000000
vt -1.000000 0.000000 0.000000
vt -0.000000 0.000000 0.000000
vt -1.000000 -1.256637 0.000000
vt -0.000000 -1.256637 0.000000
vt -1.000000 -1.159973 0.000000
vt -0.000000 -1.159973 0.000000
vt -1.000000 -1.063308 0.000000
vt -0.000000 -1.063308 0.000000
vt -1.000000 -0.966644 0.000000
vt -0.000000 -0.966644 0.000000
vt -1.000000 -0.869980 0.000000
vt -0.000000 -0.869980 0.000000
vt -1.000000 -0.773315 0.000000
vt -0.000000 -0.773315 0.000000
vt -1.000000 -0.676651 0.000000
vt -0.000000 -0.676651 0.000000
vt -1.000000 -0.579986 0.000000
vt -0.000000 -0.579986 0.000000
vt -1.000000 -0.483322 0.000000
vt -0.000000 -0.483322 0.000000
vt -1.000000 -0.386658 0.000000
vt -0.000000 -0.386658 0.000000
vt -1.000000 -0.289993 0.000000
vt -0.000000 -0.289993 0.000000
vt -1.000000 -0.193329 0.000000
vt -0.000000 -0.193329 0.000000
vt -1.000000 -0.096664 0.000000
vt -0.000000 -0.096664 0.000000
vt -1.000000 0.000000 0.000000
vt -0.000000 0.000000 0.000000
vt -3.264864 -0.500000 0.000000
vt -2.064864 -0.500000 0.000000
vt -3.264864 0.500000 0.000000
vt -2.064864 0.500000 0.000000
vt 1.000000 1.600000 0.000000
vt 0.000000 1.600000 0.000000
vt 1.000000 0.800000 0.000000
vt 0.000000 0.800000 0.000000
vt 1.305407 21.800000 0.000000
vt 0.000000 21.800000 0.000000
vt 1.305407 3.200000 0.000000
vt 0.000000 3.200000 0.000000
vt 3.630854 8.576336 0.000000
vt 3.609375 8.575000 0.000000
vt 4.000000 3.200000 0.000000
vt 3.489134 8.575000 0.000000
vt 3.368893 8.575000 0.000000
vt 3.248652 8.575000 0.000000
vt 3.128410 8.575000 0.000000
vt 2.887928 8.575000 0.000000
vt 2.647446 8.575000 0.000000
vt 2.577846 8.578635 0.000000
vt 2.000000 2.400000 0.000000
vt 2.509435 8.589693 0.000000
vt 2.442682 8.608410 0.000000
vt 2.378219 8.634939 0.000000
vt 2.317680 8.668734 0.000000
vt 2.261589 8.709365 0.000000
vt 2.210227 8.756473 0.000000
vt 2.164425 8.808972 0.000000
vt 2.124452 8.865941 0.000000
vt 2.090235 8.926757 0.000000
vt 2.061728 8.990721 0.000000
vt 2.038897 9.056961 0.000000
vt 2.021537 9.124886 0.000000
vt 2.009422 9.193976 0.000000
vt 2.002318 9.263812 0.000000
vt 2.000000 9.333977 0.000000
vt 0.800000 2.400000 0.000000
vt 1.200000 1.600000 0.000000
vt 4.428221 2.491635 0.000000
vt 4.345548 2.541613 0.000000
vt 0.703571 2.394167 0.000000
vt 0.942885 1.506418 0.000000
vt 1.000000 1.546410 0.000000
vt 1.063192 1.575877 0.000000
vt 0.608547 2.376753 0.000000
vt 0.893582 1.457115 0.000000
vt 0.516316 2.348013 0.000000
vt 0.428221 2.308365 0.000000
vt 0.345548 2.258387 0.000000
vt 0.853590 1.400000 0.000000
vt 0.269502 2.198809 0.000000
vt 0.201191 2.130498 0.000000
vt 0.141613 2.054452 0.000000
vt 0.091635 1.971779 0.000000
vt 0.824123 1.336808 0.000000
vt 0.051987 1.883684 0.000000
vt 0.023247 1.791453 0.000000
vt 0.005833 1.696429 0.000000
vt 0.000000 1.600000 0.000000
vt 0.806077 1.269459 0.000000
vt 0.800000 1.200000 0.000000
vt 0.000000 0.800000 0.000000
vt 0.806077 1.130541 0.000000
vt 0.824123 1.063192 0.000000
vt 0.005833 0.703571 0.000000
vt 0.023247 0.608547 0.000000
vt 0.051987 0.516316 0.000000
vt 0.091635 0.428221 0.000000
vt 0.853590 1.000000 0.000000
vt 0.141613 0.345548 0.000000
vt 0.201191 0.269502 0.000000
vt 0.269502 0.201191 0.000000
vt 0.345548 0.141613 0.000000
vt 0.893582 0.942885 0.000000
vt 0.428221 0.091635 0.000000
vt 0.516316 0.051987 0.000000
vt 0.608547 0.023247 0.000000
vt 0.942885 0.893582 0.000000
vt 0.703571 0.005833 0.000000
vt 0.800000 0.000000 0.000000
vt 7.290629 0.000000 0.000000
vt 6.400000 0.800000 0.000000
vt 1.200000 0.800000 0.000000
vt 1.130541 0.806077 0.000000
vt 7.290629 2.400000 0.000000
vt 6.800000 1.200000 0.000000
vt 6.793923 1.130541 0.000000
vt 6.775877 1.063192 0.000000
vt 4.800000 2.400000 0.000000
vt 6.400000 1.600000 0.000000
vt 6.469459 1.593923 0.000000
vt 6.536808 1.575877 0.000000
vt 4.703571 2.405833 0.000000
vt 4.608547 2.423247 0.000000
vt 4.516316 2.451987 0.000000
vt 4.269502 2.601191 0.000000
vt 4.201191 2.669502 0.000000
vt 4.141613 2.745548 0.000000
vt 4.091635 2.828221 0.000000
vt 4.051987 2.916316 0.000000
vt 4.023247 3.008547 0.000000
vt 4.005833 3.103571 0.000000
vt 4.000000 9.201496 0.000000
vt 3.997961 9.146168 0.000000
vt 3.991936 9.090997 0.000000
vt 3.982068 9.036309 0.000000
vt 3.968495 8.982427 0.000000
vt 3.951359 8.929678 0.000000
vt 3.930867 8.878539 0.000000
vt 3.907710 8.830326 0.000000
vt 3.882384 8.785506 0.000000
vt 3.855322 8.744358 0.000000
vt 3.826954 8.707167 0.000000
vt 3.797646 8.674144 0.000000
vt 3.765677 8.643724 0.000000
vt 3.730489 8.616625 0.000000
vt 3.692582 8.594842 0.000000
vt 3.672667 8.586531 0.000000
vt 3.652043 8.580260 0.000000
vt 1.063192 0.824123 0.000000
vt 1.000000 0.853590 0.000000
vt 1.130541 1.593923 0.000000
vt 6.600000 1.546410 0.000000
vt 6.657115 1.506418 0.000000
vt 6.706418 1.457115 0.000000
vt 6.746410 1.400000 0.000000
vt 6.775877 1.336808 0.000000
vt 6.793923 1.269459 0.000000
vt 6.746410 1.000000 0.000000
vt 6.706418 0.942885 0.000000
vt 6.657115 0.893582 0.000000
vt 6.600000 0.853590 0.000000
vt 6.536808 0.824123 0.000000
vt 6.469459 0.806077 0.000000
vt 4.200000 23.166724 0.000000
vt 3.200000 23.166724 0.000000
vt 1.200000 22.600000 0.000000
vt 3.200000 23.400000 0.000000
vt 0.800000 23.400000 0.000000
vt 0.703571 23.394167 0.000000
vt 0.942885 22.506418 0.000000
vt 1.000000 22.546410 0.000000
vt 1.063192 22.575877 0.000000
vt 0.608547 23.376753 0.000000
vt 0.893582 22.457115 0.000000
vt 0.516316 23.348013 0.000000
vt 0.428221 23.308365 0.000000
vt 0.345548 23.258387 0.000000
vt 0.853590 22.400000 0.000000
vt 0.269502 23.198809 0.000000
vt 0.201191 23.130498 0.000000
vt 0.141613 23.054452 0.000000
vt 0.091635 22.971779 0.000000
vt 0.824123 22.336808 0.000000
vt 0.051987 22.883684 0.000000
vt 0.023247 22.791453 0.000000
vt 0.005833 22.696429 0.000000
vt 0.000000 22.600000 0.000000
vt 0.806077 22.269459 0.000000
vt 0.800000 22.200000 0.000000
vt 0.000000 21.800000 0.000000
vt 0.806077 22.130541 0.000000
vt 0.824123 22.063192 0.000000
vt 0.005833 21.703571 0.000000
vt 0.023247 21.608547 0.000000
vt 0.051987 21.516316 0.000000
vt 0.091635 21.428221 0.000000
vt 0.853590 22.000000 0.000000
vt 0.141613 21.345548 0.000000
vt 0.201191 21.269502 0.000000
vt 0.269502 21.201191 0.000000
vt 0.345548 21.141613 0.000000
vt 0.893582 21.942885 0.000000
vt 0.428221 21.091635 0.000000
vt 0.516316 21.051987 0.000000
vt 0.608547 21.023247 0.000000
vt 0.942885 21.893582 0.000000
vt 0.703571 21.005833 0.000000
vt 0.800000 21.000000 0.000000
vt 2.000000 21.000000 0.000000
vt 1.200000 21.800000 0.000000
vt 1.130541 21.806077 0.000000
vt 1.063192 21.824123 0.000000
vt 2.000000 14.066023 0.000000
vt 2.002702 14.141775 0.000000
vt 2.010761 14.215480 0.000000
vt 2.024110 14.286796 0.000000
vt 2.042680 14.355383 0.000000
vt 2.066402 14.420898 0.000000
vt 2.095391 14.483333 0.000000
vt 2.129892 14.542580 0.000000
vt 2.169988 14.598047 0.000000
vt 2.215764 14.649141 0.000000
vt 2.266790 14.694837 0.000000
vt 2.322358 14.734223 0.000000
vt 2.382222 14.766975 0.000000
vt 2.445826 14.792662 0.000000
vt 2.511592 14.810776 0.000000
vt 2.578948 14.821481 0.000000
vt 4.000000 20.200000 0.000000
vt 2.647446 14.825000 0.000000
vt 2.887928 14.825000 0.000000
vt 3.128410 14.825000 0.000000
vt 3.248652 14.825000 0.000000
vt 3.368893 14.825000 0.000000
vt 3.489134 14.825000 0.000000
vt 3.609375 14.825000 0.000000
vt 3.633830 14.823267 0.000000
vt 3.657665 14.818268 0.000000
vt 3.680891 14.810303 0.000000
vt 3.703266 14.799803 0.000000
vt 3.744888 14.773080 0.000000
vt 3.782600 14.740874 0.000000
vt 3.817002 14.704630 0.000000
vt 3.848225 14.665470 0.000000
vt 3.876263 14.624348 0.000000
vt 3.901521 14.581287 0.000000
vt 3.943582 14.490926 0.000000
vt 3.974417 14.395925 0.000000
vt 3.993455 14.298008 0.000000
vt 3.998345 14.248341 0.000000
vt 4.000000 14.198504 0.000000
vt 4.005833 20.296429 0.000000
vt 4.023247 20.391453 0.000000
vt 4.051987 20.483684 0.000000
vt 4.091635 20.571779 0.000000
vt 4.141613 20.654452 0.000000
vt 4.201191 20.730498 0.000000
vt 4.269502 20.798809 0.000000
vt 4.345548 20.858387 0.000000
vt 4.428221 20.908365 0.000000
vt 4.516316 20.948013 0.000000
vt 4.608547 20.976753 0.000000
vt 6.400000 21.800000 0.000000
vt 4.703571 20.994167 0.000000
vt 4.800000 21.000000 0.000000
vt 7.290629 21.000000 0.000000
vt 6.469459 21.806077 0.000000
vt 6.536808 21.824123 0.000000
vt 6.600000 21.853590 0.000000
vt 6.657115 21.893582 0.000000
vt 6.706418 21.942885 0.000000
vt 6.746410 22.000000 0.000000
vt 6.775877 22.063192 0.000000
vt 6.793923 22.130541 0.000000
vt 6.800000 22.200000 0.000000
vt 7.290629 23.400000 0.000000
vt 6.793923 22.269459 0.000000
vt 6.775877 22.336808 0.000000
vt 6.746410 22.400000 0.000000
vt 6.706418 22.457115 0.000000
vt 6.657115 22.506418 0.000000
vt 6.600000 22.546410 0.000000
vt 6.536808 22.575877 0.000000
vt 6.469459 22.593923 0.000000
vt 6.400000 22.600000 0.000000
vt 4.200000 23.400000 0.000000
vt 1.000000 21.853590 0.000000
vt 1.130541 22.593923 0.000000
vt -1.000000 -1.256637 0.000000
vt -0.000000 -1.256637 0.000000
vt -1.000000 -1.159973 0.000000
vt -0.000000 -1.159973 0.000000
vt -1.000000 -1.063308 0.000000
vt -0.000000 -1.063308 0.000000
vt -1.000000 -0.966644 0.000000
vt -0.000000 -0.966644 0.000000
vt -1.000000 -0.869980 0.000000
vt -0.000000 -0.869980 0.000000
vt -1.000000 -0.773315 0.000000
vt -0.000000 -0.773315 0.000000
vt -1.000000 -0.676651 0.000000
vt -0.000000 -0.676651 0.000000
vt -1.000000 -0.579986 0.000000
vt -0.000000 -0.579986 0.000000
vt -1.000000 -0.483322 0.000000
vt -0.000000 -0.483322 0.000000
vt -1.000000 -0.386658 0.000000
vt -0.000000 -0.386658 0.000000
vt -1.000000 -0.289993 0.000000
vt -0.000000 -0.289993 0.000000
vt -1.000000 -0.193329 0.000000
vt -0.000000 -0.193329 0.000000
vt -1.000000 -0.096664 0.000000
vt -0.000000 -0.096664 0.000000
vt -1.000000 0.000000 0.000000
vt -0.000000 0.000000 0.000000
vt -1.000000 -1.256637 0.000000
vt -0.000000 -1.256637 0.000000
vt -1.000000 -1.159973 0.000000
vt -0.000000 -1.159973 0.000000
vt -1.000000 -1.063308 0.000000
vt -0.000000 -1.063308 0.000000
vt -1.000000 -0.966644 0.000000
vt -0.000000 -0.966644 0.000000
vt -1.000000 -0.869980 0.000000
vt -0.000000 -0.869980 0.000000
vt -1.000000 -0.773315 0.000000
vt -0.000000 -0.773315 0.000000
vt -1.000000 -0.676651 0.000000
vt -0.000000 -0.676651 0.000000
vt -1.000000 -0.579986 0.000000
vt -0.000000 -0.579986 0.000000
vt -1.000000 -0.483322 0.000000
vt -0.000000 -0.483322 0.000000
vt -1.000000 -0.386658 0.000000
vt -0.000000 -0.386658 0.000000
vt -1.000000 -0.289993 0.000000
vt -0.000000 -0.289993 0.000000
vt -1.000000 -0.193329 0.000000
vt -0.000000 -0.193329 0.000000
vt -1.000000 -0.096664 0.000000
vt -0.000000 -0.096664 0.000000
vt -1.000000 0.000000 0.000000
vt -0.000000 0.000000 0.000000
vt -5.200000 0.000000 0.000000
vt -0.000000 0.000000 0.000000
vt -5.200000 1.000000 0.000000
vt -0.000000 1.000000 0.000000
vt 1.000000 0.000000 0.000000
vt 0.000000 0.000000 0.000000
vt 1.000000 -0.069813 0.000000
vt 0.000000 -0.069813 0.000000
vt 1.000000 -0.139626 0.000000
vt 0.000000 -0.139626 0.000000
vt 1.000000 -0.209440 0.000000
vt 0.000000 -0.209440 0.000000
vt 1.000000 -0.279253 0.000000
vt 0.000000 -0.279253 0.000000
vt 1.000000 -0.349066 0.000000
vt 0.000000 -0.349066 0.000000
vt 1.000000 -0.418879 0.000000
vt 0.000000 -0.418879 0.000000
vt 1.000000 -0.488692 0.000000
vt 0.000000 -0.488692 0.000000
vt 1.000000 -0.558505 0.000000
vt 0.000000 -0.558505 0.000000
vt 1.000000 -0.628319 0.000000
vt 0.000000 -0.628319 0.000000
vt 1.000000 -0.698132 0.000000
vt 0.000000 -0.698132 0.000000
vt 1.000000 -0.767945 0.000000
vt 0.000000 -0.767945 0.000000
vt 1.000000 -0.837758 0.000000
vt 0.000000 -0.837758 0.000000
vt 1.000000 -0.907571 0.000000
vt 0.000000 -0.907571 0.000000
vt 1.000000 -0.977384 0.000000
vt 0.000000 -0.977384 0.000000
vt 1.000000 -1.047198 0.000000
vt 0.000000 -1.047198 0.000000
vt 1.000000 -1.117011 0.000000
vt 0.000000 -1.117011 0.000000
vt 1.000000 -1.186824 0.000000
vt 0.000000 -1.186824 0.000000
vt 1.000000 -1.256637 0.000000
vt 0.000000 -1.256637 0.000000
vt -5.200000 0.000000 0.000000
vt -0.000000 0.000000 0.000000
vt -5.200000 1.000000 0.000000
vt -0.000000 1.000000 0.000000
vt 1.000000 0.000000 0.000000
vt 0.000000 0.000000 0.000000
vt 1.000000 -0.069813 0.000000
vt 0.000000 -0.069813 0.000000
vt 1.000000 -0.139626 0.000000
vt 0.000000 -0.139626 0.000000
vt 1.000000 -0.209440 0.000000
vt 0.000000 -0.209440 0.000000
vt 1.000000 -0.279253 0.000000
vt 0.000000 -0.279253 0.000000
vt 1.000000 -0.349066 0.000000
vt 0.000000 -0.349066 0.000000
vt 1.000000 -0.418879 0.000000
vt 0.000000 -0.418879 0.000000
vt 1.000000 -0.488692 0.000000
vt 0.000000 -0.488692 0.000000
vt 1.000000 -0.558505 0.000000
vt 0.000000 -0.558505 0.000000
vt 1.000000 -0.628319 0.000000
vt 0.000000 -0.628319 0.000000
vt 1.000000 -0.698132 0.000000
vt 0.000000 -0.698132 0.000000
vt 1.000000 -0.767945 0.000000
vt 0.000000 -0.767945 0.000000
vt 1.000000 -0.837758 0.000000
vt 0.000000 -0.837758 0.000000
vt 1.000000 -0.907571 0.000000
vt 0.000000 -0.907571 0.000000
vt 1.000000 -0.977384 0.000000
vt 0.000000 -0.977384 0.000000
vt 1.000000 -1.047198 0.000000
vt 0.000000 -1.047198 0.000000
vt 1.000000 -1.117011 0.000000
vt 0.000000 -1.117011 0.000000
vt 1.000000 -1.186824 0.000000
vt 0.000000 -1.186824 0.000000
vt 1.000000 -1.256637 0.000000
vt 0.000000 -1.256637 0.000000
vt 0.500000 3.264864 0.000000
vt -0.500000 3.264864 0.000000
vt 0.500000 2.064864 0.000000
vt -0.500000 2.064864 0.000000
vt -3.264864 0.500000 0.000000
vt -3.264864 -0.500000 0.000000
vt 3.225765 0.500000 0.000000
vt 4.064864 -0.500000 0.000000
vt 1.000000 1.600000 0.000000
vt 0.000000 1.600000 0.000000
vt 1.000000 0.800000 0.000000
vt 0.000000 0.800000 0.000000
vt 1.000000 21.000000 0.000000
vt 0.000000 21.000000 0.000000
vt 1.000000 14.066023 0.000000
vt 0.000000 2.400000 0.000000
vt 1.000000 9.333977 0.000000
vt 1.000000 2.400000 0.000000
vt -0.500000 -0.735136 0.000000
vt -0.500000 -3.225765 0.000000
vt 0.500000 -0.735136 0.000000
vt 0.500000 -4.064864 0.000000
vt 1.923133 8.823423 0.000000
vt 1.294527 8.489066 0.000000
vt 1.923133 4.651275 0.000000
vt 0.847416 5.281747 0.000000
vt 0.964917 5.177319 0.000000
vt 1.158748 8.409847 0.000000
vt 1.029609 8.320208 0.000000
vt 0.907910 8.220704 0.000000
vt 0.738479 5.395081 0.000000
vt 0.794402 8.111949 0.000000
vt 0.689785 7.994616 0.000000
vt 0.638779 5.516620 0.000000
vt 0.594707 7.869428 0.000000
vt 0.548933 5.645614 0.000000
vt 0.509755 7.737159 0.000000
vt 0.469496 5.781266 0.000000
vt 0.435454 7.598627 0.000000
vt 0.400958 5.922738 0.000000
vt 0.372262 7.454688 0.000000
vt 0.343743 6.069156 0.000000
vt 0.320571 7.306230 0.000000
vt 0.298204 6.219616 0.000000
vt 0.280699 7.154171 0.000000
vt 0.264623 6.373187 0.000000
vt 0.252892 6.999450 0.000000
vt 0.243207 6.528921 0.000000
vt 0.237323 6.843023 0.000000
vt 0.234088 6.685856 0.000000
vt 1.090258 5.082443 0.000000
vt 1.222662 4.997703 0.000000
vt 1.361314 4.923625 0.000000
vt 1.923133 20.151548 0.000000
vt 1.294527 19.817191 0.000000
vt 1.923133 15.979400 0.000000
vt 0.847416 16.609872 0.000000
vt 0.964917 16.505444 0.000000
vt 1.158748 19.737972 0.000000
vt 1.029609 19.648333 0.000000
vt 0.907910 19.548829 0.000000
vt 0.738479 16.723206 0.000000
vt 0.794402 19.440074 0.000000
vt 0.689785 19.322741 0.000000
vt 0.638779 16.844745 0.000000
vt 0.594707 19.197553 0.000000
vt 0.548933 16.973739 0.000000
vt 0.509755 19.065284 0.000000
vt 0.469496 17.109391 0.000000
vt 0.435454 18.926752 0.000000
vt 0.400958 17.250863 0.000000
vt 0.372262 18.782813 0.000000
vt 0.343743 17.397281 0.000000
vt 0.320571 18.634355 0.000000
vt 0.298204 17.547741 0.000000
vt 0.280699 18.482296 0.000000
vt 0.264623 17.701312 0.000000
vt 0.252892 18.327575 0.000000
vt 0.243207 17.857046 0.000000
vt 0.237323 18.171148 0.000000
vt 0.234088 18.013981 0.000000
vt 1.090258 16.410568 0.000000
vt 1.222662 16.325828 0.000000
vt 1.361314 16.251750 0.000000
vt 1.923133 1.562500 0.000000
vt 1.923133 3.075819 0.000000
vt -0.000000 1.562500 0.000000
vt -0.000000 4.008085 0.000000
vt 1.923133 12.890625 0.000000
vt 1.923133 14.403944 0.000000
vt -0.000000 12.890625 0.000000
vt -0.000000 15.336210 0.000000
vt 1.923133 23.437500 0.000000
vt -0.000000 23.437500 0.000000
vt 1.923133 21.777023 0.000000
vt -0.000000 20.754102 0.000000
vt 1.923133 12.109375 0.000000
vt -0.000000 12.109375 0.000000
vt 1.923133 10.448898 0.000000
vt -0.000000 9.425977 0.000000
vt 12.797706 12.109375 0.000000
vt 14.389964 12.109375 0.000000
vt 12.854359 12.111350 0.000000
vt 12.910757 12.117140 0.000000
vt 12.966700 12.126542 0.000000
vt 13.021989 12.139354 0.000000
vt 13.129976 12.174446 0.000000
vt 13.233613 12.220974 0.000000
vt 13.332237 12.277759 0.000000
vt 13.425248 12.343844 0.000000
vt 13.511926 12.418250 0.000000
vt 13.591553 12.500000 0.000000
vt 14.320016 12.890625 0.000000
vt 13.511825 12.581841 0.000000
vt 13.425292 12.656109 0.000000
vt 13.332259 12.722223 0.000000
vt 13.233464 12.779113 0.000000
vt 13.129700 12.825660 0.000000
vt 13.021710 12.860722 0.000000
vt 12.966448 12.873515 0.000000
vt 12.910575 12.882892 0.000000
vt 12.854269 12.888660 0.000000
vt 12.797706 12.890625 0.000000
vt 14.397305 12.896635 0.000000
vt 14.465733 12.103601 0.000000
vt 14.472736 12.914519 0.000000
vt 14.539752 12.086411 0.000000
vt 14.544496 12.943849 0.000000
vt 14.610312 12.058203 0.000000
vt 14.610860 12.983919 0.000000
vt 14.675782 12.019629 0.000000
vt 14.670232 13.033765 0.000000
vt 14.734650 11.971578 0.000000
vt 14.721185 13.092190 0.000000
vt 14.785557 11.915162 0.000000
vt 14.762495 13.157789 0.000000
vt 14.827327 11.851683 0.000000
vt 14.793168 13.228986 0.000000
vt 14.858995 11.782607 0.000000
vt 14.812467 13.304067 0.000000
vt 14.879830 11.709531 0.000000
vt 16.032272 14.708718 0.000000
vt 15.845116 10.161475 0.000000
vt 15.916950 10.185923 0.000000
vt 14.889350 11.634140 0.000000
vt 15.777809 10.126437 0.000000
vt 15.716578 10.081619 0.000000
vt 14.887336 11.558178 0.000000
vt 15.662835 10.028050 0.000000
vt 14.873834 11.483398 0.000000
vt 14.849155 11.411528 0.000000
vt 14.813871 11.344228 0.000000
vt 14.768795 11.283052 0.000000
vt 13.922828 8.008061 0.000000
vt 12.608381 8.775008 0.000000
vt 12.500179 8.659031 0.000000
vt 12.383126 8.551994 0.000000
vt 12.257959 8.454570 0.000000
vt 12.125466 8.367370 0.000000
vt 11.986479 8.290944 0.000000
vt 11.841873 8.225773 0.000000
vt 11.692558 8.172265 0.000000
vt 11.539471 8.130758 0.000000
vt 11.383577 8.101513 0.000000
vt 11.225856 8.084714 0.000000
vt 11.067299 8.080466 0.000000
vt 13.826581 7.887180 0.000000
vt 13.739952 7.759230 0.000000
vt 13.663461 7.624974 0.000000
vt 13.597562 7.485213 0.000000
vt 13.542649 7.340782 0.000000
vt 13.499051 7.192543 0.000000
vt 13.467027 7.041380 0.000000
vt 12.072692 5.023749 0.000000
vt 13.446768 6.888196 0.000000
vt 12.208532 4.942899 0.000000
vt 12.337562 4.851572 0.000000
vt 10.908905 8.088796 0.000000
vt 11.006403 5.262897 0.000000
vt 11.164462 5.265514 0.000000
vt 11.322233 5.255639 0.000000
vt 10.849045 5.247806 0.000000
vt 10.751669 8.109652 0.000000
vt 10.693371 5.220334 0.000000
vt 10.596579 8.142902 0.000000
vt 10.540352 5.180653 0.000000
vt 10.444613 8.188337 0.000000
vt 10.390945 5.129011 0.000000
vt 10.296725 8.245673 0.000000
vt 10.246084 5.065730 0.000000
vt 10.153845 8.314547 0.000000
vt 8.064312 4.008085 0.000000
vt 8.064312 9.425977 0.000000
vt 11.478732 5.233334 0.000000
vt 11.632980 5.198739 0.000000
vt 11.784014 5.152070 0.000000
vt 11.930890 5.093618 0.000000
vt 13.438396 6.733905 0.000000
vt 12.458977 4.750341 0.000000
vt 13.441961 6.579429 0.000000
vt 12.572017 4.639837 0.000000
vt 13.457440 6.425689 0.000000
vt 13.484743 6.273602 0.000000
vt 13.523705 6.124077 0.000000
vt 13.574094 5.978007 0.000000
vt 13.635609 5.836262 0.000000
vt 13.707884 5.699689 0.000000
vt 13.790487 5.569104 0.000000
vt 13.882925 5.445286 0.000000
vt 13.984645 5.328973 0.000000
vt 14.683393 2.405949 0.000000
vt 15.678289 3.537056 0.000000
vt 15.737235 3.483867 0.000000
vt 15.803857 3.440679 0.000000
vt 15.876475 3.408581 0.000000
vt 15.953259 3.388383 0.000000
vt 16.032272 3.380593 0.000000
vt 14.732115 2.345650 0.000000
vt 14.770931 2.278546 0.000000
vt 14.798907 2.206247 0.000000
vt 14.815371 2.130493 0.000000
vt 14.819928 2.053105 0.000000
vt 14.812467 1.975942 0.000000
vt 14.793168 1.900861 0.000000
vt 17.500000 0.000000 0.000000
vt 14.762495 1.829664 0.000000
vt 14.721185 1.764065 0.000000
vt 14.670232 1.705640 0.000000
vt 14.610860 1.655794 0.000000
vt 14.544496 1.615724 0.000000
vt 14.472736 1.586394 0.000000
vt 14.397305 1.568510 0.000000
vt 14.320016 1.562500 0.000000
vt 8.064312 1.562500 0.000000
vt 8.064312 0.000000 0.000000
vt 17.578217 0.006156 0.000000
vt 18.000000 0.500000 0.000000
vt 16.535363 3.801360 0.000000
vt 16.516611 3.724210 0.000000
vt 17.654508 0.024472 0.000000
vt 17.726995 0.054497 0.000000
vt 17.793893 0.095492 0.000000
vt 17.853553 0.146447 0.000000
vt 17.904508 0.206107 0.000000
vt 17.945503 0.273005 0.000000
vt 17.975528 0.345492 0.000000
vt 17.993844 0.421783 0.000000
vt 18.000000 24.500000 0.000000
vt 16.541667 15.208630 0.000000
vt 16.541667 9.701727 0.000000
vt 16.541667 3.880505 0.000000
vt 17.993844 24.578217 0.000000
vt 17.975528 24.654508 0.000000
vt 17.945503 24.726995 0.000000
vt 17.904508 24.793893 0.000000
vt 17.853553 24.853553 0.000000
vt 17.793893 24.904508 0.000000
vt 17.726995 24.945503 0.000000
vt 17.654508 24.975528 0.000000
vt 17.578217 24.993844 0.000000
vt 17.500000 25.000000 0.000000
vt 8.064312 25.000000 0.000000
vt 14.389964 23.437500 0.000000
vt 14.465733 23.431726 0.000000
vt 14.539752 23.414536 0.000000
vt 8.064312 23.437500 0.000000
vt 14.610312 23.386328 0.000000
vt 14.675782 23.347754 0.000000
vt 14.734650 23.299703 0.000000
vt 14.785557 23.243287 0.000000
vt 14.827327 23.179808 0.000000
vt 14.858995 23.110732 0.000000
vt 14.879830 23.037656 0.000000
vt 16.067516 21.529183 0.000000
vt 16.142779 21.519522 0.000000
vt 16.215713 21.498582 0.000000
vt 16.284639 21.466847 0.000000
vt 14.889350 22.962265 0.000000
vt 15.845116 21.489600 0.000000
vt 15.916950 21.514048 0.000000
vt 15.991657 21.527345 0.000000
vt 14.887336 22.886303 0.000000
vt 15.716578 21.409744 0.000000
vt 15.777809 21.454562 0.000000
vt 15.662835 21.356175 0.000000
vt 14.873834 22.811523 0.000000
vt 14.849155 22.739653 0.000000
vt 14.813871 22.672353 0.000000
vt 14.768795 22.611177 0.000000
vt 13.922828 19.336186 0.000000
vt 12.608381 20.103133 0.000000
vt 12.500179 19.987156 0.000000
vt 12.383126 19.880119 0.000000
vt 12.257959 19.782695 0.000000
vt 12.125466 19.695495 0.000000
vt 11.986479 19.619069 0.000000
vt 11.841873 19.553898 0.000000
vt 11.692558 19.500390 0.000000
vt 11.539471 19.458883 0.000000
vt 11.383577 19.429638 0.000000
vt 11.225856 19.412839 0.000000
vt 11.067299 19.408591 0.000000
vt 13.826581 19.215305 0.000000
vt 13.739952 19.087355 0.000000
vt 13.663461 18.953099 0.000000
vt 13.597562 18.813338 0.000000
vt 13.542649 18.668907 0.000000
vt 13.499051 18.520668 0.000000
vt 13.467027 18.369505 0.000000
vt 12.072692 16.351874 0.000000
vt 13.446768 18.216321 0.000000
vt 12.208532 16.271024 0.000000
vt 12.337562 16.179697 0.000000
vt 10.908905 19.416921 0.000000
vt 11.006403 16.591022 0.000000
vt 11.164462 16.593639 0.000000
vt 11.322233 16.583764 0.000000
vt 10.849045 16.575931 0.000000
vt 10.751669 19.437777 0.000000
vt 10.693371 16.548459 0.000000
vt 10.596579 19.471027 0.000000
vt 10.540352 16.508778 0.000000
vt 10.444613 19.516462 0.000000
vt 10.390945 16.457136 0.000000
vt 10.296725 19.573798 0.000000
vt 10.246084 16.393855 0.000000
vt 10.153845 19.642672 0.000000
vt 8.064312 15.336210 0.000000
vt 8.064312 20.754102 0.000000
vt 11.478732 16.561459 0.000000
vt 11.632980 16.526864 0.000000
vt 11.784014 16.480195 0.000000
vt 11.930890 16.421743 0.000000
vt 13.438396 18.062030 0.000000
vt 12.458977 16.078466 0.000000
vt 13.441961 17.907554 0.000000
vt 12.572017 15.967962 0.000000
vt 13.457440 17.753814 0.000000
vt 13.484743 17.601727 0.000000
vt 13.523705 17.452202 0.000000
vt 13.574094 17.306132 0.000000
vt 13.635609 17.164387 0.000000
vt 13.707884 17.027814 0.000000
vt 13.790487 16.897229 0.000000
vt 13.882925 16.773411 0.000000
vt 13.984645 16.657098 0.000000
vt 14.683393 13.734074 0.000000
vt 15.678289 14.865181 0.000000
vt 15.737235 14.811992 0.000000
vt 15.803857 14.768804 0.000000
vt 15.876475 14.736706 0.000000
vt 15.953259 14.716508 0.000000
vt 14.732115 13.673775 0.000000
vt 14.770931 13.606671 0.000000
vt 14.798907 13.534372 0.000000
vt 14.815371 13.458618 0.000000
vt 14.819928 13.381230 0.000000
vt 16.535909 21.105514 0.000000
vt 16.541667 21.029852 0.000000
vt 16.535909 9.777389 0.000000
vt 16.535363 15.129485 0.000000
vt 16.518768 9.851308 0.000000
vt 16.516611 15.052335 0.000000
vt 16.490638 9.921783 0.000000
vt 16.485883 14.979127 0.000000
vt 16.452168 9.987189 0.000000
vt 16.443955 14.911705 0.000000
vt 16.404244 10.046020 0.000000
vt 16.391883 14.851770 0.000000
vt 16.347969 10.096922 0.000000
vt 16.330980 14.800833 0.000000
vt 16.284639 10.138722 0.000000
vt 16.262782 14.760179 0.000000
vt 16.215713 10.170457 0.000000
vt 16.189009 14.730833 0.000000
vt 16.142779 10.191397 0.000000
vt 16.111521 14.713533 0.000000
vt 16.067516 10.201058 0.000000
vt 15.991657 10.199220 0.000000
vt 16.347969 21.425047 0.000000
vt 16.404244 21.374145 0.000000
vt 16.452168 21.315314 0.000000
vt 16.490638 21.249908 0.000000
vt 16.518768 21.179433 0.000000
vt 16.485883 3.651002 0.000000
vt 16.443955 3.583580 0.000000
vt 16.391883 3.523645 0.000000
vt 16.330980 3.472708 0.000000
vt 16.262782 3.432054 0.000000
vt 16.189009 3.402708 0.000000
vt 16.111521 3.385408 0.000000
vt 0.261926 0.392699 0.000000
vt -0.238074 0.392699 0.000000
vt 0.261926 0.314159 0.000000
vt -0.238074 0.314159 0.000000
vt 0.261926 0.235619 0.000000
vt -0.238074 0.235619 0.000000
vt 0.261926 0.157080 0.000000
vt -0.238074 0.157080 0.000000
vt 0.261926 0.078540 0.000000
vt -0.238074 0.078540 0.000000
vt 0.261926 0.000000 0.000000
vt -0.238074 -0.000000 0.000000
vt 0.261926 -0.078540 0.000000
vt -0.238074 -0.078540 0.000000
vt 0.261926 -0.157080 0.000000
vt -0.238074 -0.157080 0.000000
vt 0.261926 -0.235619 0.000000
vt -0.238074 -0.235619 0.000000
vt 0.261926 -0.314159 0.000000
vt -0.238074 -0.314159 0.000000
vt 0.261926 -0.392699 0.000000
vt -0.238074 -0.392699 0.000000
vt 0.421783 24.993844 0.000000
vt 0.000000 24.500000 0.000000
vt 0.500000 25.000000 0.000000
vt 1.652031 21.425047 0.000000
vt 1.715361 21.466847 0.000000
vt 0.345492 24.975528 0.000000
vt 0.273005 24.945503 0.000000
vt 0.206107 24.904508 0.000000
vt 0.146447 24.853553 0.000000
vt 0.095492 24.793893 0.000000
vt 0.054497 24.726995 0.000000
vt 0.024472 24.654508 0.000000
vt 0.006156 24.578217 0.000000
vt 0.000000 0.500000 0.000000
vt 1.458333 15.208630 0.000000
vt 1.458333 21.029852 0.000000
vt 1.464091 21.105514 0.000000
vt 0.006156 0.421783 0.000000
vt 0.024472 0.345492 0.000000
vt 0.054497 0.273005 0.000000
vt 0.095492 0.206107 0.000000
vt 0.146447 0.146447 0.000000
vt 0.206107 0.095492 0.000000
vt 0.273005 0.054497 0.000000
vt 0.345492 0.024472 0.000000
vt 0.421783 0.006156 0.000000
vt 0.500000 0.000000 0.000000
vt 17.500000 0.000000 0.000000
vt 12.802924 1.562500 0.000000
vt 3.679984 1.562500 0.000000
vt 3.602695 1.568510 0.000000
vt 3.527264 1.586394 0.000000
vt 17.500000 25.000000 0.000000
vt 16.041667 14.749741 0.000000
vt 16.041667 10.216011 0.000000
vt 16.041667 3.421616 0.000000
vt 12.975840 23.437500 0.000000
vt 13.053546 23.431425 0.000000
vt 13.129364 23.413347 0.000000
vt 12.975840 12.109375 0.000000
vt 12.802924 12.890625 0.000000
vt 3.610036 12.109375 0.000000
vt 3.679984 12.890625 0.000000
vt 3.602695 12.896635 0.000000
vt 13.053546 12.103300 0.000000
vt 12.958543 12.915459 0.000000
vt 12.881718 12.896873 0.000000
vt 13.031479 12.945920 0.000000
vt 13.129364 12.085222 0.000000
vt 13.098703 12.987494 0.000000
vt 13.201451 12.055581 0.000000
vt 13.158536 13.039142 0.000000
vt 13.268055 12.015097 0.000000
vt 13.209482 13.099574 0.000000
vt 13.327559 11.964754 0.000000
vt 13.250268 13.167279 0.000000
vt 13.378515 11.905775 0.000000
vt 13.279875 13.240566 0.000000
vt 13.419687 11.839594 0.000000
vt 13.297563 13.317603 0.000000
vt 15.323561 14.299819 0.000000
vt 13.302890 13.396464 0.000000
vt 13.295722 13.475180 0.000000
vt 13.276240 13.551782 0.000000
vt 13.244930 13.624358 0.000000
vt 13.202573 13.691092 0.000000
vt 13.150230 13.750317 0.000000
vt 13.089207 13.800554 0.000000
vt 13.021030 13.840547 0.000000
vt 11.297002 16.251750 0.000000
vt 11.158351 16.325828 0.000000
vt 13.450072 11.767818 0.000000
vt 15.306864 10.657449 0.000000
vt 15.379451 10.688966 0.000000
vt 13.468934 11.692191 0.000000
vt 13.475814 11.614553 0.000000
vt 13.470544 11.536788 0.000000
vt 13.453252 11.460788 0.000000
vt 13.424359 11.388398 0.000000
vt 13.384567 11.321378 0.000000
vt 13.334843 11.261356 0.000000
vt 13.276395 11.209791 0.000000
vt 13.210643 11.167937 0.000000
vt 7.846155 8.314547 0.000000
vt 11.094436 8.409847 0.000000
vt 11.230216 8.489066 0.000000
vt 7.703275 8.245673 0.000000
vt 7.753916 5.065730 0.000000
vt 10.169777 6.685856 0.000000
vt 10.173012 6.843023 0.000000
vt 7.609055 5.129011 0.000000
vt 7.555387 8.188337 0.000000
vt 7.459648 5.180653 0.000000
vt 7.403421 8.142902 0.000000
vt 7.306629 5.220334 0.000000
vt 7.248331 8.109652 0.000000
vt 7.150955 5.247806 0.000000
vt 7.091095 8.088796 0.000000
vt 6.993597 5.262897 0.000000
vt 6.932701 8.080466 0.000000
vt 6.835538 5.265514 0.000000
vt 6.774144 8.084714 0.000000
vt 6.677767 5.255639 0.000000
vt 6.616423 8.101513 0.000000
vt 6.521268 5.233334 0.000000
vt 6.460529 8.130758 0.000000
vt 6.367020 5.198739 0.000000
vt 6.307442 8.172265 0.000000
vt 6.215986 5.152070 0.000000
vt 6.158127 8.225773 0.000000
vt 6.069110 5.093618 0.000000
vt 4.561604 6.733905 0.000000
vt 4.558039 6.579429 0.000000
vt 6.013521 8.290944 0.000000
vt 4.500949 7.192543 0.000000
vt 4.532973 7.041380 0.000000
vt 4.553232 6.888196 0.000000
vt 5.874534 8.367370 0.000000
vt 5.742041 8.454570 0.000000
vt 4.457351 7.340782 0.000000
vt 5.616874 8.551994 0.000000
vt 5.499821 8.659031 0.000000
vt 4.402438 7.485213 0.000000
vt 5.391619 8.775008 0.000000
vt 4.336539 7.624974 0.000000
vt 4.260048 7.759230 0.000000
vt 4.173419 7.887180 0.000000
vt 4.077172 8.008061 0.000000
vt 3.231205 11.283052 0.000000
vt 2.337165 10.028050 0.000000
vt 3.186129 11.344228 0.000000
vt 2.283422 10.081619 0.000000
vt 3.150845 11.411528 0.000000
vt 2.222191 10.126437 0.000000
vt 3.126166 11.483398 0.000000
vt 2.154884 10.161475 0.000000
vt 3.112664 11.558178 0.000000
vt 2.083050 10.185923 0.000000
vt 2.008343 10.199220 0.000000
vt 3.110650 11.634140 0.000000
vt 1.932484 10.201058 0.000000
vt 3.120170 11.709531 0.000000
vt 1.857221 10.191397 0.000000
vt 1.888479 14.713533 0.000000
vt 1.810991 14.730833 0.000000
vt 3.141005 11.782607 0.000000
vt 3.187533 13.304067 0.000000
vt 1.967728 14.708718 0.000000
vt 3.180072 13.381230 0.000000
vt 2.046741 14.716508 0.000000
vt 2.123525 14.736706 0.000000
vt 3.184629 13.458618 0.000000
vt 2.196143 14.768804 0.000000
vt 3.201093 13.534372 0.000000
vt 2.262765 14.811992 0.000000
vt 3.229069 13.606671 0.000000
vt 2.321711 14.865181 0.000000
vt 3.267885 13.673775 0.000000
vt 3.316607 13.734074 0.000000
vt 3.206832 13.228986 0.000000
vt 3.172673 11.851683 0.000000
vt 3.237505 13.157789 0.000000
vt 3.214443 11.915162 0.000000
vt 3.278815 13.092190 0.000000
vt 3.265350 11.971578 0.000000
vt 3.329768 13.033765 0.000000
vt 3.324218 12.019629 0.000000
vt 3.389140 12.983919 0.000000
vt 3.389688 12.058203 0.000000
vt 3.455504 12.943849 0.000000
vt 3.460248 12.086411 0.000000
vt 3.527264 12.914519 0.000000
vt 3.534267 12.103601 0.000000
vt 1.464637 3.801360 0.000000
vt 1.458333 3.880505 0.000000
vt 1.458333 9.701727 0.000000
vt 1.464091 9.777389 0.000000
vt 1.464637 15.129485 0.000000
vt 1.481232 9.851308 0.000000
vt 1.483389 15.052335 0.000000
vt 1.509362 9.921783 0.000000
vt 1.514117 14.979127 0.000000
vt 1.547832 9.987189 0.000000
vt 1.556045 14.911705 0.000000
vt 1.595756 10.046020 0.000000
vt 1.608117 14.851770 0.000000
vt 1.652031 10.096922 0.000000
vt 1.669020 14.800833 0.000000
vt 1.715361 10.138722 0.000000
vt 1.737218 14.760179 0.000000
vt 1.784287 10.170457 0.000000
vt 5.927308 5.023749 0.000000
vt 4.542560 6.425689 0.000000
vt 5.791468 4.942899 0.000000
vt 4.515257 6.273602 0.000000
vt 5.662438 4.851572 0.000000
vt 4.476295 6.124077 0.000000
vt 5.541023 4.750341 0.000000
vt 4.425906 5.978007 0.000000
vt 5.427983 4.639837 0.000000
vt 4.364391 5.836262 0.000000
vt 4.292116 5.699689 0.000000
vt 4.209513 5.569104 0.000000
vt 4.117075 5.445286 0.000000
vt 4.015355 5.328973 0.000000
vt 3.316607 2.405949 0.000000
vt 2.321711 3.537056 0.000000
vt 2.262765 3.483867 0.000000
vt 2.196143 3.440679 0.000000
vt 2.123525 3.408581 0.000000
vt 2.046741 3.388383 0.000000
vt 1.967728 3.380593 0.000000
vt 3.267885 2.345650 0.000000
vt 3.229069 2.278546 0.000000
vt 3.201093 2.206247 0.000000
vt 3.184629 2.130493 0.000000
vt 3.180072 2.053105 0.000000
vt 3.187533 1.975942 0.000000
vt 1.888479 3.385408 0.000000
vt 3.206832 1.900861 0.000000
vt 3.237505 1.829664 0.000000
vt 3.278815 1.764065 0.000000
vt 3.329768 1.705640 0.000000
vt 3.389140 1.655794 0.000000
vt 3.455504 1.615724 0.000000
vt 1.810991 3.402708 0.000000
vt 1.737218 3.432054 0.000000
vt 1.669020 3.472708 0.000000
vt 1.608117 3.523645 0.000000
vt 1.556045 3.583580 0.000000
vt 1.514117 3.651002 0.000000
vt 1.483389 3.724210 0.000000
vt 15.395899 14.271461 0.000000
vt 15.456102 10.708635 0.000000
vt 15.471756 14.254652 0.000000
vt 15.534896 10.715965 0.000000
vt 15.549303 14.249799 0.000000
vt 15.613859 10.710772 0.000000
vt 15.626664 14.257018 0.000000
vt 15.691015 10.693185 0.000000
vt 15.701973 14.276136 0.000000
vt 15.764429 10.663646 0.000000
vt 15.773412 14.306690 0.000000
vt 15.832263 10.622894 0.000000
vt 15.839254 14.347942 0.000000
vt 15.892818 10.571950 0.000000
vt 15.897910 14.398897 0.000000
vt 15.944577 10.512090 0.000000
vt 15.947963 14.458325 0.000000
vt 15.986244 10.444814 0.000000
vt 15.988205 14.524789 0.000000
vt 16.016775 10.371807 0.000000
vt 16.017665 14.596685 0.000000
vt 16.035404 10.294897 0.000000
vt 16.035630 14.672278 0.000000
vt 16.035630 3.344153 0.000000
vt 16.017665 3.268560 0.000000
vt 15.988205 3.196664 0.000000
vt 15.947963 3.130200 0.000000
vt 15.897910 3.070772 0.000000
vt 15.839254 3.019817 0.000000
vt 15.773412 2.978565 0.000000
vt 15.701973 2.948011 0.000000
vt 15.626664 2.928893 0.000000
vt 15.549303 2.921674 0.000000
vt 13.209482 1.771449 0.000000
vt 13.158536 1.711017 0.000000
vt 15.471756 2.926527 0.000000
vt 13.021030 2.512422 0.000000
vt 13.089207 2.472429 0.000000
vt 13.150230 2.422192 0.000000
vt 15.395899 2.943336 0.000000
vt 15.323561 2.971694 0.000000
vt 11.297002 4.923625 0.000000
vt 11.158351 4.997703 0.000000
vt 11.025946 5.082443 0.000000
vt 10.900605 5.177319 0.000000
vt 10.783104 5.281747 0.000000
vt 10.674167 5.395081 0.000000
vt 10.574467 5.516620 0.000000
vt 10.484621 5.645614 0.000000
vt 10.405184 5.781266 0.000000
vt 10.336646 5.922738 0.000000
vt 10.279431 6.069156 0.000000
vt 10.233892 6.219616 0.000000
vt 10.200311 6.373187 0.000000
vt 10.178895 6.528921 0.000000
vt 10.188580 6.999450 0.000000
vt 10.216387 7.154171 0.000000
vt 10.256259 7.306230 0.000000
vt 10.307951 7.454688 0.000000
vt 10.371142 7.598627 0.000000
vt 10.445444 7.737159 0.000000
vt 10.530396 7.869428 0.000000
vt 10.625473 7.994616 0.000000
vt 10.730090 8.111949 0.000000
vt 10.843598 8.220704 0.000000
vt 10.965298 8.320208 0.000000
vt 13.202573 2.362967 0.000000
vt 13.244930 2.296233 0.000000
vt 13.276240 2.223657 0.000000
vt 13.295722 2.147055 0.000000
vt 13.302890 2.068339 0.000000
vt 13.297563 1.989478 0.000000
vt 13.279875 1.912441 0.000000
vt 13.250268 1.839154 0.000000
vt 13.098703 1.659369 0.000000
vt 13.031479 1.617795 0.000000
vt 12.958543 1.587334 0.000000
vt 12.881718 1.568748 0.000000
vt 11.094436 19.737972 0.000000
vt 11.230216 19.817191 0.000000
vt 13.210643 22.496062 0.000000
vt 15.306864 21.985574 0.000000
vt 13.276395 22.537916 0.000000
vt 13.334843 22.589481 0.000000
vt 13.384567 22.649503 0.000000
vt 13.424359 22.716523 0.000000
vt 13.453252 22.788913 0.000000
vt 13.470544 22.864913 0.000000
vt 13.475814 22.942678 0.000000
vt 13.468934 23.020316 0.000000
vt 13.450072 23.095943 0.000000
vt 15.379451 22.017091 0.000000
vt 13.419687 23.167719 0.000000
vt 15.456102 22.036760 0.000000
vt 15.534896 22.044090 0.000000
vt 15.613859 22.038897 0.000000
vt 15.691015 22.021310 0.000000
vt 15.764429 21.991771 0.000000
vt 15.832263 21.951019 0.000000
vt 15.892818 21.900075 0.000000
vt 15.944577 21.840215 0.000000
vt 15.986244 21.772939 0.000000
vt 16.016775 21.699932 0.000000
vt 16.035404 21.623022 0.000000
vt 16.041667 21.544136 0.000000
vt 7.753916 16.393855 0.000000
vt 11.025946 16.410568 0.000000
vt 10.900605 16.505444 0.000000
vt 10.783104 16.609872 0.000000
vt 10.674167 16.723206 0.000000
vt 10.574467 16.844745 0.000000
vt 10.484621 16.973739 0.000000
vt 10.405184 17.109391 0.000000
vt 10.336646 17.250863 0.000000
vt 10.279431 17.397281 0.000000
vt 10.233892 17.547741 0.000000
vt 10.200311 17.701312 0.000000
vt 10.178895 17.857046 0.000000
vt 10.169777 18.013981 0.000000
vt 7.846155 19.642672 0.000000
vt 10.173012 18.171148 0.000000
vt 10.188580 18.327575 0.000000
vt 10.216387 18.482296 0.000000
vt 10.256259 18.634355 0.000000
vt 10.307951 18.782813 0.000000
vt 10.371142 18.926752 0.000000
vt 10.445444 19.065284 0.000000
vt 10.530396 19.197553 0.000000
vt 10.625473 19.322741 0.000000
vt 10.730090 19.440074 0.000000
vt 10.843598 19.548829 0.000000
vt 10.965298 19.648333 0.000000
vt 1.481232 21.179433 0.000000
vt 1.509362 21.249908 0.000000
vt 1.547832 21.315314 0.000000
vt 1.595756 21.374145 0.000000
vt 1.784287 21.498582 0.000000
vt 1.857221 21.519522 0.000000
vt 3.120170 23.037656 0.000000
vt 1.932484 21.529183 0.000000
vt 3.110650 22.962265 0.000000
vt 2.008343 21.527345 0.000000
vt 3.112664 22.886303 0.000000
vt 2.083050 21.514048 0.000000
vt 2.154884 21.489600 0.000000
vt 3.126166 22.811523 0.000000
vt 2.222191 21.454562 0.000000
vt 3.150845 22.739653 0.000000
vt 2.283422 21.409744 0.000000
vt 3.186129 22.672353 0.000000
vt 2.337165 21.356175 0.000000
vt 3.231205 22.611177 0.000000
vt 4.077172 19.336186 0.000000
vt 5.391619 20.103133 0.000000
vt 4.173419 19.215305 0.000000
vt 4.260048 19.087355 0.000000
vt 4.336539 18.953099 0.000000
vt 4.402438 18.813338 0.000000
vt 5.499821 19.987156 0.000000
vt 4.457351 18.668907 0.000000
vt 5.616874 19.880119 0.000000
vt 4.500949 18.520668 0.000000
vt 5.742041 19.782695 0.000000
vt 4.532973 18.369505 0.000000
vt 5.874534 19.695495 0.000000
vt 4.553232 18.216321 0.000000
vt 6.013521 19.619069 0.000000
vt 4.561604 18.062030 0.000000
vt 6.069110 16.421743 0.000000
vt 4.558039 17.907554 0.000000
vt 5.927308 16.351874 0.000000
vt 4.542560 17.753814 0.000000
vt 5.791468 16.271024 0.000000
vt 4.515257 17.601727 0.000000
vt 5.662438 16.179697 0.000000
vt 4.476295 17.452202 0.000000
vt 5.541023 16.078466 0.000000
vt 4.425906 17.306132 0.000000
vt 5.427983 15.967962 0.000000
vt 4.364391 17.164387 0.000000
vt 4.292116 17.027814 0.000000
vt 4.209513 16.897229 0.000000
vt 4.117075 16.773411 0.000000
vt 4.015355 16.657098 0.000000
vt 6.158127 19.553898 0.000000
vt 6.215986 16.480195 0.000000
vt 6.307442 19.500390 0.000000
vt 6.367020 16.526864 0.000000
vt 6.460529 19.458883 0.000000
vt 6.521268 16.561459 0.000000
vt 6.616423 19.429638 0.000000
vt 6.677767 16.583764 0.000000
vt 6.774144 19.412839 0.000000
vt 6.835538 16.593639 0.000000
vt 6.932701 19.408591 0.000000
vt 6.993597 16.591022 0.000000
vt 7.091095 19.416921 0.000000
vt 7.150955 16.575931 0.000000
vt 7.248331 19.437777 0.000000
vt 7.306629 16.548459 0.000000
vt 7.403421 19.471027 0.000000
vt 7.459648 16.508778 0.000000
vt 7.555387 19.516462 0.000000
vt 7.609055 16.457136 0.000000
vt 7.703275 19.573798 0.000000
vt 3.534267 23.431726 0.000000
vt 3.610036 23.437500 0.000000
vt 13.201451 23.383706 0.000000
vt 13.268055 23.343222 0.000000
vt 13.327559 23.292879 0.000000
vt 13.378515 23.233900 0.000000
vt 3.141005 23.110732 0.000000
vt 3.172673 23.179808 0.000000
vt 3.214443 23.243287 0.000000
vt 3.265350 23.299703 0.000000
vt 3.324218 23.347754 0.000000
vt 3.389688 23.386328 0.000000
vt 3.460248 23.414536 0.000000
vt 0.500000 24.500000 0.000000
vt 0.000000 24.500000 0.000000
vt 0.500000 0.500000 0.000000
vt 0.000000 0.500000 0.000000
vt 0.238074 0.392699 0.000000
vt -0.261926 0.392699 0.000000
vt 0.238074 0.314159 0.000000
vt -0.261926 0.314159 0.000000
vt 0.238074 0.235619 0.000000
vt -0.261926 0.235619 0.000000
vt 0.238074 0.157080 0.000000
vt -0.261926 0.157080 0.000000
vt 0.238074 0.078540 0.000000
vt -0.261926 0.078540 0.000000
vt 0.238074 -0.000000 0.000000
vt -0.261926 0.000000 0.000000
vt 0.238074 -0.078540 0.000000
vt -0.261926 -0.078540 0.000000
vt 0.238074 -0.157080 0.000000
vt -0.261926 -0.157080 0.000000
vt 0.238074 -0.235619 0.000000
vt -0.261926 -0.235619 0.000000
vt 0.238074 -0.314159 0.000000
vt -0.261926 -0.314159 0.000000
vt 0.238074 -0.392699 0.000000
vt -0.261926 -0.392699 0.000000
vt 0.500000 1.264970 0.000000
vt -0.000000 1.264970 0.000000
vt 0.500000 1.106849 0.000000
vt -0.000000 1.106849 0.000000
vt 0.500000 0.948727 0.000000
vt -0.000000 0.948727 0.000000
vt 0.500000 0.790606 0.000000
vt -0.000000 0.790606 0.000000
vt 0.500000 0.632485 0.000000
vt -0.000000 0.632485 0.000000
vt 0.500000 0.474364 0.000000
vt -0.000000 0.474364 0.000000
vt 0.500000 0.316242 0.000000
vt -0.000000 0.316242 0.000000
vt 0.500000 0.158121 0.000000
vt -0.000000 0.158121 0.000000
vt 0.500000 -0.000000 0.000000
vt -0.000000 -0.000000 0.000000
vt 0.500000 -0.158121 0.000000
vt -0.000000 -0.158121 0.000000
vt 0.500000 -0.316242 0.000000
vt -0.000000 -0.316242 0.000000
vt 0.500000 -0.474364 0.000000
vt -0.000000 -0.474364 0.000000
vt 0.500000 -0.632485 0.000000
vt -0.000000 -0.632485 0.000000
vt 0.500000 -0.790606 0.000000
vt -0.000000 -0.790606 0.000000
vt 0.500000 -0.948727 0.000000
vt -0.000000 -0.948727 0.000000
vt 0.500000 -1.106849 0.000000
vt -0.000000 -1.106849 0.000000
vt 0.500000 -1.264970 0.000000
vt -0.000000 -1.264970 0.000000
vt -4.234356 -0.000000 0.000000
vt -1.160569 -0.000000 0.000000
vt -4.234356 0.500000 0.000000
vt -1.160569 0.500000 0.000000
vt 0.500000 1.264970 0.000000
vt -0.000000 1.264970 0.000000
vt 0.500000 1.106849 0.000000
vt -0.000000 1.106849 0.000000
vt 0.500000 0.948727 0.000000
vt -0.000000 0.948727 0.000000
vt 0.500000 0.790606 0.000000
vt -0.000000 0.790606 0.000000
vt 0.500000 0.632485 0.000000
vt -0.000000 0.632485 0.000000
vt 0.500000 0.474364 0.000000
vt -0.000000 0.474364 0.000000
vt 0.500000 0.316242 0.000000
vt -0.000000 0.316242 0.000000
vt 0.500000 0.158121 0.000000
vt -0.000000 0.158121 0.000000
vt 0.500000 0.000000 0.000000
vt -0.000000 0.000000 0.000000
vt 0.500000 -0.158121 0.000000
vt -0.000000 -0.158121 0.000000
vt 0.500000 -0.316242 0.000000
vt -0.000000 -0.316242 0.000000
vt 0.500000 -0.474364 0.000000
vt -0.000000 -0.474364 0.000000
vt 0.500000 -0.632485 0.000000
vt -0.000000 -0.632485 0.000000
vt 0.500000 -0.790606 0.000000
vt -0.000000 -0.790606 0.000000
vt 0.500000 -0.948727 0.000000
vt -0.000000 -0.948727 0.000000
vt 0.500000 -1.106849 0.000000
vt -0.000000 -1.106849 0.000000
vt 0.500000 -1.264970 0.000000
vt -0.000000 -1.264970 0.000000
vt -4.234356 -0.000000 0.000000
vt -1.160569 -0.000000 0.000000
vt -4.234356 0.500000 0.000000
vt -1.160569 0.500000 0.000000
vt 0.500000 1.468283 0.000000
vt -0.000000 1.468283 0.000000
vt 0.500000 1.313727 0.000000
vt -0.000000 1.313727 0.000000
vt 0.500000 1.159171 0.000000
vt -0.000000 1.159171 0.000000
vt 0.500000 1.004615 0.000000
vt -0.000000 1.004615 0.000000
vt 0.500000 0.850059 0.000000
vt -0.000000 0.850059 0.000000
vt 0.500000 0.695503 0.000000
vt -0.000000 0.695503 0.000000
vt 0.500000 0.540946 0.000000
vt -0.000000 0.540946 0.000000
vt 0.500000 0.386390 0.000000
vt -0.000000 0.386390 0.000000
vt 0.500000 0.231834 0.000000
vt -0.000000 0.231834 0.000000
vt 0.500000 0.077278 0.000000
vt -0.000000 0.077278 0.000000
vt 0.500000 -0.077278 0.000000
vt -0.000000 -0.077278 0.000000
vt 0.500000 -0.231834 0.000000
vt -0.000000 -0.231834 0.000000
vt 0.500000 -0.386390 0.000000
vt -0.000000 -0.386390 0.000000
vt 0.500000 -0.540946 0.000000
vt -0.000000 -0.540946 0.000000
vt 0.500000 -0.695503 0.000000
vt -0.000000 -0.695503 0.000000
vt 0.500000 -0.850059 0.000000
vt -0.000000 -0.850059 0.000000
vt 0.500000 -1.004615 0.000000
vt -0.000000 -1.004615 0.000000
vt 0.500000 -1.159171 0.000000
vt -0.000000 -1.159171 0.000000
vt 0.500000 -1.313727 0.000000
vt -0.000000 -1.313727 0.000000
vt 0.500000 -1.468283 0.000000
vt -0.000000 -1.468283 0.000000
vt -4.012646 -0.000000 0.000000
vt -1.346566 -0.000000 0.000000
vt -4.012646 0.500000 0.000000
vt -1.346566 0.500000 0.000000
vt 0.500000 1.468283 0.000000
vt -0.000000 1.468283 0.000000
vt 0.500000 1.313727 0.000000
vt 0.000000 1.313727 0.000000
vt 0.500000 1.159171 0.000000
vt -0.000000 1.159171 0.000000
vt 0.500000 1.004615 0.000000
vt -0.000000 1.004615 0.000000
vt 0.500000 0.850059 0.000000
vt -0.000000 0.850059 0.000000
vt 0.500000 0.695503 0.000000
vt -0.000000 0.695503 0.000000
vt 0.500000 0.540946 0.000000
vt -0.000000 0.540946 0.000000
vt 0.500000 0.386390 0.000000
vt -0.000000 0.386390 0.000000
vt 0.500000 0.231834 0.000000
vt 0.000000 0.231834 0.000000
vt 0.500000 0.077278 0.000000
vt 0.000000 0.077278 0.000000
vt 0.500000 -0.077278 0.000000
vt -0.000000 -0.077278 0.000000
vt 0.500000 -0.231834 0.000000
vt -0.000000 -0.231834 0.000000
vt 0.500000 -0.386390 0.000000
vt -0.000000 -0.386390 0.000000
vt 0.500000 -0.540946 0.000000
vt -0.000000 -0.540946 0.000000
vt 0.500000 -0.695503 0.000000
vt -0.000000 -0.695503 0.000000
vt 0.500000 -0.850059 0.000000
vt 0.000000 -0.850059 0.000000
vt 0.500000 -1.004615 0.000000
vt -0.000000 -1.004615 0.000000
vt 0.500000 -1.159171 0.000000
vt -0.000000 -1.159171 0.000000
vt 0.500000 -1.313727 0.000000
vt 0.000000 -1.313727 0.000000
vt 0.500000 -1.468283 0.000000
vt -0.000000 -1.468283 0.000000
vt -4.012646 -0.000000 0.000000
vt -1.346566 -0.000000 0.000000
vt -4.012646 0.500000 0.000000
vt -1.346566 0.500000 0.000000
vt 0.500000 1.348568 0.000000
vt -0.000000 1.348568 0.000000
vt 0.500000 1.189913 0.000000
vt -0.000000 1.189913 0.000000
vt 0.500000 1.031258 0.000000
vt -0.000000 1.031258 0.000000
vt 0.500000 0.872603 0.000000
vt -0.000000 0.872603 0.000000
vt 0.500000 0.713948 0.000000
vt -0.000000 0.713948 0.000000
vt 0.500000 0.555293 0.000000
vt -0.000000 0.555293 0.000000
vt 0.500000 0.396638 0.000000
vt -0.000000 0.396638 0.000000
vt 0.500000 0.237983 0.000000
vt -0.000000 0.237983 0.000000
vt 0.500000 0.079328 0.000000
vt -0.000000 0.079328 0.000000
vt 0.500000 -0.079328 0.000000
vt -0.000000 -0.079328 0.000000
vt 0.500000 -0.237983 0.000000
vt -0.000000 -0.237983 0.000000
vt 0.500000 -0.396638 0.000000
vt -0.000000 -0.396638 0.000000
vt 0.500000 -0.555293 0.000000
vt -0.000000 -0.555293 0.000000
vt 0.500000 -0.713948 0.000000
vt -0.000000 -0.713948 0.000000
vt 0.500000 -0.872603 0.000000
vt -0.000000 -0.872603 0.000000
vt 0.500000 -1.031258 0.000000
vt -0.000000 -1.031258 0.000000
vt 0.500000 -1.189913 0.000000
vt -0.000000 -1.189913 0.000000
vt 0.500000 -1.348568 0.000000
vt -0.000000 -1.348568 0.000000
vt -8.080892 0.500000 0.000000
vt -8.080892 -0.000000 0.000000
vt -5.714159 0.500000 0.000000
vt -2.004745 0.000000 0.000000
vt -3.535901 0.500000 0.000000
vt -2.004745 0.500000 0.000000
vt 0.500000 1.348568 0.000000
vt -0.000000 1.348568 0.000000
vt 0.500000 1.189913 0.000000
vt -0.000000 1.189913 0.000000
vt 0.500000 1.031258 0.000000
vt -0.000000 1.031258 0.000000
vt 0.500000 0.872603 0.000000
vt -0.000000 0.872603 0.000000
vt 0.500000 0.713948 0.000000
vt -0.000000 0.713948 0.000000
vt 0.500000 0.555293 0.000000
vt -0.000000 0.555293 0.000000
vt 0.500000 0.396638 0.000000
vt -0.000000 0.396638 0.000000
vt 0.500000 0.237983 0.000000
vt -0.000000 0.237983 0.000000
vt 0.500000 0.079328 0.000000
vt -0.000000 0.079328 0.000000
vt 0.500000 -0.079328 0.000000
vt -0.000000 -0.079328 0.000000
vt 0.500000 -0.237983 0.000000
vt -0.000000 -0.237983 0.000000
vt 0.500000 -0.396638 0.000000
vt -0.000000 -0.396638 0.000000
vt 0.500000 -0.555293 0.000000
vt -0.000000 -0.555293 0.000000
vt 0.500000 -0.713948 0.000000
vt -0.000000 -0.713948 0.000000
vt 0.500000 -0.872603 0.000000
vt -0.000000 -0.872603 0.000000
vt 0.500000 -1.031258 0.000000
vt -0.000000 -1.031258 0.000000
vt 0.500000 -1.189913 0.000000
vt -0.000000 -1.189913 0.000000
vt 0.500000 -1.348568 0.000000
vt -0.000000 -1.348568 0.000000
vt -8.080892 0.500000 0.000000
vt -8.080892 -0.000000 0.000000
vt -5.714159 0.500000 0.000000
vt -2.004745 -0.000000 0.000000
vt -3.535901 0.500000 0.000000
vt -2.004745 0.500000 0.000000
vt 0.500000 2.201364 0.000000
vt 0.000000 2.201364 0.000000
vt 0.500000 2.044124 0.000000
vt 0.000000 2.044124 0.000000
vt 0.500000 1.886884 0.000000
vt -0.000000 1.886884 0.000000
vt 0.500000 1.729643 0.000000
vt 0.000000 1.729643 0.000000
vt 0.500000 1.572403 0.000000
vt -0.000000 1.572403 0.000000
vt 0.500000 1.415163 0.000000
vt -0.000000 1.415163 0.000000
vt 0.500000 1.257923 0.000000
vt -0.000000 1.257923 0.000000
vt 0.500000 1.100682 0.000000
vt -0.000000 1.100682 0.000000
vt 0.500000 0.943442 0.000000
vt -0.000000 0.943442 0.000000
vt 0.500000 0.786202 0.000000
vt 0.000000 0.786202 0.000000
vt 0.500000 0.628961 0.000000
vt -0.000000 0.628961 0.000000
vt 0.500000 0.471721 0.000000
vt -0.000000 0.471721 0.000000
vt 0.500000 0.314481 0.000000
vt 0.000000 0.314481 0.000000
vt 0.500000 0.157240 0.000000
vt 0.000000 0.157240 0.000000
vt 0.500000 -0.000000 0.000000
vt 0.000000 -0.000000 0.000000
vt 0.500000 -0.157240 0.000000
vt 0.000000 -0.157240 0.000000
vt 0.500000 -0.314481 0.000000
vt 0.000000 -0.314481 0.000000
vt 0.500000 -0.471721 0.000000
vt -0.000000 -0.471721 0.000000
vt 0.500000 -0.628961 0.000000
vt -0.000000 -0.628961 0.000000
vt 0.500000 -0.786202 0.000000
vt 0.000000 -0.786202 0.000000
vt 0.500000 -0.943442 0.000000
vt 0.000000 -0.943442 0.000000
vt 0.500000 -1.100682 0.000000
vt 0.000000 -1.100682 0.000000
vt 0.500000 -1.257923 0.000000
vt 0.000000 -1.257923 0.000000
vt 0.500000 -1.415163 0.000000
vt -0.000000 -1.415163 0.000000
vt 0.500000 -1.572403 0.000000
vt 0.000000 -1.572403 0.000000
vt 0.500000 -1.729643 0.000000
vt -0.000000 -1.729643 0.000000
vt 0.500000 -1.886884 0.000000
vt 0.000000 -1.886884 0.000000
vt 0.500000 -2.044124 0.000000
vt -0.000000 -2.044124 0.000000
vt 0.500000 -2.201364 0.000000
vt 0.000000 -2.201364 0.000000
vt -5.272764 0.500000 0.000000
vt -5.272764 0.000000 0.000000
vt -4.648412 0.500000 0.000000
vt -0.798034 0.000000 0.000000
vt -0.798034 0.500000 0.000000
vt 0.500000 2.201364 0.000000
vt -0.000000 2.201364 0.000000
vt 0.500000 2.044124 0.000000
vt -0.000000 2.044124 0.000000
vt 0.500000 1.886884 0.000000
vt -0.000000 1.886884 0.000000
vt 0.500000 1.729643 0.000000
vt -0.000000 1.729643 0.000000
vt 0.500000 1.572403 0.000000
vt -0.000000 1.572403 0.000000
vt 0.500000 1.415163 0.000000
vt -0.000000 1.415163 0.000000
vt 0.500000 1.257923 0.000000
vt -0.000000 1.257923 0.000000
vt 0.500000 1.100682 0.000000
vt -0.000000 1.100682 0.000000
vt 0.500000 0.943442 0.000000
vt -0.000000 0.943442 0.000000
vt 0.500000 0.786202 0.000000
vt -0.000000 0.786202 0.000000
vt 0.500000 0.628961 0.000000
vt 0.000000 0.628961 0.000000
vt 0.500000 0.471721 0.000000
vt 0.000000 0.471721 0.000000
vt 0.500000 0.314481 0.000000
vt -0.000000 0.314481 0.000000
vt 0.500000 0.157240 0.000000
vt 0.000000 0.157240 0.000000
vt 0.500000 -0.000000 0.000000
vt 0.000000 -0.000000 0.000000
vt 0.500000 -0.157240 0.000000
vt -0.000000 -0.157240 0.000000
vt 0.500000 -0.314481 0.000000
vt -0.000000 -0.314481 0.000000
vt 0.500000 -0.471721 0.000000
vt -0.000000 -0.471721 0.000000
vt 0.500000 -0.628961 0.000000
vt -0.000000 -0.628961 0.000000
vt 0.500000 -0.786202 0.000000
vt -0.000000 -0.786202 0.000000
vt 0.500000 -0.943442 0.000000
vt -0.000000 -0.943442 0.000000
vt 0.500000 -1.100682 0.000000
vt 0.000000 -1.100682 0.000000
vt 0.500000 -1.257923 0.000000
vt -0.000000 -1.257923 0.000000
vt 0.500000 -1.415163 0.000000
vt -0.000000 -1.415163 0.000000
vt 0.500000 -1.572403 0.000000
vt -0.000000 -1.572403 0.000000
vt 0.500000 -1.729643 0.000000
vt -0.000000 -1.729643 0.000000
vt 0.500000 -1.886884 0.000000
vt 0.000000 -1.886884 0.000000
vt 0.500000 -2.044124 0.000000
vt -0.000000 -2.044124 0.000000
vt 0.500000 -2.201364 0.000000
vt 0.000000 -2.201364 0.000000
vt -5.272764 0.500000 0.000000
vt -5.272764 -0.000000 0.000000
vt -4.648412 0.500000 0.000000
vt -0.798034 0.000000 0.000000
vt -0.798034 0.500000 0.000000
vt 0.500000 0.663187 0.000000
vt 0.000000 0.663187 0.000000
vt 0.500000 0.585165 0.000000
vt -0.000000 0.585165 0.000000
vt 0.500000 0.507143 0.000000
vt -0.000000 0.507143 0.000000
vt 0.500000 0.429121 0.000000
vt -0.000000 0.429121 0.000000
vt 0.500000 0.351099 0.000000
vt -0.000000 0.351099 0.000000
vt 0.500000 0.273077 0.000000
vt -0.000000 0.273077 0.000000
vt 0.500000 0.195055 0.000000
vt -0.000000 0.195055 0.000000
vt 0.500000 0.117033 0.000000
vt -0.000000 0.117033 0.000000
vt 0.500000 0.039011 0.000000
vt -0.000000 0.039011 0.000000
vt 0.500000 -0.039011 0.000000
vt -0.000000 -0.039011 0.000000
vt 0.500000 -0.117033 0.000000
vt -0.000000 -0.117033 0.000000
vt 0.500000 -0.195055 0.000000
vt -0.000000 -0.195055 0.000000
vt 0.500000 -0.273077 0.000000
vt -0.000000 -0.273077 0.000000
vt 0.500000 -0.351099 0.000000
vt -0.000000 -0.351099 0.000000
vt 0.500000 -0.429121 0.000000
vt -0.000000 -0.429121 0.000000
vt 0.500000 -0.507143 0.000000
vt -0.000000 -0.507143 0.000000
vt 0.500000 -0.585165 0.000000
vt -0.000000 -0.585165 0.000000
vt 0.500000 -0.663187 0.000000
vt 0.000000 -0.663187 0.000000
vt -10.456426 0.500000 0.000000
vt -10.456426 0.000000 0.000000
vt -9.339406 0.500000 0.000000
vt -7.416273 0.500000 0.000000
vt -1.090621 -0.000000 0.000000
vt -1.090621 0.500000 0.000000
vt 0.500000 0.505545 0.000000
vt 0.000000 0.505545 0.000000
vt 0.500000 0.427769 0.000000
vt -0.000000 0.427769 0.000000
vt 0.500000 0.349993 0.000000
vt -0.000000 0.349993 0.000000
vt 0.500000 0.272217 0.000000
vt -0.000000 0.272217 0.000000
vt 0.500000 0.194440 0.000000
vt -0.000000 0.194440 0.000000
vt 0.500000 0.116664 0.000000
vt -0.000000 0.116664 0.000000
vt 0.500000 0.038888 0.000000
vt -0.000000 0.038888 0.000000
vt 0.500000 -0.038888 0.000000
vt -0.000000 -0.038888 0.000000
vt 0.500000 -0.116664 0.000000
vt -0.000000 -0.116664 0.000000
vt 0.500000 -0.194440 0.000000
vt -0.000000 -0.194440 0.000000
vt 0.500000 -0.272217 0.000000
vt -0.000000 -0.272217 0.000000
vt 0.500000 -0.349993 0.000000
vt -0.000000 -0.349993 0.000000
vt 0.500000 -0.427769 0.000000
vt -0.000000 -0.427769 0.000000
vt 0.500000 -0.505545 0.000000
vt -0.000000 -0.505545 0.000000
vt -7.626678 -0.000000 0.000000
vt -0.832282 -0.000000 0.000000
vt -7.626678 0.500000 0.000000
vt -0.832282 0.500000 0.000000
vt 0.500000 0.514910 0.000000
vt -0.000000 0.514910 0.000000
vt 0.500000 0.435693 0.000000
vt -0.000000 0.435693 0.000000
vt 0.500000 0.356476 0.000000
vt -0.000000 0.356476 0.000000
vt 0.500000 0.277259 0.000000
vt -0.000000 0.277259 0.000000
vt 0.500000 0.198042 0.000000
vt -0.000000 0.198042 0.000000
vt 0.500000 0.118825 0.000000
vt -0.000000 0.118825 0.000000
vt 0.500000 0.039608 0.000000
vt -0.000000 0.039608 0.000000
vt 0.500000 -0.039608 0.000000
vt -0.000000 -0.039608 0.000000
vt 0.500000 -0.118825 0.000000
vt -0.000000 -0.118825 0.000000
vt 0.500000 -0.198042 0.000000
vt -0.000000 -0.198042 0.000000
vt 0.500000 -0.277259 0.000000
vt -0.000000 -0.277259 0.000000
vt 0.500000 -0.356476 0.000000
vt -0.000000 -0.356476 0.000000
vt 0.500000 -0.435693 0.000000
vt -0.000000 -0.435693 0.000000
vt 0.500000 -0.514910 0.000000
vt -0.000000 -0.514910 0.000000
vt -3.936160 0.500000 0.000000
vt -4.648157 0.500000 0.000000
vt -3.936160 -0.000000 0.000000
vt -8.553621 -0.000000 0.000000
vt -8.553621 0.500000 0.000000
vt 0.500000 0.514910 0.000000
vt 0.000000 0.514910 0.000000
vt 0.500000 0.435693 0.000000
vt -0.000000 0.435693 0.000000
vt 0.500000 0.356476 0.000000
vt -0.000000 0.356476 0.000000
vt 0.500000 0.277259 0.000000
vt -0.000000 0.277259 0.000000
vt 0.500000 0.198042 0.000000
vt -0.000000 0.198042 0.000000
vt 0.500000 0.118825 0.000000
vt -0.000000 0.118825 0.000000
vt 0.500000 0.039608 0.000000
vt -0.000000 0.039608 0.000000
vt 0.500000 -0.039608 0.000000
vt -0.000000 -0.039608 0.000000
vt 0.500000 -0.118825 0.000000
vt -0.000000 -0.118825 0.000000
vt 0.500000 -0.198042 0.000000
vt -0.000000 -0.198042 0.000000
vt 0.500000 -0.277259 0.000000
vt -0.000000 -0.277259 0.000000
vt 0.500000 -0.356476 0.000000
vt -0.000000 -0.356476 0.000000
vt 0.500000 -0.435693 0.000000
vt -0.000000 -0.435693 0.000000
vt 0.500000 -0.514910 0.000000
vt -0.000000 -0.514910 0.000000
vt -3.936160 0.500000 0.000000
vt -4.648157 0.500000 0.000000
vt -3.936160 -0.000000 0.000000
vt -8.553621 -0.000000 0.000000
vt -8.553621 0.500000 0.000000
vt 0.500000 0.663187 0.000000
vt 0.000000 0.663187 0.000000
vt 0.500000 0.585165 0.000000
vt -0.000000 0.585165 0.000000
vt 0.500000 0.507143 0.000000
vt -0.000000 0.507143 0.000000
vt 0.500000 0.429121 0.000000
vt -0.000000 0.429121 0.000000
vt 0.500000 0.351099 0.000000
vt -0.000000 0.351099 0.000000
vt 0.500000 0.273077 0.000000
vt -0.000000 0.273077 0.000000
vt 0.500000 0.195055 0.000000
vt -0.000000 0.195055 0.000000
vt 0.500000 0.117033 0.000000
vt -0.000000 0.117033 0.000000
vt 0.500000 0.039011 0.000000
vt -0.000000 0.039011 0.000000
vt 0.500000 -0.039011 0.000000
vt -0.000000 -0.039011 0.000000
vt 0.500000 -0.117033 0.000000
vt -0.000000 -0.117033 0.000000
vt 0.500000 -0.195055 0.000000
vt -0.000000 -0.195055 0.000000
vt 0.500000 -0.273077 0.000000
vt -0.000000 -0.273077 0.000000
vt 0.500000 -0.351099 0.000000
vt -0.000000 -0.351099 0.000000
vt 0.500000 -0.429121 0.000000
vt -0.000000 -0.429121 0.000000
vt 0.500000 -0.507143 0.000000
vt -0.000000 -0.507143 0.000000
vt 0.500000 -0.585165 0.000000
vt -0.000000 -0.585165 0.000000
vt 0.500000 -0.663187 0.000000
vt 0.000000 -0.663187 0.000000
vt -10.456426 0.500000 0.000000
vt -10.456426 0.000000 0.000000
vt -9.339406 0.500000 0.000000
vt -7.416273 0.500000 0.000000
vt -6.176826 0.500000 0.000000
vt -6.232977 0.502721 0.000000
vt -1.090621 -0.000000 0.000000
vt -5.303339 0.500000 0.000000
vt -4.429852 0.500000 0.000000
vt -3.556366 0.500000 0.000000
vt -2.682879 0.500000 0.000000
vt -1.090621 0.500000 0.000000
vt -6.288238 0.511187 0.000000
vt -6.342158 0.525854 0.000000
vt -6.394107 0.547093 0.000000
vt -6.442485 0.574555 0.000000
vt -6.486877 0.608010 0.000000
vt -6.527026 0.647208 0.000000
vt -6.562044 0.690894 0.000000
vt -6.591945 0.738253 0.000000
vt -6.616969 0.788668 0.000000
vt -6.637319 0.841382 0.000000
vt -6.653287 0.895769 0.000000
vt -6.665211 0.951310 0.000000
vt -6.673427 1.007484 0.000000
vt -6.678309 1.064315 0.000000
vt -6.680133 1.123122 0.000000
vt -6.678900 1.183909 0.000000
vt -6.674598 1.246574 0.000000
vt -6.667215 1.311013 0.000000
vt -6.656738 1.377124 0.000000
vt -6.643155 1.444804 0.000000
vt -6.626518 1.513673 0.000000
vt -6.584489 1.653358 0.000000
vt -6.531188 1.794671 0.000000
vt -6.467090 1.936455 0.000000
vt -6.392674 2.077554 0.000000
vt -6.308416 2.216812 0.000000
vt 0.500000 0.672552 0.000000
vt -0.000000 0.672552 0.000000
vt 0.500000 0.593428 0.000000
vt -0.000000 0.593428 0.000000
vt 0.500000 0.514304 0.000000
vt -0.000000 0.514304 0.000000
vt 0.500000 0.435181 0.000000
vt -0.000000 0.435181 0.000000
vt 0.500000 0.356057 0.000000
vt -0.000000 0.356057 0.000000
vt 0.500000 0.276933 0.000000
vt -0.000000 0.276933 0.000000
vt 0.500000 0.197809 0.000000
vt -0.000000 0.197809 0.000000
vt 0.500000 0.118686 0.000000
vt -0.000000 0.118686 0.000000
vt 0.500000 0.039562 0.000000
vt -0.000000 0.039562 0.000000
vt 0.500000 -0.039562 0.000000
vt -0.000000 -0.039562 0.000000
vt 0.500000 -0.118686 0.000000
vt -0.000000 -0.118686 0.000000
vt 0.500000 -0.197809 0.000000
vt -0.000000 -0.197809 0.000000
vt 0.500000 -0.276933 0.000000
vt -0.000000 -0.276933 0.000000
vt 0.500000 -0.356057 0.000000
vt -0.000000 -0.356057 0.000000
vt 0.500000 -0.435181 0.000000
vt -0.000000 -0.435181 0.000000
vt 0.500000 -0.514304 0.000000
vt -0.000000 -0.514304 0.000000
vt 0.500000 -0.593428 0.000000
vt -0.000000 -0.593428 0.000000
vt 0.500000 -0.672552 0.000000
vt -0.000000 -0.672552 0.000000
vt -1.465855 0.500000 0.000000
vt -3.890467 0.500000 0.000000
vt -1.465855 -0.000000 0.000000
vt -7.319219 0.000000 0.000000
vt -6.027652 0.500000 0.000000
vt -7.319219 0.500000 0.000000
vt 0.500000 0.596095 0.000000
vt -0.000000 0.596095 0.000000
vt 0.500000 0.516616 0.000000
vt 0.000000 0.516616 0.000000
vt 0.500000 0.437137 0.000000
vt 0.000000 0.437137 0.000000
vt 0.500000 0.357657 0.000000
vt 0.000000 0.357657 0.000000
vt 0.500000 0.278178 0.000000
vt 0.000000 0.278178 0.000000
vt 0.500000 0.198698 0.000000
vt 0.000000 0.198698 0.000000
vt 0.500000 0.119219 0.000000
vt 0.000000 0.119219 0.000000
vt 0.500000 0.039740 0.000000
vt 0.000000 0.039740 0.000000
vt 0.500000 -0.039740 0.000000
vt 0.000000 -0.039740 0.000000
vt 0.500000 -0.119219 0.000000
vt 0.000000 -0.119219 0.000000
vt 0.500000 -0.198698 0.000000
vt 0.000000 -0.198698 0.000000
vt 0.500000 -0.278178 0.000000
vt 0.000000 -0.278178 0.000000
vt 0.500000 -0.357657 0.000000
vt 0.000000 -0.357657 0.000000
vt 0.500000 -0.437137 0.000000
vt 0.000000 -0.437137 0.000000
vt 0.500000 -0.516616 0.000000
vt 0.000000 -0.516616 0.000000
vt 0.500000 -0.596095 0.000000
vt -0.000000 -0.596095 0.000000
vt -1.804807 0.500000 0.000000
vt -4.270451 0.500000 0.000000
vt -1.804807 -0.000000 0.000000
vt -4.270451 -0.000000 0.000000
vt 0.500000 0.582002 0.000000
vt 0.000000 0.582002 0.000000
vt 0.500000 0.504402 0.000000
vt 0.000000 0.504402 0.000000
vt 0.500000 0.426801 0.000000
vt 0.000000 0.426801 0.000000
vt 0.500000 0.349201 0.000000
vt 0.000000 0.349201 0.000000
vt 0.500000 0.271601 0.000000
vt 0.000000 0.271601 0.000000
vt 0.500000 0.194001 0.000000
vt -0.000000 0.194001 0.000000
vt 0.500000 0.116400 0.000000
vt 0.000000 0.116400 0.000000
vt 0.500000 0.038800 0.000000
vt 0.000000 0.038800 0.000000
vt 0.500000 -0.038800 0.000000
vt 0.000000 -0.038800 0.000000
vt 0.500000 -0.116400 0.000000
vt 0.000000 -0.116400 0.000000
vt 0.500000 -0.194001 0.000000
vt 0.000000 -0.194001 0.000000
vt 0.500000 -0.271601 0.000000
vt 0.000000 -0.271601 0.000000
vt 0.500000 -0.349201 0.000000
vt 0.000000 -0.349201 0.000000
vt 0.500000 -0.426801 0.000000
vt 0.000000 -0.426801 0.000000
vt 0.500000 -0.504402 0.000000
vt 0.000000 -0.504402 0.000000
vt 0.500000 -0.582002 0.000000
vt 0.000000 -0.582002 0.000000
vt -2.177661 0.500000 0.000000
vt -3.121764 0.500000 0.000000
vt -2.177661 -0.000000 0.000000
vt -5.044897 0.500000 0.000000
vt -6.284344 0.500000 0.000000
vt -6.229400 0.502603 0.000000
vt -6.175142 0.510729 0.000000
vt -6.122034 0.524847 0.000000
vt -6.071255 0.545086 0.000000
vt -6.023477 0.571453 0.000000
vt -5.979216 0.603839 0.000000
vt -5.939638 0.641238 0.000000
vt -5.904780 0.683101 0.000000
vt -5.874553 0.728951 0.000000
vt -5.849084 0.777799 0.000000
vt -5.828203 0.828883 0.000000
vt -5.811591 0.881658 0.000000
vt -5.798931 0.935578 0.000000
vt -5.789848 0.990529 0.000000
vt -5.783955 1.047729 0.000000
vt -5.781237 1.107185 0.000000
vt -5.781701 1.168763 0.000000
vt -5.785359 1.232333 0.000000
vt -5.792219 1.297760 0.000000
vt -5.802292 1.364914 0.000000
vt -5.815570 1.433583 0.000000
vt -5.831951 1.503227 0.000000
vt -5.873753 1.644663 0.000000
vt -5.927211 1.787951 0.000000
vt -5.991848 1.931881 0.000000
vt -6.067188 2.075238 0.000000
vt -6.152754 2.216812 0.000000
vt -7.157831 0.500000 0.000000
vt -11.300601 -0.000000 0.000000
vt -8.031318 0.500000 0.000000
vt -8.904804 0.500000 0.000000
vt -9.778291 0.500000 0.000000
vt -11.300601 0.500000 0.000000
vt 0.500000 0.570467 0.000000
vt -0.000000 0.570467 0.000000
vt 0.500000 0.494405 0.000000
vt 0.000000 0.494405 0.000000
vt 0.500000 0.418342 0.000000
vt -0.000000 0.418342 0.000000
vt 0.500000 0.342280 0.000000
vt 0.000000 0.342280 0.000000
vt 0.500000 0.266218 0.000000
vt 0.000000 0.266218 0.000000
vt 0.500000 0.190156 0.000000
vt 0.000000 0.190156 0.000000
vt 0.500000 0.114093 0.000000
vt 0.000000 0.114093 0.000000
vt 0.500000 0.038031 0.000000
vt 0.000000 0.038031 0.000000
vt 0.500000 -0.038031 0.000000
vt 0.000000 -0.038031 0.000000
vt 0.500000 -0.114093 0.000000
vt 0.000000 -0.114093 0.000000
vt 0.500000 -0.190156 0.000000
vt 0.000000 -0.190156 0.000000
vt 0.500000 -0.266218 0.000000
vt 0.000000 -0.266218 0.000000
vt 0.500000 -0.342280 0.000000
vt 0.000000 -0.342280 0.000000
vt 0.500000 -0.418342 0.000000
vt -0.000000 -0.418342 0.000000
vt 0.500000 -0.494405 0.000000
vt 0.000000 -0.494405 0.000000
vt 0.500000 -0.570467 0.000000
vt 0.000000 -0.570467 0.000000
vt -1.598502 0.500000 0.000000
vt -4.908740 0.500000 0.000000
vt -1.598502 0.000000 0.000000
vt -4.908740 -0.000000 0.000000
vt 0.500000 0.570467 0.000000
vt -0.000000 0.570467 0.000000
vt 0.500000 0.494405 0.000000
vt -0.000000 0.494405 0.000000
vt 0.500000 0.418342 0.000000
vt -0.000000 0.418342 0.000000
vt 0.500000 0.342280 0.000000
vt -0.000000 0.342280 0.000000
vt 0.500000 0.266218 0.000000
vt -0.000000 0.266218 0.000000
vt 0.500000 0.190156 0.000000
vt -0.000000 0.190156 0.000000
vt 0.500000 0.114093 0.000000
vt -0.000000 0.114093 0.000000
vt 0.500000 0.038031 0.000000
vt -0.000000 0.038031 0.000000
vt 0.500000 -0.038031 0.000000
vt -0.000000 -0.038031 0.000000
vt 0.500000 -0.114093 0.000000
vt -0.000000 -0.114093 0.000000
vt 0.500000 -0.190156 0.000000
vt 0.000000 -0.190156 0.000000
vt 0.500000 -0.266218 0.000000
vt -0.000000 -0.266218 0.000000
vt 0.500000 -0.342280 0.000000
vt -0.000000 -0.342280 0.000000
vt 0.500000 -0.418342 0.000000
vt -0.000000 -0.418342 0.000000
vt 0.500000 -0.494405 0.000000
vt -0.000000 -0.494405 0.000000
vt 0.500000 -0.570467 0.000000
vt -0.000000 -0.570467 0.000000
vt -1.598502 0.500000 0.000000
vt -4.908740 0.500000 0.000000
vt -1.598502 -0.000000 0.000000
vt -4.908740 -0.000000 0.000000
vt 0.500000 0.607630 0.000000
vt -0.000000 0.607630 0.000000
vt 0.500000 0.531676 0.000000
vt 0.000000 0.531676 0.000000
vt 0.500000 0.455723 0.000000
vt 0.000000 0.455723 0.000000
vt 0.500000 0.379769 0.000000
vt 0.000000 0.379769 0.000000
vt 0.500000 0.303815 0.000000
vt -0.000000 0.303815 0.000000
vt 0.500000 0.227861 0.000000
vt -0.000000 0.227861 0.000000
vt 0.500000 0.151908 0.000000
vt 0.000000 0.151908 0.000000
vt 0.500000 0.075954 0.000000
vt -0.000000 0.075954 0.000000
vt 0.500000 0.000000 0.000000
vt -0.000000 0.000000 0.000000
vt 0.500000 -0.075954 0.000000
vt 0.000000 -0.075954 0.000000
vt 0.500000 -0.151908 0.000000
vt 0.000000 -0.151908 0.000000
vt 0.500000 -0.227861 0.000000
vt 0.000000 -0.227861 0.000000
vt 0.500000 -0.303815 0.000000
vt -0.000000 -0.303815 0.000000
vt 0.500000 -0.379769 0.000000
vt -0.000000 -0.379769 0.000000
vt 0.500000 -0.455723 0.000000
vt 0.000000 -0.455723 0.000000
vt 0.500000 -0.531676 0.000000
vt -0.000000 -0.531676 0.000000
vt 0.500000 -0.607630 0.000000
vt -0.000000 -0.607630 0.000000
vt -1.256923 0.500000 0.000000
vt -7.078145 0.500000 0.000000
vt -1.256923 -0.000000 0.000000
vt -7.078145 0.000000 0.000000
vt 0.500000 0.607630 0.000000
vt -0.000000 0.607630 0.000000
vt 0.500000 0.531676 0.000000
vt -0.000000 0.531676 0.000000
vt 0.500000 0.455723 0.000000
vt 0.000000 0.455723 0.000000
vt 0.500000 0.379769 0.000000
vt 0.000000 0.379769 0.000000
vt 0.500000 0.303815 0.000000
vt 0.000000 0.303815 0.000000
vt 0.500000 0.227861 0.000000
vt 0.000000 0.227861 0.000000
vt 0.500000 0.151908 0.000000
vt 0.000000 0.151908 0.000000
vt 0.500000 0.075954 0.000000
vt 0.000000 0.075954 0.000000
vt 0.500000 -0.000000 0.000000
vt 0.000000 -0.000000 0.000000
vt 0.500000 -0.075954 0.000000
vt 0.000000 -0.075954 0.000000
vt 0.500000 -0.151908 0.000000
vt 0.000000 -0.151908 0.000000
vt 0.500000 -0.227861 0.000000
vt 0.000000 -0.227861 0.000000
vt 0.500000 -0.303815 0.000000
vt 0.000000 -0.303815 0.000000
vt 0.500000 -0.379769 0.000000
vt 0.000000 -0.379769 0.000000
vt 0.500000 -0.455723 0.000000
vt -0.000000 -0.455723 0.000000
vt 0.500000 -0.531676 0.000000
vt -0.000000 -0.531676 0.000000
vt 0.500000 -0.607630 0.000000
vt -0.000000 -0.607630 0.000000
vt -7.078145 -0.000000 0.000000
vt -1.256923 -0.000000 0.000000
vt -7.078145 0.500000 0.000000
vt -1.256923 0.500000 0.000000
vt 0.500000 0.596095 0.000000
vt -0.000000 0.596095 0.000000
vt 0.500000 0.516616 0.000000
vt -0.000000 0.516616 0.000000
vt 0.500000 0.437137 0.000000
vt -0.000000 0.437137 0.000000
vt 0.500000 0.357657 0.000000
vt -0.000000 0.357657 0.000000
vt 0.500000 0.278178 0.000000
vt -0.000000 0.278178 0.000000
vt 0.500000 0.198698 0.000000
vt -0.000000 0.198698 0.000000
vt 0.500000 0.119219 0.000000
vt -0.000000 0.119219 0.000000
vt 0.500000 0.039740 0.000000
vt -0.000000 0.039740 0.000000
vt 0.500000 -0.039740 0.000000
vt -0.000000 -0.039740 0.000000
vt 0.500000 -0.119219 0.000000
vt -0.000000 -0.119219 0.000000
vt 0.500000 -0.198698 0.000000
vt -0.000000 -0.198698 0.000000
vt 0.500000 -0.278178 0.000000
vt -0.000000 -0.278178 0.000000
vt 0.500000 -0.357657 0.000000
vt -0.000000 -0.357657 0.000000
vt 0.500000 -0.437137 0.000000
vt -0.000000 -0.437137 0.000000
vt 0.500000 -0.516616 0.000000
vt -0.000000 -0.516616 0.000000
vt 0.500000 -0.596095 0.000000
vt -0.000000 -0.596095 0.000000
vt -1.804807 0.500000 0.000000
vt -4.270451 0.500000 0.000000
vt -1.804807 -0.000000 0.000000
vt -4.270451 -0.000000 0.000000
vt 0.500000 0.582002 0.000000
vt 0.000000 0.582002 0.000000
vt 0.500000 0.504402 0.000000
vt 0.000000 0.504402 0.000000
vt 0.500000 0.426801 0.000000
vt 0.000000 0.426801 0.000000
vt 0.500000 0.349201 0.000000
vt 0.000000 0.349201 0.000000
vt 0.500000 0.271601 0.000000
vt 0.000000 0.271601 0.000000
vt 0.500000 0.194001 0.000000
vt 0.000000 0.194001 0.000000
vt 0.500000 0.116400 0.000000
vt 0.000000 0.116400 0.000000
vt 0.500000 0.038800 0.000000
vt -0.000000 0.038800 0.000000
vt 0.500000 -0.038800 0.000000
vt -0.000000 -0.038800 0.000000
vt 0.500000 -0.116400 0.000000
vt -0.000000 -0.116400 0.000000
vt 0.500000 -0.194001 0.000000
vt 0.000000 -0.194001 0.000000
vt 0.500000 -0.271601 0.000000
vt -0.000000 -0.271601 0.000000
vt 0.500000 -0.349201 0.000000
vt -0.000000 -0.349201 0.000000
vt 0.500000 -0.426801 0.000000
vt 0.000000 -0.426801 0.000000
vt 0.500000 -0.504402 0.000000
vt 0.000000 -0.504402 0.000000
vt 0.500000 -0.582002 0.000000
vt 0.000000 -0.582002 0.000000
vt -11.300601 0.500000 0.000000
vt -11.300601 -0.000000 0.000000
vt -5.044897 0.500000 0.000000
vt -2.177661 -0.000000 0.000000
vt -3.121764 0.500000 0.000000
vt -2.177661 0.500000 0.000000
vt 0.500000 0.672552 0.000000
vt -0.000000 0.672552 0.000000
vt 0.500000 0.593428 0.000000
vt -0.000000 0.593428 0.000000
vt 0.500000 0.514304 0.000000
vt -0.000000 0.514304 0.000000
vt 0.500000 0.435181 0.000000
vt -0.000000 0.435181 0.000000
vt 0.500000 0.356057 0.000000
vt -0.000000 0.356057 0.000000
vt 0.500000 0.276933 0.000000
vt -0.000000 0.276933 0.000000
vt 0.500000 0.197809 0.000000
vt -0.000000 0.197809 0.000000
vt 0.500000 0.118686 0.000000
vt -0.000000 0.118686 0.000000
vt 0.500000 0.039562 0.000000
vt -0.000000 0.039562 0.000000
vt 0.500000 -0.039562 0.000000
vt -0.000000 -0.039562 0.000000
vt 0.500000 -0.118686 0.000000
vt -0.000000 -0.118686 0.000000
vt 0.500000 -0.197809 0.000000
vt -0.000000 -0.197809 0.000000
vt 0.500000 -0.276933 0.000000
vt -0.000000 -0.276933 0.000000
vt 0.500000 -0.356057 0.000000
vt -0.000000 -0.356057 0.000000
vt 0.500000 -0.435181 0.000000
vt -0.000000 -0.435181 0.000000
vt 0.500000 -0.514304 0.000000
vt -0.000000 -0.514304 0.000000
vt 0.500000 -0.593428 0.000000
vt -0.000000 -0.593428 0.000000
vt 0.500000 -0.672552 0.000000
vt -0.000000 -0.672552 0.000000
vt -1.465855 0.500000 0.000000
vt -3.890467 0.500000 0.000000
vt -1.465855 -0.000000 0.000000
vt -7.319219 0.000000 0.000000
vt -6.027652 0.500000 0.000000
vt -7.319219 0.500000 0.000000
vt 0.500000 0.505545 0.000000
vt 0.000000 0.505545 0.000000
vt 0.500000 0.427769 0.000000
vt -0.000000 0.427769 0.000000
vt 0.500000 0.349993 0.000000
vt -0.000000 0.349993 0.000000
vt 0.500000 0.272217 0.000000
vt -0.000000 0.272217 0.000000
vt 0.500000 0.194440 0.000000
vt -0.000000 0.194440 0.000000
vt 0.500000 0.116664 0.000000
vt -0.000000 0.116664 0.000000
vt 0.500000 0.038888 0.000000
vt -0.000000 0.038888 0.000000
vt 0.500000 -0.038888 0.000000
vt -0.000000 -0.038888 0.000000
vt 0.500000 -0.116664 0.000000
vt -0.000000 -0.116664 0.000000
vt 0.500000 -0.194440 0.000000
vt -0.000000 -0.194440 0.000000
vt 0.500000 -0.272217 0.000000
vt -0.000000 -0.272217 0.000000
vt 0.500000 -0.349993 0.000000
vt -0.000000 -0.349993 0.000000
vt 0.500000 -0.427769 0.000000
vt -0.000000 -0.427769 0.000000
vt 0.500000 -0.505545 0.000000
vt -0.000000 -0.505545 0.000000
vt -0.832282 0.500000 0.000000
vt -7.626678 0.500000 0.000000
vt -0.832282 -0.000000 0.000000
vt -7.626678 -0.000000 0.000000
vt 1.183333 25.000000 0.000000
vt 0.250000 25.000000 0.000000
vt 1.183333 0.000000 0.000000
vt 0.250000 0.000000 0.000000
vt 0.000000 0.000000 0.000000
vt 0.233333 0.000000 0.000000
vt 0.000000 25.000000 0.000000
vt 0.233333 25.000000 0.000000
vt 0.000000 0.000000 0.000000
vt 0.350000 0.000000 0.000000
vt 0.000000 25.000000 0.000000
vt 0.350000 25.000000 0.000000
vt 0.000000 0.000000 0.000000
vt 0.700000 0.000000 0.000000
vt 0.000000 25.000000 0.000000
vt 0.700000 25.000000 0.000000
vt 6.863586 -5.075393 0.000000
vt 2.350681 -1.288616 0.000000
vt 6.350681 -5.297718 0.000000
vt 0.877476 -0.052450 0.000000
vt -6.672075 5.629671 0.000000
vt -6.350681 6.012693 0.000000
vt 5.900730 -5.833949 0.000000
vt 6.294465 -6.142576 0.000000
vt 6.894400 -5.427601 0.000000
vt 6.919395 -5.391904 0.000000
vt 5.632614 -5.608974 0.000000
vt 5.482630 -5.787718 0.000000
vt 5.942257 -6.173390 0.000000
vt 6.263651 -6.173390 0.000000
vt 6.227954 -6.198385 0.000000
vt 5.977954 -6.198385 0.000000
vt 6.188459 -6.216802 0.000000
vt 6.017449 -6.216802 0.000000
vt 6.146366 -6.228081 0.000000
vt 6.059542 -6.228081 0.000000
vt 6.102954 -6.231879 0.000000
vt 6.937812 -5.352409 0.000000
vt 6.949091 -5.310316 0.000000
vt 6.952889 -5.266904 0.000000
vt 6.949091 -5.223492 0.000000
vt 6.937812 -5.181399 0.000000
vt 6.919395 -5.141904 0.000000
vt 6.894400 -5.106207 0.000000
vn -0.000000 -0.000000 -1.000000
vn -0.000000 -0.000000 -1.000000
vn -0.126724 -0.000000 -0.991938
vn -0.126724 -0.000000 -0.991938
vn -0.251404 -0.000000 -0.967882
vn -0.251404 -0.000000 -0.967882
vn -0.372031 -0.000000 -0.928220
vn -0.372031 -0.000000 -0.928220
vn -0.486659 -0.000000 -0.873592
vn -0.486659 -0.000000 -0.873592
vn -0.593440 -0.000000 -0.804878
vn -0.593440 -0.000000 -0.804878
vn -0.459779 -0.000000 -0.888033
vn -0.459779 -0.000000 -0.888033
vn -0.314724 -0.000000 -0.949183
vn -0.314724 -0.000000 -0.949183
vn -0.161870 -0.000000 -0.986812
vn -0.161870 -0.000000 -0.986812
vn -0.005006 -0.000000 -0.999987
vn -0.005006 -0.000000 -0.999987
vn 0.151983 -0.000000 -0.988383
vn 0.151983 -0.000000 -0.988383
vn 0.305206 -0.000000 -0.952286
vn 0.305206 -0.000000 -0.952286
vn 0.450866 -0.000000 -0.892592
vn 0.450866 -0.000000 -0.892592
vn 0.585353 -0.000000 -0.810779
vn 0.585353 -0.000000 -0.810779
vn 0.705335 -0.000000 -0.708874
vn 0.705335 -0.000000 -0.708874
vn 0.807838 -0.000000 -0.589404
vn 0.807838 -0.000000 -0.589404
vn 0.890324 -0.000000 -0.455328
vn 0.890324 -0.000000 -0.455328
vn 0.950747 -0.000000 -0.309969
vn 0.950747 -0.000000 -0.309969
vn 0.987610 -0.000000 -0.156929
vn 0.987610 -0.000000 -0.156929
vn 1.000000 0.000000 -0.000000
vn 1.000000 0.000000 -0.000000
vn 0.000000 0.000000 1.000000
vn 0.000000 0.000000 1.000000
vn -0.126724 -0.000000 0.991938
vn -0.126724 -0.000000 0.991938
vn -0.251404 -0.000000 0.967882
vn -0.251404 -0.000000 0.967882
vn -0.372031 -0.000000 0.928220
vn -0.372031 -0.000000 0.928220
vn -0.486659 -0.000000 0.873592
vn -0.486659 -0.000000 0.873592
vn -0.593440 -0.000000 0.804878
vn -0.593440 -0.000000 0.804878
vn -0.459779 -0.000000 0.888033
vn -0.459779 -0.000000 0.888033
vn -0.314724 -0.000000 0.949183
vn -0.314724 -0.000000 0.949183
vn -0.161870 -0.000000 0.986812
vn -0.161870 -0.000000 0.986812
vn -0.005006 -0.000000 0.999987
vn -0.005006 -0.000000 0.999987
vn 0.151983 0.000000 0.988383
vn 0.151983 0.000000 0.988383
vn 0.305206 0.000000 0.952286
vn 0.305206 0.000000 0.952286
vn 0.450866 0.000000 0.892592
vn 0.450866 0.000000 0.892592
vn 0.585353 0.000000 0.810779
vn 0.585353 0.000000 0.810779
vn 0.705335 0.000000 0.708874
vn 0.705335 0.000000 0.708874
vn 0.807838 0.000000 0.589404
vn 0.807838 0.000000 0.589404
vn 0.890324 0.000000 0.455328
vn 0.890324 0.000000 0.455328
vn 0.950747 0.000000 0.309969
vn 0.950747 0.000000 0.309969
vn 0.987610 0.000000 0.156929
vn 0.987610 0.000000 0.156929
vn 1.000000 0.000000 0.000000
vn 1.000000 0.000000 0.000000
vn -0.000000 -1.000000 -0.000000
vn -0.000000 -1.000000 -0.000000
vn -0.000000 -1.000000 -0.000000
vn -0.000000 -1.000000 -0.000000
vn -0.000000 -1.000000 -0.000000
vn -0.000000 -1.000000 -0.000000
vn -0.000000 -1.000000 -0.000000
vn -0.000000 -1.000000 -0.000000
vn -0.000000 -1.000000 -0.000000
vn -0.000000 -1.000000 -0.000000
vn -0.000000 -1.000000 -0.000000
vn -0.000000 -1.000000 -0.000000
vn -0.000000 -1.000000 -0.000000
vn -0.000000 -1.000000 -0.000000
vn -0.000000 -1.000000 -0.000000
vn -0.000000 -1.000000 -0.000000
vn -0.000000 -1.000000 -0.000000
vn -0.000000 -1.000000 -0.000000
vn -0.000000 -1.000000 -0.000000
vn -0.000000 -1.000000 -0.000000
vn -0.000000 -1.000000 -0.000000
vn -0.000000 -1.000000 -0.000000
vn -0.000000 -1.000000 -0.000000
vn -0.000000 -1.000000 -0.000000
vn -0.000000 -1.000000 -0.000000
vn -0.000000 -1.000000 -0.000000
vn -0.000000 -1.000000 -0.000000
vn -0.000000 -1.000000 -0.000000
vn -0.000000 -1.000000 -0.000000
vn -0.000000 -1.000000 -0.000000
vn -0.000000 -1.000000 -0.000000
vn -0.000000 -1.000000 -0.000000
vn -0.000000 -1.000000 -0.000000
vn -0.000000 -1.000000 -0.000000
vn -0.000000 -1.000000 -0.000000
vn -0.000000 -1.000000 -0.000000
vn -0.000000 -1.000000 -0.000000
vn -0.000000 -1.000000 -0.000000
vn -0.000000 -1.000000 -0.000000
vn -0.000000 -1.000000 -0.000000
vn -0.000000 -1.000000 -0.000000
vn -0.000000 -1.000000 -0.000000
vn -0.000000 -1.000000 -0.000000
vn -0.000000 -1.000000 -0.000000
vn -0.000000 -1.000000 -0.000000
vn -0.000000 -1.000000 -0.000000
vn -0.000000 -1.000000 -0.000000
vn -0.000000 -1.000000 -0.000000
vn -0.000000 -1.000000 -0.000000
vn -0.000000 -1.000000 -0.000000
vn -0.000000 -1.000000 -0.000000
vn -0.000000 -1.000000 -0.000000
vn -0.000000 -1.000000 -0.000000
vn -0.000000 -1.000000 -0.000000
vn -0.000000 -1.000000 -0.000000
vn -0.000000 -1.000000 -0.000000
vn -0.000000 -1.000000 -0.000000
vn -0.000000 -1.000000 -0.000000
vn -0.000000 -1.000000 -0.000000
vn -0.000000 -1.000000 -0.000000
vn -0.000000 -1.000000 -0.000000
vn -0.000000 -1.000000 -0.000000
vn -0.000000 -1.000000 -0.000000
vn -0.000000 -1.000000 -0.000000
vn -0.000000 -1.000000 -0.000000
vn -0.000000 -1.000000 -0.000000
vn -0.000000 -1.000000 -0.000000
vn -0.000000 -1.000000 -0.000000
vn -0.000000 -1.000000 -0.000000
vn -0.000000 -1.000000 -0.000000
vn -0.000000 -1.000000 -0.000000
vn -0.000000 -1.000000 -0.000000
vn -0.000000 -1.000000 -0.000000
vn -0.000000 -1.000000 -0.000000
vn -0.000000 -1.000000 -0.000000
vn -0.000000 -1.000000 -0.000000
vn -0.000000 -1.000000 -0.000000
vn -0.000000 -1.000000 -0.000000
vn -0.000000 -1.000000 -0.000000
vn -0.000000 -1.000000 -0.000000
vn 1.000000 0.000000 0.000000
vn 1.000000 0.000000 0.000000
vn 1.000000 0.000000 0.000000
vn 1.000000 0.000000 0.000000
vn -1.000000 -0.000000 0.000000
vn -1.000000 -0.000000 0.000000
vn -0.984808 0.000000 0.173648
vn -0.984808 0.000000 0.173648
vn -0.939693 0.000000 0.342020
vn -0.939693 0.000000 0.342020
vn -0.866025 0.000000 0.500000
vn -0.866025 0.000000 0.500000
vn -0.766044 0.000000 0.642788
vn -0.766044 0.000000 0.642788
vn -0.642788 0.000000 0.766044
vn -0.642788 0.000000 0.766044
vn -0.500000 0.000000 0.866025
vn -0.500000 0.000000 0.866025
vn -0.342020 0.000000 0.939693
vn -0.342020 0.000000 0.939693
vn -0.173648 0.000000 0.984808
vn -0.173648 0.000000 0.984808
vn -0.000000 0.000000 1.000000
vn -0.000000 0.000000 1.000000
vn 0.173648 0.000000 0.984808
vn 0.173648 0.000000 0.984808
vn 0.342020 0.000000 0.939693
vn 0.342020 0.000000 0.939693
vn 0.500000 0.000000 0.866025
vn 0.500000 0.000000 0.866025
vn 0.642788 0.000000 0.766044
vn 0.642788 0.000000 0.766044
vn 0.766044 0.000000 0.642788
vn 0.766044 0.000000 0.642788
vn 0.866025 0.000000 0.500000
vn 0.866025 0.000000 0.500000
vn 0.939693 0.000000 0.342020
vn 0.939693 0.000000 0.342020
vn 0.984808 0.000000 0.173648
vn 0.984808 0.000000 0.173648
vn -1.000000 0.000000 0.000000
vn -1.000000 0.000000 0.000000
vn 0.984808 0.000000 -0.173648
vn 0.984808 0.000000 -0.173648
vn 0.939693 0.000000 -0.342020
vn 0.939693 0.000000 -0.342020
vn 0.866025 0.000000 -0.500000
vn 0.866025 0.000000 -0.500000
vn 0.766044 0.000000 -0.642788
vn 0.766044 0.000000 -0.642788
vn 0.642788 0.000000 -0.766044
vn 0.642788 0.000000 -0.766044
vn 0.500000 0.000000 -0.866025
vn 0.500000 0.000000 -0.866025
vn 0.342020 0.000000 -0.939693
vn 0.342020 0.000000 -0.939693
vn 0.173648 0.000000 -0.984808
vn 0.173648 0.000000 -0.984808
vn 0.000000 0.000000 -1.000000
vn 0.000000 0.000000 -1.000000
vn -0.173648 -0.000000 -0.984808
vn -0.173648 -0.000000 -0.984808
vn -0.342020 -0.000000 -0.939693
vn -0.342020 -0.000000 -0.939693
vn -0.500000 -0.000000 -0.866025
vn -0.500000 -0.000000 -0.866025
vn -0.642788 -0.000000 -0.766044
vn -0.642788 -0.000000 -0.766044
vn -0.766044 -0.000000 -0.642788
vn -0.766044 -0.000000 -0.642788
vn -0.866025 -0.000000 -0.500000
vn -0.866025 -0.000000 -0.500000
vn -0.939693 -0.000000 -0.342020
vn -0.939693 -0.000000 -0.342020
vn -0.984808 -0.000000 -0.173648
vn -0.984808 -0.000000 -0.173648
vn 0.000000 1.000000 0.000000
vn 0.000000 1.000000 0.000000
vn 0.000000 1.000000 0.000000
vn 0.000000 1.000000 0.000000
vn 0.000000 1.000000 0.000000
vn 0.000000 1.000000 0.000000
vn 0.000000 1.000000 0.000000
vn 0.000000 1.000000 0.000000
vn 0.000000 1.000000 0.000000
vn 0.000000 1.000000 0.000000
vn 0.000000 1.000000 0.000000
vn 0.000000 1.000000 0.000000
vn 0.000000 1.000000 0.000000
vn 0.000000 1.000000 0.000000
vn 0.000000 1.000000 0.000000
vn 0.000000 1.000000 0.000000
vn 0.000000 1.000000 0.000000
vn 0.000000 1.000000 0.000000
vn 0.000000 1.000000 0.000000
vn 0.000000 1.000000 0.000000
vn 0.000000 1.000000 0.000000
vn 0.000000 1.000000 0.000000
vn 0.000000 1.000000 0.000000
vn 0.000000 1.000000 0.000000
vn 0.000000 1.000000 0.000000
vn 0.000000 1.000000 0.000000
vn 0.000000 1.000000 0.000000
vn 0.000000 1.000000 0.000000
vn 0.000000 1.000000 0.000000
vn 0.000000 1.000000 0.000000
vn 0.000000 1.000000 0.000000
vn 0.000000 1.000000 0.000000
vn 0.000000 1.000000 0.000000
vn 0.000000 1.000000 0.000000
vn 0.000000 1.000000 0.000000
vn 0.000000 1.000000 0.000000
vn 0.000000 1.000000 0.000000
vn 0.000000 1.000000 0.000000
vn 0.000000 1.000000 0.000000
vn 0.000000 1.000000 0.000000
vn 0.000000 1.000000 0.000000
vn 0.000000 1.000000 0.000000
vn 0.000000 1.000000 0.000000
vn 0.000000 1.000000 0.000000
vn 0.000000 1.000000 0.000000
vn 0.000000 1.000000 0.000000
vn 0.000000 1.000000 0.000000
vn 0.000000 1.000000 0.000000
vn 0.000000 1.000000 0.000000
vn 0.000000 1.000000 0.000000
vn 0.000000 1.000000 0.000000
vn 0.000000 1.000000 0.000000
vn 0.000000 1.000000 0.000000
vn 0.000000 1.000000 0.000000
vn 0.000000 1.000000 0.000000
vn 0.000000 1.000000 0.000000
vn 0.000000 1.000000 0.000000
vn 0.000000 1.000000 0.000000
vn 0.000000 1.000000 0.000000
vn 0.000000 1.000000 0.000000
vn 0.000000 1.000000 0.000000
vn 0.000000 1.000000 0.000000
vn 0.000000 1.000000 0.000000
vn 0.000000 1.000000 0.000000
vn 0.000000 1.000000 0.000000
vn 0.000000 1.000000 0.000000
vn 0.000000 1.000000 0.000000
vn 0.000000 1.000000 0.000000
vn 0.000000 1.000000 0.000000
vn 0.000000 1.000000 0.000000
vn 0.000000 1.000000 0.000000
vn 0.000000 1.000000 0.000000
vn 0.000000 1.000000 0.000000
vn 0.000000 1.000000 0.000000
vn 0.000000 1.000000 0.000000
vn 0.000000 1.000000 0.000000
vn 0.000000 1.000000 0.000000
vn 0.000000 1.000000 0.000000
vn 0.000000 1.000000 0.000000
vn 0.000000 1.000000 0.000000
vn 0.000000 0.000000 -1.000000
vn 0.000000 0.000000 -1.000000
vn 0.000000 0.000000 -1.000000
vn 0.000000 0.000000 -1.000000
vn 0.000000 0.000000 -1.000000
vn 0.000000 0.000000 -1.000000
vn 0.000000 0.000000 -1.000000
vn 0.000000 0.000000 -1.000000
vn 0.000000 0.000000 -1.000000
vn 0.000000 0.000000 -1.000000
vn 0.000000 0.000000 -1.000000
vn 0.000000 0.000000 -1.000000
vn 0.000000 0.000000 -1.000000
vn 0.000000 0.000000 -1.000000
vn 0.000000 0.000000 -1.000000
vn 0.000000 0.000000 -1.000000
vn 0.000000 0.000000 -1.000000
vn 0.000000 0.000000 -1.000000
vn 0.000000 0.000000 -1.000000
vn 0.000000 0.000000 -1.000000
vn 0.000000 0.000000 -1.000000
vn 0.000000 0.000000 -1.000000
vn 0.000000 0.000000 -1.000000
vn 0.000000 0.000000 -1.000000
vn 0.000000 0.000000 -1.000000
vn 0.000000 0.000000 -1.000000
vn 0.000000 0.000000 -1.000000
vn 0.000000 0.000000 -1.000000
vn 0.000000 0.000000 -1.000000
vn 0.000000 0.000000 -1.000000
vn 0.000000 0.000000 -1.000000
vn 0.000000 0.000000 -1.000000
vn 0.000000 0.000000 -1.000000
vn 0.000000 0.000000 -1.000000
vn 0.000000 0.000000 -1.000000
vn 0.000000 0.000000 -1.000000
vn 0.000000 0.000000 -1.000000
vn 0.000000 0.000000 -1.000000
vn 0.000000 0.000000 -1.000000
vn 0.000000 0.000000 -1.000000
vn 0.000000 0.000000 -1.000000
vn 0.000000 0.000000 -1.000000
vn 0.000000 0.000000 -1.000000
vn 0.000000 0.000000 -1.000000
vn 0.000000 0.000000 -1.000000
vn 0.000000 0.000000 -1.000000
vn 0.000000 0.000000 -1.000000
vn 0.000000 0.000000 -1.000000
vn 0.000000 0.000000 -1.000000
vn 0.000000 0.000000 -1.000000
vn 0.000000 0.000000 -1.000000
vn 0.000000 0.000000 -1.000000
vn 0.000000 0.000000 -1.000000
vn 0.000000 0.000000 -1.000000
vn 0.000000 0.000000 -1.000000
vn 0.000000 0.000000 -1.000000
vn 0.000000 0.000000 -1.000000
vn 0.000000 0.000000 -1.000000
vn 0.000000 0.000000 -1.000000
vn 0.000000 0.000000 -1.000000
vn 0.000000 0.000000 -1.000000
vn 0.000000 0.000000 -1.000000
vn 0.000000 0.000000 -1.000000
vn 0.000000 0.000000 -1.000000
vn 0.000000 0.000000 -1.000000
vn 0.000000 0.000000 -1.000000
vn 0.000000 0.000000 -1.000000
vn 0.000000 0.000000 -1.000000
vn 0.000000 0.000000 -1.000000
vn 0.000000 0.000000 -1.000000
vn 0.000000 0.000000 -1.000000
vn 0.000000 0.000000 -1.000000
vn 0.000000 0.000000 -1.000000
vn 0.000000 0.000000 -1.000000
vn 0.000000 0.000000 -1.000000
vn 0.000000 0.000000 -1.000000
vn 0.000000 0.000000 -1.000000
vn 0.000000 0.000000 -1.000000
vn 0.000000 0.000000 -1.000000
vn 0.000000 0.000000 -1.000000
vn 0.000000 0.000000 -1.000000
vn 0.000000 0.000000 -1.000000
vn 0.000000 0.000000 -1.000000
vn 0.000000 0.000000 -1.000000
vn 0.000000 0.000000 -1.000000
vn 0.000000 0.000000 -1.000000
vn 0.000000 0.000000 -1.000000
vn 0.000000 0.000000 -1.000000
vn 0.000000 0.000000 -1.000000
vn 0.000000 0.000000 -1.000000
vn 0.000000 0.000000 -1.000000
vn 0.000000 0.000000 -1.000000
vn 0.000000 0.000000 -1.000000
vn 0.000000 0.000000 -1.000000
vn 0.000000 0.000000 -1.000000
vn 0.000000 0.000000 -1.000000
vn 0.000000 0.000000 -1.000000
vn 0.000000 0.000000 -1.000000
vn 0.000000 0.000000 -1.000000
vn 0.000000 0.000000 -1.000000
vn 0.000000 0.000000 -1.000000
vn 0.000000 0.000000 -1.000000
vn 0.000000 0.000000 -1.000000
vn 0.000000 0.000000 -1.000000
vn 0.000000 0.000000 -1.000000
vn 0.000000 0.000000 -1.000000
vn 0.000000 0.000000 -1.000000
vn 0.000000 0.000000 -1.000000
vn 0.000000 0.000000 -1.000000
vn 0.000000 0.000000 -1.000000
vn 0.000000 0.000000 -1.000000
vn 0.000000 0.000000 -1.000000
vn 0.000000 0.000000 -1.000000
vn 0.000000 0.000000 -1.000000
vn 0.000000 0.000000 -1.000000
vn 0.000000 0.000000 -1.000000
vn 0.000000 0.000000 -1.000000
vn 0.000000 0.000000 -1.000000
vn 0.000000 0.000000 -1.000000
vn 0.000000 0.000000 -1.000000
vn 0.000000 0.000000 -1.000000
vn 0.000000 0.000000 -1.000000
vn 0.000000 0.000000 -1.000000
vn 0.000000 0.000000 -1.000000
vn 0.000000 0.000000 -1.000000
vn 0.000000 0.000000 -1.000000
vn 0.000000 0.000000 -1.000000
vn 0.000000 0.000000 -1.000000
vn 0.000000 0.000000 -1.000000
vn 0.000000 0.000000 -1.000000
vn 0.000000 0.000000 -1.000000
vn 0.000000 0.000000 -1.000000
vn 0.000000 0.000000 -1.000000
vn 0.000000 0.000000 -1.000000
vn 0.000000 0.000000 -1.000000
vn 0.000000 0.000000 -1.000000
vn 0.000000 0.000000 -1.000000
vn 0.000000 0.000000 -1.000000
vn 0.000000 0.000000 -1.000000
vn 0.000000 0.000000 -1.000000
vn 0.000000 0.000000 -1.000000
vn 0.000000 0.000000 -1.000000
vn 0.000000 0.000000 -1.000000
vn 0.000000 0.000000 -1.000000
vn 0.000000 0.000000 -1.000000
vn 0.000000 0.000000 -1.000000
vn 0.000000 0.000000 -1.000000
vn 0.000000 0.000000 -1.000000
vn 0.000000 0.000000 -1.000000
vn 0.000000 0.000000 -1.000000
vn 0.000000 0.000000 -1.000000
vn 0.000000 0.000000 -1.000000
vn 0.000000 0.000000 -1.000000
vn 0.000000 0.000000 -1.000000
vn 0.000000 0.000000 -1.000000
vn 0.000000 0.000000 -1.000000
vn 0.000000 0.000000 -1.000000
vn 0.000000 0.000000 -1.000000
vn 0.000000 0.000000 -1.000000
vn 0.000000 0.000000 -1.000000
vn 0.000000 0.000000 -1.000000
vn 0.000000 0.000000 -1.000000
vn 0.000000 0.000000 -1.000000
vn 0.000000 0.000000 -1.000000
vn 0.000000 0.000000 -1.000000
vn 0.000000 0.000000 -1.000000
vn 0.000000 0.000000 -1.000000
vn 0.000000 0.000000 -1.000000
vn 0.000000 0.000000 -1.000000
vn 0.000000 0.000000 -1.000000
vn 0.000000 0.000000 -1.000000
vn 0.000000 0.000000 -1.000000
vn 0.000000 0.000000 -1.000000
vn 0.000000 0.000000 -1.000000
vn 0.000000 0.000000 -1.000000
vn 0.000000 0.000000 -1.000000
vn 0.000000 0.000000 -1.000000
vn 0.000000 0.000000 -1.000000
vn 0.000000 0.000000 -1.000000
vn 0.000000 0.000000 -1.000000
vn 0.000000 0.000000 -1.000000
vn 0.000000 0.000000 -1.000000
vn 1.000000 0.000000 0.000000
vn 1.000000 0.000000 0.000000
vn 1.000000 0.000000 0.000000
vn 1.000000 0.000000 0.000000
vn 1.000000 0.000000 0.000000
vn 1.000000 0.000000 0.000000
vn 1.000000 0.000000 0.000000
vn 1.000000 0.000000 0.000000
vn -0.640184 0.588492 -0.493803
vn -0.640184 0.588492 -0.493803
vn -0.640184 0.588492 -0.493803
vn -0.640184 0.588492 -0.493803
vn -0.000000 0.707107 0.707107
vn -0.000000 0.707107 0.707107
vn -0.000000 0.707107 0.707107
vn -0.000000 0.707107 0.707107
vn -0.000000 0.707107 0.707107
vn -0.000000 0.707107 0.707107
vn -0.000000 0.707107 0.707107
vn -0.000000 0.707107 0.707107
vn -0.000000 0.707107 0.707107
vn -0.000000 0.707107 0.707107
vn -0.000000 0.707107 0.707107
vn -0.000000 0.707107 0.707107
vn -0.000000 0.707107 0.707107
vn -0.000000 0.707107 0.707107
vn 0.640184 0.588492 -0.493803
vn 0.640184 0.588492 -0.493803
vn 0.640184 0.588492 -0.493803
vn 0.640184 0.588492 -0.493803
vn -0.000059 -1.000000 0.000040
vn -0.075305 -0.995911 0.049901
vn -0.000171 -1.000000 0.000122
vn -0.108254 -0.991294 0.074944
vn -0.106894 -0.991105 0.079276
vn -0.214123 -0.965488 0.148272
vn -0.211396 -0.964743 0.156790
vn -0.317064 -0.922627 0.219612
vn -0.312956 -0.920961 0.232141
vn -0.413722 -0.864111 0.286611
vn -0.408195 -0.861217 0.302790
vn -0.505815 -0.788232 0.350489
vn -0.498784 -0.783774 0.370017
vn -0.579096 -0.709633 0.401333
vn -0.570695 -0.703600 0.423384
vn -0.643853 -0.621533 0.446261
vn -0.634030 -0.613806 0.470370
vn -0.699998 -0.523957 0.485254
vn -0.688690 -0.514417 0.510962
vn -0.746041 -0.419414 0.517218
vn -0.733196 -0.408045 0.543988
vn -0.774992 -0.332696 0.537309
vn -0.760896 -0.319909 0.564531
vn -0.792314 -0.237776 0.561872
vn -0.766414 -0.214656 0.605419
vn -0.148213 -0.984158 0.097295
vn -0.216003 -0.966109 0.141337
vn -0.288056 -0.939489 0.185428
vn -0.319941 -0.924017 0.209358
vn -0.416406 -0.870424 0.262619
vn -0.417658 -0.866527 0.273299
vn -0.514690 -0.795253 0.320417
vn -0.510908 -0.791957 0.334332
vn -0.589901 -0.719136 0.367232
vn -0.585270 -0.714681 0.383001
vn -0.656724 -0.633707 0.408814
vn -0.651173 -0.628007 0.426123
vn -0.715077 -0.538991 0.445144
vn -0.708533 -0.531960 0.463680
vn -0.763461 -0.437338 0.475251
vn -0.755853 -0.428965 0.494647
vn -0.794348 -0.352871 0.494463
vn -0.785852 -0.343455 0.514271
vn -0.810243 -0.255497 0.527473
vn -0.531657 -0.780668 0.328479
vn -0.631650 -0.674389 0.382384
vn -0.715819 -0.554181 0.424837
vn -0.782932 -0.423307 0.455881
vn -0.832363 -0.283985 0.475945
vn -0.832956 -0.281884 0.476158
vn -0.823135 -0.269988 0.499555
vn -0.742611 -0.304196 0.596652
vn -0.749284 -0.200204 0.631262
vn -0.718638 -0.284798 0.634390
vn -0.728400 -0.183434 0.660141
vn -0.702243 -0.163905 0.692813
vn -0.686195 -0.260922 0.679011
vn -0.670053 -0.140824 0.728833
vn -0.656029 -0.239968 0.715571
vn -0.629500 -0.113476 0.768670
vn -0.617847 -0.215105 0.756304
vn -0.578765 -0.081020 0.811460
vn -0.569859 -0.185580 0.800513
vn -0.517339 -0.043221 0.854688
vn -0.511857 -0.151297 0.845643
vn -0.447855 -0.162267 0.879259
vn -0.451585 -0.212952 0.866442
vn -0.441637 0.000000 0.897194
vn -0.442502 -0.055427 0.895053
vn -0.444678 -0.109687 0.888949
vn -0.500287 -0.256650 0.826948
vn -0.458938 -0.309613 0.832776
vn -0.477352 -0.385921 0.789430
vn -0.463542 -0.400079 0.790611
vn -0.463396 -0.482431 0.743320
vn -0.457885 -0.557263 0.692676
vn -0.491559 -0.530556 0.690565
vn -0.528197 -0.412457 0.742218
vn -0.445928 -0.629498 0.636302
vn -0.446460 -0.638112 0.627285
vn -0.528766 -0.549046 0.647267
vn -0.479274 -0.652693 0.586761
vn -0.557742 -0.564568 0.608430
vn -0.504667 -0.664930 0.550618
vn -0.580306 -0.577550 0.574178
vn -0.524380 -0.675141 0.518855
vn -0.604016 -0.592242 0.533305
vn -0.544915 -0.686674 0.481193
vn -0.621117 -0.604194 0.499163
vn -0.559613 -0.696064 0.449809
vn -0.426434 -0.698665 0.574475
vn -0.421322 -0.745946 0.515803
vn -0.398498 -0.763928 0.507557
vn -0.362181 -0.823194 0.437238
vn -0.317368 -0.875390 0.364650
vn -0.363989 -0.842484 0.397155
vn -0.442999 -0.755059 0.483361
vn -0.279908 -0.910131 0.305471
vn -0.265117 -0.919227 0.291091
vn -0.290028 -0.912999 0.286908
vn -0.206007 -0.954203 0.216927
vn -0.196189 -0.961175 0.194042
vn -0.141862 -0.979392 0.143761
vn -0.202995 -0.962619 0.179325
vn -0.102711 -0.990564 0.090743
vn -0.207767 -0.963801 0.167097
vn -0.105082 -0.990865 0.084525
vn -0.099323 -0.990195 0.098224
vn -0.073161 -0.994748 0.071584
vn -0.000013 -1.000000 0.000013
vn -0.000026 -1.000000 0.000022
vn -0.000118 -1.000000 0.000091
vn -0.716460 -0.394027 0.575698
vn -0.694434 -0.376682 0.613084
vn -0.664411 -0.355334 0.657492
vn -0.636313 -0.336556 0.694144
vn -0.600568 -0.314221 0.735244
vn -0.555342 -0.287660 0.780287
vn -0.673885 -0.502601 0.541546
vn -0.654327 -0.487942 0.577727
vn -0.627432 -0.469908 0.620899
vn -0.602051 -0.454006 0.656820
vn -0.569590 -0.435039 0.697358
vn -0.489483 -0.778185 0.393489
vn -0.477148 -0.771209 0.421387
vn -0.459799 -0.762649 0.454919
vn -0.400865 -0.857576 0.322290
vn -0.391159 -0.853021 0.345470
vn -0.377420 -0.847441 0.373361
vn -0.307497 -0.918858 0.247276
vn -0.300286 -0.916224 0.265259
vn -0.517008 -0.043398 0.854880
vn -0.508464 0.000000 0.861083
vn -0.579139 -0.081184 0.811177
vn -0.571734 -0.055632 0.818551
vn -0.629487 -0.113476 0.768681
vn -0.603722 -0.054056 0.795360
vn -0.637651 -0.101112 0.763661
vn -0.663269 -0.098232 0.741906
vn -0.669943 -0.140810 0.728937
vn -0.687476 -0.137760 0.713021
vn -0.702364 -0.163891 0.692694
vn -0.708234 -0.133952 0.693153
vn -0.725750 -0.167958 0.667141
vn -0.727304 -0.130249 0.673843
vn -0.742764 -0.163464 0.649293
vn -0.744825 -0.126661 0.655128
vn -0.758451 -0.159113 0.632009
vn -0.760930 -0.123190 0.637032
vn -0.772922 -0.154907 0.615301
vn -0.768653 -0.121463 0.628028
vn -0.779882 -0.152813 0.606986
vn -0.776055 -0.119767 0.619189
vn -0.786564 -0.150758 0.598823
vn -0.783149 -0.118104 0.610516
vn -0.792981 -0.148741 0.590810
vn -0.789949 -0.116471 0.602009
vn -0.799145 -0.146762 0.582948
vn -0.796470 -0.114871 0.593667
vn -0.805066 -0.144820 0.575235
vn -0.802724 -0.113302 0.585488
vn -0.810756 -0.142915 0.567670
vn -0.808724 -0.111763 0.577472
vn -0.816225 -0.141047 0.560251
vn -0.814482 -0.110256 0.569617
vn -0.821484 -0.139216 0.552977
vn -0.820008 -0.108779 0.561920
vn -0.826540 -0.137420 0.545845
vn -0.812765 -0.079002 0.577210
vn -0.829348 -0.140897 0.540676
vn -0.831623 -0.163044 0.530867
vn -0.835563 -0.186044 0.516936
vn -0.826955 -0.165078 0.537489
vn -0.831222 -0.188261 0.523094
vn -0.822110 -0.167151 0.544239
vn -0.826724 -0.190518 0.529367
vn -0.817079 -0.169264 0.551119
vn -0.822062 -0.192818 0.535757
vn -0.811854 -0.171418 0.558130
vn -0.817228 -0.195160 0.542264
vn -0.806427 -0.173612 0.565274
vn -0.812216 -0.197545 0.548891
vn -0.800788 -0.175847 0.572553
vn -0.807016 -0.199974 0.555639
vn -0.794927 -0.178124 0.579967
vn -0.801622 -0.202446 0.562510
vn -0.788836 -0.180444 0.587519
vn -0.796025 -0.204963 0.569503
vn -0.782503 -0.182805 0.595207
vn -0.790216 -0.207525 0.576621
vn -0.769370 -0.187548 0.610652
vn -0.778202 -0.212667 0.590910
vn -0.766537 -0.214337 0.605377
vn -0.792273 -0.237509 0.562044
vn -0.728411 -0.183434 0.660129
vn -0.749429 -0.200065 0.631134
vn -0.755183 -0.192454 0.626625
vn -0.810260 -0.255497 0.527447
vn -0.806497 -0.246343 0.537473
vn -0.796451 -0.229514 0.559454
vn -0.801817 -0.226807 0.552854
vn -0.806996 -0.224145 0.546366
vn -0.811995 -0.221529 0.539989
vn -0.816822 -0.218958 0.533722
vn -0.821483 -0.216431 0.527563
vn -0.825985 -0.213949 0.521512
vn -0.830334 -0.211509 0.515567
vn -0.834537 -0.209113 0.509725
vn -0.838599 -0.206759 0.503987
vn -0.839998 -0.189211 0.508529
vn -0.811319 -0.243579 0.531442
vn -0.823228 -0.269916 0.499440
vn -0.815981 -0.240861 0.525511
vn -0.820488 -0.238187 0.519678
vn -0.825717 -0.271205 0.494610
vn -0.832880 -0.281824 0.476325
vn -0.829589 -0.268460 0.489603
vn -0.833345 -0.265757 0.484674
vn -0.824848 -0.235559 0.513943
vn -0.829066 -0.232974 0.508304
vn -0.828015 -0.295282 0.476655
vn -0.832474 -0.295638 0.468599
vn -0.835872 -0.292895 0.464253
vn -0.839176 -0.290193 0.459969
vn -0.836989 -0.263096 0.479822
vn -0.842391 -0.287529 0.455747
vn -0.840525 -0.260478 0.475046
vn -0.845517 -0.284904 0.451587
vn -0.843957 -0.257900 0.470345
vn -0.848559 -0.282318 0.447487
vn -0.847288 -0.255363 0.465718
vn -0.850923 -0.257990 0.457571
vn -0.846747 -0.227365 0.480962
vn -0.828980 -0.298420 0.473010
vn -0.823521 -0.308267 0.476218
vn -0.827674 -0.323964 0.458262
vn -0.824309 -0.326810 0.462287
vn -0.828452 -0.333947 0.449607
vn -0.825230 -0.336771 0.453410
vn -0.829044 -0.343146 0.441515
vn -0.825952 -0.345944 0.445114
vn -0.830120 -0.373649 0.413869
vn -0.827445 -0.376304 0.416809
vn -0.829988 -0.396727 0.392081
vn -0.827623 -0.399219 0.394544
vn -0.829685 -0.406260 0.382853
vn -0.827447 -0.408670 0.385124
vn -0.829289 -0.414740 0.374526
vn -0.827164 -0.417071 0.376631
vn -0.828832 -0.422331 0.366979
vn -0.826808 -0.424585 0.368938
vn -0.823677 -0.434392 0.364498
vn -0.824752 -0.426858 0.370913
vn -0.822662 -0.429150 0.372904
vn -0.822805 -0.421794 0.380896
vn -0.818395 -0.426494 0.385140
vn -0.818189 -0.418426 0.394318
vn -0.813362 -0.423381 0.398987
vn -0.812684 -0.414454 0.409601
vn -0.807357 -0.419688 0.414773
vn -0.804268 -0.398231 0.441096
vn -0.797863 -0.403975 0.447459
vn -0.798822 -0.397346 0.451663
vn -0.794925 -0.417941 0.439795
vn -0.817665 -0.326171 0.474379
vn -0.820855 -0.329694 0.466367
vn -0.821926 -0.339632 0.457262
vn -0.822783 -0.348776 0.448759
vn -0.824713 -0.378987 0.419782
vn -0.825213 -0.401735 0.397030
vn -0.825168 -0.411103 0.387417
vn -0.825003 -0.419423 0.378755
vn -0.817309 -0.332617 0.470502
vn -0.812582 -0.342861 0.471334
vn -0.818536 -0.342530 0.461164
vn -0.811647 -0.348310 0.468945
vn -0.819535 -0.351643 0.452448
vn -0.812944 -0.357358 0.459801
vn -0.821922 -0.381701 0.422787
vn -0.816285 -0.387095 0.428762
vn -0.822757 -0.404276 0.399541
vn -0.817814 -0.409317 0.404524
vn -0.822849 -0.413557 0.389730
vn -0.808223 -0.358301 0.467329
vn -0.804524 -0.372498 0.462588
vn -0.810404 -0.392604 0.434865
vn -0.792342 -0.434953 0.427796
vn -0.796080 -0.430448 0.425407
vn -0.801826 -0.425019 0.420041
vn -0.790689 -0.449031 0.416151
vn -0.792239 -0.444088 0.418501
vn -0.797807 -0.438776 0.413496
vn -0.803179 -0.433555 0.408576
vn -0.808361 -0.428423 0.403740
vn -0.793979 -0.451200 0.407451
vn -0.789685 -0.460735 0.405119
vn -0.795414 -0.457483 0.397524
vn -0.789127 -0.470527 0.394819
vn -0.807437 -0.451931 0.379215
vn -0.814153 -0.438298 0.380854
vn -0.809691 -0.442983 0.384924
vn -0.805084 -0.447741 0.389059
vn -0.804243 -0.441073 0.398306
vn -0.799198 -0.446095 0.402841
vn -0.830824 -0.420095 0.365036
vn -0.838117 -0.417870 0.350635
vn -0.832784 -0.417877 0.363109
vn -0.834714 -0.415678 0.361198
vn -0.833434 -0.410138 0.370370
vn -0.835455 -0.407867 0.368319
vn -0.834044 -0.401504 0.378371
vn -0.836167 -0.399159 0.376161
vn -0.834587 -0.391815 0.387227
vn -0.836824 -0.389395 0.384835
vn -0.835302 -0.368427 0.408084
vn -0.837812 -0.365858 0.405239
vn -0.835009 -0.337656 0.434451
vn -0.837885 -0.334962 0.430985
vn -0.834658 -0.328407 0.442148
vn -0.837646 -0.325690 0.438491
vn -0.834144 -0.318386 0.450371
vn -0.837255 -0.315653 0.446505
vn -0.850986 -0.402317 0.337584
vn -0.845675 -0.402857 0.350057
vn -0.842135 -0.407060 0.353710
vn -0.840323 -0.409188 0.355559
vn -0.841321 -0.401171 0.362272
vn -0.839398 -0.403383 0.364270
vn -0.840302 -0.394533 0.371802
vn -0.838252 -0.396835 0.373971
vn -0.839019 -0.386998 0.382466
vn -0.849107 -0.398722 0.346465
vn -0.852687 -0.388297 0.349502
vn -0.850477 -0.390392 0.352539
vn -0.854211 -0.371131 0.364122
vn -0.851881 -0.381154 0.359194
vn -0.853306 -0.370858 0.366515
vn -0.849408 -0.375357 0.370961
vn -0.855296 -0.349540 0.382479
vn -0.851825 -0.351026 0.388811
vn -0.855410 -0.321406 0.406167
vn -0.853777 -0.319494 0.411083
vn -0.854791 -0.303820 0.420744
vn -0.854108 -0.310117 0.417524
vn -0.854341 -0.300010 0.424377
vn -0.848932 -0.305083 0.431554
vn -0.853417 -0.283012 0.437703
vn -0.842525 -0.204446 0.498350
vn -0.844618 -0.223065 0.486685
vn -0.840917 -0.225479 0.491952
vn -0.837095 -0.227935 0.497310
vn -0.833146 -0.230433 0.502760
vn -0.811634 -0.076677 0.579112
vn -0.801431 -0.041818 0.596624
vn -0.800912 -0.040602 0.597404
vn -0.787615 0.000000 0.616167
vn -0.794130 -0.041210 0.606350
vn -0.787037 -0.041831 0.615486
vn -0.805545 -0.077775 0.587408
vn -0.799189 -0.078897 0.595879
vn -0.779618 -0.042465 0.624813
vn -0.734308 0.000000 0.678816
vn -0.771856 -0.043112 0.634334
vn -0.763733 -0.043772 0.644047
vn -0.785624 -0.081210 0.613351
vn -0.778386 -0.082403 0.622355
vn -0.662839 0.000000 0.748762
vn -0.727244 -0.046542 0.684800
vn -0.737006 -0.045830 0.674331
vn -0.746327 -0.045131 0.664047
vn -0.762920 -0.084858 0.640900
vn -0.770823 -0.083618 0.631538
vn -0.618444 0.000000 0.785829
vn -0.684385 -0.049440 0.727442
vn -0.706785 -0.047969 0.705800
vn -0.746023 -0.087408 0.660159
vn -0.754659 -0.086121 0.650441
vn -0.567225 0.000000 0.823563
vn -0.633039 -0.052491 0.772338
vn -0.659865 -0.050949 0.749655
vn -0.708264 -0.092662 0.699840
vn -0.727969 -0.089992 0.679678
vn -0.686751 -0.095411 0.720604
vn -0.755230 -0.044445 0.653952
vn -0.792553 -0.080042 0.604526
vn -0.840288 -0.312956 0.442691
vn -0.840561 -0.323009 0.434881
vn -0.840693 -0.332302 0.427563
vn -0.840271 -0.363317 0.402425
vn -0.843243 -0.310296 0.438928
vn -0.843405 -0.320363 0.431318
vn -0.843435 -0.329676 0.424183
vn -0.842678 -0.360805 0.399642
vn -0.841174 -0.384624 0.380120
vn -0.846124 -0.307672 0.435216
vn -0.846180 -0.317751 0.427802
vn -0.846113 -0.327082 0.420845
vn -0.845036 -0.358319 0.396889
vn -0.843289 -0.382273 0.377797
vn -0.842316 -0.392251 0.369652
vn -0.830951 -0.321156 0.454290
vn -0.831594 -0.331159 0.445853
vn -0.832063 -0.340384 0.437961
vn -0.832738 -0.371024 0.410961
vn -0.832309 -0.394259 0.389642
vn -0.831884 -0.403871 0.380602
vn -0.831379 -0.412429 0.372439
vn -0.848887 -0.315173 0.424331
vn -0.848728 -0.324520 0.417550
vn -0.847346 -0.355861 0.394167
vn -0.845366 -0.379945 0.375496
vn -0.844296 -0.389991 0.367521
vn -0.843213 -0.398977 0.360291
vn -0.848154 -0.385532 0.363319
vn -0.846904 -0.394647 0.356381
vn -0.809120 -0.436133 0.393844
vn -0.813835 -0.431273 0.389456
vn -0.837443 -0.405615 0.366286
vn -0.836613 -0.413497 0.359303
vn -0.800327 -0.452574 0.393259
vn -0.818475 -0.433688 0.376847
vn -0.838483 -0.411333 0.357423
vn 0.000064 -1.000000 0.000061
vn 0.066118 -0.995725 0.064497
vn 0.000002 -1.000000 0.000001
vn 0.101246 -0.990379 0.094331
vn 0.103960 -0.990687 0.087930
vn 0.200046 -0.961890 0.186410
vn 0.205503 -0.963099 0.173810
vn 0.295816 -0.914592 0.275706
vn 0.304047 -0.917291 0.257161
vn 0.385126 -0.850193 0.358957
vn 0.396168 -0.854867 0.335041
vn 0.469193 -0.767175 0.437380
vn 0.483154 -0.774343 0.408603
vn 0.535513 -0.681158 0.499249
vn 0.552074 -0.690828 0.466873
vn 0.593149 -0.585136 0.552983
vn 0.612320 -0.597472 0.517776
vn 0.641968 -0.479140 0.598584
vn 0.663776 -0.494304 0.561307
vn 0.680582 -0.366190 0.634597
vn 0.705005 -0.384167 0.596141
vn 0.703556 -0.273275 0.655995
vn 0.730015 -0.293400 0.617248
vn 0.728252 -0.183439 0.660302
vn 0.749332 -0.200063 0.631250
vn 0.128486 -0.983245 0.129309
vn 0.241953 -0.934482 0.261154
vn 0.283024 -0.910830 0.300476
vn 0.336115 -0.855571 0.393731
vn 0.368125 -0.843689 0.390733
vn 0.357066 -0.839743 0.409067
vn 0.434059 -0.751198 0.497286
vn 0.417098 -0.744390 0.521452
vn 0.474360 -0.650515 0.593138
vn 0.431617 -0.683045 0.589200
vn 0.451288 -0.640128 0.621751
vn 0.449714 -0.611486 0.651032
vn 0.497044 -0.533015 0.684721
vn 0.460623 -0.531941 0.710539
vn 0.466520 -0.518171 0.716839
vn 0.464350 -0.443816 0.766424
vn 0.500485 -0.397277 0.769211
vn 0.461490 -0.346525 0.816669
vn 0.525182 -0.269776 0.807096
vn 0.482028 -0.246240 0.840842
vn 0.492515 -0.139982 0.858973
vn 0.449439 -0.183202 0.874324
vn 0.445503 -0.124038 0.886646
vn 0.406170 -0.748036 0.524850
vn 0.453866 -0.240152 0.858098
vn 0.442746 -0.063068 0.894426
vn 0.441637 0.000000 0.897194
vn 0.517600 -0.043167 0.854533
vn 0.537904 -0.165989 0.826503
vn 0.578799 -0.080891 0.811448
vn 0.576821 -0.189498 0.794587
vn 0.629050 -0.113426 0.769045
vn 0.610607 -0.210580 0.763423
vn 0.640176 -0.229239 0.733229
vn 0.621557 -0.326708 0.711989
vn 0.644644 -0.341517 0.683959
vn 0.609591 -0.458261 0.646835
vn 0.670103 -0.140824 0.728787
vn 0.664895 -0.245733 0.705359
vn 0.702349 -0.163927 0.692701
vn 0.766253 -0.214509 0.605675
vn 0.749868 -0.310132 0.584394
vn 0.723182 -0.399121 0.563658
vn 0.737459 -0.411555 0.535516
vn 0.692415 -0.517417 0.502833
vn 0.702333 -0.526061 0.479572
vn 0.645811 -0.623307 0.440928
vn 0.652533 -0.629131 0.422368
vn 0.586393 -0.715620 0.379514
vn 0.590630 -0.719555 0.365235
vn 0.531734 -0.780698 0.328283
vn 0.631612 -0.674419 0.382394
vn 0.657606 -0.634183 0.406653
vn 0.715702 -0.554196 0.425014
vn 0.716103 -0.539520 0.442849
vn 0.764615 -0.437919 0.472854
vn 0.757680 -0.430445 0.490548
vn 0.787783 -0.345307 0.510060
vn 0.777926 -0.335611 0.531222
vn 0.810387 -0.255695 0.527156
vn 0.792156 -0.237951 0.562021
vn 0.765512 -0.324060 0.555856
vn 0.795518 -0.353732 0.491960
vn 0.823151 -0.269926 0.499562
vn 0.782773 -0.423305 0.456156
vn 0.832203 -0.283976 0.476232
vn 0.832789 -0.281900 0.476440
vn 0.511793 -0.792709 0.331179
vn 0.416608 -0.870430 0.262278
vn 0.418615 -0.866842 0.270826
vn 0.320667 -0.924202 0.207421
vn 0.414906 -0.864670 0.283194
vn 0.317926 -0.922953 0.216981
vn 0.410103 -0.862028 0.297865
vn 0.314361 -0.921430 0.228350
vn 0.403993 -0.858783 0.315088
vn 0.309833 -0.919555 0.241706
vn 0.288321 -0.939455 0.185188
vn 0.214680 -0.965636 0.146492
vn 0.148517 -0.984109 0.097328
vn 0.108519 -0.991333 0.074040
vn 0.075638 -0.995878 0.050067
vn 0.000439 -1.000000 0.000294
vn 0.000465 -1.000000 0.000333
vn 0.107340 -0.991160 0.077977
vn 0.212315 -0.964954 0.154228
vn 0.209317 -0.964113 0.163315
vn 0.000195 -1.000000 0.000151
vn 0.105848 -0.990946 0.082600
vn 0.564436 -0.568101 0.598894
vn 0.510484 -0.667766 0.541751
vn 0.545830 -0.557823 0.625223
vn 0.494224 -0.659669 0.566197
vn 0.523192 -0.546196 0.654171
vn 0.447906 -0.757225 0.475384
vn 0.588689 -0.445694 0.674390
vn 0.593783 -0.309947 0.742532
vn 0.563385 -0.431472 0.704578
vn 0.534291 -0.415360 0.736213
vn 0.561970 -0.290984 0.774285
vn 0.679841 -0.506929 0.529942
vn 0.626301 -0.607758 0.488240
vn 0.564031 -0.698903 0.439777
vn 0.493141 -0.780337 0.384559
vn 0.637218 -0.616294 0.462747
vn 0.573356 -0.705599 0.416405
vn 0.500929 -0.785305 0.363821
vn 0.748753 -0.421839 0.511294
vn 0.710130 -0.533267 0.459720
vn 0.580686 -0.711082 0.396442
vn 0.507048 -0.789363 0.346134
vn 0.828015 -0.295282 0.476655
vn 0.828980 -0.298420 0.473010
vn 0.823521 -0.308267 0.476218
vn 0.830095 -0.310281 0.463323
vn 0.823146 -0.315961 0.471805
vn 0.824309 -0.326810 0.462287
vn 0.817665 -0.326171 0.474379
vn 0.817309 -0.332617 0.470502
vn 0.812582 -0.342861 0.471334
vn 0.818536 -0.342530 0.461164
vn 0.811647 -0.348310 0.468945
vn 0.812944 -0.357358 0.459801
vn 0.808223 -0.358301 0.467329
vn 0.807400 -0.371462 0.458389
vn 0.804524 -0.372498 0.462588
vn 0.808568 -0.379066 0.450030
vn 0.801918 -0.384884 0.456938
vn 0.803178 -0.391816 0.448759
vn 0.798822 -0.397346 0.451663
vn 0.804268 -0.398231 0.441096
vn 0.797863 -0.403975 0.447459
vn 0.799051 -0.409821 0.439959
vn 0.794925 -0.417941 0.439795
vn 0.800095 -0.415250 0.432915
vn 0.796080 -0.430448 0.425407
vn 0.801826 -0.425019 0.420041
vn 0.797807 -0.438776 0.413496
vn 0.803179 -0.433555 0.408576
vn 0.799198 -0.446095 0.402841
vn 0.804243 -0.441073 0.398306
vn 0.800327 -0.452574 0.393259
vn 0.805084 -0.447741 0.389059
vn 0.807437 -0.451931 0.379215
vn 0.809691 -0.442983 0.384924
vn 0.814153 -0.438298 0.380854
vn 0.813835 -0.431273 0.389456
vn 0.818395 -0.426494 0.385140
vn 0.818189 -0.418426 0.394318
vn 0.822849 -0.413557 0.389730
vn 0.822757 -0.404276 0.399541
vn 0.827623 -0.399219 0.394544
vn 0.827645 -0.388516 0.405043
vn 0.832614 -0.383394 0.399704
vn 0.832703 -0.377415 0.405171
vn 0.837623 -0.372323 0.399704
vn 0.837812 -0.365858 0.405239
vn 0.840271 -0.363317 0.402425
vn 0.840483 -0.356366 0.408156
vn 0.842965 -0.353821 0.405242
vn 0.843197 -0.346341 0.411178
vn 0.852897 -0.336338 0.399304
vn 0.853367 -0.328213 0.405019
vn 0.855411 -0.321404 0.406166
vn 0.853777 -0.319494 0.411083
vn 0.854108 -0.310117 0.417524
vn 0.843435 -0.329676 0.424183
vn 0.843405 -0.320363 0.431318
vn 0.840693 -0.332302 0.427563
vn 0.840561 -0.323009 0.434881
vn 0.837885 -0.334962 0.430985
vn 0.837646 -0.325690 0.438491
vn 0.832063 -0.340384 0.437961
vn 0.831594 -0.331159 0.445853
vn 0.825952 -0.345944 0.445114
vn 0.825230 -0.336771 0.453410
vn 0.819535 -0.351643 0.452448
vn 0.832880 -0.281824 0.476325
vn 0.835872 -0.292895 0.464253
vn 0.836678 -0.304757 0.455074
vn 0.830951 -0.321156 0.454290
vn 0.837255 -0.315653 0.446505
vn 0.823233 -0.269920 0.499431
vn 0.825717 -0.271205 0.494610
vn 0.833345 -0.265757 0.484674
vn 0.834783 -0.279944 0.474098
vn 0.836989 -0.263096 0.479822
vn 0.838247 -0.277254 0.469544
vn 0.840525 -0.260478 0.475046
vn 0.841613 -0.274606 0.465058
vn 0.850923 -0.257991 0.457570
vn 0.853414 -0.283015 0.437707
vn 0.823404 -0.255522 0.506670
vn 0.810240 -0.255488 0.527482
vn 0.820488 -0.238187 0.519678
vn 0.811319 -0.243579 0.531442
vn 0.816822 -0.218958 0.533722
vn 0.806996 -0.224145 0.546366
vn 0.812216 -0.197545 0.548891
vn 0.801622 -0.202446 0.562510
vn 0.806427 -0.173612 0.565274
vn 0.794927 -0.178124 0.579967
vn 0.799145 -0.146762 0.582948
vn 0.786564 -0.150758 0.598823
vn 0.789949 -0.116471 0.602009
vn 0.776054 -0.119766 0.619190
vn 0.778386 -0.082403 0.622355
vn 0.762920 -0.084858 0.640900
vn 0.763733 -0.043772 0.644047
vn 0.746327 -0.045131 0.664047
vn 0.734308 -0.000000 0.678816
vn 0.727244 -0.046542 0.684800
vn 0.662839 -0.000000 0.748762
vn 0.706785 -0.047969 0.705800
vn 0.684385 -0.049440 0.727442
vn 0.708264 -0.092662 0.699840
vn 0.686751 -0.095411 0.720604
vn 0.708233 -0.133949 0.693155
vn 0.687474 -0.137756 0.713023
vn 0.702344 -0.163879 0.692716
vn 0.669938 -0.140806 0.728942
vn 0.792237 -0.237487 0.562103
vn 0.766530 -0.214325 0.605389
vn 0.778202 -0.212667 0.590910
vn 0.796451 -0.229514 0.559454
vn 0.749425 -0.200054 0.631142
vn 0.755183 -0.192454 0.626625
vn 0.769370 -0.187548 0.610652
vn 0.782503 -0.182805 0.595207
vn 0.790216 -0.207525 0.576621
vn 0.728385 -0.183415 0.660162
vn 0.725750 -0.167958 0.667141
vn 0.742764 -0.163464 0.649293
vn 0.758451 -0.159113 0.632009
vn 0.772922 -0.154907 0.615301
vn 0.727303 -0.130247 0.673845
vn 0.727969 -0.089992 0.679678
vn 0.629490 -0.113475 0.768678
vn 0.637651 -0.101112 0.763661
vn 0.663269 -0.098232 0.741906
vn 0.579156 -0.081185 0.811164
vn 0.603722 -0.054056 0.795360
vn 0.633039 -0.052491 0.772338
vn 0.567225 -0.000000 0.823563
vn 0.618444 -0.000000 0.785829
vn 0.571734 -0.055632 0.818551
vn 0.517016 -0.043398 0.854875
vn 0.508464 -0.000000 0.861083
vn 0.659865 -0.050949 0.749655
vn 0.779618 -0.042465 0.624813
vn 0.787615 -0.000000 0.616167
vn 0.787037 -0.041831 0.615486
vn 0.794130 -0.041210 0.606350
vn 0.799189 -0.078897 0.595879
vn 0.805545 -0.077775 0.587408
vn 0.808724 -0.111763 0.577472
vn 0.814482 -0.110256 0.569617
vn 0.816225 -0.141047 0.560251
vn 0.821484 -0.139216 0.552977
vn 0.822110 -0.167151 0.544239
vn 0.826955 -0.165078 0.537489
vn 0.826724 -0.190518 0.529367
vn 0.831222 -0.188261 0.523094
vn 0.830334 -0.211509 0.515567
vn 0.834537 -0.209113 0.509725
vn 0.833146 -0.230433 0.502760
vn 0.837095 -0.227935 0.497310
vn 0.835322 -0.247554 0.490871
vn 0.839051 -0.244983 0.485774
vn 0.801415 -0.041800 0.596646
vn 0.812725 -0.078959 0.577272
vn 0.829307 -0.140855 0.540750
vn 0.839993 -0.189209 0.508539
vn 0.846749 -0.227366 0.480958
vn 0.854790 -0.303821 0.420746
vn 0.854341 -0.300010 0.424377
vn 0.842918 -0.299386 0.447055
vn 0.842391 -0.287529 0.455747
vn 0.839840 -0.302053 0.451036
vn 0.839176 -0.290193 0.459969
vn 0.855295 -0.349541 0.382481
vn 0.852379 -0.343926 0.393909
vn 0.842678 -0.360805 0.399642
vn 0.840009 -0.369817 0.397014
vn 0.837390 -0.378377 0.394473
vn 0.832309 -0.394259 0.389642
vn 0.827447 -0.408670 0.385124
vn 0.822805 -0.421794 0.380896
vn 0.818475 -0.433688 0.376847
vn 0.823677 -0.434392 0.364498
vn 0.854212 -0.371130 0.364122
vn 0.854732 -0.359316 0.374601
vn 0.851245 -0.357683 0.383987
vn 0.851825 -0.351026 0.388811
vn 0.842347 -0.367338 0.394352
vn 0.852687 -0.388296 0.349501
vn 0.851881 -0.381154 0.359194
vn 0.853306 -0.370858 0.366515
vn 0.849408 -0.375357 0.370961
vn 0.850644 -0.363934 0.379416
vn 0.841174 -0.384624 0.380120
vn 0.841981 -0.373463 0.389350
vn 0.839019 -0.386998 0.382466
vn 0.839708 -0.375907 0.391898
vn 0.836824 -0.389395 0.384835
vn 0.850986 -0.402317 0.337584
vn 0.849107 -0.398722 0.346465
vn 0.850477 -0.390392 0.352539
vn 0.846904 -0.394647 0.356381
vn 0.848154 -0.385532 0.363319
vn 0.839398 -0.403383 0.364270
vn 0.840302 -0.394533 0.371802
vn 0.837443 -0.405615 0.366286
vn 0.838252 -0.396835 0.373971
vn 0.835455 -0.407867 0.368319
vn 0.836167 -0.399159 0.376161
vn 0.831379 -0.412429 0.372439
vn 0.831884 -0.403871 0.380602
vn 0.827164 -0.417071 0.376631
vn 0.845675 -0.402857 0.350057
vn 0.838117 -0.417870 0.350635
vn 0.838483 -0.411333 0.357423
vn 0.836613 -0.413497 0.359303
vn 0.830824 -0.420095 0.365036
vn 0.834714 -0.415678 0.361198
vn 0.795414 -0.457483 0.397524
vn 0.789127 -0.470527 0.394819
vn 0.790339 -0.462468 0.401856
vn 0.789685 -0.460735 0.405119
vn 0.793979 -0.451200 0.407451
vn 0.790689 -0.449031 0.416151
vn 0.792239 -0.444088 0.418501
vn 0.792342 -0.434953 0.427796
vn 0.840288 -0.312956 0.442691
vn 0.843243 -0.310296 0.438928
vn 0.831475 -0.250166 0.496051
vn 0.829066 -0.232974 0.508304
vn 0.825985 -0.213949 0.521512
vn 0.822062 -0.192818 0.535757
vn 0.817079 -0.169264 0.551119
vn 0.810756 -0.142915 0.567670
vn 0.802724 -0.113301 0.585489
vn 0.792553 -0.080042 0.604526
vn 0.744824 -0.126659 0.655129
vn 0.760929 -0.123189 0.637033
vn 0.746023 -0.087408 0.660159
vn 0.843359 -0.338312 0.417481
vn 0.840711 -0.340915 0.420693
vn 0.840635 -0.348916 0.414236
vn 0.838001 -0.343549 0.423944
vn 0.838015 -0.351521 0.417329
vn 0.837947 -0.358940 0.411105
vn 0.832389 -0.348916 0.430566
vn 0.832596 -0.356825 0.423626
vn 0.832707 -0.364176 0.417102
vn 0.832738 -0.371024 0.410961
vn 0.826508 -0.354413 0.437351
vn 0.826928 -0.362255 0.430072
vn 0.827234 -0.369533 0.423237
vn 0.827445 -0.376304 0.416809
vn 0.827578 -0.382617 0.410755
vn 0.820344 -0.360045 0.444300
vn 0.820995 -0.367813 0.436670
vn 0.821514 -0.375012 0.429512
vn 0.821922 -0.381701 0.422787
vn 0.822237 -0.387930 0.416458
vn 0.822473 -0.393743 0.410493
vn 0.814024 -0.365687 0.451263
vn 0.814922 -0.373376 0.443275
vn 0.815668 -0.380492 0.435789
vn 0.816285 -0.387095 0.428762
vn 0.816793 -0.393237 0.422155
vn 0.817208 -0.398962 0.415934
vn 0.817814 -0.409317 0.404524
vn 0.811121 -0.398653 0.427970
vn 0.810404 -0.392604 0.434865
vn 0.809560 -0.386093 0.442204
vn 0.805211 -0.404181 0.433904
vn 0.811730 -0.404285 0.421483
vn 0.812684 -0.414454 0.409601
vn 0.813362 -0.423381 0.398987
vn 0.806029 -0.409714 0.427143
vn 0.807357 -0.419688 0.414773
vn 0.808361 -0.428423 0.403740
vn 0.809120 -0.436133 0.393844
vn 0.826808 -0.424585 0.368938
vn 0.822662 -0.429150 0.372904
vn -0.093445 -0.181660 -0.978911
vn -0.083262 -0.174904 -0.981059
vn 0.000000 -0.124742 -0.992189
vn -0.084587 -0.174077 -0.981092
vn -0.000000 -0.124742 -0.992189
vn -0.086079 -0.172972 -0.981158
vn -0.000000 -0.124742 -0.992189
vn -0.087791 -0.171405 -0.981281
vn -0.000000 -0.124742 -0.992189
vn 0.000000 -0.124742 -0.992189
vn -0.089683 -0.169267 -0.981481
vn 0.000000 -0.124742 -0.992189
vn -0.090784 -0.167803 -0.981632
vn -0.064334 -0.153766 -0.986011
vn -0.091888 -0.166136 -0.981812
vn -0.128134 -0.181570 -0.974994
vn -0.179735 -0.208737 -0.961314
vn -0.177568 -0.211650 -0.961080
vn -0.263690 -0.251931 -0.931128
vn -0.258193 -0.258310 -0.930920
vn -0.340819 -0.298567 -0.891460
vn -0.334315 -0.304841 -0.891799
vn -0.412098 -0.343657 -0.843845
vn -0.405223 -0.349253 -0.844877
vn -0.477156 -0.385460 -0.789774
vn -0.470093 -0.390625 -0.791470
vn -0.536658 -0.424054 -0.729504
vn -0.463198 -0.394799 -0.793462
vn -0.528965 -0.428993 -0.732230
vn -0.476441 -0.406215 -0.779739
vn -0.513290 -0.426490 -0.744741
vn -0.164945 -0.222937 -0.960777
vn -0.184020 -0.236289 -0.954099
vn -0.245080 -0.268878 -0.931472
vn -0.272139 -0.288742 -0.917915
vn -0.323650 -0.312705 -0.893010
vn -0.318745 -0.315403 -0.893825
vn -0.399116 -0.353532 -0.846003
vn -0.393149 -0.356958 -0.847358
vn -0.357674 -0.338771 -0.870232
vn -0.438156 -0.384787 -0.812378
vn -0.548608 -0.445542 -0.707476
vn -0.590400 -0.459501 -0.663541
vn -0.598757 -0.453779 -0.659981
vn -0.655128 -0.479158 -0.584136
vn -0.607338 -0.446831 -0.656873
vn -0.664235 -0.471321 -0.580214
vn -0.617020 -0.437915 -0.653848
vn -0.674523 -0.461333 -0.576360
vn -0.628273 -0.425665 -0.651216
vn -0.686521 -0.447704 -0.572931
vn -0.640853 -0.409394 -0.649388
vn -0.699978 -0.429705 -0.570424
vn -0.648224 -0.398477 -0.648862
vn -0.707884 -0.417676 -0.569603
vn -0.655666 -0.386232 -0.648788
vn -0.715884 -0.404222 -0.569311
vn -0.703126 -0.383695 -0.598658
vn -0.745878 -0.393881 -0.537144
vn -0.768246 -0.417933 -0.484901
vn -0.776868 -0.401345 -0.485179
vn -0.812884 -0.427444 -0.395615
vn -0.821860 -0.409807 -0.395733
vn -0.847955 -0.411399 -0.334250
vn -0.818318 -0.407724 -0.405113
vn -0.582425 -0.463368 -0.667885
vn -0.614425 -0.479785 -0.626329
vn -0.646274 -0.485678 -0.588597
vn -0.638628 -0.490568 -0.592872
vn -0.687731 -0.512634 -0.514035
vn -0.644314 -0.494639 -0.583260
vn -0.672167 -0.507966 -0.538667
vn -0.698088 -0.519807 -0.492416
vn -0.730567 -0.530029 -0.430512
vn -0.695620 -0.507087 -0.508897
vn -0.738532 -0.523810 -0.424491
vn -0.747813 -0.515675 -0.418157
vn -0.784131 -0.526841 -0.327988
vn -0.757411 -0.506104 -0.412539
vn -0.793693 -0.516428 -0.321486
vn -0.768293 -0.494082 -0.406951
vn -0.804564 -0.503445 -0.314993
vn -0.781093 -0.477933 -0.401839
vn -0.817422 -0.486152 -0.308993
vn -0.795581 -0.456885 -0.397877
vn -0.832067 -0.463782 -0.304253
vn -0.804154 -0.442944 -0.396405
vn -0.840775 -0.449038 -0.302427
vn -0.849681 -0.432698 -0.301356
vn -0.858892 -0.414162 -0.301289
vn -0.866382 -0.412501 -0.281470
vn -0.887067 -0.414246 -0.203745
vn -0.882024 -0.412115 -0.228461
vn -0.905116 -0.407117 -0.122556
vn -0.896670 -0.429918 -0.105612
vn -0.905950 -0.410119 -0.105153
vn -0.906571 -0.422009 -0.006157
vn -0.915687 -0.401854 -0.005503
vn -0.907313 -0.409722 0.094401
vn -0.916134 -0.389391 0.095250
vn -0.898742 -0.393226 0.194000
vn -0.907138 -0.372913 0.195032
vn -0.881180 -0.372912 0.290617
vn -0.889030 -0.352810 0.291807
vn -0.854757 -0.348849 0.384310
vn -0.861945 -0.329146 0.385635
vn -0.823579 -0.308150 0.476194
vn -0.828092 -0.295151 0.476602
vn -0.722714 -0.530413 -0.443110
vn -0.746011 -0.539680 -0.390145
vn -0.767047 -0.542699 -0.342222
vn -0.767654 -0.547356 -0.333331
vn -0.796405 -0.550327 -0.250757
vn -0.786998 -0.553079 -0.273383
vn -0.803616 -0.556597 -0.210714
vn -0.818203 -0.552834 -0.157857
vn -0.817195 -0.557710 -0.145435
vn -0.832545 -0.550304 -0.063520
vn -0.827436 -0.556195 -0.077433
vn -0.833943 -0.551808 -0.006917
vn -0.839319 -0.542679 0.032296
vn -0.836300 -0.544484 0.064340
vn -0.838302 -0.530012 0.127820
vn -0.834446 -0.534352 0.134787
vn -0.828482 -0.521540 0.203992
vn -0.829626 -0.512593 0.221287
vn -0.818746 -0.506485 0.270420
vn -0.813388 -0.490505 0.312737
vn -0.805548 -0.489424 0.334001
vn -0.789678 -0.460742 0.405125
vn -0.815782 -0.478926 0.324237
vn -0.833275 -0.501615 0.232454
vn -0.818953 -0.464846 0.336502
vn -0.837854 -0.488149 0.244358
vn -0.843047 -0.473545 0.255003
vn -0.855272 -0.492822 0.160113
vn -0.862789 -0.475987 0.170387
vn -0.867980 -0.491291 0.072419
vn -0.878607 -0.470527 0.081574
vn -0.876169 -0.481674 -0.017801
vn -0.889721 -0.456375 -0.010889
vn -0.879286 -0.463475 -0.109762
vn -0.887831 -0.447498 -0.107243
vn -0.868812 -0.450546 -0.205365
vn -0.877754 -0.433507 -0.204008
vn -0.790704 -0.449008 0.416148
vn -0.792315 -0.434984 0.427815
vn -0.822791 -0.449760 0.347464
vn -0.849280 -0.456189 0.265734
vn -0.872254 -0.454667 0.180141
vn -0.891278 -0.444614 0.089116
vn -0.897972 -0.439980 -0.008053
vn -0.794958 -0.417881 0.439792
vn -0.827563 -0.431982 0.358511
vn -0.857377 -0.434463 0.275947
vn -0.883795 -0.428342 0.188227
vn -0.899091 -0.427932 0.092252
vn -0.798629 -0.397585 0.451795
vn -0.834091 -0.409998 0.369044
vn -0.867567 -0.407939 0.284453
vn -0.891031 -0.411513 0.191626
vn -0.804422 -0.372419 0.462827
vn -0.842715 -0.383484 0.377850
vn -0.874102 -0.391110 0.288059
vn -0.808229 -0.358050 0.467510
vn -0.812662 -0.342566 0.471411
vn -0.848430 -0.366798 0.381609
vn -0.817726 -0.326021 0.474378
vn -0.832926 -0.281792 0.476265
vn -0.833529 -0.282264 0.474928
vn -0.869005 -0.312141 0.383924
vn -0.895250 -0.338775 0.289412
vn -0.912378 -0.362037 0.191039
vn -0.920087 -0.381649 0.088224
vn -0.917729 -0.396846 -0.016906
vn -0.784266 -0.401877 -0.472675
vn -0.655922 -0.371233 -0.657231
vn -0.605409 -0.356771 -0.711473
vn -0.588722 -0.364276 -0.721602
vn -0.552457 -0.340567 -0.760792
vn -0.516522 -0.338873 -0.786365
vn -0.497119 -0.322627 -0.805472
vn -0.439132 -0.310066 -0.843221
vn -0.439373 -0.302914 -0.845692
vn -0.379162 -0.281357 -0.881518
vn -0.356451 -0.277788 -0.892063
vn -0.316987 -0.258088 -0.912639
vn -0.270105 -0.242653 -0.931753
vn -0.254392 -0.233688 -0.938442
vn -0.181911 -0.205427 -0.961618
vn -0.191461 -0.208194 -0.959165
vn 0.000000 -0.124742 -0.992189
vn -0.848886 -0.506869 0.149917
vn -0.843064 -0.519668 0.138520
vn -0.845051 -0.533003 0.042393
vn -0.851948 -0.520923 0.053136
vn -0.839077 -0.541314 -0.054125
vn -0.859362 -0.507504 0.062745
vn -0.855107 -0.517254 -0.035225
vn -0.846856 -0.529986 -0.044145
vn -0.842700 -0.521978 -0.131896
vn -0.833814 -0.533980 -0.140071
vn -0.822267 -0.521732 -0.227315
vn -0.812943 -0.532961 -0.234684
vn -0.825358 -0.544533 -0.149224
vn -0.804008 -0.542722 -0.242947
vn -0.774922 -0.535791 -0.335297
vn -0.704780 -0.499762 -0.503511
vn -0.714225 -0.491050 -0.498752
vn -0.724911 -0.480026 -0.494043
vn -0.737422 -0.465098 -0.489788
vn -0.751514 -0.445507 -0.486569
vn -0.759818 -0.432472 -0.485432
vn -0.544546 -0.417999 -0.727149
vn -0.485111 -0.378746 -0.788174
vn -0.420030 -0.335832 -0.843085
vn -0.348031 -0.290084 -0.891474
vn -0.266891 -0.247584 -0.931381
vn -0.328667 -0.309308 -0.892360
vn -0.248914 -0.266353 -0.931181
vn -0.167548 -0.221267 -0.960712
vn -0.864616 -0.501746 -0.026254
vn -0.852880 -0.507243 -0.123690
vn -0.832903 -0.507840 -0.219934
vn -0.553438 -0.410179 -0.724886
vn -0.563743 -0.399366 -0.722980
vn -0.575233 -0.384929 -0.721760
vn -0.581951 -0.375208 -0.721493
vn -0.253229 -0.263015 -0.930966
vn -0.170478 -0.219050 -0.960705
vn -0.865112 -0.487981 -0.115997
vn -0.845572 -0.489504 -0.213058
vn -0.494308 -0.369408 -0.786891
vn -0.428836 -0.325289 -0.842785
vn -0.352232 -0.284317 -0.891682
vn -0.173844 -0.215914 -0.960812
vn -0.860112 -0.465973 -0.207547
vn -0.504539 -0.356880 -0.786179
vn -0.510511 -0.348416 -0.786120
vn -0.433971 -0.318142 -0.842885
vn 0.000000 -0.124742 -0.992189
vn 0.000000 -0.124742 -0.992189
vn 0.000000 -0.124742 -0.992189
vn 0.000000 -0.124742 -0.992189
vn 0.000000 -0.124742 -0.992189
vn 0.000000 -0.124742 -0.992189
vn 0.000000 -0.124742 -0.992189
vn 0.000000 -0.124742 -0.992189
vn 0.000000 -0.124742 -0.992189
vn 0.789678 -0.460742 0.405125
vn 0.813388 -0.490504 0.312738
vn 0.805227 -0.489034 0.335345
vn 0.818279 -0.505833 0.273042
vn 0.829627 -0.512593 0.221288
vn 0.828027 -0.520740 0.207848
vn 0.838302 -0.530010 0.127821
vn 0.834106 -0.533386 0.140594
vn 0.836303 -0.543568 0.071627
vn 0.839320 -0.542677 0.032297
vn 0.834432 -0.551109 0.001311
vn 0.832546 -0.550303 -0.063518
vn 0.828620 -0.555743 -0.067378
vn 0.819205 -0.557642 -0.133934
vn 0.818204 -0.552832 -0.157855
vn 0.806454 -0.557001 -0.198447
vn 0.796407 -0.550326 -0.250755
vn 0.790745 -0.554013 -0.260370
vn 0.772406 -0.548881 -0.319559
vn 0.767049 -0.542698 -0.342220
vn 0.751749 -0.541816 -0.375911
vn 0.730569 -0.530028 -0.430510
vn 0.729425 -0.533169 -0.428567
vn 0.705628 -0.523129 -0.477938
vn 0.687734 -0.512632 -0.514033
vn 0.679835 -0.511531 -0.525510
vn 0.651968 -0.498356 -0.571471
vn 0.638631 -0.490566 -0.592870
vn 0.621983 -0.483589 -0.615856
vn 0.589812 -0.467199 -0.658671
vn 0.590325 -0.459548 -0.663575
vn 0.555616 -0.449272 -0.699604
vn 0.528890 -0.429037 -0.732259
vn 0.519864 -0.430066 -0.738095
vn 0.482601 -0.409630 -0.774144
vn 0.463125 -0.394839 -0.793484
vn 0.444017 -0.388089 -0.807611
vn 0.393082 -0.356993 -0.847374
vn 0.362807 -0.341739 -0.866940
vn 0.318686 -0.315433 -0.893835
vn 0.276262 -0.291175 -0.915913
vn 0.323650 -0.312705 -0.893010
vn 0.245080 -0.268878 -0.931472
vn 0.328667 -0.309308 -0.892360
vn 0.248914 -0.266353 -0.931181
vn 0.334315 -0.304841 -0.891799
vn 0.253229 -0.263015 -0.930966
vn 0.340819 -0.298567 -0.891460
vn 0.258193 -0.258310 -0.930920
vn 0.348031 -0.290084 -0.891474
vn 0.263690 -0.251931 -0.931128
vn 0.352232 -0.284317 -0.891682
vn 0.266891 -0.247584 -0.931381
vn 0.356451 -0.277788 -0.892063
vn 0.270105 -0.242653 -0.931753
vn 0.317105 -0.258133 -0.912585
vn 0.254451 -0.233712 -0.938421
vn 0.181911 -0.205427 -0.961618
vn 0.191406 -0.208172 -0.959181
vn 0.128034 -0.181527 -0.975015
vn 0.179735 -0.208737 -0.961314
vn 0.090784 -0.167803 -0.981632
vn 0.089683 -0.169267 -0.981481
vn 0.087791 -0.171405 -0.981281
vn 0.086079 -0.172972 -0.981158
vn 0.084587 -0.174077 -0.981092
vn 0.083262 -0.174904 -0.981059
vn 0.167548 -0.221267 -0.960712
vn 0.164945 -0.222937 -0.960777
vn 0.186902 -0.238016 -0.953108
vn 0.094962 -0.182579 -0.978594
vn 0.064254 -0.153731 -0.986021
vn 0.091888 -0.166136 -0.981812
vn 0.379168 -0.281359 -0.881515
vn 0.439132 -0.310066 -0.843221
vn 0.433971 -0.318142 -0.842885
vn 0.428836 -0.325289 -0.842785
vn 0.420030 -0.335832 -0.843085
vn 0.412098 -0.343657 -0.843845
vn 0.405223 -0.349253 -0.844877
vn 0.399116 -0.353532 -0.846003
vn 0.439340 -0.302903 -0.845713
vn 0.497266 -0.322676 -0.805361
vn 0.516522 -0.338873 -0.786365
vn 0.552739 -0.340656 -0.760548
vn 0.588722 -0.364276 -0.721602
vn 0.605662 -0.356846 -0.711220
vn 0.655666 -0.386232 -0.648788
vn 0.655989 -0.371252 -0.657154
vn 0.703069 -0.383681 -0.598735
vn 0.715884 -0.404222 -0.569311
vn 0.745982 -0.393904 -0.536982
vn 0.768246 -0.417933 -0.484901
vn 0.776868 -0.401345 -0.485179
vn 0.784455 -0.401913 -0.472331
vn 0.812884 -0.427444 -0.395615
vn 0.818458 -0.407745 -0.404809
vn 0.821860 -0.409807 -0.395733
vn 0.847955 -0.411399 -0.334250
vn 0.858892 -0.414162 -0.301289
vn 0.866382 -0.412501 -0.281470
vn 0.882024 -0.412115 -0.228461
vn 0.887067 -0.414246 -0.203745
vn 0.905116 -0.407117 -0.122556
vn 0.905950 -0.410119 -0.105153
vn 0.917729 -0.396846 -0.016906
vn 0.915687 -0.401854 -0.005503
vn 0.920087 -0.381649 0.088224
vn 0.916134 -0.389391 0.095250
vn 0.912378 -0.362037 0.191039
vn 0.907138 -0.372913 0.195032
vn 0.895250 -0.338775 0.289412
vn 0.889030 -0.352810 0.291807
vn 0.861945 -0.329146 0.385635
vn 0.881180 -0.372912 0.290617
vn 0.854757 -0.348849 0.384310
vn 0.874102 -0.391110 0.288059
vn 0.848430 -0.366798 0.381609
vn 0.867567 -0.407939 0.284453
vn 0.842715 -0.383484 0.377850
vn 0.857377 -0.434463 0.275947
vn 0.834091 -0.409998 0.369044
vn 0.849280 -0.456189 0.265734
vn 0.827563 -0.431982 0.358511
vn 0.843047 -0.473545 0.255003
vn 0.822791 -0.449760 0.347464
vn 0.837854 -0.488149 0.244358
vn 0.818953 -0.464846 0.336502
vn 0.815780 -0.478936 0.324227
vn 0.790704 -0.449008 0.416148
vn 0.869005 -0.312141 0.383924
vn 0.828092 -0.295151 0.476602
vn 0.823579 -0.308150 0.476194
vn 0.833529 -0.282264 0.474928
vn 0.832926 -0.281792 0.476265
vn 0.817726 -0.326021 0.474378
vn 0.812662 -0.342566 0.471411
vn 0.808229 -0.358050 0.467510
vn 0.804422 -0.372419 0.462827
vn 0.798629 -0.397585 0.451795
vn 0.794958 -0.417881 0.439792
vn 0.792315 -0.434984 0.427815
vn 0.646201 -0.485728 -0.588636
vn 0.598757 -0.453779 -0.659981
vn 0.536658 -0.424054 -0.729504
vn 0.607338 -0.446831 -0.656873
vn 0.544546 -0.417999 -0.727149
vn 0.617020 -0.437915 -0.653848
vn 0.553438 -0.410179 -0.724886
vn 0.628273 -0.425665 -0.651216
vn 0.563743 -0.399366 -0.722980
vn 0.640853 -0.409394 -0.649388
vn 0.575233 -0.384929 -0.721760
vn 0.648224 -0.398477 -0.648862
vn 0.581951 -0.375208 -0.721493
vn 0.695551 -0.507139 -0.508939
vn 0.655128 -0.479158 -0.584136
vn 0.664235 -0.471321 -0.580214
vn 0.674523 -0.461333 -0.576360
vn 0.686521 -0.447704 -0.572931
vn 0.699978 -0.429705 -0.570424
vn 0.707884 -0.417676 -0.569603
vn 0.738470 -0.523861 -0.424537
vn 0.704780 -0.499762 -0.503511
vn 0.714225 -0.491050 -0.498752
vn 0.724911 -0.480026 -0.494043
vn 0.737422 -0.465098 -0.489788
vn 0.751514 -0.445507 -0.486569
vn 0.759818 -0.432472 -0.485432
vn 0.774867 -0.535842 -0.335343
vn 0.747813 -0.515675 -0.418157
vn 0.757411 -0.506104 -0.412539
vn 0.768293 -0.494082 -0.406951
vn 0.781093 -0.477933 -0.401839
vn 0.795581 -0.456885 -0.397877
vn 0.804154 -0.442944 -0.396405
vn 0.803962 -0.542771 -0.242993
vn 0.784131 -0.526841 -0.327988
vn 0.793693 -0.516428 -0.321486
vn 0.804564 -0.503445 -0.314993
vn 0.817422 -0.486152 -0.308993
vn 0.832067 -0.463782 -0.304253
vn 0.840775 -0.449038 -0.302427
vn 0.849681 -0.432698 -0.301356
vn 0.825320 -0.544579 -0.149268
vn 0.812943 -0.532961 -0.234684
vn 0.822267 -0.521732 -0.227315
vn 0.832903 -0.507840 -0.219934
vn 0.845572 -0.489504 -0.213058
vn 0.860112 -0.465973 -0.207547
vn 0.868812 -0.450546 -0.205365
vn 0.877754 -0.433507 -0.204008
vn 0.839048 -0.541354 -0.054165
vn 0.833814 -0.533980 -0.140071
vn 0.842700 -0.521978 -0.131896
vn 0.852880 -0.507243 -0.123690
vn 0.865112 -0.487981 -0.115997
vn 0.879286 -0.463475 -0.109762
vn 0.887831 -0.447498 -0.107243
vn 0.896670 -0.429918 -0.105612
vn 0.845030 -0.533038 0.042359
vn 0.846856 -0.529986 -0.044145
vn 0.855107 -0.517254 -0.035225
vn 0.864616 -0.501746 -0.026254
vn 0.876169 -0.481674 -0.017801
vn 0.889721 -0.456375 -0.010889
vn 0.897972 -0.439980 -0.008053
vn 0.906571 -0.422009 -0.006157
vn 0.843052 -0.519696 0.138493
vn 0.851948 -0.520923 0.053136
vn 0.859362 -0.507504 0.062745
vn 0.867980 -0.491291 0.072419
vn 0.878607 -0.470527 0.081574
vn 0.891278 -0.444614 0.089116
vn 0.899091 -0.427932 0.092252
vn 0.907313 -0.409722 0.094401
vn 0.833269 -0.501635 0.232435
vn 0.848886 -0.506869 0.149917
vn 0.855272 -0.492822 0.160113
vn 0.862789 -0.475987 0.170387
vn 0.872254 -0.454667 0.180141
vn 0.883795 -0.428342 0.188227
vn 0.891031 -0.411513 0.191626
vn 0.898742 -0.393226 0.194000
vn 0.470093 -0.390625 -0.791470
vn 0.477156 -0.385460 -0.789774
vn 0.485111 -0.378746 -0.788174
vn 0.494308 -0.369408 -0.786891
vn 0.504539 -0.356880 -0.786179
vn 0.510511 -0.348416 -0.786120
vn 0.170478 -0.219050 -0.960705
vn 0.173844 -0.215914 -0.960812
vn 0.177568 -0.211650 -0.961080
vn -0.633744 0.511831 0.579998
vn -0.635716 0.505105 0.583724
vn -0.665543 0.468717 0.580825
vn -0.687212 0.431571 0.584368
vn -0.725989 0.373180 0.577647
vn -0.733170 0.354559 0.580301
vn -0.777783 0.271415 0.566910
vn -0.773531 0.274018 0.571458
vn -0.807551 0.191235 0.557935
vn -0.764351 0.285941 0.577932
vn -0.798887 0.204594 0.565615
vn -0.787168 0.221838 0.575461
vn -0.816049 0.141297 0.560446
vn -0.808477 0.153788 0.568079
vn -0.831966 0.073299 0.549964
vn -0.823461 0.089599 0.560253
vn -0.842059 0.009244 0.539307
vn -0.832419 0.030607 0.553300
vn -0.846468 -0.048382 0.530237
vn -0.835535 -0.019785 0.549081
vn -0.845792 -0.096269 0.524755
vn -0.837323 -0.070248 0.542177
vn -0.844036 -0.144834 0.516359
vn -0.834425 -0.111948 0.539632
vn -0.839378 -0.189381 0.509490
vn -0.828811 -0.140158 0.541690
vn -0.822242 -0.070703 0.564729
vn -0.806125 -0.020239 0.591399
vn -0.810841 0.000147 0.585267
vn -0.791984 0.047827 0.608666
vn -0.794920 0.070997 0.602547
vn -0.773785 0.115653 0.622801
vn -0.774407 0.141831 0.616585
vn -0.751460 0.183220 0.633828
vn -0.749524 0.211862 0.627159
vn -0.725239 0.249836 0.641568
vn -0.720617 0.280328 0.634136
vn -0.695456 0.314840 0.645923
vn -0.687693 0.347234 0.637579
vn -0.662109 0.378234 0.646954
vn -0.650689 0.412556 0.637496
vn -0.625141 0.439993 0.644674
vn -0.610009 0.475552 0.633828
vn -0.584928 0.499472 0.639052
vn -0.566167 0.535546 0.626614
vn -0.541938 0.556086 0.630136
vn -0.519169 0.592555 0.615908
vn -0.496171 0.609849 0.617979
vn -0.468965 0.646548 0.601704
vn -0.447583 0.660732 0.602580
vn -0.416113 0.696893 0.584115
vn -0.396673 0.708187 0.584056
vn -0.361244 0.743063 0.563347
vn -0.344003 0.751759 0.562601
vn -0.304363 0.785093 0.539437
vn -0.289572 0.791475 0.538252
vn -0.245436 0.822943 0.512374
vn -0.233351 0.827301 0.510999
vn -0.185117 0.856151 0.482428
vn -0.175916 0.858836 0.481096
vn -0.124106 0.884389 0.449948
vn -0.117881 0.885792 0.448861
vn -0.062404 0.907697 0.414959
vn -0.059246 0.908203 0.414314
vn -0.000000 0.926032 0.377444
vn -0.000000 0.926032 0.377444
vn -0.599915 0.553729 0.577482
vn -0.578601 0.575126 0.578318
vn -0.569763 0.581336 0.580878
vn -0.508545 0.645337 0.570019
vn -0.558144 0.589310 0.584114
vn -0.497797 0.651634 0.572339
vn -0.550283 0.594496 0.586313
vn -0.490540 0.655723 0.573932
vn -0.540818 0.600691 0.588801
vn -0.481821 0.660609 0.575712
vn -0.529221 0.608178 0.591646
vn -0.471162 0.666519 0.577719
vn -0.514639 0.617433 0.594914
vn -0.457785 0.673822 0.579997
vn -0.502161 0.625356 0.597298
vn -0.446368 0.680086 0.581583
vn -0.487045 0.634839 0.599806
vn -0.432583 0.687597 0.583165
vn -0.564137 0.594250 0.573251
vn -0.526897 0.632838 0.567358
vn -0.516745 0.640431 0.568175
vn -0.448599 0.703869 0.550751
vn -0.451222 0.700016 0.553513
vn -0.382065 0.753958 0.534390
vn -0.375629 0.756650 0.535149
vn -0.303902 0.803976 0.511143
vn -0.367228 0.760103 0.536085
vn -0.296980 0.806259 0.511614
vn -0.361577 0.762335 0.536757
vn -0.292329 0.807730 0.511972
vn -0.354806 0.765009 0.537470
vn -0.286761 0.809498 0.512329
vn -0.346559 0.768251 0.538226
vn -0.279988 0.811648 0.512674
vn -0.336239 0.772257 0.539038
vn -0.271519 0.814306 0.513013
vn -0.327466 0.775716 0.539472
vn -0.264329 0.816617 0.513096
vn -0.316933 0.779889 0.539746
vn -0.255715 0.819420 0.512991
vn -0.365636 0.766580 0.527888
vn -0.309213 0.802197 0.510752
vn -0.229750 0.844903 0.483067
vn -0.224451 0.846237 0.483223
vn -0.220891 0.847093 0.483364
vn -0.216634 0.848126 0.483478
vn -0.211460 0.849389 0.483553
vn -0.204992 0.850953 0.483587
vn -0.199508 0.852328 0.483461
vn -0.192948 0.854011 0.483153
vn -0.277987 0.820974 0.498724
vn -0.233822 0.843865 0.482928
vn -0.154382 0.878859 0.451412
vn -0.150777 0.879499 0.451384
vn -0.148357 0.879906 0.451393
vn -0.145465 0.880401 0.451368
vn -0.141953 0.881012 0.451295
vn -0.137564 0.881771 0.451172
vn -0.133847 0.882450 0.450963
vn -0.129407 0.883294 0.450605
vn -0.187906 0.865677 0.463998
vn -0.157155 0.878363 0.451421
vn -0.077805 0.905930 0.416218
vn -0.075966 0.906123 0.416138
vn -0.074733 0.906243 0.416099
vn -0.073259 0.906393 0.416035
vn -0.071472 0.906581 0.415936
vn -0.069239 0.906817 0.415800
vn -0.067349 0.907036 0.415632
vn -0.065095 0.907318 0.415376
vn -0.095832 0.900623 0.423904
vn -0.079221 0.905781 0.416275
vn -0.000029 0.926026 0.377459
vn 0.000000 0.926032 0.377444
vn -0.001424 0.925735 0.378169
vn 0.000000 0.926032 0.377444
vn -0.000000 0.926032 0.377444
vn -0.000000 0.926032 0.377444
vn -0.000000 0.926032 0.377444
vn -0.000000 0.926032 0.377444
vn -0.000000 0.926032 0.377444
vn -0.060622 0.907338 0.416008
vn -0.121518 0.883192 0.452996
vn -0.167883 0.861305 0.479551
vn -0.182724 0.853330 0.488304
vn -0.222786 0.831257 0.509291
vn -0.244232 0.817392 0.521748
vn -0.305029 0.775589 0.552647
vn -0.276618 0.797219 0.536586
vn -0.364902 0.727767 0.580691
vn -0.328867 0.759541 0.561199
vn -0.379559 0.718254 0.583135
vn -0.423616 0.673740 0.605494
vn -0.428698 0.673336 0.602360
vn -0.475779 0.625183 0.618692
vn -0.480169 0.614024 0.626428
vn -0.520352 0.574274 0.632015
vn -0.534140 0.548772 0.643073
vn -0.562458 0.520638 0.642321
vn -0.585213 0.478008 0.655008
vn -0.602101 0.464262 0.649565
vn -0.631891 0.403444 0.661775
vn -0.638853 0.405658 0.653688
vn -0.672361 0.345392 0.654703
vn -0.673893 0.325555 0.663236
vn -0.702679 0.283487 0.652593
vn -0.711145 0.244496 0.659162
vn -0.729815 0.219945 0.647298
vn -0.742450 0.162860 0.649804
vn -0.753448 0.155345 0.638892
vn -0.767843 0.081364 0.635450
vn -0.773348 0.090300 0.627518
vn -0.789579 0.024829 0.613147
vn -0.802150 -0.041051 0.595709
vn -0.813266 -0.077794 0.576668
vn -0.846836 -0.227315 0.480829
vn -0.850514 -0.172122 0.496990
vn -0.854563 -0.126498 0.503706
vn -0.854557 -0.071183 0.514456
vn -0.849452 -0.008338 0.527600
vn -0.838772 0.059692 0.541201
vn -0.826855 0.122289 0.548959
vn -0.834749 0.107586 0.540017
vn -0.819769 0.164776 0.548478
vn -0.850941 -0.257995 0.457536
vn -0.856786 -0.203745 0.473714
vn -0.860829 -0.150527 0.486122
vn -0.860591 -0.089917 0.501296
vn -0.855278 -0.022996 0.517659
vn -0.848347 0.039028 0.528001
vn -0.855221 0.023073 0.517749
vn -0.850807 0.055404 0.522550
vn -0.853338 -0.283071 0.437819
vn -0.860958 -0.228796 0.454316
vn -0.865278 -0.170231 0.471503
vn -0.865228 -0.105514 0.490151
vn -0.863293 -0.045209 0.502675
vn -0.868893 -0.062326 0.491061
vn -0.870617 -0.057489 0.488592
vn -0.854791 -0.303820 0.420745
vn -0.855403 -0.321438 0.406157
vn -0.863598 -0.249291 0.438238
vn -0.865287 -0.266293 0.424696
vn -0.868535 -0.186608 0.459157
vn -0.872512 -0.211299 0.440540
vn -0.871366 -0.129092 0.473346
vn -0.874853 -0.230232 0.426176
vn -0.875445 -0.147219 0.460350
vn -0.876697 -0.230350 0.422304
vn -0.878021 -0.172852 0.446320
vn -0.855297 -0.349558 0.382461
vn -0.866822 -0.291849 0.404281
vn -0.867210 -0.311388 0.388567
vn -0.871879 -0.287757 0.396260
vn -0.854192 -0.371160 0.364138
vn -0.852688 -0.388323 0.349469
vn -0.863390 -0.345081 0.368071
vn -0.443824 0.703750 0.554757
vn -0.434150 0.708542 0.556311
vn -0.427631 0.711647 0.557396
vn -0.419810 0.715362 0.558585
vn -0.410269 0.719858 0.559896
vn -0.398314 0.725414 0.561357
vn -0.388133 0.730191 0.562293
vn -0.375878 0.735935 0.563131
vn -0.626444 0.512703 0.587114
vn -0.614214 0.522465 0.591415
vn -0.605914 0.528825 0.594316
vn -0.595898 0.536420 0.597628
vn -0.583590 0.545596 0.601455
vn -0.568078 0.556945 0.605887
vn -0.554763 0.566649 0.609219
vn -0.538565 0.578249 0.612843
vn -0.677740 0.440583 0.588689
vn -0.665192 0.452173 0.594187
vn -0.656646 0.459737 0.597878
vn -0.646302 0.468769 0.602121
vn -0.633546 0.479683 0.607062
vn -0.617420 0.493196 0.612821
vn -0.603525 0.504742 0.617246
vn -0.586539 0.518539 0.622165
vn -0.723727 0.365012 0.585650
vn -0.711151 0.378469 0.592475
vn -0.702546 0.387265 0.597039
vn -0.692094 0.397772 0.602315
vn -0.679148 0.410474 0.608497
vn -0.662722 0.426219 0.615740
vn -0.648503 0.439670 0.621397
vn -0.631018 0.455740 0.627787
vn -0.752043 0.301307 0.586213
vn -0.779040 0.233147 0.582013
vn -0.799115 0.168736 0.577013
vn -0.812568 0.109376 0.572512
vn -0.819665 0.057329 0.569967
vn -0.825358 0.004781 0.564589
vn -0.825539 -0.038953 0.562999
vn -0.743572 0.311369 0.591735
vn -0.733237 0.323392 0.598149
vn -0.720366 0.337935 0.605701
vn -0.703960 0.355984 0.614585
vn -0.689678 0.371405 0.621613
vn -0.671991 0.389830 0.629651
vn -0.769067 0.246670 0.589653
vn -0.787268 0.186849 0.587619
vn -0.798357 0.134058 0.587074
vn -0.808066 0.080246 0.583601
vn -0.811734 0.034272 0.583021
vn -0.756560 0.263040 0.598688
vn -0.740525 0.283388 0.609356
vn -0.726467 0.300780 0.617881
vn -0.708906 0.321568 0.627732
vn -0.771966 0.209407 0.600181
vn -0.785638 0.155196 0.598905
vn -0.792936 0.107716 0.599708
vn -0.758430 0.228704 0.610310
vn -0.741337 0.251785 0.622112
vn -0.769353 0.180504 0.612793
vn 0.001410 0.925738 0.378162
vn 0.078573 0.905849 0.416249
vn 0.000016 0.926029 0.377452
vn 0.077663 0.905947 0.416208
vn 0.000000 0.926032 0.377444
vn 0.076595 0.906059 0.416161
vn -0.000000 0.926032 0.377444
vn 0.075303 0.906185 0.416122
vn -0.000000 0.926032 0.377444
vn 0.073735 0.906346 0.416053
vn 0.072046 0.906521 0.415967
vn 0.146399 0.880244 0.451372
vn 0.143082 0.880818 0.451318
vn 0.218009 0.847798 0.483436
vn 0.213124 0.848987 0.483529
vn 0.288560 0.808935 0.512208
vn 0.282166 0.810963 0.512564
vn 0.356994 0.764157 0.537234
vn 0.349211 0.767217 0.537986
vn 0.422339 0.714177 0.558195
vn 0.413338 0.718424 0.559481
vn 0.484642 0.659049 0.575132
vn 0.474592 0.664633 0.577083
vn 0.543882 0.598712 0.587994
vn 0.532955 0.605788 0.590745
vn 0.599143 0.533992 0.596557
vn 0.587557 0.542665 0.600243
vn 0.649656 0.465879 0.600752
vn 0.637660 0.476195 0.605498
vn 0.695488 0.394409 0.600615
vn 0.683328 0.406414 0.606540
vn 0.736598 0.319542 0.596084
vn 0.724528 0.333283 0.603309
vn 0.772317 0.242337 0.587195
vn 0.760612 0.257801 0.595826
vn 0.802175 0.163943 0.574141
vn 0.791116 0.181048 0.584258
vn 0.826252 0.084369 0.556947
vn 0.816118 0.103037 0.568626
vn 0.844498 0.003599 0.535547
vn 0.835575 0.023754 0.548863
vn 0.856566 -0.077203 0.510230
vn 0.849134 -0.055702 0.525232
vn 0.862334 -0.156865 0.481428
vn 0.856653 -0.134221 0.498127
vn 0.861887 -0.235395 0.449154
vn 0.858213 -0.211805 0.467557
vn 0.854729 -0.303866 0.420837
vn 0.853367 -0.283076 0.437760
vn 0.079356 0.905765 0.416284
vn 0.095823 0.900624 0.423903
vn 0.157418 0.878312 0.451428
vn 0.187900 0.865677 0.464001
vn 0.234209 0.843760 0.482923
vn 0.277985 0.820973 0.498726
vn 0.309720 0.802019 0.510724
vn 0.365635 0.766580 0.527888
vn 0.382680 0.753690 0.534329
vn 0.448598 0.703868 0.550754
vn 0.451930 0.699644 0.553406
vn 0.517530 0.639943 0.568010
vn 0.447841 0.701733 0.554084
vn 0.513000 0.642686 0.569021
vn 0.443080 0.704141 0.554857
vn 0.507719 0.645848 0.570176
vn 0.437463 0.706929 0.555767
vn 0.501481 0.649513 0.571533
vn 0.430651 0.710198 0.556918
vn 0.493904 0.653817 0.573221
vn 0.526895 0.632836 0.567363
vn 0.579447 0.574508 0.578084
vn 0.574568 0.577979 0.579493
vn 0.568871 0.581981 0.581105
vn 0.562131 0.586621 0.582996
vn 0.553928 0.592080 0.585324
vn 0.564135 0.594246 0.573257
vn 0.599913 0.553725 0.577488
vn 0.636604 0.504349 0.583410
vn 0.633741 0.511826 0.580005
vn 0.665540 0.468712 0.580832
vn 0.688119 0.430674 0.583962
vn 0.726052 0.373058 0.577646
vn 0.734073 0.353518 0.579794
vn 0.777753 0.271469 0.566925
vn 0.774407 0.272830 0.570839
vn 0.819756 0.164800 0.548490
vn 0.808375 0.189902 0.557195
vn 0.835497 0.106118 0.539152
vn 0.803629 0.197358 0.561453
vn 0.831188 0.114321 0.544112
vn 0.798006 0.205975 0.566358
vn 0.826049 0.123809 0.549831
vn 0.791231 0.216003 0.572098
vn 0.819813 0.134860 0.556525
vn 0.782826 0.227886 0.579008
vn 0.812011 0.147977 0.564572
vn 0.850842 0.055236 0.522511
vn 0.855866 0.021479 0.516751
vn 0.852134 0.030377 0.522441
vn 0.847641 0.040677 0.529008
vn 0.842128 0.052688 0.536698
vn 0.835150 0.066969 0.545930
vn 0.870650 -0.057790 0.488496
vn 0.869409 -0.064037 0.489925
vn 0.866397 -0.054495 0.496373
vn 0.862714 -0.043440 0.503823
vn 0.858114 -0.030532 0.512550
vn 0.852188 -0.015158 0.523017
vn 0.878021 -0.173145 0.446206
vn 0.875809 -0.149033 0.459074
vn 0.873653 -0.138933 0.466291
vn 0.870939 -0.127217 0.474638
vn 0.867437 -0.113521 0.484423
vn 0.862782 -0.097175 0.496149
vn 0.876682 -0.230611 0.422193
vn 0.875041 -0.232127 0.424760
vn 0.873864 -0.221585 0.432739
vn 0.872258 -0.209340 0.441976
vn 0.870020 -0.195002 0.452812
vn 0.866836 -0.177854 0.465794
vn 0.871857 -0.287942 0.396174
vn 0.867200 -0.313344 0.387013
vn 0.867121 -0.302472 0.395742
vn 0.866764 -0.289825 0.405860
vn 0.865953 -0.274991 0.417739
vn 0.864435 -0.257208 0.431968
vn 0.863374 -0.345172 0.368025
vn 0.852685 -0.388311 0.349489
vn 0.854207 -0.371135 0.364129
vn 0.855292 -0.349582 0.382449
vn 0.855403 -0.321419 0.406172
vn 0.852719 -0.182388 0.489494
vn 0.850978 -0.257986 0.457470
vn 0.846802 -0.227336 0.480879
vn 0.845202 -0.149605 0.513082
vn 0.839951 -0.189204 0.508611
vn 0.834031 -0.108234 0.540996
vn 0.829352 -0.140827 0.540688
vn 0.826604 -0.083225 0.556596
vn 0.817258 -0.054806 0.573659
vn 0.804943 0.015191 0.593158
vn 0.791973 0.046062 0.608817
vn 0.773884 0.114017 0.622980
vn 0.776716 0.081251 0.624589
vn 0.757187 0.146921 0.636460
vn 0.743349 0.160261 0.649421
vn 0.712783 0.240594 0.658828
vn 0.812648 -0.078833 0.577398
vn 0.805988 -0.022128 0.591518
vn 0.792492 0.015187 0.609693
vn 0.768202 0.080066 0.635181
vn 0.801542 -0.041616 0.596488
vn 0.733843 0.212178 0.645334
vn 0.676416 0.320474 0.663142
vn 0.706914 0.276393 0.651060
vn 0.676725 0.338970 0.653561
vn 0.695791 0.313605 0.646163
vn 0.662493 0.377130 0.647206
vn 0.712569 0.291268 0.638286
vn 0.679484 0.357067 0.640940
vn 0.727256 0.271682 0.630307
vn 0.694428 0.339460 0.634457
vn 0.739940 0.254337 0.622737
vn 0.707419 0.323860 0.628230
vn 0.760797 0.225348 0.608609
vn 0.728921 0.297758 0.616453
vn 0.745736 0.276834 0.606004
vn 0.709271 0.350176 0.611810
vn 0.635419 0.397344 0.662088
vn 0.643270 0.399910 0.652898
vn 0.625558 0.439020 0.644933
vn 0.642470 0.421263 0.640133
vn 0.657402 0.405674 0.635021
vn 0.670453 0.391858 0.630032
vn 0.692167 0.368727 0.620439
vn 0.668021 0.421156 0.613494
vn 0.589919 0.470967 0.655885
vn 0.606493 0.459187 0.649086
vn 0.585365 0.498626 0.639312
vn 0.601923 0.483143 0.635815
vn 0.616589 0.469552 0.631933
vn 0.629463 0.457507 0.628063
vn 0.650979 0.437336 0.620455
vn 0.622607 0.488853 0.611050
vn 0.540070 0.541044 0.644667
vn 0.566754 0.516220 0.642111
vn 0.542383 0.555360 0.630393
vn 0.558341 0.542063 0.628031
vn 0.572513 0.530393 0.625230
vn 0.585000 0.520054 0.622350
vn 0.605942 0.502739 0.616513
vn 0.573055 0.553299 0.604539
vn 0.524489 0.570485 0.632028
vn 0.487256 0.605949 0.628814
vn 0.479694 0.621992 0.618886
vn 0.431976 0.665400 0.608801
vn 0.432328 0.670715 0.602689
vn 0.374475 0.719422 0.584979
vn 0.382852 0.716161 0.583556
vn 0.315769 0.767467 0.557928
vn 0.331782 0.757922 0.561671
vn 0.279115 0.796022 0.537069
vn 0.289890 0.791241 0.538425
vn 0.233616 0.827138 0.511143
vn 0.299556 0.787101 0.539202
vn 0.241506 0.824307 0.512048
vn 0.308209 0.783505 0.539562
vn 0.248573 0.821864 0.512592
vn 0.315921 0.780350 0.539674
vn 0.254880 0.819731 0.512910
vn 0.328988 0.775116 0.539409
vn 0.265577 0.816216 0.513090
vn 0.274209 0.813448 0.512944
vn 0.207044 0.850446 0.483606
vn 0.255476 0.810102 0.527699
vn 0.224824 0.830430 0.509745
vn 0.193191 0.847610 0.494201
vn 0.176122 0.858732 0.481208
vn 0.169433 0.860786 0.479938
vn 0.129831 0.879450 0.457944
vn 0.065490 0.905599 0.419048
vn 0.113501 0.886828 0.447944
vn 0.118023 0.885735 0.448937
vn 0.182123 0.856985 0.482087
vn -0.000000 0.926032 0.377444
vn 0.059319 0.908181 0.414354
vn -0.000000 0.926032 0.377444
vn 0.061376 0.907849 0.414781
vn 0.122080 0.884820 0.449656
vn 0.125718 0.884049 0.450170
vn 0.187502 0.855492 0.482676
vn 0.192306 0.854199 0.483076
vn 0.000000 0.926032 0.377444
vn 0.063221 0.907577 0.415099
vn 0.128970 0.883390 0.450543
vn 0.200460 0.852089 0.483488
vn 0.064872 0.907351 0.415339
vn 0.000000 0.926032 0.377444
vn 0.067677 0.906997 0.415663
vn 0.000000 0.926032 0.377444
vn -0.000000 0.926032 0.377444
vn 0.069945 0.906738 0.415854
vn 0.134492 0.882331 0.451002
vn 0.769365 0.279486 0.574425
vn 0.763419 0.287174 0.578552
vn 0.756297 0.296111 0.583381
vn 0.747513 0.306688 0.589209
vn 0.728877 0.359355 0.582753
vn 0.722771 0.366094 0.586155
vn 0.715487 0.373922 0.590137
vn 0.706545 0.383172 0.594957
vn 0.682900 0.435708 0.586350
vn 0.676783 0.441517 0.589091
vn 0.669510 0.448260 0.592300
vn 0.660614 0.456217 0.596201
vn 0.631490 0.508595 0.585280
vn 0.625508 0.513491 0.587424
vn 0.618416 0.519171 0.589935
vn 0.609765 0.525865 0.593003
vn 0.379121 0.755196 0.534739
vn 0.374981 0.756933 0.535203
vn 0.370104 0.758942 0.535752
vn 0.364194 0.761292 0.536467
vn 0.306783 0.803015 0.510931
vn 0.303368 0.804164 0.511163
vn 0.299348 0.805493 0.511441
vn 0.294482 0.807042 0.511824
vn 0.231958 0.844342 0.482992
vn 0.229342 0.845014 0.483067
vn 0.226263 0.845791 0.483160
vn 0.222539 0.846691 0.483312
vn 0.155885 0.878591 0.451417
vn 0.154104 0.878914 0.451401
vn 0.152010 0.879286 0.451386
vn 0.149477 0.879714 0.451398
vn 0.848779 -0.106068 0.517999
vn 0.839195 -0.029040 0.543055
vn 0.823888 0.048692 0.564658
vn 0.803025 0.126090 0.582454
vn 0.776963 0.202133 0.596214
vn 0.519307 0.614460 0.593935
vn 0.557077 0.564965 0.608670
vn 0.537075 0.579522 0.612948
vn 0.525182 0.588218 0.614966
vn 0.511728 0.598040 0.616833
vn 0.496613 0.609237 0.618228
vn 0.462058 0.671475 0.579330
vn 0.504329 0.623982 0.596908
vn 0.485636 0.635880 0.599846
vn 0.474549 0.642995 0.601133
vn 0.462038 0.651042 0.602217
vn 0.448008 0.660228 0.602816
vn 0.402125 0.723627 0.560944
vn 0.448350 0.678999 0.581328
vn 0.431284 0.688423 0.583154
vn 0.421181 0.694069 0.583845
vn 0.409807 0.700465 0.584300
vn 0.397071 0.707783 0.584276
vn 0.339523 0.770968 0.538826
vn 0.389900 0.729362 0.562146
vn 0.374710 0.736567 0.563082
vn 0.365734 0.740894 0.563307
vn 0.355646 0.745808 0.563282
vn 0.344365 0.751445 0.562800
vn 0.138955 0.881522 0.451231
vn 0.838829 -0.074791 0.539233
vn 0.827156 0.000497 0.561972
vn 0.810106 0.076253 0.581304
vn 0.787867 0.151517 0.596915
vn 0.824871 -0.035439 0.564208
vn 0.815899 -0.011717 0.578075
vn 0.810829 0.037567 0.584077
vn 0.800555 0.059860 0.596262
vn 0.788256 0.085108 0.609433
vn 0.791829 0.110773 0.600613
vn 0.780499 0.131491 0.611172
vn 0.767129 0.154926 0.622504
vn 0.751653 0.181717 0.634032
vn 0.768082 0.183310 0.613553
vn 0.755949 0.202361 0.622568
vn 0.741785 0.223889 0.632162
vn 0.725510 0.248468 0.641793
vn 0.000000 0.926032 0.377444
vn -0.000000 0.642788 -0.766044
vn -0.000000 0.642788 -0.766044
vn -0.000000 0.766044 -0.642788
vn -0.000000 0.642788 -0.766044
vn -0.000000 0.642788 -0.766044
vn -0.000000 0.500000 -0.866025
vn -0.000000 0.500000 -0.866025
vn -0.000000 0.342020 -0.939693
vn -0.000000 0.342020 -0.939693
vn -0.000000 0.173648 -0.984808
vn -0.000000 0.173648 -0.984808
vn -0.000000 0.000000 -1.000000
vn -0.000000 0.000000 -1.000000
vn 0.000000 -0.173648 -0.984808
vn 0.000000 -0.173648 -0.984808
vn 0.000000 -0.342020 -0.939693
vn 0.000000 -0.342020 -0.939693
vn 0.000000 -0.500000 -0.866025
vn 0.000000 -0.500000 -0.866025
vn 0.000000 -0.642788 -0.766044
vn 0.000000 -0.500000 -0.866025
vn 0.000000 -0.500000 -0.866025
vn 0.000000 -0.342020 -0.939693
vn 0.000000 -0.342020 -0.939693
vn 0.000000 -0.173648 -0.984808
vn 0.000000 -0.173648 -0.984808
vn -0.000000 0.000000 -1.000000
vn -0.000000 0.000000 -1.000000
vn -0.000000 0.173648 -0.984808
vn -0.000000 0.173648 -0.984808
vn -0.000000 0.342020 -0.939693
vn -0.000000 0.342020 -0.939693
vn -0.000000 0.500000 -0.866025
vn -0.000000 0.500000 -0.866025
vn -0.000000 0.642788 -0.766044
vn -0.000000 0.642788 -0.766044
vn -0.000000 0.642788 -0.766044
vn -0.000000 0.642788 -0.766044
vn -0.000000 0.500000 -0.866025
vn -0.000000 0.500000 -0.866025
vn -0.000000 0.342020 -0.939693
vn -0.000000 0.342020 -0.939693
vn -0.000000 0.173648 -0.984808
vn -0.000000 0.173648 -0.984808
vn -0.000000 0.000000 -1.000000
vn -0.000000 0.000000 -1.000000
vn 0.000000 -0.173648 -0.984808
vn 0.000000 -0.173648 -0.984808
vn 0.000000 -0.342020 -0.939693
vn 0.000000 -0.342020 -0.939693
vn 0.000000 -0.500000 -0.866025
vn 0.000000 -0.500000 -0.866025
vn 0.000000 -0.642788 -0.766044
vn 0.000000 -0.500000 -0.866025
vn 0.000000 -0.500000 -0.866025
vn 0.000000 -0.342020 -0.939693
vn 0.000000 -0.342020 -0.939693
vn 0.000000 -0.173648 -0.984808
vn 0.000000 -0.173648 -0.984808
vn -0.000000 0.000000 -1.000000
vn -0.000000 0.000000 -1.000000
vn -0.000000 0.173648 -0.984808
vn -0.000000 0.173648 -0.984808
vn -0.000000 0.342020 -0.939693
vn -0.000000 0.342020 -0.939693
vn -0.000000 0.500000 -0.866025
vn -0.000000 0.500000 -0.866025
vn -0.000000 0.642788 -0.766044
vn -0.000000 0.642788 -0.766044
vn -0.000000 0.766044 -0.642788
vn -0.000000 0.642788 -0.766044
vn -0.000000 0.642788 -0.766044
vn -0.000000 0.500000 -0.866025
vn -0.000000 0.500000 -0.866025
vn -0.000000 0.342020 -0.939693
vn -0.000000 0.342020 -0.939693
vn -0.000000 0.173648 -0.984808
vn -0.000000 0.173648 -0.984808
vn -0.000000 0.000000 -1.000000
vn -0.000000 0.000000 -1.000000
vn 0.000000 -0.173648 -0.984808
vn 0.000000 -0.173648 -0.984808
vn 0.000000 -0.342020 -0.939693
vn 0.000000 -0.342020 -0.939693
vn 0.000000 -0.500000 -0.866025
vn 0.000000 -0.500000 -0.866025
vn 0.000000 -0.500000 -0.866025
vn 0.000000 -0.500000 -0.866025
vn 0.000000 -0.342020 -0.939693
vn -0.000000 0.500000 -0.866025
vn -0.000000 0.500000 -0.866025
vn -0.000000 0.342020 -0.939693
vn -0.000000 0.342020 -0.939693
vn -0.000000 0.173648 -0.984808
vn -0.000000 0.173648 -0.984808
vn -0.000000 0.000000 -1.000000
vn -0.000000 0.000000 -1.000000
vn 0.000000 -0.173648 -0.984808
vn 0.000000 -0.173648 -0.984808
vn 0.000000 -0.342020 -0.939693
vn 0.000000 -0.342020 -0.939693
vn 0.000000 -0.500000 -0.866025
vn 0.000000 -0.500000 -0.866025
vn 0.000000 -0.500000 -0.866025
vn 0.000000 -0.500000 -0.866025
vn 0.000000 -0.500000 -0.866025
vn 0.000000 -0.342020 -0.939693
vn 0.000000 -0.342020 -0.939693
vn 0.000000 -0.173648 -0.984808
vn 0.000000 -0.173648 -0.984808
vn -0.000000 0.000000 -1.000000
vn -0.000000 0.000000 -1.000000
vn -0.000000 0.173648 -0.984808
vn -0.000000 0.173648 -0.984808
vn -0.000000 0.342020 -0.939693
vn -0.000000 0.500000 -0.866025
vn -0.000000 0.642788 -0.766044
vn -0.000000 0.642788 -0.766044
vn -0.000000 0.642788 -0.766044
vn -0.000000 0.642788 -0.766044
vn -0.000000 0.500000 -0.866025
vn -0.000000 0.500000 -0.866025
vn -0.000000 0.342020 -0.939693
vn -0.000000 0.342020 -0.939693
vn -0.000000 0.173648 -0.984808
vn -0.000000 0.173648 -0.984808
vn -0.000000 0.000000 -1.000000
vn -0.000000 0.000000 -1.000000
vn 0.000000 -0.173648 -0.984808
vn 0.000000 -0.173648 -0.984808
vn 0.000000 -0.342020 -0.939693
vn -0.000000 0.500000 -0.866025
vn -0.000000 0.342020 -0.939693
vn -0.000000 0.173648 -0.984808
vn -0.000000 0.000000 -1.000000
vn 0.000000 -0.173648 -0.984808
vn 0.000000 -0.342020 -0.939693
vn 0.000000 -0.500000 -0.866025
vn -0.000000 0.642788 -0.766044
vn -0.000000 0.642788 -0.766044
vn -0.000000 0.642788 -0.766044
vn -0.000000 0.500000 -0.866025
vn -0.000000 0.500000 -0.866025
vn -0.000000 0.342020 -0.939693
vn -0.000000 0.342020 -0.939693
vn -0.000000 0.173648 -0.984808
vn -0.000000 0.173648 -0.984808
vn -0.000000 0.000000 -1.000000
vn -0.000000 0.000000 -1.000000
vn 0.000000 -0.173648 -0.984808
vn -0.000000 0.500000 -0.866025
vn -0.000000 0.642788 -0.766044
vn -0.000000 0.642788 -0.766044
vn -0.000000 0.642788 -0.766044
vn -0.000000 0.500000 -0.866025
vn -0.000000 0.500000 -0.866025
vn -0.000000 0.342020 -0.939693
vn -0.000000 0.500000 -0.866025
vn -0.000000 0.642788 -0.766044
vn -0.000000 0.500000 -0.866025
vn -0.000000 0.342020 -0.939693
vn -0.000000 0.173648 -0.984808
vn -0.000000 0.000000 -1.000000
vn 0.000000 -0.173648 -0.984808
vn 0.000000 -0.342020 -0.939693
vn -0.000000 0.642788 -0.766044
vn -0.000000 0.642788 -0.766044
vn -0.000000 0.642788 -0.766044
vn -0.000000 0.500000 -0.866025
vn -0.000000 0.500000 -0.866025
vn -0.000000 0.342020 -0.939693
vn -0.000000 0.342020 -0.939693
vn -0.000000 0.173648 -0.984808
vn -0.000000 0.500000 -0.866025
vn -0.000000 0.642788 -0.766044
vn -0.000000 0.642788 -0.766044
vn -0.000000 0.500000 -0.866025
vn -0.000000 0.500000 -0.866025
vn -0.000000 0.342020 -0.939693
vn -0.000000 0.173648 -0.984808
vn -0.000000 0.000000 -1.000000
vn 0.000000 -0.173648 -0.984808
vn -0.000000 0.342020 -0.939693
vn -0.000000 0.173648 -0.984808
vn -0.000000 0.000000 -1.000000
vn 0.000000 -0.173648 -0.984808
vn 0.000000 -0.342020 -0.939693
vn 0.000000 -0.500000 -0.866025
vn -0.000000 0.342020 -0.939693
vn -0.000000 0.342020 -0.939693
vn -0.000000 0.342020 -0.939693
vn -0.000000 0.342020 -0.939693
vn -0.000000 0.173648 -0.984808
vn -0.000000 0.000000 -1.000000
vn 0.000000 -0.173648 -0.984808
vn 0.000000 -0.342020 -0.939693
vn 0.000000 -0.500000 -0.866025
vn -0.000000 0.173648 -0.984808
vn -0.000000 0.173648 -0.984808
vn -0.000000 0.173648 -0.984808
vn -0.000000 0.173648 -0.984808
vn -0.000000 0.000000 -1.000000
vn 0.000000 -0.173648 -0.984808
vn 0.000000 -0.342020 -0.939693
vn -0.000000 0.000000 -1.000000
vn 0.000000 -0.173648 -0.984808
vn 0.000000 -0.342020 -0.939693
vn 0.000000 -0.500000 -0.866025
vn -0.000000 0.000000 -1.000000
vn -0.000000 0.000000 -1.000000
vn 0.000000 -0.173648 -0.984808
vn 0.000000 -0.342020 -0.939693
vn 0.000000 -0.500000 -0.866025
vn -0.000000 0.000000 -1.000000
vn 0.000000 -0.173648 -0.984808
vn 0.000000 -0.342020 -0.939693
vn 0.000000 -0.500000 -0.866025
vn 0.000000 -0.173648 -0.984808
vn 0.000000 -0.173648 -0.984808
vn 0.000000 -0.342020 -0.939693
vn 0.000000 -0.500000 -0.866025
vn 0.000000 -0.342020 -0.939693
vn 0.000000 -0.500000 -0.866025
vn 0.000000 -0.342020 -0.939693
vn 0.000000 -0.342020 -0.939693
vn 0.000000 -0.500000 -0.866025
vn 0.000000 -0.500000 -0.866025
vn 0.000000 -0.500000 -0.866025
vn 0.000000 0.766044 -0.642788
vn 0.000000 0.766044 -0.642788
vn 0.000000 0.766044 -0.642788
vn 0.000000 0.766044 -0.642788
vn 0.000000 0.766044 -0.642788
vn 0.000000 0.766044 -0.642788
vn 0.000000 0.766044 -0.642788
vn 0.000000 0.766044 -0.642788
vn 0.000000 0.766044 -0.642788
vn 0.000000 0.766044 -0.642788
vn 0.000000 0.766044 -0.642788
vn 0.000000 0.766044 -0.642788
vn 0.000000 0.766044 -0.642788
vn 0.000000 0.766044 -0.642788
vn 0.000000 0.766044 -0.642788
vn 0.000000 0.766044 -0.642788
vn 0.000000 0.766044 -0.642788
vn 0.000000 0.766044 -0.642788
vn 0.000000 0.766044 -0.642788
vn 0.000000 0.766044 -0.642788
vn 0.000000 0.766044 -0.642788
vn 0.000000 0.766044 -0.642788
vn 0.000000 0.766044 -0.642788
vn 0.000000 0.766044 -0.642788
vn 0.000000 0.766044 -0.642788
vn 0.000000 0.766044 -0.642788
vn 0.000000 0.766044 -0.642788
vn 0.000000 0.766044 -0.642788
vn 0.000000 0.766044 -0.642788
vn 0.000000 0.766044 -0.642788
vn 0.000000 0.766044 -0.642788
vn 0.000000 0.766044 -0.642788
vn 0.000000 0.766044 -0.642788
vn 0.000000 0.766044 -0.642788
vn 0.000000 0.766044 -0.642788
vn 0.000000 0.766044 -0.642788
vn 0.000000 0.766044 -0.642788
vn 0.000000 0.766044 -0.642788
vn 0.000000 0.766044 -0.642788
vn 0.000000 0.766044 -0.642788
vn 0.000000 0.766044 -0.642788
vn 0.000000 0.766044 -0.642788
vn 0.000000 0.766044 -0.642788
vn 0.000000 0.766044 -0.642788
vn 0.000000 0.766044 -0.642788
vn 0.000000 0.766044 -0.642788
vn 0.000000 0.766044 -0.642788
vn 0.000000 0.766044 -0.642788
vn 0.000000 0.766044 -0.642788
vn 0.000000 0.766044 -0.642788
vn 0.000000 0.766044 -0.642788
vn 0.000000 0.766044 -0.642788
vn 0.000000 0.766044 -0.642788
vn 0.000000 0.766044 -0.642788
vn 0.000000 0.766044 -0.642788
vn 0.000000 0.766044 -0.642788
vn 0.000000 0.766044 -0.642788
vn 0.000000 0.766044 -0.642788
vn 0.000000 0.766044 -0.642788
vn 0.000000 0.766044 -0.642788
vn 0.000000 0.766044 -0.642788
vn 0.000000 0.766044 -0.642788
vn 0.000000 0.766044 -0.642788
vn 0.000000 0.766044 -0.642788
vn 0.000000 0.766044 -0.642788
vn 0.000000 0.766044 -0.642788
vn 0.000000 0.766044 -0.642788
vn 0.000000 0.766044 -0.642788
vn 0.000000 0.766044 -0.642788
vn 0.000000 0.766044 -0.642788
vn 0.000000 0.766044 -0.642788
vn 0.000000 0.766044 -0.642788
vn 0.000000 0.766044 -0.642788
vn 0.000000 0.766044 -0.642788
vn 0.000000 0.766044 -0.642788
vn 0.000000 0.766044 -0.642788
vn 0.000000 0.766044 -0.642788
vn 0.000000 0.766044 -0.642788
vn 0.000000 0.766044 -0.642788
vn 0.000000 0.766044 -0.642788
vn 0.000000 0.766044 -0.642788
vn 0.000000 0.766044 -0.642788
vn 0.000000 0.766044 -0.642788
vn 0.000000 0.766044 -0.642788
vn 0.000000 0.766044 -0.642788
vn 0.000000 0.766044 -0.642788
vn 0.000000 0.766044 -0.642788
vn 0.000000 0.766044 -0.642788
vn 0.000000 0.766044 -0.642788
vn 0.000000 0.766044 -0.642788
vn 0.000000 0.766044 -0.642788
vn 0.000000 0.766044 -0.642788
vn 0.000000 0.766044 -0.642788
vn 0.000000 0.766044 -0.642788
vn 0.000000 0.766044 -0.642788
vn 0.000000 0.766044 -0.642788
vn 0.000000 0.766044 -0.642788
vn 0.000000 0.766044 -0.642788
vn 0.000000 0.766044 -0.642788
vn 0.000000 0.766044 -0.642788
vn 0.000000 0.766044 -0.642788
vn 0.000000 0.766044 -0.642788
vn 0.000000 0.766044 -0.642788
vn 0.000000 0.766044 -0.642788
vn 0.000000 0.766044 -0.642788
vn 0.000000 0.766044 -0.642788
vn 0.000000 0.766044 -0.642788
vn 0.000000 0.766044 -0.642788
vn 0.000000 0.766044 -0.642788
vn 0.000000 0.766044 -0.642788
vn 0.000000 0.766044 -0.642788
vn 0.000000 0.766044 -0.642788
vn 0.000000 0.766044 -0.642788
vn 0.000000 0.766044 -0.642788
vn 0.000000 0.766044 -0.642788
vn 0.000000 0.766044 -0.642788
vn 0.000000 0.766044 -0.642788
vn 0.000000 0.766044 -0.642788
vn 0.000000 0.766044 -0.642788
vn 0.000000 0.766044 -0.642788
vn 0.000000 0.766044 -0.642788
vn 0.000000 0.766044 -0.642788
vn 0.000000 0.766044 -0.642788
vn 0.000000 0.766044 -0.642788
vn 0.000000 0.766044 -0.642788
vn 0.000000 0.766044 -0.642788
vn 0.000000 0.766044 -0.642788
vn 0.000000 0.766044 -0.642788
vn 0.000000 0.766044 -0.642788
vn 0.000000 0.766044 -0.642788
vn 0.000000 0.766044 -0.642788
vn 0.000000 0.766044 -0.642788
vn 0.000000 0.766044 -0.642788
vn 0.000000 0.766044 -0.642788
vn 0.000000 0.766044 -0.642788
vn 0.000000 0.766044 -0.642788
vn 0.000000 0.766044 -0.642788
vn 0.000000 0.766044 -0.642788
vn 0.000000 0.766044 -0.642788
vn 0.000000 0.766044 -0.642788
vn 0.000000 0.766044 -0.642788
vn 0.000000 0.766044 -0.642788
vn -1.000000 -0.000000 -0.000000
vn -1.000000 -0.000000 -0.000000
vn -1.000000 -0.000000 -0.000000
vn -1.000000 -0.000000 -0.000000
vn -1.000000 -0.000000 -0.000000
vn -1.000000 -0.000000 -0.000000
vn -1.000000 -0.000000 -0.000000
vn -1.000000 -0.000000 -0.000000
vn -1.000000 -0.000000 -0.000000
vn -1.000000 -0.000000 -0.000000
vn -1.000000 -0.000000 -0.000000
vn -1.000000 -0.000000 -0.000000
vn -1.000000 -0.000000 -0.000000
vn -1.000000 -0.000000 -0.000000
vn -1.000000 -0.000000 -0.000000
vn -1.000000 -0.000000 -0.000000
vn -1.000000 -0.000000 -0.000000
vn -1.000000 -0.000000 -0.000000
vn -1.000000 -0.000000 -0.000000
vn -1.000000 -0.000000 -0.000000
vn -1.000000 -0.000000 -0.000000
vn -1.000000 -0.000000 -0.000000
vn -1.000000 -0.000000 -0.000000
vn -1.000000 -0.000000 -0.000000
vn -1.000000 -0.000000 -0.000000
vn -1.000000 -0.000000 -0.000000
vn -1.000000 -0.000000 -0.000000
vn -1.000000 -0.000000 -0.000000
vn 0.000000 -0.766044 -0.642788
vn 0.000000 -0.766044 -0.642788
vn 0.000000 -0.642788 -0.766044
vn 0.000000 -0.766044 -0.642788
vn 0.000000 -0.766044 -0.642788
vn 0.000000 -0.866025 -0.500000
vn 0.000000 -0.866025 -0.500000
vn 0.000000 -0.939693 -0.342020
vn 0.000000 -0.939693 -0.342020
vn 0.000000 -0.984808 -0.173648
vn 0.000000 -0.984808 -0.173648
vn -0.000000 -1.000000 0.000000
vn -0.000000 -1.000000 0.000000
vn -0.000000 -0.984808 0.173648
vn -0.000000 -0.984808 0.173648
vn -0.000000 -0.939693 0.342020
vn -0.000000 -0.939693 0.342020
vn -0.000000 -0.866025 0.500000
vn -0.000000 -0.866025 0.500000
vn -0.000000 -0.766044 0.642788
vn -0.000000 -0.866025 0.500000
vn -0.000000 -0.866025 0.500000
vn -0.000000 -0.939693 0.342020
vn -0.000000 -0.939693 0.342020
vn -0.000000 -0.984808 0.173648
vn -0.000000 -0.984808 0.173648
vn -0.000000 -1.000000 0.000000
vn -0.000000 -1.000000 0.000000
vn 0.000000 -0.984808 -0.173648
vn 0.000000 -0.984808 -0.173648
vn 0.000000 -0.939693 -0.342020
vn 0.000000 -0.939693 -0.342020
vn 0.000000 -0.866025 -0.500000
vn 0.000000 -0.866025 -0.500000
vn 0.000000 -0.766044 -0.642788
vn 0.000000 -0.766044 -0.642788
vn 0.000000 -0.766044 -0.642788
vn 0.000000 -0.766044 -0.642788
vn 0.000000 -0.866025 -0.500000
vn 0.000000 -0.866025 -0.500000
vn 0.000000 -0.939693 -0.342020
vn 0.000000 -0.939693 -0.342020
vn 0.000000 -0.984808 -0.173648
vn 0.000000 -0.984808 -0.173648
vn -0.000000 -1.000000 0.000000
vn -0.000000 -1.000000 0.000000
vn -0.000000 -0.984808 0.173648
vn -0.000000 -0.984808 0.173648
vn -0.000000 -0.939693 0.342020
vn -0.000000 -0.939693 0.342020
vn -0.000000 -0.866025 0.500000
vn -0.000000 -0.866025 0.500000
vn -0.000000 -0.766044 0.642788
vn -0.000000 -0.866025 0.500000
vn -0.000000 -0.866025 0.500000
vn -0.000000 -0.939693 0.342020
vn -0.000000 -0.939693 0.342020
vn -0.000000 -0.984808 0.173648
vn -0.000000 -0.984808 0.173648
vn -0.000000 -1.000000 0.000000
vn -0.000000 -1.000000 0.000000
vn 0.000000 -0.984808 -0.173648
vn 0.000000 -0.984808 -0.173648
vn 0.000000 -0.939693 -0.342020
vn 0.000000 -0.939693 -0.342020
vn 0.000000 -0.866025 -0.500000
vn 0.000000 -0.866025 -0.500000
vn 0.000000 -0.766044 -0.642788
vn 0.000000 -0.766044 -0.642788
vn 0.000000 -0.642788 -0.766044
vn 0.000000 -0.766044 -0.642788
vn 0.000000 -0.766044 -0.642788
vn 0.000000 -0.866025 -0.500000
vn 0.000000 -0.866025 -0.500000
vn 0.000000 -0.939693 -0.342020
vn 0.000000 -0.939693 -0.342020
vn 0.000000 -0.984808 -0.173648
vn 0.000000 -0.984808 -0.173648
vn -0.000000 -1.000000 0.000000
vn -0.000000 -1.000000 0.000000
vn -0.000000 -0.984808 0.173648
vn -0.000000 -0.984808 0.173648
vn -0.000000 -0.939693 0.342020
vn -0.000000 -0.939693 0.342020
vn -0.000000 -0.866025 0.500000
vn -0.000000 -0.866025 0.500000
vn -0.000000 -0.866025 0.500000
vn -0.000000 -0.866025 0.500000
vn -0.000000 -0.939693 0.342020
vn 0.000000 -0.866025 -0.500000
vn 0.000000 -0.866025 -0.500000
vn 0.000000 -0.939693 -0.342020
vn 0.000000 -0.939693 -0.342020
vn 0.000000 -0.984808 -0.173648
vn 0.000000 -0.984808 -0.173648
vn -0.000000 -1.000000 0.000000
vn -0.000000 -1.000000 0.000000
vn -0.000000 -0.984808 0.173648
vn -0.000000 -0.984808 0.173648
vn -0.000000 -0.939693 0.342020
vn -0.000000 -0.939693 0.342020
vn -0.000000 -0.866025 0.500000
vn -0.000000 -0.866025 0.500000
vn -0.000000 -0.866025 0.500000
vn -0.000000 -0.866025 0.500000
vn -0.000000 -0.866025 0.500000
vn -0.000000 -0.939693 0.342020
vn -0.000000 -0.939693 0.342020
vn -0.000000 -0.984808 0.173648
vn -0.000000 -0.984808 0.173648
vn -0.000000 -1.000000 0.000000
vn -0.000000 -1.000000 0.000000
vn 0.000000 -0.984808 -0.173648
vn 0.000000 -0.984808 -0.173648
vn 0.000000 -0.939693 -0.342020
vn 0.000000 -0.866025 -0.500000
vn 0.000000 -0.766044 -0.642788
vn 0.000000 -0.766044 -0.642788
vn 0.000000 -0.766044 -0.642788
vn 0.000000 -0.766044 -0.642788
vn 0.000000 -0.866025 -0.500000
vn 0.000000 -0.866025 -0.500000
vn 0.000000 -0.939693 -0.342020
vn 0.000000 -0.939693 -0.342020
vn 0.000000 -0.984808 -0.173648
vn 0.000000 -0.984808 -0.173648
vn -0.000000 -1.000000 0.000000
vn -0.000000 -1.000000 0.000000
vn -0.000000 -0.984808 0.173648
vn -0.000000 -0.984808 0.173648
vn -0.000000 -0.939693 0.342020
vn 0.000000 -0.866025 -0.500000
vn 0.000000 -0.939693 -0.342020
vn 0.000000 -0.984808 -0.173648
vn -0.000000 -1.000000 0.000000
vn -0.000000 -0.984808 0.173648
vn -0.000000 -0.939693 0.342020
vn -0.000000 -0.866025 0.500000
vn 0.000000 -0.766044 -0.642788
vn 0.000000 -0.766044 -0.642788
vn 0.000000 -0.766044 -0.642788
vn 0.000000 -0.866025 -0.500000
vn 0.000000 -0.866025 -0.500000
vn 0.000000 -0.939693 -0.342020
vn 0.000000 -0.939693 -0.342020
vn 0.000000 -0.984808 -0.173648
vn 0.000000 -0.984808 -0.173648
vn -0.000000 -1.000000 0.000000
vn -0.000000 -1.000000 0.000000
vn -0.000000 -0.984808 0.173648
vn 0.000000 -0.866025 -0.500000
vn 0.000000 -0.766044 -0.642788
vn 0.000000 -0.766044 -0.642788
vn 0.000000 -0.766044 -0.642788
vn 0.000000 -0.866025 -0.500000
vn 0.000000 -0.866025 -0.500000
vn 0.000000 -0.939693 -0.342020
vn 0.000000 -0.866025 -0.500000
vn 0.000000 -0.766044 -0.642788
vn 0.000000 -0.866025 -0.500000
vn 0.000000 -0.939693 -0.342020
vn 0.000000 -0.984808 -0.173648
vn -0.000000 -1.000000 0.000000
vn -0.000000 -0.984808 0.173648
vn -0.000000 -0.939693 0.342020
vn 0.000000 -0.766044 -0.642788
vn 0.000000 -0.766044 -0.642788
vn 0.000000 -0.766044 -0.642788
vn 0.000000 -0.866025 -0.500000
vn 0.000000 -0.866025 -0.500000
vn 0.000000 -0.939693 -0.342020
vn 0.000000 -0.939693 -0.342020
vn 0.000000 -0.984808 -0.173648
vn 0.000000 -0.866025 -0.500000
vn 0.000000 -0.766044 -0.642788
vn 0.000000 -0.766044 -0.642788
vn 0.000000 -0.866025 -0.500000
vn 0.000000 -0.866025 -0.500000
vn 0.000000 -0.939693 -0.342020
vn 0.000000 -0.984808 -0.173648
vn -0.000000 -1.000000 0.000000
vn -0.000000 -0.984808 0.173648
vn 0.000000 -0.939693 -0.342020
vn 0.000000 -0.984808 -0.173648
vn -0.000000 -1.000000 0.000000
vn -0.000000 -0.984808 0.173648
vn -0.000000 -0.939693 0.342020
vn -0.000000 -0.866025 0.500000
vn 0.000000 -0.939693 -0.342020
vn 0.000000 -0.939693 -0.342020
vn 0.000000 -0.939693 -0.342020
vn 0.000000 -0.939693 -0.342020
vn 0.000000 -0.984808 -0.173648
vn -0.000000 -1.000000 0.000000
vn -0.000000 -0.984808 0.173648
vn -0.000000 -0.939693 0.342020
vn -0.000000 -0.866025 0.500000
vn 0.000000 -0.984808 -0.173648
vn 0.000000 -0.984808 -0.173648
vn 0.000000 -0.984808 -0.173648
vn 0.000000 -0.984808 -0.173648
vn -0.000000 -1.000000 0.000000
vn -0.000000 -0.984808 0.173648
vn -0.000000 -0.939693 0.342020
vn -0.000000 -1.000000 0.000000
vn -0.000000 -0.984808 0.173648
vn -0.000000 -0.939693 0.342020
vn -0.000000 -0.866025 0.500000
vn -0.000000 -1.000000 0.000000
vn -0.000000 -1.000000 0.000000
vn -0.000000 -0.984808 0.173648
vn -0.000000 -0.939693 0.342020
vn -0.000000 -0.866025 0.500000
vn -0.000000 -1.000000 0.000000
vn -0.000000 -0.984808 0.173648
vn -0.000000 -0.939693 0.342020
vn -0.000000 -0.866025 0.500000
vn -0.000000 -0.984808 0.173648
vn -0.000000 -0.984808 0.173648
vn -0.000000 -0.939693 0.342020
vn -0.000000 -0.866025 0.500000
vn -0.000000 -0.939693 0.342020
vn -0.000000 -0.866025 0.500000
vn -0.000000 -0.939693 0.342020
vn -0.000000 -0.939693 0.342020
vn -0.000000 -0.866025 0.500000
vn -0.000000 -0.866025 0.500000
vn -0.000000 -0.866025 0.500000
vn 0.000000 -0.766044 0.642788
vn 0.000000 -0.766044 0.642788
vn 0.000000 -1.000000 0.000000
vn 0.000000 -1.000000 0.000000
vn -0.120537 -0.992709 0.000000
vn -0.120537 -0.992709 0.000000
vn -0.239316 -0.970942 0.000000
vn -0.239316 -0.970942 0.000000
vn -0.354605 -0.935016 0.000000
vn -0.354605 -0.935016 0.000000
vn -0.464723 -0.885456 0.000000
vn -0.464723 -0.885456 0.000000
vn -0.568065 -0.822984 0.000000
vn -0.568065 -0.822984 0.000000
vn -0.663123 -0.748511 0.000000
vn -0.663123 -0.748511 0.000000
vn -0.748511 -0.663123 0.000000
vn -0.748511 -0.663123 0.000000
vn -0.822984 -0.568065 0.000000
vn -0.822984 -0.568065 0.000000
vn -0.885456 -0.464723 0.000000
vn -0.885456 -0.464723 0.000000
vn -0.935016 -0.354605 0.000000
vn -0.935016 -0.354605 0.000000
vn -0.970942 -0.239316 0.000000
vn -0.970942 -0.239316 0.000000
vn -0.992709 -0.120537 0.000000
vn -0.992709 -0.120537 0.000000
vn -1.000000 0.000000 0.000000
vn -1.000000 0.000000 0.000000
vn -1.000000 0.000000 0.000000
vn -1.000000 0.000000 0.000000
vn 1.000000 0.000000 -0.000000
vn 1.000000 0.000000 -0.000000
vn 0.992709 -0.120537 -0.000000
vn 0.992709 -0.120537 -0.000000
vn 0.970942 -0.239316 -0.000000
vn 0.970942 -0.239316 -0.000000
vn 0.935016 -0.354605 -0.000000
vn 0.935016 -0.354605 -0.000000
vn 0.885456 -0.464723 -0.000000
vn 0.885456 -0.464723 -0.000000
vn 0.822984 -0.568065 -0.000000
vn 0.822984 -0.568065 -0.000000
vn 0.748511 -0.663123 -0.000000
vn 0.748511 -0.663123 -0.000000
vn 0.663123 -0.748511 -0.000000
vn 0.663123 -0.748511 -0.000000
vn 0.568065 -0.822984 -0.000000
vn 0.568065 -0.822984 -0.000000
vn 0.464723 -0.885456 -0.000000
vn 0.464723 -0.885456 -0.000000
vn 0.354605 -0.935016 -0.000000
vn 0.354605 -0.935016 -0.000000
vn 0.239316 -0.970942 -0.000000
vn 0.239316 -0.970942 -0.000000
vn 0.120537 -0.992709 -0.000000
vn 0.120537 -0.992709 -0.000000
vn -0.000000 -1.000000 -0.000000
vn -0.000000 -1.000000 -0.000000
vn 0.000000 -1.000000 0.000000
vn 0.000000 -1.000000 0.000000
vn 0.000000 -1.000000 0.000000
vn 0.000000 -1.000000 0.000000
vn 0.000000 -1.000000 0.000000
vn 0.000000 -1.000000 0.000000
vn 0.000000 -1.000000 0.000000
vn 0.000000 -1.000000 0.000000
vn 0.000000 -1.000000 0.000000
vn 0.000000 -1.000000 0.000000
vn 0.000000 -1.000000 0.000000
vn 0.000000 -1.000000 0.000000
vn 0.000000 -1.000000 0.000000
vn 0.000000 -1.000000 0.000000
vn 0.000000 -1.000000 0.000000
vn 0.000000 -1.000000 0.000000
vn 0.000000 -1.000000 0.000000
vn 0.000000 -1.000000 0.000000
vn 0.000000 -1.000000 0.000000
vn 0.000000 -1.000000 0.000000
vn 0.000000 -1.000000 0.000000
vn 0.000000 -1.000000 0.000000
vn 0.000000 -1.000000 0.000000
vn 0.000000 -1.000000 0.000000
vn 0.000000 -1.000000 0.000000
vn 0.000000 -1.000000 0.000000
vn 0.000000 -1.000000 0.000000
vn 0.000000 -1.000000 0.000000
vn 0.000000 -1.000000 0.000000
vn 0.000000 -1.000000 0.000000
vn 0.000000 -1.000000 0.000000
vn 0.000000 -1.000000 0.000000
vn 0.000000 -1.000000 0.000000
vn 0.000000 -1.000000 0.000000
vn 0.000000 -1.000000 0.000000
vn 0.000000 -1.000000 0.000000
vn 0.000000 -1.000000 0.000000
vn 0.000000 -1.000000 0.000000
vn 0.000000 -1.000000 0.000000
vn 0.000000 -1.000000 0.000000
vn 0.000000 -1.000000 0.000000
vn 0.000000 -1.000000 0.000000
vn 1.000000 0.000000 0.000000
vn 1.000000 0.000000 0.000000
vn 1.000000 0.000000 0.000000
vn 1.000000 0.000000 0.000000
vn 0.984808 0.173648 0.000000
vn 0.984808 0.173648 0.000000
vn 0.939693 0.342020 0.000000
vn 0.939693 0.342020 0.000000
vn 0.866025 0.500000 0.000000
vn 0.866025 0.500000 0.000000
vn 0.766044 0.642788 0.000000
vn 0.766044 0.642788 0.000000
vn 0.642788 0.766044 0.000000
vn 0.642788 0.766044 0.000000
vn 0.500000 0.866025 0.000000
vn 0.500000 0.866025 0.000000
vn 0.342020 0.939693 0.000000
vn 0.342020 0.939693 0.000000
vn 0.173648 0.984808 0.000000
vn 0.173648 0.984808 0.000000
vn 0.000000 1.000000 0.000000
vn 0.000000 1.000000 0.000000
vn -0.173648 0.984808 0.000000
vn -0.173648 0.984808 0.000000
vn -0.342020 0.939693 0.000000
vn -0.342020 0.939693 0.000000
vn -0.500000 0.866025 0.000000
vn -0.500000 0.866025 0.000000
vn -0.642788 0.766044 0.000000
vn -0.642788 0.766044 0.000000
vn -0.766044 0.642788 0.000000
vn -0.766044 0.642788 0.000000
vn -0.866025 0.500000 0.000000
vn -0.866025 0.500000 0.000000
vn -0.939693 0.342020 0.000000
vn -0.939693 0.342020 0.000000
vn -0.984808 0.173648 0.000000
vn -0.984808 0.173648 0.000000
vn -1.000000 0.000000 0.000000
vn -1.000000 0.000000 0.000000
vn -1.000000 -0.000000 -0.000000
vn -1.000000 -0.000000 -0.000000
vn -0.984808 -0.173648 -0.000000
vn -0.984808 -0.173648 -0.000000
vn -0.939693 -0.342020 -0.000000
vn -0.939693 -0.342020 -0.000000
vn -0.866025 -0.500000 -0.000000
vn -0.866025 -0.500000 -0.000000
vn -0.766044 -0.642788 -0.000000
vn -0.766044 -0.642788 -0.000000
vn -0.642788 -0.766044 -0.000000
vn -0.642788 -0.766044 -0.000000
vn -0.500000 -0.866025 -0.000000
vn -0.500000 -0.866025 -0.000000
vn -0.342020 -0.939693 -0.000000
vn -0.342020 -0.939693 -0.000000
vn -0.173648 -0.984808 -0.000000
vn -0.173648 -0.984808 -0.000000
vn -0.000000 -1.000000 -0.000000
vn -0.000000 -1.000000 -0.000000
vn 0.173648 -0.984808 0.000000
vn 0.173648 -0.984808 0.000000
vn 0.342020 -0.939693 0.000000
vn 0.342020 -0.939693 0.000000
vn 0.500000 -0.866025 0.000000
vn 0.500000 -0.866025 0.000000
vn 0.642788 -0.766044 0.000000
vn 0.642788 -0.766044 0.000000
vn 0.766044 -0.642788 0.000000
vn 0.766044 -0.642788 0.000000
vn 0.866025 -0.500000 0.000000
vn 0.866025 -0.500000 0.000000
vn 0.939693 -0.342020 0.000000
vn 0.939693 -0.342020 0.000000
vn 0.984808 -0.173648 0.000000
vn 0.984808 -0.173648 0.000000
vn 0.000000 1.000000 0.000000
vn 0.000000 1.000000 0.000000
vn 0.120537 0.992709 0.000000
vn 0.120537 0.992709 0.000000
vn 0.239316 0.970942 0.000000
vn 0.239316 0.970942 0.000000
vn 0.354605 0.935016 0.000000
vn 0.354605 0.935016 0.000000
vn 0.464723 0.885456 0.000000
vn 0.464723 0.885456 0.000000
vn 0.568065 0.822984 0.000000
vn 0.568065 0.822984 0.000000
vn 0.663123 0.748511 0.000000
vn 0.663123 0.748511 0.000000
vn 0.748511 0.663123 0.000000
vn 0.748511 0.663123 0.000000
vn 0.822984 0.568065 0.000000
vn 0.822984 0.568065 0.000000
vn 0.885456 0.464723 0.000000
vn 0.885456 0.464723 0.000000
vn 0.935016 0.354605 0.000000
vn 0.935016 0.354605 0.000000
vn 0.970942 0.239316 0.000000
vn 0.970942 0.239316 0.000000
vn 0.992709 0.120537 0.000000
vn 0.992709 0.120537 0.000000
vn -1.000000 -0.000000 -0.000000
vn -1.000000 -0.000000 -0.000000
vn -0.992709 0.120537 -0.000000
vn -0.992709 0.120537 -0.000000
vn -0.970942 0.239316 -0.000000
vn -0.970942 0.239316 -0.000000
vn -0.935016 0.354605 -0.000000
vn -0.935016 0.354605 -0.000000
vn -0.885456 0.464723 -0.000000
vn -0.885456 0.464723 -0.000000
vn -0.822984 0.568065 -0.000000
vn -0.822984 0.568065 -0.000000
vn -0.748511 0.663123 -0.000000
vn -0.748511 0.663123 -0.000000
vn -0.663123 0.748511 -0.000000
vn -0.663123 0.748511 -0.000000
vn -0.568065 0.822984 -0.000000
vn -0.568065 0.822984 -0.000000
vn -0.464723 0.885456 -0.000000
vn -0.464723 0.885456 -0.000000
vn -0.354605 0.935016 -0.000000
vn -0.354605 0.935016 -0.000000
vn -0.239316 0.970942 -0.000000
vn -0.239316 0.970942 -0.000000
vn -0.120537 0.992709 -0.000000
vn -0.120537 0.992709 -0.000000
vn -0.000000 1.000000 -0.000000
vn -0.000000 1.000000 -0.000000
vn -1.000000 0.000000 0.000000
vn -1.000000 0.000000 0.000000
vn 0.000000 0.766044 -0.642788
vn 0.000000 0.766044 -0.642788
vn 0.000000 0.766044 -0.642788
vn 0.000000 0.766044 -0.642788
vn -0.000000 0.000000 1.000000
vn -0.000000 0.000000 1.000000
vn -0.000000 0.000000 1.000000
vn -0.000000 0.000000 1.000000
vn -0.000000 0.000000 1.000000
vn -0.000000 0.000000 1.000000
vn -0.000000 0.000000 1.000000
vn -0.000000 0.000000 1.000000
vn -0.000000 0.000000 1.000000
vn -0.000000 0.000000 1.000000
vn -0.000000 0.000000 1.000000
vn -0.000000 0.000000 1.000000
vn -0.000000 0.000000 1.000000
vn -0.000000 0.000000 1.000000
vn -0.000000 0.000000 1.000000
vn -0.000000 0.000000 1.000000
vn -0.000000 0.000000 1.000000
vn -0.000000 0.000000 1.000000
vn -0.000000 0.000000 1.000000
vn -0.000000 0.000000 1.000000
vn -0.000000 0.000000 1.000000
vn -0.000000 0.000000 1.000000
vn -0.000000 0.000000 1.000000
vn -0.000000 0.000000 1.000000
vn -0.000000 0.000000 1.000000
vn -0.000000 0.000000 1.000000
vn -0.000000 0.000000 1.000000
vn -0.000000 0.000000 1.000000
vn -0.000000 0.000000 1.000000
vn -0.000000 0.000000 1.000000
vn -0.000000 0.000000 1.000000
vn -0.000000 0.000000 1.000000
vn -0.000000 0.000000 1.000000
vn -0.000000 0.000000 1.000000
vn -0.000000 0.000000 1.000000
vn -0.000000 0.000000 1.000000
vn -0.000000 0.000000 1.000000
vn -0.000000 0.000000 1.000000
vn -0.000000 0.000000 1.000000
vn -0.000000 0.000000 1.000000
vn -0.000000 0.000000 1.000000
vn -0.000000 0.000000 1.000000
vn -0.000000 0.000000 1.000000
vn -0.000000 0.000000 1.000000
vn -0.000000 0.000000 1.000000
vn -0.000000 0.000000 1.000000
vn -0.000000 0.000000 1.000000
vn -0.000000 0.000000 1.000000
vn -0.000000 0.000000 1.000000
vn -0.000000 0.000000 1.000000
vn -0.000000 0.000000 1.000000
vn -0.000000 0.000000 1.000000
vn -0.000000 0.000000 1.000000
vn -0.000000 0.000000 1.000000
vn -0.000000 0.000000 1.000000
vn -0.000000 0.000000 1.000000
vn -0.000000 0.000000 1.000000
vn -0.000000 0.000000 1.000000
vn -0.000000 0.000000 1.000000
vn -0.000000 0.000000 1.000000
vn -0.000000 0.000000 1.000000
vn -0.000000 0.000000 1.000000
vn -0.000000 0.000000 1.000000
vn -0.000000 0.000000 1.000000
vn -0.000000 0.000000 1.000000
vn -0.000000 0.000000 1.000000
vn -0.000000 0.000000 1.000000
vn -0.000000 0.000000 1.000000
vn -0.000000 0.000000 1.000000
vn -0.000000 0.000000 1.000000
vn -0.000000 0.000000 1.000000
vn -0.000000 0.000000 1.000000
vn -0.000000 0.000000 1.000000
vn -0.000000 0.000000 1.000000
vn -0.000000 0.000000 1.000000
vn -0.000000 0.000000 1.000000
vn -0.000000 0.000000 1.000000
vn -0.000000 0.000000 1.000000
vn -0.000000 0.000000 1.000000
vn -0.000000 0.000000 1.000000
vn -0.000000 0.000000 1.000000
vn -0.000000 0.000000 1.000000
vn -0.000000 0.000000 1.000000
vn -0.000000 0.000000 1.000000
vn -0.000000 0.000000 1.000000
vn -0.000000 0.000000 1.000000
vn -0.000000 0.000000 1.000000
vn -0.000000 0.000000 1.000000
vn -0.000000 0.000000 1.000000
vn -0.000000 0.000000 1.000000
vn -0.000000 0.000000 1.000000
vn -0.000000 0.000000 1.000000
vn -0.000000 0.000000 1.000000
vn -0.000000 0.000000 1.000000
vn -0.000000 0.000000 1.000000
vn -0.000000 0.000000 1.000000
vn -0.000000 0.000000 1.000000
vn -0.000000 0.000000 1.000000
vn -0.000000 0.000000 1.000000
vn -0.000000 0.000000 1.000000
vn -0.000000 0.000000 1.000000
vn -0.000000 0.000000 1.000000
vn -0.000000 0.000000 1.000000
vn -0.000000 0.000000 1.000000
vn -0.000000 0.000000 1.000000
vn -0.000000 0.000000 1.000000
vn -0.000000 0.000000 1.000000
vn -0.000000 0.000000 1.000000
vn -0.000000 0.000000 1.000000
vn -0.000000 0.000000 1.000000
vn -0.000000 0.000000 1.000000
vn -0.000000 0.000000 1.000000
vn -0.000000 0.000000 1.000000
vn -0.000000 0.000000 1.000000
vn -0.000000 0.000000 1.000000
vn -0.000000 0.000000 1.000000
vn -0.000000 0.000000 1.000000
vn -0.000000 0.000000 1.000000
vn -0.000000 0.000000 1.000000
vn -0.000000 0.000000 1.000000
vn -0.000000 0.000000 1.000000
vn -0.000000 0.000000 1.000000
vn -0.000000 0.000000 1.000000
vn -0.000000 0.000000 1.000000
vn -0.000000 0.000000 1.000000
vn -0.000000 0.000000 1.000000
vn -0.000000 0.000000 1.000000
vn -0.000000 0.000000 1.000000
vn -0.000000 0.000000 1.000000
vn -0.000000 0.000000 1.000000
vn -0.000000 0.000000 1.000000
vn -0.000000 0.000000 1.000000
vn -0.000000 0.000000 1.000000
vn -0.000000 0.000000 1.000000
vn -0.000000 0.000000 1.000000
vn -0.000000 0.000000 1.000000
vn -0.000000 0.000000 1.000000
vn -0.000000 0.000000 1.000000
vn -0.000000 0.000000 1.000000
vn -0.000000 0.000000 1.000000
vn -0.000000 0.000000 1.000000
vn -0.000000 0.000000 1.000000
vn -0.000000 0.000000 1.000000
vn -0.000000 0.000000 1.000000
vn -0.000000 0.000000 1.000000
vn -0.000000 0.000000 1.000000
vn -0.000000 0.000000 1.000000
vn -0.000000 0.000000 1.000000
vn -0.000000 0.000000 1.000000
vn -0.000000 0.000000 1.000000
vn -0.000000 0.000000 1.000000
vn -0.000000 0.000000 1.000000
vn -0.000000 0.000000 1.000000
vn -0.000000 0.000000 1.000000
vn -0.000000 0.000000 1.000000
vn -0.000000 0.000000 1.000000
vn -0.000000 0.000000 1.000000
vn -0.000000 0.000000 1.000000
vn -0.000000 0.000000 1.000000
vn -0.000000 0.000000 1.000000
vn -0.000000 0.000000 1.000000
vn -0.000000 0.000000 1.000000
vn -0.000000 0.000000 1.000000
vn -0.000000 0.000000 1.000000
vn -0.000000 0.000000 1.000000
vn -0.000000 0.000000 1.000000
vn -0.000000 0.000000 1.000000
vn -0.000000 0.000000 1.000000
vn -0.000000 0.000000 1.000000
vn -0.000000 0.000000 1.000000
vn -0.000000 0.000000 1.000000
vn -0.000000 0.000000 1.000000
vn -0.000000 0.000000 1.000000
vn -0.000000 0.000000 1.000000
vn -0.000000 0.000000 1.000000
vn -0.000000 0.000000 1.000000
vn -0.000000 0.000000 1.000000
vn -0.000000 0.000000 1.000000
vn -0.000000 0.000000 1.000000
vn -0.000000 0.000000 1.000000
vn -0.000000 0.000000 1.000000
vn -0.000000 0.000000 1.000000
vn -0.000000 0.000000 1.000000
vn -0.000000 0.000000 1.000000
vn -0.000000 0.000000 1.000000
vn -0.000000 0.000000 1.000000
vn -0.000000 0.000000 1.000000
vn -0.000000 0.000000 1.000000
vn -0.000000 0.000000 1.000000
vn -0.000000 0.000000 1.000000
vn -0.000000 0.000000 1.000000
vn -0.000000 0.000000 1.000000
vn -0.000000 0.000000 1.000000
vn -0.000000 0.000000 1.000000
vn -0.000000 0.000000 1.000000
vn -0.000000 0.000000 1.000000
vn -0.000000 0.000000 1.000000
vn -0.000000 0.000000 1.000000
vn -0.000000 0.000000 1.000000
vn -0.000000 0.000000 1.000000
vn -0.000000 0.000000 1.000000
vn -0.000000 0.000000 1.000000
vn -0.000000 0.000000 1.000000
vn -0.000000 0.000000 1.000000
vn -0.000000 0.000000 1.000000
vn -0.000000 0.000000 1.000000
vn -0.000000 0.000000 1.000000
vn -0.000000 0.000000 1.000000
vn -0.000000 0.000000 1.000000
vn -0.000000 0.000000 1.000000
vn -0.000000 0.000000 1.000000
vn -0.000000 0.000000 1.000000
vn -0.000000 0.000000 1.000000
vn -0.000000 0.000000 1.000000
vn -0.000000 0.000000 1.000000
vn -0.000000 0.000000 1.000000
vn -0.000000 0.000000 1.000000
vn -0.000000 0.000000 1.000000
vn -0.000000 0.000000 1.000000
vn -0.000000 0.000000 1.000000
vn -0.000000 0.000000 1.000000
vn -0.000000 0.000000 1.000000
vn -0.000000 0.000000 1.000000
vn -0.000000 0.000000 1.000000
vn -0.000000 0.000000 1.000000
vn -0.000000 0.000000 1.000000
vn -0.000000 0.000000 1.000000
vn -0.000000 0.000000 1.000000
vn -0.000000 0.000000 1.000000
vn -0.000000 0.000000 1.000000
vn -0.000000 0.000000 1.000000
vn -0.000000 0.000000 1.000000
vn -0.000000 0.000000 1.000000
vn -0.000000 0.000000 1.000000
vn -0.000000 0.000000 1.000000
vn -0.000000 0.000000 1.000000
vn -0.000000 0.000000 1.000000
vn -0.000000 0.000000 1.000000
vn -0.000000 0.000000 1.000000
vn -0.000000 0.000000 1.000000
vn -0.000000 0.000000 1.000000
vn -0.000000 0.000000 1.000000
vn -0.000000 0.000000 1.000000
vn -0.000000 0.000000 1.000000
vn -0.000000 0.000000 1.000000
vn -0.000000 0.000000 1.000000
vn -0.000000 0.000000 1.000000
vn 0.000000 1.000000 0.000000
vn 0.000000 1.000000 0.000000
vn 0.120537 0.992709 0.000000
vn 0.120537 0.992709 0.000000
vn 0.239316 0.970942 0.000000
vn 0.239316 0.970942 0.000000
vn 0.354605 0.935016 0.000000
vn 0.354605 0.935016 0.000000
vn 0.464723 0.885456 0.000000
vn 0.464723 0.885456 0.000000
vn 0.568065 0.822984 0.000000
vn 0.568065 0.822984 0.000000
vn 0.663123 0.748511 0.000000
vn 0.663123 0.748511 0.000000
vn 0.748511 0.663123 0.000000
vn 0.748511 0.663123 0.000000
vn 0.822984 0.568065 0.000000
vn 0.822984 0.568065 0.000000
vn 0.885456 0.464723 0.000000
vn 0.885456 0.464723 0.000000
vn 0.935016 0.354605 0.000000
vn 0.935016 0.354605 0.000000
vn 0.970942 0.239316 0.000000
vn 0.970942 0.239316 0.000000
vn 0.992709 0.120537 0.000000
vn 0.992709 0.120537 0.000000
vn 1.000000 0.000000 0.000000
vn 1.000000 0.000000 0.000000
vn -1.000000 -0.000000 -0.000000
vn -1.000000 -0.000000 -0.000000
vn -0.992709 0.120537 -0.000000
vn -0.992709 0.120537 -0.000000
vn -0.970942 0.239316 -0.000000
vn -0.970942 0.239316 -0.000000
vn -0.935016 0.354605 -0.000000
vn -0.935016 0.354605 -0.000000
vn -0.885456 0.464723 -0.000000
vn -0.885456 0.464723 -0.000000
vn -0.822984 0.568065 -0.000000
vn -0.822984 0.568065 -0.000000
vn -0.748511 0.663123 -0.000000
vn -0.748511 0.663123 -0.000000
vn -0.663123 0.748511 -0.000000
vn -0.663123 0.748511 -0.000000
vn -0.568065 0.822984 -0.000000
vn -0.568065 0.822984 -0.000000
vn -0.464723 0.885456 -0.000000
vn -0.464723 0.885456 -0.000000
vn -0.354605 0.935016 -0.000000
vn -0.354605 0.935016 -0.000000
vn -0.239316 0.970942 -0.000000
vn -0.239316 0.970942 -0.000000
vn -0.120537 0.992709 -0.000000
vn -0.120537 0.992709 -0.000000
vn -0.000000 1.000000 -0.000000
vn -0.000000 1.000000 -0.000000
vn 1.000000 0.000000 0.000000
vn 1.000000 0.000000 0.000000
vn 1.000000 0.000000 0.000000
vn 1.000000 0.000000 0.000000
vn 0.984808 0.173648 0.000000
vn 0.984808 0.173648 0.000000
vn 0.939693 0.342020 0.000000
vn 0.939693 0.342020 0.000000
vn 0.866025 0.500000 0.000000
vn 0.866025 0.500000 0.000000
vn 0.766044 0.642788 0.000000
vn 0.766044 0.642788 0.000000
vn 0.642788 0.766044 0.000000
vn 0.642788 0.766044 0.000000
vn 0.500000 0.866025 0.000000
vn 0.500000 0.866025 0.000000
vn 0.342020 0.939693 0.000000
vn 0.342020 0.939693 0.000000
vn 0.173648 0.984808 0.000000
vn 0.173648 0.984808 0.000000
vn 0.000000 1.000000 0.000000
vn 0.000000 1.000000 0.000000
vn -0.173648 0.984808 0.000000
vn -0.173648 0.984808 0.000000
vn -0.342020 0.939693 0.000000
vn -0.342020 0.939693 0.000000
vn -0.500000 0.866025 0.000000
vn -0.500000 0.866025 0.000000
vn -0.642788 0.766044 0.000000
vn -0.642788 0.766044 0.000000
vn -0.766044 0.642788 0.000000
vn -0.766044 0.642788 0.000000
vn -0.866025 0.500000 0.000000
vn -0.866025 0.500000 0.000000
vn -0.939693 0.342020 0.000000
vn -0.939693 0.342020 0.000000
vn -0.984808 0.173648 0.000000
vn -0.984808 0.173648 0.000000
vn -1.000000 0.000000 0.000000
vn -1.000000 0.000000 0.000000
vn -1.000000 -0.000000 -0.000000
vn -1.000000 -0.000000 -0.000000
vn -0.984808 -0.173648 -0.000000
vn -0.984808 -0.173648 -0.000000
vn -0.939693 -0.342020 -0.000000
vn -0.939693 -0.342020 -0.000000
vn -0.866025 -0.500000 -0.000000
vn -0.866025 -0.500000 -0.000000
vn -0.766044 -0.642788 -0.000000
vn -0.766044 -0.642788 -0.000000
vn -0.642788 -0.766044 -0.000000
vn -0.642788 -0.766044 -0.000000
vn -0.500000 -0.866025 -0.000000
vn -0.500000 -0.866025 -0.000000
vn -0.342020 -0.939693 -0.000000
vn -0.342020 -0.939693 -0.000000
vn -0.173648 -0.984808 -0.000000
vn -0.173648 -0.984808 -0.000000
vn -0.000000 -1.000000 -0.000000
vn -0.000000 -1.000000 -0.000000
vn 0.173648 -0.984808 0.000000
vn 0.173648 -0.984808 0.000000
vn 0.342020 -0.939693 0.000000
vn 0.342020 -0.939693 0.000000
vn 0.500000 -0.866025 0.000000
vn 0.500000 -0.866025 0.000000
vn 0.642788 -0.766044 0.000000
vn 0.642788 -0.766044 0.000000
vn 0.766044 -0.642788 0.000000
vn 0.766044 -0.642788 0.000000
vn 0.866025 -0.500000 0.000000
vn 0.866025 -0.500000 0.000000
vn 0.939693 -0.342020 0.000000
vn 0.939693 -0.342020 0.000000
vn 0.984808 -0.173648 0.000000
vn 0.984808 -0.173648 0.000000
vn 1.000000 0.000000 0.000000
vn 1.000000 0.000000 0.000000
vn -1.000000 0.000000 0.000000
vn -1.000000 0.000000 0.000000
vn -0.000000 1.000000 0.000000
vn -0.000000 1.000000 0.000000
vn -0.000000 1.000000 0.000000
vn -0.000000 1.000000 0.000000
vn -0.000000 1.000000 0.000000
vn -0.000000 1.000000 0.000000
vn 1.000000 0.000000 0.000000
vn 1.000000 0.000000 0.000000
vn 0.000000 -0.766044 0.642788
vn 0.000000 -0.766044 0.642788
vn 0.000000 -0.766044 0.642788
vn 0.000000 -0.766044 0.642788
vn 0.000000 -0.766044 0.642788
vn 0.000000 -0.766044 0.642788
vn 0.000000 -0.766044 0.642788
vn 0.000000 -0.766044 0.642788
vn 0.000000 -0.766044 0.642788
vn 0.000000 -0.766044 0.642788
vn 0.000000 -0.766044 0.642788
vn 0.000000 -0.766044 0.642788
vn 0.000000 -0.766044 0.642788
vn 0.000000 -0.766044 0.642788
vn 0.000000 -0.766044 0.642788
vn 0.000000 -0.766044 0.642788
vn 0.000000 -0.766044 0.642788
vn 0.000000 -0.766044 0.642788
vn 0.000000 -0.766044 0.642788
vn 0.000000 -0.766044 0.642788
vn 0.000000 -0.766044 0.642788
vn 0.000000 -0.766044 0.642788
vn 0.000000 -0.766044 0.642788
vn 0.000000 -0.766044 0.642788
vn 0.000000 -0.766044 0.642788
vn 0.000000 -0.766044 0.642788
vn 0.000000 -0.766044 0.642788
vn 0.000000 -0.766044 0.642788
vn 0.000000 -0.766044 0.642788
vn 0.000000 -0.766044 0.642788
vn 0.000000 -0.766044 0.642788
vn 0.000000 -0.766044 0.642788
vn 0.000000 -0.766044 0.642788
vn 0.000000 -0.766044 0.642788
vn 0.000000 -0.766044 0.642788
vn 0.000000 -0.766044 0.642788
vn 0.000000 -0.766044 0.642788
vn 0.000000 -0.766044 0.642788
vn 0.000000 -0.766044 0.642788
vn 0.000000 -0.766044 0.642788
vn 0.000000 -0.766044 0.642788
vn 0.000000 -0.766044 0.642788
vn 0.000000 -0.766044 0.642788
vn 0.000000 -0.766044 0.642788
vn 0.000000 -0.766044 0.642788
vn 0.000000 -0.766044 0.642788
vn 0.000000 -0.766044 0.642788
vn 0.000000 -0.766044 0.642788
vn 0.000000 -0.766044 0.642788
vn 0.000000 -0.766044 0.642788
vn 0.000000 -0.766044 0.642788
vn 0.000000 -0.766044 0.642788
vn 0.000000 -0.766044 0.642788
vn 0.000000 -0.766044 0.642788
vn 0.000000 -0.766044 0.642788
vn 0.000000 -0.766044 0.642788
vn 0.000000 -0.766044 0.642788
vn 0.000000 -0.766044 0.642788
vn 0.000000 -0.766044 0.642788
vn 0.000000 -0.766044 0.642788
vn 0.000000 -0.766044 0.642788
vn 0.000000 -0.766044 0.642788
vn 0.000000 -0.766044 0.642788
vn 0.000000 -0.766044 0.642788
vn 0.000000 -0.766044 0.642788
vn 0.000000 -0.766044 0.642788
vn 0.000000 -0.766044 0.642788
vn 0.000000 -0.766044 0.642788
vn 0.000000 -0.766044 0.642788
vn 0.000000 -0.766044 0.642788
vn 0.000000 -0.766044 0.642788
vn 0.000000 -0.766044 0.642788
vn 0.000000 -0.766044 0.642788
vn 0.000000 -0.766044 0.642788
vn 0.000000 -0.766044 0.642788
vn 0.000000 -0.766044 0.642788
vn 0.000000 -0.766044 0.642788
vn 0.000000 -0.766044 0.642788
vn 0.000000 0.766044 -0.642788
vn 0.000000 0.766044 -0.642788
vn 0.000000 0.766044 -0.642788
vn 0.000000 0.766044 -0.642788
vn 0.000000 0.766044 -0.642788
vn 0.000000 0.766044 -0.642788
vn 0.000000 0.766044 -0.642788
vn 0.000000 0.766044 -0.642788
vn 0.000000 0.766044 -0.642788
vn 0.000000 0.766044 -0.642788
vn 0.000000 0.766044 -0.642788
vn 0.000000 0.766044 -0.642788
vn 0.000000 0.766044 -0.642788
vn 0.000000 0.766044 -0.642788
vn 0.000000 0.766044 -0.642788
vn 0.000000 0.766044 -0.642788
vn 0.000000 0.766044 -0.642788
vn 0.000000 0.766044 -0.642788
vn 0.000000 0.766044 -0.642788
vn 0.000000 0.766044 -0.642788
vn 0.000000 0.766044 -0.642788
vn 0.000000 0.766044 -0.642788
vn 0.000000 0.766044 -0.642788
vn 0.000000 0.766044 -0.642788
vn 0.000000 0.766044 -0.642788
vn 0.000000 0.766044 -0.642788
vn 0.000000 0.766044 -0.642788
vn 0.000000 0.766044 -0.642788
vn 0.000000 0.766044 -0.642788
vn 0.000000 0.766044 -0.642788
vn 0.000000 0.766044 -0.642788
vn 0.000000 0.766044 -0.642788
vn 0.000000 0.766044 -0.642788
vn 0.000000 0.766044 -0.642788
vn 0.000000 0.766044 -0.642788
vn 0.000000 0.766044 -0.642788
vn 0.000000 0.766044 -0.642788
vn 0.000000 0.766044 -0.642788
vn 0.000000 0.766044 -0.642788
vn 0.000000 0.766044 -0.642788
vn 0.000000 0.766044 -0.642788
vn 0.000000 0.766044 -0.642788
vn 0.000000 0.766044 -0.642788
vn 0.000000 0.766044 -0.642788
vn 0.000000 0.766044 -0.642788
vn 0.000000 0.766044 -0.642788
vn 0.000000 0.766044 -0.642788
vn 0.000000 0.766044 -0.642788
vn 0.000000 0.766044 -0.642788
vn 0.000000 0.766044 -0.642788
vn 0.000000 0.766044 -0.642788
vn 0.000000 0.766044 -0.642788
vn 0.000000 0.766044 -0.642788
vn 0.000000 0.766044 -0.642788
vn 0.000000 0.766044 -0.642788
vn 0.000000 0.766044 -0.642788
vn 0.000000 0.766044 -0.642788
vn 0.000000 0.766044 -0.642788
vn 0.000000 0.766044 -0.642788
vn 0.000000 0.766044 -0.642788
vn 0.000000 0.766044 -0.642788
vn 0.000000 0.766044 -0.642788
vn 0.000000 0.766044 -0.642788
vn 0.000000 0.766044 -0.642788
vn 0.000000 0.766044 -0.642788
vn 0.000000 0.766044 -0.642788
vn 0.000000 0.766044 -0.642788
vn 0.000000 0.766044 -0.642788
vn 0.000000 0.766044 -0.642788
vn 0.000000 0.766044 -0.642788
vn 0.000000 0.766044 -0.642788
vn 0.000000 0.766044 -0.642788
vn 0.000000 0.766044 -0.642788
vn 0.000000 0.766044 -0.642788
vn 0.000000 0.766044 -0.642788
vn 0.000000 0.766044 -0.642788
vn 0.000000 0.766044 -0.642788
vn 0.000000 0.766044 -0.642788
vn 0.000000 0.766044 -0.642788
vn 0.000000 0.766044 -0.642788
vn 0.000000 0.766044 -0.642788
vn 0.000000 0.766044 -0.642788
vn 0.000000 0.766044 -0.642788
vn 0.000000 0.766044 -0.642788
vn 0.000000 0.766044 -0.642788
vn 0.000000 0.766044 -0.642788
vn 0.000000 0.766044 -0.642788
vn 0.000000 0.766044 -0.642788
vn 0.000000 0.766044 -0.642788
vn 0.000000 0.766044 -0.642788
vn 0.000000 0.766044 -0.642788
vn 0.000000 0.766044 -0.642788
vn 0.000000 0.766044 -0.642788
vn 0.000000 0.766044 -0.642788
vn 0.000000 0.766044 -0.642788
vn 0.000000 0.766044 -0.642788
vn 0.000000 0.766044 -0.642788
vn 0.000000 0.766044 -0.642788
vn 0.000000 0.766044 -0.642788
vn 0.000000 0.766044 -0.642788
vn 0.000000 0.766044 -0.642788
vn 0.000000 0.766044 -0.642788
vn 0.000000 0.766044 -0.642788
vn 0.000000 0.766044 -0.642788
vn 0.000000 0.766044 -0.642788
vn 0.000000 0.766044 -0.642788
vn 0.000000 0.766044 -0.642788
vn 0.000000 0.766044 -0.642788
vn 0.000000 0.766044 -0.642788
vn 0.000000 0.766044 -0.642788
vn 0.000000 0.766044 -0.642788
vn 0.000000 0.766044 -0.642788
vn 0.000000 0.766044 -0.642788
vn 0.000000 0.766044 -0.642788
vn 0.000000 0.766044 -0.642788
vn 0.000000 0.766044 -0.642788
vn 0.000000 0.766044 -0.642788
vn 0.000000 0.766044 -0.642788
vn 0.000000 0.766044 -0.642788
vn 0.000000 0.766044 -0.642788
vn 0.000000 0.766044 -0.642788
vn 0.000000 0.766044 -0.642788
vn 0.000000 0.766044 -0.642788
vn 0.000000 0.766044 -0.642788
vn 0.000000 0.766044 -0.642788
vn 0.000000 0.766044 -0.642788
vn 0.000000 0.766044 -0.642788
vn 0.000000 0.766044 -0.642788
vn 0.000000 0.766044 -0.642788
vn 0.000000 0.766044 -0.642788
vn 0.000000 0.766044 -0.642788
vn 0.000000 0.766044 -0.642788
vn 0.000000 0.766044 -0.642788
vn 0.000000 0.766044 -0.642788
vn 0.000000 0.766044 -0.642788
vn 0.000000 0.766044 -0.642788
vn 0.000000 0.766044 -0.642788
vn 0.000000 0.766044 -0.642788
vn 0.000000 0.766044 -0.642788
vn 0.000000 0.766044 -0.642788
vn 0.000000 0.766044 -0.642788
vn 0.000000 0.766044 -0.642788
vn 0.000000 0.766044 -0.642788
vn 0.000000 0.766044 -0.642788
vn 0.000000 0.766044 -0.642788
vn 0.000000 0.766044 -0.642788
vn 0.000000 0.766044 -0.642788
vn 0.000000 0.766044 -0.642788
vn 0.000000 0.766044 -0.642788
vn 0.000000 0.766044 -0.642788
vn 0.000000 0.766044 -0.642788
vn 0.000000 0.766044 -0.642788
vn 0.000000 0.766044 -0.642788
vn 0.000000 0.766044 -0.642788
vn 0.000000 0.766044 -0.642788
vn 0.000000 0.766044 -0.642788
vn 0.000000 0.766044 -0.642788
vn 0.000000 0.766044 -0.642788
vn 0.000000 0.766044 -0.642788
vn 0.000000 0.766044 -0.642788
vn 0.000000 0.766044 -0.642788
vn 0.000000 0.766044 -0.642788
vn 0.000000 0.766044 -0.642788
vn 0.000000 0.766044 -0.642788
vn 0.000000 0.766044 -0.642788
vn 0.000000 0.766044 -0.642788
vn 0.000000 0.766044 -0.642788
vn 0.000000 0.766044 -0.642788
vn 0.000000 0.766044 -0.642788
vn 0.000000 0.766044 -0.642788
vn 0.000000 0.766044 -0.642788
vn 0.000000 0.766044 -0.642788
vn 0.000000 0.766044 -0.642788
vn 0.000000 0.766044 -0.642788
vn 0.000000 0.766044 -0.642788
vn 0.000000 0.766044 -0.642788
vn 0.000000 0.766044 -0.642788
vn 0.000000 0.766044 -0.642788
vn 0.000000 0.766044 -0.642788
vn 0.000000 0.766044 -0.642788
vn 0.000000 0.766044 -0.642788
vn 0.000000 0.766044 -0.642788
vn 0.000000 0.766044 -0.642788
vn 0.000000 0.766044 -0.642788
vn 0.000000 0.766044 -0.642788
vn 0.000000 0.766044 -0.642788
vn 0.000000 0.766044 -0.642788
vn 0.000000 0.766044 -0.642788
vn 0.000000 0.766044 -0.642788
vn 0.000000 0.766044 -0.642788
vn 0.000000 0.766044 -0.642788
vn 0.000000 0.766044 -0.642788
vn 0.000000 0.766044 -0.642788
vn 0.000000 0.766044 -0.642788
vn 0.000000 0.766044 -0.642788
vn 0.000000 0.766044 -0.642788
vn 0.000000 0.766044 -0.642788
vn 0.000000 0.766044 -0.642788
vn 0.000000 0.766044 -0.642788
vn 0.000000 0.766044 -0.642788
vn 0.000000 0.766044 -0.642788
vn 0.000000 0.766044 -0.642788
vn 0.000000 0.766044 -0.642788
vn 0.000000 0.766044 -0.642788
vn 0.000000 0.766044 -0.642788
vn 0.000000 0.766044 -0.642788
vn 0.000000 0.766044 -0.642788
vn 0.000000 0.766044 -0.642788
vn 0.000000 0.766044 -0.642788
vn 0.000000 0.766044 -0.642788
vn 0.000000 0.766044 -0.642788
vn 0.000000 0.766044 -0.642788
vn 0.000000 0.766044 -0.642788
vn 0.000000 0.766044 -0.642788
vn 0.000000 0.766044 -0.642788
vn 0.000000 0.766044 -0.642788
vn 0.000000 0.766044 -0.642788
vn 0.000000 0.766044 -0.642788
vn 0.000000 0.766044 -0.642788
vn 0.000000 0.766044 -0.642788
vn 0.000000 0.766044 -0.642788
vn 0.000000 0.766044 -0.642788
vn 0.000000 0.766044 -0.642788
vn 0.000000 0.766044 -0.642788
vn 0.000000 0.766044 -0.642788
vn 0.000000 0.766044 -0.642788
vn 0.000000 0.766044 -0.642788
vn 0.000000 0.766044 -0.642788
vn 0.000000 0.766044 -0.642788
vn 0.000000 0.766044 -0.642788
vn 0.000000 0.766044 -0.642788
vn 0.000000 0.766044 -0.642788
vn 0.000000 0.766044 -0.642788
vn 0.000000 0.766044 -0.642788
vn 0.000000 0.766044 -0.642788
vn 0.000000 0.766044 -0.642788
vn 0.000000 0.766044 -0.642788
vn 0.000000 0.766044 -0.642788
vn 0.000000 0.766044 -0.642788
vn 0.000000 0.766044 -0.642788
vn 0.000000 0.766044 -0.642788
vn 0.000000 0.766044 -0.642788
vn 0.000000 0.766044 -0.642788
vn 0.000000 0.766044 -0.642788
vn 0.000000 0.766044 -0.642788
vn 0.000000 0.766044 -0.642788
vn 0.000000 0.766044 -0.642788
vn 0.000000 0.766044 -0.642788
vn 0.000000 0.766044 -0.642788
vn 0.000000 0.766044 -0.642788
vn 0.000000 0.766044 -0.642788
vn 0.000000 0.766044 -0.642788
vn 0.000000 0.766044 -0.642788
vn 0.000000 0.766044 -0.642788
vn 0.000000 0.766044 -0.642788
vn 0.000000 0.766044 -0.642788
vn 0.000000 0.766044 -0.642788
vn 0.000000 0.766044 -0.642788
vn 0.000000 0.766044 -0.642788
vn 0.000000 0.766044 -0.642788
vn 0.000000 0.766044 -0.642788
vn 0.000000 0.766044 -0.642788
vn 0.000000 0.766044 -0.642788
vn 0.000000 0.766044 -0.642788
vn 0.000000 0.766044 -0.642788
vn 0.000000 0.766044 -0.642788
vn 0.000000 0.766044 -0.642788
vn 0.000000 0.766044 -0.642788
vn 0.000000 0.766044 -0.642788
vn 0.000000 0.766044 -0.642788
vn 0.000000 0.766044 -0.642788
vn 0.000000 0.766044 -0.642788
vn 0.000000 0.766044 -0.642788
vn 0.000000 0.766044 -0.642788
vn 0.000000 0.766044 -0.642788
vn 0.000000 0.766044 -0.642788
vn 0.000000 0.766044 -0.642788
vn 0.000000 0.766044 -0.642788
vn 0.000000 0.766044 -0.642788
vn 0.000000 0.766044 -0.642788
vn 0.000000 0.766044 -0.642788
vn 0.000000 0.766044 -0.642788
vn 0.000000 0.766044 -0.642788
vn 0.000000 0.766044 -0.642788
vn 0.000000 0.766044 -0.642788
vn 0.000000 0.766044 -0.642788
vn 0.000000 0.766044 -0.642788
vn 0.000000 0.766044 -0.642788
vn 0.000000 0.766044 -0.642788
vn 0.000000 0.766044 -0.642788
vn 0.000000 0.766044 -0.642788
vn -0.000000 0.642788 0.766044
vn 0.000000 0.642788 0.766044
vn 0.156434 0.634874 0.756613
vn 0.156434 0.634874 0.756613
vn 0.309017 0.611327 0.728552
vn 0.309017 0.611327 0.728552
vn 0.453990 0.572728 0.682551
vn 0.453990 0.572728 0.682551
vn 0.587785 0.520026 0.619743
vn 0.587785 0.520026 0.619743
vn 0.707107 0.454519 0.541675
vn 0.707107 0.454519 0.541675
vn 0.809017 0.377821 0.450270
vn 0.809017 0.377821 0.450270
vn 0.891007 0.291819 0.347777
vn 0.891007 0.291819 0.347777
vn 0.951057 0.198632 0.236721
vn 0.951057 0.198632 0.236721
vn 0.987688 0.100554 0.119836
vn 0.987688 0.100554 0.119836
vn 1.000000 0.000000 0.000000
vn 1.000000 -0.000000 -0.000000
vn 0.000000 -0.766044 0.642788
vn 0.000000 -0.766044 0.642788
vn 0.000000 -0.766044 0.642788
vn 0.000000 -0.766044 0.642788
vn 0.000000 -0.766044 0.642788
vn 0.000000 -0.766044 0.642788
vn 0.000000 -0.766044 0.642788
vn 0.000000 -0.766044 0.642788
vn 0.000000 -0.766044 0.642788
vn 0.000000 -0.766044 0.642788
vn 0.000000 -0.766044 0.642788
vn 0.000000 -0.766044 0.642788
vn 0.000000 -0.766044 0.642788
vn 0.000000 -0.766044 0.642788
vn 0.000000 -0.766044 0.642788
vn 0.000000 -0.766044 0.642788
vn 0.000000 -0.766044 0.642788
vn 0.000000 -0.766044 0.642788
vn 0.000000 -0.766044 0.642788
vn 0.000000 -0.766044 0.642788
vn 0.000000 -0.766044 0.642788
vn 0.000000 -0.766044 0.642788
vn 0.000000 -0.766044 0.642788
vn 0.000000 -0.766044 0.642788
vn 0.000000 -0.766044 0.642788
vn 0.000000 -0.766044 0.642788
vn 0.000000 -0.766044 0.642788
vn 0.000000 -0.766044 0.642788
vn 0.000000 -0.766044 0.642788
vn 0.000000 -0.766044 0.642788
vn 0.000000 -0.766044 0.642788
vn 0.000000 -0.766044 0.642788
vn 0.000000 -0.766044 0.642788
vn 0.000000 -0.766044 0.642788
vn 0.000000 -0.766044 0.642788
vn 0.000000 -0.766044 0.642788
vn 0.000000 -0.766044 0.642788
vn 0.000000 -0.766044 0.642788
vn 0.000000 -0.766044 0.642788
vn 0.000000 -0.766044 0.642788
vn 0.000000 -0.766044 0.642788
vn 0.000000 -0.766044 0.642788
vn 0.000000 -0.766044 0.642788
vn 0.000000 -0.766044 0.642788
vn 0.000000 -0.766044 0.642788
vn 0.000000 -0.766044 0.642788
vn 0.000000 -0.766044 0.642788
vn 0.000000 -0.766044 0.642788
vn 0.000000 -0.766044 0.642788
vn 0.000000 -0.766044 0.642788
vn 0.000000 -0.766044 0.642788
vn 0.000000 -0.766044 0.642788
vn 0.000000 -0.766044 0.642788
vn 0.000000 -0.766044 0.642788
vn 0.000000 -0.766044 0.642788
vn 0.000000 -0.766044 0.642788
vn 0.000000 -0.766044 0.642788
vn 0.000000 -0.766044 0.642788
vn 0.000000 -0.766044 0.642788
vn 0.000000 -0.766044 0.642788
vn 0.000000 -0.766044 0.642788
vn 0.000000 -0.766044 0.642788
vn 0.000000 -0.766044 0.642788
vn 0.000000 -0.766044 0.642788
vn 0.000000 -0.766044 0.642788
vn 0.000000 -0.766044 0.642788
vn 0.000000 -0.766044 0.642788
vn 0.000000 -0.766044 0.642788
vn 0.000000 -0.766044 0.642788
vn 0.000000 -0.766044 0.642788
vn 0.000000 -0.766044 0.642788
vn 0.000000 -0.766044 0.642788
vn 0.000000 -0.766044 0.642788
vn 0.000000 -0.766044 0.642788
vn 0.000000 -0.766044 0.642788
vn 0.000000 -0.766044 0.642788
vn 0.000000 -0.766044 0.642788
vn 0.000000 -0.766044 0.642788
vn 0.000000 -0.766044 0.642788
vn 0.000000 -0.766044 0.642788
vn 0.000000 -0.766044 0.642788
vn 0.000000 -0.766044 0.642788
vn 0.000000 -0.766044 0.642788
vn 0.000000 -0.766044 0.642788
vn 0.000000 -0.766044 0.642788
vn 0.000000 -0.766044 0.642788
vn 0.000000 -0.766044 0.642788
vn 0.000000 -0.766044 0.642788
vn 0.000000 -0.766044 0.642788
vn 0.000000 -0.766044 0.642788
vn 0.000000 -0.766044 0.642788
vn 0.000000 -0.766044 0.642788
vn 0.000000 -0.766044 0.642788
vn 0.000000 -0.766044 0.642788
vn 0.000000 -0.766044 0.642788
vn 0.000000 -0.766044 0.642788
vn 0.000000 -0.766044 0.642788
vn 0.000000 -0.766044 0.642788
vn 0.000000 -0.766044 0.642788
vn 0.000000 -0.766044 0.642788
vn 0.000000 -0.766044 0.642788
vn 0.000000 -0.766044 0.642788
vn 0.000000 -0.766044 0.642788
vn 0.000000 -0.766044 0.642788
vn 0.000000 -0.766044 0.642788
vn 0.000000 -0.766044 0.642788
vn 0.000000 -0.766044 0.642788
vn 0.000000 -0.766044 0.642788
vn 0.000000 -0.766044 0.642788
vn 0.000000 -0.766044 0.642788
vn 0.000000 -0.766044 0.642788
vn 0.000000 -0.766044 0.642788
vn 0.000000 -0.766044 0.642788
vn 0.000000 -0.766044 0.642788
vn 0.000000 -0.766044 0.642788
vn 0.000000 -0.766044 0.642788
vn 0.000000 -0.766044 0.642788
vn 0.000000 -0.766044 0.642788
vn 0.000000 -0.766044 0.642788
vn 0.000000 -0.766044 0.642788
vn 0.000000 -0.766044 0.642788
vn 0.000000 -0.766044 0.642788
vn 0.000000 -0.766044 0.642788
vn 0.000000 -0.766044 0.642788
vn 0.000000 -0.766044 0.642788
vn 0.000000 -0.766044 0.642788
vn 0.000000 -0.766044 0.642788
vn 0.000000 -0.766044 0.642788
vn 0.000000 -0.766044 0.642788
vn 0.000000 -0.766044 0.642788
vn 0.000000 -0.766044 0.642788
vn 0.000000 -0.766044 0.642788
vn 0.000000 -0.766044 0.642788
vn 0.000000 -0.766044 0.642788
vn 0.000000 -0.766044 0.642788
vn 0.000000 -0.766044 0.642788
vn 0.000000 -0.766044 0.642788
vn 0.000000 -0.766044 0.642788
vn 0.000000 -0.766044 0.642788
vn 0.000000 -0.766044 0.642788
vn 0.000000 -0.766044 0.642788
vn 0.000000 -0.766044 0.642788
vn 0.000000 -0.766044 0.642788
vn 0.000000 -0.766044 0.642788
vn 0.000000 -0.766044 0.642788
vn 0.000000 -0.766044 0.642788
vn 0.000000 -0.766044 0.642788
vn 0.000000 -0.766044 0.642788
vn 0.000000 -0.766044 0.642788
vn 0.000000 -0.766044 0.642788
vn 0.000000 -0.766044 0.642788
vn 0.000000 -0.766044 0.642788
vn 0.000000 -0.766044 0.642788
vn 0.000000 -0.766044 0.642788
vn 0.000000 -0.766044 0.642788
vn 0.000000 -0.766044 0.642788
vn 0.000000 -0.766044 0.642788
vn 0.000000 -0.766044 0.642788
vn 0.000000 -0.766044 0.642788
vn 0.000000 -0.766044 0.642788
vn 0.000000 -0.766044 0.642788
vn 0.000000 -0.766044 0.642788
vn 0.000000 -0.766044 0.642788
vn 0.000000 -0.766044 0.642788
vn 0.000000 -0.766044 0.642788
vn 0.000000 -0.766044 0.642788
vn 0.000000 -0.766044 0.642788
vn 0.000000 -0.766044 0.642788
vn 0.000000 -0.766044 0.642788
vn 0.000000 -0.766044 0.642788
vn 0.000000 -0.766044 0.642788
vn 0.000000 -0.766044 0.642788
vn 0.000000 -0.766044 0.642788
vn 0.000000 -0.766044 0.642788
vn 0.000000 -0.766044 0.642788
vn 0.000000 -0.766044 0.642788
vn 0.000000 -0.766044 0.642788
vn 0.000000 -0.766044 0.642788
vn 0.000000 -0.766044 0.642788
vn 0.000000 -0.766044 0.642788
vn 0.000000 -0.766044 0.642788
vn 0.000000 -0.766044 0.642788
vn 0.000000 -0.766044 0.642788
vn 0.000000 -0.766044 0.642788
vn 0.000000 -0.766044 0.642788
vn 0.000000 -0.766044 0.642788
vn 0.000000 -0.766044 0.642788
vn 0.000000 -0.766044 0.642788
vn 0.000000 -0.766044 0.642788
vn 0.000000 -0.766044 0.642788
vn 0.000000 -0.766044 0.642788
vn 0.000000 -0.766044 0.642788
vn 0.000000 -0.766044 0.642788
vn 0.000000 -0.766044 0.642788
vn 0.000000 -0.766044 0.642788
vn 0.000000 -0.766044 0.642788
vn 0.000000 -0.766044 0.642788
vn 0.000000 -0.766044 0.642788
vn 0.000000 -0.766044 0.642788
vn 0.000000 -0.766044 0.642788
vn 0.000000 -0.766044 0.642788
vn 0.000000 -0.766044 0.642788
vn 0.000000 -0.766044 0.642788
vn 0.000000 -0.766044 0.642788
vn 0.000000 -0.766044 0.642788
vn 0.000000 -0.766044 0.642788
vn 0.000000 -0.766044 0.642788
vn 0.000000 -0.766044 0.642788
vn 0.000000 -0.766044 0.642788
vn 0.000000 -0.766044 0.642788
vn 0.000000 -0.766044 0.642788
vn 0.000000 -0.766044 0.642788
vn 0.000000 -0.766044 0.642788
vn 0.000000 -0.766044 0.642788
vn 0.000000 -0.766044 0.642788
vn 0.000000 -0.766044 0.642788
vn 0.000000 -0.766044 0.642788
vn 0.000000 -0.766044 0.642788
vn 0.000000 -0.766044 0.642788
vn 0.000000 -0.766044 0.642788
vn 0.000000 -0.766044 0.642788
vn 0.000000 -0.766044 0.642788
vn 0.000000 -0.766044 0.642788
vn 0.000000 -0.766044 0.642788
vn 0.000000 -0.766044 0.642788
vn 0.000000 -0.766044 0.642788
vn 0.000000 -0.766044 0.642788
vn 0.000000 -0.766044 0.642788
vn 0.000000 -0.766044 0.642788
vn 0.000000 -0.766044 0.642788
vn 0.000000 -0.766044 0.642788
vn 0.000000 -0.766044 0.642788
vn 0.000000 -0.766044 0.642788
vn 0.000000 -0.766044 0.642788
vn 0.000000 -0.766044 0.642788
vn 0.000000 -0.766044 0.642788
vn 0.000000 -0.766044 0.642788
vn 0.000000 -0.766044 0.642788
vn 0.000000 -0.766044 0.642788
vn 0.000000 -0.766044 0.642788
vn 0.000000 -0.766044 0.642788
vn 0.000000 -0.766044 0.642788
vn 0.000000 -0.766044 0.642788
vn 0.000000 -0.766044 0.642788
vn 0.000000 -0.766044 0.642788
vn 0.000000 -0.766044 0.642788
vn 0.000000 -0.766044 0.642788
vn 0.000000 -0.766044 0.642788
vn 0.000000 -0.766044 0.642788
vn 0.000000 -0.766044 0.642788
vn 0.000000 -0.766044 0.642788
vn 0.000000 -0.766044 0.642788
vn 0.000000 -0.766044 0.642788
vn 0.000000 -0.766044 0.642788
vn 0.000000 -0.766044 0.642788
vn 0.000000 -0.766044 0.642788
vn 0.000000 -0.766044 0.642788
vn 0.000000 -0.766044 0.642788
vn 0.000000 -0.766044 0.642788
vn 0.000000 -0.766044 0.642788
vn 0.000000 -0.766044 0.642788
vn 0.000000 -0.766044 0.642788
vn 0.000000 -0.766044 0.642788
vn 0.000000 -0.766044 0.642788
vn 0.000000 -0.766044 0.642788
vn 0.000000 -0.766044 0.642788
vn 0.000000 -0.766044 0.642788
vn 0.000000 -0.766044 0.642788
vn 0.000000 -0.766044 0.642788
vn 0.000000 -0.766044 0.642788
vn 0.000000 -0.766044 0.642788
vn 0.000000 -0.766044 0.642788
vn 0.000000 -0.766044 0.642788
vn 0.000000 -0.766044 0.642788
vn 0.000000 -0.766044 0.642788
vn 0.000000 -0.766044 0.642788
vn 0.000000 -0.766044 0.642788
vn 0.000000 -0.766044 0.642788
vn 0.000000 -0.766044 0.642788
vn 0.000000 -0.766044 0.642788
vn 0.000000 -0.766044 0.642788
vn 0.000000 -0.766044 0.642788
vn 0.000000 -0.766044 0.642788
vn 0.000000 -0.766044 0.642788
vn 0.000000 -0.766044 0.642788
vn 0.000000 -0.766044 0.642788
vn 0.000000 -0.766044 0.642788
vn 0.000000 -0.766044 0.642788
vn 0.000000 -0.766044 0.642788
vn 0.000000 -0.766044 0.642788
vn 0.000000 -0.766044 0.642788
vn 0.000000 -0.766044 0.642788
vn 0.000000 -0.766044 0.642788
vn 0.000000 -0.766044 0.642788
vn 0.000000 -0.766044 0.642788
vn 0.000000 -0.766044 0.642788
vn 0.000000 -0.766044 0.642788
vn 0.000000 -0.766044 0.642788
vn 0.000000 -0.766044 0.642788
vn 0.000000 -0.766044 0.642788
vn 0.000000 -0.766044 0.642788
vn 0.000000 -0.766044 0.642788
vn 0.000000 -0.766044 0.642788
vn 0.000000 -0.766044 0.642788
vn 0.000000 -0.766044 0.642788
vn 0.000000 -0.766044 0.642788
vn 0.000000 -0.766044 0.642788
vn 0.000000 -0.766044 0.642788
vn 0.000000 -0.766044 0.642788
vn 0.000000 -0.766044 0.642788
vn 0.000000 -0.766044 0.642788
vn 0.000000 -0.766044 0.642788
vn 0.000000 -0.766044 0.642788
vn 0.000000 -0.766044 0.642788
vn 0.000000 -0.766044 0.642788
vn 0.000000 -0.766044 0.642788
vn 0.000000 -0.766044 0.642788
vn 0.000000 -0.766044 0.642788
vn 0.000000 -0.766044 0.642788
vn 0.000000 -0.766044 0.642788
vn 0.000000 -0.766044 0.642788
vn 0.000000 -0.766044 0.642788
vn 0.000000 -0.766044 0.642788
vn 0.000000 -0.766044 0.642788
vn 0.000000 -0.766044 0.642788
vn 0.000000 -0.766044 0.642788
vn 0.000000 -0.766044 0.642788
vn 0.000000 -0.766044 0.642788
vn 0.000000 -0.766044 0.642788
vn 0.000000 -0.766044 0.642788
vn 0.000000 -0.766044 0.642788
vn 0.000000 -0.766044 0.642788
vn 0.000000 -0.766044 0.642788
vn 0.000000 -0.766044 0.642788
vn 0.000000 -0.766044 0.642788
vn 0.000000 -0.766044 0.642788
vn 0.000000 -0.766044 0.642788
vn 0.000000 -0.766044 0.642788
vn 0.000000 -0.766044 0.642788
vn 0.000000 -0.766044 0.642788
vn 0.000000 -0.766044 0.642788
vn 0.000000 -0.766044 0.642788
vn 0.000000 -0.766044 0.642788
vn 0.000000 -0.766044 0.642788
vn 0.000000 -0.766044 0.642788
vn 0.000000 -0.766044 0.642788
vn 0.000000 -0.766044 0.642788
vn 0.000000 -0.766044 0.642788
vn 0.000000 -0.766044 0.642788
vn 0.000000 -0.766044 0.642788
vn 0.000000 -0.766044 0.642788
vn 0.000000 -0.766044 0.642788
vn 0.000000 -0.766044 0.642788
vn 0.000000 -0.766044 0.642788
vn 0.000000 -0.766044 0.642788
vn 0.000000 -0.766044 0.642788
vn 0.000000 -0.766044 0.642788
vn 0.000000 -0.766044 0.642788
vn 0.000000 -0.766044 0.642788
vn 0.000000 -0.766044 0.642788
vn 0.000000 -0.766044 0.642788
vn 0.000000 -0.766044 0.642788
vn 0.000000 -0.766044 0.642788
vn 0.000000 -0.766044 0.642788
vn 0.000000 -0.766044 0.642788
vn 0.000000 -0.766044 0.642788
vn 0.000000 -0.766044 0.642788
vn 0.000000 -0.766044 0.642788
vn 0.000000 -0.766044 0.642788
vn 0.000000 -0.766044 0.642788
vn 0.000000 -0.766044 0.642788
vn 0.000000 -0.766044 0.642788
vn 0.000000 -0.766044 0.642788
vn 0.000000 -0.766044 0.642788
vn 0.000000 -0.766044 0.642788
vn 0.000000 -0.766044 0.642788
vn 0.000000 -0.766044 0.642788
vn 0.000000 -0.766044 0.642788
vn 0.000000 -0.766044 0.642788
vn 0.000000 -0.766044 0.642788
vn 0.000000 -0.766044 0.642788
vn 0.000000 -0.766044 0.642788
vn 0.000000 -0.766044 0.642788
vn 0.000000 -0.766044 0.642788
vn 0.000000 -0.766044 0.642788
vn 0.000000 -0.766044 0.642788
vn 0.000000 -0.766044 0.642788
vn 0.000000 -0.766044 0.642788
vn 0.000000 -0.766044 0.642788
vn 0.000000 -0.766044 0.642788
vn 0.000000 -0.766044 0.642788
vn 0.000000 -0.766044 0.642788
vn 0.000000 -0.766044 0.642788
vn 0.000000 -0.766044 0.642788
vn 0.000000 -0.766044 0.642788
vn 0.000000 -0.766044 0.642788
vn 0.000000 -0.766044 0.642788
vn 0.000000 -0.766044 0.642788
vn 0.000000 -0.766044 0.642788
vn 0.000000 -0.766044 0.642788
vn 0.000000 -0.766044 0.642788
vn 0.000000 -0.766044 0.642788
vn 0.000000 -0.766044 0.642788
vn 0.000000 -0.766044 0.642788
vn 0.000000 -0.766044 0.642788
vn 0.000000 -0.766044 0.642788
vn 0.000000 -0.766044 0.642788
vn 0.000000 -0.766044 0.642788
vn 0.000000 -0.766044 0.642788
vn 0.000000 -0.766044 0.642788
vn 0.000000 -0.766044 0.642788
vn 0.000000 -0.766044 0.642788
vn 0.000000 -0.766044 0.642788
vn 0.000000 -0.766044 0.642788
vn 0.000000 -0.766044 0.642788
vn 0.000000 -0.766044 0.642788
vn 0.000000 -0.766044 0.642788
vn 0.000000 -0.766044 0.642788
vn 0.000000 -0.766044 0.642788
vn 0.000000 -0.766044 0.642788
vn 0.000000 -0.766044 0.642788
vn 0.000000 -0.766044 0.642788
vn 0.000000 -0.766044 0.642788
vn 0.000000 -0.766044 0.642788
vn 0.000000 -0.766044 0.642788
vn 0.000000 -0.766044 0.642788
vn 0.000000 -0.766044 0.642788
vn 0.000000 -0.766044 0.642788
vn 0.000000 -0.766044 0.642788
vn 0.000000 -0.766044 0.642788
vn 0.000000 -0.766044 0.642788
vn 0.000000 -0.766044 0.642788
vn 0.000000 -0.766044 0.642788
vn 0.000000 -0.766044 0.642788
vn 0.000000 -0.766044 0.642788
vn 0.000000 -0.766044 0.642788
vn 0.000000 -0.766044 0.642788
vn 0.000000 -0.766044 0.642788
vn 0.000000 -0.766044 0.642788
vn 0.000000 -0.766044 0.642788
vn 0.000000 -0.766044 0.642788
vn 0.000000 -0.766044 0.642788
vn 0.000000 -0.766044 0.642788
vn 0.000000 -0.766044 0.642788
vn 0.000000 -0.766044 0.642788
vn 0.000000 -0.766044 0.642788
vn 0.000000 -0.766044 0.642788
vn 0.000000 -0.766044 0.642788
vn 0.000000 -0.766044 0.642788
vn 0.000000 -0.766044 0.642788
vn -0.000000 0.642788 0.766044
vn -0.000000 0.642788 0.766044
vn -0.156434 0.634874 0.756613
vn -0.156434 0.634874 0.756613
vn -0.309017 0.611327 0.728552
vn -0.309017 0.611327 0.728552
vn -0.453990 0.572728 0.682551
vn -0.453990 0.572728 0.682551
vn -0.587785 0.520026 0.619743
vn -0.587785 0.520026 0.619743
vn -0.707107 0.454519 0.541675
vn -0.707107 0.454519 0.541675
vn -0.809017 0.377821 0.450270
vn -0.809017 0.377821 0.450270
vn -0.891007 0.291819 0.347777
vn -0.891007 0.291819 0.347777
vn -0.951057 0.198632 0.236721
vn -0.951057 0.198632 0.236721
vn -0.987688 0.100554 0.119836
vn -0.987688 0.100554 0.119836
vn -0.899844 0.280392 0.334158
vn -0.899844 0.280392 0.334158
vn -0.931484 0.233834 0.278673
vn -0.931484 0.233834 0.278673
vn -0.957306 0.185816 0.221447
vn -0.957306 0.185816 0.221447
vn -0.977146 0.136636 0.162837
vn -0.977146 0.136636 0.162837
vn -0.990882 0.086604 0.103210
vn -0.990882 0.086604 0.103210
vn -0.998428 0.036030 0.042939
vn -0.998428 0.036030 0.042939
vn -0.999736 -0.014769 -0.017601
vn -0.999736 -0.014769 -0.017601
vn -0.994798 -0.065476 -0.078031
vn -0.994798 -0.065476 -0.078031
vn -0.983646 -0.115774 -0.137974
vn -0.983646 -0.115774 -0.137974
vn -0.966349 -0.165348 -0.197054
vn -0.966349 -0.165348 -0.197054
vn -0.943014 -0.213889 -0.254904
vn -0.943014 -0.213889 -0.254904
vn -0.913788 -0.261095 -0.311160
vn -0.913788 -0.261095 -0.311160
vn -0.878853 -0.306669 -0.365473
vn -0.878853 -0.306669 -0.365473
vn -0.838428 -0.350327 -0.417503
vn -0.838428 -0.350327 -0.417503
vn -0.792765 -0.391796 -0.466925
vn -0.792765 -0.391796 -0.466925
vn -0.742150 -0.430818 -0.513429
vn -0.742150 -0.430818 -0.513429
vn -0.686897 -0.467149 -0.556726
vn -0.686897 -0.467149 -0.556726
vn -0.686897 -0.467149 -0.556726
vn -0.686897 -0.467149 -0.556726
vn -0.899844 0.280392 0.334158
vn -0.899844 0.280392 0.334158
vn -0.931484 0.233834 0.278673
vn -0.931484 0.233834 0.278673
vn -0.957306 0.185816 0.221447
vn -0.957306 0.185816 0.221447
vn -0.977146 0.136636 0.162837
vn -0.977146 0.136636 0.162837
vn -0.990882 0.086604 0.103210
vn -0.990882 0.086604 0.103210
vn -0.998428 0.036030 0.042939
vn -0.998428 0.036030 0.042939
vn -0.999736 -0.014769 -0.017601
vn -0.999736 -0.014769 -0.017601
vn -0.994798 -0.065476 -0.078031
vn -0.994798 -0.065476 -0.078031
vn -0.983646 -0.115774 -0.137974
vn -0.983646 -0.115774 -0.137974
vn -0.966349 -0.165348 -0.197054
vn -0.966349 -0.165348 -0.197054
vn -0.943014 -0.213889 -0.254904
vn -0.943014 -0.213889 -0.254904
vn -0.913788 -0.261095 -0.311160
vn -0.913788 -0.261095 -0.311160
vn -0.878853 -0.306669 -0.365473
vn -0.878853 -0.306669 -0.365473
vn -0.838428 -0.350327 -0.417503
vn -0.838428 -0.350327 -0.417503
vn -0.792765 -0.391796 -0.466925
vn -0.792765 -0.391796 -0.466925
vn -0.742150 -0.430818 -0.513429
vn -0.742150 -0.430818 -0.513429
vn -0.686897 -0.467149 -0.556726
vn -0.686897 -0.467149 -0.556726
vn -0.686897 -0.467149 -0.556726
vn -0.686897 -0.467149 -0.556726
vn 0.686897 0.467149 0.556726
vn 0.686897 0.467149 0.556726
vn 0.628741 0.499841 0.595687
vn 0.628741 0.499841 0.595687
vn 0.566832 0.529550 0.631093
vn 0.566832 0.529550 0.631093
vn 0.501539 0.556098 0.662732
vn 0.501539 0.556098 0.662732
vn 0.433253 0.579327 0.690415
vn 0.433253 0.579327 0.690415
vn 0.362381 0.599097 0.713977
vn 0.362381 0.599097 0.713977
vn 0.289345 0.615292 0.733277
vn 0.289345 0.615292 0.733277
vn 0.214583 0.627814 0.748200
vn 0.214583 0.627814 0.748200
vn 0.138540 0.636589 0.758657
vn 0.138540 0.636589 0.758657
vn 0.061670 0.641564 0.764586
vn 0.061670 0.641564 0.764586
vn -0.015569 0.642710 0.765952
vn -0.015569 0.642710 0.765952
vn -0.092714 0.640019 0.762745
vn -0.092714 0.640019 0.762745
vn -0.169306 0.633508 0.754985
vn -0.169306 0.633508 0.754985
vn -0.244887 0.623216 0.742720
vn -0.244887 0.623216 0.742720
vn -0.319007 0.609203 0.726020
vn -0.319007 0.609203 0.726020
vn -0.391222 0.591555 0.704988
vn -0.391222 0.591555 0.704988
vn -0.461103 0.570375 0.679747
vn -0.461103 0.570375 0.679747
vn -0.528231 0.545791 0.650449
vn -0.528231 0.545791 0.650449
vn -0.592206 0.517950 0.617268
vn -0.592206 0.517950 0.617268
vn -0.652646 0.487016 0.580403
vn -0.652646 0.487016 0.580403
vn -0.652646 0.487016 0.580403
vn -0.652646 0.487016 0.580403
vn 0.686897 0.467149 0.556726
vn 0.686897 0.467149 0.556726
vn 0.628741 0.499841 0.595687
vn 0.628741 0.499841 0.595687
vn 0.566832 0.529550 0.631093
vn 0.566832 0.529550 0.631093
vn 0.501539 0.556098 0.662732
vn 0.501539 0.556098 0.662732
vn 0.433253 0.579327 0.690415
vn 0.433253 0.579327 0.690415
vn 0.362381 0.599097 0.713977
vn 0.362381 0.599097 0.713977
vn 0.289345 0.615292 0.733277
vn 0.289345 0.615292 0.733277
vn 0.214583 0.627814 0.748200
vn 0.214583 0.627814 0.748200
vn 0.138540 0.636589 0.758657
vn 0.138540 0.636589 0.758657
vn 0.061670 0.641564 0.764586
vn 0.061670 0.641564 0.764586
vn -0.015569 0.642710 0.765952
vn -0.015569 0.642710 0.765952
vn -0.092714 0.640019 0.762745
vn -0.092714 0.640019 0.762745
vn -0.169306 0.633508 0.754985
vn -0.169306 0.633508 0.754985
vn -0.244887 0.623216 0.742720
vn -0.244887 0.623216 0.742720
vn -0.319007 0.609203 0.726020
vn -0.319007 0.609203 0.726020
vn -0.391222 0.591555 0.704988
vn -0.391222 0.591555 0.704988
vn -0.461103 0.570375 0.679747
vn -0.461103 0.570375 0.679747
vn -0.528231 0.545791 0.650449
vn -0.528231 0.545791 0.650449
vn -0.592206 0.517950 0.617268
vn -0.592206 0.517950 0.617268
vn -0.652646 0.487016 0.580403
vn -0.652646 0.487016 0.580403
vn -0.652646 0.487016 0.580403
vn -0.652646 0.487016 0.580403
vn 0.652646 -0.487016 -0.580403
vn 0.652646 -0.487016 -0.580403
vn 0.710634 -0.452241 -0.538959
vn 0.710634 -0.452241 -0.538959
vn 0.764153 -0.414621 -0.494126
vn 0.764153 -0.414621 -0.494126
vn 0.812865 -0.374393 -0.446184
vn 0.812865 -0.374393 -0.446184
vn 0.856465 -0.331810 -0.395436
vn 0.856465 -0.331810 -0.395436
vn 0.894678 -0.287141 -0.342201
vn 0.894678 -0.287141 -0.342201
vn 0.927264 -0.240665 -0.286814
vn 0.927264 -0.240665 -0.286814
vn 0.954017 -0.192676 -0.229623
vn 0.954017 -0.192676 -0.229623
vn 0.974771 -0.143475 -0.170987
vn 0.974771 -0.143475 -0.170987
vn 0.989393 -0.093372 -0.111276
vn 0.989393 -0.093372 -0.111276
vn 0.997793 -0.042681 -0.050866
vn 0.997793 -0.042681 -0.050866
vn 0.999917 0.008278 0.009865
vn 0.999917 0.008278 0.009865
vn 0.995752 0.059185 0.070534
vn 0.995752 0.059185 0.070534
vn 0.985324 0.109720 0.130759
vn 0.985324 0.109720 0.130759
vn 0.968699 0.159564 0.190161
vn 0.968699 0.159564 0.190161
vn 0.945981 0.208405 0.248368
vn 0.945981 0.208405 0.248368
vn 0.917314 0.255936 0.305012
vn 0.917314 0.255936 0.305012
vn 0.882877 0.301856 0.359738
vn 0.882877 0.301856 0.359738
vn 0.882877 0.301856 0.359738
vn 0.882877 0.301856 0.359738
vn 0.882877 0.301856 0.359738
vn 0.882877 0.301856 0.359738
vn 0.652646 -0.487016 -0.580403
vn 0.652646 -0.487016 -0.580403
vn 0.710634 -0.452241 -0.538959
vn 0.710634 -0.452241 -0.538959
vn 0.764153 -0.414621 -0.494126
vn 0.764153 -0.414621 -0.494126
vn 0.812865 -0.374393 -0.446184
vn 0.812865 -0.374393 -0.446184
vn 0.856465 -0.331810 -0.395436
vn 0.856465 -0.331810 -0.395436
vn 0.894678 -0.287141 -0.342201
vn 0.894678 -0.287141 -0.342201
vn 0.927264 -0.240665 -0.286814
vn 0.927264 -0.240665 -0.286814
vn 0.954017 -0.192676 -0.229623
vn 0.954017 -0.192676 -0.229623
vn 0.974771 -0.143475 -0.170987
vn 0.974771 -0.143475 -0.170987
vn 0.989393 -0.093372 -0.111276
vn 0.989393 -0.093372 -0.111276
vn 0.997793 -0.042681 -0.050866
vn 0.997793 -0.042681 -0.050866
vn 0.999917 0.008278 0.009865
vn 0.999917 0.008278 0.009865
vn 0.995752 0.059185 0.070534
vn 0.995752 0.059185 0.070534
vn 0.985324 0.109720 0.130759
vn 0.985324 0.109720 0.130759
vn 0.968699 0.159564 0.190161
vn 0.968699 0.159564 0.190161
vn 0.945981 0.208405 0.248368
vn 0.945981 0.208405 0.248368
vn 0.917314 0.255936 0.305012
vn 0.917314 0.255936 0.305012
vn 0.882877 0.301856 0.359738
vn 0.882877 0.301856 0.359738
vn 0.882877 0.301856 0.359738
vn 0.882877 0.301856 0.359738
vn 0.882877 0.301856 0.359738
vn 0.882877 0.301856 0.359738
vn -0.882877 -0.301856 -0.359738
vn -0.882877 -0.301856 -0.359738
vn -0.843267 -0.345495 -0.411745
vn -0.843267 -0.345495 -0.411745
vn -0.798448 -0.386999 -0.461208
vn -0.798448 -0.386999 -0.461208
vn -0.748696 -0.426113 -0.507821
vn -0.748696 -0.426113 -0.507821
vn -0.694318 -0.462594 -0.551298
vn -0.694318 -0.462594 -0.551298
vn -0.635651 -0.496217 -0.591368
vn -0.635651 -0.496217 -0.591368
vn -0.573058 -0.526774 -0.627785
vn -0.573058 -0.526774 -0.627785
vn -0.506923 -0.554077 -0.660324
vn -0.506923 -0.554077 -0.660324
vn -0.437657 -0.577957 -0.688783
vn -0.437657 -0.577957 -0.688783
vn -0.365688 -0.598267 -0.712986
vn -0.365688 -0.598267 -0.712986
vn -0.291459 -0.614880 -0.732785
vn -0.291459 -0.614880 -0.732785
vn -0.215429 -0.627695 -0.748057
vn -0.215429 -0.627695 -0.748057
vn -0.138068 -0.636631 -0.758708
vn -0.138068 -0.636631 -0.758708
vn -0.059855 -0.641635 -0.764671
vn -0.059855 -0.641635 -0.764671
vn 0.018728 -0.642675 -0.765910
vn 0.018728 -0.642675 -0.765910
vn 0.097196 -0.639744 -0.762417
vn 0.097196 -0.639744 -0.762417
vn 0.175063 -0.632861 -0.754215
vn 0.175063 -0.632861 -0.754215
vn 0.251848 -0.622068 -0.741352
vn 0.251848 -0.622068 -0.741352
vn 0.327078 -0.607433 -0.723910
vn 0.327078 -0.607433 -0.723910
vn 0.400287 -0.589044 -0.701995
vn 0.400287 -0.589044 -0.701995
vn 0.471023 -0.567016 -0.675744
vn 0.471023 -0.567016 -0.675744
vn 0.538849 -0.541486 -0.645318
vn 0.538849 -0.541486 -0.645318
vn 0.603346 -0.512610 -0.610905
vn 0.603346 -0.512610 -0.610905
vn 0.664116 -0.480567 -0.572717
vn 0.664116 -0.480567 -0.572717
vn 0.720783 -0.445555 -0.530992
vn 0.720783 -0.445555 -0.530992
vn 0.772997 -0.407791 -0.485986
vn 0.772997 -0.407791 -0.485986
vn 0.820435 -0.367507 -0.437978
vn 0.820435 -0.367507 -0.437978
vn 0.862805 -0.324953 -0.387264
vn 0.862805 -0.324953 -0.387264
vn 0.899844 -0.280392 -0.334158
vn 0.899844 -0.280392 -0.334158
vn 0.899844 -0.280392 -0.334158
vn 0.899844 -0.280392 -0.334158
vn 0.899844 -0.280392 -0.334158
vn -0.882877 -0.301856 -0.359738
vn -0.882877 -0.301856 -0.359738
vn -0.843267 -0.345495 -0.411745
vn -0.843267 -0.345495 -0.411745
vn -0.798448 -0.386999 -0.461208
vn -0.798448 -0.386999 -0.461208
vn -0.748696 -0.426113 -0.507821
vn -0.748696 -0.426113 -0.507821
vn -0.694318 -0.462594 -0.551298
vn -0.694318 -0.462594 -0.551298
vn -0.635651 -0.496217 -0.591368
vn -0.635651 -0.496217 -0.591368
vn -0.573058 -0.526774 -0.627785
vn -0.573058 -0.526774 -0.627785
vn -0.506923 -0.554077 -0.660324
vn -0.506923 -0.554077 -0.660324
vn -0.437657 -0.577957 -0.688783
vn -0.437657 -0.577957 -0.688783
vn -0.365688 -0.598267 -0.712986
vn -0.365688 -0.598267 -0.712986
vn -0.291459 -0.614880 -0.732785
vn -0.291459 -0.614880 -0.732785
vn -0.215429 -0.627695 -0.748057
vn -0.215429 -0.627695 -0.748057
vn -0.138068 -0.636631 -0.758708
vn -0.138068 -0.636631 -0.758708
vn -0.059855 -0.641635 -0.764671
vn -0.059855 -0.641635 -0.764671
vn 0.018728 -0.642675 -0.765910
vn 0.018728 -0.642675 -0.765910
vn 0.097196 -0.639744 -0.762417
vn 0.097196 -0.639744 -0.762417
vn 0.175063 -0.632861 -0.754215
vn 0.175063 -0.632861 -0.754215
vn 0.251848 -0.622068 -0.741352
vn 0.251848 -0.622068 -0.741352
vn 0.327078 -0.607433 -0.723910
vn 0.327078 -0.607433 -0.723910
vn 0.400287 -0.589044 -0.701995
vn 0.400287 -0.589044 -0.701995
vn 0.471023 -0.567016 -0.675744
vn 0.471023 -0.567016 -0.675744
vn 0.538849 -0.541486 -0.645318
vn 0.538849 -0.541486 -0.645318
vn 0.603346 -0.512610 -0.610905
vn 0.603346 -0.512610 -0.610905
vn 0.664116 -0.480567 -0.572717
vn 0.664116 -0.480567 -0.572717
vn 0.720783 -0.445555 -0.530992
vn 0.720783 -0.445555 -0.530992
vn 0.772997 -0.407791 -0.485986
vn 0.772997 -0.407791 -0.485986
vn 0.820435 -0.367507 -0.437978
vn 0.820435 -0.367507 -0.437978
vn 0.862805 -0.324953 -0.387264
vn 0.862805 -0.324953 -0.387264
vn 0.899844 -0.280392 -0.334158
vn 0.899844 -0.280392 -0.334158
vn 0.899844 -0.280392 -0.334158
vn 0.899844 -0.280392 -0.334158
vn 0.899844 -0.280392 -0.334158
vn 0.799167 0.386385 0.460476
vn 0.799167 0.386385 0.460476
vn 0.696038 0.461525 0.550024
vn 0.696038 0.461525 0.550024
vn 0.575995 0.525449 0.626206
vn 0.575995 0.525449 0.626206
vn 0.441955 0.576605 0.687170
vn 0.441955 0.576605 0.687170
vn 0.297175 0.613748 0.731437
vn 0.297175 0.613748 0.731437
vn 0.145174 0.635978 0.757929
vn 0.145174 0.635978 0.757929
vn -0.010355 0.642753 0.766003
vn -0.010355 0.642753 0.766003
vn -0.165633 0.633909 0.755463
vn -0.165633 0.633909 0.755463
vn -0.316885 0.609661 0.726565
vn -0.316885 0.609661 0.726565
vn -0.460437 0.570598 0.680012
vn -0.460437 0.570598 0.680012
vn -0.592801 0.517669 0.616933
vn -0.592801 0.517669 0.616933
vn -0.710759 0.452160 0.538863
vn -0.710759 0.452160 0.538863
vn -0.811445 0.375664 0.447699
vn -0.811445 0.375664 0.447699
vn -0.892413 0.290039 0.345655
vn -0.892413 0.290039 0.345655
vn -0.951694 0.197366 0.235211
vn -0.951694 0.197366 0.235211
vn -0.987850 0.099897 0.119052
vn -0.987850 0.099897 0.119052
vn -1.000000 0.000000 0.000000
vn -1.000000 0.000000 0.000000
vn -1.000000 0.000000 0.000000
vn -1.000000 0.000000 0.000000
vn -1.000000 0.000000 0.000000
vn -1.000000 0.000000 0.000000
vn 0.956560 -0.187396 -0.223330
vn 0.956560 -0.187396 -0.223330
vn 0.990177 -0.089875 -0.107109
vn 0.990177 -0.089875 -0.107109
vn 0.999883 0.009817 0.011699
vn 0.999883 0.009817 0.011699
vn 0.985445 0.109271 0.130224
vn 0.985445 0.109271 0.130224
vn 0.947210 0.206086 0.245604
vn 0.947210 0.206086 0.245604
vn 0.886102 0.297926 0.355054
vn 0.886102 0.297926 0.355054
vn 0.803597 0.382570 0.455930
vn 0.803597 0.382570 0.455930
vn 0.701687 0.457977 0.545796
vn 0.701687 0.457977 0.545796
vn 0.582832 0.522324 0.622482
vn 0.582832 0.522324 0.622482
vn 0.449903 0.574059 0.684137
vn 0.449903 0.574059 0.684137
vn 0.306111 0.611931 0.729271
vn 0.306111 0.611931 0.729271
vn 0.154926 0.635027 0.756795
vn 0.154926 0.635027 0.756795
vn 0.000000 0.642788 0.766044
vn 0.000000 0.642788 0.766044
vn 0.000000 0.642788 0.766044
vn 0.000000 0.642788 0.766044
vn -0.157772 0.634737 0.756450
vn -0.157772 0.634737 0.756450
vn -0.311592 0.610787 0.727908
vn -0.311592 0.610787 0.727908
vn -0.457607 0.571538 0.681132
vn -0.457607 0.571538 0.681132
vn -0.592159 0.517972 0.617295
vn -0.592159 0.517972 0.617295
vn -0.711878 0.451432 0.537995
vn -0.711878 0.451432 0.537995
vn -0.813766 0.373583 0.445219
vn -0.813766 0.373583 0.445219
vn -0.895270 0.286377 0.341291
vn -0.895270 0.286377 0.341291
vn -0.954348 0.191998 0.228814
vn -0.954348 0.191998 0.228814
vn -0.989522 0.092809 0.110606
vn -0.989522 0.092809 0.110606
vn -0.999908 -0.008704 -0.010373
vn -0.999908 -0.008704 -0.010373
vn -0.985249 -0.110000 -0.131093
vn -0.985249 -0.110000 -0.131093
vn -0.945910 -0.208540 -0.248528
vn -0.945910 -0.208540 -0.248528
vn -0.882877 -0.301856 -0.359738
vn -0.882877 -0.301856 -0.359738
vn -0.882877 -0.301856 -0.359738
vn 0.000000 0.642788 0.766044
vn 0.000000 0.642788 0.766044
vn -0.157772 0.634737 0.756450
vn -0.157772 0.634737 0.756450
vn -0.311592 0.610787 0.727908
vn -0.311592 0.610787 0.727908
vn -0.457607 0.571538 0.681132
vn -0.457607 0.571538 0.681132
vn -0.592159 0.517972 0.617295
vn -0.592159 0.517972 0.617295
vn -0.711878 0.451432 0.537995
vn -0.711878 0.451432 0.537995
vn -0.813766 0.373583 0.445219
vn -0.813766 0.373583 0.445219
vn -0.895270 0.286377 0.341291
vn -0.895270 0.286377 0.341291
vn -0.954348 0.191998 0.228814
vn -0.954348 0.191998 0.228814
vn -0.989522 0.092809 0.110606
vn -0.989522 0.092809 0.110606
vn -0.999908 -0.008704 -0.010373
vn -0.999908 -0.008704 -0.010373
vn -0.985249 -0.110000 -0.131093
vn -0.985249 -0.110000 -0.131093
vn -0.945910 -0.208540 -0.248528
vn -0.945910 -0.208540 -0.248528
vn -0.882877 -0.301856 -0.359738
vn -0.882877 -0.301856 -0.359738
vn -0.882877 -0.301856 -0.359738
vn 0.799167 0.386385 0.460476
vn 0.799167 0.386385 0.460476
vn 0.696038 0.461525 0.550024
vn 0.696038 0.461525 0.550024
vn 0.575995 0.525449 0.626206
vn 0.575995 0.525449 0.626206
vn 0.441955 0.576605 0.687170
vn 0.441955 0.576605 0.687170
vn 0.297175 0.613748 0.731437
vn 0.297175 0.613748 0.731437
vn 0.145174 0.635978 0.757929
vn 0.145174 0.635978 0.757929
vn -0.010355 0.642753 0.766003
vn -0.010355 0.642753 0.766003
vn -0.165633 0.633909 0.755463
vn -0.165633 0.633909 0.755463
vn -0.316885 0.609661 0.726565
vn -0.316885 0.609661 0.726565
vn -0.460437 0.570598 0.680012
vn -0.460437 0.570598 0.680012
vn -0.592801 0.517669 0.616933
vn -0.592801 0.517669 0.616933
vn -0.710759 0.452160 0.538863
vn -0.710759 0.452160 0.538863
vn -0.811445 0.375664 0.447699
vn -0.811445 0.375664 0.447699
vn -0.892413 0.290039 0.345655
vn -0.892413 0.290039 0.345655
vn -0.951694 0.197366 0.235211
vn -0.951694 0.197366 0.235211
vn -0.987850 0.099897 0.119052
vn -0.987850 0.099897 0.119052
vn -1.000000 0.000000 0.000000
vn -1.000000 0.000000 0.000000
vn -1.000000 0.000000 0.000000
vn -1.000000 0.000000 0.000000
vn -1.000000 0.000000 0.000000
vn -1.000000 0.000000 0.000000
vn -1.000000 0.000000 0.000000
vn -1.000000 0.000000 0.000000
vn -1.000000 0.000000 0.000000
vn -1.000000 0.000000 0.000000
vn -1.000000 0.000000 0.000000
vn -1.000000 0.000000 0.000000
vn -1.000000 0.000000 0.000000
vn -1.000000 0.000000 0.000000
vn -1.000000 0.000000 0.000000
vn -1.000000 0.000000 0.000000
vn -1.000000 0.000000 0.000000
vn -1.000000 0.000000 0.000000
vn -1.000000 0.000000 0.000000
vn -1.000000 0.000000 0.000000
vn -1.000000 0.000000 0.000000
vn -1.000000 0.000000 0.000000
vn -1.000000 0.000000 0.000000
vn -1.000000 0.000000 0.000000
vn -1.000000 0.000000 0.000000
vn -1.000000 0.000000 0.000000
vn -1.000000 0.000000 0.000000
vn -1.000000 0.000000 0.000000
vn -1.000000 0.000000 0.000000
vn -1.000000 0.000000 0.000000
vn -1.000000 0.000000 0.000000
vn -1.000000 0.000000 0.000000
vn -1.000000 0.000000 0.000000
vn -1.000000 0.000000 0.000000
vn -1.000000 0.000000 0.000000
vn -1.000000 0.000000 0.000000
vn -1.000000 0.000000 0.000000
vn -1.000000 0.000000 0.000000
vn 1.000000 -0.000000 -0.000000
vn 1.000000 -0.000000 -0.000000
vn 0.987505 0.101296 0.120719
vn 0.987505 0.101296 0.120719
vn 0.950332 0.200060 0.238422
vn 0.950332 0.200060 0.238422
vn 0.889410 0.293824 0.350166
vn 0.889410 0.293824 0.350166
vn 0.806262 0.380246 0.453160
vn 0.806262 0.380246 0.453160
vn 0.702966 0.457166 0.544829
vn 0.702966 0.457166 0.544829
vn 0.582102 0.522661 0.622883
vn 0.582102 0.522661 0.622883
vn 0.446691 0.575094 0.685371
vn 0.446691 0.575094 0.685371
vn 0.300118 0.613156 0.730731
vn 0.300118 0.613156 0.730731
vn 0.146044 0.635896 0.757831
vn 0.146044 0.635896 0.757831
vn -0.011679 0.642744 0.765992
vn -0.011679 0.642744 0.765992
vn -0.169110 0.633530 0.755011
vn -0.169110 0.633530 0.755011
vn -0.322315 0.608484 0.725163
vn -0.322315 0.608484 0.725163
vn -0.467465 0.568232 0.677192
vn -0.467465 0.568232 0.677192
vn -0.600934 0.513779 0.612298
vn -0.600934 0.513779 0.612298
vn -0.719385 0.446488 0.532103
vn -0.719385 0.446488 0.532103
vn -0.819859 0.368038 0.438611
vn -0.819859 0.368038 0.438611
vn -0.899844 0.280392 0.334158
vn -0.899844 0.280392 0.334158
vn -0.899844 0.280392 0.334158
vn -0.899844 0.280392 0.334158
vn 0.000000 -0.642788 -0.766044
vn 0.000000 -0.642788 -0.766044
vn 0.158290 -0.634684 -0.756387
vn 0.158290 -0.634684 -0.756387
vn 0.312589 -0.610577 -0.727657
vn 0.312589 -0.610577 -0.727657
vn 0.459006 -0.571074 -0.680579
vn 0.459006 -0.571074 -0.680579
vn 0.593850 -0.517172 -0.616341
vn 0.593850 -0.517172 -0.616341
vn 0.713719 -0.450229 -0.536562
vn 0.713719 -0.450229 -0.536562
vn 0.815593 -0.371934 -0.443254
vn 0.815593 -0.371934 -0.443254
vn 0.896901 -0.284261 -0.338769
vn 0.896901 -0.284261 -0.338769
vn 0.955594 -0.189420 -0.225742
vn 0.955594 -0.189420 -0.225742
vn 0.990193 -0.089803 -0.107023
vn 0.990193 -0.089803 -0.107023
vn 0.999823 0.012078 0.014394
vn 0.999823 0.012078 0.014394
vn 0.984244 0.113655 0.135449
vn 0.984244 0.113655 0.135449
vn 0.943847 0.212366 0.253088
vn 0.943847 0.212366 0.253088
vn 0.879651 0.305722 0.364345
vn 0.879651 0.305722 0.364345
vn 0.793276 0.391369 0.466416
vn 0.793276 0.391369 0.466416
vn 0.686897 0.467149 0.556726
vn 0.686897 0.467149 0.556726
vn -0.566301 -0.529785 -0.631373
vn -0.566301 -0.529785 -0.631373
vn -0.432091 -0.579685 -0.690842
vn -0.432091 -0.579685 -0.690842
vn -0.287494 -0.615651 -0.733704
vn -0.287494 -0.615651 -0.733704
vn -0.135987 -0.636817 -0.758928
vn -0.135987 -0.636817 -0.758928
vn 0.018790 -0.642674 -0.765909
vn 0.018790 -0.642674 -0.765909
vn 0.173115 -0.633083 -0.754478
vn 0.173115 -0.633083 -0.754478
vn 0.323279 -0.608272 -0.724911
vn 0.323279 -0.608272 -0.724911
vn 0.465671 -0.568840 -0.677917
vn 0.465671 -0.568840 -0.677917
vn 0.596869 -0.515733 -0.614627
vn 0.596869 -0.515733 -0.614627
vn 0.713719 -0.450229 -0.536562
vn 0.713719 -0.450229 -0.536562
vn 0.813412 -0.373902 -0.445599
vn 0.813412 -0.373902 -0.445599
vn 0.893552 -0.288586 -0.343924
vn 0.893552 -0.288586 -0.343924
vn 0.952211 -0.196333 -0.233981
vn 0.952211 -0.196333 -0.233981
vn 0.987981 -0.099361 -0.118414
vn 0.987981 -0.099361 -0.118414
vn 1.000000 0.000000 0.000000
vn 1.000000 0.000000 0.000000
vn 1.000000 -0.000000 -0.000000
vn 1.000000 -0.000000 -0.000000
vn 1.000000 -0.000000 -0.000000
vn 1.000000 -0.000000 -0.000000
vn 1.000000 -0.000000 -0.000000
vn 1.000000 -0.000000 -0.000000
vn 1.000000 -0.000000 -0.000000
vn 1.000000 -0.000000 -0.000000
vn 1.000000 -0.000000 -0.000000
vn 1.000000 -0.000000 -0.000000
vn 1.000000 -0.000000 -0.000000
vn 1.000000 -0.000000 -0.000000
vn 1.000000 -0.000000 -0.000000
vn 1.000000 -0.000000 -0.000000
vn 1.000000 -0.000000 -0.000000
vn 1.000000 -0.000000 -0.000000
vn 1.000000 -0.000000 -0.000000
vn 1.000000 -0.000000 -0.000000
vn 1.000000 -0.000000 -0.000000
vn 1.000000 -0.000000 -0.000000
vn 1.000000 -0.000000 -0.000000
vn 1.000000 -0.000000 -0.000000
vn 1.000000 -0.000000 -0.000000
vn 1.000000 -0.000000 -0.000000
vn 1.000000 -0.000000 -0.000000
vn 1.000000 -0.000000 -0.000000
vn 1.000000 -0.000000 -0.000000
vn 1.000000 -0.000000 -0.000000
vn 1.000000 -0.000000 -0.000000
vn 1.000000 -0.000000 -0.000000
vn 1.000000 -0.000000 -0.000000
vn 1.000000 -0.000000 -0.000000
vn 1.000000 -0.000000 -0.000000
vn 1.000000 -0.000000 -0.000000
vn -0.988451 -0.097407 -0.116085
vn -0.988451 -0.097407 -0.116085
vn -0.954072 -0.192564 -0.229489
vn -0.954072 -0.192564 -0.229489
vn -0.897657 -0.283274 -0.337593
vn -0.897657 -0.283274 -0.337593
vn -0.820507 -0.367440 -0.437898
vn -0.820507 -0.367440 -0.437898
vn -0.724407 -0.443120 -0.528090
vn -0.724407 -0.443120 -0.528090
vn -0.611574 -0.508565 -0.606084
vn -0.611574 -0.508565 -0.606084
vn -0.484616 -0.562264 -0.670080
vn -0.484616 -0.562264 -0.670080
vn -0.346465 -0.602975 -0.718598
vn -0.346465 -0.602975 -0.718598
vn -0.200311 -0.629760 -0.750519
vn -0.200311 -0.629760 -0.750519
vn -0.049531 -0.641999 -0.765104
vn -0.049531 -0.641999 -0.765104
vn 0.102394 -0.639409 -0.762018
vn 0.102394 -0.639409 -0.762018
vn 0.251953 -0.622051 -0.741331
vn 0.251953 -0.622051 -0.741331
vn 0.395693 -0.590325 -0.703522
vn 0.395693 -0.590325 -0.703522
vn 0.530294 -0.544964 -0.649463
vn 0.530294 -0.544964 -0.649463
vn 0.652646 -0.487016 -0.580403
vn 0.652646 -0.487016 -0.580403
vn -0.988451 -0.097407 -0.116085
vn -0.988451 -0.097407 -0.116085
vn -0.954072 -0.192564 -0.229489
vn -0.954072 -0.192564 -0.229489
vn -0.897657 -0.283274 -0.337593
vn -0.897657 -0.283274 -0.337593
vn -0.820507 -0.367440 -0.437898
vn -0.820507 -0.367440 -0.437898
vn -0.724407 -0.443120 -0.528090
vn -0.724407 -0.443120 -0.528090
vn -0.611574 -0.508565 -0.606084
vn -0.611574 -0.508565 -0.606084
vn -0.484616 -0.562264 -0.670080
vn -0.484616 -0.562264 -0.670080
vn -0.346465 -0.602975 -0.718598
vn -0.346465 -0.602975 -0.718598
vn -0.200311 -0.629760 -0.750519
vn -0.200311 -0.629760 -0.750519
vn -0.049531 -0.641999 -0.765104
vn -0.049531 -0.641999 -0.765104
vn 0.102394 -0.639409 -0.762018
vn 0.102394 -0.639409 -0.762018
vn 0.251953 -0.622051 -0.741331
vn 0.251953 -0.622051 -0.741331
vn 0.395693 -0.590325 -0.703522
vn 0.395693 -0.590325 -0.703522
vn 0.530294 -0.544964 -0.649463
vn 0.530294 -0.544964 -0.649463
vn 0.652646 -0.487016 -0.580403
vn 0.652646 -0.487016 -0.580403
vn -0.759783 0.417926 0.498064
vn -0.759783 0.417926 0.498064
vn -0.849421 0.339209 0.404254
vn -0.849421 0.339209 0.404254
vn -0.919495 0.252681 0.301133
vn -0.919495 0.252681 0.301133
vn -0.968392 0.160332 0.191076
vn -0.968392 0.160332 0.191076
vn -0.994986 0.064291 0.076619
vn -0.994986 0.064291 0.076619
vn -0.998663 -0.033231 -0.039603
vn -0.998663 -0.033231 -0.039603
vn -0.979339 -0.129987 -0.154913
vn -0.979339 -0.129987 -0.154913
vn -0.937460 -0.223750 -0.266655
vn -0.937460 -0.223750 -0.266655
vn -0.873990 -0.312359 -0.372255
vn -0.873990 -0.312359 -0.372255
vn -0.790390 -0.393774 -0.469282
vn -0.790390 -0.393774 -0.469282
vn -0.688586 -0.466120 -0.555500
vn -0.688586 -0.466120 -0.555500
vn -0.570923 -0.527731 -0.628925
vn -0.570923 -0.527731 -0.628925
vn -0.440111 -0.577187 -0.687864
vn -0.440111 -0.577187 -0.687864
vn -0.299163 -0.613349 -0.730961
vn -0.299163 -0.613349 -0.730961
vn -0.151324 -0.635385 -0.757223
vn -0.151324 -0.635385 -0.757223
vn -0.000000 -0.642788 -0.766044
vn -0.000000 -0.642788 -0.766044
vn -0.759783 0.417926 0.498064
vn -0.759783 0.417926 0.498064
vn -0.849421 0.339209 0.404254
vn -0.849421 0.339209 0.404254
vn -0.919495 0.252681 0.301133
vn -0.919495 0.252681 0.301133
vn -0.968392 0.160332 0.191076
vn -0.968392 0.160332 0.191076
vn -0.994986 0.064291 0.076619
vn -0.994986 0.064291 0.076619
vn -0.998663 -0.033231 -0.039603
vn -0.998663 -0.033231 -0.039603
vn -0.979339 -0.129987 -0.154913
vn -0.979339 -0.129987 -0.154913
vn -0.937460 -0.223750 -0.266655
vn -0.937460 -0.223750 -0.266655
vn -0.873990 -0.312359 -0.372255
vn -0.873990 -0.312359 -0.372255
vn -0.790390 -0.393774 -0.469282
vn -0.790390 -0.393774 -0.469282
vn -0.688586 -0.466120 -0.555500
vn -0.688586 -0.466120 -0.555500
vn -0.570923 -0.527731 -0.628925
vn -0.570923 -0.527731 -0.628925
vn -0.440111 -0.577187 -0.687864
vn -0.440111 -0.577187 -0.687864
vn -0.299163 -0.613349 -0.730961
vn -0.299163 -0.613349 -0.730961
vn -0.151324 -0.635385 -0.757223
vn -0.151324 -0.635385 -0.757223
vn -0.000000 -0.642788 -0.766044
vn -0.000000 -0.642788 -0.766044
vn -0.000000 -0.642788 -0.766044
vn -0.000000 -0.642788 -0.766044
vn 0.158290 -0.634684 -0.756387
vn 0.158290 -0.634684 -0.756387
vn 0.312589 -0.610577 -0.727657
vn 0.312589 -0.610577 -0.727657
vn 0.459006 -0.571074 -0.680579
vn 0.459006 -0.571074 -0.680579
vn 0.593850 -0.517172 -0.616341
vn 0.593850 -0.517172 -0.616341
vn 0.713719 -0.450229 -0.536562
vn 0.713719 -0.450229 -0.536562
vn 0.815593 -0.371934 -0.443254
vn 0.815593 -0.371934 -0.443254
vn 0.896901 -0.284261 -0.338769
vn 0.896901 -0.284261 -0.338769
vn 0.955594 -0.189420 -0.225742
vn 0.955594 -0.189420 -0.225742
vn 0.990193 -0.089803 -0.107023
vn 0.990193 -0.089803 -0.107023
vn 0.999823 0.012078 0.014394
vn 0.999823 0.012078 0.014394
vn 0.984244 0.113655 0.135449
vn 0.984244 0.113655 0.135449
vn 0.943847 0.212366 0.253088
vn 0.943847 0.212366 0.253088
vn 0.879651 0.305722 0.364345
vn 0.879651 0.305722 0.364345
vn 0.793276 0.391369 0.466416
vn 0.793276 0.391369 0.466416
vn 0.686897 0.467149 0.556726
vn 0.686897 0.467149 0.556726
vn -0.566301 -0.529785 -0.631373
vn -0.566301 -0.529785 -0.631373
vn -0.432091 -0.579685 -0.690842
vn -0.432091 -0.579685 -0.690842
vn -0.287494 -0.615651 -0.733704
vn -0.287494 -0.615651 -0.733704
vn -0.135987 -0.636817 -0.758928
vn -0.135987 -0.636817 -0.758928
vn 0.018790 -0.642674 -0.765909
vn 0.018790 -0.642674 -0.765909
vn 0.173115 -0.633083 -0.754478
vn 0.173115 -0.633083 -0.754478
vn 0.323279 -0.608272 -0.724911
vn 0.323279 -0.608272 -0.724911
vn 0.465671 -0.568840 -0.677917
vn 0.465671 -0.568840 -0.677917
vn 0.596869 -0.515733 -0.614627
vn 0.596869 -0.515733 -0.614627
vn 0.713719 -0.450229 -0.536562
vn 0.713719 -0.450229 -0.536562
vn 0.813412 -0.373902 -0.445599
vn 0.813412 -0.373902 -0.445599
vn 0.893552 -0.288586 -0.343924
vn 0.893552 -0.288586 -0.343924
vn 0.952211 -0.196333 -0.233981
vn 0.952211 -0.196333 -0.233981
vn 0.987981 -0.099361 -0.118414
vn 0.987981 -0.099361 -0.118414
vn 1.000000 -0.000000 -0.000000
vn 1.000000 0.000000 0.000000
vn 1.000000 -0.000000 -0.000000
vn 1.000000 -0.000000 -0.000000
vn 1.000000 -0.000000 -0.000000
vn 1.000000 -0.000000 -0.000000
vn 0.987505 0.101296 0.120719
vn 0.987505 0.101296 0.120719
vn 0.950332 0.200060 0.238422
vn 0.950332 0.200060 0.238422
vn 0.889410 0.293824 0.350166
vn 0.889410 0.293824 0.350166
vn 0.806262 0.380246 0.453160
vn 0.806262 0.380246 0.453160
vn 0.702966 0.457166 0.544829
vn 0.702966 0.457166 0.544829
vn 0.582102 0.522661 0.622883
vn 0.582102 0.522661 0.622883
vn 0.446691 0.575094 0.685371
vn 0.446691 0.575094 0.685371
vn 0.300118 0.613156 0.730731
vn 0.300118 0.613156 0.730731
vn 0.146044 0.635896 0.757831
vn 0.146044 0.635896 0.757831
vn -0.011679 0.642744 0.765992
vn -0.011679 0.642744 0.765992
vn -0.169110 0.633530 0.755011
vn -0.169110 0.633530 0.755011
vn -0.322315 0.608484 0.725163
vn -0.322315 0.608484 0.725163
vn -0.467465 0.568232 0.677192
vn -0.467465 0.568232 0.677192
vn -0.600934 0.513779 0.612298
vn -0.600934 0.513779 0.612298
vn -0.719385 0.446488 0.532103
vn -0.719385 0.446488 0.532103
vn -0.819859 0.368038 0.438611
vn -0.819859 0.368038 0.438611
vn -0.899844 0.280392 0.334158
vn -0.899844 0.280392 0.334158
vn -0.899844 0.280392 0.334158
vn -0.899844 0.280392 0.334158
vn 0.956560 -0.187396 -0.223330
vn 0.956560 -0.187396 -0.223330
vn 0.990177 -0.089875 -0.107109
vn 0.990177 -0.089875 -0.107109
vn 0.999883 0.009817 0.011699
vn 0.999883 0.009817 0.011699
vn 0.985445 0.109271 0.130224
vn 0.985445 0.109271 0.130224
vn 0.947210 0.206086 0.245604
vn 0.947210 0.206086 0.245604
vn 0.886102 0.297926 0.355054
vn 0.886102 0.297926 0.355054
vn 0.803597 0.382570 0.455930
vn 0.803597 0.382570 0.455930
vn 0.701687 0.457977 0.545796
vn 0.701687 0.457977 0.545796
vn 0.582832 0.522324 0.622482
vn 0.582832 0.522324 0.622482
vn 0.449903 0.574059 0.684137
vn 0.449903 0.574059 0.684137
vn 0.306111 0.611931 0.729271
vn 0.306111 0.611931 0.729271
vn 0.154926 0.635027 0.756795
vn 0.154926 0.635027 0.756795
vn 0.000000 0.642788 0.766044
vn 0.000000 0.642788 0.766044
vn -0.000000 0.642788 0.766044
vn -0.000000 0.642788 0.766044
vn -0.000000 0.642788 0.766044
vn -0.000000 0.642788 0.766044
vn 0.000000 0.766044 -0.642788
vn 0.000000 0.766044 -0.642788
vn 0.000000 0.766044 -0.642788
vn 0.000000 0.766044 -0.642788
vn -0.000000 0.642788 0.766044
vn -0.000000 0.642788 0.766044
vn -0.000000 0.642788 0.766044
vn -0.000000 0.642788 0.766044
vn 1.000000 0.000000 0.000000
vn 1.000000 0.000000 0.000000
vn 1.000000 0.000000 0.000000
vn 1.000000 0.000000 0.000000
vn 1.000000 0.000000 0.000000
vn 1.000000 0.000000 0.000000
vn 1.000000 0.000000 0.000000
vn 1.000000 0.000000 0.000000
vn 1.000000 0.000000 0.000000
vn 1.000000 0.000000 0.000000
vn 1.000000 0.000000 0.000000
vn 1.000000 0.000000 0.000000
vn 1.000000 0.000000 0.000000
vn 1.000000 0.000000 0.000000
vn 1.000000 0.000000 0.000000
vn 1.000000 0.000000 0.000000
vn 1.000000 0.000000 0.000000
vn 1.000000 0.000000 0.000000
vn 1.000000 0.000000 0.000000
vn 1.000000 0.000000 0.000000
vn 1.000000 0.000000 0.000000
vn 1.000000 0.000000 0.000000
vn 1.000000 0.000000 0.000000
vn 1.000000 0.000000 0.000000
vn 1.000000 0.000000 0.000000
vn 1.000000 0.000000 0.000000
usemtl Steel_-_Satin
f 12/1/1 1/2/2 11/3/3
f 11/3/3 1/2/2 2/4/4
f 11/3/3 2/4/4 10/5/5
f 10/5/5 2/4/4 3/6/6
f 10/5/5 3/6/6 9/7/7
f 9/7/7 3/6/6 4/8/8
f 9/7/7 4/8/8 8/9/9
f 8/9/9 4/8/8 5/10/10
f 8/9/9 5/10/10 7/11/11
f 7/11/11 5/10/10 6/12/12
f 7/13/11 6/14/12 40/15/13
f 40/15/13 6/14/12 13/16/14
f 40/15/13 13/16/14 39/17/15
f 39/17/15 13/16/14 14/18/16
f 39/17/15 14/18/16 38/19/17
f 38/19/17 14/18/16 15/20/18
f 38/19/17 15/20/18 37/21/19
f 37/21/19 15/20/18 16/22/20
f 37/21/19 16/22/20 36/23/21
f 36/23/21 16/22/20 17/24/22
f 36/23/21 17/24/22 35/25/23
f 35/25/23 17/24/22 18/26/24
f 35/25/23 18/26/24 34/27/25
f 34/27/25 18/26/24 19/28/26
f 34/27/25 19/28/26 33/29/27
f 33/29/27 19/28/26 20/30/28
f 33/29/27 20/30/28 32/31/29
f 32/31/29 20/30/28 21/32/30
f 32/31/29 21/32/30 31/33/31
f 31/33/31 21/32/30 22/34/32
f 31/33/31 22/34/32 30/35/33
f 30/35/33 22/34/32 23/36/34
f 30/35/33 23/36/34 29/37/35
f 29/37/35 23/36/34 24/38/36
f 29/37/35 24/38/36 28/39/37
f 28/39/37 24/38/36 25/40/38
f 28/39/37 25/40/38 27/41/39
f 27/41/39 25/40/38 26/42/40
f 52/43/41 41/44/42 51/45/43
f 51/45/43 41/44/42 42/46/44
f 51/45/43 42/46/44 50/47/45
f 50/47/45 42/46/44 43/48/46
f 50/47/45 43/48/46 49/49/47
f 49/49/47 43/48/46 44/50/48
f 49/49/47 44/50/48 48/51/49
f 48/51/49 44/50/48 45/52/50
f 48/51/49 45/52/50 47/53/51
f 47/53/51 45/52/50 46/54/52
f 47/55/51 46/56/52 80/57/53
f 80/57/53 46/56/52 53/58/54
f 80/57/53 53/58/54 79/59/55
f 79/59/55 53/58/54 54/60/56
f 79/59/55 54/60/56 78/61/57
f 78/61/57 54/60/56 55/62/58
f 78/61/57 55/62/58 77/63/59
f 77/63/59 55/62/58 56/64/60
f 77/63/59 56/64/60 76/65/61
f 76/65/61 56/64/60 57/66/62
f 76/65/61 57/66/62 75/67/63
f 75/67/63 57/66/62 58/68/64
f 75/67/63 58/68/64 74/69/65
f 74/69/65 58/68/64 59/70/66
f 74/69/65 59/70/66 73/71/67
f 73/71/67 59/70/66 60/72/68
f 73/71/67 60/72/68 72/73/69
f 72/73/69 60/72/68 61/74/70
f 72/73/69 61/74/70 71/75/71
f 71/75/71 61/74/70 62/76/72
f 71/75/71 62/76/72 70/77/73
f 70/77/73 62/76/72 63/78/74
f 70/77/73 63/78/74 69/79/75
f 69/79/75 63/78/74 64/80/76
f 69/79/75 64/80/76 68/81/77
f 68/81/77 64/80/76 65/82/78
f 68/81/77 65/82/78 67/83/79
f 67/83/79 65/82/78 66/84/80
f 41/85/81 81/86/82 42/87/83
f 42/87/83 81/86/82 43/88/84
f 43/88/84 81/86/82 44/89/85
f 44/89/85 81/86/82 45/90/86
f 45/90/86 81/86/82 87/91/87
f 45/90/86 87/91/87 46/92/88
f 46/92/88 87/91/87 88/93/89
f 46/92/88 88/93/89 53/94/90
f 53/94/90 88/93/89 89/95/91
f 53/94/90 89/95/91 54/96/92
f 54/96/92 89/95/91 90/97/93
f 54/96/92 90/97/93 55/98/94
f 55/98/94 90/97/93 91/99/95
f 55/98/94 91/99/95 56/100/96
f 56/100/96 91/99/95 92/101/97
f 56/100/96 92/101/97 93/102/98
f 82/103/99 83/104/100 81/86/82
f 81/86/82 83/104/100 84/105/101
f 81/86/82 84/105/101 85/106/102
f 12/107/103 11/108/104 82/103/99
f 82/103/99 11/108/104 10/109/105
f 82/103/99 10/109/105 9/110/106
f 9/110/106 8/111/107 82/103/99
f 82/103/99 8/111/107 116/112/108
f 82/103/99 116/112/108 117/113/109
f 8/111/107 7/114/110 116/112/108
f 116/112/108 7/114/110 115/115/111
f 115/115/111 7/114/110 40/116/112
f 115/115/111 40/116/112 114/117/113
f 114/117/113 40/116/112 39/118/114
f 114/117/113 39/118/114 113/119/115
f 113/119/115 39/118/114 38/120/116
f 113/119/115 38/120/116 112/121/117
f 112/121/117 38/120/116 37/122/118
f 112/121/117 37/122/118 111/123/119
f 111/123/119 37/122/118 110/124/120
f 110/124/120 37/122/118 36/125/121
f 110/124/120 36/125/121 109/126/122
f 109/126/122 36/125/121 35/127/123
f 109/126/122 35/127/123 108/128/124
f 108/128/124 35/127/123 34/129/125
f 108/128/124 34/129/125 107/130/126
f 107/130/126 34/129/125 33/131/127
f 107/130/126 33/131/127 106/132/128
f 106/132/128 33/131/127 32/133/129
f 106/132/128 32/133/129 105/134/130
f 105/134/130 32/133/129 31/135/131
f 105/134/130 31/135/131 104/136/132
f 104/136/132 31/135/131 30/137/133
f 104/136/132 30/137/133 29/138/134
f 104/136/132 29/138/134 103/139/135
f 103/139/135 29/138/134 28/140/136
f 103/139/135 28/140/136 102/141/137
f 102/141/137 28/140/136 27/142/138
f 102/141/137 27/142/138 101/143/139
f 101/143/139 27/142/138 66/144/140
f 101/143/139 66/144/140 65/145/141
f 101/143/139 65/145/141 100/146/142
f 100/146/142 65/145/141 64/147/143
f 100/146/142 64/147/143 99/148/144
f 99/148/144 64/147/143 63/149/145
f 99/148/144 63/149/145 62/150/146
f 99/148/144 62/150/146 98/151/147
f 98/151/147 62/150/146 61/152/148
f 98/151/147 61/152/148 97/153/149
f 97/153/149 61/152/148 60/154/150
f 97/153/149 60/154/150 96/155/151
f 96/155/151 60/154/150 59/156/152
f 96/155/151 59/156/152 95/157/153
f 95/157/153 59/156/152 58/158/154
f 95/157/153 58/158/154 94/159/155
f 94/159/155 58/158/154 57/160/156
f 94/159/155 57/160/156 93/102/98
f 93/102/98 57/160/156 56/100/96
f 85/106/102 86/161/157 81/86/82
f 81/86/82 86/161/157 87/91/87
f 117/113/109 118/162/158 82/103/99
f 82/103/99 118/162/158 119/163/159
f 82/103/99 119/163/159 120/164/160
f 120/164/160 83/104/100 82/103/99
f 121/165/161 122/166/162 120/167/163
f 120/167/163 122/166/162 83/168/164
f 102/169/165 123/170/166 103/171/167
f 103/171/167 123/170/166 124/172/168
f 103/171/167 124/172/168 104/173/169
f 104/173/169 124/172/168 125/174/170
f 104/173/169 125/174/170 105/175/171
f 105/175/171 125/174/170 126/176/172
f 105/175/171 126/176/172 106/177/173
f 106/177/173 126/176/172 127/178/174
f 106/177/173 127/178/174 107/179/175
f 107/179/175 127/178/174 128/180/176
f 107/179/175 128/180/176 108/181/177
f 108/181/177 128/180/176 129/182/178
f 108/181/177 129/182/178 109/183/179
f 109/183/179 129/182/178 130/184/180
f 109/183/179 130/184/180 110/185/181
f 110/185/181 130/184/180 131/186/182
f 110/185/181 131/186/182 111/187/183
f 111/187/183 131/186/182 132/188/184
f 111/187/183 132/188/184 112/189/185
f 112/189/185 132/188/184 133/190/186
f 112/189/185 133/190/186 113/191/187
f 113/191/187 133/190/186 134/192/188
f 113/191/187 134/192/188 114/193/189
f 114/193/189 134/192/188 135/194/190
f 114/193/189 135/194/190 115/195/191
f 115/195/191 135/194/190 136/196/192
f 115/195/191 136/196/192 116/197/193
f 116/197/193 136/196/192 137/198/194
f 116/197/193 137/198/194 117/199/195
f 117/199/195 137/198/194 138/200/196
f 117/199/195 138/200/196 118/201/197
f 118/201/197 138/200/196 139/202/198
f 118/201/197 139/202/198 119/203/199
f 119/203/199 139/202/198 140/204/200
f 119/203/199 140/204/200 120/205/163
f 120/205/163 140/204/200 121/206/161
f 141/207/201 123/208/166 101/209/202
f 101/209/202 123/208/166 102/210/165
f 83/211/164 122/212/162 84/213/203
f 84/213/203 122/212/162 142/214/204
f 84/213/203 142/214/204 85/215/205
f 85/215/205 142/214/204 143/216/206
f 85/215/205 143/216/206 86/217/207
f 86/217/207 143/216/206 144/218/208
f 86/217/207 144/218/208 87/219/209
f 87/219/209 144/218/208 145/220/210
f 87/219/209 145/220/210 88/221/211
f 88/221/211 145/220/210 146/222/212
f 88/221/211 146/222/212 89/223/213
f 89/223/213 146/222/212 147/224/214
f 89/223/213 147/224/214 90/225/215
f 90/225/215 147/224/214 148/226/216
f 90/225/215 148/226/216 91/227/217
f 91/227/217 148/226/216 149/228/218
f 91/227/217 149/228/218 92/229/219
f 92/229/219 149/228/218 150/230/220
f 92/229/219 150/230/220 93/231/221
f 93/231/221 150/230/220 151/232/222
f 93/231/221 151/232/222 94/233/223
f 94/233/223 151/232/222 152/234/224
f 94/233/223 152/234/224 95/235/225
f 95/235/225 152/234/224 153/236/226
f 95/235/225 153/236/226 96/237/227
f 96/237/227 153/236/226 154/238/228
f 96/237/227 154/238/228 97/239/229
f 97/239/229 154/238/228 155/240/230
f 97/239/229 155/240/230 98/241/231
f 98/241/231 155/240/230 156/242/232
f 98/241/231 156/242/232 99/243/233
f 99/243/233 156/242/232 157/244/234
f 99/243/233 157/244/234 100/245/235
f 100/245/235 157/244/234 158/246/236
f 100/245/235 158/246/236 101/247/202
f 101/247/202 158/246/236 141/248/201
f 26/249/40 67/250/79 27/251/39
f 27/251/39 67/250/79 66/252/80
f 52/253/237 51/254/238 159/255/239
f 159/255/239 51/254/238 50/256/240
f 159/255/239 50/256/240 49/257/241
f 49/257/241 48/258/242 159/255/239
f 159/255/239 48/258/242 145/259/243
f 159/255/239 145/259/243 144/260/244
f 48/258/242 47/261/245 145/259/243
f 145/259/243 47/261/245 146/262/246
f 146/262/246 47/261/245 80/263/247
f 146/262/246 80/263/247 147/264/248
f 147/264/248 80/263/247 79/265/249
f 147/264/248 79/265/249 148/266/250
f 148/266/250 79/265/249 78/267/251
f 148/266/250 78/267/251 149/268/252
f 149/268/252 78/267/251 77/269/253
f 149/268/252 77/269/253 150/270/254
f 150/270/254 77/269/253 151/271/255
f 151/271/255 77/269/253 76/272/256
f 151/271/255 76/272/256 152/273/257
f 152/273/257 76/272/256 75/274/258
f 152/273/257 75/274/258 153/275/259
f 153/275/259 75/274/258 74/276/260
f 153/275/259 74/276/260 154/277/261
f 154/277/261 74/276/260 73/278/262
f 154/277/261 73/278/262 155/279/263
f 155/279/263 73/278/262 72/280/264
f 155/279/263 72/280/264 156/281/265
f 156/281/265 72/280/264 71/282/266
f 156/281/265 71/282/266 157/283/267
f 157/283/267 71/282/266 70/284/268
f 157/283/267 70/284/268 69/285/269
f 157/283/267 69/285/269 158/286/270
f 158/286/270 69/285/269 68/287/271
f 158/286/270 68/287/271 141/288/272
f 141/288/272 68/287/271 67/289/273
f 141/288/272 67/289/273 123/290/274
f 123/290/274 67/289/273 26/291/275
f 123/290/274 26/291/275 25/292/276
f 123/290/274 25/292/276 124/293/277
f 124/293/277 25/292/276 24/294/278
f 124/293/277 24/294/278 125/295/279
f 125/295/279 24/294/278 23/296/280
f 125/295/279 23/296/280 22/297/281
f 125/295/279 22/297/281 126/298/282
f 126/298/282 22/297/281 21/299/283
f 126/298/282 21/299/283 127/300/284
f 127/300/284 21/299/283 20/301/285
f 127/300/284 20/301/285 128/302/286
f 128/302/286 20/301/285 19/303/287
f 128/302/286 19/303/287 129/304/288
f 129/304/288 19/303/287 18/305/289
f 129/304/288 18/305/289 130/306/290
f 130/306/290 18/305/289 17/307/291
f 130/306/290 17/307/291 131/308/292
f 131/308/292 17/307/291 16/309/293
f 131/308/292 16/309/293 132/310/294
f 132/310/294 16/309/293 133/311/295
f 133/311/295 16/309/293 15/312/296
f 133/311/295 15/312/296 134/313/297
f 134/313/297 15/312/296 14/314/298
f 134/313/297 14/314/298 135/315/299
f 135/315/299 14/314/298 13/316/300
f 135/315/299 13/316/300 136/317/301
f 136/317/301 13/316/300 6/318/302
f 136/317/301 6/318/302 137/319/303
f 137/319/303 6/318/302 5/320/304
f 137/319/303 5/320/304 160/321/305
f 160/321/305 5/320/304 4/322/306
f 160/321/305 4/322/306 3/323/307
f 3/323/307 2/324/308 160/321/305
f 160/321/305 2/324/308 1/325/309
f 159/255/239 122/326/310 160/321/305
f 160/321/305 122/326/310 121/327/311
f 160/321/305 121/327/311 140/328/312
f 144/260/244 143/329/313 159/255/239
f 159/255/239 143/329/313 142/330/314
f 159/255/239 142/330/314 122/326/310
f 140/328/312 139/331/315 160/321/305
f 160/321/305 139/331/315 138/332/316
f 160/321/305 138/332/316 137/319/303
f 82/333/317 322/334/318 12/335/1
f 12/335/1 322/334/318 323/336/319
f 12/335/1 323/336/319 1/337/2
f 1/337/2 323/336/319 160/338/320
f 160/338/320 323/336/319 234/339/321
f 234/339/321 323/336/319 324/340/322
f 234/339/321 324/340/322 325/341/323
f 82/333/317 161/342/324 322/334/318
f 322/334/318 161/342/324 321/343/325
f 321/343/325 161/342/324 320/344/326
f 320/344/326 161/342/324 319/345/327
f 319/345/327 161/342/324 318/346/328
f 318/346/328 161/342/324 317/347/329
f 317/347/329 161/342/324 316/348/330
f 316/348/330 161/342/324 315/349/331
f 315/349/331 161/342/324 314/350/332
f 314/350/332 161/342/324 313/351/333
f 313/351/333 161/342/324 235/352/334
f 313/351/333 235/352/334 312/353/335
f 312/353/335 235/352/334 311/354/336
f 311/354/336 235/352/334 310/355/337
f 310/355/337 235/352/334 309/356/338
f 309/356/338 235/352/334 308/357/339
f 308/357/339 235/352/334 307/358/340
f 307/358/340 235/352/334 306/359/341
f 306/359/341 235/352/334 305/360/342
f 305/360/342 235/352/334 304/361/343
f 304/361/343 235/352/334 236/362/344
f 304/361/343 236/362/344 237/363/345
f 162/364/346 163/365/347 161/342/324
f 161/342/324 163/365/347 235/352/334
f 163/365/347 164/366/348 235/352/334
f 235/352/334 164/366/348 165/367/349
f 235/352/334 165/367/349 166/368/350
f 166/368/350 167/369/351 235/352/334
f 235/352/334 167/369/351 168/370/352
f 235/352/334 168/370/352 264/371/353
f 264/371/353 168/370/352 169/372/354
f 264/371/353 169/372/354 170/373/355
f 170/373/355 171/374/356 264/371/353
f 264/371/353 171/374/356 172/375/357
f 264/371/353 172/375/357 173/376/358
f 173/376/358 174/377/359 264/371/353
f 264/371/353 174/377/359 176/378/360
f 264/371/353 176/378/360 275/379/361
f 275/379/361 176/378/360 274/380/362
f 274/380/362 176/378/360 273/381/363
f 273/381/363 176/378/360 272/382/364
f 272/382/364 176/378/360 271/383/365
f 271/383/365 176/378/360 270/384/366
f 270/384/366 176/378/360 269/385/367
f 269/385/367 176/378/360 268/386/368
f 268/386/368 176/378/360 267/387/369
f 267/387/369 176/378/360 266/388/370
f 266/388/370 176/378/360 177/389/371
f 266/388/370 177/389/371 265/390/372
f 265/390/372 177/389/371 302/391/373
f 302/391/373 177/389/371 301/392/374
f 301/392/374 177/389/371 300/393/375
f 300/393/375 177/389/371 299/394/376
f 299/394/376 177/389/371 298/395/377
f 298/395/377 177/389/371 297/396/378
f 297/396/378 177/389/371 178/397/379
f 297/396/378 178/397/379 296/398/380
f 296/398/380 178/397/379 179/399/381
f 296/398/380 179/399/381 295/400/382
f 295/400/382 179/399/381 180/401/383
f 295/400/382 180/401/383 181/402/384
f 174/377/359 175/403/385 176/378/360
f 295/400/382 181/402/384 294/404/386
f 294/404/386 181/402/384 182/405/387
f 294/404/386 182/405/387 183/406/388
f 183/406/388 184/407/389 294/404/386
f 294/404/386 184/407/389 190/408/390
f 294/404/386 190/408/390 191/409/391
f 184/407/389 185/410/392 190/408/390
f 190/408/390 185/410/392 186/411/393
f 190/408/390 186/411/393 187/412/394
f 187/412/394 188/413/395 190/408/390
f 190/408/390 188/413/395 189/414/396
f 192/415/397 193/416/398 191/409/391
f 191/409/391 193/416/398 194/417/399
f 191/409/391 194/417/399 195/418/400
f 195/418/400 196/419/401 191/409/391
f 191/409/391 196/419/401 197/420/402
f 191/409/391 197/420/402 294/404/386
f 294/404/386 197/420/402 198/421/403
f 294/404/386 198/421/403 199/422/404
f 199/422/404 200/423/405 294/404/386
f 294/404/386 200/423/405 293/424/406
f 293/424/406 200/423/405 201/425/407
f 293/424/406 201/425/407 202/426/408
f 293/424/406 202/426/408 292/427/409
f 292/427/409 202/426/408 203/428/410
f 292/427/409 203/428/410 291/429/411
f 291/429/411 203/428/410 204/430/412
f 291/429/411 204/430/412 290/431/413
f 290/431/413 204/430/412 289/432/414
f 289/432/414 204/430/412 288/433/415
f 288/433/415 204/430/412 287/434/416
f 287/434/416 204/430/412 286/435/417
f 286/435/417 204/430/412 285/436/418
f 285/436/418 204/430/412 205/437/419
f 285/436/418 205/437/419 258/438/420
f 258/438/420 205/437/419 257/439/421
f 257/439/421 205/437/419 256/440/422
f 256/440/422 205/437/419 255/441/423
f 255/441/423 205/437/419 254/442/424
f 254/442/424 205/437/419 253/443/425
f 253/443/425 205/437/419 252/444/426
f 252/444/426 205/437/419 251/445/427
f 251/445/427 205/437/419 250/446/428
f 250/446/428 205/437/419 249/447/429
f 249/447/429 205/437/419 206/448/430
f 249/447/429 206/448/430 248/449/431
f 248/449/431 206/448/430 247/450/432
f 247/450/432 206/448/430 246/451/433
f 246/451/433 206/448/430 245/452/434
f 245/452/434 206/448/430 244/453/435
f 244/453/435 206/448/430 243/454/436
f 243/454/436 206/448/430 242/455/437
f 242/455/437 206/448/430 241/456/438
f 241/456/438 206/448/430 303/457/439
f 241/456/438 303/457/439 240/458/440
f 240/458/440 303/457/439 239/459/441
f 239/459/441 303/457/439 238/460/442
f 238/460/442 303/457/439 304/361/343
f 238/460/442 304/361/343 237/363/345
f 206/448/430 207/461/443 303/457/439
f 303/457/439 207/461/443 340/462/444
f 340/462/444 207/461/443 339/463/445
f 339/463/445 207/461/443 338/464/446
f 338/464/446 207/461/443 337/465/447
f 337/465/447 207/461/443 336/466/448
f 336/466/448 207/461/443 335/467/449
f 335/467/449 207/461/443 208/468/450
f 335/467/449 208/468/450 334/469/451
f 334/469/451 208/468/450 209/470/452
f 334/469/451 209/470/452 333/471/453
f 333/471/453 209/470/452 210/472/454
f 333/471/453 210/472/454 211/473/455
f 333/471/453 211/473/455 332/474/456
f 332/474/456 211/473/455 212/475/457
f 332/474/456 212/475/457 213/476/458
f 213/476/458 214/477/459 332/474/456
f 332/474/456 214/477/459 220/478/460
f 332/474/456 220/478/460 221/479/461
f 214/477/459 215/480/462 220/478/460
f 220/478/460 215/480/462 216/481/463
f 220/478/460 216/481/463 217/482/464
f 217/482/464 218/483/465 220/478/460
f 220/478/460 218/483/465 219/484/466
f 222/485/467 223/486/468 221/479/461
f 221/479/461 223/486/468 224/487/469
f 221/479/461 224/487/469 225/488/470
f 225/488/470 226/489/471 221/479/461
f 221/479/461 226/489/471 227/490/472
f 221/479/461 227/490/472 332/474/456
f 332/474/456 227/490/472 228/491/473
f 332/474/456 228/491/473 229/492/474
f 229/492/474 230/493/475 332/474/456
f 332/474/456 230/493/475 331/494/476
f 331/494/476 230/493/475 231/495/477
f 331/494/476 231/495/477 232/496/478
f 331/494/476 232/496/478 330/497/479
f 330/497/479 232/496/478 233/498/480
f 330/497/479 233/498/480 329/499/481
f 329/499/481 233/498/480 234/339/321
f 329/499/481 234/339/321 328/500/482
f 328/500/482 234/339/321 327/501/483
f 327/501/483 234/339/321 326/502/484
f 326/502/484 234/339/321 325/341/323
f 258/438/420 259/503/485 285/436/418
f 285/436/418 259/503/485 260/504/486
f 285/436/418 260/504/486 261/505/487
f 285/436/418 261/505/487 284/506/488
f 284/506/488 261/505/487 262/507/489
f 284/506/488 262/507/489 263/508/490
f 263/508/490 264/371/353 284/506/488
f 284/506/488 264/371/353 283/509/491
f 283/509/491 264/371/353 282/510/492
f 282/510/492 264/371/353 281/511/493
f 281/511/493 264/371/353 280/512/494
f 280/512/494 264/371/353 279/513/495
f 279/513/495 264/371/353 278/514/496
f 278/514/496 264/371/353 277/515/497
f 277/515/497 264/371/353 276/516/498
f 276/516/498 264/371/353 275/379/361
f 81/517/499 341/518/500 82/519/501
f 82/519/501 341/518/500 161/520/502
f 159/521/503 160/522/504 342/523/505
f 342/523/505 160/522/504 234/524/506
f 176/525/507 175/526/508 344/527/509
f 344/527/509 175/526/508 343/528/510
f 343/529/511 345/530/512 344/531/513
f 344/531/513 345/530/512 355/532/514
f 355/532/514 345/530/512 346/533/515
f 355/532/514 346/533/515 347/534/516
f 347/534/516 348/535/517 355/532/514
f 355/532/514 348/535/517 349/536/518
f 355/532/514 349/536/518 354/537/519
f 354/537/519 349/536/518 350/538/520
f 354/537/519 350/538/520 351/539/521
f 351/539/521 352/540/522 354/537/519
f 354/537/519 352/540/522 341/541/523
f 341/541/523 352/540/522 353/542/524
f 353/543/525 162/544/526 341/545/527
f 341/545/527 162/544/526 161/546/528
f 356/547/529 357/548/530 399/549/531
f 399/549/531 357/548/530 409/550/532
f 399/549/531 409/550/532 434/551/533
f 434/551/533 409/550/532 408/552/534
f 434/551/533 408/552/534 433/553/535
f 433/553/535 408/552/534 407/554/536
f 433/553/535 407/554/536 432/555/537
f 432/555/537 407/554/536 406/556/538
f 432/555/537 406/556/538 431/557/539
f 431/557/539 406/556/538 405/558/540
f 431/557/539 405/558/540 430/559/541
f 430/559/541 405/558/540 404/560/542
f 430/559/541 404/560/542 429/561/543
f 429/561/543 404/560/542 403/562/544
f 429/561/543 403/562/544 428/563/545
f 428/563/545 403/562/544 402/564/546
f 428/563/545 402/564/546 427/565/547
f 427/565/547 402/564/546 401/566/548
f 427/565/547 401/566/548 426/567/549
f 426/567/549 401/566/548 400/568/550
f 426/567/549 400/568/550 425/569/551
f 425/569/551 400/568/550 369/570/552
f 425/569/551 369/570/552 370/571/553
f 357/548/530 358/572/554 409/550/532
f 409/550/532 358/572/554 408/552/534
f 408/552/534 358/572/554 410/573/555
f 410/573/555 358/572/554 359/574/556
f 410/573/555 359/574/556 411/575/557
f 411/575/557 359/574/556 360/576/558
f 411/575/557 360/576/558 412/577/559
f 412/577/559 360/576/558 419/578/560
f 412/577/559 419/578/560 413/579/561
f 413/579/561 419/578/560 420/580/562
f 413/579/561 420/580/562 414/581/563
f 414/581/563 420/580/562 421/582/564
f 414/581/563 421/582/564 415/583/565
f 415/583/565 421/582/564 422/584/566
f 415/583/565 422/584/566 416/585/567
f 416/585/567 422/584/566 423/586/568
f 416/585/567 423/586/568 417/587/569
f 417/587/569 423/586/568 424/588/570
f 417/587/569 424/588/570 418/589/571
f 418/589/571 424/588/570 368/590/572
f 418/589/571 368/590/572 400/568/550
f 400/568/550 368/590/572 369/570/552
f 360/576/558 361/591/573 419/578/560
f 419/578/560 361/591/573 420/580/562
f 361/591/573 362/592/574 420/580/562
f 420/580/562 362/592/574 421/582/564
f 362/592/574 363/593/575 421/582/564
f 421/582/564 363/593/575 422/584/566
f 363/593/575 364/594/576 422/584/566
f 422/584/566 364/594/576 423/586/568
f 364/594/576 365/595/577 423/586/568
f 423/586/568 365/595/577 424/588/570
f 366/596/578 367/597/579 365/595/577
f 365/595/577 367/597/579 424/588/570
f 367/597/579 368/590/572 424/588/570
f 425/569/551 370/571/553 435/598/580
f 435/598/580 370/571/553 371/599/581
f 435/598/580 371/599/581 445/600/582
f 445/600/582 371/599/581 372/601/583
f 445/600/582 372/601/583 373/602/584
f 445/600/582 373/602/584 455/603/585
f 455/603/585 373/602/584 374/604/586
f 455/603/585 374/604/586 465/605/587
f 465/605/587 374/604/586 375/606/588
f 465/605/587 375/606/588 473/607/589
f 473/607/589 375/606/588 376/608/590
f 473/607/589 376/608/590 479/609/591
f 479/609/591 376/608/590 377/610/592
f 479/609/591 377/610/592 486/611/593
f 486/611/593 377/610/592 381/612/594
f 486/611/593 381/612/594 382/613/595
f 378/614/596 379/615/597 377/610/592
f 377/610/592 379/615/597 380/616/598
f 377/610/592 380/616/598 381/612/594
f 486/611/593 382/613/595 485/617/599
f 485/617/599 382/613/595 383/618/600
f 485/617/599 383/618/600 484/619/601
f 484/619/601 383/618/600 384/620/602
f 484/619/601 384/620/602 385/621/603
f 386/622/604 482/623/605 385/621/603
f 385/621/603 482/623/605 481/624/606
f 385/621/603 481/624/606 484/619/601
f 484/619/601 481/624/606 485/617/599
f 386/622/604 387/625/607 482/623/605
f 482/623/605 387/625/607 483/626/608
f 482/623/605 483/626/608 476/627/609
f 476/627/609 483/626/608 477/628/610
f 476/627/609 477/628/610 468/629/611
f 468/629/611 477/628/610 469/630/612
f 468/629/611 469/630/612 458/631/613
f 458/631/613 469/630/612 459/632/614
f 458/631/613 459/632/614 448/633/615
f 448/633/615 459/632/614 449/634/616
f 448/633/615 449/634/616 438/635/617
f 438/635/617 449/634/616 439/636/618
f 438/635/617 439/636/618 428/563/545
f 428/563/545 439/636/618 429/561/543
f 387/625/607 388/637/619 483/626/608
f 483/626/608 388/637/619 477/628/610
f 477/628/610 388/637/619 478/638/620
f 478/638/620 388/637/619 389/639/621
f 478/638/620 389/639/621 390/640/622
f 391/641/623 471/642/624 390/640/622
f 390/640/622 471/642/624 470/643/625
f 390/640/622 470/643/625 478/638/620
f 478/638/620 470/643/625 469/630/612
f 478/638/620 469/630/612 477/628/610
f 471/642/624 391/641/623 472/644/626
f 472/644/626 391/641/623 392/645/627
f 472/644/626 392/645/627 462/646/628
f 462/646/628 392/645/627 393/647/629
f 462/646/628 393/647/629 463/648/630
f 463/648/630 393/647/629 394/649/631
f 463/648/630 394/649/631 453/650/632
f 453/650/632 394/649/631 454/651/633
f 453/650/632 454/651/633 443/652/634
f 443/652/634 454/651/633 444/653/635
f 443/652/634 444/653/635 433/553/535
f 433/553/535 444/653/635 434/551/533
f 454/651/633 394/649/631 464/654/636
f 464/654/636 394/649/631 395/655/637
f 464/654/636 395/655/637 454/651/633
f 454/651/633 395/655/637 396/656/638
f 454/651/633 396/656/638 397/657/639
f 454/651/633 397/657/639 444/653/635
f 444/653/635 397/657/639 398/658/640
f 444/653/635 398/658/640 434/551/533
f 434/551/533 398/658/640 399/549/531
f 417/587/569 418/589/571 401/566/548
f 401/566/548 418/589/571 400/568/550
f 416/585/567 417/587/569 402/564/546
f 402/564/546 417/587/569 401/566/548
f 415/583/565 416/585/567 403/562/544
f 403/562/544 416/585/567 402/564/546
f 414/581/563 415/583/565 404/560/542
f 404/560/542 415/583/565 403/562/544
f 413/579/561 414/581/563 405/558/540
f 405/558/540 414/581/563 404/560/542
f 412/577/559 413/579/561 406/556/538
f 406/556/538 413/579/561 405/558/540
f 411/575/557 412/577/559 407/554/536
f 407/554/536 412/577/559 406/556/538
f 410/573/555 411/575/557 408/552/534
f 408/552/534 411/575/557 407/554/536
f 426/567/549 425/569/551 436/659/641
f 436/659/641 425/569/551 435/598/580
f 436/659/641 435/598/580 446/660/642
f 446/660/642 435/598/580 445/600/582
f 446/660/642 445/600/582 456/661/643
f 456/661/643 445/600/582 455/603/585
f 456/661/643 455/603/585 466/662/644
f 466/662/644 455/603/585 465/605/587
f 466/662/644 465/605/587 474/663/645
f 474/663/645 465/605/587 473/607/589
f 474/663/645 473/607/589 480/664/646
f 480/664/646 473/607/589 479/609/591
f 480/664/646 479/609/591 486/611/593
f 438/635/617 428/563/545 427/565/547
f 427/565/547 426/567/549 437/665/647
f 437/665/647 426/567/549 436/659/641
f 437/665/647 436/659/641 447/666/648
f 447/666/648 436/659/641 446/660/642
f 447/666/648 446/660/642 457/667/649
f 457/667/649 446/660/642 456/661/643
f 457/667/649 456/661/643 467/668/650
f 467/668/650 456/661/643 466/662/644
f 467/668/650 466/662/644 475/669/651
f 475/669/651 466/662/644 474/663/645
f 475/669/651 474/663/645 481/624/606
f 481/624/606 474/663/645 480/664/646
f 481/624/606 480/664/646 485/617/599
f 485/617/599 480/664/646 486/611/593
f 430/559/541 429/561/543 440/670/652
f 440/670/652 429/561/543 439/636/618
f 440/670/652 439/636/618 450/671/653
f 450/671/653 439/636/618 449/634/616
f 450/671/653 449/634/616 460/672/654
f 460/672/654 449/634/616 459/632/614
f 460/672/654 459/632/614 470/643/625
f 470/643/625 459/632/614 469/630/612
f 431/557/539 430/559/541 441/673/655
f 441/673/655 430/559/541 440/670/652
f 441/673/655 440/670/652 451/674/656
f 451/674/656 440/670/652 450/671/653
f 451/674/656 450/671/653 461/675/657
f 461/675/657 450/671/653 460/672/654
f 461/675/657 460/672/654 471/642/624
f 471/642/624 460/672/654 470/643/625
f 443/652/634 433/553/535 432/555/537
f 432/555/537 431/557/539 442/676/658
f 442/676/658 431/557/539 441/673/655
f 442/676/658 441/673/655 452/677/659
f 452/677/659 441/673/655 451/674/656
f 452/677/659 451/674/656 462/646/628
f 462/646/628 451/674/656 461/675/657
f 462/646/628 461/675/657 472/644/626
f 472/644/626 461/675/657 471/642/624
f 448/633/615 438/635/617 437/665/647
f 437/665/647 438/635/617 427/565/547
f 448/633/615 437/665/647 447/666/648
f 453/650/632 443/652/634 442/676/658
f 442/676/658 443/652/634 432/555/537
f 453/650/632 442/676/658 452/677/659
f 458/631/613 448/633/615 447/666/648
f 458/631/613 447/666/648 457/667/649
f 463/648/630 453/650/632 452/677/659
f 463/648/630 452/677/659 462/646/628
f 468/629/611 458/631/613 457/667/649
f 468/629/611 457/667/649 467/668/650
f 476/627/609 468/629/611 467/668/650
f 476/627/609 467/668/650 475/669/651
f 482/623/605 476/627/609 475/669/651
f 482/623/605 475/669/651 481/624/606
f 378/678/596 377/679/660 520/680/661
f 520/680/661 377/679/660 376/681/662
f 520/680/661 376/681/662 525/682/663
f 525/682/663 376/681/662 375/683/664
f 525/682/663 375/683/664 526/684/665
f 526/684/665 375/683/664 541/685/666
f 526/684/665 541/685/666 542/686/667
f 542/686/667 541/685/666 374/687/668
f 542/686/667 374/687/668 556/688/669
f 556/688/669 374/687/668 373/689/670
f 556/688/669 373/689/670 557/690/671
f 557/690/671 373/689/670 570/691/672
f 557/690/671 570/691/672 558/692/673
f 558/692/673 570/691/672 571/693/674
f 558/692/673 571/693/674 559/694/675
f 559/694/675 571/693/674 572/695/676
f 559/694/675 572/695/676 560/696/677
f 560/696/677 572/695/676 573/697/678
f 560/696/677 573/697/678 561/698/679
f 561/698/679 573/697/678 574/699/680
f 561/698/679 574/699/680 562/700/681
f 562/700/681 574/699/680 575/701/682
f 562/700/681 575/701/682 563/702/683
f 563/702/683 575/701/682 576/703/684
f 563/702/683 576/703/684 564/704/685
f 564/704/685 576/703/684 577/705/686
f 564/704/685 577/705/686 565/706/687
f 565/706/687 577/705/686 578/707/688
f 565/706/687 578/707/688 566/708/689
f 566/708/689 578/707/688 579/709/690
f 566/708/689 579/709/690 567/710/691
f 567/710/691 579/709/690 580/711/692
f 567/710/691 580/711/692 568/712/693
f 568/712/693 580/711/692 581/713/694
f 568/712/693 581/713/694 569/714/695
f 569/714/695 581/713/694 521/715/696
f 569/714/695 521/715/696 513/716/697
f 513/716/697 521/715/696 512/717/698
f 512/717/698 521/715/696 593/718/699
f 512/717/698 593/718/699 522/719/700
f 522/719/700 593/718/699 592/720/701
f 522/719/700 592/720/701 603/721/702
f 603/721/702 592/720/701 591/722/703
f 603/721/702 591/722/703 602/723/704
f 602/723/704 591/722/703 590/724/705
f 602/723/704 590/724/705 601/725/706
f 601/725/706 590/724/705 589/726/707
f 601/725/706 589/726/707 600/727/708
f 600/727/708 589/726/707 588/728/709
f 600/727/708 588/728/709 599/729/710
f 599/729/710 588/728/709 587/730/711
f 599/729/710 587/730/711 598/731/712
f 598/731/712 587/730/711 586/732/713
f 598/731/712 586/732/713 597/733/714
f 597/733/714 586/732/713 585/734/715
f 597/733/714 585/734/715 596/735/716
f 596/735/716 585/734/715 584/736/717
f 596/735/716 584/736/717 595/737/718
f 595/737/718 584/736/717 583/738/719
f 595/737/718 583/738/719 594/739/720
f 594/739/720 583/738/719 370/740/721
f 594/739/720 370/740/721 369/741/722
f 375/683/664 374/687/668 541/685/666
f 373/689/670 372/742/723 570/691/672
f 570/691/672 372/742/723 371/743/724
f 570/691/672 371/743/724 571/693/674
f 571/693/674 371/743/724 582/744/725
f 571/693/674 582/744/725 583/738/719
f 583/738/719 582/744/725 370/740/721
f 371/743/724 370/740/721 582/744/725
f 368/745/726 615/746/727 369/741/722
f 369/741/722 615/746/727 614/747/728
f 369/741/722 614/747/728 595/737/718
f 595/737/718 614/747/728 613/748/729
f 595/737/718 613/748/729 596/735/716
f 596/735/716 613/748/729 612/749/730
f 596/735/716 612/749/730 597/733/714
f 597/733/714 612/749/730 611/750/731
f 597/733/714 611/750/731 598/731/712
f 598/731/712 611/750/731 610/751/732
f 598/731/712 610/751/732 599/729/710
f 599/729/710 610/751/732 609/752/733
f 599/729/710 609/752/733 600/727/708
f 600/727/708 609/752/733 608/753/734
f 600/727/708 608/753/734 601/725/706
f 601/725/706 608/753/734 607/754/735
f 601/725/706 607/754/735 602/723/704
f 602/723/704 607/754/735 606/755/736
f 602/723/704 606/755/736 603/721/702
f 603/721/702 606/755/736 605/756/737
f 603/721/702 605/756/737 522/719/700
f 522/719/700 605/756/737 511/757/738
f 522/719/700 511/757/738 512/717/698
f 615/746/727 368/745/726 616/758/739
f 616/758/739 368/745/726 367/759/740
f 616/758/739 367/759/740 617/760/741
f 617/760/741 367/759/740 618/761/742
f 617/760/741 618/761/742 611/750/731
f 611/750/731 618/761/742 610/751/732
f 618/761/742 367/759/740 625/762/743
f 625/762/743 367/759/740 366/763/744
f 625/762/743 366/763/744 626/764/745
f 626/764/745 366/763/744 627/765/746
f 626/764/745 627/765/746 619/766/747
f 619/766/747 627/765/746 620/767/748
f 619/766/747 620/767/748 609/752/733
f 609/752/733 620/767/748 608/753/734
f 487/768/749 633/769/750 366/763/744
f 366/763/744 633/769/750 634/770/751
f 366/763/744 634/770/751 627/765/746
f 627/765/746 634/770/751 635/771/752
f 627/765/746 635/771/752 628/772/753
f 628/772/753 635/771/752 636/773/754
f 628/772/753 636/773/754 629/774/755
f 629/774/755 636/773/754 637/775/756
f 629/774/755 637/775/756 630/776/757
f 630/776/757 637/775/756 638/777/758
f 630/776/757 638/777/758 631/778/759
f 631/778/759 638/777/758 509/779/760
f 631/778/759 509/779/760 510/780/761
f 633/769/750 487/768/749 632/781/762
f 632/781/762 487/768/749 488/782/763
f 632/781/762 488/782/763 642/783/764
f 642/783/764 488/782/763 641/784/765
f 642/783/764 641/784/765 655/785/766
f 655/785/766 641/784/765 654/786/767
f 655/785/766 654/786/767 668/787/768
f 668/787/768 654/786/767 667/788/769
f 668/787/768 667/788/769 683/789/770
f 683/789/770 667/788/769 682/790/771
f 683/789/770 682/790/771 700/791/772
f 700/791/772 682/790/771 699/792/773
f 700/791/772 699/792/773 719/793/774
f 719/793/774 699/792/773 718/794/775
f 719/793/774 718/794/775 738/795/776
f 738/795/776 718/794/775 737/796/777
f 738/795/776 737/796/777 756/797/778
f 756/797/778 737/796/777 755/798/779
f 756/797/778 755/798/779 500/799/780
f 500/799/780 755/798/779 754/800/781
f 500/799/780 754/800/781 753/801/782
f 753/801/782 754/800/781 735/802/783
f 753/801/782 735/802/783 734/803/784
f 734/803/784 735/802/783 715/804/785
f 734/803/784 715/804/785 714/805/786
f 714/805/786 715/804/785 695/806/787
f 714/805/786 695/806/787 694/807/788
f 694/807/788 695/806/787 677/808/789
f 694/807/788 677/808/789 676/809/790
f 676/809/790 677/808/789 493/810/791
f 676/809/790 493/810/791 494/811/792
f 488/782/763 489/812/793 641/784/765
f 641/784/765 489/812/793 640/813/794
f 641/784/765 640/813/794 654/786/767
f 654/786/767 640/813/794 653/814/795
f 654/786/767 653/814/795 667/788/769
f 667/788/769 653/814/795 666/815/796
f 667/788/769 666/815/796 682/790/771
f 682/790/771 666/815/796 681/816/797
f 682/790/771 681/816/797 699/792/773
f 699/792/773 681/816/797 698/817/798
f 699/792/773 698/817/798 718/794/775
f 718/794/775 698/817/798 717/818/799
f 718/794/775 717/818/799 737/796/777
f 737/796/777 717/818/799 736/819/800
f 737/796/777 736/819/800 755/798/779
f 755/798/779 736/819/800 754/800/781
f 640/813/794 489/812/793 639/820/801
f 639/820/801 489/812/793 490/821/802
f 639/820/801 490/821/802 652/822/803
f 652/822/803 490/821/802 651/823/804
f 652/822/803 651/823/804 665/824/805
f 665/824/805 651/823/804 664/825/806
f 665/824/805 664/825/806 680/826/807
f 680/826/807 664/825/806 679/827/808
f 680/826/807 679/827/808 697/828/809
f 697/828/809 679/827/808 696/829/810
f 697/828/809 696/829/810 716/830/811
f 716/830/811 696/829/810 715/804/785
f 716/830/811 715/804/785 735/802/783
f 490/821/802 491/831/812 651/823/804
f 651/823/804 491/831/812 664/825/806
f 491/831/812 492/832/813 664/825/806
f 664/825/806 492/832/813 678/833/814
f 664/825/806 678/833/814 679/827/808
f 679/827/808 678/833/814 696/829/810
f 492/832/813 493/810/791 678/833/814
f 678/833/814 493/810/791 677/808/789
f 678/833/814 677/808/789 695/806/787
f 495/834/815 692/835/816 494/811/792
f 494/811/792 692/835/816 693/836/817
f 494/811/792 693/836/817 676/809/790
f 676/809/790 693/836/817 694/807/788
f 496/837/818 710/838/819 495/834/815
f 495/834/815 710/838/819 711/839/820
f 495/834/815 711/839/820 692/835/816
f 692/835/816 711/839/820 712/840/821
f 692/835/816 712/840/821 693/836/817
f 693/836/817 712/840/821 713/841/822
f 693/836/817 713/841/822 694/807/788
f 694/807/788 713/841/822 714/805/786
f 710/838/819 496/837/818 729/842/823
f 729/842/823 496/837/818 497/843/824
f 729/842/823 497/843/824 747/844/825
f 747/844/825 497/843/824 498/845/826
f 747/844/825 498/845/826 499/846/827
f 500/799/780 751/847/828 499/846/827
f 499/846/827 751/847/828 750/848/829
f 499/846/827 750/848/829 749/849/830
f 749/849/830 750/848/829 731/850/831
f 749/849/830 731/850/831 730/851/832
f 730/851/832 731/850/831 711/839/820
f 730/851/832 711/839/820 710/838/819
f 756/797/778 500/799/780 757/852/833
f 757/852/833 500/799/780 501/853/834
f 757/852/833 501/853/834 758/854/835
f 758/854/835 501/853/834 759/855/836
f 758/854/835 759/855/836 740/856/837
f 740/856/837 759/855/836 741/857/838
f 740/856/837 741/857/838 721/858/839
f 721/858/839 741/857/838 722/859/840
f 721/858/839 722/859/840 702/860/841
f 702/860/841 722/859/840 703/861/842
f 702/860/841 703/861/842 685/862/843
f 685/862/843 703/861/842 686/863/844
f 685/862/843 686/863/844 670/864/845
f 670/864/845 686/863/844 671/865/846
f 670/864/845 671/865/846 657/866/847
f 657/866/847 671/865/846 658/867/848
f 657/866/847 658/867/848 644/868/849
f 644/868/849 658/867/848 645/869/850
f 644/868/849 645/869/850 633/769/750
f 633/769/750 645/869/850 634/770/751
f 502/870/851 764/871/852 501/853/834
f 501/853/834 764/871/852 763/872/853
f 501/853/834 763/872/853 762/873/854
f 762/873/854 763/872/853 744/874/855
f 762/873/854 744/874/855 743/875/856
f 743/875/856 744/874/855 724/876/857
f 743/875/856 724/876/857 723/877/858
f 723/877/858 724/876/857 704/878/859
f 723/877/858 704/878/859 703/861/842
f 703/861/842 704/878/859 686/863/844
f 764/871/852 502/870/851 765/879/860
f 765/879/860 502/870/851 503/880/861
f 765/879/860 503/880/861 524/881/862
f 524/881/862 503/880/861 504/882/863
f 524/881/862 504/882/863 728/883/864
f 728/883/864 504/882/863 709/884/865
f 728/883/864 709/884/865 708/885/866
f 708/885/866 709/884/865 505/886/867
f 708/885/866 505/886/867 691/887/868
f 691/887/868 505/886/867 506/888/869
f 691/887/868 506/888/869 523/889/870
f 523/889/870 506/888/869 507/890/871
f 523/889/870 507/890/871 663/891/872
f 663/891/872 507/890/871 650/892/873
f 663/891/872 650/892/873 649/893/874
f 649/893/874 650/892/873 508/894/875
f 649/893/874 508/894/875 638/777/758
f 638/777/758 508/894/875 509/779/760
f 504/882/863 505/886/867 709/884/865
f 507/890/871 508/894/875 650/892/873
f 511/757/738 604/895/876 510/780/761
f 510/780/761 604/895/876 624/896/877
f 510/780/761 624/896/877 631/778/759
f 631/778/759 624/896/877 623/897/878
f 631/778/759 623/897/878 630/776/757
f 630/776/757 623/897/878 622/898/879
f 630/776/757 622/898/879 629/774/755
f 629/774/755 622/898/879 621/899/880
f 629/774/755 621/899/880 628/772/753
f 628/772/753 621/899/880 620/767/748
f 628/772/753 620/767/748 627/765/746
f 569/714/695 513/716/697 555/900/881
f 555/900/881 513/716/697 514/901/882
f 555/900/881 514/901/882 540/902/883
f 540/902/883 514/901/882 515/903/884
f 540/902/883 515/903/884 539/904/885
f 539/904/885 515/903/884 538/905/886
f 539/904/885 538/905/886 554/906/887
f 554/906/887 538/905/886 553/907/888
f 554/906/887 553/907/888 567/710/691
f 567/710/691 553/907/888 566/708/689
f 538/905/886 515/903/884 537/908/889
f 537/908/889 515/903/884 516/909/890
f 537/908/889 516/909/890 536/910/891
f 536/910/891 516/909/890 535/911/892
f 536/910/891 535/911/892 551/912/893
f 551/912/893 535/911/892 550/913/894
f 551/912/893 550/913/894 564/704/685
f 564/704/685 550/913/894 563/702/683
f 517/914/895 531/915/896 516/909/890
f 516/909/890 531/915/896 532/916/897
f 516/909/890 532/916/897 533/917/898
f 533/917/898 532/916/897 548/918/899
f 533/917/898 548/918/899 549/919/900
f 549/919/900 548/918/899 562/700/681
f 549/919/900 562/700/681 563/702/683
f 518/920/901 529/921/902 517/914/895
f 517/914/895 529/921/902 530/922/903
f 517/914/895 530/922/903 531/915/896
f 531/915/896 530/922/903 546/923/904
f 531/915/896 546/923/904 547/924/905
f 547/924/905 546/923/904 560/696/677
f 547/924/905 560/696/677 561/698/679
f 519/925/906 527/926/907 518/920/901
f 518/920/901 527/926/907 528/927/908
f 518/920/901 528/927/908 529/921/902
f 529/921/902 528/927/908 544/928/909
f 529/921/902 544/928/909 545/929/910
f 545/929/910 544/928/909 558/692/673
f 545/929/910 558/692/673 559/694/675
f 520/680/661 525/682/663 519/925/906
f 519/925/906 525/682/663 526/684/665
f 519/925/906 526/684/665 527/926/907
f 527/926/907 526/684/665 542/686/667
f 527/926/907 542/686/667 543/930/911
f 543/930/911 542/686/667 556/688/669
f 543/930/911 556/688/669 557/690/671
f 544/928/909 528/927/908 543/930/911
f 543/930/911 528/927/908 527/926/907
f 546/923/904 530/922/903 545/929/910
f 545/929/910 530/922/903 529/921/902
f 548/918/899 532/916/897 547/924/905
f 547/924/905 532/916/897 531/915/896
f 535/911/892 516/909/890 534/931/912
f 534/931/912 516/909/890 533/917/898
f 534/931/912 533/917/898 549/919/900
f 550/913/894 535/911/892 534/931/912
f 550/913/894 534/931/912 549/919/900
f 553/907/888 538/905/886 537/908/889
f 537/908/889 536/910/891 552/932/913
f 552/932/913 536/910/891 551/912/893
f 552/932/913 551/912/893 565/706/687
f 565/706/687 551/912/893 564/704/685
f 555/900/881 540/902/883 539/904/885
f 555/900/881 539/904/885 554/906/887
f 558/692/673 544/928/909 557/690/671
f 557/690/671 544/928/909 543/930/911
f 560/696/677 546/923/904 559/694/675
f 559/694/675 546/923/904 545/929/910
f 562/700/681 548/918/899 561/698/679
f 561/698/679 548/918/899 547/924/905
f 563/702/683 550/913/894 549/919/900
f 566/708/689 553/907/888 552/932/913
f 552/932/913 553/907/888 537/908/889
f 566/708/689 552/932/913 565/706/687
f 567/710/691 568/712/693 554/906/887
f 554/906/887 568/712/693 555/900/881
f 568/712/693 569/714/695 555/900/881
f 571/693/674 583/738/719 572/695/676
f 572/695/676 583/738/719 584/736/717
f 572/695/676 584/736/717 573/697/678
f 573/697/678 584/736/717 585/734/715
f 573/697/678 585/734/715 574/699/680
f 574/699/680 585/734/715 586/732/713
f 574/699/680 586/732/713 575/701/682
f 575/701/682 586/732/713 587/730/711
f 575/701/682 587/730/711 576/703/684
f 576/703/684 587/730/711 588/728/709
f 576/703/684 588/728/709 577/705/686
f 577/705/686 588/728/709 589/726/707
f 577/705/686 589/726/707 578/707/688
f 578/707/688 589/726/707 590/724/705
f 578/707/688 590/724/705 579/709/690
f 579/709/690 590/724/705 591/722/703
f 579/709/690 591/722/703 580/711/692
f 580/711/692 591/722/703 592/720/701
f 580/711/692 592/720/701 581/713/694
f 581/713/694 592/720/701 593/718/699
f 581/713/694 593/718/699 521/715/696
f 369/741/722 595/737/718 594/739/720
f 623/897/878 624/896/877 605/756/737
f 605/756/737 624/896/877 604/895/876
f 605/756/737 604/895/876 511/757/738
f 622/898/879 623/897/878 606/755/736
f 606/755/736 623/897/878 605/756/737
f 621/899/880 622/898/879 607/754/735
f 607/754/735 622/898/879 606/755/736
f 620/767/748 621/899/880 608/753/734
f 608/753/734 621/899/880 607/754/735
f 609/752/733 610/751/732 619/766/747
f 619/766/747 610/751/732 618/761/742
f 619/766/747 618/761/742 626/764/745
f 626/764/745 618/761/742 625/762/743
f 616/758/739 617/760/741 612/749/730
f 612/749/730 617/760/741 611/750/731
f 615/746/727 616/758/739 613/748/729
f 613/748/729 616/758/739 612/749/730
f 613/748/729 614/747/728 615/746/727
f 644/868/849 633/769/750 632/781/762
f 635/771/752 634/770/751 646/933/914
f 646/933/914 634/770/751 645/869/850
f 646/933/914 645/869/850 659/934/915
f 659/934/915 645/869/850 658/867/848
f 659/934/915 658/867/848 672/935/916
f 672/935/916 658/867/848 671/865/846
f 672/935/916 671/865/846 687/936/917
f 687/936/917 671/865/846 686/863/844
f 687/936/917 686/863/844 704/878/859
f 636/773/754 635/771/752 647/937/918
f 647/937/918 635/771/752 646/933/914
f 647/937/918 646/933/914 660/938/919
f 660/938/919 646/933/914 659/934/915
f 660/938/919 659/934/915 673/939/920
f 673/939/920 659/934/915 672/935/916
f 673/939/920 672/935/916 688/940/921
f 688/940/921 672/935/916 687/936/917
f 688/940/921 687/936/917 705/941/922
f 705/941/922 687/936/917 704/878/859
f 705/941/922 704/878/859 724/876/857
f 649/893/874 638/777/758 637/775/756
f 637/775/756 636/773/754 648/942/923
f 648/942/923 636/773/754 647/937/918
f 648/942/923 647/937/918 661/943/924
f 661/943/924 647/937/918 660/938/919
f 661/943/924 660/938/919 674/944/925
f 674/944/925 660/938/919 673/939/920
f 674/944/925 673/939/920 689/945/926
f 689/945/926 673/939/920 688/940/921
f 689/945/926 688/940/921 706/946/927
f 706/946/927 688/940/921 705/941/922
f 706/946/927 705/941/922 725/947/928
f 725/947/928 705/941/922 724/876/857
f 725/947/928 724/876/857 744/874/855
f 653/814/795 640/813/794 639/820/801
f 644/868/849 632/781/762 643/948/929
f 643/948/929 632/781/762 642/783/764
f 643/948/929 642/783/764 656/949/930
f 656/949/930 642/783/764 655/785/766
f 656/949/930 655/785/766 669/950/931
f 669/950/931 655/785/766 668/787/768
f 669/950/931 668/787/768 684/951/932
f 684/951/932 668/787/768 683/789/770
f 684/951/932 683/789/770 701/952/933
f 701/952/933 683/789/770 700/791/772
f 701/952/933 700/791/772 720/953/934
f 720/953/934 700/791/772 719/793/774
f 720/953/934 719/793/774 739/954/935
f 739/954/935 719/793/774 738/795/776
f 739/954/935 738/795/776 757/852/833
f 757/852/833 738/795/776 756/797/778
f 657/866/847 644/868/849 643/948/929
f 657/866/847 643/948/929 656/949/930
f 637/775/756 648/942/923 649/893/874
f 649/893/874 648/942/923 662/955/936
f 649/893/874 662/955/936 663/891/872
f 663/891/872 662/955/936 523/889/870
f 662/955/936 648/942/923 661/943/924
f 666/815/796 653/814/795 652/822/803
f 652/822/803 653/814/795 639/820/801
f 666/815/796 652/822/803 665/824/805
f 670/864/845 657/866/847 656/949/930
f 670/864/845 656/949/930 669/950/931
f 662/955/936 661/943/924 675/956/937
f 675/956/937 661/943/924 674/944/925
f 675/956/937 674/944/925 690/957/938
f 690/957/938 674/944/925 689/945/926
f 690/957/938 689/945/926 707/958/939
f 707/958/939 689/945/926 706/946/927
f 707/958/939 706/946/927 726/959/940
f 726/959/940 706/946/927 725/947/928
f 726/959/940 725/947/928 745/960/941
f 745/960/941 725/947/928 744/874/855
f 745/960/941 744/874/855 763/872/853
f 681/816/797 666/815/796 665/824/805
f 681/816/797 665/824/805 680/826/807
f 685/862/843 670/864/845 669/950/931
f 685/862/843 669/950/931 684/951/932
f 691/887/868 523/889/870 675/956/937
f 675/956/937 523/889/870 662/955/936
f 691/887/868 675/956/937 690/957/938
f 696/829/810 678/833/814 695/806/787
f 698/817/798 681/816/797 680/826/807
f 698/817/798 680/826/807 697/828/809
f 702/860/841 685/862/843 684/951/932
f 702/860/841 684/951/932 701/952/933
f 708/885/866 691/887/868 690/957/938
f 708/885/866 690/957/938 707/958/939
f 715/804/785 696/829/810 695/806/787
f 717/818/799 698/817/798 697/828/809
f 717/818/799 697/828/809 716/830/811
f 721/858/839 702/860/841 701/952/933
f 721/858/839 701/952/933 720/953/934
f 723/877/858 703/861/842 722/859/840
f 708/885/866 707/958/939 727/961/942
f 727/961/942 707/958/939 726/959/940
f 727/961/942 726/959/940 746/962/943
f 746/962/943 726/959/940 745/960/941
f 746/962/943 745/960/941 764/871/852
f 764/871/852 745/960/941 763/872/853
f 711/839/820 731/850/831 712/840/821
f 712/840/821 731/850/831 732/963/944
f 712/840/821 732/963/944 713/841/822
f 713/841/822 732/963/944 733/964/945
f 713/841/822 733/964/945 714/805/786
f 714/805/786 733/964/945 734/803/784
f 736/819/800 717/818/799 716/830/811
f 736/819/800 716/830/811 735/802/783
f 740/856/837 721/858/839 720/953/934
f 740/856/837 720/953/934 739/954/935
f 723/877/858 722/859/840 742/965/946
f 742/965/946 722/859/840 741/857/838
f 742/965/946 741/857/838 760/966/947
f 760/966/947 741/857/838 759/855/836
f 760/966/947 759/855/836 501/853/834
f 524/881/862 728/883/864 727/961/942
f 727/961/942 728/883/864 708/885/866
f 524/881/862 727/961/942 746/962/943
f 710/838/819 729/842/823 730/851/832
f 730/851/832 729/842/823 748/967/948
f 730/851/832 748/967/948 749/849/830
f 749/849/830 748/967/948 499/846/827
f 731/850/831 750/848/829 732/963/944
f 732/963/944 750/848/829 751/847/828
f 732/963/944 751/847/828 733/964/945
f 733/964/945 751/847/828 752/968/949
f 733/964/945 752/968/949 734/803/784
f 734/803/784 752/968/949 753/801/782
f 754/800/781 736/819/800 735/802/783
f 758/854/835 740/856/837 739/954/935
f 758/854/835 739/954/935 757/852/833
f 723/877/858 742/965/946 743/875/856
f 743/875/856 742/965/946 761/969/950
f 743/875/856 761/969/950 762/873/854
f 762/873/854 761/969/950 501/853/834
f 761/969/950 742/965/946 760/966/947
f 765/879/860 524/881/862 746/962/943
f 765/879/860 746/962/943 764/871/852
f 499/846/827 748/967/948 747/844/825
f 747/844/825 748/967/948 729/842/823
f 500/799/780 753/801/782 752/968/949
f 752/968/949 751/847/828 500/799/780
f 501/853/834 761/969/950 760/966/947
f 766/970/951 767/971/952 806/972/953
f 806/972/953 767/971/952 820/973/954
f 806/972/953 820/973/954 861/974/955
f 861/974/955 820/973/954 819/975/956
f 861/974/955 819/975/956 860/976/957
f 860/976/957 819/975/956 818/977/958
f 860/976/957 818/977/958 859/978/959
f 859/978/959 818/977/958 817/979/960
f 859/978/959 817/979/960 858/980/961
f 858/980/961 817/979/960 816/981/962
f 858/980/961 816/981/962 857/982/963
f 857/982/963 816/981/962 815/983/964
f 857/982/963 815/983/964 856/984/965
f 856/984/965 815/983/964 814/985/966
f 856/984/965 814/985/966 855/986/967
f 855/986/967 814/985/966 813/987/968
f 855/986/967 813/987/968 854/988/969
f 854/988/969 813/987/968 812/989/970
f 854/988/969 812/989/970 853/990/971
f 853/990/971 812/989/970 811/991/972
f 853/990/971 811/991/972 852/992/973
f 852/992/973 811/991/972 787/993/974
f 852/992/973 787/993/974 788/994/975
f 767/971/952 768/995/976 820/973/954
f 820/973/954 768/995/976 819/975/956
f 768/995/976 769/996/977 819/975/956
f 819/975/956 769/996/977 818/977/958
f 818/977/958 769/996/977 821/997/978
f 821/997/978 769/996/977 770/998/979
f 821/997/978 770/998/979 822/999/980
f 822/999/980 770/998/979 829/1000/981
f 822/999/980 829/1000/981 830/1001/982
f 830/1001/982 829/1000/981 836/1002/983
f 830/1001/982 836/1002/983 837/1003/984
f 837/1003/984 836/1002/983 772/1004/985
f 837/1003/984 772/1004/985 842/1005/986
f 842/1005/986 772/1004/985 773/1006/987
f 842/1005/986 773/1006/987 843/1007/988
f 843/1007/988 773/1006/987 774/1008/989
f 843/1007/988 774/1008/989 846/1009/990
f 846/1009/990 774/1008/989 775/1010/991
f 846/1009/990 775/1010/991 847/1011/992
f 847/1011/992 775/1010/991 776/1012/993
f 847/1011/992 776/1012/993 848/1013/994
f 848/1013/994 776/1012/993 850/1014/995
f 848/1013/994 850/1014/995 851/1015/996
f 851/1015/996 850/1014/995 778/1016/997
f 851/1015/996 778/1016/997 779/1017/998
f 770/998/979 771/1018/999 829/1000/981
f 829/1000/981 771/1018/999 836/1002/983
f 771/1018/999 772/1004/985 836/1002/983
f 776/1012/993 777/1019/1000 850/1014/995
f 850/1014/995 777/1019/1000 778/1016/997
f 779/1017/998 780/1020/1001 851/1015/996
f 851/1015/996 780/1020/1001 781/1021/1002
f 851/1015/996 781/1021/1002 782/1022/1003
f 851/1015/996 782/1022/1003 849/1023/1004
f 849/1023/1004 782/1022/1003 783/1024/1005
f 849/1023/1004 783/1024/1005 807/1025/1006
f 807/1025/1006 783/1024/1005 784/1026/1007
f 807/1025/1006 784/1026/1007 841/1027/1008
f 841/1027/1008 784/1026/1007 835/1028/1009
f 841/1027/1008 835/1028/1009 834/1029/1010
f 834/1029/1010 835/1028/1009 827/1030/1011
f 834/1029/1010 827/1030/1011 826/1031/1012
f 826/1031/1012 827/1030/1011 813/987/968
f 826/1031/1012 813/987/968 814/985/966
f 784/1026/1007 785/1032/1013 835/1028/1009
f 835/1028/1009 785/1032/1013 828/1033/1014
f 835/1028/1009 828/1033/1014 827/1030/1011
f 827/1030/1011 828/1033/1014 812/989/970
f 827/1030/1011 812/989/970 813/987/968
f 785/1032/1013 786/1034/1015 828/1033/1014
f 828/1033/1014 786/1034/1015 811/991/972
f 828/1033/1014 811/991/972 812/989/970
f 786/1034/1015 787/993/974 811/991/972
f 788/994/975 789/1035/1016 852/992/973
f 852/992/973 789/1035/1016 862/1036/1017
f 852/992/973 862/1036/1017 863/1037/1018
f 863/1037/1018 862/1036/1017 889/1038/1019
f 863/1037/1018 889/1038/1019 888/1039/1020
f 888/1039/1020 889/1038/1019 873/1040/1021
f 888/1039/1020 873/1040/1021 874/1041/1022
f 874/1041/1022 873/1040/1021 893/1042/1023
f 874/1041/1022 893/1042/1023 894/1043/1024
f 894/1043/1024 893/1042/1023 898/1044/1025
f 894/1043/1024 898/1044/1025 798/1045/1026
f 798/1045/1026 898/1044/1025 797/1046/1027
f 797/1046/1027 898/1044/1025 899/1047/1028
f 797/1046/1027 899/1047/1028 796/1048/1029
f 796/1048/1029 899/1047/1028 900/1049/1030
f 796/1048/1029 900/1049/1030 901/1050/1031
f 901/1050/1031 900/1049/1030 891/1051/1032
f 901/1050/1031 891/1051/1032 890/1052/1033
f 890/1052/1033 891/1051/1032 871/1053/1034
f 890/1052/1033 871/1053/1034 791/1054/1035
f 791/1054/1035 871/1053/1034 790/1055/1036
f 790/1055/1036 871/1053/1034 809/1056/1037
f 790/1055/1036 809/1056/1037 789/1035/1016
f 789/1035/1016 809/1056/1037 862/1036/1017
f 890/1052/1033 791/1054/1035 810/1057/1038
f 810/1057/1038 791/1054/1035 792/1058/1039
f 810/1057/1038 792/1058/1039 795/1059/1040
f 795/1059/1040 792/1058/1039 794/1060/1041
f 794/1060/1041 792/1058/1039 793/1061/1042
f 810/1057/1038 795/1059/1040 901/1050/1031
f 901/1050/1031 795/1059/1040 796/1048/1029
f 894/1043/1024 798/1045/1026 895/1062/1043
f 895/1062/1043 798/1045/1026 799/1063/1044
f 895/1062/1043 799/1063/1044 896/1064/1045
f 896/1064/1045 799/1063/1044 897/1065/1046
f 896/1064/1045 897/1065/1046 877/1066/1047
f 877/1066/1047 897/1065/1046 878/1067/1048
f 877/1066/1047 878/1067/1048 884/1068/1049
f 884/1068/1049 878/1067/1048 883/1069/1050
f 884/1068/1049 883/1069/1050 868/1070/1051
f 868/1070/1051 883/1069/1050 869/1071/1052
f 868/1070/1051 869/1071/1052 858/980/961
f 858/980/961 869/1071/1052 859/978/959
f 799/1063/1044 800/1072/1053 897/1065/1046
f 897/1065/1046 800/1072/1053 878/1067/1048
f 878/1067/1048 800/1072/1053 879/1073/1054
f 879/1073/1054 800/1072/1053 801/1074/1055
f 879/1073/1054 801/1074/1055 880/1075/1056
f 880/1075/1056 801/1074/1055 802/1076/1057
f 880/1075/1056 802/1076/1057 803/1077/1058
f 803/1077/1058 804/1078/1059 880/1075/1056
f 880/1075/1056 804/1078/1059 881/1079/1060
f 880/1075/1056 881/1079/1060 882/1080/1061
f 882/1080/1061 881/1079/1060 870/1081/1062
f 882/1080/1061 870/1081/1062 869/1071/1052
f 869/1071/1052 870/1081/1062 859/978/959
f 804/1078/1059 805/1082/1063 881/1079/1060
f 881/1079/1060 805/1082/1063 808/1083/1064
f 881/1079/1060 808/1083/1064 870/1081/1062
f 870/1081/1062 808/1083/1064 860/976/957
f 870/1081/1062 860/976/957 859/978/959
f 805/1082/1063 806/972/953 808/1083/1064
f 808/1083/1064 806/972/953 861/974/955
f 808/1083/1064 861/974/955 860/976/957
f 814/985/966 815/983/964 825/1084/1065
f 825/1084/1065 815/983/964 824/1085/1066
f 825/1084/1065 824/1085/1066 832/1086/1067
f 832/1086/1067 824/1085/1066 831/1087/1068
f 832/1086/1067 831/1087/1068 838/1088/1069
f 838/1088/1069 831/1087/1068 837/1003/984
f 838/1088/1069 837/1003/984 843/1007/988
f 843/1007/988 837/1003/984 842/1005/986
f 815/983/964 816/981/962 824/1085/1066
f 824/1085/1066 816/981/962 823/1089/1070
f 824/1085/1066 823/1089/1070 831/1087/1068
f 831/1087/1068 823/1089/1070 830/1001/982
f 831/1087/1068 830/1001/982 837/1003/984
f 816/981/962 817/979/960 823/1089/1070
f 823/1089/1070 817/979/960 822/999/980
f 823/1089/1070 822/999/980 830/1001/982
f 821/997/978 822/999/980 818/977/958
f 818/977/958 822/999/980 817/979/960
f 814/985/966 825/1084/1065 826/1031/1012
f 826/1031/1012 825/1084/1065 833/1090/1071
f 826/1031/1012 833/1090/1071 834/1029/1010
f 834/1029/1010 833/1090/1071 840/1091/1072
f 834/1029/1010 840/1091/1072 841/1027/1008
f 841/1027/1008 840/1091/1072 807/1025/1006
f 833/1090/1071 825/1084/1065 832/1086/1067
f 833/1090/1071 832/1086/1067 839/1092/1073
f 839/1092/1073 832/1086/1067 838/1088/1069
f 839/1092/1073 838/1088/1069 844/1093/1074
f 844/1093/1074 838/1088/1069 843/1007/988
f 844/1093/1074 843/1007/988 847/1011/992
f 847/1011/992 843/1007/988 846/1009/990
f 833/1090/1071 839/1092/1073 840/1091/1072
f 840/1091/1072 839/1092/1073 845/1094/1075
f 840/1091/1072 845/1094/1075 807/1025/1006
f 807/1025/1006 845/1094/1075 849/1023/1004
f 845/1094/1075 839/1092/1073 844/1093/1074
f 847/1011/992 848/1013/994 844/1093/1074
f 844/1093/1074 848/1013/994 845/1094/1075
f 851/1015/996 849/1023/1004 848/1013/994
f 848/1013/994 849/1023/1004 845/1094/1075
f 852/992/973 863/1037/1018 853/990/971
f 853/990/971 863/1037/1018 864/1095/1076
f 853/990/971 864/1095/1076 854/988/969
f 854/988/969 864/1095/1076 865/1096/1077
f 854/988/969 865/1096/1077 855/986/967
f 855/986/967 865/1096/1077 866/1097/1078
f 855/986/967 866/1097/1078 856/984/965
f 856/984/965 866/1097/1078 867/1098/1079
f 856/984/965 867/1098/1079 857/982/963
f 857/982/963 867/1098/1079 868/1070/1051
f 857/982/963 868/1070/1051 858/980/961
f 863/1037/1018 888/1039/1020 864/1095/1076
f 864/1095/1076 888/1039/1020 887/1099/1080
f 864/1095/1076 887/1099/1080 865/1096/1077
f 865/1096/1077 887/1099/1080 886/1100/1081
f 865/1096/1077 886/1100/1081 866/1097/1078
f 866/1097/1078 886/1100/1081 885/1101/1082
f 866/1097/1078 885/1101/1082 867/1098/1079
f 867/1098/1079 885/1101/1082 884/1068/1049
f 867/1098/1079 884/1068/1049 868/1070/1051
f 882/1080/1061 869/1071/1052 883/1069/1050
f 871/1053/1034 872/1102/1083 809/1056/1037
f 809/1056/1037 872/1102/1083 889/1038/1019
f 809/1056/1037 889/1038/1019 862/1036/1017
f 889/1038/1019 872/1102/1083 873/1040/1021
f 873/1040/1021 872/1102/1083 892/1103/1084
f 873/1040/1021 892/1103/1084 893/1042/1023
f 893/1042/1023 892/1103/1084 899/1047/1028
f 893/1042/1023 899/1047/1028 898/1044/1025
f 892/1103/1084 872/1102/1083 891/1051/1032
f 891/1051/1032 872/1102/1083 871/1053/1034
f 887/1099/1080 888/1039/1020 874/1041/1022
f 886/1100/1081 887/1099/1080 875/1104/1085
f 875/1104/1085 887/1099/1080 874/1041/1022
f 875/1104/1085 874/1041/1022 894/1043/1024
f 885/1101/1082 886/1100/1081 876/1105/1086
f 876/1105/1086 886/1100/1081 875/1104/1085
f 876/1105/1086 875/1104/1085 895/1062/1043
f 895/1062/1043 875/1104/1085 894/1043/1024
f 884/1068/1049 885/1101/1082 877/1066/1047
f 877/1066/1047 885/1101/1082 876/1105/1086
f 877/1066/1047 876/1105/1086 896/1064/1045
f 896/1064/1045 876/1105/1086 895/1062/1043
f 882/1080/1061 883/1069/1050 879/1073/1054
f 879/1073/1054 883/1069/1050 878/1067/1048
f 879/1073/1054 880/1075/1056 882/1080/1061
f 810/1057/1038 901/1050/1031 890/1052/1033
f 899/1047/1028 892/1103/1084 900/1049/1030
f 900/1049/1030 892/1103/1084 891/1051/1032
f 903/1106/1087 950/1107/1088 902/1108/1089
f 902/1108/1089 950/1107/1088 948/1109/1090
f 902/1108/1089 948/1109/1090 949/1110/1091
f 949/1110/1091 948/1109/1090 1036/1111/1092
f 949/1110/1091 1036/1111/1092 935/1112/1093
f 935/1112/1093 1036/1111/1092 1035/1113/1094
f 935/1112/1093 1035/1113/1094 934/1114/1095
f 934/1114/1095 1035/1113/1094 1033/1115/1096
f 934/1114/1095 1033/1115/1096 1034/1116/1097
f 1034/1116/1097 1033/1115/1096 1051/1117/1098
f 1034/1116/1097 1051/1117/1098 933/1118/1099
f 933/1118/1099 1051/1117/1098 1050/1119/1100
f 933/1118/1099 1050/1119/1100 932/1120/1101
f 932/1120/1101 1050/1119/1100 1164/1121/1102
f 932/1120/1101 1164/1121/1102 1165/1122/1103
f 1165/1122/1103 1164/1121/1102 1147/1123/1104
f 1165/1122/1103 1147/1123/1104 931/1124/1105
f 931/1124/1105 1147/1123/1104 1071/1125/1106
f 931/1124/1105 1071/1125/1106 1070/1126/1107
f 1070/1126/1107 1071/1125/1106 1069/1127/1108
f 1070/1126/1107 1069/1127/1108 930/1128/1109
f 930/1128/1109 1069/1127/1108 1146/1129/1110
f 930/1128/1109 1146/1129/1110 1094/1130/1111
f 1094/1130/1111 1146/1129/1110 1095/1131/1112
f 1094/1130/1111 1095/1131/1112 1092/1132/1113
f 1092/1132/1113 1095/1131/1112 1091/1133/1114
f 1092/1132/1113 1091/1133/1114 1123/1134/1115
f 1123/1134/1115 1091/1133/1114 1124/1135/1116
f 1123/1134/1115 1124/1135/1116 1119/1136/1117
f 1119/1136/1117 1124/1135/1116 1118/1137/1118
f 1119/1136/1117 1118/1137/1118 925/1138/1119
f 925/1138/1119 1118/1137/1118 1117/1139/1120
f 925/1138/1119 1117/1139/1120 1116/1140/1121
f 1116/1140/1121 1117/1139/1120 1126/1141/1122
f 1116/1140/1121 1126/1141/1122 1127/1142/1123
f 1127/1142/1123 1126/1141/1122 1088/1143/1124
f 1127/1142/1123 1088/1143/1124 1087/1144/1125
f 1087/1144/1125 1088/1143/1124 1099/1145/1126
f 1087/1144/1125 1099/1145/1126 1100/1146/1127
f 1100/1146/1127 1099/1145/1126 1141/1147/1128
f 1100/1146/1127 1141/1147/1128 1140/1148/1129
f 1140/1148/1129 1141/1147/1128 1063/1149/1130
f 1140/1148/1129 1063/1149/1130 1062/1150/1131
f 1062/1150/1131 1063/1149/1130 1077/1151/1132
f 1062/1150/1131 1077/1151/1132 1078/1152/1133
f 1078/1152/1133 1077/1151/1132 1154/1153/1134
f 1078/1152/1133 1154/1153/1134 1155/1154/1135
f 1155/1154/1135 1154/1153/1134 1157/1155/1136
f 1155/1154/1135 1157/1155/1136 1156/1156/1137
f 1156/1156/1137 1157/1155/1136 1042/1157/1138
f 1156/1156/1137 1042/1157/1138 918/1158/1139
f 918/1158/1139 1042/1157/1138 1058/1159/1140
f 918/1158/1139 1058/1159/1140 941/1160/1141
f 941/1160/1141 1058/1159/1140 1057/1161/1142
f 941/1160/1141 1057/1161/1142 1028/1162/1143
f 1028/1162/1143 1057/1161/1142 1056/1163/1144
f 1028/1162/1143 1056/1163/1144 1029/1164/1145
f 1029/1164/1145 1056/1163/1144 1055/1165/1146
f 1029/1164/1145 1055/1165/1146 1030/1166/1147
f 1030/1166/1147 1055/1165/1146 1054/1167/1148
f 1030/1166/1147 1054/1167/1148 1031/1168/1149
f 1031/1168/1149 1054/1167/1148 1053/1169/1150
f 1031/1168/1149 1053/1169/1150 1032/1170/1151
f 1032/1170/1151 1053/1169/1150 1052/1171/1152
f 1032/1170/1151 1052/1171/1152 1033/1115/1096
f 1033/1115/1096 1052/1171/1152 1051/1117/1098
f 903/1106/1087 793/1172/1153 950/1107/1088
f 950/1107/1088 793/1172/1153 951/1173/1154
f 950/1107/1088 951/1173/1154 948/1109/1090
f 948/1109/1090 951/1173/1154 947/1174/1155
f 948/1109/1090 947/1174/1155 1037/1175/1156
f 1037/1175/1156 947/1174/1155 1038/1176/1157
f 1037/1175/1156 1038/1176/1157 1031/1168/1149
f 1031/1168/1149 1038/1176/1157 1030/1166/1147
f 792/1177/1158 962/1178/1159 793/1172/1153
f 793/1172/1153 962/1178/1159 961/1179/1160
f 793/1172/1153 961/1179/1160 954/1180/1161
f 954/1180/1161 961/1179/1160 960/1181/1162
f 954/1180/1161 960/1181/1162 955/1182/1163
f 955/1182/1163 960/1181/1162 959/1183/1164
f 955/1182/1163 959/1183/1164 940/1184/1165
f 940/1184/1165 959/1183/1164 915/1185/1166
f 940/1184/1165 915/1185/1166 916/1186/1167
f 962/1178/1159 792/1177/1158 956/1187/1168
f 956/1187/1168 792/1177/1158 791/1188/1169
f 956/1187/1168 791/1188/1169 964/1189/1170
f 964/1189/1170 791/1188/1169 963/1190/1171
f 964/1189/1170 963/1190/1171 970/1191/1172
f 970/1191/1172 963/1190/1171 969/1192/1173
f 970/1191/1172 969/1192/1173 983/1193/1174
f 983/1193/1174 969/1192/1173 984/1194/1175
f 983/1193/1174 984/1194/1175 977/1195/1176
f 977/1195/1176 984/1194/1175 976/1196/1177
f 977/1195/1176 976/1196/1177 992/1197/1178
f 992/1197/1178 976/1196/1177 991/1198/1179
f 992/1197/1178 991/1198/1179 1002/1199/1180
f 1002/1199/1180 991/1198/1179 1001/1200/1181
f 1002/1199/1180 1001/1200/1181 1012/1201/1182
f 1012/1201/1182 1001/1200/1181 1011/1202/1183
f 1012/1201/1182 1011/1202/1183 1024/1203/1184
f 1024/1203/1184 1011/1202/1183 1023/1204/1185
f 1024/1203/1184 1023/1204/1185 908/1205/1186
f 908/1205/1186 1023/1204/1185 1022/1206/1187
f 908/1205/1186 1022/1206/1187 907/1207/1188
f 907/1207/1188 1022/1206/1187 1021/1208/1189
f 907/1207/1188 1021/1208/1189 1020/1209/1190
f 1020/1209/1190 1021/1208/1189 1008/1210/1191
f 1020/1209/1190 1008/1210/1191 1007/1211/1192
f 1007/1211/1192 1008/1210/1191 997/1212/1193
f 1007/1211/1192 997/1212/1193 996/1213/1194
f 996/1213/1194 997/1212/1193 786/1214/1195
f 996/1213/1194 786/1214/1195 785/1215/1196
f 791/1188/1169 790/1216/1197 963/1190/1171
f 963/1190/1171 790/1216/1197 969/1192/1173
f 789/1217/1198 986/1218/1199 790/1216/1197
f 790/1216/1197 986/1218/1199 968/1219/1200
f 790/1216/1197 968/1219/1200 969/1192/1173
f 969/1192/1173 968/1219/1200 984/1194/1175
f 788/1220/1201 973/1221/1202 789/1217/1198
f 789/1217/1198 973/1221/1202 974/1222/1203
f 789/1217/1198 974/1222/1203 986/1218/1199
f 986/1218/1199 974/1222/1203 975/1223/1204
f 986/1218/1199 975/1223/1204 985/1224/1205
f 985/1224/1205 975/1223/1204 976/1196/1177
f 985/1224/1205 976/1196/1177 984/1194/1175
f 787/1225/1206 987/1226/1207 788/1220/1201
f 788/1220/1201 987/1226/1207 988/1227/1208
f 788/1220/1201 988/1227/1208 973/1221/1202
f 973/1221/1202 988/1227/1208 989/1228/1209
f 973/1221/1202 989/1228/1209 974/1222/1203
f 974/1222/1203 989/1228/1209 990/1229/1210
f 974/1222/1203 990/1229/1210 975/1223/1204
f 975/1223/1204 990/1229/1210 991/1198/1179
f 975/1223/1204 991/1198/1179 976/1196/1177
f 787/1225/1206 786/1214/1195 987/1226/1207
f 987/1226/1207 786/1214/1195 997/1212/1193
f 987/1226/1207 997/1212/1193 998/1230/1211
f 998/1230/1211 997/1212/1193 1008/1210/1191
f 998/1230/1211 1008/1210/1191 1009/1231/1212
f 1009/1231/1212 1008/1210/1191 1021/1208/1189
f 1009/1231/1212 1021/1208/1189 1022/1206/1187
f 784/1232/1213 1005/1233/1214 785/1215/1196
f 785/1215/1196 1005/1233/1214 1006/1234/1215
f 785/1215/1196 1006/1234/1215 996/1213/1194
f 996/1213/1194 1006/1234/1215 1007/1211/1192
f 784/1232/1213 783/1235/1216 1005/1233/1214
f 1005/1233/1214 783/1235/1216 1017/1236/1217
f 1005/1233/1214 1017/1236/1217 1018/1237/1218
f 1018/1237/1218 1017/1236/1217 905/1238/1219
f 1018/1237/1218 905/1238/1219 906/1239/1220
f 1017/1236/1217 783/1235/1216 1016/1240/1221
f 1016/1240/1221 783/1235/1216 782/1241/1222
f 1016/1240/1221 782/1241/1222 904/1242/1223
f 904/1242/1223 782/1241/1222 781/1243/1002
f 904/1242/1223 905/1238/1219 1016/1240/1221
f 1016/1240/1221 905/1238/1219 1017/1236/1217
f 1018/1237/1218 906/1239/1220 1019/1244/1224
f 1019/1244/1224 906/1239/1220 907/1207/1188
f 1019/1244/1224 907/1207/1188 1020/1209/1190
f 1024/1203/1184 908/1205/1186 1025/1245/1225
f 1025/1245/1225 908/1205/1186 909/1246/1226
f 1025/1245/1225 909/1246/1226 1026/1247/1227
f 1026/1247/1227 909/1246/1226 1027/1248/1228
f 1026/1247/1227 1027/1248/1228 1014/1249/1229
f 1014/1249/1229 1027/1248/1228 1015/1250/1230
f 1014/1249/1229 1015/1250/1230 1004/1251/1231
f 1004/1251/1231 1015/1250/1230 936/1252/1232
f 1004/1251/1231 936/1252/1232 994/1253/1233
f 994/1253/1233 936/1252/1232 995/1254/1234
f 994/1253/1233 995/1254/1234 979/1255/1235
f 979/1255/1235 995/1254/1234 937/1256/1236
f 979/1255/1235 937/1256/1236 981/1257/1237
f 981/1257/1237 937/1256/1236 980/1258/1238
f 981/1257/1237 980/1258/1238 972/1259/1239
f 972/1259/1239 980/1258/1238 938/1260/1240
f 972/1259/1239 938/1260/1240 966/1261/1241
f 966/1261/1241 938/1260/1240 967/1262/1242
f 966/1261/1241 967/1262/1242 958/1263/1243
f 958/1263/1243 967/1262/1242 939/1264/1244
f 958/1263/1243 939/1264/1244 960/1181/1162
f 960/1181/1162 939/1264/1244 959/1183/1164
f 909/1246/1226 910/1265/1245 1027/1248/1228
f 1027/1248/1228 910/1265/1245 1015/1250/1230
f 910/1265/1245 911/1266/1246 1015/1250/1230
f 1015/1250/1230 911/1266/1246 936/1252/1232
f 911/1266/1246 912/1267/1247 936/1252/1232
f 936/1252/1232 912/1267/1247 995/1254/1234
f 995/1254/1234 912/1267/1247 937/1256/1236
f 937/1256/1236 912/1267/1247 913/1268/1248
f 937/1256/1236 913/1268/1248 980/1258/1238
f 980/1258/1238 913/1268/1248 938/1260/1240
f 913/1268/1248 914/1269/1249 938/1260/1240
f 938/1260/1240 914/1269/1249 967/1262/1242
f 967/1262/1242 914/1269/1249 939/1264/1244
f 939/1264/1244 914/1269/1249 915/1185/1166
f 939/1264/1244 915/1185/1166 959/1183/1164
f 917/1270/1250 1041/1271/1251 916/1186/1167
f 916/1186/1167 1041/1271/1251 945/1272/1252
f 916/1186/1167 945/1272/1252 953/1273/1253
f 953/1273/1253 945/1272/1252 946/1274/1254
f 953/1273/1253 946/1274/1254 952/1275/1255
f 952/1275/1255 946/1274/1254 947/1174/1155
f 952/1275/1255 947/1174/1155 951/1173/1154
f 1041/1271/1251 917/1270/1250 941/1160/1141
f 941/1160/1141 917/1270/1250 918/1158/1139
f 918/1158/1139 919/1276/1256 1156/1156/1137
f 1156/1156/1137 919/1276/1256 942/1277/1257
f 1156/1156/1137 942/1277/1257 1155/1154/1135
f 1155/1154/1135 942/1277/1257 1079/1278/1258
f 1155/1154/1135 1079/1278/1258 1078/1152/1133
f 1078/1152/1133 1079/1278/1258 1061/1279/1259
f 1078/1152/1133 1061/1279/1259 1062/1150/1131
f 1062/1150/1131 1061/1279/1259 1139/1280/1260
f 1062/1150/1131 1139/1280/1260 1140/1148/1129
f 1140/1148/1129 1139/1280/1260 1101/1281/1261
f 1140/1148/1129 1101/1281/1261 1100/1146/1127
f 1100/1146/1127 1101/1281/1261 1086/1282/1262
f 1100/1146/1127 1086/1282/1262 1087/1144/1125
f 1087/1144/1125 1086/1282/1262 1128/1283/1263
f 1087/1144/1125 1128/1283/1263 1127/1142/1123
f 1127/1142/1123 1128/1283/1263 1115/1284/1264
f 1127/1142/1123 1115/1284/1264 1116/1140/1121
f 1116/1140/1121 1115/1284/1264 924/1285/1265
f 1116/1140/1121 924/1285/1265 925/1138/1119
f 920/1286/1266 943/1287/1267 919/1276/1256
f 919/1276/1256 943/1287/1267 1059/1288/1268
f 919/1276/1256 1059/1288/1268 1080/1289/1269
f 1080/1289/1269 1059/1288/1268 1060/1290/1270
f 1080/1289/1269 1060/1290/1270 1079/1278/1258
f 1079/1278/1258 1060/1290/1270 1061/1279/1259
f 921/1291/1271 944/1292/1272 920/1286/1266
f 920/1286/1266 944/1292/1272 1106/1293/1273
f 920/1286/1266 1106/1293/1273 943/1287/1267
f 943/1287/1267 1106/1293/1273 1105/1294/1274
f 943/1287/1267 1105/1294/1274 1136/1295/1275
f 1136/1295/1275 1105/1294/1274 1104/1296/1276
f 1136/1295/1275 1104/1296/1276 1137/1297/1277
f 1137/1297/1277 1104/1296/1276 1103/1298/1278
f 1137/1297/1277 1103/1298/1278 1138/1299/1279
f 1138/1299/1279 1103/1298/1278 1102/1300/1280
f 1138/1299/1279 1102/1300/1280 1139/1280/1260
f 1139/1280/1260 1102/1300/1280 1101/1281/1261
f 922/1301/1281 1107/1302/1282 921/1291/1271
f 921/1291/1271 1107/1302/1282 1135/1303/1283
f 921/1291/1271 1135/1303/1283 944/1292/1272
f 944/1292/1272 1135/1303/1283 1134/1304/1284
f 944/1292/1272 1134/1304/1284 1081/1305/1285
f 1081/1305/1285 1134/1304/1284 1133/1306/1286
f 1081/1305/1285 1133/1306/1286 1082/1307/1287
f 1082/1307/1287 1133/1306/1286 1132/1308/1288
f 1082/1307/1287 1132/1308/1288 1083/1309/1289
f 1083/1309/1289 1132/1308/1288 1131/1310/1290
f 1083/1309/1289 1131/1310/1290 1084/1311/1291
f 1084/1311/1291 1131/1310/1290 1130/1312/1292
f 1084/1311/1291 1130/1312/1292 1085/1313/1293
f 1085/1313/1293 1130/1312/1292 1129/1314/1294
f 1085/1313/1293 1129/1314/1294 1086/1282/1262
f 1086/1282/1262 1129/1314/1294 1128/1283/1263
f 1107/1302/1282 922/1301/1281 1108/1315/1295
f 1108/1315/1295 922/1301/1281 923/1316/1296
f 1108/1315/1295 923/1316/1296 1109/1317/1297
f 1109/1317/1297 923/1316/1296 1110/1318/1298
f 1109/1317/1297 1110/1318/1298 1133/1306/1286
f 1133/1306/1286 1110/1318/1298 1132/1308/1288
f 924/1285/1265 1112/1319/1299 923/1316/1296
f 923/1316/1296 1112/1319/1299 1111/1320/1300
f 923/1316/1296 1111/1320/1300 1110/1318/1298
f 1110/1318/1298 1111/1320/1300 1132/1308/1288
f 1119/1136/1117 925/1138/1119 1120/1321/1301
f 1120/1321/1301 925/1138/1119 926/1322/1302
f 1120/1321/1301 926/1322/1302 1121/1323/1303
f 1121/1323/1303 926/1322/1302 927/1324/1304
f 1121/1323/1303 927/1324/1304 1120/1321/1301
f 1120/1321/1301 927/1324/1304 1122/1325/1305
f 1120/1321/1301 1122/1325/1305 1123/1134/1115
f 1123/1134/1115 1122/1325/1305 1092/1132/1113
f 927/1324/1304 928/1326/1306 1122/1325/1305
f 1122/1325/1305 928/1326/1306 1093/1327/1307
f 1122/1325/1305 1093/1327/1307 1092/1132/1113
f 1092/1132/1113 1093/1327/1307 929/1328/1308
f 1092/1132/1113 929/1328/1308 1094/1130/1111
f 1094/1130/1111 929/1328/1308 930/1128/1109
f 928/1326/1306 929/1328/1308 1093/1327/1307
f 930/1128/1109 931/1124/1105 1070/1126/1107
f 931/1124/1105 932/1120/1101 1165/1122/1103
f 933/1118/1099 934/1114/1095 1034/1116/1097
f 935/1112/1093 902/1108/1089 949/1110/1091
f 916/1186/1167 953/1273/1253 940/1184/1165
f 940/1184/1165 953/1273/1253 952/1275/1255
f 940/1184/1165 952/1275/1255 955/1182/1163
f 955/1182/1163 952/1275/1255 951/1173/1154
f 955/1182/1163 951/1173/1154 954/1180/1161
f 954/1180/1161 951/1173/1154 793/1172/1153
f 1079/1278/1258 942/1277/1257 1080/1289/1269
f 1080/1289/1269 942/1277/1257 919/1276/1256
f 1038/1176/1157 947/1174/1155 946/1274/1254
f 946/1274/1254 945/1272/1252 1039/1329/1309
f 1039/1329/1309 945/1272/1252 1040/1330/1310
f 1039/1329/1309 1040/1330/1310 1029/1164/1145
f 1029/1164/1145 1040/1330/1310 1028/1162/1143
f 1036/1111/1092 948/1109/1090 1037/1175/1156
f 961/1179/1160 962/1178/1159 957/1331/1311
f 957/1331/1311 962/1178/1159 956/1187/1168
f 957/1331/1311 956/1187/1168 965/1332/1312
f 965/1332/1312 956/1187/1168 964/1189/1170
f 965/1332/1312 964/1189/1170 971/1333/1313
f 971/1333/1313 964/1189/1170 970/1191/1172
f 971/1333/1313 970/1191/1172 982/1334/1314
f 982/1334/1314 970/1191/1172 983/1193/1174
f 982/1334/1314 983/1193/1174 978/1335/1315
f 978/1335/1315 983/1193/1174 977/1195/1176
f 978/1335/1315 977/1195/1176 993/1336/1316
f 993/1336/1316 977/1195/1176 992/1197/1178
f 993/1336/1316 992/1197/1178 1003/1337/1317
f 1003/1337/1317 992/1197/1178 1002/1199/1180
f 1003/1337/1317 1002/1199/1180 1013/1338/1318
f 1013/1338/1318 1002/1199/1180 1012/1201/1182
f 1013/1338/1318 1012/1201/1182 1025/1245/1225
f 1025/1245/1225 1012/1201/1182 1024/1203/1184
f 960/1181/1162 961/1179/1160 958/1263/1243
f 958/1263/1243 961/1179/1160 957/1331/1311
f 958/1263/1243 957/1331/1311 966/1261/1241
f 966/1261/1241 957/1331/1311 965/1332/1312
f 966/1261/1241 965/1332/1312 972/1259/1239
f 972/1259/1239 965/1332/1312 971/1333/1313
f 972/1259/1239 971/1333/1313 981/1257/1237
f 981/1257/1237 971/1333/1313 982/1334/1314
f 981/1257/1237 982/1334/1314 979/1255/1235
f 979/1255/1235 982/1334/1314 978/1335/1315
f 979/1255/1235 978/1335/1315 994/1253/1233
f 994/1253/1233 978/1335/1315 993/1336/1316
f 994/1253/1233 993/1336/1316 1004/1251/1231
f 1004/1251/1231 993/1336/1316 1003/1337/1317
f 1004/1251/1231 1003/1337/1317 1014/1249/1229
f 1014/1249/1229 1003/1337/1317 1013/1338/1318
f 1014/1249/1229 1013/1338/1318 1026/1247/1227
f 1026/1247/1227 1013/1338/1318 1025/1245/1225
f 985/1224/1205 984/1194/1175 968/1219/1200
f 968/1219/1200 986/1218/1199 985/1224/1205
f 987/1226/1207 998/1230/1211 988/1227/1208
f 988/1227/1208 998/1230/1211 999/1339/1319
f 988/1227/1208 999/1339/1319 989/1228/1209
f 989/1228/1209 999/1339/1319 1000/1340/1320
f 989/1228/1209 1000/1340/1320 990/1229/1210
f 990/1229/1210 1000/1340/1320 1001/1200/1181
f 990/1229/1210 1001/1200/1181 991/1198/1179
f 998/1230/1211 1009/1231/1212 999/1339/1319
f 999/1339/1319 1009/1231/1212 1010/1341/1321
f 999/1339/1319 1010/1341/1321 1000/1340/1320
f 1000/1340/1320 1010/1341/1321 1011/1202/1183
f 1000/1340/1320 1011/1202/1183 1001/1200/1181
f 1005/1233/1214 1018/1237/1218 1006/1234/1215
f 1006/1234/1215 1018/1237/1218 1019/1244/1224
f 1006/1234/1215 1019/1244/1224 1007/1211/1192
f 1007/1211/1192 1019/1244/1224 1020/1209/1190
f 1023/1204/1185 1011/1202/1183 1010/1341/1321
f 1023/1204/1185 1010/1341/1321 1022/1206/1187
f 1022/1206/1187 1010/1341/1321 1009/1231/1212
f 941/1160/1141 1028/1162/1143 1041/1271/1251
f 1041/1271/1251 1028/1162/1143 1040/1330/1310
f 1041/1271/1251 1040/1330/1310 945/1272/1252
f 1029/1164/1145 1030/1166/1147 1039/1329/1309
f 1039/1329/1309 1030/1166/1147 1038/1176/1157
f 1039/1329/1309 1038/1176/1157 946/1274/1254
f 1036/1111/1092 1037/1175/1156 1032/1170/1151
f 1032/1170/1151 1037/1175/1156 1031/1168/1149
f 1035/1113/1094 1036/1111/1092 1033/1115/1096
f 1033/1115/1096 1036/1111/1092 1032/1170/1151
f 1057/1161/1142 1058/1159/1140 1043/1342/1322
f 1043/1342/1322 1058/1159/1140 1042/1157/1138
f 1043/1342/1322 1042/1157/1138 1157/1155/1136
f 1056/1163/1144 1057/1161/1142 1044/1343/1323
f 1044/1343/1323 1057/1161/1142 1043/1342/1322
f 1044/1343/1323 1043/1342/1322 1158/1344/1324
f 1158/1344/1324 1043/1342/1322 1157/1155/1136
f 1158/1344/1324 1157/1155/1136 1154/1153/1134
f 1055/1165/1146 1056/1163/1144 1045/1345/1325
f 1045/1345/1325 1056/1163/1144 1044/1343/1323
f 1045/1345/1325 1044/1343/1323 1159/1346/1326
f 1159/1346/1326 1044/1343/1323 1158/1344/1324
f 1159/1346/1326 1158/1344/1324 1153/1347/1327
f 1153/1347/1327 1158/1344/1324 1154/1153/1134
f 1153/1347/1327 1154/1153/1134 1077/1151/1132
f 1054/1167/1148 1055/1165/1146 1046/1348/1328
f 1046/1348/1328 1055/1165/1146 1045/1345/1325
f 1046/1348/1328 1045/1345/1325 1160/1349/1329
f 1160/1349/1329 1045/1345/1325 1159/1346/1326
f 1160/1349/1329 1159/1346/1326 1152/1350/1330
f 1152/1350/1330 1159/1346/1326 1153/1347/1327
f 1152/1350/1330 1153/1347/1327 1076/1351/1331
f 1076/1351/1331 1153/1347/1327 1077/1151/1132
f 1076/1351/1331 1077/1151/1132 1063/1149/1130
f 1053/1169/1150 1054/1167/1148 1047/1352/1332
f 1047/1352/1332 1054/1167/1148 1046/1348/1328
f 1047/1352/1332 1046/1348/1328 1161/1353/1333
f 1161/1353/1333 1046/1348/1328 1160/1349/1329
f 1161/1353/1333 1160/1349/1329 1151/1354/1334
f 1151/1354/1334 1160/1349/1329 1152/1350/1330
f 1151/1354/1334 1152/1350/1330 1075/1355/1335
f 1075/1355/1335 1152/1350/1330 1076/1351/1331
f 1075/1355/1335 1076/1351/1331 1064/1356/1336
f 1064/1356/1336 1076/1351/1331 1063/1149/1130
f 1064/1356/1336 1063/1149/1130 1141/1147/1128
f 1052/1171/1152 1053/1169/1150 1048/1357/1337
f 1048/1357/1337 1053/1169/1150 1047/1352/1332
f 1048/1357/1337 1047/1352/1332 1162/1358/1338
f 1162/1358/1338 1047/1352/1332 1161/1353/1333
f 1162/1358/1338 1161/1353/1333 1150/1359/1339
f 1150/1359/1339 1161/1353/1333 1151/1354/1334
f 1150/1359/1339 1151/1354/1334 1074/1360/1340
f 1074/1360/1340 1151/1354/1334 1075/1355/1335
f 1074/1360/1340 1075/1355/1335 1065/1361/1341
f 1065/1361/1341 1075/1355/1335 1064/1356/1336
f 1065/1361/1341 1064/1356/1336 1142/1362/1342
f 1142/1362/1342 1064/1356/1336 1141/1147/1128
f 1142/1362/1342 1141/1147/1128 1099/1145/1126
f 1051/1117/1098 1052/1171/1152 1049/1363/1343
f 1049/1363/1343 1052/1171/1152 1048/1357/1337
f 1049/1363/1343 1048/1357/1337 1163/1364/1344
f 1163/1364/1344 1048/1357/1337 1162/1358/1338
f 1163/1364/1344 1162/1358/1338 1149/1365/1345
f 1149/1365/1345 1162/1358/1338 1150/1359/1339
f 1149/1365/1345 1150/1359/1339 1073/1366/1346
f 1073/1366/1346 1150/1359/1339 1074/1360/1340
f 1073/1366/1346 1074/1360/1340 1066/1367/1347
f 1066/1367/1347 1074/1360/1340 1065/1361/1341
f 1066/1367/1347 1065/1361/1341 1143/1368/1348
f 1143/1368/1348 1065/1361/1341 1142/1362/1342
f 1143/1368/1348 1142/1362/1342 1098/1369/1349
f 1098/1369/1349 1142/1362/1342 1099/1145/1126
f 1098/1369/1349 1099/1145/1126 1088/1143/1124
f 1164/1121/1102 1050/1119/1100 1049/1363/1343
f 1049/1363/1343 1050/1119/1100 1051/1117/1098
f 1164/1121/1102 1049/1363/1343 1163/1364/1344
f 1136/1295/1275 1137/1297/1277 1059/1288/1268
f 1059/1288/1268 1137/1297/1277 1060/1290/1270
f 1137/1297/1277 1138/1299/1279 1060/1290/1270
f 1060/1290/1270 1138/1299/1279 1061/1279/1259
f 1138/1299/1279 1139/1280/1260 1061/1279/1259
f 1066/1367/1347 1067/1370/1350 1073/1366/1346
f 1073/1366/1346 1067/1370/1350 1072/1371/1351
f 1073/1366/1346 1072/1371/1351 1149/1365/1345
f 1149/1365/1345 1072/1371/1351 1148/1372/1352
f 1149/1365/1345 1148/1372/1352 1163/1364/1344
f 1163/1364/1344 1148/1372/1352 1164/1121/1102
f 1067/1370/1350 1068/1373/1353 1072/1371/1351
f 1072/1371/1351 1068/1373/1353 1071/1125/1106
f 1072/1371/1351 1071/1125/1106 1148/1372/1352
f 1148/1372/1352 1071/1125/1106 1147/1123/1104
f 1148/1372/1352 1147/1123/1104 1164/1121/1102
f 1067/1370/1350 1066/1367/1347 1144/1374/1354
f 1144/1374/1354 1066/1367/1347 1143/1368/1348
f 1144/1374/1354 1143/1368/1348 1097/1375/1355
f 1097/1375/1355 1143/1368/1348 1098/1369/1349
f 1097/1375/1355 1098/1369/1349 1089/1376/1356
f 1089/1376/1356 1098/1369/1349 1088/1143/1124
f 1089/1376/1356 1088/1143/1124 1126/1141/1122
f 1146/1129/1110 1069/1127/1108 1068/1373/1353
f 1068/1373/1353 1069/1127/1108 1071/1125/1106
f 1068/1373/1353 1067/1370/1350 1145/1377/1357
f 1145/1377/1357 1067/1370/1350 1144/1374/1354
f 1145/1377/1357 1144/1374/1354 1096/1378/1358
f 1096/1378/1358 1144/1374/1354 1097/1375/1355
f 1096/1378/1358 1097/1375/1355 1090/1379/1359
f 1090/1379/1359 1097/1375/1355 1089/1376/1356
f 1090/1379/1359 1089/1376/1356 1125/1380/1360
f 1125/1380/1360 1089/1376/1356 1126/1141/1122
f 1125/1380/1360 1126/1141/1122 1117/1139/1120
f 1105/1294/1274 1106/1293/1273 1081/1305/1285
f 1081/1305/1285 1106/1293/1273 944/1292/1272
f 1104/1296/1276 1105/1294/1274 1082/1307/1287
f 1082/1307/1287 1105/1294/1274 1081/1305/1285
f 1103/1298/1278 1104/1296/1276 1083/1309/1289
f 1083/1309/1289 1104/1296/1276 1082/1307/1287
f 1102/1300/1280 1103/1298/1278 1084/1311/1291
f 1084/1311/1291 1103/1298/1278 1083/1309/1289
f 1101/1281/1261 1102/1300/1280 1085/1313/1293
f 1085/1313/1293 1102/1300/1280 1084/1311/1291
f 1085/1313/1293 1086/1282/1262 1101/1281/1261
f 1090/1379/1359 1091/1133/1114 1096/1378/1358
f 1096/1378/1358 1091/1133/1114 1095/1131/1112
f 1096/1378/1358 1095/1131/1112 1145/1377/1357
f 1145/1377/1357 1095/1131/1112 1146/1129/1110
f 1145/1377/1357 1146/1129/1110 1068/1373/1353
f 1091/1133/1114 1090/1379/1359 1124/1135/1116
f 1124/1135/1116 1090/1379/1359 1125/1380/1360
f 1124/1135/1116 1125/1380/1360 1118/1137/1118
f 1118/1137/1118 1125/1380/1360 1117/1139/1120
f 1134/1304/1284 1135/1303/1283 1108/1315/1295
f 1108/1315/1295 1135/1303/1283 1107/1302/1282
f 1133/1306/1286 1134/1304/1284 1109/1317/1297
f 1109/1317/1297 1134/1304/1284 1108/1315/1295
f 1131/1310/1290 1132/1308/1288 1111/1320/1300
f 1130/1312/1292 1131/1310/1290 1112/1319/1299
f 1112/1319/1299 1131/1310/1290 1111/1320/1300
f 1129/1314/1294 1130/1312/1292 1113/1381/1361
f 1113/1381/1361 1130/1312/1292 1112/1319/1299
f 1113/1381/1361 1112/1319/1299 924/1285/1265
f 1128/1283/1263 1129/1314/1294 1114/1382/1362
f 1114/1382/1362 1129/1314/1294 1113/1381/1361
f 1114/1382/1362 1113/1381/1361 924/1285/1265
f 924/1285/1265 1115/1284/1264 1114/1382/1362
f 1114/1382/1362 1115/1284/1264 1128/1283/1263
f 1119/1136/1117 1120/1321/1301 1123/1134/1115
f 943/1287/1267 1136/1295/1275 1059/1288/1268
f 1167/1383/1363 1234/1384/1364 1166/1385/1365
f 1166/1385/1365 1234/1384/1364 1214/1386/1366
f 1166/1385/1365 1214/1386/1366 1213/1387/1367
f 1213/1387/1367 1214/1386/1366 1297/1388/1368
f 1213/1387/1367 1297/1388/1368 1212/1389/1369
f 1212/1389/1369 1297/1388/1368 1316/1390/1370
f 1212/1389/1369 1316/1390/1370 1211/1391/1371
f 1211/1391/1371 1316/1390/1370 1210/1392/1372
f 1210/1392/1372 1316/1390/1370 1335/1393/1373
f 1210/1392/1372 1335/1393/1373 1209/1394/1374
f 1209/1394/1374 1335/1393/1373 1354/1395/1375
f 1209/1394/1374 1354/1395/1375 1207/1396/1376
f 1207/1396/1376 1354/1395/1375 1373/1397/1377
f 1207/1396/1376 1373/1397/1377 1206/1398/1378
f 1206/1398/1378 1373/1397/1377 1354/1395/1375
f 1206/1398/1378 1354/1395/1375 1353/1399/1379
f 1353/1399/1379 1354/1395/1375 1334/1400/1380
f 1353/1399/1379 1334/1400/1380 1333/1401/1381
f 1333/1401/1381 1334/1400/1380 1314/1402/1382
f 1333/1401/1381 1314/1402/1382 1313/1403/1383
f 1313/1403/1383 1314/1402/1382 1294/1404/1384
f 1313/1403/1383 1294/1404/1384 1293/1405/1385
f 1293/1405/1385 1294/1404/1384 1275/1406/1386
f 1293/1405/1385 1275/1406/1386 1274/1407/1387
f 1274/1407/1387 1275/1406/1386 1229/1408/1388
f 1274/1407/1387 1229/1408/1388 1228/1409/1389
f 1228/1409/1389 1229/1408/1388 1237/1410/1390
f 1228/1409/1389 1237/1410/1390 1238/1411/1391
f 1238/1411/1391 1237/1410/1390 1172/1412/1392
f 1238/1411/1391 1172/1412/1392 1173/1413/1393
f 1234/1384/1364 1167/1383/1363 1233/1414/1394
f 1233/1414/1394 1167/1383/1363 1168/1415/1395
f 1233/1414/1394 1168/1415/1395 1232/1416/1396
f 1232/1416/1396 1168/1415/1395 1169/1417/1397
f 1232/1416/1396 1169/1417/1397 1231/1418/1398
f 1231/1418/1398 1169/1417/1397 1235/1419/1399
f 1231/1418/1398 1235/1419/1399 1230/1420/1400
f 1230/1420/1400 1235/1419/1399 1236/1421/1401
f 1230/1420/1400 1236/1421/1401 1229/1408/1388
f 1229/1408/1388 1236/1421/1401 1237/1410/1390
f 1169/1417/1397 1170/1422/1402 1235/1419/1399
f 1235/1419/1399 1170/1422/1402 1236/1421/1401
f 1170/1422/1402 1171/1423/1403 1236/1421/1401
f 1236/1421/1401 1171/1423/1403 1237/1410/1390
f 1171/1423/1403 1172/1412/1392 1237/1410/1390
f 1173/1413/1393 1174/1424/1404 1238/1411/1391
f 1238/1411/1391 1174/1424/1404 1215/1425/1405
f 1238/1411/1391 1215/1425/1405 1227/1426/1406
f 1227/1426/1406 1215/1425/1405 1226/1427/1407
f 1227/1426/1406 1226/1427/1407 1272/1428/1408
f 1272/1428/1408 1226/1427/1407 1271/1429/1409
f 1272/1428/1408 1271/1429/1409 1290/1430/1410
f 1290/1430/1410 1271/1429/1409 1289/1431/1411
f 1290/1430/1410 1289/1431/1411 1309/1432/1412
f 1309/1432/1412 1289/1431/1411 1308/1433/1413
f 1309/1432/1412 1308/1433/1413 1328/1434/1414
f 1328/1434/1414 1308/1433/1413 1327/1435/1415
f 1328/1434/1414 1327/1435/1415 1347/1436/1416
f 1347/1436/1416 1327/1435/1415 1346/1437/1417
f 1347/1436/1416 1346/1437/1417 1366/1438/1418
f 1366/1438/1418 1346/1437/1417 1365/1439/1419
f 1366/1438/1418 1365/1439/1419 1196/1440/1420
f 1196/1440/1420 1365/1439/1419 1195/1441/1421
f 1195/1441/1421 1365/1439/1419 1364/1442/1422
f 1195/1441/1421 1364/1442/1422 1383/1443/1423
f 1383/1443/1423 1364/1442/1422 1363/1444/1424
f 1383/1443/1423 1363/1444/1424 1382/1445/1425
f 1382/1445/1425 1363/1444/1424 356/1446/1426
f 1382/1445/1425 356/1446/1426 1193/1447/1427
f 1174/1424/1404 1175/1448/1428 1215/1425/1405
f 1215/1425/1405 1175/1448/1428 1176/1449/1429
f 1215/1425/1405 1176/1449/1429 1239/1450/1430
f 1239/1450/1430 1176/1449/1429 1250/1451/1431
f 1239/1450/1430 1250/1451/1431 1251/1452/1432
f 1251/1452/1432 1250/1451/1431 1177/1453/1433
f 1251/1452/1432 1177/1453/1433 1178/1454/1434
f 1176/1449/1429 1177/1453/1433 1250/1451/1431
f 1178/1454/1434 1179/1455/1435 1251/1452/1432
f 1251/1452/1432 1179/1455/1435 1252/1456/1436
f 1251/1452/1432 1252/1456/1436 1240/1457/1437
f 1240/1457/1437 1252/1456/1436 1241/1458/1438
f 1240/1457/1437 1241/1458/1438 1224/1459/1439
f 1224/1459/1439 1241/1458/1438 1223/1460/1440
f 1224/1459/1439 1223/1460/1440 1269/1461/1441
f 1269/1461/1441 1223/1460/1440 1268/1462/1442
f 1269/1461/1441 1268/1462/1442 1287/1463/1443
f 1287/1463/1443 1268/1462/1442 1286/1464/1444
f 1287/1463/1443 1286/1464/1444 1306/1465/1445
f 1306/1465/1445 1286/1464/1444 1305/1466/1446
f 1306/1465/1445 1305/1466/1446 1325/1467/1447
f 1325/1467/1447 1305/1466/1446 1324/1468/1448
f 1325/1467/1447 1324/1468/1448 1344/1469/1449
f 1344/1469/1449 1324/1468/1448 1343/1470/1450
f 1344/1469/1449 1343/1470/1450 1363/1444/1424
f 1363/1444/1424 1343/1470/1450 1362/1471/1451
f 1363/1444/1424 1362/1471/1451 356/1446/1426
f 356/1446/1426 1362/1471/1451 1381/1472/1452
f 356/1446/1426 1381/1472/1452 357/1473/1453
f 357/1473/1453 1381/1472/1452 1380/1474/1454
f 357/1473/1453 1380/1474/1454 358/1475/1455
f 358/1475/1455 1380/1474/1454 359/1476/1456
f 359/1476/1456 1380/1474/1454 1360/1477/1457
f 359/1476/1456 1360/1477/1457 1379/1478/1458
f 1379/1478/1458 1360/1477/1457 1359/1479/1459
f 1379/1478/1458 1359/1479/1459 1378/1480/1460
f 1378/1480/1460 1359/1479/1459 1358/1481/1461
f 1378/1480/1460 1358/1481/1461 1377/1482/1462
f 1377/1482/1462 1358/1481/1461 1357/1483/1463
f 1377/1482/1462 1357/1483/1463 1376/1484/1464
f 1376/1484/1464 1357/1483/1463 1356/1485/1465
f 1376/1484/1464 1356/1485/1465 1375/1486/1466
f 1375/1486/1466 1356/1485/1465 1355/1487/1467
f 1375/1486/1466 1355/1487/1467 1374/1488/1468
f 1374/1488/1468 1355/1487/1467 488/1489/1469
f 1374/1488/1468 488/1489/1469 487/1490/1470
f 1179/1455/1435 1180/1491/1471 1252/1456/1436
f 1252/1456/1436 1180/1491/1471 1181/1492/1472
f 1252/1456/1436 1181/1492/1472 1253/1493/1473
f 1253/1493/1473 1181/1492/1472 1182/1494/1474
f 1253/1493/1473 1182/1494/1474 1254/1495/1475
f 1254/1495/1475 1182/1494/1474 1183/1496/1476
f 1254/1495/1475 1183/1496/1476 1184/1497/1477
f 1254/1495/1475 1184/1497/1477 1255/1498/1478
f 1255/1498/1478 1184/1497/1477 1185/1499/1479
f 1255/1498/1478 1185/1499/1479 1256/1500/1480
f 1256/1500/1480 1185/1499/1479 1186/1501/1481
f 1256/1500/1480 1186/1501/1481 1187/1502/1482
f 1256/1500/1480 1187/1502/1482 1257/1503/1483
f 1257/1503/1483 1187/1502/1482 1188/1504/1484
f 1257/1503/1483 1188/1504/1484 1258/1505/1485
f 1258/1505/1485 1188/1504/1484 1189/1506/1486
f 1258/1505/1485 1189/1506/1486 1190/1507/1487
f 1258/1505/1485 1190/1507/1487 1259/1508/1488
f 1259/1508/1488 1190/1507/1487 1191/1509/1489
f 1259/1508/1488 1191/1509/1489 1260/1510/1490
f 1260/1510/1490 1191/1509/1489 1192/1511/1491
f 1260/1510/1490 1192/1511/1491 498/1512/826
f 498/1512/826 497/1513/1492 1260/1510/1490
f 1260/1510/1490 497/1513/1492 1249/1514/1493
f 1260/1510/1490 1249/1514/1493 1248/1515/1494
f 1248/1515/1494 1249/1514/1493 1216/1516/1495
f 1248/1515/1494 1216/1516/1495 1217/1517/1496
f 1217/1517/1496 1216/1516/1495 1262/1518/1497
f 1217/1517/1496 1262/1518/1497 1263/1519/1498
f 1263/1519/1498 1262/1518/1497 1281/1520/1499
f 1263/1519/1498 1281/1520/1499 1282/1521/1500
f 1282/1521/1500 1281/1520/1499 1301/1522/1501
f 1282/1521/1500 1301/1522/1501 1302/1523/1502
f 1302/1523/1502 1301/1522/1501 1321/1524/1503
f 1302/1523/1502 1321/1524/1503 1322/1525/1504
f 1322/1525/1504 1321/1524/1503 1341/1526/1505
f 1322/1525/1504 1341/1526/1505 1342/1527/1506
f 1342/1527/1506 1341/1526/1505 1361/1528/1507
f 1342/1527/1506 1361/1528/1507 1362/1471/1451
f 1362/1471/1451 1361/1528/1507 1381/1472/1452
f 497/1513/1492 496/1529/1508 1249/1514/1493
f 1249/1514/1493 496/1529/1508 1216/1516/1495
f 496/1529/1508 495/1530/1509 1216/1516/1495
f 1216/1516/1495 495/1530/1509 1261/1531/1510
f 1216/1516/1495 1261/1531/1510 1262/1518/1497
f 1262/1518/1497 1261/1531/1510 1280/1532/1511
f 1262/1518/1497 1280/1532/1511 1281/1520/1499
f 1281/1520/1499 1280/1532/1511 1300/1533/1512
f 1281/1520/1499 1300/1533/1512 1301/1522/1501
f 1301/1522/1501 1300/1533/1512 1320/1534/1513
f 1301/1522/1501 1320/1534/1513 1321/1524/1503
f 1321/1524/1503 1320/1534/1513 1340/1535/1514
f 1321/1524/1503 1340/1535/1514 1341/1526/1505
f 1341/1526/1505 1340/1535/1514 1360/1477/1457
f 1341/1526/1505 1360/1477/1457 1361/1528/1507
f 1361/1528/1507 1360/1477/1457 1380/1474/1454
f 1361/1528/1507 1380/1474/1454 1381/1472/1452
f 495/1530/1509 494/1536/1515 1261/1531/1510
f 1261/1531/1510 494/1536/1515 1279/1537/1516
f 1261/1531/1510 1279/1537/1516 1280/1532/1511
f 1280/1532/1511 1279/1537/1516 1299/1538/1517
f 1280/1532/1511 1299/1538/1517 1300/1533/1512
f 1300/1533/1512 1299/1538/1517 1319/1539/1518
f 1300/1533/1512 1319/1539/1518 1320/1534/1513
f 1320/1534/1513 1319/1539/1518 1339/1540/1519
f 1320/1534/1513 1339/1540/1519 1340/1535/1514
f 1340/1535/1514 1339/1540/1519 1359/1479/1459
f 1340/1535/1514 1359/1479/1459 1360/1477/1457
f 494/1536/1515 493/1541/1520 1279/1537/1516
f 1279/1537/1516 493/1541/1520 1298/1542/1521
f 1279/1537/1516 1298/1542/1521 1299/1538/1517
f 1299/1538/1517 1298/1542/1521 1318/1543/1522
f 1299/1538/1517 1318/1543/1522 1319/1539/1518
f 1319/1539/1518 1318/1543/1522 1338/1544/1523
f 1319/1539/1518 1338/1544/1523 1339/1540/1519
f 1339/1540/1519 1338/1544/1523 1358/1481/1461
f 1339/1540/1519 1358/1481/1461 1359/1479/1459
f 493/1541/1520 492/1545/1524 1298/1542/1521
f 1298/1542/1521 492/1545/1524 1317/1546/1525
f 1298/1542/1521 1317/1546/1525 1318/1543/1522
f 1318/1543/1522 1317/1546/1525 1337/1547/1526
f 1318/1543/1522 1337/1547/1526 1338/1544/1523
f 1338/1544/1523 1337/1547/1526 1357/1483/1463
f 1338/1544/1523 1357/1483/1463 1358/1481/1461
f 492/1545/1524 491/1548/1527 1317/1546/1525
f 1317/1546/1525 491/1548/1527 490/1549/1528
f 1317/1546/1525 490/1549/1528 1336/1550/1529
f 1336/1550/1529 490/1549/1528 489/1551/1530
f 1336/1550/1529 489/1551/1530 1355/1487/1467
f 1355/1487/1467 489/1551/1530 488/1489/1469
f 366/1552/1531 365/1553/1532 487/1490/1470
f 487/1490/1470 365/1553/1532 364/1554/1533
f 487/1490/1470 364/1554/1533 1374/1488/1468
f 1374/1488/1468 364/1554/1533 363/1555/1534
f 1374/1488/1468 363/1555/1534 1375/1486/1466
f 1375/1486/1466 363/1555/1534 362/1556/1535
f 1375/1486/1466 362/1556/1535 1376/1484/1464
f 1376/1484/1464 362/1556/1535 1377/1482/1462
f 362/1556/1535 361/1557/1536 1377/1482/1462
f 1377/1482/1462 361/1557/1536 1378/1480/1460
f 361/1557/1536 360/1558/1537 1378/1480/1460
f 1378/1480/1460 360/1558/1537 1379/1478/1458
f 360/1558/1537 359/1476/1456 1379/1478/1458
f 1193/1447/1427 1194/1559/1538 1382/1445/1425
f 1382/1445/1425 1194/1559/1538 1383/1443/1423
f 1194/1559/1538 1195/1441/1421 1383/1443/1423
f 1196/1440/1420 1197/1560/1539 1366/1438/1418
f 1366/1438/1418 1197/1560/1539 1198/1561/1540
f 1366/1438/1418 1198/1561/1540 1367/1562/1541
f 1367/1562/1541 1198/1561/1540 1199/1563/1542
f 1367/1562/1541 1199/1563/1542 1368/1564/1543
f 1368/1564/1543 1199/1563/1542 1200/1565/1544
f 1368/1564/1543 1200/1565/1544 1369/1566/1545
f 1369/1566/1545 1200/1565/1544 1201/1567/1546
f 1369/1566/1545 1201/1567/1546 1202/1568/1547
f 1369/1566/1545 1202/1568/1547 1370/1569/1548
f 1370/1569/1548 1202/1568/1547 1203/1570/1549
f 1370/1569/1548 1203/1570/1549 1371/1571/1550
f 1371/1571/1550 1203/1570/1549 1204/1572/1551
f 1371/1571/1550 1204/1572/1551 1372/1573/1552
f 1372/1573/1552 1204/1572/1551 1205/1574/1553
f 1372/1573/1552 1205/1574/1553 1206/1398/1378
f 1207/1396/1376 1208/1575/1554 1209/1394/1374
f 1226/1427/1407 1215/1425/1405 1239/1450/1430
f 1217/1517/1496 1218/1576/1555 1247/1577/1556
f 1247/1577/1556 1218/1576/1555 1246/1578/1557
f 1247/1577/1556 1246/1578/1557 1258/1505/1485
f 1258/1505/1485 1246/1578/1557 1257/1503/1483
f 1218/1576/1555 1219/1579/1558 1246/1578/1557
f 1246/1578/1557 1219/1579/1558 1245/1580/1559
f 1246/1578/1557 1245/1580/1559 1257/1503/1483
f 1257/1503/1483 1245/1580/1559 1256/1500/1480
f 1217/1517/1496 1263/1519/1498 1218/1576/1555
f 1218/1576/1555 1263/1519/1498 1264/1581/1560
f 1218/1576/1555 1264/1581/1560 1219/1579/1558
f 1219/1579/1558 1264/1581/1560 1265/1582/1561
f 1219/1579/1558 1265/1582/1561 1220/1583/1562
f 1220/1583/1562 1265/1582/1561 1266/1584/1563
f 1220/1583/1562 1266/1584/1563 1221/1585/1564
f 1221/1585/1564 1266/1584/1563 1267/1586/1565
f 1221/1585/1564 1267/1586/1565 1222/1587/1566
f 1222/1587/1566 1267/1586/1565 1268/1462/1442
f 1222/1587/1566 1268/1462/1442 1223/1460/1440
f 1219/1579/1558 1220/1583/1562 1245/1580/1559
f 1245/1580/1559 1220/1583/1562 1244/1588/1567
f 1245/1580/1559 1244/1588/1567 1256/1500/1480
f 1256/1500/1480 1244/1588/1567 1255/1498/1478
f 1220/1583/1562 1221/1585/1564 1244/1588/1567
f 1244/1588/1567 1221/1585/1564 1243/1589/1568
f 1244/1588/1567 1243/1589/1568 1255/1498/1478
f 1255/1498/1478 1243/1589/1568 1254/1495/1475
f 1221/1585/1564 1222/1587/1566 1243/1589/1568
f 1243/1589/1568 1222/1587/1566 1242/1590/1569
f 1243/1589/1568 1242/1590/1569 1254/1495/1475
f 1254/1495/1475 1242/1590/1569 1253/1493/1473
f 1222/1587/1566 1223/1460/1440 1242/1590/1569
f 1242/1590/1569 1223/1460/1440 1241/1458/1438
f 1242/1590/1569 1241/1458/1438 1253/1493/1473
f 1253/1493/1473 1241/1458/1438 1252/1456/1436
f 1224/1459/1439 1225/1591/1570 1240/1457/1437
f 1240/1457/1437 1225/1591/1570 1239/1450/1430
f 1240/1457/1437 1239/1450/1430 1251/1452/1432
f 1271/1429/1409 1226/1427/1407 1225/1591/1570
f 1225/1591/1570 1226/1427/1407 1239/1450/1430
f 1225/1591/1570 1224/1459/1439 1270/1592/1571
f 1270/1592/1571 1224/1459/1439 1269/1461/1441
f 1270/1592/1571 1269/1461/1441 1288/1593/1572
f 1288/1593/1572 1269/1461/1441 1287/1463/1443
f 1288/1593/1572 1287/1463/1443 1307/1594/1573
f 1307/1594/1573 1287/1463/1443 1306/1465/1445
f 1307/1594/1573 1306/1465/1445 1326/1595/1574
f 1326/1595/1574 1306/1465/1445 1325/1467/1447
f 1326/1595/1574 1325/1467/1447 1345/1596/1575
f 1345/1596/1575 1325/1467/1447 1344/1469/1449
f 1345/1596/1575 1344/1469/1449 1364/1442/1422
f 1364/1442/1422 1344/1469/1449 1363/1444/1424
f 1238/1411/1391 1227/1426/1406 1228/1409/1389
f 1228/1409/1389 1227/1426/1406 1273/1597/1576
f 1228/1409/1389 1273/1597/1576 1274/1407/1387
f 1274/1407/1387 1273/1597/1576 1292/1598/1577
f 1274/1407/1387 1292/1598/1577 1293/1405/1385
f 1293/1405/1385 1292/1598/1577 1312/1599/1578
f 1293/1405/1385 1312/1599/1578 1313/1403/1383
f 1313/1403/1383 1312/1599/1578 1332/1600/1579
f 1313/1403/1383 1332/1600/1579 1333/1401/1381
f 1333/1401/1381 1332/1600/1579 1352/1601/1580
f 1333/1401/1381 1352/1601/1580 1353/1399/1379
f 1353/1399/1379 1352/1601/1580 1372/1573/1552
f 1353/1399/1379 1372/1573/1552 1206/1398/1378
f 1273/1597/1576 1227/1426/1406 1272/1428/1408
f 1229/1408/1388 1275/1406/1386 1230/1420/1400
f 1230/1420/1400 1275/1406/1386 1276/1602/1581
f 1230/1420/1400 1276/1602/1581 1231/1418/1398
f 1231/1418/1398 1276/1602/1581 1277/1603/1582
f 1231/1418/1398 1277/1603/1582 1232/1416/1396
f 1232/1416/1396 1277/1603/1582 1278/1604/1583
f 1232/1416/1396 1278/1604/1583 1233/1414/1394
f 1233/1414/1394 1278/1604/1583 1214/1386/1366
f 1233/1414/1394 1214/1386/1366 1234/1384/1364
f 1217/1517/1496 1247/1577/1556 1248/1515/1494
f 1248/1515/1494 1247/1577/1556 1259/1508/1488
f 1248/1515/1494 1259/1508/1488 1260/1510/1490
f 1259/1508/1488 1247/1577/1556 1258/1505/1485
f 1263/1519/1498 1282/1521/1500 1264/1581/1560
f 1264/1581/1560 1282/1521/1500 1283/1605/1584
f 1264/1581/1560 1283/1605/1584 1265/1582/1561
f 1265/1582/1561 1283/1605/1584 1284/1606/1585
f 1265/1582/1561 1284/1606/1585 1266/1584/1563
f 1266/1584/1563 1284/1606/1585 1285/1607/1586
f 1266/1584/1563 1285/1607/1586 1267/1586/1565
f 1267/1586/1565 1285/1607/1586 1286/1464/1444
f 1267/1586/1565 1286/1464/1444 1268/1462/1442
f 1289/1431/1411 1271/1429/1409 1270/1592/1571
f 1270/1592/1571 1271/1429/1409 1225/1591/1570
f 1289/1431/1411 1270/1592/1571 1288/1593/1572
f 1273/1597/1576 1272/1428/1408 1291/1608/1587
f 1291/1608/1587 1272/1428/1408 1290/1430/1410
f 1291/1608/1587 1290/1430/1410 1310/1609/1588
f 1310/1609/1588 1290/1430/1410 1309/1432/1412
f 1310/1609/1588 1309/1432/1412 1329/1610/1589
f 1329/1610/1589 1309/1432/1412 1328/1434/1414
f 1329/1610/1589 1328/1434/1414 1348/1611/1590
f 1348/1611/1590 1328/1434/1414 1347/1436/1416
f 1348/1611/1590 1347/1436/1416 1367/1562/1541
f 1367/1562/1541 1347/1436/1416 1366/1438/1418
f 1275/1406/1386 1294/1404/1384 1276/1602/1581
f 1276/1602/1581 1294/1404/1384 1295/1612/1591
f 1276/1602/1581 1295/1612/1591 1277/1603/1582
f 1277/1603/1582 1295/1612/1591 1296/1613/1592
f 1277/1603/1582 1296/1613/1592 1278/1604/1583
f 1278/1604/1583 1296/1613/1592 1297/1388/1368
f 1278/1604/1583 1297/1388/1368 1214/1386/1366
f 1282/1521/1500 1302/1523/1502 1283/1605/1584
f 1283/1605/1584 1302/1523/1502 1303/1614/1593
f 1283/1605/1584 1303/1614/1593 1284/1606/1585
f 1284/1606/1585 1303/1614/1593 1304/1615/1594
f 1284/1606/1585 1304/1615/1594 1285/1607/1586
f 1285/1607/1586 1304/1615/1594 1305/1466/1446
f 1285/1607/1586 1305/1466/1446 1286/1464/1444
f 1308/1433/1413 1289/1431/1411 1288/1593/1572
f 1308/1433/1413 1288/1593/1572 1307/1594/1573
f 1273/1597/1576 1291/1608/1587 1292/1598/1577
f 1292/1598/1577 1291/1608/1587 1311/1616/1595
f 1292/1598/1577 1311/1616/1595 1312/1599/1578
f 1312/1599/1578 1311/1616/1595 1331/1617/1596
f 1312/1599/1578 1331/1617/1596 1332/1600/1579
f 1332/1600/1579 1331/1617/1596 1351/1618/1597
f 1332/1600/1579 1351/1618/1597 1352/1601/1580
f 1352/1601/1580 1351/1618/1597 1371/1571/1550
f 1352/1601/1580 1371/1571/1550 1372/1573/1552
f 1311/1616/1595 1291/1608/1587 1310/1609/1588
f 1294/1404/1384 1314/1402/1382 1295/1612/1591
f 1295/1612/1591 1314/1402/1382 1315/1619/1598
f 1295/1612/1591 1315/1619/1598 1296/1613/1592
f 1296/1613/1592 1315/1619/1598 1316/1390/1370
f 1296/1613/1592 1316/1390/1370 1297/1388/1368
f 1302/1523/1502 1322/1525/1504 1303/1614/1593
f 1303/1614/1593 1322/1525/1504 1323/1620/1599
f 1303/1614/1593 1323/1620/1599 1304/1615/1594
f 1304/1615/1594 1323/1620/1599 1324/1468/1448
f 1304/1615/1594 1324/1468/1448 1305/1466/1446
f 1327/1435/1415 1308/1433/1413 1307/1594/1573
f 1327/1435/1415 1307/1594/1573 1326/1595/1574
f 1311/1616/1595 1310/1609/1588 1330/1621/1600
f 1330/1621/1600 1310/1609/1588 1329/1610/1589
f 1330/1621/1600 1329/1610/1589 1349/1622/1601
f 1349/1622/1601 1329/1610/1589 1348/1611/1590
f 1349/1622/1601 1348/1611/1590 1368/1564/1543
f 1368/1564/1543 1348/1611/1590 1367/1562/1541
f 1335/1393/1373 1316/1390/1370 1315/1619/1598
f 1335/1393/1373 1315/1619/1598 1334/1400/1380
f 1334/1400/1380 1315/1619/1598 1314/1402/1382
f 1343/1470/1450 1324/1468/1448 1323/1620/1599
f 1343/1470/1450 1323/1620/1599 1342/1527/1506
f 1342/1527/1506 1323/1620/1599 1322/1525/1504
f 1346/1437/1417 1327/1435/1415 1326/1595/1574
f 1346/1437/1417 1326/1595/1574 1345/1596/1575
f 1311/1616/1595 1330/1621/1600 1331/1617/1596
f 1331/1617/1596 1330/1621/1600 1350/1623/1602
f 1331/1617/1596 1350/1623/1602 1351/1618/1597
f 1351/1618/1597 1350/1623/1602 1370/1569/1548
f 1351/1618/1597 1370/1569/1548 1371/1571/1550
f 1350/1623/1602 1330/1621/1600 1349/1622/1601
f 1354/1395/1375 1335/1393/1373 1334/1400/1380
f 1317/1546/1525 1336/1550/1529 1337/1547/1526
f 1337/1547/1526 1336/1550/1529 1356/1485/1465
f 1337/1547/1526 1356/1485/1465 1357/1483/1463
f 1355/1487/1467 1356/1485/1465 1336/1550/1529
f 1362/1471/1451 1343/1470/1450 1342/1527/1506
f 1365/1439/1419 1346/1437/1417 1345/1596/1575
f 1365/1439/1419 1345/1596/1575 1364/1442/1422
f 1368/1564/1543 1369/1566/1545 1349/1622/1601
f 1349/1622/1601 1369/1566/1545 1350/1623/1602
f 1369/1566/1545 1370/1569/1548 1350/1623/1602
f 349/1624/1603 348/1625/1604 1390/1626/1605
f 1390/1626/1605 348/1625/1604 1166/1627/1365
f 1390/1626/1605 1166/1627/1365 1389/1628/1606
f 1389/1628/1606 1166/1627/1365 1213/1629/1367
f 1389/1628/1606 1213/1629/1367 1388/1630/1607
f 1388/1630/1607 1213/1629/1367 1212/1631/1369
f 1388/1630/1607 1212/1631/1369 1387/1632/1608
f 1387/1632/1608 1212/1631/1369 1211/1633/1371
f 1387/1632/1608 1211/1633/1371 1386/1634/1609
f 1386/1634/1609 1211/1633/1371 1210/1635/1372
f 1386/1634/1609 1210/1635/1372 1385/1636/1610
f 1385/1636/1610 1210/1635/1372 1209/1637/1374
f 1385/1636/1610 1209/1637/1374 1384/1638/1611
f 1384/1638/1611 1209/1637/1374 1208/1639/1554
f 927/1640/1612 926/1641/1302 1434/1642/1613
f 1434/1642/1613 926/1641/1302 1391/1643/1614
f 1434/1642/1613 1391/1643/1614 1392/1644/1615
f 1434/1642/1613 1392/1644/1615 1444/1645/1616
f 1444/1645/1616 1392/1644/1615 1393/1646/1617
f 1444/1645/1616 1393/1646/1617 1443/1647/1618
f 1443/1647/1618 1393/1646/1617 1394/1648/1619
f 1443/1647/1618 1394/1648/1619 1395/1649/1620
f 1443/1647/1618 1395/1649/1620 1442/1650/1621
f 1442/1650/1621 1395/1649/1620 1396/1651/1622
f 1442/1650/1621 1396/1651/1622 1441/1652/1623
f 1441/1652/1623 1396/1651/1622 1397/1653/1624
f 1441/1652/1623 1397/1653/1624 1398/1654/1625
f 1441/1652/1623 1398/1654/1625 1440/1655/1626
f 1440/1655/1626 1398/1654/1625 1399/1656/1627
f 1440/1655/1626 1399/1656/1627 1439/1657/1628
f 1439/1657/1628 1399/1656/1627 1400/1658/1629
f 1439/1657/1628 1400/1658/1629 1401/1659/1630
f 1439/1657/1628 1401/1659/1630 1438/1660/1631
f 1438/1660/1631 1401/1659/1630 1402/1661/1632
f 1438/1660/1631 1402/1661/1632 1437/1662/1633
f 1437/1662/1633 1402/1661/1632 1403/1663/1634
f 1437/1662/1633 1403/1663/1634 1404/1664/1635
f 1437/1662/1633 1404/1664/1635 1436/1665/1636
f 1436/1665/1636 1404/1664/1635 1405/1666/1637
f 1436/1665/1636 1405/1666/1637 1406/1667/1638
f 1436/1665/1636 1406/1667/1638 1435/1668/1639
f 1435/1668/1639 1406/1667/1638 1407/1669/1640
f 1435/1668/1639 1407/1669/1640 1408/1670/1641
f 1435/1668/1639 1408/1670/1641 1449/1671/1642
f 1449/1671/1642 1408/1670/1641 1409/1672/1643
f 1449/1671/1642 1409/1672/1643 1448/1673/1644
f 1448/1673/1644 1409/1672/1643 1410/1674/1645
f 1448/1673/1644 1410/1674/1645 1411/1675/1646
f 1448/1673/1644 1411/1675/1646 1447/1676/1647
f 1447/1676/1647 1411/1675/1646 1412/1677/1648
f 1447/1676/1647 1412/1677/1648 1446/1678/1649
f 1446/1678/1649 1412/1677/1648 1413/1679/1650
f 1446/1678/1649 1413/1679/1650 1445/1680/1651
f 1445/1680/1651 1413/1679/1650 1414/1681/1652
f 1445/1680/1651 1414/1681/1652 1462/1682/1653
f 1462/1682/1653 1414/1681/1652 1461/1683/1654
f 1462/1682/1653 1461/1683/1654 1512/1684/1655
f 1512/1684/1655 1461/1683/1654 1513/1685/1656
f 1512/1684/1655 1513/1685/1656 1481/1686/1657
f 1481/1686/1657 1513/1685/1656 1480/1687/1658
f 1481/1686/1657 1480/1687/1658 1519/1688/1659
f 1519/1688/1659 1480/1687/1658 1518/1689/1660
f 1519/1688/1659 1518/1689/1660 1538/1690/1661
f 1538/1690/1661 1518/1689/1660 1537/1691/1662
f 1538/1690/1661 1537/1691/1662 1557/1692/1663
f 1557/1692/1663 1537/1691/1662 1556/1693/1664
f 1557/1692/1663 1556/1693/1664 1575/1694/1665
f 1575/1694/1665 1556/1693/1664 1574/1695/1666
f 1575/1694/1665 1574/1695/1666 1421/1696/1667
f 1421/1696/1667 1574/1695/1666 1420/1697/1668
f 1420/1697/1668 1574/1695/1666 1573/1698/1669
f 1420/1697/1668 1573/1698/1669 1419/1699/1670
f 1419/1699/1670 1573/1698/1669 1418/1700/1671
f 1418/1700/1671 1573/1698/1669 1555/1701/1672
f 1418/1700/1671 1555/1701/1672 1554/1702/1673
f 1554/1702/1673 1555/1701/1672 1535/1703/1674
f 1554/1702/1673 1535/1703/1674 1385/1704/1610
f 1385/1704/1610 1535/1703/1674 1386/1705/1609
f 1386/1705/1609 1535/1703/1674 1516/1706/1675
f 1386/1705/1609 1516/1706/1675 1387/1707/1608
f 1387/1707/1608 1516/1706/1675 1388/1708/1607
f 1388/1708/1607 1516/1706/1675 1478/1709/1676
f 1388/1708/1607 1478/1709/1676 1389/1710/1606
f 1389/1710/1606 1478/1709/1676 1515/1711/1677
f 1389/1710/1606 1515/1711/1677 1432/1712/1678
f 1432/1712/1678 1515/1711/1677 1514/1713/1679
f 1432/1712/1678 1514/1713/1679 1460/1714/1680
f 1460/1714/1680 1514/1713/1679 1513/1685/1656
f 1460/1714/1680 1513/1685/1656 1461/1683/1654
f 1414/1681/1652 1415/1715/1681 1461/1683/1654
f 1461/1683/1654 1415/1715/1681 1460/1714/1680
f 1415/1715/1681 1416/1716/1682 1460/1714/1680
f 1460/1714/1680 1416/1716/1682 1432/1712/1678
f 1416/1716/1682 1390/1717/1605 1432/1712/1678
f 1432/1712/1678 1390/1717/1605 1389/1710/1606
f 1384/1718/1611 1417/1719/1683 1385/1704/1610
f 1385/1704/1610 1417/1719/1683 1554/1702/1673
f 1554/1702/1673 1417/1719/1683 1591/1720/1684
f 1591/1720/1684 1417/1719/1683 1418/1700/1671
f 1591/1720/1684 1418/1700/1671 1554/1702/1673
f 1421/1696/1667 1422/1721/1685 1575/1694/1665
f 1575/1694/1665 1422/1721/1685 1576/1722/1686
f 1575/1694/1665 1576/1722/1686 1557/1692/1663
f 1557/1692/1663 1576/1722/1686 1558/1723/1687
f 1557/1692/1663 1558/1723/1687 1538/1690/1661
f 1538/1690/1661 1558/1723/1687 1539/1724/1688
f 1538/1690/1661 1539/1724/1688 1519/1688/1659
f 1519/1688/1659 1539/1724/1688 1520/1725/1689
f 1519/1688/1659 1520/1725/1689 1481/1686/1657
f 1481/1686/1657 1520/1725/1689 1482/1726/1690
f 1481/1686/1657 1482/1726/1690 1512/1684/1655
f 1512/1684/1655 1482/1726/1690 1511/1727/1691
f 1512/1684/1655 1511/1727/1691 1462/1682/1653
f 1462/1682/1653 1511/1727/1691 1463/1728/1692
f 1462/1682/1653 1463/1728/1692 1446/1678/1649
f 1446/1678/1649 1463/1728/1692 1447/1676/1647
f 1422/1721/1685 1423/1729/1693 1576/1722/1686
f 1576/1722/1686 1423/1729/1693 1424/1730/1694
f 1576/1722/1686 1424/1730/1694 1577/1731/1695
f 1577/1731/1695 1424/1730/1694 1425/1732/1696
f 1577/1731/1695 1425/1732/1696 1578/1733/1697
f 1578/1733/1697 1425/1732/1696 1426/1734/1698
f 1578/1733/1697 1426/1734/1698 1579/1735/1699
f 1579/1735/1699 1426/1734/1698 1427/1736/1700
f 1579/1735/1699 1427/1736/1700 1428/1737/1701
f 1579/1735/1699 1428/1737/1701 1580/1738/1702
f 1580/1738/1702 1428/1737/1701 1429/1739/1703
f 1580/1738/1702 1429/1739/1703 1581/1740/1704
f 1581/1740/1704 1429/1739/1703 1601/1741/1705
f 1581/1740/1704 1601/1741/1705 1430/1742/1706
f 1430/1742/1706 1601/1741/1705 1429/1739/1703
f 1581/1740/1704 1430/1742/1706 1582/1743/1707
f 1582/1743/1707 1430/1742/1706 1431/1744/1708
f 1582/1743/1707 1431/1744/1708 1592/1745/1709
f 1592/1745/1709 1431/1744/1708 803/1746/1710
f 1592/1745/1709 803/1746/1710 1593/1747/1711
f 1593/1747/1711 803/1746/1710 802/1748/1712
f 1593/1747/1711 802/1748/1712 801/1749/1713
f 1593/1747/1711 801/1749/1713 1594/1750/1714
f 1594/1750/1714 801/1749/1713 800/1751/1715
f 1594/1750/1714 800/1751/1715 1595/1752/1716
f 1595/1752/1716 800/1751/1715 799/1753/1717
f 1595/1752/1716 799/1753/1717 1596/1754/1718
f 1596/1754/1718 799/1753/1717 798/1755/1719
f 1596/1754/1718 798/1755/1719 1597/1756/1720
f 1597/1756/1720 798/1755/1719 797/1757/1721
f 1597/1756/1720 797/1757/1721 1598/1758/1722
f 1598/1758/1722 797/1757/1721 796/1759/1723
f 1598/1758/1722 796/1759/1723 1599/1760/1724
f 1599/1760/1724 796/1759/1723 1600/1761/1725
f 1599/1760/1724 1600/1761/1725 1589/1762/1726
f 1589/1762/1726 1600/1761/1725 1590/1763/1727
f 1589/1762/1726 1590/1763/1727 1571/1764/1728
f 1571/1764/1728 1590/1763/1727 1572/1765/1729
f 1571/1764/1728 1572/1765/1729 1552/1766/1730
f 1552/1766/1730 1572/1765/1729 1553/1767/1731
f 1552/1766/1730 1553/1767/1731 1533/1768/1732
f 1533/1768/1732 1553/1767/1731 1534/1769/1733
f 1533/1768/1732 1534/1769/1733 1495/1770/1734
f 1495/1770/1734 1534/1769/1733 1496/1771/1735
f 1495/1770/1734 1496/1771/1735 1498/1772/1736
f 1498/1772/1736 1496/1771/1735 1497/1773/1737
f 1498/1772/1736 1497/1773/1737 1476/1774/1738
f 1476/1774/1738 1497/1773/1737 1477/1775/1739
f 1476/1774/1738 1477/1775/1739 1433/1776/1740
f 1433/1776/1740 1477/1775/1739 928/1777/1741
f 1433/1776/1740 928/1777/1741 927/1640/1612
f 796/1759/1723 795/1778/1742 1600/1761/1725
f 1600/1761/1725 795/1778/1742 903/1779/1743
f 1600/1761/1725 903/1779/1743 902/1780/1744
f 795/1778/1742 794/1781/1745 903/1779/1743
f 903/1779/1743 794/1781/1745 793/1782/1746
f 1600/1761/1725 902/1780/1744 1590/1763/1727
f 1590/1763/1727 902/1780/1744 935/1783/1747
f 1590/1763/1727 935/1783/1747 1572/1765/1729
f 1572/1765/1729 935/1783/1747 934/1784/1748
f 1572/1765/1729 934/1784/1748 1553/1767/1731
f 1553/1767/1731 934/1784/1748 933/1785/1749
f 1553/1767/1731 933/1785/1749 932/1786/1750
f 1553/1767/1731 932/1786/1750 1534/1769/1733
f 1534/1769/1733 932/1786/1750 931/1787/1751
f 1534/1769/1733 931/1787/1751 1496/1771/1735
f 1496/1771/1735 931/1787/1751 930/1788/1752
f 1496/1771/1735 930/1788/1752 1497/1773/1737
f 1497/1773/1737 930/1788/1752 929/1789/1753
f 1497/1773/1737 929/1789/1753 1477/1775/1739
f 1477/1775/1739 929/1789/1753 928/1777/1741
f 1433/1776/1740 927/1640/1612 1434/1642/1613
f 1436/1665/1636 1435/1668/1639 1450/1790/1754
f 1450/1790/1754 1435/1668/1639 1449/1671/1642
f 1450/1790/1754 1449/1671/1642 1466/1791/1755
f 1466/1791/1755 1449/1671/1642 1465/1792/1756
f 1466/1791/1755 1465/1792/1756 1508/1793/1757
f 1508/1793/1757 1465/1792/1756 1509/1794/1758
f 1508/1793/1757 1509/1794/1758 1485/1795/1759
f 1485/1795/1759 1509/1794/1758 1484/1796/1760
f 1485/1795/1759 1484/1796/1760 1523/1797/1761
f 1523/1797/1761 1484/1796/1760 1522/1798/1762
f 1523/1797/1761 1522/1798/1762 1542/1799/1763
f 1542/1799/1763 1522/1798/1762 1541/1800/1764
f 1542/1799/1763 1541/1800/1764 1561/1801/1765
f 1561/1801/1765 1541/1800/1764 1560/1802/1766
f 1561/1801/1765 1560/1802/1766 1579/1735/1699
f 1579/1735/1699 1560/1802/1766 1578/1733/1697
f 1437/1662/1633 1436/1665/1636 1451/1803/1767
f 1451/1803/1767 1436/1665/1636 1450/1790/1754
f 1451/1803/1767 1450/1790/1754 1467/1804/1768
f 1467/1804/1768 1450/1790/1754 1466/1791/1755
f 1467/1804/1768 1466/1791/1755 1507/1805/1769
f 1507/1805/1769 1466/1791/1755 1508/1793/1757
f 1507/1805/1769 1508/1793/1757 1486/1806/1770
f 1486/1806/1770 1508/1793/1757 1485/1795/1759
f 1486/1806/1770 1485/1795/1759 1524/1807/1771
f 1524/1807/1771 1485/1795/1759 1523/1797/1761
f 1524/1807/1771 1523/1797/1761 1543/1808/1772
f 1543/1808/1772 1523/1797/1761 1542/1799/1763
f 1543/1808/1772 1542/1799/1763 1562/1809/1773
f 1562/1809/1773 1542/1799/1763 1561/1801/1765
f 1562/1809/1773 1561/1801/1765 1580/1738/1702
f 1580/1738/1702 1561/1801/1765 1579/1735/1699
f 1438/1660/1631 1437/1662/1633 1452/1810/1774
f 1452/1810/1774 1437/1662/1633 1451/1803/1767
f 1452/1810/1774 1451/1803/1767 1468/1811/1775
f 1468/1811/1775 1451/1803/1767 1467/1804/1768
f 1468/1811/1775 1467/1804/1768 1506/1812/1776
f 1506/1812/1776 1467/1804/1768 1507/1805/1769
f 1506/1812/1776 1507/1805/1769 1487/1813/1777
f 1487/1813/1777 1507/1805/1769 1486/1806/1770
f 1487/1813/1777 1486/1806/1770 1525/1814/1778
f 1525/1814/1778 1486/1806/1770 1524/1807/1771
f 1525/1814/1778 1524/1807/1771 1544/1815/1779
f 1544/1815/1779 1524/1807/1771 1543/1808/1772
f 1544/1815/1779 1543/1808/1772 1563/1816/1780
f 1563/1816/1780 1543/1808/1772 1562/1809/1773
f 1563/1816/1780 1562/1809/1773 1581/1740/1704
f 1581/1740/1704 1562/1809/1773 1580/1738/1702
f 1439/1657/1628 1438/1660/1631 1453/1817/1781
f 1453/1817/1781 1438/1660/1631 1452/1810/1774
f 1453/1817/1781 1452/1810/1774 1469/1818/1782
f 1469/1818/1782 1452/1810/1774 1468/1811/1775
f 1469/1818/1782 1468/1811/1775 1505/1819/1783
f 1505/1819/1783 1468/1811/1775 1506/1812/1776
f 1505/1819/1783 1506/1812/1776 1488/1820/1784
f 1488/1820/1784 1506/1812/1776 1487/1813/1777
f 1488/1820/1784 1487/1813/1777 1526/1821/1785
f 1526/1821/1785 1487/1813/1777 1525/1814/1778
f 1526/1821/1785 1525/1814/1778 1545/1822/1786
f 1545/1822/1786 1525/1814/1778 1544/1815/1779
f 1545/1822/1786 1544/1815/1779 1564/1823/1787
f 1564/1823/1787 1544/1815/1779 1563/1816/1780
f 1564/1823/1787 1563/1816/1780 1582/1743/1707
f 1582/1743/1707 1563/1816/1780 1581/1740/1704
f 1440/1655/1626 1439/1657/1628 1454/1824/1788
f 1454/1824/1788 1439/1657/1628 1453/1817/1781
f 1454/1824/1788 1453/1817/1781 1470/1825/1789
f 1470/1825/1789 1453/1817/1781 1469/1818/1782
f 1470/1825/1789 1469/1818/1782 1504/1826/1790
f 1504/1826/1790 1469/1818/1782 1505/1819/1783
f 1504/1826/1790 1505/1819/1783 1489/1827/1791
f 1489/1827/1791 1505/1819/1783 1488/1820/1784
f 1489/1827/1791 1488/1820/1784 1527/1828/1792
f 1527/1828/1792 1488/1820/1784 1526/1821/1785
f 1527/1828/1792 1526/1821/1785 1546/1829/1793
f 1546/1829/1793 1526/1821/1785 1545/1822/1786
f 1546/1829/1793 1545/1822/1786 1565/1830/1794
f 1565/1830/1794 1545/1822/1786 1564/1823/1787
f 1565/1830/1794 1564/1823/1787 1583/1831/1795
f 1583/1831/1795 1564/1823/1787 1582/1743/1707
f 1583/1831/1795 1582/1743/1707 1593/1747/1711
f 1593/1747/1711 1582/1743/1707 1592/1745/1709
f 1441/1652/1623 1440/1655/1626 1455/1832/1796
f 1455/1832/1796 1440/1655/1626 1454/1824/1788
f 1455/1832/1796 1454/1824/1788 1471/1833/1797
f 1471/1833/1797 1454/1824/1788 1470/1825/1789
f 1471/1833/1797 1470/1825/1789 1503/1834/1798
f 1503/1834/1798 1470/1825/1789 1504/1826/1790
f 1503/1834/1798 1504/1826/1790 1490/1835/1799
f 1490/1835/1799 1504/1826/1790 1489/1827/1791
f 1490/1835/1799 1489/1827/1791 1528/1836/1800
f 1528/1836/1800 1489/1827/1791 1527/1828/1792
f 1528/1836/1800 1527/1828/1792 1547/1837/1801
f 1547/1837/1801 1527/1828/1792 1546/1829/1793
f 1547/1837/1801 1546/1829/1793 1566/1838/1802
f 1566/1838/1802 1546/1829/1793 1565/1830/1794
f 1566/1838/1802 1565/1830/1794 1584/1839/1803
f 1584/1839/1803 1565/1830/1794 1583/1831/1795
f 1584/1839/1803 1583/1831/1795 1594/1750/1714
f 1594/1750/1714 1583/1831/1795 1593/1747/1711
f 1442/1650/1621 1441/1652/1623 1456/1840/1804
f 1456/1840/1804 1441/1652/1623 1455/1832/1796
f 1456/1840/1804 1455/1832/1796 1472/1841/1805
f 1472/1841/1805 1455/1832/1796 1471/1833/1797
f 1472/1841/1805 1471/1833/1797 1502/1842/1806
f 1502/1842/1806 1471/1833/1797 1503/1834/1798
f 1502/1842/1806 1503/1834/1798 1491/1843/1807
f 1491/1843/1807 1503/1834/1798 1490/1835/1799
f 1491/1843/1807 1490/1835/1799 1529/1844/1808
f 1529/1844/1808 1490/1835/1799 1528/1836/1800
f 1529/1844/1808 1528/1836/1800 1548/1845/1809
f 1548/1845/1809 1528/1836/1800 1547/1837/1801
f 1548/1845/1809 1547/1837/1801 1567/1846/1810
f 1567/1846/1810 1547/1837/1801 1566/1838/1802
f 1567/1846/1810 1566/1838/1802 1585/1847/1811
f 1585/1847/1811 1566/1838/1802 1584/1839/1803
f 1585/1847/1811 1584/1839/1803 1595/1752/1716
f 1595/1752/1716 1584/1839/1803 1594/1750/1714
f 1443/1647/1618 1442/1650/1621 1457/1848/1812
f 1457/1848/1812 1442/1650/1621 1456/1840/1804
f 1457/1848/1812 1456/1840/1804 1473/1849/1813
f 1473/1849/1813 1456/1840/1804 1472/1841/1805
f 1473/1849/1813 1472/1841/1805 1501/1850/1814
f 1501/1850/1814 1472/1841/1805 1502/1842/1806
f 1501/1850/1814 1502/1842/1806 1492/1851/1815
f 1492/1851/1815 1502/1842/1806 1491/1843/1807
f 1492/1851/1815 1491/1843/1807 1530/1852/1816
f 1530/1852/1816 1491/1843/1807 1529/1844/1808
f 1530/1852/1816 1529/1844/1808 1549/1853/1817
f 1549/1853/1817 1529/1844/1808 1548/1845/1809
f 1549/1853/1817 1548/1845/1809 1568/1854/1818
f 1568/1854/1818 1548/1845/1809 1567/1846/1810
f 1568/1854/1818 1567/1846/1810 1586/1855/1819
f 1586/1855/1819 1567/1846/1810 1585/1847/1811
f 1586/1855/1819 1585/1847/1811 1596/1754/1718
f 1596/1754/1718 1585/1847/1811 1595/1752/1716
f 1444/1645/1616 1443/1647/1618 1458/1856/1820
f 1458/1856/1820 1443/1647/1618 1457/1848/1812
f 1458/1856/1820 1457/1848/1812 1474/1857/1821
f 1474/1857/1821 1457/1848/1812 1473/1849/1813
f 1474/1857/1821 1473/1849/1813 1500/1858/1822
f 1500/1858/1822 1473/1849/1813 1501/1850/1814
f 1500/1858/1822 1501/1850/1814 1493/1859/1823
f 1493/1859/1823 1501/1850/1814 1492/1851/1815
f 1493/1859/1823 1492/1851/1815 1531/1860/1824
f 1531/1860/1824 1492/1851/1815 1530/1852/1816
f 1531/1860/1824 1530/1852/1816 1550/1861/1825
f 1550/1861/1825 1530/1852/1816 1549/1853/1817
f 1550/1861/1825 1549/1853/1817 1569/1862/1826
f 1569/1862/1826 1549/1853/1817 1568/1854/1818
f 1569/1862/1826 1568/1854/1818 1587/1863/1827
f 1587/1863/1827 1568/1854/1818 1586/1855/1819
f 1587/1863/1827 1586/1855/1819 1597/1756/1720
f 1597/1756/1720 1586/1855/1819 1596/1754/1718
f 1434/1642/1613 1444/1645/1616 1459/1864/1828
f 1459/1864/1828 1444/1645/1616 1458/1856/1820
f 1459/1864/1828 1458/1856/1820 1475/1865/1829
f 1475/1865/1829 1458/1856/1820 1474/1857/1821
f 1475/1865/1829 1474/1857/1821 1499/1866/1830
f 1499/1866/1830 1474/1857/1821 1500/1858/1822
f 1499/1866/1830 1500/1858/1822 1494/1867/1831
f 1494/1867/1831 1500/1858/1822 1493/1859/1823
f 1494/1867/1831 1493/1859/1823 1532/1868/1832
f 1532/1868/1832 1493/1859/1823 1531/1860/1824
f 1532/1868/1832 1531/1860/1824 1551/1869/1833
f 1551/1869/1833 1531/1860/1824 1550/1861/1825
f 1551/1869/1833 1550/1861/1825 1570/1870/1834
f 1570/1870/1834 1550/1861/1825 1569/1862/1826
f 1570/1870/1834 1569/1862/1826 1588/1871/1835
f 1588/1871/1835 1569/1862/1826 1587/1863/1827
f 1588/1871/1835 1587/1863/1827 1598/1758/1722
f 1598/1758/1722 1587/1863/1827 1597/1756/1720
f 1462/1682/1653 1446/1678/1649 1445/1680/1651
f 1465/1792/1756 1449/1671/1642 1448/1673/1644
f 1448/1673/1644 1447/1676/1647 1464/1872/1836
f 1464/1872/1836 1447/1676/1647 1463/1728/1692
f 1464/1872/1836 1463/1728/1692 1510/1873/1837
f 1510/1873/1837 1463/1728/1692 1511/1727/1691
f 1510/1873/1837 1511/1727/1691 1483/1874/1838
f 1483/1874/1838 1511/1727/1691 1482/1726/1690
f 1483/1874/1838 1482/1726/1690 1521/1875/1839
f 1521/1875/1839 1482/1726/1690 1520/1725/1689
f 1521/1875/1839 1520/1725/1689 1540/1876/1840
f 1540/1876/1840 1520/1725/1689 1539/1724/1688
f 1540/1876/1840 1539/1724/1688 1559/1877/1841
f 1559/1877/1841 1539/1724/1688 1558/1723/1687
f 1559/1877/1841 1558/1723/1687 1577/1731/1695
f 1577/1731/1695 1558/1723/1687 1576/1722/1686
f 1476/1774/1738 1433/1776/1740 1459/1864/1828
f 1459/1864/1828 1433/1776/1740 1434/1642/1613
f 1476/1774/1738 1459/1864/1828 1475/1865/1829
f 1509/1794/1758 1465/1792/1756 1464/1872/1836
f 1464/1872/1836 1465/1792/1756 1448/1673/1644
f 1509/1794/1758 1464/1872/1836 1510/1873/1837
f 1498/1772/1736 1476/1774/1738 1475/1865/1829
f 1498/1772/1736 1475/1865/1829 1499/1866/1830
f 1514/1713/1679 1515/1711/1677 1479/1878/1842
f 1479/1878/1842 1515/1711/1677 1478/1709/1676
f 1479/1878/1842 1478/1709/1676 1517/1879/1843
f 1517/1879/1843 1478/1709/1676 1516/1706/1675
f 1517/1879/1843 1516/1706/1675 1536/1880/1844
f 1536/1880/1844 1516/1706/1675 1535/1703/1674
f 1536/1880/1844 1535/1703/1674 1555/1701/1672
f 1513/1685/1656 1514/1713/1679 1480/1687/1658
f 1480/1687/1658 1514/1713/1679 1479/1878/1842
f 1480/1687/1658 1479/1878/1842 1518/1689/1660
f 1518/1689/1660 1479/1878/1842 1517/1879/1843
f 1518/1689/1660 1517/1879/1843 1537/1691/1662
f 1537/1691/1662 1517/1879/1843 1536/1880/1844
f 1537/1691/1662 1536/1880/1844 1556/1693/1664
f 1556/1693/1664 1536/1880/1844 1555/1701/1672
f 1556/1693/1664 1555/1701/1672 1574/1695/1666
f 1574/1695/1666 1555/1701/1672 1573/1698/1669
f 1509/1794/1758 1510/1873/1837 1484/1796/1760
f 1484/1796/1760 1510/1873/1837 1483/1874/1838
f 1484/1796/1760 1483/1874/1838 1522/1798/1762
f 1522/1798/1762 1483/1874/1838 1521/1875/1839
f 1522/1798/1762 1521/1875/1839 1541/1800/1764
f 1541/1800/1764 1521/1875/1839 1540/1876/1840
f 1541/1800/1764 1540/1876/1840 1560/1802/1766
f 1560/1802/1766 1540/1876/1840 1559/1877/1841
f 1560/1802/1766 1559/1877/1841 1578/1733/1697
f 1578/1733/1697 1559/1877/1841 1577/1731/1695
f 1498/1772/1736 1499/1866/1830 1495/1770/1734
f 1495/1770/1734 1499/1866/1830 1494/1867/1831
f 1495/1770/1734 1494/1867/1831 1533/1768/1732
f 1533/1768/1732 1494/1867/1831 1532/1868/1832
f 1533/1768/1732 1532/1868/1832 1552/1766/1730
f 1552/1766/1730 1532/1868/1832 1551/1869/1833
f 1552/1766/1730 1551/1869/1833 1571/1764/1728
f 1571/1764/1728 1551/1869/1833 1570/1870/1834
f 1571/1764/1728 1570/1870/1834 1589/1762/1726
f 1589/1762/1726 1570/1870/1834 1588/1871/1835
f 1589/1762/1726 1588/1871/1835 1599/1760/1724
f 1599/1760/1724 1588/1871/1835 1598/1758/1722
f 1603/1881/1845 1660/1882/1846 1602/1883/1847
f 1602/1883/1847 1660/1882/1846 1661/1884/1848
f 1602/1883/1847 1661/1884/1848 1646/1885/1849
f 1646/1885/1849 1661/1884/1848 1662/1886/1850
f 1646/1885/1849 1662/1886/1850 1645/1887/1851
f 1645/1887/1851 1662/1886/1850 1663/1888/1852
f 1645/1887/1851 1663/1888/1852 1664/1889/1853
f 1664/1889/1853 1663/1888/1852 1681/1890/1854
f 1664/1889/1853 1681/1890/1854 1682/1891/1855
f 1682/1891/1855 1681/1890/1854 1700/1892/1856
f 1682/1891/1855 1700/1892/1856 1701/1893/1857
f 1701/1893/1857 1700/1892/1856 1719/1894/1858
f 1701/1893/1857 1719/1894/1858 1720/1895/1859
f 1720/1895/1859 1719/1894/1858 1738/1896/1860
f 1720/1895/1859 1738/1896/1860 1739/1897/1861
f 1739/1897/1861 1738/1896/1860 1765/1898/1862
f 1739/1897/1861 1765/1898/1862 1764/1899/1863
f 1764/1899/1863 1765/1898/1862 1759/1900/1864
f 1764/1899/1863 1759/1900/1864 1760/1901/1865
f 1760/1901/1865 1759/1900/1864 1798/1902/1866
f 1760/1901/1865 1798/1902/1866 1799/1903/1867
f 1799/1903/1867 1798/1902/1866 1647/1904/1868
f 1799/1903/1867 1647/1904/1868 511/1905/1869
f 511/1905/1869 1647/1904/1868 512/1906/1870
f 512/1906/1870 1647/1904/1868 1836/1907/1871
f 512/1906/1870 1836/1907/1871 1855/1908/1872
f 1855/1908/1872 1836/1907/1871 1835/1909/1873
f 1855/1908/1872 1835/1909/1873 1854/1910/1874
f 1854/1910/1874 1835/1909/1873 1834/1911/1875
f 1854/1910/1874 1834/1911/1875 1853/1912/1876
f 1853/1912/1876 1834/1911/1875 1833/1913/1877
f 1853/1912/1876 1833/1913/1877 1852/1914/1878
f 1852/1914/1878 1833/1913/1877 1832/1915/1879
f 1852/1914/1878 1832/1915/1879 1851/1916/1880
f 1851/1916/1880 1832/1915/1879 1831/1917/1881
f 1851/1916/1880 1831/1917/1881 1850/1918/1882
f 1850/1918/1882 1831/1917/1881 1830/1919/1883
f 1850/1918/1882 1830/1919/1883 1849/1920/1884
f 1849/1920/1884 1830/1919/1883 1829/1921/1885
f 1849/1920/1884 1829/1921/1885 1848/1922/1886
f 1848/1922/1886 1829/1921/1885 1828/1923/1887
f 1848/1922/1886 1828/1923/1887 1847/1924/1888
f 1847/1924/1888 1828/1923/1887 1827/1925/1889
f 1847/1924/1888 1827/1925/1889 1846/1926/1890
f 1846/1926/1890 1827/1925/1889 1826/1927/1891
f 1846/1926/1890 1826/1927/1891 1845/1928/1892
f 1845/1928/1892 1826/1927/1891 1825/1929/1893
f 1845/1928/1892 1825/1929/1893 1844/1930/1894
f 1844/1930/1894 1825/1929/1893 1824/1931/1895
f 1844/1930/1894 1824/1931/1895 1843/1932/1896
f 1843/1932/1896 1824/1931/1895 1823/1933/1897
f 1843/1932/1896 1823/1933/1897 1842/1934/1898
f 1842/1934/1898 1823/1933/1897 1822/1935/1899
f 1842/1934/1898 1822/1935/1899 1841/1936/1900
f 1841/1936/1900 1822/1935/1899 1821/1937/1901
f 1841/1936/1900 1821/1937/1901 1840/1938/1902
f 1840/1938/1902 1821/1937/1901 1820/1939/1903
f 1840/1938/1902 1820/1939/1903 1839/1940/1904
f 1839/1940/1904 1820/1939/1903 1819/1941/1905
f 1839/1940/1904 1819/1941/1905 1838/1942/1906
f 1838/1942/1906 1819/1941/1905 1818/1943/1907
f 1838/1942/1906 1818/1943/1907 1837/1944/1908
f 1837/1944/1908 1818/1943/1907 1621/1945/1909
f 1837/1944/1908 1621/1945/1909 1622/1946/1910
f 1603/1881/1845 1604/1947/1911 1660/1882/1846
f 1660/1882/1846 1604/1947/1911 1659/1948/1912
f 1660/1882/1846 1659/1948/1912 1677/1949/1913
f 1677/1949/1913 1659/1948/1912 1676/1950/1914
f 1677/1949/1913 1676/1950/1914 1695/1951/1915
f 1695/1951/1915 1676/1950/1914 1694/1952/1916
f 1695/1951/1915 1694/1952/1916 1713/1953/1917
f 1713/1953/1917 1694/1952/1916 1712/1954/1918
f 1713/1953/1917 1712/1954/1918 1731/1955/1919
f 1731/1955/1919 1712/1954/1918 1730/1956/1920
f 1731/1955/1919 1730/1956/1920 1773/1957/1921
f 1773/1957/1921 1730/1956/1920 1774/1958/1922
f 1773/1957/1921 1774/1958/1922 1750/1959/1923
f 1750/1959/1923 1774/1958/1922 1749/1960/1924
f 1750/1959/1923 1749/1960/1924 1788/1961/1925
f 1788/1961/1925 1749/1960/1924 1787/1962/1926
f 1788/1961/1925 1787/1962/1926 1807/1963/1927
f 1807/1963/1927 1787/1962/1926 1806/1964/1928
f 1807/1963/1927 1806/1964/1928 1825/1929/1893
f 1825/1929/1893 1806/1964/1928 1824/1931/1895
f 1604/1947/1911 1605/1965/1929 1659/1948/1912
f 1659/1948/1912 1605/1965/1929 1606/1966/1930
f 1659/1948/1912 1606/1966/1930 1658/1967/1931
f 1658/1967/1931 1606/1966/1930 1607/1968/1932
f 1658/1967/1931 1607/1968/1932 1657/1969/1933
f 1657/1969/1933 1607/1968/1932 1656/1970/1934
f 1657/1969/1933 1656/1970/1934 1674/1971/1935
f 1674/1971/1935 1656/1970/1934 1673/1972/1936
f 1674/1971/1935 1673/1972/1936 1692/1973/1937
f 1692/1973/1937 1673/1972/1936 1691/1974/1938
f 1692/1973/1937 1691/1974/1938 1710/1975/1939
f 1710/1975/1939 1691/1974/1938 1709/1976/1940
f 1710/1975/1939 1709/1976/1940 1728/1977/1941
f 1728/1977/1941 1709/1976/1940 1727/1978/1942
f 1728/1977/1941 1727/1978/1942 1776/1979/1943
f 1776/1979/1943 1727/1978/1942 1777/1980/1944
f 1776/1979/1943 1777/1980/1944 1747/1981/1945
f 1747/1981/1945 1777/1980/1944 1746/1982/1946
f 1747/1981/1945 1746/1982/1946 1785/1983/1947
f 1785/1983/1947 1746/1982/1946 1784/1984/1948
f 1785/1983/1947 1784/1984/1948 1804/1985/1949
f 1804/1985/1949 1784/1984/1948 1803/1986/1950
f 1804/1985/1949 1803/1986/1950 1822/1935/1899
f 1822/1935/1899 1803/1986/1950 1821/1937/1901
f 1607/1968/1932 1608/1987/1951 1656/1970/1934
f 1656/1970/1934 1608/1987/1951 1655/1988/1952
f 1656/1970/1934 1655/1988/1952 1673/1972/1936
f 1673/1972/1936 1655/1988/1952 1672/1989/1953
f 1673/1972/1936 1672/1989/1953 1691/1974/1938
f 1691/1974/1938 1672/1989/1953 1690/1990/1954
f 1691/1974/1938 1690/1990/1954 1709/1976/1940
f 1709/1976/1940 1690/1990/1954 1708/1991/1955
f 1709/1976/1940 1708/1991/1955 1727/1978/1942
f 1727/1978/1942 1708/1991/1955 1726/1992/1956
f 1727/1978/1942 1726/1992/1956 1777/1980/1944
f 1777/1980/1944 1726/1992/1956 1778/1993/1957
f 1777/1980/1944 1778/1993/1957 1746/1982/1946
f 1746/1982/1946 1778/1993/1957 1745/1994/1958
f 1746/1982/1946 1745/1994/1958 1784/1984/1948
f 1784/1984/1948 1745/1994/1958 1783/1995/1959
f 1784/1984/1948 1783/1995/1959 1803/1986/1950
f 1803/1986/1950 1783/1995/1959 1802/1996/1960
f 1803/1986/1950 1802/1996/1960 1821/1937/1901
f 1821/1937/1901 1802/1996/1960 1820/1939/1903
f 1608/1987/1951 1609/1997/1961 1655/1988/1952
f 1655/1988/1952 1609/1997/1961 1654/1998/1962
f 1655/1988/1952 1654/1998/1962 1672/1989/1953
f 1672/1989/1953 1654/1998/1962 1671/1999/1963
f 1672/1989/1953 1671/1999/1963 1690/1990/1954
f 1690/1990/1954 1671/1999/1963 1689/2000/1964
f 1690/1990/1954 1689/2000/1964 1708/1991/1955
f 1708/1991/1955 1689/2000/1964 1707/2001/1965
f 1708/1991/1955 1707/2001/1965 1726/1992/1956
f 1726/1992/1956 1707/2001/1965 1725/2002/1966
f 1726/1992/1956 1725/2002/1966 1778/1993/1957
f 1778/1993/1957 1725/2002/1966 1779/2003/1967
f 1778/1993/1957 1779/2003/1967 1745/1994/1958
f 1745/1994/1958 1779/2003/1967 1744/2004/1968
f 1745/1994/1958 1744/2004/1968 1783/1995/1959
f 1783/1995/1959 1744/2004/1968 1782/2005/1969
f 1783/1995/1959 1782/2005/1969 1802/1996/1960
f 1802/1996/1960 1782/2005/1969 1801/2006/1970
f 1802/1996/1960 1801/2006/1970 1820/1939/1903
f 1820/1939/1903 1801/2006/1970 1819/1941/1905
f 1609/1997/1961 1610/2007/1971 1654/1998/1962
f 1654/1998/1962 1610/2007/1971 1653/2008/1972
f 1654/1998/1962 1653/2008/1972 1671/1999/1963
f 1671/1999/1963 1653/2008/1972 1650/2009/1973
f 1671/1999/1963 1650/2009/1973 1689/2000/1964
f 1689/2000/1964 1650/2009/1973 1688/2010/1974
f 1689/2000/1964 1688/2010/1974 1707/2001/1965
f 1707/2001/1965 1688/2010/1974 1706/2011/1975
f 1707/2001/1965 1706/2011/1975 1725/2002/1966
f 1725/2002/1966 1706/2011/1975 1648/2012/1976
f 1725/2002/1966 1648/2012/1976 1779/2003/1967
f 1779/2003/1967 1648/2012/1976 1780/2013/1977
f 1779/2003/1967 1780/2013/1977 1744/2004/1968
f 1744/2004/1968 1780/2013/1977 1743/2014/1978
f 1744/2004/1968 1743/2014/1978 1782/2005/1969
f 1782/2005/1969 1743/2014/1978 1781/2015/1979
f 1782/2005/1969 1781/2015/1979 1801/2006/1970
f 1801/2006/1970 1781/2015/1979 1800/2016/1980
f 1801/2006/1970 1800/2016/1980 1819/1941/1905
f 1819/1941/1905 1800/2016/1980 1818/1943/1907
f 1610/2007/1971 1611/2017/1981 1653/2008/1972
f 1653/2008/1972 1611/2017/1981 1652/2018/1982
f 1653/2008/1972 1652/2018/1982 1650/2009/1973
f 1650/2009/1973 1652/2018/1982 1613/2019/1983
f 1650/2009/1973 1613/2019/1983 1614/2020/1984
f 1611/2017/1981 1612/2021/1985 1652/2018/1982
f 1652/2018/1982 1612/2021/1985 1613/2019/1983
f 1650/2009/1973 1614/2020/1984 1688/2010/1974
f 1688/2010/1974 1614/2020/1984 1615/2022/1986
f 1688/2010/1974 1615/2022/1986 1706/2011/1975
f 1706/2011/1975 1615/2022/1986 1616/2023/1987
f 1706/2011/1975 1616/2023/1987 1648/2012/1976
f 1648/2012/1976 1616/2023/1987 1617/2024/1988
f 1648/2012/1976 1617/2024/1988 1780/2013/1977
f 1780/2013/1977 1617/2024/1988 1743/2014/1978
f 1617/2024/1988 1618/2025/1989 1743/2014/1978
f 1743/2014/1978 1618/2025/1989 1781/2015/1979
f 1618/2025/1989 1619/2026/1990 1781/2015/1979
f 1781/2015/1979 1619/2026/1990 1800/2016/1980
f 1619/2026/1990 1620/2027/1991 1800/2016/1980
f 1800/2016/1980 1620/2027/1991 1818/1943/1907
f 1620/2027/1991 1621/1945/1909 1818/1943/1907
f 1622/1946/1910 1623/2028/1992 1837/1944/1908
f 1837/1944/1908 1623/2028/1992 1838/1942/1906
f 1623/2028/1992 1624/2029/1993 1838/1942/1906
f 1838/1942/1906 1624/2029/1993 1856/2030/1994
f 1838/1942/1906 1856/2030/1994 1839/1940/1904
f 1839/1940/1904 1856/2030/1994 1625/2031/1995
f 1839/1940/1904 1625/2031/1995 1840/1938/1902
f 1840/1938/1902 1625/2031/1995 1871/2032/1996
f 1840/1938/1902 1871/2032/1996 1626/2033/1997
f 1626/2033/1997 1871/2032/1996 1625/2031/1995
f 1624/2029/1993 1625/2031/1995 1856/2030/1994
f 1627/2034/1998 1872/2035/1999 1626/2033/1997
f 1626/2033/1997 1872/2035/1999 1841/1936/1900
f 1626/2033/1997 1841/1936/1900 1840/1938/1902
f 1628/2036/2000 1857/2037/2001 1627/2034/1998
f 1627/2034/1998 1857/2037/2001 1841/1936/1900
f 1627/2034/1998 1841/1936/1900 1872/2035/1999
f 1857/2037/2001 1628/2036/2000 1858/2038/2002
f 1858/2038/2002 1628/2036/2000 1629/2039/2003
f 1858/2038/2002 1629/2039/2003 1859/2040/2004
f 1859/2040/2004 1629/2039/2003 1860/2041/2005
f 1859/2040/2004 1860/2041/2005 1844/1930/1894
f 1844/1930/1894 1860/2041/2005 1845/1928/1892
f 1629/2039/2003 1630/2042/2006 1860/2041/2005
f 1860/2041/2005 1630/2042/2006 1861/2043/2007
f 1860/2041/2005 1861/2043/2007 1845/1928/1892
f 1845/1928/1892 1861/2043/2007 1846/1926/1890
f 1630/2042/2006 1631/2044/2008 1861/2043/2007
f 1861/2043/2007 1631/2044/2008 1862/2045/2009
f 1861/2043/2007 1862/2045/2009 1846/1926/1890
f 1846/1926/1890 1862/2045/2009 1847/1924/1888
f 1631/2044/2008 1632/2046/2010 1862/2045/2009
f 1862/2045/2009 1632/2046/2010 1863/2047/2011
f 1862/2045/2009 1863/2047/2011 1847/1924/1888
f 1847/1924/1888 1863/2047/2011 1848/1922/1886
f 1632/2046/2010 1633/2048/2012 1863/2047/2011
f 1863/2047/2011 1633/2048/2012 1864/2049/2013
f 1863/2047/2011 1864/2049/2013 1848/1922/1886
f 1848/1922/1886 1864/2049/2013 1849/1920/1884
f 1864/2049/2013 1633/2048/2012 1865/2050/2014
f 1865/2050/2014 1633/2048/2012 1634/2051/2015
f 1865/2050/2014 1634/2051/2015 1866/2052/2016
f 1866/2052/2016 1634/2051/2015 1635/2053/2017
f 1866/2052/2016 1635/2053/2017 1867/2054/2018
f 1867/2054/2018 1635/2053/2017 1636/2055/2019
f 1867/2054/2018 1636/2055/2019 1868/2056/2020
f 1868/2056/2020 1636/2055/2019 1637/2057/2021
f 1868/2056/2020 1637/2057/2021 1869/2058/2022
f 1869/2058/2022 1637/2057/2021 1870/2059/2023
f 1869/2058/2022 1870/2059/2023 1854/1910/1874
f 1854/1910/1874 1870/2059/2023 1855/1908/1872
f 1637/2057/2021 515/2060/884 1870/2059/2023
f 1870/2059/2023 515/2060/884 514/2061/2024
f 1870/2059/2023 514/2061/2024 513/2062/2025
f 1870/2059/2023 513/2062/2025 1855/1908/1872
f 1855/1908/1872 513/2062/2025 512/1906/1870
f 511/1905/1869 510/2063/2026 1799/1903/1867
f 1799/1903/1867 510/2063/2026 1761/2064/2027
f 1799/1903/1867 1761/2064/2027 1760/1901/1865
f 1760/1901/1865 1761/2064/2027 1763/2065/2028
f 1760/1901/1865 1763/2065/2028 1764/1899/1863
f 1764/1899/1863 1763/2065/2028 1740/2066/2029
f 1764/1899/1863 1740/2066/2029 1739/1897/1861
f 1739/1897/1861 1740/2066/2029 1721/2067/2030
f 1739/1897/1861 1721/2067/2030 1720/1895/1859
f 1720/1895/1859 1721/2067/2030 1702/2068/2031
f 1720/1895/1859 1702/2068/2031 1701/1893/1857
f 1701/1893/1857 1702/2068/2031 1683/2069/2032
f 1701/1893/1857 1683/2069/2032 1682/1891/1855
f 1682/1891/1855 1683/2069/2032 1665/2070/2033
f 1682/1891/1855 1665/2070/2033 1664/1889/1853
f 1664/1889/1853 1665/2070/2033 1644/2071/2034
f 1664/1889/1853 1644/2071/2034 1645/1887/1851
f 510/2063/2026 509/2072/2035 1761/2064/2027
f 1761/2064/2027 509/2072/2035 1762/2073/2036
f 1761/2064/2027 1762/2073/2036 1763/2065/2028
f 1763/2065/2028 1762/2073/2036 1741/2074/2037
f 1763/2065/2028 1741/2074/2037 1740/2066/2029
f 1740/2066/2029 1741/2074/2037 1722/2075/2038
f 1740/2066/2029 1722/2075/2038 1721/2067/2030
f 1721/2067/2030 1722/2075/2038 1703/2076/2039
f 1721/2067/2030 1703/2076/2039 1702/2068/2031
f 1702/2068/2031 1703/2076/2039 1684/2077/2040
f 1702/2068/2031 1684/2077/2040 1683/2069/2032
f 1683/2069/2032 1684/2077/2040 1666/2078/2041
f 1683/2069/2032 1666/2078/2041 1665/2070/2033
f 1665/2070/2033 1666/2078/2041 1643/2079/2042
f 1665/2070/2033 1643/2079/2042 1644/2071/2034
f 509/2072/2035 508/2080/2043 1762/2073/2036
f 1762/2073/2036 508/2080/2043 1742/2081/2044
f 1762/2073/2036 1742/2081/2044 1741/2074/2037
f 1741/2074/2037 1742/2081/2044 1723/2082/2045
f 1741/2074/2037 1723/2082/2045 1722/2075/2038
f 1722/2075/2038 1723/2082/2045 1704/2083/2046
f 1722/2075/2038 1704/2083/2046 1703/2076/2039
f 1703/2076/2039 1704/2083/2046 1685/2084/2047
f 1703/2076/2039 1685/2084/2047 1684/2077/2040
f 1684/2077/2040 1685/2084/2047 1667/2085/2048
f 1684/2077/2040 1667/2085/2048 1666/2078/2041
f 1666/2078/2041 1667/2085/2048 1642/2086/2049
f 1666/2078/2041 1642/2086/2049 1643/2079/2042
f 508/2080/2043 507/2087/2050 1742/2081/2044
f 1742/2081/2044 507/2087/2050 506/2088/2051
f 1742/2081/2044 506/2088/2051 1724/2089/2052
f 1724/2089/2052 506/2088/2051 1649/2090/2053
f 1724/2089/2052 1649/2090/2053 1705/2091/2054
f 1705/2091/2054 1649/2090/2053 1687/2092/2055
f 1705/2091/2054 1687/2092/2055 1686/2093/2056
f 1686/2093/2056 1687/2092/2055 1669/2094/2057
f 1686/2093/2056 1669/2094/2057 1668/2095/2058
f 1668/2095/2058 1669/2094/2057 1640/2096/2059
f 1668/2095/2058 1640/2096/2059 1641/2097/2060
f 506/2088/2051 505/2098/2061 1649/2090/2053
f 1649/2090/2053 505/2098/2061 1651/2099/2062
f 1649/2090/2053 1651/2099/2062 1687/2092/2055
f 1687/2092/2055 1651/2099/2062 1670/2100/2063
f 1687/2092/2055 1670/2100/2063 1669/2094/2057
f 1669/2094/2057 1670/2100/2063 1639/2101/2064
f 1669/2094/2057 1639/2101/2064 1640/2096/2059
f 505/2098/2061 504/2102/2065 1651/2099/2062
f 1651/2099/2062 504/2102/2065 503/2103/2066
f 1651/2099/2062 503/2103/2066 502/2104/851
f 1651/2099/2062 502/2104/851 1670/2100/2063
f 1670/2100/2063 502/2104/851 1638/2105/2067
f 1670/2100/2063 1638/2105/2067 1639/2101/2064
f 1641/2097/2060 1642/2086/2049 1668/2095/2058
f 1668/2095/2058 1642/2086/2049 1667/2085/2048
f 1668/2095/2058 1667/2085/2048 1685/2084/2047
f 1676/1950/1914 1659/1948/1912 1658/1967/1931
f 1658/1967/1931 1657/1969/1933 1675/2106/2068
f 1675/2106/2068 1657/1969/1933 1674/1971/1935
f 1675/2106/2068 1674/1971/1935 1693/2107/2069
f 1693/2107/2069 1674/1971/1935 1692/1973/1937
f 1693/2107/2069 1692/1973/1937 1711/2108/2070
f 1711/2108/2070 1692/1973/1937 1710/1975/1939
f 1711/2108/2070 1710/1975/1939 1729/2109/2071
f 1729/2109/2071 1710/1975/1939 1728/1977/1941
f 1729/2109/2071 1728/1977/1941 1775/2110/2072
f 1775/2110/2072 1728/1977/1941 1776/1979/1943
f 1775/2110/2072 1776/1979/1943 1748/2111/2073
f 1748/2111/2073 1776/1979/1943 1747/1981/1945
f 1748/2111/2073 1747/1981/1945 1786/2112/2074
f 1786/2112/2074 1747/1981/1945 1785/1983/1947
f 1786/2112/2074 1785/1983/1947 1805/2113/2075
f 1805/2113/2075 1785/1983/1947 1804/1985/1949
f 1805/2113/2075 1804/1985/1949 1823/1933/1897
f 1823/1933/1897 1804/1985/1949 1822/1935/1899
f 1661/1884/1848 1660/1882/1846 1678/2114/2076
f 1678/2114/2076 1660/1882/1846 1677/1949/1913
f 1678/2114/2076 1677/1949/1913 1696/2115/2077
f 1696/2115/2077 1677/1949/1913 1695/1951/1915
f 1696/2115/2077 1695/1951/1915 1714/2116/2078
f 1714/2116/2078 1695/1951/1915 1713/1953/1917
f 1714/2116/2078 1713/1953/1917 1732/2117/2079
f 1732/2117/2079 1713/1953/1917 1731/1955/1919
f 1732/2117/2079 1731/1955/1919 1772/2118/2080
f 1772/2118/2080 1731/1955/1919 1773/1957/1921
f 1772/2118/2080 1773/1957/1921 1751/2119/2081
f 1751/2119/2081 1773/1957/1921 1750/1959/1923
f 1751/2119/2081 1750/1959/1923 1789/2120/2082
f 1789/2120/2082 1750/1959/1923 1788/1961/1925
f 1789/2120/2082 1788/1961/1925 1808/2121/2083
f 1808/2121/2083 1788/1961/1925 1807/1963/1927
f 1808/2121/2083 1807/1963/1927 1826/1927/1891
f 1826/1927/1891 1807/1963/1927 1825/1929/1893
f 1662/1886/1850 1661/1884/1848 1679/2122/2084
f 1679/2122/2084 1661/1884/1848 1678/2114/2076
f 1679/2122/2084 1678/2114/2076 1697/2123/2085
f 1697/2123/2085 1678/2114/2076 1696/2115/2077
f 1697/2123/2085 1696/2115/2077 1715/2124/2086
f 1715/2124/2086 1696/2115/2077 1714/2116/2078
f 1715/2124/2086 1714/2116/2078 1733/2125/2087
f 1733/2125/2087 1714/2116/2078 1732/2117/2079
f 1733/2125/2087 1732/2117/2079 1771/2126/2088
f 1771/2126/2088 1732/2117/2079 1772/2118/2080
f 1771/2126/2088 1772/2118/2080 1752/2127/2089
f 1752/2127/2089 1772/2118/2080 1751/2119/2081
f 1752/2127/2089 1751/2119/2081 1790/2128/2090
f 1790/2128/2090 1751/2119/2081 1789/2120/2082
f 1790/2128/2090 1789/2120/2082 1809/2129/2091
f 1809/2129/2091 1789/2120/2082 1808/2121/2083
f 1809/2129/2091 1808/2121/2083 1827/1925/1889
f 1827/1925/1889 1808/2121/2083 1826/1927/1891
f 1663/1888/1852 1662/1886/1850 1680/2130/2092
f 1680/2130/2092 1662/1886/1850 1679/2122/2084
f 1680/2130/2092 1679/2122/2084 1698/2131/2093
f 1698/2131/2093 1679/2122/2084 1697/2123/2085
f 1698/2131/2093 1697/2123/2085 1716/2132/2094
f 1716/2132/2094 1697/2123/2085 1715/2124/2086
f 1716/2132/2094 1715/2124/2086 1734/2133/2095
f 1734/2133/2095 1715/2124/2086 1733/2125/2087
f 1734/2133/2095 1733/2125/2087 1770/2134/2096
f 1770/2134/2096 1733/2125/2087 1771/2126/2088
f 1770/2134/2096 1771/2126/2088 1753/2135/2097
f 1753/2135/2097 1771/2126/2088 1752/2127/2089
f 1753/2135/2097 1752/2127/2089 1791/2136/2098
f 1791/2136/2098 1752/2127/2089 1790/2128/2090
f 1791/2136/2098 1790/2128/2090 1810/2137/2099
f 1810/2137/2099 1790/2128/2090 1809/2129/2091
f 1810/2137/2099 1809/2129/2091 1828/1923/1887
f 1828/1923/1887 1809/2129/2091 1827/1925/1889
f 1686/2093/2056 1668/2095/2058 1685/2084/2047
f 1694/1952/1916 1676/1950/1914 1675/2106/2068
f 1675/2106/2068 1676/1950/1914 1658/1967/1931
f 1694/1952/1916 1675/2106/2068 1693/2107/2069
f 1663/1888/1852 1680/2130/2092 1681/1890/1854
f 1681/1890/1854 1680/2130/2092 1699/2138/2100
f 1681/1890/1854 1699/2138/2100 1700/1892/1856
f 1700/1892/1856 1699/2138/2100 1718/2139/2101
f 1700/1892/1856 1718/2139/2101 1719/1894/1858
f 1719/1894/1858 1718/2139/2101 1737/2140/2102
f 1719/1894/1858 1737/2140/2102 1738/1896/1860
f 1738/1896/1860 1737/2140/2102 1766/2141/2103
f 1738/1896/1860 1766/2141/2103 1765/1898/1862
f 1765/1898/1862 1766/2141/2103 1758/2142/2104
f 1765/1898/1862 1758/2142/2104 1759/1900/1864
f 1759/1900/1864 1758/2142/2104 1797/2143/2105
f 1759/1900/1864 1797/2143/2105 1798/1902/1866
f 1798/1902/1866 1797/2143/2105 1817/2144/2106
f 1798/1902/1866 1817/2144/2106 1647/1904/1868
f 1647/1904/1868 1817/2144/2106 1836/1907/1871
f 1699/2138/2100 1680/2130/2092 1698/2131/2093
f 1705/2091/2054 1686/2093/2056 1704/2083/2046
f 1704/2083/2046 1686/2093/2056 1685/2084/2047
f 1712/1954/1918 1694/1952/1916 1693/2107/2069
f 1712/1954/1918 1693/2107/2069 1711/2108/2070
f 1699/2138/2100 1698/2131/2093 1717/2145/2107
f 1717/2145/2107 1698/2131/2093 1716/2132/2094
f 1717/2145/2107 1716/2132/2094 1735/2146/2108
f 1735/2146/2108 1716/2132/2094 1734/2133/2095
f 1735/2146/2108 1734/2133/2095 1769/2147/2109
f 1769/2147/2109 1734/2133/2095 1770/2134/2096
f 1769/2147/2109 1770/2134/2096 1754/2148/2110
f 1754/2148/2110 1770/2134/2096 1753/2135/2097
f 1754/2148/2110 1753/2135/2097 1792/2149/2111
f 1792/2149/2111 1753/2135/2097 1791/2136/2098
f 1792/2149/2111 1791/2136/2098 1811/2150/2112
f 1811/2150/2112 1791/2136/2098 1810/2137/2099
f 1811/2150/2112 1810/2137/2099 1829/1921/1885
f 1829/1921/1885 1810/2137/2099 1828/1923/1887
f 1724/2089/2052 1705/2091/2054 1723/2082/2045
f 1723/2082/2045 1705/2091/2054 1704/2083/2046
f 1730/1956/1920 1712/1954/1918 1711/2108/2070
f 1730/1956/1920 1711/2108/2070 1729/2109/2071
f 1699/2138/2100 1717/2145/2107 1718/2139/2101
f 1718/2139/2101 1717/2145/2107 1736/2151/2113
f 1718/2139/2101 1736/2151/2113 1737/2140/2102
f 1737/2140/2102 1736/2151/2113 1767/2152/2114
f 1737/2140/2102 1767/2152/2114 1766/2141/2103
f 1766/2141/2103 1767/2152/2114 1757/2153/2115
f 1766/2141/2103 1757/2153/2115 1758/2142/2104
f 1758/2142/2104 1757/2153/2115 1796/2154/2116
f 1758/2142/2104 1796/2154/2116 1797/2143/2105
f 1797/2143/2105 1796/2154/2116 1816/2155/2117
f 1797/2143/2105 1816/2155/2117 1817/2144/2106
f 1817/2144/2106 1816/2155/2117 1835/1909/1873
f 1817/2144/2106 1835/1909/1873 1836/1907/1871
f 1736/2151/2113 1717/2145/2107 1735/2146/2108
f 1742/2081/2044 1724/2089/2052 1723/2082/2045
f 1774/1958/1922 1730/1956/1920 1729/2109/2071
f 1774/1958/1922 1729/2109/2071 1775/2110/2072
f 1736/2151/2113 1735/2146/2108 1768/2156/2118
f 1768/2156/2118 1735/2146/2108 1769/2147/2109
f 1768/2156/2118 1769/2147/2109 1755/2157/2119
f 1755/2157/2119 1769/2147/2109 1754/2148/2110
f 1755/2157/2119 1754/2148/2110 1793/2158/2120
f 1793/2158/2120 1754/2148/2110 1792/2149/2111
f 1793/2158/2120 1792/2149/2111 1812/2159/2121
f 1812/2159/2121 1792/2149/2111 1811/2150/2112
f 1812/2159/2121 1811/2150/2112 1830/1919/1883
f 1830/1919/1883 1811/2150/2112 1829/1921/1885
f 1774/1958/1922 1775/2110/2072 1749/1960/1924
f 1749/1960/1924 1775/2110/2072 1748/2111/2073
f 1749/1960/1924 1748/2111/2073 1787/1962/1926
f 1787/1962/1926 1748/2111/2073 1786/2112/2074
f 1787/1962/1926 1786/2112/2074 1806/1964/1928
f 1806/1964/1928 1786/2112/2074 1805/2113/2075
f 1806/1964/1928 1805/2113/2075 1824/1931/1895
f 1824/1931/1895 1805/2113/2075 1823/1933/1897
f 1755/2157/2119 1756/2160/2122 1768/2156/2118
f 1768/2156/2118 1756/2160/2122 1767/2152/2114
f 1768/2156/2118 1767/2152/2114 1736/2151/2113
f 1767/2152/2114 1756/2160/2122 1757/2153/2115
f 1757/2153/2115 1756/2160/2122 1795/2161/2123
f 1757/2153/2115 1795/2161/2123 1796/2154/2116
f 1796/2154/2116 1795/2161/2123 1815/2162/2124
f 1796/2154/2116 1815/2162/2124 1816/2155/2117
f 1816/2155/2117 1815/2162/2124 1834/1911/1875
f 1816/2155/2117 1834/1911/1875 1835/1909/1873
f 1756/2160/2122 1755/2157/2119 1794/2163/2125
f 1794/2163/2125 1755/2157/2119 1793/2158/2120
f 1794/2163/2125 1793/2158/2120 1813/2164/2126
f 1813/2164/2126 1793/2158/2120 1812/2159/2121
f 1813/2164/2126 1812/2159/2121 1831/1917/1881
f 1831/1917/1881 1812/2159/2121 1830/1919/1883
f 1756/2160/2122 1794/2163/2125 1795/2161/2123
f 1795/2161/2123 1794/2163/2125 1814/2165/2127
f 1795/2161/2123 1814/2165/2127 1815/2162/2124
f 1815/2162/2124 1814/2165/2127 1833/1913/1877
f 1815/2162/2124 1833/1913/1877 1834/1911/1875
f 1814/2165/2127 1794/2163/2125 1813/2164/2126
f 1831/1917/1881 1832/1915/1879 1813/2164/2126
f 1813/2164/2126 1832/1915/1879 1814/2165/2127
f 1832/1915/1879 1833/1913/1877 1814/2165/2127
f 1841/1936/1900 1857/2037/2001 1842/1934/1898
f 1842/1934/1898 1857/2037/2001 1858/2038/2002
f 1842/1934/1898 1858/2038/2002 1843/1932/1896
f 1843/1932/1896 1858/2038/2002 1859/2040/2004
f 1843/1932/1896 1859/2040/2004 1844/1930/1894
f 1864/2049/2013 1865/2050/2014 1849/1920/1884
f 1849/1920/1884 1865/2050/2014 1850/1918/1882
f 1865/2050/2014 1866/2052/2016 1850/1918/1882
f 1850/1918/1882 1866/2052/2016 1851/1916/1880
f 1866/2052/2016 1867/2054/2018 1851/1916/1880
f 1851/1916/1880 1867/2054/2018 1852/1914/1878
f 1869/2058/2022 1854/1910/1874 1853/1912/1876
f 1867/2054/2018 1868/2056/2020 1852/1914/1878
f 1852/1914/1878 1868/2056/2020 1853/1912/1876
f 1868/2056/2020 1869/2058/2022 1853/1912/1876
f 1612/2166/2128 1931/2167/2129 1613/2168/2130
f 1613/2168/2130 1931/2167/2129 1912/2169/2131
f 1613/2168/2130 1912/2169/2131 1905/2170/2132
f 1905/2170/2132 1912/2169/2131 1987/2171/2133
f 1905/2170/2132 1987/2171/2133 1904/2172/2134
f 1904/2172/2134 1987/2171/2133 1986/2173/2135
f 1904/2172/2134 1986/2173/2135 1903/2174/2136
f 1903/2174/2136 1986/2173/2135 2024/2175/2137
f 1903/2174/2136 2024/2175/2137 1910/2176/2138
f 1910/2176/2138 2024/2175/2137 2023/2177/2139
f 1910/2176/2138 2023/2177/2139 2042/2178/2140
f 2042/2178/2140 2023/2177/2139 2022/2179/2141
f 2042/2178/2140 2022/2179/2141 2041/2180/2142
f 2041/2180/2142 2022/2179/2141 2021/2181/2143
f 2041/2180/2142 2021/2181/2143 2040/2182/2144
f 2040/2182/2144 2021/2181/2143 2020/2183/2145
f 2040/2182/2144 2020/2183/2145 2039/2184/2146
f 2039/2184/2146 2020/2183/2145 2019/2185/2147
f 2039/2184/2146 2019/2185/2147 2038/2186/2148
f 2038/2186/2148 2019/2185/2147 2018/2187/2149
f 2038/2186/2148 2018/2187/2149 2037/2188/2150
f 2037/2188/2150 2018/2187/2149 2017/2189/2151
f 2037/2188/2150 2017/2189/2151 2036/2190/2152
f 2036/2190/2152 2017/2189/2151 2016/2191/2153
f 2036/2190/2152 2016/2191/2153 2035/2192/2154
f 2035/2192/2154 2016/2191/2153 2015/2193/2155
f 2035/2192/2154 2015/2193/2155 2034/2194/2156
f 2034/2194/2156 2015/2193/2155 2014/2195/2157
f 2034/2194/2156 2014/2195/2157 2033/2196/2158
f 2033/2196/2158 2014/2195/2157 2013/2197/2159
f 2033/2196/2158 2013/2197/2159 2032/2198/2160
f 2032/2198/2160 2013/2197/2159 2012/2199/2161
f 2032/2198/2160 2012/2199/2161 2031/2200/2162
f 2031/2200/2162 2012/2199/2161 2011/2201/2163
f 2031/2200/2162 2011/2201/2163 2030/2202/2164
f 2030/2202/2164 2011/2201/2163 2010/2203/2165
f 2030/2202/2164 2010/2203/2165 2029/2204/2166
f 2029/2204/2166 2010/2203/2165 2009/2205/2167
f 2029/2204/2166 2009/2205/2167 2028/2206/2168
f 2028/2206/2168 2009/2205/2167 2008/2207/2169
f 2028/2206/2168 2008/2207/2169 2027/2208/2170
f 2027/2208/2170 2008/2207/2169 2007/2209/2171
f 2027/2208/2170 2007/2209/2171 2026/2210/2172
f 2026/2210/2172 2007/2209/2171 2006/2211/2173
f 2026/2210/2172 2006/2211/2173 2025/2212/2174
f 2025/2212/2174 2006/2211/2173 917/2213/2175
f 2025/2212/2174 917/2213/2175 916/2214/2176
f 1931/2167/2129 1612/2166/2128 1932/2215/2177
f 1932/2215/2177 1612/2166/2128 1611/2216/2178
f 1932/2215/2177 1611/2216/2178 1933/2217/2179
f 1933/2217/2179 1611/2216/2178 1610/2218/2180
f 1933/2217/2179 1610/2218/2180 1934/2219/2181
f 1934/2219/2181 1610/2218/2180 1609/2220/2182
f 1934/2219/2181 1609/2220/2182 1935/2221/2183
f 1935/2221/2183 1609/2220/2182 1608/2222/2184
f 1935/2221/2183 1608/2222/2184 1936/2223/2185
f 1936/2223/2185 1608/2222/2184 1607/2224/2186
f 1936/2223/2185 1607/2224/2186 1937/2225/2187
f 1937/2225/2187 1607/2224/2186 1938/2226/2188
f 1937/2225/2187 1938/2226/2188 1926/2227/2189
f 1926/2227/2189 1938/2226/2188 1925/2228/2190
f 1926/2227/2189 1925/2228/2190 1963/2229/2191
f 1963/2229/2191 1925/2228/2190 1962/2230/2192
f 1963/2229/2191 1962/2230/2192 1992/2231/2193
f 1992/2231/2193 1962/2230/2192 1993/2232/2194
f 1992/2231/2193 1993/2232/2194 1981/2233/2195
f 1981/2233/2195 1993/2232/2194 1980/2234/2196
f 1981/2233/2195 1980/2234/2196 2019/2185/2147
f 2019/2185/2147 1980/2234/2196 2018/2187/2149
f 1607/2224/2186 1606/2235/2197 1938/2226/2188
f 1938/2226/2188 1606/2235/2197 1939/2236/2198
f 1938/2226/2188 1939/2236/2198 1925/2228/2190
f 1925/2228/2190 1939/2236/2198 1924/2237/2199
f 1925/2228/2190 1924/2237/2199 1962/2230/2192
f 1962/2230/2192 1924/2237/2199 1961/2238/2200
f 1962/2230/2192 1961/2238/2200 1993/2232/2194
f 1993/2232/2194 1961/2238/2200 1994/2239/2201
f 1993/2232/2194 1994/2239/2201 1980/2234/2196
f 1980/2234/2196 1994/2239/2201 1979/2240/2202
f 1980/2234/2196 1979/2240/2202 2018/2187/2149
f 2018/2187/2149 1979/2240/2202 2017/2189/2151
f 1606/2235/2197 1605/2241/2203 1939/2236/2198
f 1939/2236/2198 1605/2241/2203 1604/2242/2204
f 1939/2236/2198 1604/2242/2204 1940/2243/2205
f 1940/2243/2205 1604/2242/2204 1603/2244/2206
f 1940/2243/2205 1603/2244/2206 1602/2245/2207
f 1940/2243/2205 1602/2245/2207 1941/2246/2208
f 1941/2246/2208 1602/2245/2207 1873/2247/2209
f 1941/2246/2208 1873/2247/2209 1942/2248/2210
f 1942/2248/2210 1873/2247/2209 1874/2249/2211
f 1942/2248/2210 1874/2249/2211 1943/2250/2212
f 1943/2250/2212 1874/2249/2211 1875/2251/2213
f 1943/2250/2212 1875/2251/2213 1944/2252/2214
f 1944/2252/2214 1875/2251/2213 1945/2253/2215
f 1944/2252/2214 1945/2253/2215 1919/2254/2216
f 1919/2254/2216 1945/2253/2215 1918/2255/2217
f 1919/2254/2216 1918/2255/2217 1956/2256/2218
f 1956/2256/2218 1918/2255/2217 1955/2257/2219
f 1956/2256/2218 1955/2257/2219 1999/2258/2220
f 1999/2258/2220 1955/2257/2219 2000/2259/2221
f 1999/2258/2220 2000/2259/2221 1974/2260/2222
f 1974/2260/2222 2000/2259/2221 1973/2261/2223
f 1974/2260/2222 1973/2261/2223 2012/2199/2161
f 2012/2199/2161 1973/2261/2223 2011/2201/2163
f 1875/2251/2213 1876/2262/2224 1945/2253/2215
f 1945/2253/2215 1876/2262/2224 1946/2263/2225
f 1945/2253/2215 1946/2263/2225 1918/2255/2217
f 1918/2255/2217 1946/2263/2225 1917/2264/2226
f 1918/2255/2217 1917/2264/2226 1955/2257/2219
f 1955/2257/2219 1917/2264/2226 1954/2265/2227
f 1955/2257/2219 1954/2265/2227 2000/2259/2221
f 2000/2259/2221 1954/2265/2227 2001/2266/2228
f 2000/2259/2221 2001/2266/2228 1973/2261/2223
f 1973/2261/2223 2001/2266/2228 1972/2267/2229
f 1973/2261/2223 1972/2267/2229 2011/2201/2163
f 2011/2201/2163 1972/2267/2229 2010/2203/2165
f 1876/2262/2224 1877/2268/2230 1946/2263/2225
f 1946/2263/2225 1877/2268/2230 1947/2269/2231
f 1946/2263/2225 1947/2269/2231 1917/2264/2226
f 1917/2264/2226 1947/2269/2231 1916/2270/2232
f 1917/2264/2226 1916/2270/2232 1954/2265/2227
f 1954/2265/2227 1916/2270/2232 1953/2271/2233
f 1954/2265/2227 1953/2271/2233 2001/2266/2228
f 2001/2266/2228 1953/2271/2233 2002/2272/2234
f 2001/2266/2228 2002/2272/2234 1972/2267/2229
f 1972/2267/2229 2002/2272/2234 1971/2273/2235
f 1972/2267/2229 1971/2273/2235 2010/2203/2165
f 2010/2203/2165 1971/2273/2235 2009/2205/2167
f 1877/2268/2230 1878/2274/2236 1947/2269/2231
f 1947/2269/2231 1878/2274/2236 1948/2275/2237
f 1947/2269/2231 1948/2275/2237 1916/2270/2232
f 1916/2270/2232 1948/2275/2237 1915/2276/2238
f 1916/2270/2232 1915/2276/2238 1953/2271/2233
f 1953/2271/2233 1915/2276/2238 1952/2277/2239
f 1953/2271/2233 1952/2277/2239 2002/2272/2234
f 2002/2272/2234 1952/2277/2239 2003/2278/2240
f 2002/2272/2234 2003/2278/2240 1971/2273/2235
f 1971/2273/2235 2003/2278/2240 1970/2279/2241
f 1971/2273/2235 1970/2279/2241 2009/2205/2167
f 2009/2205/2167 1970/2279/2241 2008/2207/2169
f 1878/2274/2236 1879/2280/2242 1948/2275/2237
f 1948/2275/2237 1879/2280/2242 1949/2281/2243
f 1948/2275/2237 1949/2281/2243 1915/2276/2238
f 1915/2276/2238 1949/2281/2243 1914/2282/2244
f 1915/2276/2238 1914/2282/2244 1952/2277/2239
f 1952/2277/2239 1914/2282/2244 1951/2283/2245
f 1952/2277/2239 1951/2283/2245 2003/2278/2240
f 2003/2278/2240 1951/2283/2245 2004/2284/2246
f 2003/2278/2240 2004/2284/2246 1970/2279/2241
f 1970/2279/2241 2004/2284/2246 1969/2285/2247
f 1970/2279/2241 1969/2285/2247 2008/2207/2169
f 2008/2207/2169 1969/2285/2247 2007/2209/2171
f 1879/2280/2242 1880/2286/2248 1949/2281/2243
f 1949/2281/2243 1880/2286/2248 1950/2287/2249
f 1949/2281/2243 1950/2287/2249 1914/2282/2244
f 1914/2282/2244 1950/2287/2249 1913/2288/2250
f 1914/2282/2244 1913/2288/2250 1951/2283/2245
f 1951/2283/2245 1913/2288/2250 1911/2289/2251
f 1951/2283/2245 1911/2289/2251 2004/2284/2246
f 2004/2284/2246 1911/2289/2251 2005/2290/2252
f 2004/2284/2246 2005/2290/2252 1969/2285/2247
f 1969/2285/2247 2005/2290/2252 1968/2291/2253
f 1969/2285/2247 1968/2291/2253 2007/2209/2171
f 2007/2209/2171 1968/2291/2253 2006/2211/2173
f 1880/2286/2248 1881/2292/2254 1950/2287/2249
f 1950/2287/2249 1881/2292/2254 922/2293/1281
f 1950/2287/2249 922/2293/1281 921/2294/2255
f 1950/2287/2249 921/2294/2255 1913/2288/2250
f 1913/2288/2250 921/2294/2255 920/2295/2256
f 1913/2288/2250 920/2295/2256 1911/2289/2251
f 1911/2289/2251 920/2295/2256 919/2296/2257
f 1911/2289/2251 919/2296/2257 2005/2290/2252
f 2005/2290/2252 919/2296/2257 1968/2291/2253
f 919/2296/2257 918/2297/2258 1968/2291/2253
f 1968/2291/2253 918/2297/2258 2006/2211/2173
f 918/2297/2258 917/2213/2175 2006/2211/2173
f 2025/2212/2174 916/2214/2176 2043/2298/2259
f 2043/2298/2259 916/2214/2176 915/2299/2260
f 2043/2298/2259 915/2299/2260 914/2300/2261
f 2043/2298/2259 914/2300/2261 2062/2301/2262
f 2062/2301/2262 914/2300/2261 913/2302/2263
f 2062/2301/2262 913/2302/2263 1907/2303/2264
f 1907/2303/2264 913/2302/2263 912/2304/2265
f 1907/2303/2264 912/2304/2265 2133/2305/2266
f 2133/2305/2266 912/2304/2265 1906/2306/2267
f 2133/2305/2266 1906/2306/2267 2098/2307/2268
f 2098/2307/2268 1906/2306/2267 2166/2308/2269
f 2098/2307/2268 2166/2308/2269 2165/2309/2270
f 2165/2309/2270 2166/2308/2269 2135/2310/2271
f 2165/2309/2270 2135/2310/2271 2136/2311/2272
f 2136/2311/2272 2135/2310/2271 1883/2312/2273
f 2136/2311/2272 1883/2312/2273 1884/2313/2274
f 912/2304/2265 911/2314/2275 1906/2306/2267
f 1906/2306/2267 911/2314/2275 2167/2315/2276
f 1906/2306/2267 2167/2315/2276 2166/2308/2269
f 2166/2308/2269 2167/2315/2276 2134/2316/2277
f 2166/2308/2269 2134/2316/2277 2135/2310/2271
f 2135/2310/2271 2134/2316/2277 1882/2317/2278
f 2135/2310/2271 1882/2317/2278 1883/2312/2273
f 2167/2315/2276 911/2314/2275 2134/2316/2277
f 2134/2316/2277 911/2314/2275 910/2318/2279
f 2134/2316/2277 910/2318/2279 909/2319/1226
f 909/2319/1226 1882/2317/2278 2134/2316/2277
f 2136/2311/2272 1884/2313/2274 2137/2320/2280
f 2137/2320/2280 1884/2313/2274 1885/2321/2281
f 2137/2320/2280 1885/2321/2281 2138/2322/2282
f 2138/2322/2282 1885/2321/2281 2139/2323/2283
f 2138/2322/2282 2139/2323/2283 2162/2324/2284
f 2162/2324/2284 2139/2323/2283 2161/2325/2285
f 2162/2324/2284 2161/2325/2285 2102/2326/2286
f 2102/2326/2286 2161/2325/2285 2103/2327/2287
f 2102/2326/2286 2103/2327/2287 2128/2328/2288
f 2128/2328/2288 2103/2327/2287 2127/2329/2289
f 2128/2328/2288 2127/2329/2289 2084/2330/2290
f 2084/2330/2290 2127/2329/2289 2085/2331/2291
f 2084/2330/2290 2085/2331/2291 2067/2332/2292
f 2067/2332/2292 2085/2331/2291 2068/2333/2293
f 2067/2332/2292 2068/2333/2293 2049/2334/2294
f 2049/2334/2294 2068/2333/2293 2050/2335/2295
f 2049/2334/2294 2050/2335/2295 2032/2198/2160
f 2032/2198/2160 2050/2335/2295 2033/2196/2158
f 1885/2321/2281 1886/2336/2296 2139/2323/2283
f 2139/2323/2283 1886/2336/2296 2140/2337/2297
f 2139/2323/2283 2140/2337/2297 2161/2325/2285
f 2161/2325/2285 2140/2337/2297 2160/2338/2298
f 2161/2325/2285 2160/2338/2298 2103/2327/2287
f 2103/2327/2287 2160/2338/2298 2104/2339/2299
f 2103/2327/2287 2104/2339/2299 2127/2329/2289
f 2127/2329/2289 2104/2339/2299 2126/2340/2300
f 2127/2329/2289 2126/2340/2300 2085/2331/2291
f 2085/2331/2291 2126/2340/2300 2086/2341/2301
f 2085/2331/2291 2086/2341/2301 2068/2333/2293
f 2068/2333/2293 2086/2341/2301 2069/2342/2302
f 2068/2333/2293 2069/2342/2302 2050/2335/2295
f 2050/2335/2295 2069/2342/2302 2051/2343/2303
f 2050/2335/2295 2051/2343/2303 2033/2196/2158
f 2033/2196/2158 2051/2343/2303 2034/2194/2156
f 1886/2336/2296 1887/2344/2304 2140/2337/2297
f 2140/2337/2297 1887/2344/2304 2141/2345/2305
f 2140/2337/2297 2141/2345/2305 2160/2338/2298
f 2160/2338/2298 2141/2345/2305 2159/2346/2306
f 2160/2338/2298 2159/2346/2306 2104/2339/2299
f 2104/2339/2299 2159/2346/2306 2105/2347/2307
f 2104/2339/2299 2105/2347/2307 2126/2340/2300
f 2126/2340/2300 2105/2347/2307 2125/2348/2308
f 2126/2340/2300 2125/2348/2308 2086/2341/2301
f 2086/2341/2301 2125/2348/2308 2087/2349/2309
f 2086/2341/2301 2087/2349/2309 2069/2342/2302
f 2069/2342/2302 2087/2349/2309 2070/2350/2310
f 2069/2342/2302 2070/2350/2310 2051/2343/2303
f 2051/2343/2303 2070/2350/2310 2052/2351/2311
f 2051/2343/2303 2052/2351/2311 2034/2194/2156
f 2034/2194/2156 2052/2351/2311 2035/2192/2154
f 1887/2344/2304 1888/2352/2312 2141/2345/2305
f 2141/2345/2305 1888/2352/2312 2142/2353/2313
f 2141/2345/2305 2142/2353/2313 2159/2346/2306
f 2159/2346/2306 2142/2353/2313 2158/2354/2314
f 2159/2346/2306 2158/2354/2314 2105/2347/2307
f 2105/2347/2307 2158/2354/2314 2106/2355/2315
f 2105/2347/2307 2106/2355/2315 2125/2348/2308
f 2125/2348/2308 2106/2355/2315 2124/2356/2316
f 2125/2348/2308 2124/2356/2316 2087/2349/2309
f 2087/2349/2309 2124/2356/2316 2088/2357/2317
f 2087/2349/2309 2088/2357/2317 2070/2350/2310
f 2070/2350/2310 2088/2357/2317 2071/2358/2318
f 2070/2350/2310 2071/2358/2318 2052/2351/2311
f 2052/2351/2311 2071/2358/2318 2053/2359/2319
f 2052/2351/2311 2053/2359/2319 2035/2192/2154
f 2035/2192/2154 2053/2359/2319 2036/2190/2152
f 2142/2353/2313 1888/2352/2312 2143/2360/2320
f 2143/2360/2320 1888/2352/2312 1889/2361/2321
f 2143/2360/2320 1889/2361/2321 2144/2362/2322
f 2144/2362/2322 1889/2361/2321 1890/2363/2323
f 2144/2362/2322 1890/2363/2323 2145/2364/2324
f 2145/2364/2324 1890/2363/2323 1891/2365/2325
f 2145/2364/2324 1891/2365/2325 2146/2366/2326
f 2146/2366/2326 1891/2365/2325 1892/2367/2327
f 2146/2366/2326 1892/2367/2327 2147/2368/2328
f 2147/2368/2328 1892/2367/2327 2149/2369/2329
f 2147/2368/2328 2149/2369/2329 2153/2370/2330
f 2153/2370/2330 2149/2369/2329 2148/2371/2331
f 2153/2370/2330 2148/2371/2331 2111/2372/2332
f 2111/2372/2332 2148/2371/2331 2112/2373/2333
f 2111/2372/2332 2112/2373/2333 2119/2374/2334
f 2119/2374/2334 2112/2373/2333 2118/2375/2335
f 2119/2374/2334 2118/2375/2335 2093/2376/2336
f 2093/2376/2336 2118/2375/2335 2094/2377/2337
f 2093/2376/2336 2094/2377/2337 2076/2378/2338
f 2076/2378/2338 2094/2377/2337 2077/2379/2339
f 2076/2378/2338 2077/2379/2339 2058/2380/2340
f 2058/2380/2340 2077/2379/2339 2059/2381/2341
f 2058/2380/2340 2059/2381/2341 2041/2180/2142
f 2041/2180/2142 2059/2381/2341 2042/2178/2140
f 1892/2367/2327 1893/2382/2342 2149/2369/2329
f 2149/2369/2329 1893/2382/2342 2148/2371/2331
f 2148/2371/2331 1893/2382/2342 2168/2383/2343
f 2168/2383/2343 1893/2382/2342 1894/2384/2344
f 2168/2383/2343 1894/2384/2344 2150/2385/2345
f 2150/2385/2345 1894/2384/2344 2169/2386/2346
f 2150/2385/2345 2169/2386/2346 1895/2387/2347
f 1895/2387/2347 2169/2386/2346 1894/2384/2344
f 1896/2388/2348 2170/2389/2349 1895/2387/2347
f 1895/2387/2347 2170/2389/2349 2151/2390/2350
f 1895/2387/2347 2151/2390/2350 2150/2385/2345
f 2150/2385/2345 2151/2390/2350 2113/2391/2351
f 2150/2385/2345 2113/2391/2351 2112/2373/2333
f 2112/2373/2333 2113/2391/2351 2118/2375/2335
f 1897/2392/2352 2152/2393/2353 1896/2388/2348
f 1896/2388/2348 2152/2393/2353 2151/2390/2350
f 1896/2388/2348 2151/2390/2350 2170/2389/2349
f 1897/2392/2352 1898/2394/2354 2152/2393/2353
f 2152/2393/2353 1898/2394/2354 1908/2395/2355
f 2152/2393/2353 1908/2395/2355 2114/2396/2356
f 2114/2396/2356 1908/2395/2355 2116/2397/2357
f 2114/2396/2356 2116/2397/2357 2117/2398/2358
f 2117/2398/2358 2116/2397/2357 2095/2399/2359
f 2117/2398/2358 2095/2399/2359 2094/2377/2337
f 2094/2377/2337 2095/2399/2359 2077/2379/2339
f 1898/2394/2354 1899/2400/2360 1908/2395/2355
f 1908/2395/2355 1899/2400/2360 2115/2401/2361
f 1908/2395/2355 2115/2401/2361 2116/2397/2357
f 2116/2397/2357 2115/2401/2361 2096/2402/2362
f 2116/2397/2357 2096/2402/2362 2095/2399/2359
f 2095/2399/2359 2096/2402/2362 2078/2403/2363
f 2095/2399/2359 2078/2403/2363 2077/2379/2339
f 2077/2379/2339 2078/2403/2363 2059/2381/2341
f 2115/2401/2361 1899/2400/2360 2097/2404/2364
f 2097/2404/2364 1899/2400/2360 1900/2405/2365
f 2097/2404/2364 1900/2405/2365 1909/2406/2366
f 1909/2406/2366 1900/2405/2365 1901/2407/2367
f 1909/2406/2366 1901/2407/2367 1902/2408/2368
f 1903/2174/2136 1910/2176/2138 1902/2408/2368
f 1902/2408/2368 1910/2176/2138 2061/2409/2369
f 1902/2408/2368 2061/2409/2369 1909/2406/2366
f 1909/2406/2366 2061/2409/2369 2079/2410/2370
f 1909/2406/2366 2079/2410/2370 2097/2404/2364
f 2097/2404/2364 2079/2410/2370 2096/2402/2362
f 2097/2404/2364 2096/2402/2362 2115/2401/2361
f 1943/2250/2212 1944/2252/2214 1920/2411/2371
f 1920/2411/2371 1944/2252/2214 1919/2254/2216
f 1920/2411/2371 1919/2254/2216 1957/2412/2372
f 1957/2412/2372 1919/2254/2216 1956/2256/2218
f 1957/2412/2372 1956/2256/2218 1998/2413/2373
f 1998/2413/2373 1956/2256/2218 1999/2258/2220
f 1998/2413/2373 1999/2258/2220 1975/2414/2374
f 1975/2414/2374 1999/2258/2220 1974/2260/2222
f 1975/2414/2374 1974/2260/2222 2013/2197/2159
f 2013/2197/2159 1974/2260/2222 2012/2199/2161
f 1942/2248/2210 1943/2250/2212 1921/2415/2375
f 1921/2415/2375 1943/2250/2212 1920/2411/2371
f 1921/2415/2375 1920/2411/2371 1958/2416/2376
f 1958/2416/2376 1920/2411/2371 1957/2412/2372
f 1958/2416/2376 1957/2412/2372 1997/2417/2377
f 1997/2417/2377 1957/2412/2372 1998/2413/2373
f 1997/2417/2377 1998/2413/2373 1976/2418/2378
f 1976/2418/2378 1998/2413/2373 1975/2414/2374
f 1976/2418/2378 1975/2414/2374 2014/2195/2157
f 2014/2195/2157 1975/2414/2374 2013/2197/2159
f 1941/2246/2208 1942/2248/2210 1922/2419/2379
f 1922/2419/2379 1942/2248/2210 1921/2415/2375
f 1922/2419/2379 1921/2415/2375 1959/2420/2380
f 1959/2420/2380 1921/2415/2375 1958/2416/2376
f 1959/2420/2380 1958/2416/2376 1996/2421/2381
f 1996/2421/2381 1958/2416/2376 1997/2417/2377
f 1996/2421/2381 1997/2417/2377 1977/2422/2382
f 1977/2422/2382 1997/2417/2377 1976/2418/2378
f 1977/2422/2382 1976/2418/2378 2015/2193/2155
f 2015/2193/2155 1976/2418/2378 2014/2195/2157
f 1940/2243/2205 1941/2246/2208 1923/2423/2383
f 1923/2423/2383 1941/2246/2208 1922/2419/2379
f 1923/2423/2383 1922/2419/2379 1960/2424/2384
f 1960/2424/2384 1922/2419/2379 1959/2420/2380
f 1960/2424/2384 1959/2420/2380 1995/2425/2385
f 1995/2425/2385 1959/2420/2380 1996/2421/2381
f 1995/2425/2385 1996/2421/2381 1978/2426/2386
f 1978/2426/2386 1996/2421/2381 1977/2422/2382
f 1978/2426/2386 1977/2422/2382 2016/2191/2153
f 2016/2191/2153 1977/2422/2382 2015/2193/2155
f 1939/2236/2198 1940/2243/2205 1924/2237/2199
f 1924/2237/2199 1940/2243/2205 1923/2423/2383
f 1924/2237/2199 1923/2423/2383 1961/2238/2200
f 1961/2238/2200 1923/2423/2383 1960/2424/2384
f 1961/2238/2200 1960/2424/2384 1994/2239/2201
f 1994/2239/2201 1960/2424/2384 1995/2425/2385
f 1994/2239/2201 1995/2425/2385 1979/2240/2202
f 1979/2240/2202 1995/2425/2385 1978/2426/2386
f 1979/2240/2202 1978/2426/2386 2017/2189/2151
f 2017/2189/2151 1978/2426/2386 2016/2191/2153
f 1936/2223/2185 1937/2225/2187 1927/2427/2387
f 1927/2427/2387 1937/2225/2187 1926/2227/2189
f 1927/2427/2387 1926/2227/2189 1964/2428/2388
f 1964/2428/2388 1926/2227/2189 1963/2229/2191
f 1964/2428/2388 1963/2229/2191 1991/2429/2389
f 1991/2429/2389 1963/2229/2191 1992/2231/2193
f 1991/2429/2389 1992/2231/2193 1982/2430/2390
f 1982/2430/2390 1992/2231/2193 1981/2233/2195
f 1982/2430/2390 1981/2233/2195 2020/2183/2145
f 2020/2183/2145 1981/2233/2195 2019/2185/2147
f 1935/2221/2183 1936/2223/2185 1928/2431/2391
f 1928/2431/2391 1936/2223/2185 1927/2427/2387
f 1928/2431/2391 1927/2427/2387 1965/2432/2392
f 1965/2432/2392 1927/2427/2387 1964/2428/2388
f 1965/2432/2392 1964/2428/2388 1990/2433/2393
f 1990/2433/2393 1964/2428/2388 1991/2429/2389
f 1990/2433/2393 1991/2429/2389 1983/2434/2394
f 1983/2434/2394 1991/2429/2389 1982/2430/2390
f 1983/2434/2394 1982/2430/2390 2021/2181/2143
f 2021/2181/2143 1982/2430/2390 2020/2183/2145
f 1934/2219/2181 1935/2221/2183 1929/2435/2395
f 1929/2435/2395 1935/2221/2183 1928/2431/2391
f 1929/2435/2395 1928/2431/2391 1966/2436/2396
f 1966/2436/2396 1928/2431/2391 1965/2432/2392
f 1966/2436/2396 1965/2432/2392 1989/2437/2397
f 1989/2437/2397 1965/2432/2392 1990/2433/2393
f 1989/2437/2397 1990/2433/2393 1984/2438/2398
f 1984/2438/2398 1990/2433/2393 1983/2434/2394
f 1984/2438/2398 1983/2434/2394 2022/2179/2141
f 2022/2179/2141 1983/2434/2394 2021/2181/2143
f 1933/2217/2179 1934/2219/2181 1930/2439/2399
f 1930/2439/2399 1934/2219/2181 1929/2435/2395
f 1930/2439/2399 1929/2435/2395 1967/2440/2400
f 1967/2440/2400 1929/2435/2395 1966/2436/2396
f 1967/2440/2400 1966/2436/2396 1988/2441/2401
f 1988/2441/2401 1966/2436/2396 1989/2437/2397
f 1988/2441/2401 1989/2437/2397 1985/2442/2402
f 1985/2442/2402 1989/2437/2397 1984/2438/2398
f 1985/2442/2402 1984/2438/2398 2023/2177/2139
f 2023/2177/2139 1984/2438/2398 2022/2179/2141
f 1932/2215/2177 1933/2217/2179 1931/2167/2129
f 1931/2167/2129 1933/2217/2179 1930/2439/2399
f 1931/2167/2129 1930/2439/2399 1912/2169/2131
f 1912/2169/2131 1930/2439/2399 1967/2440/2400
f 1912/2169/2131 1967/2440/2400 1987/2171/2133
f 1987/2171/2133 1967/2440/2400 1988/2441/2401
f 1987/2171/2133 1988/2441/2401 1986/2173/2135
f 1986/2173/2135 1988/2441/2401 1985/2442/2402
f 1986/2173/2135 1985/2442/2402 2024/2175/2137
f 2024/2175/2137 1985/2442/2402 2023/2177/2139
f 2025/2212/2174 2043/2298/2259 2026/2210/2172
f 2026/2210/2172 2043/2298/2259 2044/2443/2403
f 2026/2210/2172 2044/2443/2403 2027/2208/2170
f 2027/2208/2170 2044/2443/2403 2045/2444/2404
f 2027/2208/2170 2045/2444/2404 2028/2206/2168
f 2028/2206/2168 2045/2444/2404 2046/2445/2405
f 2028/2206/2168 2046/2445/2405 2029/2204/2166
f 2029/2204/2166 2046/2445/2405 2047/2446/2406
f 2029/2204/2166 2047/2446/2406 2030/2202/2164
f 2030/2202/2164 2047/2446/2406 2048/2447/2407
f 2030/2202/2164 2048/2447/2407 2031/2200/2162
f 2031/2200/2162 2048/2447/2407 2049/2334/2294
f 2031/2200/2162 2049/2334/2294 2032/2198/2160
f 2037/2188/2150 2036/2190/2152 2054/2448/2408
f 2054/2448/2408 2036/2190/2152 2053/2359/2319
f 2054/2448/2408 2053/2359/2319 2072/2449/2409
f 2072/2449/2409 2053/2359/2319 2071/2358/2318
f 2072/2449/2409 2071/2358/2318 2089/2450/2410
f 2089/2450/2410 2071/2358/2318 2088/2357/2317
f 2089/2450/2410 2088/2357/2317 2123/2451/2411
f 2123/2451/2411 2088/2357/2317 2124/2356/2316
f 2123/2451/2411 2124/2356/2316 2107/2452/2412
f 2107/2452/2412 2124/2356/2316 2106/2355/2315
f 2107/2452/2412 2106/2355/2315 2157/2453/2413
f 2157/2453/2413 2106/2355/2315 2158/2354/2314
f 2157/2453/2413 2158/2354/2314 2143/2360/2320
f 2143/2360/2320 2158/2354/2314 2142/2353/2313
f 2038/2186/2148 2037/2188/2150 2055/2454/2414
f 2055/2454/2414 2037/2188/2150 2054/2448/2408
f 2055/2454/2414 2054/2448/2408 2073/2455/2415
f 2073/2455/2415 2054/2448/2408 2072/2449/2409
f 2073/2455/2415 2072/2449/2409 2090/2456/2416
f 2090/2456/2416 2072/2449/2409 2089/2450/2410
f 2090/2456/2416 2089/2450/2410 2122/2457/2417
f 2122/2457/2417 2089/2450/2410 2123/2451/2411
f 2122/2457/2417 2123/2451/2411 2108/2458/2418
f 2108/2458/2418 2123/2451/2411 2107/2452/2412
f 2108/2458/2418 2107/2452/2412 2156/2459/2419
f 2156/2459/2419 2107/2452/2412 2157/2453/2413
f 2156/2459/2419 2157/2453/2413 2144/2362/2322
f 2144/2362/2322 2157/2453/2413 2143/2360/2320
f 2039/2184/2146 2038/2186/2148 2056/2460/2420
f 2056/2460/2420 2038/2186/2148 2055/2454/2414
f 2056/2460/2420 2055/2454/2414 2074/2461/2421
f 2074/2461/2421 2055/2454/2414 2073/2455/2415
f 2074/2461/2421 2073/2455/2415 2091/2462/2422
f 2091/2462/2422 2073/2455/2415 2090/2456/2416
f 2091/2462/2422 2090/2456/2416 2121/2463/2423
f 2121/2463/2423 2090/2456/2416 2122/2457/2417
f 2121/2463/2423 2122/2457/2417 2109/2464/2424
f 2109/2464/2424 2122/2457/2417 2108/2458/2418
f 2109/2464/2424 2108/2458/2418 2155/2465/2425
f 2155/2465/2425 2108/2458/2418 2156/2459/2419
f 2155/2465/2425 2156/2459/2419 2145/2364/2324
f 2145/2364/2324 2156/2459/2419 2144/2362/2322
f 2058/2380/2340 2041/2180/2142 2040/2182/2144
f 2040/2182/2144 2039/2184/2146 2057/2466/2426
f 2057/2466/2426 2039/2184/2146 2056/2460/2420
f 2057/2466/2426 2056/2460/2420 2075/2467/2427
f 2075/2467/2427 2056/2460/2420 2074/2461/2421
f 2075/2467/2427 2074/2461/2421 2092/2468/2428
f 2092/2468/2428 2074/2461/2421 2091/2462/2422
f 2092/2468/2428 2091/2462/2422 2120/2469/2429
f 2120/2469/2429 2091/2462/2422 2121/2463/2423
f 2120/2469/2429 2121/2463/2423 2110/2470/2430
f 2110/2470/2430 2121/2463/2423 2109/2464/2424
f 2110/2470/2430 2109/2464/2424 2154/2471/2431
f 2154/2471/2431 2109/2464/2424 2155/2465/2425
f 2154/2471/2431 2155/2465/2425 2146/2366/2326
f 2146/2366/2326 2155/2465/2425 2145/2364/2324
f 1910/2176/2138 2042/2178/2140 2060/2472/2432
f 2060/2472/2432 2042/2178/2140 2059/2381/2341
f 2060/2472/2432 2059/2381/2341 2078/2403/2363
f 2043/2298/2259 2062/2301/2262 2044/2443/2403
f 2044/2443/2403 2062/2301/2262 2063/2473/2433
f 2044/2443/2403 2063/2473/2433 2045/2444/2404
f 2045/2444/2404 2063/2473/2433 2064/2474/2434
f 2045/2444/2404 2064/2474/2434 2046/2445/2405
f 2046/2445/2405 2064/2474/2434 2065/2475/2435
f 2046/2445/2405 2065/2475/2435 2047/2446/2406
f 2047/2446/2406 2065/2475/2435 2066/2476/2436
f 2047/2446/2406 2066/2476/2436 2048/2447/2407
f 2048/2447/2407 2066/2476/2436 2067/2332/2292
f 2048/2447/2407 2067/2332/2292 2049/2334/2294
f 2076/2378/2338 2058/2380/2340 2057/2466/2426
f 2057/2466/2426 2058/2380/2340 2040/2182/2144
f 2076/2378/2338 2057/2466/2426 2075/2467/2427
f 2079/2410/2370 2061/2409/2369 2060/2472/2432
f 2060/2472/2432 2061/2409/2369 1910/2176/2138
f 2079/2410/2370 2060/2472/2432 2078/2403/2363
f 2063/2473/2433 2062/2301/2262 2080/2477/2437
f 2080/2477/2437 2062/2301/2262 1907/2303/2264
f 2080/2477/2437 1907/2303/2264 2132/2478/2438
f 2132/2478/2438 1907/2303/2264 2133/2305/2266
f 2132/2478/2438 2133/2305/2266 2098/2307/2268
f 2064/2474/2434 2063/2473/2433 2081/2479/2439
f 2081/2479/2439 2063/2473/2433 2080/2477/2437
f 2081/2479/2439 2080/2477/2437 2131/2480/2440
f 2131/2480/2440 2080/2477/2437 2132/2478/2438
f 2131/2480/2440 2132/2478/2438 2099/2481/2441
f 2099/2481/2441 2132/2478/2438 2098/2307/2268
f 2099/2481/2441 2098/2307/2268 2165/2309/2270
f 2065/2475/2435 2064/2474/2434 2082/2482/2442
f 2082/2482/2442 2064/2474/2434 2081/2479/2439
f 2082/2482/2442 2081/2479/2439 2130/2483/2443
f 2130/2483/2443 2081/2479/2439 2131/2480/2440
f 2130/2483/2443 2131/2480/2440 2100/2484/2444
f 2100/2484/2444 2131/2480/2440 2099/2481/2441
f 2100/2484/2444 2099/2481/2441 2164/2485/2445
f 2164/2485/2445 2099/2481/2441 2165/2309/2270
f 2164/2485/2445 2165/2309/2270 2136/2311/2272
f 2084/2330/2290 2067/2332/2292 2066/2476/2436
f 2066/2476/2436 2065/2475/2435 2083/2486/2446
f 2083/2486/2446 2065/2475/2435 2082/2482/2442
f 2083/2486/2446 2082/2482/2442 2129/2487/2447
f 2129/2487/2447 2082/2482/2442 2130/2483/2443
f 2129/2487/2447 2130/2483/2443 2101/2488/2448
f 2101/2488/2448 2130/2483/2443 2100/2484/2444
f 2101/2488/2448 2100/2484/2444 2163/2489/2449
f 2163/2489/2449 2100/2484/2444 2164/2485/2445
f 2163/2489/2449 2164/2485/2445 2137/2320/2280
f 2137/2320/2280 2164/2485/2445 2136/2311/2272
f 2093/2376/2336 2076/2378/2338 2075/2467/2427
f 2093/2376/2336 2075/2467/2427 2092/2468/2428
f 2096/2402/2362 2079/2410/2370 2078/2403/2363
f 2128/2328/2288 2084/2330/2290 2083/2486/2446
f 2083/2486/2446 2084/2330/2290 2066/2476/2436
f 2128/2328/2288 2083/2486/2446 2129/2487/2447
f 2119/2374/2334 2093/2376/2336 2092/2468/2428
f 2119/2374/2334 2092/2468/2428 2120/2469/2429
f 2117/2398/2358 2094/2377/2337 2118/2375/2335
f 2128/2328/2288 2129/2487/2447 2102/2326/2286
f 2102/2326/2286 2129/2487/2447 2101/2488/2448
f 2102/2326/2286 2101/2488/2448 2162/2324/2284
f 2162/2324/2284 2101/2488/2448 2163/2489/2449
f 2162/2324/2284 2163/2489/2449 2138/2322/2282
f 2138/2322/2282 2163/2489/2449 2137/2320/2280
f 2119/2374/2334 2120/2469/2429 2111/2372/2332
f 2111/2372/2332 2120/2469/2429 2110/2470/2430
f 2111/2372/2332 2110/2470/2430 2153/2370/2330
f 2153/2370/2330 2110/2470/2430 2154/2471/2431
f 2153/2370/2330 2154/2471/2431 2147/2368/2328
f 2147/2368/2328 2154/2471/2431 2146/2366/2326
f 2117/2398/2358 2118/2375/2335 2113/2391/2351
f 2150/2385/2345 2112/2373/2333 2148/2371/2331
f 2117/2398/2358 2113/2391/2351 2114/2396/2356
f 2114/2396/2356 2113/2391/2351 2151/2390/2350
f 2114/2396/2356 2151/2390/2350 2152/2393/2353
f 2150/2385/2345 2148/2371/2331 2168/2383/2343
f 1622/2490/1910 1621/2491/1909 1897/2492/2352
f 1897/2492/2352 1621/2491/1909 1898/2493/2354
f 1898/2493/2354 1621/2491/1909 1620/2494/1991
f 1898/2493/2354 1620/2494/1991 1899/2495/2360
f 1899/2495/2360 1620/2494/1991 1900/2496/2365
f 1900/2496/2365 1620/2494/1991 1619/2497/1990
f 1900/2496/2365 1619/2497/1990 1618/2498/1989
f 1617/2499/1988 1902/2500/2368 1618/2498/1989
f 1618/2498/1989 1902/2500/2368 1901/2501/2367
f 1618/2498/1989 1901/2501/2367 1900/2496/2365
f 1617/2499/1988 1616/2502/1987 1902/2500/2368
f 1902/2500/2368 1616/2502/1987 1903/2503/2136
f 1903/2503/2136 1616/2502/1987 1904/2504/2134
f 1904/2504/2134 1616/2502/1987 1615/2505/1986
f 1904/2504/2134 1615/2505/1986 1905/2506/2132
f 1905/2506/2132 1615/2505/1986 1614/2507/1984
f 1905/2506/2132 1614/2507/1984 1613/2508/2450
f 2172/2509/2451 2191/2510/2452 2171/2511/2453
f 2171/2511/2453 2191/2510/2452 2192/2512/2454
f 2171/2511/2453 2192/2512/2454 2193/2513/2455
f 2193/2513/2455 2192/2512/2454 2219/2514/2456
f 2193/2513/2455 2219/2514/2456 2220/2515/2457
f 2220/2515/2457 2219/2514/2456 2246/2516/2458
f 2220/2515/2457 2246/2516/2458 2247/2517/2459
f 2247/2517/2459 2246/2516/2458 2273/2518/2460
f 2247/2517/2459 2273/2518/2460 2274/2519/2461
f 2274/2519/2461 2273/2518/2460 2300/2520/2462
f 2274/2519/2461 2300/2520/2462 2301/2521/2463
f 2301/2521/2463 2300/2520/2462 2327/2522/2464
f 2301/2521/2463 2327/2522/2464 2328/2523/2465
f 2328/2523/2465 2327/2522/2464 2354/2524/2466
f 2328/2523/2465 2354/2524/2466 2355/2525/2467
f 2355/2525/2467 2354/2524/2466 2381/2526/2468
f 2355/2525/2467 2381/2526/2468 2382/2527/2469
f 2382/2527/2469 2381/2526/2468 2180/2528/2470
f 2382/2527/2469 2180/2528/2470 2383/2529/2471
f 2383/2529/2471 2180/2528/2470 2384/2530/2472
f 2383/2529/2471 2384/2530/2472 2357/2531/2473
f 2357/2531/2473 2384/2530/2472 2358/2532/2474
f 2357/2531/2473 2358/2532/2474 2331/2533/2475
f 2331/2533/2475 2358/2532/2474 2332/2534/2476
f 2331/2533/2475 2332/2534/2476 2305/2535/2477
f 2305/2535/2477 2332/2534/2476 2306/2536/2478
f 2305/2535/2477 2306/2536/2478 2279/2537/2479
f 2279/2537/2479 2306/2536/2478 2280/2538/2480
f 2279/2537/2479 2280/2538/2480 2253/2539/2481
f 2253/2539/2481 2280/2538/2480 2254/2540/2482
f 2253/2539/2481 2254/2540/2482 2227/2541/2483
f 2227/2541/2483 2254/2540/2482 2228/2542/2484
f 2227/2541/2483 2228/2542/2484 2201/2543/2485
f 2201/2543/2485 2228/2542/2484 2202/2544/2486
f 2201/2543/2485 2202/2544/2486 2171/2511/2453
f 2171/2511/2453 2202/2544/2486 2203/2545/2487
f 2171/2511/2453 2203/2545/2487 2204/2546/2488
f 2204/2546/2488 2203/2545/2487 2230/2547/2489
f 2204/2546/2488 2230/2547/2489 2231/2548/2490
f 2231/2548/2490 2230/2547/2489 2257/2549/2491
f 2231/2548/2490 2257/2549/2491 2258/2550/2492
f 2258/2550/2492 2257/2549/2491 2284/2551/2493
f 2258/2550/2492 2284/2551/2493 2285/2552/2494
f 2285/2552/2494 2284/2551/2493 2311/2553/2495
f 2285/2552/2494 2311/2553/2495 2312/2554/2496
f 2312/2554/2496 2311/2553/2495 2338/2555/2497
f 2312/2554/2496 2338/2555/2497 2339/2556/2498
f 2339/2556/2498 2338/2555/2497 2365/2557/2499
f 2339/2556/2498 2365/2557/2499 2366/2558/2500
f 2366/2558/2500 2365/2557/2499 2392/2559/2501
f 2366/2558/2500 2392/2559/2501 2393/2560/2502
f 2393/2560/2502 2392/2559/2501 2181/2561/2503
f 2393/2560/2502 2181/2561/2503 2394/2562/2504
f 2394/2562/2504 2181/2561/2503 2395/2563/2505
f 2394/2562/2504 2395/2563/2505 2368/2564/2506
f 2368/2564/2506 2395/2563/2505 2369/2565/2507
f 2368/2564/2506 2369/2565/2507 2342/2566/2508
f 2342/2566/2508 2369/2565/2507 2343/2567/2509
f 2342/2566/2508 2343/2567/2509 2316/2568/2510
f 2316/2568/2510 2343/2567/2509 2317/2569/2511
f 2316/2568/2510 2317/2569/2511 2290/2570/2512
f 2290/2570/2512 2317/2569/2511 2291/2571/2513
f 2290/2570/2512 2291/2571/2513 2264/2572/2514
f 2264/2572/2514 2291/2571/2513 2265/2573/2515
f 2264/2572/2514 2265/2573/2515 2238/2574/2516
f 2238/2574/2516 2265/2573/2515 2239/2575/2517
f 2238/2574/2516 2239/2575/2517 2212/2576/2518
f 2212/2576/2518 2239/2575/2517 2213/2577/2519
f 2212/2576/2518 2213/2577/2519 2190/2578/2520
f 2190/2578/2520 2213/2577/2519 2214/2579/2521
f 2190/2578/2520 2214/2579/2521 2215/2580/2522
f 2215/2580/2522 2214/2579/2521 2241/2581/2523
f 2215/2580/2522 2241/2581/2523 2242/2582/2524
f 2242/2582/2524 2241/2581/2523 2268/2583/2525
f 2242/2582/2524 2268/2583/2525 2187/2584/2526
f 2187/2584/2526 2268/2583/2525 2186/2585/2527
f 2186/2585/2527 2268/2583/2525 2294/2586/2528
f 2186/2585/2527 2294/2586/2528 2185/2587/2529
f 2185/2587/2529 2294/2586/2528 2320/2588/2530
f 2185/2587/2529 2320/2588/2530 2184/2589/2531
f 2184/2589/2531 2320/2588/2530 2346/2590/2532
f 2184/2589/2531 2346/2590/2532 2183/2591/2533
f 2183/2591/2533 2346/2590/2532 2372/2592/2534
f 2183/2591/2533 2372/2592/2534 2182/2593/2535
f 2182/2593/2535 2372/2592/2534 2398/2594/2536
f 2182/2593/2535 2398/2594/2536 2181/2561/2503
f 2181/2561/2503 2398/2594/2536 2397/2595/2537
f 2181/2561/2503 2397/2595/2537 2396/2596/2538
f 2396/2596/2538 2397/2595/2537 2370/2597/2539
f 2396/2596/2538 2370/2597/2539 2369/2565/2507
f 2369/2565/2507 2370/2597/2539 2343/2567/2509
f 2191/2510/2452 2172/2509/2451 2217/2598/2540
f 2217/2598/2540 2172/2509/2451 2173/2599/2541
f 2217/2598/2540 2173/2599/2541 2243/2600/2542
f 2243/2600/2542 2173/2599/2541 2174/2601/2543
f 2243/2600/2542 2174/2601/2543 2269/2602/2544
f 2269/2602/2544 2174/2601/2543 2175/2603/2545
f 2269/2602/2544 2175/2603/2545 2295/2604/2546
f 2295/2604/2546 2175/2603/2545 2176/2605/2547
f 2295/2604/2546 2176/2605/2547 2321/2606/2548
f 2321/2606/2548 2176/2605/2547 2177/2607/2549
f 2321/2606/2548 2177/2607/2549 2347/2608/2550
f 2347/2608/2550 2177/2607/2549 2178/2609/2551
f 2347/2608/2550 2178/2609/2551 2373/2610/2552
f 2373/2610/2552 2178/2609/2551 2179/2611/2553
f 2373/2610/2552 2179/2611/2553 2180/2528/2470
f 2384/2530/2472 2180/2528/2470 2385/2612/2554
f 2385/2612/2554 2180/2528/2470 2181/2561/2503
f 2385/2612/2554 2181/2561/2503 2386/2613/2555
f 2386/2613/2555 2181/2561/2503 2387/2614/2556
f 2386/2613/2555 2387/2614/2556 2360/2615/2557
f 2360/2615/2557 2387/2614/2556 2361/2616/2558
f 2360/2615/2557 2361/2616/2558 2334/2617/2559
f 2334/2617/2559 2361/2616/2558 2335/2618/2560
f 2334/2617/2559 2335/2618/2560 2308/2619/2561
f 2308/2619/2561 2335/2618/2560 2309/2620/2562
f 2308/2619/2561 2309/2620/2562 2282/2621/2563
f 2282/2621/2563 2309/2620/2562 2283/2622/2564
f 2282/2621/2563 2283/2622/2564 2256/2623/2565
f 2256/2623/2565 2283/2622/2564 2257/2549/2491
f 2256/2623/2565 2257/2549/2491 2230/2547/2489
f 2187/2584/2526 2188/2624/2566 2242/2582/2524
f 2242/2582/2524 2188/2624/2566 2216/2625/2567
f 2242/2582/2524 2216/2625/2567 2215/2580/2522
f 2215/2580/2522 2216/2625/2567 2190/2578/2520
f 2188/2624/2566 2189/2626/2568 2216/2625/2567
f 2216/2625/2567 2189/2626/2568 2190/2578/2520
f 2171/2511/2453 2204/2546/2488 2190/2578/2520
f 2190/2578/2520 2204/2546/2488 2205/2627/2569
f 2190/2578/2520 2205/2627/2569 2206/2628/2570
f 2206/2628/2570 2205/2627/2569 2232/2629/2571
f 2206/2628/2570 2232/2629/2571 2233/2630/2572
f 2233/2630/2572 2232/2629/2571 2259/2631/2573
f 2233/2630/2572 2259/2631/2573 2260/2632/2574
f 2260/2632/2574 2259/2631/2573 2286/2633/2575
f 2260/2632/2574 2286/2633/2575 2287/2634/2576
f 2287/2634/2576 2286/2633/2575 2313/2635/2577
f 2287/2634/2576 2313/2635/2577 2314/2636/2578
f 2314/2636/2578 2313/2635/2577 2340/2637/2579
f 2314/2636/2578 2340/2637/2579 2341/2638/2580
f 2341/2638/2580 2340/2637/2579 2367/2639/2581
f 2341/2638/2580 2367/2639/2581 2368/2564/2506
f 2368/2564/2506 2367/2639/2581 2394/2562/2504
f 2192/2512/2454 2191/2510/2452 2218/2640/2582
f 2218/2640/2582 2191/2510/2452 2217/2598/2540
f 2218/2640/2582 2217/2598/2540 2244/2641/2583
f 2244/2641/2583 2217/2598/2540 2243/2600/2542
f 2244/2641/2583 2243/2600/2542 2270/2642/2584
f 2270/2642/2584 2243/2600/2542 2269/2602/2544
f 2270/2642/2584 2269/2602/2544 2296/2643/2585
f 2296/2643/2585 2269/2602/2544 2295/2604/2546
f 2296/2643/2585 2295/2604/2546 2322/2644/2586
f 2322/2644/2586 2295/2604/2546 2321/2606/2548
f 2322/2644/2586 2321/2606/2548 2348/2645/2587
f 2348/2645/2587 2321/2606/2548 2347/2608/2550
f 2348/2645/2587 2347/2608/2550 2374/2646/2588
f 2374/2646/2588 2347/2608/2550 2373/2610/2552
f 2374/2646/2588 2373/2610/2552 2180/2528/2470
f 2193/2513/2455 2194/2647/2589 2171/2511/2453
f 2171/2511/2453 2194/2647/2589 2195/2648/2590
f 2171/2511/2453 2195/2648/2590 2196/2649/2591
f 2196/2649/2591 2195/2648/2590 2222/2650/2592
f 2196/2649/2591 2222/2650/2592 2223/2651/2593
f 2223/2651/2593 2222/2650/2592 2249/2652/2594
f 2223/2651/2593 2249/2652/2594 2250/2653/2595
f 2250/2653/2595 2249/2652/2594 2276/2654/2596
f 2250/2653/2595 2276/2654/2596 2277/2655/2597
f 2277/2655/2597 2276/2654/2596 2303/2656/2598
f 2277/2655/2597 2303/2656/2598 2304/2657/2599
f 2304/2657/2599 2303/2656/2598 2330/2658/2600
f 2304/2657/2599 2330/2658/2600 2331/2533/2475
f 2331/2533/2475 2330/2658/2600 2357/2531/2473
f 2193/2513/2455 2220/2515/2457 2194/2647/2589
f 2194/2647/2589 2220/2515/2457 2221/2659/2601
f 2194/2647/2589 2221/2659/2601 2195/2648/2590
f 2195/2648/2590 2221/2659/2601 2222/2650/2592
f 2196/2649/2591 2197/2660/2602 2171/2511/2453
f 2171/2511/2453 2197/2660/2602 2198/2661/2603
f 2171/2511/2453 2198/2661/2603 2199/2662/2604
f 2199/2662/2604 2198/2661/2603 2225/2663/2605
f 2199/2662/2604 2225/2663/2605 2226/2664/2606
f 2226/2664/2606 2225/2663/2605 2252/2665/2607
f 2226/2664/2606 2252/2665/2607 2253/2539/2481
f 2253/2539/2481 2252/2665/2607 2279/2537/2479
f 2196/2649/2591 2223/2651/2593 2197/2660/2602
f 2197/2660/2602 2223/2651/2593 2224/2666/2608
f 2197/2660/2602 2224/2666/2608 2198/2661/2603
f 2198/2661/2603 2224/2666/2608 2225/2663/2605
f 2201/2543/2485 2171/2511/2453 2200/2667/2609
f 2200/2667/2609 2171/2511/2453 2199/2662/2604
f 2200/2667/2609 2199/2662/2604 2226/2664/2606
f 2227/2541/2483 2201/2543/2485 2200/2667/2609
f 2227/2541/2483 2200/2667/2609 2226/2664/2606
f 2203/2545/2487 2202/2544/2486 2229/2668/2610
f 2229/2668/2610 2202/2544/2486 2228/2542/2484
f 2229/2668/2610 2228/2542/2484 2255/2669/2611
f 2255/2669/2611 2228/2542/2484 2254/2540/2482
f 2255/2669/2611 2254/2540/2482 2281/2670/2612
f 2281/2670/2612 2254/2540/2482 2280/2538/2480
f 2281/2670/2612 2280/2538/2480 2307/2671/2613
f 2307/2671/2613 2280/2538/2480 2306/2536/2478
f 2307/2671/2613 2306/2536/2478 2333/2672/2614
f 2333/2672/2614 2306/2536/2478 2332/2534/2476
f 2333/2672/2614 2332/2534/2476 2359/2673/2615
f 2359/2673/2615 2332/2534/2476 2358/2532/2474
f 2359/2673/2615 2358/2532/2474 2385/2612/2554
f 2385/2612/2554 2358/2532/2474 2384/2530/2472
f 2232/2629/2571 2205/2627/2569 2231/2548/2490
f 2231/2548/2490 2205/2627/2569 2204/2546/2488
f 2206/2628/2570 2207/2674/2616 2190/2578/2520
f 2190/2578/2520 2207/2674/2616 2208/2675/2617
f 2190/2578/2520 2208/2675/2617 2209/2676/2618
f 2209/2676/2618 2208/2675/2617 2235/2677/2619
f 2209/2676/2618 2235/2677/2619 2236/2678/2620
f 2236/2678/2620 2235/2677/2619 2262/2679/2621
f 2236/2678/2620 2262/2679/2621 2263/2680/2622
f 2263/2680/2622 2262/2679/2621 2289/2681/2623
f 2263/2680/2622 2289/2681/2623 2290/2570/2512
f 2290/2570/2512 2289/2681/2623 2316/2568/2510
f 2206/2628/2570 2233/2630/2572 2207/2674/2616
f 2207/2674/2616 2233/2630/2572 2234/2682/2624
f 2207/2674/2616 2234/2682/2624 2208/2675/2617
f 2208/2675/2617 2234/2682/2624 2235/2677/2619
f 2209/2676/2618 2210/2683/2625 2190/2578/2520
f 2190/2578/2520 2210/2683/2625 2211/2684/2626
f 2190/2578/2520 2211/2684/2626 2212/2576/2518
f 2212/2576/2518 2211/2684/2626 2238/2574/2516
f 2209/2676/2618 2236/2678/2620 2210/2683/2625
f 2210/2683/2625 2236/2678/2620 2237/2685/2627
f 2210/2683/2625 2237/2685/2627 2211/2684/2626
f 2211/2684/2626 2237/2685/2627 2238/2574/2516
f 2214/2579/2521 2213/2577/2519 2240/2686/2628
f 2240/2686/2628 2213/2577/2519 2239/2575/2517
f 2240/2686/2628 2239/2575/2517 2266/2687/2629
f 2266/2687/2629 2239/2575/2517 2265/2573/2515
f 2266/2687/2629 2265/2573/2515 2292/2688/2630
f 2292/2688/2630 2265/2573/2515 2291/2571/2513
f 2292/2688/2630 2291/2571/2513 2318/2689/2631
f 2318/2689/2631 2291/2571/2513 2317/2569/2511
f 2318/2689/2631 2317/2569/2511 2344/2690/2632
f 2344/2690/2632 2317/2569/2511 2343/2567/2509
f 2344/2690/2632 2343/2567/2509 2370/2597/2539
f 2192/2512/2454 2218/2640/2582 2219/2514/2456
f 2219/2514/2456 2218/2640/2582 2245/2691/2633
f 2219/2514/2456 2245/2691/2633 2246/2516/2458
f 2246/2516/2458 2245/2691/2633 2272/2692/2634
f 2246/2516/2458 2272/2692/2634 2273/2518/2460
f 2273/2518/2460 2272/2692/2634 2299/2693/2635
f 2273/2518/2460 2299/2693/2635 2300/2520/2462
f 2300/2520/2462 2299/2693/2635 2326/2694/2636
f 2300/2520/2462 2326/2694/2636 2327/2522/2464
f 2327/2522/2464 2326/2694/2636 2353/2695/2637
f 2327/2522/2464 2353/2695/2637 2354/2524/2466
f 2354/2524/2466 2353/2695/2637 2380/2696/2638
f 2354/2524/2466 2380/2696/2638 2381/2526/2468
f 2381/2526/2468 2380/2696/2638 2180/2528/2470
f 2245/2691/2633 2218/2640/2582 2244/2641/2583
f 2220/2515/2457 2247/2517/2459 2221/2659/2601
f 2221/2659/2601 2247/2517/2459 2248/2697/2639
f 2221/2659/2601 2248/2697/2639 2222/2650/2592
f 2222/2650/2592 2248/2697/2639 2249/2652/2594
f 2223/2651/2593 2250/2653/2595 2224/2666/2608
f 2224/2666/2608 2250/2653/2595 2251/2698/2640
f 2224/2666/2608 2251/2698/2640 2225/2663/2605
f 2225/2663/2605 2251/2698/2640 2252/2665/2607
f 2253/2539/2481 2227/2541/2483 2226/2664/2606
f 2256/2623/2565 2230/2547/2489 2229/2668/2610
f 2229/2668/2610 2230/2547/2489 2203/2545/2487
f 2256/2623/2565 2229/2668/2610 2255/2669/2611
f 2259/2631/2573 2232/2629/2571 2258/2550/2492
f 2258/2550/2492 2232/2629/2571 2231/2548/2490
f 2233/2630/2572 2260/2632/2574 2234/2682/2624
f 2234/2682/2624 2260/2632/2574 2261/2699/2641
f 2234/2682/2624 2261/2699/2641 2235/2677/2619
f 2235/2677/2619 2261/2699/2641 2262/2679/2621
f 2264/2572/2514 2238/2574/2516 2237/2685/2627
f 2264/2572/2514 2237/2685/2627 2263/2680/2622
f 2263/2680/2622 2237/2685/2627 2236/2678/2620
f 2214/2579/2521 2240/2686/2628 2241/2581/2523
f 2241/2581/2523 2240/2686/2628 2267/2700/2642
f 2241/2581/2523 2267/2700/2642 2268/2583/2525
f 2268/2583/2525 2267/2700/2642 2294/2586/2528
f 2267/2700/2642 2240/2686/2628 2266/2687/2629
f 2245/2691/2633 2244/2641/2583 2271/2701/2643
f 2271/2701/2643 2244/2641/2583 2270/2642/2584
f 2271/2701/2643 2270/2642/2584 2297/2702/2644
f 2297/2702/2644 2270/2642/2584 2296/2643/2585
f 2297/2702/2644 2296/2643/2585 2323/2703/2645
f 2323/2703/2645 2296/2643/2585 2322/2644/2586
f 2323/2703/2645 2322/2644/2586 2349/2704/2646
f 2349/2704/2646 2322/2644/2586 2348/2645/2587
f 2349/2704/2646 2348/2645/2587 2375/2705/2647
f 2375/2705/2647 2348/2645/2587 2374/2646/2588
f 2375/2705/2647 2374/2646/2588 2180/2528/2470
f 2247/2517/2459 2274/2519/2461 2248/2697/2639
f 2248/2697/2639 2274/2519/2461 2275/2706/2648
f 2248/2697/2639 2275/2706/2648 2249/2652/2594
f 2249/2652/2594 2275/2706/2648 2276/2654/2596
f 2250/2653/2595 2277/2655/2597 2251/2698/2640
f 2251/2698/2640 2277/2655/2597 2278/2707/2649
f 2251/2698/2640 2278/2707/2649 2252/2665/2607
f 2252/2665/2607 2278/2707/2649 2279/2537/2479
f 2282/2621/2563 2256/2623/2565 2255/2669/2611
f 2282/2621/2563 2255/2669/2611 2281/2670/2612
f 2284/2551/2493 2257/2549/2491 2283/2622/2564
f 2286/2633/2575 2259/2631/2573 2285/2552/2494
f 2285/2552/2494 2259/2631/2573 2258/2550/2492
f 2260/2632/2574 2287/2634/2576 2261/2699/2641
f 2261/2699/2641 2287/2634/2576 2288/2708/2650
f 2261/2699/2641 2288/2708/2650 2262/2679/2621
f 2262/2679/2621 2288/2708/2650 2289/2681/2623
f 2290/2570/2512 2264/2572/2514 2263/2680/2622
f 2267/2700/2642 2266/2687/2629 2293/2709/2651
f 2293/2709/2651 2266/2687/2629 2292/2688/2630
f 2293/2709/2651 2292/2688/2630 2319/2710/2652
f 2319/2710/2652 2292/2688/2630 2318/2689/2631
f 2319/2710/2652 2318/2689/2631 2345/2711/2653
f 2345/2711/2653 2318/2689/2631 2344/2690/2632
f 2345/2711/2653 2344/2690/2632 2371/2712/2654
f 2371/2712/2654 2344/2690/2632 2370/2597/2539
f 2371/2712/2654 2370/2597/2539 2397/2595/2537
f 2245/2691/2633 2271/2701/2643 2272/2692/2634
f 2272/2692/2634 2271/2701/2643 2298/2713/2655
f 2272/2692/2634 2298/2713/2655 2299/2693/2635
f 2299/2693/2635 2298/2713/2655 2325/2714/2656
f 2299/2693/2635 2325/2714/2656 2326/2694/2636
f 2326/2694/2636 2325/2714/2656 2352/2715/2657
f 2326/2694/2636 2352/2715/2657 2353/2695/2637
f 2353/2695/2637 2352/2715/2657 2379/2716/2658
f 2353/2695/2637 2379/2716/2658 2380/2696/2638
f 2380/2696/2638 2379/2716/2658 2180/2528/2470
f 2298/2713/2655 2271/2701/2643 2297/2702/2644
f 2274/2519/2461 2301/2521/2463 2275/2706/2648
f 2275/2706/2648 2301/2521/2463 2302/2717/2659
f 2275/2706/2648 2302/2717/2659 2276/2654/2596
f 2276/2654/2596 2302/2717/2659 2303/2656/2598
f 2305/2535/2477 2279/2537/2479 2278/2707/2649
f 2305/2535/2477 2278/2707/2649 2304/2657/2599
f 2304/2657/2599 2278/2707/2649 2277/2655/2597
f 2308/2619/2561 2282/2621/2563 2281/2670/2612
f 2308/2619/2561 2281/2670/2612 2307/2671/2613
f 2284/2551/2493 2283/2622/2564 2310/2718/2660
f 2310/2718/2660 2283/2622/2564 2309/2620/2562
f 2310/2718/2660 2309/2620/2562 2336/2719/2661
f 2336/2719/2661 2309/2620/2562 2335/2618/2560
f 2336/2719/2661 2335/2618/2560 2362/2720/2662
f 2362/2720/2662 2335/2618/2560 2361/2616/2558
f 2362/2720/2662 2361/2616/2558 2388/2721/2663
f 2388/2721/2663 2361/2616/2558 2387/2614/2556
f 2388/2721/2663 2387/2614/2556 2181/2561/2503
f 2313/2635/2577 2286/2633/2575 2312/2554/2496
f 2312/2554/2496 2286/2633/2575 2285/2552/2494
f 2287/2634/2576 2314/2636/2578 2288/2708/2650
f 2288/2708/2650 2314/2636/2578 2315/2722/2664
f 2288/2708/2650 2315/2722/2664 2289/2681/2623
f 2289/2681/2623 2315/2722/2664 2316/2568/2510
f 2320/2588/2530 2294/2586/2528 2293/2709/2651
f 2293/2709/2651 2294/2586/2528 2267/2700/2642
f 2320/2588/2530 2293/2709/2651 2319/2710/2652
f 2298/2713/2655 2297/2702/2644 2324/2723/2665
f 2324/2723/2665 2297/2702/2644 2323/2703/2645
f 2324/2723/2665 2323/2703/2645 2350/2724/2666
f 2350/2724/2666 2323/2703/2645 2349/2704/2646
f 2350/2724/2666 2349/2704/2646 2376/2725/2667
f 2376/2725/2667 2349/2704/2646 2375/2705/2647
f 2376/2725/2667 2375/2705/2647 2180/2528/2470
f 2301/2521/2463 2328/2523/2465 2302/2717/2659
f 2302/2717/2659 2328/2523/2465 2329/2726/2668
f 2302/2717/2659 2329/2726/2668 2303/2656/2598
f 2303/2656/2598 2329/2726/2668 2330/2658/2600
f 2331/2533/2475 2305/2535/2477 2304/2657/2599
f 2334/2617/2559 2308/2619/2561 2307/2671/2613
f 2334/2617/2559 2307/2671/2613 2333/2672/2614
f 2284/2551/2493 2310/2718/2660 2311/2553/2495
f 2311/2553/2495 2310/2718/2660 2337/2727/2669
f 2311/2553/2495 2337/2727/2669 2338/2555/2497
f 2338/2555/2497 2337/2727/2669 2364/2728/2670
f 2338/2555/2497 2364/2728/2670 2365/2557/2499
f 2365/2557/2499 2364/2728/2670 2391/2729/2671
f 2365/2557/2499 2391/2729/2671 2392/2559/2501
f 2392/2559/2501 2391/2729/2671 2181/2561/2503
f 2337/2727/2669 2310/2718/2660 2336/2719/2661
f 2340/2637/2579 2313/2635/2577 2339/2556/2498
f 2339/2556/2498 2313/2635/2577 2312/2554/2496
f 2342/2566/2508 2316/2568/2510 2315/2722/2664
f 2342/2566/2508 2315/2722/2664 2341/2638/2580
f 2341/2638/2580 2315/2722/2664 2314/2636/2578
f 2346/2590/2532 2320/2588/2530 2319/2710/2652
f 2346/2590/2532 2319/2710/2652 2345/2711/2653
f 2298/2713/2655 2324/2723/2665 2325/2714/2656
f 2325/2714/2656 2324/2723/2665 2351/2730/2672
f 2325/2714/2656 2351/2730/2672 2352/2715/2657
f 2352/2715/2657 2351/2730/2672 2378/2731/2673
f 2352/2715/2657 2378/2731/2673 2379/2716/2658
f 2379/2716/2658 2378/2731/2673 2180/2528/2470
f 2351/2730/2672 2324/2723/2665 2350/2724/2666
f 2328/2523/2465 2355/2525/2467 2329/2726/2668
f 2329/2726/2668 2355/2525/2467 2356/2732/2674
f 2329/2726/2668 2356/2732/2674 2330/2658/2600
f 2330/2658/2600 2356/2732/2674 2357/2531/2473
f 2360/2615/2557 2334/2617/2559 2333/2672/2614
f 2360/2615/2557 2333/2672/2614 2359/2673/2615
f 2337/2727/2669 2336/2719/2661 2363/2733/2675
f 2363/2733/2675 2336/2719/2661 2362/2720/2662
f 2363/2733/2675 2362/2720/2662 2389/2734/2676
f 2389/2734/2676 2362/2720/2662 2388/2721/2663
f 2389/2734/2676 2388/2721/2663 2181/2561/2503
f 2367/2639/2581 2340/2637/2579 2366/2558/2500
f 2366/2558/2500 2340/2637/2579 2339/2556/2498
f 2368/2564/2506 2342/2566/2508 2341/2638/2580
f 2372/2592/2534 2346/2590/2532 2345/2711/2653
f 2372/2592/2534 2345/2711/2653 2371/2712/2654
f 2351/2730/2672 2350/2724/2666 2377/2735/2677
f 2377/2735/2677 2350/2724/2666 2376/2725/2667
f 2377/2735/2677 2376/2725/2667 2180/2528/2470
f 2383/2529/2471 2357/2531/2473 2356/2732/2674
f 2383/2529/2471 2356/2732/2674 2382/2527/2469
f 2382/2527/2469 2356/2732/2674 2355/2525/2467
f 2386/2613/2555 2360/2615/2557 2359/2673/2615
f 2386/2613/2555 2359/2673/2615 2385/2612/2554
f 2337/2727/2669 2363/2733/2675 2364/2728/2670
f 2364/2728/2670 2363/2733/2675 2390/2736/2678
f 2364/2728/2670 2390/2736/2678 2391/2729/2671
f 2391/2729/2671 2390/2736/2678 2181/2561/2503
f 2390/2736/2678 2363/2733/2675 2389/2734/2676
f 2394/2562/2504 2367/2639/2581 2393/2560/2502
f 2393/2560/2502 2367/2639/2581 2366/2558/2500
f 2396/2596/2538 2369/2565/2507 2395/2563/2505
f 2398/2594/2536 2372/2592/2534 2371/2712/2654
f 2398/2594/2536 2371/2712/2654 2397/2595/2537
f 2180/2528/2470 2378/2731/2673 2377/2735/2677
f 2377/2735/2677 2378/2731/2673 2351/2730/2672
f 2181/2561/2503 2390/2736/2678 2389/2734/2676
f 2181/2561/2503 2396/2596/2538 2395/2563/2505
f 2190/2737/2520 2494/2738/2679 2171/2739/2453
f 2171/2739/2453 2494/2738/2679 2495/2740/2680
f 2171/2739/2453 2495/2740/2680 2496/2741/2681
f 175/2742/2682 2404/2743/2683 2190/2737/2520
f 2190/2737/2520 2404/2743/2683 2405/2744/2684
f 2190/2737/2520 2405/2744/2684 2418/2745/2685
f 2418/2745/2685 2405/2744/2684 2417/2746/2686
f 2417/2746/2686 2405/2744/2684 2406/2747/2687
f 2417/2746/2686 2406/2747/2687 2407/2748/2688
f 174/2749/2689 2399/2750/2690 175/2742/2682
f 175/2742/2682 2399/2750/2690 2400/2751/2691
f 175/2742/2682 2400/2751/2691 2401/2752/2692
f 2401/2752/2692 2402/2753/2693 175/2742/2682
f 175/2742/2682 2402/2753/2693 2403/2754/2694
f 175/2742/2682 2403/2754/2694 2404/2743/2683
f 2407/2748/2688 2408/2755/2695 2417/2746/2686
f 2417/2746/2686 2408/2755/2695 2409/2756/2696
f 2417/2746/2686 2409/2756/2696 2410/2757/2697
f 2410/2757/2697 2411/2758/2698 2417/2746/2686
f 2417/2746/2686 2411/2758/2698 2412/2759/2699
f 2417/2746/2686 2412/2759/2699 2413/2760/2700
f 2413/2760/2700 2414/2761/2701 2417/2746/2686
f 2417/2746/2686 2414/2761/2701 172/2762/2702
f 172/2762/2702 2414/2761/2701 2415/2763/2703
f 172/2762/2702 2415/2763/2703 2416/2764/2704
f 2416/2764/2704 173/2765/2705 172/2762/2702
f 2418/2745/2685 2419/2766/2706 2190/2737/2520
f 2190/2737/2520 2419/2766/2706 2420/2767/2707
f 2190/2737/2520 2420/2767/2707 2421/2768/2708
f 2421/2768/2708 2422/2769/2709 2190/2737/2520
f 2190/2737/2520 2422/2769/2709 2423/2770/2710
f 2190/2737/2520 2423/2770/2710 2424/2771/2711
f 2424/2771/2711 2425/2772/2712 2190/2737/2520
f 2190/2737/2520 2425/2772/2712 2426/2773/2713
f 2190/2737/2520 2426/2773/2713 2427/2774/2714
f 2427/2774/2714 2428/2775/2715 2190/2737/2520
f 2190/2737/2520 2428/2775/2715 2429/2776/2716
f 2190/2737/2520 2429/2776/2716 2430/2777/2717
f 2430/2777/2717 2431/2778/2718 2190/2737/2520
f 2190/2737/2520 2431/2778/2718 2494/2738/2679
f 2494/2738/2679 2431/2778/2718 2493/2779/2719
f 2493/2779/2719 2431/2778/2718 2432/2780/2720
f 2493/2779/2719 2432/2780/2720 2492/2781/2721
f 2492/2781/2721 2432/2780/2720 2433/2782/2722
f 2492/2781/2721 2433/2782/2722 2491/2783/2723
f 2491/2783/2723 2433/2782/2722 2434/2784/2724
f 2491/2783/2723 2434/2784/2724 2490/2785/2725
f 2490/2785/2725 2434/2784/2724 2435/2786/2726
f 2490/2785/2725 2435/2786/2726 2489/2787/2727
f 2489/2787/2727 2435/2786/2726 2436/2788/2728
f 2489/2787/2727 2436/2788/2728 2488/2789/2729
f 2488/2789/2729 2436/2788/2728 2437/2790/2730
f 2488/2789/2729 2437/2790/2730 2487/2791/2731
f 2487/2791/2731 2437/2790/2730 2438/2792/2732
f 2487/2791/2731 2438/2792/2732 2486/2793/2733
f 2486/2793/2733 2438/2792/2732 2439/2794/2734
f 2486/2793/2733 2439/2794/2734 2485/2795/2735
f 2485/2795/2735 2439/2794/2734 2440/2796/2736
f 2485/2795/2735 2440/2796/2736 2484/2797/2737
f 2484/2797/2737 2440/2796/2736 2441/2798/2738
f 2484/2797/2737 2441/2798/2738 2483/2799/2739
f 2483/2799/2739 2441/2798/2738 2442/2800/2740
f 2483/2799/2739 2442/2800/2740 2482/2801/2741
f 2482/2801/2741 2442/2800/2740 2443/2802/2742
f 2482/2801/2741 2443/2802/2742 2481/2803/2743
f 2481/2803/2743 2443/2802/2742 2444/2804/2744
f 2481/2803/2743 2444/2804/2744 2452/2805/2745
f 2452/2805/2745 2444/2804/2744 2451/2806/2746
f 2451/2806/2746 2444/2804/2744 2450/2807/2747
f 2450/2807/2747 2444/2804/2744 2449/2808/2748
f 2449/2808/2748 2444/2804/2744 2448/2809/2749
f 2448/2809/2749 2444/2804/2744 2447/2810/2750
f 2447/2810/2750 2444/2804/2744 2446/2811/2751
f 2446/2811/2751 2444/2804/2744 171/2812/2752
f 2446/2811/2751 171/2812/2752 2445/2813/2753
f 2445/2813/2753 171/2812/2752 170/2814/2754
f 2452/2805/2745 2453/2815/2755 2481/2803/2743
f 2481/2803/2743 2453/2815/2755 2473/2816/2756
f 2481/2803/2743 2473/2816/2756 2474/2817/2757
f 2453/2815/2755 2454/2818/2758 2473/2816/2756
f 2473/2816/2756 2454/2818/2758 2472/2819/2759
f 2472/2819/2759 2454/2818/2758 2455/2820/2760
f 2472/2819/2759 2455/2820/2760 2456/2821/2761
f 2472/2819/2759 2456/2821/2761 2471/2822/2762
f 2471/2822/2762 2456/2821/2761 2457/2823/2763
f 2471/2822/2762 2457/2823/2763 2470/2824/2764
f 2470/2824/2764 2457/2823/2763 2458/2825/2765
f 2470/2824/2764 2458/2825/2765 2469/2826/2766
f 2469/2826/2766 2458/2825/2765 2459/2827/2767
f 2469/2826/2766 2459/2827/2767 2468/2828/2768
f 2468/2828/2768 2459/2827/2767 2460/2829/2769
f 2468/2828/2768 2460/2829/2769 2467/2830/2770
f 2467/2830/2770 2460/2829/2769 2461/2831/2771
f 2467/2830/2770 2461/2831/2771 2466/2832/2772
f 2466/2832/2772 2461/2831/2771 2462/2833/2773
f 2466/2832/2772 2462/2833/2773 2465/2834/2774
f 2465/2834/2774 2462/2833/2773 2464/2835/2775
f 2464/2835/2775 2462/2833/2773 2463/2836/2776
f 2463/2836/2776 2462/2833/2773 169/2837/2777
f 2463/2836/2776 169/2837/2777 168/2838/2778
f 2474/2817/2757 2475/2839/2779 2481/2803/2743
f 2481/2803/2743 2475/2839/2779 2476/2840/2780
f 2481/2803/2743 2476/2840/2780 2477/2841/2781
f 2477/2841/2781 2478/2842/2782 2481/2803/2743
f 2481/2803/2743 2478/2842/2782 166/2843/2783
f 166/2843/2783 2478/2842/2782 2479/2844/2784
f 166/2843/2783 2479/2844/2784 2480/2845/2785
f 2480/2845/2785 167/2846/2786 166/2843/2783
f 2496/2741/2681 2497/2847/2787 2171/2739/2453
f 2171/2739/2453 2497/2847/2787 2498/2848/2788
f 2171/2739/2453 2498/2848/2788 2499/2849/2789
f 2499/2849/2789 2500/2850/2790 2171/2739/2453
f 2171/2739/2453 2500/2850/2790 2501/2851/2791
f 2171/2739/2453 2501/2851/2791 2502/2852/2792
f 2502/2852/2792 2503/2853/2793 2171/2739/2453
f 2171/2739/2453 2503/2853/2793 2504/2854/2794
f 2171/2739/2453 2504/2854/2794 2505/2855/2795
f 2505/2855/2795 2506/2856/2796 2171/2739/2453
f 2171/2739/2453 2506/2856/2796 2520/2857/2797
f 2171/2739/2453 2520/2857/2797 2521/2858/2798
f 2506/2856/2796 2507/2859/2799 2520/2857/2797
f 2520/2857/2797 2507/2859/2799 2519/2860/2800
f 2519/2860/2800 2507/2859/2799 2508/2861/2801
f 2519/2860/2800 2508/2861/2801 2518/2862/2802
f 2518/2862/2802 2508/2861/2801 2517/2863/2803
f 2517/2863/2803 2508/2861/2801 2516/2864/2804
f 2516/2864/2804 2508/2861/2801 2515/2865/2805
f 2515/2865/2805 2508/2861/2801 2514/2866/2806
f 2514/2866/2806 2508/2861/2801 2513/2867/2807
f 2513/2867/2807 2508/2861/2801 2512/2868/2808
f 2512/2868/2808 2508/2861/2801 2511/2869/2809
f 2511/2869/2809 2508/2861/2801 2510/2870/2810
f 2510/2870/2810 2508/2861/2801 165/2871/2811
f 2510/2870/2810 165/2871/2811 2509/2872/2812
f 2509/2872/2812 165/2871/2811 164/2873/2813
f 2521/2858/2798 2522/2874/2814 2171/2739/2453
f 2171/2739/2453 2522/2874/2814 162/2875/2815
f 162/2875/2815 2522/2874/2814 2523/2876/2816
f 162/2875/2815 2523/2876/2816 2524/2877/2817
f 2524/2877/2817 2525/2878/2818 162/2875/2815
f 162/2875/2815 2525/2878/2818 2526/2879/2819
f 162/2875/2815 2526/2879/2819 163/2880/2820
f 175/2881/2821 2540/2882/2822 343/2883/2823
f 343/2883/2823 2540/2882/2822 2541/2884/2824
f 343/2883/2823 2541/2884/2824 2542/2885/2825
f 175/2881/2821 2190/2886/2826 2540/2882/2822
f 2540/2882/2822 2190/2886/2826 2181/2887/2827
f 2540/2882/2822 2181/2887/2827 2527/2888/2828
f 2189/2889/2829 2188/2890/2830 2190/2886/2826
f 2190/2886/2826 2188/2890/2830 2187/2891/2831
f 2190/2886/2826 2187/2891/2831 2186/2892/2832
f 2186/2892/2832 2185/2893/2833 2190/2886/2826
f 2190/2886/2826 2185/2893/2833 2184/2894/2834
f 2190/2886/2826 2184/2894/2834 2183/2895/2835
f 2183/2895/2835 2182/2896/2836 2190/2886/2826
f 2190/2886/2826 2182/2896/2836 2181/2887/2827
f 2540/2882/2822 2527/2888/2828 2539/2897/2837
f 2539/2897/2837 2527/2888/2828 2528/2898/2838
f 2539/2897/2837 2528/2898/2838 2529/2899/2839
f 2529/2899/2839 2530/2900/2840 2539/2897/2837
f 2539/2897/2837 2530/2900/2840 2531/2901/2841
f 2539/2897/2837 2531/2901/2841 2532/2902/2842
f 2532/2902/2842 2533/2903/2843 2539/2897/2837
f 2539/2897/2837 2533/2903/2843 2534/2904/2844
f 2539/2897/2837 2534/2904/2844 2535/2905/2845
f 2535/2905/2845 2536/2906/2846 2539/2897/2837
f 2539/2897/2837 2536/2906/2846 2537/2907/2847
f 2539/2897/2837 2537/2907/2847 2538/2908/2848
f 2544/2909/2849 2553/2910/2850 2543/2911/2851
f 2543/2911/2851 2553/2910/2850 2554/2912/2852
f 2543/2911/2851 2554/2912/2852 2555/2913/2853
f 2555/2913/2853 2554/2912/2852 2581/2914/2854
f 2555/2913/2853 2581/2914/2854 2582/2915/2855
f 2582/2915/2855 2581/2914/2854 2608/2916/2856
f 2582/2915/2855 2608/2916/2856 2609/2917/2857
f 2609/2917/2857 2608/2916/2856 2635/2918/2858
f 2609/2917/2857 2635/2918/2858 2636/2919/2859
f 2636/2919/2859 2635/2918/2858 2662/2920/2860
f 2636/2919/2859 2662/2920/2860 2663/2921/2861
f 2663/2921/2861 2662/2920/2860 2689/2922/2862
f 2663/2921/2861 2689/2922/2862 2690/2923/2863
f 2690/2923/2863 2689/2922/2862 2716/2924/2864
f 2690/2923/2863 2716/2924/2864 2717/2925/2865
f 2717/2925/2865 2716/2924/2864 2743/2926/2866
f 2717/2925/2865 2743/2926/2866 2744/2927/2867
f 2744/2927/2867 2743/2926/2866 2552/2928/2868
f 2744/2927/2867 2552/2928/2868 2745/2929/2869
f 2745/2929/2869 2552/2928/2868 2746/2930/2870
f 2745/2929/2869 2746/2930/2870 2719/2931/2871
f 2719/2931/2871 2746/2930/2870 2720/2932/2872
f 2719/2931/2871 2720/2932/2872 2693/2933/2873
f 2693/2933/2873 2720/2932/2872 2694/2934/2874
f 2693/2933/2873 2694/2934/2874 2667/2935/2875
f 2667/2935/2875 2694/2934/2874 2668/2936/2876
f 2667/2935/2875 2668/2936/2876 2641/2937/2877
f 2641/2937/2877 2668/2936/2876 2642/2938/2878
f 2641/2937/2877 2642/2938/2878 2615/2939/2879
f 2615/2939/2879 2642/2938/2878 2616/2940/2880
f 2615/2939/2879 2616/2940/2880 2589/2941/2881
f 2589/2941/2881 2616/2940/2880 2590/2942/2882
f 2589/2941/2881 2590/2942/2882 2563/2943/2883
f 2563/2943/2883 2590/2942/2882 2564/2944/2884
f 2563/2943/2883 2564/2944/2884 2543/2911/2851
f 2543/2911/2851 2564/2944/2884 2565/2945/2885
f 2543/2911/2851 2565/2945/2885 2566/2946/2886
f 2566/2946/2886 2565/2945/2885 2592/2947/2887
f 2566/2946/2886 2592/2947/2887 2593/2948/2888
f 2593/2948/2888 2592/2947/2887 2619/2949/2889
f 2593/2948/2888 2619/2949/2889 2620/2950/2890
f 2620/2950/2890 2619/2949/2889 2646/2951/2891
f 2620/2950/2890 2646/2951/2891 2647/2952/2892
f 2647/2952/2892 2646/2951/2891 2673/2953/2893
f 2647/2952/2892 2673/2953/2893 2674/2954/2894
f 2674/2954/2894 2673/2953/2893 2700/2955/2895
f 2674/2954/2894 2700/2955/2895 2701/2956/2896
f 2701/2956/2896 2700/2955/2895 2727/2957/2897
f 2701/2956/2896 2727/2957/2897 2728/2958/2898
f 2728/2958/2898 2727/2957/2897 2754/2959/2899
f 2728/2958/2898 2754/2959/2899 2755/2960/2900
f 2755/2960/2900 2754/2959/2899 2536/2961/2901
f 2755/2960/2900 2536/2961/2901 2756/2962/2902
f 2756/2962/2902 2536/2961/2901 2757/2963/2903
f 2756/2962/2902 2757/2963/2903 2730/2964/2904
f 2730/2964/2904 2757/2963/2903 2731/2965/2905
f 2730/2964/2904 2731/2965/2905 2704/2966/2906
f 2704/2966/2906 2731/2965/2905 2705/2967/2907
f 2704/2966/2906 2705/2967/2907 2678/2968/2908
f 2678/2968/2908 2705/2967/2907 2679/2969/2909
f 2678/2968/2908 2679/2969/2909 2652/2970/2910
f 2652/2970/2910 2679/2969/2909 2653/2971/2911
f 2652/2970/2910 2653/2971/2911 2626/2972/2912
f 2626/2972/2912 2653/2971/2911 2627/2973/2913
f 2626/2972/2912 2627/2973/2913 2600/2974/2914
f 2600/2974/2914 2627/2973/2913 2601/2975/2915
f 2600/2974/2914 2601/2975/2915 2574/2976/2916
f 2574/2976/2916 2601/2975/2915 2575/2977/2917
f 2574/2976/2916 2575/2977/2917 2527/2978/2918
f 2527/2978/2918 2575/2977/2917 2576/2979/2919
f 2527/2978/2918 2576/2979/2919 2577/2980/2920
f 2577/2980/2920 2576/2979/2919 2603/2981/2921
f 2577/2980/2920 2603/2981/2921 2604/2982/2922
f 2604/2982/2922 2603/2981/2921 2630/2983/2923
f 2604/2982/2922 2630/2983/2923 2530/2984/2924
f 2530/2984/2924 2630/2983/2923 2531/2985/2925
f 2531/2985/2925 2630/2983/2923 2656/2986/2926
f 2531/2985/2925 2656/2986/2926 2532/2987/2927
f 2532/2987/2927 2656/2986/2926 2682/2988/2928
f 2532/2987/2927 2682/2988/2928 2533/2989/2929
f 2533/2989/2929 2682/2988/2928 2708/2990/2930
f 2533/2989/2929 2708/2990/2930 2534/2991/2931
f 2534/2991/2931 2708/2990/2930 2734/2992/2932
f 2534/2991/2931 2734/2992/2932 2535/2993/2933
f 2535/2993/2933 2734/2992/2932 2760/2994/2934
f 2535/2993/2933 2760/2994/2934 2536/2961/2901
f 2536/2961/2901 2760/2994/2934 2759/2995/2935
f 2536/2961/2901 2759/2995/2935 2758/2996/2936
f 2758/2996/2936 2759/2995/2935 2732/2997/2937
f 2758/2996/2936 2732/2997/2937 2731/2965/2905
f 2731/2965/2905 2732/2997/2937 2705/2967/2907
f 2553/2910/2850 2544/2909/2849 2579/2998/2938
f 2579/2998/2938 2544/2909/2849 2545/2999/2939
f 2579/2998/2938 2545/2999/2939 2605/3000/2940
f 2605/3000/2940 2545/2999/2939 2546/3001/2941
f 2605/3000/2940 2546/3001/2941 2631/3002/2942
f 2631/3002/2942 2546/3001/2941 2547/3003/2943
f 2631/3002/2942 2547/3003/2943 2657/3004/2944
f 2657/3004/2944 2547/3003/2943 2548/3005/2945
f 2657/3004/2944 2548/3005/2945 2683/3006/2946
f 2683/3006/2946 2548/3005/2945 2549/3007/2947
f 2683/3006/2946 2549/3007/2947 2709/3008/2948
f 2709/3008/2948 2549/3007/2947 2550/3009/2949
f 2709/3008/2948 2550/3009/2949 2735/3010/2950
f 2735/3010/2950 2550/3009/2949 2551/3011/2951
f 2735/3010/2950 2551/3011/2951 2552/2928/2868
f 2746/2930/2870 2552/2928/2868 2747/3012/2952
f 2747/3012/2952 2552/2928/2868 2536/2961/2901
f 2747/3012/2952 2536/2961/2901 2748/3013/2953
f 2748/3013/2953 2536/2961/2901 2749/3014/2954
f 2748/3013/2953 2749/3014/2954 2722/3015/2955
f 2722/3015/2955 2749/3014/2954 2723/3016/2956
f 2722/3015/2955 2723/3016/2956 2696/3017/2957
f 2696/3017/2957 2723/3016/2956 2697/3018/2958
f 2696/3017/2957 2697/3018/2958 2670/3019/2959
f 2670/3019/2959 2697/3018/2958 2671/3020/2960
f 2670/3019/2959 2671/3020/2960 2644/3021/2961
f 2644/3021/2961 2671/3020/2960 2645/3022/2962
f 2644/3021/2961 2645/3022/2962 2618/3023/2963
f 2618/3023/2963 2645/3022/2962 2619/2949/2889
f 2618/3023/2963 2619/2949/2889 2592/2947/2887
f 2530/2984/2924 2529/3024/2964 2604/2982/2922
f 2604/2982/2922 2529/3024/2964 2578/3025/2965
f 2604/2982/2922 2578/3025/2965 2577/2980/2920
f 2577/2980/2920 2578/3025/2965 2527/2978/2918
f 2529/3024/2964 2528/3026/2966 2578/3025/2965
f 2578/3025/2965 2528/3026/2966 2527/2978/2918
f 2543/2911/2851 2566/2946/2886 2527/2978/2918
f 2527/2978/2918 2566/2946/2886 2567/3027/2967
f 2527/2978/2918 2567/3027/2967 2568/3028/2968
f 2568/3028/2968 2567/3027/2967 2594/3029/2969
f 2568/3028/2968 2594/3029/2969 2595/3030/2970
f 2595/3030/2970 2594/3029/2969 2621/3031/2971
f 2595/3030/2970 2621/3031/2971 2622/3032/2972
f 2622/3032/2972 2621/3031/2971 2648/3033/2973
f 2622/3032/2972 2648/3033/2973 2649/3034/2974
f 2649/3034/2974 2648/3033/2973 2675/3035/2975
f 2649/3034/2974 2675/3035/2975 2676/3036/2976
f 2676/3036/2976 2675/3035/2975 2702/3037/2977
f 2676/3036/2976 2702/3037/2977 2703/3038/2978
f 2703/3038/2978 2702/3037/2977 2729/3039/2979
f 2703/3038/2978 2729/3039/2979 2730/2964/2904
f 2730/2964/2904 2729/3039/2979 2756/2962/2902
f 2554/2912/2852 2553/2910/2850 2580/3040/2980
f 2580/3040/2980 2553/2910/2850 2579/2998/2938
f 2580/3040/2980 2579/2998/2938 2606/3041/2981
f 2606/3041/2981 2579/2998/2938 2605/3000/2940
f 2606/3041/2981 2605/3000/2940 2632/3042/2982
f 2632/3042/2982 2605/3000/2940 2631/3002/2942
f 2632/3042/2982 2631/3002/2942 2658/3043/2983
f 2658/3043/2983 2631/3002/2942 2657/3004/2944
f 2658/3043/2983 2657/3004/2944 2684/3044/2984
f 2684/3044/2984 2657/3004/2944 2683/3006/2946
f 2684/3044/2984 2683/3006/2946 2710/3045/2985
f 2710/3045/2985 2683/3006/2946 2709/3008/2948
f 2710/3045/2985 2709/3008/2948 2736/3046/2986
f 2736/3046/2986 2709/3008/2948 2735/3010/2950
f 2736/3046/2986 2735/3010/2950 2552/2928/2868
f 2555/2913/2853 2556/3047/2987 2543/2911/2851
f 2543/2911/2851 2556/3047/2987 2557/3048/2988
f 2543/2911/2851 2557/3048/2988 2558/3049/2989
f 2558/3049/2989 2557/3048/2988 2584/3050/2990
f 2558/3049/2989 2584/3050/2990 2585/3051/2991
f 2585/3051/2991 2584/3050/2990 2611/3052/2992
f 2585/3051/2991 2611/3052/2992 2612/3053/2993
f 2612/3053/2993 2611/3052/2992 2638/3054/2994
f 2612/3053/2993 2638/3054/2994 2639/3055/2995
f 2639/3055/2995 2638/3054/2994 2665/3056/2996
f 2639/3055/2995 2665/3056/2996 2666/3057/2997
f 2666/3057/2997 2665/3056/2996 2692/3058/2998
f 2666/3057/2997 2692/3058/2998 2693/2933/2873
f 2693/2933/2873 2692/3058/2998 2719/2931/2871
f 2555/2913/2853 2582/2915/2855 2556/3047/2987
f 2556/3047/2987 2582/2915/2855 2583/3059/2999
f 2556/3047/2987 2583/3059/2999 2557/3048/2988
f 2557/3048/2988 2583/3059/2999 2584/3050/2990
f 2558/3049/2989 2559/3060/3000 2543/2911/2851
f 2543/2911/2851 2559/3060/3000 2560/3061/3001
f 2543/2911/2851 2560/3061/3001 2561/3062/3002
f 2561/3062/3002 2560/3061/3001 2587/3063/3003
f 2561/3062/3002 2587/3063/3003 2588/3064/3004
f 2588/3064/3004 2587/3063/3003 2614/3065/3005
f 2588/3064/3004 2614/3065/3005 2615/2939/2879
f 2615/2939/2879 2614/3065/3005 2641/2937/2877
f 2558/3049/2989 2585/3051/2991 2559/3060/3000
f 2559/3060/3000 2585/3051/2991 2586/3066/3006
f 2559/3060/3000 2586/3066/3006 2560/3061/3001
f 2560/3061/3001 2586/3066/3006 2587/3063/3003
f 2563/2943/2883 2543/2911/2851 2562/3067/3007
f 2562/3067/3007 2543/2911/2851 2561/3062/3002
f 2562/3067/3007 2561/3062/3002 2588/3064/3004
f 2589/2941/2881 2563/2943/2883 2562/3067/3007
f 2589/2941/2881 2562/3067/3007 2588/3064/3004
f 2565/2945/2885 2564/2944/2884 2591/3068/3008
f 2591/3068/3008 2564/2944/2884 2590/2942/2882
f 2591/3068/3008 2590/2942/2882 2617/3069/3009
f 2617/3069/3009 2590/2942/2882 2616/2940/2880
f 2617/3069/3009 2616/2940/2880 2643/3070/3010
f 2643/3070/3010 2616/2940/2880 2642/2938/2878
f 2643/3070/3010 2642/2938/2878 2669/3071/3011
f 2669/3071/3011 2642/2938/2878 2668/2936/2876
f 2669/3071/3011 2668/2936/2876 2695/3072/3012
f 2695/3072/3012 2668/2936/2876 2694/2934/2874
f 2695/3072/3012 2694/2934/2874 2721/3073/3013
f 2721/3073/3013 2694/2934/2874 2720/2932/2872
f 2721/3073/3013 2720/2932/2872 2747/3012/2952
f 2747/3012/2952 2720/2932/2872 2746/2930/2870
f 2594/3029/2969 2567/3027/2967 2593/2948/2888
f 2593/2948/2888 2567/3027/2967 2566/2946/2886
f 2568/3028/2968 2569/3074/3014 2527/2978/2918
f 2527/2978/2918 2569/3074/3014 2570/3075/3015
f 2527/2978/2918 2570/3075/3015 2571/3076/3016
f 2571/3076/3016 2570/3075/3015 2597/3077/3017
f 2571/3076/3016 2597/3077/3017 2598/3078/3018
f 2598/3078/3018 2597/3077/3017 2624/3079/3019
f 2598/3078/3018 2624/3079/3019 2625/3080/3020
f 2625/3080/3020 2624/3079/3019 2651/3081/3021
f 2625/3080/3020 2651/3081/3021 2652/2970/2910
f 2652/2970/2910 2651/3081/3021 2678/2968/2908
f 2568/3028/2968 2595/3030/2970 2569/3074/3014
f 2569/3074/3014 2595/3030/2970 2596/3082/3022
f 2569/3074/3014 2596/3082/3022 2570/3075/3015
f 2570/3075/3015 2596/3082/3022 2597/3077/3017
f 2571/3076/3016 2572/3083/3023 2527/2978/2918
f 2527/2978/2918 2572/3083/3023 2573/3084/3024
f 2527/2978/2918 2573/3084/3024 2574/2976/2916
f 2574/2976/2916 2573/3084/3024 2600/2974/2914
f 2571/3076/3016 2598/3078/3018 2572/3083/3023
f 2572/3083/3023 2598/3078/3018 2599/3085/3025
f 2572/3083/3023 2599/3085/3025 2573/3084/3024
f 2573/3084/3024 2599/3085/3025 2600/2974/2914
f 2576/2979/2919 2575/2977/2917 2602/3086/3026
f 2602/3086/3026 2575/2977/2917 2601/2975/2915
f 2602/3086/3026 2601/2975/2915 2628/3087/3027
f 2628/3087/3027 2601/2975/2915 2627/2973/2913
f 2628/3087/3027 2627/2973/2913 2654/3088/3028
f 2654/3088/3028 2627/2973/2913 2653/2971/2911
f 2654/3088/3028 2653/2971/2911 2680/3089/3029
f 2680/3089/3029 2653/2971/2911 2679/2969/2909
f 2680/3089/3029 2679/2969/2909 2706/3090/3030
f 2706/3090/3030 2679/2969/2909 2705/2967/2907
f 2706/3090/3030 2705/2967/2907 2732/2997/2937
f 2554/2912/2852 2580/3040/2980 2581/2914/2854
f 2581/2914/2854 2580/3040/2980 2607/3091/3031
f 2581/2914/2854 2607/3091/3031 2608/2916/2856
f 2608/2916/2856 2607/3091/3031 2634/3092/3032
f 2608/2916/2856 2634/3092/3032 2635/2918/2858
f 2635/2918/2858 2634/3092/3032 2661/3093/3033
f 2635/2918/2858 2661/3093/3033 2662/2920/2860
f 2662/2920/2860 2661/3093/3033 2688/3094/3034
f 2662/2920/2860 2688/3094/3034 2689/2922/2862
f 2689/2922/2862 2688/3094/3034 2715/3095/3035
f 2689/2922/2862 2715/3095/3035 2716/2924/2864
f 2716/2924/2864 2715/3095/3035 2742/3096/3036
f 2716/2924/2864 2742/3096/3036 2743/2926/2866
f 2743/2926/2866 2742/3096/3036 2552/2928/2868
f 2607/3091/3031 2580/3040/2980 2606/3041/2981
f 2582/2915/2855 2609/2917/2857 2583/3059/2999
f 2583/3059/2999 2609/2917/2857 2610/3097/3037
f 2583/3059/2999 2610/3097/3037 2584/3050/2990
f 2584/3050/2990 2610/3097/3037 2611/3052/2992
f 2585/3051/2991 2612/3053/2993 2586/3066/3006
f 2586/3066/3006 2612/3053/2993 2613/3098/3038
f 2586/3066/3006 2613/3098/3038 2587/3063/3003
f 2587/3063/3003 2613/3098/3038 2614/3065/3005
f 2615/2939/2879 2589/2941/2881 2588/3064/3004
f 2618/3023/2963 2592/2947/2887 2591/3068/3008
f 2591/3068/3008 2592/2947/2887 2565/2945/2885
f 2618/3023/2963 2591/3068/3008 2617/3069/3009
f 2621/3031/2971 2594/3029/2969 2620/2950/2890
f 2620/2950/2890 2594/3029/2969 2593/2948/2888
f 2595/3030/2970 2622/3032/2972 2596/3082/3022
f 2596/3082/3022 2622/3032/2972 2623/3099/3039
f 2596/3082/3022 2623/3099/3039 2597/3077/3017
f 2597/3077/3017 2623/3099/3039 2624/3079/3019
f 2626/2972/2912 2600/2974/2914 2599/3085/3025
f 2626/2972/2912 2599/3085/3025 2625/3080/3020
f 2625/3080/3020 2599/3085/3025 2598/3078/3018
f 2576/2979/2919 2602/3086/3026 2603/2981/2921
f 2603/2981/2921 2602/3086/3026 2629/3100/3040
f 2603/2981/2921 2629/3100/3040 2630/2983/2923
f 2630/2983/2923 2629/3100/3040 2656/2986/2926
f 2629/3100/3040 2602/3086/3026 2628/3087/3027
f 2607/3091/3031 2606/3041/2981 2633/3101/3041
f 2633/3101/3041 2606/3041/2981 2632/3042/2982
f 2633/3101/3041 2632/3042/2982 2659/3102/3042
f 2659/3102/3042 2632/3042/2982 2658/3043/2983
f 2659/3102/3042 2658/3043/2983 2685/3103/3043
f 2685/3103/3043 2658/3043/2983 2684/3044/2984
f 2685/3103/3043 2684/3044/2984 2711/3104/3044
f 2711/3104/3044 2684/3044/2984 2710/3045/2985
f 2711/3104/3044 2710/3045/2985 2737/3105/3045
f 2737/3105/3045 2710/3045/2985 2736/3046/2986
f 2737/3105/3045 2736/3046/2986 2552/2928/2868
f 2609/2917/2857 2636/2919/2859 2610/3097/3037
f 2610/3097/3037 2636/2919/2859 2637/3106/3046
f 2610/3097/3037 2637/3106/3046 2611/3052/2992
f 2611/3052/2992 2637/3106/3046 2638/3054/2994
f 2612/3053/2993 2639/3055/2995 2613/3098/3038
f 2613/3098/3038 2639/3055/2995 2640/3107/3047
f 2613/3098/3038 2640/3107/3047 2614/3065/3005
f 2614/3065/3005 2640/3107/3047 2641/2937/2877
f 2644/3021/2961 2618/3023/2963 2617/3069/3009
f 2644/3021/2961 2617/3069/3009 2643/3070/3010
f 2646/2951/2891 2619/2949/2889 2645/3022/2962
f 2648/3033/2973 2621/3031/2971 2647/2952/2892
f 2647/2952/2892 2621/3031/2971 2620/2950/2890
f 2622/3032/2972 2649/3034/2974 2623/3099/3039
f 2623/3099/3039 2649/3034/2974 2650/3108/3048
f 2623/3099/3039 2650/3108/3048 2624/3079/3019
f 2624/3079/3019 2650/3108/3048 2651/3081/3021
f 2652/2970/2910 2626/2972/2912 2625/3080/3020
f 2629/3100/3040 2628/3087/3027 2655/3109/3049
f 2655/3109/3049 2628/3087/3027 2654/3088/3028
f 2655/3109/3049 2654/3088/3028 2681/3110/3050
f 2681/3110/3050 2654/3088/3028 2680/3089/3029
f 2681/3110/3050 2680/3089/3029 2707/3111/3051
f 2707/3111/3051 2680/3089/3029 2706/3090/3030
f 2707/3111/3051 2706/3090/3030 2733/3112/3052
f 2733/3112/3052 2706/3090/3030 2732/2997/2937
f 2733/3112/3052 2732/2997/2937 2759/2995/2935
f 2607/3091/3031 2633/3101/3041 2634/3092/3032
f 2634/3092/3032 2633/3101/3041 2660/3113/3053
f 2634/3092/3032 2660/3113/3053 2661/3093/3033
f 2661/3093/3033 2660/3113/3053 2687/3114/3054
f 2661/3093/3033 2687/3114/3054 2688/3094/3034
f 2688/3094/3034 2687/3114/3054 2714/3115/3055
f 2688/3094/3034 2714/3115/3055 2715/3095/3035
f 2715/3095/3035 2714/3115/3055 2741/3116/3056
f 2715/3095/3035 2741/3116/3056 2742/3096/3036
f 2742/3096/3036 2741/3116/3056 2552/2928/2868
f 2660/3113/3053 2633/3101/3041 2659/3102/3042
f 2636/2919/2859 2663/2921/2861 2637/3106/3046
f 2637/3106/3046 2663/2921/2861 2664/3117/3057
f 2637/3106/3046 2664/3117/3057 2638/3054/2994
f 2638/3054/2994 2664/3117/3057 2665/3056/2996
f 2667/2935/2875 2641/2937/2877 2640/3107/3047
f 2667/2935/2875 2640/3107/3047 2666/3057/2997
f 2666/3057/2997 2640/3107/3047 2639/3055/2995
f 2670/3019/2959 2644/3021/2961 2643/3070/3010
f 2670/3019/2959 2643/3070/3010 2669/3071/3011
f 2646/2951/2891 2645/3022/2962 2672/3118/3058
f 2672/3118/3058 2645/3022/2962 2671/3020/2960
f 2672/3118/3058 2671/3020/2960 2698/3119/3059
f 2698/3119/3059 2671/3020/2960 2697/3018/2958
f 2698/3119/3059 2697/3018/2958 2724/3120/3060
f 2724/3120/3060 2697/3018/2958 2723/3016/2956
f 2724/3120/3060 2723/3016/2956 2750/3121/3061
f 2750/3121/3061 2723/3016/2956 2749/3014/2954
f 2750/3121/3061 2749/3014/2954 2536/2961/2901
f 2675/3035/2975 2648/3033/2973 2674/2954/2894
f 2674/2954/2894 2648/3033/2973 2647/2952/2892
f 2649/3034/2974 2676/3036/2976 2650/3108/3048
f 2650/3108/3048 2676/3036/2976 2677/3122/3062
f 2650/3108/3048 2677/3122/3062 2651/3081/3021
f 2651/3081/3021 2677/3122/3062 2678/2968/2908
f 2682/2988/2928 2656/2986/2926 2655/3109/3049
f 2655/3109/3049 2656/2986/2926 2629/3100/3040
f 2682/2988/2928 2655/3109/3049 2681/3110/3050
f 2660/3113/3053 2659/3102/3042 2686/3123/3063
f 2686/3123/3063 2659/3102/3042 2685/3103/3043
f 2686/3123/3063 2685/3103/3043 2712/3124/3064
f 2712/3124/3064 2685/3103/3043 2711/3104/3044
f 2712/3124/3064 2711/3104/3044 2738/3125/3065
f 2738/3125/3065 2711/3104/3044 2737/3105/3045
f 2738/3125/3065 2737/3105/3045 2552/2928/2868
f 2663/2921/2861 2690/2923/2863 2664/3117/3057
f 2664/3117/3057 2690/2923/2863 2691/3126/3066
f 2664/3117/3057 2691/3126/3066 2665/3056/2996
f 2665/3056/2996 2691/3126/3066 2692/3058/2998
f 2693/2933/2873 2667/2935/2875 2666/3057/2997
f 2696/3017/2957 2670/3019/2959 2669/3071/3011
f 2696/3017/2957 2669/3071/3011 2695/3072/3012
f 2646/2951/2891 2672/3118/3058 2673/2953/2893
f 2673/2953/2893 2672/3118/3058 2699/3127/3067
f 2673/2953/2893 2699/3127/3067 2700/2955/2895
f 2700/2955/2895 2699/3127/3067 2726/3128/3068
f 2700/2955/2895 2726/3128/3068 2727/2957/2897
f 2727/2957/2897 2726/3128/3068 2753/3129/3069
f 2727/2957/2897 2753/3129/3069 2754/2959/2899
f 2754/2959/2899 2753/3129/3069 2536/2961/2901
f 2699/3127/3067 2672/3118/3058 2698/3119/3059
f 2702/3037/2977 2675/3035/2975 2701/2956/2896
f 2701/2956/2896 2675/3035/2975 2674/2954/2894
f 2704/2966/2906 2678/2968/2908 2677/3122/3062
f 2704/2966/2906 2677/3122/3062 2703/3038/2978
f 2703/3038/2978 2677/3122/3062 2676/3036/2976
f 2708/2990/2930 2682/2988/2928 2681/3110/3050
f 2708/2990/2930 2681/3110/3050 2707/3111/3051
f 2660/3113/3053 2686/3123/3063 2687/3114/3054
f 2687/3114/3054 2686/3123/3063 2713/3130/3070
f 2687/3114/3054 2713/3130/3070 2714/3115/3055
f 2714/3115/3055 2713/3130/3070 2740/3131/3071
f 2714/3115/3055 2740/3131/3071 2741/3116/3056
f 2741/3116/3056 2740/3131/3071 2552/2928/2868
f 2713/3130/3070 2686/3123/3063 2712/3124/3064
f 2690/2923/2863 2717/2925/2865 2691/3126/3066
f 2691/3126/3066 2717/2925/2865 2718/3132/3072
f 2691/3126/3066 2718/3132/3072 2692/3058/2998
f 2692/3058/2998 2718/3132/3072 2719/2931/2871
f 2722/3015/2955 2696/3017/2957 2695/3072/3012
f 2722/3015/2955 2695/3072/3012 2721/3073/3013
f 2699/3127/3067 2698/3119/3059 2725/3133/3073
f 2725/3133/3073 2698/3119/3059 2724/3120/3060
f 2725/3133/3073 2724/3120/3060 2751/3134/3074
f 2751/3134/3074 2724/3120/3060 2750/3121/3061
f 2751/3134/3074 2750/3121/3061 2536/2961/2901
f 2729/3039/2979 2702/3037/2977 2728/2958/2898
f 2728/2958/2898 2702/3037/2977 2701/2956/2896
f 2730/2964/2904 2704/2966/2906 2703/3038/2978
f 2734/2992/2932 2708/2990/2930 2707/3111/3051
f 2734/2992/2932 2707/3111/3051 2733/3112/3052
f 2713/3130/3070 2712/3124/3064 2739/3135/3075
f 2739/3135/3075 2712/3124/3064 2738/3125/3065
f 2739/3135/3075 2738/3125/3065 2552/2928/2868
f 2745/2929/2869 2719/2931/2871 2718/3132/3072
f 2745/2929/2869 2718/3132/3072 2744/2927/2867
f 2744/2927/2867 2718/3132/3072 2717/2925/2865
f 2748/3013/2953 2722/3015/2955 2721/3073/3013
f 2748/3013/2953 2721/3073/3013 2747/3012/2952
f 2699/3127/3067 2725/3133/3073 2726/3128/3068
f 2726/3128/3068 2725/3133/3073 2752/3136/3076
f 2726/3128/3068 2752/3136/3076 2753/3129/3069
f 2753/3129/3069 2752/3136/3076 2536/2961/2901
f 2752/3136/3076 2725/3133/3073 2751/3134/3074
f 2756/2962/2902 2729/3039/2979 2755/2960/2900
f 2755/2960/2900 2729/3039/2979 2728/2958/2898
f 2758/2996/2936 2731/2965/2905 2757/2963/2903
f 2760/2994/2934 2734/2992/2932 2733/3112/3052
f 2760/2994/2934 2733/3112/3052 2759/2995/2935
f 2552/2928/2868 2740/3131/3071 2739/3135/3075
f 2739/3135/3075 2740/3131/3071 2713/3130/3070
f 2536/2961/2901 2752/3136/3076 2751/3134/3074
f 2536/2961/2901 2758/2996/2936 2757/2963/2903
f 2552/3137/2868 2761/3138/3077 2536/3139/2901
f 2536/3139/2901 2761/3138/3077 2537/3140/3078
f 2775/3141/3079 249/3142/3080 2774/3143/3081
f 2774/3143/3081 249/3142/3080 248/3144/3082
f 2774/3143/3081 248/3144/3082 2773/3145/3083
f 2773/3145/3083 248/3144/3082 247/3146/3084
f 2773/3145/3083 247/3146/3084 2772/3147/3085
f 2772/3147/3085 247/3146/3084 246/3148/3086
f 2772/3147/3085 246/3148/3086 2771/3149/3087
f 2771/3149/3087 246/3148/3086 245/3150/3088
f 2771/3149/3087 245/3150/3088 2770/3151/3089
f 2770/3151/3089 245/3150/3088 244/3152/3090
f 2770/3151/3089 244/3152/3090 2769/3153/3091
f 2769/3153/3091 244/3152/3090 243/3154/3092
f 2769/3153/3091 243/3154/3092 2768/3155/3093
f 2768/3155/3093 243/3154/3092 242/3156/3094
f 2768/3155/3093 242/3156/3094 2767/3157/3095
f 2767/3157/3095 242/3156/3094 241/3158/3096
f 2767/3157/3095 241/3158/3096 2766/3159/3097
f 2766/3159/3097 241/3158/3096 240/3160/3098
f 2766/3159/3097 240/3160/3098 2765/3161/3099
f 2765/3161/3099 240/3160/3098 239/3162/3100
f 2765/3161/3099 239/3162/3100 2764/3163/3101
f 2764/3163/3101 239/3162/3100 238/3164/3102
f 2764/3163/3101 238/3164/3102 2763/3165/3103
f 2763/3165/3103 238/3164/3102 237/3166/3104
f 2763/3165/3103 237/3166/3104 2762/3167/3105
f 2762/3167/3105 237/3166/3104 236/3168/3106
f 2762/3169/3105 236/3170/3106 354/3171/3107
f 354/3171/3107 236/3170/3106 235/3172/3108
f 2789/3173/3109 263/3174/3110 2788/3175/3111
f 2788/3175/3111 263/3174/3110 262/3176/3112
f 2788/3175/3111 262/3176/3112 2787/3177/3113
f 2787/3177/3113 262/3176/3112 261/3178/3114
f 2787/3177/3113 261/3178/3114 2786/3179/3115
f 2786/3179/3115 261/3178/3114 260/3180/3116
f 2786/3179/3115 260/3180/3116 2785/3181/3117
f 2785/3181/3117 260/3180/3116 259/3182/3118
f 2785/3181/3117 259/3182/3118 2784/3183/3119
f 2784/3183/3119 259/3182/3118 258/3184/3120
f 2784/3183/3119 258/3184/3120 2783/3185/3121
f 2783/3185/3121 258/3184/3120 257/3186/3122
f 2783/3185/3121 257/3186/3122 2782/3187/3123
f 2782/3187/3123 257/3186/3122 256/3188/3124
f 2782/3187/3123 256/3188/3124 2781/3189/3125
f 2781/3189/3125 256/3188/3124 255/3190/3126
f 2781/3189/3125 255/3190/3126 2780/3191/3127
f 2780/3191/3127 255/3190/3126 254/3192/3128
f 2780/3191/3127 254/3192/3128 2779/3193/3129
f 2779/3193/3129 254/3192/3128 253/3194/3130
f 2779/3193/3129 253/3194/3130 2778/3195/3131
f 2778/3195/3131 253/3194/3130 252/3196/3132
f 2778/3195/3131 252/3196/3132 2777/3197/3133
f 2777/3197/3133 252/3196/3132 251/3198/3134
f 2777/3197/3133 251/3198/3134 2776/3199/3135
f 2776/3199/3135 251/3198/3134 250/3200/3136
f 2776/3201/3135 250/3202/3136 396/3203/3137
f 396/3203/3137 250/3202/3136 1208/3204/3138
f 396/3203/3137 1208/3204/3138 1207/3205/3139
f 1208/3204/3138 250/3202/3136 1384/3206/3140
f 1384/3206/3140 250/3202/3136 249/3207/3080
f 1384/3206/3140 249/3207/3080 766/3208/3141
f 766/3208/3141 249/3207/3080 2775/3209/3079
f 806/3210/3142 1422/3211/3143 766/3208/3141
f 766/3208/3141 1422/3211/3143 1421/3212/3144
f 766/3208/3141 1421/3212/3144 1420/3213/3145
f 805/3214/3146 1426/3215/3147 806/3210/3142
f 806/3210/3142 1426/3215/3147 1425/3216/3148
f 806/3210/3142 1425/3216/3148 1424/3217/3149
f 804/3218/3150 1429/3219/3151 805/3214/3146
f 805/3214/3146 1429/3219/3151 1428/3220/3152
f 805/3214/3146 1428/3220/3152 1427/3221/3153
f 803/3222/3154 1431/3223/3155 804/3218/3150
f 804/3218/3150 1431/3223/3155 1430/3224/3156
f 804/3218/3150 1430/3224/3156 1429/3219/3151
f 1427/3221/3153 1426/3215/3147 805/3214/3146
f 1424/3217/3149 1423/3225/3157 806/3210/3142
f 806/3210/3142 1423/3225/3157 1422/3211/3143
f 1420/3213/3145 1419/3226/3158 766/3208/3141
f 766/3208/3141 1419/3226/3158 1418/3227/3159
f 766/3208/3141 1418/3227/3159 1417/3228/3160
f 1417/3228/3160 1384/3206/3140 766/3208/3141
f 1207/3205/3139 1206/3229/3161 396/3203/3137
f 396/3203/3137 1206/3229/3161 1205/3230/3162
f 396/3203/3137 1205/3230/3162 1204/3231/3163
f 1204/3231/3163 1203/3232/3164 396/3203/3137
f 396/3203/3137 1203/3232/3164 1202/3233/3165
f 396/3203/3137 1202/3233/3165 397/3234/3166
f 397/3234/3166 1202/3233/3165 1201/3235/3167
f 397/3234/3166 1201/3235/3167 1200/3236/3168
f 1200/3236/3168 1199/3237/3169 397/3234/3166
f 397/3234/3166 1199/3237/3169 1198/3238/3170
f 397/3234/3166 1198/3238/3170 398/3239/3171
f 398/3239/3171 1198/3238/3170 1197/3240/3172
f 398/3239/3171 1197/3240/3172 1196/3241/3173
f 1196/3241/3173 1195/3242/3174 398/3239/3171
f 398/3239/3171 1195/3242/3174 399/3243/3175
f 399/3243/3175 1195/3242/3174 1194/3244/3176
f 399/3243/3175 1194/3244/3176 1193/3245/3177
f 1193/3245/3177 356/3246/3178 399/3243/3175
f 2790/3247/3179 2791/3248/3180 303/3249/3181
f 303/3249/3181 2791/3248/3180 304/3250/3182
f 304/3251/3182 2791/3252/3180 305/3253/3183
f 305/3253/3183 2791/3252/3180 2792/3254/3184
f 305/3253/3183 2792/3254/3184 306/3255/3185
f 306/3255/3185 2792/3254/3184 2793/3256/3186
f 306/3255/3185 2793/3256/3186 307/3257/3187
f 307/3257/3187 2793/3256/3186 2794/3258/3188
f 307/3257/3187 2794/3258/3188 308/3259/3189
f 308/3259/3189 2794/3258/3188 2795/3260/3190
f 308/3259/3189 2795/3260/3190 309/3261/3191
f 309/3261/3191 2795/3260/3190 2796/3262/3192
f 309/3261/3191 2796/3262/3192 310/3263/3193
f 310/3263/3193 2796/3262/3192 2797/3264/3194
f 310/3263/3193 2797/3264/3194 311/3265/3195
f 311/3265/3195 2797/3264/3194 2798/3266/3196
f 311/3265/3195 2798/3266/3196 312/3267/3197
f 312/3267/3197 2798/3266/3196 2799/3268/3198
f 312/3267/3197 2799/3268/3198 313/3269/3199
f 313/3269/3199 2799/3268/3198 2800/3270/3200
f 313/3269/3199 2800/3270/3200 314/3271/3201
f 314/3271/3201 2800/3270/3200 2801/3272/3202
f 314/3271/3201 2801/3272/3202 315/3273/3203
f 315/3273/3203 2801/3272/3202 2802/3274/3204
f 315/3273/3203 2802/3274/3204 316/3275/3205
f 316/3275/3205 2802/3274/3204 2803/3276/3206
f 316/3275/3205 2803/3276/3206 317/3277/3207
f 317/3277/3207 2803/3276/3206 2804/3278/3208
f 317/3277/3207 2804/3278/3208 318/3279/3209
f 318/3279/3209 2804/3278/3208 2805/3280/3210
f 318/3279/3209 2805/3280/3210 319/3281/3211
f 319/3281/3211 2805/3280/3210 2806/3282/3212
f 319/3281/3211 2806/3282/3212 320/3283/3213
f 320/3283/3213 2806/3282/3212 2807/3284/3214
f 320/3283/3213 2807/3284/3214 321/3285/3215
f 321/3285/3215 2807/3284/3214 2808/3286/3216
f 321/3285/3215 2808/3286/3216 322/3287/3217
f 322/3287/3217 2808/3286/3216 2809/3288/3218
f 2809/3289/3218 2810/3290/3219 322/3291/3217
f 322/3291/3217 2810/3290/3219 323/3292/3220
f 323/3293/3220 2810/3294/3219 324/3295/3221
f 324/3295/3221 2810/3294/3219 2811/3296/3222
f 324/3295/3221 2811/3296/3222 325/3297/3223
f 325/3297/3223 2811/3296/3222 2812/3298/3224
f 325/3297/3223 2812/3298/3224 326/3299/3225
f 326/3299/3225 2812/3298/3224 2813/3300/3226
f 326/3299/3225 2813/3300/3226 327/3301/3227
f 327/3301/3227 2813/3300/3226 2814/3302/3228
f 327/3301/3227 2814/3302/3228 328/3303/3229
f 328/3303/3229 2814/3302/3228 2815/3304/3230
f 328/3303/3229 2815/3304/3230 329/3305/3231
f 329/3305/3231 2815/3304/3230 2816/3306/3232
f 329/3305/3231 2816/3306/3232 330/3307/3233
f 330/3307/3233 2816/3306/3232 2817/3308/3234
f 330/3307/3233 2817/3308/3234 331/3309/3235
f 331/3309/3235 2817/3308/3234 2818/3310/3236
f 331/3309/3235 2818/3310/3236 332/3311/3237
f 332/3311/3237 2818/3310/3236 2819/3312/3238
f 332/3311/3237 2819/3312/3238 333/3313/3239
f 333/3313/3239 2819/3312/3238 2820/3314/3240
f 333/3313/3239 2820/3314/3240 334/3315/3241
f 334/3315/3241 2820/3314/3240 2821/3316/3242
f 334/3315/3241 2821/3316/3242 335/3317/3243
f 335/3317/3243 2821/3316/3242 2822/3318/3244
f 335/3317/3243 2822/3318/3244 336/3319/3245
f 336/3319/3245 2822/3318/3244 2823/3320/3246
f 336/3319/3245 2823/3320/3246 337/3321/3247
f 337/3321/3247 2823/3320/3246 2824/3322/3248
f 337/3321/3247 2824/3322/3248 338/3323/3249
f 338/3323/3249 2824/3322/3248 2825/3324/3250
f 338/3323/3249 2825/3324/3250 339/3325/3251
f 339/3325/3251 2825/3324/3250 2826/3326/3252
f 339/3325/3251 2826/3326/3252 340/3327/3253
f 340/3327/3253 2826/3326/3252 2827/3328/3254
f 340/3327/3253 2827/3328/3254 303/3329/3181
f 303/3329/3181 2827/3328/3254 2790/3330/3179
f 221/3331/3255 2828/3332/3256 222/3333/3257
f 222/3333/3257 2828/3332/3256 2829/3334/3258
f 222/3333/3257 2829/3334/3258 223/3335/3259
f 223/3335/3259 2829/3334/3258 2830/3336/3260
f 223/3335/3259 2830/3336/3260 224/3337/3261
f 224/3337/3261 2830/3336/3260 2831/3338/3262
f 224/3337/3261 2831/3338/3262 225/3339/3263
f 225/3339/3263 2831/3338/3262 2832/3340/3264
f 225/3339/3263 2832/3340/3264 226/3341/3265
f 226/3341/3265 2832/3340/3264 2833/3342/3266
f 226/3341/3265 2833/3342/3266 227/3343/3267
f 227/3343/3267 2833/3342/3266 2834/3344/3268
f 227/3343/3267 2834/3344/3268 228/3345/3269
f 228/3345/3269 2834/3344/3268 2835/3346/3270
f 228/3345/3269 2835/3346/3270 229/3347/3271
f 229/3347/3271 2835/3346/3270 2836/3348/3272
f 229/3347/3271 2836/3348/3272 230/3349/3273
f 230/3349/3273 2836/3348/3272 2837/3350/3274
f 230/3349/3273 2837/3350/3274 231/3351/3275
f 231/3351/3275 2837/3350/3274 2838/3352/3276
f 231/3351/3275 2838/3352/3276 232/3353/3277
f 232/3353/3277 2838/3352/3276 2839/3354/3278
f 232/3353/3277 2839/3354/3278 233/3355/3279
f 233/3355/3279 2839/3354/3278 2840/3356/3280
f 233/3355/3279 2840/3356/3280 234/3357/506
f 234/3357/506 2840/3356/3280 342/3358/505
f 207/3359/3281 2841/3360/3282 208/3361/3283
f 208/3361/3283 2841/3360/3282 2842/3362/3284
f 208/3361/3283 2842/3362/3284 209/3363/3285
f 209/3363/3285 2842/3362/3284 2843/3364/3286
f 209/3363/3285 2843/3364/3286 210/3365/3287
f 210/3365/3287 2843/3364/3286 2844/3366/3288
f 210/3365/3287 2844/3366/3288 211/3367/3289
f 211/3367/3289 2844/3366/3288 2845/3368/3290
f 211/3367/3289 2845/3368/3290 212/3369/3291
f 212/3369/3291 2845/3368/3290 2846/3370/3292
f 212/3369/3291 2846/3370/3292 213/3371/3293
f 213/3371/3293 2846/3370/3292 2847/3372/3294
f 213/3371/3293 2847/3372/3294 214/3373/3295
f 214/3373/3295 2847/3372/3294 2848/3374/3296
f 214/3373/3295 2848/3374/3296 215/3375/3297
f 215/3375/3297 2848/3374/3296 2849/3376/3298
f 215/3375/3297 2849/3376/3298 216/3377/3299
f 216/3377/3299 2849/3376/3298 2850/3378/3300
f 216/3377/3299 2850/3378/3300 217/3379/3301
f 217/3379/3301 2850/3378/3300 2851/3380/3302
f 217/3379/3301 2851/3380/3302 218/3381/3303
f 218/3381/3303 2851/3380/3302 2852/3382/3304
f 218/3381/3303 2852/3382/3304 219/3383/3305
f 219/3383/3305 2852/3382/3304 2853/3384/3306
f 219/3383/3305 2853/3384/3306 220/3385/3307
f 220/3385/3307 2853/3384/3306 2854/3386/3308
f 207/3387/3281 206/3388/3309 2841/3389/3282
f 2841/3389/3282 206/3388/3309 2855/3390/3310
f 2828/3391/3256 221/3392/3255 2854/3393/3308
f 2854/3393/3308 221/3392/3255 220/3394/3307
f 354/3395/3311 235/3396/3312 355/3397/3313
f 355/3397/3313 235/3396/3312 264/3398/3314
f 379/3399/3315 378/3400/3316 2776/3401/3317
f 2776/3401/3317 378/3400/3316 520/3402/3318
f 2776/3401/3317 520/3402/3318 519/3403/3319
f 519/3403/3319 518/3404/3320 2776/3401/3317
f 2776/3401/3317 518/3404/3320 517/3405/3321
f 2776/3401/3317 517/3405/3321 516/3406/3322
f 516/3406/3322 515/3407/3323 2776/3401/3317
f 2776/3401/3317 515/3407/3323 1637/3408/3324
f 2776/3401/3317 1637/3408/3324 2856/3409/3325
f 2856/3409/3325 1637/3408/3324 1636/3410/3326
f 2856/3409/3325 1636/3410/3326 1635/3411/3327
f 1635/3411/3327 1634/3412/3328 2856/3409/3325
f 2856/3409/3325 1634/3412/3328 1633/3413/3329
f 2856/3409/3325 1633/3413/3329 1632/3414/3330
f 1632/3414/3330 1631/3415/3331 2856/3409/3325
f 2856/3409/3325 1631/3415/3331 1630/3416/3332
f 2856/3409/3325 1630/3416/3332 1629/3417/3333
f 1629/3417/3333 1628/3418/3334 2856/3409/3325
f 2856/3409/3325 1628/3418/3334 1627/3419/3335
f 2856/3409/3325 1627/3419/3335 1626/3420/3336
f 1626/3420/3336 1625/3421/3337 2856/3409/3325
f 2856/3409/3325 1625/3421/3337 1624/3422/3338
f 2856/3409/3325 1624/3422/3338 1623/3423/3339
f 1623/3423/3339 1622/3424/3340 2856/3409/3325
f 2857/3425/3341 2904/3426/3342 2856/3409/3325
f 2856/3409/3325 2904/3426/3342 2785/3427/3343
f 2856/3409/3325 2785/3427/3343 2784/3428/3344
f 2858/3429/3345 2900/3430/3346 2857/3425/3341
f 2857/3425/3341 2900/3430/3346 2901/3431/3347
f 2857/3425/3341 2901/3431/3347 2902/3432/3348
f 2858/3429/3345 2859/3433/3349 2900/3430/3346
f 2900/3430/3346 2859/3433/3349 2899/3434/3350
f 2899/3434/3350 2859/3433/3349 2860/3435/3351
f 2899/3434/3350 2860/3435/3351 2861/3436/3352
f 2861/3436/3352 2862/3437/3353 2899/3434/3350
f 2899/3434/3350 2862/3437/3353 2898/3438/3354
f 2898/3438/3354 2862/3437/3353 2863/3439/3355
f 2898/3438/3354 2863/3439/3355 2864/3440/3356
f 2864/3440/3356 2865/3441/3357 2898/3438/3354
f 2898/3438/3354 2865/3441/3357 2866/3442/3358
f 2898/3438/3354 2866/3442/3358 2897/3443/3359
f 2897/3443/3359 2866/3442/3358 2867/3444/3360
f 2897/3443/3359 2867/3444/3360 2868/3445/3361
f 2868/3445/3361 2869/3446/3362 2897/3443/3359
f 2897/3443/3359 2869/3446/3362 2870/3447/3363
f 2897/3443/3359 2870/3447/3363 2896/3448/3364
f 2896/3448/3364 2870/3447/3363 2895/3449/3365
f 2895/3449/3365 2870/3447/3363 2871/3450/3366
f 2895/3449/3365 2871/3450/3366 2894/3451/3367
f 2894/3451/3367 2871/3450/3366 2893/3452/3368
f 2893/3452/3368 2871/3450/3366 2872/3453/3369
f 2893/3452/3368 2872/3453/3369 2873/3454/3370
f 2873/3454/3370 2874/3455/3371 2893/3452/3368
f 2893/3452/3368 2874/3455/3371 2875/3456/3372
f 2893/3452/3368 2875/3456/3372 2892/3457/3373
f 2892/3457/3373 2875/3456/3372 2876/3458/3374
f 2892/3457/3373 2876/3458/3374 2877/3459/3375
f 2877/3459/3375 2878/3460/3376 2892/3457/3373
f 2892/3457/3373 2878/3460/3376 2879/3461/3377
f 2892/3457/3373 2879/3461/3377 2891/3462/3378
f 2891/3462/3378 2879/3461/3377 2880/3463/3379
f 2891/3462/3378 2880/3463/3379 2881/3464/3380
f 2881/3464/3380 2882/3465/3381 2891/3462/3378
f 2891/3462/3378 2882/3465/3381 2890/3466/3382
f 2890/3466/3382 2882/3465/3381 2883/3467/3383
f 2890/3466/3382 2883/3467/3383 2884/3468/3384
f 344/3469/3385 2885/3470/3386 2884/3468/3384
f 2884/3468/3384 2885/3470/3386 2886/3471/3387
f 2884/3468/3384 2886/3471/3387 2887/3472/3388
f 355/3473/3389 2914/3474/3390 344/3469/3385
f 344/3469/3385 2914/3474/3390 2915/3475/3391
f 344/3469/3385 2915/3475/3391 2916/3476/3392
f 2789/3477/3393 2905/3478/3394 355/3473/3389
f 355/3473/3389 2905/3478/3394 2906/3479/3395
f 355/3473/3389 2906/3479/3395 2907/3480/3396
f 2789/3477/3393 2788/3481/3397 2905/3478/3394
f 2905/3478/3394 2788/3481/3397 2787/3482/3398
f 2905/3478/3394 2787/3482/3398 2904/3426/3342
f 2904/3426/3342 2787/3482/3398 2786/3483/3399
f 2904/3426/3342 2786/3483/3399 2785/3427/3343
f 2784/3428/3344 2783/3484/3400 2856/3409/3325
f 2856/3409/3325 2783/3484/3400 2782/3485/3401
f 2856/3409/3325 2782/3485/3401 2781/3486/3402
f 2781/3486/3402 2780/3487/3403 2856/3409/3325
f 2856/3409/3325 2780/3487/3403 2779/3488/3404
f 2856/3409/3325 2779/3488/3404 2778/3489/3405
f 2778/3489/3405 2777/3490/3406 2856/3409/3325
f 2856/3409/3325 2777/3490/3406 2776/3401/3317
f 396/3491/3407 395/3492/3408 2776/3401/3317
f 2776/3401/3317 395/3492/3408 394/3493/3409
f 2776/3401/3317 394/3493/3409 393/3494/3410
f 393/3494/3410 392/3495/3411 2776/3401/3317
f 2776/3401/3317 392/3495/3411 391/3496/3412
f 2776/3401/3317 391/3496/3412 390/3497/3413
f 390/3497/3413 389/3498/3414 2776/3401/3317
f 2776/3401/3317 389/3498/3414 388/3499/3415
f 2776/3401/3317 388/3499/3415 387/3500/3416
f 387/3500/3416 386/3501/3417 2776/3401/3317
f 2776/3401/3317 386/3501/3417 385/3502/3418
f 2776/3401/3317 385/3502/3418 384/3503/3419
f 384/3503/3419 383/3504/3420 2776/3401/3317
f 2776/3401/3317 383/3504/3420 382/3505/3421
f 2776/3401/3317 382/3505/3421 381/3506/3422
f 381/3506/3422 380/3507/3423 2776/3401/3317
f 2776/3401/3317 380/3507/3423 379/3399/3315
f 2887/3472/3388 2888/3508/3424 2884/3468/3384
f 2884/3468/3384 2888/3508/3424 2889/3509/3425
f 2884/3468/3384 2889/3509/3425 2890/3466/3382
f 2902/3432/3348 2903/3510/3426 2857/3425/3341
f 2857/3425/3341 2903/3510/3426 2904/3426/3342
f 2907/3480/3396 2908/3511/3427 355/3473/3389
f 355/3473/3389 2908/3511/3427 2909/3512/3428
f 355/3473/3389 2909/3512/3428 2910/3513/3429
f 2910/3513/3429 2911/3514/3430 355/3473/3389
f 355/3473/3389 2911/3514/3430 2912/3515/3431
f 355/3473/3389 2912/3515/3431 2913/3516/3432
f 2913/3516/3432 2914/3474/3390 355/3473/3389
f 2916/3476/3392 2917/3517/3433 344/3469/3385
f 344/3469/3385 2917/3517/3433 2918/3518/3434
f 344/3469/3385 2918/3518/3434 2919/3519/3435
f 2919/3519/3435 2920/3520/3436 344/3469/3385
f 344/3469/3385 2920/3520/3436 2921/3521/3437
f 344/3469/3385 2921/3521/3437 2922/3522/3438
f 2922/3522/3438 2885/3470/3386 344/3469/3385
f 41/3523/42 52/3524/41 2810/3525/3439
f 2810/3525/3439 52/3524/41 159/3526/3440
f 2810/3525/3439 159/3526/3440 342/3527/3441
f 2840/3528/3442 2814/3529/3443 342/3527/3441
f 342/3527/3441 2814/3529/3443 2813/3530/3444
f 342/3527/3441 2813/3530/3444 2812/3531/3445
f 2840/3528/3442 2839/3532/3446 2814/3529/3443
f 2814/3529/3443 2839/3532/3446 2815/3533/3447
f 2815/3533/3447 2839/3532/3446 2838/3534/3448
f 2815/3533/3447 2838/3534/3448 2837/3535/3449
f 2837/3535/3449 2836/3536/3450 2815/3533/3447
f 2815/3533/3447 2836/3536/3450 2816/3537/3451
f 2816/3537/3451 2836/3536/3450 2835/3538/3452
f 2816/3537/3451 2835/3538/3452 2834/3539/3453
f 2834/3539/3453 2833/3540/3454 2816/3537/3451
f 2816/3537/3451 2833/3540/3454 2832/3541/3455
f 2816/3537/3451 2832/3541/3455 2817/3542/3456
f 2817/3542/3456 2832/3541/3455 2831/3543/3457
f 2817/3542/3456 2831/3543/3457 2830/3544/3458
f 2830/3544/3458 2829/3545/3459 2817/3542/3456
f 2817/3542/3456 2829/3545/3459 2828/3546/3460
f 2817/3542/3456 2828/3546/3460 2818/3547/3461
f 2818/3547/3461 2828/3546/3460 2819/3548/3462
f 2819/3548/3462 2828/3546/3460 2854/3549/3463
f 2819/3548/3462 2854/3549/3463 2820/3550/3464
f 2820/3550/3464 2854/3549/3463 2821/3551/3465
f 2821/3551/3465 2854/3549/3463 2853/3552/3466
f 2821/3551/3465 2853/3552/3466 2852/3553/3467
f 2852/3553/3467 2851/3554/3468 2821/3551/3465
f 2821/3551/3465 2851/3554/3468 2850/3555/3469
f 2821/3551/3465 2850/3555/3469 2822/3556/3470
f 2822/3556/3470 2850/3555/3469 2849/3557/3471
f 2822/3556/3470 2849/3557/3471 2848/3558/3472
f 2848/3558/3472 2847/3559/3473 2822/3556/3470
f 2822/3556/3470 2847/3559/3473 2846/3560/3474
f 2822/3556/3470 2846/3560/3474 2823/3561/3475
f 2823/3561/3475 2846/3560/3474 2845/3562/3476
f 2823/3561/3475 2845/3562/3476 2844/3563/3477
f 2844/3563/3477 2843/3564/3478 2823/3561/3475
f 2823/3561/3475 2843/3564/3478 2824/3565/3479
f 2824/3565/3479 2843/3564/3478 2842/3566/3480
f 2824/3565/3479 2842/3566/3480 2841/3567/3481
f 2855/3568/3482 2790/3569/3483 2841/3567/3481
f 2841/3567/3481 2790/3569/3483 2827/3570/3484
f 2841/3567/3481 2827/3570/3484 2826/3571/3485
f 1897/3572/3486 1896/3573/3487 2855/3568/3482
f 2855/3568/3482 1896/3573/3487 1895/3574/3488
f 2855/3568/3482 1895/3574/3488 1894/3575/3489
f 1894/3575/3489 1893/3576/3490 2855/3568/3482
f 2855/3568/3482 1893/3576/3490 1892/3577/3491
f 2855/3568/3482 1892/3577/3491 1891/3578/3492
f 1891/3578/3492 1890/3579/3493 2855/3568/3482
f 2855/3568/3482 1890/3579/3493 1889/3580/3494
f 2855/3568/3482 1889/3580/3494 1888/3581/3495
f 1888/3581/3495 1887/3582/3496 2855/3568/3482
f 2855/3568/3482 1887/3582/3496 1886/3583/3497
f 2855/3568/3482 1886/3583/3497 1885/3584/3498
f 1885/3584/3498 1884/3585/3499 2855/3568/3482
f 2855/3568/3482 1884/3585/3499 1883/3586/3500
f 2855/3568/3482 1883/3586/3500 1882/3587/3501
f 2855/3568/3482 1882/3587/3501 2775/3588/3502
f 2775/3588/3502 1882/3587/3501 909/3589/3503
f 2775/3588/3502 909/3589/3503 908/3590/3504
f 908/3590/3504 907/3591/3505 2775/3588/3502
f 2775/3588/3502 907/3591/3505 906/3592/3506
f 2775/3588/3502 906/3592/3506 905/3593/3507
f 905/3593/3507 904/3594/3508 2775/3588/3502
f 2775/3588/3502 904/3594/3508 781/3595/3509
f 2775/3588/3502 781/3595/3509 780/3596/3510
f 780/3596/3510 779/3597/3511 2775/3588/3502
f 2775/3588/3502 779/3597/3511 778/3598/3512
f 2775/3588/3502 778/3598/3512 777/3599/3513
f 777/3599/3513 776/3600/3514 2775/3588/3502
f 2775/3588/3502 776/3600/3514 775/3601/3515
f 2775/3588/3502 775/3601/3515 774/3602/3516
f 774/3602/3516 773/3603/3517 2775/3588/3502
f 2775/3588/3502 773/3603/3517 772/3604/3518
f 2775/3588/3502 772/3604/3518 771/3605/3519
f 771/3605/3519 770/3606/3520 2775/3588/3502
f 2775/3588/3502 770/3606/3520 769/3607/3521
f 2775/3588/3502 769/3607/3521 768/3608/3522
f 768/3608/3522 767/3609/3523 2775/3588/3502
f 2775/3588/3502 767/3609/3523 766/3610/3524
f 2775/3588/3502 2774/3611/3525 2855/3568/3482
f 2855/3568/3482 2774/3611/3525 2773/3612/3526
f 2855/3568/3482 2773/3612/3526 2772/3613/3527
f 2772/3613/3527 2771/3614/3528 2855/3568/3482
f 2855/3568/3482 2771/3614/3528 2770/3615/3529
f 2855/3568/3482 2770/3615/3529 2769/3616/3530
f 2769/3616/3530 2768/3617/3531 2855/3568/3482
f 2855/3568/3482 2768/3617/3531 2767/3618/3532
f 2855/3568/3482 2767/3618/3532 2766/3619/3533
f 2855/3568/3482 2766/3619/3533 2790/3569/3483
f 2790/3569/3483 2766/3619/3533 2765/3620/3534
f 2790/3569/3483 2765/3620/3534 2764/3621/3535
f 2790/3569/3483 2764/3621/3535 2791/3622/3536
f 2791/3622/3536 2764/3621/3535 2763/3623/3537
f 2791/3622/3536 2763/3623/3537 2762/3624/3538
f 2762/3624/3538 354/3625/3539 2791/3622/3536
f 2791/3622/3536 354/3625/3539 2792/3626/3540
f 2792/3626/3540 354/3625/3539 2793/3627/3541
f 2793/3627/3541 354/3625/3539 2794/3628/3542
f 2794/3628/3542 354/3625/3539 2795/3629/3543
f 2795/3629/3543 354/3625/3539 2796/3630/3544
f 2796/3630/3544 354/3625/3539 2797/3631/3545
f 2797/3631/3545 354/3625/3539 2798/3632/3546
f 2798/3632/3546 354/3625/3539 2799/3633/3547
f 2799/3633/3547 354/3625/3539 2800/3634/3548
f 2800/3634/3548 354/3625/3539 341/3635/3549
f 2800/3634/3548 341/3635/3549 2801/3636/3550
f 2801/3636/3550 341/3635/3549 2802/3637/3551
f 2802/3637/3551 341/3635/3549 2803/3638/3552
f 2803/3638/3552 341/3635/3549 2804/3639/3553
f 2804/3639/3553 341/3635/3549 2805/3640/3554
f 2805/3640/3554 341/3635/3549 2806/3641/3555
f 2806/3641/3555 341/3635/3549 2807/3642/3556
f 2807/3642/3556 341/3635/3549 2808/3643/3557
f 2808/3643/3557 341/3635/3549 2809/3644/3558
f 2809/3644/3558 341/3635/3549 81/3645/3559
f 2809/3644/3558 81/3645/3559 41/3523/42
f 2809/3644/3558 41/3523/42 2810/3525/3439
f 2826/3571/3485 2825/3646/3560 2841/3567/3481
f 2841/3567/3481 2825/3646/3560 2824/3565/3479
f 2812/3531/3445 2811/3647/3561 342/3527/3441
f 342/3527/3441 2811/3647/3561 2810/3525/3439
f 191/3648/3562 2870/3649/3563 192/3650/3564
f 192/3650/3564 2870/3649/3563 2869/3651/3565
f 192/3650/3564 2869/3651/3565 193/3652/3566
f 193/3652/3566 2869/3651/3565 2868/3653/3567
f 193/3652/3566 2868/3653/3567 194/3654/3568
f 194/3654/3568 2868/3653/3567 2867/3655/3569
f 194/3654/3568 2867/3655/3569 195/3656/3570
f 195/3656/3570 2867/3655/3569 2866/3657/3571
f 195/3656/3570 2866/3657/3571 196/3658/3572
f 196/3658/3572 2866/3657/3571 2865/3659/3573
f 196/3658/3572 2865/3659/3573 197/3660/3574
f 197/3660/3574 2865/3659/3573 2864/3661/3575
f 197/3660/3574 2864/3661/3575 198/3662/3576
f 198/3662/3576 2864/3661/3575 2863/3663/3577
f 198/3662/3576 2863/3663/3577 199/3664/3578
f 199/3664/3578 2863/3663/3577 2862/3665/3579
f 199/3664/3578 2862/3665/3579 200/3666/3580
f 200/3666/3580 2862/3665/3579 2861/3667/3581
f 200/3666/3580 2861/3667/3581 201/3668/3582
f 201/3668/3582 2861/3667/3581 2860/3669/3583
f 201/3668/3582 2860/3669/3583 202/3670/3584
f 202/3670/3584 2860/3669/3583 2859/3671/3585
f 202/3670/3584 2859/3671/3585 203/3672/3586
f 203/3672/3586 2859/3671/3585 2858/3673/3587
f 203/3672/3586 2858/3673/3587 204/3674/3588
f 204/3674/3588 2858/3673/3587 2857/3675/3589
f 177/3676/3590 2884/3677/3591 178/3678/3592
f 178/3678/3592 2884/3677/3591 2883/3679/3593
f 178/3678/3592 2883/3679/3593 179/3680/3594
f 179/3680/3594 2883/3679/3593 2882/3681/3595
f 179/3680/3594 2882/3681/3595 180/3682/3596
f 180/3682/3596 2882/3681/3595 2881/3683/3597
f 180/3682/3596 2881/3683/3597 181/3684/3598
f 181/3684/3598 2881/3683/3597 2880/3685/3599
f 181/3684/3598 2880/3685/3599 182/3686/3600
f 182/3686/3600 2880/3685/3599 2879/3687/3601
f 182/3686/3600 2879/3687/3601 183/3688/3602
f 183/3688/3602 2879/3687/3601 2878/3689/3603
f 183/3688/3602 2878/3689/3603 184/3690/3604
f 184/3690/3604 2878/3689/3603 2877/3691/3605
f 184/3690/3604 2877/3691/3605 185/3692/3606
f 185/3692/3606 2877/3691/3605 2876/3693/3607
f 185/3692/3606 2876/3693/3607 186/3694/3608
f 186/3694/3608 2876/3693/3607 2875/3695/3609
f 186/3694/3608 2875/3695/3609 187/3696/3610
f 187/3696/3610 2875/3695/3609 2874/3697/3611
f 187/3696/3610 2874/3697/3611 188/3698/3612
f 188/3698/3612 2874/3697/3611 2873/3699/3613
f 188/3698/3612 2873/3699/3613 189/3700/3614
f 189/3700/3614 2873/3699/3613 2872/3701/3615
f 189/3700/3614 2872/3701/3615 190/3702/3616
f 190/3702/3616 2872/3701/3615 2871/3703/3617
f 2886/3704/3618 2885/3705/3619 265/3706/3620
f 265/3706/3620 2885/3705/3619 266/3707/3621
f 266/3708/3621 2885/3709/3619 267/3710/3622
f 267/3710/3622 2885/3709/3619 2922/3711/3623
f 267/3710/3622 2922/3711/3623 268/3712/3624
f 268/3712/3624 2922/3711/3623 2921/3713/3625
f 268/3712/3624 2921/3713/3625 269/3714/3626
f 269/3714/3626 2921/3713/3625 2920/3715/3627
f 269/3714/3626 2920/3715/3627 270/3716/3628
f 270/3716/3628 2920/3715/3627 2919/3717/3629
f 270/3716/3628 2919/3717/3629 271/3718/3630
f 271/3718/3630 2919/3717/3629 2918/3719/3631
f 271/3718/3630 2918/3719/3631 272/3720/3632
f 272/3720/3632 2918/3719/3631 2917/3721/3633
f 272/3720/3632 2917/3721/3633 273/3722/3634
f 273/3722/3634 2917/3721/3633 2916/3723/3635
f 273/3722/3634 2916/3723/3635 274/3724/3636
f 274/3724/3636 2916/3723/3635 2915/3725/3637
f 274/3724/3636 2915/3725/3637 275/3726/3638
f 275/3726/3638 2915/3725/3637 2914/3727/3639
f 275/3726/3638 2914/3727/3639 276/3728/3640
f 276/3728/3640 2914/3727/3639 2913/3729/3641
f 276/3728/3640 2913/3729/3641 277/3730/3642
f 277/3730/3642 2913/3729/3641 2912/3731/3643
f 277/3730/3642 2912/3731/3643 278/3732/3644
f 278/3732/3644 2912/3731/3643 2911/3733/3645
f 278/3732/3644 2911/3733/3645 279/3734/3646
f 279/3734/3646 2911/3733/3645 2910/3735/3647
f 279/3734/3646 2910/3735/3647 280/3736/3648
f 280/3736/3648 2910/3735/3647 2909/3737/3649
f 280/3736/3648 2909/3737/3649 281/3738/3650
f 281/3738/3650 2909/3737/3649 2908/3739/3651
f 281/3738/3650 2908/3739/3651 282/3740/3652
f 282/3740/3652 2908/3739/3651 2907/3741/3653
f 282/3740/3652 2907/3741/3653 283/3742/3654
f 283/3742/3654 2907/3741/3653 2906/3743/3655
f 283/3742/3654 2906/3743/3655 284/3744/3656
f 284/3744/3656 2906/3743/3655 2905/3745/3657
f 2905/3746/3657 2904/3747/3658 284/3748/3656
f 284/3748/3656 2904/3747/3658 285/3749/3659
f 285/3750/3659 2904/3751/3658 286/3752/3660
f 286/3752/3660 2904/3751/3658 2903/3753/3661
f 286/3752/3660 2903/3753/3661 287/3754/3662
f 287/3754/3662 2903/3753/3661 2902/3755/3663
f 287/3754/3662 2902/3755/3663 288/3756/3664
f 288/3756/3664 2902/3755/3663 2901/3757/3665
f 288/3756/3664 2901/3757/3665 289/3758/3666
f 289/3758/3666 2901/3757/3665 2900/3759/3667
f 289/3758/3666 2900/3759/3667 290/3760/3668
f 290/3760/3668 2900/3759/3667 2899/3761/3669
f 290/3760/3668 2899/3761/3669 291/3762/3670
f 291/3762/3670 2899/3761/3669 2898/3763/3671
f 291/3762/3670 2898/3763/3671 292/3764/3672
f 292/3764/3672 2898/3763/3671 2897/3765/3673
f 292/3764/3672 2897/3765/3673 293/3766/3674
f 293/3766/3674 2897/3765/3673 2896/3767/3675
f 293/3766/3674 2896/3767/3675 294/3768/3676
f 294/3768/3676 2896/3767/3675 2895/3769/3677
f 294/3768/3676 2895/3769/3677 295/3770/3678
f 295/3770/3678 2895/3769/3677 2894/3771/3679
f 295/3770/3678 2894/3771/3679 296/3772/3680
f 296/3772/3680 2894/3771/3679 2893/3773/3681
f 296/3772/3680 2893/3773/3681 297/3774/3682
f 297/3774/3682 2893/3773/3681 2892/3775/3683
f 297/3774/3682 2892/3775/3683 298/3776/3684
f 298/3776/3684 2892/3775/3683 2891/3777/3685
f 298/3776/3684 2891/3777/3685 299/3778/3686
f 299/3778/3686 2891/3777/3685 2890/3779/3687
f 299/3778/3686 2890/3779/3687 300/3780/3688
f 300/3780/3688 2890/3779/3687 2889/3781/3689
f 300/3780/3688 2889/3781/3689 301/3782/3690
f 301/3782/3690 2889/3781/3689 2888/3783/3691
f 301/3782/3690 2888/3783/3691 302/3784/3692
f 302/3784/3692 2888/3783/3691 2887/3785/3693
f 302/3784/3692 2887/3785/3693 265/3786/3620
f 265/3786/3620 2887/3785/3693 2886/3787/3618
f 204/3788/3588 2857/3789/3589 205/3790/3694
f 205/3790/3694 2857/3789/3589 2856/3791/3695
f 2884/3792/3591 177/3793/3590 344/3794/3696
f 344/3794/3696 177/3793/3590 176/3795/3697
f 2870/3796/3563 191/3797/3562 2871/3798/3617
f 2871/3798/3617 191/3797/3562 190/3799/3616
f 2855/3800/3698 206/3801/3699 1897/3802/3700
f 1897/3802/3700 206/3801/3699 205/3803/3701
f 1897/3802/3700 205/3803/3701 1622/3804/3702
f 1622/3804/3702 205/3803/3701 2856/3805/3703
f 2789/3806/3109 355/3807/3704 263/3808/3110
f 263/3808/3110 355/3807/3704 264/3809/3705
f 171/3810/3706 2923/3811/3707 172/3812/3708
f 172/3812/3708 2923/3811/3707 2947/3813/3709
f 172/3812/3708 2947/3813/3709 2948/3814/3710
f 2923/3811/3707 2924/3815/3711 2947/3813/3709
f 2947/3813/3709 2924/3815/3711 2925/3816/3712
f 2947/3813/3709 2925/3816/3712 2926/3817/3713
f 2947/3813/3709 2926/3817/3713 2946/3818/3714
f 2946/3818/3714 2926/3817/3713 2927/3819/3715
f 2946/3818/3714 2927/3819/3715 2928/3820/3716
f 2946/3818/3714 2928/3820/3716 2945/3821/3717
f 2945/3821/3717 2928/3820/3716 2929/3822/3718
f 2945/3821/3717 2929/3822/3718 2944/3823/3719
f 2944/3823/3719 2929/3822/3718 2930/3824/3720
f 2944/3823/3719 2930/3824/3720 2943/3825/3721
f 2943/3825/3721 2930/3824/3720 2931/3826/3722
f 2943/3825/3721 2931/3826/3722 2942/3827/3723
f 2942/3827/3723 2931/3826/3722 2932/3828/3724
f 2942/3827/3723 2932/3828/3724 2941/3829/3725
f 2941/3829/3725 2932/3828/3724 2933/3830/3726
f 2941/3829/3725 2933/3830/3726 2940/3831/3727
f 2940/3831/3727 2933/3830/3726 2934/3832/3728
f 2940/3831/3727 2934/3832/3728 2939/3833/3729
f 2939/3833/3729 2934/3832/3728 2935/3834/3730
f 2939/3833/3729 2935/3834/3730 2938/3835/3731
f 2938/3835/3731 2935/3834/3730 2936/3836/3732
f 2938/3835/3731 2936/3836/3732 2937/3837/3733
f 2948/3814/3710 2949/3838/3734 172/3812/3708
f 172/3812/3708 2949/3838/3734 2950/3839/3735
f 172/3812/3708 2950/3839/3735 2951/3840/3736
f 165/3841/3737 2952/3842/3738 166/3843/3739
f 166/3843/3739 2952/3842/3738 2976/3844/3740
f 166/3843/3739 2976/3844/3740 2977/3845/3741
f 2952/3842/3738 2953/3846/3742 2976/3844/3740
f 2976/3844/3740 2953/3846/3742 2954/3847/3743
f 2976/3844/3740 2954/3847/3743 2955/3848/3744
f 2976/3844/3740 2955/3848/3744 2975/3849/3745
f 2975/3849/3745 2955/3848/3744 2956/3850/3746
f 2975/3849/3745 2956/3850/3746 2957/3851/3747
f 2975/3849/3745 2957/3851/3747 2974/3852/3748
f 2974/3852/3748 2957/3851/3747 2958/3853/3749
f 2974/3852/3748 2958/3853/3749 2973/3854/3750
f 2973/3854/3750 2958/3853/3749 2959/3855/3751
f 2973/3854/3750 2959/3855/3751 2972/3856/3752
f 2972/3856/3752 2959/3855/3751 2960/3857/3753
f 2972/3856/3752 2960/3857/3753 2971/3858/3754
f 2971/3858/3754 2960/3857/3753 2961/3859/3755
f 2971/3858/3754 2961/3859/3755 2970/3860/3756
f 2970/3860/3756 2961/3859/3755 2962/3861/3757
f 2970/3860/3756 2962/3861/3757 2969/3862/3758
f 2969/3862/3758 2962/3861/3757 2963/3863/3759
f 2969/3862/3758 2963/3863/3759 2968/3864/3760
f 2968/3864/3760 2963/3863/3759 2964/3865/3761
f 2968/3864/3760 2964/3865/3761 2967/3866/3762
f 2967/3866/3762 2964/3865/3761 2965/3867/3763
f 2967/3866/3762 2965/3867/3763 2966/3868/3764
f 2977/3845/3741 2978/3869/3765 166/3843/3739
f 166/3843/3739 2978/3869/3765 2979/3870/3766
f 166/3843/3739 2979/3870/3766 2980/3871/3767
f 174/3872/3768 173/3873/3769 345/3874/3770
f 345/3874/3770 173/3873/3769 346/3875/3771
f 168/3876/3772 167/3877/3773 349/3878/3774
f 349/3878/3774 167/3877/3773 350/3879/3775
f 163/3880/3776 352/3881/3777 164/3882/3778
f 164/3882/3778 352/3881/3777 351/3883/3779
f 169/3884/3780 348/3885/3781 170/3886/3782
f 170/3886/3782 348/3885/3781 347/3887/3783
f 502/3888/3784 2981/3889/3785 1638/3890/3786
f 1638/3890/3786 2981/3889/3785 1639/3891/3787
f 1639/3891/3787 2981/3889/3785 1640/3892/3788
f 1640/3892/3788 2981/3889/3785 1641/3893/3789
f 1641/3893/3789 2981/3889/3785 1642/3894/3790
f 1642/3894/3790 2981/3889/3785 1643/3895/3791
f 1643/3895/3791 2981/3889/3785 1644/3896/3792
f 1644/3896/3792 2981/3889/3785 1645/3897/3793
f 1645/3897/3793 2981/3889/3785 1646/3898/3794
f 1646/3898/3794 2981/3889/3785 1602/3899/3795
f 1602/3899/3795 2981/3889/3785 3135/3900/3796
f 1602/3899/3795 3135/3900/3796 1873/3901/3797
f 1873/3901/3797 3135/3900/3796 1874/3902/3798
f 1874/3902/3798 3135/3900/3796 1875/3903/3799
f 1875/3903/3799 3135/3900/3796 1876/3904/3800
f 1876/3904/3800 3135/3900/3796 1877/3905/3801
f 1877/3905/3801 3135/3900/3796 1878/3906/3802
f 1878/3906/3802 3135/3900/3796 1879/3907/3803
f 1879/3907/3803 3135/3900/3796 1880/3908/3804
f 1880/3908/3804 3135/3900/3796 1881/3909/3805
f 1881/3909/3805 3135/3900/3796 922/3910/3806
f 3135/3900/3796 2981/3889/3785 3134/3911/3807
f 3134/3911/3807 2981/3889/3785 2982/3912/3808
f 3134/3911/3807 2982/3912/3808 3133/3913/3809
f 3133/3913/3809 2982/3912/3808 2983/3914/3810
f 3133/3913/3809 2983/3914/3810 3132/3915/3811
f 3132/3915/3811 2983/3914/3810 2984/3916/3812
f 3132/3915/3811 2984/3916/3812 3131/3917/3813
f 3131/3917/3813 2984/3916/3812 2985/3918/3814
f 3131/3917/3813 2985/3918/3814 3130/3919/3815
f 3130/3919/3815 2985/3918/3814 2986/3920/3816
f 3130/3919/3815 2986/3920/3816 3129/3921/3817
f 3129/3921/3817 2986/3920/3816 2987/3922/3818
f 3129/3921/3817 2987/3922/3818 3128/3923/3819
f 3128/3923/3819 2987/3922/3818 2988/3924/3820
f 3128/3923/3819 2988/3924/3820 3127/3925/3821
f 3127/3925/3821 2988/3924/3820 2989/3926/3822
f 3127/3925/3821 2989/3926/3822 3126/3927/3823
f 3126/3927/3823 2989/3926/3822 2990/3928/3824
f 3126/3927/3823 2990/3928/3824 3147/3929/3825
f 3147/3929/3825 2990/3928/3824 3229/3930/3826
f 3147/3929/3825 3229/3930/3826 3230/3931/3827
f 2990/3928/3824 2991/3932/3828 3229/3930/3826
f 3229/3930/3826 2991/3932/3828 3228/3933/3829
f 3228/3933/3829 2991/3932/3828 3227/3934/3830
f 3227/3934/3830 2991/3932/3828 2992/3935/3831
f 3227/3934/3830 2992/3935/3831 3226/3936/3832
f 3226/3936/3832 2992/3935/3831 2993/3937/3833
f 3226/3936/3832 2993/3937/3833 2994/3938/3834
f 2994/3938/3834 2995/3939/3835 3226/3936/3832
f 3226/3936/3832 2995/3939/3835 2996/3940/3836
f 3226/3936/3832 2996/3940/3836 3225/3941/3837
f 3225/3941/3837 2996/3940/3836 2997/3942/3838
f 3225/3941/3837 2997/3942/3838 2998/3943/3839
f 2998/3943/3839 2999/3944/3840 3225/3941/3837
f 3225/3941/3837 2999/3944/3840 3000/3945/3841
f 3225/3941/3837 3000/3945/3841 3001/3946/3842
f 3001/3946/3842 3002/3947/3843 3225/3941/3837
f 3225/3941/3837 3002/3947/3843 3003/3948/3844
f 3225/3941/3837 3003/3948/3844 3004/3949/3845
f 3004/3949/3845 3005/3950/3846 3225/3941/3837
f 3225/3941/3837 3005/3950/3846 3006/3951/3847
f 3225/3941/3837 3006/3951/3847 3007/3952/3848
f 3007/3952/3848 3008/3953/3849 3225/3941/3837
f 3225/3941/3837 3008/3953/3849 3224/3954/3850
f 3224/3954/3850 3008/3953/3849 3223/3955/3851
f 3223/3955/3851 3008/3953/3849 3222/3956/3852
f 3222/3956/3852 3008/3953/3849 3221/3957/3853
f 3221/3957/3853 3008/3953/3849 3220/3958/3854
f 3220/3958/3854 3008/3953/3849 3219/3959/3855
f 3219/3959/3855 3008/3953/3849 3218/3960/3856
f 3218/3960/3856 3008/3953/3849 3027/3961/3857
f 3218/3960/3856 3027/3961/3857 3217/3962/3858
f 3217/3962/3858 3027/3961/3857 3028/3963/3859
f 3217/3962/3858 3028/3963/3859 3029/3964/3860
f 3009/3965/3861 3020/3966/3862 3008/3953/3849
f 3008/3953/3849 3020/3966/3862 3021/3967/3863
f 3008/3953/3849 3021/3967/3863 3022/3968/3864
f 3020/3966/3862 3009/3965/3861 3019/3969/3865
f 3019/3969/3865 3009/3965/3861 3010/3970/3866
f 3019/3969/3865 3010/3970/3866 3018/3971/3867
f 3018/3971/3867 3010/3970/3866 3011/3972/3868
f 3018/3971/3867 3011/3972/3868 3017/3973/3869
f 3017/3973/3869 3011/3972/3868 3012/3974/3870
f 3017/3973/3869 3012/3974/3870 3016/3975/3871
f 3016/3975/3871 3012/3974/3870 3013/3976/3872
f 3016/3975/3871 3013/3976/3872 3015/3977/3873
f 3015/3977/3873 3013/3976/3872 3014/3978/3874
f 3015/3977/3873 3014/3978/3874 346/3979/3875
f 346/3979/3875 3014/3978/3874 347/3980/3876
f 3022/3968/3864 3023/3981/3877 3008/3953/3849
f 3008/3953/3849 3023/3981/3877 3024/3982/3878
f 3008/3953/3849 3024/3982/3878 3025/3983/3879
f 3025/3983/3879 3026/3984/3880 3008/3953/3849
f 3008/3953/3849 3026/3984/3880 3027/3961/3857
f 3217/3962/3858 3029/3964/3860 3216/3985/3881
f 3216/3985/3881 3029/3964/3860 3030/3986/3882
f 3216/3985/3881 3030/3986/3882 3215/3987/3883
f 3215/3987/3883 3030/3986/3882 3031/3988/3884
f 3215/3987/3883 3031/3988/3884 3214/3989/3885
f 3214/3989/3885 3031/3988/3884 3213/3990/3886
f 3213/3990/3886 3031/3988/3884 3212/3991/3887
f 3212/3991/3887 3031/3988/3884 3211/3992/3888
f 3211/3992/3888 3031/3988/3884 3210/3993/3889
f 3210/3993/3889 3031/3988/3884 3209/3994/3890
f 3209/3994/3890 3031/3988/3884 3208/3995/3891
f 3208/3995/3891 3031/3988/3884 3207/3996/3892
f 3207/3996/3892 3031/3988/3884 3206/3997/3893
f 3206/3997/3893 3031/3988/3884 3032/3998/3894
f 3206/3997/3893 3032/3998/3894 3205/3999/3895
f 3205/3999/3895 3032/3998/3894 3204/4000/3896
f 3204/4000/3896 3032/3998/3894 3203/4001/3897
f 3203/4001/3897 3032/3998/3894 3202/4002/3898
f 3202/4002/3898 3032/3998/3894 3201/4003/3899
f 3201/4003/3899 3032/3998/3894 3200/4004/3900
f 3200/4004/3900 3032/3998/3894 3033/4005/3901
f 3200/4004/3900 3033/4005/3901 3034/4006/3902
f 3034/4006/3902 3035/4007/3903 3200/4004/3900
f 3200/4004/3900 3035/4007/3903 3036/4008/3904
f 3200/4004/3900 3036/4008/3904 3037/4009/3905
f 3037/4009/3905 3038/4010/3906 3200/4004/3900
f 3200/4004/3900 3038/4010/3906 3039/4011/3907
f 3200/4004/3900 3039/4011/3907 2542/4012/3908
f 2542/4012/3908 3039/4011/3907 3040/4013/3909
f 2542/4012/3908 3040/4013/3909 3041/4014/3910
f 3041/4014/3910 3042/4015/3911 2542/4012/3908
f 2542/4012/3908 3042/4015/3911 3043/4016/3912
f 2542/4012/3908 3043/4016/3912 3044/4017/3913
f 3044/4017/3913 3045/4018/3914 2542/4012/3908
f 2542/4012/3908 3045/4018/3914 3046/4019/3915
f 2542/4012/3908 3046/4019/3915 3047/4020/3916
f 345/4021/3917 343/4022/3918 3047/4020/3916
f 3047/4020/3916 343/4022/3918 2542/4012/3908
f 3048/4023/3919 3057/4024/3920 2542/4012/3908
f 2542/4012/3908 3057/4024/3920 3191/4025/3921
f 2542/4012/3908 3191/4025/3921 3192/4026/3922
f 3048/4023/3919 3049/4027/3923 3057/4024/3920
f 3057/4024/3920 3049/4027/3923 3050/4028/3924
f 3057/4024/3920 3050/4028/3924 3051/4029/3925
f 3051/4029/3925 3052/4030/3926 3057/4024/3920
f 3057/4024/3920 3052/4030/3926 3053/4031/3927
f 3057/4024/3920 3053/4031/3927 3054/4032/3928
f 3054/4032/3928 3055/4033/3929 3057/4024/3920
f 3057/4024/3920 3055/4033/3929 3056/4034/3930
f 3058/4035/3931 3137/4036/3932 3057/4024/3920
f 3057/4024/3920 3137/4036/3932 3189/4037/3933
f 3057/4024/3920 3189/4037/3933 3190/4038/3934
f 3059/4039/3935 3060/4040/3936 3058/4035/3931
f 3058/4035/3931 3060/4040/3936 3061/4041/3937
f 3058/4035/3931 3061/4041/3937 3062/4042/3938
f 3062/4042/3938 3063/4043/3939 3058/4035/3931
f 3058/4035/3931 3063/4043/3939 3064/4044/3940
f 3058/4035/3931 3064/4044/3940 3065/4045/3941
f 3065/4045/3941 3066/4046/3942 3058/4035/3931
f 3058/4035/3931 3066/4046/3942 3067/4047/3943
f 3058/4035/3931 3067/4047/3943 3068/4048/3944
f 353/4049/3945 3069/4050/3946 3068/4048/3944
f 3068/4048/3944 3069/4050/3946 3070/4051/3947
f 3068/4048/3944 3070/4051/3947 3071/4052/3948
f 353/4049/3945 352/4053/3949 3069/4050/3946
f 3071/4052/3948 3072/4054/3950 3068/4048/3944
f 3068/4048/3944 3072/4054/3950 3073/4055/3951
f 3068/4048/3944 3073/4055/3951 3074/4056/3952
f 3074/4056/3952 3075/4057/3953 3068/4048/3944
f 3068/4048/3944 3075/4057/3953 3076/4058/3954
f 3068/4048/3944 3076/4058/3954 3077/4059/3955
f 3078/4060/3956 3179/4061/3957 3077/4059/3955
f 3077/4059/3955 3179/4061/3957 3180/4062/3958
f 3077/4059/3955 3180/4062/3958 3068/4048/3944
f 3068/4048/3944 3180/4062/3958 3181/4063/3959
f 3068/4048/3944 3181/4063/3959 3182/4064/3960
f 3079/4065/3961 3176/4066/3962 3078/4060/3956
f 3078/4060/3956 3176/4066/3962 3177/4067/3963
f 3078/4060/3956 3177/4067/3963 3178/4068/3964
f 3080/4069/3965 3174/4070/3966 3079/4065/3961
f 3079/4065/3961 3174/4070/3966 3175/4071/3967
f 3079/4065/3961 3175/4071/3967 3176/4066/3962
f 3174/4070/3966 3080/4069/3965 3173/4072/3968
f 3173/4072/3968 3080/4069/3965 3081/4073/3969
f 3173/4072/3968 3081/4073/3969 3082/4074/3970
f 3082/4074/3970 3083/4075/3971 3173/4072/3968
f 3173/4072/3968 3083/4075/3971 3084/4076/3972
f 3173/4072/3968 3084/4076/3972 3172/4077/3973
f 3172/4077/3973 3084/4076/3972 3085/4078/3974
f 3172/4077/3973 3085/4078/3974 3086/4079/3975
f 3086/4079/3975 3087/4080/3976 3172/4077/3973
f 3172/4077/3973 3087/4080/3976 3088/4081/3977
f 3172/4077/3973 3088/4081/3977 3089/4082/3978
f 3089/4082/3978 3090/4083/3979 3172/4077/3973
f 3172/4077/3973 3090/4083/3979 3091/4084/3980
f 3172/4077/3973 3091/4084/3980 3092/4085/3981
f 3092/4085/3981 3093/4086/3982 3172/4077/3973
f 3172/4077/3973 3093/4086/3982 3094/4087/3983
f 3172/4077/3973 3094/4087/3983 3095/4088/3984
f 3095/4088/3984 3096/4089/3985 3172/4077/3973
f 3172/4077/3973 3096/4089/3985 3171/4090/3986
f 3171/4090/3986 3096/4089/3985 3170/4091/3987
f 3170/4091/3987 3096/4089/3985 3169/4092/3988
f 3169/4092/3988 3096/4089/3985 3168/4093/3989
f 3168/4093/3989 3096/4089/3985 3167/4094/3990
f 3167/4094/3990 3096/4089/3985 3166/4095/3991
f 3166/4095/3991 3096/4089/3985 3165/4096/3992
f 3165/4096/3992 3096/4089/3985 3115/4097/3993
f 3165/4096/3992 3115/4097/3993 3164/4098/3994
f 3164/4098/3994 3115/4097/3993 3116/4099/3995
f 3164/4098/3994 3116/4099/3995 3117/4100/3996
f 3097/4101/3997 3108/4102/3998 3096/4089/3985
f 3096/4089/3985 3108/4102/3998 3109/4103/3999
f 3096/4089/3985 3109/4103/3999 3110/4104/4000
f 3108/4102/3998 3097/4101/3997 3107/4105/4001
f 3107/4105/4001 3097/4101/3997 3098/4106/4002
f 3107/4105/4001 3098/4106/4002 3106/4107/4003
f 3106/4107/4003 3098/4106/4002 3099/4108/4004
f 3106/4107/4003 3099/4108/4004 3105/4109/4005
f 3105/4109/4005 3099/4108/4004 3100/4110/4006
f 3105/4109/4005 3100/4110/4006 3104/4111/4007
f 3104/4111/4007 3100/4110/4006 3101/4112/4008
f 3104/4111/4007 3101/4112/4008 3103/4113/4009
f 3103/4113/4009 3101/4112/4008 3102/4114/4010
f 3103/4113/4009 3102/4114/4010 350/4115/4011
f 350/4115/4011 3102/4114/4010 351/4116/4012
f 3110/4104/4000 3111/4117/4013 3096/4089/3985
f 3096/4089/3985 3111/4117/4013 3112/4118/4014
f 3096/4089/3985 3112/4118/4014 3113/4119/4015
f 3113/4119/4015 3114/4120/4016 3096/4089/3985
f 3096/4089/3985 3114/4120/4016 3115/4097/3993
f 3164/4098/3994 3117/4100/3996 3163/4121/4017
f 3163/4121/4017 3117/4100/3996 3118/4122/4018
f 3163/4121/4017 3118/4122/4018 3162/4123/4019
f 3162/4123/4019 3118/4122/4018 3119/4124/4020
f 3162/4123/4019 3119/4124/4020 3161/4125/4021
f 3161/4125/4021 3119/4124/4020 3160/4126/4022
f 3160/4126/4022 3119/4124/4020 3159/4127/4023
f 3159/4127/4023 3119/4124/4020 3158/4128/4024
f 3158/4128/4024 3119/4124/4020 3157/4129/4025
f 3157/4129/4025 3119/4124/4020 3156/4130/4026
f 3156/4130/4026 3119/4124/4020 3155/4131/4027
f 3155/4131/4027 3119/4124/4020 3154/4132/4028
f 3154/4132/4028 3119/4124/4020 3153/4133/4029
f 3153/4133/4029 3119/4124/4020 3120/4134/4030
f 3153/4133/4029 3120/4134/4030 3152/4135/4031
f 3152/4135/4031 3120/4134/4030 3151/4136/4032
f 3151/4136/4032 3120/4134/4030 3150/4137/4033
f 3150/4137/4033 3120/4134/4030 3149/4138/4034
f 3149/4138/4034 3120/4134/4030 3148/4139/4035
f 3148/4139/4035 3120/4134/4030 3147/3929/3825
f 3147/3929/3825 3120/4134/4030 3121/4140/4036
f 3147/3929/3825 3121/4140/4036 3122/4141/4037
f 3122/4141/4037 3123/4142/4038 3147/3929/3825
f 3147/3929/3825 3123/4142/4038 3124/4143/4039
f 3147/3929/3825 3124/4143/4039 3125/4144/4040
f 3125/4144/4040 3126/3927/3823 3147/3929/3825
f 3188/4145/4041 3136/4146/4042 3058/4035/3931
f 3058/4035/3931 3136/4146/4042 3137/4036/3932
f 3189/4037/3933 3137/4036/3932 3241/4147/4043
f 3241/4147/4043 3137/4036/3932 3138/4148/4044
f 3241/4147/4043 3138/4148/4044 3240/4149/4045
f 3240/4149/4045 3138/4148/4044 3139/4150/4046
f 3240/4149/4045 3139/4150/4046 3239/4151/4047
f 3239/4151/4047 3139/4150/4046 3140/4152/4048
f 3239/4151/4047 3140/4152/4048 3238/4153/4049
f 3238/4153/4049 3140/4152/4048 3141/4154/4050
f 3238/4153/4049 3141/4154/4050 3237/4155/4051
f 3237/4155/4051 3141/4154/4050 3142/4156/4052
f 3237/4155/4051 3142/4156/4052 3236/4157/4053
f 3236/4157/4053 3142/4156/4052 3143/4158/4054
f 3236/4157/4053 3143/4158/4054 3235/4159/4055
f 3235/4159/4055 3143/4158/4054 3144/4160/4056
f 3235/4159/4055 3144/4160/4056 3234/4161/4057
f 3234/4161/4057 3144/4160/4056 3145/4162/4058
f 3234/4161/4057 3145/4162/4058 3233/4163/4059
f 3233/4163/4059 3145/4162/4058 3146/4164/4060
f 3233/4163/4059 3146/4164/4060 3232/4165/4061
f 3232/4165/4061 3146/4164/4060 3147/3929/3825
f 3232/4165/4061 3147/3929/3825 3231/4166/4062
f 3231/4166/4062 3147/3929/3825 3230/3931/3827
f 3178/4068/3964 3179/4061/3957 3078/4060/3956
f 3182/4064/3960 3183/4167/4063 3068/4048/3944
f 3068/4048/3944 3183/4167/4063 3184/4168/4064
f 3068/4048/3944 3184/4168/4064 3185/4169/4065
f 3185/4169/4065 3186/4170/4066 3068/4048/3944
f 3068/4048/3944 3186/4170/4066 3187/4171/4067
f 3068/4048/3944 3187/4171/4067 3058/4035/3931
f 3058/4035/3931 3187/4171/4067 3188/4145/4041
f 3190/4038/3934 3191/4025/3921 3057/4024/3920
f 3192/4026/3922 3193/4172/4068 2542/4012/3908
f 2542/4012/3908 3193/4172/4068 3194/4173/4069
f 2542/4012/3908 3194/4173/4069 3195/4174/4070
f 3195/4174/4070 3196/4175/4071 2542/4012/3908
f 2542/4012/3908 3196/4175/4071 3197/4176/4072
f 2542/4012/3908 3197/4176/4072 3198/4177/4073
f 3198/4177/4073 3199/4178/4074 2542/4012/3908
f 2542/4012/3908 3199/4178/4074 3200/4004/3900
f 3058/4179/4075 3242/4180/4076 3059/4181/4077
f 3059/4181/4077 3242/4180/4076 3243/4182/4078
f 3059/4181/4077 3243/4182/4078 3060/4183/4079
f 3060/4183/4079 3243/4182/4078 3244/4184/4080
f 3060/4183/4079 3244/4184/4080 3061/4185/4081
f 3061/4185/4081 3244/4184/4080 3245/4186/4082
f 3061/4185/4081 3245/4186/4082 3062/4187/4083
f 3062/4187/4083 3245/4186/4082 3246/4188/4084
f 3062/4187/4083 3246/4188/4084 3063/4189/4085
f 3063/4189/4085 3246/4188/4084 3247/4190/4086
f 3063/4189/4085 3247/4190/4086 3064/4191/4087
f 3064/4191/4087 3247/4190/4086 3248/4192/4088
f 3064/4191/4087 3248/4192/4088 3065/4193/4089
f 3065/4193/4089 3248/4192/4088 3249/4194/4090
f 3065/4193/4089 3249/4194/4090 3066/4195/4091
f 3066/4195/4091 3249/4194/4090 3250/4196/4092
f 3066/4195/4091 3250/4196/4092 3067/4197/4093
f 3067/4197/4093 3250/4196/4092 3251/4198/4094
f 3067/4197/4093 3251/4198/4094 3068/4199/4095
f 3068/4199/4095 3251/4198/4094 3252/4200/4096
f 3251/4201/4097 3242/4202/4098 3252/4203/4099
f 3252/4203/4099 3242/4202/4098 3541/4204/4100
f 3252/4203/4099 3541/4204/4100 3542/4205/4101
f 3251/4201/4097 3250/4206/4102 3242/4202/4098
f 3242/4202/4098 3250/4206/4102 3249/4207/4103
f 3242/4202/4098 3249/4207/4103 3248/4208/4104
f 3248/4208/4104 3247/4209/4105 3242/4202/4098
f 3242/4202/4098 3247/4209/4105 3246/4210/4106
f 3242/4202/4098 3246/4210/4106 3245/4211/4107
f 3245/4211/4107 3244/4212/4108 3242/4202/4098
f 3242/4202/4098 3244/4212/4108 3243/4213/4109
f 3253/4214/4110 3534/4215/4111 3242/4202/4098
f 3242/4202/4098 3534/4215/4111 3535/4216/4112
f 3242/4202/4098 3535/4216/4112 3536/4217/4113
f 3254/4218/4114 3255/4219/4115 3253/4214/4110
f 3253/4214/4110 3255/4219/4115 3256/4220/4116
f 3253/4214/4110 3256/4220/4116 3257/4221/4117
f 3257/4221/4117 3258/4222/4118 3253/4214/4110
f 3253/4214/4110 3258/4222/4118 3259/4223/4119
f 3253/4214/4110 3259/4223/4119 3260/4224/4120
f 3260/4224/4120 3261/4225/4121 3253/4214/4110
f 3253/4214/4110 3261/4225/4121 3262/4226/4122
f 3253/4214/4110 3262/4226/4122 2541/4227/4123
f 2540/4228/4124 3444/4229/4125 2541/4227/4123
f 2541/4227/4123 3444/4229/4125 3445/4230/4126
f 2541/4227/4123 3445/4230/4126 3253/4214/4110
f 3253/4214/4110 3445/4230/4126 3446/4231/4127
f 3253/4214/4110 3446/4231/4127 3447/4232/4128
f 3263/4233/4129 3492/4234/4130 2540/4228/4124
f 2540/4228/4124 3492/4234/4130 3383/4235/4131
f 2540/4228/4124 3383/4235/4131 3384/4236/4132
f 3252/4203/4099 3639/4237/4133 3263/4233/4129
f 3263/4233/4129 3639/4237/4133 3640/4238/4134
f 3263/4233/4129 3640/4238/4134 3641/4239/4135
f 3265/4240/4136 3605/4241/4137 3264/4242/4138
f 3264/4242/4138 3605/4241/4137 3606/4243/4139
f 3264/4242/4138 3606/4243/4139 3607/4244/4140
f 3266/4245/4141 3603/4246/4142 3265/4240/4136
f 3265/4240/4136 3603/4246/4142 3604/4247/4143
f 3265/4240/4136 3604/4247/4143 3605/4241/4137
f 3603/4246/4142 3266/4245/4141 3602/4248/4144
f 3602/4248/4144 3266/4245/4141 3267/4249/4145
f 3602/4248/4144 3267/4249/4145 3601/4250/4146
f 3601/4250/4146 3267/4249/4145 3268/4251/4147
f 3601/4250/4146 3268/4251/4147 3600/4252/4148
f 3600/4252/4148 3268/4251/4147 3269/4253/4149
f 3600/4252/4148 3269/4253/4149 3599/4254/4150
f 3599/4254/4150 3269/4253/4149 3270/4255/4151
f 3599/4254/4150 3270/4255/4151 3598/4256/4152
f 3598/4256/4152 3270/4255/4151 3271/4257/4153
f 3598/4256/4152 3271/4257/4153 3597/4258/4154
f 3597/4258/4154 3271/4257/4153 3272/4259/4155
f 3597/4258/4154 3272/4259/4155 3596/4260/4156
f 3596/4260/4156 3272/4259/4155 3505/4261/4157
f 3596/4260/4156 3505/4261/4157 3595/4262/4158
f 3595/4262/4158 3505/4261/4157 3594/4263/4159
f 3594/4263/4159 3505/4261/4157 3593/4264/4160
f 3593/4264/4160 3505/4261/4157 3592/4265/4161
f 3592/4265/4161 3505/4261/4157 3591/4266/4162
f 3591/4266/4162 3505/4261/4157 3590/4267/4163
f 3590/4267/4163 3505/4261/4157 3589/4268/4164
f 3589/4268/4164 3505/4261/4157 3588/4269/4165
f 3588/4269/4165 3505/4261/4157 3506/4270/4166
f 3588/4269/4165 3506/4270/4166 3507/4271/4167
f 3272/4259/4155 3273/4272/4168 3505/4261/4157
f 3505/4261/4157 3273/4272/4168 3370/4273/4169
f 3505/4261/4157 3370/4273/4169 3371/4274/4170
f 3273/4272/4168 3274/4275/4171 3370/4273/4169
f 3370/4273/4169 3274/4275/4171 3275/4276/4172
f 3370/4273/4169 3275/4276/4172 3276/4277/4173
f 3276/4277/4173 3277/4278/4174 3370/4273/4169
f 3370/4273/4169 3277/4278/4174 3278/4279/4175
f 3370/4273/4169 3278/4279/4175 3279/4280/4176
f 3279/4280/4176 3280/4281/4177 3370/4273/4169
f 3370/4273/4169 3280/4281/4177 3281/4282/4178
f 3370/4273/4169 3281/4282/4178 3282/4283/4179
f 3283/4284/4180 3425/4285/4181 3282/4283/4179
f 3282/4283/4179 3425/4285/4181 3369/4286/4182
f 3282/4283/4179 3369/4286/4182 3370/4273/4169
f 3284/4287/4183 3426/4288/4184 3283/4284/4180
f 3283/4284/4180 3426/4288/4184 3412/4289/4185
f 3283/4284/4180 3412/4289/4185 3413/4290/4186
f 3426/4288/4184 3284/4287/4183 3476/4291/4187
f 3476/4291/4187 3284/4287/4183 3285/4292/4188
f 3476/4291/4187 3285/4292/4188 3475/4293/4189
f 3475/4293/4189 3285/4292/4188 3286/4294/4190
f 3475/4293/4189 3286/4294/4190 3474/4295/4191
f 3474/4295/4191 3286/4294/4190 3287/4296/4192
f 3474/4295/4191 3287/4296/4192 3473/4297/4193
f 3473/4297/4193 3287/4296/4192 3288/4298/4194
f 3473/4297/4193 3288/4298/4194 3472/4299/4195
f 3472/4299/4195 3288/4298/4194 3289/4300/4196
f 3472/4299/4195 3289/4300/4196 3471/4301/4197
f 3471/4301/4197 3289/4300/4196 3290/4302/4198
f 3471/4301/4197 3290/4302/4198 3470/4303/4199
f 3470/4303/4199 3290/4302/4198 3291/4304/4200
f 3470/4303/4199 3291/4304/4200 3469/4305/4201
f 3469/4305/4201 3291/4304/4200 3292/4306/4202
f 3469/4305/4201 3292/4306/4202 3468/4307/4203
f 3468/4307/4203 3292/4306/4202 3293/4308/4204
f 3468/4307/4203 3293/4308/4204 3467/4309/4205
f 3467/4309/4205 3293/4308/4204 3294/4310/4206
f 3467/4309/4205 3294/4310/4206 3466/4311/4207
f 3466/4311/4207 3294/4310/4206 3343/4312/4208
f 3466/4311/4207 3343/4312/4208 3344/4313/4209
f 3295/4314/4210 3340/4315/4211 3294/4310/4206
f 3294/4310/4206 3340/4315/4211 3341/4316/4212
f 3294/4310/4206 3341/4316/4212 3342/4317/4213
f 3295/4314/4210 3296/4318/4214 3340/4315/4211
f 3340/4315/4211 3296/4318/4214 3297/4319/4215
f 3340/4315/4211 3297/4319/4215 3339/4320/4216
f 3339/4320/4216 3297/4319/4215 3298/4321/4217
f 3339/4320/4216 3298/4321/4217 3299/4322/4218
f 3339/4320/4216 3299/4322/4218 3338/4323/4219
f 3338/4323/4219 3299/4322/4218 3300/4324/4220
f 3338/4323/4219 3300/4324/4220 3337/4325/4221
f 3337/4325/4221 3300/4324/4220 3336/4326/4222
f 3336/4326/4222 3300/4324/4220 3335/4327/4223
f 3335/4327/4223 3300/4324/4220 3334/4328/4224
f 3334/4328/4224 3300/4324/4220 3301/4329/4225
f 3334/4328/4224 3301/4329/4225 3333/4330/4226
f 3333/4330/4226 3301/4329/4225 3302/4331/4227
f 3333/4330/4226 3302/4331/4227 3332/4332/4228
f 3332/4332/4228 3302/4331/4227 3303/4333/4229
f 3332/4332/4228 3303/4333/4229 3331/4334/4230
f 3331/4334/4230 3303/4333/4229 3304/4335/4231
f 3331/4334/4230 3304/4335/4231 3330/4336/4232
f 3330/4336/4232 3304/4335/4231 3305/4337/4233
f 3330/4336/4232 3305/4337/4233 3329/4338/4234
f 3329/4338/4234 3305/4337/4233 3328/4339/4235
f 3328/4339/4235 3305/4337/4233 3306/4340/4236
f 3328/4339/4235 3306/4340/4236 3327/4341/4237
f 3327/4341/4237 3306/4340/4236 3307/4342/4238
f 3327/4341/4237 3307/4342/4238 3326/4343/4239
f 3326/4343/4239 3307/4342/4238 3578/4344/4240
f 3326/4343/4239 3578/4344/4240 3579/4345/4241
f 3307/4342/4238 3308/4346/4242 3578/4344/4240
f 3578/4344/4240 3308/4346/4242 3615/4347/4243
f 3578/4344/4240 3615/4347/4243 3577/4348/4244
f 3577/4348/4244 3615/4347/4243 3616/4349/4245
f 3577/4348/4244 3616/4349/4245 3576/4350/4246
f 3576/4350/4246 3616/4349/4245 3575/4351/4247
f 3575/4351/4247 3616/4349/4245 3617/4352/4248
f 3575/4351/4247 3617/4352/4248 3574/4353/4249
f 3574/4353/4249 3617/4352/4248 3618/4354/4250
f 3574/4353/4249 3618/4354/4250 3573/4355/4251
f 3573/4355/4251 3618/4354/4250 3619/4356/4252
f 3573/4355/4251 3619/4356/4252 3572/4357/4253
f 3572/4357/4253 3619/4356/4252 3620/4358/4254
f 3572/4357/4253 3620/4358/4254 3621/4359/4255
f 3615/4347/4243 3308/4346/4242 3614/4360/4256
f 3614/4360/4256 3308/4346/4242 3309/4361/4257
f 3614/4360/4256 3309/4361/4257 3613/4362/4258
f 3613/4362/4258 3309/4361/4257 3310/4363/4259
f 3613/4362/4258 3310/4363/4259 3612/4364/4260
f 3612/4364/4260 3310/4363/4259 3311/4365/4261
f 3612/4364/4260 3311/4365/4261 3611/4366/4262
f 3611/4366/4262 3311/4365/4261 3312/4367/4263
f 3611/4366/4262 3312/4367/4263 3610/4368/4264
f 3610/4368/4264 3312/4367/4263 3313/4369/4265
f 3610/4368/4264 3313/4369/4265 3609/4370/4266
f 3609/4370/4266 3313/4369/4265 3314/4371/4267
f 3609/4370/4266 3314/4371/4267 3608/4372/4268
f 3608/4372/4268 3314/4371/4267 3315/4373/4269
f 3608/4372/4268 3315/4373/4269 3607/4244/4140
f 3607/4244/4140 3315/4373/4269 3264/4242/4138
f 3368/4374/4270 3316/4375/4271 3253/4214/4110
f 3253/4214/4110 3316/4375/4271 3317/4376/4272
f 3253/4214/4110 3317/4376/4272 3534/4215/4111
f 3534/4215/4111 3317/4376/4272 3318/4377/4273
f 3534/4215/4111 3318/4377/4273 3586/4378/4274
f 3586/4378/4274 3318/4377/4273 3319/4379/4275
f 3586/4378/4274 3319/4379/4275 3585/4380/4276
f 3585/4380/4276 3319/4379/4275 3320/4381/4277
f 3585/4380/4276 3320/4381/4277 3584/4382/4278
f 3584/4382/4278 3320/4381/4277 3321/4383/4279
f 3584/4382/4278 3321/4383/4279 3583/4384/4280
f 3583/4384/4280 3321/4383/4279 3322/4385/4281
f 3583/4384/4280 3322/4385/4281 3582/4386/4282
f 3582/4386/4282 3322/4385/4281 3323/4387/4283
f 3582/4386/4282 3323/4387/4283 3581/4388/4284
f 3581/4388/4284 3323/4387/4283 3324/4389/4285
f 3581/4388/4284 3324/4389/4285 3580/4390/4286
f 3580/4390/4286 3324/4389/4285 3325/4391/4287
f 3580/4390/4286 3325/4391/4287 3579/4345/4241
f 3579/4345/4241 3325/4391/4287 3326/4343/4239
f 3342/4317/4213 3343/4312/4208 3294/4310/4206
f 3466/4311/4207 3344/4313/4209 3465/4392/4288
f 3465/4392/4288 3344/4313/4209 3345/4393/4289
f 3465/4392/4288 3345/4393/4289 3464/4394/4290
f 3464/4394/4290 3345/4393/4289 3346/4395/4291
f 3464/4394/4290 3346/4395/4291 3463/4396/4292
f 3463/4396/4292 3346/4395/4291 3347/4397/4293
f 3463/4396/4292 3347/4397/4293 3462/4398/4294
f 3462/4398/4294 3347/4397/4293 3348/4399/4295
f 3462/4398/4294 3348/4399/4295 3461/4400/4296
f 3461/4400/4296 3348/4399/4295 3349/4401/4297
f 3461/4400/4296 3349/4401/4297 3350/4402/4298
f 3350/4402/4298 3351/4403/4299 3461/4400/4296
f 3461/4400/4296 3351/4403/4299 3352/4404/4300
f 3461/4400/4296 3352/4404/4300 3353/4405/4301
f 3461/4400/4296 3353/4405/4301 3460/4406/4302
f 3460/4406/4302 3353/4405/4301 3354/4407/4303
f 3460/4406/4302 3354/4407/4303 3355/4408/4304
f 3355/4408/4304 3356/4409/4305 3460/4406/4302
f 3460/4406/4302 3356/4409/4305 3357/4410/4306
f 3460/4406/4302 3357/4410/4306 3358/4411/4307
f 3358/4411/4307 3359/4412/4308 3460/4406/4302
f 3460/4406/4302 3359/4412/4308 3459/4413/4309
f 3459/4413/4309 3359/4412/4308 3458/4414/4310
f 3458/4414/4310 3359/4412/4308 3457/4415/4311
f 3457/4415/4311 3359/4412/4308 3456/4416/4312
f 3456/4416/4312 3359/4412/4308 3455/4417/4313
f 3455/4417/4313 3359/4412/4308 3454/4418/4314
f 3454/4418/4314 3359/4412/4308 3360/4419/4315
f 3454/4418/4314 3360/4419/4315 3453/4420/4316
f 3453/4420/4316 3360/4419/4315 3253/4214/4110
f 3453/4420/4316 3253/4214/4110 3452/4421/4317
f 3452/4421/4317 3253/4214/4110 3451/4422/4318
f 3451/4422/4318 3253/4214/4110 3450/4423/4319
f 3450/4423/4319 3253/4214/4110 3449/4424/4320
f 3449/4424/4320 3253/4214/4110 3448/4425/4321
f 3448/4425/4321 3253/4214/4110 3447/4232/4128
f 3360/4419/4315 3361/4426/4322 3253/4214/4110
f 3253/4214/4110 3361/4426/4322 3362/4427/4323
f 3253/4214/4110 3362/4427/4323 3363/4428/4324
f 3363/4428/4324 3364/4429/4325 3253/4214/4110
f 3253/4214/4110 3364/4429/4325 3365/4430/4326
f 3253/4214/4110 3365/4430/4326 3366/4431/4327
f 3366/4431/4327 3367/4432/4328 3253/4214/4110
f 3253/4214/4110 3367/4432/4328 3368/4374/4270
f 3505/4261/4157 3371/4274/4170 3504/4433/4329
f 3504/4433/4329 3371/4274/4170 3372/4434/4330
f 3504/4433/4329 3372/4434/4330 3503/4435/4331
f 3503/4435/4331 3372/4434/4330 3373/4436/4332
f 3503/4435/4331 3373/4436/4332 3502/4437/4333
f 3502/4437/4333 3373/4436/4332 3374/4438/4334
f 3502/4437/4333 3374/4438/4334 3501/4439/4335
f 3501/4439/4335 3374/4438/4334 3375/4440/4336
f 3501/4439/4335 3375/4440/4336 3500/4441/4337
f 3500/4441/4337 3375/4440/4336 3376/4442/4338
f 3500/4441/4337 3376/4442/4338 3499/4443/4339
f 3499/4443/4339 3376/4442/4338 3377/4444/4340
f 3499/4443/4339 3377/4444/4340 3498/4445/4341
f 3498/4445/4341 3377/4444/4340 3378/4446/4342
f 3498/4445/4341 3378/4446/4342 3497/4447/4343
f 3497/4447/4343 3378/4446/4342 3379/4448/4344
f 3497/4447/4343 3379/4448/4344 3496/4449/4345
f 3496/4449/4345 3379/4448/4344 3380/4450/4346
f 3496/4449/4345 3380/4450/4346 3495/4451/4347
f 3495/4451/4347 3380/4450/4346 3381/4452/4348
f 3495/4451/4347 3381/4452/4348 3494/4453/4349
f 3494/4453/4349 3381/4452/4348 3382/4454/4350
f 3494/4453/4349 3382/4454/4350 3493/4455/4351
f 3493/4455/4351 3382/4454/4350 3383/4235/4131
f 3493/4455/4351 3383/4235/4131 3492/4234/4130
f 3384/4236/4132 3385/4456/4352 2540/4228/4124
f 2540/4228/4124 3385/4456/4352 3386/4457/4353
f 2540/4228/4124 3386/4457/4353 3387/4458/4354
f 3387/4458/4354 3388/4459/4355 2540/4228/4124
f 2540/4228/4124 3388/4459/4355 3389/4460/4356
f 2540/4228/4124 3389/4460/4356 3390/4461/4357
f 3390/4461/4357 3391/4462/4358 2540/4228/4124
f 2540/4228/4124 3391/4462/4358 3392/4463/4359
f 2540/4228/4124 3392/4463/4359 3393/4464/4360
f 3393/4464/4360 3394/4465/4361 2540/4228/4124
f 2540/4228/4124 3394/4465/4361 3438/4466/4362
f 2540/4228/4124 3438/4466/4362 3439/4467/4363
f 3395/4468/4364 3427/4469/4365 3394/4465/4361
f 3394/4465/4361 3427/4469/4365 3428/4470/4366
f 3394/4465/4361 3428/4470/4366 3429/4471/4367
f 3395/4468/4364 3396/4472/4368 3427/4469/4365
f 3427/4469/4365 3396/4472/4368 3397/4473/4369
f 3427/4469/4365 3397/4473/4369 3398/4474/4370
f 3398/4474/4370 3399/4475/4371 3427/4469/4365
f 3427/4469/4365 3399/4475/4371 3426/4288/4184
f 3426/4288/4184 3399/4475/4371 3400/4476/4372
f 3426/4288/4184 3400/4476/4372 3401/4477/4373
f 3401/4477/4373 3402/4478/4374 3426/4288/4184
f 3426/4288/4184 3402/4478/4374 3403/4479/4375
f 3426/4288/4184 3403/4479/4375 3404/4480/4376
f 3404/4480/4376 3405/4481/4377 3426/4288/4184
f 3426/4288/4184 3405/4481/4377 3406/4482/4378
f 3426/4288/4184 3406/4482/4378 3407/4483/4379
f 3407/4483/4379 3408/4484/4380 3426/4288/4184
f 3426/4288/4184 3408/4484/4380 3409/4485/4381
f 3426/4288/4184 3409/4485/4381 3410/4486/4382
f 3410/4486/4382 3411/4487/4383 3426/4288/4184
f 3426/4288/4184 3411/4487/4383 3412/4289/4185
f 3413/4290/4186 3414/4488/4384 3283/4284/4180
f 3283/4284/4180 3414/4488/4384 3415/4489/4385
f 3283/4284/4180 3415/4489/4385 3416/4490/4386
f 3416/4490/4386 3417/4491/4387 3283/4284/4180
f 3283/4284/4180 3417/4491/4387 3418/4492/4388
f 3283/4284/4180 3418/4492/4388 3419/4493/4389
f 3419/4493/4389 3420/4494/4390 3283/4284/4180
f 3283/4284/4180 3420/4494/4390 3421/4495/4391
f 3283/4284/4180 3421/4495/4391 3422/4496/4392
f 3422/4496/4392 3423/4497/4393 3283/4284/4180
f 3283/4284/4180 3423/4497/4393 3424/4498/4394
f 3283/4284/4180 3424/4498/4394 3425/4285/4181
f 3429/4471/4367 3430/4499/4395 3394/4465/4361
f 3394/4465/4361 3430/4499/4395 3431/4500/4396
f 3394/4465/4361 3431/4500/4396 3432/4501/4397
f 3432/4501/4397 3433/4502/4398 3394/4465/4361
f 3394/4465/4361 3433/4502/4398 3434/4503/4399
f 3394/4465/4361 3434/4503/4399 3435/4504/4400
f 3435/4504/4400 3436/4505/4401 3394/4465/4361
f 3394/4465/4361 3436/4505/4401 3437/4506/4402
f 3394/4465/4361 3437/4506/4402 3438/4466/4362
f 3439/4467/4363 3440/4507/4403 2540/4228/4124
f 2540/4228/4124 3440/4507/4403 3441/4508/4404
f 2540/4228/4124 3441/4508/4404 3442/4509/4405
f 3442/4509/4405 3443/4510/4406 2540/4228/4124
f 2540/4228/4124 3443/4510/4406 3444/4229/4125
f 3533/4511/4407 3477/4512/4408 3656/4513/4409
f 3656/4513/4409 3477/4512/4408 3478/4514/4410
f 3656/4513/4409 3478/4514/4410 3655/4515/4411
f 3655/4515/4411 3478/4514/4410 3654/4516/4412
f 3654/4516/4412 3478/4514/4410 3653/4517/4413
f 3653/4517/4413 3478/4514/4410 3652/4518/4414
f 3652/4518/4414 3478/4514/4410 3651/4519/4415
f 3651/4519/4415 3478/4514/4410 3650/4520/4416
f 3650/4520/4416 3478/4514/4410 3649/4521/4417
f 3649/4521/4417 3478/4514/4410 3648/4522/4418
f 3648/4522/4418 3478/4514/4410 3647/4523/4419
f 3647/4523/4419 3478/4514/4410 3479/4524/4420
f 3647/4523/4419 3479/4524/4420 3646/4525/4421
f 3646/4525/4421 3479/4524/4420 3480/4526/4422
f 3646/4525/4421 3480/4526/4422 3263/4233/4129
f 3263/4233/4129 3480/4526/4422 3481/4527/4423
f 3263/4233/4129 3481/4527/4423 3482/4528/4424
f 3482/4528/4424 3483/4529/4425 3263/4233/4129
f 3263/4233/4129 3483/4529/4425 3484/4530/4426
f 3263/4233/4129 3484/4530/4426 3485/4531/4427
f 3485/4531/4427 3486/4532/4428 3263/4233/4129
f 3263/4233/4129 3486/4532/4428 3487/4533/4429
f 3263/4233/4129 3487/4533/4429 3488/4534/4430
f 3488/4534/4430 3489/4535/4431 3263/4233/4129
f 3263/4233/4129 3489/4535/4431 3490/4536/4432
f 3263/4233/4129 3490/4536/4432 3491/4537/4433
f 3491/4537/4433 3492/4234/4130 3263/4233/4129
f 3588/4269/4165 3507/4271/4167 3587/4538/4434
f 3587/4538/4434 3507/4271/4167 3508/4539/4435
f 3587/4538/4434 3508/4539/4435 3509/4540/4436
f 3509/4540/4436 3510/4541/4437 3587/4538/4434
f 3587/4538/4434 3510/4541/4437 3511/4542/4438
f 3587/4538/4434 3511/4542/4438 3512/4543/4439
f 3512/4543/4439 3513/4544/4440 3587/4538/4434
f 3587/4538/4434 3513/4544/4440 3514/4545/4441
f 3587/4538/4434 3514/4545/4441 3515/4546/4442
f 3515/4546/4442 3516/4547/4443 3587/4538/4434
f 3587/4538/4434 3516/4547/4443 3517/4548/4444
f 3587/4538/4434 3517/4548/4444 3518/4549/4445
f 3518/4549/4445 3519/4550/4446 3587/4538/4434
f 3587/4538/4434 3519/4550/4446 3520/4551/4447
f 3587/4538/4434 3520/4551/4447 3657/4552/4448
f 3657/4552/4448 3520/4551/4447 3521/4553/4449
f 3657/4552/4448 3521/4553/4449 3522/4554/4450
f 3522/4554/4450 3523/4555/4451 3657/4552/4448
f 3657/4552/4448 3523/4555/4451 3524/4556/4452
f 3657/4552/4448 3524/4556/4452 3525/4557/4453
f 3525/4557/4453 3526/4558/4454 3657/4552/4448
f 3657/4552/4448 3526/4558/4454 3527/4559/4455
f 3657/4552/4448 3527/4559/4455 3528/4560/4456
f 3528/4560/4456 3529/4561/4457 3657/4552/4448
f 3657/4552/4448 3529/4561/4457 3530/4562/4458
f 3657/4552/4448 3530/4562/4458 3531/4563/4459
f 3531/4563/4459 3532/4564/4460 3657/4552/4448
f 3657/4552/4448 3532/4564/4460 3533/4511/4407
f 3657/4552/4448 3533/4511/4407 3656/4513/4409
f 3536/4217/4113 3537/4565/4461 3242/4202/4098
f 3242/4202/4098 3537/4565/4461 3538/4566/4462
f 3242/4202/4098 3538/4566/4462 3539/4567/4463
f 3539/4567/4463 3540/4568/4464 3242/4202/4098
f 3242/4202/4098 3540/4568/4464 3541/4204/4100
f 3542/4205/4101 3543/4569/4465 3252/4203/4099
f 3252/4203/4099 3543/4569/4465 3544/4570/4466
f 3252/4203/4099 3544/4570/4466 3681/4571/4467
f 3681/4571/4467 3544/4570/4466 3545/4572/4468
f 3681/4571/4467 3545/4572/4468 3680/4573/4469
f 3680/4573/4469 3545/4572/4468 3546/4574/4470
f 3680/4573/4469 3546/4574/4470 3679/4575/4471
f 3679/4575/4471 3546/4574/4470 3547/4576/4472
f 3679/4575/4471 3547/4576/4472 3548/4577/4473
f 3679/4575/4471 3548/4577/4473 3678/4578/4474
f 3678/4578/4474 3548/4577/4473 3549/4579/4475
f 3678/4578/4474 3549/4579/4475 3677/4580/4476
f 3677/4580/4476 3549/4579/4475 3550/4581/4477
f 3677/4580/4476 3550/4581/4477 3676/4582/4478
f 3676/4582/4478 3550/4581/4477 3551/4583/4479
f 3676/4582/4478 3551/4583/4479 3675/4584/4480
f 3675/4584/4480 3551/4583/4479 3552/4585/4481
f 3675/4584/4480 3552/4585/4481 3674/4586/4482
f 3674/4586/4482 3552/4585/4481 3553/4587/4483
f 3674/4586/4482 3553/4587/4483 3554/4588/4484
f 3554/4588/4484 3555/4589/4485 3674/4586/4482
f 3674/4586/4482 3555/4589/4485 3556/4590/4486
f 3674/4586/4482 3556/4590/4486 3673/4591/4487
f 3673/4591/4487 3556/4590/4486 3557/4592/4488
f 3673/4591/4487 3557/4592/4488 3672/4593/4489
f 3672/4593/4489 3557/4592/4488 3558/4594/4490
f 3672/4593/4489 3558/4594/4490 3671/4595/4491
f 3671/4595/4491 3558/4594/4490 3559/4596/4492
f 3671/4595/4491 3559/4596/4492 3670/4597/4493
f 3670/4597/4493 3559/4596/4492 3560/4598/4494
f 3670/4597/4493 3560/4598/4494 3669/4599/4495
f 3669/4599/4495 3560/4598/4494 3561/4600/4496
f 3669/4599/4495 3561/4600/4496 3627/4601/4497
f 3627/4601/4497 3561/4600/4496 3562/4602/4498
f 3627/4601/4497 3562/4602/4498 3626/4603/4499
f 3626/4603/4499 3562/4602/4498 3563/4604/4500
f 3626/4603/4499 3563/4604/4500 3625/4605/4501
f 3625/4605/4501 3563/4604/4500 3564/4606/4502
f 3625/4605/4501 3564/4606/4502 3624/4607/4503
f 3624/4607/4503 3564/4606/4502 3565/4608/4504
f 3624/4607/4503 3565/4608/4504 3623/4609/4505
f 3623/4609/4505 3565/4608/4504 3566/4610/4506
f 3623/4609/4505 3566/4610/4506 3622/4611/4507
f 3622/4611/4507 3566/4610/4506 3567/4612/4508
f 3622/4611/4507 3567/4612/4508 3568/4613/4509
f 3568/4613/4509 3569/4614/4510 3622/4611/4507
f 3622/4611/4507 3569/4614/4510 3570/4615/4511
f 3622/4611/4507 3570/4615/4511 3571/4616/4512
f 3622/4611/4507 3571/4616/4512 3621/4359/4255
f 3621/4359/4255 3571/4616/4512 3572/4357/4253
f 3669/4599/4495 3627/4601/4497 3668/4617/4513
f 3668/4617/4513 3627/4601/4497 3628/4618/4514
f 3668/4617/4513 3628/4618/4514 3667/4619/4515
f 3667/4619/4515 3628/4618/4514 3629/4620/4516
f 3667/4619/4515 3629/4620/4516 3666/4621/4517
f 3666/4621/4517 3629/4620/4516 3630/4622/4518
f 3666/4621/4517 3630/4622/4518 3665/4623/4519
f 3665/4623/4519 3630/4622/4518 3631/4624/4520
f 3665/4623/4519 3631/4624/4520 3664/4625/4521
f 3664/4625/4521 3631/4624/4520 3632/4626/4522
f 3664/4625/4521 3632/4626/4522 3663/4627/4523
f 3663/4627/4523 3632/4626/4522 3633/4628/4524
f 3663/4627/4523 3633/4628/4524 3662/4629/4525
f 3662/4629/4525 3633/4628/4524 3634/4630/4526
f 3662/4629/4525 3634/4630/4526 3661/4631/4527
f 3661/4631/4527 3634/4630/4526 3635/4632/4528
f 3661/4631/4527 3635/4632/4528 3660/4633/4529
f 3660/4633/4529 3635/4632/4528 3636/4634/4530
f 3660/4633/4529 3636/4634/4530 3659/4635/4531
f 3659/4635/4531 3636/4634/4530 3637/4636/4532
f 3659/4635/4531 3637/4636/4532 3658/4637/4533
f 3658/4637/4533 3637/4636/4532 3587/4538/4434
f 3658/4637/4533 3587/4538/4434 3657/4552/4448
f 3689/4638/4534 3638/4639/4535 3252/4203/4099
f 3252/4203/4099 3638/4639/4535 3639/4237/4133
f 3641/4239/4135 3642/4640/4536 3263/4233/4129
f 3263/4233/4129 3642/4640/4536 3643/4641/4537
f 3263/4233/4129 3643/4641/4537 3644/4642/4538
f 3644/4642/4538 3645/4643/4539 3263/4233/4129
f 3263/4233/4129 3645/4643/4539 3646/4525/4421
f 3681/4571/4467 3682/4644/4540 3252/4203/4099
f 3252/4203/4099 3682/4644/4540 3683/4645/4541
f 3252/4203/4099 3683/4645/4541 3684/4646/4542
f 3684/4646/4542 3685/4647/4543 3252/4203/4099
f 3252/4203/4099 3685/4647/4543 3686/4648/4544
f 3252/4203/4099 3686/4648/4544 3687/4649/4545
f 3687/4649/4545 3688/4650/4546 3252/4203/4099
f 3252/4203/4099 3688/4650/4546 3689/4638/4534
f 3242/4651/4076 3058/4652/4075 3253/4653/4547
f 3253/4653/4547 3058/4652/4075 3057/4654/4548
f 3253/4655/4547 3057/4656/4548 3254/4657/4549
f 3254/4657/4549 3057/4656/4548 3056/4658/4550
f 3254/4657/4549 3056/4658/4550 3255/4659/4551
f 3255/4659/4551 3056/4658/4550 3055/4660/4552
f 3255/4659/4551 3055/4660/4552 3256/4661/4553
f 3256/4661/4553 3055/4660/4552 3054/4662/4554
f 3256/4661/4553 3054/4662/4554 3257/4663/4555
f 3257/4663/4555 3054/4662/4554 3053/4664/4556
f 3257/4663/4555 3053/4664/4556 3258/4665/4557
f 3258/4665/4557 3053/4664/4556 3052/4666/4558
f 3258/4665/4557 3052/4666/4558 3259/4667/4559
f 3259/4667/4559 3052/4666/4558 3051/4668/4560
f 3259/4667/4559 3051/4668/4560 3260/4669/4561
f 3260/4669/4561 3051/4668/4560 3050/4670/4562
f 3260/4669/4561 3050/4670/4562 3261/4671/4563
f 3261/4671/4563 3050/4670/4562 3049/4672/4564
f 3261/4671/4563 3049/4672/4564 3262/4673/4565
f 3262/4673/4565 3049/4672/4564 3048/4674/4566
f 3262/4673/4565 3048/4674/4566 2541/4675/2824
f 2541/4675/2824 3048/4674/4566 2542/4676/2825
f 3015/4677/4567 3426/4678/4568 3016/4679/4569
f 3016/4679/4569 3426/4678/4568 3476/4680/4570
f 3016/4679/4569 3476/4680/4570 3017/4681/4571
f 3017/4681/4571 3476/4680/4570 3475/4682/4572
f 3017/4681/4571 3475/4682/4572 3018/4683/4573
f 3018/4683/4573 3475/4682/4572 3474/4684/4574
f 3018/4683/4573 3474/4684/4574 3019/4685/4575
f 3019/4685/4575 3474/4684/4574 3473/4686/4576
f 3019/4685/4575 3473/4686/4576 3020/4687/4577
f 3020/4687/4577 3473/4686/4576 3472/4688/4578
f 3020/4687/4577 3472/4688/4578 3021/4689/4579
f 3021/4689/4579 3472/4688/4578 3471/4690/4580
f 3021/4689/4579 3471/4690/4580 3022/4691/4581
f 3022/4691/4581 3471/4690/4580 3470/4692/4582
f 3022/4691/4581 3470/4692/4582 3023/4693/4583
f 3023/4693/4583 3470/4692/4582 3469/4694/4584
f 3023/4693/4583 3469/4694/4584 3024/4695/4585
f 3024/4695/4585 3469/4694/4584 3468/4696/4586
f 3024/4695/4585 3468/4696/4586 3025/4697/4587
f 3025/4697/4587 3468/4696/4586 3467/4698/4588
f 3025/4697/4587 3467/4698/4588 3026/4699/4589
f 3026/4699/4589 3467/4698/4588 3466/4700/4590
f 3026/4699/4589 3466/4700/4590 3027/4701/4591
f 3027/4701/4591 3466/4700/4590 3465/4702/4592
f 3027/4701/4591 3465/4702/4592 3028/4703/4593
f 3028/4703/4593 3465/4702/4592 3464/4704/4594
f 3028/4703/4593 3464/4704/4594 3029/4705/4595
f 3029/4705/4595 3464/4704/4594 3463/4706/4596
f 3029/4705/4595 3463/4706/4596 3030/4707/4597
f 3030/4707/4597 3463/4706/4596 3462/4708/4598
f 3030/4707/4597 3462/4708/4598 3031/4709/4599
f 3031/4709/4599 3462/4708/4598 3461/4710/4600
f 3461/4711/4600 3460/4712/4601 3031/4713/4599
f 3031/4713/4599 3460/4712/4601 3032/4714/4602
f 3103/4715/4603 3587/4716/4604 3104/4717/4605
f 3104/4717/4605 3587/4716/4604 3637/4718/4606
f 3104/4717/4605 3637/4718/4606 3105/4719/4607
f 3105/4719/4607 3637/4718/4606 3636/4720/4608
f 3105/4719/4607 3636/4720/4608 3106/4721/4609
f 3106/4721/4609 3636/4720/4608 3635/4722/4610
f 3106/4721/4609 3635/4722/4610 3107/4723/4611
f 3107/4723/4611 3635/4722/4610 3634/4724/4612
f 3107/4723/4611 3634/4724/4612 3108/4725/4613
f 3108/4725/4613 3634/4724/4612 3633/4726/4614
f 3108/4725/4613 3633/4726/4614 3109/4727/4615
f 3109/4727/4615 3633/4726/4614 3632/4728/4616
f 3109/4727/4615 3632/4728/4616 3110/4729/4617
f 3110/4729/4617 3632/4728/4616 3631/4730/4618
f 3110/4729/4617 3631/4730/4618 3111/4731/4619
f 3111/4731/4619 3631/4730/4618 3630/4732/4620
f 3111/4731/4619 3630/4732/4620 3112/4733/4621
f 3112/4733/4621 3630/4732/4620 3629/4734/4622
f 3112/4733/4621 3629/4734/4622 3113/4735/4623
f 3113/4735/4623 3629/4734/4622 3628/4736/4624
f 3113/4735/4623 3628/4736/4624 3114/4737/4625
f 3114/4737/4625 3628/4736/4624 3627/4738/4626
f 3114/4737/4625 3627/4738/4626 3115/4739/4627
f 3115/4739/4627 3627/4738/4626 3626/4740/4628
f 3115/4739/4627 3626/4740/4628 3116/4741/4629
f 3116/4741/4629 3626/4740/4628 3625/4742/4630
f 3116/4741/4629 3625/4742/4630 3117/4743/4631
f 3117/4743/4631 3625/4742/4630 3624/4744/4632
f 3117/4743/4631 3624/4744/4632 3118/4745/4633
f 3118/4745/4633 3624/4744/4632 3623/4746/4634
f 3118/4745/4633 3623/4746/4634 3119/4747/4635
f 3119/4747/4635 3623/4746/4634 3622/4748/4636
f 3622/4749/4636 3621/4750/4637 3119/4751/4635
f 3119/4751/4635 3621/4750/4637 3120/4752/4638
f 3206/4753/4639 3353/4754/4640 3207/4755/4641
f 3207/4755/4641 3353/4754/4640 3352/4756/4642
f 3207/4755/4641 3352/4756/4642 3208/4757/4643
f 3208/4757/4643 3352/4756/4642 3351/4758/4644
f 3208/4757/4643 3351/4758/4644 3209/4759/4645
f 3209/4759/4645 3351/4758/4644 3350/4760/4646
f 3209/4759/4645 3350/4760/4646 3210/4761/4647
f 3210/4761/4647 3350/4760/4646 3349/4762/4648
f 3210/4761/4647 3349/4762/4648 3211/4763/4649
f 3211/4763/4649 3349/4762/4648 3348/4764/4650
f 3211/4763/4649 3348/4764/4650 3212/4765/4651
f 3212/4765/4651 3348/4764/4650 3347/4766/4652
f 3212/4765/4651 3347/4766/4652 3213/4767/4653
f 3213/4767/4653 3347/4766/4652 3346/4768/4654
f 3213/4767/4653 3346/4768/4654 3214/4769/4655
f 3214/4769/4655 3346/4768/4654 3345/4770/4656
f 3214/4769/4655 3345/4770/4656 3215/4771/4657
f 3215/4771/4657 3345/4770/4656 3344/4772/4658
f 3215/4771/4657 3344/4772/4658 3216/4773/4659
f 3216/4773/4659 3344/4772/4658 3343/4774/4660
f 3216/4773/4659 3343/4774/4660 3217/4775/4661
f 3217/4775/4661 3343/4774/4660 3342/4776/4662
f 3217/4775/4661 3342/4776/4662 3218/4777/4663
f 3218/4777/4663 3342/4776/4662 3341/4778/4664
f 3218/4777/4663 3341/4778/4664 3219/4779/4665
f 3219/4779/4665 3341/4778/4664 3340/4780/4666
f 3219/4779/4665 3340/4780/4666 3220/4781/4667
f 3220/4781/4667 3340/4780/4666 3339/4782/4668
f 3220/4781/4667 3339/4782/4668 3221/4783/4669
f 3221/4783/4669 3339/4782/4668 3338/4784/4670
f 3221/4783/4669 3338/4784/4670 3222/4785/4671
f 3222/4785/4671 3338/4784/4670 3337/4786/4672
f 3222/4785/4671 3337/4786/4672 3223/4787/4673
f 3223/4787/4673 3337/4786/4672 3336/4788/4674
f 3223/4787/4673 3336/4788/4674 3224/4789/4675
f 3224/4789/4675 3336/4788/4674 3335/4790/4676
f 3224/4789/4675 3335/4790/4676 3225/4791/4677
f 3225/4791/4677 3335/4790/4676 3334/4792/4678
f 3334/4793/4678 3333/4794/4679 3225/4795/4677
f 3225/4795/4677 3333/4794/4679 3226/4796/4680
f 3153/4797/4681 3571/4798/4682 3154/4799/4683
f 3154/4799/4683 3571/4798/4682 3570/4800/4684
f 3154/4799/4683 3570/4800/4684 3155/4801/4685
f 3155/4801/4685 3570/4800/4684 3569/4802/4686
f 3155/4801/4685 3569/4802/4686 3156/4803/4687
f 3156/4803/4687 3569/4802/4686 3568/4804/4688
f 3156/4803/4687 3568/4804/4688 3157/4805/4689
f 3157/4805/4689 3568/4804/4688 3567/4806/4690
f 3157/4805/4689 3567/4806/4690 3158/4807/4691
f 3158/4807/4691 3567/4806/4690 3566/4808/4692
f 3158/4807/4691 3566/4808/4692 3159/4809/4693
f 3159/4809/4693 3566/4808/4692 3565/4810/4694
f 3159/4809/4693 3565/4810/4694 3160/4811/4695
f 3160/4811/4695 3565/4810/4694 3564/4812/4696
f 3160/4811/4695 3564/4812/4696 3161/4813/4697
f 3161/4813/4697 3564/4812/4696 3563/4814/4698
f 3161/4813/4697 3563/4814/4698 3162/4815/4699
f 3162/4815/4699 3563/4814/4698 3562/4816/4700
f 3162/4815/4699 3562/4816/4700 3163/4817/4701
f 3163/4817/4701 3562/4816/4700 3561/4818/4702
f 3163/4817/4701 3561/4818/4702 3164/4819/4703
f 3164/4819/4703 3561/4818/4702 3560/4820/4704
f 3164/4819/4703 3560/4820/4704 3165/4821/4705
f 3165/4821/4705 3560/4820/4704 3559/4822/4706
f 3165/4821/4705 3559/4822/4706 3166/4823/4707
f 3166/4823/4707 3559/4822/4706 3558/4824/4708
f 3166/4823/4707 3558/4824/4708 3167/4825/4709
f 3167/4825/4709 3558/4824/4708 3557/4826/4710
f 3167/4825/4709 3557/4826/4710 3168/4827/4711
f 3168/4827/4711 3557/4826/4710 3556/4828/4712
f 3168/4827/4711 3556/4828/4712 3169/4829/4713
f 3169/4829/4713 3556/4828/4712 3555/4830/4714
f 3169/4829/4713 3555/4830/4714 3170/4831/4715
f 3170/4831/4715 3555/4830/4714 3554/4832/4716
f 3170/4831/4715 3554/4832/4716 3171/4833/4717
f 3171/4833/4717 3554/4832/4716 3553/4834/4718
f 3171/4833/4717 3553/4834/4718 3172/4835/4719
f 3172/4835/4719 3553/4834/4718 3552/4836/4720
f 3552/4837/4720 3551/4838/4721 3172/4839/4719
f 3172/4839/4719 3551/4838/4721 3173/4840/4722
f 2997/4841/4723 3300/4842/4724 2998/4843/4725
f 2998/4843/4725 3300/4842/4724 3299/4844/4726
f 2998/4843/4725 3299/4844/4726 2999/4845/4727
f 2999/4845/4727 3299/4844/4726 3298/4846/4728
f 2999/4845/4727 3298/4846/4728 3000/4847/4729
f 3000/4847/4729 3298/4846/4728 3297/4848/4730
f 3000/4847/4729 3297/4848/4730 3001/4849/4731
f 3001/4849/4731 3297/4848/4730 3296/4850/4732
f 3001/4849/4731 3296/4850/4732 3002/4851/4733
f 3002/4851/4733 3296/4850/4732 3295/4852/4734
f 3002/4851/4733 3295/4852/4734 3003/4853/4735
f 3003/4853/4735 3295/4852/4734 3294/4854/4736
f 3003/4853/4735 3294/4854/4736 3004/4855/4737
f 3004/4855/4737 3294/4854/4736 3293/4856/4738
f 3004/4855/4737 3293/4856/4738 3005/4857/4739
f 3005/4857/4739 3293/4856/4738 3292/4858/4740
f 3005/4857/4739 3292/4858/4740 3006/4859/4741
f 3006/4859/4741 3292/4858/4740 3291/4860/4742
f 3006/4859/4741 3291/4860/4742 3007/4861/4743
f 3007/4861/4743 3291/4860/4742 3290/4862/4744
f 3007/4861/4743 3290/4862/4744 3008/4863/4745
f 3008/4863/4745 3290/4862/4744 3289/4864/4746
f 3008/4863/4745 3289/4864/4746 3009/4865/4747
f 3009/4865/4747 3289/4864/4746 3288/4866/4748
f 3009/4865/4747 3288/4866/4748 3010/4867/4749
f 3010/4867/4749 3288/4866/4748 3287/4868/4750
f 3010/4867/4749 3287/4868/4750 3011/4869/4751
f 3011/4869/4751 3287/4868/4750 3286/4870/4752
f 3011/4869/4751 3286/4870/4752 3012/4871/4753
f 3012/4871/4753 3286/4870/4752 3285/4872/4754
f 3012/4871/4753 3285/4872/4754 3013/4873/4755
f 3013/4873/4755 3285/4872/4754 3284/4874/4756
f 3013/4873/4755 3284/4874/4756 3014/4875/4757
f 3014/4875/4757 3284/4874/4756 3283/4876/4758
f 3014/4877/4757 3283/4878/4758 347/4879/4759
f 347/4879/4759 3283/4878/4758 3282/4880/4760
f 347/4879/4759 3282/4880/4760 170/4881/4761
f 170/4881/4761 3282/4880/4760 2445/4882/4762
f 3085/4883/4763 3674/4884/4764 3086/4885/4765
f 3086/4885/4765 3674/4884/4764 3673/4886/4766
f 3086/4885/4765 3673/4886/4766 3087/4887/4767
f 3087/4887/4767 3673/4886/4766 3672/4888/4768
f 3087/4887/4767 3672/4888/4768 3088/4889/4769
f 3088/4889/4769 3672/4888/4768 3671/4890/4770
f 3088/4889/4769 3671/4890/4770 3089/4891/4771
f 3089/4891/4771 3671/4890/4770 3670/4892/4772
f 3089/4891/4771 3670/4892/4772 3090/4893/4773
f 3090/4893/4773 3670/4892/4772 3669/4894/4774
f 3090/4893/4773 3669/4894/4774 3091/4895/4775
f 3091/4895/4775 3669/4894/4774 3668/4896/4776
f 3091/4895/4775 3668/4896/4776 3092/4897/4777
f 3092/4897/4777 3668/4896/4776 3667/4898/4778
f 3092/4897/4777 3667/4898/4778 3093/4899/4779
f 3093/4899/4779 3667/4898/4778 3666/4900/4780
f 3093/4899/4779 3666/4900/4780 3094/4901/4781
f 3094/4901/4781 3666/4900/4780 3665/4902/4782
f 3094/4901/4781 3665/4902/4782 3095/4903/4783
f 3095/4903/4783 3665/4902/4782 3664/4904/4784
f 3095/4903/4783 3664/4904/4784 3096/4905/4785
f 3096/4905/4785 3664/4904/4784 3663/4906/4786
f 3096/4905/4785 3663/4906/4786 3097/4907/4787
f 3097/4907/4787 3663/4906/4786 3662/4908/4788
f 3097/4907/4787 3662/4908/4788 3098/4909/4789
f 3098/4909/4789 3662/4908/4788 3661/4910/4790
f 3098/4909/4789 3661/4910/4790 3099/4911/4791
f 3099/4911/4791 3661/4910/4790 3660/4912/4792
f 3099/4911/4791 3660/4912/4792 3100/4913/4793
f 3100/4913/4793 3660/4912/4792 3659/4914/4794
f 3100/4913/4793 3659/4914/4794 3101/4915/4795
f 3101/4915/4795 3659/4914/4794 3658/4916/4796
f 3101/4915/4795 3658/4916/4796 3102/4917/4797
f 3102/4917/4797 3658/4916/4796 3657/4918/4798
f 3102/4919/4797 3657/4920/4798 351/4921/4799
f 351/4921/4799 3657/4920/4798 3656/4922/4800
f 351/4921/4799 3656/4922/4800 164/4923/4801
f 164/4923/4801 3656/4922/4800 2509/4924/4802
f 2952/4925/4803 3477/4926/4804 2953/4927/4805
f 2953/4927/4805 3477/4926/4804 3533/4928/4806
f 2953/4927/4805 3533/4928/4806 2954/4929/4807
f 2954/4929/4807 3533/4928/4806 3532/4930/4808
f 2954/4929/4807 3532/4930/4808 2955/4931/4809
f 2955/4931/4809 3532/4930/4808 3531/4932/4810
f 2955/4931/4809 3531/4932/4810 2956/4933/4811
f 2956/4933/4811 3531/4932/4810 3530/4934/4812
f 2956/4933/4811 3530/4934/4812 2957/4935/4813
f 2957/4935/4813 3530/4934/4812 3529/4936/4814
f 2957/4935/4813 3529/4936/4814 2958/4937/4815
f 2958/4937/4815 3529/4936/4814 3528/4938/4816
f 2958/4937/4815 3528/4938/4816 2959/4939/4817
f 2959/4939/4817 3528/4938/4816 3527/4940/4818
f 2959/4939/4817 3527/4940/4818 2960/4941/4819
f 2960/4941/4819 3527/4940/4818 3526/4942/4820
f 2960/4941/4819 3526/4942/4820 2961/4943/4821
f 2961/4943/4821 3526/4942/4820 3525/4944/4822
f 2961/4943/4821 3525/4944/4822 2962/4945/4823
f 2962/4945/4823 3525/4944/4822 3524/4946/4824
f 2962/4945/4823 3524/4946/4824 2963/4947/4825
f 2963/4947/4825 3524/4946/4824 3523/4948/4826
f 2963/4947/4825 3523/4948/4826 2964/4949/4827
f 2964/4949/4827 3523/4948/4826 3522/4950/4828
f 2964/4949/4827 3522/4950/4828 2965/4951/4829
f 2965/4951/4829 3522/4950/4828 3521/4952/4830
f 2965/4951/4829 3521/4952/4830 2966/4953/4831
f 2966/4953/4831 3521/4952/4830 3520/4954/4832
f 2966/4953/4831 3520/4954/4832 2967/4955/4833
f 2967/4955/4833 3520/4954/4832 3519/4956/4834
f 2967/4955/4833 3519/4956/4834 2968/4957/4835
f 2968/4957/4835 3519/4956/4834 3518/4958/4836
f 2968/4957/4835 3518/4958/4836 2969/4959/4837
f 2969/4959/4837 3518/4958/4836 3517/4960/4838
f 2969/4959/4837 3517/4960/4838 2970/4961/4839
f 2970/4961/4839 3517/4960/4838 3516/4962/4840
f 2970/4961/4839 3516/4962/4840 2971/4963/4841
f 2971/4963/4841 3516/4962/4840 3515/4964/4842
f 2971/4963/4841 3515/4964/4842 2972/4965/4843
f 2972/4965/4843 3515/4964/4842 3514/4966/4844
f 2972/4965/4843 3514/4966/4844 2973/4967/4845
f 2973/4967/4845 3514/4966/4844 3513/4968/4846
f 2973/4967/4845 3513/4968/4846 2974/4969/4847
f 2974/4969/4847 3513/4968/4846 3512/4970/4848
f 2974/4969/4847 3512/4970/4848 2975/4971/4849
f 2975/4971/4849 3512/4970/4848 3511/4972/4850
f 2975/4971/4849 3511/4972/4850 2976/4973/4851
f 2976/4973/4851 3511/4972/4850 3510/4974/4852
f 2976/4973/4851 3510/4974/4852 2977/4975/4853
f 2977/4975/4853 3510/4974/4852 3509/4976/4854
f 2977/4975/4853 3509/4976/4854 2978/4977/4855
f 2978/4977/4855 3509/4976/4854 3508/4978/4856
f 2978/4977/4855 3508/4978/4856 2979/4979/4857
f 2979/4979/4857 3508/4978/4856 3507/4980/4858
f 2979/4979/4857 3507/4980/4858 2980/4981/4859
f 2980/4981/4859 3507/4980/4858 3506/4982/4860
f 2980/4983/4859 3506/4984/4860 166/4985/4861
f 166/4985/4861 3506/4984/4860 3505/4986/4862
f 166/4985/4861 3505/4986/4862 2481/4987/4863
f 2923/4988/4864 3369/4989/4865 2924/4990/4866
f 2924/4990/4866 3369/4989/4865 3425/4991/4867
f 2924/4990/4866 3425/4991/4867 2925/4992/4868
f 2925/4992/4868 3425/4991/4867 3424/4993/4869
f 2925/4992/4868 3424/4993/4869 2926/4994/4870
f 2926/4994/4870 3424/4993/4869 3423/4995/4871
f 2926/4994/4870 3423/4995/4871 2927/4996/4872
f 2927/4996/4872 3423/4995/4871 3422/4997/4873
f 2927/4996/4872 3422/4997/4873 2928/4998/4874
f 2928/4998/4874 3422/4997/4873 3421/4999/4875
f 2928/4998/4874 3421/4999/4875 2929/5000/4876
f 2929/5000/4876 3421/4999/4875 3420/5001/4877
f 2929/5000/4876 3420/5001/4877 2930/5002/4878
f 2930/5002/4878 3420/5001/4877 3419/5003/4879
f 2930/5002/4878 3419/5003/4879 2931/5004/4880
f 2931/5004/4880 3419/5003/4879 3418/5005/4881
f 2931/5004/4880 3418/5005/4881 2932/5006/4882
f 2932/5006/4882 3418/5005/4881 3417/5007/4883
f 2932/5006/4882 3417/5007/4883 2933/5008/4884
f 2933/5008/4884 3417/5007/4883 3416/5009/4885
f 2933/5008/4884 3416/5009/4885 2934/5010/4886
f 2934/5010/4886 3416/5009/4885 3415/5011/4887
f 2934/5010/4886 3415/5011/4887 2935/5012/4888
f 2935/5012/4888 3415/5011/4887 3414/5013/4889
f 2935/5012/4888 3414/5013/4889 2936/5014/4890
f 2936/5014/4890 3414/5013/4889 3413/5015/4891
f 2936/5014/4890 3413/5015/4891 2937/5016/4892
f 2937/5016/4892 3413/5015/4891 3412/5017/4893
f 2937/5016/4892 3412/5017/4893 2938/5018/4894
f 2938/5018/4894 3412/5017/4893 3411/5019/4895
f 2938/5018/4894 3411/5019/4895 2939/5020/4896
f 2939/5020/4896 3411/5019/4895 3410/5021/4897
f 2939/5020/4896 3410/5021/4897 2940/5022/4898
f 2940/5022/4898 3410/5021/4897 3409/5023/4899
f 2940/5022/4898 3409/5023/4899 2941/5024/4900
f 2941/5024/4900 3409/5023/4899 3408/5025/4901
f 2941/5024/4900 3408/5025/4901 2942/5026/4902
f 2942/5026/4902 3408/5025/4901 3407/5027/4903
f 2942/5026/4902 3407/5027/4903 2943/5028/4904
f 2943/5028/4904 3407/5027/4903 3406/5029/4905
f 2943/5028/4904 3406/5029/4905 2944/5030/4906
f 2944/5030/4906 3406/5029/4905 3405/5031/4907
f 2944/5030/4906 3405/5031/4907 2945/5032/4908
f 2945/5032/4908 3405/5031/4907 3404/5033/4909
f 2945/5032/4908 3404/5033/4909 2946/5034/4910
f 2946/5034/4910 3404/5033/4909 3403/5035/4911
f 2946/5034/4910 3403/5035/4911 2947/5036/4912
f 2947/5036/4912 3403/5035/4911 3402/5037/4913
f 2947/5036/4912 3402/5037/4913 2948/5038/4914
f 2948/5038/4914 3402/5037/4913 3401/5039/4915
f 2948/5038/4914 3401/5039/4915 2949/5040/4916
f 2949/5040/4916 3401/5039/4915 3400/5041/4917
f 2949/5040/4916 3400/5041/4917 2950/5042/4918
f 2950/5042/4918 3400/5041/4917 3399/5043/4919
f 2950/5042/4918 3399/5043/4919 2951/5044/4920
f 2951/5044/4920 3399/5043/4919 3398/5045/4921
f 2951/5046/4920 3398/5047/4921 172/5048/4922
f 172/5048/4922 3398/5047/4921 3397/5049/4923
f 172/5048/4922 3397/5049/4923 2417/5050/4924
f 2509/5051/4802 3656/5052/4800 2510/5053/4925
f 2510/5053/4925 3656/5052/4800 3655/5054/4926
f 2510/5053/4925 3655/5054/4926 2511/5055/4927
f 2511/5055/4927 3655/5054/4926 3654/5056/4928
f 2511/5055/4927 3654/5056/4928 2512/5057/4929
f 2512/5057/4929 3654/5056/4928 3653/5058/4930
f 2512/5057/4929 3653/5058/4930 2513/5059/4931
f 2513/5059/4931 3653/5058/4930 3652/5060/4932
f 2513/5059/4931 3652/5060/4932 2514/5061/4933
f 2514/5061/4933 3652/5060/4932 3651/5062/4934
f 2514/5061/4933 3651/5062/4934 2515/5063/4935
f 2515/5063/4935 3651/5062/4934 3650/5064/4936
f 2515/5063/4935 3650/5064/4936 2516/5065/4937
f 2516/5065/4937 3650/5064/4936 3649/5066/4938
f 2516/5065/4937 3649/5066/4938 2517/5067/4939
f 2517/5067/4939 3649/5066/4938 3648/5068/4940
f 2517/5067/4939 3648/5068/4940 2518/5069/4941
f 2518/5069/4941 3648/5068/4940 3647/5070/4942
f 2518/5069/4941 3647/5070/4942 2519/5071/4943
f 2519/5071/4943 3647/5070/4942 3646/5072/4944
f 2519/5071/4943 3646/5072/4944 2520/5073/4945
f 2520/5073/4945 3646/5072/4944 3645/5074/4946
f 2520/5073/4945 3645/5074/4946 2521/5075/4947
f 2521/5075/4947 3645/5074/4946 3644/5076/4948
f 2521/5075/4947 3644/5076/4948 2522/5077/4949
f 2522/5077/4949 3644/5076/4948 3643/5078/4950
f 2522/5077/4949 3643/5078/4950 2523/5079/4951
f 2523/5079/4951 3643/5078/4950 3642/5080/4952
f 2523/5079/4951 3642/5080/4952 2524/5081/4953
f 2524/5081/4953 3642/5080/4952 3641/5082/4954
f 2524/5081/4953 3641/5082/4954 2525/5083/4955
f 2525/5083/4955 3641/5082/4954 3640/5084/4956
f 2525/5083/4955 3640/5084/4956 2526/5085/4957
f 2526/5085/4957 3640/5084/4956 3639/5086/4958
f 2526/5087/4957 3639/5088/4958 163/5089/4959
f 163/5089/4959 3639/5088/4958 352/5090/4960
f 352/5090/4960 3639/5088/4958 3638/5091/4961
f 352/5090/4960 3638/5091/4961 3069/5092/4962
f 2481/5093/4863 3505/5094/4862 2482/5095/4963
f 2482/5095/4963 3505/5094/4862 3504/5096/4964
f 2482/5095/4963 3504/5096/4964 2483/5097/4965
f 2483/5097/4965 3504/5096/4964 3503/5098/4966
f 2483/5097/4965 3503/5098/4966 2484/5099/4967
f 2484/5099/4967 3503/5098/4966 3502/5100/4968
f 2484/5099/4967 3502/5100/4968 2485/5101/4969
f 2485/5101/4969 3502/5100/4968 3501/5102/4970
f 2485/5101/4969 3501/5102/4970 2486/5103/4971
f 2486/5103/4971 3501/5102/4970 3500/5104/4972
f 2486/5103/4971 3500/5104/4972 2487/5105/4973
f 2487/5105/4973 3500/5104/4972 3499/5106/4974
f 2487/5105/4973 3499/5106/4974 2488/5107/4975
f 2488/5107/4975 3499/5106/4974 3498/5108/4976
f 2488/5107/4975 3498/5108/4976 2489/5109/4977
f 2489/5109/4977 3498/5108/4976 3497/5110/4978
f 2489/5109/4977 3497/5110/4978 2490/5111/4979
f 2490/5111/4979 3497/5110/4978 3496/5112/4980
f 2490/5111/4979 3496/5112/4980 2491/5113/4981
f 2491/5113/4981 3496/5112/4980 3495/5114/4982
f 2491/5113/4981 3495/5114/4982 2492/5115/4983
f 2492/5115/4983 3495/5114/4982 3494/5116/4984
f 2492/5115/4983 3494/5116/4984 2493/5117/4985
f 2493/5117/4985 3494/5116/4984 3493/5118/4986
f 2493/5117/4985 3493/5118/4986 2494/5119/4987
f 2494/5119/4987 3493/5118/4986 3492/5120/4988
f 3492/5121/4988 3491/5122/4989 2494/5123/4987
f 2494/5123/4987 3491/5122/4989 2495/5124/4990
f 2495/5125/4990 3491/5126/4989 2496/5127/4991
f 2496/5127/4991 3491/5126/4989 3490/5128/4992
f 2496/5127/4991 3490/5128/4992 2497/5129/4993
f 2497/5129/4993 3490/5128/4992 3489/5130/4994
f 2497/5129/4993 3489/5130/4994 2498/5131/4995
f 2498/5131/4995 3489/5130/4994 3488/5132/4996
f 2498/5131/4995 3488/5132/4996 2499/5133/4997
f 2499/5133/4997 3488/5132/4996 3487/5134/4998
f 2499/5133/4997 3487/5134/4998 2500/5135/4999
f 2500/5135/4999 3487/5134/4998 3486/5136/5000
f 2500/5135/4999 3486/5136/5000 2501/5137/5001
f 2501/5137/5001 3486/5136/5000 3485/5138/5002
f 2501/5137/5001 3485/5138/5002 2502/5139/5003
f 2502/5139/5003 3485/5138/5002 3484/5140/5004
f 2502/5139/5003 3484/5140/5004 2503/5141/5005
f 2503/5141/5005 3484/5140/5004 3483/5142/5006
f 2503/5141/5005 3483/5142/5006 2504/5143/5007
f 2504/5143/5007 3483/5142/5006 3482/5144/5008
f 2504/5143/5007 3482/5144/5008 2505/5145/5009
f 2505/5145/5009 3482/5144/5008 3481/5146/5010
f 2505/5145/5009 3481/5146/5010 2506/5147/5011
f 2506/5147/5011 3481/5146/5010 3480/5148/5012
f 2506/5147/5011 3480/5148/5012 2507/5149/5013
f 2507/5149/5013 3480/5148/5012 3479/5150/5014
f 2507/5149/5013 3479/5150/5014 2508/5151/5015
f 2508/5151/5015 3479/5150/5014 3478/5152/5016
f 2952/5153/4803 165/5154/5017 3477/5155/4804
f 3477/5155/4804 165/5154/5017 3478/5156/5016
f 3478/5156/5016 165/5154/5017 2508/5157/5015
f 2431/5158/5018 3383/5159/5019 2432/5160/5020
f 2432/5160/5020 3383/5159/5019 3382/5161/5021
f 2432/5160/5020 3382/5161/5021 2433/5162/5022
f 2433/5162/5022 3382/5161/5021 3381/5163/5023
f 2433/5162/5022 3381/5163/5023 2434/5164/5024
f 2434/5164/5024 3381/5163/5023 3380/5165/5025
f 2434/5164/5024 3380/5165/5025 2435/5166/5026
f 2435/5166/5026 3380/5165/5025 3379/5167/5027
f 2435/5166/5026 3379/5167/5027 2436/5168/5028
f 2436/5168/5028 3379/5167/5027 3378/5169/5029
f 2436/5168/5028 3378/5169/5029 2437/5170/5030
f 2437/5170/5030 3378/5169/5029 3377/5171/5031
f 2437/5170/5030 3377/5171/5031 2438/5172/5032
f 2438/5172/5032 3377/5171/5031 3376/5173/5033
f 2438/5172/5032 3376/5173/5033 2439/5174/5034
f 2439/5174/5034 3376/5173/5033 3375/5175/5035
f 2439/5174/5034 3375/5175/5035 2440/5176/5036
f 2440/5176/5036 3375/5175/5035 3374/5177/5037
f 2440/5176/5036 3374/5177/5037 2441/5178/5038
f 2441/5178/5038 3374/5177/5037 3373/5179/5039
f 2441/5178/5038 3373/5179/5039 2442/5180/5040
f 2442/5180/5040 3373/5179/5039 3372/5181/5041
f 2442/5180/5040 3372/5181/5041 2443/5182/5042
f 2443/5182/5042 3372/5181/5041 3371/5183/5043
f 2443/5182/5042 3371/5183/5043 2444/5184/5044
f 2444/5184/5044 3371/5183/5043 3370/5185/5045
f 2923/5186/4864 171/5187/5046 3369/5188/4865
f 3369/5188/4865 171/5187/5046 3370/5189/5045
f 3370/5189/5045 171/5187/5046 2444/5190/5044
f 2445/5191/4762 3282/5192/4760 2446/5193/5047
f 2446/5193/5047 3282/5192/4760 3281/5194/5048
f 2446/5193/5047 3281/5194/5048 2447/5195/5049
f 2447/5195/5049 3281/5194/5048 3280/5196/5050
f 2447/5195/5049 3280/5196/5050 2448/5197/5051
f 2448/5197/5051 3280/5196/5050 3279/5198/5052
f 2448/5197/5051 3279/5198/5052 2449/5199/5053
f 2449/5199/5053 3279/5198/5052 3278/5200/5054
f 2449/5199/5053 3278/5200/5054 2450/5201/5055
f 2450/5201/5055 3278/5200/5054 3277/5202/5056
f 2450/5201/5055 3277/5202/5056 2451/5203/5057
f 2451/5203/5057 3277/5202/5056 3276/5204/5058
f 2451/5203/5057 3276/5204/5058 2452/5205/5059
f 2452/5205/5059 3276/5204/5058 3275/5206/5060
f 2452/5205/5059 3275/5206/5060 2453/5207/5061
f 2453/5207/5061 3275/5206/5060 3274/5208/5062
f 2453/5207/5061 3274/5208/5062 2454/5209/5063
f 2454/5209/5063 3274/5208/5062 3273/5210/5064
f 2454/5209/5063 3273/5210/5064 2455/5211/5065
f 2455/5211/5065 3273/5210/5064 3272/5212/5066
f 2455/5211/5065 3272/5212/5066 2456/5213/5067
f 2456/5213/5067 3272/5212/5066 3271/5214/5068
f 2456/5213/5067 3271/5214/5068 2457/5215/5069
f 2457/5215/5069 3271/5214/5068 3270/5216/5070
f 2457/5215/5069 3270/5216/5070 2458/5217/5071
f 2458/5217/5071 3270/5216/5070 3269/5218/5072
f 2458/5217/5071 3269/5218/5072 2459/5219/5073
f 2459/5219/5073 3269/5218/5072 3268/5220/5074
f 2459/5219/5073 3268/5220/5074 2460/5221/5075
f 2460/5221/5075 3268/5220/5074 3267/5222/5076
f 2460/5221/5075 3267/5222/5076 2461/5223/5077
f 2461/5223/5077 3267/5222/5076 3266/5224/5078
f 2461/5223/5077 3266/5224/5078 2462/5225/5079
f 2462/5225/5079 3266/5224/5078 3265/5226/5080
f 2462/5227/5079 3265/5228/5080 169/5229/5081
f 169/5229/5081 3265/5228/5080 348/5230/5082
f 348/5230/5082 3265/5228/5080 498/5231/5083
f 348/5230/5082 498/5231/5083 1192/5232/5084
f 3265/5228/5080 3264/5233/5085 498/5231/5083
f 498/5231/5083 3264/5233/5085 499/5234/5086
f 499/5234/5086 3264/5233/5085 500/5235/5087
f 500/5235/5087 3264/5233/5085 501/5236/5088
f 501/5236/5088 3264/5233/5085 502/5237/5089
f 502/5237/5089 3264/5233/5085 2981/5238/5090
f 1192/5232/5084 1191/5239/5091 348/5230/5082
f 348/5230/5082 1191/5239/5091 1190/5240/5092
f 348/5230/5082 1190/5240/5092 1189/5241/5093
f 1189/5241/5093 1188/5242/5094 348/5230/5082
f 348/5230/5082 1188/5242/5094 1187/5243/5095
f 348/5230/5082 1187/5243/5095 1186/5244/5096
f 1186/5244/5096 1185/5245/5097 348/5230/5082
f 348/5230/5082 1185/5245/5097 1184/5246/5098
f 348/5230/5082 1184/5246/5098 1183/5247/5099
f 1183/5247/5099 1182/5248/5100 348/5230/5082
f 348/5230/5082 1182/5248/5100 1181/5249/5101
f 348/5230/5082 1181/5249/5101 1180/5250/5102
f 1180/5250/5102 1179/5251/5103 348/5230/5082
f 348/5230/5082 1179/5251/5103 1178/5252/5104
f 348/5230/5082 1178/5252/5104 1177/5253/5105
f 1177/5253/5105 1176/5254/5106 348/5230/5082
f 348/5230/5082 1176/5254/5106 1175/5255/5107
f 348/5230/5082 1175/5255/5107 1174/5256/5108
f 1174/5256/5108 1173/5257/5109 348/5230/5082
f 348/5230/5082 1173/5257/5109 1172/5258/5110
f 348/5230/5082 1172/5258/5110 1171/5259/5111
f 1171/5259/5111 1170/5260/5112 348/5230/5082
f 348/5230/5082 1170/5260/5112 1169/5261/5113
f 348/5230/5082 1169/5261/5113 1168/5262/5114
f 1168/5262/5114 1167/5263/5115 348/5230/5082
f 348/5230/5082 1167/5263/5115 1166/5264/5116
f 2463/5265/5117 3605/5266/5118 2464/5267/5119
f 2464/5267/5119 3605/5266/5118 3604/5268/5120
f 2464/5267/5119 3604/5268/5120 2465/5269/5121
f 2465/5269/5121 3604/5268/5120 3603/5270/5122
f 2465/5269/5121 3603/5270/5122 2466/5271/5123
f 2466/5271/5123 3603/5270/5122 3602/5272/5124
f 2466/5271/5123 3602/5272/5124 2467/5273/5125
f 2467/5273/5125 3602/5272/5124 3601/5274/5126
f 2467/5273/5125 3601/5274/5126 2468/5275/5127
f 2468/5275/5127 3601/5274/5126 3600/5276/5128
f 2468/5275/5127 3600/5276/5128 2469/5277/5129
f 2469/5277/5129 3600/5276/5128 3599/5278/5130
f 2469/5277/5129 3599/5278/5130 2470/5279/5131
f 2470/5279/5131 3599/5278/5130 3598/5280/5132
f 2470/5279/5131 3598/5280/5132 2471/5281/5133
f 2471/5281/5133 3598/5280/5132 3597/5282/5134
f 2471/5281/5133 3597/5282/5134 2472/5283/5135
f 2472/5283/5135 3597/5282/5134 3596/5284/5136
f 2472/5283/5135 3596/5284/5136 2473/5285/5137
f 2473/5285/5137 3596/5284/5136 3595/5286/5138
f 2473/5285/5137 3595/5286/5138 2474/5287/5139
f 2474/5287/5139 3595/5286/5138 3594/5288/5140
f 2474/5287/5139 3594/5288/5140 2475/5289/5141
f 2475/5289/5141 3594/5288/5140 3593/5290/5142
f 2475/5289/5141 3593/5290/5142 2476/5291/5143
f 2476/5291/5143 3593/5290/5142 3592/5292/5144
f 2476/5291/5143 3592/5292/5144 2477/5293/5145
f 2477/5293/5145 3592/5292/5144 3591/5294/5146
f 2477/5293/5145 3591/5294/5146 2478/5295/5147
f 2478/5295/5147 3591/5294/5146 3590/5296/5148
f 2478/5295/5147 3590/5296/5148 2479/5297/5149
f 2479/5297/5149 3590/5296/5148 3589/5298/5150
f 2479/5297/5149 3589/5298/5150 2480/5299/5151
f 2480/5299/5151 3589/5298/5150 3588/5300/5152
f 3103/5301/4603 350/5302/5153 3587/5303/4604
f 3587/5303/4604 350/5302/5153 3588/5304/5152
f 3588/5304/5152 350/5302/5153 167/5305/5154
f 3588/5304/5152 167/5305/5154 2480/5306/5151
f 3137/5307/5155 3534/5308/5156 3138/5309/5157
f 3138/5309/5157 3534/5308/5156 3586/5310/5158
f 3138/5309/5157 3586/5310/5158 3139/5311/5159
f 3139/5311/5159 3586/5310/5158 3585/5312/5160
f 3139/5311/5159 3585/5312/5160 3140/5313/5161
f 3140/5313/5161 3585/5312/5160 3584/5314/5162
f 3140/5313/5161 3584/5314/5162 3141/5315/5163
f 3141/5315/5163 3584/5314/5162 3583/5316/5164
f 3141/5315/5163 3583/5316/5164 3142/5317/5165
f 3142/5317/5165 3583/5316/5164 3582/5318/5166
f 3142/5317/5165 3582/5318/5166 3143/5319/5167
f 3143/5319/5167 3582/5318/5166 3581/5320/5168
f 3143/5319/5167 3581/5320/5168 3144/5321/5169
f 3144/5321/5169 3581/5320/5168 3580/5322/5170
f 3144/5321/5169 3580/5322/5170 3145/5323/5171
f 3145/5323/5171 3580/5322/5170 3579/5324/5172
f 3145/5323/5171 3579/5324/5172 3146/5325/5173
f 3146/5325/5173 3579/5324/5172 3578/5326/5174
f 3146/5325/5173 3578/5326/5174 3147/5327/5175
f 3147/5327/5175 3578/5326/5174 3577/5328/5176
f 3147/5327/5175 3577/5328/5176 3148/5329/5177
f 3148/5329/5177 3577/5328/5176 3576/5330/5178
f 3148/5329/5177 3576/5330/5178 3149/5331/5179
f 3149/5331/5179 3576/5330/5178 3575/5332/5180
f 3149/5331/5179 3575/5332/5180 3150/5333/5181
f 3150/5333/5181 3575/5332/5180 3574/5334/5182
f 3150/5333/5181 3574/5334/5182 3151/5335/5183
f 3151/5335/5183 3574/5334/5182 3573/5336/5184
f 3151/5335/5183 3573/5336/5184 3152/5337/5185
f 3152/5337/5185 3573/5336/5184 3572/5338/5186
f 3153/5339/4681 3152/5340/5185 3571/5341/4682
f 3571/5341/4682 3152/5340/5185 3572/5342/5186
f 3120/5343/4638 3621/5344/4637 3121/5345/5187
f 3121/5345/5187 3621/5344/4637 3620/5346/5188
f 3121/5345/5187 3620/5346/5188 3122/5347/5189
f 3122/5347/5189 3620/5346/5188 3619/5348/5190
f 3122/5347/5189 3619/5348/5190 3123/5349/5191
f 3123/5349/5191 3619/5348/5190 3618/5350/5192
f 3123/5349/5191 3618/5350/5192 3124/5351/5193
f 3124/5351/5193 3618/5350/5192 3617/5352/5194
f 3124/5351/5193 3617/5352/5194 3125/5353/5195
f 3125/5353/5195 3617/5352/5194 3616/5354/5196
f 3125/5353/5195 3616/5354/5196 3126/5355/5197
f 3126/5355/5197 3616/5354/5196 3615/5356/5198
f 3126/5355/5197 3615/5356/5198 3127/5357/5199
f 3127/5357/5199 3615/5356/5198 3614/5358/5200
f 3127/5357/5199 3614/5358/5200 3128/5359/5201
f 3128/5359/5201 3614/5358/5200 3613/5360/5202
f 3128/5359/5201 3613/5360/5202 3129/5361/5203
f 3129/5361/5203 3613/5360/5202 3612/5362/5204
f 3129/5361/5203 3612/5362/5204 3130/5363/5205
f 3130/5363/5205 3612/5362/5204 3611/5364/5206
f 3130/5363/5205 3611/5364/5206 3131/5365/5207
f 3131/5365/5207 3611/5364/5206 3610/5366/5208
f 3131/5365/5207 3610/5366/5208 3132/5367/5209
f 3132/5367/5209 3610/5366/5208 3609/5368/5210
f 3132/5367/5209 3609/5368/5210 3133/5369/5211
f 3133/5369/5211 3609/5368/5210 3608/5370/5212
f 3133/5369/5211 3608/5370/5212 3134/5371/5213
f 3134/5371/5213 3608/5370/5212 3607/5372/5214
f 3134/5371/5213 3607/5372/5214 3135/5373/5215
f 3135/5373/5215 3607/5372/5214 3606/5374/5216
f 2463/5375/5117 168/5376/5217 3605/5377/5118
f 3605/5377/5118 168/5376/5217 349/5378/5218
f 3605/5377/5118 349/5378/5218 926/5379/5219
f 926/5379/5219 349/5378/5218 1391/5380/5220
f 1391/5380/5220 349/5378/5218 1392/5381/5221
f 1392/5381/5221 349/5378/5218 1393/5382/5222
f 1393/5382/5222 349/5378/5218 1394/5383/5223
f 1394/5383/5223 349/5378/5218 1395/5384/5224
f 1395/5384/5224 349/5378/5218 1396/5385/5225
f 1396/5385/5225 349/5378/5218 1397/5386/5226
f 1397/5386/5226 349/5378/5218 1398/5387/5227
f 1398/5387/5227 349/5378/5218 1399/5388/5228
f 1399/5388/5228 349/5378/5218 1400/5389/5229
f 1400/5389/5229 349/5378/5218 1401/5390/5230
f 1401/5390/5230 349/5378/5218 1402/5391/5231
f 1402/5391/5231 349/5378/5218 1403/5392/5232
f 1403/5392/5232 349/5378/5218 1404/5393/5233
f 1404/5393/5233 349/5378/5218 1405/5394/5234
f 1405/5394/5234 349/5378/5218 1406/5395/5235
f 1406/5395/5235 349/5378/5218 1407/5396/5236
f 1407/5396/5236 349/5378/5218 1408/5397/5237
f 1408/5397/5237 349/5378/5218 1409/5398/5238
f 1409/5398/5238 349/5378/5218 1410/5399/5239
f 1410/5399/5239 349/5378/5218 1411/5400/5240
f 1411/5400/5240 349/5378/5218 1412/5401/5241
f 1412/5401/5241 349/5378/5218 1413/5402/5242
f 1413/5402/5242 349/5378/5218 1414/5403/5243
f 1414/5403/5243 349/5378/5218 1415/5404/5244
f 1415/5404/5244 349/5378/5218 1416/5405/5245
f 1416/5405/5245 349/5378/5218 1390/5406/5246
f 926/5379/5219 925/5407/5247 3605/5377/5118
f 3605/5377/5118 925/5407/5247 3606/5408/5216
f 3606/5408/5216 925/5407/5247 924/5409/5248
f 3606/5408/5216 924/5409/5248 923/5410/5249
f 923/5410/5249 922/5411/5250 3606/5408/5216
f 3606/5408/5216 922/5411/5250 3135/5412/5215
f 3069/5413/4962 3638/5414/4961 3070/5415/5251
f 3070/5415/5251 3638/5414/4961 3689/5416/5252
f 3070/5415/5251 3689/5416/5252 3071/5417/5253
f 3071/5417/5253 3689/5416/5252 3688/5418/5254
f 3071/5417/5253 3688/5418/5254 3072/5419/5255
f 3072/5419/5255 3688/5418/5254 3687/5420/5256
f 3072/5419/5255 3687/5420/5256 3073/5421/5257
f 3073/5421/5257 3687/5420/5256 3686/5422/5258
f 3073/5421/5257 3686/5422/5258 3074/5423/5259
f 3074/5423/5259 3686/5422/5258 3685/5424/5260
f 3074/5423/5259 3685/5424/5260 3075/5425/5261
f 3075/5425/5261 3685/5424/5260 3684/5426/5262
f 3075/5425/5261 3684/5426/5262 3076/5427/5263
f 3076/5427/5263 3684/5426/5262 3683/5428/5264
f 3076/5427/5263 3683/5428/5264 3077/5429/5265
f 3077/5429/5265 3683/5428/5264 3682/5430/5266
f 3077/5429/5265 3682/5430/5266 3078/5431/5267
f 3078/5431/5267 3682/5430/5266 3681/5432/5268
f 3078/5431/5267 3681/5432/5268 3079/5433/5269
f 3079/5433/5269 3681/5432/5268 3680/5434/5270
f 3079/5433/5269 3680/5434/5270 3080/5435/5271
f 3080/5435/5271 3680/5434/5270 3679/5436/5272
f 3080/5435/5271 3679/5436/5272 3081/5437/5273
f 3081/5437/5273 3679/5436/5272 3678/5438/5274
f 3081/5437/5273 3678/5438/5274 3082/5439/5275
f 3082/5439/5275 3678/5438/5274 3677/5440/5276
f 3082/5439/5275 3677/5440/5276 3083/5441/5277
f 3083/5441/5277 3677/5440/5276 3676/5442/5278
f 3083/5441/5277 3676/5442/5278 3084/5443/5279
f 3084/5443/5279 3676/5442/5278 3675/5444/5280
f 3085/5445/4763 3084/5446/5279 3674/5447/4764
f 3674/5447/4764 3084/5446/5279 3675/5448/5280
f 2981/5449/5090 3264/5450/5085 2982/5451/5281
f 2982/5451/5281 3264/5450/5085 3315/5452/5282
f 2982/5451/5281 3315/5452/5282 2983/5453/5283
f 2983/5453/5283 3315/5452/5282 3314/5454/5284
f 2983/5453/5283 3314/5454/5284 2984/5455/5285
f 2984/5455/5285 3314/5454/5284 3313/5456/5286
f 2984/5455/5285 3313/5456/5286 2985/5457/5287
f 2985/5457/5287 3313/5456/5286 3312/5458/5288
f 2985/5457/5287 3312/5458/5288 2986/5459/5289
f 2986/5459/5289 3312/5458/5288 3311/5460/5290
f 2986/5459/5289 3311/5460/5290 2987/5461/5291
f 2987/5461/5291 3311/5460/5290 3310/5462/5292
f 2987/5461/5291 3310/5462/5292 2988/5463/5293
f 2988/5463/5293 3310/5462/5292 3309/5464/5294
f 2988/5463/5293 3309/5464/5294 2989/5465/5295
f 2989/5465/5295 3309/5464/5294 3308/5466/5296
f 2989/5465/5295 3308/5466/5296 2990/5467/5297
f 2990/5467/5297 3308/5466/5296 3307/5468/5298
f 2990/5467/5297 3307/5468/5298 2991/5469/5299
f 2991/5469/5299 3307/5468/5298 3306/5470/5300
f 2991/5469/5299 3306/5470/5300 2992/5471/5301
f 2992/5471/5301 3306/5470/5300 3305/5472/5302
f 2992/5471/5301 3305/5472/5302 2993/5473/5303
f 2993/5473/5303 3305/5472/5302 3304/5474/5304
f 2993/5473/5303 3304/5474/5304 2994/5475/5305
f 2994/5475/5305 3304/5474/5304 3303/5476/5306
f 2994/5475/5305 3303/5476/5306 2995/5477/5307
f 2995/5477/5307 3303/5476/5306 3302/5478/5308
f 2995/5477/5307 3302/5478/5308 2996/5479/5309
f 2996/5479/5309 3302/5478/5308 3301/5480/5310
f 2997/5481/4723 2996/5482/5309 3300/5483/4724
f 3300/5483/4724 2996/5482/5309 3301/5484/5310
f 3173/5485/4722 3551/5486/4721 3174/5487/5311
f 3174/5487/5311 3551/5486/4721 3550/5488/5312
f 3174/5487/5311 3550/5488/5312 3175/5489/5313
f 3175/5489/5313 3550/5488/5312 3549/5490/5314
f 3175/5489/5313 3549/5490/5314 3176/5491/5315
f 3176/5491/5315 3549/5490/5314 3548/5492/5316
f 3176/5491/5315 3548/5492/5316 3177/5493/5317
f 3177/5493/5317 3548/5492/5316 3547/5494/5318
f 3177/5493/5317 3547/5494/5318 3178/5495/5319
f 3178/5495/5319 3547/5494/5318 3546/5496/5320
f 3178/5495/5319 3546/5496/5320 3179/5497/5321
f 3179/5497/5321 3546/5496/5320 3545/5498/5322
f 3179/5497/5321 3545/5498/5322 3180/5499/5323
f 3180/5499/5323 3545/5498/5322 3544/5500/5324
f 3180/5499/5323 3544/5500/5324 3181/5501/5325
f 3181/5501/5325 3544/5500/5324 3543/5502/5326
f 3181/5501/5325 3543/5502/5326 3182/5503/5327
f 3182/5503/5327 3543/5502/5326 3542/5504/5328
f 3182/5503/5327 3542/5504/5328 3183/5505/5329
f 3183/5505/5329 3542/5504/5328 3541/5506/5330
f 3183/5505/5329 3541/5506/5330 3184/5507/5331
f 3184/5507/5331 3541/5506/5330 3540/5508/5332
f 3184/5507/5331 3540/5508/5332 3185/5509/5333
f 3185/5509/5333 3540/5508/5332 3539/5510/5334
f 3185/5509/5333 3539/5510/5334 3186/5511/5335
f 3186/5511/5335 3539/5510/5334 3538/5512/5336
f 3186/5511/5335 3538/5512/5336 3187/5513/5337
f 3187/5513/5337 3538/5512/5336 3537/5514/5338
f 3187/5513/5337 3537/5514/5338 3188/5515/5339
f 3188/5515/5339 3537/5514/5338 3536/5516/5340
f 3188/5515/5339 3536/5516/5340 3136/5517/5341
f 3136/5517/5341 3536/5516/5340 3535/5518/5342
f 3137/5519/5155 3136/5520/5341 3534/5521/5156
f 3534/5521/5156 3136/5520/5341 3535/5522/5342
f 3226/5523/4680 3333/5524/4679 3227/5525/5343
f 3227/5525/5343 3333/5524/4679 3332/5526/5344
f 3227/5525/5343 3332/5526/5344 3228/5527/5345
f 3228/5527/5345 3332/5526/5344 3331/5528/5346
f 3228/5527/5345 3331/5528/5346 3229/5529/5347
f 3229/5529/5347 3331/5528/5346 3330/5530/5348
f 3229/5529/5347 3330/5530/5348 3230/5531/5349
f 3230/5531/5349 3330/5530/5348 3329/5532/5350
f 3230/5531/5349 3329/5532/5350 3231/5533/5351
f 3231/5533/5351 3329/5532/5350 3328/5534/5352
f 3231/5533/5351 3328/5534/5352 3232/5535/5353
f 3232/5535/5353 3328/5534/5352 3327/5536/5354
f 3232/5535/5353 3327/5536/5354 3233/5537/5355
f 3233/5537/5355 3327/5536/5354 3326/5538/5356
f 3233/5537/5355 3326/5538/5356 3234/5539/5357
f 3234/5539/5357 3326/5538/5356 3325/5540/5358
f 3234/5539/5357 3325/5540/5358 3235/5541/5359
f 3235/5541/5359 3325/5540/5358 3324/5542/5360
f 3235/5541/5359 3324/5542/5360 3236/5543/5361
f 3236/5543/5361 3324/5542/5360 3323/5544/5362
f 3236/5543/5361 3323/5544/5362 3237/5545/5363
f 3237/5545/5363 3323/5544/5362 3322/5546/5364
f 3237/5545/5363 3322/5546/5364 3238/5547/5365
f 3238/5547/5365 3322/5546/5364 3321/5548/5366
f 3238/5547/5365 3321/5548/5366 3239/5549/5367
f 3239/5549/5367 3321/5548/5366 3320/5550/5368
f 3239/5549/5367 3320/5550/5368 3240/5551/5369
f 3240/5551/5369 3320/5550/5368 3319/5552/5370
f 3240/5551/5369 3319/5552/5370 3241/5553/5371
f 3241/5553/5371 3319/5552/5370 3318/5554/5372
f 3241/5553/5371 3318/5554/5372 3189/5555/5373
f 3189/5555/5373 3318/5554/5372 3317/5556/5374
f 3317/5557/5374 3316/5558/5375 3189/5559/5373
f 3189/5559/5373 3316/5558/5375 3190/5560/5376
f 3190/5561/5376 3316/5562/5375 3191/5563/5377
f 3191/5563/5377 3316/5562/5375 3368/5564/5378
f 3191/5563/5377 3368/5564/5378 3192/5565/5379
f 3192/5565/5379 3368/5564/5378 3367/5566/5380
f 3192/5565/5379 3367/5566/5380 3193/5567/5381
f 3193/5567/5381 3367/5566/5380 3366/5568/5382
f 3193/5567/5381 3366/5568/5382 3194/5569/5383
f 3194/5569/5383 3366/5568/5382 3365/5570/5384
f 3194/5569/5383 3365/5570/5384 3195/5571/5385
f 3195/5571/5385 3365/5570/5384 3364/5572/5386
f 3195/5571/5385 3364/5572/5386 3196/5573/5387
f 3196/5573/5387 3364/5572/5386 3363/5574/5388
f 3196/5573/5387 3363/5574/5388 3197/5575/5389
f 3197/5575/5389 3363/5574/5388 3362/5576/5390
f 3197/5575/5389 3362/5576/5390 3198/5577/5391
f 3198/5577/5391 3362/5576/5390 3361/5578/5392
f 3198/5577/5391 3361/5578/5392 3199/5579/5393
f 3199/5579/5393 3361/5578/5392 3360/5580/5394
f 3199/5579/5393 3360/5580/5394 3200/5581/5395
f 3200/5581/5395 3360/5580/5394 3359/5582/5396
f 3200/5581/5395 3359/5582/5396 3201/5583/5397
f 3201/5583/5397 3359/5582/5396 3358/5584/5398
f 3201/5583/5397 3358/5584/5398 3202/5585/5399
f 3202/5585/5399 3358/5584/5398 3357/5586/5400
f 3202/5585/5399 3357/5586/5400 3203/5587/5401
f 3203/5587/5401 3357/5586/5400 3356/5588/5402
f 3203/5587/5401 3356/5588/5402 3204/5589/5403
f 3204/5589/5403 3356/5588/5402 3355/5590/5404
f 3204/5589/5403 3355/5590/5404 3205/5591/5405
f 3205/5591/5405 3355/5590/5404 3354/5592/5406
f 3206/5593/4639 3205/5594/5405 3353/5595/4640
f 3353/5595/4640 3205/5594/5405 3354/5596/5406
f 3032/5597/4602 3460/5598/4601 3033/5599/5407
f 3033/5599/5407 3460/5598/4601 3459/5600/5408
f 3033/5599/5407 3459/5600/5408 3034/5601/5409
f 3034/5601/5409 3459/5600/5408 3458/5602/5410
f 3034/5601/5409 3458/5602/5410 3035/5603/5411
f 3035/5603/5411 3458/5602/5410 3457/5604/5412
f 3035/5603/5411 3457/5604/5412 3036/5605/5413
f 3036/5605/5413 3457/5604/5412 3456/5606/5414
f 3036/5605/5413 3456/5606/5414 3037/5607/5415
f 3037/5607/5415 3456/5606/5414 3455/5608/5416
f 3037/5607/5415 3455/5608/5416 3038/5609/5417
f 3038/5609/5417 3455/5608/5416 3454/5610/5418
f 3038/5609/5417 3454/5610/5418 3039/5611/5419
f 3039/5611/5419 3454/5610/5418 3453/5612/5420
f 3039/5611/5419 3453/5612/5420 3040/5613/5421
f 3040/5613/5421 3453/5612/5420 3452/5614/5422
f 3040/5613/5421 3452/5614/5422 3041/5615/5423
f 3041/5615/5423 3452/5614/5422 3451/5616/5424
f 3041/5615/5423 3451/5616/5424 3042/5617/5425
f 3042/5617/5425 3451/5616/5424 3450/5618/5426
f 3042/5617/5425 3450/5618/5426 3043/5619/5427
f 3043/5619/5427 3450/5618/5426 3449/5620/5428
f 3043/5619/5427 3449/5620/5428 3044/5621/5429
f 3044/5621/5429 3449/5620/5428 3448/5622/5430
f 3044/5621/5429 3448/5622/5430 3045/5623/5431
f 3045/5623/5431 3448/5622/5430 3447/5624/5432
f 3045/5623/5431 3447/5624/5432 3046/5625/5433
f 3046/5625/5433 3447/5624/5432 3446/5626/5434
f 3046/5625/5433 3446/5626/5434 3047/5627/5435
f 3047/5627/5435 3446/5626/5434 3445/5628/5436
f 3047/5629/5435 3445/5630/5436 345/5631/5437
f 345/5631/5437 3445/5630/5436 3444/5632/5438
f 345/5631/5437 3444/5632/5438 174/5633/5439
f 174/5633/5439 3444/5632/5438 2399/5634/5440
f 2399/5635/5440 3444/5636/5438 2400/5637/5441
f 2400/5637/5441 3444/5636/5438 3443/5638/5442
f 2400/5637/5441 3443/5638/5442 2401/5639/5443
f 2401/5639/5443 3443/5638/5442 3442/5640/5444
f 2401/5639/5443 3442/5640/5444 2402/5641/5445
f 2402/5641/5445 3442/5640/5444 3441/5642/5446
f 2402/5641/5445 3441/5642/5446 2403/5643/5447
f 2403/5643/5447 3441/5642/5446 3440/5644/5448
f 2403/5643/5447 3440/5644/5448 2404/5645/5449
f 2404/5645/5449 3440/5644/5448 3439/5646/5450
f 2404/5645/5449 3439/5646/5450 2405/5647/5451
f 2405/5647/5451 3439/5646/5450 3438/5648/5452
f 2405/5647/5451 3438/5648/5452 2406/5649/5453
f 2406/5649/5453 3438/5648/5452 3437/5650/5454
f 2406/5649/5453 3437/5650/5454 2407/5651/5455
f 2407/5651/5455 3437/5650/5454 3436/5652/5456
f 2407/5651/5455 3436/5652/5456 2408/5653/5457
f 2408/5653/5457 3436/5652/5456 3435/5654/5458
f 2408/5653/5457 3435/5654/5458 2409/5655/5459
f 2409/5655/5459 3435/5654/5458 3434/5656/5460
f 2409/5655/5459 3434/5656/5460 2410/5657/5461
f 2410/5657/5461 3434/5656/5460 3433/5658/5462
f 2410/5657/5461 3433/5658/5462 2411/5659/5463
f 2411/5659/5463 3433/5658/5462 3432/5660/5464
f 2411/5659/5463 3432/5660/5464 2412/5661/5465
f 2412/5661/5465 3432/5660/5464 3431/5662/5466
f 2412/5661/5465 3431/5662/5466 2413/5663/5467
f 2413/5663/5467 3431/5662/5466 3430/5664/5468
f 2413/5663/5467 3430/5664/5468 2414/5665/5469
f 2414/5665/5469 3430/5664/5468 3429/5666/5470
f 2414/5665/5469 3429/5666/5470 2415/5667/5471
f 2415/5667/5471 3429/5666/5470 3428/5668/5472
f 2415/5667/5471 3428/5668/5472 2416/5669/5473
f 2416/5669/5473 3428/5668/5472 3427/5670/5474
f 3015/5671/4567 346/5672/5475 3426/5673/4568
f 3426/5673/4568 346/5672/5475 3427/5674/5474
f 3427/5674/5474 346/5672/5475 173/5675/5476
f 3427/5674/5474 173/5675/5476 2416/5676/5473
f 2417/5677/4924 3397/5678/4923 2418/5679/5477
f 2418/5679/5477 3397/5678/4923 3396/5680/5478
f 2418/5679/5477 3396/5680/5478 2419/5681/5479
f 2419/5681/5479 3396/5680/5478 3395/5682/5480
f 2419/5681/5479 3395/5682/5480 2420/5683/5481
f 2420/5683/5481 3395/5682/5480 3394/5684/5482
f 2420/5683/5481 3394/5684/5482 2421/5685/5483
f 2421/5685/5483 3394/5684/5482 3393/5686/5484
f 2421/5685/5483 3393/5686/5484 2422/5687/5485
f 2422/5687/5485 3393/5686/5484 3392/5688/5486
f 2422/5687/5485 3392/5688/5486 2423/5689/5487
f 2423/5689/5487 3392/5688/5486 3391/5690/5488
f 2423/5689/5487 3391/5690/5488 2424/5691/5489
f 2424/5691/5489 3391/5690/5488 3390/5692/5490
f 2424/5691/5489 3390/5692/5490 2425/5693/5491
f 2425/5693/5491 3390/5692/5490 3389/5694/5492
f 2425/5693/5491 3389/5694/5492 2426/5695/5493
f 2426/5695/5493 3389/5694/5492 3388/5696/5494
f 2426/5695/5493 3388/5696/5494 2427/5697/5495
f 2427/5697/5495 3388/5696/5494 3387/5698/5496
f 2427/5697/5495 3387/5698/5496 2428/5699/5497
f 2428/5699/5497 3387/5698/5496 3386/5700/5498
f 2428/5699/5497 3386/5700/5498 2429/5701/5499
f 2429/5701/5499 3386/5700/5498 3385/5702/5500
f 2429/5701/5499 3385/5702/5500 2430/5703/5501
f 2430/5703/5501 3385/5702/5500 3384/5704/5502
f 2431/5705/5018 2430/5706/5501 3383/5707/5019
f 3383/5707/5019 2430/5706/5501 3384/5708/5502
f 2180/5709/2470 2543/5710/2851 2181/5711/2503
f 2181/5711/2503 2543/5710/2851 2527/5712/2918
f 2538/5713/5503 2537/5714/5504 3690/5715/5505
f 3690/5715/5505 2537/5714/5504 2761/5716/5506
f 2539/5717/5507 2538/5718/5508 3691/5719/5509
f 3691/5719/5509 2538/5718/5508 3690/5720/5510
f 2540/5721/5511 2539/5722/5512 3263/5723/5513
f 3263/5723/5513 2539/5722/5512 3691/5724/5514
f 2171/5725/5515 162/5726/5516 3263/5727/5517
f 3263/5727/5517 162/5726/5516 353/5728/5518
f 3263/5727/5517 353/5728/5518 3252/5729/4096
f 3252/5729/4096 353/5728/5518 3068/5730/4095
f 3691/5731/5519 2543/5732/5520 3263/5727/5517
f 3263/5727/5517 2543/5732/5520 2180/5733/5521
f 3263/5727/5517 2180/5733/5521 2179/5734/5522
f 3690/5735/5523 2761/5736/5524 3691/5731/5519
f 3691/5731/5519 2761/5736/5524 2552/5737/5525
f 3691/5731/5519 2552/5737/5525 2543/5732/5520
f 2543/5732/5520 2552/5737/5525 2544/5738/5526
f 2544/5738/5526 2552/5737/5525 2545/5739/5527
f 2545/5739/5527 2552/5737/5525 2551/5740/5528
f 2545/5739/5527 2551/5740/5528 2546/5741/5529
f 2546/5741/5529 2551/5740/5528 2550/5742/5530
f 2546/5741/5529 2550/5742/5530 2547/5743/5531
f 2547/5743/5531 2550/5742/5530 2549/5744/5532
f 2547/5743/5531 2549/5744/5532 2548/5745/5533
f 2179/5734/5522 2178/5746/5534 3263/5727/5517
f 3263/5727/5517 2178/5746/5534 2177/5747/5535
f 3263/5727/5517 2177/5747/5535 2176/5748/5536
f 2176/5748/5536 2175/5749/5537 3263/5727/5517
f 3263/5727/5517 2175/5749/5537 2174/5750/5538
f 3263/5727/5517 2174/5750/5538 2173/5751/5539
f 2173/5751/5539 2172/5752/5540 3263/5727/5517
f 3263/5727/5517 2172/5752/5540 2171/5725/5515
# 3691 vertices
# 5752 texture params
# 5540 normals
# 7446 facets

# 1 groups
