# WaveFront *.obj file (generated by Autodesk ATF)

mtllib verticalStand.mtl

g Body1

v 2.500000 18.575000 8.000000
v 2.500000 18.579794 7.891734
v 2.500000 18.594137 7.784316
v 2.500000 18.617918 7.678586
v 2.500000 18.650950 7.575371
v 2.500000 18.692975 7.475480
v 2.500000 18.743665 7.379693
v 2.500000 18.802621 7.288761
v 2.500000 18.869383 7.203396
v 2.500000 18.943429 7.124265
v 2.500000 19.024178 7.051989
v 2.500000 19.111000 6.987131
v 2.500000 19.203213 6.930201
v 2.500000 19.300098 6.881643
v 2.500000 19.400894 6.841838
v 2.500000 19.504815 6.811097
v 2.500000 19.611045 6.789661
v 2.500000 19.718754 6.777697
v 2.500000 19.827100 6.775300
v 2.500000 19.935233 6.782487
v 2.500000 20.042307 6.799204
v 2.500000 20.147486 6.825318
v 2.500000 20.249944 6.860625
v 2.500000 20.348882 6.904850
v 2.500000 20.443523 6.957646
v 2.500000 20.533129 7.018599
v 2.500000 20.616996 7.087234
v 2.500000 20.694469 7.163012
v 2.500000 20.764942 7.245340
v 2.500000 20.827863 7.333575
v 2.500000 20.882740 7.427026
v 2.500000 20.929142 7.524960
v 2.500000 20.966708 7.626613
v 2.500000 20.995142 7.731188
v 2.500000 21.014223 7.837867
v 2.500000 21.023801 7.945814
v 2.500000 21.023801 8.054186
v 2.500000 21.014223 8.162133
v 2.500000 20.995142 8.268812
v 2.500000 20.966708 8.373387
v 2.500000 20.929142 8.475040
v 2.500000 20.882740 8.572974
v 2.500000 20.827863 8.666425
v 2.500000 20.764942 8.754660
v 2.500000 20.694469 8.836988
v 2.500000 20.616996 8.912766
v 2.500000 20.533129 8.981401
v 2.500000 20.443523 9.042354
v 2.500000 20.348882 9.095150
v 2.500000 20.249944 9.139375
v 2.500000 20.147486 9.174682
v 2.500000 20.042307 9.200796
v 2.500000 19.935233 9.217513
v 2.500000 19.827100 9.224700
v 2.500000 19.718754 9.222303
v 2.500000 19.611045 9.210339
v 2.500000 19.504815 9.188903
v 2.500000 19.400894 9.158162
v 2.500000 19.300098 9.118357
v 2.500000 19.203213 9.069799
v 2.500000 19.111000 9.012869
v 2.500000 19.024178 8.948011
v 2.500000 18.943429 8.875735
v 2.500000 18.869383 8.796604
v 2.500000 18.802621 8.711239
v 2.500000 18.743665 8.620307
v 2.500000 18.692975 8.524520
v 2.500000 18.650950 8.424629
v 2.500000 18.617918 8.321414
v 2.500000 18.594137 8.215684
v 2.500000 18.579794 8.108266
v 0.000000 18.575000 8.000000
v 0.000000 18.579794 8.108266
v 0.000000 18.594137 8.215684
v 0.000000 18.617918 8.321414
v 0.000000 18.650950 8.424629
v 0.000000 18.692975 8.524520
v 0.000000 18.743665 8.620307
v 0.000000 18.802621 8.711239
v 0.000000 18.869383 8.796604
v 0.000000 18.943429 8.875735
v 0.000000 19.024178 8.948011
v 0.000000 19.111000 9.012869
v 0.000000 19.203213 9.069799
v 0.000000 19.300098 9.118357
v 0.000000 19.400894 9.158162
v 0.000000 19.504815 9.188903
v 0.000000 19.611045 9.210339
v 0.000000 19.718754 9.222303
v 0.000000 19.827100 9.224700
v 0.000000 19.935233 9.217513
v 0.000000 20.042307 9.200796
v 0.000000 20.147486 9.174682
v 0.000000 20.249944 9.139375
v 0.000000 20.348882 9.095150
v 0.000000 20.443523 9.042354
v 0.000000 20.533129 8.981401
v 0.000000 20.616996 8.912766
v 0.000000 20.694469 8.836988
v 0.000000 20.764942 8.754660
v 0.000000 20.827863 8.666425
v 0.000000 20.882740 8.572974
v 0.000000 20.929142 8.475040
v 0.000000 20.966708 8.373387
v 0.000000 20.995142 8.268812
v 0.000000 21.014223 8.162133
v 0.000000 21.023801 8.054186
v 0.000000 21.023801 7.945814
v 0.000000 21.014223 7.837867
v 0.000000 20.995142 7.731188
v 0.000000 20.966708 7.626613
v 0.000000 20.929142 7.524960
v 0.000000 20.882740 7.427026
v 0.000000 20.827863 7.333575
v 0.000000 20.764942 7.245340
v 0.000000 20.694469 7.163012
v 0.000000 20.616996 7.087234
v 0.000000 20.533129 7.018599
v 0.000000 20.443523 6.957646
v 0.000000 20.348882 6.904850
v 0.000000 20.249944 6.860625
v 0.000000 20.147486 6.825318
v 0.000000 20.042307 6.799204
v 0.000000 19.935233 6.782487
v 0.000000 19.827100 6.775300
v 0.000000 19.718754 6.777697
v 0.000000 19.611045 6.789661
v 0.000000 19.504815 6.811097
v 0.000000 19.400894 6.841838
v 0.000000 19.300098 6.881643
v 0.000000 19.203213 6.930201
v 0.000000 19.111000 6.987131
v 0.000000 19.024178 7.051989
v 0.000000 18.943429 7.124265
v 0.000000 18.869383 7.203396
v 0.000000 18.802621 7.288761
v 0.000000 18.743665 7.379693
v 0.000000 18.692975 7.475480
v 0.000000 18.650950 7.575371
v 0.000000 18.617918 7.678586
v 0.000000 18.594137 7.784316
v 0.000000 18.579794 7.891734
v 2.500000 14.175000 8.000000
v 2.500000 14.179794 7.891734
v 2.500000 14.194137 7.784316
v 2.500000 14.217918 7.678586
v 2.500000 14.250950 7.575371
v 2.500000 14.292975 7.475480
v 2.500000 14.343665 7.379693
v 2.500000 14.402621 7.288761
v 2.500000 14.469383 7.203396
v 2.500000 14.543429 7.124265
v 2.500000 14.624178 7.051989
v 2.500000 14.711000 6.987131
v 2.500000 14.803213 6.930201
v 2.500000 14.900098 6.881643
v 2.500000 15.000894 6.841838
v 2.500000 15.104815 6.811097
v 2.500000 15.211045 6.789661
v 2.500000 15.318754 6.777697
v 2.500000 15.427100 6.775300
v 2.500000 15.535233 6.782487
v 2.500000 15.642307 6.799204
v 2.500000 15.747486 6.825318
v 2.500000 15.849944 6.860625
v 2.500000 15.948882 6.904850
v 2.500000 16.043523 6.957646
v 2.500000 16.133129 7.018599
v 2.500000 16.216996 7.087234
v 2.500000 16.294469 7.163012
v 2.500000 16.364942 7.245340
v 2.500000 16.427863 7.333575
v 2.500000 16.482740 7.427026
v 2.500000 16.529142 7.524960
v 2.500000 16.566708 7.626613
v 2.500000 16.595142 7.731188
v 2.500000 16.614223 7.837867
v 2.500000 16.623801 7.945814
v 2.500000 16.623801 8.054186
v 2.500000 16.614223 8.162133
v 2.500000 16.595142 8.268812
v 2.500000 16.566708 8.373387
v 2.500000 16.529142 8.475040
v 2.500000 16.482740 8.572974
v 2.500000 16.427863 8.666425
v 2.500000 16.364942 8.754660
v 2.500000 16.294469 8.836988
v 2.500000 16.216996 8.912766
v 2.500000 16.133129 8.981401
v 2.500000 16.043523 9.042354
v 2.500000 15.948882 9.095150
v 2.500000 15.849944 9.139375
v 2.500000 15.747486 9.174682
v 2.500000 15.642307 9.200796
v 2.500000 15.535233 9.217513
v 2.500000 15.427100 9.224700
v 2.500000 15.318754 9.222303
v 2.500000 15.211045 9.210339
v 2.500000 15.104815 9.188903
v 2.500000 15.000894 9.158162
v 2.500000 14.900098 9.118357
v 2.500000 14.803213 9.069799
v 2.500000 14.711000 9.012869
v 2.500000 14.624178 8.948011
v 2.500000 14.543429 8.875735
v 2.500000 14.469383 8.796604
v 2.500000 14.402621 8.711239
v 2.500000 14.343665 8.620307
v 2.500000 14.292975 8.524520
v 2.500000 14.250950 8.424629
v 2.500000 14.217918 8.321414
v 2.500000 14.194137 8.215684
v 2.500000 14.179794 8.108266
v 0.000000 14.175000 8.000000
v 0.000000 14.179794 8.108266
v 0.000000 14.194137 8.215684
v 0.000000 14.217918 8.321414
v 0.000000 14.250950 8.424629
v 0.000000 14.292975 8.524520
v 0.000000 14.343665 8.620307
v 0.000000 14.402621 8.711239
v 0.000000 14.469383 8.796604
v 0.000000 14.543429 8.875735
v 0.000000 14.624178 8.948011
v 0.000000 14.711000 9.012869
v 0.000000 14.803213 9.069799
v 0.000000 14.900098 9.118357
v 0.000000 15.000894 9.158162
v 0.000000 15.104815 9.188903
v 0.000000 15.211045 9.210339
v 0.000000 15.318754 9.222303
v 0.000000 15.427100 9.224700
v 0.000000 15.535233 9.217513
v 0.000000 15.642307 9.200796
v 0.000000 15.747486 9.174682
v 0.000000 15.849944 9.139375
v 0.000000 15.948882 9.095150
v 0.000000 16.043523 9.042354
v 0.000000 16.133129 8.981401
v 0.000000 16.216996 8.912766
v 0.000000 16.294469 8.836988
v 0.000000 16.364942 8.754660
v 0.000000 16.427863 8.666425
v 0.000000 16.482740 8.572974
v 0.000000 16.529142 8.475040
v 0.000000 16.566708 8.373387
v 0.000000 16.595142 8.268812
v 0.000000 16.614223 8.162133
v 0.000000 16.623801 8.054186
v 0.000000 16.623801 7.945814
v 0.000000 16.614223 7.837867
v 0.000000 16.595142 7.731188
v 0.000000 16.566708 7.626613
v 0.000000 16.529142 7.524960
v 0.000000 16.482740 7.427026
v 0.000000 16.427863 7.333575
v 0.000000 16.364942 7.245340
v 0.000000 16.294469 7.163012
v 0.000000 16.216996 7.087234
v 0.000000 16.133129 7.018599
v 0.000000 16.043523 6.957646
v 0.000000 15.948882 6.904850
v 0.000000 15.849944 6.860625
v 0.000000 15.747486 6.825318
v 0.000000 15.642307 6.799204
v 0.000000 15.535233 6.782487
v 0.000000 15.427100 6.775300
v 0.000000 15.318754 6.777697
v 0.000000 15.211045 6.789661
v 0.000000 15.104815 6.811097
v 0.000000 15.000894 6.841838
v 0.000000 14.900098 6.881643
v 0.000000 14.803213 6.930201
v 0.000000 14.711000 6.987131
v 0.000000 14.624178 7.051989
v 0.000000 14.543429 7.124265
v 0.000000 14.469383 7.203396
v 0.000000 14.402621 7.288761
v 0.000000 14.343665 7.379693
v 0.000000 14.292975 7.475480
v 0.000000 14.250950 7.575371
v 0.000000 14.217918 7.678586
v 0.000000 14.194137 7.784316
v 0.000000 14.179794 7.891734
v 2.500000 9.775000 8.000000
v 2.500000 9.779794 7.891734
v 2.500000 9.794137 7.784316
v 2.500000 9.817918 7.678586
v 2.500000 9.850950 7.575371
v 2.500000 9.892975 7.475480
v 2.500000 9.943665 7.379693
v 2.500000 10.002621 7.288761
v 2.500000 10.069383 7.203396
v 2.500000 10.143429 7.124265
v 2.500000 10.224178 7.051989
v 2.500000 10.311000 6.987131
v 2.500000 10.403213 6.930201
v 2.500000 10.500098 6.881643
v 2.500000 10.600894 6.841838
v 2.500000 10.704815 6.811097
v 2.500000 10.811045 6.789661
v 2.500000 10.918754 6.777697
v 2.500000 11.027100 6.775300
v 2.500000 11.135233 6.782487
v 2.500000 11.242307 6.799204
v 2.500000 11.347486 6.825318
v 2.500000 11.449944 6.860625
v 2.500000 11.548882 6.904850
v 2.500000 11.643523 6.957646
v 2.500000 11.733129 7.018599
v 2.500000 11.816996 7.087234
v 2.500000 11.894469 7.163012
v 2.500000 11.964942 7.245340
v 2.500000 12.027863 7.333575
v 2.500000 12.082740 7.427026
v 2.500000 12.129142 7.524960
v 2.500000 12.166708 7.626613
v 2.500000 12.195142 7.731188
v 2.500000 12.214223 7.837867
v 2.500000 12.223801 7.945814
v 2.500000 12.223801 8.054186
v 2.500000 12.214223 8.162133
v 2.500000 12.195142 8.268812
v 2.500000 12.166708 8.373387
v 2.500000 12.129142 8.475040
v 2.500000 12.082740 8.572974
v 2.500000 12.027863 8.666425
v 2.500000 11.964942 8.754660
v 2.500000 11.894469 8.836988
v 2.500000 11.816996 8.912766
v 2.500000 11.733129 8.981401
v 2.500000 11.643523 9.042354
v 2.500000 11.548882 9.095150
v 2.500000 11.449944 9.139375
v 2.500000 11.347486 9.174682
v 2.500000 11.242307 9.200796
v 2.500000 11.135233 9.217513
v 2.500000 11.027100 9.224700
v 2.500000 10.918754 9.222303
v 2.500000 10.811045 9.210339
v 2.500000 10.704815 9.188903
v 2.500000 10.600894 9.158162
v 2.500000 10.500098 9.118357
v 2.500000 10.403213 9.069799
v 2.500000 10.311000 9.012869
v 2.500000 10.224178 8.948011
v 2.500000 10.143429 8.875735
v 2.500000 10.069383 8.796604
v 2.500000 10.002621 8.711239
v 2.500000 9.943665 8.620307
v 2.500000 9.892975 8.524520
v 2.500000 9.850950 8.424629
v 2.500000 9.817918 8.321414
v 2.500000 9.794137 8.215684
v 2.500000 9.779794 8.108266
v 0.000000 9.775000 8.000000
v 0.000000 9.779794 8.108266
v 0.000000 9.794137 8.215684
v 0.000000 9.817918 8.321414
v 0.000000 9.850950 8.424629
v 0.000000 9.892975 8.524520
v 0.000000 9.943665 8.620307
v 0.000000 10.002621 8.711239
v 0.000000 10.069383 8.796604
v 0.000000 10.143429 8.875735
v 0.000000 10.224178 8.948011
v 0.000000 10.311000 9.012869
v 0.000000 10.403213 9.069799
v 0.000000 10.500098 9.118357
v 0.000000 10.600894 9.158162
v 0.000000 10.704815 9.188903
v 0.000000 10.811045 9.210339
v 0.000000 10.918754 9.222303
v 0.000000 11.027100 9.224700
v 0.000000 11.135233 9.217513
v 0.000000 11.242307 9.200796
v 0.000000 11.347486 9.174682
v 0.000000 11.449944 9.139375
v 0.000000 11.548882 9.095150
v 0.000000 11.643523 9.042354
v 0.000000 11.733129 8.981401
v 0.000000 11.816996 8.912766
v 0.000000 11.894469 8.836988
v 0.000000 11.964942 8.754660
v 0.000000 12.027863 8.666425
v 0.000000 12.082740 8.572974
v 0.000000 12.129142 8.475040
v 0.000000 12.166708 8.373387
v 0.000000 12.195142 8.268812
v 0.000000 12.214223 8.162133
v 0.000000 12.223801 8.054186
v 0.000000 12.223801 7.945814
v 0.000000 12.214223 7.837867
v 0.000000 12.195142 7.731188
v 0.000000 12.166708 7.626613
v 0.000000 12.129142 7.524960
v 0.000000 12.082740 7.427026
v 0.000000 12.027863 7.333575
v 0.000000 11.964942 7.245340
v 0.000000 11.894469 7.163012
v 0.000000 11.816996 7.087234
v 0.000000 11.733129 7.018599
v 0.000000 11.643523 6.957646
v 0.000000 11.548882 6.904850
v 0.000000 11.449944 6.860625
v 0.000000 11.347486 6.825318
v 0.000000 11.242307 6.799204
v 0.000000 11.135233 6.782487
v 0.000000 11.027100 6.775300
v 0.000000 10.918754 6.777697
v 0.000000 10.811045 6.789661
v 0.000000 10.704815 6.811097
v 0.000000 10.600894 6.841838
v 0.000000 10.500098 6.881643
v 0.000000 10.403213 6.930201
v 0.000000 10.311000 6.987131
v 0.000000 10.224178 7.051989
v 0.000000 10.143429 7.124265
v 0.000000 10.069383 7.203396
v 0.000000 10.002621 7.288761
v 0.000000 9.943665 7.379693
v 0.000000 9.892975 7.475480
v 0.000000 9.850950 7.575371
v 0.000000 9.817918 7.678586
v 0.000000 9.794137 7.784316
v 0.000000 9.779794 7.891734
v 2.500000 5.375000 8.000000
v 2.500000 5.379794 7.891734
v 2.500000 5.394137 7.784316
v 2.500000 5.417918 7.678586
v 2.500000 5.450950 7.575371
v 2.500000 5.492975 7.475480
v 2.500000 5.543665 7.379693
v 2.500000 5.602621 7.288761
v 2.500000 5.669383 7.203396
v 2.500000 5.743429 7.124265
v 2.500000 5.824178 7.051989
v 2.500000 5.911000 6.987131
v 2.500000 6.003213 6.930201
v 2.500000 6.100098 6.881643
v 2.500000 6.200894 6.841838
v 2.500000 6.304815 6.811097
v 2.500000 6.411045 6.789661
v 2.500000 6.518754 6.777697
v 2.500000 6.627100 6.775300
v 2.500000 6.735233 6.782487
v 2.500000 6.842307 6.799204
v 2.500000 6.947486 6.825318
v 2.500000 7.049944 6.860625
v 2.500000 7.148882 6.904850
v 2.500000 7.243523 6.957646
v 2.500000 7.333129 7.018599
v 2.500000 7.416996 7.087234
v 2.500000 7.494469 7.163012
v 2.500000 7.564942 7.245340
v 2.500000 7.627863 7.333575
v 2.500000 7.682740 7.427026
v 2.500000 7.729142 7.524960
v 2.500000 7.766708 7.626613
v 2.500000 7.795142 7.731188
v 2.500000 7.814223 7.837867
v 2.500000 7.823801 7.945814
v 2.500000 7.823801 8.054186
v 2.500000 7.814223 8.162133
v 2.500000 7.795142 8.268812
v 2.500000 7.766708 8.373387
v 2.500000 7.729142 8.475040
v 2.500000 7.682740 8.572974
v 2.500000 7.627863 8.666425
v 2.500000 7.564942 8.754660
v 2.500000 7.494469 8.836988
v 2.500000 7.416996 8.912766
v 2.500000 7.333129 8.981401
v 2.500000 7.243523 9.042354
v 2.500000 7.148882 9.095150
v 2.500000 7.049944 9.139375
v 2.500000 6.947486 9.174682
v 2.500000 6.842307 9.200796
v 2.500000 6.735233 9.217513
v 2.500000 6.627100 9.224700
v 2.500000 6.518754 9.222303
v 2.500000 6.411045 9.210339
v 2.500000 6.304815 9.188903
v 2.500000 6.200894 9.158162
v 2.500000 6.100098 9.118357
v 2.500000 6.003213 9.069799
v 2.500000 5.911000 9.012869
v 2.500000 5.824178 8.948011
v 2.500000 5.743429 8.875735
v 2.500000 5.669383 8.796604
v 2.500000 5.602621 8.711239
v 2.500000 5.543665 8.620307
v 2.500000 5.492975 8.524520
v 2.500000 5.450950 8.424629
v 2.500000 5.417918 8.321414
v 2.500000 5.394137 8.215684
v 2.500000 5.379794 8.108266
v 0.000000 5.375000 8.000000
v 0.000000 5.379794 8.108266
v 0.000000 5.394137 8.215684
v 0.000000 5.417918 8.321414
v 0.000000 5.450950 8.424629
v 0.000000 5.492975 8.524520
v 0.000000 5.543665 8.620307
v 0.000000 5.602621 8.711239
v 0.000000 5.669383 8.796604
v 0.000000 5.743429 8.875735
v 0.000000 5.824178 8.948011
v 0.000000 5.911000 9.012869
v 0.000000 6.003213 9.069799
v 0.000000 6.100098 9.118357
v 0.000000 6.200894 9.158162
v 0.000000 6.304815 9.188903
v 0.000000 6.411045 9.210339
v 0.000000 6.518754 9.222303
v 0.000000 6.627100 9.224700
v 0.000000 6.735233 9.217513
v 0.000000 6.842307 9.200796
v 0.000000 6.947486 9.174682
v 0.000000 7.049944 9.139375
v 0.000000 7.148882 9.095150
v 0.000000 7.243523 9.042354
v 0.000000 7.333129 8.981401
v 0.000000 7.416996 8.912766
v 0.000000 7.494469 8.836988
v 0.000000 7.564942 8.754660
v 0.000000 7.627863 8.666425
v 0.000000 7.682740 8.572974
v 0.000000 7.729142 8.475040
v 0.000000 7.766708 8.373387
v 0.000000 7.795142 8.268812
v 0.000000 7.814223 8.162133
v 0.000000 7.823801 8.054186
v 0.000000 7.823801 7.945814
v 0.000000 7.814223 7.837867
v 0.000000 7.795142 7.731188
v 0.000000 7.766708 7.626613
v 0.000000 7.729142 7.524960
v 0.000000 7.682740 7.427026
v 0.000000 7.627863 7.333575
v 0.000000 7.564942 7.245340
v 0.000000 7.494469 7.163012
v 0.000000 7.416996 7.087234
v 0.000000 7.333129 7.018599
v 0.000000 7.243523 6.957646
v 0.000000 7.148882 6.904850
v 0.000000 7.049944 6.860625
v 0.000000 6.947486 6.825318
v 0.000000 6.842307 6.799204
v 0.000000 6.735233 6.782487
v 0.000000 6.627100 6.775300
v 0.000000 6.518754 6.777697
v 0.000000 6.411045 6.789661
v 0.000000 6.304815 6.811097
v 0.000000 6.200894 6.841838
v 0.000000 6.100098 6.881643
v 0.000000 6.003213 6.930201
v 0.000000 5.911000 6.987131
v 0.000000 5.824178 7.051989
v 0.000000 5.743429 7.124265
v 0.000000 5.669383 7.203396
v 0.000000 5.602621 7.288761
v 0.000000 5.543665 7.379693
v 0.000000 5.492975 7.475480
v 0.000000 5.450950 7.575371
v 0.000000 5.417918 7.678586
v 0.000000 5.394137 7.784316
v 0.000000 5.379794 7.891734
v 2.500000 0.975000 8.000000
v 2.500000 0.979794 7.891734
v 2.500000 0.994137 7.784316
v 2.500000 1.017918 7.678586
v 2.500000 1.050950 7.575371
v 2.500000 1.092975 7.475480
v 2.500000 1.143665 7.379693
v 2.500000 1.202621 7.288761
v 2.500000 1.269383 7.203396
v 2.500000 1.343429 7.124265
v 2.500000 1.424178 7.051989
v 2.500000 1.511000 6.987131
v 2.500000 1.603213 6.930201
v 2.500000 1.700098 6.881643
v 2.500000 1.800894 6.841838
v 2.500000 1.904815 6.811097
v 2.500000 2.011045 6.789661
v 2.500000 2.118754 6.777697
v 2.500000 2.227100 6.775300
v 2.500000 2.335233 6.782487
v 2.500000 2.442307 6.799204
v 2.500000 2.547486 6.825318
v 2.500000 2.649944 6.860625
v 2.500000 2.748882 6.904850
v 2.500000 2.843523 6.957646
v 2.500000 2.933129 7.018599
v 2.500000 3.016996 7.087234
v 2.500000 3.094469 7.163012
v 2.500000 3.164942 7.245340
v 2.500000 3.227863 7.333575
v 2.500000 3.282740 7.427026
v 2.500000 3.329142 7.524960
v 2.500000 3.366708 7.626613
v 2.500000 3.395142 7.731188
v 2.500000 3.414223 7.837867
v 2.500000 3.423801 7.945814
v 2.500000 3.423801 8.054186
v 2.500000 3.414223 8.162133
v 2.500000 3.395142 8.268812
v 2.500000 3.366708 8.373387
v 2.500000 3.329142 8.475040
v 2.500000 3.282740 8.572974
v 2.500000 3.227863 8.666425
v 2.500000 3.164942 8.754660
v 2.500000 3.094469 8.836988
v 2.500000 3.016996 8.912766
v 2.500000 2.933129 8.981401
v 2.500000 2.843523 9.042354
v 2.500000 2.748882 9.095150
v 2.500000 2.649944 9.139375
v 2.500000 2.547486 9.174682
v 2.500000 2.442307 9.200796
v 2.500000 2.335233 9.217513
v 2.500000 2.227100 9.224700
v 2.500000 2.118754 9.222303
v 2.500000 2.011045 9.210339
v 2.500000 1.904815 9.188903
v 2.500000 1.800894 9.158162
v 2.500000 1.700098 9.118357
v 2.500000 1.603213 9.069799
v 2.500000 1.511000 9.012869
v 2.500000 1.424178 8.948011
v 2.500000 1.343429 8.875735
v 2.500000 1.269383 8.796604
v 2.500000 1.202621 8.711239
v 2.500000 1.143665 8.620307
v 2.500000 1.092975 8.524520
v 2.500000 1.050950 8.424629
v 2.500000 1.017918 8.321414
v 2.500000 0.994137 8.215684
v 2.500000 0.979794 8.108266
v 0.000000 0.975000 8.000000
v 0.000000 0.979794 8.108266
v 0.000000 0.994137 8.215684
v 0.000000 1.017918 8.321414
v 0.000000 1.050950 8.424629
v 0.000000 1.092975 8.524520
v 0.000000 1.143665 8.620307
v 0.000000 1.202621 8.711239
v 0.000000 1.269383 8.796604
v 0.000000 1.343429 8.875735
v 0.000000 1.424178 8.948011
v 0.000000 1.511000 9.012869
v 0.000000 1.603213 9.069799
v 0.000000 1.700098 9.118357
v 0.000000 1.800894 9.158162
v 0.000000 1.904815 9.188903
v 0.000000 2.011045 9.210339
v 0.000000 2.118754 9.222303
v 0.000000 2.227100 9.224700
v 0.000000 2.335233 9.217513
v 0.000000 2.442307 9.200796
v 0.000000 2.547486 9.174682
v 0.000000 2.649944 9.139375
v 0.000000 2.748882 9.095150
v 0.000000 2.843523 9.042354
v 0.000000 2.933129 8.981401
v 0.000000 3.016996 8.912766
v 0.000000 3.094469 8.836988
v 0.000000 3.164942 8.754660
v 0.000000 3.227863 8.666425
v 0.000000 3.282740 8.572974
v 0.000000 3.329142 8.475040
v 0.000000 3.366708 8.373387
v 0.000000 3.395142 8.268812
v 0.000000 3.414223 8.162133
v 0.000000 3.423801 8.054186
v 0.000000 3.423801 7.945814
v 0.000000 3.414223 7.837867
v 0.000000 3.395142 7.731188
v 0.000000 3.366708 7.626613
v 0.000000 3.329142 7.524960
v 0.000000 3.282740 7.427026
v 0.000000 3.227863 7.333575
v 0.000000 3.164942 7.245340
v 0.000000 3.094469 7.163012
v 0.000000 3.016996 7.087234
v 0.000000 2.933129 7.018599
v 0.000000 2.843523 6.957646
v 0.000000 2.748882 6.904850
v 0.000000 2.649944 6.860625
v 0.000000 2.547486 6.825318
v 0.000000 2.442307 6.799204
v 0.000000 2.335233 6.782487
v 0.000000 2.227100 6.775300
v 0.000000 2.118754 6.777697
v 0.000000 2.011045 6.789661
v 0.000000 1.904815 6.811097
v 0.000000 1.800894 6.841838
v 0.000000 1.700098 6.881643
v 0.000000 1.603213 6.930201
v 0.000000 1.511000 6.987131
v 0.000000 1.424178 7.051989
v 0.000000 1.343429 7.124265
v 0.000000 1.269383 7.203396
v 0.000000 1.202621 7.288761
v 0.000000 1.143665 7.379693
v 0.000000 1.092975 7.475480
v 0.000000 1.050950 7.575371
v 0.000000 1.017918 7.678586
v 0.000000 0.994137 7.784316
v 0.000000 0.979794 7.891734
v 0.000000 3.288591 6.207107
v 0.000000 3.352910 6.266044
v 0.000000 3.422121 6.319152
v 0.000000 3.495698 6.366025
v 0.000000 3.573079 6.406308
v 0.000000 3.653678 6.439693
v 0.000000 3.736879 6.465926
v 0.000000 3.822050 6.484808
v 0.000000 3.908542 6.496195
v 0.000000 3.995698 6.500000
v 2.500000 3.995698 6.500000
v 2.500000 3.908542 6.496195
v 2.500000 3.822050 6.484808
v 2.500000 3.736879 6.465926
v 2.500000 3.653678 6.439693
v 2.500000 3.573079 6.406308
v 2.500000 3.495698 6.366025
v 2.500000 3.422121 6.319152
v 2.500000 3.352910 6.266044
v 2.500000 3.288591 6.207107
v 1.250000 3.361304 6.273010
v 1.250000 3.440127 6.331470
v 1.250000 3.524301 6.381921
v 1.250000 3.613014 6.423880
v 1.250000 3.705413 6.456940
v 1.250000 3.800607 6.480785
v 1.250000 3.897681 6.495185
v 0.000000 2.292893 5.211409
v 2.500000 2.292893 5.211409
v 0.000000 2.000000 4.504302
v 0.000000 2.003805 4.591458
v 0.000000 2.015192 4.677950
v 0.000000 2.034074 4.763121
v 0.000000 2.060307 4.846322
v 0.000000 2.093692 4.926921
v 0.000000 2.133975 5.004302
v 0.000000 2.180848 5.077879
v 0.000000 2.233956 5.147090
v 2.500000 2.233956 5.147090
v 2.500000 2.180848 5.077879
v 2.500000 2.133975 5.004302
v 2.500000 2.093692 4.926921
v 2.500000 2.060307 4.846322
v 2.500000 2.034074 4.763121
v 2.500000 2.015192 4.677950
v 2.500000 2.003805 4.591458
v 2.500000 2.000000 4.504302
v 1.250000 2.004815 4.602319
v 1.250000 2.019215 4.699393
v 1.250000 2.043060 4.794587
v 1.250000 2.076120 4.886986
v 1.250000 2.118079 4.975699
v 1.250000 2.168530 5.059873
v 1.250000 2.226990 5.138696
v 0.000000 2.000000 -0.000000
v 2.500000 2.000000 0.000000
v 0.000000 0.000000 0.000000
v 2.500000 0.000000 0.000000
v 0.000000 -0.000000 7.100000
v 2.500000 -0.000000 7.100000
v 0.000000 2.200000 9.300000
v 0.000000 2.056113 9.295290
v 0.000000 1.912842 9.281179
v 0.000000 1.770801 9.257728
v 0.000000 1.630598 9.225037
v 0.000000 1.492833 9.183246
v 0.000000 1.358096 9.132535
v 0.000000 1.226965 9.073120
v 0.000000 1.100000 9.005256
v 0.000000 0.977745 8.929233
v 0.000000 0.860725 8.845377
v 0.000000 0.749439 8.754048
v 0.000000 0.644365 8.655635
v 0.000000 0.545952 8.550561
v 0.000000 0.454623 8.439275
v 0.000000 0.370767 8.322255
v 0.000000 0.294744 8.200000
v 0.000000 0.226880 8.073035
v 0.000000 0.167465 7.941904
v 0.000000 0.116754 7.807167
v 0.000000 0.074963 7.669402
v 0.000000 0.042272 7.529199
v 0.000000 0.018821 7.387158
v 0.000000 0.004710 7.243887
v 2.500000 0.004710 7.243887
v 2.500000 0.018821 7.387158
v 2.500000 0.042272 7.529199
v 2.500000 0.074963 7.669402
v 2.500000 0.116754 7.807167
v 2.500000 0.167465 7.941904
v 2.500000 0.226880 8.073035
v 2.500000 0.294744 8.200000
v 2.500000 0.370767 8.322255
v 2.500000 0.454623 8.439275
v 2.500000 0.545952 8.550561
v 2.500000 0.644365 8.655635
v 2.500000 0.749439 8.754048
v 2.500000 0.860725 8.845377
v 2.500000 0.977745 8.929233
v 2.500000 1.100000 9.005256
v 2.500000 1.226965 9.073120
v 2.500000 1.358096 9.132535
v 2.500000 1.492833 9.183246
v 2.500000 1.630598 9.225037
v 2.500000 1.770801 9.257728
v 2.500000 1.912842 9.281179
v 2.500000 2.056113 9.295290
v 2.500000 2.200000 9.300000
v 0.000000 19.800000 9.300000
v 2.500000 19.800000 9.300000
v 0.000000 22.000000 7.100000
v 0.000000 21.995290 7.243887
v 0.000000 21.981179 7.387158
v 0.000000 21.957728 7.529199
v 0.000000 21.925037 7.669402
v 0.000000 21.883246 7.807167
v 0.000000 21.832535 7.941904
v 0.000000 21.773120 8.073035
v 0.000000 21.705256 8.200000
v 0.000000 21.629233 8.322255
v 0.000000 21.545377 8.439275
v 0.000000 21.454048 8.550561
v 0.000000 21.355635 8.655635
v 0.000000 21.250561 8.754048
v 0.000000 21.139275 8.845377
v 0.000000 21.022255 8.929233
v 0.000000 20.900000 9.005256
v 0.000000 20.773035 9.073120
v 0.000000 20.641904 9.132535
v 0.000000 20.507167 9.183246
v 0.000000 20.369402 9.225037
v 0.000000 20.229199 9.257728
v 0.000000 20.087158 9.281179
v 0.000000 19.943887 9.295290
v 2.500000 19.943887 9.295290
v 2.500000 20.087158 9.281179
v 2.500000 20.229199 9.257728
v 2.500000 20.369402 9.225037
v 2.500000 20.507167 9.183246
v 2.500000 20.641904 9.132535
v 2.500000 20.773035 9.073120
v 2.500000 20.900000 9.005256
v 2.500000 21.022255 8.929233
v 2.500000 21.139275 8.845377
v 2.500000 21.250561 8.754048
v 2.500000 21.355635 8.655635
v 2.500000 21.454048 8.550561
v 2.500000 21.545377 8.439275
v 2.500000 21.629233 8.322255
v 2.500000 21.705256 8.200000
v 2.500000 21.773120 8.073035
v 2.500000 21.832535 7.941904
v 2.500000 21.883246 7.807167
v 2.500000 21.925037 7.669402
v 2.500000 21.957728 7.529199
v 2.500000 21.981179 7.387158
v 2.500000 21.995290 7.243887
v 2.500000 22.000000 7.100000
v 0.000000 22.000000 0.000000
v 2.500000 22.000000 0.000000
v 0.000000 20.000000 0.000000
v 2.500000 20.000000 0.000000
v 0.000000 20.000000 4.671573
v 2.500000 20.000000 4.671573
v 0.000000 19.707107 5.378680
v 0.000000 19.766044 5.314360
v 0.000000 19.819152 5.245149
v 0.000000 19.866025 5.171573
v 0.000000 19.906308 5.094191
v 0.000000 19.939693 5.013593
v 0.000000 19.965926 4.930392
v 0.000000 19.984808 4.845221
v 0.000000 19.996195 4.758729
v 2.500000 19.996195 4.758729
v 2.500000 19.984808 4.845221
v 2.500000 19.965926 4.930392
v 2.500000 19.939693 5.013593
v 2.500000 19.906308 5.094191
v 2.500000 19.866025 5.171573
v 2.500000 19.819152 5.245149
v 2.500000 19.766044 5.314360
v 2.500000 19.707107 5.378680
v 1.250000 19.773010 5.305966
v 1.250000 19.831470 5.227143
v 1.250000 19.881921 5.142970
v 1.250000 19.923880 5.054256
v 1.250000 19.956940 4.961858
v 1.250000 19.980785 4.866663
v 1.250000 19.995185 4.769590
v 0.000000 18.878680 6.207107
v 2.500000 18.878680 6.207107
v 0.000000 18.171573 6.500000
v 0.000000 18.258729 6.496195
v 0.000000 18.345221 6.484808
v 0.000000 18.430392 6.465926
v 0.000000 18.513593 6.439693
v 0.000000 18.594191 6.406308
v 0.000000 18.671573 6.366025
v 0.000000 18.745149 6.319152
v 0.000000 18.814360 6.266044
v 2.500000 18.814360 6.266044
v 2.500000 18.745149 6.319152
v 2.500000 18.671573 6.366025
v 2.500000 18.594191 6.406308
v 2.500000 18.513593 6.439693
v 2.500000 18.430392 6.465926
v 2.500000 18.345221 6.484808
v 2.500000 18.258729 6.496195
v 2.500000 18.171573 6.500000
v 1.250000 18.269590 6.495185
v 1.250000 18.366663 6.480785
v 1.250000 18.461858 6.456940
v 1.250000 18.554256 6.423880
v 1.250000 18.642970 6.381921
v 1.250000 18.727143 6.331470
v 1.250000 18.805966 6.273010
vt 2.500000 -3.740044 0.000000
vt 0.000000 -3.740044 0.000000
vt 2.500000 -3.848451 0.000000
vt 0.000000 -3.848451 0.000000
vt 2.500000 3.848451 0.000000
vt 0.000000 3.848451 0.000000
vt 2.500000 3.740044 0.000000
vt 0.000000 3.740044 0.000000
vt 2.500000 3.631637 0.000000
vt 0.000000 3.631637 0.000000
vt 2.500000 3.523230 0.000000
vt 0.000000 3.523230 0.000000
vt 2.500000 3.414823 0.000000
vt 0.000000 3.414823 0.000000
vt 2.500000 3.306416 0.000000
vt 0.000000 3.306416 0.000000
vt 2.500000 3.198009 0.000000
vt 0.000000 3.198009 0.000000
vt 2.500000 3.089602 0.000000
vt 0.000000 3.089602 0.000000
vt 2.500000 2.981194 0.000000
vt 0.000000 2.981194 0.000000
vt 2.500000 2.872787 0.000000
vt 0.000000 2.872787 0.000000
vt 2.500000 2.764380 0.000000
vt 0.000000 2.764380 0.000000
vt 2.500000 2.655973 0.000000
vt 0.000000 2.655973 0.000000
vt 2.500000 2.547566 0.000000
vt 0.000000 2.547566 0.000000
vt 2.500000 2.439159 0.000000
vt 0.000000 2.439159 0.000000
vt 2.500000 2.330752 0.000000
vt 0.000000 2.330752 0.000000
vt 2.500000 2.222345 0.000000
vt 0.000000 2.222345 0.000000
vt 2.500000 2.113938 0.000000
vt 0.000000 2.113938 0.000000
vt 2.500000 2.005531 0.000000
vt 0.000000 2.005531 0.000000
vt 2.500000 1.897124 0.000000
vt 0.000000 1.897124 0.000000
vt 2.500000 1.788717 0.000000
vt 0.000000 1.788717 0.000000
vt 2.500000 1.680310 0.000000
vt 0.000000 1.680310 0.000000
vt 2.500000 1.571903 0.000000
vt 0.000000 1.571903 0.000000
vt 2.500000 1.463495 0.000000
vt 0.000000 1.463495 0.000000
vt 2.500000 1.355088 0.000000
vt 0.000000 1.355088 0.000000
vt 2.500000 1.246681 0.000000
vt 0.000000 1.246681 0.000000
vt 2.500000 1.138274 0.000000
vt 0.000000 1.138274 0.000000
vt 2.500000 1.029867 0.000000
vt 0.000000 1.029867 0.000000
vt 2.500000 0.921460 0.000000
vt 0.000000 0.921460 0.000000
vt 2.500000 0.813053 0.000000
vt 0.000000 0.813053 0.000000
vt 2.500000 0.704646 0.000000
vt 0.000000 0.704646 0.000000
vt 2.500000 0.596239 0.000000
vt 0.000000 0.596239 0.000000
vt 2.500000 0.487832 0.000000
vt 0.000000 0.487832 0.000000
vt 2.500000 0.379425 0.000000
vt 0.000000 0.379425 0.000000
vt 2.500000 0.271018 0.000000
vt 0.000000 0.271018 0.000000
vt 2.500000 0.162611 0.000000
vt 0.000000 0.162611 0.000000
vt 2.500000 0.054204 0.000000
vt 0.000000 0.054204 0.000000
vt 2.500000 -0.054204 0.000000
vt 0.000000 -0.054204 0.000000
vt 2.500000 -0.162611 0.000000
vt 0.000000 -0.162611 0.000000
vt 2.500000 -0.271018 0.000000
vt 0.000000 -0.271018 0.000000
vt 2.500000 -0.379425 0.000000
vt 0.000000 -0.379425 0.000000
vt 2.500000 -0.487832 0.000000
vt 0.000000 -0.487832 0.000000
vt 2.500000 -0.596239 0.000000
vt 0.000000 -0.596239 0.000000
vt 2.500000 -0.704646 0.000000
vt 0.000000 -0.704646 0.000000
vt 2.500000 -0.813053 0.000000
vt 0.000000 -0.813053 0.000000
vt 2.500000 -0.921460 0.000000
vt 0.000000 -0.921460 0.000000
vt 2.500000 -1.029867 0.000000
vt 0.000000 -1.029867 0.000000
vt 2.500000 -1.138274 0.000000
vt 0.000000 -1.138274 0.000000
vt 2.500000 -1.246681 0.000000
vt 0.000000 -1.246681 0.000000
vt 2.500000 -1.355088 0.000000
vt 0.000000 -1.355088 0.000000
vt 2.500000 -1.463495 0.000000
vt 0.000000 -1.463495 0.000000
vt 2.500000 -1.571903 0.000000
vt 0.000000 -1.571903 0.000000
vt 2.500000 -1.680310 0.000000
vt 0.000000 -1.680310 0.000000
vt 2.500000 -1.788717 0.000000
vt 0.000000 -1.788717 0.000000
vt 2.500000 -1.897124 0.000000
vt 0.000000 -1.897124 0.000000
vt 2.500000 -2.005531 0.000000
vt 0.000000 -2.005531 0.000000
vt 2.500000 -2.113938 0.000000
vt 0.000000 -2.113938 0.000000
vt 2.500000 -2.222345 0.000000
vt 0.000000 -2.222345 0.000000
vt 2.500000 -2.330752 0.000000
vt 0.000000 -2.330752 0.000000
vt 2.500000 -2.439159 0.000000
vt 0.000000 -2.439159 0.000000
vt 2.500000 -2.547566 0.000000
vt 0.000000 -2.547566 0.000000
vt 2.500000 -2.655973 0.000000
vt 0.000000 -2.655973 0.000000
vt 2.500000 -2.764380 0.000000
vt 0.000000 -2.764380 0.000000
vt 2.500000 -2.872787 0.000000
vt 0.000000 -2.872787 0.000000
vt 2.500000 -2.981194 0.000000
vt 0.000000 -2.981194 0.000000
vt 2.500000 -3.089602 0.000000
vt 0.000000 -3.089602 0.000000
vt 2.500000 -3.198009 0.000000
vt 0.000000 -3.198009 0.000000
vt 2.500000 -3.306416 0.000000
vt 0.000000 -3.306416 0.000000
vt 2.500000 -3.414823 0.000000
vt 0.000000 -3.414823 0.000000
vt 2.500000 -3.523230 0.000000
vt 0.000000 -3.523230 0.000000
vt 2.500000 -3.631637 0.000000
vt 0.000000 -3.631637 0.000000
vt 2.500000 -3.740044 0.000000
vt 0.000000 -3.740044 0.000000
vt 2.500000 -3.848451 0.000000
vt 0.000000 -3.848451 0.000000
vt 2.500000 3.848451 0.000000
vt 0.000000 3.848451 0.000000
vt 2.500000 3.740044 0.000000
vt 0.000000 3.740044 0.000000
vt 2.500000 3.631637 0.000000
vt 0.000000 3.631637 0.000000
vt 2.500000 3.523230 0.000000
vt 0.000000 3.523230 0.000000
vt 2.500000 3.414823 0.000000
vt 0.000000 3.414823 0.000000
vt 2.500000 3.306416 0.000000
vt 0.000000 3.306416 0.000000
vt 2.500000 3.198009 0.000000
vt 0.000000 3.198009 0.000000
vt 2.500000 3.089602 0.000000
vt 0.000000 3.089602 0.000000
vt 2.500000 2.981194 0.000000
vt 0.000000 2.981194 0.000000
vt 2.500000 2.872787 0.000000
vt 0.000000 2.872787 0.000000
vt 2.500000 2.764380 0.000000
vt 0.000000 2.764380 0.000000
vt 2.500000 2.655973 0.000000
vt 0.000000 2.655973 0.000000
vt 2.500000 2.547566 0.000000
vt 0.000000 2.547566 0.000000
vt 2.500000 2.439159 0.000000
vt 0.000000 2.439159 0.000000
vt 2.500000 2.330752 0.000000
vt 0.000000 2.330752 0.000000
vt 2.500000 2.222345 0.000000
vt 0.000000 2.222345 0.000000
vt 2.500000 2.113938 0.000000
vt 0.000000 2.113938 0.000000
vt 2.500000 2.005531 0.000000
vt 0.000000 2.005531 0.000000
vt 2.500000 1.897124 0.000000
vt 0.000000 1.897124 0.000000
vt 2.500000 1.788717 0.000000
vt 0.000000 1.788717 0.000000
vt 2.500000 1.680310 0.000000
vt 0.000000 1.680310 0.000000
vt 2.500000 1.571903 0.000000
vt 0.000000 1.571903 0.000000
vt 2.500000 1.463495 0.000000
vt 0.000000 1.463495 0.000000
vt 2.500000 1.355088 0.000000
vt 0.000000 1.355088 0.000000
vt 2.500000 1.246681 0.000000
vt 0.000000 1.246681 0.000000
vt 2.500000 1.138274 0.000000
vt 0.000000 1.138274 0.000000
vt 2.500000 1.029867 0.000000
vt 0.000000 1.029867 0.000000
vt 2.500000 0.921460 0.000000
vt 0.000000 0.921460 0.000000
vt 2.500000 0.813053 0.000000
vt 0.000000 0.813053 0.000000
vt 2.500000 0.704646 0.000000
vt 0.000000 0.704646 0.000000
vt 2.500000 0.596239 0.000000
vt 0.000000 0.596239 0.000000
vt 2.500000 0.487832 0.000000
vt 0.000000 0.487832 0.000000
vt 2.500000 0.379425 0.000000
vt 0.000000 0.379425 0.000000
vt 2.500000 0.271018 0.000000
vt 0.000000 0.271018 0.000000
vt 2.500000 0.162611 0.000000
vt 0.000000 0.162611 0.000000
vt 2.500000 0.054204 0.000000
vt 0.000000 0.054204 0.000000
vt 2.500000 -0.054204 0.000000
vt 0.000000 -0.054204 0.000000
vt 2.500000 -0.162611 0.000000
vt 0.000000 -0.162611 0.000000
vt 2.500000 -0.271018 0.000000
vt 0.000000 -0.271018 0.000000
vt 2.500000 -0.379425 0.000000
vt 0.000000 -0.379425 0.000000
vt 2.500000 -0.487832 0.000000
vt 0.000000 -0.487832 0.000000
vt 2.500000 -0.596239 0.000000
vt 0.000000 -0.596239 0.000000
vt 2.500000 -0.704646 0.000000
vt 0.000000 -0.704646 0.000000
vt 2.500000 -0.813053 0.000000
vt 0.000000 -0.813053 0.000000
vt 2.500000 -0.921460 0.000000
vt 0.000000 -0.921460 0.000000
vt 2.500000 -1.029867 0.000000
vt 0.000000 -1.029867 0.000000
vt 2.500000 -1.138274 0.000000
vt 0.000000 -1.138274 0.000000
vt 2.500000 -1.246681 0.000000
vt 0.000000 -1.246681 0.000000
vt 2.500000 -1.355088 0.000000
vt 0.000000 -1.355088 0.000000
vt 2.500000 -1.463495 0.000000
vt 0.000000 -1.463495 0.000000
vt 2.500000 -1.571903 0.000000
vt 0.000000 -1.571903 0.000000
vt 2.500000 -1.680310 0.000000
vt 0.000000 -1.680310 0.000000
vt 2.500000 -1.788717 0.000000
vt 0.000000 -1.788717 0.000000
vt 2.500000 -1.897124 0.000000
vt 0.000000 -1.897124 0.000000
vt 2.500000 -2.005531 0.000000
vt 0.000000 -2.005531 0.000000
vt 2.500000 -2.113938 0.000000
vt 0.000000 -2.113938 0.000000
vt 2.500000 -2.222345 0.000000
vt 0.000000 -2.222345 0.000000
vt 2.500000 -2.330752 0.000000
vt 0.000000 -2.330752 0.000000
vt 2.500000 -2.439159 0.000000
vt 0.000000 -2.439159 0.000000
vt 2.500000 -2.547566 0.000000
vt 0.000000 -2.547566 0.000000
vt 2.500000 -2.655973 0.000000
vt 0.000000 -2.655973 0.000000
vt 2.500000 -2.764380 0.000000
vt 0.000000 -2.764380 0.000000
vt 2.500000 -2.872787 0.000000
vt 0.000000 -2.872787 0.000000
vt 2.500000 -2.981194 0.000000
vt 0.000000 -2.981194 0.000000
vt 2.500000 -3.089602 0.000000
vt 0.000000 -3.089602 0.000000
vt 2.500000 -3.198009 0.000000
vt 0.000000 -3.198009 0.000000
vt 2.500000 -3.306416 0.000000
vt 0.000000 -3.306416 0.000000
vt 2.500000 -3.414823 0.000000
vt 0.000000 -3.414823 0.000000
vt 2.500000 -3.523230 0.000000
vt 0.000000 -3.523230 0.000000
vt 2.500000 -3.631637 0.000000
vt 0.000000 -3.631637 0.000000
vt 2.500000 -3.740044 0.000000
vt 0.000000 -3.740044 0.000000
vt 2.500000 -3.848451 0.000000
vt 0.000000 -3.848451 0.000000
vt 2.500000 3.848451 0.000000
vt 0.000000 3.848451 0.000000
vt 2.500000 3.740044 0.000000
vt 0.000000 3.740044 0.000000
vt 2.500000 3.631637 0.000000
vt 0.000000 3.631637 0.000000
vt 2.500000 3.523230 0.000000
vt 0.000000 3.523230 0.000000
vt 2.500000 3.414823 0.000000
vt 0.000000 3.414823 0.000000
vt 2.500000 3.306416 0.000000
vt 0.000000 3.306416 0.000000
vt 2.500000 3.198009 0.000000
vt 0.000000 3.198009 0.000000
vt 2.500000 3.089602 0.000000
vt 0.000000 3.089602 0.000000
vt 2.500000 2.981194 0.000000
vt 0.000000 2.981194 0.000000
vt 2.500000 2.872787 0.000000
vt 0.000000 2.872787 0.000000
vt 2.500000 2.764380 0.000000
vt 0.000000 2.764380 0.000000
vt 2.500000 2.655973 0.000000
vt 0.000000 2.655973 0.000000
vt 2.500000 2.547566 0.000000
vt 0.000000 2.547566 0.000000
vt 2.500000 2.439159 0.000000
vt 0.000000 2.439159 0.000000
vt 2.500000 2.330752 0.000000
vt 0.000000 2.330752 0.000000
vt 2.500000 2.222345 0.000000
vt 0.000000 2.222345 0.000000
vt 2.500000 2.113938 0.000000
vt 0.000000 2.113938 0.000000
vt 2.500000 2.005531 0.000000
vt 0.000000 2.005531 0.000000
vt 2.500000 1.897124 0.000000
vt 0.000000 1.897124 0.000000
vt 2.500000 1.788717 0.000000
vt 0.000000 1.788717 0.000000
vt 2.500000 1.680310 0.000000
vt 0.000000 1.680310 0.000000
vt 2.500000 1.571903 0.000000
vt 0.000000 1.571903 0.000000
vt 2.500000 1.463495 0.000000
vt 0.000000 1.463495 0.000000
vt 2.500000 1.355088 0.000000
vt 0.000000 1.355088 0.000000
vt 2.500000 1.246681 0.000000
vt 0.000000 1.246681 0.000000
vt 2.500000 1.138274 0.000000
vt 0.000000 1.138274 0.000000
vt 2.500000 1.029867 0.000000
vt 0.000000 1.029867 0.000000
vt 2.500000 0.921460 0.000000
vt 0.000000 0.921460 0.000000
vt 2.500000 0.813053 0.000000
vt 0.000000 0.813053 0.000000
vt 2.500000 0.704646 0.000000
vt 0.000000 0.704646 0.000000
vt 2.500000 0.596239 0.000000
vt 0.000000 0.596239 0.000000
vt 2.500000 0.487832 0.000000
vt 0.000000 0.487832 0.000000
vt 2.500000 0.379425 0.000000
vt 0.000000 0.379425 0.000000
vt 2.500000 0.271018 0.000000
vt 0.000000 0.271018 0.000000
vt 2.500000 0.162611 0.000000
vt 0.000000 0.162611 0.000000
vt 2.500000 0.054204 0.000000
vt 0.000000 0.054204 0.000000
vt 2.500000 -0.054204 0.000000
vt 0.000000 -0.054204 0.000000
vt 2.500000 -0.162611 0.000000
vt 0.000000 -0.162611 0.000000
vt 2.500000 -0.271018 0.000000
vt 0.000000 -0.271018 0.000000
vt 2.500000 -0.379425 0.000000
vt 0.000000 -0.379425 0.000000
vt 2.500000 -0.487832 0.000000
vt 0.000000 -0.487832 0.000000
vt 2.500000 -0.596239 0.000000
vt 0.000000 -0.596239 0.000000
vt 2.500000 -0.704646 0.000000
vt 0.000000 -0.704646 0.000000
vt 2.500000 -0.813053 0.000000
vt 0.000000 -0.813053 0.000000
vt 2.500000 -0.921460 0.000000
vt 0.000000 -0.921460 0.000000
vt 2.500000 -1.029867 0.000000
vt 0.000000 -1.029867 0.000000
vt 2.500000 -1.138274 0.000000
vt 0.000000 -1.138274 0.000000
vt 2.500000 -1.246681 0.000000
vt 0.000000 -1.246681 0.000000
vt 2.500000 -1.355088 0.000000
vt 0.000000 -1.355088 0.000000
vt 2.500000 -1.463495 0.000000
vt 0.000000 -1.463495 0.000000
vt 2.500000 -1.571903 0.000000
vt 0.000000 -1.571903 0.000000
vt 2.500000 -1.680310 0.000000
vt 0.000000 -1.680310 0.000000
vt 2.500000 -1.788717 0.000000
vt 0.000000 -1.788717 0.000000
vt 2.500000 -1.897124 0.000000
vt 0.000000 -1.897124 0.000000
vt 2.500000 -2.005531 0.000000
vt 0.000000 -2.005531 0.000000
vt 2.500000 -2.113938 0.000000
vt 0.000000 -2.113938 0.000000
vt 2.500000 -2.222345 0.000000
vt 0.000000 -2.222345 0.000000
vt 2.500000 -2.330752 0.000000
vt 0.000000 -2.330752 0.000000
vt 2.500000 -2.439159 0.000000
vt 0.000000 -2.439159 0.000000
vt 2.500000 -2.547566 0.000000
vt 0.000000 -2.547566 0.000000
vt 2.500000 -2.655973 0.000000
vt 0.000000 -2.655973 0.000000
vt 2.500000 -2.764380 0.000000
vt 0.000000 -2.764380 0.000000
vt 2.500000 -2.872787 0.000000
vt 0.000000 -2.872787 0.000000
vt 2.500000 -2.981194 0.000000
vt 0.000000 -2.981194 0.000000
vt 2.500000 -3.089602 0.000000
vt 0.000000 -3.089602 0.000000
vt 2.500000 -3.198009 0.000000
vt 0.000000 -3.198009 0.000000
vt 2.500000 -3.306416 0.000000
vt 0.000000 -3.306416 0.000000
vt 2.500000 -3.414823 0.000000
vt 0.000000 -3.414823 0.000000
vt 2.500000 -3.523230 0.000000
vt 0.000000 -3.523230 0.000000
vt 2.500000 -3.631637 0.000000
vt 0.000000 -3.631637 0.000000
vt 2.500000 -3.740044 0.000000
vt 0.000000 -3.740044 0.000000
vt 2.500000 -3.848451 0.000000
vt 0.000000 -3.848451 0.000000
vt 2.500000 3.848451 0.000000
vt 0.000000 3.848451 0.000000
vt 2.500000 3.740044 0.000000
vt 0.000000 3.740044 0.000000
vt 2.500000 3.631637 0.000000
vt 0.000000 3.631637 0.000000
vt 2.500000 3.523230 0.000000
vt 0.000000 3.523230 0.000000
vt 2.500000 3.414823 0.000000
vt 0.000000 3.414823 0.000000
vt 2.500000 3.306416 0.000000
vt 0.000000 3.306416 0.000000
vt 2.500000 3.198009 0.000000
vt 0.000000 3.198009 0.000000
vt 2.500000 3.089602 0.000000
vt 0.000000 3.089602 0.000000
vt 2.500000 2.981194 0.000000
vt 0.000000 2.981194 0.000000
vt 2.500000 2.872787 0.000000
vt 0.000000 2.872787 0.000000
vt 2.500000 2.764380 0.000000
vt 0.000000 2.764380 0.000000
vt 2.500000 2.655973 0.000000
vt 0.000000 2.655973 0.000000
vt 2.500000 2.547566 0.000000
vt 0.000000 2.547566 0.000000
vt 2.500000 2.439159 0.000000
vt 0.000000 2.439159 0.000000
vt 2.500000 2.330752 0.000000
vt 0.000000 2.330752 0.000000
vt 2.500000 2.222345 0.000000
vt 0.000000 2.222345 0.000000
vt 2.500000 2.113938 0.000000
vt 0.000000 2.113938 0.000000
vt 2.500000 2.005531 0.000000
vt 0.000000 2.005531 0.000000
vt 2.500000 1.897124 0.000000
vt 0.000000 1.897124 0.000000
vt 2.500000 1.788717 0.000000
vt 0.000000 1.788717 0.000000
vt 2.500000 1.680310 0.000000
vt 0.000000 1.680310 0.000000
vt 2.500000 1.571903 0.000000
vt 0.000000 1.571903 0.000000
vt 2.500000 1.463495 0.000000
vt 0.000000 1.463495 0.000000
vt 2.500000 1.355088 0.000000
vt 0.000000 1.355088 0.000000
vt 2.500000 1.246681 0.000000
vt 0.000000 1.246681 0.000000
vt 2.500000 1.138274 0.000000
vt 0.000000 1.138274 0.000000
vt 2.500000 1.029867 0.000000
vt 0.000000 1.029867 0.000000
vt 2.500000 0.921460 0.000000
vt 0.000000 0.921460 0.000000
vt 2.500000 0.813053 0.000000
vt 0.000000 0.813053 0.000000
vt 2.500000 0.704646 0.000000
vt 0.000000 0.704646 0.000000
vt 2.500000 0.596239 0.000000
vt 0.000000 0.596239 0.000000
vt 2.500000 0.487832 0.000000
vt 0.000000 0.487832 0.000000
vt 2.500000 0.379425 0.000000
vt 0.000000 0.379425 0.000000
vt 2.500000 0.271018 0.000000
vt 0.000000 0.271018 0.000000
vt 2.500000 0.162611 0.000000
vt 0.000000 0.162611 0.000000
vt 2.500000 0.054204 0.000000
vt 0.000000 0.054204 0.000000
vt 2.500000 -0.054204 0.000000
vt 0.000000 -0.054204 0.000000
vt 2.500000 -0.162611 0.000000
vt 0.000000 -0.162611 0.000000
vt 2.500000 -0.271018 0.000000
vt 0.000000 -0.271018 0.000000
vt 2.500000 -0.379425 0.000000
vt 0.000000 -0.379425 0.000000
vt 2.500000 -0.487832 0.000000
vt 0.000000 -0.487832 0.000000
vt 2.500000 -0.596239 0.000000
vt 0.000000 -0.596239 0.000000
vt 2.500000 -0.704646 0.000000
vt 0.000000 -0.704646 0.000000
vt 2.500000 -0.813053 0.000000
vt 0.000000 -0.813053 0.000000
vt 2.500000 -0.921460 0.000000
vt 0.000000 -0.921460 0.000000
vt 2.500000 -1.029867 0.000000
vt 0.000000 -1.029867 0.000000
vt 2.500000 -1.138274 0.000000
vt 0.000000 -1.138274 0.000000
vt 2.500000 -1.246681 0.000000
vt 0.000000 -1.246681 0.000000
vt 2.500000 -1.355088 0.000000
vt 0.000000 -1.355088 0.000000
vt 2.500000 -1.463495 0.000000
vt 0.000000 -1.463495 0.000000
vt 2.500000 -1.571903 0.000000
vt 0.000000 -1.571903 0.000000
vt 2.500000 -1.680310 0.000000
vt 0.000000 -1.680310 0.000000
vt 2.500000 -1.788717 0.000000
vt 0.000000 -1.788717 0.000000
vt 2.500000 -1.897124 0.000000
vt 0.000000 -1.897124 0.000000
vt 2.500000 -2.005531 0.000000
vt 0.000000 -2.005531 0.000000
vt 2.500000 -2.113938 0.000000
vt 0.000000 -2.113938 0.000000
vt 2.500000 -2.222345 0.000000
vt 0.000000 -2.222345 0.000000
vt 2.500000 -2.330752 0.000000
vt 0.000000 -2.330752 0.000000
vt 2.500000 -2.439159 0.000000
vt 0.000000 -2.439159 0.000000
vt 2.500000 -2.547566 0.000000
vt 0.000000 -2.547566 0.000000
vt 2.500000 -2.655973 0.000000
vt 0.000000 -2.655973 0.000000
vt 2.500000 -2.764380 0.000000
vt 0.000000 -2.764380 0.000000
vt 2.500000 -2.872787 0.000000
vt 0.000000 -2.872787 0.000000
vt 2.500000 -2.981194 0.000000
vt 0.000000 -2.981194 0.000000
vt 2.500000 -3.089602 0.000000
vt 0.000000 -3.089602 0.000000
vt 2.500000 -3.198009 0.000000
vt 0.000000 -3.198009 0.000000
vt 2.500000 -3.306416 0.000000
vt 0.000000 -3.306416 0.000000
vt 2.500000 -3.414823 0.000000
vt 0.000000 -3.414823 0.000000
vt 2.500000 -3.523230 0.000000
vt 0.000000 -3.523230 0.000000
vt 2.500000 -3.631637 0.000000
vt 0.000000 -3.631637 0.000000
vt 2.500000 -3.740044 0.000000
vt 0.000000 -3.740044 0.000000
vt 2.500000 -3.848451 0.000000
vt 0.000000 -3.848451 0.000000
vt 2.500000 3.848451 0.000000
vt 0.000000 3.848451 0.000000
vt 2.500000 3.740044 0.000000
vt 0.000000 3.740044 0.000000
vt 2.500000 3.631637 0.000000
vt 0.000000 3.631637 0.000000
vt 2.500000 3.523230 0.000000
vt 0.000000 3.523230 0.000000
vt 2.500000 3.414823 0.000000
vt 0.000000 3.414823 0.000000
vt 2.500000 3.306416 0.000000
vt 0.000000 3.306416 0.000000
vt 2.500000 3.198009 0.000000
vt 0.000000 3.198009 0.000000
vt 2.500000 3.089602 0.000000
vt 0.000000 3.089602 0.000000
vt 2.500000 2.981194 0.000000
vt 0.000000 2.981194 0.000000
vt 2.500000 2.872787 0.000000
vt 0.000000 2.872787 0.000000
vt 2.500000 2.764380 0.000000
vt 0.000000 2.764380 0.000000
vt 2.500000 2.655973 0.000000
vt 0.000000 2.655973 0.000000
vt 2.500000 2.547566 0.000000
vt 0.000000 2.547566 0.000000
vt 2.500000 2.439159 0.000000
vt 0.000000 2.439159 0.000000
vt 2.500000 2.330752 0.000000
vt 0.000000 2.330752 0.000000
vt 2.500000 2.222345 0.000000
vt 0.000000 2.222345 0.000000
vt 2.500000 2.113938 0.000000
vt 0.000000 2.113938 0.000000
vt 2.500000 2.005531 0.000000
vt 0.000000 2.005531 0.000000
vt 2.500000 1.897124 0.000000
vt 0.000000 1.897124 0.000000
vt 2.500000 1.788717 0.000000
vt 0.000000 1.788717 0.000000
vt 2.500000 1.680310 0.000000
vt 0.000000 1.680310 0.000000
vt 2.500000 1.571903 0.000000
vt 0.000000 1.571903 0.000000
vt 2.500000 1.463495 0.000000
vt 0.000000 1.463495 0.000000
vt 2.500000 1.355088 0.000000
vt 0.000000 1.355088 0.000000
vt 2.500000 1.246681 0.000000
vt 0.000000 1.246681 0.000000
vt 2.500000 1.138274 0.000000
vt 0.000000 1.138274 0.000000
vt 2.500000 1.029867 0.000000
vt 0.000000 1.029867 0.000000
vt 2.500000 0.921460 0.000000
vt 0.000000 0.921460 0.000000
vt 2.500000 0.813053 0.000000
vt 0.000000 0.813053 0.000000
vt 2.500000 0.704646 0.000000
vt 0.000000 0.704646 0.000000
vt 2.500000 0.596239 0.000000
vt 0.000000 0.596239 0.000000
vt 2.500000 0.487832 0.000000
vt 0.000000 0.487832 0.000000
vt 2.500000 0.379425 0.000000
vt 0.000000 0.379425 0.000000
vt 2.500000 0.271018 0.000000
vt 0.000000 0.271018 0.000000
vt 2.500000 0.162611 0.000000
vt 0.000000 0.162611 0.000000
vt 2.500000 0.054204 0.000000
vt 0.000000 0.054204 0.000000
vt 2.500000 -0.054204 0.000000
vt 0.000000 -0.054204 0.000000
vt 2.500000 -0.162611 0.000000
vt 0.000000 -0.162611 0.000000
vt 2.500000 -0.271018 0.000000
vt 0.000000 -0.271018 0.000000
vt 2.500000 -0.379425 0.000000
vt 0.000000 -0.379425 0.000000
vt 2.500000 -0.487832 0.000000
vt 0.000000 -0.487832 0.000000
vt 2.500000 -0.596239 0.000000
vt 0.000000 -0.596239 0.000000
vt 2.500000 -0.704646 0.000000
vt 0.000000 -0.704646 0.000000
vt 2.500000 -0.813053 0.000000
vt 0.000000 -0.813053 0.000000
vt 2.500000 -0.921460 0.000000
vt 0.000000 -0.921460 0.000000
vt 2.500000 -1.029867 0.000000
vt 0.000000 -1.029867 0.000000
vt 2.500000 -1.138274 0.000000
vt 0.000000 -1.138274 0.000000
vt 2.500000 -1.246681 0.000000
vt 0.000000 -1.246681 0.000000
vt 2.500000 -1.355088 0.000000
vt 0.000000 -1.355088 0.000000
vt 2.500000 -1.463495 0.000000
vt 0.000000 -1.463495 0.000000
vt 2.500000 -1.571903 0.000000
vt 0.000000 -1.571903 0.000000
vt 2.500000 -1.680310 0.000000
vt 0.000000 -1.680310 0.000000
vt 2.500000 -1.788717 0.000000
vt 0.000000 -1.788717 0.000000
vt 2.500000 -1.897124 0.000000
vt 0.000000 -1.897124 0.000000
vt 2.500000 -2.005531 0.000000
vt 0.000000 -2.005531 0.000000
vt 2.500000 -2.113938 0.000000
vt 0.000000 -2.113938 0.000000
vt 2.500000 -2.222345 0.000000
vt 0.000000 -2.222345 0.000000
vt 2.500000 -2.330752 0.000000
vt 0.000000 -2.330752 0.000000
vt 2.500000 -2.439159 0.000000
vt 0.000000 -2.439159 0.000000
vt 2.500000 -2.547566 0.000000
vt 0.000000 -2.547566 0.000000
vt 2.500000 -2.655973 0.000000
vt 0.000000 -2.655973 0.000000
vt 2.500000 -2.764380 0.000000
vt 0.000000 -2.764380 0.000000
vt 2.500000 -2.872787 0.000000
vt 0.000000 -2.872787 0.000000
vt 2.500000 -2.981194 0.000000
vt 0.000000 -2.981194 0.000000
vt 2.500000 -3.089602 0.000000
vt 0.000000 -3.089602 0.000000
vt 2.500000 -3.198009 0.000000
vt 0.000000 -3.198009 0.000000
vt 2.500000 -3.306416 0.000000
vt 0.000000 -3.306416 0.000000
vt 2.500000 -3.414823 0.000000
vt 0.000000 -3.414823 0.000000
vt 2.500000 -3.523230 0.000000
vt 0.000000 -3.523230 0.000000
vt 2.500000 -3.631637 0.000000
vt 0.000000 -3.631637 0.000000
vt 0.000000 0.698132 0.000000
vt 1.250000 0.687223 0.000000
vt 0.000000 0.785398 0.000000
vt 2.500000 0.698132 0.000000
vt 2.500000 0.785398 0.000000
vt 0.000000 0.610865 0.000000
vt 1.250000 0.589049 0.000000
vt 2.500000 0.610865 0.000000
vt 2.500000 0.523599 0.000000
vt 1.250000 0.490874 0.000000
vt 2.500000 0.436332 0.000000
vt 1.250000 0.392699 0.000000
vt 2.500000 0.349066 0.000000
vt 1.250000 0.294524 0.000000
vt 2.500000 0.261799 0.000000
vt 1.250000 0.196350 0.000000
vt 2.500000 0.174533 0.000000
vt 1.250000 0.098175 0.000000
vt 2.500000 0.087266 0.000000
vt 2.500000 0.000000 0.000000
vt 0.000000 0.087266 0.000000
vt 0.000000 0.000000 0.000000
vt 0.000000 0.523599 0.000000
vt -0.000000 0.436332 0.000000
vt 0.000000 0.349066 0.000000
vt 0.000000 0.261799 0.000000
vt 0.000000 0.174533 0.000000
vt 0.000000 0.000000 0.000000
vt 1.408129 0.000000 0.000000
vt 0.000000 2.500000 0.000000
vt 1.408129 2.500000 0.000000
vt 0.000000 0.698132 0.000000
vt 1.250000 0.687223 0.000000
vt 0.000000 0.785398 0.000000
vt 2.500000 0.698132 0.000000
vt 2.500000 0.785398 0.000000
vt 0.000000 0.610865 0.000000
vt 1.250000 0.589049 0.000000
vt 2.500000 0.610865 0.000000
vt 2.500000 0.523599 0.000000
vt 1.250000 0.490874 0.000000
vt 2.500000 0.436332 0.000000
vt 1.250000 0.392699 0.000000
vt 2.500000 0.349066 0.000000
vt 1.250000 0.294524 0.000000
vt 2.500000 0.261799 0.000000
vt 1.250000 0.196350 0.000000
vt 2.500000 0.174533 0.000000
vt 1.250000 0.098175 0.000000
vt 2.500000 0.087266 0.000000
vt 2.500000 0.000000 0.000000
vt 0.000000 0.087266 0.000000
vt 0.000000 0.000000 0.000000
vt 0.000000 0.523599 0.000000
vt 0.000000 0.436332 0.000000
vt 0.000000 0.349066 0.000000
vt 0.000000 0.261799 0.000000
vt 0.000000 0.174533 0.000000
vt 0.000000 0.000000 0.000000
vt 4.504302 0.000000 0.000000
vt 0.000000 2.500000 0.000000
vt 4.504302 2.500000 0.000000
vt 0.000000 0.000000 0.000000
vt 2.000000 0.000000 0.000000
vt 0.000000 2.500000 0.000000
vt 2.000000 2.500000 0.000000
vt 0.000000 0.000000 0.000000
vt 7.100000 0.000000 0.000000
vt 0.000000 2.500000 0.000000
vt 7.100000 2.500000 0.000000
vt -2.500000 0.000000 0.000000
vt -0.000000 0.000000 0.000000
vt -2.500000 0.143990 0.000000
vt -0.000000 0.143990 0.000000
vt -2.500000 0.287979 0.000000
vt -0.000000 0.287979 0.000000
vt -2.500000 0.431969 0.000000
vt -0.000000 0.431969 0.000000
vt -2.500000 0.575959 0.000000
vt -0.000000 0.575959 0.000000
vt -2.500000 0.719948 0.000000
vt -0.000000 0.719948 0.000000
vt -2.500000 0.863938 0.000000
vt -0.000000 0.863938 0.000000
vt -2.500000 1.007928 0.000000
vt -0.000000 1.007928 0.000000
vt -2.500000 1.151917 0.000000
vt -0.000000 1.151917 0.000000
vt -2.500000 1.295907 0.000000
vt -0.000000 1.295907 0.000000
vt -2.500000 1.439897 0.000000
vt -0.000000 1.439897 0.000000
vt -2.500000 1.583886 0.000000
vt -0.000000 1.583886 0.000000
vt -2.500000 1.727876 0.000000
vt -0.000000 1.727876 0.000000
vt -2.500000 1.871866 0.000000
vt -0.000000 1.871866 0.000000
vt -2.500000 2.015855 0.000000
vt -0.000000 2.015855 0.000000
vt -2.500000 2.159845 0.000000
vt -0.000000 2.159845 0.000000
vt -2.500000 2.303835 0.000000
vt -0.000000 2.303835 0.000000
vt -2.500000 2.447824 0.000000
vt -0.000000 2.447824 0.000000
vt -2.500000 2.591814 0.000000
vt -0.000000 2.591814 0.000000
vt -2.500000 2.735804 0.000000
vt -0.000000 2.735804 0.000000
vt -2.500000 2.879793 0.000000
vt -0.000000 2.879793 0.000000
vt -2.500000 3.023783 0.000000
vt -0.000000 3.023783 0.000000
vt -2.500000 3.167773 0.000000
vt -0.000000 3.167773 0.000000
vt -2.500000 3.311762 0.000000
vt -0.000000 3.311762 0.000000
vt -2.500000 3.455752 0.000000
vt -0.000000 3.455752 0.000000
vt -0.000000 0.000000 0.000000
vt 17.600000 0.000000 0.000000
vt -0.000000 2.500000 0.000000
vt 17.600000 2.500000 0.000000
vt -2.500000 0.000000 0.000000
vt -0.000000 0.000000 0.000000
vt -2.500000 0.143990 0.000000
vt -0.000000 0.143990 0.000000
vt -2.500000 0.287979 0.000000
vt -0.000000 0.287979 0.000000
vt -2.500000 0.431969 0.000000
vt -0.000000 0.431969 0.000000
vt -2.500000 0.575959 0.000000
vt -0.000000 0.575959 0.000000
vt -2.500000 0.719948 0.000000
vt -0.000000 0.719948 0.000000
vt -2.500000 0.863938 0.000000
vt -0.000000 0.863938 0.000000
vt -2.500000 1.007928 0.000000
vt -0.000000 1.007928 0.000000
vt -2.500000 1.151917 0.000000
vt -0.000000 1.151917 0.000000
vt -2.500000 1.295907 0.000000
vt -0.000000 1.295907 0.000000
vt -2.500000 1.439897 0.000000
vt -0.000000 1.439897 0.000000
vt -2.500000 1.583886 0.000000
vt -0.000000 1.583886 0.000000
vt -2.500000 1.727876 0.000000
vt -0.000000 1.727876 0.000000
vt -2.500000 1.871866 0.000000
vt -0.000000 1.871866 0.000000
vt -2.500000 2.015855 0.000000
vt -0.000000 2.015855 0.000000
vt -2.500000 2.159845 0.000000
vt -0.000000 2.159845 0.000000
vt -2.500000 2.303835 0.000000
vt -0.000000 2.303835 0.000000
vt -2.500000 2.447824 0.000000
vt -0.000000 2.447824 0.000000
vt -2.500000 2.591814 0.000000
vt -0.000000 2.591814 0.000000
vt -2.500000 2.735804 0.000000
vt -0.000000 2.735804 0.000000
vt -2.500000 2.879793 0.000000
vt -0.000000 2.879793 0.000000
vt -2.500000 3.023783 0.000000
vt -0.000000 3.023783 0.000000
vt -2.500000 3.167773 0.000000
vt -0.000000 3.167773 0.000000
vt -2.500000 3.311762 0.000000
vt -0.000000 3.311762 0.000000
vt -2.500000 3.455752 0.000000
vt -0.000000 3.455752 0.000000
vt 0.000000 0.000000 0.000000
vt 7.100000 0.000000 0.000000
vt -0.000000 2.500000 0.000000
vt 7.100000 2.500000 0.000000
vt 0.000000 0.000000 0.000000
vt 2.000000 0.000000 0.000000
vt -0.000000 2.500000 0.000000
vt 2.000000 2.500000 0.000000
vt 0.000000 0.000000 0.000000
vt 4.671573 0.000000 0.000000
vt 0.000000 2.500000 0.000000
vt 4.671573 2.500000 0.000000
vt -0.000000 0.698132 0.000000
vt 1.250000 0.687223 0.000000
vt 0.000000 0.785398 0.000000
vt 2.500000 0.698132 0.000000
vt 2.500000 0.785398 0.000000
vt 0.000000 0.610865 0.000000
vt 1.250000 0.589049 0.000000
vt 2.500000 0.610865 0.000000
vt 2.500000 0.523599 0.000000
vt 1.250000 0.490874 0.000000
vt 2.500000 0.436332 0.000000
vt 1.250000 0.392699 0.000000
vt 2.500000 0.349066 0.000000
vt 1.250000 0.294524 0.000000
vt 2.500000 0.261799 0.000000
vt 1.250000 0.196350 0.000000
vt 2.500000 0.174533 0.000000
vt 1.250000 0.098175 0.000000
vt 2.500000 0.087266 0.000000
vt 2.500000 0.000000 0.000000
vt 0.000000 0.087266 0.000000
vt 0.000000 0.000000 0.000000
vt -0.000000 0.523599 0.000000
vt -0.000000 0.436332 0.000000
vt -0.000000 0.349066 0.000000
vt -0.000000 0.261799 0.000000
vt -0.000000 0.174533 0.000000
vt 0.000000 0.000000 0.000000
vt 1.171573 0.000000 0.000000
vt 0.000000 2.500000 0.000000
vt 1.171573 2.500000 0.000000
vt -0.000000 0.698132 0.000000
vt 1.250000 0.687223 0.000000
vt -0.000000 0.785398 0.000000
vt 2.500000 0.698132 0.000000
vt 2.500000 0.785398 0.000000
vt 0.000000 0.610865 0.000000
vt 1.250000 0.589049 0.000000
vt 2.500000 0.610865 0.000000
vt 2.500000 0.523599 0.000000
vt 1.250000 0.490874 0.000000
vt 2.500000 0.436332 0.000000
vt 1.250000 0.392699 0.000000
vt 2.500000 0.349066 0.000000
vt 1.250000 0.294524 0.000000
vt 2.500000 0.261799 0.000000
vt 1.250000 0.196350 0.000000
vt 2.500000 0.174533 0.000000
vt 1.250000 0.098175 0.000000
vt 2.500000 0.087266 0.000000
vt 2.500000 0.000000 0.000000
vt -0.000000 0.087266 0.000000
vt -0.000000 0.000000 0.000000
vt -0.000000 0.523599 0.000000
vt 0.000000 0.436332 0.000000
vt -0.000000 0.349066 0.000000
vt 0.000000 0.261799 0.000000
vt -0.000000 0.174533 0.000000
vt 0.000000 0.000000 0.000000
vt 14.175875 0.000000 0.000000
vt 0.000000 2.500000 0.000000
vt 14.175875 2.500000 0.000000
vt 7.171573 1.850000 0.000000
vt 0.027100 2.125300 0.000000
vt -7.004302 1.850000 0.000000
vt -0.081246 2.127697 0.000000
vt -4.372900 2.125300 0.000000
vt -4.264767 2.132487 0.000000
vt -0.188955 2.139661 0.000000
vt -4.157693 2.149204 0.000000
vt -0.295185 2.161097 0.000000
vt -4.052514 2.175318 0.000000
vt -0.399106 2.191838 0.000000
vt -3.950056 2.210625 0.000000
vt -0.499902 2.231643 0.000000
vt -3.851118 2.254850 0.000000
vt -0.596787 2.280201 0.000000
vt -3.756477 2.307646 0.000000
vt -0.689000 2.337131 0.000000
vt -3.666871 2.368599 0.000000
vt -0.775822 2.401989 0.000000
vt -3.583004 2.437234 0.000000
vt -0.856571 2.474265 0.000000
vt -3.505531 2.513012 0.000000
vt -0.930617 2.553396 0.000000
vt -3.435058 2.595340 0.000000
vt -0.997379 2.638761 0.000000
vt -3.372137 2.683575 0.000000
vt -1.056335 2.729693 0.000000
vt -3.317260 2.777026 0.000000
vt -1.107025 2.825480 0.000000
vt -3.270858 2.874960 0.000000
vt -1.149050 2.925371 0.000000
vt -3.233292 2.976613 0.000000
vt -1.182082 3.028586 0.000000
vt -3.204858 3.081188 0.000000
vt -1.205863 3.134316 0.000000
vt -3.185777 3.187867 0.000000
vt -1.220206 3.241734 0.000000
vt -3.176199 3.295814 0.000000
vt -1.225000 3.350000 0.000000
vt -3.176199 3.404186 0.000000
vt -1.220206 3.458266 0.000000
vt -3.185777 3.512133 0.000000
vt -1.205863 3.565684 0.000000
vt -3.204858 3.618812 0.000000
vt -1.182082 3.671414 0.000000
vt -3.233292 3.723387 0.000000
vt -1.149050 3.774629 0.000000
vt -3.270858 3.825040 0.000000
vt -1.107025 3.874520 0.000000
vt -3.317260 3.922974 0.000000
vt -1.056335 3.970307 0.000000
vt -3.372137 4.016425 0.000000
vt -0.997379 4.061239 0.000000
vt -3.435058 4.104660 0.000000
vt -0.930617 4.146604 0.000000
vt -3.505531 4.186988 0.000000
vt -0.856571 4.225735 0.000000
vt -3.583004 4.262766 0.000000
vt -0.775822 4.298011 0.000000
vt -3.666871 4.331401 0.000000
vt -0.689000 4.362869 0.000000
vt -3.756477 4.392354 0.000000
vt -0.596787 4.419799 0.000000
vt -3.851118 4.445150 0.000000
vt -0.499902 4.468357 0.000000
vt -3.950056 4.489375 0.000000
vt -0.399106 4.508162 0.000000
vt -4.052514 4.524682 0.000000
vt -0.295185 4.538903 0.000000
vt -4.157693 4.550796 0.000000
vt -0.188955 4.560339 0.000000
vt -4.264767 4.567513 0.000000
vt -0.081246 4.572303 0.000000
vt -4.372900 4.574700 0.000000
vt 0.027100 4.574700 0.000000
vt -8.800000 4.650000 0.000000
vt 8.800000 4.650000 0.000000
vt 4.427100 4.574700 0.000000
vt 4.535233 4.567513 0.000000
vt 7.258729 1.846195 0.000000
vt 8.024178 2.401989 0.000000
vt 7.943429 2.474265 0.000000
vt 7.869383 2.553396 0.000000
vt 8.111000 2.337131 0.000000
vt 7.345221 1.834808 0.000000
vt 8.203213 2.280201 0.000000
vt 7.430392 1.815926 0.000000
vt 8.300098 2.231643 0.000000
vt 7.513593 1.789693 0.000000
vt 8.400894 2.191838 0.000000
vt 7.594191 1.756308 0.000000
vt 8.504815 2.161097 0.000000
vt 7.671573 1.716025 0.000000
vt 8.611045 2.139661 0.000000
vt 7.745149 1.669152 0.000000
vt 8.718754 2.127697 0.000000
vt 7.814360 1.616044 0.000000
vt 7.878680 1.557107 0.000000
vt 8.707107 0.728680 0.000000
vt 9.042307 2.149204 0.000000
vt 8.935233 2.132487 0.000000
vt 8.827100 2.125300 0.000000
vt 8.766044 0.664360 0.000000
vt 11.000000 2.450000 0.000000
vt 9.249944 2.210625 0.000000
vt 9.147486 2.175318 0.000000
vt 8.819152 0.595149 0.000000
vt 8.866025 0.521573 0.000000
vt 8.906308 0.444191 0.000000
vt 8.939693 0.363593 0.000000
vt 8.965926 0.280392 0.000000
vt 8.984808 0.195221 0.000000
vt 8.996195 0.108729 0.000000
vt 9.000000 0.021573 0.000000
vt 11.000000 -4.650000 0.000000
vt 9.000000 -4.650000 0.000000
vt 10.995290 2.593887 0.000000
vt 9.764942 2.595340 0.000000
vt 9.694469 2.513012 0.000000
vt 9.616996 2.437234 0.000000
vt 9.827863 2.683575 0.000000
vt 10.981179 2.737158 0.000000
vt 9.882740 2.777026 0.000000
vt 9.929142 2.874960 0.000000
vt 10.957728 2.879199 0.000000
vt 9.966708 2.976613 0.000000
vt 10.925037 3.019402 0.000000
vt 9.995142 3.081188 0.000000
vt 10.883246 3.157167 0.000000
vt 10.014223 3.187867 0.000000
vt 10.832535 3.291904 0.000000
vt 10.023801 3.295814 0.000000
vt 10.773120 3.423035 0.000000
vt 10.023801 3.404186 0.000000
vt 10.705256 3.550000 0.000000
vt 10.014223 3.512133 0.000000
vt 9.995142 3.618812 0.000000
vt 10.629233 3.672255 0.000000
vt 9.966708 3.723387 0.000000
vt 10.545377 3.789275 0.000000
vt 9.929142 3.825040 0.000000
vt 10.454048 3.900561 0.000000
vt 9.882740 3.922974 0.000000
vt 10.355635 4.005635 0.000000
vt 9.827863 4.016425 0.000000
vt 10.250561 4.104048 0.000000
vt 9.764942 4.104660 0.000000
vt 10.139275 4.195377 0.000000
vt 9.694469 4.186988 0.000000
vt 10.022255 4.279233 0.000000
vt 9.616996 4.262766 0.000000
vt 9.900000 4.355256 0.000000
vt 9.533129 4.331401 0.000000
vt 9.773035 4.423120 0.000000
vt 9.443523 4.392354 0.000000
vt 9.641904 4.482535 0.000000
vt 9.348882 4.445150 0.000000
vt 9.507167 4.533246 0.000000
vt 9.249944 4.489375 0.000000
vt 9.369402 4.575037 0.000000
vt 9.147486 4.524682 0.000000
vt 9.229199 4.607728 0.000000
vt 9.042307 4.550796 0.000000
vt 9.087158 4.631179 0.000000
vt 8.935233 4.567513 0.000000
vt 8.943887 4.645290 0.000000
vt 8.827100 4.574700 0.000000
vt 8.718754 4.572303 0.000000
vt 8.611045 4.560339 0.000000
vt 8.504815 4.538903 0.000000
vt 8.400894 4.508162 0.000000
vt 4.747486 4.524682 0.000000
vt 4.849944 4.489375 0.000000
vt -8.943887 4.645290 0.000000
vt -8.881246 4.572303 0.000000
vt -8.772900 4.574700 0.000000
vt -8.664767 4.567513 0.000000
vt -8.988955 4.560339 0.000000
vt -9.087158 4.631179 0.000000
vt -9.095185 4.538903 0.000000
vt -9.229199 4.607728 0.000000
vt -9.199106 4.508162 0.000000
vt -9.369402 4.575037 0.000000
vt -9.299902 4.468357 0.000000
vt -9.507167 4.533246 0.000000
vt -9.396787 4.419799 0.000000
vt -9.641904 4.482535 0.000000
vt -9.489000 4.362869 0.000000
vt -9.773035 4.423120 0.000000
vt -9.575822 4.298011 0.000000
vt -9.900000 4.355256 0.000000
vt -9.656571 4.225735 0.000000
vt -10.022255 4.279233 0.000000
vt -9.730617 4.146604 0.000000
vt -10.139275 4.195377 0.000000
vt -9.797379 4.061239 0.000000
vt -10.250561 4.104048 0.000000
vt -9.856335 3.970307 0.000000
vt -10.355635 4.005635 0.000000
vt -9.907025 3.874520 0.000000
vt -10.454048 3.900561 0.000000
vt -9.949050 3.774629 0.000000
vt -10.545377 3.789275 0.000000
vt -9.982082 3.671414 0.000000
vt -10.629233 3.672255 0.000000
vt -10.005863 3.565684 0.000000
vt -10.705256 3.550000 0.000000
vt -10.020206 3.458266 0.000000
vt -10.773120 3.423035 0.000000
vt -10.025000 3.350000 0.000000
vt -10.832535 3.291904 0.000000
vt -10.020206 3.241734 0.000000
vt -10.883246 3.157167 0.000000
vt -10.005863 3.134316 0.000000
vt -10.925037 3.019402 0.000000
vt -9.982082 3.028586 0.000000
vt -9.949050 2.925371 0.000000
vt -10.957728 2.879199 0.000000
vt -9.907025 2.825480 0.000000
vt -10.981179 2.737158 0.000000
vt -9.856335 2.729693 0.000000
vt -10.995290 2.593887 0.000000
vt -9.797379 2.638761 0.000000
vt -11.000000 2.450000 0.000000
vt -9.730617 2.553396 0.000000
vt -9.656571 2.474265 0.000000
vt -9.575822 2.401989 0.000000
vt -9.489000 2.337131 0.000000
vt -9.396787 2.280201 0.000000
vt -9.299902 2.231643 0.000000
vt -9.199106 2.191838 0.000000
vt -8.707107 0.561409 0.000000
vt -9.095185 2.161097 0.000000
vt -8.988955 2.139661 0.000000
vt -7.711409 1.557107 0.000000
vt -8.881246 2.127697 0.000000
vt -8.772900 2.125300 0.000000
vt -8.664767 2.132487 0.000000
vt -7.647090 1.616044 0.000000
vt -7.577879 1.669152 0.000000
vt -11.000000 -4.650000 0.000000
vt -9.000000 -0.145698 0.000000
vt -8.996195 -0.058542 0.000000
vt -8.984808 0.027950 0.000000
vt -9.000000 -4.650000 0.000000
vt -8.965926 0.113121 0.000000
vt -8.939693 0.196322 0.000000
vt -8.906308 0.276921 0.000000
vt -8.866025 0.354302 0.000000
vt -8.819152 0.427879 0.000000
vt -8.766044 0.497090 0.000000
vt -8.557693 2.149204 0.000000
vt -7.504302 1.716025 0.000000
vt -8.452514 2.175318 0.000000
vt -7.426921 1.756308 0.000000
vt -8.350056 2.210625 0.000000
vt -7.346322 1.789693 0.000000
vt -8.251118 2.254850 0.000000
vt -7.263121 1.815926 0.000000
vt -8.156477 2.307646 0.000000
vt -7.177950 1.834808 0.000000
vt -8.066871 2.368599 0.000000
vt -7.091458 1.846195 0.000000
vt -7.983004 2.437234 0.000000
vt -7.905531 2.513012 0.000000
vt -7.835058 2.595340 0.000000
vt -5.330617 2.553396 0.000000
vt -5.397379 2.638761 0.000000
vt -8.557693 4.550796 0.000000
vt -8.452514 4.524682 0.000000
vt -4.799106 4.508162 0.000000
vt -8.350056 4.489375 0.000000
vt -4.899902 4.468357 0.000000
vt -8.251118 4.445150 0.000000
vt -4.996787 4.419799 0.000000
vt -8.156477 4.392354 0.000000
vt -5.089000 4.362869 0.000000
vt -8.066871 4.331401 0.000000
vt -5.175822 4.298011 0.000000
vt -7.983004 4.262766 0.000000
vt -5.256571 4.225735 0.000000
vt -7.905531 4.186988 0.000000
vt -5.330617 4.146604 0.000000
vt -7.835058 4.104660 0.000000
vt -5.397379 4.061239 0.000000
vt -7.772137 4.016425 0.000000
vt -5.456335 3.970307 0.000000
vt -7.717260 3.922974 0.000000
vt -5.507025 3.874520 0.000000
vt -7.670858 3.825040 0.000000
vt -5.549050 3.774629 0.000000
vt -7.633292 3.723387 0.000000
vt -5.582082 3.671414 0.000000
vt -7.604858 3.618812 0.000000
vt -5.605863 3.565684 0.000000
vt -7.585777 3.512133 0.000000
vt -5.620206 3.458266 0.000000
vt -7.576199 3.404186 0.000000
vt -5.625000 3.350000 0.000000
vt -7.576199 3.295814 0.000000
vt -5.620206 3.241734 0.000000
vt -7.585777 3.187867 0.000000
vt -5.605863 3.134316 0.000000
vt -7.604858 3.081188 0.000000
vt -5.582082 3.028586 0.000000
vt -7.633292 2.976613 0.000000
vt -5.549050 2.925371 0.000000
vt -7.670858 2.874960 0.000000
vt -5.507025 2.825480 0.000000
vt -7.717260 2.777026 0.000000
vt -5.456335 2.729693 0.000000
vt -7.772137 2.683575 0.000000
vt -4.695185 4.538903 0.000000
vt -4.588955 4.560339 0.000000
vt -4.481246 4.572303 0.000000
vt -4.481246 2.127697 0.000000
vt -4.588955 2.139661 0.000000
vt -4.695185 2.161097 0.000000
vt -4.799106 2.191838 0.000000
vt -4.899902 2.231643 0.000000
vt -4.996787 2.280201 0.000000
vt -5.089000 2.337131 0.000000
vt -5.175822 2.401989 0.000000
vt -5.256571 2.474265 0.000000
vt 4.318754 4.572303 0.000000
vt 0.135233 4.567513 0.000000
vt 4.211045 4.560339 0.000000
vt 0.242307 4.550796 0.000000
vt 4.104815 4.538903 0.000000
vt 0.347486 4.524682 0.000000
vt 4.000894 4.508162 0.000000
vt 0.449944 4.489375 0.000000
vt 3.900098 4.468357 0.000000
vt 0.548882 4.445150 0.000000
vt 3.803213 4.419799 0.000000
vt 0.643523 4.392354 0.000000
vt 3.711000 4.362869 0.000000
vt 0.733129 4.331401 0.000000
vt 3.624178 4.298011 0.000000
vt 0.816996 4.262766 0.000000
vt 3.543429 4.225735 0.000000
vt 0.894469 4.186988 0.000000
vt 3.469383 4.146604 0.000000
vt 0.964942 4.104660 0.000000
vt 3.402621 4.061239 0.000000
vt 1.027863 4.016425 0.000000
vt 3.343665 3.970307 0.000000
vt 1.082740 3.922974 0.000000
vt 3.292975 3.874520 0.000000
vt 1.129142 3.825040 0.000000
vt 3.250950 3.774629 0.000000
vt 1.166708 3.723387 0.000000
vt 3.217918 3.671414 0.000000
vt 1.195142 3.618812 0.000000
vt 3.194137 3.565684 0.000000
vt 1.214223 3.512133 0.000000
vt 3.179794 3.458266 0.000000
vt 1.223801 3.404186 0.000000
vt 3.175000 3.350000 0.000000
vt 1.223801 3.295814 0.000000
vt 3.179794 3.241734 0.000000
vt 1.214223 3.187867 0.000000
vt 3.194137 3.134316 0.000000
vt 1.195142 3.081188 0.000000
vt 3.217918 3.028586 0.000000
vt 1.166708 2.976613 0.000000
vt 3.250950 2.925371 0.000000
vt 1.129142 2.874960 0.000000
vt 3.292975 2.825480 0.000000
vt 1.082740 2.777026 0.000000
vt 3.343665 2.729693 0.000000
vt 1.027863 2.683575 0.000000
vt 3.402621 2.638761 0.000000
vt 0.964942 2.595340 0.000000
vt 3.469383 2.553396 0.000000
vt 0.894469 2.513012 0.000000
vt 3.543429 2.474265 0.000000
vt 0.816996 2.437234 0.000000
vt 3.624178 2.401989 0.000000
vt 0.733129 2.368599 0.000000
vt 3.711000 2.337131 0.000000
vt 0.643523 2.307646 0.000000
vt 3.803213 2.280201 0.000000
vt 0.548882 2.254850 0.000000
vt 3.900098 2.231643 0.000000
vt 0.449944 2.210625 0.000000
vt 4.000894 2.191838 0.000000
vt 0.347486 2.175318 0.000000
vt 4.104815 2.161097 0.000000
vt 0.242307 2.149204 0.000000
vt 4.211045 2.139661 0.000000
vt 0.135233 2.132487 0.000000
vt 4.318754 2.127697 0.000000
vt 4.642307 4.550796 0.000000
vt 8.300098 4.468357 0.000000
vt 4.948882 4.445150 0.000000
vt 8.203213 4.419799 0.000000
vt 5.043523 4.392354 0.000000
vt 8.111000 4.362869 0.000000
vt 5.133129 4.331401 0.000000
vt 8.024178 4.298011 0.000000
vt 5.216996 4.262766 0.000000
vt 7.943429 4.225735 0.000000
vt 5.294469 4.186988 0.000000
vt 7.869383 4.146604 0.000000
vt 5.364942 4.104660 0.000000
vt 7.802621 4.061239 0.000000
vt 5.427863 4.016425 0.000000
vt 7.743665 3.970307 0.000000
vt 5.482740 3.922974 0.000000
vt 7.692975 3.874520 0.000000
vt 5.529142 3.825040 0.000000
vt 7.650950 3.774629 0.000000
vt 5.566708 3.723387 0.000000
vt 7.617918 3.671414 0.000000
vt 5.595142 3.618812 0.000000
vt 7.594137 3.565684 0.000000
vt 5.614223 3.512133 0.000000
vt 7.579794 3.458266 0.000000
vt 5.623801 3.404186 0.000000
vt 7.575000 3.350000 0.000000
vt 5.623801 3.295814 0.000000
vt 7.579794 3.241734 0.000000
vt 5.614223 3.187867 0.000000
vt 7.594137 3.134316 0.000000
vt 5.595142 3.081188 0.000000
vt 7.617918 3.028586 0.000000
vt 5.566708 2.976613 0.000000
vt 7.650950 2.925371 0.000000
vt 5.529142 2.874960 0.000000
vt 7.692975 2.825480 0.000000
vt 5.482740 2.777026 0.000000
vt 7.743665 2.729693 0.000000
vt 5.427863 2.683575 0.000000
vt 7.802621 2.638761 0.000000
vt 5.364942 2.595340 0.000000
vt 5.294469 2.513012 0.000000
vt 5.216996 2.437234 0.000000
vt 5.133129 2.368599 0.000000
vt 5.043523 2.307646 0.000000
vt 4.948882 2.254850 0.000000
vt 4.849944 2.210625 0.000000
vt 4.747486 2.175318 0.000000
vt 4.642307 2.149204 0.000000
vt 4.535233 2.132487 0.000000
vt 4.427100 2.125300 0.000000
vt 9.533129 2.368599 0.000000
vt 9.443523 2.307646 0.000000
vt 9.348882 2.254850 0.000000
vt 7.004302 1.850000 0.000000
vt -0.027100 2.125300 0.000000
vt -7.171573 1.850000 0.000000
vt -4.318754 2.127697 0.000000
vt -4.427100 2.125300 0.000000
vt 7.091458 1.846195 0.000000
vt 7.983004 2.437234 0.000000
vt 7.905531 2.513012 0.000000
vt 7.835058 2.595340 0.000000
vt 8.066871 2.368599 0.000000
vt 7.177950 1.834808 0.000000
vt 8.156477 2.307646 0.000000
vt 7.263121 1.815926 0.000000
vt 8.251118 2.254850 0.000000
vt 7.346322 1.789693 0.000000
vt 8.350056 2.210625 0.000000
vt 7.426921 1.756308 0.000000
vt 8.452514 2.175318 0.000000
vt 7.504302 1.716025 0.000000
vt 8.557693 2.149204 0.000000
vt 7.577879 1.669152 0.000000
vt 8.664767 2.132487 0.000000
vt 7.647090 1.616044 0.000000
vt 7.711409 1.557107 0.000000
vt 8.707107 0.561409 0.000000
vt 8.988955 2.139661 0.000000
vt 8.881246 2.127697 0.000000
vt 8.772900 2.125300 0.000000
vt 8.766044 0.497090 0.000000
vt 11.000000 2.450000 0.000000
vt 9.199106 2.191838 0.000000
vt 9.095185 2.161097 0.000000
vt 8.819152 0.427879 0.000000
vt 8.866025 0.354302 0.000000
vt 8.906308 0.276921 0.000000
vt 8.939693 0.196322 0.000000
vt 8.965926 0.113121 0.000000
vt 8.984808 0.027950 0.000000
vt 8.996195 -0.058542 0.000000
vt 9.000000 -0.145698 0.000000
vt 11.000000 -4.650000 0.000000
vt 9.000000 -4.650000 0.000000
vt 10.995290 2.593887 0.000000
vt 9.797379 2.638761 0.000000
vt 9.730617 2.553396 0.000000
vt 9.656571 2.474265 0.000000
vt 9.856335 2.729693 0.000000
vt 10.981179 2.737158 0.000000
vt 9.907025 2.825480 0.000000
vt 10.957728 2.879199 0.000000
vt 9.949050 2.925371 0.000000
vt 10.925037 3.019402 0.000000
vt 9.982082 3.028586 0.000000
vt 10.005863 3.134316 0.000000
vt 10.883246 3.157167 0.000000
vt 10.020206 3.241734 0.000000
vt 10.832535 3.291904 0.000000
vt 10.025000 3.350000 0.000000
vt 10.773120 3.423035 0.000000
vt 10.020206 3.458266 0.000000
vt 10.705256 3.550000 0.000000
vt 10.005863 3.565684 0.000000
vt 10.629233 3.672255 0.000000
vt 9.982082 3.671414 0.000000
vt 10.545377 3.789275 0.000000
vt 9.949050 3.774629 0.000000
vt 10.454048 3.900561 0.000000
vt 9.907025 3.874520 0.000000
vt 10.355635 4.005635 0.000000
vt 9.856335 3.970307 0.000000
vt 10.250561 4.104048 0.000000
vt 9.797379 4.061239 0.000000
vt 10.139275 4.195377 0.000000
vt 9.730617 4.146604 0.000000
vt 10.022255 4.279233 0.000000
vt 9.656571 4.225735 0.000000
vt 9.900000 4.355256 0.000000
vt 9.575822 4.298011 0.000000
vt 9.773035 4.423120 0.000000
vt 9.489000 4.362869 0.000000
vt 9.641904 4.482535 0.000000
vt 9.396787 4.419799 0.000000
vt 9.507167 4.533246 0.000000
vt 9.299902 4.468357 0.000000
vt 9.369402 4.575037 0.000000
vt 9.199106 4.508162 0.000000
vt 9.229199 4.607728 0.000000
vt 9.095185 4.538903 0.000000
vt 9.087158 4.631179 0.000000
vt 8.988955 4.560339 0.000000
vt 8.943887 4.645290 0.000000
vt 8.881246 4.572303 0.000000
vt 8.800000 4.650000 0.000000
vt 8.772900 4.574700 0.000000
vt 8.664767 4.567513 0.000000
vt 8.557693 4.550796 0.000000
vt 8.452514 4.524682 0.000000
vt 4.799106 4.508162 0.000000
vt 8.350056 4.489375 0.000000
vt 4.899902 4.468357 0.000000
vt 8.251118 4.445150 0.000000
vt 4.996787 4.419799 0.000000
vt 8.156477 4.392354 0.000000
vt 5.089000 4.362869 0.000000
vt 8.066871 4.331401 0.000000
vt 5.175822 4.298011 0.000000
vt 7.983004 4.262766 0.000000
vt 5.256571 4.225735 0.000000
vt 7.905531 4.186988 0.000000
vt 5.330617 4.146604 0.000000
vt 7.835058 4.104660 0.000000
vt 5.397379 4.061239 0.000000
vt 7.772137 4.016425 0.000000
vt 5.456335 3.970307 0.000000
vt 7.717260 3.922974 0.000000
vt 5.507025 3.874520 0.000000
vt 7.670858 3.825040 0.000000
vt 5.549050 3.774629 0.000000
vt 7.633292 3.723387 0.000000
vt 5.582082 3.671414 0.000000
vt 7.604858 3.618812 0.000000
vt 5.605863 3.565684 0.000000
vt 7.585777 3.512133 0.000000
vt 5.620206 3.458266 0.000000
vt 7.576199 3.404186 0.000000
vt 5.625000 3.350000 0.000000
vt 7.576199 3.295814 0.000000
vt 5.620206 3.241734 0.000000
vt 7.585777 3.187867 0.000000
vt 5.605863 3.134316 0.000000
vt 7.604858 3.081188 0.000000
vt 5.582082 3.028586 0.000000
vt 7.633292 2.976613 0.000000
vt 5.549050 2.925371 0.000000
vt 7.670858 2.874960 0.000000
vt 5.507025 2.825480 0.000000
vt 7.717260 2.777026 0.000000
vt 5.456335 2.729693 0.000000
vt 7.772137 2.683575 0.000000
vt 5.397379 2.638761 0.000000
vt 5.330617 2.553396 0.000000
vt 5.256571 2.474265 0.000000
vt 5.175822 2.401989 0.000000
vt -8.800000 4.650000 0.000000
vt -0.027100 4.574700 0.000000
vt 4.372900 4.574700 0.000000
vt 4.481246 4.572303 0.000000
vt -8.943887 4.645290 0.000000
vt -8.827100 4.574700 0.000000
vt -8.718754 4.572303 0.000000
vt -8.611045 4.560339 0.000000
vt -8.935233 4.567513 0.000000
vt -9.087158 4.631179 0.000000
vt -9.042307 4.550796 0.000000
vt -9.229199 4.607728 0.000000
vt -9.147486 4.524682 0.000000
vt -9.369402 4.575037 0.000000
vt -9.249944 4.489375 0.000000
vt -9.507167 4.533246 0.000000
vt -9.348882 4.445150 0.000000
vt -9.641904 4.482535 0.000000
vt -9.443523 4.392354 0.000000
vt -9.773035 4.423120 0.000000
vt -9.533129 4.331401 0.000000
vt -9.900000 4.355256 0.000000
vt -9.616996 4.262766 0.000000
vt -10.022255 4.279233 0.000000
vt -9.694469 4.186988 0.000000
vt -10.139275 4.195377 0.000000
vt -9.764942 4.104660 0.000000
vt -10.250561 4.104048 0.000000
vt -9.827863 4.016425 0.000000
vt -10.355635 4.005635 0.000000
vt -9.882740 3.922974 0.000000
vt -10.454048 3.900561 0.000000
vt -9.929142 3.825040 0.000000
vt -10.545377 3.789275 0.000000
vt -9.966708 3.723387 0.000000
vt -10.629233 3.672255 0.000000
vt -9.995142 3.618812 0.000000
vt -10.705256 3.550000 0.000000
vt -10.014223 3.512133 0.000000
vt -10.023801 3.404186 0.000000
vt -10.773120 3.423035 0.000000
vt -10.023801 3.295814 0.000000
vt -10.832535 3.291904 0.000000
vt -10.014223 3.187867 0.000000
vt -10.883246 3.157167 0.000000
vt -9.995142 3.081188 0.000000
vt -10.925037 3.019402 0.000000
vt -9.966708 2.976613 0.000000
vt -10.957728 2.879199 0.000000
vt -9.929142 2.874960 0.000000
vt -10.981179 2.737158 0.000000
vt -9.882740 2.777026 0.000000
vt -9.827863 2.683575 0.000000
vt -10.995290 2.593887 0.000000
vt -9.764942 2.595340 0.000000
vt -11.000000 2.450000 0.000000
vt -9.694469 2.513012 0.000000
vt -9.616996 2.437234 0.000000
vt -9.533129 2.368599 0.000000
vt -9.443523 2.307646 0.000000
vt -9.348882 2.254850 0.000000
vt -9.249944 2.210625 0.000000
vt -8.707107 0.728680 0.000000
vt -9.147486 2.175318 0.000000
vt -9.042307 2.149204 0.000000
vt -7.878680 1.557107 0.000000
vt -8.935233 2.132487 0.000000
vt -8.827100 2.125300 0.000000
vt -8.718754 2.127697 0.000000
vt -7.814360 1.616044 0.000000
vt -7.745149 1.669152 0.000000
vt -11.000000 -4.650000 0.000000
vt -9.000000 0.021573 0.000000
vt -8.996195 0.108729 0.000000
vt -8.984808 0.195221 0.000000
vt -9.000000 -4.650000 0.000000
vt -8.965926 0.280392 0.000000
vt -8.939693 0.363593 0.000000
vt -8.906308 0.444191 0.000000
vt -8.866025 0.521573 0.000000
vt -8.819152 0.595149 0.000000
vt -8.766044 0.664360 0.000000
vt -8.611045 2.139661 0.000000
vt -7.671573 1.716025 0.000000
vt -8.504815 2.161097 0.000000
vt -7.594191 1.756308 0.000000
vt -8.400894 2.191838 0.000000
vt -7.513593 1.789693 0.000000
vt -8.300098 2.231643 0.000000
vt -7.430392 1.815926 0.000000
vt -8.203213 2.280201 0.000000
vt -7.345221 1.834808 0.000000
vt -8.111000 2.337131 0.000000
vt -7.258729 1.846195 0.000000
vt -8.024178 2.401989 0.000000
vt -7.943429 2.474265 0.000000
vt -7.869383 2.553396 0.000000
vt -5.364942 2.595340 0.000000
vt -7.802621 2.638761 0.000000
vt -5.427863 2.683575 0.000000
vt -7.743665 2.729693 0.000000
vt -5.482740 2.777026 0.000000
vt -7.692975 2.825480 0.000000
vt -5.529142 2.874960 0.000000
vt -7.650950 2.925371 0.000000
vt -5.566708 2.976613 0.000000
vt -7.617918 3.028586 0.000000
vt -5.595142 3.081188 0.000000
vt -7.594137 3.134316 0.000000
vt -5.614223 3.187867 0.000000
vt -7.579794 3.241734 0.000000
vt -5.623801 3.295814 0.000000
vt -7.575000 3.350000 0.000000
vt -5.623801 3.404186 0.000000
vt -7.579794 3.458266 0.000000
vt -5.614223 3.512133 0.000000
vt -7.594137 3.565684 0.000000
vt -5.595142 3.618812 0.000000
vt -7.617918 3.671414 0.000000
vt -5.566708 3.723387 0.000000
vt -7.650950 3.774629 0.000000
vt -5.529142 3.825040 0.000000
vt -7.692975 3.874520 0.000000
vt -5.482740 3.922974 0.000000
vt -7.743665 3.970307 0.000000
vt -5.427863 4.016425 0.000000
vt -7.802621 4.061239 0.000000
vt -5.364942 4.104660 0.000000
vt -7.869383 4.146604 0.000000
vt -5.294469 4.186988 0.000000
vt -7.943429 4.225735 0.000000
vt -5.216996 4.262766 0.000000
vt -8.024178 4.298011 0.000000
vt -5.133129 4.331401 0.000000
vt -8.111000 4.362869 0.000000
vt -5.043523 4.392354 0.000000
vt -8.203213 4.419799 0.000000
vt -4.948882 4.445150 0.000000
vt -8.300098 4.468357 0.000000
vt -4.849944 4.489375 0.000000
vt -8.400894 4.508162 0.000000
vt -4.747486 4.524682 0.000000
vt -4.642307 4.550796 0.000000
vt -4.535233 4.567513 0.000000
vt 9.575822 2.401989 0.000000
vt 9.489000 2.337131 0.000000
vt 9.396787 2.280201 0.000000
vt 9.299902 2.231643 0.000000
vt 5.089000 2.337131 0.000000
vt 4.996787 2.280201 0.000000
vt 4.899902 2.231643 0.000000
vt 4.799106 2.191838 0.000000
vt 4.695185 2.161097 0.000000
vt 4.588955 2.139661 0.000000
vt 4.481246 2.127697 0.000000
vt 4.372900 2.125300 0.000000
vt 0.081246 2.127697 0.000000
vt 4.264767 2.132487 0.000000
vt 0.188955 2.139661 0.000000
vt 4.157693 2.149204 0.000000
vt 0.295185 2.161097 0.000000
vt 4.052514 2.175318 0.000000
vt 0.399106 2.191838 0.000000
vt 3.950056 2.210625 0.000000
vt 0.499902 2.231643 0.000000
vt 3.851118 2.254850 0.000000
vt 0.596787 2.280201 0.000000
vt 3.756477 2.307646 0.000000
vt 0.689000 2.337131 0.000000
vt 3.666871 2.368599 0.000000
vt 0.775822 2.401989 0.000000
vt 3.583004 2.437234 0.000000
vt 0.856571 2.474265 0.000000
vt 3.505531 2.513012 0.000000
vt 0.930617 2.553396 0.000000
vt 3.435058 2.595340 0.000000
vt 0.997379 2.638761 0.000000
vt 3.372137 2.683575 0.000000
vt 1.056335 2.729693 0.000000
vt 3.317260 2.777026 0.000000
vt 1.107025 2.825480 0.000000
vt 3.270858 2.874960 0.000000
vt 1.149050 2.925371 0.000000
vt 3.233292 2.976613 0.000000
vt 1.182082 3.028586 0.000000
vt 3.204858 3.081188 0.000000
vt 1.205863 3.134316 0.000000
vt 3.185777 3.187867 0.000000
vt 1.220206 3.241734 0.000000
vt 3.176199 3.295814 0.000000
vt 1.225000 3.350000 0.000000
vt 3.176199 3.404186 0.000000
vt 1.220206 3.458266 0.000000
vt 3.185777 3.512133 0.000000
vt 1.205863 3.565684 0.000000
vt 3.204858 3.618812 0.000000
vt 1.182082 3.671414 0.000000
vt 3.233292 3.723387 0.000000
vt 1.149050 3.774629 0.000000
vt 3.270858 3.825040 0.000000
vt 1.107025 3.874520 0.000000
vt 3.317260 3.922974 0.000000
vt 1.056335 3.970307 0.000000
vt 3.372137 4.016425 0.000000
vt 0.997379 4.061239 0.000000
vt 3.435058 4.104660 0.000000
vt 0.930617 4.146604 0.000000
vt 3.505531 4.186988 0.000000
vt 0.856571 4.225735 0.000000
vt 3.583004 4.262766 0.000000
vt 0.775822 4.298011 0.000000
vt 3.666871 4.331401 0.000000
vt 0.689000 4.362869 0.000000
vt 3.756477 4.392354 0.000000
vt 0.596787 4.419799 0.000000
vt 3.851118 4.445150 0.000000
vt 0.499902 4.468357 0.000000
vt 3.950056 4.489375 0.000000
vt 0.399106 4.508162 0.000000
vt 4.052514 4.524682 0.000000
vt 0.295185 4.538903 0.000000
vt 4.157693 4.550796 0.000000
vt 0.188955 4.560339 0.000000
vt 4.264767 4.567513 0.000000
vt 0.081246 4.572303 0.000000
vt 4.588955 4.560339 0.000000
vt 4.695185 4.538903 0.000000
vt -0.135233 2.132487 0.000000
vt -4.211045 2.139661 0.000000
vt -0.242307 2.149204 0.000000
vt -4.104815 2.161097 0.000000
vt -0.347486 2.175318 0.000000
vt -4.000894 2.191838 0.000000
vt -0.449944 2.210625 0.000000
vt -3.900098 2.231643 0.000000
vt -0.548882 2.254850 0.000000
vt -3.803213 2.280201 0.000000
vt -0.643523 2.307646 0.000000
vt -3.711000 2.337131 0.000000
vt -0.733129 2.368599 0.000000
vt -3.624178 2.401989 0.000000
vt -0.816996 2.437234 0.000000
vt -3.543429 2.474265 0.000000
vt -0.894469 2.513012 0.000000
vt -3.469383 2.553396 0.000000
vt -0.964942 2.595340 0.000000
vt -3.402621 2.638761 0.000000
vt -1.027863 2.683575 0.000000
vt -3.343665 2.729693 0.000000
vt -1.082740 2.777026 0.000000
vt -3.292975 2.825480 0.000000
vt -1.129142 2.874960 0.000000
vt -3.250950 2.925371 0.000000
vt -1.166708 2.976613 0.000000
vt -3.217918 3.028586 0.000000
vt -1.195142 3.081188 0.000000
vt -3.194137 3.134316 0.000000
vt -1.214223 3.187867 0.000000
vt -3.179794 3.241734 0.000000
vt -1.223801 3.295814 0.000000
vt -3.175000 3.350000 0.000000
vt -1.223801 3.404186 0.000000
vt -3.179794 3.458266 0.000000
vt -1.214223 3.512133 0.000000
vt -3.194137 3.565684 0.000000
vt -1.195142 3.618812 0.000000
vt -3.217918 3.671414 0.000000
vt -1.166708 3.723387 0.000000
vt -3.250950 3.774629 0.000000
vt -1.129142 3.825040 0.000000
vt -3.292975 3.874520 0.000000
vt -1.082740 3.922974 0.000000
vt -3.343665 3.970307 0.000000
vt -1.027863 4.016425 0.000000
vt -3.402621 4.061239 0.000000
vt -0.964942 4.104660 0.000000
vt -3.469383 4.146604 0.000000
vt -0.894469 4.186988 0.000000
vt -3.543429 4.225735 0.000000
vt -0.816996 4.262766 0.000000
vt -3.624178 4.298011 0.000000
vt -0.733129 4.331401 0.000000
vt -3.711000 4.362869 0.000000
vt -0.643523 4.392354 0.000000
vt -3.803213 4.419799 0.000000
vt -0.548882 4.445150 0.000000
vt -3.900098 4.468357 0.000000
vt -0.449944 4.489375 0.000000
vt -4.000894 4.508162 0.000000
vt -0.347486 4.524682 0.000000
vt -4.104815 4.538903 0.000000
vt -0.242307 4.550796 0.000000
vt -4.211045 4.560339 0.000000
vt -0.135233 4.567513 0.000000
vt -4.318754 4.572303 0.000000
vt -4.427100 4.574700 0.000000
vt -4.535233 2.132487 0.000000
vt -4.642307 2.149204 0.000000
vt -4.747486 2.175318 0.000000
vt -4.849944 2.210625 0.000000
vt -4.948882 2.254850 0.000000
vt -5.043523 2.307646 0.000000
vt -5.133129 2.368599 0.000000
vt -5.216996 2.437234 0.000000
vt -5.294469 2.513012 0.000000
vt -8.504815 4.538903 0.000000
vn -0.000000 0.996087 0.088380
vn -0.000000 0.996087 0.088380
vn -0.000000 1.000000 0.000000
vn -0.000000 1.000000 0.000000
vn 0.000000 0.996087 -0.088380
vn 0.000000 0.996087 -0.088380
vn 0.000000 0.984378 -0.176069
vn 0.000000 0.984378 -0.176069
vn 0.000000 0.964965 -0.262379
vn 0.000000 0.964965 -0.262379
vn 0.000000 0.938000 -0.346636
vn 0.000000 0.938000 -0.346636
vn 0.000000 0.903693 -0.428180
vn 0.000000 0.903693 -0.428180
vn 0.000000 0.862315 -0.506373
vn 0.000000 0.862315 -0.506373
vn 0.000000 0.814187 -0.580603
vn 0.000000 0.814187 -0.580603
vn 0.000000 0.759687 -0.650289
vn 0.000000 0.759687 -0.650289
vn 0.000000 0.699242 -0.714885
vn 0.000000 0.699242 -0.714885
vn 0.000000 0.633324 -0.773887
vn 0.000000 0.633324 -0.773887
vn 0.000000 0.562449 -0.826832
vn 0.000000 0.562449 -0.826832
vn 0.000000 0.487173 -0.873306
vn 0.000000 0.487173 -0.873306
vn 0.000000 0.408084 -0.912945
vn 0.000000 0.408084 -0.912945
vn 0.000000 0.325801 -0.945439
vn 0.000000 0.325801 -0.945439
vn 0.000000 0.240968 -0.970533
vn 0.000000 0.240968 -0.970533
vn 0.000000 0.154249 -0.988032
vn 0.000000 0.154249 -0.988032
vn 0.000000 0.066323 -0.997798
vn 0.000000 0.066323 -0.997798
vn 0.000000 -0.022122 -0.999755
vn 0.000000 -0.022122 -0.999755
vn 0.000000 -0.110394 -0.993888
vn 0.000000 -0.110394 -0.993888
vn 0.000000 -0.197802 -0.980242
vn 0.000000 -0.197802 -0.980242
vn 0.000000 -0.283662 -0.958924
vn 0.000000 -0.283662 -0.958924
vn 0.000000 -0.367302 -0.930102
vn 0.000000 -0.367302 -0.930102
vn 0.000000 -0.448067 -0.894000
vn 0.000000 -0.448067 -0.894000
vn 0.000000 -0.525325 -0.850902
vn 0.000000 -0.525325 -0.850902
vn 0.000000 -0.598472 -0.801143
vn 0.000000 -0.598472 -0.801143
vn 0.000000 -0.666936 -0.745115
vn 0.000000 -0.666936 -0.745115
vn 0.000000 -0.730179 -0.683256
vn 0.000000 -0.730179 -0.683256
vn 0.000000 -0.787708 -0.616049
vn 0.000000 -0.787708 -0.616049
vn 0.000000 -0.839072 -0.544020
vn 0.000000 -0.839072 -0.544020
vn 0.000000 -0.883869 -0.467734
vn 0.000000 -0.883869 -0.467734
vn 0.000000 -0.921749 -0.387788
vn 0.000000 -0.921749 -0.387788
vn 0.000000 -0.952415 -0.304806
vn 0.000000 -0.952415 -0.304806
vn 0.000000 -0.975626 -0.219439
vn 0.000000 -0.975626 -0.219439
vn 0.000000 -0.991203 -0.132354
vn 0.000000 -0.991203 -0.132354
vn 0.000000 -0.999021 -0.044233
vn 0.000000 -0.999021 -0.044233
vn 0.000000 -0.999021 0.044233
vn 0.000000 -0.999021 0.044233
vn 0.000000 -0.991203 0.132354
vn 0.000000 -0.991203 0.132354
vn 0.000000 -0.975626 0.219439
vn 0.000000 -0.975626 0.219439
vn 0.000000 -0.952415 0.304806
vn 0.000000 -0.952415 0.304806
vn 0.000000 -0.921749 0.387788
vn 0.000000 -0.921749 0.387788
vn 0.000000 -0.883869 0.467734
vn 0.000000 -0.883869 0.467734
vn 0.000000 -0.839072 0.544020
vn 0.000000 -0.839072 0.544020
vn 0.000000 -0.787708 0.616049
vn 0.000000 -0.787708 0.616049
vn 0.000000 -0.730179 0.683256
vn 0.000000 -0.730179 0.683256
vn 0.000000 -0.666936 0.745115
vn 0.000000 -0.666936 0.745115
vn 0.000000 -0.598472 0.801143
vn 0.000000 -0.598472 0.801143
vn 0.000000 -0.525325 0.850902
vn 0.000000 -0.525325 0.850902
vn 0.000000 -0.448067 0.894000
vn 0.000000 -0.448067 0.894000
vn 0.000000 -0.367302 0.930102
vn 0.000000 -0.367302 0.930102
vn 0.000000 -0.283662 0.958924
vn 0.000000 -0.283662 0.958924
vn 0.000000 -0.197802 0.980242
vn 0.000000 -0.197802 0.980242
vn 0.000000 -0.110394 0.993888
vn 0.000000 -0.110394 0.993888
vn 0.000000 -0.022122 0.999755
vn 0.000000 -0.022122 0.999755
vn -0.000000 0.066323 0.997798
vn -0.000000 0.066323 0.997798
vn -0.000000 0.154249 0.988032
vn -0.000000 0.154249 0.988032
vn -0.000000 0.240968 0.970533
vn -0.000000 0.240968 0.970533
vn -0.000000 0.325801 0.945439
vn -0.000000 0.325801 0.945439
vn -0.000000 0.408084 0.912945
vn -0.000000 0.408084 0.912945
vn -0.000000 0.487173 0.873306
vn -0.000000 0.487173 0.873306
vn -0.000000 0.562449 0.826832
vn -0.000000 0.562449 0.826832
vn -0.000000 0.633324 0.773887
vn -0.000000 0.633324 0.773887
vn -0.000000 0.699242 0.714885
vn -0.000000 0.699242 0.714885
vn -0.000000 0.759687 0.650289
vn -0.000000 0.759687 0.650289
vn -0.000000 0.814187 0.580603
vn -0.000000 0.814187 0.580603
vn -0.000000 0.862315 0.506373
vn -0.000000 0.862315 0.506373
vn -0.000000 0.903693 0.428180
vn -0.000000 0.903693 0.428180
vn -0.000000 0.938000 0.346636
vn -0.000000 0.938000 0.346636
vn -0.000000 0.964965 0.262379
vn -0.000000 0.964965 0.262379
vn -0.000000 0.984378 0.176069
vn -0.000000 0.984378 0.176069
vn -0.000000 0.996087 0.088380
vn -0.000000 0.996087 0.088380
vn -0.000000 1.000000 0.000000
vn -0.000000 1.000000 0.000000
vn 0.000000 0.996087 -0.088380
vn 0.000000 0.996087 -0.088380
vn 0.000000 0.984378 -0.176069
vn 0.000000 0.984378 -0.176069
vn 0.000000 0.964965 -0.262379
vn 0.000000 0.964965 -0.262379
vn 0.000000 0.938000 -0.346636
vn 0.000000 0.938000 -0.346636
vn 0.000000 0.903693 -0.428180
vn 0.000000 0.903693 -0.428180
vn 0.000000 0.862315 -0.506373
vn 0.000000 0.862315 -0.506373
vn 0.000000 0.814187 -0.580603
vn 0.000000 0.814187 -0.580603
vn 0.000000 0.759687 -0.650289
vn 0.000000 0.759687 -0.650289
vn 0.000000 0.699242 -0.714885
vn 0.000000 0.699242 -0.714885
vn 0.000000 0.633324 -0.773887
vn 0.000000 0.633324 -0.773887
vn 0.000000 0.562449 -0.826832
vn 0.000000 0.562449 -0.826832
vn 0.000000 0.487173 -0.873306
vn 0.000000 0.487173 -0.873306
vn 0.000000 0.408084 -0.912945
vn 0.000000 0.408084 -0.912945
vn 0.000000 0.325801 -0.945439
vn 0.000000 0.325801 -0.945439
vn 0.000000 0.240968 -0.970533
vn 0.000000 0.240968 -0.970533
vn 0.000000 0.154249 -0.988032
vn 0.000000 0.154249 -0.988032
vn 0.000000 0.066323 -0.997798
vn 0.000000 0.066323 -0.997798
vn 0.000000 -0.022122 -0.999755
vn 0.000000 -0.022122 -0.999755
vn 0.000000 -0.110394 -0.993888
vn 0.000000 -0.110394 -0.993888
vn 0.000000 -0.197802 -0.980242
vn 0.000000 -0.197802 -0.980242
vn 0.000000 -0.283662 -0.958924
vn 0.000000 -0.283662 -0.958924
vn 0.000000 -0.367302 -0.930102
vn 0.000000 -0.367302 -0.930102
vn 0.000000 -0.448067 -0.894000
vn 0.000000 -0.448067 -0.894000
vn 0.000000 -0.525325 -0.850902
vn 0.000000 -0.525325 -0.850902
vn 0.000000 -0.598472 -0.801143
vn 0.000000 -0.598472 -0.801143
vn 0.000000 -0.666936 -0.745115
vn 0.000000 -0.666936 -0.745115
vn 0.000000 -0.730179 -0.683256
vn 0.000000 -0.730179 -0.683256
vn 0.000000 -0.787708 -0.616049
vn 0.000000 -0.787708 -0.616049
vn 0.000000 -0.839072 -0.544020
vn 0.000000 -0.839072 -0.544020
vn 0.000000 -0.883869 -0.467734
vn 0.000000 -0.883869 -0.467734
vn 0.000000 -0.921749 -0.387788
vn 0.000000 -0.921749 -0.387788
vn 0.000000 -0.952415 -0.304806
vn 0.000000 -0.952415 -0.304806
vn 0.000000 -0.975626 -0.219439
vn 0.000000 -0.975626 -0.219439
vn 0.000000 -0.991203 -0.132354
vn 0.000000 -0.991203 -0.132354
vn 0.000000 -0.999021 -0.044233
vn 0.000000 -0.999021 -0.044233
vn 0.000000 -0.999021 0.044233
vn 0.000000 -0.999021 0.044233
vn 0.000000 -0.991203 0.132354
vn 0.000000 -0.991203 0.132354
vn 0.000000 -0.975626 0.219439
vn 0.000000 -0.975626 0.219439
vn 0.000000 -0.952415 0.304806
vn 0.000000 -0.952415 0.304806
vn 0.000000 -0.921749 0.387788
vn 0.000000 -0.921749 0.387788
vn 0.000000 -0.883869 0.467734
vn 0.000000 -0.883869 0.467734
vn 0.000000 -0.839072 0.544020
vn 0.000000 -0.839072 0.544020
vn 0.000000 -0.787708 0.616049
vn 0.000000 -0.787708 0.616049
vn 0.000000 -0.730179 0.683256
vn 0.000000 -0.730179 0.683256
vn 0.000000 -0.666936 0.745115
vn 0.000000 -0.666936 0.745115
vn 0.000000 -0.598472 0.801143
vn 0.000000 -0.598472 0.801143
vn 0.000000 -0.525325 0.850902
vn 0.000000 -0.525325 0.850902
vn 0.000000 -0.448067 0.894000
vn 0.000000 -0.448067 0.894000
vn 0.000000 -0.367302 0.930102
vn 0.000000 -0.367302 0.930102
vn 0.000000 -0.283662 0.958924
vn 0.000000 -0.283662 0.958924
vn 0.000000 -0.197802 0.980242
vn 0.000000 -0.197802 0.980242
vn 0.000000 -0.110394 0.993888
vn 0.000000 -0.110394 0.993888
vn 0.000000 -0.022122 0.999755
vn 0.000000 -0.022122 0.999755
vn -0.000000 0.066323 0.997798
vn -0.000000 0.066323 0.997798
vn -0.000000 0.154249 0.988032
vn -0.000000 0.154249 0.988032
vn -0.000000 0.240968 0.970533
vn -0.000000 0.240968 0.970533
vn -0.000000 0.325801 0.945439
vn -0.000000 0.325801 0.945439
vn -0.000000 0.408084 0.912945
vn -0.000000 0.408084 0.912945
vn -0.000000 0.487173 0.873306
vn -0.000000 0.487173 0.873306
vn -0.000000 0.562449 0.826832
vn -0.000000 0.562449 0.826832
vn -0.000000 0.633324 0.773887
vn -0.000000 0.633324 0.773887
vn -0.000000 0.699242 0.714885
vn -0.000000 0.699242 0.714885
vn -0.000000 0.759687 0.650289
vn -0.000000 0.759687 0.650289
vn -0.000000 0.814187 0.580603
vn -0.000000 0.814187 0.580603
vn -0.000000 0.862315 0.506373
vn -0.000000 0.862315 0.506373
vn -0.000000 0.903693 0.428180
vn -0.000000 0.903693 0.428180
vn -0.000000 0.938000 0.346636
vn -0.000000 0.938000 0.346636
vn -0.000000 0.964965 0.262379
vn -0.000000 0.964965 0.262379
vn -0.000000 0.984378 0.176069
vn -0.000000 0.984378 0.176069
vn -0.000000 0.996087 0.088380
vn -0.000000 0.996087 0.088380
vn -0.000000 1.000000 0.000000
vn -0.000000 1.000000 0.000000
vn 0.000000 0.996087 -0.088380
vn 0.000000 0.996087 -0.088380
vn 0.000000 0.984378 -0.176069
vn 0.000000 0.984378 -0.176069
vn 0.000000 0.964965 -0.262379
vn 0.000000 0.964965 -0.262379
vn 0.000000 0.938000 -0.346636
vn 0.000000 0.938000 -0.346636
vn 0.000000 0.903693 -0.428180
vn 0.000000 0.903693 -0.428180
vn 0.000000 0.862315 -0.506373
vn 0.000000 0.862315 -0.506373
vn 0.000000 0.814187 -0.580603
vn 0.000000 0.814187 -0.580603
vn 0.000000 0.759687 -0.650289
vn 0.000000 0.759687 -0.650289
vn 0.000000 0.699242 -0.714885
vn 0.000000 0.699242 -0.714885
vn 0.000000 0.633324 -0.773887
vn 0.000000 0.633324 -0.773887
vn 0.000000 0.562449 -0.826832
vn 0.000000 0.562449 -0.826832
vn 0.000000 0.487173 -0.873306
vn 0.000000 0.487173 -0.873306
vn 0.000000 0.408084 -0.912945
vn 0.000000 0.408084 -0.912945
vn 0.000000 0.325801 -0.945439
vn 0.000000 0.325801 -0.945439
vn 0.000000 0.240968 -0.970533
vn 0.000000 0.240968 -0.970533
vn 0.000000 0.154249 -0.988032
vn 0.000000 0.154249 -0.988032
vn 0.000000 0.066323 -0.997798
vn 0.000000 0.066323 -0.997798
vn 0.000000 -0.022122 -0.999755
vn 0.000000 -0.022122 -0.999755
vn 0.000000 -0.110394 -0.993888
vn 0.000000 -0.110394 -0.993888
vn 0.000000 -0.197802 -0.980242
vn 0.000000 -0.197802 -0.980242
vn 0.000000 -0.283662 -0.958924
vn 0.000000 -0.283662 -0.958924
vn 0.000000 -0.367302 -0.930102
vn 0.000000 -0.367302 -0.930102
vn 0.000000 -0.448067 -0.894000
vn 0.000000 -0.448067 -0.894000
vn 0.000000 -0.525325 -0.850902
vn 0.000000 -0.525325 -0.850902
vn 0.000000 -0.598472 -0.801143
vn 0.000000 -0.598472 -0.801143
vn 0.000000 -0.666936 -0.745115
vn 0.000000 -0.666936 -0.745115
vn 0.000000 -0.730179 -0.683256
vn 0.000000 -0.730179 -0.683256
vn 0.000000 -0.787708 -0.616049
vn 0.000000 -0.787708 -0.616049
vn 0.000000 -0.839072 -0.544020
vn 0.000000 -0.839072 -0.544020
vn 0.000000 -0.883869 -0.467734
vn 0.000000 -0.883869 -0.467734
vn 0.000000 -0.921749 -0.387788
vn 0.000000 -0.921749 -0.387788
vn 0.000000 -0.952415 -0.304806
vn 0.000000 -0.952415 -0.304806
vn 0.000000 -0.975626 -0.219439
vn 0.000000 -0.975626 -0.219439
vn 0.000000 -0.991203 -0.132354
vn 0.000000 -0.991203 -0.132354
vn 0.000000 -0.999021 -0.044233
vn 0.000000 -0.999021 -0.044233
vn 0.000000 -0.999021 0.044233
vn 0.000000 -0.999021 0.044233
vn 0.000000 -0.991203 0.132354
vn 0.000000 -0.991203 0.132354
vn 0.000000 -0.975626 0.219439
vn 0.000000 -0.975626 0.219439
vn 0.000000 -0.952415 0.304806
vn 0.000000 -0.952415 0.304806
vn 0.000000 -0.921749 0.387788
vn 0.000000 -0.921749 0.387788
vn 0.000000 -0.883869 0.467734
vn 0.000000 -0.883869 0.467734
vn 0.000000 -0.839072 0.544020
vn 0.000000 -0.839072 0.544020
vn 0.000000 -0.787708 0.616049
vn 0.000000 -0.787708 0.616049
vn 0.000000 -0.730179 0.683256
vn 0.000000 -0.730179 0.683256
vn 0.000000 -0.666936 0.745115
vn 0.000000 -0.666936 0.745115
vn 0.000000 -0.598472 0.801143
vn 0.000000 -0.598472 0.801143
vn 0.000000 -0.525325 0.850902
vn 0.000000 -0.525325 0.850902
vn 0.000000 -0.448067 0.894000
vn 0.000000 -0.448067 0.894000
vn 0.000000 -0.367302 0.930102
vn 0.000000 -0.367302 0.930102
vn 0.000000 -0.283662 0.958924
vn 0.000000 -0.283662 0.958924
vn 0.000000 -0.197802 0.980242
vn 0.000000 -0.197802 0.980242
vn 0.000000 -0.110394 0.993888
vn 0.000000 -0.110394 0.993888
vn 0.000000 -0.022122 0.999755
vn 0.000000 -0.022122 0.999755
vn -0.000000 0.066323 0.997798
vn -0.000000 0.066323 0.997798
vn -0.000000 0.154249 0.988032
vn -0.000000 0.154249 0.988032
vn -0.000000 0.240968 0.970533
vn -0.000000 0.240968 0.970533
vn -0.000000 0.325801 0.945439
vn -0.000000 0.325801 0.945439
vn -0.000000 0.408084 0.912945
vn -0.000000 0.408084 0.912945
vn -0.000000 0.487173 0.873306
vn -0.000000 0.487173 0.873306
vn -0.000000 0.562449 0.826832
vn -0.000000 0.562449 0.826832
vn -0.000000 0.633324 0.773887
vn -0.000000 0.633324 0.773887
vn -0.000000 0.699242 0.714885
vn -0.000000 0.699242 0.714885
vn -0.000000 0.759687 0.650289
vn -0.000000 0.759687 0.650289
vn -0.000000 0.814187 0.580603
vn -0.000000 0.814187 0.580603
vn -0.000000 0.862315 0.506373
vn -0.000000 0.862315 0.506373
vn -0.000000 0.903693 0.428180
vn -0.000000 0.903693 0.428180
vn -0.000000 0.938000 0.346636
vn -0.000000 0.938000 0.346636
vn -0.000000 0.964965 0.262379
vn -0.000000 0.964965 0.262379
vn -0.000000 0.984378 0.176069
vn -0.000000 0.984378 0.176069
vn -0.000000 0.996087 0.088380
vn -0.000000 0.996087 0.088380
vn -0.000000 1.000000 0.000000
vn -0.000000 1.000000 0.000000
vn 0.000000 0.996087 -0.088380
vn 0.000000 0.996087 -0.088380
vn 0.000000 0.984378 -0.176069
vn 0.000000 0.984378 -0.176069
vn 0.000000 0.964965 -0.262379
vn 0.000000 0.964965 -0.262379
vn 0.000000 0.938000 -0.346636
vn 0.000000 0.938000 -0.346636
vn 0.000000 0.903693 -0.428180
vn 0.000000 0.903693 -0.428180
vn 0.000000 0.862315 -0.506373
vn 0.000000 0.862315 -0.506373
vn 0.000000 0.814187 -0.580603
vn 0.000000 0.814187 -0.580603
vn 0.000000 0.759687 -0.650289
vn 0.000000 0.759687 -0.650289
vn 0.000000 0.699242 -0.714885
vn 0.000000 0.699242 -0.714885
vn 0.000000 0.633324 -0.773887
vn 0.000000 0.633324 -0.773887
vn 0.000000 0.562449 -0.826832
vn 0.000000 0.562449 -0.826832
vn 0.000000 0.487173 -0.873306
vn 0.000000 0.487173 -0.873306
vn 0.000000 0.408084 -0.912945
vn 0.000000 0.408084 -0.912945
vn 0.000000 0.325801 -0.945439
vn 0.000000 0.325801 -0.945439
vn 0.000000 0.240968 -0.970533
vn 0.000000 0.240968 -0.970533
vn 0.000000 0.154249 -0.988032
vn 0.000000 0.154249 -0.988032
vn 0.000000 0.066323 -0.997798
vn 0.000000 0.066323 -0.997798
vn 0.000000 -0.022122 -0.999755
vn 0.000000 -0.022122 -0.999755
vn 0.000000 -0.110394 -0.993888
vn 0.000000 -0.110394 -0.993888
vn 0.000000 -0.197802 -0.980242
vn 0.000000 -0.197802 -0.980242
vn 0.000000 -0.283662 -0.958924
vn 0.000000 -0.283662 -0.958924
vn 0.000000 -0.367302 -0.930102
vn 0.000000 -0.367302 -0.930102
vn 0.000000 -0.448067 -0.894000
vn 0.000000 -0.448067 -0.894000
vn 0.000000 -0.525325 -0.850902
vn 0.000000 -0.525325 -0.850902
vn 0.000000 -0.598472 -0.801143
vn 0.000000 -0.598472 -0.801143
vn 0.000000 -0.666936 -0.745115
vn 0.000000 -0.666936 -0.745115
vn 0.000000 -0.730179 -0.683256
vn 0.000000 -0.730179 -0.683256
vn 0.000000 -0.787708 -0.616049
vn 0.000000 -0.787708 -0.616049
vn 0.000000 -0.839072 -0.544020
vn 0.000000 -0.839072 -0.544020
vn 0.000000 -0.883869 -0.467734
vn 0.000000 -0.883869 -0.467734
vn 0.000000 -0.921749 -0.387788
vn 0.000000 -0.921749 -0.387788
vn 0.000000 -0.952415 -0.304806
vn 0.000000 -0.952415 -0.304806
vn 0.000000 -0.975626 -0.219439
vn 0.000000 -0.975626 -0.219439
vn 0.000000 -0.991203 -0.132354
vn 0.000000 -0.991203 -0.132354
vn 0.000000 -0.999021 -0.044233
vn 0.000000 -0.999021 -0.044233
vn 0.000000 -0.999021 0.044233
vn 0.000000 -0.999021 0.044233
vn 0.000000 -0.991203 0.132354
vn 0.000000 -0.991203 0.132354
vn 0.000000 -0.975626 0.219439
vn 0.000000 -0.975626 0.219439
vn 0.000000 -0.952415 0.304806
vn 0.000000 -0.952415 0.304806
vn 0.000000 -0.921749 0.387788
vn 0.000000 -0.921749 0.387788
vn 0.000000 -0.883869 0.467734
vn 0.000000 -0.883869 0.467734
vn 0.000000 -0.839072 0.544020
vn 0.000000 -0.839072 0.544020
vn 0.000000 -0.787708 0.616049
vn 0.000000 -0.787708 0.616049
vn 0.000000 -0.730179 0.683256
vn 0.000000 -0.730179 0.683256
vn 0.000000 -0.666936 0.745115
vn 0.000000 -0.666936 0.745115
vn 0.000000 -0.598472 0.801143
vn 0.000000 -0.598472 0.801143
vn 0.000000 -0.525325 0.850902
vn 0.000000 -0.525325 0.850902
vn 0.000000 -0.448067 0.894000
vn 0.000000 -0.448067 0.894000
vn 0.000000 -0.367302 0.930102
vn 0.000000 -0.367302 0.930102
vn 0.000000 -0.283662 0.958924
vn 0.000000 -0.283662 0.958924
vn 0.000000 -0.197802 0.980242
vn 0.000000 -0.197802 0.980242
vn 0.000000 -0.110394 0.993888
vn 0.000000 -0.110394 0.993888
vn 0.000000 -0.022122 0.999755
vn 0.000000 -0.022122 0.999755
vn -0.000000 0.066323 0.997798
vn -0.000000 0.066323 0.997798
vn -0.000000 0.154249 0.988032
vn -0.000000 0.154249 0.988032
vn -0.000000 0.240968 0.970533
vn -0.000000 0.240968 0.970533
vn -0.000000 0.325801 0.945439
vn -0.000000 0.325801 0.945439
vn -0.000000 0.408084 0.912945
vn -0.000000 0.408084 0.912945
vn -0.000000 0.487173 0.873306
vn -0.000000 0.487173 0.873306
vn -0.000000 0.562449 0.826832
vn -0.000000 0.562449 0.826832
vn -0.000000 0.633324 0.773887
vn -0.000000 0.633324 0.773887
vn -0.000000 0.699242 0.714885
vn -0.000000 0.699242 0.714885
vn -0.000000 0.759687 0.650289
vn -0.000000 0.759687 0.650289
vn -0.000000 0.814187 0.580603
vn -0.000000 0.814187 0.580603
vn -0.000000 0.862315 0.506373
vn -0.000000 0.862315 0.506373
vn -0.000000 0.903693 0.428180
vn -0.000000 0.903693 0.428180
vn -0.000000 0.938000 0.346636
vn -0.000000 0.938000 0.346636
vn -0.000000 0.964965 0.262379
vn -0.000000 0.964965 0.262379
vn -0.000000 0.984378 0.176069
vn -0.000000 0.984378 0.176069
vn -0.000000 0.996087 0.088380
vn -0.000000 0.996087 0.088380
vn -0.000000 1.000000 0.000000
vn -0.000000 1.000000 0.000000
vn 0.000000 0.996087 -0.088380
vn 0.000000 0.996087 -0.088380
vn 0.000000 0.984378 -0.176069
vn 0.000000 0.984378 -0.176069
vn 0.000000 0.964965 -0.262379
vn 0.000000 0.964965 -0.262379
vn 0.000000 0.938000 -0.346636
vn 0.000000 0.938000 -0.346636
vn 0.000000 0.903693 -0.428180
vn 0.000000 0.903693 -0.428180
vn 0.000000 0.862315 -0.506373
vn 0.000000 0.862315 -0.506373
vn 0.000000 0.814187 -0.580603
vn 0.000000 0.814187 -0.580603
vn 0.000000 0.759687 -0.650289
vn 0.000000 0.759687 -0.650289
vn 0.000000 0.699242 -0.714885
vn 0.000000 0.699242 -0.714885
vn 0.000000 0.633324 -0.773887
vn 0.000000 0.633324 -0.773887
vn 0.000000 0.562449 -0.826832
vn 0.000000 0.562449 -0.826832
vn 0.000000 0.487173 -0.873306
vn 0.000000 0.487173 -0.873306
vn 0.000000 0.408084 -0.912945
vn 0.000000 0.408084 -0.912945
vn 0.000000 0.325801 -0.945439
vn 0.000000 0.325801 -0.945439
vn 0.000000 0.240968 -0.970533
vn 0.000000 0.240968 -0.970533
vn 0.000000 0.154249 -0.988032
vn 0.000000 0.154249 -0.988032
vn 0.000000 0.066323 -0.997798
vn 0.000000 0.066323 -0.997798
vn 0.000000 -0.022122 -0.999755
vn 0.000000 -0.022122 -0.999755
vn 0.000000 -0.110394 -0.993888
vn 0.000000 -0.110394 -0.993888
vn 0.000000 -0.197802 -0.980242
vn 0.000000 -0.197802 -0.980242
vn 0.000000 -0.283662 -0.958924
vn 0.000000 -0.283662 -0.958924
vn 0.000000 -0.367302 -0.930102
vn 0.000000 -0.367302 -0.930102
vn 0.000000 -0.448067 -0.894000
vn 0.000000 -0.448067 -0.894000
vn 0.000000 -0.525325 -0.850902
vn 0.000000 -0.525325 -0.850902
vn 0.000000 -0.598472 -0.801143
vn 0.000000 -0.598472 -0.801143
vn 0.000000 -0.666936 -0.745115
vn 0.000000 -0.666936 -0.745115
vn 0.000000 -0.730179 -0.683256
vn 0.000000 -0.730179 -0.683256
vn 0.000000 -0.787708 -0.616049
vn 0.000000 -0.787708 -0.616049
vn 0.000000 -0.839072 -0.544020
vn 0.000000 -0.839072 -0.544020
vn 0.000000 -0.883869 -0.467734
vn 0.000000 -0.883869 -0.467734
vn 0.000000 -0.921749 -0.387788
vn 0.000000 -0.921749 -0.387788
vn 0.000000 -0.952415 -0.304806
vn 0.000000 -0.952415 -0.304806
vn 0.000000 -0.975626 -0.219439
vn 0.000000 -0.975626 -0.219439
vn 0.000000 -0.991203 -0.132354
vn 0.000000 -0.991203 -0.132354
vn 0.000000 -0.999021 -0.044233
vn 0.000000 -0.999021 -0.044233
vn 0.000000 -0.999021 0.044233
vn 0.000000 -0.999021 0.044233
vn 0.000000 -0.991203 0.132354
vn 0.000000 -0.991203 0.132354
vn 0.000000 -0.975626 0.219439
vn 0.000000 -0.975626 0.219439
vn 0.000000 -0.952415 0.304806
vn 0.000000 -0.952415 0.304806
vn 0.000000 -0.921749 0.387788
vn 0.000000 -0.921749 0.387788
vn 0.000000 -0.883869 0.467734
vn 0.000000 -0.883869 0.467734
vn 0.000000 -0.839072 0.544020
vn 0.000000 -0.839072 0.544020
vn 0.000000 -0.787708 0.616049
vn 0.000000 -0.787708 0.616049
vn 0.000000 -0.730179 0.683256
vn 0.000000 -0.730179 0.683256
vn 0.000000 -0.666936 0.745115
vn 0.000000 -0.666936 0.745115
vn 0.000000 -0.598472 0.801143
vn 0.000000 -0.598472 0.801143
vn 0.000000 -0.525325 0.850902
vn 0.000000 -0.525325 0.850902
vn 0.000000 -0.448067 0.894000
vn 0.000000 -0.448067 0.894000
vn 0.000000 -0.367302 0.930102
vn 0.000000 -0.367302 0.930102
vn 0.000000 -0.283662 0.958924
vn 0.000000 -0.283662 0.958924
vn 0.000000 -0.197802 0.980242
vn 0.000000 -0.197802 0.980242
vn 0.000000 -0.110394 0.993888
vn 0.000000 -0.110394 0.993888
vn 0.000000 -0.022122 0.999755
vn 0.000000 -0.022122 0.999755
vn -0.000000 0.066323 0.997798
vn -0.000000 0.066323 0.997798
vn -0.000000 0.154249 0.988032
vn -0.000000 0.154249 0.988032
vn -0.000000 0.240968 0.970533
vn -0.000000 0.240968 0.970533
vn -0.000000 0.325801 0.945439
vn -0.000000 0.325801 0.945439
vn -0.000000 0.408084 0.912945
vn -0.000000 0.408084 0.912945
vn -0.000000 0.487173 0.873306
vn -0.000000 0.487173 0.873306
vn -0.000000 0.562449 0.826832
vn -0.000000 0.562449 0.826832
vn -0.000000 0.633324 0.773887
vn -0.000000 0.633324 0.773887
vn -0.000000 0.699242 0.714885
vn -0.000000 0.699242 0.714885
vn -0.000000 0.759687 0.650289
vn -0.000000 0.759687 0.650289
vn -0.000000 0.814187 0.580603
vn -0.000000 0.814187 0.580603
vn -0.000000 0.862315 0.506373
vn -0.000000 0.862315 0.506373
vn -0.000000 0.903693 0.428180
vn -0.000000 0.903693 0.428180
vn -0.000000 0.938000 0.346636
vn -0.000000 0.938000 0.346636
vn -0.000000 0.964965 0.262379
vn -0.000000 0.964965 0.262379
vn -0.000000 0.984378 0.176069
vn -0.000000 0.984378 0.176069
vn 0.000000 0.642788 -0.766044
vn 0.000000 0.634393 -0.773010
vn 0.000000 0.707107 -0.707107
vn 0.000000 0.642788 -0.766044
vn 0.000000 0.707107 -0.707107
vn 0.000000 0.573576 -0.819152
vn 0.000000 0.555570 -0.831470
vn 0.000000 0.573576 -0.819152
vn 0.000000 0.500000 -0.866025
vn 0.000000 0.471397 -0.881921
vn 0.000000 0.422618 -0.906308
vn 0.000000 0.382683 -0.923880
vn 0.000000 0.342020 -0.939693
vn 0.000000 0.290285 -0.956940
vn 0.000000 0.258819 -0.965926
vn 0.000000 0.195090 -0.980785
vn 0.000000 0.173648 -0.984808
vn 0.000000 0.098017 -0.995185
vn 0.000000 0.087156 -0.996195
vn 0.000000 0.000000 -1.000000
vn 0.000000 0.087156 -0.996195
vn 0.000000 0.000000 -1.000000
vn 0.000000 0.500000 -0.866025
vn 0.000000 0.422618 -0.906308
vn 0.000000 0.342020 -0.939693
vn 0.000000 0.258819 -0.965926
vn 0.000000 0.173648 -0.984808
vn 0.000000 0.707107 -0.707107
vn 0.000000 0.707107 -0.707107
vn 0.000000 0.996195 -0.087156
vn 0.000000 0.995185 -0.098017
vn -0.000000 1.000000 0.000000
vn 0.000000 0.996195 -0.087156
vn -0.000000 1.000000 0.000000
vn 0.000000 0.984808 -0.173648
vn 0.000000 0.980785 -0.195090
vn 0.000000 0.984808 -0.173648
vn 0.000000 0.965926 -0.258819
vn 0.000000 0.956940 -0.290285
vn 0.000000 0.939693 -0.342020
vn 0.000000 0.923880 -0.382683
vn 0.000000 0.906308 -0.422618
vn 0.000000 0.881921 -0.471397
vn 0.000000 0.866025 -0.500000
vn 0.000000 0.831470 -0.555570
vn 0.000000 0.819152 -0.573576
vn 0.000000 0.773010 -0.634393
vn 0.000000 0.766044 -0.642788
vn 0.000000 0.766044 -0.642788
vn 0.000000 0.965926 -0.258819
vn 0.000000 0.939693 -0.342020
vn 0.000000 0.906308 -0.422618
vn 0.000000 0.866025 -0.500000
vn 0.000000 0.819152 -0.573576
vn 0.000000 1.000000 0.000000
vn 0.000000 1.000000 0.000000
vn 0.000000 -0.000000 -1.000000
vn 0.000000 -0.000000 -1.000000
vn 0.000000 -0.000000 -1.000000
vn 0.000000 -0.000000 -1.000000
vn 0.000000 -1.000000 0.000000
vn 0.000000 -1.000000 0.000000
vn 0.000000 -1.000000 0.000000
vn 0.000000 -1.000000 0.000000
vn -0.000000 -0.000000 1.000000
vn -0.000000 -0.000000 1.000000
vn -0.000000 -0.065403 0.997859
vn -0.000000 -0.065403 0.997859
vn -0.000000 -0.130526 0.991445
vn -0.000000 -0.130526 0.991445
vn -0.000000 -0.195090 0.980785
vn -0.000000 -0.195090 0.980785
vn -0.000000 -0.258819 0.965926
vn -0.000000 -0.258819 0.965926
vn -0.000000 -0.321439 0.946930
vn -0.000000 -0.321439 0.946930
vn -0.000000 -0.382683 0.923880
vn -0.000000 -0.382683 0.923880
vn -0.000000 -0.442289 0.896873
vn -0.000000 -0.442289 0.896873
vn -0.000000 -0.500000 0.866025
vn -0.000000 -0.500000 0.866025
vn -0.000000 -0.555570 0.831470
vn -0.000000 -0.555570 0.831470
vn -0.000000 -0.608761 0.793353
vn -0.000000 -0.608761 0.793353
vn -0.000000 -0.659346 0.751840
vn -0.000000 -0.659346 0.751840
vn -0.000000 -0.707107 0.707107
vn -0.000000 -0.707107 0.707107
vn -0.000000 -0.751840 0.659346
vn -0.000000 -0.751840 0.659346
vn -0.000000 -0.793353 0.608761
vn -0.000000 -0.793353 0.608761
vn -0.000000 -0.831470 0.555570
vn -0.000000 -0.831470 0.555570
vn -0.000000 -0.866025 0.500000
vn -0.000000 -0.866025 0.500000
vn -0.000000 -0.896873 0.442289
vn -0.000000 -0.896873 0.442289
vn -0.000000 -0.923880 0.382683
vn -0.000000 -0.923880 0.382683
vn -0.000000 -0.946930 0.321439
vn -0.000000 -0.946930 0.321439
vn -0.000000 -0.965926 0.258819
vn -0.000000 -0.965926 0.258819
vn -0.000000 -0.980785 0.195090
vn -0.000000 -0.980785 0.195090
vn -0.000000 -0.991445 0.130526
vn -0.000000 -0.991445 0.130526
vn -0.000000 -0.997859 0.065403
vn -0.000000 -0.997859 0.065403
vn 0.000000 0.000000 1.000000
vn 0.000000 0.000000 1.000000
vn -0.000000 1.000000 -0.000000
vn -0.000000 1.000000 -0.000000
vn -0.000000 0.997859 0.065403
vn -0.000000 0.997859 0.065403
vn -0.000000 0.991445 0.130526
vn -0.000000 0.991445 0.130526
vn -0.000000 0.980785 0.195090
vn -0.000000 0.980785 0.195090
vn -0.000000 0.965926 0.258819
vn -0.000000 0.965926 0.258819
vn -0.000000 0.946930 0.321439
vn -0.000000 0.946930 0.321439
vn -0.000000 0.923880 0.382683
vn -0.000000 0.923880 0.382683
vn -0.000000 0.896873 0.442289
vn -0.000000 0.896873 0.442289
vn -0.000000 0.866025 0.500000
vn -0.000000 0.866025 0.500000
vn -0.000000 0.831470 0.555570
vn -0.000000 0.831470 0.555570
vn -0.000000 0.793353 0.608761
vn -0.000000 0.793353 0.608761
vn -0.000000 0.751840 0.659346
vn -0.000000 0.751840 0.659346
vn -0.000000 0.707107 0.707107
vn -0.000000 0.707107 0.707107
vn -0.000000 0.659346 0.751840
vn -0.000000 0.659346 0.751840
vn -0.000000 0.608761 0.793353
vn -0.000000 0.608761 0.793353
vn -0.000000 0.555570 0.831470
vn -0.000000 0.555570 0.831470
vn -0.000000 0.500000 0.866025
vn -0.000000 0.500000 0.866025
vn -0.000000 0.442289 0.896873
vn -0.000000 0.442289 0.896873
vn -0.000000 0.382683 0.923880
vn -0.000000 0.382683 0.923880
vn -0.000000 0.321439 0.946930
vn -0.000000 0.321439 0.946930
vn -0.000000 0.258819 0.965926
vn -0.000000 0.258819 0.965926
vn -0.000000 0.195090 0.980785
vn -0.000000 0.195090 0.980785
vn -0.000000 0.130526 0.991445
vn -0.000000 0.130526 0.991445
vn -0.000000 0.065403 0.997859
vn -0.000000 0.065403 0.997859
vn 0.000000 1.000000 0.000000
vn 0.000000 1.000000 0.000000
vn 0.000000 0.000000 -1.000000
vn 0.000000 0.000000 -1.000000
vn 0.000000 0.000000 -1.000000
vn 0.000000 0.000000 -1.000000
vn 0.000000 -1.000000 0.000000
vn 0.000000 -1.000000 0.000000
vn 0.000000 -1.000000 0.000000
vn 0.000000 -1.000000 0.000000
vn 0.000000 -0.766044 -0.642788
vn 0.000000 -0.773010 -0.634393
vn 0.000000 -0.707107 -0.707107
vn 0.000000 -0.766044 -0.642788
vn 0.000000 -0.707107 -0.707107
vn 0.000000 -0.819152 -0.573576
vn 0.000000 -0.831470 -0.555570
vn 0.000000 -0.819152 -0.573576
vn 0.000000 -0.866025 -0.500000
vn 0.000000 -0.881921 -0.471397
vn 0.000000 -0.906308 -0.422618
vn 0.000000 -0.923880 -0.382683
vn 0.000000 -0.939693 -0.342020
vn 0.000000 -0.956940 -0.290285
vn 0.000000 -0.965926 -0.258819
vn 0.000000 -0.980785 -0.195090
vn 0.000000 -0.984808 -0.173648
vn 0.000000 -0.995185 -0.098017
vn 0.000000 -0.996195 -0.087156
vn 0.000000 -0.996195 -0.087156
vn 0.000000 -0.866025 -0.500000
vn 0.000000 -0.906308 -0.422618
vn 0.000000 -0.939693 -0.342020
vn 0.000000 -0.965926 -0.258819
vn 0.000000 -0.984808 -0.173648
vn 0.000000 -0.707107 -0.707107
vn 0.000000 -0.707107 -0.707107
vn 0.000000 -0.087156 -0.996195
vn 0.000000 -0.098017 -0.995185
vn 0.000000 0.000000 -1.000000
vn 0.000000 -0.087156 -0.996195
vn 0.000000 0.000000 -1.000000
vn 0.000000 -0.173648 -0.984808
vn 0.000000 -0.195090 -0.980785
vn 0.000000 -0.173648 -0.984808
vn 0.000000 -0.258819 -0.965926
vn 0.000000 -0.290285 -0.956940
vn 0.000000 -0.342020 -0.939693
vn 0.000000 -0.382683 -0.923880
vn 0.000000 -0.422618 -0.906308
vn 0.000000 -0.471397 -0.881921
vn 0.000000 -0.500000 -0.866025
vn 0.000000 -0.555570 -0.831470
vn 0.000000 -0.573576 -0.819152
vn 0.000000 -0.634393 -0.773010
vn 0.000000 -0.642788 -0.766044
vn 0.000000 -0.642788 -0.766044
vn 0.000000 -0.258819 -0.965926
vn 0.000000 -0.342020 -0.939693
vn 0.000000 -0.422618 -0.906308
vn 0.000000 -0.500000 -0.866025
vn 0.000000 -0.573576 -0.819152
vn 1.000000 0.000000 0.000000
vn 1.000000 0.000000 0.000000
vn 1.000000 0.000000 0.000000
vn 1.000000 0.000000 0.000000
vn 1.000000 0.000000 0.000000
vn 1.000000 0.000000 0.000000
vn 1.000000 0.000000 0.000000
vn 1.000000 0.000000 0.000000
vn 1.000000 0.000000 0.000000
vn 1.000000 0.000000 0.000000
vn 1.000000 0.000000 0.000000
vn 1.000000 0.000000 0.000000
vn 1.000000 0.000000 0.000000
vn 1.000000 0.000000 0.000000
vn 1.000000 0.000000 0.000000
vn 1.000000 0.000000 0.000000
vn 1.000000 0.000000 0.000000
vn 1.000000 0.000000 0.000000
vn 1.000000 0.000000 0.000000
vn 1.000000 0.000000 0.000000
vn 1.000000 0.000000 0.000000
vn 1.000000 0.000000 0.000000
vn 1.000000 0.000000 0.000000
vn 1.000000 0.000000 0.000000
vn 1.000000 0.000000 0.000000
vn 1.000000 0.000000 0.000000
vn 1.000000 0.000000 0.000000
vn 1.000000 0.000000 0.000000
vn 1.000000 0.000000 0.000000
vn 1.000000 0.000000 0.000000
vn 1.000000 0.000000 0.000000
vn 1.000000 0.000000 0.000000
vn 1.000000 0.000000 0.000000
vn 1.000000 0.000000 0.000000
vn 1.000000 0.000000 0.000000
vn 1.000000 0.000000 0.000000
vn 1.000000 0.000000 0.000000
vn 1.000000 0.000000 0.000000
vn 1.000000 0.000000 0.000000
vn 1.000000 0.000000 0.000000
vn 1.000000 0.000000 0.000000
vn 1.000000 0.000000 0.000000
vn 1.000000 0.000000 0.000000
vn 1.000000 0.000000 0.000000
vn 1.000000 0.000000 0.000000
vn 1.000000 0.000000 0.000000
vn 1.000000 0.000000 0.000000
vn 1.000000 0.000000 0.000000
vn 1.000000 0.000000 0.000000
vn 1.000000 0.000000 0.000000
vn 1.000000 0.000000 0.000000
vn 1.000000 0.000000 0.000000
vn 1.000000 0.000000 0.000000
vn 1.000000 0.000000 0.000000
vn 1.000000 0.000000 0.000000
vn 1.000000 0.000000 0.000000
vn 1.000000 0.000000 0.000000
vn 1.000000 0.000000 0.000000
vn 1.000000 0.000000 0.000000
vn 1.000000 0.000000 0.000000
vn 1.000000 0.000000 0.000000
vn 1.000000 0.000000 0.000000
vn 1.000000 0.000000 0.000000
vn 1.000000 0.000000 0.000000
vn 1.000000 0.000000 0.000000
vn 1.000000 0.000000 0.000000
vn 1.000000 0.000000 0.000000
vn 1.000000 0.000000 0.000000
vn 1.000000 0.000000 0.000000
vn 1.000000 0.000000 0.000000
vn 1.000000 0.000000 0.000000
vn 1.000000 0.000000 0.000000
vn 1.000000 0.000000 0.000000
vn 1.000000 0.000000 0.000000
vn 1.000000 0.000000 0.000000
vn 1.000000 0.000000 0.000000
vn 1.000000 0.000000 0.000000
vn 1.000000 0.000000 0.000000
vn 1.000000 0.000000 0.000000
vn 1.000000 0.000000 0.000000
vn 1.000000 0.000000 0.000000
vn 1.000000 0.000000 0.000000
vn 1.000000 0.000000 0.000000
vn 1.000000 0.000000 0.000000
vn 1.000000 0.000000 0.000000
vn 1.000000 0.000000 0.000000
vn 1.000000 0.000000 0.000000
vn 1.000000 0.000000 0.000000
vn 1.000000 0.000000 0.000000
vn 1.000000 0.000000 0.000000
vn 1.000000 0.000000 0.000000
vn 1.000000 0.000000 0.000000
vn 1.000000 0.000000 0.000000
vn 1.000000 0.000000 0.000000
vn 1.000000 0.000000 0.000000
vn 1.000000 0.000000 0.000000
vn 1.000000 0.000000 0.000000
vn 1.000000 0.000000 0.000000
vn 1.000000 0.000000 0.000000
vn 1.000000 0.000000 0.000000
vn 1.000000 0.000000 0.000000
vn 1.000000 0.000000 0.000000
vn 1.000000 0.000000 0.000000
vn 1.000000 0.000000 0.000000
vn 1.000000 0.000000 0.000000
vn 1.000000 0.000000 0.000000
vn 1.000000 0.000000 0.000000
vn 1.000000 0.000000 0.000000
vn 1.000000 0.000000 0.000000
vn 1.000000 0.000000 0.000000
vn 1.000000 0.000000 0.000000
vn 1.000000 0.000000 0.000000
vn 1.000000 0.000000 0.000000
vn 1.000000 0.000000 0.000000
vn 1.000000 0.000000 0.000000
vn 1.000000 0.000000 0.000000
vn 1.000000 0.000000 0.000000
vn 1.000000 0.000000 0.000000
vn 1.000000 0.000000 0.000000
vn 1.000000 0.000000 0.000000
vn 1.000000 0.000000 0.000000
vn 1.000000 0.000000 0.000000
vn 1.000000 0.000000 0.000000
vn 1.000000 0.000000 0.000000
vn 1.000000 0.000000 0.000000
vn 1.000000 0.000000 0.000000
vn 1.000000 0.000000 0.000000
vn 1.000000 0.000000 0.000000
vn 1.000000 0.000000 0.000000
vn 1.000000 0.000000 0.000000
vn 1.000000 0.000000 0.000000
vn 1.000000 0.000000 0.000000
vn 1.000000 0.000000 0.000000
vn 1.000000 0.000000 0.000000
vn 1.000000 0.000000 0.000000
vn 1.000000 0.000000 0.000000
vn 1.000000 0.000000 0.000000
vn 1.000000 0.000000 0.000000
vn 1.000000 0.000000 0.000000
vn 1.000000 0.000000 0.000000
vn 1.000000 0.000000 0.000000
vn 1.000000 0.000000 0.000000
vn 1.000000 0.000000 0.000000
vn 1.000000 0.000000 0.000000
vn 1.000000 0.000000 0.000000
vn 1.000000 0.000000 0.000000
vn 1.000000 0.000000 0.000000
vn 1.000000 0.000000 0.000000
vn 1.000000 0.000000 0.000000
vn 1.000000 0.000000 0.000000
vn 1.000000 0.000000 0.000000
vn 1.000000 0.000000 0.000000
vn 1.000000 0.000000 0.000000
vn 1.000000 0.000000 0.000000
vn 1.000000 0.000000 0.000000
vn 1.000000 0.000000 0.000000
vn 1.000000 0.000000 0.000000
vn 1.000000 0.000000 0.000000
vn 1.000000 0.000000 0.000000
vn 1.000000 0.000000 0.000000
vn 1.000000 0.000000 0.000000
vn 1.000000 0.000000 0.000000
vn 1.000000 0.000000 0.000000
vn 1.000000 0.000000 0.000000
vn 1.000000 0.000000 0.000000
vn 1.000000 0.000000 0.000000
vn 1.000000 0.000000 0.000000
vn 1.000000 0.000000 0.000000
vn 1.000000 0.000000 0.000000
vn 1.000000 0.000000 0.000000
vn 1.000000 0.000000 0.000000
vn 1.000000 0.000000 0.000000
vn 1.000000 0.000000 0.000000
vn 1.000000 0.000000 0.000000
vn 1.000000 0.000000 0.000000
vn 1.000000 0.000000 0.000000
vn 1.000000 0.000000 0.000000
vn 1.000000 0.000000 0.000000
vn 1.000000 0.000000 0.000000
vn 1.000000 0.000000 0.000000
vn 1.000000 0.000000 0.000000
vn 1.000000 0.000000 0.000000
vn 1.000000 0.000000 0.000000
vn 1.000000 0.000000 0.000000
vn 1.000000 0.000000 0.000000
vn 1.000000 0.000000 0.000000
vn 1.000000 0.000000 0.000000
vn 1.000000 0.000000 0.000000
vn 1.000000 0.000000 0.000000
vn 1.000000 0.000000 0.000000
vn 1.000000 0.000000 0.000000
vn 1.000000 0.000000 0.000000
vn 1.000000 0.000000 0.000000
vn 1.000000 0.000000 0.000000
vn 1.000000 0.000000 0.000000
vn 1.000000 0.000000 0.000000
vn 1.000000 0.000000 0.000000
vn 1.000000 0.000000 0.000000
vn 1.000000 0.000000 0.000000
vn 1.000000 0.000000 0.000000
vn 1.000000 0.000000 0.000000
vn 1.000000 0.000000 0.000000
vn 1.000000 0.000000 0.000000
vn 1.000000 0.000000 0.000000
vn 1.000000 0.000000 0.000000
vn 1.000000 0.000000 0.000000
vn 1.000000 0.000000 0.000000
vn 1.000000 0.000000 0.000000
vn 1.000000 0.000000 0.000000
vn 1.000000 0.000000 0.000000
vn 1.000000 0.000000 0.000000
vn 1.000000 0.000000 0.000000
vn 1.000000 0.000000 0.000000
vn 1.000000 0.000000 0.000000
vn 1.000000 0.000000 0.000000
vn 1.000000 0.000000 0.000000
vn 1.000000 0.000000 0.000000
vn 1.000000 0.000000 0.000000
vn 1.000000 0.000000 0.000000
vn 1.000000 0.000000 0.000000
vn 1.000000 0.000000 0.000000
vn 1.000000 0.000000 0.000000
vn 1.000000 0.000000 0.000000
vn 1.000000 0.000000 0.000000
vn 1.000000 0.000000 0.000000
vn 1.000000 0.000000 0.000000
vn 1.000000 0.000000 0.000000
vn 1.000000 0.000000 0.000000
vn 1.000000 0.000000 0.000000
vn 1.000000 0.000000 0.000000
vn 1.000000 0.000000 0.000000
vn 1.000000 0.000000 0.000000
vn 1.000000 0.000000 0.000000
vn 1.000000 0.000000 0.000000
vn 1.000000 0.000000 0.000000
vn 1.000000 0.000000 0.000000
vn 1.000000 0.000000 0.000000
vn 1.000000 0.000000 0.000000
vn 1.000000 0.000000 0.000000
vn 1.000000 0.000000 0.000000
vn 1.000000 0.000000 0.000000
vn 1.000000 0.000000 0.000000
vn 1.000000 0.000000 0.000000
vn 1.000000 0.000000 0.000000
vn 1.000000 0.000000 0.000000
vn 1.000000 0.000000 0.000000
vn 1.000000 0.000000 0.000000
vn 1.000000 0.000000 0.000000
vn 1.000000 0.000000 0.000000
vn 1.000000 0.000000 0.000000
vn 1.000000 0.000000 0.000000
vn 1.000000 0.000000 0.000000
vn 1.000000 0.000000 0.000000
vn 1.000000 0.000000 0.000000
vn 1.000000 0.000000 0.000000
vn 1.000000 0.000000 0.000000
vn 1.000000 0.000000 0.000000
vn 1.000000 0.000000 0.000000
vn 1.000000 0.000000 0.000000
vn 1.000000 0.000000 0.000000
vn 1.000000 0.000000 0.000000
vn 1.000000 0.000000 0.000000
vn 1.000000 0.000000 0.000000
vn 1.000000 0.000000 0.000000
vn 1.000000 0.000000 0.000000
vn 1.000000 0.000000 0.000000
vn 1.000000 0.000000 0.000000
vn 1.000000 0.000000 0.000000
vn 1.000000 0.000000 0.000000
vn 1.000000 0.000000 0.000000
vn 1.000000 0.000000 0.000000
vn 1.000000 0.000000 0.000000
vn 1.000000 0.000000 0.000000
vn 1.000000 0.000000 0.000000
vn 1.000000 0.000000 0.000000
vn 1.000000 0.000000 0.000000
vn 1.000000 0.000000 0.000000
vn 1.000000 0.000000 0.000000
vn 1.000000 0.000000 0.000000
vn 1.000000 0.000000 0.000000
vn 1.000000 0.000000 0.000000
vn 1.000000 0.000000 0.000000
vn 1.000000 0.000000 0.000000
vn 1.000000 0.000000 0.000000
vn 1.000000 0.000000 0.000000
vn 1.000000 0.000000 0.000000
vn 1.000000 0.000000 0.000000
vn 1.000000 0.000000 0.000000
vn 1.000000 0.000000 0.000000
vn 1.000000 0.000000 0.000000
vn 1.000000 0.000000 0.000000
vn 1.000000 0.000000 0.000000
vn 1.000000 0.000000 0.000000
vn 1.000000 0.000000 0.000000
vn 1.000000 0.000000 0.000000
vn 1.000000 0.000000 0.000000
vn 1.000000 0.000000 0.000000
vn 1.000000 0.000000 0.000000
vn 1.000000 0.000000 0.000000
vn 1.000000 0.000000 0.000000
vn 1.000000 0.000000 0.000000
vn 1.000000 0.000000 0.000000
vn 1.000000 0.000000 0.000000
vn 1.000000 0.000000 0.000000
vn 1.000000 0.000000 0.000000
vn 1.000000 0.000000 0.000000
vn 1.000000 0.000000 0.000000
vn 1.000000 0.000000 0.000000
vn 1.000000 0.000000 0.000000
vn 1.000000 0.000000 0.000000
vn 1.000000 0.000000 0.000000
vn 1.000000 0.000000 0.000000
vn 1.000000 0.000000 0.000000
vn 1.000000 0.000000 0.000000
vn 1.000000 0.000000 0.000000
vn 1.000000 0.000000 0.000000
vn 1.000000 0.000000 0.000000
vn 1.000000 0.000000 0.000000
vn 1.000000 0.000000 0.000000
vn 1.000000 0.000000 0.000000
vn 1.000000 0.000000 0.000000
vn 1.000000 0.000000 0.000000
vn 1.000000 0.000000 0.000000
vn 1.000000 0.000000 0.000000
vn 1.000000 0.000000 0.000000
vn 1.000000 0.000000 0.000000
vn 1.000000 0.000000 0.000000
vn 1.000000 0.000000 0.000000
vn 1.000000 0.000000 0.000000
vn 1.000000 0.000000 0.000000
vn 1.000000 0.000000 0.000000
vn 1.000000 0.000000 0.000000
vn 1.000000 0.000000 0.000000
vn 1.000000 0.000000 0.000000
vn 1.000000 0.000000 0.000000
vn 1.000000 0.000000 0.000000
vn 1.000000 0.000000 0.000000
vn 1.000000 0.000000 0.000000
vn 1.000000 0.000000 0.000000
vn 1.000000 0.000000 0.000000
vn 1.000000 0.000000 0.000000
vn 1.000000 0.000000 0.000000
vn 1.000000 0.000000 0.000000
vn 1.000000 0.000000 0.000000
vn 1.000000 0.000000 0.000000
vn 1.000000 0.000000 0.000000
vn 1.000000 0.000000 0.000000
vn 1.000000 0.000000 0.000000
vn 1.000000 0.000000 0.000000
vn 1.000000 0.000000 0.000000
vn 1.000000 0.000000 0.000000
vn 1.000000 0.000000 0.000000
vn 1.000000 0.000000 0.000000
vn 1.000000 0.000000 0.000000
vn 1.000000 0.000000 0.000000
vn 1.000000 0.000000 0.000000
vn 1.000000 0.000000 0.000000
vn 1.000000 0.000000 0.000000
vn 1.000000 0.000000 0.000000
vn 1.000000 0.000000 0.000000
vn 1.000000 0.000000 0.000000
vn 1.000000 0.000000 0.000000
vn 1.000000 0.000000 0.000000
vn 1.000000 0.000000 0.000000
vn 1.000000 0.000000 0.000000
vn 1.000000 0.000000 0.000000
vn 1.000000 0.000000 0.000000
vn 1.000000 0.000000 0.000000
vn 1.000000 0.000000 0.000000
vn 1.000000 0.000000 0.000000
vn 1.000000 0.000000 0.000000
vn 1.000000 0.000000 0.000000
vn 1.000000 0.000000 0.000000
vn 1.000000 0.000000 0.000000
vn 1.000000 0.000000 0.000000
vn 1.000000 0.000000 0.000000
vn 1.000000 0.000000 0.000000
vn 1.000000 0.000000 0.000000
vn 1.000000 0.000000 0.000000
vn 1.000000 0.000000 0.000000
vn 1.000000 0.000000 0.000000
vn 1.000000 0.000000 0.000000
vn 1.000000 0.000000 0.000000
vn 1.000000 0.000000 0.000000
vn 1.000000 0.000000 0.000000
vn 1.000000 0.000000 0.000000
vn 1.000000 0.000000 0.000000
vn 1.000000 0.000000 0.000000
vn 1.000000 0.000000 0.000000
vn 1.000000 0.000000 0.000000
vn 1.000000 0.000000 0.000000
vn 1.000000 0.000000 0.000000
vn 1.000000 0.000000 0.000000
vn 1.000000 0.000000 0.000000
vn 1.000000 0.000000 0.000000
vn 1.000000 0.000000 0.000000
vn 1.000000 0.000000 0.000000
vn 1.000000 0.000000 0.000000
vn 1.000000 0.000000 0.000000
vn 1.000000 0.000000 0.000000
vn 1.000000 0.000000 0.000000
vn 1.000000 0.000000 0.000000
vn 1.000000 0.000000 0.000000
vn 1.000000 0.000000 0.000000
vn 1.000000 0.000000 0.000000
vn 1.000000 0.000000 0.000000
vn 1.000000 0.000000 0.000000
vn 1.000000 0.000000 0.000000
vn 1.000000 0.000000 0.000000
vn 1.000000 0.000000 0.000000
vn 1.000000 0.000000 0.000000
vn 1.000000 0.000000 0.000000
vn 1.000000 0.000000 0.000000
vn 1.000000 0.000000 0.000000
vn 1.000000 0.000000 0.000000
vn 1.000000 0.000000 0.000000
vn 1.000000 0.000000 0.000000
vn 1.000000 0.000000 0.000000
vn 1.000000 0.000000 0.000000
vn 1.000000 0.000000 0.000000
vn 1.000000 0.000000 0.000000
vn 1.000000 0.000000 0.000000
vn 1.000000 0.000000 0.000000
vn 1.000000 0.000000 0.000000
vn 1.000000 0.000000 0.000000
vn 1.000000 0.000000 0.000000
vn 1.000000 0.000000 0.000000
vn 1.000000 0.000000 0.000000
vn 1.000000 0.000000 0.000000
vn 1.000000 0.000000 0.000000
vn 1.000000 0.000000 0.000000
vn 1.000000 0.000000 0.000000
vn 1.000000 0.000000 0.000000
vn 1.000000 0.000000 0.000000
vn 1.000000 0.000000 0.000000
vn 1.000000 0.000000 0.000000
vn 1.000000 0.000000 0.000000
vn 1.000000 0.000000 0.000000
vn 1.000000 0.000000 0.000000
vn 1.000000 0.000000 0.000000
vn 1.000000 0.000000 0.000000
vn 1.000000 0.000000 0.000000
vn 1.000000 0.000000 0.000000
vn 1.000000 0.000000 0.000000
vn 1.000000 0.000000 0.000000
vn 1.000000 0.000000 0.000000
vn 1.000000 0.000000 0.000000
vn 1.000000 0.000000 0.000000
vn 1.000000 0.000000 0.000000
vn -1.000000 -0.000000 -0.000000
vn -1.000000 -0.000000 -0.000000
vn -1.000000 -0.000000 -0.000000
vn -1.000000 -0.000000 -0.000000
vn -1.000000 -0.000000 -0.000000
vn -1.000000 -0.000000 -0.000000
vn -1.000000 -0.000000 -0.000000
vn -1.000000 -0.000000 -0.000000
vn -1.000000 -0.000000 -0.000000
vn -1.000000 -0.000000 -0.000000
vn -1.000000 -0.000000 -0.000000
vn -1.000000 -0.000000 -0.000000
vn -1.000000 -0.000000 -0.000000
vn -1.000000 -0.000000 -0.000000
vn -1.000000 -0.000000 -0.000000
vn -1.000000 -0.000000 -0.000000
vn -1.000000 -0.000000 -0.000000
vn -1.000000 -0.000000 -0.000000
vn -1.000000 -0.000000 -0.000000
vn -1.000000 -0.000000 -0.000000
vn -1.000000 -0.000000 -0.000000
vn -1.000000 -0.000000 -0.000000
vn -1.000000 -0.000000 -0.000000
vn -1.000000 -0.000000 -0.000000
vn -1.000000 -0.000000 -0.000000
vn -1.000000 -0.000000 -0.000000
vn -1.000000 -0.000000 -0.000000
vn -1.000000 -0.000000 -0.000000
vn -1.000000 -0.000000 -0.000000
vn -1.000000 -0.000000 -0.000000
vn -1.000000 -0.000000 -0.000000
vn -1.000000 -0.000000 -0.000000
vn -1.000000 -0.000000 -0.000000
vn -1.000000 -0.000000 -0.000000
vn -1.000000 -0.000000 -0.000000
vn -1.000000 -0.000000 -0.000000
vn -1.000000 -0.000000 -0.000000
vn -1.000000 -0.000000 -0.000000
vn -1.000000 -0.000000 -0.000000
vn -1.000000 -0.000000 -0.000000
vn -1.000000 -0.000000 -0.000000
vn -1.000000 -0.000000 -0.000000
vn -1.000000 -0.000000 -0.000000
vn -1.000000 -0.000000 -0.000000
vn -1.000000 -0.000000 -0.000000
vn -1.000000 -0.000000 -0.000000
vn -1.000000 -0.000000 -0.000000
vn -1.000000 -0.000000 -0.000000
vn -1.000000 -0.000000 -0.000000
vn -1.000000 -0.000000 -0.000000
vn -1.000000 -0.000000 -0.000000
vn -1.000000 -0.000000 -0.000000
vn -1.000000 -0.000000 -0.000000
vn -1.000000 -0.000000 -0.000000
vn -1.000000 -0.000000 -0.000000
vn -1.000000 -0.000000 -0.000000
vn -1.000000 -0.000000 -0.000000
vn -1.000000 -0.000000 -0.000000
vn -1.000000 -0.000000 -0.000000
vn -1.000000 -0.000000 -0.000000
vn -1.000000 -0.000000 -0.000000
vn -1.000000 -0.000000 -0.000000
vn -1.000000 -0.000000 -0.000000
vn -1.000000 -0.000000 -0.000000
vn -1.000000 -0.000000 -0.000000
vn -1.000000 -0.000000 -0.000000
vn -1.000000 -0.000000 -0.000000
vn -1.000000 -0.000000 -0.000000
vn -1.000000 -0.000000 -0.000000
vn -1.000000 -0.000000 -0.000000
vn -1.000000 -0.000000 -0.000000
vn -1.000000 -0.000000 -0.000000
vn -1.000000 -0.000000 -0.000000
vn -1.000000 -0.000000 -0.000000
vn -1.000000 -0.000000 -0.000000
vn -1.000000 -0.000000 -0.000000
vn -1.000000 -0.000000 -0.000000
vn -1.000000 -0.000000 -0.000000
vn -1.000000 -0.000000 -0.000000
vn -1.000000 -0.000000 -0.000000
vn -1.000000 -0.000000 -0.000000
vn -1.000000 -0.000000 -0.000000
vn -1.000000 -0.000000 -0.000000
vn -1.000000 -0.000000 -0.000000
vn -1.000000 -0.000000 -0.000000
vn -1.000000 -0.000000 -0.000000
vn -1.000000 -0.000000 -0.000000
vn -1.000000 -0.000000 -0.000000
vn -1.000000 -0.000000 -0.000000
vn -1.000000 -0.000000 -0.000000
vn -1.000000 -0.000000 -0.000000
vn -1.000000 -0.000000 -0.000000
vn -1.000000 -0.000000 -0.000000
vn -1.000000 -0.000000 -0.000000
vn -1.000000 -0.000000 -0.000000
vn -1.000000 -0.000000 -0.000000
vn -1.000000 -0.000000 -0.000000
vn -1.000000 -0.000000 -0.000000
vn -1.000000 -0.000000 -0.000000
vn -1.000000 -0.000000 -0.000000
vn -1.000000 -0.000000 -0.000000
vn -1.000000 -0.000000 -0.000000
vn -1.000000 -0.000000 -0.000000
vn -1.000000 -0.000000 -0.000000
vn -1.000000 -0.000000 -0.000000
vn -1.000000 -0.000000 -0.000000
vn -1.000000 -0.000000 -0.000000
vn -1.000000 -0.000000 -0.000000
vn -1.000000 -0.000000 -0.000000
vn -1.000000 -0.000000 -0.000000
vn -1.000000 -0.000000 -0.000000
vn -1.000000 -0.000000 -0.000000
vn -1.000000 -0.000000 -0.000000
vn -1.000000 -0.000000 -0.000000
vn -1.000000 -0.000000 -0.000000
vn -1.000000 -0.000000 -0.000000
vn -1.000000 -0.000000 -0.000000
vn -1.000000 -0.000000 -0.000000
vn -1.000000 -0.000000 -0.000000
vn -1.000000 -0.000000 -0.000000
vn -1.000000 -0.000000 -0.000000
vn -1.000000 -0.000000 -0.000000
vn -1.000000 -0.000000 -0.000000
vn -1.000000 -0.000000 -0.000000
vn -1.000000 -0.000000 -0.000000
vn -1.000000 -0.000000 -0.000000
vn -1.000000 -0.000000 -0.000000
vn -1.000000 -0.000000 -0.000000
vn -1.000000 -0.000000 -0.000000
vn -1.000000 -0.000000 -0.000000
vn -1.000000 -0.000000 -0.000000
vn -1.000000 -0.000000 -0.000000
vn -1.000000 -0.000000 -0.000000
vn -1.000000 -0.000000 -0.000000
vn -1.000000 -0.000000 -0.000000
vn -1.000000 -0.000000 -0.000000
vn -1.000000 -0.000000 -0.000000
vn -1.000000 -0.000000 -0.000000
vn -1.000000 -0.000000 -0.000000
vn -1.000000 -0.000000 -0.000000
vn -1.000000 -0.000000 -0.000000
vn -1.000000 -0.000000 -0.000000
vn -1.000000 -0.000000 -0.000000
vn -1.000000 -0.000000 -0.000000
vn -1.000000 -0.000000 -0.000000
vn -1.000000 -0.000000 -0.000000
vn -1.000000 -0.000000 -0.000000
vn -1.000000 -0.000000 -0.000000
vn -1.000000 -0.000000 -0.000000
vn -1.000000 -0.000000 -0.000000
vn -1.000000 -0.000000 -0.000000
vn -1.000000 -0.000000 -0.000000
vn -1.000000 -0.000000 -0.000000
vn -1.000000 -0.000000 -0.000000
vn -1.000000 -0.000000 -0.000000
vn -1.000000 -0.000000 -0.000000
vn -1.000000 -0.000000 -0.000000
vn -1.000000 -0.000000 -0.000000
vn -1.000000 -0.000000 -0.000000
vn -1.000000 -0.000000 -0.000000
vn -1.000000 -0.000000 -0.000000
vn -1.000000 -0.000000 -0.000000
vn -1.000000 -0.000000 -0.000000
vn -1.000000 -0.000000 -0.000000
vn -1.000000 -0.000000 -0.000000
vn -1.000000 -0.000000 -0.000000
vn -1.000000 -0.000000 -0.000000
vn -1.000000 -0.000000 -0.000000
vn -1.000000 -0.000000 -0.000000
vn -1.000000 -0.000000 -0.000000
vn -1.000000 -0.000000 -0.000000
vn -1.000000 -0.000000 -0.000000
vn -1.000000 -0.000000 -0.000000
vn -1.000000 -0.000000 -0.000000
vn -1.000000 -0.000000 -0.000000
vn -1.000000 -0.000000 -0.000000
vn -1.000000 -0.000000 -0.000000
vn -1.000000 -0.000000 -0.000000
vn -1.000000 -0.000000 -0.000000
vn -1.000000 -0.000000 -0.000000
vn -1.000000 -0.000000 -0.000000
vn -1.000000 -0.000000 -0.000000
vn -1.000000 -0.000000 -0.000000
vn -1.000000 -0.000000 -0.000000
vn -1.000000 -0.000000 -0.000000
vn -1.000000 -0.000000 -0.000000
vn -1.000000 -0.000000 -0.000000
vn -1.000000 -0.000000 -0.000000
vn -1.000000 -0.000000 -0.000000
vn -1.000000 -0.000000 -0.000000
vn -1.000000 -0.000000 -0.000000
vn -1.000000 -0.000000 -0.000000
vn -1.000000 -0.000000 -0.000000
vn -1.000000 -0.000000 -0.000000
vn -1.000000 -0.000000 -0.000000
vn -1.000000 -0.000000 -0.000000
vn -1.000000 -0.000000 -0.000000
vn -1.000000 -0.000000 -0.000000
vn -1.000000 -0.000000 -0.000000
vn -1.000000 -0.000000 -0.000000
vn -1.000000 -0.000000 -0.000000
vn -1.000000 -0.000000 -0.000000
vn -1.000000 -0.000000 -0.000000
vn -1.000000 -0.000000 -0.000000
vn -1.000000 -0.000000 -0.000000
vn -1.000000 -0.000000 -0.000000
vn -1.000000 -0.000000 -0.000000
vn -1.000000 -0.000000 -0.000000
vn -1.000000 -0.000000 -0.000000
vn -1.000000 -0.000000 -0.000000
vn -1.000000 -0.000000 -0.000000
vn -1.000000 -0.000000 -0.000000
vn -1.000000 -0.000000 -0.000000
vn -1.000000 -0.000000 -0.000000
vn -1.000000 -0.000000 -0.000000
vn -1.000000 -0.000000 -0.000000
vn -1.000000 -0.000000 -0.000000
vn -1.000000 -0.000000 -0.000000
vn -1.000000 -0.000000 -0.000000
vn -1.000000 -0.000000 -0.000000
vn -1.000000 -0.000000 -0.000000
vn -1.000000 -0.000000 -0.000000
vn -1.000000 -0.000000 -0.000000
vn -1.000000 -0.000000 -0.000000
vn -1.000000 -0.000000 -0.000000
vn -1.000000 -0.000000 -0.000000
vn -1.000000 -0.000000 -0.000000
vn -1.000000 -0.000000 -0.000000
vn -1.000000 -0.000000 -0.000000
vn -1.000000 -0.000000 -0.000000
vn -1.000000 -0.000000 -0.000000
vn -1.000000 -0.000000 -0.000000
vn -1.000000 -0.000000 -0.000000
vn -1.000000 -0.000000 -0.000000
vn -1.000000 -0.000000 -0.000000
vn -1.000000 -0.000000 -0.000000
vn -1.000000 -0.000000 -0.000000
vn -1.000000 -0.000000 -0.000000
vn -1.000000 -0.000000 -0.000000
vn -1.000000 -0.000000 -0.000000
vn -1.000000 -0.000000 -0.000000
vn -1.000000 -0.000000 -0.000000
vn -1.000000 -0.000000 -0.000000
vn -1.000000 -0.000000 -0.000000
vn -1.000000 -0.000000 -0.000000
vn -1.000000 -0.000000 -0.000000
vn -1.000000 -0.000000 -0.000000
vn -1.000000 -0.000000 -0.000000
vn -1.000000 -0.000000 -0.000000
vn -1.000000 -0.000000 -0.000000
vn -1.000000 -0.000000 -0.000000
vn -1.000000 -0.000000 -0.000000
vn -1.000000 -0.000000 -0.000000
vn -1.000000 -0.000000 -0.000000
vn -1.000000 -0.000000 -0.000000
vn -1.000000 -0.000000 -0.000000
vn -1.000000 -0.000000 -0.000000
vn -1.000000 -0.000000 -0.000000
vn -1.000000 -0.000000 -0.000000
vn -1.000000 -0.000000 -0.000000
vn -1.000000 -0.000000 -0.000000
vn -1.000000 -0.000000 -0.000000
vn -1.000000 -0.000000 -0.000000
vn -1.000000 -0.000000 -0.000000
vn -1.000000 -0.000000 -0.000000
vn -1.000000 -0.000000 -0.000000
vn -1.000000 -0.000000 -0.000000
vn -1.000000 -0.000000 -0.000000
vn -1.000000 -0.000000 -0.000000
vn -1.000000 -0.000000 -0.000000
vn -1.000000 -0.000000 -0.000000
vn -1.000000 -0.000000 -0.000000
vn -1.000000 -0.000000 -0.000000
vn -1.000000 -0.000000 -0.000000
vn -1.000000 -0.000000 -0.000000
vn -1.000000 -0.000000 -0.000000
vn -1.000000 -0.000000 -0.000000
vn -1.000000 -0.000000 -0.000000
vn -1.000000 -0.000000 -0.000000
vn -1.000000 -0.000000 -0.000000
vn -1.000000 -0.000000 -0.000000
vn -1.000000 -0.000000 -0.000000
vn -1.000000 -0.000000 -0.000000
vn -1.000000 -0.000000 -0.000000
vn -1.000000 -0.000000 -0.000000
vn -1.000000 -0.000000 -0.000000
vn -1.000000 -0.000000 -0.000000
vn -1.000000 -0.000000 -0.000000
vn -1.000000 -0.000000 -0.000000
vn -1.000000 -0.000000 -0.000000
vn -1.000000 -0.000000 -0.000000
vn -1.000000 -0.000000 -0.000000
vn -1.000000 -0.000000 -0.000000
vn -1.000000 -0.000000 -0.000000
vn -1.000000 -0.000000 -0.000000
vn -1.000000 -0.000000 -0.000000
vn -1.000000 -0.000000 -0.000000
vn -1.000000 -0.000000 -0.000000
vn -1.000000 -0.000000 -0.000000
vn -1.000000 -0.000000 -0.000000
vn -1.000000 -0.000000 -0.000000
vn -1.000000 -0.000000 -0.000000
vn -1.000000 -0.000000 -0.000000
vn -1.000000 -0.000000 -0.000000
vn -1.000000 -0.000000 -0.000000
vn -1.000000 -0.000000 -0.000000
vn -1.000000 -0.000000 -0.000000
vn -1.000000 -0.000000 -0.000000
vn -1.000000 -0.000000 -0.000000
vn -1.000000 -0.000000 -0.000000
vn -1.000000 -0.000000 -0.000000
vn -1.000000 -0.000000 -0.000000
vn -1.000000 -0.000000 -0.000000
vn -1.000000 -0.000000 -0.000000
vn -1.000000 -0.000000 -0.000000
vn -1.000000 -0.000000 -0.000000
vn -1.000000 -0.000000 -0.000000
vn -1.000000 -0.000000 -0.000000
vn -1.000000 -0.000000 -0.000000
vn -1.000000 -0.000000 -0.000000
vn -1.000000 -0.000000 -0.000000
vn -1.000000 -0.000000 -0.000000
vn -1.000000 -0.000000 -0.000000
vn -1.000000 -0.000000 -0.000000
vn -1.000000 -0.000000 -0.000000
vn -1.000000 -0.000000 -0.000000
vn -1.000000 -0.000000 -0.000000
vn -1.000000 -0.000000 -0.000000
vn -1.000000 -0.000000 -0.000000
vn -1.000000 -0.000000 -0.000000
vn -1.000000 -0.000000 -0.000000
vn -1.000000 -0.000000 -0.000000
vn -1.000000 -0.000000 -0.000000
vn -1.000000 -0.000000 -0.000000
vn -1.000000 -0.000000 -0.000000
vn -1.000000 -0.000000 -0.000000
vn -1.000000 -0.000000 -0.000000
vn -1.000000 -0.000000 -0.000000
vn -1.000000 -0.000000 -0.000000
vn -1.000000 -0.000000 -0.000000
vn -1.000000 -0.000000 -0.000000
vn -1.000000 -0.000000 -0.000000
vn -1.000000 -0.000000 -0.000000
vn -1.000000 -0.000000 -0.000000
vn -1.000000 -0.000000 -0.000000
vn -1.000000 -0.000000 -0.000000
vn -1.000000 -0.000000 -0.000000
vn -1.000000 -0.000000 -0.000000
vn -1.000000 -0.000000 -0.000000
vn -1.000000 -0.000000 -0.000000
vn -1.000000 -0.000000 -0.000000
vn -1.000000 -0.000000 -0.000000
vn -1.000000 -0.000000 -0.000000
vn -1.000000 -0.000000 -0.000000
vn -1.000000 -0.000000 -0.000000
vn -1.000000 -0.000000 -0.000000
vn -1.000000 -0.000000 -0.000000
vn -1.000000 -0.000000 -0.000000
vn -1.000000 -0.000000 -0.000000
vn -1.000000 -0.000000 -0.000000
vn -1.000000 -0.000000 -0.000000
vn -1.000000 -0.000000 -0.000000
vn -1.000000 -0.000000 -0.000000
vn -1.000000 -0.000000 -0.000000
vn -1.000000 -0.000000 -0.000000
vn -1.000000 -0.000000 -0.000000
vn -1.000000 -0.000000 -0.000000
vn -1.000000 -0.000000 -0.000000
vn -1.000000 -0.000000 -0.000000
vn -1.000000 -0.000000 -0.000000
vn -1.000000 -0.000000 -0.000000
vn -1.000000 -0.000000 -0.000000
vn -1.000000 -0.000000 -0.000000
vn -1.000000 -0.000000 -0.000000
vn -1.000000 -0.000000 -0.000000
vn -1.000000 -0.000000 -0.000000
vn -1.000000 -0.000000 -0.000000
vn -1.000000 -0.000000 -0.000000
vn -1.000000 -0.000000 -0.000000
vn -1.000000 -0.000000 -0.000000
vn -1.000000 -0.000000 -0.000000
vn -1.000000 -0.000000 -0.000000
vn -1.000000 -0.000000 -0.000000
vn -1.000000 -0.000000 -0.000000
vn -1.000000 -0.000000 -0.000000
vn -1.000000 -0.000000 -0.000000
vn -1.000000 -0.000000 -0.000000
vn -1.000000 -0.000000 -0.000000
vn -1.000000 -0.000000 -0.000000
vn -1.000000 -0.000000 -0.000000
vn -1.000000 -0.000000 -0.000000
vn -1.000000 -0.000000 -0.000000
vn -1.000000 -0.000000 -0.000000
vn -1.000000 -0.000000 -0.000000
vn -1.000000 -0.000000 -0.000000
vn -1.000000 -0.000000 -0.000000
vn -1.000000 -0.000000 -0.000000
vn -1.000000 -0.000000 -0.000000
vn -1.000000 -0.000000 -0.000000
vn -1.000000 -0.000000 -0.000000
vn -1.000000 -0.000000 -0.000000
vn -1.000000 -0.000000 -0.000000
vn -1.000000 -0.000000 -0.000000
vn -1.000000 -0.000000 -0.000000
vn -1.000000 -0.000000 -0.000000
vn -1.000000 -0.000000 -0.000000
vn -1.000000 -0.000000 -0.000000
vn -1.000000 -0.000000 -0.000000
vn -1.000000 -0.000000 -0.000000
vn -1.000000 -0.000000 -0.000000
vn -1.000000 -0.000000 -0.000000
vn -1.000000 -0.000000 -0.000000
vn -1.000000 -0.000000 -0.000000
vn -1.000000 -0.000000 -0.000000
vn -1.000000 -0.000000 -0.000000
vn -1.000000 -0.000000 -0.000000
vn -1.000000 -0.000000 -0.000000
vn -1.000000 -0.000000 -0.000000
vn -1.000000 -0.000000 -0.000000
vn -1.000000 -0.000000 -0.000000
vn -1.000000 -0.000000 -0.000000
vn -1.000000 -0.000000 -0.000000
vn -1.000000 -0.000000 -0.000000
vn -1.000000 -0.000000 -0.000000
vn -1.000000 -0.000000 -0.000000
vn -1.000000 -0.000000 -0.000000
vn -1.000000 -0.000000 -0.000000
vn -1.000000 -0.000000 -0.000000
vn -1.000000 -0.000000 -0.000000
vn -1.000000 -0.000000 -0.000000
vn -1.000000 -0.000000 -0.000000
vn -1.000000 -0.000000 -0.000000
vn -1.000000 -0.000000 -0.000000
vn -1.000000 -0.000000 -0.000000
vn -1.000000 -0.000000 -0.000000
vn -1.000000 -0.000000 -0.000000
vn -1.000000 -0.000000 -0.000000
vn -1.000000 -0.000000 -0.000000
vn -1.000000 -0.000000 -0.000000
vn -1.000000 -0.000000 -0.000000
vn -1.000000 -0.000000 -0.000000
vn -1.000000 -0.000000 -0.000000
vn -1.000000 -0.000000 -0.000000
vn -1.000000 -0.000000 -0.000000
vn -1.000000 -0.000000 -0.000000
vn -1.000000 -0.000000 -0.000000
vn -1.000000 -0.000000 -0.000000
vn -1.000000 -0.000000 -0.000000
vn -1.000000 -0.000000 -0.000000
usemtl Steel_-_Satin
f 2/1/1 142/2/2 1/3/3
f 1/3/3 142/2/2 72/4/4
f 1/5/3 72/6/4 71/7/5
f 71/7/5 72/6/4 73/8/6
f 71/7/5 73/8/6 70/9/7
f 70/9/7 73/8/6 74/10/8
f 70/9/7 74/10/8 69/11/9
f 69/11/9 74/10/8 75/12/10
f 69/11/9 75/12/10 68/13/11
f 68/13/11 75/12/10 76/14/12
f 68/13/11 76/14/12 67/15/13
f 67/15/13 76/14/12 77/16/14
f 67/15/13 77/16/14 66/17/15
f 66/17/15 77/16/14 78/18/16
f 66/17/15 78/18/16 65/19/17
f 65/19/17 78/18/16 79/20/18
f 65/19/17 79/20/18 64/21/19
f 64/21/19 79/20/18 80/22/20
f 64/21/19 80/22/20 63/23/21
f 63/23/21 80/22/20 81/24/22
f 63/23/21 81/24/22 62/25/23
f 62/25/23 81/24/22 82/26/24
f 62/25/23 82/26/24 61/27/25
f 61/27/25 82/26/24 83/28/26
f 61/27/25 83/28/26 60/29/27
f 60/29/27 83/28/26 84/30/28
f 60/29/27 84/30/28 59/31/29
f 59/31/29 84/30/28 85/32/30
f 59/31/29 85/32/30 58/33/31
f 58/33/31 85/32/30 86/34/32
f 58/33/31 86/34/32 57/35/33
f 57/35/33 86/34/32 87/36/34
f 57/35/33 87/36/34 56/37/35
f 56/37/35 87/36/34 88/38/36
f 56/37/35 88/38/36 55/39/37
f 55/39/37 88/38/36 89/40/38
f 55/39/37 89/40/38 54/41/39
f 54/41/39 89/40/38 90/42/40
f 54/41/39 90/42/40 53/43/41
f 53/43/41 90/42/40 91/44/42
f 53/43/41 91/44/42 52/45/43
f 52/45/43 91/44/42 92/46/44
f 52/45/43 92/46/44 51/47/45
f 51/47/45 92/46/44 93/48/46
f 51/47/45 93/48/46 50/49/47
f 50/49/47 93/48/46 94/50/48
f 50/49/47 94/50/48 49/51/49
f 49/51/49 94/50/48 95/52/50
f 49/51/49 95/52/50 48/53/51
f 48/53/51 95/52/50 96/54/52
f 48/53/51 96/54/52 47/55/53
f 47/55/53 96/54/52 97/56/54
f 47/55/53 97/56/54 46/57/55
f 46/57/55 97/56/54 98/58/56
f 46/57/55 98/58/56 45/59/57
f 45/59/57 98/58/56 99/60/58
f 45/59/57 99/60/58 44/61/59
f 44/61/59 99/60/58 100/62/60
f 44/61/59 100/62/60 43/63/61
f 43/63/61 100/62/60 101/64/62
f 43/63/61 101/64/62 42/65/63
f 42/65/63 101/64/62 102/66/64
f 42/65/63 102/66/64 41/67/65
f 41/67/65 102/66/64 103/68/66
f 41/67/65 103/68/66 40/69/67
f 40/69/67 103/68/66 104/70/68
f 40/69/67 104/70/68 39/71/69
f 39/71/69 104/70/68 105/72/70
f 39/71/69 105/72/70 38/73/71
f 38/73/71 105/72/70 106/74/72
f 38/73/71 106/74/72 37/75/73
f 37/75/73 106/74/72 107/76/74
f 37/75/73 107/76/74 36/77/75
f 36/77/75 107/76/74 108/78/76
f 36/77/75 108/78/76 35/79/77
f 35/79/77 108/78/76 109/80/78
f 35/79/77 109/80/78 34/81/79
f 34/81/79 109/80/78 110/82/80
f 34/81/79 110/82/80 33/83/81
f 33/83/81 110/82/80 111/84/82
f 33/83/81 111/84/82 32/85/83
f 32/85/83 111/84/82 112/86/84
f 32/85/83 112/86/84 31/87/85
f 31/87/85 112/86/84 113/88/86
f 31/87/85 113/88/86 30/89/87
f 30/89/87 113/88/86 114/90/88
f 30/89/87 114/90/88 29/91/89
f 29/91/89 114/90/88 115/92/90
f 29/91/89 115/92/90 28/93/91
f 28/93/91 115/92/90 116/94/92
f 28/93/91 116/94/92 27/95/93
f 27/95/93 116/94/92 117/96/94
f 27/95/93 117/96/94 26/97/95
f 26/97/95 117/96/94 118/98/96
f 26/97/95 118/98/96 25/99/97
f 25/99/97 118/98/96 119/100/98
f 25/99/97 119/100/98 24/101/99
f 24/101/99 119/100/98 120/102/100
f 24/101/99 120/102/100 23/103/101
f 23/103/101 120/102/100 121/104/102
f 23/103/101 121/104/102 22/105/103
f 22/105/103 121/104/102 122/106/104
f 22/105/103 122/106/104 21/107/105
f 21/107/105 122/106/104 123/108/106
f 21/107/105 123/108/106 20/109/107
f 20/109/107 123/108/106 124/110/108
f 20/109/107 124/110/108 19/111/109
f 19/111/109 124/110/108 125/112/110
f 19/111/109 125/112/110 18/113/111
f 18/113/111 125/112/110 126/114/112
f 18/113/111 126/114/112 17/115/113
f 17/115/113 126/114/112 127/116/114
f 17/115/113 127/116/114 16/117/115
f 16/117/115 127/116/114 128/118/116
f 16/117/115 128/118/116 15/119/117
f 15/119/117 128/118/116 129/120/118
f 15/119/117 129/120/118 14/121/119
f 14/121/119 129/120/118 130/122/120
f 14/121/119 130/122/120 13/123/121
f 13/123/121 130/122/120 131/124/122
f 13/123/121 131/124/122 12/125/123
f 12/125/123 131/124/122 132/126/124
f 12/125/123 132/126/124 11/127/125
f 11/127/125 132/126/124 133/128/126
f 11/127/125 133/128/126 10/129/127
f 10/129/127 133/128/126 134/130/128
f 10/129/127 134/130/128 9/131/129
f 9/131/129 134/130/128 135/132/130
f 9/131/129 135/132/130 8/133/131
f 8/133/131 135/132/130 136/134/132
f 8/133/131 136/134/132 7/135/133
f 7/135/133 136/134/132 137/136/134
f 7/135/133 137/136/134 6/137/135
f 6/137/135 137/136/134 138/138/136
f 6/137/135 138/138/136 5/139/137
f 5/139/137 138/138/136 139/140/138
f 5/139/137 139/140/138 4/141/139
f 4/141/139 139/140/138 140/142/140
f 4/141/139 140/142/140 3/143/141
f 3/143/141 140/142/140 141/144/142
f 3/143/141 141/144/142 2/1/1
f 2/1/1 141/144/142 142/2/2
f 144/145/143 284/146/144 143/147/145
f 143/147/145 284/146/144 214/148/146
f 143/149/145 214/150/146 213/151/147
f 213/151/147 214/150/146 215/152/148
f 213/151/147 215/152/148 212/153/149
f 212/153/149 215/152/148 216/154/150
f 212/153/149 216/154/150 211/155/151
f 211/155/151 216/154/150 217/156/152
f 211/155/151 217/156/152 210/157/153
f 210/157/153 217/156/152 218/158/154
f 210/157/153 218/158/154 209/159/155
f 209/159/155 218/158/154 219/160/156
f 209/159/155 219/160/156 208/161/157
f 208/161/157 219/160/156 220/162/158
f 208/161/157 220/162/158 207/163/159
f 207/163/159 220/162/158 221/164/160
f 207/163/159 221/164/160 206/165/161
f 206/165/161 221/164/160 222/166/162
f 206/165/161 222/166/162 205/167/163
f 205/167/163 222/166/162 223/168/164
f 205/167/163 223/168/164 204/169/165
f 204/169/165 223/168/164 224/170/166
f 204/169/165 224/170/166 203/171/167
f 203/171/167 224/170/166 225/172/168
f 203/171/167 225/172/168 202/173/169
f 202/173/169 225/172/168 226/174/170
f 202/173/169 226/174/170 201/175/171
f 201/175/171 226/174/170 227/176/172
f 201/175/171 227/176/172 200/177/173
f 200/177/173 227/176/172 228/178/174
f 200/177/173 228/178/174 199/179/175
f 199/179/175 228/178/174 229/180/176
f 199/179/175 229/180/176 198/181/177
f 198/181/177 229/180/176 230/182/178
f 198/181/177 230/182/178 197/183/179
f 197/183/179 230/182/178 231/184/180
f 197/183/179 231/184/180 196/185/181
f 196/185/181 231/184/180 232/186/182
f 196/185/181 232/186/182 195/187/183
f 195/187/183 232/186/182 233/188/184
f 195/187/183 233/188/184 194/189/185
f 194/189/185 233/188/184 234/190/186
f 194/189/185 234/190/186 193/191/187
f 193/191/187 234/190/186 235/192/188
f 193/191/187 235/192/188 192/193/189
f 192/193/189 235/192/188 236/194/190
f 192/193/189 236/194/190 191/195/191
f 191/195/191 236/194/190 237/196/192
f 191/195/191 237/196/192 190/197/193
f 190/197/193 237/196/192 238/198/194
f 190/197/193 238/198/194 189/199/195
f 189/199/195 238/198/194 239/200/196
f 189/199/195 239/200/196 188/201/197
f 188/201/197 239/200/196 240/202/198
f 188/201/197 240/202/198 187/203/199
f 187/203/199 240/202/198 241/204/200
f 187/203/199 241/204/200 186/205/201
f 186/205/201 241/204/200 242/206/202
f 186/205/201 242/206/202 185/207/203
f 185/207/203 242/206/202 243/208/204
f 185/207/203 243/208/204 184/209/205
f 184/209/205 243/208/204 244/210/206
f 184/209/205 244/210/206 183/211/207
f 183/211/207 244/210/206 245/212/208
f 183/211/207 245/212/208 182/213/209
f 182/213/209 245/212/208 246/214/210
f 182/213/209 246/214/210 181/215/211
f 181/215/211 246/214/210 247/216/212
f 181/215/211 247/216/212 180/217/213
f 180/217/213 247/216/212 248/218/214
f 180/217/213 248/218/214 179/219/215
f 179/219/215 248/218/214 249/220/216
f 179/219/215 249/220/216 178/221/217
f 178/221/217 249/220/216 250/222/218
f 178/221/217 250/222/218 177/223/219
f 177/223/219 250/222/218 251/224/220
f 177/223/219 251/224/220 176/225/221
f 176/225/221 251/224/220 252/226/222
f 176/225/221 252/226/222 175/227/223
f 175/227/223 252/226/222 253/228/224
f 175/227/223 253/228/224 174/229/225
f 174/229/225 253/228/224 254/230/226
f 174/229/225 254/230/226 173/231/227
f 173/231/227 254/230/226 255/232/228
f 173/231/227 255/232/228 172/233/229
f 172/233/229 255/232/228 256/234/230
f 172/233/229 256/234/230 171/235/231
f 171/235/231 256/234/230 257/236/232
f 171/235/231 257/236/232 170/237/233
f 170/237/233 257/236/232 258/238/234
f 170/237/233 258/238/234 169/239/235
f 169/239/235 258/238/234 259/240/236
f 169/239/235 259/240/236 168/241/237
f 168/241/237 259/240/236 260/242/238
f 168/241/237 260/242/238 167/243/239
f 167/243/239 260/242/238 261/244/240
f 167/243/239 261/244/240 166/245/241
f 166/245/241 261/244/240 262/246/242
f 166/245/241 262/246/242 165/247/243
f 165/247/243 262/246/242 263/248/244
f 165/247/243 263/248/244 164/249/245
f 164/249/245 263/248/244 264/250/246
f 164/249/245 264/250/246 163/251/247
f 163/251/247 264/250/246 265/252/248
f 163/251/247 265/252/248 162/253/249
f 162/253/249 265/252/248 266/254/250
f 162/253/249 266/254/250 161/255/251
f 161/255/251 266/254/250 267/256/252
f 161/255/251 267/256/252 160/257/253
f 160/257/253 267/256/252 268/258/254
f 160/257/253 268/258/254 159/259/255
f 159/259/255 268/258/254 269/260/256
f 159/259/255 269/260/256 158/261/257
f 158/261/257 269/260/256 270/262/258
f 158/261/257 270/262/258 157/263/259
f 157/263/259 270/262/258 271/264/260
f 157/263/259 271/264/260 156/265/261
f 156/265/261 271/264/260 272/266/262
f 156/265/261 272/266/262 155/267/263
f 155/267/263 272/266/262 273/268/264
f 155/267/263 273/268/264 154/269/265
f 154/269/265 273/268/264 274/270/266
f 154/269/265 274/270/266 153/271/267
f 153/271/267 274/270/266 275/272/268
f 153/271/267 275/272/268 152/273/269
f 152/273/269 275/272/268 276/274/270
f 152/273/269 276/274/270 151/275/271
f 151/275/271 276/274/270 277/276/272
f 151/275/271 277/276/272 150/277/273
f 150/277/273 277/276/272 278/278/274
f 150/277/273 278/278/274 149/279/275
f 149/279/275 278/278/274 279/280/276
f 149/279/275 279/280/276 148/281/277
f 148/281/277 279/280/276 280/282/278
f 148/281/277 280/282/278 147/283/279
f 147/283/279 280/282/278 281/284/280
f 147/283/279 281/284/280 146/285/281
f 146/285/281 281/284/280 282/286/282
f 146/285/281 282/286/282 145/287/283
f 145/287/283 282/286/282 283/288/284
f 145/287/283 283/288/284 144/145/143
f 144/145/143 283/288/284 284/146/144
f 286/289/285 426/290/286 285/291/287
f 285/291/287 426/290/286 356/292/288
f 285/293/287 356/294/288 355/295/289
f 355/295/289 356/294/288 357/296/290
f 355/295/289 357/296/290 354/297/291
f 354/297/291 357/296/290 358/298/292
f 354/297/291 358/298/292 353/299/293
f 353/299/293 358/298/292 359/300/294
f 353/299/293 359/300/294 352/301/295
f 352/301/295 359/300/294 360/302/296
f 352/301/295 360/302/296 351/303/297
f 351/303/297 360/302/296 361/304/298
f 351/303/297 361/304/298 350/305/299
f 350/305/299 361/304/298 362/306/300
f 350/305/299 362/306/300 349/307/301
f 349/307/301 362/306/300 363/308/302
f 349/307/301 363/308/302 348/309/303
f 348/309/303 363/308/302 364/310/304
f 348/309/303 364/310/304 347/311/305
f 347/311/305 364/310/304 365/312/306
f 347/311/305 365/312/306 346/313/307
f 346/313/307 365/312/306 366/314/308
f 346/313/307 366/314/308 345/315/309
f 345/315/309 366/314/308 367/316/310
f 345/315/309 367/316/310 344/317/311
f 344/317/311 367/316/310 368/318/312
f 344/317/311 368/318/312 343/319/313
f 343/319/313 368/318/312 369/320/314
f 343/319/313 369/320/314 342/321/315
f 342/321/315 369/320/314 370/322/316
f 342/321/315 370/322/316 341/323/317
f 341/323/317 370/322/316 371/324/318
f 341/323/317 371/324/318 340/325/319
f 340/325/319 371/324/318 372/326/320
f 340/325/319 372/326/320 339/327/321
f 339/327/321 372/326/320 373/328/322
f 339/327/321 373/328/322 338/329/323
f 338/329/323 373/328/322 374/330/324
f 338/329/323 374/330/324 337/331/325
f 337/331/325 374/330/324 375/332/326
f 337/331/325 375/332/326 336/333/327
f 336/333/327 375/332/326 376/334/328
f 336/333/327 376/334/328 335/335/329
f 335/335/329 376/334/328 377/336/330
f 335/335/329 377/336/330 334/337/331
f 334/337/331 377/336/330 378/338/332
f 334/337/331 378/338/332 333/339/333
f 333/339/333 378/338/332 379/340/334
f 333/339/333 379/340/334 332/341/335
f 332/341/335 379/340/334 380/342/336
f 332/341/335 380/342/336 331/343/337
f 331/343/337 380/342/336 381/344/338
f 331/343/337 381/344/338 330/345/339
f 330/345/339 381/344/338 382/346/340
f 330/345/339 382/346/340 329/347/341
f 329/347/341 382/346/340 383/348/342
f 329/347/341 383/348/342 328/349/343
f 328/349/343 383/348/342 384/350/344
f 328/349/343 384/350/344 327/351/345
f 327/351/345 384/350/344 385/352/346
f 327/351/345 385/352/346 326/353/347
f 326/353/347 385/352/346 386/354/348
f 326/353/347 386/354/348 325/355/349
f 325/355/349 386/354/348 387/356/350
f 325/355/349 387/356/350 324/357/351
f 324/357/351 387/356/350 388/358/352
f 324/357/351 388/358/352 323/359/353
f 323/359/353 388/358/352 389/360/354
f 323/359/353 389/360/354 322/361/355
f 322/361/355 389/360/354 390/362/356
f 322/361/355 390/362/356 321/363/357
f 321/363/357 390/362/356 391/364/358
f 321/363/357 391/364/358 320/365/359
f 320/365/359 391/364/358 392/366/360
f 320/365/359 392/366/360 319/367/361
f 319/367/361 392/366/360 393/368/362
f 319/367/361 393/368/362 318/369/363
f 318/369/363 393/368/362 394/370/364
f 318/369/363 394/370/364 317/371/365
f 317/371/365 394/370/364 395/372/366
f 317/371/365 395/372/366 316/373/367
f 316/373/367 395/372/366 396/374/368
f 316/373/367 396/374/368 315/375/369
f 315/375/369 396/374/368 397/376/370
f 315/375/369 397/376/370 314/377/371
f 314/377/371 397/376/370 398/378/372
f 314/377/371 398/378/372 313/379/373
f 313/379/373 398/378/372 399/380/374
f 313/379/373 399/380/374 312/381/375
f 312/381/375 399/380/374 400/382/376
f 312/381/375 400/382/376 311/383/377
f 311/383/377 400/382/376 401/384/378
f 311/383/377 401/384/378 310/385/379
f 310/385/379 401/384/378 402/386/380
f 310/385/379 402/386/380 309/387/381
f 309/387/381 402/386/380 403/388/382
f 309/387/381 403/388/382 308/389/383
f 308/389/383 403/388/382 404/390/384
f 308/389/383 404/390/384 307/391/385
f 307/391/385 404/390/384 405/392/386
f 307/391/385 405/392/386 306/393/387
f 306/393/387 405/392/386 406/394/388
f 306/393/387 406/394/388 305/395/389
f 305/395/389 406/394/388 407/396/390
f 305/395/389 407/396/390 304/397/391
f 304/397/391 407/396/390 408/398/392
f 304/397/391 408/398/392 303/399/393
f 303/399/393 408/398/392 409/400/394
f 303/399/393 409/400/394 302/401/395
f 302/401/395 409/400/394 410/402/396
f 302/401/395 410/402/396 301/403/397
f 301/403/397 410/402/396 411/404/398
f 301/403/397 411/404/398 300/405/399
f 300/405/399 411/404/398 412/406/400
f 300/405/399 412/406/400 299/407/401
f 299/407/401 412/406/400 413/408/402
f 299/407/401 413/408/402 298/409/403
f 298/409/403 413/408/402 414/410/404
f 298/409/403 414/410/404 297/411/405
f 297/411/405 414/410/404 415/412/406
f 297/411/405 415/412/406 296/413/407
f 296/413/407 415/412/406 416/414/408
f 296/413/407 416/414/408 295/415/409
f 295/415/409 416/414/408 417/416/410
f 295/415/409 417/416/410 294/417/411
f 294/417/411 417/416/410 418/418/412
f 294/417/411 418/418/412 293/419/413
f 293/419/413 418/418/412 419/420/414
f 293/419/413 419/420/414 292/421/415
f 292/421/415 419/420/414 420/422/416
f 292/421/415 420/422/416 291/423/417
f 291/423/417 420/422/416 421/424/418
f 291/423/417 421/424/418 290/425/419
f 290/425/419 421/424/418 422/426/420
f 290/425/419 422/426/420 289/427/421
f 289/427/421 422/426/420 423/428/422
f 289/427/421 423/428/422 288/429/423
f 288/429/423 423/428/422 424/430/424
f 288/429/423 424/430/424 287/431/425
f 287/431/425 424/430/424 425/432/426
f 287/431/425 425/432/426 286/289/285
f 286/289/285 425/432/426 426/290/286
f 428/433/427 568/434/428 427/435/429
f 427/435/429 568/434/428 498/436/430
f 427/437/429 498/438/430 497/439/431
f 497/439/431 498/438/430 499/440/432
f 497/439/431 499/440/432 496/441/433
f 496/441/433 499/440/432 500/442/434
f 496/441/433 500/442/434 495/443/435
f 495/443/435 500/442/434 501/444/436
f 495/443/435 501/444/436 494/445/437
f 494/445/437 501/444/436 502/446/438
f 494/445/437 502/446/438 493/447/439
f 493/447/439 502/446/438 503/448/440
f 493/447/439 503/448/440 492/449/441
f 492/449/441 503/448/440 504/450/442
f 492/449/441 504/450/442 491/451/443
f 491/451/443 504/450/442 505/452/444
f 491/451/443 505/452/444 490/453/445
f 490/453/445 505/452/444 506/454/446
f 490/453/445 506/454/446 489/455/447
f 489/455/447 506/454/446 507/456/448
f 489/455/447 507/456/448 488/457/449
f 488/457/449 507/456/448 508/458/450
f 488/457/449 508/458/450 487/459/451
f 487/459/451 508/458/450 509/460/452
f 487/459/451 509/460/452 486/461/453
f 486/461/453 509/460/452 510/462/454
f 486/461/453 510/462/454 485/463/455
f 485/463/455 510/462/454 511/464/456
f 485/463/455 511/464/456 484/465/457
f 484/465/457 511/464/456 512/466/458
f 484/465/457 512/466/458 483/467/459
f 483/467/459 512/466/458 513/468/460
f 483/467/459 513/468/460 482/469/461
f 482/469/461 513/468/460 514/470/462
f 482/469/461 514/470/462 481/471/463
f 481/471/463 514/470/462 515/472/464
f 481/471/463 515/472/464 480/473/465
f 480/473/465 515/472/464 516/474/466
f 480/473/465 516/474/466 479/475/467
f 479/475/467 516/474/466 517/476/468
f 479/475/467 517/476/468 478/477/469
f 478/477/469 517/476/468 518/478/470
f 478/477/469 518/478/470 477/479/471
f 477/479/471 518/478/470 519/480/472
f 477/479/471 519/480/472 476/481/473
f 476/481/473 519/480/472 520/482/474
f 476/481/473 520/482/474 475/483/475
f 475/483/475 520/482/474 521/484/476
f 475/483/475 521/484/476 474/485/477
f 474/485/477 521/484/476 522/486/478
f 474/485/477 522/486/478 473/487/479
f 473/487/479 522/486/478 523/488/480
f 473/487/479 523/488/480 472/489/481
f 472/489/481 523/488/480 524/490/482
f 472/489/481 524/490/482 471/491/483
f 471/491/483 524/490/482 525/492/484
f 471/491/483 525/492/484 470/493/485
f 470/493/485 525/492/484 526/494/486
f 470/493/485 526/494/486 469/495/487
f 469/495/487 526/494/486 527/496/488
f 469/495/487 527/496/488 468/497/489
f 468/497/489 527/496/488 528/498/490
f 468/497/489 528/498/490 467/499/491
f 467/499/491 528/498/490 529/500/492
f 467/499/491 529/500/492 466/501/493
f 466/501/493 529/500/492 530/502/494
f 466/501/493 530/502/494 465/503/495
f 465/503/495 530/502/494 531/504/496
f 465/503/495 531/504/496 464/505/497
f 464/505/497 531/504/496 532/506/498
f 464/505/497 532/506/498 463/507/499
f 463/507/499 532/506/498 533/508/500
f 463/507/499 533/508/500 462/509/501
f 462/509/501 533/508/500 534/510/502
f 462/509/501 534/510/502 461/511/503
f 461/511/503 534/510/502 535/512/504
f 461/511/503 535/512/504 460/513/505
f 460/513/505 535/512/504 536/514/506
f 460/513/505 536/514/506 459/515/507
f 459/515/507 536/514/506 537/516/508
f 459/515/507 537/516/508 458/517/509
f 458/517/509 537/516/508 538/518/510
f 458/517/509 538/518/510 457/519/511
f 457/519/511 538/518/510 539/520/512
f 457/519/511 539/520/512 456/521/513
f 456/521/513 539/520/512 540/522/514
f 456/521/513 540/522/514 455/523/515
f 455/523/515 540/522/514 541/524/516
f 455/523/515 541/524/516 454/525/517
f 454/525/517 541/524/516 542/526/518
f 454/525/517 542/526/518 453/527/519
f 453/527/519 542/526/518 543/528/520
f 453/527/519 543/528/520 452/529/521
f 452/529/521 543/528/520 544/530/522
f 452/529/521 544/530/522 451/531/523
f 451/531/523 544/530/522 545/532/524
f 451/531/523 545/532/524 450/533/525
f 450/533/525 545/532/524 546/534/526
f 450/533/525 546/534/526 449/535/527
f 449/535/527 546/534/526 547/536/528
f 449/535/527 547/536/528 448/537/529
f 448/537/529 547/536/528 548/538/530
f 448/537/529 548/538/530 447/539/531
f 447/539/531 548/538/530 549/540/532
f 447/539/531 549/540/532 446/541/533
f 446/541/533 549/540/532 550/542/534
f 446/541/533 550/542/534 445/543/535
f 445/543/535 550/542/534 551/544/536
f 445/543/535 551/544/536 444/545/537
f 444/545/537 551/544/536 552/546/538
f 444/545/537 552/546/538 443/547/539
f 443/547/539 552/546/538 553/548/540
f 443/547/539 553/548/540 442/549/541
f 442/549/541 553/548/540 554/550/542
f 442/549/541 554/550/542 441/551/543
f 441/551/543 554/550/542 555/552/544
f 441/551/543 555/552/544 440/553/545
f 440/553/545 555/552/544 556/554/546
f 440/553/545 556/554/546 439/555/547
f 439/555/547 556/554/546 557/556/548
f 439/555/547 557/556/548 438/557/549
f 438/557/549 557/556/548 558/558/550
f 438/557/549 558/558/550 437/559/551
f 437/559/551 558/558/550 559/560/552
f 437/559/551 559/560/552 436/561/553
f 436/561/553 559/560/552 560/562/554
f 436/561/553 560/562/554 435/563/555
f 435/563/555 560/562/554 561/564/556
f 435/563/555 561/564/556 434/565/557
f 434/565/557 561/564/556 562/566/558
f 434/565/557 562/566/558 433/567/559
f 433/567/559 562/566/558 563/568/560
f 433/567/559 563/568/560 432/569/561
f 432/569/561 563/568/560 564/570/562
f 432/569/561 564/570/562 431/571/563
f 431/571/563 564/570/562 565/572/564
f 431/571/563 565/572/564 430/573/565
f 430/573/565 565/572/564 566/574/566
f 430/573/565 566/574/566 429/575/567
f 429/575/567 566/574/566 567/576/568
f 429/575/567 567/576/568 428/433/427
f 428/433/427 567/576/568 568/434/428
f 570/577/569 710/578/570 569/579/571
f 569/579/571 710/578/570 640/580/572
f 569/581/571 640/582/572 639/583/573
f 639/583/573 640/582/572 641/584/574
f 639/583/573 641/584/574 638/585/575
f 638/585/575 641/584/574 642/586/576
f 638/585/575 642/586/576 637/587/577
f 637/587/577 642/586/576 643/588/578
f 637/587/577 643/588/578 636/589/579
f 636/589/579 643/588/578 644/590/580
f 636/589/579 644/590/580 635/591/581
f 635/591/581 644/590/580 645/592/582
f 635/591/581 645/592/582 634/593/583
f 634/593/583 645/592/582 646/594/584
f 634/593/583 646/594/584 633/595/585
f 633/595/585 646/594/584 647/596/586
f 633/595/585 647/596/586 632/597/587
f 632/597/587 647/596/586 648/598/588
f 632/597/587 648/598/588 631/599/589
f 631/599/589 648/598/588 649/600/590
f 631/599/589 649/600/590 630/601/591
f 630/601/591 649/600/590 650/602/592
f 630/601/591 650/602/592 629/603/593
f 629/603/593 650/602/592 651/604/594
f 629/603/593 651/604/594 628/605/595
f 628/605/595 651/604/594 652/606/596
f 628/605/595 652/606/596 627/607/597
f 627/607/597 652/606/596 653/608/598
f 627/607/597 653/608/598 626/609/599
f 626/609/599 653/608/598 654/610/600
f 626/609/599 654/610/600 625/611/601
f 625/611/601 654/610/600 655/612/602
f 625/611/601 655/612/602 624/613/603
f 624/613/603 655/612/602 656/614/604
f 624/613/603 656/614/604 623/615/605
f 623/615/605 656/614/604 657/616/606
f 623/615/605 657/616/606 622/617/607
f 622/617/607 657/616/606 658/618/608
f 622/617/607 658/618/608 621/619/609
f 621/619/609 658/618/608 659/620/610
f 621/619/609 659/620/610 620/621/611
f 620/621/611 659/620/610 660/622/612
f 620/621/611 660/622/612 619/623/613
f 619/623/613 660/622/612 661/624/614
f 619/623/613 661/624/614 618/625/615
f 618/625/615 661/624/614 662/626/616
f 618/625/615 662/626/616 617/627/617
f 617/627/617 662/626/616 663/628/618
f 617/627/617 663/628/618 616/629/619
f 616/629/619 663/628/618 664/630/620
f 616/629/619 664/630/620 615/631/621
f 615/631/621 664/630/620 665/632/622
f 615/631/621 665/632/622 614/633/623
f 614/633/623 665/632/622 666/634/624
f 614/633/623 666/634/624 613/635/625
f 613/635/625 666/634/624 667/636/626
f 613/635/625 667/636/626 612/637/627
f 612/637/627 667/636/626 668/638/628
f 612/637/627 668/638/628 611/639/629
f 611/639/629 668/638/628 669/640/630
f 611/639/629 669/640/630 610/641/631
f 610/641/631 669/640/630 670/642/632
f 610/641/631 670/642/632 609/643/633
f 609/643/633 670/642/632 671/644/634
f 609/643/633 671/644/634 608/645/635
f 608/645/635 671/644/634 672/646/636
f 608/645/635 672/646/636 607/647/637
f 607/647/637 672/646/636 673/648/638
f 607/647/637 673/648/638 606/649/639
f 606/649/639 673/648/638 674/650/640
f 606/649/639 674/650/640 605/651/641
f 605/651/641 674/650/640 675/652/642
f 605/651/641 675/652/642 604/653/643
f 604/653/643 675/652/642 676/654/644
f 604/653/643 676/654/644 603/655/645
f 603/655/645 676/654/644 677/656/646
f 603/655/645 677/656/646 602/657/647
f 602/657/647 677/656/646 678/658/648
f 602/657/647 678/658/648 601/659/649
f 601/659/649 678/658/648 679/660/650
f 601/659/649 679/660/650 600/661/651
f 600/661/651 679/660/650 680/662/652
f 600/661/651 680/662/652 599/663/653
f 599/663/653 680/662/652 681/664/654
f 599/663/653 681/664/654 598/665/655
f 598/665/655 681/664/654 682/666/656
f 598/665/655 682/666/656 597/667/657
f 597/667/657 682/666/656 683/668/658
f 597/667/657 683/668/658 596/669/659
f 596/669/659 683/668/658 684/670/660
f 596/669/659 684/670/660 595/671/661
f 595/671/661 684/670/660 685/672/662
f 595/671/661 685/672/662 594/673/663
f 594/673/663 685/672/662 686/674/664
f 594/673/663 686/674/664 593/675/665
f 593/675/665 686/674/664 687/676/666
f 593/675/665 687/676/666 592/677/667
f 592/677/667 687/676/666 688/678/668
f 592/677/667 688/678/668 591/679/669
f 591/679/669 688/678/668 689/680/670
f 591/679/669 689/680/670 590/681/671
f 590/681/671 689/680/670 690/682/672
f 590/681/671 690/682/672 589/683/673
f 589/683/673 690/682/672 691/684/674
f 589/683/673 691/684/674 588/685/675
f 588/685/675 691/684/674 692/686/676
f 588/685/675 692/686/676 587/687/677
f 587/687/677 692/686/676 693/688/678
f 587/687/677 693/688/678 586/689/679
f 586/689/679 693/688/678 694/690/680
f 586/689/679 694/690/680 585/691/681
f 585/691/681 694/690/680 695/692/682
f 585/691/681 695/692/682 584/693/683
f 584/693/683 695/692/682 696/694/684
f 584/693/683 696/694/684 583/695/685
f 583/695/685 696/694/684 697/696/686
f 583/695/685 697/696/686 582/697/687
f 582/697/687 697/696/686 698/698/688
f 582/697/687 698/698/688 581/699/689
f 581/699/689 698/698/688 699/700/690
f 581/699/689 699/700/690 580/701/691
f 580/701/691 699/700/690 700/702/692
f 580/701/691 700/702/692 579/703/693
f 579/703/693 700/702/692 701/704/694
f 579/703/693 701/704/694 578/705/695
f 578/705/695 701/704/694 702/706/696
f 578/705/695 702/706/696 577/707/697
f 577/707/697 702/706/696 703/708/698
f 577/707/697 703/708/698 576/709/699
f 576/709/699 703/708/698 704/710/700
f 576/709/699 704/710/700 575/711/701
f 575/711/701 704/710/700 705/712/702
f 575/711/701 705/712/702 574/713/703
f 574/713/703 705/712/702 706/714/704
f 574/713/703 706/714/704 573/715/705
f 573/715/705 706/714/704 707/716/706
f 573/715/705 707/716/706 572/717/707
f 572/717/707 707/716/706 708/718/708
f 572/717/707 708/718/708 571/719/709
f 571/719/709 708/718/708 709/720/710
f 571/719/709 709/720/710 570/577/569
f 570/577/569 709/720/710 710/578/570
f 712/721/711 731/722/712 711/723/713
f 711/723/713 731/722/712 729/724/714
f 711/723/713 729/724/714 730/725/715
f 712/721/711 713/726/716 731/722/712
f 731/722/712 713/726/716 732/727/717
f 731/722/712 732/727/717 728/728/718
f 728/728/718 732/727/717 727/729/719
f 727/729/719 732/727/717 733/730/720
f 727/729/719 733/730/720 726/731/721
f 726/731/721 733/730/720 734/732/722
f 726/731/721 734/732/722 725/733/723
f 725/733/723 734/732/722 735/734/724
f 725/733/723 735/734/724 724/735/725
f 724/735/725 735/734/724 736/736/726
f 724/735/725 736/736/726 723/737/727
f 723/737/727 736/736/726 737/738/728
f 723/737/727 737/738/728 722/739/729
f 722/739/729 737/738/728 721/740/730
f 721/740/730 737/738/728 719/741/731
f 721/740/730 719/741/731 720/742/732
f 713/726/716 714/743/733 732/727/717
f 732/727/717 714/743/733 733/730/720
f 714/743/733 715/744/734 733/730/720
f 733/730/720 715/744/734 734/732/722
f 715/744/734 716/745/735 734/732/722
f 734/732/722 716/745/735 735/734/724
f 716/745/735 717/746/736 735/734/724
f 735/734/724 717/746/736 736/736/726
f 717/746/736 718/747/737 736/736/726
f 736/736/726 718/747/737 737/738/728
f 718/747/737 719/741/731 737/738/728
f 728/728/718 729/724/714 731/722/712
f 738/748/738 711/749/713 739/750/739
f 739/750/739 711/749/713 730/751/715
f 741/752/740 758/753/741 740/754/742
f 740/754/742 758/753/741 756/755/743
f 740/754/742 756/755/743 757/756/744
f 741/752/740 742/757/745 758/753/741
f 758/753/741 742/757/745 759/758/746
f 758/753/741 759/758/746 755/759/747
f 755/759/747 759/758/746 754/760/748
f 754/760/748 759/758/746 760/761/749
f 754/760/748 760/761/749 753/762/750
f 753/762/750 760/761/749 761/763/751
f 753/762/750 761/763/751 752/764/752
f 752/764/752 761/763/751 762/765/753
f 752/764/752 762/765/753 751/766/754
f 751/766/754 762/765/753 763/767/755
f 751/766/754 763/767/755 750/768/756
f 750/768/756 763/767/755 764/769/757
f 750/768/756 764/769/757 749/770/758
f 749/770/758 764/769/757 739/771/739
f 739/771/739 764/769/757 748/772/759
f 739/771/739 748/772/759 738/773/738
f 742/757/745 743/774/760 759/758/746
f 759/758/746 743/774/760 760/761/749
f 743/774/760 744/775/761 760/761/749
f 760/761/749 744/775/761 761/763/751
f 744/775/761 745/776/762 761/763/751
f 761/763/751 745/776/762 762/765/753
f 745/776/762 746/777/763 762/765/753
f 762/765/753 746/777/763 763/767/755
f 746/777/763 747/778/764 763/767/755
f 763/767/755 747/778/764 764/769/757
f 747/778/764 748/772/759 764/769/757
f 755/759/747 756/755/743 758/753/741
f 765/779/765 740/780/742 766/781/766
f 766/781/766 740/780/742 757/782/744
f 767/783/767 765/784/768 768/785/769
f 768/785/769 765/784/768 766/786/770
f 769/787/771 767/788/772 770/789/773
f 770/789/773 767/788/772 768/790/774
f 818/791/775 771/792/776 817/793/777
f 817/793/777 771/792/776 772/794/778
f 817/793/777 772/794/778 816/795/779
f 816/795/779 772/794/778 773/796/780
f 816/795/779 773/796/780 815/797/781
f 815/797/781 773/796/780 774/798/782
f 815/797/781 774/798/782 814/799/783
f 814/799/783 774/798/782 775/800/784
f 814/799/783 775/800/784 813/801/785
f 813/801/785 775/800/784 776/802/786
f 813/801/785 776/802/786 812/803/787
f 812/803/787 776/802/786 777/804/788
f 812/803/787 777/804/788 811/805/789
f 811/805/789 777/804/788 778/806/790
f 811/805/789 778/806/790 810/807/791
f 810/807/791 778/806/790 779/808/792
f 810/807/791 779/808/792 809/809/793
f 809/809/793 779/808/792 780/810/794
f 809/809/793 780/810/794 808/811/795
f 808/811/795 780/810/794 781/812/796
f 808/811/795 781/812/796 807/813/797
f 807/813/797 781/812/796 782/814/798
f 807/813/797 782/814/798 806/815/799
f 806/815/799 782/814/798 783/816/800
f 806/815/799 783/816/800 805/817/801
f 805/817/801 783/816/800 784/818/802
f 805/817/801 784/818/802 804/819/803
f 804/819/803 784/818/802 785/820/804
f 804/819/803 785/820/804 803/821/805
f 803/821/805 785/820/804 786/822/806
f 803/821/805 786/822/806 802/823/807
f 802/823/807 786/822/806 787/824/808
f 802/823/807 787/824/808 801/825/809
f 801/825/809 787/824/808 788/826/810
f 801/825/809 788/826/810 800/827/811
f 800/827/811 788/826/810 789/828/812
f 800/827/811 789/828/812 799/829/813
f 799/829/813 789/828/812 790/830/814
f 799/829/813 790/830/814 798/831/815
f 798/831/815 790/830/814 791/832/816
f 798/831/815 791/832/816 797/833/817
f 797/833/817 791/832/816 792/834/818
f 797/833/817 792/834/818 796/835/819
f 796/835/819 792/834/818 793/836/820
f 796/835/819 793/836/820 795/837/821
f 795/837/821 793/836/820 794/838/822
f 795/837/821 794/838/822 770/839/773
f 770/839/773 794/838/822 769/840/771
f 819/841/823 771/842/776 820/843/824
f 820/843/824 771/842/776 818/844/775
f 868/845/825 821/846/826 867/847/827
f 867/847/827 821/846/826 822/848/828
f 867/847/827 822/848/828 866/849/829
f 866/849/829 822/848/828 823/850/830
f 866/849/829 823/850/830 865/851/831
f 865/851/831 823/850/830 824/852/832
f 865/851/831 824/852/832 864/853/833
f 864/853/833 824/852/832 825/854/834
f 864/853/833 825/854/834 863/855/835
f 863/855/835 825/854/834 826/856/836
f 863/855/835 826/856/836 862/857/837
f 862/857/837 826/856/836 827/858/838
f 862/857/837 827/858/838 861/859/839
f 861/859/839 827/858/838 828/860/840
f 861/859/839 828/860/840 860/861/841
f 860/861/841 828/860/840 829/862/842
f 860/861/841 829/862/842 859/863/843
f 859/863/843 829/862/842 830/864/844
f 859/863/843 830/864/844 858/865/845
f 858/865/845 830/864/844 831/866/846
f 858/865/845 831/866/846 857/867/847
f 857/867/847 831/866/846 832/868/848
f 857/867/847 832/868/848 856/869/849
f 856/869/849 832/868/848 833/870/850
f 856/869/849 833/870/850 855/871/851
f 855/871/851 833/870/850 834/872/852
f 855/871/851 834/872/852 854/873/853
f 854/873/853 834/872/852 835/874/854
f 854/873/853 835/874/854 853/875/855
f 853/875/855 835/874/854 836/876/856
f 853/875/855 836/876/856 852/877/857
f 852/877/857 836/876/856 837/878/858
f 852/877/857 837/878/858 851/879/859
f 851/879/859 837/878/858 838/880/860
f 851/879/859 838/880/860 850/881/861
f 850/881/861 838/880/860 839/882/862
f 850/881/861 839/882/862 849/883/863
f 849/883/863 839/882/862 840/884/864
f 849/883/863 840/884/864 848/885/865
f 848/885/865 840/884/864 841/886/866
f 848/885/865 841/886/866 847/887/867
f 847/887/867 841/886/866 842/888/868
f 847/887/867 842/888/868 846/889/869
f 846/889/869 842/888/868 843/890/870
f 846/889/869 843/890/870 845/891/871
f 845/891/871 843/890/870 844/892/872
f 845/891/871 844/892/872 820/893/824
f 820/893/824 844/892/872 819/894/823
f 869/895/873 821/896/826 870/897/874
f 870/897/874 821/896/826 868/898/825
f 871/899/875 869/900/876 872/901/877
f 872/901/877 869/900/876 870/902/878
f 873/903/879 871/904/880 874/905/881
f 874/905/881 871/904/880 872/906/882
f 876/907/883 893/908/884 875/909/885
f 875/909/885 893/908/884 891/910/886
f 875/909/885 891/910/886 892/911/887
f 876/907/883 877/912/888 893/908/884
f 893/908/884 877/912/888 894/913/889
f 893/908/884 894/913/889 890/914/890
f 890/914/890 894/913/889 889/915/891
f 889/915/891 894/913/889 895/916/892
f 889/915/891 895/916/892 888/917/893
f 888/917/893 895/916/892 896/918/894
f 888/917/893 896/918/894 887/919/895
f 887/919/895 896/918/894 897/920/896
f 887/919/895 897/920/896 886/921/897
f 886/921/897 897/920/896 898/922/898
f 886/921/897 898/922/898 885/923/899
f 885/923/899 898/922/898 899/924/900
f 885/923/899 899/924/900 884/925/901
f 884/925/901 899/924/900 874/926/881
f 874/926/881 899/924/900 883/927/902
f 874/926/881 883/927/902 873/928/879
f 877/912/888 878/929/903 894/913/889
f 894/913/889 878/929/903 895/916/892
f 878/929/903 879/930/904 895/916/892
f 895/916/892 879/930/904 896/918/894
f 879/930/904 880/931/905 896/918/894
f 896/918/894 880/931/905 897/920/896
f 880/931/905 881/932/906 897/920/896
f 897/920/896 881/932/906 898/922/898
f 881/932/906 882/933/907 898/922/898
f 898/922/898 882/933/907 899/924/900
f 882/933/907 883/927/902 899/924/900
f 890/914/890 891/910/886 893/908/884
f 900/934/908 875/935/885 901/936/909
f 901/936/909 875/935/885 892/937/887
f 903/938/910 920/939/911 902/940/912
f 902/940/912 920/939/911 918/941/913
f 902/940/912 918/941/913 919/942/914
f 903/938/910 904/943/915 920/939/911
f 920/939/911 904/943/915 921/944/916
f 920/939/911 921/944/916 917/945/917
f 917/945/917 921/944/916 916/946/918
f 916/946/918 921/944/916 922/947/919
f 916/946/918 922/947/919 915/948/920
f 915/948/920 922/947/919 923/949/921
f 915/948/920 923/949/921 914/950/922
f 914/950/922 923/949/921 924/951/923
f 914/950/922 924/951/923 913/952/924
f 913/952/924 924/951/923 925/953/925
f 913/952/924 925/953/925 912/954/926
f 912/954/926 925/953/925 926/955/927
f 912/954/926 926/955/927 911/956/928
f 911/956/928 926/955/927 901/957/909
f 901/957/909 926/955/927 910/958/929
f 901/957/909 910/958/929 900/959/908
f 904/943/915 905/960/930 921/944/916
f 921/944/916 905/960/930 922/947/919
f 905/960/930 906/961/931 922/947/919
f 922/947/919 906/961/931 923/949/921
f 906/961/931 907/962/932 923/949/921
f 923/949/921 907/962/932 924/951/923
f 907/962/932 908/963/933 924/951/923
f 924/951/923 908/963/933 925/953/925
f 908/963/933 909/964/934 925/953/925
f 925/953/925 909/964/934 926/955/927
f 909/964/934 910/958/929 926/955/927
f 917/945/917 918/941/913 920/939/911
f 720/965/732 902/966/912 721/967/730
f 721/967/730 902/966/912 919/968/914
f 919/969/935 303/970/936 721/971/937
f 721/971/937 303/970/936 302/972/938
f 721/971/937 302/972/938 445/973/939
f 445/973/939 302/972/938 446/974/940
f 446/974/940 302/972/938 301/975/941
f 446/974/940 301/975/941 447/976/942
f 447/976/942 301/975/941 300/977/943
f 447/976/942 300/977/943 448/978/944
f 448/978/944 300/977/943 299/979/945
f 448/978/944 299/979/945 449/980/946
f 449/980/946 299/979/945 298/981/947
f 449/980/946 298/981/947 450/982/948
f 450/982/948 298/981/947 297/983/949
f 450/982/948 297/983/949 451/984/950
f 451/984/950 297/983/949 296/985/951
f 451/984/950 296/985/951 452/986/952
f 452/986/952 296/985/951 295/987/953
f 452/986/952 295/987/953 453/988/954
f 453/988/954 295/987/953 294/989/955
f 453/988/954 294/989/955 454/990/956
f 454/990/956 294/989/955 293/991/957
f 454/990/956 293/991/957 455/992/958
f 455/992/958 293/991/957 292/993/959
f 455/992/958 292/993/959 456/994/960
f 456/994/960 292/993/959 291/995/961
f 456/994/960 291/995/961 457/996/962
f 457/996/962 291/995/961 290/997/963
f 457/996/962 290/997/963 458/998/964
f 458/998/964 290/997/963 289/999/965
f 458/998/964 289/999/965 459/1000/966
f 459/1000/966 289/999/965 288/1001/967
f 459/1000/966 288/1001/967 460/1002/968
f 460/1002/968 288/1001/967 287/1003/969
f 460/1002/968 287/1003/969 461/1004/970
f 461/1004/970 287/1003/969 286/1005/971
f 461/1004/970 286/1005/971 462/1006/972
f 462/1006/972 286/1005/971 285/1007/973
f 462/1006/972 285/1007/973 463/1008/974
f 463/1008/974 285/1007/973 355/1009/975
f 463/1008/974 355/1009/975 464/1010/976
f 464/1010/976 355/1009/975 354/1011/977
f 464/1010/976 354/1011/977 465/1012/978
f 465/1012/978 354/1011/977 353/1013/979
f 465/1012/978 353/1013/979 466/1014/980
f 466/1014/980 353/1013/979 352/1015/981
f 466/1014/980 352/1015/981 467/1016/982
f 467/1016/982 352/1015/981 351/1017/983
f 467/1016/982 351/1017/983 468/1018/984
f 468/1018/984 351/1017/983 350/1019/985
f 468/1018/984 350/1019/985 469/1020/986
f 469/1020/986 350/1019/985 349/1021/987
f 469/1020/986 349/1021/987 470/1022/988
f 470/1022/988 349/1021/987 348/1023/989
f 470/1022/988 348/1023/989 471/1024/990
f 471/1024/990 348/1023/989 347/1025/991
f 471/1024/990 347/1025/991 472/1026/992
f 472/1026/992 347/1025/991 346/1027/993
f 472/1026/992 346/1027/993 473/1028/994
f 473/1028/994 346/1027/993 345/1029/995
f 473/1028/994 345/1029/995 474/1030/996
f 474/1030/996 345/1029/995 344/1031/997
f 474/1030/996 344/1031/997 475/1032/998
f 475/1032/998 344/1031/997 343/1033/999
f 475/1032/998 343/1033/999 476/1034/1000
f 476/1034/1000 343/1033/999 342/1035/1001
f 476/1034/1000 342/1035/1001 477/1036/1002
f 477/1036/1002 342/1035/1001 341/1037/1003
f 477/1036/1002 341/1037/1003 478/1038/1004
f 478/1038/1004 341/1037/1003 340/1039/1005
f 478/1038/1004 340/1039/1005 479/1040/1006
f 479/1040/1006 340/1039/1005 339/1041/1007
f 479/1040/1006 339/1041/1007 480/1042/1008
f 480/1042/1008 339/1041/1007 338/1043/1009
f 480/1042/1008 338/1043/1009 818/1044/1010
f 818/1044/1010 338/1043/1009 820/1045/1011
f 820/1045/1011 338/1043/1009 196/1046/1012
f 820/1045/1011 196/1046/1012 195/1047/1013
f 918/1048/1014 11/1049/1015 919/969/935
f 919/969/935 11/1049/1015 10/1050/1016
f 919/969/935 10/1050/1016 9/1051/1017
f 11/1049/1015 918/1048/1014 12/1052/1018
f 12/1052/1018 918/1048/1014 917/1053/1019
f 12/1052/1018 917/1053/1019 13/1054/1020
f 13/1054/1020 917/1053/1019 916/1055/1021
f 13/1054/1020 916/1055/1021 14/1056/1022
f 14/1056/1022 916/1055/1021 915/1057/1023
f 14/1056/1022 915/1057/1023 15/1058/1024
f 15/1058/1024 915/1057/1023 914/1059/1025
f 15/1058/1024 914/1059/1025 16/1060/1026
f 16/1060/1026 914/1059/1025 913/1061/1027
f 16/1060/1026 913/1061/1027 17/1062/1028
f 17/1062/1028 913/1061/1027 912/1063/1029
f 17/1062/1028 912/1063/1029 18/1064/1030
f 18/1064/1030 912/1063/1029 911/1065/1031
f 18/1064/1030 911/1065/1031 901/1066/1032
f 892/1067/1033 21/1068/1034 901/1066/1032
f 901/1066/1032 21/1068/1034 20/1069/1035
f 901/1066/1032 20/1069/1035 19/1070/1036
f 891/1071/1037 868/1072/1038 892/1067/1033
f 892/1067/1033 868/1072/1038 23/1073/1039
f 892/1067/1033 23/1073/1039 22/1074/1040
f 891/1071/1037 890/1075/1041 868/1072/1038
f 868/1072/1038 890/1075/1041 889/1076/1042
f 868/1072/1038 889/1076/1042 888/1077/1043
f 888/1077/1043 887/1078/1044 868/1072/1038
f 868/1072/1038 887/1078/1044 886/1079/1045
f 868/1072/1038 886/1079/1045 885/1080/1046
f 885/1080/1046 884/1081/1047 868/1072/1038
f 868/1072/1038 884/1081/1047 874/1082/1048
f 868/1072/1038 874/1082/1048 870/1083/1049
f 870/1083/1049 874/1082/1048 872/1084/1050
f 867/1085/1051 29/1086/1052 868/1072/1038
f 868/1072/1038 29/1086/1052 28/1087/1053
f 868/1072/1038 28/1087/1053 27/1088/1054
f 29/1086/1052 867/1085/1051 30/1089/1055
f 30/1089/1055 867/1085/1051 866/1090/1056
f 30/1089/1055 866/1090/1056 31/1091/1057
f 31/1091/1057 866/1090/1056 32/1092/1058
f 32/1092/1058 866/1090/1056 865/1093/1059
f 32/1092/1058 865/1093/1059 33/1094/1060
f 33/1094/1060 865/1093/1059 864/1095/1061
f 33/1094/1060 864/1095/1061 34/1096/1062
f 34/1096/1062 864/1095/1061 863/1097/1063
f 34/1096/1062 863/1097/1063 35/1098/1064
f 35/1098/1064 863/1097/1063 862/1099/1065
f 35/1098/1064 862/1099/1065 36/1100/1066
f 36/1100/1066 862/1099/1065 861/1101/1067
f 36/1100/1066 861/1101/1067 37/1102/1068
f 37/1102/1068 861/1101/1067 860/1103/1069
f 37/1102/1068 860/1103/1069 38/1104/1070
f 38/1104/1070 860/1103/1069 39/1105/1071
f 39/1105/1071 860/1103/1069 859/1106/1072
f 39/1105/1071 859/1106/1072 40/1107/1073
f 40/1107/1073 859/1106/1072 858/1108/1074
f 40/1107/1073 858/1108/1074 41/1109/1075
f 41/1109/1075 858/1108/1074 857/1110/1076
f 41/1109/1075 857/1110/1076 42/1111/1077
f 42/1111/1077 857/1110/1076 856/1112/1078
f 42/1111/1077 856/1112/1078 43/1113/1079
f 43/1113/1079 856/1112/1078 855/1114/1080
f 43/1113/1079 855/1114/1080 44/1115/1081
f 44/1115/1081 855/1114/1080 854/1116/1082
f 44/1115/1081 854/1116/1082 45/1117/1083
f 45/1117/1083 854/1116/1082 853/1118/1084
f 45/1117/1083 853/1118/1084 46/1119/1085
f 46/1119/1085 853/1118/1084 852/1120/1086
f 46/1119/1085 852/1120/1086 47/1121/1087
f 47/1121/1087 852/1120/1086 851/1122/1088
f 47/1121/1087 851/1122/1088 48/1123/1089
f 48/1123/1089 851/1122/1088 850/1124/1090
f 48/1123/1089 850/1124/1090 49/1125/1091
f 49/1125/1091 850/1124/1090 849/1126/1092
f 49/1125/1091 849/1126/1092 50/1127/1093
f 50/1127/1093 849/1126/1092 848/1128/1094
f 50/1127/1093 848/1128/1094 51/1129/1095
f 51/1129/1095 848/1128/1094 847/1130/1096
f 51/1129/1095 847/1130/1096 52/1131/1097
f 52/1131/1097 847/1130/1096 846/1132/1098
f 52/1131/1097 846/1132/1098 53/1133/1099
f 53/1133/1099 846/1132/1098 845/1134/1100
f 53/1133/1099 845/1134/1100 54/1135/1101
f 54/1135/1101 845/1134/1100 820/1045/1011
f 54/1135/1101 820/1045/1011 55/1136/1102
f 55/1136/1102 820/1045/1011 56/1137/1103
f 56/1137/1103 820/1045/1011 57/1138/1104
f 57/1138/1104 820/1045/1011 58/1139/1105
f 58/1139/1105 820/1045/1011 193/1140/1106
f 58/1139/1105 193/1140/1106 192/1141/1107
f 817/1142/1108 623/1143/1109 818/1044/1010
f 818/1044/1010 623/1143/1109 622/1144/1110
f 818/1044/1010 622/1144/1110 621/1145/1111
f 623/1143/1109 817/1142/1108 624/1146/1112
f 624/1146/1112 817/1142/1108 816/1147/1113
f 624/1146/1112 816/1147/1113 625/1148/1114
f 625/1148/1114 816/1147/1113 815/1149/1115
f 625/1148/1114 815/1149/1115 626/1150/1116
f 626/1150/1116 815/1149/1115 814/1151/1117
f 626/1150/1116 814/1151/1117 627/1152/1118
f 627/1152/1118 814/1151/1117 813/1153/1119
f 627/1152/1118 813/1153/1119 628/1154/1120
f 628/1154/1120 813/1153/1119 812/1155/1121
f 628/1154/1120 812/1155/1121 629/1156/1122
f 629/1156/1122 812/1155/1121 811/1157/1123
f 629/1156/1122 811/1157/1123 630/1158/1124
f 630/1158/1124 811/1157/1123 810/1159/1125
f 630/1158/1124 810/1159/1125 631/1160/1126
f 631/1160/1126 810/1159/1125 809/1161/1127
f 631/1160/1126 809/1161/1127 632/1162/1128
f 632/1162/1128 809/1161/1127 808/1163/1129
f 632/1162/1128 808/1163/1129 633/1164/1130
f 633/1164/1130 808/1163/1129 807/1165/1131
f 633/1164/1130 807/1165/1131 634/1166/1132
f 634/1166/1132 807/1165/1131 806/1167/1133
f 634/1166/1132 806/1167/1133 635/1168/1134
f 635/1168/1134 806/1167/1133 805/1169/1135
f 635/1168/1134 805/1169/1135 636/1170/1136
f 636/1170/1136 805/1169/1135 804/1171/1137
f 636/1170/1136 804/1171/1137 637/1172/1138
f 637/1172/1138 804/1171/1137 803/1173/1139
f 637/1172/1138 803/1173/1139 638/1174/1140
f 638/1174/1140 803/1173/1139 802/1175/1141
f 638/1174/1140 802/1175/1141 639/1176/1142
f 639/1176/1142 802/1175/1141 801/1177/1143
f 639/1176/1142 801/1177/1143 569/1178/1144
f 569/1178/1144 801/1177/1143 800/1179/1145
f 569/1178/1144 800/1179/1145 570/1180/1146
f 570/1180/1146 800/1179/1145 799/1181/1147
f 570/1180/1146 799/1181/1147 571/1182/1148
f 571/1182/1148 799/1181/1147 798/1183/1149
f 571/1182/1148 798/1183/1149 572/1184/1150
f 572/1184/1150 798/1183/1149 573/1185/1151
f 573/1185/1151 798/1183/1149 797/1186/1152
f 573/1185/1151 797/1186/1152 574/1187/1153
f 574/1187/1153 797/1186/1152 796/1188/1154
f 574/1187/1153 796/1188/1154 575/1189/1155
f 575/1189/1155 796/1188/1154 795/1190/1156
f 575/1189/1155 795/1190/1156 576/1191/1157
f 576/1191/1157 795/1190/1156 770/1192/1158
f 576/1191/1157 770/1192/1158 577/1193/1159
f 577/1193/1159 770/1192/1158 578/1194/1160
f 578/1194/1160 770/1192/1158 579/1195/1161
f 579/1195/1161 770/1192/1158 580/1196/1162
f 580/1196/1162 770/1192/1158 581/1197/1163
f 581/1197/1163 770/1192/1158 582/1198/1164
f 582/1198/1164 770/1192/1158 583/1199/1165
f 583/1199/1165 770/1192/1158 739/1200/1166
f 583/1199/1165 739/1200/1166 584/1201/1167
f 584/1201/1167 739/1200/1166 585/1202/1168
f 585/1202/1168 739/1200/1166 730/1203/1169
f 585/1202/1168 730/1203/1169 586/1204/1170
f 586/1204/1170 730/1203/1169 587/1205/1171
f 587/1205/1171 730/1203/1169 588/1206/1172
f 588/1206/1172 730/1203/1169 729/1207/1173
f 588/1206/1172 729/1207/1173 728/1208/1174
f 768/1209/1175 757/1210/1176 770/1192/1158
f 770/1192/1158 757/1210/1176 756/1211/1177
f 770/1192/1158 756/1211/1177 755/1212/1178
f 768/1209/1175 766/1213/1179 757/1210/1176
f 755/1212/1178 754/1214/1180 770/1192/1158
f 770/1192/1158 754/1214/1180 753/1215/1181
f 770/1192/1158 753/1215/1181 752/1216/1182
f 752/1216/1182 751/1217/1183 770/1192/1158
f 770/1192/1158 751/1217/1183 750/1218/1184
f 770/1192/1158 750/1218/1184 749/1219/1185
f 749/1219/1185 739/1200/1166 770/1192/1158
f 588/1206/1172 728/1208/1174 589/1220/1186
f 589/1220/1186 728/1208/1174 727/1221/1187
f 589/1220/1186 727/1221/1187 590/1222/1188
f 590/1222/1188 727/1221/1187 726/1223/1189
f 590/1222/1188 726/1223/1189 591/1224/1190
f 591/1224/1190 726/1223/1189 725/1225/1191
f 591/1224/1190 725/1225/1191 592/1226/1192
f 592/1226/1192 725/1225/1191 724/1227/1193
f 592/1226/1192 724/1227/1193 593/1228/1194
f 593/1228/1194 724/1227/1193 723/1229/1195
f 593/1228/1194 723/1229/1195 594/1230/1196
f 594/1230/1196 723/1229/1195 722/1231/1197
f 594/1230/1196 722/1231/1197 595/1232/1198
f 595/1232/1198 722/1231/1197 721/971/937
f 595/1232/1198 721/971/937 596/1233/1199
f 596/1233/1199 721/971/937 597/1234/1200
f 597/1234/1200 721/971/937 435/1235/1201
f 597/1234/1200 435/1235/1201 434/1236/1202
f 621/1145/1111 620/1237/1203 818/1044/1010
f 818/1044/1010 620/1237/1203 619/1238/1204
f 818/1044/1010 619/1238/1204 484/1239/1205
f 484/1239/1205 619/1238/1204 618/1240/1206
f 484/1239/1205 618/1240/1206 485/1241/1207
f 485/1241/1207 618/1240/1206 617/1242/1208
f 485/1241/1207 617/1242/1208 486/1243/1209
f 486/1243/1209 617/1242/1208 616/1244/1210
f 486/1243/1209 616/1244/1210 487/1245/1211
f 487/1245/1211 616/1244/1210 615/1246/1212
f 487/1245/1211 615/1246/1212 488/1247/1213
f 488/1247/1213 615/1246/1212 614/1248/1214
f 488/1247/1213 614/1248/1214 489/1249/1215
f 489/1249/1215 614/1248/1214 613/1250/1216
f 489/1249/1215 613/1250/1216 490/1251/1217
f 490/1251/1217 613/1250/1216 612/1252/1218
f 490/1251/1217 612/1252/1218 491/1253/1219
f 491/1253/1219 612/1252/1218 611/1254/1220
f 491/1253/1219 611/1254/1220 492/1255/1221
f 492/1255/1221 611/1254/1220 610/1256/1222
f 492/1255/1221 610/1256/1222 493/1257/1223
f 493/1257/1223 610/1256/1222 609/1258/1224
f 493/1257/1223 609/1258/1224 494/1259/1225
f 494/1259/1225 609/1258/1224 608/1260/1226
f 494/1259/1225 608/1260/1226 495/1261/1227
f 495/1261/1227 608/1260/1226 607/1262/1228
f 495/1261/1227 607/1262/1228 496/1263/1229
f 496/1263/1229 607/1262/1228 606/1264/1230
f 496/1263/1229 606/1264/1230 497/1265/1231
f 497/1265/1231 606/1264/1230 605/1266/1232
f 497/1265/1231 605/1266/1232 427/1267/1233
f 427/1267/1233 605/1266/1232 604/1268/1234
f 427/1267/1233 604/1268/1234 428/1269/1235
f 428/1269/1235 604/1268/1234 603/1270/1236
f 428/1269/1235 603/1270/1236 429/1271/1237
f 429/1271/1237 603/1270/1236 602/1272/1238
f 429/1271/1237 602/1272/1238 430/1273/1239
f 430/1273/1239 602/1272/1238 601/1274/1240
f 430/1273/1239 601/1274/1240 431/1275/1241
f 431/1275/1241 601/1274/1240 600/1276/1242
f 431/1275/1241 600/1276/1242 432/1277/1243
f 432/1277/1243 600/1276/1242 599/1278/1244
f 432/1277/1243 599/1278/1244 433/1279/1245
f 433/1279/1245 599/1278/1244 598/1280/1246
f 433/1279/1245 598/1280/1246 434/1236/1202
f 434/1236/1202 598/1280/1246 597/1234/1200
f 484/1239/1205 483/1281/1247 818/1044/1010
f 818/1044/1010 483/1281/1247 482/1282/1248
f 818/1044/1010 482/1282/1248 481/1283/1249
f 481/1283/1249 480/1042/1008 818/1044/1010
f 445/973/939 444/1284/1250 721/971/937
f 721/971/937 444/1284/1250 443/1285/1251
f 721/971/937 443/1285/1251 442/1286/1252
f 442/1286/1252 441/1287/1253 721/971/937
f 721/971/937 441/1287/1253 440/1288/1254
f 721/971/937 440/1288/1254 439/1289/1255
f 439/1289/1255 438/1290/1256 721/971/937
f 721/971/937 438/1290/1256 437/1291/1257
f 721/971/937 437/1291/1257 436/1292/1258
f 436/1292/1258 435/1235/1201 721/971/937
f 196/1046/1012 338/1043/1009 197/1293/1259
f 197/1293/1259 338/1043/1009 337/1294/1260
f 197/1293/1259 337/1294/1260 198/1295/1261
f 198/1295/1261 337/1294/1260 336/1296/1262
f 198/1295/1261 336/1296/1262 199/1297/1263
f 199/1297/1263 336/1296/1262 335/1298/1264
f 199/1297/1263 335/1298/1264 200/1299/1265
f 200/1299/1265 335/1298/1264 334/1300/1266
f 200/1299/1265 334/1300/1266 201/1301/1267
f 201/1301/1267 334/1300/1266 333/1302/1268
f 201/1301/1267 333/1302/1268 202/1303/1269
f 202/1303/1269 333/1302/1268 332/1304/1270
f 202/1303/1269 332/1304/1270 203/1305/1271
f 203/1305/1271 332/1304/1270 331/1306/1272
f 203/1305/1271 331/1306/1272 204/1307/1273
f 204/1307/1273 331/1306/1272 330/1308/1274
f 204/1307/1273 330/1308/1274 205/1309/1275
f 205/1309/1275 330/1308/1274 329/1310/1276
f 205/1309/1275 329/1310/1276 206/1311/1277
f 206/1311/1277 329/1310/1276 328/1312/1278
f 206/1311/1277 328/1312/1278 207/1313/1279
f 207/1313/1279 328/1312/1278 327/1314/1280
f 207/1313/1279 327/1314/1280 208/1315/1281
f 208/1315/1281 327/1314/1280 326/1316/1282
f 208/1315/1281 326/1316/1282 209/1317/1283
f 209/1317/1283 326/1316/1282 325/1318/1284
f 209/1317/1283 325/1318/1284 210/1319/1285
f 210/1319/1285 325/1318/1284 324/1320/1286
f 210/1319/1285 324/1320/1286 211/1321/1287
f 211/1321/1287 324/1320/1286 323/1322/1288
f 211/1321/1287 323/1322/1288 212/1323/1289
f 212/1323/1289 323/1322/1288 322/1324/1290
f 212/1323/1289 322/1324/1290 213/1325/1291
f 213/1325/1291 322/1324/1290 321/1326/1292
f 213/1325/1291 321/1326/1292 143/1327/1293
f 143/1327/1293 321/1326/1292 320/1328/1294
f 143/1327/1293 320/1328/1294 144/1329/1295
f 144/1329/1295 320/1328/1294 319/1330/1296
f 144/1329/1295 319/1330/1296 145/1331/1297
f 145/1331/1297 319/1330/1296 318/1332/1298
f 145/1331/1297 318/1332/1298 146/1333/1299
f 146/1333/1299 318/1332/1298 317/1334/1300
f 146/1333/1299 317/1334/1300 147/1335/1301
f 147/1335/1301 317/1334/1300 316/1336/1302
f 147/1335/1301 316/1336/1302 148/1337/1303
f 148/1337/1303 316/1336/1302 315/1338/1304
f 148/1337/1303 315/1338/1304 149/1339/1305
f 149/1339/1305 315/1338/1304 314/1340/1306
f 149/1339/1305 314/1340/1306 150/1341/1307
f 150/1341/1307 314/1340/1306 313/1342/1308
f 150/1341/1307 313/1342/1308 151/1343/1309
f 151/1343/1309 313/1342/1308 312/1344/1310
f 151/1343/1309 312/1344/1310 152/1345/1311
f 152/1345/1311 312/1344/1310 311/1346/1312
f 152/1345/1311 311/1346/1312 153/1347/1313
f 153/1347/1313 311/1346/1312 310/1348/1314
f 153/1347/1313 310/1348/1314 154/1349/1315
f 154/1349/1315 310/1348/1314 309/1350/1316
f 154/1349/1315 309/1350/1316 155/1351/1317
f 155/1351/1317 309/1350/1316 308/1352/1318
f 155/1351/1317 308/1352/1318 156/1353/1319
f 156/1353/1319 308/1352/1318 307/1354/1320
f 156/1353/1319 307/1354/1320 157/1355/1321
f 157/1355/1321 307/1354/1320 306/1356/1322
f 157/1355/1321 306/1356/1322 158/1357/1323
f 158/1357/1323 306/1356/1322 305/1358/1324
f 158/1357/1323 305/1358/1324 159/1359/1325
f 159/1359/1325 305/1358/1324 304/1360/1326
f 159/1359/1325 304/1360/1326 160/1361/1327
f 160/1361/1327 304/1360/1326 303/970/936
f 160/1361/1327 303/970/936 919/969/935
f 195/1047/1013 194/1362/1328 820/1045/1011
f 820/1045/1011 194/1362/1328 193/1140/1106
f 58/1139/1105 192/1141/1107 59/1363/1329
f 59/1363/1329 192/1141/1107 191/1364/1330
f 59/1363/1329 191/1364/1330 60/1365/1331
f 60/1365/1331 191/1364/1330 190/1366/1332
f 60/1365/1331 190/1366/1332 61/1367/1333
f 61/1367/1333 190/1366/1332 189/1368/1334
f 61/1367/1333 189/1368/1334 62/1369/1335
f 62/1369/1335 189/1368/1334 188/1370/1336
f 62/1369/1335 188/1370/1336 63/1371/1337
f 63/1371/1337 188/1370/1336 187/1372/1338
f 63/1371/1337 187/1372/1338 64/1373/1339
f 64/1373/1339 187/1372/1338 186/1374/1340
f 64/1373/1339 186/1374/1340 65/1375/1341
f 65/1375/1341 186/1374/1340 185/1376/1342
f 65/1375/1341 185/1376/1342 66/1377/1343
f 66/1377/1343 185/1376/1342 184/1378/1344
f 66/1377/1343 184/1378/1344 67/1379/1345
f 67/1379/1345 184/1378/1344 183/1380/1346
f 67/1379/1345 183/1380/1346 68/1381/1347
f 68/1381/1347 183/1380/1346 182/1382/1348
f 68/1381/1347 182/1382/1348 69/1383/1349
f 69/1383/1349 182/1382/1348 181/1384/1350
f 69/1383/1349 181/1384/1350 70/1385/1351
f 70/1385/1351 181/1384/1350 180/1386/1352
f 70/1385/1351 180/1386/1352 71/1387/1353
f 71/1387/1353 180/1386/1352 179/1388/1354
f 71/1387/1353 179/1388/1354 1/1389/1355
f 1/1389/1355 179/1388/1354 178/1390/1356
f 1/1389/1355 178/1390/1356 2/1391/1357
f 2/1391/1357 178/1390/1356 177/1392/1358
f 2/1391/1357 177/1392/1358 3/1393/1359
f 3/1393/1359 177/1392/1358 176/1394/1360
f 3/1393/1359 176/1394/1360 4/1395/1361
f 4/1395/1361 176/1394/1360 175/1396/1362
f 4/1395/1361 175/1396/1362 5/1397/1363
f 5/1397/1363 175/1396/1362 174/1398/1364
f 5/1397/1363 174/1398/1364 6/1399/1365
f 6/1399/1365 174/1398/1364 173/1400/1366
f 6/1399/1365 173/1400/1366 7/1401/1367
f 7/1401/1367 173/1400/1366 172/1402/1368
f 7/1401/1367 172/1402/1368 8/1403/1369
f 8/1403/1369 172/1402/1368 171/1404/1370
f 8/1403/1369 171/1404/1370 9/1051/1017
f 9/1051/1017 171/1404/1370 919/969/935
f 171/1404/1370 170/1405/1371 919/969/935
f 919/969/935 170/1405/1371 169/1406/1372
f 919/969/935 169/1406/1372 168/1407/1373
f 168/1407/1373 167/1408/1374 919/969/935
f 919/969/935 167/1408/1374 166/1409/1375
f 919/969/935 166/1409/1375 165/1410/1376
f 165/1410/1376 164/1411/1377 919/969/935
f 919/969/935 164/1411/1377 163/1412/1378
f 919/969/935 163/1412/1378 162/1413/1379
f 162/1413/1379 161/1414/1380 919/969/935
f 919/969/935 161/1414/1380 160/1361/1327
f 27/1088/1054 26/1415/1381 868/1072/1038
f 868/1072/1038 26/1415/1381 25/1416/1382
f 868/1072/1038 25/1416/1382 24/1417/1383
f 24/1417/1383 23/1073/1039 868/1072/1038
f 22/1074/1040 21/1068/1034 892/1067/1033
f 19/1070/1036 18/1064/1030 901/1066/1032
f 720/1418/1384 409/1419/1385 902/1420/1386
f 902/1420/1386 409/1419/1385 268/1421/1387
f 902/1420/1386 268/1421/1387 267/1422/1388
f 719/1423/1389 685/1424/1390 720/1418/1384
f 720/1418/1384 685/1424/1390 684/1425/1391
f 720/1418/1384 684/1425/1391 683/1426/1392
f 685/1424/1390 719/1423/1389 686/1427/1393
f 686/1427/1393 719/1423/1389 718/1428/1394
f 686/1427/1393 718/1428/1394 687/1429/1395
f 687/1429/1395 718/1428/1394 717/1430/1396
f 687/1429/1395 717/1430/1396 688/1431/1397
f 688/1431/1397 717/1430/1396 716/1432/1398
f 688/1431/1397 716/1432/1398 689/1433/1399
f 689/1433/1399 716/1432/1398 715/1434/1400
f 689/1433/1399 715/1434/1400 690/1435/1401
f 690/1435/1401 715/1434/1400 714/1436/1402
f 690/1435/1401 714/1436/1402 691/1437/1403
f 691/1437/1403 714/1436/1402 713/1438/1404
f 691/1437/1403 713/1438/1404 692/1439/1405
f 692/1439/1405 713/1438/1404 712/1440/1406
f 692/1439/1405 712/1440/1406 711/1441/1407
f 738/1442/1408 695/1443/1409 711/1441/1407
f 711/1441/1407 695/1443/1409 694/1444/1410
f 711/1441/1407 694/1444/1410 693/1445/1411
f 748/1446/1412 769/1447/1413 738/1442/1408
f 738/1442/1408 769/1447/1413 697/1448/1414
f 738/1442/1408 697/1448/1414 696/1449/1415
f 748/1446/1412 747/1450/1416 769/1447/1413
f 769/1447/1413 747/1450/1416 746/1451/1417
f 769/1447/1413 746/1451/1417 745/1452/1418
f 745/1452/1418 744/1453/1419 769/1447/1413
f 769/1447/1413 744/1453/1419 743/1454/1420
f 769/1447/1413 743/1454/1420 742/1455/1421
f 742/1455/1421 741/1456/1422 769/1447/1413
f 769/1447/1413 741/1456/1422 740/1457/1423
f 769/1447/1413 740/1457/1423 767/1458/1424
f 767/1458/1424 740/1457/1423 765/1459/1425
f 794/1460/1426 704/1461/1427 769/1447/1413
f 769/1447/1413 704/1461/1427 703/1462/1428
f 769/1447/1413 703/1462/1428 702/1463/1429
f 704/1461/1427 794/1460/1426 705/1464/1430
f 705/1464/1430 794/1460/1426 793/1465/1431
f 705/1464/1430 793/1465/1431 706/1466/1432
f 706/1466/1432 793/1465/1431 792/1467/1433
f 706/1466/1432 792/1467/1433 707/1468/1434
f 707/1468/1434 792/1467/1433 791/1469/1435
f 707/1468/1434 791/1469/1435 708/1470/1436
f 708/1470/1436 791/1469/1435 709/1471/1437
f 709/1471/1437 791/1469/1435 790/1472/1438
f 709/1471/1437 790/1472/1438 710/1473/1439
f 710/1473/1439 790/1472/1438 789/1474/1440
f 710/1473/1439 789/1474/1440 640/1475/1441
f 640/1475/1441 789/1474/1440 788/1476/1442
f 640/1475/1441 788/1476/1442 641/1477/1443
f 641/1477/1443 788/1476/1442 787/1478/1444
f 641/1477/1443 787/1478/1444 642/1479/1445
f 642/1479/1445 787/1478/1444 786/1480/1446
f 642/1479/1445 786/1480/1446 643/1481/1447
f 643/1481/1447 786/1480/1446 785/1482/1448
f 643/1481/1447 785/1482/1448 644/1483/1449
f 644/1483/1449 785/1482/1448 784/1484/1450
f 644/1483/1449 784/1484/1450 645/1485/1451
f 645/1485/1451 784/1484/1450 783/1486/1452
f 645/1485/1451 783/1486/1452 646/1487/1453
f 646/1487/1453 783/1486/1452 782/1488/1454
f 646/1487/1453 782/1488/1454 647/1489/1455
f 647/1489/1455 782/1488/1454 781/1490/1456
f 647/1489/1455 781/1490/1456 648/1491/1457
f 648/1491/1457 781/1490/1456 780/1492/1458
f 648/1491/1457 780/1492/1458 649/1493/1459
f 649/1493/1459 780/1492/1458 779/1494/1460
f 649/1493/1459 779/1494/1460 650/1495/1461
f 650/1495/1461 779/1494/1460 778/1496/1462
f 650/1495/1461 778/1496/1462 651/1497/1463
f 651/1497/1463 778/1496/1462 777/1498/1464
f 651/1497/1463 777/1498/1464 652/1499/1465
f 652/1499/1465 777/1498/1464 776/1500/1466
f 652/1499/1465 776/1500/1466 653/1501/1467
f 653/1501/1467 776/1500/1466 775/1502/1468
f 653/1501/1467 775/1502/1468 654/1503/1469
f 654/1503/1469 775/1502/1468 774/1504/1470
f 654/1503/1469 774/1504/1470 655/1505/1471
f 655/1505/1471 774/1504/1470 773/1506/1472
f 655/1505/1471 773/1506/1472 656/1507/1473
f 656/1507/1473 773/1506/1472 772/1508/1474
f 656/1507/1473 772/1508/1474 657/1509/1475
f 657/1509/1475 772/1508/1474 771/1510/1476
f 657/1509/1475 771/1510/1476 658/1511/1477
f 658/1511/1477 771/1510/1476 659/1512/1478
f 659/1512/1478 771/1510/1476 660/1513/1479
f 660/1513/1479 771/1510/1476 661/1514/1480
f 661/1514/1480 771/1510/1476 512/1515/1481
f 661/1514/1480 512/1515/1481 662/1516/1482
f 662/1516/1482 512/1515/1481 511/1517/1483
f 662/1516/1482 511/1517/1483 663/1518/1484
f 663/1518/1484 511/1517/1483 510/1519/1485
f 663/1518/1484 510/1519/1485 664/1520/1486
f 664/1520/1486 510/1519/1485 509/1521/1487
f 664/1520/1486 509/1521/1487 665/1522/1488
f 665/1522/1488 509/1521/1487 508/1523/1489
f 665/1522/1488 508/1523/1489 666/1524/1490
f 666/1524/1490 508/1523/1489 507/1525/1491
f 666/1524/1490 507/1525/1491 667/1526/1492
f 667/1526/1492 507/1525/1491 506/1527/1493
f 667/1526/1492 506/1527/1493 668/1528/1494
f 668/1528/1494 506/1527/1493 505/1529/1495
f 668/1528/1494 505/1529/1495 669/1530/1496
f 669/1530/1496 505/1529/1495 504/1531/1497
f 669/1530/1496 504/1531/1497 670/1532/1498
f 670/1532/1498 504/1531/1497 503/1533/1499
f 670/1532/1498 503/1533/1499 671/1534/1500
f 671/1534/1500 503/1533/1499 502/1535/1501
f 671/1534/1500 502/1535/1501 672/1536/1502
f 672/1536/1502 502/1535/1501 501/1537/1503
f 672/1536/1502 501/1537/1503 673/1538/1504
f 673/1538/1504 501/1537/1503 500/1539/1505
f 673/1538/1504 500/1539/1505 674/1540/1506
f 674/1540/1506 500/1539/1505 499/1541/1507
f 674/1540/1506 499/1541/1507 675/1542/1508
f 675/1542/1508 499/1541/1507 498/1543/1509
f 675/1542/1508 498/1543/1509 676/1544/1510
f 676/1544/1510 498/1543/1509 568/1545/1511
f 676/1544/1510 568/1545/1511 677/1546/1512
f 677/1546/1512 568/1545/1511 567/1547/1513
f 677/1546/1512 567/1547/1513 678/1548/1514
f 678/1548/1514 567/1547/1513 566/1549/1515
f 678/1548/1514 566/1549/1515 679/1550/1516
f 679/1550/1516 566/1549/1515 565/1551/1517
f 679/1550/1516 565/1551/1517 680/1552/1518
f 680/1552/1518 565/1551/1517 564/1553/1519
f 680/1552/1518 564/1553/1519 681/1554/1520
f 681/1554/1520 564/1553/1519 563/1555/1521
f 681/1554/1520 563/1555/1521 682/1556/1522
f 682/1556/1522 563/1555/1521 562/1557/1523
f 682/1556/1522 562/1557/1523 683/1426/1392
f 683/1426/1392 562/1557/1523 561/1558/1524
f 683/1426/1392 561/1558/1524 720/1418/1384
f 720/1418/1384 561/1558/1524 560/1559/1525
f 720/1418/1384 560/1559/1525 559/1560/1526
f 819/1561/1527 374/1562/1528 771/1510/1476
f 771/1510/1476 374/1562/1528 516/1563/1529
f 771/1510/1476 516/1563/1529 515/1564/1530
f 844/1565/1531 90/1566/1532 819/1561/1527
f 819/1561/1527 90/1566/1532 89/1567/1533
f 819/1561/1527 89/1567/1533 88/1568/1534
f 90/1566/1532 844/1565/1531 91/1569/1535
f 91/1569/1535 844/1565/1531 843/1570/1536
f 91/1569/1535 843/1570/1536 92/1571/1537
f 92/1571/1537 843/1570/1536 842/1572/1538
f 92/1571/1537 842/1572/1538 93/1573/1539
f 93/1573/1539 842/1572/1538 841/1574/1540
f 93/1573/1539 841/1574/1540 94/1575/1541
f 94/1575/1541 841/1574/1540 840/1576/1542
f 94/1575/1541 840/1576/1542 95/1577/1543
f 95/1577/1543 840/1576/1542 839/1578/1544
f 95/1577/1543 839/1578/1544 96/1579/1545
f 96/1579/1545 839/1578/1544 838/1580/1546
f 96/1579/1545 838/1580/1546 97/1581/1547
f 97/1581/1547 838/1580/1546 837/1582/1548
f 97/1581/1547 837/1582/1548 98/1583/1549
f 98/1583/1549 837/1582/1548 836/1584/1550
f 98/1583/1549 836/1584/1550 99/1585/1551
f 99/1585/1551 836/1584/1550 835/1586/1552
f 99/1585/1551 835/1586/1552 100/1587/1553
f 100/1587/1553 835/1586/1552 834/1588/1554
f 100/1587/1553 834/1588/1554 101/1589/1555
f 101/1589/1555 834/1588/1554 833/1590/1556
f 101/1589/1555 833/1590/1556 102/1591/1557
f 102/1591/1557 833/1590/1556 832/1592/1558
f 102/1591/1557 832/1592/1558 103/1593/1559
f 103/1593/1559 832/1592/1558 831/1594/1560
f 103/1593/1559 831/1594/1560 104/1595/1561
f 104/1595/1561 831/1594/1560 830/1596/1562
f 104/1595/1561 830/1596/1562 105/1597/1563
f 105/1597/1563 830/1596/1562 829/1598/1564
f 105/1597/1563 829/1598/1564 106/1599/1565
f 106/1599/1565 829/1598/1564 107/1600/1566
f 107/1600/1566 829/1598/1564 828/1601/1567
f 107/1600/1566 828/1601/1567 108/1602/1568
f 108/1602/1568 828/1601/1567 827/1603/1569
f 108/1602/1568 827/1603/1569 109/1604/1570
f 109/1604/1570 827/1603/1569 826/1605/1571
f 109/1604/1570 826/1605/1571 110/1606/1572
f 110/1606/1572 826/1605/1571 825/1607/1573
f 110/1606/1572 825/1607/1573 111/1608/1574
f 111/1608/1574 825/1607/1573 824/1609/1575
f 111/1608/1574 824/1609/1575 112/1610/1576
f 112/1610/1576 824/1609/1575 823/1611/1577
f 112/1610/1576 823/1611/1577 113/1612/1578
f 113/1612/1578 823/1611/1577 114/1613/1579
f 114/1613/1579 823/1611/1577 822/1614/1580
f 114/1613/1579 822/1614/1580 115/1615/1581
f 115/1615/1581 822/1614/1580 821/1616/1582
f 115/1615/1581 821/1616/1582 116/1617/1583
f 116/1617/1583 821/1616/1582 117/1618/1584
f 117/1618/1584 821/1616/1582 118/1619/1585
f 118/1619/1585 821/1616/1582 119/1620/1586
f 119/1620/1586 821/1616/1582 120/1621/1587
f 120/1621/1587 821/1616/1582 121/1622/1588
f 121/1622/1588 821/1616/1582 875/1623/1589
f 121/1622/1588 875/1623/1589 122/1624/1590
f 122/1624/1590 875/1623/1589 123/1625/1591
f 123/1625/1591 875/1623/1589 900/1626/1592
f 123/1625/1591 900/1626/1592 124/1627/1593
f 124/1627/1593 900/1626/1592 125/1628/1594
f 125/1628/1594 900/1626/1592 126/1629/1595
f 126/1629/1595 900/1626/1592 910/1630/1596
f 126/1629/1595 910/1630/1596 909/1631/1597
f 869/1632/1598 873/1633/1599 821/1616/1582
f 821/1616/1582 873/1633/1599 883/1634/1600
f 821/1616/1582 883/1634/1600 882/1635/1601
f 869/1632/1598 871/1636/1602 873/1633/1599
f 882/1635/1601 881/1637/1603 821/1616/1582
f 821/1616/1582 881/1637/1603 880/1638/1604
f 821/1616/1582 880/1638/1604 879/1639/1605
f 879/1639/1605 878/1640/1606 821/1616/1582
f 821/1616/1582 878/1640/1606 877/1641/1607
f 821/1616/1582 877/1641/1607 876/1642/1608
f 876/1642/1608 875/1623/1589 821/1616/1582
f 126/1629/1595 909/1631/1597 127/1643/1609
f 127/1643/1609 909/1631/1597 908/1644/1610
f 127/1643/1609 908/1644/1610 128/1645/1611
f 128/1645/1611 908/1644/1610 907/1646/1612
f 128/1645/1611 907/1646/1612 129/1647/1613
f 129/1647/1613 907/1646/1612 906/1648/1614
f 129/1647/1613 906/1648/1614 130/1649/1615
f 130/1649/1615 906/1648/1614 905/1650/1616
f 130/1649/1615 905/1650/1616 131/1651/1617
f 131/1651/1617 905/1650/1616 904/1652/1618
f 131/1651/1617 904/1652/1618 132/1653/1619
f 132/1653/1619 904/1652/1618 903/1654/1620
f 132/1653/1619 903/1654/1620 133/1655/1621
f 133/1655/1621 903/1654/1620 902/1420/1386
f 133/1655/1621 902/1420/1386 134/1656/1622
f 134/1656/1622 902/1420/1386 135/1657/1623
f 135/1657/1623 902/1420/1386 257/1658/1624
f 135/1657/1623 257/1658/1624 136/1659/1625
f 136/1659/1625 257/1658/1624 256/1660/1626
f 136/1659/1625 256/1660/1626 137/1661/1627
f 137/1661/1627 256/1660/1626 255/1662/1628
f 137/1661/1627 255/1662/1628 138/1663/1629
f 138/1663/1629 255/1662/1628 254/1664/1630
f 138/1663/1629 254/1664/1630 139/1665/1631
f 139/1665/1631 254/1664/1630 253/1666/1632
f 139/1665/1631 253/1666/1632 140/1667/1633
f 140/1667/1633 253/1666/1632 252/1668/1634
f 140/1667/1633 252/1668/1634 141/1669/1635
f 141/1669/1635 252/1668/1634 251/1670/1636
f 141/1669/1635 251/1670/1636 142/1671/1637
f 142/1671/1637 251/1670/1636 250/1672/1638
f 142/1671/1637 250/1672/1638 72/1673/1639
f 72/1673/1639 250/1672/1638 249/1674/1640
f 72/1673/1639 249/1674/1640 73/1675/1641
f 73/1675/1641 249/1674/1640 248/1676/1642
f 73/1675/1641 248/1676/1642 74/1677/1643
f 74/1677/1643 248/1676/1642 247/1678/1644
f 74/1677/1643 247/1678/1644 75/1679/1645
f 75/1679/1645 247/1678/1644 246/1680/1646
f 75/1679/1645 246/1680/1646 76/1681/1647
f 76/1681/1647 246/1680/1646 245/1682/1648
f 76/1681/1647 245/1682/1648 77/1683/1649
f 77/1683/1649 245/1682/1648 244/1684/1650
f 77/1683/1649 244/1684/1650 78/1685/1651
f 78/1685/1651 244/1684/1650 243/1686/1652
f 78/1685/1651 243/1686/1652 79/1687/1653
f 79/1687/1653 243/1686/1652 242/1688/1654
f 79/1687/1653 242/1688/1654 80/1689/1655
f 80/1689/1655 242/1688/1654 241/1690/1656
f 80/1689/1655 241/1690/1656 81/1691/1657
f 81/1691/1657 241/1690/1656 240/1692/1658
f 81/1691/1657 240/1692/1658 82/1693/1659
f 82/1693/1659 240/1692/1658 239/1694/1660
f 82/1693/1659 239/1694/1660 83/1695/1661
f 83/1695/1661 239/1694/1660 238/1696/1662
f 83/1695/1661 238/1696/1662 84/1697/1663
f 84/1697/1663 238/1696/1662 237/1698/1664
f 84/1697/1663 237/1698/1664 85/1699/1665
f 85/1699/1665 237/1698/1664 236/1700/1666
f 85/1699/1665 236/1700/1666 86/1701/1667
f 86/1701/1667 236/1700/1666 235/1702/1668
f 86/1701/1667 235/1702/1668 819/1561/1527
f 819/1561/1527 235/1702/1668 234/1703/1669
f 819/1561/1527 234/1703/1669 233/1704/1670
f 702/1463/1429 701/1705/1671 769/1447/1413
f 769/1447/1413 701/1705/1671 700/1706/1672
f 769/1447/1413 700/1706/1672 699/1707/1673
f 699/1707/1673 698/1708/1674 769/1447/1413
f 769/1447/1413 698/1708/1674 697/1448/1414
f 696/1449/1415 695/1443/1409 738/1442/1408
f 693/1445/1411 692/1439/1405 711/1441/1407
f 559/1560/1526 558/1709/1675 720/1418/1384
f 720/1418/1384 558/1709/1675 557/1710/1676
f 720/1418/1384 557/1710/1676 556/1711/1677
f 556/1711/1677 555/1712/1678 720/1418/1384
f 720/1418/1384 555/1712/1678 554/1713/1679
f 720/1418/1384 554/1713/1679 553/1714/1680
f 553/1714/1680 552/1715/1681 720/1418/1384
f 720/1418/1384 552/1715/1681 551/1716/1682
f 720/1418/1384 551/1716/1682 410/1717/1683
f 410/1717/1683 551/1716/1682 550/1718/1684
f 410/1717/1683 550/1718/1684 411/1719/1685
f 411/1719/1685 550/1718/1684 549/1720/1686
f 411/1719/1685 549/1720/1686 412/1721/1687
f 412/1721/1687 549/1720/1686 548/1722/1688
f 412/1721/1687 548/1722/1688 413/1723/1689
f 413/1723/1689 548/1722/1688 547/1724/1690
f 413/1723/1689 547/1724/1690 414/1725/1691
f 414/1725/1691 547/1724/1690 546/1726/1692
f 414/1725/1691 546/1726/1692 415/1727/1693
f 415/1727/1693 546/1726/1692 545/1728/1694
f 415/1727/1693 545/1728/1694 416/1729/1695
f 416/1729/1695 545/1728/1694 544/1730/1696
f 416/1729/1695 544/1730/1696 417/1731/1697
f 417/1731/1697 544/1730/1696 543/1732/1698
f 417/1731/1697 543/1732/1698 418/1733/1699
f 418/1733/1699 543/1732/1698 542/1734/1700
f 418/1733/1699 542/1734/1700 419/1735/1701
f 419/1735/1701 542/1734/1700 541/1736/1702
f 419/1735/1701 541/1736/1702 420/1737/1703
f 420/1737/1703 541/1736/1702 540/1738/1704
f 420/1737/1703 540/1738/1704 421/1739/1705
f 421/1739/1705 540/1738/1704 539/1740/1706
f 421/1739/1705 539/1740/1706 422/1741/1707
f 422/1741/1707 539/1740/1706 538/1742/1708
f 422/1741/1707 538/1742/1708 423/1743/1709
f 423/1743/1709 538/1742/1708 537/1744/1710
f 423/1743/1709 537/1744/1710 424/1745/1711
f 424/1745/1711 537/1744/1710 536/1746/1712
f 424/1745/1711 536/1746/1712 425/1747/1713
f 425/1747/1713 536/1746/1712 535/1748/1714
f 425/1747/1713 535/1748/1714 426/1749/1715
f 426/1749/1715 535/1748/1714 534/1750/1716
f 426/1749/1715 534/1750/1716 356/1751/1717
f 356/1751/1717 534/1750/1716 533/1752/1718
f 356/1751/1717 533/1752/1718 357/1753/1719
f 357/1753/1719 533/1752/1718 532/1754/1720
f 357/1753/1719 532/1754/1720 358/1755/1721
f 358/1755/1721 532/1754/1720 531/1756/1722
f 358/1755/1721 531/1756/1722 359/1757/1723
f 359/1757/1723 531/1756/1722 530/1758/1724
f 359/1757/1723 530/1758/1724 360/1759/1725
f 360/1759/1725 530/1758/1724 529/1760/1726
f 360/1759/1725 529/1760/1726 361/1761/1727
f 361/1761/1727 529/1760/1726 528/1762/1728
f 361/1761/1727 528/1762/1728 362/1763/1729
f 362/1763/1729 528/1762/1728 527/1764/1730
f 362/1763/1729 527/1764/1730 363/1765/1731
f 363/1765/1731 527/1764/1730 526/1766/1732
f 363/1765/1731 526/1766/1732 364/1767/1733
f 364/1767/1733 526/1766/1732 525/1768/1734
f 364/1767/1733 525/1768/1734 365/1769/1735
f 365/1769/1735 525/1768/1734 524/1770/1736
f 365/1769/1735 524/1770/1736 366/1771/1737
f 366/1771/1737 524/1770/1736 523/1772/1738
f 366/1771/1737 523/1772/1738 367/1773/1739
f 367/1773/1739 523/1772/1738 522/1774/1740
f 367/1773/1739 522/1774/1740 368/1775/1741
f 368/1775/1741 522/1774/1740 521/1776/1742
f 368/1775/1741 521/1776/1742 369/1777/1743
f 369/1777/1743 521/1776/1742 520/1778/1744
f 369/1777/1743 520/1778/1744 370/1779/1745
f 370/1779/1745 520/1778/1744 519/1780/1746
f 370/1779/1745 519/1780/1746 371/1781/1747
f 371/1781/1747 519/1780/1746 518/1782/1748
f 371/1781/1747 518/1782/1748 372/1783/1749
f 372/1783/1749 518/1782/1748 517/1784/1750
f 372/1783/1749 517/1784/1750 373/1785/1751
f 373/1785/1751 517/1784/1750 516/1563/1529
f 373/1785/1751 516/1563/1529 374/1562/1528
f 515/1564/1530 514/1786/1752 771/1510/1476
f 771/1510/1476 514/1786/1752 513/1787/1753
f 771/1510/1476 513/1787/1753 512/1515/1481
f 410/1717/1683 409/1419/1385 720/1418/1384
f 409/1419/1385 408/1788/1754 268/1421/1387
f 268/1421/1387 408/1788/1754 269/1789/1755
f 269/1789/1755 408/1788/1754 407/1790/1756
f 269/1789/1755 407/1790/1756 270/1791/1757
f 270/1791/1757 407/1790/1756 406/1792/1758
f 270/1791/1757 406/1792/1758 271/1793/1759
f 271/1793/1759 406/1792/1758 405/1794/1760
f 271/1793/1759 405/1794/1760 272/1795/1761
f 272/1795/1761 405/1794/1760 404/1796/1762
f 272/1795/1761 404/1796/1762 273/1797/1763
f 273/1797/1763 404/1796/1762 403/1798/1764
f 273/1797/1763 403/1798/1764 274/1799/1765
f 274/1799/1765 403/1798/1764 402/1800/1766
f 274/1799/1765 402/1800/1766 275/1801/1767
f 275/1801/1767 402/1800/1766 401/1802/1768
f 275/1801/1767 401/1802/1768 276/1803/1769
f 276/1803/1769 401/1802/1768 400/1804/1770
f 276/1803/1769 400/1804/1770 277/1805/1771
f 277/1805/1771 400/1804/1770 399/1806/1772
f 277/1805/1771 399/1806/1772 278/1807/1773
f 278/1807/1773 399/1806/1772 398/1808/1774
f 278/1807/1773 398/1808/1774 279/1809/1775
f 279/1809/1775 398/1808/1774 397/1810/1776
f 279/1809/1775 397/1810/1776 280/1811/1777
f 280/1811/1777 397/1810/1776 396/1812/1778
f 280/1811/1777 396/1812/1778 281/1813/1779
f 281/1813/1779 396/1812/1778 395/1814/1780
f 281/1813/1779 395/1814/1780 282/1815/1781
f 282/1815/1781 395/1814/1780 394/1816/1782
f 282/1815/1781 394/1816/1782 283/1817/1783
f 283/1817/1783 394/1816/1782 393/1818/1784
f 283/1817/1783 393/1818/1784 284/1819/1785
f 284/1819/1785 393/1818/1784 392/1820/1786
f 284/1819/1785 392/1820/1786 214/1821/1787
f 214/1821/1787 392/1820/1786 391/1822/1788
f 214/1821/1787 391/1822/1788 215/1823/1789
f 215/1823/1789 391/1822/1788 390/1824/1790
f 215/1823/1789 390/1824/1790 216/1825/1791
f 216/1825/1791 390/1824/1790 389/1826/1792
f 216/1825/1791 389/1826/1792 217/1827/1793
f 217/1827/1793 389/1826/1792 388/1828/1794
f 217/1827/1793 388/1828/1794 218/1829/1795
f 218/1829/1795 388/1828/1794 387/1830/1796
f 218/1829/1795 387/1830/1796 219/1831/1797
f 219/1831/1797 387/1830/1796 386/1832/1798
f 219/1831/1797 386/1832/1798 220/1833/1799
f 220/1833/1799 386/1832/1798 385/1834/1800
f 220/1833/1799 385/1834/1800 221/1835/1801
f 221/1835/1801 385/1834/1800 384/1836/1802
f 221/1835/1801 384/1836/1802 222/1837/1803
f 222/1837/1803 384/1836/1802 383/1838/1804
f 222/1837/1803 383/1838/1804 223/1839/1805
f 223/1839/1805 383/1838/1804 382/1840/1806
f 223/1839/1805 382/1840/1806 224/1841/1807
f 224/1841/1807 382/1840/1806 381/1842/1808
f 224/1841/1807 381/1842/1808 225/1843/1809
f 225/1843/1809 381/1842/1808 380/1844/1810
f 225/1843/1809 380/1844/1810 226/1845/1811
f 226/1845/1811 380/1844/1810 379/1846/1812
f 226/1845/1811 379/1846/1812 227/1847/1813
f 227/1847/1813 379/1846/1812 378/1848/1814
f 227/1847/1813 378/1848/1814 228/1849/1815
f 228/1849/1815 378/1848/1814 377/1850/1816
f 228/1849/1815 377/1850/1816 229/1851/1817
f 229/1851/1817 377/1850/1816 376/1852/1818
f 229/1851/1817 376/1852/1818 230/1853/1819
f 230/1853/1819 376/1852/1818 375/1854/1820
f 230/1853/1819 375/1854/1820 231/1855/1821
f 231/1855/1821 375/1854/1820 374/1562/1528
f 231/1855/1821 374/1562/1528 232/1856/1822
f 232/1856/1822 374/1562/1528 819/1561/1527
f 232/1856/1822 819/1561/1527 233/1704/1670
f 267/1422/1388 266/1857/1823 902/1420/1386
f 902/1420/1386 266/1857/1823 265/1858/1824
f 902/1420/1386 265/1858/1824 264/1859/1825
f 264/1859/1825 263/1860/1826 902/1420/1386
f 902/1420/1386 263/1860/1826 262/1861/1827
f 902/1420/1386 262/1861/1827 261/1862/1828
f 261/1862/1828 260/1863/1829 902/1420/1386
f 902/1420/1386 260/1863/1829 259/1864/1830
f 902/1420/1386 259/1864/1830 258/1865/1831
f 258/1865/1831 257/1658/1624 902/1420/1386
f 88/1568/1534 87/1866/1832 819/1561/1527
f 819/1561/1527 87/1866/1832 86/1701/1667
# 926 vertices
# 1866 texture params
# 1832 normals
# 1868 facets

# 1 groups
