ISO-10303-21;
HEADER;
/* Generated by software containing ST-Developer
 * from STEP Tools, Inc. (www.steptools.com) 
 */

FILE_DESCRIPTION(
/* description */ (''),
/* implementation_level */ '2;1');

FILE_NAME(
/* name */ 'cableClip.step',
/* time_stamp */ '2026-10-07T16:14:32+01:00',
/* author */ (''),
/* organization */ (''),
/* preprocessor_version */ 'ST-DEVELOPER v20.1',
/* originating_system */ 'Autodesk Translation Framework v15.8.0.0',
/* authorisation */ '');

FILE_SCHEMA (('AUTOMOTIVE_DESIGN { 1 0 10303 214 3 1 1 }'));
ENDSEC;

DATA;
#10=MECHANICAL_DESIGN_GEOMETRIC_PRESENTATION_REPRESENTATION('',(#25,#26),
#2260);
#11=SHAPE_REPRESENTATION_RELATIONSHIP('SRR','None',#2267,#12);
#12=ADVANCED_BREP_SHAPE_REPRESENTATION('',(#27,#28),#2259);
#13=TOROIDAL_SURFACE('',#1241,15.5,2.5);
#14=TOROIDAL_SURFACE('',#1245,15.5,2.5);
#15=TOROIDAL_SURFACE('',#1257,15.5,2.5);
#16=TOROIDAL_SURFACE('',#1262,15.5,2.5);
#17=B_SPLINE_SURFACE_WITH_KNOTS('',3,3,((#1828,#1829,#1830,#1831,#1832),
(#1833,#1834,#1835,#1836,#1837),(#1838,#1839,#1840,#1841,#1842),(#1843,
#1844,#1845,#1846,#1847),(#1848,#1849,#1850,#1851,#1852)),.UNSPECIFIED.,
 .F.,.F.,.F.,(4,1,4),(4,1,4),(0.,0.571428571428571,1.),(-1.38777878078145E-16,
0.673198425769241,1.5707963267949),.UNSPECIFIED.);
#18=B_SPLINE_SURFACE_WITH_KNOTS('',3,3,((#1889,#1890,#1891,#1892,#1893),
(#1894,#1895,#1896,#1897,#1898),(#1899,#1900,#1901,#1902,#1903),(#1904,
#1905,#1906,#1907,#1908),(#1909,#1910,#1911,#1912,#1913)),.UNSPECIFIED.,
 .F.,.F.,.F.,(4,1,4),(4,1,4),(0.,0.571428571428571,1.),(0.,0.673198425769242,
1.5707963267949),.UNSPECIFIED.);
#19=B_SPLINE_SURFACE_WITH_KNOTS('',3,3,((#1926,#1927,#1928,#1929,#1930),
(#1931,#1932,#1933,#1934,#1935),(#1936,#1937,#1938,#1939,#1940),(#1941,
#1942,#1943,#1944,#1945),(#1946,#1947,#1948,#1949,#1950)),.UNSPECIFIED.,
 .F.,.F.,.F.,(4,1,4),(4,1,4),(0.,0.571428571428571,1.),(-1.5707963267949,
-0.897597901025655,0.),.UNSPECIFIED.);
#20=B_SPLINE_SURFACE_WITH_KNOTS('',3,3,((#1965,#1966,#1967,#1968,#1969),
(#1970,#1971,#1972,#1973,#1974),(#1975,#1976,#1977,#1978,#1979),(#1980,
#1981,#1982,#1983,#1984),(#1985,#1986,#1987,#1988,#1989)),.UNSPECIFIED.,
 .F.,.F.,.F.,(4,1,4),(4,1,4),(0.,0.571428571428571,1.),(-1.5707963267949,
-0.897597901025655,1.40197255404733E-34),.UNSPECIFIED.);
#21=B_SPLINE_SURFACE_WITH_KNOTS('',3,3,((#2010,#2011,#2012,#2013,#2014),
(#2015,#2016,#2017,#2018,#2019),(#2020,#2021,#2022,#2023,#2024),(#2025,
#2026,#2027,#2028,#2029),(#2030,#2031,#2032,#2033,#2034)),.UNSPECIFIED.,
 .F.,.F.,.F.,(4,1,4),(4,1,4),(0.,0.571428571428571,1.),(0.,0.0338043461061417,
0.0788768075809972),.UNSPECIFIED.);
#22=B_SPLINE_SURFACE_WITH_KNOTS('',3,3,((#2054,#2055,#2056,#2057,#2058),
(#2059,#2060,#2061,#2062,#2063),(#2064,#2065,#2066,#2067,#2068),(#2069,
#2070,#2071,#2072,#2073),(#2074,#2075,#2076,#2077,#2078)),.UNSPECIFIED.,
 .F.,.F.,.F.,(4,1,4),(4,1,4),(0.,0.571428571428571,1.),(0.,0.0338047922130025,
0.0788778484970059),.UNSPECIFIED.);
#23=B_SPLINE_SURFACE_WITH_KNOTS('',3,3,((#2143,#2144,#2145,#2146,#2147),
(#2148,#2149,#2150,#2151,#2152),(#2153,#2154,#2155,#2156,#2157),(#2158,
#2159,#2160,#2161,#2162),(#2163,#2164,#2165,#2166,#2167)),.UNSPECIFIED.,
 .F.,.F.,.F.,(4,1,4),(4,1,4),(0.,0.571428571428571,1.),(0.,0.0338043461061418,
0.0788768075809975),.UNSPECIFIED.);
#24=B_SPLINE_SURFACE_WITH_KNOTS('',3,3,((#2187,#2188,#2189,#2190,#2191),
(#2192,#2193,#2194,#2195,#2196),(#2197,#2198,#2199,#2200,#2201),(#2202,
#2203,#2204,#2205,#2206),(#2207,#2208,#2209,#2210,#2211)),.UNSPECIFIED.,
 .F.,.F.,.F.,(4,1,4),(4,1,4),(0.,0.571428571428571,1.),(0.,0.0338047922130025,
0.0788778484970059),.UNSPECIFIED.);
#25=STYLED_ITEM('',(#2276),#27);
#26=STYLED_ITEM('',(#2276),#28);
#27=MANIFOLD_SOLID_BREP('Body1',#1123);
#28=MANIFOLD_SOLID_BREP('Body2',#1124);
#29=CONICAL_SURFACE('',#1188,6.5,0.785398163397446);
#30=CONICAL_SURFACE('',#1199,6.5,0.785398163397448);
#31=CONICAL_SURFACE('',#1207,6.5,0.785398163397447);
#32=CONICAL_SURFACE('',#1210,6.5,0.785398163397449);
#33=B_SPLINE_CURVE_WITH_KNOTS('',3,(#1715,#1716,#1717,#1718,#1719,#1720),
 .UNSPECIFIED.,.F.,.F.,(4,2,4),(0.689382336122581,0.755452649116559,0.830226261804747),
 .UNSPECIFIED.);
#34=B_SPLINE_CURVE_WITH_KNOTS('',3,(#1723,#1724,#1725,#1726,#1727,#1728),
 .UNSPECIFIED.,.F.,.F.,(4,2,4),(0.627121772539558,0.701895385227746,0.767965698221723),
 .UNSPECIFIED.);
#35=B_SPLINE_CURVE_WITH_KNOTS('',3,(#1734,#1735,#1736,#1737,#1738,#1739),
 .UNSPECIFIED.,.F.,.F.,(4,2,4),(0.689382336122589,0.755452649116559,0.830226261804753),
 .UNSPECIFIED.);
#36=B_SPLINE_CURVE_WITH_KNOTS('',3,(#1742,#1743,#1744,#1745,#1746,#1747),
 .UNSPECIFIED.,.F.,.F.,(4,2,4),(0.627121772539554,0.701895385227748,0.767965698221718),
 .UNSPECIFIED.);
#37=B_SPLINE_CURVE_WITH_KNOTS('',3,(#1794,#1795,#1796,#1797,#1798,#1799),
 .UNSPECIFIED.,.F.,.F.,(4,2,4),(-0.23846052733937,-0.182882447983518,-0.166393199914744),
 .UNSPECIFIED.);
#38=B_SPLINE_CURVE_WITH_KNOTS('',3,(#1803,#1804,#1805,#1806,#1807,#1808),
 .UNSPECIFIED.,.F.,.F.,(4,2,4),(-0.0718569362627438,-0.0574363501778857,
0.),.UNSPECIFIED.);
#39=B_SPLINE_CURVE_WITH_KNOTS('',3,(#1854,#1855,#1856,#1857,#1858,#1859,
#1860,#1861),.UNSPECIFIED.,.F.,.F.,(4,2,2,4),(0.0199668473604959,0.0921014471846425,
0.440562306668737,0.442050464171631),.UNSPECIFIED.);
#40=B_SPLINE_CURVE_WITH_KNOTS('',3,(#1867,#1868,#1869,#1870,#1871,#1872),
 .UNSPECIFIED.,.F.,.F.,(4,2,4),(-0.238460527339331,-0.182882447983373,-0.166393199914623),
 .UNSPECIFIED.);
#41=B_SPLINE_CURVE_WITH_KNOTS('',3,(#1876,#1877,#1878,#1879,#1880,#1881),
 .UNSPECIFIED.,.F.,.F.,(4,2,4),(-0.0718569362627454,-0.0574363501778925,
0.),.UNSPECIFIED.);
#42=B_SPLINE_CURVE_WITH_KNOTS('',3,(#1915,#1916,#1917,#1918,#1919,#1920,
#1921,#1922),.UNSPECIFIED.,.F.,.F.,(4,2,2,4),(0.0199668473604962,0.092101447184645,
0.440562308841086,0.44205047049571),.UNSPECIFIED.);
#43=B_SPLINE_CURVE_WITH_KNOTS('',3,(#1955,#1956,#1957,#1958,#1959,#1960,
#1961,#1962),.UNSPECIFIED.,.F.,.F.,(4,2,2,4),(-0.00193426161323418,0.,0.381086463439991,
0.527840139612924),.UNSPECIFIED.);
#44=B_SPLINE_CURVE_WITH_KNOTS('',3,(#1994,#1995,#1996,#1997,#1998,#1999,
#2000,#2001),.UNSPECIFIED.,.F.,.F.,(4,2,2,4),(-0.00193425624537679,0.,0.381086468675506,
0.527840147939427),.UNSPECIFIED.);
#45=B_SPLINE_CURVE_WITH_KNOTS('',3,(#2036,#2037,#2038,#2039,#2040),
 .UNSPECIFIED.,.F.,.F.,(4,1,4),(-0.0788768075809972,-0.0338043461061417,
0.),.UNSPECIFIED.);
#46=B_SPLINE_CURVE_WITH_KNOTS('',3,(#2043,#2044,#2045,#2046,#2047),
 .UNSPECIFIED.,.F.,.F.,(4,1,4),(0.,0.0338043461061417,0.0788768075809972),
 .UNSPECIFIED.);
#47=B_SPLINE_CURVE_WITH_KNOTS('',3,(#2080,#2081,#2082,#2083,#2084),
 .UNSPECIFIED.,.F.,.F.,(4,1,4),(-0.0788778484970059,-0.0338047922130025,
0.),.UNSPECIFIED.);
#48=B_SPLINE_CURVE_WITH_KNOTS('',3,(#2087,#2088,#2089,#2090,#2091),
 .UNSPECIFIED.,.F.,.F.,(4,1,4),(0.,0.0338047922130025,0.0788778484970059),
 .UNSPECIFIED.);
#49=B_SPLINE_CURVE_WITH_KNOTS('',3,(#2106,#2107,#2108,#2109,#2110,#2111,
#2112,#2113,#2114,#2115),.UNSPECIFIED.,.F.,.F.,(4,2,2,2,4),(0.866262051064547,
0.947753943844687,1.05141826257651,1.17815259346957,1.31359930682997),
 .UNSPECIFIED.);
#50=B_SPLINE_CURVE_WITH_KNOTS('',3,(#2123,#2124,#2125,#2126,#2127,#2128,
#2129,#2130,#2131,#2132),.UNSPECIFIED.,.F.,.F.,(4,2,2,2,4),(2.15144889742821,
2.28689561078862,2.41362994168168,2.5172942604135,2.59878615319364),
 .UNSPECIFIED.);
#51=B_SPLINE_CURVE_WITH_KNOTS('',3,(#2171,#2172,#2173,#2174,#2175),
 .UNSPECIFIED.,.F.,.F.,(4,1,4),(-0.0788768075809975,-0.0338043461061418,
0.),.UNSPECIFIED.);
#52=B_SPLINE_CURVE_WITH_KNOTS('',3,(#2176,#2177,#2178,#2179,#2180),
 .UNSPECIFIED.,.F.,.F.,(4,1,4),(0.,0.0338043461061418,0.0788768075809975),
 .UNSPECIFIED.);
#53=B_SPLINE_CURVE_WITH_KNOTS('',3,(#2214,#2215,#2216,#2217,#2218),
 .UNSPECIFIED.,.F.,.F.,(4,1,4),(-0.0788778484970059,-0.0338047922130025,
0.),.UNSPECIFIED.);
#54=B_SPLINE_CURVE_WITH_KNOTS('',3,(#2219,#2220,#2221,#2222,#2223),
 .UNSPECIFIED.,.F.,.F.,(4,1,4),(0.,0.0338047922130025,0.0788778484970059),
 .UNSPECIFIED.);
#55=B_SPLINE_CURVE_WITH_KNOTS('',3,(#2229,#2230,#2231,#2232,#2233,#2234,
#2235,#2236,#2237,#2238),.UNSPECIFIED.,.F.,.F.,(4,2,2,2,4),(2.15144889742821,
2.28689561078862,2.41362994168168,2.5172942604135,2.59878615319364),
 .UNSPECIFIED.);
#56=B_SPLINE_CURVE_WITH_KNOTS('',3,(#2245,#2246,#2247,#2248,#2249,#2250,
#2251,#2252,#2253,#2254),.UNSPECIFIED.,.F.,.F.,(4,2,2,2,4),(0.866262051064547,
0.947753943844687,1.05141826257651,1.17815259346957,1.31359930682997),
 .UNSPECIFIED.);
#57=ELLIPSE('',#1151,2.82842712474619,2.);
#58=ELLIPSE('',#1152,2.82842712474619,2.);
#59=ELLIPSE('',#1155,2.82842712474619,2.);
#60=ELLIPSE('',#1156,2.82842712474619,2.);
#61=ELLIPSE('',#1162,2.82842712474619,2.);
#62=ELLIPSE('',#1163,2.82842712474619,2.);
#63=ELLIPSE('',#1166,2.82842712474619,2.);
#64=ELLIPSE('',#1167,2.82842712474619,2.);
#65=ELLIPSE('',#1172,2.82842712474619,2.);
#66=ELLIPSE('',#1173,2.82842712474619,2.);
#67=ELLIPSE('',#1183,2.82842712474619,2.);
#68=ELLIPSE('',#1184,2.82842712474619,2.);
#69=ELLIPSE('',#1215,5.17380143175781,4.);
#70=ELLIPSE('',#1216,5.17380143175781,4.);
#71=ELLIPSE('',#1217,3.84294434714571,2.);
#72=ELLIPSE('',#1221,5.1738014317578,4.);
#73=ELLIPSE('',#1222,5.1738014317578,4.);
#74=ELLIPSE('',#1223,3.8429443471457,2.);
#75=ELLIPSE('',#1226,3.84294434714571,2.);
#76=ELLIPSE('',#1229,3.8429443471457,2.);
#77=CYLINDRICAL_SURFACE('',#1148,2.);
#78=CYLINDRICAL_SURFACE('',#1161,2.);
#79=CYLINDRICAL_SURFACE('',#1171,2.);
#80=CYLINDRICAL_SURFACE('',#1182,2.);
#81=CYLINDRICAL_SURFACE('',#1185,2.);
#82=CYLINDRICAL_SURFACE('',#1186,7.99999999999998);
#83=CYLINDRICAL_SURFACE('',#1187,2.);
#84=CYLINDRICAL_SURFACE('',#1190,8.00000000000002);
#85=CYLINDRICAL_SURFACE('',#1196,6.);
#86=CYLINDRICAL_SURFACE('',#1203,6.);
#87=CYLINDRICAL_SURFACE('',#1227,2.);
#88=CYLINDRICAL_SURFACE('',#1230,2.);
#89=CYLINDRICAL_SURFACE('',#1231,2.);
#90=CYLINDRICAL_SURFACE('',#1234,2.);
#91=CYLINDRICAL_SURFACE('',#1237,2.);
#92=CYLINDRICAL_SURFACE('',#1243,13.);
#93=CYLINDRICAL_SURFACE('',#1249,2.);
#94=CYLINDRICAL_SURFACE('',#1252,2.);
#95=CYLINDRICAL_SURFACE('',#1255,2.);
#96=CYLINDRICAL_SURFACE('',#1259,13.);
#97=FACE_OUTER_BOUND('',#163,.T.);
#98=FACE_OUTER_BOUND('',#164,.T.);
#99=FACE_OUTER_BOUND('',#165,.T.);
#100=FACE_OUTER_BOUND('',#166,.T.);
#101=FACE_OUTER_BOUND('',#167,.T.);
#102=FACE_OUTER_BOUND('',#168,.T.);
#103=FACE_OUTER_BOUND('',#169,.T.);
#104=FACE_OUTER_BOUND('',#170,.T.);
#105=FACE_OUTER_BOUND('',#171,.T.);
#106=FACE_OUTER_BOUND('',#172,.T.);
#107=FACE_OUTER_BOUND('',#173,.T.);
#108=FACE_OUTER_BOUND('',#174,.T.);
#109=FACE_OUTER_BOUND('',#175,.T.);
#110=FACE_OUTER_BOUND('',#176,.T.);
#111=FACE_OUTER_BOUND('',#177,.T.);
#112=FACE_OUTER_BOUND('',#178,.T.);
#113=FACE_OUTER_BOUND('',#179,.T.);
#114=FACE_OUTER_BOUND('',#180,.T.);
#115=FACE_OUTER_BOUND('',#181,.T.);
#116=FACE_OUTER_BOUND('',#182,.T.);
#117=FACE_OUTER_BOUND('',#183,.T.);
#118=FACE_OUTER_BOUND('',#184,.T.);
#119=FACE_OUTER_BOUND('',#185,.T.);
#120=FACE_OUTER_BOUND('',#186,.T.);
#121=FACE_OUTER_BOUND('',#187,.T.);
#122=FACE_OUTER_BOUND('',#188,.T.);
#123=FACE_OUTER_BOUND('',#189,.T.);
#124=FACE_OUTER_BOUND('',#190,.T.);
#125=FACE_OUTER_BOUND('',#191,.T.);
#126=FACE_OUTER_BOUND('',#192,.T.);
#127=FACE_OUTER_BOUND('',#193,.T.);
#128=FACE_OUTER_BOUND('',#194,.T.);
#129=FACE_OUTER_BOUND('',#195,.T.);
#130=FACE_OUTER_BOUND('',#196,.T.);
#131=FACE_OUTER_BOUND('',#197,.T.);
#132=FACE_OUTER_BOUND('',#198,.T.);
#133=FACE_OUTER_BOUND('',#199,.T.);
#134=FACE_OUTER_BOUND('',#200,.T.);
#135=FACE_OUTER_BOUND('',#201,.T.);
#136=FACE_OUTER_BOUND('',#202,.T.);
#137=FACE_OUTER_BOUND('',#203,.T.);
#138=FACE_OUTER_BOUND('',#204,.T.);
#139=FACE_OUTER_BOUND('',#205,.T.);
#140=FACE_OUTER_BOUND('',#206,.T.);
#141=FACE_OUTER_BOUND('',#207,.T.);
#142=FACE_OUTER_BOUND('',#208,.T.);
#143=FACE_OUTER_BOUND('',#209,.T.);
#144=FACE_OUTER_BOUND('',#210,.T.);
#145=FACE_OUTER_BOUND('',#211,.T.);
#146=FACE_OUTER_BOUND('',#212,.T.);
#147=FACE_OUTER_BOUND('',#213,.T.);
#148=FACE_OUTER_BOUND('',#214,.T.);
#149=FACE_OUTER_BOUND('',#215,.T.);
#150=FACE_OUTER_BOUND('',#216,.T.);
#151=FACE_OUTER_BOUND('',#217,.T.);
#152=FACE_OUTER_BOUND('',#218,.T.);
#153=FACE_OUTER_BOUND('',#219,.T.);
#154=FACE_OUTER_BOUND('',#220,.T.);
#155=FACE_OUTER_BOUND('',#221,.T.);
#156=FACE_OUTER_BOUND('',#222,.T.);
#157=FACE_OUTER_BOUND('',#223,.T.);
#158=FACE_OUTER_BOUND('',#224,.T.);
#159=FACE_OUTER_BOUND('',#225,.T.);
#160=FACE_OUTER_BOUND('',#226,.T.);
#161=FACE_OUTER_BOUND('',#227,.T.);
#162=FACE_OUTER_BOUND('',#228,.T.);
#163=EDGE_LOOP('',(#695,#696,#697,#698,#699,#700,#701,#702,#703));
#164=EDGE_LOOP('',(#704,#705,#706,#707,#708));
#165=EDGE_LOOP('',(#709,#710,#711,#712,#713,#714,#715,#716,#717,#718));
#166=EDGE_LOOP('',(#719,#720,#721,#722));
#167=EDGE_LOOP('',(#723,#724,#725,#726,#727));
#168=EDGE_LOOP('',(#728,#729,#730,#731,#732,#733,#734,#735,#736,#737));
#169=EDGE_LOOP('',(#738,#739,#740,#741));
#170=EDGE_LOOP('',(#742,#743,#744,#745,#746,#747));
#171=EDGE_LOOP('',(#748,#749,#750,#751,#752,#753,#754,#755,#756));
#172=EDGE_LOOP('',(#757,#758,#759,#760));
#173=EDGE_LOOP('',(#761,#762,#763,#764,#765,#766));
#174=EDGE_LOOP('',(#767,#768,#769,#770,#771,#772));
#175=EDGE_LOOP('',(#773,#774,#775,#776));
#176=EDGE_LOOP('',(#777,#778,#779,#780,#781,#782));
#177=EDGE_LOOP('',(#783,#784,#785,#786));
#178=EDGE_LOOP('',(#787,#788,#789,#790));
#179=EDGE_LOOP('',(#791,#792,#793,#794));
#180=EDGE_LOOP('',(#795,#796,#797,#798,#799,#800));
#181=EDGE_LOOP('',(#801,#802,#803,#804));
#182=EDGE_LOOP('',(#805,#806,#807,#808,#809,#810));
#183=EDGE_LOOP('',(#811,#812,#813,#814));
#184=EDGE_LOOP('',(#815,#816,#817,#818));
#185=EDGE_LOOP('',(#819,#820,#821,#822,#823,#824));
#186=EDGE_LOOP('',(#825,#826,#827,#828));
#187=EDGE_LOOP('',(#829,#830,#831,#832));
#188=EDGE_LOOP('',(#833,#834,#835,#836,#837,#838));
#189=EDGE_LOOP('',(#839,#840,#841,#842));
#190=EDGE_LOOP('',(#843,#844,#845,#846));
#191=EDGE_LOOP('',(#847,#848,#849,#850));
#192=EDGE_LOOP('',(#851,#852,#853,#854));
#193=EDGE_LOOP('',(#855,#856,#857,#858));
#194=EDGE_LOOP('',(#859,#860,#861,#862));
#195=EDGE_LOOP('',(#863,#864,#865,#866));
#196=EDGE_LOOP('',(#867,#868,#869,#870));
#197=EDGE_LOOP('',(#871,#872,#873,#874,#875,#876));
#198=EDGE_LOOP('',(#877,#878,#879,#880));
#199=EDGE_LOOP('',(#881,#882,#883,#884,#885,#886));
#200=EDGE_LOOP('',(#887,#888,#889,#890,#891));
#201=EDGE_LOOP('',(#892,#893,#894,#895,#896,#897));
#202=EDGE_LOOP('',(#898,#899,#900,#901,#902,#903));
#203=EDGE_LOOP('',(#904,#905,#906,#907,#908));
#204=EDGE_LOOP('',(#909,#910,#911,#912,#913));
#205=EDGE_LOOP('',(#914,#915,#916,#917));
#206=EDGE_LOOP('',(#918,#919,#920,#921,#922));
#207=EDGE_LOOP('',(#923,#924,#925,#926));
#208=EDGE_LOOP('',(#927,#928,#929,#930));
#209=EDGE_LOOP('',(#931,#932,#933,#934));
#210=EDGE_LOOP('',(#935,#936,#937,#938));
#211=EDGE_LOOP('',(#939,#940,#941,#942));
#212=EDGE_LOOP('',(#943,#944,#945,#946));
#213=EDGE_LOOP('',(#947,#948,#949,#950,#951,#952,#953,#954));
#214=EDGE_LOOP('',(#955,#956,#957,#958));
#215=EDGE_LOOP('',(#959,#960,#961,#962));
#216=EDGE_LOOP('',(#963,#964,#965,#966));
#217=EDGE_LOOP('',(#967,#968,#969,#970,#971,#972,#973,#974));
#218=EDGE_LOOP('',(#975,#976,#977,#978));
#219=EDGE_LOOP('',(#979,#980,#981,#982));
#220=EDGE_LOOP('',(#983,#984,#985,#986));
#221=EDGE_LOOP('',(#987,#988,#989,#990));
#222=EDGE_LOOP('',(#991,#992,#993,#994));
#223=EDGE_LOOP('',(#995,#996,#997,#998,#999,#1000));
#224=EDGE_LOOP('',(#1001,#1002,#1003,#1004));
#225=EDGE_LOOP('',(#1005,#1006,#1007,#1008));
#226=EDGE_LOOP('',(#1009,#1010,#1011,#1012,#1013,#1014,#1015,#1016));
#227=EDGE_LOOP('',(#1017,#1018,#1019,#1020));
#228=EDGE_LOOP('',(#1021,#1022,#1023,#1024,#1025,#1026));
#229=CIRCLE('',#1139,7.);
#230=CIRCLE('',#1140,2.);
#231=CIRCLE('',#1141,7.99999999999998);
#232=CIRCLE('',#1142,8.00000000000002);
#233=CIRCLE('',#1143,2.);
#234=CIRCLE('',#1144,7.);
#235=CIRCLE('',#1146,2.);
#236=CIRCLE('',#1147,2.);
#237=CIRCLE('',#1149,2.);
#238=CIRCLE('',#1150,2.);
#239=CIRCLE('',#1153,2.);
#240=CIRCLE('',#1154,2.);
#241=CIRCLE('',#1159,2.);
#242=CIRCLE('',#1160,2.);
#243=CIRCLE('',#1164,2.);
#244=CIRCLE('',#1165,2.);
#245=CIRCLE('',#1168,2.);
#246=CIRCLE('',#1169,2.);
#247=CIRCLE('',#1175,7.);
#248=CIRCLE('',#1176,2.);
#249=CIRCLE('',#1177,8.00000000000002);
#250=CIRCLE('',#1178,7.99999999999998);
#251=CIRCLE('',#1179,2.);
#252=CIRCLE('',#1180,7.);
#253=CIRCLE('',#1189,6.);
#254=CIRCLE('',#1197,6.);
#255=CIRCLE('',#1200,6.);
#256=CIRCLE('',#1204,6.);
#257=CIRCLE('',#1218,2.);
#258=CIRCLE('',#1224,2.);
#259=CIRCLE('',#1225,2.);
#260=CIRCLE('',#1228,2.);
#261=CIRCLE('',#1232,2.);
#262=CIRCLE('',#1233,2.);
#263=CIRCLE('',#1235,2.);
#264=CIRCLE('',#1236,2.);
#265=CIRCLE('',#1239,15.5);
#266=CIRCLE('',#1240,15.5);
#267=CIRCLE('',#1242,13.);
#268=CIRCLE('',#1244,13.);
#269=CIRCLE('',#1246,15.5);
#270=CIRCLE('',#1248,15.5);
#271=CIRCLE('',#1250,2.);
#272=CIRCLE('',#1251,2.);
#273=CIRCLE('',#1253,2.);
#274=CIRCLE('',#1254,2.);
#275=CIRCLE('',#1258,13.);
#276=CIRCLE('',#1260,13.);
#277=LINE('',#1596,#351);
#278=LINE('',#1604,#352);
#279=LINE('',#1611,#353);
#280=LINE('',#1615,#354);
#281=LINE('',#1617,#355);
#282=LINE('',#1621,#356);
#283=LINE('',#1628,#357);
#284=LINE('',#1637,#358);
#285=LINE('',#1644,#359);
#286=LINE('',#1646,#360);
#287=LINE('',#1647,#361);
#288=LINE('',#1651,#362);
#289=LINE('',#1653,#363);
#290=LINE('',#1657,#364);
#291=LINE('',#1674,#365);
#292=LINE('',#1677,#366);
#293=LINE('',#1678,#367);
#294=LINE('',#1683,#368);
#295=LINE('',#1685,#369);
#296=LINE('',#1688,#370);
#297=LINE('',#1696,#371);
#298=LINE('',#1703,#372);
#299=LINE('',#1705,#373);
#300=LINE('',#1710,#374);
#301=LINE('',#1713,#375);
#302=LINE('',#1722,#376);
#303=LINE('',#1730,#377);
#304=LINE('',#1732,#378);
#305=LINE('',#1741,#379);
#306=LINE('',#1750,#380);
#307=LINE('',#1753,#381);
#308=LINE('',#1755,#382);
#309=LINE('',#1757,#383);
#310=LINE('',#1759,#384);
#311=LINE('',#1761,#385);
#312=LINE('',#1763,#386);
#313=LINE('',#1766,#387);
#314=LINE('',#1769,#388);
#315=LINE('',#1773,#389);
#316=LINE('',#1775,#390);
#317=LINE('',#1778,#391);
#318=LINE('',#1779,#392);
#319=LINE('',#1785,#393);
#320=LINE('',#1788,#394);
#321=LINE('',#1801,#395);
#322=LINE('',#1810,#396);
#323=LINE('',#1812,#397);
#324=LINE('',#1813,#398);
#325=LINE('',#1816,#399);
#326=LINE('',#1818,#400);
#327=LINE('',#1819,#401);
#328=LINE('',#1824,#402);
#329=LINE('',#1827,#403);
#330=LINE('',#1874,#404);
#331=LINE('',#1882,#405);
#332=LINE('',#1887,#406);
#333=LINE('',#1964,#407);
#334=LINE('',#2003,#408);
#335=LINE('',#2006,#409);
#336=LINE('',#2009,#410);
#337=LINE('',#2052,#411);
#338=LINE('',#2053,#412);
#339=LINE('',#2093,#413);
#340=LINE('',#2094,#414);
#341=LINE('',#2099,#415);
#342=LINE('',#2102,#416);
#343=LINE('',#2119,#417);
#344=LINE('',#2135,#418);
#345=LINE('',#2138,#419);
#346=LINE('',#2141,#420);
#347=LINE('',#2185,#421);
#348=LINE('',#2186,#422);
#349=LINE('',#2225,#423);
#350=LINE('',#2242,#424);
#351=VECTOR('',#1268,10.);
#352=VECTOR('',#1275,10.);
#353=VECTOR('',#1282,10.);
#354=VECTOR('',#1285,10.);
#355=VECTOR('',#1286,10.);
#356=VECTOR('',#1289,10.);
#357=VECTOR('',#1296,10.);
#358=VECTOR('',#1305,10.);
#359=VECTOR('',#1314,10.);
#360=VECTOR('',#1315,10.);
#361=VECTOR('',#1316,10.);
#362=VECTOR('',#1319,10.);
#363=VECTOR('',#1320,10.);
#364=VECTOR('',#1323,10.);
#365=VECTOR('',#1342,10.);
#366=VECTOR('',#1347,10.);
#367=VECTOR('',#1348,10.);
#368=VECTOR('',#1353,10.);
#369=VECTOR('',#1356,10.);
#370=VECTOR('',#1359,10.);
#371=VECTOR('',#1366,10.);
#372=VECTOR('',#1373,10.);
#373=VECTOR('',#1376,10.);
#374=VECTOR('',#1381,10.);
#375=VECTOR('',#1386,2.);
#376=VECTOR('',#1387,10.);
#377=VECTOR('',#1390,10.);
#378=VECTOR('',#1393,2.);
#379=VECTOR('',#1394,10.);
#380=VECTOR('',#1397,10.);
#381=VECTOR('',#1402,10.);
#382=VECTOR('',#1405,10.);
#383=VECTOR('',#1408,10.);
#384=VECTOR('',#1411,10.);
#385=VECTOR('',#1414,10.);
#386=VECTOR('',#1417,10.);
#387=VECTOR('',#1420,10.);
#388=VECTOR('',#1425,10.);
#389=VECTOR('',#1430,10.);
#390=VECTOR('',#1433,10.);
#391=VECTOR('',#1436,10.);
#392=VECTOR('',#1437,10.);
#393=VECTOR('',#1448,10.);
#394=VECTOR('',#1453,10.);
#395=VECTOR('',#1460,10.);
#396=VECTOR('',#1461,10.);
#397=VECTOR('',#1462,10.);
#398=VECTOR('',#1463,10.);
#399=VECTOR('',#1466,10.);
#400=VECTOR('',#1467,10.);
#401=VECTOR('',#1468,10.);
#402=VECTOR('',#1473,10.);
#403=VECTOR('',#1476,10.);
#404=VECTOR('',#1483,10.);
#405=VECTOR('',#1484,10.);
#406=VECTOR('',#1489,10.);
#407=VECTOR('',#1502,10.);
#408=VECTOR('',#1509,10.);
#409=VECTOR('',#1512,10.);
#410=VECTOR('',#1515,10.);
#411=VECTOR('',#1522,10.);
#412=VECTOR('',#1523,10.);
#413=VECTOR('',#1528,10.);
#414=VECTOR('',#1529,10.);
#415=VECTOR('',#1534,10.);
#416=VECTOR('',#1537,10.);
#417=VECTOR('',#1546,10.);
#418=VECTOR('',#1553,10.);
#419=VECTOR('',#1556,10.);
#420=VECTOR('',#1559,10.);
#421=VECTOR('',#1568,10.);
#422=VECTOR('',#1569,10.);
#423=VECTOR('',#1574,10.);
#424=VECTOR('',#1583,10.);
#425=VERTEX_POINT('',#1594);
#426=VERTEX_POINT('',#1595);
#427=VERTEX_POINT('',#1597);
#428=VERTEX_POINT('',#1599);
#429=VERTEX_POINT('',#1601);
#430=VERTEX_POINT('',#1603);
#431=VERTEX_POINT('',#1605);
#432=VERTEX_POINT('',#1607);
#433=VERTEX_POINT('',#1609);
#434=VERTEX_POINT('',#1613);
#435=VERTEX_POINT('',#1614);
#436=VERTEX_POINT('',#1616);
#437=VERTEX_POINT('',#1618);
#438=VERTEX_POINT('',#1620);
#439=VERTEX_POINT('',#1624);
#440=VERTEX_POINT('',#1625);
#441=VERTEX_POINT('',#1627);
#442=VERTEX_POINT('',#1629);
#443=VERTEX_POINT('',#1632);
#444=VERTEX_POINT('',#1634);
#445=VERTEX_POINT('',#1636);
#446=VERTEX_POINT('',#1638);
#447=VERTEX_POINT('',#1643);
#448=VERTEX_POINT('',#1645);
#449=VERTEX_POINT('',#1649);
#450=VERTEX_POINT('',#1650);
#451=VERTEX_POINT('',#1652);
#452=VERTEX_POINT('',#1654);
#453=VERTEX_POINT('',#1656);
#454=VERTEX_POINT('',#1660);
#455=VERTEX_POINT('',#1662);
#456=VERTEX_POINT('',#1665);
#457=VERTEX_POINT('',#1667);
#458=VERTEX_POINT('',#1669);
#459=VERTEX_POINT('',#1671);
#460=VERTEX_POINT('',#1673);
#461=VERTEX_POINT('',#1680);
#462=VERTEX_POINT('',#1682);
#463=VERTEX_POINT('',#1687);
#464=VERTEX_POINT('',#1689);
#465=VERTEX_POINT('',#1691);
#466=VERTEX_POINT('',#1693);
#467=VERTEX_POINT('',#1695);
#468=VERTEX_POINT('',#1697);
#469=VERTEX_POINT('',#1699);
#470=VERTEX_POINT('',#1701);
#471=VERTEX_POINT('',#1707);
#472=VERTEX_POINT('',#1709);
#473=VERTEX_POINT('',#1714);
#474=VERTEX_POINT('',#1721);
#475=VERTEX_POINT('',#1733);
#476=VERTEX_POINT('',#1740);
#477=VERTEX_POINT('',#1749);
#478=VERTEX_POINT('',#1765);
#479=VERTEX_POINT('',#1771);
#480=VERTEX_POINT('',#1777);
#481=VERTEX_POINT('',#1792);
#482=VERTEX_POINT('',#1793);
#483=VERTEX_POINT('',#1800);
#484=VERTEX_POINT('',#1802);
#485=VERTEX_POINT('',#1809);
#486=VERTEX_POINT('',#1811);
#487=VERTEX_POINT('',#1815);
#488=VERTEX_POINT('',#1817);
#489=VERTEX_POINT('',#1821);
#490=VERTEX_POINT('',#1823);
#491=VERTEX_POINT('',#1825);
#492=VERTEX_POINT('',#1853);
#493=VERTEX_POINT('',#1862);
#494=VERTEX_POINT('',#1866);
#495=VERTEX_POINT('',#1873);
#496=VERTEX_POINT('',#1875);
#497=VERTEX_POINT('',#1884);
#498=VERTEX_POINT('',#1886);
#499=VERTEX_POINT('',#1914);
#500=VERTEX_POINT('',#1923);
#501=VERTEX_POINT('',#1951);
#502=VERTEX_POINT('',#1953);
#503=VERTEX_POINT('',#1990);
#504=VERTEX_POINT('',#1992);
#505=VERTEX_POINT('',#2005);
#506=VERTEX_POINT('',#2007);
#507=VERTEX_POINT('',#2035);
#508=VERTEX_POINT('',#2041);
#509=VERTEX_POINT('',#2049);
#510=VERTEX_POINT('',#2050);
#511=VERTEX_POINT('',#2079);
#512=VERTEX_POINT('',#2085);
#513=VERTEX_POINT('',#2096);
#514=VERTEX_POINT('',#2098);
#515=VERTEX_POINT('',#2100);
#516=VERTEX_POINT('',#2104);
#517=VERTEX_POINT('',#2117);
#518=VERTEX_POINT('',#2121);
#519=VERTEX_POINT('',#2134);
#520=VERTEX_POINT('',#2136);
#521=VERTEX_POINT('',#2140);
#522=VERTEX_POINT('',#2168);
#523=VERTEX_POINT('',#2169);
#524=VERTEX_POINT('',#2182);
#525=VERTEX_POINT('',#2183);
#526=VERTEX_POINT('',#2212);
#527=VERTEX_POINT('',#2228);
#528=VERTEX_POINT('',#2241);
#529=EDGE_CURVE('',#425,#426,#277,.T.);
#530=EDGE_CURVE('',#427,#425,#229,.T.);
#531=EDGE_CURVE('',#428,#427,#230,.T.);
#532=EDGE_CURVE('',#429,#428,#231,.T.);
#533=EDGE_CURVE('',#430,#429,#278,.T.);
#534=EDGE_CURVE('',#431,#430,#232,.T.);
#535=EDGE_CURVE('',#432,#431,#233,.T.);
#536=EDGE_CURVE('',#433,#432,#234,.T.);
#537=EDGE_CURVE('',#426,#433,#279,.T.);
#538=EDGE_CURVE('',#434,#435,#280,.T.);
#539=EDGE_CURVE('',#436,#434,#281,.T.);
#540=EDGE_CURVE('',#437,#436,#235,.T.);
#541=EDGE_CURVE('',#438,#437,#282,.T.);
#542=EDGE_CURVE('',#435,#438,#236,.T.);
#543=EDGE_CURVE('',#439,#440,#237,.F.);
#544=EDGE_CURVE('',#440,#441,#283,.T.);
#545=EDGE_CURVE('',#442,#441,#238,.T.);
#546=EDGE_CURVE('',#434,#442,#57,.T.);
#547=EDGE_CURVE('',#434,#443,#58,.F.);
#548=EDGE_CURVE('',#443,#444,#239,.F.);
#549=EDGE_CURVE('',#444,#445,#284,.T.);
#550=EDGE_CURVE('',#446,#445,#240,.T.);
#551=EDGE_CURVE('',#426,#446,#59,.T.);
#552=EDGE_CURVE('',#426,#439,#60,.F.);
#553=EDGE_CURVE('',#440,#447,#285,.T.);
#554=EDGE_CURVE('',#448,#447,#286,.T.);
#555=EDGE_CURVE('',#441,#448,#287,.T.);
#556=EDGE_CURVE('',#449,#450,#288,.T.);
#557=EDGE_CURVE('',#451,#449,#289,.T.);
#558=EDGE_CURVE('',#452,#451,#241,.T.);
#559=EDGE_CURVE('',#452,#453,#290,.T.);
#560=EDGE_CURVE('',#450,#453,#242,.T.);
#561=EDGE_CURVE('',#449,#454,#61,.T.);
#562=EDGE_CURVE('',#449,#455,#62,.F.);
#563=EDGE_CURVE('',#455,#448,#243,.F.);
#564=EDGE_CURVE('',#456,#447,#244,.T.);
#565=EDGE_CURVE('',#457,#456,#63,.T.);
#566=EDGE_CURVE('',#457,#458,#64,.F.);
#567=EDGE_CURVE('',#458,#459,#245,.F.);
#568=EDGE_CURVE('',#459,#460,#291,.T.);
#569=EDGE_CURVE('',#454,#460,#246,.T.);
#570=EDGE_CURVE('',#444,#460,#292,.T.);
#571=EDGE_CURVE('',#445,#459,#293,.T.);
#572=EDGE_CURVE('',#451,#461,#65,.T.);
#573=EDGE_CURVE('',#462,#461,#294,.T.);
#574=EDGE_CURVE('',#462,#435,#66,.T.);
#575=EDGE_CURVE('',#438,#452,#295,.T.);
#576=EDGE_CURVE('',#463,#457,#296,.T.);
#577=EDGE_CURVE('',#464,#463,#247,.T.);
#578=EDGE_CURVE('',#465,#464,#248,.T.);
#579=EDGE_CURVE('',#465,#466,#249,.T.);
#580=EDGE_CURVE('',#466,#467,#297,.T.);
#581=EDGE_CURVE('',#467,#468,#250,.T.);
#582=EDGE_CURVE('',#469,#468,#251,.T.);
#583=EDGE_CURVE('',#470,#469,#252,.T.);
#584=EDGE_CURVE('',#457,#470,#298,.T.);
#585=EDGE_CURVE('',#453,#437,#299,.T.);
#586=EDGE_CURVE('',#436,#471,#67,.T.);
#587=EDGE_CURVE('',#471,#472,#300,.T.);
#588=EDGE_CURVE('',#472,#450,#68,.T.);
#589=EDGE_CURVE('',#468,#428,#301,.T.);
#590=EDGE_CURVE('',#427,#473,#33,.T.);
#591=EDGE_CURVE('',#473,#474,#302,.T.);
#592=EDGE_CURVE('',#474,#469,#34,.T.);
#593=EDGE_CURVE('',#429,#467,#303,.T.);
#594=EDGE_CURVE('',#431,#465,#304,.T.);
#595=EDGE_CURVE('',#464,#475,#35,.T.);
#596=EDGE_CURVE('',#476,#475,#305,.T.);
#597=EDGE_CURVE('',#476,#432,#36,.T.);
#598=EDGE_CURVE('',#477,#463,#306,.T.);
#599=EDGE_CURVE('',#477,#475,#253,.T.);
#600=EDGE_CURVE('',#430,#466,#307,.T.);
#601=EDGE_CURVE('',#472,#455,#308,.T.);
#602=EDGE_CURVE('',#442,#471,#309,.F.);
#603=EDGE_CURVE('',#454,#461,#310,.T.);
#604=EDGE_CURVE('',#462,#443,#311,.T.);
#605=EDGE_CURVE('',#456,#477,#312,.T.);
#606=EDGE_CURVE('',#478,#477,#313,.T.);
#607=EDGE_CURVE('',#476,#478,#254,.T.);
#608=EDGE_CURVE('',#478,#439,#314,.T.);
#609=EDGE_CURVE('',#474,#479,#255,.T.);
#610=EDGE_CURVE('',#479,#470,#315,.T.);
#611=EDGE_CURVE('',#479,#458,#316,.T.);
#612=EDGE_CURVE('',#480,#479,#317,.T.);
#613=EDGE_CURVE('',#446,#480,#318,.F.);
#614=EDGE_CURVE('',#480,#473,#256,.T.);
#615=EDGE_CURVE('',#478,#433,#319,.T.);
#616=EDGE_CURVE('',#480,#425,#320,.T.);
#617=EDGE_CURVE('',#481,#482,#37,.T.);
#618=EDGE_CURVE('',#482,#483,#321,.T.);
#619=EDGE_CURVE('',#483,#484,#38,.T.);
#620=EDGE_CURVE('',#484,#485,#322,.T.);
#621=EDGE_CURVE('',#485,#486,#323,.T.);
#622=EDGE_CURVE('',#486,#481,#324,.T.);
#623=EDGE_CURVE('',#487,#485,#325,.T.);
#624=EDGE_CURVE('',#488,#487,#326,.T.);
#625=EDGE_CURVE('',#488,#486,#327,.T.);
#626=EDGE_CURVE('',#489,#484,#69,.T.);
#627=EDGE_CURVE('',#490,#489,#328,.T.);
#628=EDGE_CURVE('',#491,#490,#70,.T.);
#629=EDGE_CURVE('',#487,#491,#329,.T.);
#630=EDGE_CURVE('',#483,#492,#39,.T.);
#631=EDGE_CURVE('',#492,#493,#71,.T.);
#632=EDGE_CURVE('',#489,#493,#257,.T.);
#633=EDGE_CURVE('',#491,#494,#40,.T.);
#634=EDGE_CURVE('',#494,#495,#330,.T.);
#635=EDGE_CURVE('',#495,#496,#41,.T.);
#636=EDGE_CURVE('',#496,#488,#331,.T.);
#637=EDGE_CURVE('',#497,#496,#72,.T.);
#638=EDGE_CURVE('',#498,#497,#332,.T.);
#639=EDGE_CURVE('',#481,#498,#73,.T.);
#640=EDGE_CURVE('',#495,#499,#42,.T.);
#641=EDGE_CURVE('',#499,#500,#74,.T.);
#642=EDGE_CURVE('',#497,#500,#258,.T.);
#643=EDGE_CURVE('',#490,#501,#259,.T.);
#644=EDGE_CURVE('',#501,#502,#75,.T.);
#645=EDGE_CURVE('',#502,#494,#43,.T.);
#646=EDGE_CURVE('',#493,#501,#333,.T.);
#647=EDGE_CURVE('',#498,#503,#260,.T.);
#648=EDGE_CURVE('',#503,#504,#76,.T.);
#649=EDGE_CURVE('',#504,#482,#44,.T.);
#650=EDGE_CURVE('',#500,#503,#334,.T.);
#651=EDGE_CURVE('',#492,#505,#335,.T.);
#652=EDGE_CURVE('',#505,#506,#261,.T.);
#653=EDGE_CURVE('',#506,#493,#336,.T.);
#654=EDGE_CURVE('',#505,#507,#45,.T.);
#655=EDGE_CURVE('',#507,#508,#262,.T.);
#656=EDGE_CURVE('',#508,#506,#46,.T.);
#657=EDGE_CURVE('',#509,#510,#263,.T.);
#658=EDGE_CURVE('',#510,#508,#337,.T.);
#659=EDGE_CURVE('',#507,#509,#338,.T.);
#660=EDGE_CURVE('',#509,#511,#47,.T.);
#661=EDGE_CURVE('',#511,#512,#264,.T.);
#662=EDGE_CURVE('',#512,#510,#48,.T.);
#663=EDGE_CURVE('',#501,#512,#339,.T.);
#664=EDGE_CURVE('',#511,#502,#340,.T.);
#665=EDGE_CURVE('',#513,#511,#265,.T.);
#666=EDGE_CURVE('',#513,#514,#341,.T.);
#667=EDGE_CURVE('',#515,#514,#266,.T.);
#668=EDGE_CURVE('',#499,#515,#342,.T.);
#669=EDGE_CURVE('',#509,#516,#267,.T.);
#670=EDGE_CURVE('',#516,#513,#49,.T.);
#671=EDGE_CURVE('',#517,#507,#268,.T.);
#672=EDGE_CURVE('',#516,#517,#343,.T.);
#673=EDGE_CURVE('',#505,#518,#269,.T.);
#674=EDGE_CURVE('',#518,#517,#50,.T.);
#675=EDGE_CURVE('',#519,#504,#344,.T.);
#676=EDGE_CURVE('',#520,#519,#270,.T.);
#677=EDGE_CURVE('',#520,#518,#345,.T.);
#678=EDGE_CURVE('',#503,#521,#346,.T.);
#679=EDGE_CURVE('',#521,#519,#271,.T.);
#680=EDGE_CURVE('',#522,#523,#272,.T.);
#681=EDGE_CURVE('',#523,#519,#51,.T.);
#682=EDGE_CURVE('',#521,#522,#52,.T.);
#683=EDGE_CURVE('',#524,#525,#273,.T.);
#684=EDGE_CURVE('',#525,#523,#347,.T.);
#685=EDGE_CURVE('',#522,#524,#348,.T.);
#686=EDGE_CURVE('',#526,#515,#274,.T.);
#687=EDGE_CURVE('',#515,#525,#53,.T.);
#688=EDGE_CURVE('',#524,#526,#54,.T.);
#689=EDGE_CURVE('',#526,#500,#349,.T.);
#690=EDGE_CURVE('',#514,#527,#55,.T.);
#691=EDGE_CURVE('',#527,#525,#275,.T.);
#692=EDGE_CURVE('',#527,#528,#350,.T.);
#693=EDGE_CURVE('',#523,#528,#276,.T.);
#694=EDGE_CURVE('',#528,#520,#56,.T.);
#695=ORIENTED_EDGE('',*,*,#529,.F.);
#696=ORIENTED_EDGE('',*,*,#530,.F.);
#697=ORIENTED_EDGE('',*,*,#531,.F.);
#698=ORIENTED_EDGE('',*,*,#532,.F.);
#699=ORIENTED_EDGE('',*,*,#533,.F.);
#700=ORIENTED_EDGE('',*,*,#534,.F.);
#701=ORIENTED_EDGE('',*,*,#535,.F.);
#702=ORIENTED_EDGE('',*,*,#536,.F.);
#703=ORIENTED_EDGE('',*,*,#537,.F.);
#704=ORIENTED_EDGE('',*,*,#538,.F.);
#705=ORIENTED_EDGE('',*,*,#539,.F.);
#706=ORIENTED_EDGE('',*,*,#540,.F.);
#707=ORIENTED_EDGE('',*,*,#541,.F.);
#708=ORIENTED_EDGE('',*,*,#542,.F.);
#709=ORIENTED_EDGE('',*,*,#543,.T.);
#710=ORIENTED_EDGE('',*,*,#544,.T.);
#711=ORIENTED_EDGE('',*,*,#545,.F.);
#712=ORIENTED_EDGE('',*,*,#546,.F.);
#713=ORIENTED_EDGE('',*,*,#547,.T.);
#714=ORIENTED_EDGE('',*,*,#548,.T.);
#715=ORIENTED_EDGE('',*,*,#549,.T.);
#716=ORIENTED_EDGE('',*,*,#550,.F.);
#717=ORIENTED_EDGE('',*,*,#551,.F.);
#718=ORIENTED_EDGE('',*,*,#552,.T.);
#719=ORIENTED_EDGE('',*,*,#544,.F.);
#720=ORIENTED_EDGE('',*,*,#553,.T.);
#721=ORIENTED_EDGE('',*,*,#554,.F.);
#722=ORIENTED_EDGE('',*,*,#555,.F.);
#723=ORIENTED_EDGE('',*,*,#556,.F.);
#724=ORIENTED_EDGE('',*,*,#557,.F.);
#725=ORIENTED_EDGE('',*,*,#558,.F.);
#726=ORIENTED_EDGE('',*,*,#559,.T.);
#727=ORIENTED_EDGE('',*,*,#560,.F.);
#728=ORIENTED_EDGE('',*,*,#561,.F.);
#729=ORIENTED_EDGE('',*,*,#562,.T.);
#730=ORIENTED_EDGE('',*,*,#563,.T.);
#731=ORIENTED_EDGE('',*,*,#554,.T.);
#732=ORIENTED_EDGE('',*,*,#564,.F.);
#733=ORIENTED_EDGE('',*,*,#565,.F.);
#734=ORIENTED_EDGE('',*,*,#566,.T.);
#735=ORIENTED_EDGE('',*,*,#567,.T.);
#736=ORIENTED_EDGE('',*,*,#568,.T.);
#737=ORIENTED_EDGE('',*,*,#569,.F.);
#738=ORIENTED_EDGE('',*,*,#549,.F.);
#739=ORIENTED_EDGE('',*,*,#570,.T.);
#740=ORIENTED_EDGE('',*,*,#568,.F.);
#741=ORIENTED_EDGE('',*,*,#571,.F.);
#742=ORIENTED_EDGE('',*,*,#572,.T.);
#743=ORIENTED_EDGE('',*,*,#573,.F.);
#744=ORIENTED_EDGE('',*,*,#574,.T.);
#745=ORIENTED_EDGE('',*,*,#542,.T.);
#746=ORIENTED_EDGE('',*,*,#575,.T.);
#747=ORIENTED_EDGE('',*,*,#558,.T.);
#748=ORIENTED_EDGE('',*,*,#576,.F.);
#749=ORIENTED_EDGE('',*,*,#577,.F.);
#750=ORIENTED_EDGE('',*,*,#578,.F.);
#751=ORIENTED_EDGE('',*,*,#579,.T.);
#752=ORIENTED_EDGE('',*,*,#580,.T.);
#753=ORIENTED_EDGE('',*,*,#581,.T.);
#754=ORIENTED_EDGE('',*,*,#582,.F.);
#755=ORIENTED_EDGE('',*,*,#583,.F.);
#756=ORIENTED_EDGE('',*,*,#584,.F.);
#757=ORIENTED_EDGE('',*,*,#575,.F.);
#758=ORIENTED_EDGE('',*,*,#541,.T.);
#759=ORIENTED_EDGE('',*,*,#585,.F.);
#760=ORIENTED_EDGE('',*,*,#559,.F.);
#761=ORIENTED_EDGE('',*,*,#560,.T.);
#762=ORIENTED_EDGE('',*,*,#585,.T.);
#763=ORIENTED_EDGE('',*,*,#540,.T.);
#764=ORIENTED_EDGE('',*,*,#586,.T.);
#765=ORIENTED_EDGE('',*,*,#587,.T.);
#766=ORIENTED_EDGE('',*,*,#588,.T.);
#767=ORIENTED_EDGE('',*,*,#582,.T.);
#768=ORIENTED_EDGE('',*,*,#589,.T.);
#769=ORIENTED_EDGE('',*,*,#531,.T.);
#770=ORIENTED_EDGE('',*,*,#590,.T.);
#771=ORIENTED_EDGE('',*,*,#591,.T.);
#772=ORIENTED_EDGE('',*,*,#592,.T.);
#773=ORIENTED_EDGE('',*,*,#589,.F.);
#774=ORIENTED_EDGE('',*,*,#581,.F.);
#775=ORIENTED_EDGE('',*,*,#593,.F.);
#776=ORIENTED_EDGE('',*,*,#532,.T.);
#777=ORIENTED_EDGE('',*,*,#535,.T.);
#778=ORIENTED_EDGE('',*,*,#594,.T.);
#779=ORIENTED_EDGE('',*,*,#578,.T.);
#780=ORIENTED_EDGE('',*,*,#595,.T.);
#781=ORIENTED_EDGE('',*,*,#596,.F.);
#782=ORIENTED_EDGE('',*,*,#597,.T.);
#783=ORIENTED_EDGE('',*,*,#595,.F.);
#784=ORIENTED_EDGE('',*,*,#577,.T.);
#785=ORIENTED_EDGE('',*,*,#598,.F.);
#786=ORIENTED_EDGE('',*,*,#599,.T.);
#787=ORIENTED_EDGE('',*,*,#594,.F.);
#788=ORIENTED_EDGE('',*,*,#534,.T.);
#789=ORIENTED_EDGE('',*,*,#600,.T.);
#790=ORIENTED_EDGE('',*,*,#579,.F.);
#791=ORIENTED_EDGE('',*,*,#588,.F.);
#792=ORIENTED_EDGE('',*,*,#601,.T.);
#793=ORIENTED_EDGE('',*,*,#562,.F.);
#794=ORIENTED_EDGE('',*,*,#556,.T.);
#795=ORIENTED_EDGE('',*,*,#601,.F.);
#796=ORIENTED_EDGE('',*,*,#587,.F.);
#797=ORIENTED_EDGE('',*,*,#602,.F.);
#798=ORIENTED_EDGE('',*,*,#545,.T.);
#799=ORIENTED_EDGE('',*,*,#555,.T.);
#800=ORIENTED_EDGE('',*,*,#563,.F.);
#801=ORIENTED_EDGE('',*,*,#572,.F.);
#802=ORIENTED_EDGE('',*,*,#557,.T.);
#803=ORIENTED_EDGE('',*,*,#561,.T.);
#804=ORIENTED_EDGE('',*,*,#603,.T.);
#805=ORIENTED_EDGE('',*,*,#603,.F.);
#806=ORIENTED_EDGE('',*,*,#569,.T.);
#807=ORIENTED_EDGE('',*,*,#570,.F.);
#808=ORIENTED_EDGE('',*,*,#548,.F.);
#809=ORIENTED_EDGE('',*,*,#604,.F.);
#810=ORIENTED_EDGE('',*,*,#573,.T.);
#811=ORIENTED_EDGE('',*,*,#605,.T.);
#812=ORIENTED_EDGE('',*,*,#598,.T.);
#813=ORIENTED_EDGE('',*,*,#576,.T.);
#814=ORIENTED_EDGE('',*,*,#565,.T.);
#815=ORIENTED_EDGE('',*,*,#599,.F.);
#816=ORIENTED_EDGE('',*,*,#606,.F.);
#817=ORIENTED_EDGE('',*,*,#607,.F.);
#818=ORIENTED_EDGE('',*,*,#596,.T.);
#819=ORIENTED_EDGE('',*,*,#605,.F.);
#820=ORIENTED_EDGE('',*,*,#564,.T.);
#821=ORIENTED_EDGE('',*,*,#553,.F.);
#822=ORIENTED_EDGE('',*,*,#543,.F.);
#823=ORIENTED_EDGE('',*,*,#608,.F.);
#824=ORIENTED_EDGE('',*,*,#606,.T.);
#825=ORIENTED_EDGE('',*,*,#592,.F.);
#826=ORIENTED_EDGE('',*,*,#609,.T.);
#827=ORIENTED_EDGE('',*,*,#610,.T.);
#828=ORIENTED_EDGE('',*,*,#583,.T.);
#829=ORIENTED_EDGE('',*,*,#584,.T.);
#830=ORIENTED_EDGE('',*,*,#610,.F.);
#831=ORIENTED_EDGE('',*,*,#611,.T.);
#832=ORIENTED_EDGE('',*,*,#566,.F.);
#833=ORIENTED_EDGE('',*,*,#611,.F.);
#834=ORIENTED_EDGE('',*,*,#612,.F.);
#835=ORIENTED_EDGE('',*,*,#613,.F.);
#836=ORIENTED_EDGE('',*,*,#550,.T.);
#837=ORIENTED_EDGE('',*,*,#571,.T.);
#838=ORIENTED_EDGE('',*,*,#567,.F.);
#839=ORIENTED_EDGE('',*,*,#609,.F.);
#840=ORIENTED_EDGE('',*,*,#591,.F.);
#841=ORIENTED_EDGE('',*,*,#614,.F.);
#842=ORIENTED_EDGE('',*,*,#612,.T.);
#843=ORIENTED_EDGE('',*,*,#574,.F.);
#844=ORIENTED_EDGE('',*,*,#604,.T.);
#845=ORIENTED_EDGE('',*,*,#547,.F.);
#846=ORIENTED_EDGE('',*,*,#538,.T.);
#847=ORIENTED_EDGE('',*,*,#586,.F.);
#848=ORIENTED_EDGE('',*,*,#539,.T.);
#849=ORIENTED_EDGE('',*,*,#546,.T.);
#850=ORIENTED_EDGE('',*,*,#602,.T.);
#851=ORIENTED_EDGE('',*,*,#597,.F.);
#852=ORIENTED_EDGE('',*,*,#607,.T.);
#853=ORIENTED_EDGE('',*,*,#615,.T.);
#854=ORIENTED_EDGE('',*,*,#536,.T.);
#855=ORIENTED_EDGE('',*,*,#537,.T.);
#856=ORIENTED_EDGE('',*,*,#615,.F.);
#857=ORIENTED_EDGE('',*,*,#608,.T.);
#858=ORIENTED_EDGE('',*,*,#552,.F.);
#859=ORIENTED_EDGE('',*,*,#613,.T.);
#860=ORIENTED_EDGE('',*,*,#616,.T.);
#861=ORIENTED_EDGE('',*,*,#529,.T.);
#862=ORIENTED_EDGE('',*,*,#551,.T.);
#863=ORIENTED_EDGE('',*,*,#590,.F.);
#864=ORIENTED_EDGE('',*,*,#530,.T.);
#865=ORIENTED_EDGE('',*,*,#616,.F.);
#866=ORIENTED_EDGE('',*,*,#614,.T.);
#867=ORIENTED_EDGE('',*,*,#533,.T.);
#868=ORIENTED_EDGE('',*,*,#593,.T.);
#869=ORIENTED_EDGE('',*,*,#580,.F.);
#870=ORIENTED_EDGE('',*,*,#600,.F.);
#871=ORIENTED_EDGE('',*,*,#617,.T.);
#872=ORIENTED_EDGE('',*,*,#618,.T.);
#873=ORIENTED_EDGE('',*,*,#619,.T.);
#874=ORIENTED_EDGE('',*,*,#620,.T.);
#875=ORIENTED_EDGE('',*,*,#621,.T.);
#876=ORIENTED_EDGE('',*,*,#622,.T.);
#877=ORIENTED_EDGE('',*,*,#621,.F.);
#878=ORIENTED_EDGE('',*,*,#623,.F.);
#879=ORIENTED_EDGE('',*,*,#624,.F.);
#880=ORIENTED_EDGE('',*,*,#625,.T.);
#881=ORIENTED_EDGE('',*,*,#620,.F.);
#882=ORIENTED_EDGE('',*,*,#626,.F.);
#883=ORIENTED_EDGE('',*,*,#627,.F.);
#884=ORIENTED_EDGE('',*,*,#628,.F.);
#885=ORIENTED_EDGE('',*,*,#629,.F.);
#886=ORIENTED_EDGE('',*,*,#623,.T.);
#887=ORIENTED_EDGE('',*,*,#619,.F.);
#888=ORIENTED_EDGE('',*,*,#630,.T.);
#889=ORIENTED_EDGE('',*,*,#631,.T.);
#890=ORIENTED_EDGE('',*,*,#632,.F.);
#891=ORIENTED_EDGE('',*,*,#626,.T.);
#892=ORIENTED_EDGE('',*,*,#633,.T.);
#893=ORIENTED_EDGE('',*,*,#634,.T.);
#894=ORIENTED_EDGE('',*,*,#635,.T.);
#895=ORIENTED_EDGE('',*,*,#636,.T.);
#896=ORIENTED_EDGE('',*,*,#624,.T.);
#897=ORIENTED_EDGE('',*,*,#629,.T.);
#898=ORIENTED_EDGE('',*,*,#622,.F.);
#899=ORIENTED_EDGE('',*,*,#625,.F.);
#900=ORIENTED_EDGE('',*,*,#636,.F.);
#901=ORIENTED_EDGE('',*,*,#637,.F.);
#902=ORIENTED_EDGE('',*,*,#638,.F.);
#903=ORIENTED_EDGE('',*,*,#639,.F.);
#904=ORIENTED_EDGE('',*,*,#635,.F.);
#905=ORIENTED_EDGE('',*,*,#640,.T.);
#906=ORIENTED_EDGE('',*,*,#641,.T.);
#907=ORIENTED_EDGE('',*,*,#642,.F.);
#908=ORIENTED_EDGE('',*,*,#637,.T.);
#909=ORIENTED_EDGE('',*,*,#633,.F.);
#910=ORIENTED_EDGE('',*,*,#628,.T.);
#911=ORIENTED_EDGE('',*,*,#643,.T.);
#912=ORIENTED_EDGE('',*,*,#644,.T.);
#913=ORIENTED_EDGE('',*,*,#645,.T.);
#914=ORIENTED_EDGE('',*,*,#632,.T.);
#915=ORIENTED_EDGE('',*,*,#646,.T.);
#916=ORIENTED_EDGE('',*,*,#643,.F.);
#917=ORIENTED_EDGE('',*,*,#627,.T.);
#918=ORIENTED_EDGE('',*,*,#617,.F.);
#919=ORIENTED_EDGE('',*,*,#639,.T.);
#920=ORIENTED_EDGE('',*,*,#647,.T.);
#921=ORIENTED_EDGE('',*,*,#648,.T.);
#922=ORIENTED_EDGE('',*,*,#649,.T.);
#923=ORIENTED_EDGE('',*,*,#642,.T.);
#924=ORIENTED_EDGE('',*,*,#650,.T.);
#925=ORIENTED_EDGE('',*,*,#647,.F.);
#926=ORIENTED_EDGE('',*,*,#638,.T.);
#927=ORIENTED_EDGE('',*,*,#631,.F.);
#928=ORIENTED_EDGE('',*,*,#651,.T.);
#929=ORIENTED_EDGE('',*,*,#652,.T.);
#930=ORIENTED_EDGE('',*,*,#653,.T.);
#931=ORIENTED_EDGE('',*,*,#652,.F.);
#932=ORIENTED_EDGE('',*,*,#654,.T.);
#933=ORIENTED_EDGE('',*,*,#655,.T.);
#934=ORIENTED_EDGE('',*,*,#656,.T.);
#935=ORIENTED_EDGE('',*,*,#657,.T.);
#936=ORIENTED_EDGE('',*,*,#658,.T.);
#937=ORIENTED_EDGE('',*,*,#655,.F.);
#938=ORIENTED_EDGE('',*,*,#659,.T.);
#939=ORIENTED_EDGE('',*,*,#657,.F.);
#940=ORIENTED_EDGE('',*,*,#660,.T.);
#941=ORIENTED_EDGE('',*,*,#661,.T.);
#942=ORIENTED_EDGE('',*,*,#662,.T.);
#943=ORIENTED_EDGE('',*,*,#644,.F.);
#944=ORIENTED_EDGE('',*,*,#663,.T.);
#945=ORIENTED_EDGE('',*,*,#661,.F.);
#946=ORIENTED_EDGE('',*,*,#664,.T.);
#947=ORIENTED_EDGE('',*,*,#634,.F.);
#948=ORIENTED_EDGE('',*,*,#645,.F.);
#949=ORIENTED_EDGE('',*,*,#664,.F.);
#950=ORIENTED_EDGE('',*,*,#665,.F.);
#951=ORIENTED_EDGE('',*,*,#666,.T.);
#952=ORIENTED_EDGE('',*,*,#667,.F.);
#953=ORIENTED_EDGE('',*,*,#668,.F.);
#954=ORIENTED_EDGE('',*,*,#640,.F.);
#955=ORIENTED_EDGE('',*,*,#660,.F.);
#956=ORIENTED_EDGE('',*,*,#669,.T.);
#957=ORIENTED_EDGE('',*,*,#670,.T.);
#958=ORIENTED_EDGE('',*,*,#665,.T.);
#959=ORIENTED_EDGE('',*,*,#659,.F.);
#960=ORIENTED_EDGE('',*,*,#671,.F.);
#961=ORIENTED_EDGE('',*,*,#672,.F.);
#962=ORIENTED_EDGE('',*,*,#669,.F.);
#963=ORIENTED_EDGE('',*,*,#654,.F.);
#964=ORIENTED_EDGE('',*,*,#673,.T.);
#965=ORIENTED_EDGE('',*,*,#674,.T.);
#966=ORIENTED_EDGE('',*,*,#671,.T.);
#967=ORIENTED_EDGE('',*,*,#618,.F.);
#968=ORIENTED_EDGE('',*,*,#649,.F.);
#969=ORIENTED_EDGE('',*,*,#675,.F.);
#970=ORIENTED_EDGE('',*,*,#676,.F.);
#971=ORIENTED_EDGE('',*,*,#677,.T.);
#972=ORIENTED_EDGE('',*,*,#673,.F.);
#973=ORIENTED_EDGE('',*,*,#651,.F.);
#974=ORIENTED_EDGE('',*,*,#630,.F.);
#975=ORIENTED_EDGE('',*,*,#648,.F.);
#976=ORIENTED_EDGE('',*,*,#678,.T.);
#977=ORIENTED_EDGE('',*,*,#679,.T.);
#978=ORIENTED_EDGE('',*,*,#675,.T.);
#979=ORIENTED_EDGE('',*,*,#680,.T.);
#980=ORIENTED_EDGE('',*,*,#681,.T.);
#981=ORIENTED_EDGE('',*,*,#679,.F.);
#982=ORIENTED_EDGE('',*,*,#682,.T.);
#983=ORIENTED_EDGE('',*,*,#683,.T.);
#984=ORIENTED_EDGE('',*,*,#684,.T.);
#985=ORIENTED_EDGE('',*,*,#680,.F.);
#986=ORIENTED_EDGE('',*,*,#685,.T.);
#987=ORIENTED_EDGE('',*,*,#686,.T.);
#988=ORIENTED_EDGE('',*,*,#687,.T.);
#989=ORIENTED_EDGE('',*,*,#683,.F.);
#990=ORIENTED_EDGE('',*,*,#688,.T.);
#991=ORIENTED_EDGE('',*,*,#641,.F.);
#992=ORIENTED_EDGE('',*,*,#668,.T.);
#993=ORIENTED_EDGE('',*,*,#686,.F.);
#994=ORIENTED_EDGE('',*,*,#689,.T.);
#995=ORIENTED_EDGE('',*,*,#650,.F.);
#996=ORIENTED_EDGE('',*,*,#689,.F.);
#997=ORIENTED_EDGE('',*,*,#688,.F.);
#998=ORIENTED_EDGE('',*,*,#685,.F.);
#999=ORIENTED_EDGE('',*,*,#682,.F.);
#1000=ORIENTED_EDGE('',*,*,#678,.F.);
#1001=ORIENTED_EDGE('',*,*,#687,.F.);
#1002=ORIENTED_EDGE('',*,*,#667,.T.);
#1003=ORIENTED_EDGE('',*,*,#690,.T.);
#1004=ORIENTED_EDGE('',*,*,#691,.T.);
#1005=ORIENTED_EDGE('',*,*,#684,.F.);
#1006=ORIENTED_EDGE('',*,*,#691,.F.);
#1007=ORIENTED_EDGE('',*,*,#692,.T.);
#1008=ORIENTED_EDGE('',*,*,#693,.F.);
#1009=ORIENTED_EDGE('',*,*,#690,.F.);
#1010=ORIENTED_EDGE('',*,*,#666,.F.);
#1011=ORIENTED_EDGE('',*,*,#670,.F.);
#1012=ORIENTED_EDGE('',*,*,#672,.T.);
#1013=ORIENTED_EDGE('',*,*,#674,.F.);
#1014=ORIENTED_EDGE('',*,*,#677,.F.);
#1015=ORIENTED_EDGE('',*,*,#694,.F.);
#1016=ORIENTED_EDGE('',*,*,#692,.F.);
#1017=ORIENTED_EDGE('',*,*,#681,.F.);
#1018=ORIENTED_EDGE('',*,*,#693,.T.);
#1019=ORIENTED_EDGE('',*,*,#694,.T.);
#1020=ORIENTED_EDGE('',*,*,#676,.T.);
#1021=ORIENTED_EDGE('',*,*,#646,.F.);
#1022=ORIENTED_EDGE('',*,*,#653,.F.);
#1023=ORIENTED_EDGE('',*,*,#656,.F.);
#1024=ORIENTED_EDGE('',*,*,#658,.F.);
#1025=ORIENTED_EDGE('',*,*,#662,.F.);
#1026=ORIENTED_EDGE('',*,*,#663,.F.);
#1027=PLANE('',#1138);
#1028=PLANE('',#1145);
#1029=PLANE('',#1157);
#1030=PLANE('',#1158);
#1031=PLANE('',#1170);
#1032=PLANE('',#1174);
#1033=PLANE('',#1181);
#1034=PLANE('',#1191);
#1035=PLANE('',#1192);
#1036=PLANE('',#1193);
#1037=PLANE('',#1194);
#1038=PLANE('',#1195);
#1039=PLANE('',#1198);
#1040=PLANE('',#1201);
#1041=PLANE('',#1202);
#1042=PLANE('',#1205);
#1043=PLANE('',#1206);
#1044=PLANE('',#1208);
#1045=PLANE('',#1209);
#1046=PLANE('',#1211);
#1047=PLANE('',#1212);
#1048=PLANE('',#1213);
#1049=PLANE('',#1214);
#1050=PLANE('',#1219);
#1051=PLANE('',#1220);
#1052=PLANE('',#1238);
#1053=PLANE('',#1247);
#1054=PLANE('',#1256);
#1055=PLANE('',#1261);
#1056=PLANE('',#1263);
#1057=ADVANCED_FACE('',(#97),#1027,.F.);
#1058=ADVANCED_FACE('',(#98),#1028,.F.);
#1059=ADVANCED_FACE('',(#99),#77,.T.);
#1060=ADVANCED_FACE('',(#100),#1029,.T.);
#1061=ADVANCED_FACE('',(#101),#1030,.T.);
#1062=ADVANCED_FACE('',(#102),#78,.T.);
#1063=ADVANCED_FACE('',(#103),#1031,.T.);
#1064=ADVANCED_FACE('',(#104),#79,.T.);
#1065=ADVANCED_FACE('',(#105),#1032,.T.);
#1066=ADVANCED_FACE('',(#106),#1033,.T.);
#1067=ADVANCED_FACE('',(#107),#80,.T.);
#1068=ADVANCED_FACE('',(#108),#81,.T.);
#1069=ADVANCED_FACE('',(#109),#82,.T.);
#1070=ADVANCED_FACE('',(#110),#83,.T.);
#1071=ADVANCED_FACE('',(#111),#29,.F.);
#1072=ADVANCED_FACE('',(#112),#84,.T.);
#1073=ADVANCED_FACE('',(#113),#1034,.T.);
#1074=ADVANCED_FACE('',(#114),#1035,.T.);
#1075=ADVANCED_FACE('',(#115),#1036,.T.);
#1076=ADVANCED_FACE('',(#116),#1037,.T.);
#1077=ADVANCED_FACE('',(#117),#1038,.T.);
#1078=ADVANCED_FACE('',(#118),#85,.F.);
#1079=ADVANCED_FACE('',(#119),#1039,.T.);
#1080=ADVANCED_FACE('',(#120),#30,.F.);
#1081=ADVANCED_FACE('',(#121),#1040,.T.);
#1082=ADVANCED_FACE('',(#122),#1041,.T.);
#1083=ADVANCED_FACE('',(#123),#86,.F.);
#1084=ADVANCED_FACE('',(#124),#1042,.T.);
#1085=ADVANCED_FACE('',(#125),#1043,.T.);
#1086=ADVANCED_FACE('',(#126),#31,.F.);
#1087=ADVANCED_FACE('',(#127),#1044,.T.);
#1088=ADVANCED_FACE('',(#128),#1045,.T.);
#1089=ADVANCED_FACE('',(#129),#32,.F.);
#1090=ADVANCED_FACE('',(#130),#1046,.T.);
#1091=ADVANCED_FACE('',(#131),#1047,.T.);
#1092=ADVANCED_FACE('',(#132),#1048,.T.);
#1093=ADVANCED_FACE('',(#133),#1049,.T.);
#1094=ADVANCED_FACE('',(#134),#17,.T.);
#1095=ADVANCED_FACE('',(#135),#1050,.T.);
#1096=ADVANCED_FACE('',(#136),#1051,.T.);
#1097=ADVANCED_FACE('',(#137),#18,.T.);
#1098=ADVANCED_FACE('',(#138),#19,.T.);
#1099=ADVANCED_FACE('',(#139),#87,.F.);
#1100=ADVANCED_FACE('',(#140),#20,.T.);
#1101=ADVANCED_FACE('',(#141),#88,.F.);
#1102=ADVANCED_FACE('',(#142),#89,.T.);
#1103=ADVANCED_FACE('',(#143),#21,.F.);
#1104=ADVANCED_FACE('',(#144),#90,.T.);
#1105=ADVANCED_FACE('',(#145),#22,.F.);
#1106=ADVANCED_FACE('',(#146),#91,.T.);
#1107=ADVANCED_FACE('',(#147),#1052,.F.);
#1108=ADVANCED_FACE('',(#148),#13,.T.);
#1109=ADVANCED_FACE('',(#149),#92,.F.);
#1110=ADVANCED_FACE('',(#150),#14,.T.);
#1111=ADVANCED_FACE('',(#151),#1053,.T.);
#1112=ADVANCED_FACE('',(#152),#93,.T.);
#1113=ADVANCED_FACE('',(#153),#23,.F.);
#1114=ADVANCED_FACE('',(#154),#94,.T.);
#1115=ADVANCED_FACE('',(#155),#24,.F.);
#1116=ADVANCED_FACE('',(#156),#95,.T.);
#1117=ADVANCED_FACE('',(#157),#1054,.T.);
#1118=ADVANCED_FACE('',(#158),#15,.T.);
#1119=ADVANCED_FACE('',(#159),#96,.F.);
#1120=ADVANCED_FACE('',(#160),#1055,.T.);
#1121=ADVANCED_FACE('',(#161),#16,.T.);
#1122=ADVANCED_FACE('',(#162),#1056,.T.);
#1123=CLOSED_SHELL('',(#1057,#1058,#1059,#1060,#1061,#1062,#1063,#1064,
#1065,#1066,#1067,#1068,#1069,#1070,#1071,#1072,#1073,#1074,#1075,#1076,
#1077,#1078,#1079,#1080,#1081,#1082,#1083,#1084,#1085,#1086,#1087,#1088,
#1089,#1090));
#1124=CLOSED_SHELL('',(#1091,#1092,#1093,#1094,#1095,#1096,#1097,#1098,
#1099,#1100,#1101,#1102,#1103,#1104,#1105,#1106,#1107,#1108,#1109,#1110,
#1111,#1112,#1113,#1114,#1115,#1116,#1117,#1118,#1119,#1120,#1121,#1122));
#1125=DERIVED_UNIT_ELEMENT(#1127,1.);
#1126=DERIVED_UNIT_ELEMENT(#2262,-3.);
#1127=(
MASS_UNIT()
NAMED_UNIT(*)
SI_UNIT(.KILO.,.GRAM.)
);
#1128=DERIVED_UNIT((#1125,#1126));
#1129=MEASURE_REPRESENTATION_ITEM('density measure',
POSITIVE_RATIO_MEASURE(7850.),#1128);
#1130=PROPERTY_DEFINITION_REPRESENTATION(#1135,#1132);
#1131=PROPERTY_DEFINITION_REPRESENTATION(#1136,#1133);
#1132=REPRESENTATION('material name',(#1134),#2259);
#1133=REPRESENTATION('density',(#1129),#2259);
#1134=DESCRIPTIVE_REPRESENTATION_ITEM('Steel','Steel');
#1135=PROPERTY_DEFINITION('material property','material name',#2269);
#1136=PROPERTY_DEFINITION('material property','density of part',#2269);
#1137=AXIS2_PLACEMENT_3D('',#1592,#1264,#1265);
#1138=AXIS2_PLACEMENT_3D('',#1593,#1266,#1267);
#1139=AXIS2_PLACEMENT_3D('',#1598,#1269,#1270);
#1140=AXIS2_PLACEMENT_3D('',#1600,#1271,#1272);
#1141=AXIS2_PLACEMENT_3D('',#1602,#1273,#1274);
#1142=AXIS2_PLACEMENT_3D('',#1606,#1276,#1277);
#1143=AXIS2_PLACEMENT_3D('',#1608,#1278,#1279);
#1144=AXIS2_PLACEMENT_3D('',#1610,#1280,#1281);
#1145=AXIS2_PLACEMENT_3D('',#1612,#1283,#1284);
#1146=AXIS2_PLACEMENT_3D('',#1619,#1287,#1288);
#1147=AXIS2_PLACEMENT_3D('',#1622,#1290,#1291);
#1148=AXIS2_PLACEMENT_3D('',#1623,#1292,#1293);
#1149=AXIS2_PLACEMENT_3D('',#1626,#1294,#1295);
#1150=AXIS2_PLACEMENT_3D('',#1630,#1297,#1298);
#1151=AXIS2_PLACEMENT_3D('',#1631,#1299,#1300);
#1152=AXIS2_PLACEMENT_3D('',#1633,#1301,#1302);
#1153=AXIS2_PLACEMENT_3D('',#1635,#1303,#1304);
#1154=AXIS2_PLACEMENT_3D('',#1639,#1306,#1307);
#1155=AXIS2_PLACEMENT_3D('',#1640,#1308,#1309);
#1156=AXIS2_PLACEMENT_3D('',#1641,#1310,#1311);
#1157=AXIS2_PLACEMENT_3D('',#1642,#1312,#1313);
#1158=AXIS2_PLACEMENT_3D('',#1648,#1317,#1318);
#1159=AXIS2_PLACEMENT_3D('',#1655,#1321,#1322);
#1160=AXIS2_PLACEMENT_3D('',#1658,#1324,#1325);
#1161=AXIS2_PLACEMENT_3D('',#1659,#1326,#1327);
#1162=AXIS2_PLACEMENT_3D('',#1661,#1328,#1329);
#1163=AXIS2_PLACEMENT_3D('',#1663,#1330,#1331);
#1164=AXIS2_PLACEMENT_3D('',#1664,#1332,#1333);
#1165=AXIS2_PLACEMENT_3D('',#1666,#1334,#1335);
#1166=AXIS2_PLACEMENT_3D('',#1668,#1336,#1337);
#1167=AXIS2_PLACEMENT_3D('',#1670,#1338,#1339);
#1168=AXIS2_PLACEMENT_3D('',#1672,#1340,#1341);
#1169=AXIS2_PLACEMENT_3D('',#1675,#1343,#1344);
#1170=AXIS2_PLACEMENT_3D('',#1676,#1345,#1346);
#1171=AXIS2_PLACEMENT_3D('',#1679,#1349,#1350);
#1172=AXIS2_PLACEMENT_3D('',#1681,#1351,#1352);
#1173=AXIS2_PLACEMENT_3D('',#1684,#1354,#1355);
#1174=AXIS2_PLACEMENT_3D('',#1686,#1357,#1358);
#1175=AXIS2_PLACEMENT_3D('',#1690,#1360,#1361);
#1176=AXIS2_PLACEMENT_3D('',#1692,#1362,#1363);
#1177=AXIS2_PLACEMENT_3D('',#1694,#1364,#1365);
#1178=AXIS2_PLACEMENT_3D('',#1698,#1367,#1368);
#1179=AXIS2_PLACEMENT_3D('',#1700,#1369,#1370);
#1180=AXIS2_PLACEMENT_3D('',#1702,#1371,#1372);
#1181=AXIS2_PLACEMENT_3D('',#1704,#1374,#1375);
#1182=AXIS2_PLACEMENT_3D('',#1706,#1377,#1378);
#1183=AXIS2_PLACEMENT_3D('',#1708,#1379,#1380);
#1184=AXIS2_PLACEMENT_3D('',#1711,#1382,#1383);
#1185=AXIS2_PLACEMENT_3D('',#1712,#1384,#1385);
#1186=AXIS2_PLACEMENT_3D('',#1729,#1388,#1389);
#1187=AXIS2_PLACEMENT_3D('',#1731,#1391,#1392);
#1188=AXIS2_PLACEMENT_3D('',#1748,#1395,#1396);
#1189=AXIS2_PLACEMENT_3D('',#1751,#1398,#1399);
#1190=AXIS2_PLACEMENT_3D('',#1752,#1400,#1401);
#1191=AXIS2_PLACEMENT_3D('',#1754,#1403,#1404);
#1192=AXIS2_PLACEMENT_3D('',#1756,#1406,#1407);
#1193=AXIS2_PLACEMENT_3D('',#1758,#1409,#1410);
#1194=AXIS2_PLACEMENT_3D('',#1760,#1412,#1413);
#1195=AXIS2_PLACEMENT_3D('',#1762,#1415,#1416);
#1196=AXIS2_PLACEMENT_3D('',#1764,#1418,#1419);
#1197=AXIS2_PLACEMENT_3D('',#1767,#1421,#1422);
#1198=AXIS2_PLACEMENT_3D('',#1768,#1423,#1424);
#1199=AXIS2_PLACEMENT_3D('',#1770,#1426,#1427);
#1200=AXIS2_PLACEMENT_3D('',#1772,#1428,#1429);
#1201=AXIS2_PLACEMENT_3D('',#1774,#1431,#1432);
#1202=AXIS2_PLACEMENT_3D('',#1776,#1434,#1435);
#1203=AXIS2_PLACEMENT_3D('',#1780,#1438,#1439);
#1204=AXIS2_PLACEMENT_3D('',#1781,#1440,#1441);
#1205=AXIS2_PLACEMENT_3D('',#1782,#1442,#1443);
#1206=AXIS2_PLACEMENT_3D('',#1783,#1444,#1445);
#1207=AXIS2_PLACEMENT_3D('',#1784,#1446,#1447);
#1208=AXIS2_PLACEMENT_3D('',#1786,#1449,#1450);
#1209=AXIS2_PLACEMENT_3D('',#1787,#1451,#1452);
#1210=AXIS2_PLACEMENT_3D('',#1789,#1454,#1455);
#1211=AXIS2_PLACEMENT_3D('',#1790,#1456,#1457);
#1212=AXIS2_PLACEMENT_3D('',#1791,#1458,#1459);
#1213=AXIS2_PLACEMENT_3D('',#1814,#1464,#1465);
#1214=AXIS2_PLACEMENT_3D('',#1820,#1469,#1470);
#1215=AXIS2_PLACEMENT_3D('',#1822,#1471,#1472);
#1216=AXIS2_PLACEMENT_3D('',#1826,#1474,#1475);
#1217=AXIS2_PLACEMENT_3D('',#1863,#1477,#1478);
#1218=AXIS2_PLACEMENT_3D('',#1864,#1479,#1480);
#1219=AXIS2_PLACEMENT_3D('',#1865,#1481,#1482);
#1220=AXIS2_PLACEMENT_3D('',#1883,#1485,#1486);
#1221=AXIS2_PLACEMENT_3D('',#1885,#1487,#1488);
#1222=AXIS2_PLACEMENT_3D('',#1888,#1490,#1491);
#1223=AXIS2_PLACEMENT_3D('',#1924,#1492,#1493);
#1224=AXIS2_PLACEMENT_3D('',#1925,#1494,#1495);
#1225=AXIS2_PLACEMENT_3D('',#1952,#1496,#1497);
#1226=AXIS2_PLACEMENT_3D('',#1954,#1498,#1499);
#1227=AXIS2_PLACEMENT_3D('',#1963,#1500,#1501);
#1228=AXIS2_PLACEMENT_3D('',#1991,#1503,#1504);
#1229=AXIS2_PLACEMENT_3D('',#1993,#1505,#1506);
#1230=AXIS2_PLACEMENT_3D('',#2002,#1507,#1508);
#1231=AXIS2_PLACEMENT_3D('',#2004,#1510,#1511);
#1232=AXIS2_PLACEMENT_3D('',#2008,#1513,#1514);
#1233=AXIS2_PLACEMENT_3D('',#2042,#1516,#1517);
#1234=AXIS2_PLACEMENT_3D('',#2048,#1518,#1519);
#1235=AXIS2_PLACEMENT_3D('',#2051,#1520,#1521);
#1236=AXIS2_PLACEMENT_3D('',#2086,#1524,#1525);
#1237=AXIS2_PLACEMENT_3D('',#2092,#1526,#1527);
#1238=AXIS2_PLACEMENT_3D('',#2095,#1530,#1531);
#1239=AXIS2_PLACEMENT_3D('',#2097,#1532,#1533);
#1240=AXIS2_PLACEMENT_3D('',#2101,#1535,#1536);
#1241=AXIS2_PLACEMENT_3D('',#2103,#1538,#1539);
#1242=AXIS2_PLACEMENT_3D('',#2105,#1540,#1541);
#1243=AXIS2_PLACEMENT_3D('',#2116,#1542,#1543);
#1244=AXIS2_PLACEMENT_3D('',#2118,#1544,#1545);
#1245=AXIS2_PLACEMENT_3D('',#2120,#1547,#1548);
#1246=AXIS2_PLACEMENT_3D('',#2122,#1549,#1550);
#1247=AXIS2_PLACEMENT_3D('',#2133,#1551,#1552);
#1248=AXIS2_PLACEMENT_3D('',#2137,#1554,#1555);
#1249=AXIS2_PLACEMENT_3D('',#2139,#1557,#1558);
#1250=AXIS2_PLACEMENT_3D('',#2142,#1560,#1561);
#1251=AXIS2_PLACEMENT_3D('',#2170,#1562,#1563);
#1252=AXIS2_PLACEMENT_3D('',#2181,#1564,#1565);
#1253=AXIS2_PLACEMENT_3D('',#2184,#1566,#1567);
#1254=AXIS2_PLACEMENT_3D('',#2213,#1570,#1571);
#1255=AXIS2_PLACEMENT_3D('',#2224,#1572,#1573);
#1256=AXIS2_PLACEMENT_3D('',#2226,#1575,#1576);
#1257=AXIS2_PLACEMENT_3D('',#2227,#1577,#1578);
#1258=AXIS2_PLACEMENT_3D('',#2239,#1579,#1580);
#1259=AXIS2_PLACEMENT_3D('',#2240,#1581,#1582);
#1260=AXIS2_PLACEMENT_3D('',#2243,#1584,#1585);
#1261=AXIS2_PLACEMENT_3D('',#2244,#1586,#1587);
#1262=AXIS2_PLACEMENT_3D('',#2255,#1588,#1589);
#1263=AXIS2_PLACEMENT_3D('',#2256,#1590,#1591);
#1264=DIRECTION('axis',(0.,0.,1.));
#1265=DIRECTION('refdir',(1.,0.,0.));
#1266=DIRECTION('center_axis',(1.,0.,0.));
#1267=DIRECTION('ref_axis',(0.,1.,0.));
#1268=DIRECTION('',(0.,-1.,8.22387425648264E-17));
#1269=DIRECTION('center_axis',(-1.,0.,0.));
#1270=DIRECTION('ref_axis',(0.,0.,-1.));
#1271=DIRECTION('center_axis',(1.,0.,0.));
#1272=DIRECTION('ref_axis',(0.,0.328671099044114,0.944444444450352));
#1273=DIRECTION('center_axis',(1.,0.,0.));
#1274=DIRECTION('ref_axis',(0.,5.55111512312579E-16,-1.));
#1275=DIRECTION('',(0.,1.,4.31753398465339E-16));
#1276=DIRECTION('center_axis',(1.,0.,0.));
#1277=DIRECTION('ref_axis',(0.,5.55111512312577E-16,1.));
#1278=DIRECTION('center_axis',(1.,0.,0.));
#1279=DIRECTION('ref_axis',(0.,-0.328671099044113,0.944444444450352));
#1280=DIRECTION('center_axis',(-1.,0.,0.));
#1281=DIRECTION('ref_axis',(0.,0.,1.));
#1282=DIRECTION('',(0.,-1.,8.22387425648264E-17));
#1283=DIRECTION('center_axis',(1.,0.,0.));
#1284=DIRECTION('ref_axis',(0.,1.,0.));
#1285=DIRECTION('',(0.,1.,-8.22387425648264E-17));
#1286=DIRECTION('',(0.,1.,-8.22387425648264E-17));
#1287=DIRECTION('center_axis',(1.,0.,0.));
#1288=DIRECTION('ref_axis',(0.,-0.707106781186548,0.707106781186548));
#1289=DIRECTION('',(0.,-1.,6.57909940518611E-16));
#1290=DIRECTION('center_axis',(1.,0.,0.));
#1291=DIRECTION('ref_axis',(0.,0.707106781186548,0.707106781186547));
#1292=DIRECTION('center_axis',(0.,4.62592923480563E-17,-1.));
#1293=DIRECTION('ref_axis',(-0.707106781186548,-0.707106781186548,0.));
#1294=DIRECTION('center_axis',(0.,-8.22387425648264E-17,-1.));
#1295=DIRECTION('ref_axis',(-0.707106781186548,-0.707106781186548,0.));
#1296=DIRECTION('',(0.,-4.62592923480563E-17,1.));
#1297=DIRECTION('center_axis',(0.,8.22387425648264E-17,1.));
#1298=DIRECTION('ref_axis',(-0.707106781186548,-0.707106781186548,0.));
#1299=DIRECTION('center_axis',(0.707106781186548,5.81515725438435E-17,0.707106781186547));
#1300=DIRECTION('ref_axis',(-0.707106781186547,-1.47196168001604E-16,0.707106781186548));
#1301=DIRECTION('center_axis',(0.707106781186548,5.81515725438435E-17,0.707106781186548));
#1302=DIRECTION('ref_axis',(-0.707106781186547,-4.9065389333868E-17,0.707106781186547));
#1303=DIRECTION('center_axis',(0.,8.22387425648264E-17,1.));
#1304=DIRECTION('ref_axis',(-0.707106781186548,0.707106781186547,0.));
#1305=DIRECTION('',(0.,4.62592926927149E-17,-1.));
#1306=DIRECTION('center_axis',(0.,-8.22387425648264E-17,-1.));
#1307=DIRECTION('ref_axis',(-0.707106781186548,0.707106781186547,0.));
#1308=DIRECTION('center_axis',(0.707106781186548,-5.81515725438435E-17,
-0.707106781186548));
#1309=DIRECTION('ref_axis',(-0.707106781186548,4.9065389333868E-17,-0.707106781186547));
#1310=DIRECTION('center_axis',(0.707106781186547,-5.81515725438436E-17,
-0.707106781186548));
#1311=DIRECTION('ref_axis',(-0.707106781186548,1.96261557335472E-16,-0.707106781186547));
#1312=DIRECTION('center_axis',(0.,-1.,-4.62592923480563E-17));
#1313=DIRECTION('ref_axis',(0.,4.62592923480563E-17,-1.));
#1314=DIRECTION('',(1.,0.,0.));
#1315=DIRECTION('',(0.,4.62592923480563E-17,-1.));
#1316=DIRECTION('',(1.,0.,0.));
#1317=DIRECTION('center_axis',(1.,0.,0.));
#1318=DIRECTION('ref_axis',(0.,1.,0.));
#1319=DIRECTION('',(0.,-1.,8.22387425648264E-17));
#1320=DIRECTION('',(0.,-1.,8.22387425648264E-17));
#1321=DIRECTION('center_axis',(-1.,0.,0.));
#1322=DIRECTION('ref_axis',(0.,0.707106781186548,0.707106781186547));
#1323=DIRECTION('',(0.,-1.,6.57909940518611E-16));
#1324=DIRECTION('center_axis',(-1.,0.,0.));
#1325=DIRECTION('ref_axis',(0.,-0.707106781186548,0.707106781186548));
#1326=DIRECTION('center_axis',(0.,-4.62592926927149E-17,1.));
#1327=DIRECTION('ref_axis',(0.707106781186547,0.707106781186548,0.));
#1328=DIRECTION('center_axis',(-0.707106781186547,5.81515725438436E-17,
0.707106781186548));
#1329=DIRECTION('ref_axis',(0.707106781186548,-9.8130778667736E-17,0.707106781186547));
#1330=DIRECTION('center_axis',(-0.707106781186548,5.81515725438435E-17,
0.707106781186548));
#1331=DIRECTION('ref_axis',(0.707106781186548,-1.47196168001604E-16,0.707106781186548));
#1332=DIRECTION('center_axis',(0.,8.22387425648264E-17,1.));
#1333=DIRECTION('ref_axis',(0.707106781186547,-0.707106781186548,0.));
#1334=DIRECTION('center_axis',(0.,-8.22387425648264E-17,-1.));
#1335=DIRECTION('ref_axis',(0.707106781186547,-0.707106781186548,0.));
#1336=DIRECTION('center_axis',(-0.707106781186546,-5.81515725438436E-17,
-0.707106781186549));
#1337=DIRECTION('ref_axis',(0.707106781186549,1.96261557335472E-16,-0.707106781186546));
#1338=DIRECTION('center_axis',(-0.707106781186547,-5.81515725438436E-17,
-0.707106781186548));
#1339=DIRECTION('ref_axis',(0.707106781186548,9.8130778667736E-17,-0.707106781186547));
#1340=DIRECTION('center_axis',(0.,-8.22387425648264E-17,-1.));
#1341=DIRECTION('ref_axis',(0.707106781186547,0.707106781186548,0.));
#1342=DIRECTION('',(0.,-4.62592926927149E-17,1.));
#1343=DIRECTION('center_axis',(0.,8.22387425648264E-17,1.));
#1344=DIRECTION('ref_axis',(0.707106781186547,0.707106781186548,0.));
#1345=DIRECTION('center_axis',(0.,1.,4.62592926927149E-17));
#1346=DIRECTION('ref_axis',(0.,-4.62592926927149E-17,1.));
#1347=DIRECTION('',(1.,0.,0.));
#1348=DIRECTION('',(1.,0.,0.));
#1349=DIRECTION('center_axis',(1.,0.,0.));
#1350=DIRECTION('ref_axis',(0.,0.707106781186548,0.707106781186547));
#1351=DIRECTION('center_axis',(-0.707106781186547,5.81515725438436E-17,
0.707106781186548));
#1352=DIRECTION('ref_axis',(0.707106781186548,2.4532694666934E-16,0.707106781186547));
#1353=DIRECTION('',(1.,0.,0.));
#1354=DIRECTION('center_axis',(0.707106781186548,5.81515725438435E-17,0.707106781186548));
#1355=DIRECTION('ref_axis',(-0.707106781186548,0.,0.707106781186547));
#1356=DIRECTION('',(1.,0.,0.));
#1357=DIRECTION('center_axis',(1.,0.,0.));
#1358=DIRECTION('ref_axis',(0.,1.,0.));
#1359=DIRECTION('',(0.,1.,-8.22387425648264E-17));
#1360=DIRECTION('center_axis',(1.,0.,0.));
#1361=DIRECTION('ref_axis',(0.,0.,1.));
#1362=DIRECTION('center_axis',(-1.,0.,0.));
#1363=DIRECTION('ref_axis',(0.,-0.328671099044113,0.944444444450352));
#1364=DIRECTION('center_axis',(1.,0.,0.));
#1365=DIRECTION('ref_axis',(0.,5.55111512312577E-16,1.));
#1366=DIRECTION('',(0.,1.,4.31753398465339E-16));
#1367=DIRECTION('center_axis',(1.,0.,0.));
#1368=DIRECTION('ref_axis',(0.,5.55111512312579E-16,-1.));
#1369=DIRECTION('center_axis',(-1.,0.,0.));
#1370=DIRECTION('ref_axis',(0.,0.328671099044114,0.944444444450352));
#1371=DIRECTION('center_axis',(1.,0.,0.));
#1372=DIRECTION('ref_axis',(0.,0.,-1.));
#1373=DIRECTION('',(0.,1.,-8.22387425648264E-17));
#1374=DIRECTION('center_axis',(0.,6.57909940518611E-16,1.));
#1375=DIRECTION('ref_axis',(0.,-1.,6.57909940518611E-16));
#1376=DIRECTION('',(-1.,0.,0.));
#1377=DIRECTION('center_axis',(1.,0.,0.));
#1378=DIRECTION('ref_axis',(0.,-0.707106781186548,0.707106781186548));
#1379=DIRECTION('center_axis',(0.707106781186548,5.81515725438435E-17,0.707106781186547));
#1380=DIRECTION('ref_axis',(-0.707106781186547,0.,0.707106781186548));
#1381=DIRECTION('',(1.,0.,0.));
#1382=DIRECTION('center_axis',(-0.707106781186548,5.81515725438435E-17,
0.707106781186548));
#1383=DIRECTION('ref_axis',(0.707106781186547,1.47196168001604E-16,0.707106781186547));
#1384=DIRECTION('center_axis',(1.,0.,0.));
#1385=DIRECTION('ref_axis',(0.,0.328671099044114,0.944444444450352));
#1386=DIRECTION('',(-1.,0.,0.));
#1387=DIRECTION('',(1.,0.,0.));
#1388=DIRECTION('center_axis',(1.,0.,0.));
#1389=DIRECTION('ref_axis',(0.,5.55111512312579E-16,-1.));
#1390=DIRECTION('',(1.,0.,0.));
#1391=DIRECTION('center_axis',(-1.,0.,0.));
#1392=DIRECTION('ref_axis',(0.,-0.328671099044113,0.944444444450352));
#1393=DIRECTION('',(1.,0.,0.));
#1394=DIRECTION('',(1.,0.,0.));
#1395=DIRECTION('center_axis',(1.,0.,0.));
#1396=DIRECTION('ref_axis',(0.,0.,1.));
#1397=DIRECTION('',(0.707106781186548,0.,-0.707106781186547));
#1398=DIRECTION('center_axis',(-1.,0.,0.));
#1399=DIRECTION('ref_axis',(0.,0.,1.));
#1400=DIRECTION('center_axis',(1.,0.,0.));
#1401=DIRECTION('ref_axis',(0.,5.55111512312577E-16,1.));
#1402=DIRECTION('',(1.,0.,0.));
#1403=DIRECTION('center_axis',(0.707106781186548,-5.81515725438435E-17,
-0.707106781186548));
#1404=DIRECTION('ref_axis',(-0.707106781186548,0.,-0.707106781186548));
#1405=DIRECTION('',(0.,1.,-8.22387425648264E-17));
#1406=DIRECTION('center_axis',(0.,-8.22387425648264E-17,-1.));
#1407=DIRECTION('ref_axis',(0.,1.,-8.22387425648264E-17));
#1408=DIRECTION('',(0.,1.,-8.22387425648264E-17));
#1409=DIRECTION('center_axis',(0.707106781186547,-5.81515725438436E-17,
-0.707106781186548));
#1410=DIRECTION('ref_axis',(-0.707106781186548,0.,-0.707106781186547));
#1411=DIRECTION('',(0.,1.,-8.22387425648264E-17));
#1412=DIRECTION('center_axis',(0.,-8.22387425648264E-17,-1.));
#1413=DIRECTION('ref_axis',(0.,1.,-8.22387425648264E-17));
#1414=DIRECTION('',(0.,-1.,8.22387425648264E-17));
#1415=DIRECTION('center_axis',(0.707106781186546,5.81515725438436E-17,0.707106781186549));
#1416=DIRECTION('ref_axis',(0.707106781186549,0.,-0.707106781186546));
#1417=DIRECTION('',(0.,-1.,8.22387425648264E-17));
#1418=DIRECTION('center_axis',(1.,0.,0.));
#1419=DIRECTION('ref_axis',(0.,0.,1.));
#1420=DIRECTION('',(1.,0.,0.));
#1421=DIRECTION('center_axis',(1.,0.,0.));
#1422=DIRECTION('ref_axis',(0.,0.,1.));
#1423=DIRECTION('center_axis',(0.,8.22387425648264E-17,1.));
#1424=DIRECTION('ref_axis',(0.,-1.,8.22387425648264E-17));
#1425=DIRECTION('',(0.,1.,-8.22387425648264E-17));
#1426=DIRECTION('center_axis',(1.,0.,0.));
#1427=DIRECTION('ref_axis',(0.,0.,-1.));
#1428=DIRECTION('center_axis',(-1.,0.,0.));
#1429=DIRECTION('ref_axis',(0.,0.,-1.));
#1430=DIRECTION('',(0.707106781186547,0.,-0.707106781186547));
#1431=DIRECTION('center_axis',(0.707106781186547,5.81515725438436E-17,0.707106781186548));
#1432=DIRECTION('ref_axis',(0.707106781186548,0.,-0.707106781186547));
#1433=DIRECTION('',(0.,-1.,8.22387425648264E-17));
#1434=DIRECTION('center_axis',(0.,8.22387425648264E-17,1.));
#1435=DIRECTION('ref_axis',(0.,-1.,8.22387425648264E-17));
#1436=DIRECTION('',(1.,0.,0.));
#1437=DIRECTION('',(0.,-1.,8.22387425648264E-17));
#1438=DIRECTION('center_axis',(1.,0.,0.));
#1439=DIRECTION('ref_axis',(0.,0.,-1.));
#1440=DIRECTION('center_axis',(1.,0.,0.));
#1441=DIRECTION('ref_axis',(0.,0.,-1.));
#1442=DIRECTION('center_axis',(-0.707106781186548,-5.81515725438435E-17,
-0.707106781186548));
#1443=DIRECTION('ref_axis',(-0.707106781186548,0.,0.707106781186548));
#1444=DIRECTION('center_axis',(-0.707106781186548,-5.81515725438435E-17,
-0.707106781186547));
#1445=DIRECTION('ref_axis',(-0.707106781186547,0.,0.707106781186548));
#1446=DIRECTION('center_axis',(-1.,0.,0.));
#1447=DIRECTION('ref_axis',(0.,0.,1.));
#1448=DIRECTION('',(-0.707106781186549,0.,-0.707106781186546));
#1449=DIRECTION('center_axis',(-0.707106781186547,5.81515725438436E-17,
0.707106781186548));
#1450=DIRECTION('ref_axis',(0.707106781186548,0.,0.707106781186547));
#1451=DIRECTION('center_axis',(-0.707106781186548,5.81515725438435E-17,
0.707106781186548));
#1452=DIRECTION('ref_axis',(0.707106781186548,0.,0.707106781186548));
#1453=DIRECTION('',(-0.707106781186547,0.,-0.707106781186547));
#1454=DIRECTION('center_axis',(-1.,0.,0.));
#1455=DIRECTION('ref_axis',(0.,0.,-1.));
#1456=DIRECTION('center_axis',(0.,4.31753398465339E-16,-1.));
#1457=DIRECTION('ref_axis',(0.,1.,4.31753398465339E-16));
#1458=DIRECTION('center_axis',(0.707106781186548,-4.65212580350748E-16,
-0.707106781186547));
#1459=DIRECTION('ref_axis',(-0.707106781186547,0.,-0.707106781186548));
#1460=DIRECTION('',(0.,-1.,6.57909940518611E-16));
#1461=DIRECTION('',(-0.707106781186547,1.02834203167605E-15,-0.707106781186548));
#1462=DIRECTION('',(0.,1.,-6.57909940518611E-16));
#1463=DIRECTION('',(0.707106781186547,-7.71256523757035E-16,0.707106781186548));
#1464=DIRECTION('center_axis',(0.,-6.57909940518611E-16,-1.));
#1465=DIRECTION('ref_axis',(0.,1.,-6.57909940518611E-16));
#1466=DIRECTION('',(1.,0.,0.));
#1467=DIRECTION('',(0.,-1.,6.57909940518611E-16));
#1468=DIRECTION('',(1.,0.,0.));
#1469=DIRECTION('center_axis',(0.,-1.,-1.45429524795457E-15));
#1470=DIRECTION('ref_axis',(0.,1.45429524795457E-15,-1.));
#1471=DIRECTION('center_axis',(0.,-1.,-1.45429524795457E-15));
#1472=DIRECTION('ref_axis',(-3.21878324652273E-16,1.45429524795457E-15,
-1.));
#1473=DIRECTION('',(1.,0.,0.));
#1474=DIRECTION('center_axis',(0.,-1.,-1.45429524795457E-15));
#1475=DIRECTION('ref_axis',(2.14585549768182E-16,1.45429524795457E-15,-1.));
#1476=DIRECTION('',(-0.707106781186547,-1.02834203167605E-15,0.707106781186548));
#1477=DIRECTION('center_axis',(-1.5752789871548E-16,0.943950591241841,0.330086778429822));
#1478=DIRECTION('ref_axis',(0.,0.330086778429822,-0.943950591241841));
#1479=DIRECTION('center_axis',(1.,0.,0.));
#1480=DIRECTION('ref_axis',(0.,1.,1.11022302462516E-15));
#1481=DIRECTION('center_axis',(-0.707106781186548,-4.65212580350748E-16,
-0.707106781186547));
#1482=DIRECTION('ref_axis',(-0.707106781186547,0.,0.707106781186548));
#1483=DIRECTION('',(0.,1.,-6.57909940518611E-16));
#1484=DIRECTION('',(0.707106781186547,7.71256523757035E-16,-0.707106781186548));
#1485=DIRECTION('center_axis',(0.,1.,1.09072143596593E-15));
#1486=DIRECTION('ref_axis',(0.,-1.09072143596593E-15,1.));
#1487=DIRECTION('center_axis',(0.,1.,1.09072143596593E-15));
#1488=DIRECTION('ref_axis',(5.36463874420456E-17,1.09072143596593E-15,-1.));
#1489=DIRECTION('',(-1.,0.,0.));
#1490=DIRECTION('center_axis',(0.,1.,1.09072143596593E-15));
#1491=DIRECTION('ref_axis',(0.,1.09072143596593E-15,-1.));
#1492=DIRECTION('center_axis',(0.,-0.943950591241842,0.330086778429819));
#1493=DIRECTION('ref_axis',(0.,-0.330086778429819,-0.943950591241842));
#1494=DIRECTION('center_axis',(-1.,0.,0.));
#1495=DIRECTION('ref_axis',(0.,-1.,-1.11022302462516E-15));
#1496=DIRECTION('center_axis',(1.,0.,0.));
#1497=DIRECTION('ref_axis',(0.,1.,2.22044604925031E-15));
#1498=DIRECTION('center_axis',(0.,0.943950591241841,0.330086778429822));
#1499=DIRECTION('ref_axis',(1.44449531964958E-16,0.330086778429822,-0.943950591241841));
#1500=DIRECTION('center_axis',(1.,0.,0.));
#1501=DIRECTION('ref_axis',(0.,0.903950374638234,0.427637369965953));
#1502=DIRECTION('',(-1.,0.,0.));
#1503=DIRECTION('center_axis',(-1.,0.,0.));
#1504=DIRECTION('ref_axis',(0.,-1.,-1.11022302462516E-15));
#1505=DIRECTION('center_axis',(0.,-0.943950591241842,0.330086778429819));
#1506=DIRECTION('ref_axis',(0.,-0.330086778429819,-0.943950591241842));
#1507=DIRECTION('center_axis',(1.,0.,0.));
#1508=DIRECTION('ref_axis',(0.,-0.903950374638234,0.427637369965952));
#1509=DIRECTION('',(1.,0.,0.));
#1510=DIRECTION('center_axis',(0.,0.773125921580062,-0.634252559617208));
#1511=DIRECTION('ref_axis',(0.707106781186547,-0.448484285890253,-0.546682581860361));
#1512=DIRECTION('',(0.,-0.773125921580062,0.634252559617208));
#1513=DIRECTION('center_axis',(0.,0.773125921580062,-0.634252559617208));
#1514=DIRECTION('ref_axis',(1.,0.,0.));
#1515=DIRECTION('',(0.,0.773125921580062,-0.634252559617208));
#1516=DIRECTION('center_axis',(1.,5.88685106063427E-16,9.53076295501748E-16));
#1517=DIRECTION('ref_axis',(0.,-0.850789881318505,0.525506020751469));
#1518=DIRECTION('center_axis',(1.,0.,0.));
#1519=DIRECTION('ref_axis',(0.,-0.9863817685136,-0.164471902597324));
#1520=DIRECTION('center_axis',(1.,0.,0.));
#1521=DIRECTION('ref_axis',(0.,-0.850789881318506,0.525506020751468));
#1522=DIRECTION('',(1.,0.,0.));
#1523=DIRECTION('',(-1.,0.,0.));
#1524=DIRECTION('center_axis',(0.,-0.773125921580062,0.634252559617208));
#1525=DIRECTION('ref_axis',(-1.,0.,0.));
#1526=DIRECTION('center_axis',(0.,0.773125921580062,-0.634252559617208));
#1527=DIRECTION('ref_axis',(-0.707106781186547,-0.448484285890253,-0.546682581860361));
#1528=DIRECTION('',(0.,-0.773125921580062,0.634252559617208));
#1529=DIRECTION('',(0.,0.773125921580062,-0.634252559617208));
#1530=DIRECTION('center_axis',(1.,0.,0.));
#1531=DIRECTION('ref_axis',(0.,1.,0.));
#1532=DIRECTION('center_axis',(-1.,0.,0.));
#1533=DIRECTION('ref_axis',(0.,0.995462625837268,0.0951533528635288));
#1534=DIRECTION('',(0.,1.,0.));
#1535=DIRECTION('center_axis',(-1.,0.,0.));
#1536=DIRECTION('ref_axis',(0.,-0.995462625837268,0.0951533528635291));
#1537=DIRECTION('',(0.,0.773125921580062,0.634252559617208));
#1538=DIRECTION('center_axis',(1.,0.,0.));
#1539=DIRECTION('ref_axis',(0.,0.,-1.));
#1540=DIRECTION('center_axis',(1.,0.,0.));
#1541=DIRECTION('ref_axis',(0.,0.995462625837268,0.0951533528635288));
#1542=DIRECTION('center_axis',(1.,0.,0.));
#1543=DIRECTION('ref_axis',(0.,1.,0.));
#1544=DIRECTION('center_axis',(-1.,0.,0.));
#1545=DIRECTION('ref_axis',(0.,0.995462625837268,0.0951533528635288));
#1546=DIRECTION('',(1.,0.,0.));
#1547=DIRECTION('center_axis',(-1.,0.,0.));
#1548=DIRECTION('ref_axis',(0.,0.,1.));
#1549=DIRECTION('center_axis',(1.,0.,0.));
#1550=DIRECTION('ref_axis',(0.,0.995462625837268,0.0951533528635288));
#1551=DIRECTION('center_axis',(1.,0.,0.));
#1552=DIRECTION('ref_axis',(0.,1.,0.));
#1553=DIRECTION('',(0.,-0.773125921580062,-0.634252559617208));
#1554=DIRECTION('center_axis',(1.,0.,0.));
#1555=DIRECTION('ref_axis',(0.,-0.995462625837268,0.0951533528635291));
#1556=DIRECTION('',(0.,-1.,0.));
#1557=DIRECTION('center_axis',(0.,0.773125921580062,0.634252559617208));
#1558=DIRECTION('ref_axis',(0.707106781186547,0.448484285890253,-0.546682581860361));
#1559=DIRECTION('',(0.,0.773125921580062,0.634252559617208));
#1560=DIRECTION('center_axis',(7.04161795114464E-16,-0.773125921580062,
-0.634252559617208));
#1561=DIRECTION('ref_axis',(0.,0.634252559617208,-0.773125921580062));
#1562=DIRECTION('center_axis',(1.,0.,0.));
#1563=DIRECTION('ref_axis',(0.,0.634252559617208,-0.773125921580062));
#1564=DIRECTION('center_axis',(1.,0.,0.));
#1565=DIRECTION('ref_axis',(0.,0.9863817685136,-0.164471902597324));
#1566=DIRECTION('center_axis',(1.,0.,0.));
#1567=DIRECTION('ref_axis',(0.,0.634252559617208,-0.773125921580062));
#1568=DIRECTION('',(1.,0.,0.));
#1569=DIRECTION('',(-1.,0.,0.));
#1570=DIRECTION('center_axis',(-1.44169370256736E-15,0.773125921580063,
0.634252559617207));
#1571=DIRECTION('ref_axis',(0.,0.634252559617207,-0.773125921580063));
#1572=DIRECTION('center_axis',(0.,-0.773125921580062,-0.634252559617208));
#1573=DIRECTION('ref_axis',(-0.707106781186547,0.448484285890253,-0.546682581860361));
#1574=DIRECTION('',(0.,-0.773125921580062,-0.634252559617208));
#1575=DIRECTION('center_axis',(0.,0.634252559617208,-0.773125921580062));
#1576=DIRECTION('ref_axis',(0.,0.773125921580062,0.634252559617208));
#1577=DIRECTION('center_axis',(1.,0.,0.));
#1578=DIRECTION('ref_axis',(0.,0.,-1.));
#1579=DIRECTION('center_axis',(1.,0.,0.));
#1580=DIRECTION('ref_axis',(0.,-0.995462625837268,0.0951533528635291));
#1581=DIRECTION('center_axis',(1.,0.,0.));
#1582=DIRECTION('ref_axis',(0.,-0.986880316529825,0.161453525343957));
#1583=DIRECTION('',(1.,0.,0.));
#1584=DIRECTION('center_axis',(-1.,0.,0.));
#1585=DIRECTION('ref_axis',(0.,-0.995462625837268,0.0951533528635291));
#1586=DIRECTION('center_axis',(0.,0.,1.));
#1587=DIRECTION('ref_axis',(0.,-1.,0.));
#1588=DIRECTION('center_axis',(-1.,0.,0.));
#1589=DIRECTION('ref_axis',(0.,0.,1.));
#1590=DIRECTION('center_axis',(0.,-0.634252559617208,-0.773125921580062));
#1591=DIRECTION('ref_axis',(0.,0.773125921580062,-0.634252559617208));
#1592=CARTESIAN_POINT('',(0.,0.,0.));
#1593=CARTESIAN_POINT('Origin',(3.,-9.00000000000002,8.88178419700125E-15));
#1594=CARTESIAN_POINT('',(3.,18.,-7.));
#1595=CARTESIAN_POINT('',(3.,4.62592923480563E-16,-7.));
#1596=CARTESIAN_POINT('',(3.,-2.25000000000002,-7.));
#1597=CARTESIAN_POINT('',(3.,18.4674830535281,6.98437252691063));
#1598=CARTESIAN_POINT('Origin',(3.,18.,-1.38777878078145E-16));
#1599=CARTESIAN_POINT('',(3.,20.6293687923529,7.5555555556028));
#1600=CARTESIAN_POINT('Origin',(3.,19.9720265942647,5.6666666667021));
#1601=CARTESIAN_POINT('',(3.,18.,-7.99999999999998));
#1602=CARTESIAN_POINT('Origin',(3.,18.,-1.38777878078145E-16));
#1603=CARTESIAN_POINT('',(3.,-36.,-8.00000000000002));
#1604=CARTESIAN_POINT('',(3.,-36.,-8.00000000000001));
#1605=CARTESIAN_POINT('',(3.,-38.6293687923529,7.55555555560285));
#1606=CARTESIAN_POINT('Origin',(3.,-36.,4.07081775695891E-15));
#1607=CARTESIAN_POINT('',(3.,-36.4674830535281,6.98437252691064));
#1608=CARTESIAN_POINT('Origin',(3.,-37.9720265942647,5.66666666670214));
#1609=CARTESIAN_POINT('',(3.,-36.,-6.99999999999999));
#1610=CARTESIAN_POINT('Origin',(3.,-36.,4.07081775695891E-15));
#1611=CARTESIAN_POINT('',(3.,-7.25000000000002,-7.));
#1612=CARTESIAN_POINT('Origin',(3.,-9.00000000000002,8.88178419700125E-15));
#1613=CARTESIAN_POINT('',(3.,-1.85037169392225E-16,7.));
#1614=CARTESIAN_POINT('',(3.,8.73205094167933,7.));
#1615=CARTESIAN_POINT('',(3.,-6.25000000000002,7.));
#1616=CARTESIAN_POINT('',(3.,-26.7320508075689,7.));
#1617=CARTESIAN_POINT('',(3.,-13.5,7.00000000000001));
#1618=CARTESIAN_POINT('',(3.,-25.,8.00000000000002));
#1619=CARTESIAN_POINT('Origin',(3.,-25.,6.00000000000002));
#1620=CARTESIAN_POINT('',(3.,7.00000013411045,8.));
#1621=CARTESIAN_POINT('',(3.,18.,7.99999999999999));
#1622=CARTESIAN_POINT('Origin',(3.,7.00000013411045,6.));
#1623=CARTESIAN_POINT('Origin',(5.,0.,3.00000000000001));
#1624=CARTESIAN_POINT('',(4.,-1.73205080756888,-6.));
#1625=CARTESIAN_POINT('',(5.,-2.,-6.00000008940697));
#1626=CARTESIAN_POINT('Origin',(5.,4.16333631132507E-16,-6.));
#1627=CARTESIAN_POINT('',(5.,-2.,6.));
#1628=CARTESIAN_POINT('',(5.,-2.,3.00000000000001));
#1629=CARTESIAN_POINT('',(3.99999999999999,-1.73205080756888,6.00000000000001));
#1630=CARTESIAN_POINT('Origin',(5.,-1.38777877044169E-16,6.00000000000001));
#1631=CARTESIAN_POINT('Origin',(5.,-9.25185846961123E-17,5.));
#1632=CARTESIAN_POINT('',(4.,1.73205080756888,6.));
#1633=CARTESIAN_POINT('Origin',(5.,-3.70074341541719E-16,5.));
#1634=CARTESIAN_POINT('',(5.,2.,6.));
#1635=CARTESIAN_POINT('Origin',(5.,-4.16333634234434E-16,6.));
#1636=CARTESIAN_POINT('',(5.,2.,-6.));
#1637=CARTESIAN_POINT('',(5.,2.,-3.));
#1638=CARTESIAN_POINT('',(4.,1.73205080756888,-6.));
#1639=CARTESIAN_POINT('Origin',(5.,1.38777878078145E-16,-6.));
#1640=CARTESIAN_POINT('Origin',(5.,9.25185853854298E-17,-5.));
#1641=CARTESIAN_POINT('Origin',(5.,3.70074338784451E-16,-5.));
#1642=CARTESIAN_POINT('Origin',(3.,-2.,6.));
#1643=CARTESIAN_POINT('',(11.,-2.,-6.00000008940697));
#1644=CARTESIAN_POINT('',(3.,-2.,-6.00000008940697));
#1645=CARTESIAN_POINT('',(11.,-2.,6.));
#1646=CARTESIAN_POINT('',(11.,-2.,3.00000000000001));
#1647=CARTESIAN_POINT('',(3.,-2.,6.));
#1648=CARTESIAN_POINT('Origin',(13.,-9.00000000000002,8.88178419700125E-15));
#1649=CARTESIAN_POINT('',(13.,-4.62592926927148E-16,7.));
#1650=CARTESIAN_POINT('',(13.,-26.7320508075689,7.));
#1651=CARTESIAN_POINT('',(13.,-13.5,7.));
#1652=CARTESIAN_POINT('',(13.,8.73205094167933,7.));
#1653=CARTESIAN_POINT('',(13.,-6.25000000000002,7.));
#1654=CARTESIAN_POINT('',(13.,7.00000013411045,8.));
#1655=CARTESIAN_POINT('Origin',(13.,7.00000013411045,6.));
#1656=CARTESIAN_POINT('',(13.,-25.,8.00000000000002));
#1657=CARTESIAN_POINT('',(13.,18.,7.99999999999999));
#1658=CARTESIAN_POINT('Origin',(13.,-25.,6.00000000000002));
#1659=CARTESIAN_POINT('Origin',(11.,0.,-3.));
#1660=CARTESIAN_POINT('',(12.,1.73205080756888,6.));
#1661=CARTESIAN_POINT('Origin',(11.,-3.70074341541719E-16,5.));
#1662=CARTESIAN_POINT('',(12.,-1.73205080756888,6.00000000000001));
#1663=CARTESIAN_POINT('Origin',(11.,-9.25185846961124E-17,5.));
#1664=CARTESIAN_POINT('Origin',(11.,-1.38777877044169E-16,6.00000000000001));
#1665=CARTESIAN_POINT('',(12.,-1.73205080756888,-6.));
#1666=CARTESIAN_POINT('Origin',(11.,4.16333631132507E-16,-6.));
#1667=CARTESIAN_POINT('',(13.,1.8503717077086E-16,-7.));
#1668=CARTESIAN_POINT('Origin',(11.,3.70074338784451E-16,-5.));
#1669=CARTESIAN_POINT('',(12.,1.73205080756888,-6.));
#1670=CARTESIAN_POINT('Origin',(11.,9.251858538543E-17,-5.));
#1671=CARTESIAN_POINT('',(11.,2.,-6.));
#1672=CARTESIAN_POINT('Origin',(11.,1.38777878078145E-16,-6.));
#1673=CARTESIAN_POINT('',(11.,2.,6.));
#1674=CARTESIAN_POINT('',(11.,2.,-3.));
#1675=CARTESIAN_POINT('Origin',(11.,-4.16333634234434E-16,6.));
#1676=CARTESIAN_POINT('Origin',(3.,2.,-6.));
#1677=CARTESIAN_POINT('',(3.,2.,6.));
#1678=CARTESIAN_POINT('',(3.,2.,-6.));
#1679=CARTESIAN_POINT('Origin',(3.,7.00000013411045,6.));
#1680=CARTESIAN_POINT('',(12.,9.00000013411045,6.00000008940697));
#1681=CARTESIAN_POINT('Origin',(12.,7.00000013411045,6.));
#1682=CARTESIAN_POINT('',(4.,9.00000013411045,6.00000008940697));
#1683=CARTESIAN_POINT('',(3.,9.00000013411045,6.00000008940697));
#1684=CARTESIAN_POINT('Origin',(4.,7.00000013411045,6.));
#1685=CARTESIAN_POINT('',(3.,7.00000013411045,8.));
#1686=CARTESIAN_POINT('Origin',(13.,-9.00000000000002,8.88178419700125E-15));
#1687=CARTESIAN_POINT('',(13.,-36.,-6.99999999999999));
#1688=CARTESIAN_POINT('',(13.,-7.25000000000002,-7.));
#1689=CARTESIAN_POINT('',(13.,-36.4674830535281,6.98437252691064));
#1690=CARTESIAN_POINT('Origin',(13.,-36.,4.07081775695891E-15));
#1691=CARTESIAN_POINT('',(13.,-38.6293687923529,7.55555555560285));
#1692=CARTESIAN_POINT('Origin',(13.,-37.9720265942647,5.66666666670214));
#1693=CARTESIAN_POINT('',(13.,-36.,-8.00000000000002));
#1694=CARTESIAN_POINT('Origin',(13.,-36.,4.07081775695891E-15));
#1695=CARTESIAN_POINT('',(13.,18.,-7.99999999999998));
#1696=CARTESIAN_POINT('',(13.,-36.,-8.00000000000001));
#1697=CARTESIAN_POINT('',(13.,20.6293687923529,7.5555555556028));
#1698=CARTESIAN_POINT('Origin',(13.,18.,-1.38777878078145E-16));
#1699=CARTESIAN_POINT('',(13.,18.4674830535281,6.98437252691063));
#1700=CARTESIAN_POINT('Origin',(13.,19.9720265942647,5.6666666667021));
#1701=CARTESIAN_POINT('',(13.,18.,-7.));
#1702=CARTESIAN_POINT('Origin',(13.,18.,-1.38777878078145E-16));
#1703=CARTESIAN_POINT('',(13.,-2.25000000000002,-7.));
#1704=CARTESIAN_POINT('Origin',(3.,9.00000013411045,8.));
#1705=CARTESIAN_POINT('',(3.,-25.,8.00000000000002));
#1706=CARTESIAN_POINT('Origin',(3.,-25.,6.00000000000002));
#1707=CARTESIAN_POINT('',(4.,-27.,6.00000000000001));
#1708=CARTESIAN_POINT('Origin',(3.99999999999998,-25.,6.00000000000002));
#1709=CARTESIAN_POINT('',(12.,-27.,6.00000000000001));
#1710=CARTESIAN_POINT('',(3.,-27.,6.00000000000001));
#1711=CARTESIAN_POINT('Origin',(12.,-25.,6.00000000000002));
#1712=CARTESIAN_POINT('Origin',(3.,19.9720265942647,5.6666666667021));
#1713=CARTESIAN_POINT('',(3.,20.6293687923529,7.5555555556028));
#1714=CARTESIAN_POINT('',(4.,18.,6.));
#1715=CARTESIAN_POINT('Ctrl Pts',(3.,18.4674830535281,6.98437252691064));
#1716=CARTESIAN_POINT('Ctrl Pts',(3.14252312716879,18.3493070615662,6.84944034610637));
#1717=CARTESIAN_POINT('Ctrl Pts',(3.29523840255662,18.2511618747693,6.70044173534705));
#1718=CARTESIAN_POINT('Ctrl Pts',(3.63157484767343,18.0888945151636,6.36832496982313));
#1719=CARTESIAN_POINT('Ctrl Pts',(3.81688093435019,18.0309527713809,6.18311906565036));
#1720=CARTESIAN_POINT('Ctrl Pts',(3.99999999999101,17.9999999998937,6.00000000000899));
#1721=CARTESIAN_POINT('',(12.,18.,6.));
#1722=CARTESIAN_POINT('',(3.,18.,6.));
#1723=CARTESIAN_POINT('Ctrl Pts',(12.000000000009,17.9999999998937,6.00000000000899));
#1724=CARTESIAN_POINT('Ctrl Pts',(12.1831190656498,18.0309527713809,6.18311906565036));
#1725=CARTESIAN_POINT('Ctrl Pts',(12.3684251523266,18.0888945151636,6.36832496982314));
#1726=CARTESIAN_POINT('Ctrl Pts',(12.7047615974434,18.2511618747693,6.70044173534705));
#1727=CARTESIAN_POINT('Ctrl Pts',(12.8574768728312,18.3493070615662,6.84944034610637));
#1728=CARTESIAN_POINT('Ctrl Pts',(13.,18.4674830535281,6.98437252691064));
#1729=CARTESIAN_POINT('Origin',(3.,18.,-1.38777878078145E-16));
#1730=CARTESIAN_POINT('',(3.,18.,-7.99999999999998));
#1731=CARTESIAN_POINT('Origin',(3.,-37.9720265942647,5.66666666670214));
#1732=CARTESIAN_POINT('',(3.,-38.6293687923529,7.55555555560285));
#1733=CARTESIAN_POINT('',(12.,-36.,6.00000000000001));
#1734=CARTESIAN_POINT('Ctrl Pts',(13.,-36.4674830535281,6.98437252691064));
#1735=CARTESIAN_POINT('Ctrl Pts',(12.8574768728312,-36.3493070615662,6.84944034610638));
#1736=CARTESIAN_POINT('Ctrl Pts',(12.7047615974434,-36.2511618747692,6.70044173534708));
#1737=CARTESIAN_POINT('Ctrl Pts',(12.3684251523266,-36.0888945151636,6.36832496982317));
#1738=CARTESIAN_POINT('Ctrl Pts',(12.1831190656498,-36.0309527713809,6.18311906565038));
#1739=CARTESIAN_POINT('Ctrl Pts',(12.000000000009,-35.9999999998937,6.00000000000899));
#1740=CARTESIAN_POINT('',(4.,-36.,6.00000000000001));
#1741=CARTESIAN_POINT('',(3.,-36.,6.00000000000001));
#1742=CARTESIAN_POINT('Ctrl Pts',(3.99999999999101,-35.9999999998937,6.00000000000899));
#1743=CARTESIAN_POINT('Ctrl Pts',(3.81688093435017,-36.0309527713809,6.18311906565038));
#1744=CARTESIAN_POINT('Ctrl Pts',(3.6315748476734,-36.0888945151636,6.36832496982317));
#1745=CARTESIAN_POINT('Ctrl Pts',(3.2952384025566,-36.2511618747693,6.70044173534708));
#1746=CARTESIAN_POINT('Ctrl Pts',(3.14252312716878,-36.3493070615662,6.84944034610638));
#1747=CARTESIAN_POINT('Ctrl Pts',(3.,-36.4674830535281,6.98437252691064));
#1748=CARTESIAN_POINT('Origin',(12.5,-36.,4.07081775695891E-15));
#1749=CARTESIAN_POINT('',(12.,-36.,-6.));
#1750=CARTESIAN_POINT('',(12.,-36.,-6.));
#1751=CARTESIAN_POINT('Origin',(12.,-36.,4.07081775695891E-15));
#1752=CARTESIAN_POINT('Origin',(3.,-36.,4.07081775695891E-15));
#1753=CARTESIAN_POINT('',(3.,-36.,-8.00000000000002));
#1754=CARTESIAN_POINT('Origin',(12.5,-18.,6.5));
#1755=CARTESIAN_POINT('',(12.,-18.,6.));
#1756=CARTESIAN_POINT('Origin',(3.,-27.,6.));
#1757=CARTESIAN_POINT('',(4.,-22.5,6.));
#1758=CARTESIAN_POINT('Origin',(12.5,-3.50000000000001,6.5));
#1759=CARTESIAN_POINT('',(12.,-3.50000000000001,6.));
#1760=CARTESIAN_POINT('Origin',(3.,2.,6.));
#1761=CARTESIAN_POINT('',(4.,-3.50000000000001,6.));
#1762=CARTESIAN_POINT('Origin',(12.5,-5.50000000000001,-6.5));
#1763=CARTESIAN_POINT('',(12.,-5.50000000000001,-6.));
#1764=CARTESIAN_POINT('Origin',(3.,-36.,4.07081775695891E-15));
#1765=CARTESIAN_POINT('',(4.,-36.,-6.));
#1766=CARTESIAN_POINT('',(3.,-36.,-6.));
#1767=CARTESIAN_POINT('Origin',(4.,-36.,4.07081775695891E-15));
#1768=CARTESIAN_POINT('Origin',(3.,-2.,-6.));
#1769=CARTESIAN_POINT('',(4.,-5.50000000000001,-6.));
#1770=CARTESIAN_POINT('Origin',(12.5,18.,-1.38777878078145E-16));
#1771=CARTESIAN_POINT('',(12.,18.,-6.));
#1772=CARTESIAN_POINT('Origin',(12.,18.,-1.38777878078145E-16));
#1773=CARTESIAN_POINT('',(12.,18.,-6.));
#1774=CARTESIAN_POINT('Origin',(12.5,4.49999999999999,-6.5));
#1775=CARTESIAN_POINT('',(12.,4.49999999999999,-6.));
#1776=CARTESIAN_POINT('Origin',(3.,18.,-6.));
#1777=CARTESIAN_POINT('',(4.,18.,-6.));
#1778=CARTESIAN_POINT('',(3.,18.,-6.));
#1779=CARTESIAN_POINT('',(4.,11.25,-6.));
#1780=CARTESIAN_POINT('Origin',(3.,18.,-1.38777878078145E-16));
#1781=CARTESIAN_POINT('Origin',(4.,18.,-1.38777878078145E-16));
#1782=CARTESIAN_POINT('Origin',(3.5,-3.50000000000001,6.5));
#1783=CARTESIAN_POINT('Origin',(3.5,-18.,6.5));
#1784=CARTESIAN_POINT('Origin',(3.5,-36.,4.07081775695891E-15));
#1785=CARTESIAN_POINT('',(4.,-36.,-6.));
#1786=CARTESIAN_POINT('Origin',(3.5,-5.50000000000001,-6.5));
#1787=CARTESIAN_POINT('Origin',(3.5,4.49999999999999,-6.5));
#1788=CARTESIAN_POINT('',(4.,18.,-6.));
#1789=CARTESIAN_POINT('Origin',(3.5,18.,-1.38777878078145E-16));
#1790=CARTESIAN_POINT('Origin',(3.,-36.,-8.00000000000001));
#1791=CARTESIAN_POINT('Origin',(14.5,-2.5,9.50000000000001));
#1792=CARTESIAN_POINT('',(15.4690404237768,4.99999999999999,10.4690404237768));
#1793=CARTESIAN_POINT('',(16.,5.00623862445911,11.));
#1794=CARTESIAN_POINT('Ctrl Pts',(15.4690404237768,5.,10.4690404237768));
#1795=CARTESIAN_POINT('Ctrl Pts',(15.5994800931931,5.,10.5994800931931));
#1796=CARTESIAN_POINT('Ctrl Pts',(15.7080328116283,5.00197462033684,10.7080328116283));
#1797=CARTESIAN_POINT('Ctrl Pts',(15.916103741444,5.0051109643413,10.916103741444));
#1798=CARTESIAN_POINT('Ctrl Pts',(15.9589953493587,5.00572330607063,10.9589953493587));
#1799=CARTESIAN_POINT('Ctrl Pts',(16.,5.00623862445911,11.));
#1800=CARTESIAN_POINT('',(16.,-5.00623862445912,11.));
#1801=CARTESIAN_POINT('',(16.,-2.5,11.));
#1802=CARTESIAN_POINT('',(15.4690404237768,-5.,10.4690404237768));
#1803=CARTESIAN_POINT('Ctrl Pts',(16.,-5.00623862445912,11.));
#1804=CARTESIAN_POINT('Ctrl Pts',(15.9633717474131,-5.00577830564648,10.9633717474131));
#1805=CARTESIAN_POINT('Ctrl Pts',(15.9254241716722,-5.00524351505998,10.9254241716796));
#1806=CARTESIAN_POINT('Ctrl Pts',(15.722047456791,-5.0022112222272,10.7220474567984));
#1807=CARTESIAN_POINT('Ctrl Pts',(15.6044191994347,-5.00000000000001,10.6044191994347));
#1808=CARTESIAN_POINT('Ctrl Pts',(15.4690404237768,-5.00000000000001,10.4690404237768));
#1809=CARTESIAN_POINT('',(13.,-5.,8.00000000000001));
#1810=CARTESIAN_POINT('',(11.2634096488912,-5.,6.26340964889122));
#1811=CARTESIAN_POINT('',(13.,5.,8.));
#1812=CARTESIAN_POINT('',(13.,-2.5,8.00000000000001));
#1813=CARTESIAN_POINT('',(10.5,5.,5.50000000000001));
#1814=CARTESIAN_POINT('Origin',(0.,-5.,8.00000000000001));
#1815=CARTESIAN_POINT('',(3.,-5.,8.00000000000001));
#1816=CARTESIAN_POINT('',(0.,-5.,8.00000000000001));
#1817=CARTESIAN_POINT('',(3.,5.,8.));
#1818=CARTESIAN_POINT('',(3.,-2.5,8.00000000000001));
#1819=CARTESIAN_POINT('',(0.,5.,8.));
#1820=CARTESIAN_POINT('Origin',(0.,-5.00000000000001,11.0536385955649));
#1821=CARTESIAN_POINT('',(14.,-5.,10.1074862802077));
#1822=CARTESIAN_POINT('Origin',(14.,-5.00000000000001,15.2812877119656));
#1823=CARTESIAN_POINT('',(2.,-5.,10.1074862802077));
#1824=CARTESIAN_POINT('',(0.,-5.,10.1074862802077));
#1825=CARTESIAN_POINT('',(0.530959576223245,-5.,10.4690404237768));
#1826=CARTESIAN_POINT('Origin',(2.,-5.00000000000001,15.2812877119656));
#1827=CARTESIAN_POINT('',(0.736590351108788,-5.,10.2634096488912));
#1828=CARTESIAN_POINT('Ctrl Pts',(14.,-5.73149488076559,11.6537381233679));
#1829=CARTESIAN_POINT('Ctrl Pts',(14.4487989505128,-5.73149488076559,11.6537381233679));
#1830=CARTESIAN_POINT('Ctrl Pts',(15.4980812481835,-5.96311925944326,12.3161153631921));
#1831=CARTESIAN_POINT('Ctrl Pts',(16.,-6.62046415584497,14.1959274131016));
#1832=CARTESIAN_POINT('Ctrl Pts',(16.,-7.00000000000001,15.2812877119656));
#1833=CARTESIAN_POINT('Ctrl Pts',(14.,-5.47120769074653,11.4402052280178));
#1834=CARTESIAN_POINT('Ctrl Pts',(14.5106510236911,-5.47120769074653,11.4402052280178));
#1835=CARTESIAN_POINT('Ctrl Pts',(15.7071102380774,-5.62335566427586,12.1760923123948));
#1836=CARTESIAN_POINT('Ctrl Pts',(16.1170886041897,-6.09473464097302,14.1974318758155));
#1837=CARTESIAN_POINT('Ctrl Pts',(16.,-6.40160139931624,15.2812877119656));
#1838=CARTESIAN_POINT('Ctrl Pts',(14.,-5.11262352053842,10.9493466479439));
#1839=CARTESIAN_POINT('Ctrl Pts',(14.6532893317265,-5.11262352053842,10.9493466479439));
#1840=CARTESIAN_POINT('Ctrl Pts',(16.1843198285052,-5.14955740031899,11.785372433042));
#1841=CARTESIAN_POINT('Ctrl Pts',(16.6822977531297,-5.27281970823365,14.0793832442491));
#1842=CARTESIAN_POINT('Ctrl Pts',(16.5016832023152,-5.36523792258273,15.2812877119656));
#1843=CARTESIAN_POINT('Ctrl Pts',(14.,-5.,10.3599876995306));
#1844=CARTESIAN_POINT('Ctrl Pts',(14.8243323200579,-5.,10.3599876995306));
#1845=CARTESIAN_POINT('Ctrl Pts',(16.752608226995,-5.00001596018402,11.2720865311872));
#1846=CARTESIAN_POINT('Ctrl Pts',(17.6048407093316,-5.00096144763254,13.8368472593183));
#1847=CARTESIAN_POINT('Ctrl Pts',(17.5512010494872,-5.00000000000001,15.2812877119656));
#1848=CARTESIAN_POINT('Ctrl Pts',(14.,-5.,10.1074862802077));
#1849=CARTESIAN_POINT('Ctrl Pts',(14.8975979010256,-5.,10.1074862802077));
#1850=CARTESIAN_POINT('Ctrl Pts',(16.996162496367,-5.00000000000001,11.0522034310189));
#1851=CARTESIAN_POINT('Ctrl Pts',(18.,-5.00000000000001,13.7332899434758));
#1852=CARTESIAN_POINT('Ctrl Pts',(18.,-5.00000000000001,15.2812877119656));
#1853=CARTESIAN_POINT('',(16.,-7.00000000000001,15.2812877119656));
#1854=CARTESIAN_POINT('Ctrl Pts',(16.,-5.00623862445912,11.));
#1855=CARTESIAN_POINT('Ctrl Pts',(16.,-5.02107468266997,11.2396323740573));
#1856=CARTESIAN_POINT('Ctrl Pts',(16.,-5.06168391710307,11.4774480464494));
#1857=CARTESIAN_POINT('Ctrl Pts',(16.,-5.40749570201413,12.838949254612));
#1858=CARTESIAN_POINT('Ctrl Pts',(16.,-6.16409151242098,14.0009342202313));
#1859=CARTESIAN_POINT('Ctrl Pts',(16.,-6.99295044881266,15.2704900921431));
#1860=CARTESIAN_POINT('Ctrl Pts',(16.,-6.99647525266208,15.2758889453331));
#1861=CARTESIAN_POINT('Ctrl Pts',(16.,-7.00000000000001,15.2812877119655));
#1862=CARTESIAN_POINT('',(14.,-5.73149488076559,11.6537381233679));
#1863=CARTESIAN_POINT('Origin',(14.,-7.00000000000001,15.2812877119656));
#1864=CARTESIAN_POINT('Origin',(14.,-7.,10.1074862802077));
#1865=CARTESIAN_POINT('Origin',(1.5,-2.5,9.50000000000001));
#1866=CARTESIAN_POINT('',(-6.61439473293708E-17,-5.00623862445912,11.));
#1867=CARTESIAN_POINT('Ctrl Pts',(0.530959576223248,-5.00000000000001,10.4690404237768));
#1868=CARTESIAN_POINT('Ctrl Pts',(0.400519906806821,-5.00000000000001,10.5994800931932));
#1869=CARTESIAN_POINT('Ctrl Pts',(0.291967188372166,-5.00197462033684,10.7080328116278));
#1870=CARTESIAN_POINT('Ctrl Pts',(0.0838962585559845,-5.00511096434131,
10.916103741444));
#1871=CARTESIAN_POINT('Ctrl Pts',(0.0410046506412905,-5.00572330607065,
10.9589953493587));
#1872=CARTESIAN_POINT('Ctrl Pts',(6.93889390390723E-16,-5.00623862445912,
11.));
#1873=CARTESIAN_POINT('',(-1.51618314061728E-17,5.00623862445911,11.));
#1874=CARTESIAN_POINT('',(0.,-2.5,11.));
#1875=CARTESIAN_POINT('',(0.530959576223245,4.99999999999999,10.4690404237768));
#1876=CARTESIAN_POINT('Ctrl Pts',(1.52655665885959E-15,5.00623862445911,
11.));
#1877=CARTESIAN_POINT('Ctrl Pts',(0.0366282525868801,5.00577830564647,10.9633717474131));
#1878=CARTESIAN_POINT('Ctrl Pts',(0.0745758283277531,5.00524351505997,10.9254241716796));
#1879=CARTESIAN_POINT('Ctrl Pts',(0.277952543209107,5.00221122222719,10.7220474567982));
#1880=CARTESIAN_POINT('Ctrl Pts',(0.395580800565268,5.,10.6044191994347));
#1881=CARTESIAN_POINT('Ctrl Pts',(0.530959576223245,5.,10.4690404237768));
#1882=CARTESIAN_POINT('',(1.5,5.,9.5));
#1883=CARTESIAN_POINT('Origin',(0.,5.,8.));
#1884=CARTESIAN_POINT('',(2.,4.99999999999999,10.1074862802077));
#1885=CARTESIAN_POINT('Origin',(2.,4.99999999999999,15.2812877119655));
#1886=CARTESIAN_POINT('',(14.,4.99999999999999,10.1074862802077));
#1887=CARTESIAN_POINT('',(0.,4.99999999999999,10.1074862802077));
#1888=CARTESIAN_POINT('Origin',(14.,4.99999999999999,15.2812877119655));
#1889=CARTESIAN_POINT('Ctrl Pts',(2.,5.73149488076558,11.6537381233679));
#1890=CARTESIAN_POINT('Ctrl Pts',(1.55120104948717,5.73149488076558,11.6537381233679));
#1891=CARTESIAN_POINT('Ctrl Pts',(0.501664324501714,5.96292563679033,12.3155616596522));
#1892=CARTESIAN_POINT('Ctrl Pts',(8.30444880478246E-17,6.62046415584495,
14.1959274131016));
#1893=CARTESIAN_POINT('Ctrl Pts',(0.,6.99999999999999,15.2812877119655));
#1894=CARTESIAN_POINT('Ctrl Pts',(2.,5.47120769074652,11.4402052280178));
#1895=CARTESIAN_POINT('Ctrl Pts',(1.48934897630888,5.47120769074652,11.4402052280178));
#1896=CARTESIAN_POINT('Ctrl Pts',(0.292942293662938,5.62314092696532,12.1752523263534));
#1897=CARTESIAN_POINT('Ctrl Pts',(-0.117088604189734,6.094734640973,14.1974318758155));
#1898=CARTESIAN_POINT('Ctrl Pts',(-7.30843318598431E-31,6.40160139931622,
15.2812877119655));
#1899=CARTESIAN_POINT('Ctrl Pts',(2.,5.11258691035538,10.9493662164642));
#1900=CARTESIAN_POINT('Ctrl Pts',(1.34671066827347,5.11258691035538,10.9493662164642));
#1901=CARTESIAN_POINT('Ctrl Pts',(-0.18515518177909,5.14955820750577,11.78463495367));
#1902=CARTESIAN_POINT('Ctrl Pts',(-0.682000548592511,5.27257213705697,14.079383244249));
#1903=CARTESIAN_POINT('Ctrl Pts',(-0.501385997778019,5.36499035140605,15.2812877119655));
#1904=CARTESIAN_POINT('Ctrl Pts',(2.,5.,10.3599876995306));
#1905=CARTESIAN_POINT('Ctrl Pts',(1.17566767994207,5.,10.3599876995306));
#1906=CARTESIAN_POINT('Ctrl Pts',(-0.7532520404384,4.9998744032472,11.2713129087475));
#1907=CARTESIAN_POINT('Ctrl Pts',(-1.60484070933156,5.00096144763252,13.8368472593183));
#1908=CARTESIAN_POINT('Ctrl Pts',(-1.55120104948717,4.99999999999999,15.2812877119655));
#1909=CARTESIAN_POINT('Ctrl Pts',(2.,5.,10.1074862802077));
#1910=CARTESIAN_POINT('Ctrl Pts',(1.10240209897434,5.,10.1074862802077));
#1911=CARTESIAN_POINT('Ctrl Pts',(-0.99667135099657,4.99999999999999,11.0514137099971));
#1912=CARTESIAN_POINT('Ctrl Pts',(-2.,4.99999999999999,13.7332899434758));
#1913=CARTESIAN_POINT('Ctrl Pts',(-2.,4.99999999999999,15.2812877119655));
#1914=CARTESIAN_POINT('',(0.,6.99999999999999,15.2812877119655));
#1915=CARTESIAN_POINT('Ctrl Pts',(-2.28960215494954E-17,5.00623862445911,
11.));
#1916=CARTESIAN_POINT('Ctrl Pts',(-2.19168629912735E-17,5.02107468266996,
11.2396323740573));
#1917=CARTESIAN_POINT('Ctrl Pts',(9.0205620750794E-16,5.06168391710306,
11.4774480464494));
#1918=CARTESIAN_POINT('Ctrl Pts',(9.0205620750794E-16,5.40749570380019,
12.838949261644));
#1919=CARTESIAN_POINT('Ctrl Pts',(2.7784723767655E-16,6.16409152188192,
14.0009342347039));
#1920=CARTESIAN_POINT('Ctrl Pts',(2.77554511334649E-16,6.99295045858381,
15.2704901071098));
#1921=CARTESIAN_POINT('Ctrl Pts',(4.13078545815727E-19,6.9964752428909,
15.2758889303669));
#1922=CARTESIAN_POINT('Ctrl Pts',(0.,6.99999999999999,15.2812877119655));
#1923=CARTESIAN_POINT('',(2.,5.73149488076558,11.6537381233679));
#1924=CARTESIAN_POINT('Origin',(2.,6.99999999999999,15.2812877119655));
#1925=CARTESIAN_POINT('Origin',(2.,6.99999999999999,10.1074862802077));
#1926=CARTESIAN_POINT('Ctrl Pts',(0.,-7.00000000000001,15.2812877119656));
#1927=CARTESIAN_POINT('Ctrl Pts',(0.,-6.71534811688373,14.4672674878176));
#1928=CARTESIAN_POINT('Ctrl Pts',(0.364887382030321,-6.04967676264944,12.563644230348));
#1929=CARTESIAN_POINT('Ctrl Pts',(1.40160139931623,-5.73149488076559,11.6537381233679));
#1930=CARTESIAN_POINT('Ctrl Pts',(2.,-5.73149488076559,11.6537381233679));
#1931=CARTESIAN_POINT('Ctrl Pts',(9.07253774811843E-31,-6.40160139931624,
15.2812877119656));
#1932=CARTESIAN_POINT('Ctrl Pts',(-0.0878164531423005,-6.17145133055882,
14.468395834853));
#1933=CARTESIAN_POINT('Ctrl Pts',(0.146750860209211,-5.67939091876744,12.4546727326579));
#1934=CARTESIAN_POINT('Ctrl Pts',(1.31913196841183,-5.47120769074653,11.4402052280178));
#1935=CARTESIAN_POINT('Ctrl Pts',(2.,-5.47120769074653,11.4402052280178));
#1936=CARTESIAN_POINT('Ctrl Pts',(-0.501385997778019,-5.36499035140607,
15.2812877119656));
#1937=CARTESIAN_POINT('Ctrl Pts',(-0.636846910888889,-5.29567669064426,
14.3798593611782));
#1938=CARTESIAN_POINT('Ctrl Pts',(-0.371792651058531,-5.16239401447685,
12.1048512718417));
#1939=CARTESIAN_POINT('Ctrl Pts',(1.12894755769796,-5.11258691035539,10.9493662164642));
#1940=CARTESIAN_POINT('Ctrl Pts',(2.,-5.11258691035539,10.9493662164642));
#1941=CARTESIAN_POINT('Ctrl Pts',(-1.55120104948717,-5.00000000000001,15.2812877119656));
#1942=CARTESIAN_POINT('Ctrl Pts',(-1.59143079437046,-5.00072108572441,14.1979573724801));
#1943=CARTESIAN_POINT('Ctrl Pts',(-1.00068421221838,-5.00012076543698,11.6150067043277));
#1944=CARTESIAN_POINT('Ctrl Pts',(0.900890239922759,-5.,10.3599876995306));
#1945=CARTESIAN_POINT('Ctrl Pts',(2.,-5.,10.3599876995306));
#1946=CARTESIAN_POINT('Ctrl Pts',(-2.,-5.00000000000001,15.2812877119656));
#1947=CARTESIAN_POINT('Ctrl Pts',(-2.,-5.00000000000001,14.1202893855982));
#1948=CARTESIAN_POINT('Ctrl Pts',(-1.27022523593936,-5.00000000000001,11.4052420803921));
#1949=CARTESIAN_POINT('Ctrl Pts',(0.80320279863246,-5.,10.1074862802077));
#1950=CARTESIAN_POINT('Ctrl Pts',(2.,-5.,10.1074862802077));
#1951=CARTESIAN_POINT('',(2.,-5.73149488076559,11.6537381233679));
#1952=CARTESIAN_POINT('Origin',(2.,-7.00000000000001,10.1074862802077));
#1953=CARTESIAN_POINT('',(0.,-7.00000000000001,15.2812877119656));
#1954=CARTESIAN_POINT('Origin',(2.,-7.00000000000001,15.2812877119656));
#1955=CARTESIAN_POINT('Ctrl Pts',(0.,-7.00000000000001,15.2812877119656));
#1956=CARTESIAN_POINT('Ctrl Pts',(2.48172704529555E-33,-6.99647524289096,
15.275888930367));
#1957=CARTESIAN_POINT('Ctrl Pts',(2.7755700097793E-16,-6.99295045858379,
15.2704901071098));
#1958=CARTESIAN_POINT('Ctrl Pts',(2.77310502529081E-16,-6.29498648006218,
14.201424879695));
#1959=CARTESIAN_POINT('Ctrl Pts',(-4.80079933489017E-16,-5.64221997093952,
13.1993715500587));
#1960=CARTESIAN_POINT('Ctrl Pts',(-5.84005637603782E-16,-5.14742222098101,
11.8618475894688));
#1961=CARTESIAN_POINT('Ctrl Pts',(1.25611854757172E-16,-5.03354399475489,
11.4410370069661));
#1962=CARTESIAN_POINT('Ctrl Pts',(9.79147266757675E-17,-5.00623862445912,
11.));
#1963=CARTESIAN_POINT('Origin',(0.,-7.,10.1074862802077));
#1964=CARTESIAN_POINT('',(0.,-5.73149488076559,11.6537381233679));
#1965=CARTESIAN_POINT('Ctrl Pts',(16.,6.99999999999999,15.2812877119655));
#1966=CARTESIAN_POINT('Ctrl Pts',(16.,6.71534811688371,14.4672674878176));
#1967=CARTESIAN_POINT('Ctrl Pts',(15.6348073410733,6.04983813382506,12.5641057041985));
#1968=CARTESIAN_POINT('Ctrl Pts',(14.5983986006838,5.73149488076558,11.6537381233679));
#1969=CARTESIAN_POINT('Ctrl Pts',(14.,5.73149488076558,11.6537381233679));
#1970=CARTESIAN_POINT('Ctrl Pts',(16.,6.40160139931622,15.2812877119655));
#1971=CARTESIAN_POINT('Ctrl Pts',(16.0878164531423,6.1714513305588,14.468395834853));
#1972=CARTESIAN_POINT('Ctrl Pts',(15.8534297314588,5.67966586860819,12.455418523234));
#1973=CARTESIAN_POINT('Ctrl Pts',(14.6808680315882,5.47120769074652,11.4402052280178));
#1974=CARTESIAN_POINT('Ctrl Pts',(14.,5.47120769074652,11.4402052280178));
#1975=CARTESIAN_POINT('Ctrl Pts',(16.5016832023152,5.36523792258271,15.2812877119655));
#1976=CARTESIAN_POINT('Ctrl Pts',(16.6371441154261,5.2959242618209,14.3798593611782));
#1977=CARTESIAN_POINT('Ctrl Pts',(16.3707752789584,5.16240285565013,12.1054313453858));
#1978=CARTESIAN_POINT('Ctrl Pts',(14.871052442302,5.11262352053841,10.9493466479439));
#1979=CARTESIAN_POINT('Ctrl Pts',(14.,5.11262352053841,10.9493466479439));
#1980=CARTESIAN_POINT('Ctrl Pts',(17.5512010494872,4.99999999999999,15.2812877119655));
#1981=CARTESIAN_POINT('Ctrl Pts',(17.5914307943705,5.00072108572439,14.1979573724801));
#1982=CARTESIAN_POINT('Ctrl Pts',(16.9998851054612,5.00031636863505,11.6156382647091));
#1983=CARTESIAN_POINT('Ctrl Pts',(15.0991097600772,5.,10.3599876995306));
#1984=CARTESIAN_POINT('Ctrl Pts',(14.,5.,10.3599876995306));
#1985=CARTESIAN_POINT('Ctrl Pts',(18.,4.99999999999999,15.2812877119655));
#1986=CARTESIAN_POINT('Ctrl Pts',(18.,4.99999999999999,14.1202893855982));
#1987=CARTESIAN_POINT('Ctrl Pts',(17.2696146821466,5.,11.4059002585949));
#1988=CARTESIAN_POINT('Ctrl Pts',(15.1967972013675,5.,10.1074862802077));
#1989=CARTESIAN_POINT('Ctrl Pts',(14.,5.,10.1074862802077));
#1990=CARTESIAN_POINT('',(14.,5.73149488076558,11.6537381233679));
#1991=CARTESIAN_POINT('Origin',(14.,6.99999999999999,10.1074862802077));
#1992=CARTESIAN_POINT('',(16.,6.99999999999999,15.2812877119655));
#1993=CARTESIAN_POINT('Origin',(14.,6.99999999999999,15.2812877119655));
#1994=CARTESIAN_POINT('Ctrl Pts',(16.,6.99999999999999,15.2812877119655));
#1995=CARTESIAN_POINT('Ctrl Pts',(16.,6.99647525267265,15.2758889453494));
#1996=CARTESIAN_POINT('Ctrl Pts',(16.,6.99295044880204,15.2704900921269));
#1997=CARTESIAN_POINT('Ctrl Pts',(16.,6.29498647051423,14.2014248650863));
#1998=CARTESIAN_POINT('Ctrl Pts',(16.,5.64221996832337,13.1993715429868));
#1999=CARTESIAN_POINT('Ctrl Pts',(16.,5.1474222209809,11.8618475894685));
#2000=CARTESIAN_POINT('Ctrl Pts',(16.,5.03354399475486,11.4410370069658));
#2001=CARTESIAN_POINT('Ctrl Pts',(16.,5.00623862445911,11.));
#2002=CARTESIAN_POINT('Origin',(0.,6.99999999999999,10.1074862802077));
#2003=CARTESIAN_POINT('',(0.,5.73149488076558,11.6537381233679));
#2004=CARTESIAN_POINT('Origin',(14.,-8.27309087801597,16.3256986228773));
#2005=CARTESIAN_POINT('',(16.,-8.84821999928853,16.797519715788));
#2006=CARTESIAN_POINT('',(16.,-8.27309087801597,16.3256986228773));
#2007=CARTESIAN_POINT('',(14.,-10.1167251185229,15.2512678726279));
#2008=CARTESIAN_POINT('Origin',(14.,-8.84821999928853,16.797519715788));
#2009=CARTESIAN_POINT('',(14.,-9.54159599725038,14.7794467797172));
#2010=CARTESIAN_POINT('Ctrl Pts',(13.5,-10.5066568994568,15.5711578455679));
#2011=CARTESIAN_POINT('Ctrl Pts',(13.6126811536871,-10.5066568994568,15.5711578455679));
#2012=CARTESIAN_POINT('Ctrl Pts',(13.8756401754087,-10.4343559990574,15.5118440522246));
#2013=CARTESIAN_POINT('Ctrl Pts',(14.,-10.2328807462417,15.3465589528235));
#2014=CARTESIAN_POINT('Ctrl Pts',(14.,-10.1167251185229,15.2512678726279));
#2015=CARTESIAN_POINT('Ctrl Pts',(13.5,-10.9299071849658,15.9183814600524));
#2016=CARTESIAN_POINT('Ctrl Pts',(13.7375574880475,-10.9299071849658,15.9183814600524));
#2017=CARTESIAN_POINT('Ctrl Pts',(14.2914316234503,-10.787346153696,15.8018696833613));
#2018=CARTESIAN_POINT('Ctrl Pts',(14.583425435958,-10.369802461128,15.4596786881303));
#2019=CARTESIAN_POINT('Ctrl Pts',(14.5983986006838,-10.1167251185229,15.2512678726279));
#2020=CARTESIAN_POINT('Ctrl Pts',(13.5,-11.4014657668938,16.8430778675903));
#2021=CARTESIAN_POINT('Ctrl Pts',(13.9532440318767,-11.4014657668938,16.8430778675903));
#2022=CARTESIAN_POINT('Ctrl Pts',(15.0126107821457,-11.1259759376178,16.6371253894141));
#2023=CARTESIAN_POINT('Ctrl Pts',(15.5959128729073,-10.3044216010504,16.020327322964));
#2024=CARTESIAN_POINT('Ctrl Pts',(15.6347132718682,-9.79849410238945,15.6391774583173));
#2025=CARTESIAN_POINT('Ctrl Pts',(13.5,-11.1554990204895,17.8190959766976));
#2026=CARTESIAN_POINT('Ctrl Pts',(14.0511987525213,-11.1554990204895,17.8190959766976));
#2027=CARTESIAN_POINT('Ctrl Pts',(15.3376082510371,-10.7902992254943,17.5744677745847));
#2028=CARTESIAN_POINT('Ctrl Pts',(15.9825927636177,-9.74818126651928,16.8698450551009));
#2029=CARTESIAN_POINT('Ctrl Pts',(16.,-9.1328718824048,16.4505416135687));
#2030=CARTESIAN_POINT('Ctrl Pts',(13.5,-10.9397315428594,18.1684217302309));
#2031=CARTESIAN_POINT('Ctrl Pts',(14.0634057684357,-10.9397315428594,18.1684217302309));
#2032=CARTESIAN_POINT('Ctrl Pts',(15.3782008770436,-10.5508864639963,17.9161860711405));
#2033=CARTESIAN_POINT('Ctrl Pts',(16.,-9.47003383421069,17.2081788659264));
#2034=CARTESIAN_POINT('Ctrl Pts',(16.,-8.84821999928852,16.7975197157881));
#2035=CARTESIAN_POINT('',(13.5,-10.9397315428594,18.1684217302309));
#2036=CARTESIAN_POINT('Ctrl Pts',(16.,-8.84821999928852,16.7975197157881));
#2037=CARTESIAN_POINT('Ctrl Pts',(16.,-9.47003383421069,17.2081788659264));
#2038=CARTESIAN_POINT('Ctrl Pts',(15.3782008770436,-10.5508864639963,17.9161860711405));
#2039=CARTESIAN_POINT('Ctrl Pts',(14.0634057684357,-10.9397315428594,18.1684217302309));
#2040=CARTESIAN_POINT('Ctrl Pts',(13.5,-10.9397315428594,18.1684217302309));
#2041=CARTESIAN_POINT('',(13.5,-10.5066568994568,15.5711578455679));
#2042=CARTESIAN_POINT('Origin',(13.5,-9.23815178022241,17.117409688728));
#2043=CARTESIAN_POINT('Ctrl Pts',(13.5,-10.5066568994568,15.5711578455679));
#2044=CARTESIAN_POINT('Ctrl Pts',(13.6126811536871,-10.5066568994568,15.5711578455679));
#2045=CARTESIAN_POINT('Ctrl Pts',(13.8756401754087,-10.4343559990574,15.5118440522246));
#2046=CARTESIAN_POINT('Ctrl Pts',(14.,-10.2328807462417,15.3465589528235));
#2047=CARTESIAN_POINT('Ctrl Pts',(14.,-10.1167251185229,15.2512678726279));
#2048=CARTESIAN_POINT('Origin',(0.,-9.2381517802224,17.117409688728));
#2049=CARTESIAN_POINT('',(2.5,-10.9397315428594,18.1684217302309));
#2050=CARTESIAN_POINT('',(2.5,-10.5066568994568,15.5711578455679));
#2051=CARTESIAN_POINT('Origin',(2.5,-9.2381517802224,17.117409688728));
#2052=CARTESIAN_POINT('',(0.,-10.5066568994568,15.5711578455679));
#2053=CARTESIAN_POINT('',(0.,-10.9397315428594,18.1684217302309));
#2054=CARTESIAN_POINT('Ctrl Pts',(2.,-10.1167251185229,15.2512678726279));
#2055=CARTESIAN_POINT('Ctrl Pts',(2.,-10.2038429889679,15.3227371259227));
#2056=CARTESIAN_POINT('Ctrl Pts',(2.09040321189382,-10.4075839329324,15.4898809398879));
#2057=CARTESIAN_POINT('Ctrl Pts',(2.34975647905332,-10.5066568994568,15.5711578455679));
#2058=CARTESIAN_POINT('Ctrl Pts',(2.5,-10.5066568994568,15.5711578455679));
#2059=CARTESIAN_POINT('Ctrl Pts',(1.40160139931623,-10.1167251185229,15.2512678726279));
#2060=CARTESIAN_POINT('Ctrl Pts',(1.41283142105818,-10.306535630322,15.4075780470108));
#2061=CARTESIAN_POINT('Ctrl Pts',(1.63482403037074,-10.7343896213097,15.7589945729372));
#2062=CARTESIAN_POINT('Ctrl Pts',(2.18325250262699,-10.9299071849658,15.9183814600524));
#2063=CARTESIAN_POINT('Ctrl Pts',(2.5,-10.9299071849658,15.9183814600524));
#2064=CARTESIAN_POINT('Ctrl Pts',(0.365157035252837,-9.79859285161852,15.6390570873585));
#2065=CARTESIAN_POINT('Ctrl Pts',(0.394257718502346,-10.178043483056,15.9249232582927));
#2066=CARTESIAN_POINT('Ctrl Pts',(0.842609023361623,-11.023490683092,16.5601785277595));
#2067=CARTESIAN_POINT('Ctrl Pts',(1.89566664904493,-11.4016056966653,16.8430425115162));
#2068=CARTESIAN_POINT('Ctrl Pts',(2.5,-11.4016056966653,16.8430425115162));
#2069=CARTESIAN_POINT('Ctrl Pts',(-6.02370541645309E-16,-9.1328718824048,
16.4505416135687));
#2070=CARTESIAN_POINT('Ctrl Pts',(0.0130555995757197,-9.59436001054495,
16.7650233447939));
#2071=CARTESIAN_POINT('Ctrl Pts',(0.493144275781444,-10.654974507247,17.4836221685718));
#2072=CARTESIAN_POINT('Ctrl Pts',(1.76505863127611,-11.1554990204895,17.8190959766976));
#2073=CARTESIAN_POINT('Ctrl Pts',(2.5,-11.1554990204895,17.8190959766976));
#2074=CARTESIAN_POINT('Ctrl Pts',(-5.55111512312578E-16,-8.84821999928853,
16.797519715788));
#2075=CARTESIAN_POINT('Ctrl Pts',(-5.87013540587905E-16,-9.31458652991255,
17.1055181429105));
#2076=CARTESIAN_POINT('Ctrl Pts',(0.452016059469078,-10.406962122692,17.8226703777758));
#2077=CARTESIAN_POINT('Ctrl Pts',(1.74878239526661,-10.9397315428594,18.1684217302309));
#2078=CARTESIAN_POINT('Ctrl Pts',(2.5,-10.9397315428594,18.1684217302309));
#2079=CARTESIAN_POINT('',(0.,-8.84821999928853,16.797519715788));
#2080=CARTESIAN_POINT('Ctrl Pts',(2.5,-10.9397315428594,18.1684217302309));
#2081=CARTESIAN_POINT('Ctrl Pts',(1.74878239526661,-10.9397315428594,18.1684217302309));
#2082=CARTESIAN_POINT('Ctrl Pts',(0.452016059469078,-10.406962122692,17.8226703777758));
#2083=CARTESIAN_POINT('Ctrl Pts',(-5.87013540587905E-16,-9.31458652991255,
17.1055181429105));
#2084=CARTESIAN_POINT('Ctrl Pts',(-5.55111512312578E-16,-8.84821999928853,
16.797519715788));
#2085=CARTESIAN_POINT('',(2.,-10.1167251185229,15.2512678726279));
#2086=CARTESIAN_POINT('Origin',(2.,-8.84821999928853,16.797519715788));
#2087=CARTESIAN_POINT('Ctrl Pts',(2.,-10.1167251185229,15.2512678726279));
#2088=CARTESIAN_POINT('Ctrl Pts',(2.,-10.2038429889679,15.3227371259227));
#2089=CARTESIAN_POINT('Ctrl Pts',(2.09040321189382,-10.4075839329324,15.4898809398879));
#2090=CARTESIAN_POINT('Ctrl Pts',(2.34975647905332,-10.5066568994568,15.5711578455679));
#2091=CARTESIAN_POINT('Ctrl Pts',(2.5,-10.5066568994568,15.5711578455679));
#2092=CARTESIAN_POINT('Origin',(2.,-8.27309087801597,16.3256986228773));
#2093=CARTESIAN_POINT('',(2.,-9.54159599725038,14.7794467797172));
#2094=CARTESIAN_POINT('',(0.,-8.27309087801597,16.3256986228773));
#2095=CARTESIAN_POINT('Origin',(0.,2.22044604925031E-15,21.5));
#2096=CARTESIAN_POINT('',(0.,-10.157280717673,35.));
#2097=CARTESIAN_POINT('Origin',(0.,-22.,25.));
#2098=CARTESIAN_POINT('',(0.,10.157280717673,35.));
#2099=CARTESIAN_POINT('',(0.,-13.6933761370819,35.));
#2100=CARTESIAN_POINT('',(0.,8.84821999928852,16.7975197157881));
#2101=CARTESIAN_POINT('Origin',(0.,22.,25.));
#2102=CARTESIAN_POINT('',(0.,4.79840936828636,13.4751595581716));
#2103=CARTESIAN_POINT('Origin',(2.5,-22.,25.));
#2104=CARTESIAN_POINT('',(2.5,-13.6933761370819,35.));
#2105=CARTESIAN_POINT('Origin',(2.5,-22.,25.));
#2106=CARTESIAN_POINT('Ctrl Pts',(2.5,-13.6933761370819,35.));
#2107=CARTESIAN_POINT('Ctrl Pts',(2.22836035739953,-13.6933761370819,35.));
#2108=CARTESIAN_POINT('Ctrl Pts',(1.91462479501214,-13.6049179304773,35.));
#2109=CARTESIAN_POINT('Ctrl Pts',(1.37123060967641,-13.3122696584214,35.));
#2110=CARTESIAN_POINT('Ctrl Pts',(1.06733578922861,-13.0301551537338,35.));
#2111=CARTESIAN_POINT('Ctrl Pts',(0.596114093363195,-12.4237170287405,35.));
#2112=CARTESIAN_POINT('Ctrl Pts',(0.366011033878005,-11.9720113368944,35.));
#2113=CARTESIAN_POINT('Ctrl Pts',(0.0886539848800442,-11.1432540608798,
35.));
#2114=CARTESIAN_POINT('Ctrl Pts',(-1.78300753491439E-16,-10.6087697622077,
35.));
#2115=CARTESIAN_POINT('Ctrl Pts',(-1.34441069388203E-16,-10.157280717673,
35.));
#2116=CARTESIAN_POINT('Origin',(0.,-22.,25.));
#2117=CARTESIAN_POINT('',(13.5,-13.6933761370819,35.));
#2118=CARTESIAN_POINT('Origin',(13.5,-22.,25.));
#2119=CARTESIAN_POINT('',(0.,-13.6933761370819,35.));
#2120=CARTESIAN_POINT('Origin',(13.5,-22.,25.));
#2121=CARTESIAN_POINT('',(16.,-10.157280717673,35.));
#2122=CARTESIAN_POINT('Origin',(16.,-22.,25.));
#2123=CARTESIAN_POINT('Ctrl Pts',(16.,-10.157280717673,35.));
#2124=CARTESIAN_POINT('Ctrl Pts',(16.,-10.6087697622077,35.));
#2125=CARTESIAN_POINT('Ctrl Pts',(15.91134601512,-11.1432540608798,35.));
#2126=CARTESIAN_POINT('Ctrl Pts',(15.633988966122,-11.9720113368944,35.));
#2127=CARTESIAN_POINT('Ctrl Pts',(15.4038859066368,-12.4237170287405,35.));
#2128=CARTESIAN_POINT('Ctrl Pts',(14.9326642107714,-13.0301551537338,35.));
#2129=CARTESIAN_POINT('Ctrl Pts',(14.6287693903236,-13.3122696584214,35.));
#2130=CARTESIAN_POINT('Ctrl Pts',(14.0853752049879,-13.6049179304773,35.));
#2131=CARTESIAN_POINT('Ctrl Pts',(13.7716396426005,-13.6933761370819,35.));
#2132=CARTESIAN_POINT('Ctrl Pts',(13.5,-13.6933761370819,35.));
#2133=CARTESIAN_POINT('Origin',(16.,2.22044604925031E-15,21.5));
#2134=CARTESIAN_POINT('',(16.,8.84821999928852,16.7975197157881));
#2135=CARTESIAN_POINT('',(16.,4.79840936828636,13.4751595581716));
#2136=CARTESIAN_POINT('',(16.,10.157280717673,35.));
#2137=CARTESIAN_POINT('Origin',(16.,22.,25.));
#2138=CARTESIAN_POINT('',(16.,-13.6933761370819,35.));
#2139=CARTESIAN_POINT('Origin',(14.,4.79840936828636,13.4751595581716));
#2140=CARTESIAN_POINT('',(14.,10.1167251185229,15.2512678726279));
#2141=CARTESIAN_POINT('',(14.,6.06691448752078,11.9289077150115));
#2142=CARTESIAN_POINT('Origin',(14.,8.84821999928852,16.7975197157881));
#2143=CARTESIAN_POINT('Ctrl Pts',(14.,10.1167251185229,15.2512678726279));
#2144=CARTESIAN_POINT('Ctrl Pts',(14.,10.203841839312,15.3227361827746));
#2145=CARTESIAN_POINT('Ctrl Pts',(13.9095887225355,10.4075874509671,15.4898838259928));
#2146=CARTESIAN_POINT('Ctrl Pts',(13.6502415382495,10.5066568994568,15.5711578455679));
#2147=CARTESIAN_POINT('Ctrl Pts',(13.5,10.5066568994568,15.5711578455679));
#2148=CARTESIAN_POINT('Ctrl Pts',(14.5983986006838,10.1167251185229,15.2512678726279));
#2149=CARTESIAN_POINT('Ctrl Pts',(14.5871687271394,10.3065331254768,15.4075759842547));
#2150=CARTESIAN_POINT('Ctrl Pts',(14.3651593804129,10.7343980838414,15.7590087521395));
#2151=CARTESIAN_POINT('Ctrl Pts',(13.8167433173967,10.9299071849658,15.9183814600524));
#2152=CARTESIAN_POINT('Ctrl Pts',(13.5,10.9299071849658,15.9183814600524));
#2153=CARTESIAN_POINT('Ctrl Pts',(15.6347132718682,9.79849410238944,15.6391774583173));
#2154=CARTESIAN_POINT('Ctrl Pts',(15.6056129726475,10.1779397263851,15.9250398568024));
#2155=CARTESIAN_POINT('Ctrl Pts',(15.1572772191874,11.0233884111261,16.5602744092213));
#2156=CARTESIAN_POINT('Ctrl Pts',(14.1043253758357,11.4014657668938,16.8430778675903));
#2157=CARTESIAN_POINT('Ctrl Pts',(13.5,11.4014657668938,16.8430778675903));
#2158=CARTESIAN_POINT('Ctrl Pts',(16.,9.1328718824048,16.4505416135687));
#2159=CARTESIAN_POINT('Ctrl Pts',(15.9869445727132,9.59435392049067,16.7650191947178));
#2160=CARTESIAN_POINT('Ctrl Pts',(15.5068176067946,10.6549961721415,17.4836351779291));
#2161=CARTESIAN_POINT('Ctrl Pts',(14.2349316700284,11.1554990204895,17.8190959766976));
#2162=CARTESIAN_POINT('Ctrl Pts',(13.5,11.1554990204895,17.8190959766976));
#2163=CARTESIAN_POINT('Ctrl Pts',(16.,8.84821999928852,16.797519715788));
#2164=CARTESIAN_POINT('Ctrl Pts',(16.,9.31458037548016,17.1055140783918));
#2165=CARTESIAN_POINT('Ctrl Pts',(15.5479436126775,10.4069810694467,17.8226826013483));
#2166=CARTESIAN_POINT('Ctrl Pts',(14.2512076912476,10.9397315428594,18.1684217302309));
#2167=CARTESIAN_POINT('Ctrl Pts',(13.5,10.9397315428594,18.1684217302309));
#2168=CARTESIAN_POINT('',(13.5,10.5066568994568,15.5711578455679));
#2169=CARTESIAN_POINT('',(13.5,10.9397315428594,18.1684217302309));
#2170=CARTESIAN_POINT('Origin',(13.5,9.2381517802224,17.117409688728));
#2171=CARTESIAN_POINT('Ctrl Pts',(13.5,10.9397315428594,18.1684217302309));
#2172=CARTESIAN_POINT('Ctrl Pts',(14.2512076912476,10.9397315428594,18.1684217302309));
#2173=CARTESIAN_POINT('Ctrl Pts',(15.5479436126775,10.4069810694467,17.8226826013483));
#2174=CARTESIAN_POINT('Ctrl Pts',(16.,9.31458037548016,17.1055140783918));
#2175=CARTESIAN_POINT('Ctrl Pts',(16.,8.84821999928852,16.797519715788));
#2176=CARTESIAN_POINT('Ctrl Pts',(14.,10.1167251185229,15.2512678726279));
#2177=CARTESIAN_POINT('Ctrl Pts',(14.,10.203841839312,15.3227361827746));
#2178=CARTESIAN_POINT('Ctrl Pts',(13.9095887225355,10.4075874509671,15.4898838259928));
#2179=CARTESIAN_POINT('Ctrl Pts',(13.6502415382495,10.5066568994568,15.5711578455679));
#2180=CARTESIAN_POINT('Ctrl Pts',(13.5,10.5066568994568,15.5711578455679));
#2181=CARTESIAN_POINT('Origin',(0.,9.2381517802224,17.117409688728));
#2182=CARTESIAN_POINT('',(2.5,10.5066568994568,15.5711578455679));
#2183=CARTESIAN_POINT('',(2.5,10.9397315428594,18.1684217302309));
#2184=CARTESIAN_POINT('Origin',(2.5,9.2381517802224,17.117409688728));
#2185=CARTESIAN_POINT('',(0.,10.9397315428594,18.1684217302309));
#2186=CARTESIAN_POINT('',(0.,10.5066568994568,15.5711578455679));
#2187=CARTESIAN_POINT('Ctrl Pts',(2.5,10.5066568994568,15.5711578455679));
#2188=CARTESIAN_POINT('Ctrl Pts',(2.38731735928999,10.5066568994568,15.5711578455679));
#2189=CARTESIAN_POINT('Ctrl Pts',(2.12435204557142,10.4343532258906,15.5118417771901));
#2190=CARTESIAN_POINT('Ctrl Pts',(2.,10.2328822791163,15.3465602103542));
#2191=CARTESIAN_POINT('Ctrl Pts',(2.,10.1167251185229,15.2512678726279));
#2192=CARTESIAN_POINT('Ctrl Pts',(2.5,10.9299071849658,15.9183814600524));
#2193=CARTESIAN_POINT('Ctrl Pts',(2.26243937697024,10.9299071849658,15.9183814600524));
#2194=CARTESIAN_POINT('Ctrl Pts',(1.70855521059672,10.7873389467114,15.8018591172231));
#2195=CARTESIAN_POINT('Ctrl Pts',(1.41657476163883,10.3698058009216,15.4596814384717));
#2196=CARTESIAN_POINT('Ctrl Pts',(1.40160139931623,10.1167251185229,15.2512678726279));
#2197=CARTESIAN_POINT('Ctrl Pts',(2.5,11.4016056966653,16.8430425115162));
#2198=CARTESIAN_POINT('Ctrl Pts',(2.04674998678369,11.4016056966653,16.8430425115162));
#2199=CARTESIAN_POINT('Ctrl Pts',(0.987313753230216,11.1260914444562,16.6370545845994));
#2200=CARTESIAN_POINT('Ctrl Pts',(0.403957946252175,10.3045270268685,16.0202119819374));
#2201=CARTESIAN_POINT('Ctrl Pts',(0.365157035252835,9.79859285161852,15.6390570873585));
#2202=CARTESIAN_POINT('Ctrl Pts',(2.5,11.1554990204895,17.8190959766976));
#2203=CARTESIAN_POINT('Ctrl Pts',(1.94879397345708,11.1554990204895,17.8190959766976));
#2204=CARTESIAN_POINT('Ctrl Pts',(0.662356693456335,10.7902820038745,17.5744570705075));
#2205=CARTESIAN_POINT('Ctrl Pts',(0.0174074661009549,9.74818938659162,16.8698505885356));
#2206=CARTESIAN_POINT('Ctrl Pts',(-1.16835961797836E-15,9.13287188240479,
16.4505416135687));
#2207=CARTESIAN_POINT('Ctrl Pts',(2.5,10.9397315428594,18.1684217302309));
#2208=CARTESIAN_POINT('Ctrl Pts',(1.93658679644996,10.9397315428594,18.1684217302309));
#2209=CARTESIAN_POINT('Ctrl Pts',(0.621760227857099,10.5508715895405,17.9161763214641));
#2210=CARTESIAN_POINT('Ctrl Pts',(-3.50929917261078E-15,9.47004204012052,
17.2081842852847));
#2211=CARTESIAN_POINT('Ctrl Pts',(0.,8.84821999928851,16.797519715788));
#2212=CARTESIAN_POINT('',(2.,10.1167251185229,15.2512678726279));
#2213=CARTESIAN_POINT('Origin',(2.,8.84821999928852,16.7975197157881));
#2214=CARTESIAN_POINT('Ctrl Pts',(0.,8.84821999928851,16.797519715788));
#2215=CARTESIAN_POINT('Ctrl Pts',(-3.50929917261078E-15,9.47004204012052,
17.2081842852847));
#2216=CARTESIAN_POINT('Ctrl Pts',(0.621760227857099,10.5508715895405,17.9161763214641));
#2217=CARTESIAN_POINT('Ctrl Pts',(1.93658679644996,10.9397315428594,18.1684217302309));
#2218=CARTESIAN_POINT('Ctrl Pts',(2.5,10.9397315428594,18.1684217302309));
#2219=CARTESIAN_POINT('Ctrl Pts',(2.5,10.5066568994568,15.5711578455679));
#2220=CARTESIAN_POINT('Ctrl Pts',(2.38731735928999,10.5066568994568,15.5711578455679));
#2221=CARTESIAN_POINT('Ctrl Pts',(2.12435204557142,10.4343532258906,15.5118417771901));
#2222=CARTESIAN_POINT('Ctrl Pts',(2.,10.2328822791163,15.3465602103542));
#2223=CARTESIAN_POINT('Ctrl Pts',(2.,10.1167251185229,15.2512678726279));
#2224=CARTESIAN_POINT('Origin',(2.,4.79840936828636,13.4751595581716));
#2225=CARTESIAN_POINT('',(2.,6.06691448752078,11.9289077150115));
#2226=CARTESIAN_POINT('Origin',(0.,4.99999999999999,11.0536385955649));
#2227=CARTESIAN_POINT('Origin',(2.5,22.,25.));
#2228=CARTESIAN_POINT('',(2.5,13.6933761370819,35.));
#2229=CARTESIAN_POINT('Ctrl Pts',(-1.30104260698261E-17,10.157280717673,
35.));
#2230=CARTESIAN_POINT('Ctrl Pts',(-3.95216244683746E-16,10.6087697622077,
35.));
#2231=CARTESIAN_POINT('Ctrl Pts',(0.0886539848800442,11.1432540608798,35.));
#2232=CARTESIAN_POINT('Ctrl Pts',(0.366011033878005,11.9720113368944,35.));
#2233=CARTESIAN_POINT('Ctrl Pts',(0.596114093363196,12.4237170287405,35.));
#2234=CARTESIAN_POINT('Ctrl Pts',(1.06733578922861,13.0301551537338,35.));
#2235=CARTESIAN_POINT('Ctrl Pts',(1.37123060967641,13.3122696584214,35.));
#2236=CARTESIAN_POINT('Ctrl Pts',(1.91462479501214,13.6049179304773,35.));
#2237=CARTESIAN_POINT('Ctrl Pts',(2.22836035739953,13.6933761370819,35.));
#2238=CARTESIAN_POINT('Ctrl Pts',(2.5,13.6933761370819,35.));
#2239=CARTESIAN_POINT('Origin',(2.5,22.,25.));
#2240=CARTESIAN_POINT('Origin',(0.,22.,25.));
#2241=CARTESIAN_POINT('',(13.5,13.6933761370819,35.));
#2242=CARTESIAN_POINT('',(0.,13.6933761370819,35.));
#2243=CARTESIAN_POINT('Origin',(13.5,22.,25.));
#2244=CARTESIAN_POINT('Origin',(0.,13.6933761370819,35.));
#2245=CARTESIAN_POINT('Ctrl Pts',(13.5,13.6933761370819,35.));
#2246=CARTESIAN_POINT('Ctrl Pts',(13.7716396426005,13.6933761370819,35.));
#2247=CARTESIAN_POINT('Ctrl Pts',(14.0853752049879,13.6049179304773,35.));
#2248=CARTESIAN_POINT('Ctrl Pts',(14.6287693903236,13.3122696584214,35.));
#2249=CARTESIAN_POINT('Ctrl Pts',(14.9326642107714,13.0301551537338,35.));
#2250=CARTESIAN_POINT('Ctrl Pts',(15.4038859066368,12.4237170287405,35.));
#2251=CARTESIAN_POINT('Ctrl Pts',(15.633988966122,11.9720113368944,35.));
#2252=CARTESIAN_POINT('Ctrl Pts',(15.91134601512,11.1432540608798,35.));
#2253=CARTESIAN_POINT('Ctrl Pts',(16.,10.6087697622077,35.));
#2254=CARTESIAN_POINT('Ctrl Pts',(16.,10.157280717673,35.));
#2255=CARTESIAN_POINT('Origin',(13.5,22.,25.));
#2256=CARTESIAN_POINT('Origin',(0.,-11.9493630194592,16.7547167249763));
#2257=UNCERTAINTY_MEASURE_WITH_UNIT(LENGTH_MEASURE(0.01),#2261,
'DISTANCE_ACCURACY_VALUE',
'Maximum model space distance between geometric entities at asserted c
onnectivities');
#2258=UNCERTAINTY_MEASURE_WITH_UNIT(LENGTH_MEASURE(0.01),#2261,
'DISTANCE_ACCURACY_VALUE',
'Maximum model space distance between geometric entities at asserted c
onnectivities');
#2259=(
GEOMETRIC_REPRESENTATION_CONTEXT(3)
GLOBAL_UNCERTAINTY_ASSIGNED_CONTEXT((#2257))
GLOBAL_UNIT_ASSIGNED_CONTEXT((#2261,#2263,#2264))
REPRESENTATION_CONTEXT('','3D')
);
#2260=(
GEOMETRIC_REPRESENTATION_CONTEXT(3)
GLOBAL_UNCERTAINTY_ASSIGNED_CONTEXT((#2258))
GLOBAL_UNIT_ASSIGNED_CONTEXT((#2261,#2263,#2264))
REPRESENTATION_CONTEXT('','3D')
);
#2261=(
LENGTH_UNIT()
NAMED_UNIT(*)
SI_UNIT(.MILLI.,.METRE.)
);
#2262=(
LENGTH_UNIT()
NAMED_UNIT(*)
SI_UNIT($,.METRE.)
);
#2263=(
NAMED_UNIT(*)
PLANE_ANGLE_UNIT()
SI_UNIT($,.RADIAN.)
);
#2264=(
NAMED_UNIT(*)
SI_UNIT($,.STERADIAN.)
SOLID_ANGLE_UNIT()
);
#2265=SHAPE_DEFINITION_REPRESENTATION(#2266,#2267);
#2266=PRODUCT_DEFINITION_SHAPE('',$,#2269);
#2267=SHAPE_REPRESENTATION('',(#1137),#2259);
#2268=PRODUCT_DEFINITION_CONTEXT('part definition',#2273,'design');
#2269=PRODUCT_DEFINITION('2026-09-29-17-29-41-598','cableClip',#2270,#2268);
#2270=PRODUCT_DEFINITION_FORMATION('',$,#2275);
#2271=PRODUCT_RELATED_PRODUCT_CATEGORY('cableClip','cableClip',(#2275));
#2272=APPLICATION_PROTOCOL_DEFINITION('international standard',
'automotive_design',2009,#2273);
#2273=APPLICATION_CONTEXT(
'Core Data for Automotive Mechanical Design Process');
#2274=PRODUCT_CONTEXT('part definition',#2273,'mechanical');
#2275=PRODUCT('2026-09-29-17-29-41-598','cableClip',$,(#2274));
#2276=PRESENTATION_STYLE_ASSIGNMENT((#2277));
#2277=SURFACE_STYLE_USAGE(.BOTH.,#2278);
#2278=SURFACE_SIDE_STYLE('',(#2279));
#2279=SURFACE_STYLE_FILL_AREA(#2280);
#2280=FILL_AREA_STYLE('Steel - Satin',(#2281));
#2281=FILL_AREA_STYLE_COLOUR('Steel - Satin',#2282);
#2282=COLOUR_RGB('Steel - Satin',0.627450980392157,0.627450980392157,0.627450980392157);
ENDSEC;
END-ISO-10303-21;
