ISO-10303-21;
HEADER;
/* Generated by software containing ST-Developer
 * from STEP Tools, Inc. (www.steptools.com) 
 */

FILE_DESCRIPTION(
/* description */ (''),
/* implementation_level */ '2;1');

FILE_NAME(
/* name */ 'micClip.step',
/* time_stamp */ '2026-10-07T16:22:35+01:00',
/* author */ (''),
/* organization */ (''),
/* preprocessor_version */ 'ST-DEVELOPER v20.1',
/* originating_system */ 'Autodesk Translation Framework v15.8.0.0',
/* authorisation */ '');

FILE_SCHEMA (('AUTOMOTIVE_DESIGN { 1 0 10303 214 3 1 1 }'));
ENDSEC;

DATA;
#10=MECHANICAL_DESIGN_GEOMETRIC_PRESENTATION_REPRESENTATION('',(#13),#3397);
#11=SHAPE_REPRESENTATION_RELATIONSHIP('SRR','None',#3404,#12);
#12=ADVANCED_BREP_SHAPE_REPRESENTATION('',(#14),#3396);
#13=STYLED_ITEM('',(#3413),#14);
#14=MANIFOLD_SOLID_BREP('Body1',#2000);
#15=CYLINDRICAL_SURFACE('',#2086,8.);
#16=CYLINDRICAL_SURFACE('',#2089,10.);
#17=CYLINDRICAL_SURFACE('',#2091,14.75);
#18=CYLINDRICAL_SURFACE('',#2093,0.5);
#19=CYLINDRICAL_SURFACE('',#2096,0.5);
#20=CYLINDRICAL_SURFACE('',#2098,0.625);
#21=CYLINDRICAL_SURFACE('',#2100,12.25);
#22=CYLINDRICAL_SURFACE('',#2103,0.161250543);
#23=CYLINDRICAL_SURFACE('',#2106,0.161250543);
#24=CYLINDRICAL_SURFACE('',#2109,0.161250543);
#25=CYLINDRICAL_SURFACE('',#2112,0.161250543);
#26=CYLINDRICAL_SURFACE('',#2114,0.161250543);
#27=CYLINDRICAL_SURFACE('',#2117,0.161250543);
#28=CYLINDRICAL_SURFACE('',#2120,0.161250543);
#29=CYLINDRICAL_SURFACE('',#2123,0.161250543);
#30=CYLINDRICAL_SURFACE('',#2125,0.161250543);
#31=CYLINDRICAL_SURFACE('',#2128,0.161250543);
#32=CYLINDRICAL_SURFACE('',#2131,0.161250543);
#33=CYLINDRICAL_SURFACE('',#2133,0.161250543);
#34=CYLINDRICAL_SURFACE('',#2136,12.25);
#35=CYLINDRICAL_SURFACE('',#2138,12.25);
#36=CYLINDRICAL_SURFACE('',#2140,12.25);
#37=CYLINDRICAL_SURFACE('',#2142,0.161250543);
#38=CYLINDRICAL_SURFACE('',#2145,0.161250543);
#39=CYLINDRICAL_SURFACE('',#2148,10.);
#40=CYLINDRICAL_SURFACE('',#2174,0.161250543);
#41=CYLINDRICAL_SURFACE('',#2175,0.161250543);
#42=CYLINDRICAL_SURFACE('',#2176,12.25);
#43=CYLINDRICAL_SURFACE('',#2177,12.25);
#44=CYLINDRICAL_SURFACE('',#2178,12.25);
#45=CYLINDRICAL_SURFACE('',#2179,0.161250543);
#46=CYLINDRICAL_SURFACE('',#2181,0.161250543);
#47=CYLINDRICAL_SURFACE('',#2183,0.161250543);
#48=CYLINDRICAL_SURFACE('',#2185,0.161250543);
#49=CYLINDRICAL_SURFACE('',#2186,0.161250543);
#50=CYLINDRICAL_SURFACE('',#2188,0.161250543);
#51=CYLINDRICAL_SURFACE('',#2190,0.161250543);
#52=CYLINDRICAL_SURFACE('',#2192,0.161250543);
#53=CYLINDRICAL_SURFACE('',#2193,0.161250543);
#54=CYLINDRICAL_SURFACE('',#2195,0.161250543);
#55=CYLINDRICAL_SURFACE('',#2197,0.161250543);
#56=CYLINDRICAL_SURFACE('',#2199,0.161250543);
#57=CYLINDRICAL_SURFACE('',#2200,12.25);
#58=CYLINDRICAL_SURFACE('',#2201,0.625);
#59=CYLINDRICAL_SURFACE('',#2202,14.75);
#60=CYLINDRICAL_SURFACE('',#2204,0.5);
#61=CYLINDRICAL_SURFACE('',#2206,0.5);
#62=(
BOUNDED_CURVE()
B_SPLINE_CURVE(2,(#3085,#3086,#3087,#3088,#3089),.UNSPECIFIED.,.F.,.F.)
B_SPLINE_CURVE_WITH_KNOTS((3,2,3),(0.,0.673636445904106,1.34727289180821),
 .UNSPECIFIED.)
CURVE()
GEOMETRIC_REPRESENTATION_ITEM()
RATIONAL_B_SPLINE_CURVE((1.,1.,1.,1.,1.))
REPRESENTATION_ITEM('')
);
#63=CONICAL_SURFACE('',#2081,10.,0.785398163397448);
#64=FACE_BOUND('',#269,.T.);
#65=FACE_BOUND('',#274,.T.);
#66=FACE_BOUND('',#275,.T.);
#67=FACE_BOUND('',#287,.T.);
#68=FACE_BOUND('',#330,.T.);
#69=FACE_BOUND('',#331,.T.);
#70=CIRCLE('',#2019,8.);
#71=CIRCLE('',#2024,10.);
#72=CIRCLE('',#2025,14.75);
#73=CIRCLE('',#2026,0.625);
#74=CIRCLE('',#2027,0.5);
#75=CIRCLE('',#2028,0.5);
#76=CIRCLE('',#2029,12.25);
#77=CIRCLE('',#2030,0.161250543);
#78=CIRCLE('',#2031,0.161250543);
#79=CIRCLE('',#2032,0.161250543);
#80=CIRCLE('',#2033,0.161250543);
#81=CIRCLE('',#2034,12.25);
#82=CIRCLE('',#2035,0.161250543);
#83=CIRCLE('',#2036,0.161250543);
#84=CIRCLE('',#2037,0.161250543);
#85=CIRCLE('',#2038,0.161250543);
#86=CIRCLE('',#2039,12.25);
#87=CIRCLE('',#2040,0.161250543);
#88=CIRCLE('',#2041,0.161250543);
#89=CIRCLE('',#2042,0.161250543);
#90=CIRCLE('',#2043,0.161250543);
#91=CIRCLE('',#2044,12.25);
#92=CIRCLE('',#2045,0.161250543);
#93=CIRCLE('',#2046,0.161250543);
#94=CIRCLE('',#2047,0.161250543);
#95=CIRCLE('',#2048,0.161250543);
#96=CIRCLE('',#2049,12.25);
#97=CIRCLE('',#2050,0.161250543);
#98=CIRCLE('',#2051,0.161250543);
#99=CIRCLE('',#2052,0.161250543);
#100=CIRCLE('',#2053,0.161250543);
#101=CIRCLE('',#2054,12.25);
#102=CIRCLE('',#2055,0.161250543);
#103=CIRCLE('',#2056,0.161250543);
#104=CIRCLE('',#2057,0.161250543);
#105=CIRCLE('',#2058,0.161250543);
#106=CIRCLE('',#2059,12.25);
#107=CIRCLE('',#2060,0.161250543);
#108=CIRCLE('',#2061,0.161250543);
#109=CIRCLE('',#2062,0.161250543);
#110=CIRCLE('',#2063,0.161250543);
#111=CIRCLE('',#2064,12.25);
#112=CIRCLE('',#2065,0.5);
#113=CIRCLE('',#2066,0.5);
#114=CIRCLE('',#2067,0.625);
#115=CIRCLE('',#2068,14.75);
#116=CIRCLE('',#2069,10.);
#117=CIRCLE('',#2075,12.);
#118=CIRCLE('',#2076,12.);
#119=CIRCLE('',#2082,10.);
#120=CIRCLE('',#2084,8.);
#121=CIRCLE('',#2090,10.);
#122=CIRCLE('',#2092,14.75);
#123=CIRCLE('',#2094,0.5);
#124=CIRCLE('',#2097,0.5);
#125=CIRCLE('',#2099,0.625);
#126=CIRCLE('',#2101,12.25);
#127=CIRCLE('',#2104,0.161250543);
#128=CIRCLE('',#2107,0.161250543);
#129=CIRCLE('',#2110,0.161250543);
#130=CIRCLE('',#2113,0.161250543);
#131=CIRCLE('',#2115,0.161250543);
#132=CIRCLE('',#2118,0.161250543);
#133=CIRCLE('',#2121,0.161250543);
#134=CIRCLE('',#2124,0.161250543);
#135=CIRCLE('',#2126,0.161250543);
#136=CIRCLE('',#2129,0.161250543);
#137=CIRCLE('',#2132,0.161250543);
#138=CIRCLE('',#2134,0.161250543);
#139=CIRCLE('',#2137,12.25);
#140=CIRCLE('',#2139,12.25);
#141=CIRCLE('',#2141,12.25);
#142=CIRCLE('',#2143,0.161250543);
#143=CIRCLE('',#2146,0.161250543);
#144=CIRCLE('',#2149,10.);
#145=CIRCLE('',#2151,14.75);
#146=CIRCLE('',#2152,0.625);
#147=CIRCLE('',#2153,0.5);
#148=CIRCLE('',#2154,0.5);
#149=CIRCLE('',#2155,12.25);
#150=CIRCLE('',#2156,0.161250543);
#151=CIRCLE('',#2157,0.161250543);
#152=CIRCLE('',#2158,0.161250543);
#153=CIRCLE('',#2159,0.161250543);
#154=CIRCLE('',#2160,12.25);
#155=CIRCLE('',#2161,0.161250543);
#156=CIRCLE('',#2162,0.161250543);
#157=CIRCLE('',#2163,0.161250543);
#158=CIRCLE('',#2164,0.161250543);
#159=CIRCLE('',#2165,12.25);
#160=CIRCLE('',#2166,0.161250543);
#161=CIRCLE('',#2167,0.161250543);
#162=CIRCLE('',#2168,0.161250543);
#163=CIRCLE('',#2169,0.161250543);
#164=CIRCLE('',#2170,12.25);
#165=CIRCLE('',#2171,0.161250543);
#166=CIRCLE('',#2172,0.161250543);
#167=FACE_OUTER_BOUND('',#264,.T.);
#168=FACE_OUTER_BOUND('',#265,.T.);
#169=FACE_OUTER_BOUND('',#266,.T.);
#170=FACE_OUTER_BOUND('',#267,.T.);
#171=FACE_OUTER_BOUND('',#268,.T.);
#172=FACE_OUTER_BOUND('',#270,.T.);
#173=FACE_OUTER_BOUND('',#271,.T.);
#174=FACE_OUTER_BOUND('',#272,.T.);
#175=FACE_OUTER_BOUND('',#273,.T.);
#176=FACE_OUTER_BOUND('',#276,.T.);
#177=FACE_OUTER_BOUND('',#277,.T.);
#178=FACE_OUTER_BOUND('',#278,.T.);
#179=FACE_OUTER_BOUND('',#279,.T.);
#180=FACE_OUTER_BOUND('',#280,.T.);
#181=FACE_OUTER_BOUND('',#281,.T.);
#182=FACE_OUTER_BOUND('',#282,.T.);
#183=FACE_OUTER_BOUND('',#283,.T.);
#184=FACE_OUTER_BOUND('',#284,.T.);
#185=FACE_OUTER_BOUND('',#285,.T.);
#186=FACE_OUTER_BOUND('',#286,.T.);
#187=FACE_OUTER_BOUND('',#288,.T.);
#188=FACE_OUTER_BOUND('',#289,.T.);
#189=FACE_OUTER_BOUND('',#290,.T.);
#190=FACE_OUTER_BOUND('',#291,.T.);
#191=FACE_OUTER_BOUND('',#292,.T.);
#192=FACE_OUTER_BOUND('',#293,.T.);
#193=FACE_OUTER_BOUND('',#294,.T.);
#194=FACE_OUTER_BOUND('',#295,.T.);
#195=FACE_OUTER_BOUND('',#296,.T.);
#196=FACE_OUTER_BOUND('',#297,.T.);
#197=FACE_OUTER_BOUND('',#298,.T.);
#198=FACE_OUTER_BOUND('',#299,.T.);
#199=FACE_OUTER_BOUND('',#300,.T.);
#200=FACE_OUTER_BOUND('',#301,.T.);
#201=FACE_OUTER_BOUND('',#302,.T.);
#202=FACE_OUTER_BOUND('',#303,.T.);
#203=FACE_OUTER_BOUND('',#304,.T.);
#204=FACE_OUTER_BOUND('',#305,.T.);
#205=FACE_OUTER_BOUND('',#306,.T.);
#206=FACE_OUTER_BOUND('',#307,.T.);
#207=FACE_OUTER_BOUND('',#308,.T.);
#208=FACE_OUTER_BOUND('',#309,.T.);
#209=FACE_OUTER_BOUND('',#310,.T.);
#210=FACE_OUTER_BOUND('',#311,.T.);
#211=FACE_OUTER_BOUND('',#312,.T.);
#212=FACE_OUTER_BOUND('',#313,.T.);
#213=FACE_OUTER_BOUND('',#314,.T.);
#214=FACE_OUTER_BOUND('',#315,.T.);
#215=FACE_OUTER_BOUND('',#316,.T.);
#216=FACE_OUTER_BOUND('',#317,.T.);
#217=FACE_OUTER_BOUND('',#318,.T.);
#218=FACE_OUTER_BOUND('',#319,.T.);
#219=FACE_OUTER_BOUND('',#320,.T.);
#220=FACE_OUTER_BOUND('',#321,.T.);
#221=FACE_OUTER_BOUND('',#322,.T.);
#222=FACE_OUTER_BOUND('',#323,.T.);
#223=FACE_OUTER_BOUND('',#324,.T.);
#224=FACE_OUTER_BOUND('',#325,.T.);
#225=FACE_OUTER_BOUND('',#326,.T.);
#226=FACE_OUTER_BOUND('',#327,.T.);
#227=FACE_OUTER_BOUND('',#328,.T.);
#228=FACE_OUTER_BOUND('',#329,.T.);
#229=FACE_OUTER_BOUND('',#332,.T.);
#230=FACE_OUTER_BOUND('',#333,.T.);
#231=FACE_OUTER_BOUND('',#334,.T.);
#232=FACE_OUTER_BOUND('',#335,.T.);
#233=FACE_OUTER_BOUND('',#336,.T.);
#234=FACE_OUTER_BOUND('',#337,.T.);
#235=FACE_OUTER_BOUND('',#338,.T.);
#236=FACE_OUTER_BOUND('',#339,.T.);
#237=FACE_OUTER_BOUND('',#340,.T.);
#238=FACE_OUTER_BOUND('',#341,.T.);
#239=FACE_OUTER_BOUND('',#342,.T.);
#240=FACE_OUTER_BOUND('',#343,.T.);
#241=FACE_OUTER_BOUND('',#344,.T.);
#242=FACE_OUTER_BOUND('',#345,.T.);
#243=FACE_OUTER_BOUND('',#346,.T.);
#244=FACE_OUTER_BOUND('',#347,.T.);
#245=FACE_OUTER_BOUND('',#348,.T.);
#246=FACE_OUTER_BOUND('',#349,.T.);
#247=FACE_OUTER_BOUND('',#350,.T.);
#248=FACE_OUTER_BOUND('',#351,.T.);
#249=FACE_OUTER_BOUND('',#352,.T.);
#250=FACE_OUTER_BOUND('',#353,.T.);
#251=FACE_OUTER_BOUND('',#354,.T.);
#252=FACE_OUTER_BOUND('',#355,.T.);
#253=FACE_OUTER_BOUND('',#356,.T.);
#254=FACE_OUTER_BOUND('',#357,.T.);
#255=FACE_OUTER_BOUND('',#358,.T.);
#256=FACE_OUTER_BOUND('',#359,.T.);
#257=FACE_OUTER_BOUND('',#360,.T.);
#258=FACE_OUTER_BOUND('',#361,.T.);
#259=FACE_OUTER_BOUND('',#362,.T.);
#260=FACE_OUTER_BOUND('',#363,.T.);
#261=FACE_OUTER_BOUND('',#364,.T.);
#262=FACE_OUTER_BOUND('',#365,.T.);
#263=FACE_OUTER_BOUND('',#366,.T.);
#264=EDGE_LOOP('',(#1260,#1261,#1262,#1263));
#265=EDGE_LOOP('',(#1264,#1265,#1266,#1267));
#266=EDGE_LOOP('',(#1268,#1269,#1270,#1271));
#267=EDGE_LOOP('',(#1272,#1273,#1274,#1275));
#268=EDGE_LOOP('',(#1276,#1277,#1278,#1279));
#269=EDGE_LOOP('',(#1280));
#270=EDGE_LOOP('',(#1281,#1282,#1283,#1284));
#271=EDGE_LOOP('',(#1285,#1286,#1287,#1288,#1289,#1290));
#272=EDGE_LOOP('',(#1291,#1292,#1293,#1294,#1295,#1296));
#273=EDGE_LOOP('',(#1297,#1298,#1299,#1300,#1301,#1302,#1303,#1304,#1305,
#1306,#1307,#1308,#1309,#1310,#1311,#1312,#1313,#1314,#1315,#1316,#1317,
#1318,#1319,#1320,#1321,#1322,#1323,#1324,#1325,#1326,#1327,#1328,#1329,
#1330,#1331,#1332,#1333,#1334,#1335,#1336,#1337,#1338,#1339,#1340,#1341,
#1342,#1343,#1344,#1345,#1346,#1347,#1348,#1349,#1350,#1351,#1352,#1353,
#1354,#1355,#1356,#1357,#1358,#1359,#1360,#1361,#1362,#1363,#1364,#1365,
#1366,#1367,#1368,#1369,#1370,#1371,#1372,#1373,#1374,#1375));
#274=EDGE_LOOP('',(#1376,#1377,#1378));
#275=EDGE_LOOP('',(#1379,#1380,#1381));
#276=EDGE_LOOP('',(#1382,#1383,#1384,#1385));
#277=EDGE_LOOP('',(#1386,#1387,#1388,#1389));
#278=EDGE_LOOP('',(#1390,#1391,#1392,#1393));
#279=EDGE_LOOP('',(#1394,#1395,#1396,#1397,#1398,#1399,#1400));
#280=EDGE_LOOP('',(#1401,#1402,#1403,#1404,#1405,#1406,#1407,#1408,#1409,
#1410,#1411,#1412,#1413,#1414,#1415,#1416,#1417,#1418,#1419));
#281=EDGE_LOOP('',(#1420,#1421,#1422,#1423));
#282=EDGE_LOOP('',(#1424,#1425,#1426,#1427));
#283=EDGE_LOOP('',(#1428,#1429,#1430,#1431));
#284=EDGE_LOOP('',(#1432,#1433,#1434,#1435,#1436,#1437,#1438));
#285=EDGE_LOOP('',(#1439,#1440,#1441,#1442,#1443,#1444));
#286=EDGE_LOOP('',(#1445));
#287=EDGE_LOOP('',(#1446));
#288=EDGE_LOOP('',(#1447,#1448,#1449,#1450,#1451,#1452,#1453,#1454,#1455,
#1456,#1457,#1458));
#289=EDGE_LOOP('',(#1459,#1460,#1461,#1462));
#290=EDGE_LOOP('',(#1463,#1464,#1465,#1466,#1467,#1468));
#291=EDGE_LOOP('',(#1469,#1470,#1471,#1472,#1473,#1474,#1475,#1476,#1477,
#1478,#1479,#1480));
#292=EDGE_LOOP('',(#1481,#1482,#1483,#1484));
#293=EDGE_LOOP('',(#1485,#1486,#1487,#1488));
#294=EDGE_LOOP('',(#1489,#1490,#1491,#1492));
#295=EDGE_LOOP('',(#1493,#1494,#1495,#1496));
#296=EDGE_LOOP('',(#1497,#1498,#1499,#1500));
#297=EDGE_LOOP('',(#1501,#1502,#1503,#1504));
#298=EDGE_LOOP('',(#1505,#1506,#1507,#1508));
#299=EDGE_LOOP('',(#1509,#1510,#1511,#1512));
#300=EDGE_LOOP('',(#1513,#1514,#1515,#1516));
#301=EDGE_LOOP('',(#1517,#1518,#1519,#1520));
#302=EDGE_LOOP('',(#1521,#1522,#1523,#1524));
#303=EDGE_LOOP('',(#1525,#1526,#1527,#1528));
#304=EDGE_LOOP('',(#1529,#1530,#1531,#1532));
#305=EDGE_LOOP('',(#1533,#1534,#1535,#1536));
#306=EDGE_LOOP('',(#1537,#1538,#1539,#1540));
#307=EDGE_LOOP('',(#1541,#1542,#1543,#1544));
#308=EDGE_LOOP('',(#1545,#1546,#1547,#1548));
#309=EDGE_LOOP('',(#1549,#1550,#1551,#1552));
#310=EDGE_LOOP('',(#1553,#1554,#1555,#1556));
#311=EDGE_LOOP('',(#1557,#1558,#1559,#1560));
#312=EDGE_LOOP('',(#1561,#1562,#1563,#1564));
#313=EDGE_LOOP('',(#1565,#1566,#1567,#1568));
#314=EDGE_LOOP('',(#1569,#1570,#1571,#1572));
#315=EDGE_LOOP('',(#1573,#1574,#1575,#1576));
#316=EDGE_LOOP('',(#1577,#1578,#1579,#1580));
#317=EDGE_LOOP('',(#1581,#1582,#1583,#1584));
#318=EDGE_LOOP('',(#1585,#1586,#1587,#1588));
#319=EDGE_LOOP('',(#1589,#1590,#1591,#1592));
#320=EDGE_LOOP('',(#1593,#1594,#1595,#1596));
#321=EDGE_LOOP('',(#1597,#1598,#1599,#1600));
#322=EDGE_LOOP('',(#1601,#1602,#1603,#1604));
#323=EDGE_LOOP('',(#1605,#1606,#1607,#1608));
#324=EDGE_LOOP('',(#1609,#1610,#1611,#1612));
#325=EDGE_LOOP('',(#1613,#1614,#1615,#1616));
#326=EDGE_LOOP('',(#1617,#1618,#1619,#1620));
#327=EDGE_LOOP('',(#1621,#1622,#1623,#1624));
#328=EDGE_LOOP('',(#1625,#1626,#1627,#1628));
#329=EDGE_LOOP('',(#1629,#1630,#1631,#1632,#1633,#1634,#1635,#1636,#1637,
#1638,#1639,#1640,#1641,#1642,#1643,#1644,#1645,#1646,#1647,#1648,#1649,
#1650,#1651,#1652,#1653,#1654,#1655,#1656,#1657,#1658,#1659,#1660,#1661,
#1662,#1663,#1664,#1665,#1666,#1667,#1668,#1669,#1670,#1671,#1672,#1673,
#1674,#1675,#1676,#1677,#1678,#1679,#1680,#1681,#1682,#1683,#1684,#1685,
#1686,#1687,#1688,#1689,#1690,#1691,#1692,#1693,#1694,#1695,#1696,#1697,
#1698,#1699,#1700,#1701,#1702,#1703,#1704,#1705,#1706,#1707));
#330=EDGE_LOOP('',(#1708,#1709,#1710));
#331=EDGE_LOOP('',(#1711,#1712,#1713));
#332=EDGE_LOOP('',(#1714,#1715,#1716,#1717));
#333=EDGE_LOOP('',(#1718,#1719,#1720,#1721));
#334=EDGE_LOOP('',(#1722,#1723,#1724,#1725));
#335=EDGE_LOOP('',(#1726,#1727,#1728,#1729));
#336=EDGE_LOOP('',(#1730,#1731,#1732,#1733));
#337=EDGE_LOOP('',(#1734,#1735,#1736,#1737));
#338=EDGE_LOOP('',(#1738,#1739,#1740,#1741));
#339=EDGE_LOOP('',(#1742,#1743,#1744,#1745));
#340=EDGE_LOOP('',(#1746,#1747,#1748,#1749));
#341=EDGE_LOOP('',(#1750,#1751,#1752,#1753));
#342=EDGE_LOOP('',(#1754,#1755,#1756,#1757));
#343=EDGE_LOOP('',(#1758,#1759,#1760,#1761));
#344=EDGE_LOOP('',(#1762,#1763,#1764,#1765));
#345=EDGE_LOOP('',(#1766,#1767,#1768,#1769));
#346=EDGE_LOOP('',(#1770,#1771,#1772,#1773));
#347=EDGE_LOOP('',(#1774,#1775,#1776,#1777));
#348=EDGE_LOOP('',(#1778,#1779,#1780,#1781));
#349=EDGE_LOOP('',(#1782,#1783,#1784,#1785));
#350=EDGE_LOOP('',(#1786,#1787,#1788,#1789));
#351=EDGE_LOOP('',(#1790,#1791,#1792,#1793));
#352=EDGE_LOOP('',(#1794,#1795,#1796,#1797));
#353=EDGE_LOOP('',(#1798,#1799,#1800,#1801));
#354=EDGE_LOOP('',(#1802,#1803,#1804,#1805));
#355=EDGE_LOOP('',(#1806,#1807,#1808,#1809));
#356=EDGE_LOOP('',(#1810,#1811,#1812,#1813));
#357=EDGE_LOOP('',(#1814,#1815,#1816,#1817));
#358=EDGE_LOOP('',(#1818,#1819,#1820,#1821));
#359=EDGE_LOOP('',(#1822,#1823,#1824,#1825));
#360=EDGE_LOOP('',(#1826,#1827,#1828,#1829));
#361=EDGE_LOOP('',(#1830,#1831,#1832,#1833));
#362=EDGE_LOOP('',(#1834,#1835,#1836,#1837));
#363=EDGE_LOOP('',(#1838,#1839,#1840,#1841));
#364=EDGE_LOOP('',(#1842,#1843,#1844,#1845));
#365=EDGE_LOOP('',(#1846,#1847,#1848,#1849));
#366=EDGE_LOOP('',(#1850,#1851,#1852,#1853));
#367=LINE('',#2801,#566);
#368=LINE('',#2803,#567);
#369=LINE('',#2805,#568);
#370=LINE('',#2806,#569);
#371=LINE('',#2809,#570);
#372=LINE('',#2811,#571);
#373=LINE('',#2812,#572);
#374=LINE('',#2815,#573);
#375=LINE('',#2817,#574);
#376=LINE('',#2818,#575);
#377=LINE('',#2822,#576);
#378=LINE('',#2824,#577);
#379=LINE('',#2826,#578);
#380=LINE('',#2827,#579);
#381=LINE('',#2830,#580);
#382=LINE('',#2832,#581);
#383=LINE('',#2833,#582);
#384=LINE('',#2838,#583);
#385=LINE('',#2840,#584);
#386=LINE('',#2841,#585);
#387=LINE('',#2844,#586);
#388=LINE('',#2846,#587);
#389=LINE('',#2847,#588);
#390=LINE('',#2851,#589);
#391=LINE('',#2852,#590);
#392=LINE('',#2853,#591);
#393=LINE('',#2856,#592);
#394=LINE('',#2864,#593);
#395=LINE('',#2868,#594);
#396=LINE('',#2876,#595);
#397=LINE('',#2880,#596);
#398=LINE('',#2884,#597);
#399=LINE('',#2892,#598);
#400=LINE('',#2896,#599);
#401=LINE('',#2900,#600);
#402=LINE('',#2908,#601);
#403=LINE('',#2912,#602);
#404=LINE('',#2916,#603);
#405=LINE('',#2924,#604);
#406=LINE('',#2927,#605);
#407=LINE('',#2929,#606);
#408=LINE('',#2933,#607);
#409=LINE('',#2941,#608);
#410=LINE('',#2945,#609);
#411=LINE('',#2949,#610);
#412=LINE('',#2957,#611);
#413=LINE('',#2961,#612);
#414=LINE('',#2965,#613);
#415=LINE('',#2973,#614);
#416=LINE('',#2977,#615);
#417=LINE('',#2981,#616);
#418=LINE('',#2989,#617);
#419=LINE('',#2993,#618);
#420=LINE('',#3001,#619);
#421=LINE('',#3002,#620);
#422=LINE('',#3005,#621);
#423=LINE('',#3007,#622);
#424=LINE('',#3008,#623);
#425=LINE('',#3011,#624);
#426=LINE('',#3013,#625);
#427=LINE('',#3014,#626);
#428=LINE('',#3018,#627);
#429=LINE('',#3020,#628);
#430=LINE('',#3022,#629);
#431=LINE('',#3023,#630);
#432=LINE('',#3027,#631);
#433=LINE('',#3029,#632);
#434=LINE('',#3031,#633);
#435=LINE('',#3032,#634);
#436=LINE('',#3035,#635);
#437=LINE('',#3037,#636);
#438=LINE('',#3038,#637);
#439=LINE('',#3040,#638);
#440=LINE('',#3042,#639);
#441=LINE('',#3044,#640);
#442=LINE('',#3045,#641);
#443=LINE('',#3048,#642);
#444=LINE('',#3054,#643);
#445=LINE('',#3056,#644);
#446=LINE('',#3057,#645);
#447=LINE('',#3059,#646);
#448=LINE('',#3061,#647);
#449=LINE('',#3062,#648);
#450=LINE('',#3064,#649);
#451=LINE('',#3065,#650);
#452=LINE('',#3066,#651);
#453=LINE('',#3069,#652);
#454=LINE('',#3070,#653);
#455=LINE('',#3073,#654);
#456=LINE('',#3074,#655);
#457=LINE('',#3076,#656);
#458=LINE('',#3079,#657);
#459=LINE('',#3080,#658);
#460=LINE('',#3084,#659);
#461=LINE('',#3094,#660);
#462=LINE('',#3096,#661);
#463=LINE('',#3097,#662);
#464=LINE('',#3099,#663);
#465=LINE('',#3102,#664);
#466=LINE('',#3103,#665);
#467=LINE('',#3105,#666);
#468=LINE('',#3107,#667);
#469=LINE('',#3108,#668);
#470=LINE('',#3112,#669);
#471=LINE('',#3116,#670);
#472=LINE('',#3119,#671);
#473=LINE('',#3122,#672);
#474=LINE('',#3125,#673);
#475=LINE('',#3126,#674);
#476=LINE('',#3130,#675);
#477=LINE('',#3134,#676);
#478=LINE('',#3138,#677);
#479=LINE('',#3140,#678);
#480=LINE('',#3144,#679);
#481=LINE('',#3147,#680);
#482=LINE('',#3148,#681);
#483=LINE('',#3152,#682);
#484=LINE('',#3155,#683);
#485=LINE('',#3156,#684);
#486=LINE('',#3160,#685);
#487=LINE('',#3163,#686);
#488=LINE('',#3164,#687);
#489=LINE('',#3168,#688);
#490=LINE('',#3173,#689);
#491=LINE('',#3174,#690);
#492=LINE('',#3177,#691);
#493=LINE('',#3178,#692);
#494=LINE('',#3182,#693);
#495=LINE('',#3185,#694);
#496=LINE('',#3186,#695);
#497=LINE('',#3190,#696);
#498=LINE('',#3193,#697);
#499=LINE('',#3194,#698);
#500=LINE('',#3198,#699);
#501=LINE('',#3203,#700);
#502=LINE('',#3204,#701);
#503=LINE('',#3207,#702);
#504=LINE('',#3208,#703);
#505=LINE('',#3212,#704);
#506=LINE('',#3215,#705);
#507=LINE('',#3216,#706);
#508=LINE('',#3220,#707);
#509=LINE('',#3223,#708);
#510=LINE('',#3226,#709);
#511=LINE('',#3228,#710);
#512=LINE('',#3232,#711);
#513=LINE('',#3240,#712);
#514=LINE('',#3243,#713);
#515=LINE('',#3244,#714);
#516=LINE('',#3248,#715);
#517=LINE('',#3250,#716);
#518=LINE('',#3253,#717);
#519=LINE('',#3261,#718);
#520=LINE('',#3265,#719);
#521=LINE('',#3273,#720);
#522=LINE('',#3277,#721);
#523=LINE('',#3281,#722);
#524=LINE('',#3289,#723);
#525=LINE('',#3293,#724);
#526=LINE('',#3297,#725);
#527=LINE('',#3305,#726);
#528=LINE('',#3309,#727);
#529=LINE('',#3313,#728);
#530=LINE('',#3321,#729);
#531=LINE('',#3324,#730);
#532=LINE('',#3326,#731);
#533=LINE('',#3327,#732);
#534=LINE('',#3329,#733);
#535=LINE('',#3331,#734);
#536=LINE('',#3333,#735);
#537=LINE('',#3335,#736);
#538=LINE('',#3336,#737);
#539=LINE('',#3338,#738);
#540=LINE('',#3339,#739);
#541=LINE('',#3341,#740);
#542=LINE('',#3342,#741);
#543=LINE('',#3344,#742);
#544=LINE('',#3346,#743);
#545=LINE('',#3348,#744);
#546=LINE('',#3350,#745);
#547=LINE('',#3352,#746);
#548=LINE('',#3355,#747);
#549=LINE('',#3357,#748);
#550=LINE('',#3359,#749);
#551=LINE('',#3361,#750);
#552=LINE('',#3363,#751);
#553=LINE('',#3365,#752);
#554=LINE('',#3368,#753);
#555=LINE('',#3370,#754);
#556=LINE('',#3372,#755);
#557=LINE('',#3374,#756);
#558=LINE('',#3376,#757);
#559=LINE('',#3378,#758);
#560=LINE('',#3381,#759);
#561=LINE('',#3383,#760);
#562=LINE('',#3384,#761);
#563=LINE('',#3387,#762);
#564=LINE('',#3389,#763);
#565=LINE('',#3391,#764);
#566=VECTOR('',#2212,10.);
#567=VECTOR('',#2213,10.);
#568=VECTOR('',#2214,10.);
#569=VECTOR('',#2215,10.);
#570=VECTOR('',#2218,10.);
#571=VECTOR('',#2219,10.);
#572=VECTOR('',#2220,10.);
#573=VECTOR('',#2223,10.);
#574=VECTOR('',#2224,10.);
#575=VECTOR('',#2225,10.);
#576=VECTOR('',#2228,10.);
#577=VECTOR('',#2229,10.);
#578=VECTOR('',#2230,10.);
#579=VECTOR('',#2231,10.);
#580=VECTOR('',#2234,10.);
#581=VECTOR('',#2235,10.);
#582=VECTOR('',#2236,10.);
#583=VECTOR('',#2241,10.);
#584=VECTOR('',#2242,10.);
#585=VECTOR('',#2243,10.);
#586=VECTOR('',#2246,10.);
#587=VECTOR('',#2247,10.);
#588=VECTOR('',#2248,10.);
#589=VECTOR('',#2251,10.);
#590=VECTOR('',#2252,10.);
#591=VECTOR('',#2253,10.);
#592=VECTOR('',#2256,10.);
#593=VECTOR('',#2263,10.);
#594=VECTOR('',#2266,10.);
#595=VECTOR('',#2273,10.);
#596=VECTOR('',#2276,10.);
#597=VECTOR('',#2279,10.);
#598=VECTOR('',#2286,10.);
#599=VECTOR('',#2289,10.);
#600=VECTOR('',#2292,10.);
#601=VECTOR('',#2299,10.);
#602=VECTOR('',#2302,10.);
#603=VECTOR('',#2305,10.);
#604=VECTOR('',#2312,10.);
#605=VECTOR('',#2315,10.);
#606=VECTOR('',#2316,10.);
#607=VECTOR('',#2319,10.);
#608=VECTOR('',#2326,10.);
#609=VECTOR('',#2329,10.);
#610=VECTOR('',#2332,10.);
#611=VECTOR('',#2339,10.);
#612=VECTOR('',#2342,10.);
#613=VECTOR('',#2345,10.);
#614=VECTOR('',#2352,10.);
#615=VECTOR('',#2355,10.);
#616=VECTOR('',#2358,10.);
#617=VECTOR('',#2365,10.);
#618=VECTOR('',#2368,10.);
#619=VECTOR('',#2375,10.);
#620=VECTOR('',#2376,10.);
#621=VECTOR('',#2377,10.);
#622=VECTOR('',#2378,10.);
#623=VECTOR('',#2379,10.);
#624=VECTOR('',#2380,10.);
#625=VECTOR('',#2381,10.);
#626=VECTOR('',#2382,10.);
#627=VECTOR('',#2385,10.);
#628=VECTOR('',#2386,10.);
#629=VECTOR('',#2387,10.);
#630=VECTOR('',#2388,10.);
#631=VECTOR('',#2391,10.);
#632=VECTOR('',#2392,10.);
#633=VECTOR('',#2393,10.);
#634=VECTOR('',#2394,10.);
#635=VECTOR('',#2397,10.);
#636=VECTOR('',#2398,10.);
#637=VECTOR('',#2399,10.);
#638=VECTOR('',#2402,10.);
#639=VECTOR('',#2403,10.);
#640=VECTOR('',#2404,10.);
#641=VECTOR('',#2405,10.);
#642=VECTOR('',#2408,10.);
#643=VECTOR('',#2413,10.);
#644=VECTOR('',#2414,10.);
#645=VECTOR('',#2415,10.);
#646=VECTOR('',#2416,10.);
#647=VECTOR('',#2417,10.);
#648=VECTOR('',#2418,10.);
#649=VECTOR('',#2419,10.);
#650=VECTOR('',#2420,10.);
#651=VECTOR('',#2421,10.);
#652=VECTOR('',#2424,10.);
#653=VECTOR('',#2425,10.);
#654=VECTOR('',#2428,10.);
#655=VECTOR('',#2429,10.);
#656=VECTOR('',#2432,10.);
#657=VECTOR('',#2435,10.);
#658=VECTOR('',#2436,10.);
#659=VECTOR('',#2441,10.);
#660=VECTOR('',#2448,10.);
#661=VECTOR('',#2449,10.);
#662=VECTOR('',#2450,10.);
#663=VECTOR('',#2453,8.);
#664=VECTOR('',#2456,10.);
#665=VECTOR('',#2457,10.);
#666=VECTOR('',#2460,10.);
#667=VECTOR('',#2461,10.);
#668=VECTOR('',#2462,10.);
#669=VECTOR('',#2467,10.);
#670=VECTOR('',#2472,10.);
#671=VECTOR('',#2475,10.);
#672=VECTOR('',#2478,10.);
#673=VECTOR('',#2481,10.);
#674=VECTOR('',#2482,10.);
#675=VECTOR('',#2487,10.);
#676=VECTOR('',#2492,10.);
#677=VECTOR('',#2497,10.);
#678=VECTOR('',#2500,10.);
#679=VECTOR('',#2505,10.);
#680=VECTOR('',#2508,10.);
#681=VECTOR('',#2509,10.);
#682=VECTOR('',#2514,10.);
#683=VECTOR('',#2517,10.);
#684=VECTOR('',#2518,10.);
#685=VECTOR('',#2523,10.);
#686=VECTOR('',#2526,10.);
#687=VECTOR('',#2527,10.);
#688=VECTOR('',#2532,10.);
#689=VECTOR('',#2537,10.);
#690=VECTOR('',#2538,10.);
#691=VECTOR('',#2541,10.);
#692=VECTOR('',#2542,10.);
#693=VECTOR('',#2547,10.);
#694=VECTOR('',#2550,10.);
#695=VECTOR('',#2551,10.);
#696=VECTOR('',#2556,10.);
#697=VECTOR('',#2559,10.);
#698=VECTOR('',#2560,10.);
#699=VECTOR('',#2565,10.);
#700=VECTOR('',#2570,10.);
#701=VECTOR('',#2571,10.);
#702=VECTOR('',#2574,10.);
#703=VECTOR('',#2575,10.);
#704=VECTOR('',#2580,10.);
#705=VECTOR('',#2583,10.);
#706=VECTOR('',#2584,10.);
#707=VECTOR('',#2589,10.);
#708=VECTOR('',#2592,10.);
#709=VECTOR('',#2595,10.);
#710=VECTOR('',#2598,10.);
#711=VECTOR('',#2603,10.);
#712=VECTOR('',#2616,10.);
#713=VECTOR('',#2619,10.);
#714=VECTOR('',#2620,10.);
#715=VECTOR('',#2625,10.);
#716=VECTOR('',#2628,10.);
#717=VECTOR('',#2631,10.);
#718=VECTOR('',#2640,10.);
#719=VECTOR('',#2643,10.);
#720=VECTOR('',#2650,10.);
#721=VECTOR('',#2653,10.);
#722=VECTOR('',#2656,10.);
#723=VECTOR('',#2663,10.);
#724=VECTOR('',#2666,10.);
#725=VECTOR('',#2669,10.);
#726=VECTOR('',#2676,10.);
#727=VECTOR('',#2679,10.);
#728=VECTOR('',#2682,10.);
#729=VECTOR('',#2689,10.);
#730=VECTOR('',#2692,10.);
#731=VECTOR('',#2695,10.);
#732=VECTOR('',#2696,10.);
#733=VECTOR('',#2699,10.);
#734=VECTOR('',#2702,10.);
#735=VECTOR('',#2705,10.);
#736=VECTOR('',#2708,10.);
#737=VECTOR('',#2709,10.);
#738=VECTOR('',#2712,10.);
#739=VECTOR('',#2713,10.);
#740=VECTOR('',#2716,10.);
#741=VECTOR('',#2717,10.);
#742=VECTOR('',#2720,10.);
#743=VECTOR('',#2723,10.);
#744=VECTOR('',#2726,10.);
#745=VECTOR('',#2729,10.);
#746=VECTOR('',#2732,10.);
#747=VECTOR('',#2737,10.);
#748=VECTOR('',#2740,10.);
#749=VECTOR('',#2743,10.);
#750=VECTOR('',#2746,10.);
#751=VECTOR('',#2749,10.);
#752=VECTOR('',#2752,10.);
#753=VECTOR('',#2757,10.);
#754=VECTOR('',#2760,10.);
#755=VECTOR('',#2763,10.);
#756=VECTOR('',#2766,10.);
#757=VECTOR('',#2769,10.);
#758=VECTOR('',#2772,10.);
#759=VECTOR('',#2777,10.);
#760=VECTOR('',#2780,10.);
#761=VECTOR('',#2781,10.);
#762=VECTOR('',#2786,10.);
#763=VECTOR('',#2789,10.);
#764=VECTOR('',#2792,10.);
#765=VERTEX_POINT('',#2799);
#766=VERTEX_POINT('',#2800);
#767=VERTEX_POINT('',#2802);
#768=VERTEX_POINT('',#2804);
#769=VERTEX_POINT('',#2808);
#770=VERTEX_POINT('',#2810);
#771=VERTEX_POINT('',#2814);
#772=VERTEX_POINT('',#2816);
#773=VERTEX_POINT('',#2820);
#774=VERTEX_POINT('',#2821);
#775=VERTEX_POINT('',#2823);
#776=VERTEX_POINT('',#2825);
#777=VERTEX_POINT('',#2829);
#778=VERTEX_POINT('',#2831);
#779=VERTEX_POINT('',#2834);
#780=VERTEX_POINT('',#2837);
#781=VERTEX_POINT('',#2839);
#782=VERTEX_POINT('',#2843);
#783=VERTEX_POINT('',#2845);
#784=VERTEX_POINT('',#2849);
#785=VERTEX_POINT('',#2850);
#786=VERTEX_POINT('',#2855);
#787=VERTEX_POINT('',#2857);
#788=VERTEX_POINT('',#2859);
#789=VERTEX_POINT('',#2861);
#790=VERTEX_POINT('',#2863);
#791=VERTEX_POINT('',#2865);
#792=VERTEX_POINT('',#2867);
#793=VERTEX_POINT('',#2869);
#794=VERTEX_POINT('',#2871);
#795=VERTEX_POINT('',#2873);
#796=VERTEX_POINT('',#2875);
#797=VERTEX_POINT('',#2877);
#798=VERTEX_POINT('',#2879);
#799=VERTEX_POINT('',#2881);
#800=VERTEX_POINT('',#2883);
#801=VERTEX_POINT('',#2885);
#802=VERTEX_POINT('',#2887);
#803=VERTEX_POINT('',#2889);
#804=VERTEX_POINT('',#2891);
#805=VERTEX_POINT('',#2893);
#806=VERTEX_POINT('',#2895);
#807=VERTEX_POINT('',#2897);
#808=VERTEX_POINT('',#2899);
#809=VERTEX_POINT('',#2901);
#810=VERTEX_POINT('',#2903);
#811=VERTEX_POINT('',#2905);
#812=VERTEX_POINT('',#2907);
#813=VERTEX_POINT('',#2909);
#814=VERTEX_POINT('',#2911);
#815=VERTEX_POINT('',#2913);
#816=VERTEX_POINT('',#2915);
#817=VERTEX_POINT('',#2917);
#818=VERTEX_POINT('',#2919);
#819=VERTEX_POINT('',#2921);
#820=VERTEX_POINT('',#2923);
#821=VERTEX_POINT('',#2925);
#822=VERTEX_POINT('',#2928);
#823=VERTEX_POINT('',#2930);
#824=VERTEX_POINT('',#2932);
#825=VERTEX_POINT('',#2934);
#826=VERTEX_POINT('',#2936);
#827=VERTEX_POINT('',#2938);
#828=VERTEX_POINT('',#2940);
#829=VERTEX_POINT('',#2942);
#830=VERTEX_POINT('',#2944);
#831=VERTEX_POINT('',#2946);
#832=VERTEX_POINT('',#2948);
#833=VERTEX_POINT('',#2950);
#834=VERTEX_POINT('',#2952);
#835=VERTEX_POINT('',#2954);
#836=VERTEX_POINT('',#2956);
#837=VERTEX_POINT('',#2958);
#838=VERTEX_POINT('',#2960);
#839=VERTEX_POINT('',#2962);
#840=VERTEX_POINT('',#2964);
#841=VERTEX_POINT('',#2966);
#842=VERTEX_POINT('',#2968);
#843=VERTEX_POINT('',#2970);
#844=VERTEX_POINT('',#2972);
#845=VERTEX_POINT('',#2974);
#846=VERTEX_POINT('',#2976);
#847=VERTEX_POINT('',#2978);
#848=VERTEX_POINT('',#2980);
#849=VERTEX_POINT('',#2982);
#850=VERTEX_POINT('',#2984);
#851=VERTEX_POINT('',#2986);
#852=VERTEX_POINT('',#2988);
#853=VERTEX_POINT('',#2990);
#854=VERTEX_POINT('',#2992);
#855=VERTEX_POINT('',#2994);
#856=VERTEX_POINT('',#2996);
#857=VERTEX_POINT('',#2998);
#858=VERTEX_POINT('',#3000);
#859=VERTEX_POINT('',#3003);
#860=VERTEX_POINT('',#3004);
#861=VERTEX_POINT('',#3006);
#862=VERTEX_POINT('',#3009);
#863=VERTEX_POINT('',#3010);
#864=VERTEX_POINT('',#3012);
#865=VERTEX_POINT('',#3016);
#866=VERTEX_POINT('',#3017);
#867=VERTEX_POINT('',#3019);
#868=VERTEX_POINT('',#3021);
#869=VERTEX_POINT('',#3025);
#870=VERTEX_POINT('',#3026);
#871=VERTEX_POINT('',#3028);
#872=VERTEX_POINT('',#3030);
#873=VERTEX_POINT('',#3034);
#874=VERTEX_POINT('',#3036);
#875=VERTEX_POINT('',#3041);
#876=VERTEX_POINT('',#3043);
#877=VERTEX_POINT('',#3047);
#878=VERTEX_POINT('',#3049);
#879=VERTEX_POINT('',#3051);
#880=VERTEX_POINT('',#3053);
#881=VERTEX_POINT('',#3055);
#882=VERTEX_POINT('',#3058);
#883=VERTEX_POINT('',#3060);
#884=VERTEX_POINT('',#3063);
#885=VERTEX_POINT('',#3068);
#886=VERTEX_POINT('',#3072);
#887=VERTEX_POINT('',#3078);
#888=VERTEX_POINT('',#3082);
#889=VERTEX_POINT('',#3091);
#890=VERTEX_POINT('',#3095);
#891=VERTEX_POINT('',#3101);
#892=VERTEX_POINT('',#3106);
#893=VERTEX_POINT('',#3110);
#894=VERTEX_POINT('',#3114);
#895=VERTEX_POINT('',#3118);
#896=VERTEX_POINT('',#3120);
#897=VERTEX_POINT('',#3124);
#898=VERTEX_POINT('',#3128);
#899=VERTEX_POINT('',#3132);
#900=VERTEX_POINT('',#3136);
#901=VERTEX_POINT('',#3142);
#902=VERTEX_POINT('',#3146);
#903=VERTEX_POINT('',#3150);
#904=VERTEX_POINT('',#3154);
#905=VERTEX_POINT('',#3158);
#906=VERTEX_POINT('',#3162);
#907=VERTEX_POINT('',#3166);
#908=VERTEX_POINT('',#3170);
#909=VERTEX_POINT('',#3171);
#910=VERTEX_POINT('',#3176);
#911=VERTEX_POINT('',#3180);
#912=VERTEX_POINT('',#3184);
#913=VERTEX_POINT('',#3188);
#914=VERTEX_POINT('',#3192);
#915=VERTEX_POINT('',#3196);
#916=VERTEX_POINT('',#3200);
#917=VERTEX_POINT('',#3201);
#918=VERTEX_POINT('',#3206);
#919=VERTEX_POINT('',#3210);
#920=VERTEX_POINT('',#3214);
#921=VERTEX_POINT('',#3218);
#922=VERTEX_POINT('',#3222);
#923=VERTEX_POINT('',#3224);
#924=VERTEX_POINT('',#3230);
#925=VERTEX_POINT('',#3238);
#926=VERTEX_POINT('',#3242);
#927=VERTEX_POINT('',#3246);
#928=VERTEX_POINT('',#3252);
#929=VERTEX_POINT('',#3256);
#930=VERTEX_POINT('',#3258);
#931=VERTEX_POINT('',#3260);
#932=VERTEX_POINT('',#3262);
#933=VERTEX_POINT('',#3264);
#934=VERTEX_POINT('',#3266);
#935=VERTEX_POINT('',#3268);
#936=VERTEX_POINT('',#3270);
#937=VERTEX_POINT('',#3272);
#938=VERTEX_POINT('',#3274);
#939=VERTEX_POINT('',#3276);
#940=VERTEX_POINT('',#3278);
#941=VERTEX_POINT('',#3280);
#942=VERTEX_POINT('',#3282);
#943=VERTEX_POINT('',#3284);
#944=VERTEX_POINT('',#3286);
#945=VERTEX_POINT('',#3288);
#946=VERTEX_POINT('',#3290);
#947=VERTEX_POINT('',#3292);
#948=VERTEX_POINT('',#3294);
#949=VERTEX_POINT('',#3296);
#950=VERTEX_POINT('',#3298);
#951=VERTEX_POINT('',#3300);
#952=VERTEX_POINT('',#3302);
#953=VERTEX_POINT('',#3304);
#954=VERTEX_POINT('',#3306);
#955=VERTEX_POINT('',#3308);
#956=VERTEX_POINT('',#3310);
#957=VERTEX_POINT('',#3312);
#958=VERTEX_POINT('',#3314);
#959=VERTEX_POINT('',#3316);
#960=VERTEX_POINT('',#3318);
#961=VERTEX_POINT('',#3320);
#962=VERTEX_POINT('',#3322);
#963=EDGE_CURVE('',#765,#766,#367,.T.);
#964=EDGE_CURVE('',#766,#767,#368,.T.);
#965=EDGE_CURVE('',#767,#768,#369,.T.);
#966=EDGE_CURVE('',#765,#768,#370,.T.);
#967=EDGE_CURVE('',#769,#766,#371,.T.);
#968=EDGE_CURVE('',#770,#769,#372,.T.);
#969=EDGE_CURVE('',#770,#767,#373,.T.);
#970=EDGE_CURVE('',#771,#770,#374,.T.);
#971=EDGE_CURVE('',#769,#772,#375,.T.);
#972=EDGE_CURVE('',#772,#771,#376,.T.);
#973=EDGE_CURVE('',#773,#774,#377,.T.);
#974=EDGE_CURVE('',#774,#775,#378,.T.);
#975=EDGE_CURVE('',#775,#776,#379,.T.);
#976=EDGE_CURVE('',#776,#773,#380,.T.);
#977=EDGE_CURVE('',#777,#774,#381,.T.);
#978=EDGE_CURVE('',#778,#777,#382,.T.);
#979=EDGE_CURVE('',#775,#778,#383,.T.);
#980=EDGE_CURVE('',#779,#779,#70,.T.);
#981=EDGE_CURVE('',#777,#780,#384,.T.);
#982=EDGE_CURVE('',#780,#781,#385,.T.);
#983=EDGE_CURVE('',#781,#778,#386,.T.);
#984=EDGE_CURVE('',#773,#782,#387,.T.);
#985=EDGE_CURVE('',#782,#783,#388,.T.);
#986=EDGE_CURVE('',#783,#780,#389,.T.);
#987=EDGE_CURVE('',#784,#785,#390,.T.);
#988=EDGE_CURVE('',#785,#776,#391,.F.);
#989=EDGE_CURVE('',#781,#784,#392,.T.);
#990=EDGE_CURVE('',#782,#786,#393,.T.);
#991=EDGE_CURVE('',#787,#786,#71,.T.);
#992=EDGE_CURVE('',#788,#787,#72,.T.);
#993=EDGE_CURVE('',#789,#788,#73,.T.);
#994=EDGE_CURVE('',#789,#790,#394,.T.);
#995=EDGE_CURVE('',#791,#790,#74,.T.);
#996=EDGE_CURVE('',#792,#791,#395,.T.);
#997=EDGE_CURVE('',#793,#792,#75,.T.);
#998=EDGE_CURVE('',#794,#793,#76,.T.);
#999=EDGE_CURVE('',#795,#794,#77,.T.);
#1000=EDGE_CURVE('',#796,#795,#396,.T.);
#1001=EDGE_CURVE('',#797,#796,#78,.T.);
#1002=EDGE_CURVE('',#798,#797,#397,.T.);
#1003=EDGE_CURVE('',#799,#798,#79,.T.);
#1004=EDGE_CURVE('',#800,#799,#398,.T.);
#1005=EDGE_CURVE('',#801,#800,#80,.T.);
#1006=EDGE_CURVE('',#802,#801,#81,.T.);
#1007=EDGE_CURVE('',#803,#802,#82,.T.);
#1008=EDGE_CURVE('',#804,#803,#399,.T.);
#1009=EDGE_CURVE('',#805,#804,#83,.T.);
#1010=EDGE_CURVE('',#806,#805,#400,.T.);
#1011=EDGE_CURVE('',#807,#806,#84,.T.);
#1012=EDGE_CURVE('',#808,#807,#401,.T.);
#1013=EDGE_CURVE('',#809,#808,#85,.T.);
#1014=EDGE_CURVE('',#810,#809,#86,.T.);
#1015=EDGE_CURVE('',#811,#810,#87,.T.);
#1016=EDGE_CURVE('',#812,#811,#402,.T.);
#1017=EDGE_CURVE('',#813,#812,#88,.T.);
#1018=EDGE_CURVE('',#814,#813,#403,.T.);
#1019=EDGE_CURVE('',#815,#814,#89,.T.);
#1020=EDGE_CURVE('',#816,#815,#404,.T.);
#1021=EDGE_CURVE('',#817,#816,#90,.T.);
#1022=EDGE_CURVE('',#818,#817,#91,.T.);
#1023=EDGE_CURVE('',#819,#818,#92,.T.);
#1024=EDGE_CURVE('',#820,#819,#405,.T.);
#1025=EDGE_CURVE('',#821,#820,#93,.T.);
#1026=EDGE_CURVE('',#768,#821,#406,.T.);
#1027=EDGE_CURVE('',#822,#771,#407,.T.);
#1028=EDGE_CURVE('',#823,#822,#94,.T.);
#1029=EDGE_CURVE('',#824,#823,#408,.T.);
#1030=EDGE_CURVE('',#825,#824,#95,.T.);
#1031=EDGE_CURVE('',#826,#825,#96,.T.);
#1032=EDGE_CURVE('',#827,#826,#97,.T.);
#1033=EDGE_CURVE('',#828,#827,#409,.T.);
#1034=EDGE_CURVE('',#829,#828,#98,.T.);
#1035=EDGE_CURVE('',#830,#829,#410,.T.);
#1036=EDGE_CURVE('',#831,#830,#99,.T.);
#1037=EDGE_CURVE('',#832,#831,#411,.T.);
#1038=EDGE_CURVE('',#833,#832,#100,.T.);
#1039=EDGE_CURVE('',#834,#833,#101,.T.);
#1040=EDGE_CURVE('',#835,#834,#102,.T.);
#1041=EDGE_CURVE('',#836,#835,#412,.T.);
#1042=EDGE_CURVE('',#837,#836,#103,.T.);
#1043=EDGE_CURVE('',#838,#837,#413,.T.);
#1044=EDGE_CURVE('',#839,#838,#104,.T.);
#1045=EDGE_CURVE('',#840,#839,#414,.T.);
#1046=EDGE_CURVE('',#841,#840,#105,.T.);
#1047=EDGE_CURVE('',#842,#841,#106,.T.);
#1048=EDGE_CURVE('',#843,#842,#107,.T.);
#1049=EDGE_CURVE('',#844,#843,#415,.T.);
#1050=EDGE_CURVE('',#845,#844,#108,.T.);
#1051=EDGE_CURVE('',#846,#845,#416,.T.);
#1052=EDGE_CURVE('',#847,#846,#109,.T.);
#1053=EDGE_CURVE('',#848,#847,#417,.T.);
#1054=EDGE_CURVE('',#849,#848,#110,.T.);
#1055=EDGE_CURVE('',#850,#849,#111,.T.);
#1056=EDGE_CURVE('',#851,#850,#112,.T.);
#1057=EDGE_CURVE('',#852,#851,#418,.T.);
#1058=EDGE_CURVE('',#853,#852,#113,.T.);
#1059=EDGE_CURVE('',#853,#854,#419,.T.);
#1060=EDGE_CURVE('',#855,#854,#114,.T.);
#1061=EDGE_CURVE('',#856,#855,#115,.T.);
#1062=EDGE_CURVE('',#857,#856,#116,.T.);
#1063=EDGE_CURVE('',#857,#858,#420,.T.);
#1064=EDGE_CURVE('',#858,#783,#421,.T.);
#1065=EDGE_CURVE('',#859,#860,#422,.T.);
#1066=EDGE_CURVE('',#860,#861,#423,.T.);
#1067=EDGE_CURVE('',#859,#861,#424,.T.);
#1068=EDGE_CURVE('',#862,#863,#425,.T.);
#1069=EDGE_CURVE('',#864,#862,#426,.T.);
#1070=EDGE_CURVE('',#863,#864,#427,.T.);
#1071=EDGE_CURVE('',#865,#866,#428,.T.);
#1072=EDGE_CURVE('',#865,#867,#429,.T.);
#1073=EDGE_CURVE('',#868,#867,#430,.T.);
#1074=EDGE_CURVE('',#866,#868,#431,.T.);
#1075=EDGE_CURVE('',#869,#870,#432,.T.);
#1076=EDGE_CURVE('',#871,#870,#433,.T.);
#1077=EDGE_CURVE('',#872,#871,#434,.T.);
#1078=EDGE_CURVE('',#869,#872,#435,.T.);
#1079=EDGE_CURVE('',#873,#865,#436,.T.);
#1080=EDGE_CURVE('',#874,#873,#437,.T.);
#1081=EDGE_CURVE('',#867,#874,#438,.T.);
#1082=EDGE_CURVE('',#872,#874,#439,.T.);
#1083=EDGE_CURVE('',#875,#871,#440,.T.);
#1084=EDGE_CURVE('',#875,#876,#441,.T.);
#1085=EDGE_CURVE('',#868,#876,#442,.T.);
#1086=EDGE_CURVE('',#877,#876,#443,.T.);
#1087=EDGE_CURVE('',#877,#878,#117,.T.);
#1088=EDGE_CURVE('',#878,#879,#118,.T.);
#1089=EDGE_CURVE('',#880,#879,#444,.T.);
#1090=EDGE_CURVE('',#880,#881,#445,.T.);
#1091=EDGE_CURVE('',#881,#862,#446,.T.);
#1092=EDGE_CURVE('',#863,#882,#447,.T.);
#1093=EDGE_CURVE('',#882,#883,#448,.T.);
#1094=EDGE_CURVE('',#883,#859,#449,.T.);
#1095=EDGE_CURVE('',#884,#861,#450,.T.);
#1096=EDGE_CURVE('',#869,#884,#451,.T.);
#1097=EDGE_CURVE('',#866,#873,#452,.T.);
#1098=EDGE_CURVE('',#885,#883,#453,.T.);
#1099=EDGE_CURVE('',#860,#885,#454,.T.);
#1100=EDGE_CURVE('',#886,#881,#455,.T.);
#1101=EDGE_CURVE('',#864,#886,#456,.T.);
#1102=EDGE_CURVE('',#882,#886,#457,.T.);
#1103=EDGE_CURVE('',#880,#887,#458,.T.);
#1104=EDGE_CURVE('',#885,#887,#459,.T.);
#1105=EDGE_CURVE('',#888,#888,#119,.T.);
#1106=EDGE_CURVE('',#888,#878,#460,.T.);
#1107=EDGE_CURVE('',#879,#877,#62,.T.);
#1108=EDGE_CURVE('',#889,#889,#120,.T.);
#1109=EDGE_CURVE('',#887,#858,#461,.T.);
#1110=EDGE_CURVE('',#890,#875,#462,.T.);
#1111=EDGE_CURVE('',#784,#890,#463,.T.);
#1112=EDGE_CURVE('',#779,#889,#464,.T.);
#1113=EDGE_CURVE('',#891,#785,#465,.T.);
#1114=EDGE_CURVE('',#786,#891,#466,.T.);
#1115=EDGE_CURVE('',#884,#870,#467,.T.);
#1116=EDGE_CURVE('',#892,#857,#468,.T.);
#1117=EDGE_CURVE('',#890,#892,#469,.T.);
#1118=EDGE_CURVE('',#891,#893,#121,.T.);
#1119=EDGE_CURVE('',#893,#787,#470,.T.);
#1120=EDGE_CURVE('',#894,#893,#122,.T.);
#1121=EDGE_CURVE('',#788,#894,#471,.T.);
#1122=EDGE_CURVE('',#792,#895,#472,.T.);
#1123=EDGE_CURVE('',#895,#896,#123,.T.);
#1124=EDGE_CURVE('',#896,#793,#473,.T.);
#1125=EDGE_CURVE('',#897,#791,#474,.T.);
#1126=EDGE_CURVE('',#897,#895,#475,.T.);
#1127=EDGE_CURVE('',#898,#897,#124,.T.);
#1128=EDGE_CURVE('',#790,#898,#476,.T.);
#1129=EDGE_CURVE('',#894,#899,#125,.T.);
#1130=EDGE_CURVE('',#899,#789,#477,.T.);
#1131=EDGE_CURVE('',#900,#896,#126,.T.);
#1132=EDGE_CURVE('',#794,#900,#478,.T.);
#1133=EDGE_CURVE('',#898,#899,#479,.T.);
#1134=EDGE_CURVE('',#900,#901,#127,.T.);
#1135=EDGE_CURVE('',#901,#795,#480,.T.);
#1136=EDGE_CURVE('',#902,#901,#481,.T.);
#1137=EDGE_CURVE('',#796,#902,#482,.T.);
#1138=EDGE_CURVE('',#902,#903,#128,.T.);
#1139=EDGE_CURVE('',#903,#797,#483,.T.);
#1140=EDGE_CURVE('',#904,#903,#484,.T.);
#1141=EDGE_CURVE('',#798,#904,#485,.T.);
#1142=EDGE_CURVE('',#904,#905,#129,.T.);
#1143=EDGE_CURVE('',#905,#799,#486,.T.);
#1144=EDGE_CURVE('',#906,#905,#487,.T.);
#1145=EDGE_CURVE('',#800,#906,#488,.T.);
#1146=EDGE_CURVE('',#906,#907,#130,.T.);
#1147=EDGE_CURVE('',#907,#801,#489,.T.);
#1148=EDGE_CURVE('',#908,#909,#131,.T.);
#1149=EDGE_CURVE('',#909,#803,#490,.T.);
#1150=EDGE_CURVE('',#802,#908,#491,.T.);
#1151=EDGE_CURVE('',#910,#909,#492,.T.);
#1152=EDGE_CURVE('',#804,#910,#493,.T.);
#1153=EDGE_CURVE('',#910,#911,#132,.T.);
#1154=EDGE_CURVE('',#911,#805,#494,.T.);
#1155=EDGE_CURVE('',#912,#911,#495,.T.);
#1156=EDGE_CURVE('',#806,#912,#496,.T.);
#1157=EDGE_CURVE('',#912,#913,#133,.T.);
#1158=EDGE_CURVE('',#913,#807,#497,.T.);
#1159=EDGE_CURVE('',#914,#913,#498,.T.);
#1160=EDGE_CURVE('',#808,#914,#499,.T.);
#1161=EDGE_CURVE('',#914,#915,#134,.T.);
#1162=EDGE_CURVE('',#915,#809,#500,.T.);
#1163=EDGE_CURVE('',#916,#917,#135,.T.);
#1164=EDGE_CURVE('',#917,#811,#501,.T.);
#1165=EDGE_CURVE('',#810,#916,#502,.T.);
#1166=EDGE_CURVE('',#918,#917,#503,.T.);
#1167=EDGE_CURVE('',#812,#918,#504,.T.);
#1168=EDGE_CURVE('',#918,#919,#136,.T.);
#1169=EDGE_CURVE('',#919,#813,#505,.T.);
#1170=EDGE_CURVE('',#920,#919,#506,.T.);
#1171=EDGE_CURVE('',#814,#920,#507,.T.);
#1172=EDGE_CURVE('',#920,#921,#137,.T.);
#1173=EDGE_CURVE('',#921,#815,#508,.T.);
#1174=EDGE_CURVE('',#816,#922,#509,.T.);
#1175=EDGE_CURVE('',#922,#923,#138,.T.);
#1176=EDGE_CURVE('',#923,#817,#510,.T.);
#1177=EDGE_CURVE('',#922,#921,#511,.T.);
#1178=EDGE_CURVE('',#924,#923,#139,.T.);
#1179=EDGE_CURVE('',#818,#924,#512,.T.);
#1180=EDGE_CURVE('',#916,#915,#140,.T.);
#1181=EDGE_CURVE('',#908,#907,#141,.T.);
#1182=EDGE_CURVE('',#924,#925,#142,.T.);
#1183=EDGE_CURVE('',#925,#819,#513,.T.);
#1184=EDGE_CURVE('',#926,#925,#514,.T.);
#1185=EDGE_CURVE('',#820,#926,#515,.T.);
#1186=EDGE_CURVE('',#926,#927,#143,.T.);
#1187=EDGE_CURVE('',#927,#821,#516,.T.);
#1188=EDGE_CURVE('',#765,#927,#517,.T.);
#1189=EDGE_CURVE('',#856,#928,#518,.T.);
#1190=EDGE_CURVE('',#928,#892,#144,.T.);
#1191=EDGE_CURVE('',#928,#929,#145,.T.);
#1192=EDGE_CURVE('',#930,#929,#146,.T.);
#1193=EDGE_CURVE('',#930,#931,#519,.T.);
#1194=EDGE_CURVE('',#932,#931,#147,.T.);
#1195=EDGE_CURVE('',#933,#932,#520,.T.);
#1196=EDGE_CURVE('',#934,#933,#148,.T.);
#1197=EDGE_CURVE('',#934,#935,#149,.T.);
#1198=EDGE_CURVE('',#936,#935,#150,.T.);
#1199=EDGE_CURVE('',#936,#937,#521,.T.);
#1200=EDGE_CURVE('',#938,#937,#151,.T.);
#1201=EDGE_CURVE('',#938,#939,#522,.T.);
#1202=EDGE_CURVE('',#940,#939,#152,.T.);
#1203=EDGE_CURVE('',#940,#941,#523,.T.);
#1204=EDGE_CURVE('',#942,#941,#153,.T.);
#1205=EDGE_CURVE('',#942,#943,#154,.T.);
#1206=EDGE_CURVE('',#944,#943,#155,.T.);
#1207=EDGE_CURVE('',#944,#945,#524,.T.);
#1208=EDGE_CURVE('',#946,#945,#156,.T.);
#1209=EDGE_CURVE('',#946,#947,#525,.T.);
#1210=EDGE_CURVE('',#948,#947,#157,.T.);
#1211=EDGE_CURVE('',#948,#949,#526,.T.);
#1212=EDGE_CURVE('',#950,#949,#158,.T.);
#1213=EDGE_CURVE('',#950,#951,#159,.T.);
#1214=EDGE_CURVE('',#952,#951,#160,.T.);
#1215=EDGE_CURVE('',#952,#953,#527,.T.);
#1216=EDGE_CURVE('',#954,#953,#161,.T.);
#1217=EDGE_CURVE('',#954,#955,#528,.T.);
#1218=EDGE_CURVE('',#956,#955,#162,.T.);
#1219=EDGE_CURVE('',#956,#957,#529,.T.);
#1220=EDGE_CURVE('',#958,#957,#163,.T.);
#1221=EDGE_CURVE('',#958,#959,#164,.T.);
#1222=EDGE_CURVE('',#960,#959,#165,.T.);
#1223=EDGE_CURVE('',#960,#961,#530,.T.);
#1224=EDGE_CURVE('',#962,#961,#166,.T.);
#1225=EDGE_CURVE('',#962,#772,#531,.T.);
#1226=EDGE_CURVE('',#961,#823,#532,.T.);
#1227=EDGE_CURVE('',#824,#960,#533,.T.);
#1228=EDGE_CURVE('',#959,#825,#534,.T.);
#1229=EDGE_CURVE('',#822,#962,#535,.T.);
#1230=EDGE_CURVE('',#826,#958,#536,.T.);
#1231=EDGE_CURVE('',#951,#833,#537,.T.);
#1232=EDGE_CURVE('',#834,#950,#538,.T.);
#1233=EDGE_CURVE('',#943,#841,#539,.T.);
#1234=EDGE_CURVE('',#842,#942,#540,.T.);
#1235=EDGE_CURVE('',#848,#936,#541,.T.);
#1236=EDGE_CURVE('',#935,#849,#542,.T.);
#1237=EDGE_CURVE('',#937,#847,#543,.T.);
#1238=EDGE_CURVE('',#846,#938,#544,.T.);
#1239=EDGE_CURVE('',#939,#845,#545,.T.);
#1240=EDGE_CURVE('',#844,#940,#546,.T.);
#1241=EDGE_CURVE('',#941,#843,#547,.T.);
#1242=EDGE_CURVE('',#840,#944,#548,.T.);
#1243=EDGE_CURVE('',#945,#839,#549,.T.);
#1244=EDGE_CURVE('',#838,#946,#550,.T.);
#1245=EDGE_CURVE('',#947,#837,#551,.T.);
#1246=EDGE_CURVE('',#836,#948,#552,.T.);
#1247=EDGE_CURVE('',#949,#835,#553,.T.);
#1248=EDGE_CURVE('',#832,#952,#554,.T.);
#1249=EDGE_CURVE('',#953,#831,#555,.T.);
#1250=EDGE_CURVE('',#830,#954,#556,.T.);
#1251=EDGE_CURVE('',#955,#829,#557,.T.);
#1252=EDGE_CURVE('',#828,#956,#558,.T.);
#1253=EDGE_CURVE('',#957,#827,#559,.T.);
#1254=EDGE_CURVE('',#850,#934,#560,.T.);
#1255=EDGE_CURVE('',#929,#855,#561,.T.);
#1256=EDGE_CURVE('',#854,#930,#562,.T.);
#1257=EDGE_CURVE('',#931,#853,#563,.T.);
#1258=EDGE_CURVE('',#852,#932,#564,.T.);
#1259=EDGE_CURVE('',#933,#851,#565,.T.);
#1260=ORIENTED_EDGE('',*,*,#963,.T.);
#1261=ORIENTED_EDGE('',*,*,#964,.T.);
#1262=ORIENTED_EDGE('',*,*,#965,.T.);
#1263=ORIENTED_EDGE('',*,*,#966,.F.);
#1264=ORIENTED_EDGE('',*,*,#964,.F.);
#1265=ORIENTED_EDGE('',*,*,#967,.F.);
#1266=ORIENTED_EDGE('',*,*,#968,.F.);
#1267=ORIENTED_EDGE('',*,*,#969,.T.);
#1268=ORIENTED_EDGE('',*,*,#970,.T.);
#1269=ORIENTED_EDGE('',*,*,#968,.T.);
#1270=ORIENTED_EDGE('',*,*,#971,.T.);
#1271=ORIENTED_EDGE('',*,*,#972,.T.);
#1272=ORIENTED_EDGE('',*,*,#973,.T.);
#1273=ORIENTED_EDGE('',*,*,#974,.T.);
#1274=ORIENTED_EDGE('',*,*,#975,.T.);
#1275=ORIENTED_EDGE('',*,*,#976,.T.);
#1276=ORIENTED_EDGE('',*,*,#974,.F.);
#1277=ORIENTED_EDGE('',*,*,#977,.F.);
#1278=ORIENTED_EDGE('',*,*,#978,.F.);
#1279=ORIENTED_EDGE('',*,*,#979,.F.);
#1280=ORIENTED_EDGE('',*,*,#980,.T.);
#1281=ORIENTED_EDGE('',*,*,#978,.T.);
#1282=ORIENTED_EDGE('',*,*,#981,.T.);
#1283=ORIENTED_EDGE('',*,*,#982,.T.);
#1284=ORIENTED_EDGE('',*,*,#983,.T.);
#1285=ORIENTED_EDGE('',*,*,#977,.T.);
#1286=ORIENTED_EDGE('',*,*,#973,.F.);
#1287=ORIENTED_EDGE('',*,*,#984,.T.);
#1288=ORIENTED_EDGE('',*,*,#985,.T.);
#1289=ORIENTED_EDGE('',*,*,#986,.T.);
#1290=ORIENTED_EDGE('',*,*,#981,.F.);
#1291=ORIENTED_EDGE('',*,*,#987,.T.);
#1292=ORIENTED_EDGE('',*,*,#988,.T.);
#1293=ORIENTED_EDGE('',*,*,#975,.F.);
#1294=ORIENTED_EDGE('',*,*,#979,.T.);
#1295=ORIENTED_EDGE('',*,*,#983,.F.);
#1296=ORIENTED_EDGE('',*,*,#989,.T.);
#1297=ORIENTED_EDGE('',*,*,#985,.F.);
#1298=ORIENTED_EDGE('',*,*,#990,.T.);
#1299=ORIENTED_EDGE('',*,*,#991,.F.);
#1300=ORIENTED_EDGE('',*,*,#992,.F.);
#1301=ORIENTED_EDGE('',*,*,#993,.F.);
#1302=ORIENTED_EDGE('',*,*,#994,.T.);
#1303=ORIENTED_EDGE('',*,*,#995,.F.);
#1304=ORIENTED_EDGE('',*,*,#996,.F.);
#1305=ORIENTED_EDGE('',*,*,#997,.F.);
#1306=ORIENTED_EDGE('',*,*,#998,.F.);
#1307=ORIENTED_EDGE('',*,*,#999,.F.);
#1308=ORIENTED_EDGE('',*,*,#1000,.F.);
#1309=ORIENTED_EDGE('',*,*,#1001,.F.);
#1310=ORIENTED_EDGE('',*,*,#1002,.F.);
#1311=ORIENTED_EDGE('',*,*,#1003,.F.);
#1312=ORIENTED_EDGE('',*,*,#1004,.F.);
#1313=ORIENTED_EDGE('',*,*,#1005,.F.);
#1314=ORIENTED_EDGE('',*,*,#1006,.F.);
#1315=ORIENTED_EDGE('',*,*,#1007,.F.);
#1316=ORIENTED_EDGE('',*,*,#1008,.F.);
#1317=ORIENTED_EDGE('',*,*,#1009,.F.);
#1318=ORIENTED_EDGE('',*,*,#1010,.F.);
#1319=ORIENTED_EDGE('',*,*,#1011,.F.);
#1320=ORIENTED_EDGE('',*,*,#1012,.F.);
#1321=ORIENTED_EDGE('',*,*,#1013,.F.);
#1322=ORIENTED_EDGE('',*,*,#1014,.F.);
#1323=ORIENTED_EDGE('',*,*,#1015,.F.);
#1324=ORIENTED_EDGE('',*,*,#1016,.F.);
#1325=ORIENTED_EDGE('',*,*,#1017,.F.);
#1326=ORIENTED_EDGE('',*,*,#1018,.F.);
#1327=ORIENTED_EDGE('',*,*,#1019,.F.);
#1328=ORIENTED_EDGE('',*,*,#1020,.F.);
#1329=ORIENTED_EDGE('',*,*,#1021,.F.);
#1330=ORIENTED_EDGE('',*,*,#1022,.F.);
#1331=ORIENTED_EDGE('',*,*,#1023,.F.);
#1332=ORIENTED_EDGE('',*,*,#1024,.F.);
#1333=ORIENTED_EDGE('',*,*,#1025,.F.);
#1334=ORIENTED_EDGE('',*,*,#1026,.F.);
#1335=ORIENTED_EDGE('',*,*,#965,.F.);
#1336=ORIENTED_EDGE('',*,*,#969,.F.);
#1337=ORIENTED_EDGE('',*,*,#970,.F.);
#1338=ORIENTED_EDGE('',*,*,#1027,.F.);
#1339=ORIENTED_EDGE('',*,*,#1028,.F.);
#1340=ORIENTED_EDGE('',*,*,#1029,.F.);
#1341=ORIENTED_EDGE('',*,*,#1030,.F.);
#1342=ORIENTED_EDGE('',*,*,#1031,.F.);
#1343=ORIENTED_EDGE('',*,*,#1032,.F.);
#1344=ORIENTED_EDGE('',*,*,#1033,.F.);
#1345=ORIENTED_EDGE('',*,*,#1034,.F.);
#1346=ORIENTED_EDGE('',*,*,#1035,.F.);
#1347=ORIENTED_EDGE('',*,*,#1036,.F.);
#1348=ORIENTED_EDGE('',*,*,#1037,.F.);
#1349=ORIENTED_EDGE('',*,*,#1038,.F.);
#1350=ORIENTED_EDGE('',*,*,#1039,.F.);
#1351=ORIENTED_EDGE('',*,*,#1040,.F.);
#1352=ORIENTED_EDGE('',*,*,#1041,.F.);
#1353=ORIENTED_EDGE('',*,*,#1042,.F.);
#1354=ORIENTED_EDGE('',*,*,#1043,.F.);
#1355=ORIENTED_EDGE('',*,*,#1044,.F.);
#1356=ORIENTED_EDGE('',*,*,#1045,.F.);
#1357=ORIENTED_EDGE('',*,*,#1046,.F.);
#1358=ORIENTED_EDGE('',*,*,#1047,.F.);
#1359=ORIENTED_EDGE('',*,*,#1048,.F.);
#1360=ORIENTED_EDGE('',*,*,#1049,.F.);
#1361=ORIENTED_EDGE('',*,*,#1050,.F.);
#1362=ORIENTED_EDGE('',*,*,#1051,.F.);
#1363=ORIENTED_EDGE('',*,*,#1052,.F.);
#1364=ORIENTED_EDGE('',*,*,#1053,.F.);
#1365=ORIENTED_EDGE('',*,*,#1054,.F.);
#1366=ORIENTED_EDGE('',*,*,#1055,.F.);
#1367=ORIENTED_EDGE('',*,*,#1056,.F.);
#1368=ORIENTED_EDGE('',*,*,#1057,.F.);
#1369=ORIENTED_EDGE('',*,*,#1058,.F.);
#1370=ORIENTED_EDGE('',*,*,#1059,.T.);
#1371=ORIENTED_EDGE('',*,*,#1060,.F.);
#1372=ORIENTED_EDGE('',*,*,#1061,.F.);
#1373=ORIENTED_EDGE('',*,*,#1062,.F.);
#1374=ORIENTED_EDGE('',*,*,#1063,.T.);
#1375=ORIENTED_EDGE('',*,*,#1064,.T.);
#1376=ORIENTED_EDGE('',*,*,#1065,.T.);
#1377=ORIENTED_EDGE('',*,*,#1066,.T.);
#1378=ORIENTED_EDGE('',*,*,#1067,.F.);
#1379=ORIENTED_EDGE('',*,*,#1068,.F.);
#1380=ORIENTED_EDGE('',*,*,#1069,.F.);
#1381=ORIENTED_EDGE('',*,*,#1070,.F.);
#1382=ORIENTED_EDGE('',*,*,#1071,.F.);
#1383=ORIENTED_EDGE('',*,*,#1072,.T.);
#1384=ORIENTED_EDGE('',*,*,#1073,.F.);
#1385=ORIENTED_EDGE('',*,*,#1074,.F.);
#1386=ORIENTED_EDGE('',*,*,#1075,.T.);
#1387=ORIENTED_EDGE('',*,*,#1076,.F.);
#1388=ORIENTED_EDGE('',*,*,#1077,.F.);
#1389=ORIENTED_EDGE('',*,*,#1078,.F.);
#1390=ORIENTED_EDGE('',*,*,#1079,.F.);
#1391=ORIENTED_EDGE('',*,*,#1080,.F.);
#1392=ORIENTED_EDGE('',*,*,#1081,.F.);
#1393=ORIENTED_EDGE('',*,*,#1072,.F.);
#1394=ORIENTED_EDGE('',*,*,#1081,.T.);
#1395=ORIENTED_EDGE('',*,*,#1082,.F.);
#1396=ORIENTED_EDGE('',*,*,#1077,.T.);
#1397=ORIENTED_EDGE('',*,*,#1083,.F.);
#1398=ORIENTED_EDGE('',*,*,#1084,.T.);
#1399=ORIENTED_EDGE('',*,*,#1085,.F.);
#1400=ORIENTED_EDGE('',*,*,#1073,.T.);
#1401=ORIENTED_EDGE('',*,*,#1074,.T.);
#1402=ORIENTED_EDGE('',*,*,#1085,.T.);
#1403=ORIENTED_EDGE('',*,*,#1086,.F.);
#1404=ORIENTED_EDGE('',*,*,#1087,.T.);
#1405=ORIENTED_EDGE('',*,*,#1088,.T.);
#1406=ORIENTED_EDGE('',*,*,#1089,.F.);
#1407=ORIENTED_EDGE('',*,*,#1090,.T.);
#1408=ORIENTED_EDGE('',*,*,#1091,.T.);
#1409=ORIENTED_EDGE('',*,*,#1068,.T.);
#1410=ORIENTED_EDGE('',*,*,#1092,.T.);
#1411=ORIENTED_EDGE('',*,*,#1093,.T.);
#1412=ORIENTED_EDGE('',*,*,#1094,.T.);
#1413=ORIENTED_EDGE('',*,*,#1067,.T.);
#1414=ORIENTED_EDGE('',*,*,#1095,.F.);
#1415=ORIENTED_EDGE('',*,*,#1096,.F.);
#1416=ORIENTED_EDGE('',*,*,#1078,.T.);
#1417=ORIENTED_EDGE('',*,*,#1082,.T.);
#1418=ORIENTED_EDGE('',*,*,#1080,.T.);
#1419=ORIENTED_EDGE('',*,*,#1097,.F.);
#1420=ORIENTED_EDGE('',*,*,#1065,.F.);
#1421=ORIENTED_EDGE('',*,*,#1094,.F.);
#1422=ORIENTED_EDGE('',*,*,#1098,.F.);
#1423=ORIENTED_EDGE('',*,*,#1099,.F.);
#1424=ORIENTED_EDGE('',*,*,#1069,.T.);
#1425=ORIENTED_EDGE('',*,*,#1091,.F.);
#1426=ORIENTED_EDGE('',*,*,#1100,.F.);
#1427=ORIENTED_EDGE('',*,*,#1101,.F.);
#1428=ORIENTED_EDGE('',*,*,#1070,.T.);
#1429=ORIENTED_EDGE('',*,*,#1101,.T.);
#1430=ORIENTED_EDGE('',*,*,#1102,.F.);
#1431=ORIENTED_EDGE('',*,*,#1092,.F.);
#1432=ORIENTED_EDGE('',*,*,#1102,.T.);
#1433=ORIENTED_EDGE('',*,*,#1100,.T.);
#1434=ORIENTED_EDGE('',*,*,#1090,.F.);
#1435=ORIENTED_EDGE('',*,*,#1103,.T.);
#1436=ORIENTED_EDGE('',*,*,#1104,.F.);
#1437=ORIENTED_EDGE('',*,*,#1098,.T.);
#1438=ORIENTED_EDGE('',*,*,#1093,.F.);
#1439=ORIENTED_EDGE('',*,*,#1105,.T.);
#1440=ORIENTED_EDGE('',*,*,#1106,.T.);
#1441=ORIENTED_EDGE('',*,*,#1087,.F.);
#1442=ORIENTED_EDGE('',*,*,#1107,.F.);
#1443=ORIENTED_EDGE('',*,*,#1088,.F.);
#1444=ORIENTED_EDGE('',*,*,#1106,.F.);
#1445=ORIENTED_EDGE('',*,*,#1105,.F.);
#1446=ORIENTED_EDGE('',*,*,#1108,.F.);
#1447=ORIENTED_EDGE('',*,*,#986,.F.);
#1448=ORIENTED_EDGE('',*,*,#1064,.F.);
#1449=ORIENTED_EDGE('',*,*,#1109,.F.);
#1450=ORIENTED_EDGE('',*,*,#1103,.F.);
#1451=ORIENTED_EDGE('',*,*,#1089,.T.);
#1452=ORIENTED_EDGE('',*,*,#1107,.T.);
#1453=ORIENTED_EDGE('',*,*,#1086,.T.);
#1454=ORIENTED_EDGE('',*,*,#1084,.F.);
#1455=ORIENTED_EDGE('',*,*,#1110,.F.);
#1456=ORIENTED_EDGE('',*,*,#1111,.F.);
#1457=ORIENTED_EDGE('',*,*,#989,.F.);
#1458=ORIENTED_EDGE('',*,*,#982,.F.);
#1459=ORIENTED_EDGE('',*,*,#980,.F.);
#1460=ORIENTED_EDGE('',*,*,#1112,.T.);
#1461=ORIENTED_EDGE('',*,*,#1108,.T.);
#1462=ORIENTED_EDGE('',*,*,#1112,.F.);
#1463=ORIENTED_EDGE('',*,*,#988,.F.);
#1464=ORIENTED_EDGE('',*,*,#1113,.F.);
#1465=ORIENTED_EDGE('',*,*,#1114,.F.);
#1466=ORIENTED_EDGE('',*,*,#990,.F.);
#1467=ORIENTED_EDGE('',*,*,#984,.F.);
#1468=ORIENTED_EDGE('',*,*,#976,.F.);
#1469=ORIENTED_EDGE('',*,*,#1076,.T.);
#1470=ORIENTED_EDGE('',*,*,#1115,.F.);
#1471=ORIENTED_EDGE('',*,*,#1095,.T.);
#1472=ORIENTED_EDGE('',*,*,#1066,.F.);
#1473=ORIENTED_EDGE('',*,*,#1099,.T.);
#1474=ORIENTED_EDGE('',*,*,#1104,.T.);
#1475=ORIENTED_EDGE('',*,*,#1109,.T.);
#1476=ORIENTED_EDGE('',*,*,#1063,.F.);
#1477=ORIENTED_EDGE('',*,*,#1116,.F.);
#1478=ORIENTED_EDGE('',*,*,#1117,.F.);
#1479=ORIENTED_EDGE('',*,*,#1110,.T.);
#1480=ORIENTED_EDGE('',*,*,#1083,.T.);
#1481=ORIENTED_EDGE('',*,*,#1118,.T.);
#1482=ORIENTED_EDGE('',*,*,#1119,.T.);
#1483=ORIENTED_EDGE('',*,*,#991,.T.);
#1484=ORIENTED_EDGE('',*,*,#1114,.T.);
#1485=ORIENTED_EDGE('',*,*,#1119,.F.);
#1486=ORIENTED_EDGE('',*,*,#1120,.F.);
#1487=ORIENTED_EDGE('',*,*,#1121,.F.);
#1488=ORIENTED_EDGE('',*,*,#992,.T.);
#1489=ORIENTED_EDGE('',*,*,#997,.T.);
#1490=ORIENTED_EDGE('',*,*,#1122,.T.);
#1491=ORIENTED_EDGE('',*,*,#1123,.T.);
#1492=ORIENTED_EDGE('',*,*,#1124,.T.);
#1493=ORIENTED_EDGE('',*,*,#1122,.F.);
#1494=ORIENTED_EDGE('',*,*,#996,.T.);
#1495=ORIENTED_EDGE('',*,*,#1125,.F.);
#1496=ORIENTED_EDGE('',*,*,#1126,.T.);
#1497=ORIENTED_EDGE('',*,*,#1127,.T.);
#1498=ORIENTED_EDGE('',*,*,#1125,.T.);
#1499=ORIENTED_EDGE('',*,*,#995,.T.);
#1500=ORIENTED_EDGE('',*,*,#1128,.T.);
#1501=ORIENTED_EDGE('',*,*,#993,.T.);
#1502=ORIENTED_EDGE('',*,*,#1121,.T.);
#1503=ORIENTED_EDGE('',*,*,#1129,.T.);
#1504=ORIENTED_EDGE('',*,*,#1130,.T.);
#1505=ORIENTED_EDGE('',*,*,#1124,.F.);
#1506=ORIENTED_EDGE('',*,*,#1131,.F.);
#1507=ORIENTED_EDGE('',*,*,#1132,.F.);
#1508=ORIENTED_EDGE('',*,*,#998,.T.);
#1509=ORIENTED_EDGE('',*,*,#1128,.F.);
#1510=ORIENTED_EDGE('',*,*,#994,.F.);
#1511=ORIENTED_EDGE('',*,*,#1130,.F.);
#1512=ORIENTED_EDGE('',*,*,#1133,.F.);
#1513=ORIENTED_EDGE('',*,*,#1134,.T.);
#1514=ORIENTED_EDGE('',*,*,#1135,.T.);
#1515=ORIENTED_EDGE('',*,*,#999,.T.);
#1516=ORIENTED_EDGE('',*,*,#1132,.T.);
#1517=ORIENTED_EDGE('',*,*,#1135,.F.);
#1518=ORIENTED_EDGE('',*,*,#1136,.F.);
#1519=ORIENTED_EDGE('',*,*,#1137,.F.);
#1520=ORIENTED_EDGE('',*,*,#1000,.T.);
#1521=ORIENTED_EDGE('',*,*,#1138,.T.);
#1522=ORIENTED_EDGE('',*,*,#1139,.T.);
#1523=ORIENTED_EDGE('',*,*,#1001,.T.);
#1524=ORIENTED_EDGE('',*,*,#1137,.T.);
#1525=ORIENTED_EDGE('',*,*,#1139,.F.);
#1526=ORIENTED_EDGE('',*,*,#1140,.F.);
#1527=ORIENTED_EDGE('',*,*,#1141,.F.);
#1528=ORIENTED_EDGE('',*,*,#1002,.T.);
#1529=ORIENTED_EDGE('',*,*,#1142,.T.);
#1530=ORIENTED_EDGE('',*,*,#1143,.T.);
#1531=ORIENTED_EDGE('',*,*,#1003,.T.);
#1532=ORIENTED_EDGE('',*,*,#1141,.T.);
#1533=ORIENTED_EDGE('',*,*,#1143,.F.);
#1534=ORIENTED_EDGE('',*,*,#1144,.F.);
#1535=ORIENTED_EDGE('',*,*,#1145,.F.);
#1536=ORIENTED_EDGE('',*,*,#1004,.T.);
#1537=ORIENTED_EDGE('',*,*,#1005,.T.);
#1538=ORIENTED_EDGE('',*,*,#1145,.T.);
#1539=ORIENTED_EDGE('',*,*,#1146,.T.);
#1540=ORIENTED_EDGE('',*,*,#1147,.T.);
#1541=ORIENTED_EDGE('',*,*,#1148,.T.);
#1542=ORIENTED_EDGE('',*,*,#1149,.T.);
#1543=ORIENTED_EDGE('',*,*,#1007,.T.);
#1544=ORIENTED_EDGE('',*,*,#1150,.T.);
#1545=ORIENTED_EDGE('',*,*,#1149,.F.);
#1546=ORIENTED_EDGE('',*,*,#1151,.F.);
#1547=ORIENTED_EDGE('',*,*,#1152,.F.);
#1548=ORIENTED_EDGE('',*,*,#1008,.T.);
#1549=ORIENTED_EDGE('',*,*,#1153,.T.);
#1550=ORIENTED_EDGE('',*,*,#1154,.T.);
#1551=ORIENTED_EDGE('',*,*,#1009,.T.);
#1552=ORIENTED_EDGE('',*,*,#1152,.T.);
#1553=ORIENTED_EDGE('',*,*,#1154,.F.);
#1554=ORIENTED_EDGE('',*,*,#1155,.F.);
#1555=ORIENTED_EDGE('',*,*,#1156,.F.);
#1556=ORIENTED_EDGE('',*,*,#1010,.T.);
#1557=ORIENTED_EDGE('',*,*,#1157,.T.);
#1558=ORIENTED_EDGE('',*,*,#1158,.T.);
#1559=ORIENTED_EDGE('',*,*,#1011,.T.);
#1560=ORIENTED_EDGE('',*,*,#1156,.T.);
#1561=ORIENTED_EDGE('',*,*,#1158,.F.);
#1562=ORIENTED_EDGE('',*,*,#1159,.F.);
#1563=ORIENTED_EDGE('',*,*,#1160,.F.);
#1564=ORIENTED_EDGE('',*,*,#1012,.T.);
#1565=ORIENTED_EDGE('',*,*,#1013,.T.);
#1566=ORIENTED_EDGE('',*,*,#1160,.T.);
#1567=ORIENTED_EDGE('',*,*,#1161,.T.);
#1568=ORIENTED_EDGE('',*,*,#1162,.T.);
#1569=ORIENTED_EDGE('',*,*,#1163,.T.);
#1570=ORIENTED_EDGE('',*,*,#1164,.T.);
#1571=ORIENTED_EDGE('',*,*,#1015,.T.);
#1572=ORIENTED_EDGE('',*,*,#1165,.T.);
#1573=ORIENTED_EDGE('',*,*,#1164,.F.);
#1574=ORIENTED_EDGE('',*,*,#1166,.F.);
#1575=ORIENTED_EDGE('',*,*,#1167,.F.);
#1576=ORIENTED_EDGE('',*,*,#1016,.T.);
#1577=ORIENTED_EDGE('',*,*,#1168,.T.);
#1578=ORIENTED_EDGE('',*,*,#1169,.T.);
#1579=ORIENTED_EDGE('',*,*,#1017,.T.);
#1580=ORIENTED_EDGE('',*,*,#1167,.T.);
#1581=ORIENTED_EDGE('',*,*,#1169,.F.);
#1582=ORIENTED_EDGE('',*,*,#1170,.F.);
#1583=ORIENTED_EDGE('',*,*,#1171,.F.);
#1584=ORIENTED_EDGE('',*,*,#1018,.T.);
#1585=ORIENTED_EDGE('',*,*,#1172,.T.);
#1586=ORIENTED_EDGE('',*,*,#1173,.T.);
#1587=ORIENTED_EDGE('',*,*,#1019,.T.);
#1588=ORIENTED_EDGE('',*,*,#1171,.T.);
#1589=ORIENTED_EDGE('',*,*,#1021,.T.);
#1590=ORIENTED_EDGE('',*,*,#1174,.T.);
#1591=ORIENTED_EDGE('',*,*,#1175,.T.);
#1592=ORIENTED_EDGE('',*,*,#1176,.T.);
#1593=ORIENTED_EDGE('',*,*,#1173,.F.);
#1594=ORIENTED_EDGE('',*,*,#1177,.F.);
#1595=ORIENTED_EDGE('',*,*,#1174,.F.);
#1596=ORIENTED_EDGE('',*,*,#1020,.T.);
#1597=ORIENTED_EDGE('',*,*,#1176,.F.);
#1598=ORIENTED_EDGE('',*,*,#1178,.F.);
#1599=ORIENTED_EDGE('',*,*,#1179,.F.);
#1600=ORIENTED_EDGE('',*,*,#1022,.T.);
#1601=ORIENTED_EDGE('',*,*,#1162,.F.);
#1602=ORIENTED_EDGE('',*,*,#1180,.F.);
#1603=ORIENTED_EDGE('',*,*,#1165,.F.);
#1604=ORIENTED_EDGE('',*,*,#1014,.T.);
#1605=ORIENTED_EDGE('',*,*,#1147,.F.);
#1606=ORIENTED_EDGE('',*,*,#1181,.F.);
#1607=ORIENTED_EDGE('',*,*,#1150,.F.);
#1608=ORIENTED_EDGE('',*,*,#1006,.T.);
#1609=ORIENTED_EDGE('',*,*,#1182,.T.);
#1610=ORIENTED_EDGE('',*,*,#1183,.T.);
#1611=ORIENTED_EDGE('',*,*,#1023,.T.);
#1612=ORIENTED_EDGE('',*,*,#1179,.T.);
#1613=ORIENTED_EDGE('',*,*,#1183,.F.);
#1614=ORIENTED_EDGE('',*,*,#1184,.F.);
#1615=ORIENTED_EDGE('',*,*,#1185,.F.);
#1616=ORIENTED_EDGE('',*,*,#1024,.T.);
#1617=ORIENTED_EDGE('',*,*,#1186,.T.);
#1618=ORIENTED_EDGE('',*,*,#1187,.T.);
#1619=ORIENTED_EDGE('',*,*,#1025,.T.);
#1620=ORIENTED_EDGE('',*,*,#1185,.T.);
#1621=ORIENTED_EDGE('',*,*,#966,.T.);
#1622=ORIENTED_EDGE('',*,*,#1026,.T.);
#1623=ORIENTED_EDGE('',*,*,#1187,.F.);
#1624=ORIENTED_EDGE('',*,*,#1188,.F.);
#1625=ORIENTED_EDGE('',*,*,#1062,.T.);
#1626=ORIENTED_EDGE('',*,*,#1189,.T.);
#1627=ORIENTED_EDGE('',*,*,#1190,.T.);
#1628=ORIENTED_EDGE('',*,*,#1116,.T.);
#1629=ORIENTED_EDGE('',*,*,#987,.F.);
#1630=ORIENTED_EDGE('',*,*,#1111,.T.);
#1631=ORIENTED_EDGE('',*,*,#1117,.T.);
#1632=ORIENTED_EDGE('',*,*,#1190,.F.);
#1633=ORIENTED_EDGE('',*,*,#1191,.T.);
#1634=ORIENTED_EDGE('',*,*,#1192,.F.);
#1635=ORIENTED_EDGE('',*,*,#1193,.T.);
#1636=ORIENTED_EDGE('',*,*,#1194,.F.);
#1637=ORIENTED_EDGE('',*,*,#1195,.F.);
#1638=ORIENTED_EDGE('',*,*,#1196,.F.);
#1639=ORIENTED_EDGE('',*,*,#1197,.T.);
#1640=ORIENTED_EDGE('',*,*,#1198,.F.);
#1641=ORIENTED_EDGE('',*,*,#1199,.T.);
#1642=ORIENTED_EDGE('',*,*,#1200,.F.);
#1643=ORIENTED_EDGE('',*,*,#1201,.T.);
#1644=ORIENTED_EDGE('',*,*,#1202,.F.);
#1645=ORIENTED_EDGE('',*,*,#1203,.T.);
#1646=ORIENTED_EDGE('',*,*,#1204,.F.);
#1647=ORIENTED_EDGE('',*,*,#1205,.T.);
#1648=ORIENTED_EDGE('',*,*,#1206,.F.);
#1649=ORIENTED_EDGE('',*,*,#1207,.T.);
#1650=ORIENTED_EDGE('',*,*,#1208,.F.);
#1651=ORIENTED_EDGE('',*,*,#1209,.T.);
#1652=ORIENTED_EDGE('',*,*,#1210,.F.);
#1653=ORIENTED_EDGE('',*,*,#1211,.T.);
#1654=ORIENTED_EDGE('',*,*,#1212,.F.);
#1655=ORIENTED_EDGE('',*,*,#1213,.T.);
#1656=ORIENTED_EDGE('',*,*,#1214,.F.);
#1657=ORIENTED_EDGE('',*,*,#1215,.T.);
#1658=ORIENTED_EDGE('',*,*,#1216,.F.);
#1659=ORIENTED_EDGE('',*,*,#1217,.T.);
#1660=ORIENTED_EDGE('',*,*,#1218,.F.);
#1661=ORIENTED_EDGE('',*,*,#1219,.T.);
#1662=ORIENTED_EDGE('',*,*,#1220,.F.);
#1663=ORIENTED_EDGE('',*,*,#1221,.T.);
#1664=ORIENTED_EDGE('',*,*,#1222,.F.);
#1665=ORIENTED_EDGE('',*,*,#1223,.T.);
#1666=ORIENTED_EDGE('',*,*,#1224,.F.);
#1667=ORIENTED_EDGE('',*,*,#1225,.T.);
#1668=ORIENTED_EDGE('',*,*,#971,.F.);
#1669=ORIENTED_EDGE('',*,*,#967,.T.);
#1670=ORIENTED_EDGE('',*,*,#963,.F.);
#1671=ORIENTED_EDGE('',*,*,#1188,.T.);
#1672=ORIENTED_EDGE('',*,*,#1186,.F.);
#1673=ORIENTED_EDGE('',*,*,#1184,.T.);
#1674=ORIENTED_EDGE('',*,*,#1182,.F.);
#1675=ORIENTED_EDGE('',*,*,#1178,.T.);
#1676=ORIENTED_EDGE('',*,*,#1175,.F.);
#1677=ORIENTED_EDGE('',*,*,#1177,.T.);
#1678=ORIENTED_EDGE('',*,*,#1172,.F.);
#1679=ORIENTED_EDGE('',*,*,#1170,.T.);
#1680=ORIENTED_EDGE('',*,*,#1168,.F.);
#1681=ORIENTED_EDGE('',*,*,#1166,.T.);
#1682=ORIENTED_EDGE('',*,*,#1163,.F.);
#1683=ORIENTED_EDGE('',*,*,#1180,.T.);
#1684=ORIENTED_EDGE('',*,*,#1161,.F.);
#1685=ORIENTED_EDGE('',*,*,#1159,.T.);
#1686=ORIENTED_EDGE('',*,*,#1157,.F.);
#1687=ORIENTED_EDGE('',*,*,#1155,.T.);
#1688=ORIENTED_EDGE('',*,*,#1153,.F.);
#1689=ORIENTED_EDGE('',*,*,#1151,.T.);
#1690=ORIENTED_EDGE('',*,*,#1148,.F.);
#1691=ORIENTED_EDGE('',*,*,#1181,.T.);
#1692=ORIENTED_EDGE('',*,*,#1146,.F.);
#1693=ORIENTED_EDGE('',*,*,#1144,.T.);
#1694=ORIENTED_EDGE('',*,*,#1142,.F.);
#1695=ORIENTED_EDGE('',*,*,#1140,.T.);
#1696=ORIENTED_EDGE('',*,*,#1138,.F.);
#1697=ORIENTED_EDGE('',*,*,#1136,.T.);
#1698=ORIENTED_EDGE('',*,*,#1134,.F.);
#1699=ORIENTED_EDGE('',*,*,#1131,.T.);
#1700=ORIENTED_EDGE('',*,*,#1123,.F.);
#1701=ORIENTED_EDGE('',*,*,#1126,.F.);
#1702=ORIENTED_EDGE('',*,*,#1127,.F.);
#1703=ORIENTED_EDGE('',*,*,#1133,.T.);
#1704=ORIENTED_EDGE('',*,*,#1129,.F.);
#1705=ORIENTED_EDGE('',*,*,#1120,.T.);
#1706=ORIENTED_EDGE('',*,*,#1118,.F.);
#1707=ORIENTED_EDGE('',*,*,#1113,.T.);
#1708=ORIENTED_EDGE('',*,*,#1097,.T.);
#1709=ORIENTED_EDGE('',*,*,#1079,.T.);
#1710=ORIENTED_EDGE('',*,*,#1071,.T.);
#1711=ORIENTED_EDGE('',*,*,#1075,.F.);
#1712=ORIENTED_EDGE('',*,*,#1096,.T.);
#1713=ORIENTED_EDGE('',*,*,#1115,.T.);
#1714=ORIENTED_EDGE('',*,*,#1226,.F.);
#1715=ORIENTED_EDGE('',*,*,#1223,.F.);
#1716=ORIENTED_EDGE('',*,*,#1227,.F.);
#1717=ORIENTED_EDGE('',*,*,#1029,.T.);
#1718=ORIENTED_EDGE('',*,*,#1030,.T.);
#1719=ORIENTED_EDGE('',*,*,#1227,.T.);
#1720=ORIENTED_EDGE('',*,*,#1222,.T.);
#1721=ORIENTED_EDGE('',*,*,#1228,.T.);
#1722=ORIENTED_EDGE('',*,*,#1224,.T.);
#1723=ORIENTED_EDGE('',*,*,#1226,.T.);
#1724=ORIENTED_EDGE('',*,*,#1028,.T.);
#1725=ORIENTED_EDGE('',*,*,#1229,.T.);
#1726=ORIENTED_EDGE('',*,*,#1230,.F.);
#1727=ORIENTED_EDGE('',*,*,#1031,.T.);
#1728=ORIENTED_EDGE('',*,*,#1228,.F.);
#1729=ORIENTED_EDGE('',*,*,#1221,.F.);
#1730=ORIENTED_EDGE('',*,*,#1231,.F.);
#1731=ORIENTED_EDGE('',*,*,#1213,.F.);
#1732=ORIENTED_EDGE('',*,*,#1232,.F.);
#1733=ORIENTED_EDGE('',*,*,#1039,.T.);
#1734=ORIENTED_EDGE('',*,*,#1233,.F.);
#1735=ORIENTED_EDGE('',*,*,#1205,.F.);
#1736=ORIENTED_EDGE('',*,*,#1234,.F.);
#1737=ORIENTED_EDGE('',*,*,#1047,.T.);
#1738=ORIENTED_EDGE('',*,*,#1054,.T.);
#1739=ORIENTED_EDGE('',*,*,#1235,.T.);
#1740=ORIENTED_EDGE('',*,*,#1198,.T.);
#1741=ORIENTED_EDGE('',*,*,#1236,.T.);
#1742=ORIENTED_EDGE('',*,*,#1237,.F.);
#1743=ORIENTED_EDGE('',*,*,#1199,.F.);
#1744=ORIENTED_EDGE('',*,*,#1235,.F.);
#1745=ORIENTED_EDGE('',*,*,#1053,.T.);
#1746=ORIENTED_EDGE('',*,*,#1200,.T.);
#1747=ORIENTED_EDGE('',*,*,#1237,.T.);
#1748=ORIENTED_EDGE('',*,*,#1052,.T.);
#1749=ORIENTED_EDGE('',*,*,#1238,.T.);
#1750=ORIENTED_EDGE('',*,*,#1239,.F.);
#1751=ORIENTED_EDGE('',*,*,#1201,.F.);
#1752=ORIENTED_EDGE('',*,*,#1238,.F.);
#1753=ORIENTED_EDGE('',*,*,#1051,.T.);
#1754=ORIENTED_EDGE('',*,*,#1202,.T.);
#1755=ORIENTED_EDGE('',*,*,#1239,.T.);
#1756=ORIENTED_EDGE('',*,*,#1050,.T.);
#1757=ORIENTED_EDGE('',*,*,#1240,.T.);
#1758=ORIENTED_EDGE('',*,*,#1241,.F.);
#1759=ORIENTED_EDGE('',*,*,#1203,.F.);
#1760=ORIENTED_EDGE('',*,*,#1240,.F.);
#1761=ORIENTED_EDGE('',*,*,#1049,.T.);
#1762=ORIENTED_EDGE('',*,*,#1204,.T.);
#1763=ORIENTED_EDGE('',*,*,#1241,.T.);
#1764=ORIENTED_EDGE('',*,*,#1048,.T.);
#1765=ORIENTED_EDGE('',*,*,#1234,.T.);
#1766=ORIENTED_EDGE('',*,*,#1046,.T.);
#1767=ORIENTED_EDGE('',*,*,#1242,.T.);
#1768=ORIENTED_EDGE('',*,*,#1206,.T.);
#1769=ORIENTED_EDGE('',*,*,#1233,.T.);
#1770=ORIENTED_EDGE('',*,*,#1243,.F.);
#1771=ORIENTED_EDGE('',*,*,#1207,.F.);
#1772=ORIENTED_EDGE('',*,*,#1242,.F.);
#1773=ORIENTED_EDGE('',*,*,#1045,.T.);
#1774=ORIENTED_EDGE('',*,*,#1208,.T.);
#1775=ORIENTED_EDGE('',*,*,#1243,.T.);
#1776=ORIENTED_EDGE('',*,*,#1044,.T.);
#1777=ORIENTED_EDGE('',*,*,#1244,.T.);
#1778=ORIENTED_EDGE('',*,*,#1245,.F.);
#1779=ORIENTED_EDGE('',*,*,#1209,.F.);
#1780=ORIENTED_EDGE('',*,*,#1244,.F.);
#1781=ORIENTED_EDGE('',*,*,#1043,.T.);
#1782=ORIENTED_EDGE('',*,*,#1210,.T.);
#1783=ORIENTED_EDGE('',*,*,#1245,.T.);
#1784=ORIENTED_EDGE('',*,*,#1042,.T.);
#1785=ORIENTED_EDGE('',*,*,#1246,.T.);
#1786=ORIENTED_EDGE('',*,*,#1247,.F.);
#1787=ORIENTED_EDGE('',*,*,#1211,.F.);
#1788=ORIENTED_EDGE('',*,*,#1246,.F.);
#1789=ORIENTED_EDGE('',*,*,#1041,.T.);
#1790=ORIENTED_EDGE('',*,*,#1212,.T.);
#1791=ORIENTED_EDGE('',*,*,#1247,.T.);
#1792=ORIENTED_EDGE('',*,*,#1040,.T.);
#1793=ORIENTED_EDGE('',*,*,#1232,.T.);
#1794=ORIENTED_EDGE('',*,*,#1038,.T.);
#1795=ORIENTED_EDGE('',*,*,#1248,.T.);
#1796=ORIENTED_EDGE('',*,*,#1214,.T.);
#1797=ORIENTED_EDGE('',*,*,#1231,.T.);
#1798=ORIENTED_EDGE('',*,*,#1249,.F.);
#1799=ORIENTED_EDGE('',*,*,#1215,.F.);
#1800=ORIENTED_EDGE('',*,*,#1248,.F.);
#1801=ORIENTED_EDGE('',*,*,#1037,.T.);
#1802=ORIENTED_EDGE('',*,*,#1216,.T.);
#1803=ORIENTED_EDGE('',*,*,#1249,.T.);
#1804=ORIENTED_EDGE('',*,*,#1036,.T.);
#1805=ORIENTED_EDGE('',*,*,#1250,.T.);
#1806=ORIENTED_EDGE('',*,*,#1251,.F.);
#1807=ORIENTED_EDGE('',*,*,#1217,.F.);
#1808=ORIENTED_EDGE('',*,*,#1250,.F.);
#1809=ORIENTED_EDGE('',*,*,#1035,.T.);
#1810=ORIENTED_EDGE('',*,*,#1218,.T.);
#1811=ORIENTED_EDGE('',*,*,#1251,.T.);
#1812=ORIENTED_EDGE('',*,*,#1034,.T.);
#1813=ORIENTED_EDGE('',*,*,#1252,.T.);
#1814=ORIENTED_EDGE('',*,*,#1253,.F.);
#1815=ORIENTED_EDGE('',*,*,#1219,.F.);
#1816=ORIENTED_EDGE('',*,*,#1252,.F.);
#1817=ORIENTED_EDGE('',*,*,#1033,.T.);
#1818=ORIENTED_EDGE('',*,*,#1220,.T.);
#1819=ORIENTED_EDGE('',*,*,#1253,.T.);
#1820=ORIENTED_EDGE('',*,*,#1032,.T.);
#1821=ORIENTED_EDGE('',*,*,#1230,.T.);
#1822=ORIENTED_EDGE('',*,*,#1254,.F.);
#1823=ORIENTED_EDGE('',*,*,#1055,.T.);
#1824=ORIENTED_EDGE('',*,*,#1236,.F.);
#1825=ORIENTED_EDGE('',*,*,#1197,.F.);
#1826=ORIENTED_EDGE('',*,*,#1192,.T.);
#1827=ORIENTED_EDGE('',*,*,#1255,.T.);
#1828=ORIENTED_EDGE('',*,*,#1060,.T.);
#1829=ORIENTED_EDGE('',*,*,#1256,.T.);
#1830=ORIENTED_EDGE('',*,*,#1189,.F.);
#1831=ORIENTED_EDGE('',*,*,#1061,.T.);
#1832=ORIENTED_EDGE('',*,*,#1255,.F.);
#1833=ORIENTED_EDGE('',*,*,#1191,.F.);
#1834=ORIENTED_EDGE('',*,*,#1257,.F.);
#1835=ORIENTED_EDGE('',*,*,#1193,.F.);
#1836=ORIENTED_EDGE('',*,*,#1256,.F.);
#1837=ORIENTED_EDGE('',*,*,#1059,.F.);
#1838=ORIENTED_EDGE('',*,*,#1058,.T.);
#1839=ORIENTED_EDGE('',*,*,#1258,.T.);
#1840=ORIENTED_EDGE('',*,*,#1194,.T.);
#1841=ORIENTED_EDGE('',*,*,#1257,.T.);
#1842=ORIENTED_EDGE('',*,*,#1259,.F.);
#1843=ORIENTED_EDGE('',*,*,#1195,.T.);
#1844=ORIENTED_EDGE('',*,*,#1258,.F.);
#1845=ORIENTED_EDGE('',*,*,#1057,.T.);
#1846=ORIENTED_EDGE('',*,*,#1196,.T.);
#1847=ORIENTED_EDGE('',*,*,#1259,.T.);
#1848=ORIENTED_EDGE('',*,*,#1056,.T.);
#1849=ORIENTED_EDGE('',*,*,#1254,.T.);
#1850=ORIENTED_EDGE('',*,*,#972,.F.);
#1851=ORIENTED_EDGE('',*,*,#1225,.F.);
#1852=ORIENTED_EDGE('',*,*,#1229,.F.);
#1853=ORIENTED_EDGE('',*,*,#1027,.T.);
#1854=PLANE('',#2014);
#1855=PLANE('',#2015);
#1856=PLANE('',#2016);
#1857=PLANE('',#2017);
#1858=PLANE('',#2018);
#1859=PLANE('',#2020);
#1860=PLANE('',#2021);
#1861=PLANE('',#2022);
#1862=PLANE('',#2023);
#1863=PLANE('',#2070);
#1864=PLANE('',#2071);
#1865=PLANE('',#2072);
#1866=PLANE('',#2073);
#1867=PLANE('',#2074);
#1868=PLANE('',#2077);
#1869=PLANE('',#2078);
#1870=PLANE('',#2079);
#1871=PLANE('',#2080);
#1872=PLANE('',#2083);
#1873=PLANE('',#2085);
#1874=PLANE('',#2087);
#1875=PLANE('',#2088);
#1876=PLANE('',#2095);
#1877=PLANE('',#2102);
#1878=PLANE('',#2105);
#1879=PLANE('',#2108);
#1880=PLANE('',#2111);
#1881=PLANE('',#2116);
#1882=PLANE('',#2119);
#1883=PLANE('',#2122);
#1884=PLANE('',#2127);
#1885=PLANE('',#2130);
#1886=PLANE('',#2135);
#1887=PLANE('',#2144);
#1888=PLANE('',#2147);
#1889=PLANE('',#2150);
#1890=PLANE('',#2173);
#1891=PLANE('',#2180);
#1892=PLANE('',#2182);
#1893=PLANE('',#2184);
#1894=PLANE('',#2187);
#1895=PLANE('',#2189);
#1896=PLANE('',#2191);
#1897=PLANE('',#2194);
#1898=PLANE('',#2196);
#1899=PLANE('',#2198);
#1900=PLANE('',#2203);
#1901=PLANE('',#2205);
#1902=PLANE('',#2207);
#1903=ADVANCED_FACE('',(#167),#1854,.T.);
#1904=ADVANCED_FACE('',(#168),#1855,.T.);
#1905=ADVANCED_FACE('',(#169),#1856,.T.);
#1906=ADVANCED_FACE('',(#170),#1857,.T.);
#1907=ADVANCED_FACE('',(#171,#64),#1858,.T.);
#1908=ADVANCED_FACE('',(#172),#1859,.T.);
#1909=ADVANCED_FACE('',(#173),#1860,.T.);
#1910=ADVANCED_FACE('',(#174),#1861,.T.);
#1911=ADVANCED_FACE('',(#175,#65,#66),#1862,.F.);
#1912=ADVANCED_FACE('',(#176),#1863,.T.);
#1913=ADVANCED_FACE('',(#177),#1864,.T.);
#1914=ADVANCED_FACE('',(#178),#1865,.T.);
#1915=ADVANCED_FACE('',(#179),#1866,.T.);
#1916=ADVANCED_FACE('',(#180),#1867,.T.);
#1917=ADVANCED_FACE('',(#181),#1868,.T.);
#1918=ADVANCED_FACE('',(#182),#1869,.T.);
#1919=ADVANCED_FACE('',(#183),#1870,.T.);
#1920=ADVANCED_FACE('',(#184),#1871,.T.);
#1921=ADVANCED_FACE('',(#185),#63,.F.);
#1922=ADVANCED_FACE('',(#186,#67),#1872,.F.);
#1923=ADVANCED_FACE('',(#187),#1873,.T.);
#1924=ADVANCED_FACE('',(#188),#15,.F.);
#1925=ADVANCED_FACE('',(#189),#1874,.F.);
#1926=ADVANCED_FACE('',(#190),#1875,.F.);
#1927=ADVANCED_FACE('',(#191),#16,.T.);
#1928=ADVANCED_FACE('',(#192),#17,.T.);
#1929=ADVANCED_FACE('',(#193),#18,.T.);
#1930=ADVANCED_FACE('',(#194),#1876,.T.);
#1931=ADVANCED_FACE('',(#195),#19,.T.);
#1932=ADVANCED_FACE('',(#196),#20,.T.);
#1933=ADVANCED_FACE('',(#197),#21,.F.);
#1934=ADVANCED_FACE('',(#198),#1877,.F.);
#1935=ADVANCED_FACE('',(#199),#22,.F.);
#1936=ADVANCED_FACE('',(#200),#1878,.T.);
#1937=ADVANCED_FACE('',(#201),#23,.T.);
#1938=ADVANCED_FACE('',(#202),#1879,.T.);
#1939=ADVANCED_FACE('',(#203),#24,.T.);
#1940=ADVANCED_FACE('',(#204),#1880,.T.);
#1941=ADVANCED_FACE('',(#205),#25,.F.);
#1942=ADVANCED_FACE('',(#206),#26,.F.);
#1943=ADVANCED_FACE('',(#207),#1881,.T.);
#1944=ADVANCED_FACE('',(#208),#27,.T.);
#1945=ADVANCED_FACE('',(#209),#1882,.T.);
#1946=ADVANCED_FACE('',(#210),#28,.T.);
#1947=ADVANCED_FACE('',(#211),#1883,.T.);
#1948=ADVANCED_FACE('',(#212),#29,.F.);
#1949=ADVANCED_FACE('',(#213),#30,.F.);
#1950=ADVANCED_FACE('',(#214),#1884,.T.);
#1951=ADVANCED_FACE('',(#215),#31,.T.);
#1952=ADVANCED_FACE('',(#216),#1885,.T.);
#1953=ADVANCED_FACE('',(#217),#32,.T.);
#1954=ADVANCED_FACE('',(#218),#33,.F.);
#1955=ADVANCED_FACE('',(#219),#1886,.T.);
#1956=ADVANCED_FACE('',(#220),#34,.F.);
#1957=ADVANCED_FACE('',(#221),#35,.F.);
#1958=ADVANCED_FACE('',(#222),#36,.F.);
#1959=ADVANCED_FACE('',(#223),#37,.F.);
#1960=ADVANCED_FACE('',(#224),#1887,.T.);
#1961=ADVANCED_FACE('',(#225),#38,.T.);
#1962=ADVANCED_FACE('',(#226),#1888,.T.);
#1963=ADVANCED_FACE('',(#227),#39,.T.);
#1964=ADVANCED_FACE('',(#228,#68,#69),#1889,.T.);
#1965=ADVANCED_FACE('',(#229),#1890,.T.);
#1966=ADVANCED_FACE('',(#230),#40,.F.);
#1967=ADVANCED_FACE('',(#231),#41,.T.);
#1968=ADVANCED_FACE('',(#232),#42,.F.);
#1969=ADVANCED_FACE('',(#233),#43,.F.);
#1970=ADVANCED_FACE('',(#234),#44,.F.);
#1971=ADVANCED_FACE('',(#235),#45,.F.);
#1972=ADVANCED_FACE('',(#236),#1891,.T.);
#1973=ADVANCED_FACE('',(#237),#46,.T.);
#1974=ADVANCED_FACE('',(#238),#1892,.T.);
#1975=ADVANCED_FACE('',(#239),#47,.T.);
#1976=ADVANCED_FACE('',(#240),#1893,.T.);
#1977=ADVANCED_FACE('',(#241),#48,.F.);
#1978=ADVANCED_FACE('',(#242),#49,.F.);
#1979=ADVANCED_FACE('',(#243),#1894,.T.);
#1980=ADVANCED_FACE('',(#244),#50,.T.);
#1981=ADVANCED_FACE('',(#245),#1895,.T.);
#1982=ADVANCED_FACE('',(#246),#51,.T.);
#1983=ADVANCED_FACE('',(#247),#1896,.T.);
#1984=ADVANCED_FACE('',(#248),#52,.F.);
#1985=ADVANCED_FACE('',(#249),#53,.F.);
#1986=ADVANCED_FACE('',(#250),#1897,.T.);
#1987=ADVANCED_FACE('',(#251),#54,.T.);
#1988=ADVANCED_FACE('',(#252),#1898,.T.);
#1989=ADVANCED_FACE('',(#253),#55,.T.);
#1990=ADVANCED_FACE('',(#254),#1899,.T.);
#1991=ADVANCED_FACE('',(#255),#56,.F.);
#1992=ADVANCED_FACE('',(#256),#57,.F.);
#1993=ADVANCED_FACE('',(#257),#58,.T.);
#1994=ADVANCED_FACE('',(#258),#59,.T.);
#1995=ADVANCED_FACE('',(#259),#1900,.F.);
#1996=ADVANCED_FACE('',(#260),#60,.T.);
#1997=ADVANCED_FACE('',(#261),#1901,.T.);
#1998=ADVANCED_FACE('',(#262),#61,.T.);
#1999=ADVANCED_FACE('',(#263),#1902,.T.);
#2000=CLOSED_SHELL('',(#1903,#1904,#1905,#1906,#1907,#1908,#1909,#1910,
#1911,#1912,#1913,#1914,#1915,#1916,#1917,#1918,#1919,#1920,#1921,#1922,
#1923,#1924,#1925,#1926,#1927,#1928,#1929,#1930,#1931,#1932,#1933,#1934,
#1935,#1936,#1937,#1938,#1939,#1940,#1941,#1942,#1943,#1944,#1945,#1946,
#1947,#1948,#1949,#1950,#1951,#1952,#1953,#1954,#1955,#1956,#1957,#1958,
#1959,#1960,#1961,#1962,#1963,#1964,#1965,#1966,#1967,#1968,#1969,#1970,
#1971,#1972,#1973,#1974,#1975,#1976,#1977,#1978,#1979,#1980,#1981,#1982,
#1983,#1984,#1985,#1986,#1987,#1988,#1989,#1990,#1991,#1992,#1993,#1994,
#1995,#1996,#1997,#1998,#1999));
#2001=DERIVED_UNIT_ELEMENT(#2003,1.);
#2002=DERIVED_UNIT_ELEMENT(#3399,-3.);
#2003=(
MASS_UNIT()
NAMED_UNIT(*)
SI_UNIT(.KILO.,.GRAM.)
);
#2004=DERIVED_UNIT((#2001,#2002));
#2005=MEASURE_REPRESENTATION_ITEM('density measure',
POSITIVE_RATIO_MEASURE(7850.),#2004);
#2006=PROPERTY_DEFINITION_REPRESENTATION(#2011,#2008);
#2007=PROPERTY_DEFINITION_REPRESENTATION(#2012,#2009);
#2008=REPRESENTATION('material name',(#2010),#3396);
#2009=REPRESENTATION('density',(#2005),#3396);
#2010=DESCRIPTIVE_REPRESENTATION_ITEM('Steel','Steel');
#2011=PROPERTY_DEFINITION('material property','material name',#3406);
#2012=PROPERTY_DEFINITION('material property','density of part',#3406);
#2013=AXIS2_PLACEMENT_3D('',#2797,#2208,#2209);
#2014=AXIS2_PLACEMENT_3D('',#2798,#2210,#2211);
#2015=AXIS2_PLACEMENT_3D('',#2807,#2216,#2217);
#2016=AXIS2_PLACEMENT_3D('',#2813,#2221,#2222);
#2017=AXIS2_PLACEMENT_3D('',#2819,#2226,#2227);
#2018=AXIS2_PLACEMENT_3D('',#2828,#2232,#2233);
#2019=AXIS2_PLACEMENT_3D('',#2835,#2237,#2238);
#2020=AXIS2_PLACEMENT_3D('',#2836,#2239,#2240);
#2021=AXIS2_PLACEMENT_3D('',#2842,#2244,#2245);
#2022=AXIS2_PLACEMENT_3D('',#2848,#2249,#2250);
#2023=AXIS2_PLACEMENT_3D('',#2854,#2254,#2255);
#2024=AXIS2_PLACEMENT_3D('',#2858,#2257,#2258);
#2025=AXIS2_PLACEMENT_3D('',#2860,#2259,#2260);
#2026=AXIS2_PLACEMENT_3D('',#2862,#2261,#2262);
#2027=AXIS2_PLACEMENT_3D('',#2866,#2264,#2265);
#2028=AXIS2_PLACEMENT_3D('',#2870,#2267,#2268);
#2029=AXIS2_PLACEMENT_3D('',#2872,#2269,#2270);
#2030=AXIS2_PLACEMENT_3D('',#2874,#2271,#2272);
#2031=AXIS2_PLACEMENT_3D('',#2878,#2274,#2275);
#2032=AXIS2_PLACEMENT_3D('',#2882,#2277,#2278);
#2033=AXIS2_PLACEMENT_3D('',#2886,#2280,#2281);
#2034=AXIS2_PLACEMENT_3D('',#2888,#2282,#2283);
#2035=AXIS2_PLACEMENT_3D('',#2890,#2284,#2285);
#2036=AXIS2_PLACEMENT_3D('',#2894,#2287,#2288);
#2037=AXIS2_PLACEMENT_3D('',#2898,#2290,#2291);
#2038=AXIS2_PLACEMENT_3D('',#2902,#2293,#2294);
#2039=AXIS2_PLACEMENT_3D('',#2904,#2295,#2296);
#2040=AXIS2_PLACEMENT_3D('',#2906,#2297,#2298);
#2041=AXIS2_PLACEMENT_3D('',#2910,#2300,#2301);
#2042=AXIS2_PLACEMENT_3D('',#2914,#2303,#2304);
#2043=AXIS2_PLACEMENT_3D('',#2918,#2306,#2307);
#2044=AXIS2_PLACEMENT_3D('',#2920,#2308,#2309);
#2045=AXIS2_PLACEMENT_3D('',#2922,#2310,#2311);
#2046=AXIS2_PLACEMENT_3D('',#2926,#2313,#2314);
#2047=AXIS2_PLACEMENT_3D('',#2931,#2317,#2318);
#2048=AXIS2_PLACEMENT_3D('',#2935,#2320,#2321);
#2049=AXIS2_PLACEMENT_3D('',#2937,#2322,#2323);
#2050=AXIS2_PLACEMENT_3D('',#2939,#2324,#2325);
#2051=AXIS2_PLACEMENT_3D('',#2943,#2327,#2328);
#2052=AXIS2_PLACEMENT_3D('',#2947,#2330,#2331);
#2053=AXIS2_PLACEMENT_3D('',#2951,#2333,#2334);
#2054=AXIS2_PLACEMENT_3D('',#2953,#2335,#2336);
#2055=AXIS2_PLACEMENT_3D('',#2955,#2337,#2338);
#2056=AXIS2_PLACEMENT_3D('',#2959,#2340,#2341);
#2057=AXIS2_PLACEMENT_3D('',#2963,#2343,#2344);
#2058=AXIS2_PLACEMENT_3D('',#2967,#2346,#2347);
#2059=AXIS2_PLACEMENT_3D('',#2969,#2348,#2349);
#2060=AXIS2_PLACEMENT_3D('',#2971,#2350,#2351);
#2061=AXIS2_PLACEMENT_3D('',#2975,#2353,#2354);
#2062=AXIS2_PLACEMENT_3D('',#2979,#2356,#2357);
#2063=AXIS2_PLACEMENT_3D('',#2983,#2359,#2360);
#2064=AXIS2_PLACEMENT_3D('',#2985,#2361,#2362);
#2065=AXIS2_PLACEMENT_3D('',#2987,#2363,#2364);
#2066=AXIS2_PLACEMENT_3D('',#2991,#2366,#2367);
#2067=AXIS2_PLACEMENT_3D('',#2995,#2369,#2370);
#2068=AXIS2_PLACEMENT_3D('',#2997,#2371,#2372);
#2069=AXIS2_PLACEMENT_3D('',#2999,#2373,#2374);
#2070=AXIS2_PLACEMENT_3D('',#3015,#2383,#2384);
#2071=AXIS2_PLACEMENT_3D('',#3024,#2389,#2390);
#2072=AXIS2_PLACEMENT_3D('',#3033,#2395,#2396);
#2073=AXIS2_PLACEMENT_3D('',#3039,#2400,#2401);
#2074=AXIS2_PLACEMENT_3D('',#3046,#2406,#2407);
#2075=AXIS2_PLACEMENT_3D('',#3050,#2409,#2410);
#2076=AXIS2_PLACEMENT_3D('',#3052,#2411,#2412);
#2077=AXIS2_PLACEMENT_3D('',#3067,#2422,#2423);
#2078=AXIS2_PLACEMENT_3D('',#3071,#2426,#2427);
#2079=AXIS2_PLACEMENT_3D('',#3075,#2430,#2431);
#2080=AXIS2_PLACEMENT_3D('',#3077,#2433,#2434);
#2081=AXIS2_PLACEMENT_3D('',#3081,#2437,#2438);
#2082=AXIS2_PLACEMENT_3D('',#3083,#2439,#2440);
#2083=AXIS2_PLACEMENT_3D('',#3090,#2442,#2443);
#2084=AXIS2_PLACEMENT_3D('',#3092,#2444,#2445);
#2085=AXIS2_PLACEMENT_3D('',#3093,#2446,#2447);
#2086=AXIS2_PLACEMENT_3D('',#3098,#2451,#2452);
#2087=AXIS2_PLACEMENT_3D('',#3100,#2454,#2455);
#2088=AXIS2_PLACEMENT_3D('',#3104,#2458,#2459);
#2089=AXIS2_PLACEMENT_3D('',#3109,#2463,#2464);
#2090=AXIS2_PLACEMENT_3D('',#3111,#2465,#2466);
#2091=AXIS2_PLACEMENT_3D('',#3113,#2468,#2469);
#2092=AXIS2_PLACEMENT_3D('',#3115,#2470,#2471);
#2093=AXIS2_PLACEMENT_3D('',#3117,#2473,#2474);
#2094=AXIS2_PLACEMENT_3D('',#3121,#2476,#2477);
#2095=AXIS2_PLACEMENT_3D('',#3123,#2479,#2480);
#2096=AXIS2_PLACEMENT_3D('',#3127,#2483,#2484);
#2097=AXIS2_PLACEMENT_3D('',#3129,#2485,#2486);
#2098=AXIS2_PLACEMENT_3D('',#3131,#2488,#2489);
#2099=AXIS2_PLACEMENT_3D('',#3133,#2490,#2491);
#2100=AXIS2_PLACEMENT_3D('',#3135,#2493,#2494);
#2101=AXIS2_PLACEMENT_3D('',#3137,#2495,#2496);
#2102=AXIS2_PLACEMENT_3D('',#3139,#2498,#2499);
#2103=AXIS2_PLACEMENT_3D('',#3141,#2501,#2502);
#2104=AXIS2_PLACEMENT_3D('',#3143,#2503,#2504);
#2105=AXIS2_PLACEMENT_3D('',#3145,#2506,#2507);
#2106=AXIS2_PLACEMENT_3D('',#3149,#2510,#2511);
#2107=AXIS2_PLACEMENT_3D('',#3151,#2512,#2513);
#2108=AXIS2_PLACEMENT_3D('',#3153,#2515,#2516);
#2109=AXIS2_PLACEMENT_3D('',#3157,#2519,#2520);
#2110=AXIS2_PLACEMENT_3D('',#3159,#2521,#2522);
#2111=AXIS2_PLACEMENT_3D('',#3161,#2524,#2525);
#2112=AXIS2_PLACEMENT_3D('',#3165,#2528,#2529);
#2113=AXIS2_PLACEMENT_3D('',#3167,#2530,#2531);
#2114=AXIS2_PLACEMENT_3D('',#3169,#2533,#2534);
#2115=AXIS2_PLACEMENT_3D('',#3172,#2535,#2536);
#2116=AXIS2_PLACEMENT_3D('',#3175,#2539,#2540);
#2117=AXIS2_PLACEMENT_3D('',#3179,#2543,#2544);
#2118=AXIS2_PLACEMENT_3D('',#3181,#2545,#2546);
#2119=AXIS2_PLACEMENT_3D('',#3183,#2548,#2549);
#2120=AXIS2_PLACEMENT_3D('',#3187,#2552,#2553);
#2121=AXIS2_PLACEMENT_3D('',#3189,#2554,#2555);
#2122=AXIS2_PLACEMENT_3D('',#3191,#2557,#2558);
#2123=AXIS2_PLACEMENT_3D('',#3195,#2561,#2562);
#2124=AXIS2_PLACEMENT_3D('',#3197,#2563,#2564);
#2125=AXIS2_PLACEMENT_3D('',#3199,#2566,#2567);
#2126=AXIS2_PLACEMENT_3D('',#3202,#2568,#2569);
#2127=AXIS2_PLACEMENT_3D('',#3205,#2572,#2573);
#2128=AXIS2_PLACEMENT_3D('',#3209,#2576,#2577);
#2129=AXIS2_PLACEMENT_3D('',#3211,#2578,#2579);
#2130=AXIS2_PLACEMENT_3D('',#3213,#2581,#2582);
#2131=AXIS2_PLACEMENT_3D('',#3217,#2585,#2586);
#2132=AXIS2_PLACEMENT_3D('',#3219,#2587,#2588);
#2133=AXIS2_PLACEMENT_3D('',#3221,#2590,#2591);
#2134=AXIS2_PLACEMENT_3D('',#3225,#2593,#2594);
#2135=AXIS2_PLACEMENT_3D('',#3227,#2596,#2597);
#2136=AXIS2_PLACEMENT_3D('',#3229,#2599,#2600);
#2137=AXIS2_PLACEMENT_3D('',#3231,#2601,#2602);
#2138=AXIS2_PLACEMENT_3D('',#3233,#2604,#2605);
#2139=AXIS2_PLACEMENT_3D('',#3234,#2606,#2607);
#2140=AXIS2_PLACEMENT_3D('',#3235,#2608,#2609);
#2141=AXIS2_PLACEMENT_3D('',#3236,#2610,#2611);
#2142=AXIS2_PLACEMENT_3D('',#3237,#2612,#2613);
#2143=AXIS2_PLACEMENT_3D('',#3239,#2614,#2615);
#2144=AXIS2_PLACEMENT_3D('',#3241,#2617,#2618);
#2145=AXIS2_PLACEMENT_3D('',#3245,#2621,#2622);
#2146=AXIS2_PLACEMENT_3D('',#3247,#2623,#2624);
#2147=AXIS2_PLACEMENT_3D('',#3249,#2626,#2627);
#2148=AXIS2_PLACEMENT_3D('',#3251,#2629,#2630);
#2149=AXIS2_PLACEMENT_3D('',#3254,#2632,#2633);
#2150=AXIS2_PLACEMENT_3D('',#3255,#2634,#2635);
#2151=AXIS2_PLACEMENT_3D('',#3257,#2636,#2637);
#2152=AXIS2_PLACEMENT_3D('',#3259,#2638,#2639);
#2153=AXIS2_PLACEMENT_3D('',#3263,#2641,#2642);
#2154=AXIS2_PLACEMENT_3D('',#3267,#2644,#2645);
#2155=AXIS2_PLACEMENT_3D('',#3269,#2646,#2647);
#2156=AXIS2_PLACEMENT_3D('',#3271,#2648,#2649);
#2157=AXIS2_PLACEMENT_3D('',#3275,#2651,#2652);
#2158=AXIS2_PLACEMENT_3D('',#3279,#2654,#2655);
#2159=AXIS2_PLACEMENT_3D('',#3283,#2657,#2658);
#2160=AXIS2_PLACEMENT_3D('',#3285,#2659,#2660);
#2161=AXIS2_PLACEMENT_3D('',#3287,#2661,#2662);
#2162=AXIS2_PLACEMENT_3D('',#3291,#2664,#2665);
#2163=AXIS2_PLACEMENT_3D('',#3295,#2667,#2668);
#2164=AXIS2_PLACEMENT_3D('',#3299,#2670,#2671);
#2165=AXIS2_PLACEMENT_3D('',#3301,#2672,#2673);
#2166=AXIS2_PLACEMENT_3D('',#3303,#2674,#2675);
#2167=AXIS2_PLACEMENT_3D('',#3307,#2677,#2678);
#2168=AXIS2_PLACEMENT_3D('',#3311,#2680,#2681);
#2169=AXIS2_PLACEMENT_3D('',#3315,#2683,#2684);
#2170=AXIS2_PLACEMENT_3D('',#3317,#2685,#2686);
#2171=AXIS2_PLACEMENT_3D('',#3319,#2687,#2688);
#2172=AXIS2_PLACEMENT_3D('',#3323,#2690,#2691);
#2173=AXIS2_PLACEMENT_3D('',#3325,#2693,#2694);
#2174=AXIS2_PLACEMENT_3D('',#3328,#2697,#2698);
#2175=AXIS2_PLACEMENT_3D('',#3330,#2700,#2701);
#2176=AXIS2_PLACEMENT_3D('',#3332,#2703,#2704);
#2177=AXIS2_PLACEMENT_3D('',#3334,#2706,#2707);
#2178=AXIS2_PLACEMENT_3D('',#3337,#2710,#2711);
#2179=AXIS2_PLACEMENT_3D('',#3340,#2714,#2715);
#2180=AXIS2_PLACEMENT_3D('',#3343,#2718,#2719);
#2181=AXIS2_PLACEMENT_3D('',#3345,#2721,#2722);
#2182=AXIS2_PLACEMENT_3D('',#3347,#2724,#2725);
#2183=AXIS2_PLACEMENT_3D('',#3349,#2727,#2728);
#2184=AXIS2_PLACEMENT_3D('',#3351,#2730,#2731);
#2185=AXIS2_PLACEMENT_3D('',#3353,#2733,#2734);
#2186=AXIS2_PLACEMENT_3D('',#3354,#2735,#2736);
#2187=AXIS2_PLACEMENT_3D('',#3356,#2738,#2739);
#2188=AXIS2_PLACEMENT_3D('',#3358,#2741,#2742);
#2189=AXIS2_PLACEMENT_3D('',#3360,#2744,#2745);
#2190=AXIS2_PLACEMENT_3D('',#3362,#2747,#2748);
#2191=AXIS2_PLACEMENT_3D('',#3364,#2750,#2751);
#2192=AXIS2_PLACEMENT_3D('',#3366,#2753,#2754);
#2193=AXIS2_PLACEMENT_3D('',#3367,#2755,#2756);
#2194=AXIS2_PLACEMENT_3D('',#3369,#2758,#2759);
#2195=AXIS2_PLACEMENT_3D('',#3371,#2761,#2762);
#2196=AXIS2_PLACEMENT_3D('',#3373,#2764,#2765);
#2197=AXIS2_PLACEMENT_3D('',#3375,#2767,#2768);
#2198=AXIS2_PLACEMENT_3D('',#3377,#2770,#2771);
#2199=AXIS2_PLACEMENT_3D('',#3379,#2773,#2774);
#2200=AXIS2_PLACEMENT_3D('',#3380,#2775,#2776);
#2201=AXIS2_PLACEMENT_3D('',#3382,#2778,#2779);
#2202=AXIS2_PLACEMENT_3D('',#3385,#2782,#2783);
#2203=AXIS2_PLACEMENT_3D('',#3386,#2784,#2785);
#2204=AXIS2_PLACEMENT_3D('',#3388,#2787,#2788);
#2205=AXIS2_PLACEMENT_3D('',#3390,#2790,#2791);
#2206=AXIS2_PLACEMENT_3D('',#3392,#2793,#2794);
#2207=AXIS2_PLACEMENT_3D('',#3393,#2795,#2796);
#2208=DIRECTION('axis',(0.,0.,1.));
#2209=DIRECTION('refdir',(1.,0.,0.));
#2210=DIRECTION('center_axis',(0.,-0.707106781186545,-0.70710678118655));
#2211=DIRECTION('ref_axis',(-1.,0.,0.));
#2212=DIRECTION('',(0.,-0.70710678118655,0.707106781186545));
#2213=DIRECTION('',(-1.,0.,0.));
#2214=DIRECTION('',(0.,0.70710678118655,-0.707106781186545));
#2215=DIRECTION('',(-1.,0.,0.));
#2216=DIRECTION('center_axis',(0.,0.,-1.));
#2217=DIRECTION('ref_axis',(-1.,0.,0.));
#2218=DIRECTION('',(0.,1.,0.));
#2219=DIRECTION('',(1.,0.,0.));
#2220=DIRECTION('',(0.,1.,0.));
#2221=DIRECTION('center_axis',(0.,0.707106781186547,-0.707106781186548));
#2222=DIRECTION('ref_axis',(-1.,0.,0.));
#2223=DIRECTION('',(0.,0.707106781186548,0.707106781186547));
#2224=DIRECTION('',(0.,-0.707106781186548,-0.707106781186547));
#2225=DIRECTION('',(-1.,0.,0.));
#2226=DIRECTION('center_axis',(0.,0.38268343236509,0.923879532511287));
#2227=DIRECTION('ref_axis',(1.,0.,0.));
#2228=DIRECTION('',(-0.357406744336593,-0.862856209461017,0.357406744336593));
#2229=DIRECTION('',(1.,0.,0.));
#2230=DIRECTION('',(-0.357406744336593,0.862856209461017,-0.357406744336593));
#2231=DIRECTION('',(-1.,0.,0.));
#2232=DIRECTION('center_axis',(0.,0.707106781186547,0.707106781186548));
#2233=DIRECTION('ref_axis',(0.,-0.707106781186548,0.707106781186547));
#2234=DIRECTION('',(0.,0.707106781186548,-0.707106781186547));
#2235=DIRECTION('',(-1.,0.,0.));
#2236=DIRECTION('',(0.,-0.707106781186548,0.707106781186547));
#2237=DIRECTION('center_axis',(0.,-0.707106781186547,-0.707106781186548));
#2238=DIRECTION('ref_axis',(-1.,0.,0.));
#2239=DIRECTION('center_axis',(0.,-0.382683432365094,0.923879532511285));
#2240=DIRECTION('ref_axis',(1.,0.,0.));
#2241=DIRECTION('',(-0.678598344545847,-0.678598344545845,-0.281084637714824));
#2242=DIRECTION('',(1.,0.,0.));
#2243=DIRECTION('',(-0.67859834454585,0.678598344545843,0.281084637714823));
#2244=DIRECTION('center_axis',(-0.707106781186548,0.5,0.5));
#2245=DIRECTION('ref_axis',(0.577350269189625,0.,0.816496580927726));
#2246=DIRECTION('',(-0.577350269189625,-0.816496580927726,0.));
#2247=DIRECTION('',(0.,-0.707106781186548,0.707106781186547));
#2248=DIRECTION('',(0.577350269189625,0.,0.816496580927726));
#2249=DIRECTION('center_axis',(0.707106781186548,0.5,0.5));
#2250=DIRECTION('ref_axis',(0.577350269189626,0.,-0.816496580927726));
#2251=DIRECTION('',(0.,0.707106781186548,-0.707106781186547));
#2252=DIRECTION('',(0.577350269189626,-0.816496580927726,0.));
#2253=DIRECTION('',(0.577350269189626,0.,-0.816496580927726));
#2254=DIRECTION('center_axis',(1.,0.,0.));
#2255=DIRECTION('ref_axis',(0.,1.,0.));
#2256=DIRECTION('',(0.,1.,0.));
#2257=DIRECTION('center_axis',(1.,0.,0.));
#2258=DIRECTION('ref_axis',(0.,0.362738125055006,0.931891116296093));
#2259=DIRECTION('center_axis',(1.,0.,0.));
#2260=DIRECTION('ref_axis',(0.,1.,0.));
#2261=DIRECTION('center_axis',(1.,0.,0.));
#2262=DIRECTION('ref_axis',(0.,0.0221293129029001,-0.999755116771325));
#2263=DIRECTION('',(0.,-0.707106781186548,0.707106781186548));
#2264=DIRECTION('center_axis',(1.,0.,0.));
#2265=DIRECTION('ref_axis',(0.,-0.918921160169301,-0.394441252144228));
#2266=DIRECTION('',(0.,0.025518514193624,-0.999674349692614));
#2267=DIRECTION('center_axis',(1.,0.,0.));
#2268=DIRECTION('ref_axis',(0.,-0.94873803439286,0.316063509593203));
#2269=DIRECTION('center_axis',(-1.,0.,0.));
#2270=DIRECTION('ref_axis',(0.,1.,0.));
#2271=DIRECTION('center_axis',(-1.,0.,0.));
#2272=DIRECTION('ref_axis',(0.,0.992780927686051,-0.119941775969946));
#2273=DIRECTION('',(0.,0.138213455342368,-0.990402464032841));
#2274=DIRECTION('center_axis',(1.,0.,0.));
#2275=DIRECTION('ref_axis',(0.,-0.996152353740452,0.0876383941965942));
#2276=DIRECTION('',(0.,-0.309016994374947,-0.951056516295154));
#2277=DIRECTION('center_axis',(1.,0.,0.));
#2278=DIRECTION('ref_axis',(0.,-0.857416738805984,0.514622712300293));
#2279=DIRECTION('',(0.,-0.69396099641589,-0.720012593954762));
#2280=DIRECTION('center_axis',(-1.,0.,0.));
#2281=DIRECTION('ref_axis',(0.,0.873676649238244,-0.486507052955899));
#2282=DIRECTION('center_axis',(-1.,0.,0.));
#2283=DIRECTION('ref_axis',(0.,1.,0.));
#2284=DIRECTION('center_axis',(-1.,0.,0.));
#2285=DIRECTION('ref_axis',(0.,0.873676649238242,0.486507052955903));
#2286=DIRECTION('',(0.,0.693960996415889,-0.720012593954763));
#2287=DIRECTION('center_axis',(1.,0.,0.));
#2288=DIRECTION('ref_axis',(0.,-0.857416738805982,-0.514622712300297));
#2289=DIRECTION('',(0.,0.309016994374947,-0.951056516295154));
#2290=DIRECTION('center_axis',(1.,0.,0.));
#2291=DIRECTION('ref_axis',(0.,-0.996152353740452,-0.0876383941965965));
#2292=DIRECTION('',(0.,-0.138213455342369,-0.990402464032841));
#2293=DIRECTION('center_axis',(-1.,0.,0.));
#2294=DIRECTION('ref_axis',(0.,0.992780927686051,0.119941775969946));
#2295=DIRECTION('center_axis',(-1.,0.,0.));
#2296=DIRECTION('ref_axis',(0.,1.,0.));
#2297=DIRECTION('center_axis',(-1.,0.,0.));
#2298=DIRECTION('ref_axis',(0.,0.420857585958548,0.907126723419139));
#2299=DIRECTION('',(0.,0.984639023725284,-0.174602385313943));
#2300=DIRECTION('center_axis',(1.,0.,0.));
#2301=DIRECTION('ref_axis',(0.,-0.391177072170719,-0.920315434081133));
#2302=DIRECTION('',(0.,0.809016994374947,-0.587785252292473));
#2303=DIRECTION('center_axis',(1.,0.,0.));
#2304=DIRECTION('ref_axis',(0.,-0.754391627519276,-0.65642461282985));
#2305=DIRECTION('',(0.,0.470326927969371,-0.88249225539202));
#2306=DIRECTION('center_axis',(-1.,0.,0.));
#2307=DIRECTION('ref_axis',(0.,0.732676635140436,0.680576923146303));
#2308=DIRECTION('center_axis',(-1.,0.,0.));
#2309=DIRECTION('ref_axis',(0.,1.,0.));
#2310=DIRECTION('center_axis',(-1.,0.,0.));
#2311=DIRECTION('ref_axis',(0.,-0.192714770734087,0.981254817639592));
#2312=DIRECTION('',(0.,0.899218410621136,0.437499999999998));
#2313=DIRECTION('center_axis',(1.,0.,0.));
#2314=DIRECTION('ref_axis',(0.,0.224478940414089,-0.97447894041409));
#2315=DIRECTION('',(0.,1.,0.));
#2316=DIRECTION('',(0.,1.,0.));
#2317=DIRECTION('center_axis',(1.,0.,0.));
#2318=DIRECTION('ref_axis',(0.,-0.22447894041409,-0.97447894041409));
#2319=DIRECTION('',(0.,0.899218410621135,-0.437499999999999));
#2320=DIRECTION('center_axis',(-1.,0.,0.));
#2321=DIRECTION('ref_axis',(0.,0.192714770734087,0.981254817639592));
#2322=DIRECTION('center_axis',(-1.,0.,0.));
#2323=DIRECTION('ref_axis',(0.,1.,0.));
#2324=DIRECTION('center_axis',(-1.,0.,0.));
#2325=DIRECTION('ref_axis',(0.,-0.732676635140429,0.68057692314631));
#2326=DIRECTION('',(0.,0.470326927969372,0.882492255392019));
#2327=DIRECTION('center_axis',(1.,0.,0.));
#2328=DIRECTION('ref_axis',(0.,0.754391627519279,-0.656424612829846));
#2329=DIRECTION('',(0.,0.809016994374947,0.587785252292473));
#2330=DIRECTION('center_axis',(1.,0.,0.));
#2331=DIRECTION('ref_axis',(0.,0.391177072170719,-0.920315434081133));
#2332=DIRECTION('',(0.,0.984639023725285,0.174602385313942));
#2333=DIRECTION('center_axis',(-1.,0.,0.));
#2334=DIRECTION('ref_axis',(0.,-0.420857585958545,0.90712672341914));
#2335=DIRECTION('center_axis',(-1.,0.,0.));
#2336=DIRECTION('ref_axis',(0.,1.,0.));
#2337=DIRECTION('center_axis',(-1.,0.,0.));
#2338=DIRECTION('ref_axis',(0.,-0.992780927686051,0.119941775969946));
#2339=DIRECTION('',(0.,-0.138213455342368,0.990402464032841));
#2340=DIRECTION('center_axis',(1.,0.,0.));
#2341=DIRECTION('ref_axis',(0.,0.996152353740452,-0.0876383941965942));
#2342=DIRECTION('',(0.,0.309016994374947,0.951056516295154));
#2343=DIRECTION('center_axis',(1.,0.,0.));
#2344=DIRECTION('ref_axis',(0.,0.857416738805984,-0.514622712300293));
#2345=DIRECTION('',(0.,0.69396099641589,0.720012593954762));
#2346=DIRECTION('center_axis',(-1.,0.,0.));
#2347=DIRECTION('ref_axis',(0.,-0.873676649238242,0.486507052955903));
#2348=DIRECTION('center_axis',(-1.,0.,0.));
#2349=DIRECTION('ref_axis',(0.,1.,0.));
#2350=DIRECTION('center_axis',(-1.,0.,0.));
#2351=DIRECTION('ref_axis',(0.,-0.873676649238246,-0.486507052955897));
#2352=DIRECTION('',(0.,-0.693960996415889,0.720012593954763));
#2353=DIRECTION('center_axis',(1.,0.,0.));
#2354=DIRECTION('ref_axis',(0.,0.857416738805983,0.514622712300296));
#2355=DIRECTION('',(0.,-0.309016994374948,0.951056516295154));
#2356=DIRECTION('center_axis',(1.,0.,0.));
#2357=DIRECTION('ref_axis',(0.,0.996152353740452,0.0876383941965965));
#2358=DIRECTION('',(0.,0.138213455342369,0.990402464032841));
#2359=DIRECTION('center_axis',(-1.,0.,0.));
#2360=DIRECTION('ref_axis',(0.,-0.99278092768605,-0.119941775969947));
#2361=DIRECTION('center_axis',(-1.,0.,0.));
#2362=DIRECTION('ref_axis',(0.,1.,0.));
#2363=DIRECTION('center_axis',(1.,0.,0.));
#2364=DIRECTION('ref_axis',(0.,0.948738034392859,0.316063509593205));
#2365=DIRECTION('',(0.,0.025518514193624,0.999674349692614));
#2366=DIRECTION('center_axis',(1.,0.,0.));
#2367=DIRECTION('ref_axis',(0.,0.918921160169301,-0.394441252144228));
#2368=DIRECTION('',(0.,-0.707106781186547,-0.707106781186548));
#2369=DIRECTION('center_axis',(1.,0.,0.));
#2370=DIRECTION('ref_axis',(0.,-0.0221293129029001,-0.999755116771325));
#2371=DIRECTION('center_axis',(1.,0.,0.));
#2372=DIRECTION('ref_axis',(0.,1.,0.));
#2373=DIRECTION('center_axis',(1.,0.,0.));
#2374=DIRECTION('ref_axis',(0.,-0.362738125055006,0.931891116296093));
#2375=DIRECTION('',(0.,1.,0.));
#2376=DIRECTION('',(0.,0.,1.));
#2377=DIRECTION('',(0.,-0.707106781186548,-0.707106781186547));
#2378=DIRECTION('',(0.,1.,0.));
#2379=DIRECTION('',(0.,0.707106781186548,-0.707106781186548));
#2380=DIRECTION('',(0.,0.707106781186548,-0.707106781186548));
#2381=DIRECTION('',(0.,0.,1.));
#2382=DIRECTION('',(0.,-0.707106781186548,-0.707106781186547));
#2383=DIRECTION('center_axis',(0.,1.,0.));
#2384=DIRECTION('ref_axis',(0.,0.,-1.));
#2385=DIRECTION('',(0.,0.,1.));
#2386=DIRECTION('',(-1.,0.,0.));
#2387=DIRECTION('',(0.,0.,-1.));
#2388=DIRECTION('',(-1.,0.,0.));
#2389=DIRECTION('center_axis',(0.,0.707106781186547,-0.707106781186548));
#2390=DIRECTION('ref_axis',(0.,-0.707106781186548,-0.707106781186547));
#2391=DIRECTION('',(0.,-0.707106781186548,-0.707106781186547));
#2392=DIRECTION('',(1.,0.,0.));
#2393=DIRECTION('',(0.,-0.707106781186548,-0.707106781186547));
#2394=DIRECTION('',(-1.,0.,0.));
#2395=DIRECTION('center_axis',(0.,-0.707106781186547,0.707106781186548));
#2396=DIRECTION('ref_axis',(0.,0.707106781186548,0.707106781186547));
#2397=DIRECTION('',(0.,-0.707106781186548,-0.707106781186547));
#2398=DIRECTION('',(1.,0.,0.));
#2399=DIRECTION('',(0.,0.707106781186548,0.707106781186547));
#2400=DIRECTION('center_axis',(-1.,0.,0.));
#2401=DIRECTION('ref_axis',(0.,0.,1.));
#2402=DIRECTION('',(0.,-0.707106781186548,0.707106781186548));
#2403=DIRECTION('',(0.,1.,0.));
#2404=DIRECTION('',(0.,0.,1.));
#2405=DIRECTION('',(0.,-0.707106781186548,0.707106781186548));
#2406=DIRECTION('center_axis',(0.,-0.707106781186548,-0.707106781186548));
#2407=DIRECTION('ref_axis',(0.,0.707106781186548,-0.707106781186548));
#2408=DIRECTION('',(1.,0.,0.));
#2409=DIRECTION('center_axis',(0.,0.707106781186548,0.707106781186548));
#2410=DIRECTION('ref_axis',(-1.,0.,0.));
#2411=DIRECTION('center_axis',(0.,0.707106781186548,0.707106781186548));
#2412=DIRECTION('ref_axis',(-1.,0.,0.));
#2413=DIRECTION('',(1.,0.,0.));
#2414=DIRECTION('',(0.,0.707106781186548,-0.707106781186548));
#2415=DIRECTION('',(-1.,0.,0.));
#2416=DIRECTION('',(1.,0.,0.));
#2417=DIRECTION('',(0.,0.707106781186548,-0.707106781186548));
#2418=DIRECTION('',(-1.,0.,0.));
#2419=DIRECTION('',(-1.,0.,0.));
#2420=DIRECTION('',(0.,0.707106781186548,-0.707106781186548));
#2421=DIRECTION('',(0.,0.707106781186548,-0.707106781186548));
#2422=DIRECTION('center_axis',(0.,0.707106781186547,-0.707106781186548));
#2423=DIRECTION('ref_axis',(0.,0.707106781186548,0.707106781186547));
#2424=DIRECTION('',(0.,0.707106781186548,0.707106781186547));
#2425=DIRECTION('',(1.,0.,0.));
#2426=DIRECTION('center_axis',(0.,1.,0.));
#2427=DIRECTION('ref_axis',(0.,0.,1.));
#2428=DIRECTION('',(0.,0.,1.));
#2429=DIRECTION('',(1.,0.,0.));
#2430=DIRECTION('center_axis',(0.,-0.707106781186547,0.707106781186548));
#2431=DIRECTION('ref_axis',(0.,-0.707106781186548,-0.707106781186547));
#2432=DIRECTION('',(0.,-0.707106781186548,-0.707106781186547));
#2433=DIRECTION('center_axis',(1.,0.,0.));
#2434=DIRECTION('ref_axis',(0.,0.,-1.));
#2435=DIRECTION('',(0.,0.,-1.));
#2436=DIRECTION('',(0.,-1.,0.));
#2437=DIRECTION('center_axis',(0.,-0.707106781186547,-0.707106781186548));
#2438=DIRECTION('ref_axis',(-1.,0.,0.));
#2439=DIRECTION('center_axis',(0.,0.707106781186548,0.707106781186548));
#2440=DIRECTION('ref_axis',(-1.,0.,0.));
#2441=DIRECTION('',(0.707106781186547,-0.5,-0.5));
#2442=DIRECTION('center_axis',(0.,0.707106781186548,0.707106781186548));
#2443=DIRECTION('ref_axis',(-1.,0.,0.));
#2444=DIRECTION('center_axis',(0.,-0.707106781186548,-0.707106781186547));
#2445=DIRECTION('ref_axis',(-1.,0.,0.));
#2446=DIRECTION('center_axis',(0.,-1.,0.));
#2447=DIRECTION('ref_axis',(0.,0.,-1.));
#2448=DIRECTION('',(-1.,0.,0.));
#2449=DIRECTION('',(-1.,0.,0.));
#2450=DIRECTION('',(0.,0.,-1.));
#2451=DIRECTION('center_axis',(0.,-0.707106781186548,-0.707106781186547));
#2452=DIRECTION('ref_axis',(-1.,0.,0.));
#2453=DIRECTION('',(0.,-0.707106781186548,-0.707106781186547));
#2454=DIRECTION('center_axis',(0.,0.,-1.));
#2455=DIRECTION('ref_axis',(-1.,0.,0.));
#2456=DIRECTION('',(0.,-1.,0.));
#2457=DIRECTION('',(1.,0.,0.));
#2458=DIRECTION('center_axis',(0.,0.,-1.));
#2459=DIRECTION('ref_axis',(-1.,0.,0.));
#2460=DIRECTION('',(0.,-1.,0.));
#2461=DIRECTION('',(-1.,0.,0.));
#2462=DIRECTION('',(0.,-1.,0.));
#2463=DIRECTION('center_axis',(1.,0.,0.));
#2464=DIRECTION('ref_axis',(0.,0.362738125055006,0.931891116296093));
#2465=DIRECTION('center_axis',(-1.,0.,0.));
#2466=DIRECTION('ref_axis',(0.,0.362738125055006,0.931891116296093));
#2467=DIRECTION('',(-1.,0.,0.));
#2468=DIRECTION('center_axis',(1.,0.,0.));
#2469=DIRECTION('ref_axis',(0.,1.,0.));
#2470=DIRECTION('center_axis',(1.,0.,0.));
#2471=DIRECTION('ref_axis',(0.,1.,0.));
#2472=DIRECTION('',(1.,0.,0.));
#2473=DIRECTION('center_axis',(-1.,0.,0.));
#2474=DIRECTION('ref_axis',(0.,-0.94873803439286,0.316063509593203));
#2475=DIRECTION('',(1.,0.,0.));
#2476=DIRECTION('center_axis',(-1.,0.,0.));
#2477=DIRECTION('ref_axis',(0.,-0.94873803439286,0.316063509593203));
#2478=DIRECTION('',(-1.,0.,0.));
#2479=DIRECTION('center_axis',(0.,-0.999674349692614,-0.025518514193624));
#2480=DIRECTION('ref_axis',(0.,0.025518514193624,-0.999674349692614));
#2481=DIRECTION('',(-1.,0.,0.));
#2482=DIRECTION('',(0.,-0.025518514193624,0.999674349692614));
#2483=DIRECTION('center_axis',(1.,0.,0.));
#2484=DIRECTION('ref_axis',(0.,-0.918921160169301,-0.394441252144228));
#2485=DIRECTION('center_axis',(-1.,0.,0.));
#2486=DIRECTION('ref_axis',(0.,-0.918921160169301,-0.394441252144228));
#2487=DIRECTION('',(1.,0.,0.));
#2488=DIRECTION('center_axis',(-1.,0.,0.));
#2489=DIRECTION('ref_axis',(0.,0.0221293129029001,-0.999755116771325));
#2490=DIRECTION('center_axis',(-1.,0.,0.));
#2491=DIRECTION('ref_axis',(0.,0.0221293129029001,-0.999755116771325));
#2492=DIRECTION('',(-1.,0.,0.));
#2493=DIRECTION('center_axis',(1.,0.,0.));
#2494=DIRECTION('ref_axis',(0.,1.,0.));
#2495=DIRECTION('center_axis',(-1.,0.,0.));
#2496=DIRECTION('ref_axis',(0.,1.,0.));
#2497=DIRECTION('',(1.,0.,0.));
#2498=DIRECTION('center_axis',(0.,0.707106781186548,0.707106781186548));
#2499=DIRECTION('ref_axis',(0.,-0.707106781186548,0.707106781186548));
#2500=DIRECTION('',(0.,0.707106781186548,-0.707106781186548));
#2501=DIRECTION('center_axis',(-1.,0.,0.));
#2502=DIRECTION('ref_axis',(0.,0.992780927686051,-0.119941775969946));
#2503=DIRECTION('center_axis',(1.,0.,0.));
#2504=DIRECTION('ref_axis',(0.,0.992780927686051,-0.119941775969946));
#2505=DIRECTION('',(-1.,0.,0.));
#2506=DIRECTION('center_axis',(0.,-0.990402464032841,-0.138213455342368));
#2507=DIRECTION('ref_axis',(0.,0.138213455342368,-0.990402464032841));
#2508=DIRECTION('',(0.,0.138213455342368,-0.990402464032841));
#2509=DIRECTION('',(1.,0.,0.));
#2510=DIRECTION('center_axis',(1.,0.,0.));
#2511=DIRECTION('ref_axis',(0.,-0.996152353740452,0.0876383941965942));
#2512=DIRECTION('center_axis',(-1.,0.,0.));
#2513=DIRECTION('ref_axis',(0.,-0.996152353740452,0.0876383941965942));
#2514=DIRECTION('',(-1.,0.,0.));
#2515=DIRECTION('center_axis',(0.,-0.951056516295154,0.309016994374947));
#2516=DIRECTION('ref_axis',(0.,-0.309016994374947,-0.951056516295154));
#2517=DIRECTION('',(0.,-0.309016994374947,-0.951056516295154));
#2518=DIRECTION('',(1.,0.,0.));
#2519=DIRECTION('center_axis',(1.,0.,0.));
#2520=DIRECTION('ref_axis',(0.,-0.857416738805984,0.514622712300293));
#2521=DIRECTION('center_axis',(-1.,0.,0.));
#2522=DIRECTION('ref_axis',(0.,-0.857416738805984,0.514622712300293));
#2523=DIRECTION('',(-1.,0.,0.));
#2524=DIRECTION('center_axis',(0.,-0.720012593954762,0.69396099641589));
#2525=DIRECTION('ref_axis',(0.,-0.69396099641589,-0.720012593954762));
#2526=DIRECTION('',(0.,-0.69396099641589,-0.720012593954762));
#2527=DIRECTION('',(1.,0.,0.));
#2528=DIRECTION('center_axis',(1.,0.,0.));
#2529=DIRECTION('ref_axis',(0.,0.873676649238244,-0.486507052955899));
#2530=DIRECTION('center_axis',(1.,0.,0.));
#2531=DIRECTION('ref_axis',(0.,0.873676649238244,-0.486507052955899));
#2532=DIRECTION('',(-1.,0.,0.));
#2533=DIRECTION('center_axis',(-1.,0.,0.));
#2534=DIRECTION('ref_axis',(0.,0.873676649238242,0.486507052955903));
#2535=DIRECTION('center_axis',(1.,0.,0.));
#2536=DIRECTION('ref_axis',(0.,0.873676649238242,0.486507052955903));
#2537=DIRECTION('',(-1.,0.,0.));
#2538=DIRECTION('',(1.,0.,0.));
#2539=DIRECTION('center_axis',(0.,-0.720012593954763,-0.693960996415889));
#2540=DIRECTION('ref_axis',(0.,0.693960996415889,-0.720012593954763));
#2541=DIRECTION('',(0.,0.693960996415889,-0.720012593954763));
#2542=DIRECTION('',(1.,0.,0.));
#2543=DIRECTION('center_axis',(1.,0.,0.));
#2544=DIRECTION('ref_axis',(0.,-0.857416738805982,-0.514622712300297));
#2545=DIRECTION('center_axis',(-1.,0.,0.));
#2546=DIRECTION('ref_axis',(0.,-0.857416738805982,-0.514622712300297));
#2547=DIRECTION('',(-1.,0.,0.));
#2548=DIRECTION('center_axis',(0.,-0.951056516295154,-0.309016994374947));
#2549=DIRECTION('ref_axis',(0.,0.309016994374947,-0.951056516295154));
#2550=DIRECTION('',(0.,0.309016994374947,-0.951056516295154));
#2551=DIRECTION('',(1.,0.,0.));
#2552=DIRECTION('center_axis',(1.,0.,0.));
#2553=DIRECTION('ref_axis',(0.,-0.996152353740452,-0.0876383941965965));
#2554=DIRECTION('center_axis',(-1.,0.,0.));
#2555=DIRECTION('ref_axis',(0.,-0.996152353740452,-0.0876383941965965));
#2556=DIRECTION('',(-1.,0.,0.));
#2557=DIRECTION('center_axis',(0.,-0.990402464032841,0.138213455342369));
#2558=DIRECTION('ref_axis',(0.,-0.138213455342369,-0.990402464032841));
#2559=DIRECTION('',(0.,-0.138213455342369,-0.990402464032841));
#2560=DIRECTION('',(1.,0.,0.));
#2561=DIRECTION('center_axis',(1.,0.,0.));
#2562=DIRECTION('ref_axis',(0.,0.992780927686051,0.119941775969946));
#2563=DIRECTION('center_axis',(1.,0.,0.));
#2564=DIRECTION('ref_axis',(0.,0.992780927686051,0.119941775969946));
#2565=DIRECTION('',(-1.,0.,0.));
#2566=DIRECTION('center_axis',(-1.,0.,0.));
#2567=DIRECTION('ref_axis',(0.,0.420857585958548,0.907126723419139));
#2568=DIRECTION('center_axis',(1.,0.,0.));
#2569=DIRECTION('ref_axis',(0.,0.420857585958548,0.907126723419139));
#2570=DIRECTION('',(-1.,0.,0.));
#2571=DIRECTION('',(1.,0.,0.));
#2572=DIRECTION('center_axis',(0.,-0.174602385313943,-0.984639023725285));
#2573=DIRECTION('ref_axis',(0.,0.984639023725284,-0.174602385313943));
#2574=DIRECTION('',(0.,0.984639023725284,-0.174602385313943));
#2575=DIRECTION('',(1.,0.,0.));
#2576=DIRECTION('center_axis',(1.,0.,0.));
#2577=DIRECTION('ref_axis',(0.,-0.391177072170719,-0.920315434081133));
#2578=DIRECTION('center_axis',(-1.,0.,0.));
#2579=DIRECTION('ref_axis',(0.,-0.391177072170719,-0.920315434081133));
#2580=DIRECTION('',(-1.,0.,0.));
#2581=DIRECTION('center_axis',(0.,-0.587785252292473,-0.809016994374947));
#2582=DIRECTION('ref_axis',(0.,0.809016994374947,-0.587785252292473));
#2583=DIRECTION('',(0.,0.809016994374947,-0.587785252292473));
#2584=DIRECTION('',(1.,0.,0.));
#2585=DIRECTION('center_axis',(1.,0.,0.));
#2586=DIRECTION('ref_axis',(0.,-0.754391627519276,-0.65642461282985));
#2587=DIRECTION('center_axis',(-1.,0.,0.));
#2588=DIRECTION('ref_axis',(0.,-0.754391627519276,-0.65642461282985));
#2589=DIRECTION('',(-1.,0.,0.));
#2590=DIRECTION('center_axis',(1.,0.,0.));
#2591=DIRECTION('ref_axis',(0.,0.732676635140436,0.680576923146303));
#2592=DIRECTION('',(1.,0.,0.));
#2593=DIRECTION('center_axis',(1.,0.,0.));
#2594=DIRECTION('ref_axis',(0.,0.732676635140436,0.680576923146303));
#2595=DIRECTION('',(-1.,0.,0.));
#2596=DIRECTION('center_axis',(0.,-0.88249225539202,-0.470326927969371));
#2597=DIRECTION('ref_axis',(0.,0.470326927969371,-0.88249225539202));
#2598=DIRECTION('',(0.,0.470326927969371,-0.88249225539202));
#2599=DIRECTION('center_axis',(1.,0.,0.));
#2600=DIRECTION('ref_axis',(0.,1.,0.));
#2601=DIRECTION('center_axis',(-1.,0.,0.));
#2602=DIRECTION('ref_axis',(0.,1.,0.));
#2603=DIRECTION('',(1.,0.,0.));
#2604=DIRECTION('center_axis',(1.,0.,0.));
#2605=DIRECTION('ref_axis',(0.,1.,0.));
#2606=DIRECTION('center_axis',(-1.,0.,0.));
#2607=DIRECTION('ref_axis',(0.,1.,0.));
#2608=DIRECTION('center_axis',(1.,0.,0.));
#2609=DIRECTION('ref_axis',(0.,1.,0.));
#2610=DIRECTION('center_axis',(-1.,0.,0.));
#2611=DIRECTION('ref_axis',(0.,1.,0.));
#2612=DIRECTION('center_axis',(-1.,0.,0.));
#2613=DIRECTION('ref_axis',(0.,-0.192714770734087,0.981254817639592));
#2614=DIRECTION('center_axis',(1.,0.,0.));
#2615=DIRECTION('ref_axis',(0.,-0.192714770734087,0.981254817639592));
#2616=DIRECTION('',(-1.,0.,0.));
#2617=DIRECTION('center_axis',(0.,0.437499999999998,-0.899218410621136));
#2618=DIRECTION('ref_axis',(0.,0.899218410621136,0.437499999999998));
#2619=DIRECTION('',(0.,0.899218410621136,0.437499999999998));
#2620=DIRECTION('',(1.,0.,0.));
#2621=DIRECTION('center_axis',(1.,0.,0.));
#2622=DIRECTION('ref_axis',(0.,0.224478940414089,-0.97447894041409));
#2623=DIRECTION('center_axis',(-1.,0.,0.));
#2624=DIRECTION('ref_axis',(0.,0.224478940414089,-0.97447894041409));
#2625=DIRECTION('',(-1.,0.,0.));
#2626=DIRECTION('center_axis',(0.,0.,-1.));
#2627=DIRECTION('ref_axis',(0.,1.,0.));
#2628=DIRECTION('',(0.,1.,0.));
#2629=DIRECTION('center_axis',(-1.,0.,0.));
#2630=DIRECTION('ref_axis',(0.,-0.362738125055006,0.931891116296093));
#2631=DIRECTION('',(1.,0.,0.));
#2632=DIRECTION('center_axis',(-1.,0.,0.));
#2633=DIRECTION('ref_axis',(0.,-0.362738125055006,0.931891116296093));
#2634=DIRECTION('center_axis',(1.,0.,0.));
#2635=DIRECTION('ref_axis',(0.,1.,0.));
#2636=DIRECTION('center_axis',(1.,0.,0.));
#2637=DIRECTION('ref_axis',(0.,1.,0.));
#2638=DIRECTION('center_axis',(-1.,0.,0.));
#2639=DIRECTION('ref_axis',(0.,-0.0221293129029001,-0.999755116771325));
#2640=DIRECTION('',(0.,0.707106781186547,0.707106781186548));
#2641=DIRECTION('center_axis',(-1.,0.,0.));
#2642=DIRECTION('ref_axis',(0.,0.918921160169301,-0.394441252144228));
#2643=DIRECTION('',(0.,-0.025518514193624,-0.999674349692614));
#2644=DIRECTION('center_axis',(-1.,0.,0.));
#2645=DIRECTION('ref_axis',(0.,0.948738034392859,0.316063509593205));
#2646=DIRECTION('center_axis',(-1.,0.,0.));
#2647=DIRECTION('ref_axis',(0.,1.,0.));
#2648=DIRECTION('center_axis',(1.,0.,0.));
#2649=DIRECTION('ref_axis',(0.,-0.99278092768605,-0.119941775969947));
#2650=DIRECTION('',(0.,0.138213455342369,0.990402464032841));
#2651=DIRECTION('center_axis',(-1.,0.,0.));
#2652=DIRECTION('ref_axis',(0.,0.996152353740452,0.0876383941965965));
#2653=DIRECTION('',(0.,-0.309016994374948,0.951056516295154));
#2654=DIRECTION('center_axis',(-1.,0.,0.));
#2655=DIRECTION('ref_axis',(0.,0.857416738805983,0.514622712300296));
#2656=DIRECTION('',(0.,-0.693960996415889,0.720012593954763));
#2657=DIRECTION('center_axis',(1.,0.,0.));
#2658=DIRECTION('ref_axis',(0.,-0.873676649238246,-0.486507052955897));
#2659=DIRECTION('center_axis',(-1.,0.,0.));
#2660=DIRECTION('ref_axis',(0.,1.,0.));
#2661=DIRECTION('center_axis',(1.,0.,0.));
#2662=DIRECTION('ref_axis',(0.,-0.873676649238242,0.486507052955903));
#2663=DIRECTION('',(0.,0.69396099641589,0.720012593954762));
#2664=DIRECTION('center_axis',(-1.,0.,0.));
#2665=DIRECTION('ref_axis',(0.,0.857416738805984,-0.514622712300293));
#2666=DIRECTION('',(0.,0.309016994374947,0.951056516295154));
#2667=DIRECTION('center_axis',(-1.,0.,0.));
#2668=DIRECTION('ref_axis',(0.,0.996152353740452,-0.0876383941965942));
#2669=DIRECTION('',(0.,-0.138213455342368,0.990402464032841));
#2670=DIRECTION('center_axis',(1.,0.,0.));
#2671=DIRECTION('ref_axis',(0.,-0.992780927686051,0.119941775969946));
#2672=DIRECTION('center_axis',(-1.,0.,0.));
#2673=DIRECTION('ref_axis',(0.,1.,0.));
#2674=DIRECTION('center_axis',(1.,0.,0.));
#2675=DIRECTION('ref_axis',(0.,-0.420857585958545,0.90712672341914));
#2676=DIRECTION('',(0.,0.984639023725285,0.174602385313942));
#2677=DIRECTION('center_axis',(-1.,0.,0.));
#2678=DIRECTION('ref_axis',(0.,0.391177072170719,-0.920315434081133));
#2679=DIRECTION('',(0.,0.809016994374947,0.587785252292473));
#2680=DIRECTION('center_axis',(-1.,0.,0.));
#2681=DIRECTION('ref_axis',(0.,0.754391627519279,-0.656424612829846));
#2682=DIRECTION('',(0.,0.470326927969372,0.882492255392019));
#2683=DIRECTION('center_axis',(1.,0.,0.));
#2684=DIRECTION('ref_axis',(0.,-0.732676635140429,0.68057692314631));
#2685=DIRECTION('center_axis',(-1.,0.,0.));
#2686=DIRECTION('ref_axis',(0.,1.,0.));
#2687=DIRECTION('center_axis',(1.,0.,0.));
#2688=DIRECTION('ref_axis',(0.,0.192714770734087,0.981254817639592));
#2689=DIRECTION('',(0.,0.899218410621135,-0.437499999999999));
#2690=DIRECTION('center_axis',(-1.,0.,0.));
#2691=DIRECTION('ref_axis',(0.,-0.22447894041409,-0.97447894041409));
#2692=DIRECTION('',(0.,1.,0.));
#2693=DIRECTION('center_axis',(0.,-0.437499999999999,-0.899218410621135));
#2694=DIRECTION('ref_axis',(0.,0.899218410621135,-0.437499999999999));
#2695=DIRECTION('',(-1.,0.,0.));
#2696=DIRECTION('',(1.,0.,0.));
#2697=DIRECTION('center_axis',(1.,0.,0.));
#2698=DIRECTION('ref_axis',(0.,0.192714770734087,0.981254817639592));
#2699=DIRECTION('',(-1.,0.,0.));
#2700=DIRECTION('center_axis',(1.,0.,0.));
#2701=DIRECTION('ref_axis',(0.,-0.22447894041409,-0.97447894041409));
#2702=DIRECTION('',(1.,0.,0.));
#2703=DIRECTION('center_axis',(1.,0.,0.));
#2704=DIRECTION('ref_axis',(0.,1.,0.));
#2705=DIRECTION('',(1.,0.,0.));
#2706=DIRECTION('center_axis',(1.,0.,0.));
#2707=DIRECTION('ref_axis',(0.,1.,0.));
#2708=DIRECTION('',(-1.,0.,0.));
#2709=DIRECTION('',(1.,0.,0.));
#2710=DIRECTION('center_axis',(1.,0.,0.));
#2711=DIRECTION('ref_axis',(0.,-1.,1.22464679914735E-16));
#2712=DIRECTION('',(-1.,0.,0.));
#2713=DIRECTION('',(1.,0.,0.));
#2714=DIRECTION('center_axis',(1.,0.,0.));
#2715=DIRECTION('ref_axis',(0.,-0.99278092768605,-0.119941775969947));
#2716=DIRECTION('',(1.,0.,0.));
#2717=DIRECTION('',(-1.,0.,0.));
#2718=DIRECTION('center_axis',(0.,0.990402464032841,-0.138213455342369));
#2719=DIRECTION('ref_axis',(0.,0.138213455342369,0.990402464032841));
#2720=DIRECTION('',(-1.,0.,0.));
#2721=DIRECTION('center_axis',(1.,0.,0.));
#2722=DIRECTION('ref_axis',(0.,0.996152353740452,0.0876383941965965));
#2723=DIRECTION('',(1.,0.,0.));
#2724=DIRECTION('center_axis',(0.,0.951056516295154,0.309016994374948));
#2725=DIRECTION('ref_axis',(0.,-0.309016994374948,0.951056516295154));
#2726=DIRECTION('',(-1.,0.,0.));
#2727=DIRECTION('center_axis',(1.,0.,0.));
#2728=DIRECTION('ref_axis',(0.,0.857416738805983,0.514622712300296));
#2729=DIRECTION('',(1.,0.,0.));
#2730=DIRECTION('center_axis',(0.,0.720012593954763,0.693960996415889));
#2731=DIRECTION('ref_axis',(0.,-0.693960996415889,0.720012593954763));
#2732=DIRECTION('',(-1.,0.,0.));
#2733=DIRECTION('center_axis',(-1.,0.,0.));
#2734=DIRECTION('ref_axis',(0.,-0.873676649238246,-0.486507052955897));
#2735=DIRECTION('center_axis',(1.,0.,0.));
#2736=DIRECTION('ref_axis',(0.,-0.873676649238242,0.486507052955903));
#2737=DIRECTION('',(1.,0.,0.));
#2738=DIRECTION('center_axis',(0.,0.720012593954762,-0.69396099641589));
#2739=DIRECTION('ref_axis',(0.,0.69396099641589,0.720012593954762));
#2740=DIRECTION('',(-1.,0.,0.));
#2741=DIRECTION('center_axis',(1.,0.,0.));
#2742=DIRECTION('ref_axis',(0.,0.857416738805984,-0.514622712300293));
#2743=DIRECTION('',(1.,0.,0.));
#2744=DIRECTION('center_axis',(0.,0.951056516295154,-0.309016994374947));
#2745=DIRECTION('ref_axis',(0.,0.309016994374947,0.951056516295154));
#2746=DIRECTION('',(-1.,0.,0.));
#2747=DIRECTION('center_axis',(1.,0.,0.));
#2748=DIRECTION('ref_axis',(0.,0.996152353740452,-0.0876383941965942));
#2749=DIRECTION('',(1.,0.,0.));
#2750=DIRECTION('center_axis',(0.,0.990402464032841,0.138213455342368));
#2751=DIRECTION('ref_axis',(0.,-0.138213455342368,0.990402464032841));
#2752=DIRECTION('',(-1.,0.,0.));
#2753=DIRECTION('center_axis',(-1.,0.,0.));
#2754=DIRECTION('ref_axis',(0.,-0.992780927686051,0.119941775969946));
#2755=DIRECTION('center_axis',(1.,0.,0.));
#2756=DIRECTION('ref_axis',(0.,-0.420857585958545,0.90712672341914));
#2757=DIRECTION('',(1.,0.,0.));
#2758=DIRECTION('center_axis',(0.,0.174602385313942,-0.984639023725285));
#2759=DIRECTION('ref_axis',(0.,0.984639023725285,0.174602385313942));
#2760=DIRECTION('',(-1.,0.,0.));
#2761=DIRECTION('center_axis',(1.,0.,0.));
#2762=DIRECTION('ref_axis',(0.,0.391177072170719,-0.920315434081133));
#2763=DIRECTION('',(1.,0.,0.));
#2764=DIRECTION('center_axis',(0.,0.587785252292473,-0.809016994374947));
#2765=DIRECTION('ref_axis',(0.,0.809016994374947,0.587785252292473));
#2766=DIRECTION('',(-1.,0.,0.));
#2767=DIRECTION('center_axis',(1.,0.,0.));
#2768=DIRECTION('ref_axis',(0.,0.754391627519279,-0.656424612829846));
#2769=DIRECTION('',(1.,0.,0.));
#2770=DIRECTION('center_axis',(0.,0.882492255392019,-0.470326927969372));
#2771=DIRECTION('ref_axis',(0.,0.470326927969372,0.882492255392019));
#2772=DIRECTION('',(-1.,0.,0.));
#2773=DIRECTION('center_axis',(-1.,0.,0.));
#2774=DIRECTION('ref_axis',(0.,-0.732676635140429,0.68057692314631));
#2775=DIRECTION('center_axis',(1.,0.,0.));
#2776=DIRECTION('ref_axis',(0.,1.,0.));
#2777=DIRECTION('',(1.,0.,0.));
#2778=DIRECTION('center_axis',(1.,0.,0.));
#2779=DIRECTION('ref_axis',(0.,-0.0221293129029001,-0.999755116771325));
#2780=DIRECTION('',(-1.,0.,0.));
#2781=DIRECTION('',(1.,0.,0.));
#2782=DIRECTION('center_axis',(1.,0.,0.));
#2783=DIRECTION('ref_axis',(0.,-0.999048548488325,0.0436118993322898));
#2784=DIRECTION('center_axis',(0.,-0.707106781186548,0.707106781186547));
#2785=DIRECTION('ref_axis',(0.,-0.707106781186547,-0.707106781186548));
#2786=DIRECTION('',(-1.,0.,0.));
#2787=DIRECTION('center_axis',(-1.,0.,0.));
#2788=DIRECTION('ref_axis',(0.,0.918921160169301,-0.394441252144228));
#2789=DIRECTION('',(1.,0.,0.));
#2790=DIRECTION('center_axis',(0.,0.999674349692614,-0.025518514193624));
#2791=DIRECTION('ref_axis',(0.,0.025518514193624,0.999674349692614));
#2792=DIRECTION('',(-1.,0.,0.));
#2793=DIRECTION('center_axis',(1.,0.,0.));
#2794=DIRECTION('ref_axis',(0.,0.948738034392859,0.316063509593205));
#2795=DIRECTION('center_axis',(0.,0.,-1.));
#2796=DIRECTION('ref_axis',(0.,1.,0.));
#2797=CARTESIAN_POINT('',(0.,0.,0.));
#2798=CARTESIAN_POINT('Origin',(30.,43.825,12.075));
#2799=CARTESIAN_POINT('',(40.,44.,11.8999997261912));
#2800=CARTESIAN_POINT('',(40.,43.65,12.25));
#2801=CARTESIAN_POINT('',(40.,35.8874999999999,20.0125));
#2802=CARTESIAN_POINT('',(-5.96046447753906E-7,43.65,12.25));
#2803=CARTESIAN_POINT('',(30.,43.65,12.25));
#2804=CARTESIAN_POINT('',(0.,44.,11.8999997261912));
#2805=CARTESIAN_POINT('',(0.,35.8874999999999,20.0125));
#2806=CARTESIAN_POINT('',(10.,44.,11.8999997261912));
#2807=CARTESIAN_POINT('Origin',(40.,0.,12.25));
#2808=CARTESIAN_POINT('',(40.,0.35,12.25));
#2809=CARTESIAN_POINT('',(40.,0.,12.25));
#2810=CARTESIAN_POINT('',(-5.96046447753906E-7,0.35,12.25));
#2811=CARTESIAN_POINT('',(30.,0.35,12.25));
#2812=CARTESIAN_POINT('',(-5.96046447753906E-7,0.,12.25));
#2813=CARTESIAN_POINT('Origin',(30.,0.175,12.075));
#2814=CARTESIAN_POINT('',(0.,0.,11.8999997261912));
#2815=CARTESIAN_POINT('',(4.44089209850063E-15,-2.8875,9.01250000000001));
#2816=CARTESIAN_POINT('',(40.,0.,11.8999997261912));
#2817=CARTESIAN_POINT('',(40.,-2.8875,9.01250000000001));
#2818=CARTESIAN_POINT('',(10.,0.,11.8999997261912));
#2819=CARTESIAN_POINT('Origin',(20.,30.9100125118177,14.2071067811865));
#2820=CARTESIAN_POINT('',(3.4142135623731,32.6171192930043,13.5));
#2821=CARTESIAN_POINT('',(2.,29.2029057306312,14.9142135623731));
#2822=CARTESIAN_POINT('',(2.70553630146472,30.9062210383739,14.2086772609084));
#2823=CARTESIAN_POINT('',(38.,29.2029057306312,14.9142135623731));
#2824=CARTESIAN_POINT('',(20.,29.2029057306312,14.9142135623731));
#2825=CARTESIAN_POINT('',(36.5857864376269,32.6171192930043,13.5));
#2826=CARTESIAN_POINT('',(37.2944636985353,30.9062210383739,14.2086772609084));
#2827=CARTESIAN_POINT('',(20.,32.6171192930043,13.5));
#2828=CARTESIAN_POINT('Origin',(0.,30.6171192930043,13.5));
#2829=CARTESIAN_POINT('',(2.,8.20290541770681,35.9142138752975));
#2830=CARTESIAN_POINT('',(2.,26.3378394697532,17.7792798232511));
#2831=CARTESIAN_POINT('',(38.,8.20290541770681,35.9142138752975));
#2832=CARTESIAN_POINT('',(0.,8.20290541770681,35.9142138752975));
#2833=CARTESIAN_POINT('',(38.,26.3378394697532,17.7792798232511));
#2834=CARTESIAN_POINT('',(28.,16.7227733597495,27.3943459332548));
#2835=CARTESIAN_POINT('Origin',(20.,16.7227733597495,27.3943459332548));
#2836=CARTESIAN_POINT('Origin',(0.,7.49579863652026,35.621320656484));
#2837=CARTESIAN_POINT('',(0.585786437626901,6.78869185533371,35.3284274376706));
#2838=CARTESIAN_POINT('',(2.,8.20290541770681,35.9142138752975));
#2839=CARTESIAN_POINT('',(39.4142135623731,6.78869185533371,35.3284274376706));
#2840=CARTESIAN_POINT('',(0.,6.78869185533371,35.3284274376706));
#2841=CARTESIAN_POINT('',(39.4142135623731,6.78869185533371,35.3284274376706));
#2842=CARTESIAN_POINT('Origin',(1.,25.6307326885667,17.0721730420645));
#2843=CARTESIAN_POINT('',(0.,27.7886921682581,13.5));
#2844=CARTESIAN_POINT('',(-3.76069405729821,22.4702676284911,13.5));
#2845=CARTESIAN_POINT('',(0.,6.78869185533371,34.5000003129244));
#2846=CARTESIAN_POINT('',(0.,24.9236259073801,16.365066260878));
#2847=CARTESIAN_POINT('',(-3.27444494819095,6.78869185533371,29.8692358579487));
#2848=CARTESIAN_POINT('Origin',(39.,25.6307326885667,17.0721730420645));
#2849=CARTESIAN_POINT('',(40.,6.78869185533371,34.5000003129244));
#2850=CARTESIAN_POINT('',(40.,27.7886921682581,13.5));
#2851=CARTESIAN_POINT('',(40.,24.9236259073801,16.365066260878));
#2852=CARTESIAN_POINT('',(50.4273607239649,13.0421772126704,13.5));
#2853=CARTESIAN_POINT('',(36.6077782815243,6.78869185533371,39.2973262737693));
#2854=CARTESIAN_POINT('Origin',(0.,0.,0.));
#2855=CARTESIAN_POINT('',(0.,47.2113081446663,13.5));
#2856=CARTESIAN_POINT('',(0.,-7.5,13.5));
#2857=CARTESIAN_POINT('',(0.,53.9719568702795,10.8684210526316));
#2858=CARTESIAN_POINT('Origin',(0.,47.2113081446663,3.5));
#2859=CARTESIAN_POINT('',(0.,54.8811065989163,-9.95811323409313));
#2860=CARTESIAN_POINT('Origin',(0.,44.,0.));
#2861=CARTESIAN_POINT('',(0.,53.9781010217376,-9.97810102173755));
#2862=CARTESIAN_POINT('Origin',(0.,54.4200427599792,-9.53615928349596));
#2863=CARTESIAN_POINT('',(0.,53.6871300314218,-9.6871300314218));
#2864=CARTESIAN_POINT('',(0.,49.6568542494924,-5.65685424949238));
#2865=CARTESIAN_POINT('',(0.,53.5408462471688,-9.34633589792534));
#2866=CARTESIAN_POINT('Origin',(0.,54.0406834220151,-9.33357664082853));
#2867=CARTESIAN_POINT('',(0.,53.5043622152245,-7.91709316728222));
#2868=CARTESIAN_POINT('',(0.,53.4095121408956,-4.20139147503062));
#2869=CARTESIAN_POINT('',(0.,53.6118778453621,-7.59436003135461));
#2870=CARTESIAN_POINT('Origin',(0.,54.0041993900708,-7.90433391018541));
#2871=CARTESIAN_POINT('',(0.,55.3801368146727,-4.53376069938967));
#2872=CARTESIAN_POINT('Origin',(0.,44.,0.));
#2873=CARTESIAN_POINT('',(0.,55.3900394852331,-4.45179440877939));
#2874=CARTESIAN_POINT('Origin',(0.,55.2303365501192,-4.47408140350325));
#2875=CARTESIAN_POINT('',(0.,55.2977916901501,-3.79077017401535));
#2876=CARTESIAN_POINT('',(0.,55.2926577044341,-3.75398133829137));
#2877=CARTESIAN_POINT('',(0.,55.3041362455877,-3.7186540211523));
#2878=CARTESIAN_POINT('Origin',(0.,55.4574946252639,-3.76848317929148));
#2879=CARTESIAN_POINT('',(0.,55.3310083214217,-3.63595027574827));
#2880=CARTESIAN_POINT('',(0.,55.3424868625752,-3.60062295860921));
#2881=CARTESIAN_POINT('',(0.,55.3682642793559,-3.57387784639458));
#2882=CARTESIAN_POINT('Origin',(0.,55.4843667010979,-3.68577943388746));
#2883=CARTESIAN_POINT('',(0.,55.8314346098739,-3.09331990028307));
#2884=CARTESIAN_POINT('',(0.,55.8976556597079,-3.0246128834454));
#2885=CARTESIAN_POINT('',(0.,55.8716017579067,-3.0211871344998));
#2886=CARTESIAN_POINT('Origin',(0.,55.7153321881318,-2.98141831279019));
#2887=CARTESIAN_POINT('',(0.,55.8716017579067,3.0211871344998));
#2888=CARTESIAN_POINT('Origin',(0.,44.,0.));
#2889=CARTESIAN_POINT('',(0.,55.8314346098739,3.09331990028307));
#2890=CARTESIAN_POINT('Origin',(0.,55.7153321881318,2.98141831279019));
#2891=CARTESIAN_POINT('',(0.,55.3682642793559,3.57387784639459));
#2892=CARTESIAN_POINT('',(0.,55.3424868625752,3.60062295860921));
#2893=CARTESIAN_POINT('',(0.,55.3310083214217,3.63595027574828));
#2894=CARTESIAN_POINT('Origin',(0.,55.4843667010979,3.68577943388747));
#2895=CARTESIAN_POINT('',(0.,55.3041362455876,3.71865402115231));
#2896=CARTESIAN_POINT('',(0.,55.2926577044341,3.75398133829137));
#2897=CARTESIAN_POINT('',(0.,55.2977916901501,3.79077017401536));
#2898=CARTESIAN_POINT('Origin',(0.,55.4574946252639,3.7684831792915));
#2899=CARTESIAN_POINT('',(0.,55.3900394852331,4.45179440877938));
#2900=CARTESIAN_POINT('',(0.,55.403228468708,4.54630330951764));
#2901=CARTESIAN_POINT('',(0.,55.3801368146728,4.53376069938966));
#2902=CARTESIAN_POINT('Origin',(0.,55.2303365501193,4.47408140350324));
#2903=CARTESIAN_POINT('',(0.,51.8285183305233,9.42214416938422));
#2904=CARTESIAN_POINT('Origin',(0.,44.,0.));
#2905=CARTESIAN_POINT('',(0.,51.7536238492147,9.45689114551382));
#2906=CARTESIAN_POINT('Origin',(0.,51.7254691197737,9.29811756827912));
#2907=CARTESIAN_POINT('',(0.,51.0964463069391,9.57342600112207));
#2908=CARTESIAN_POINT('',(0.,51.0598715561617,9.57991166599428));
#2909=CARTESIAN_POINT('',(0.,51.0298203452805,9.60174514871757));
#2910=CARTESIAN_POINT('Origin',(0.,51.12460103638,9.73219957835676));
#2911=CARTESIAN_POINT('',(0.,50.9594683373988,9.65285887437417));
#2912=CARTESIAN_POINT('',(0.,50.9294171265175,9.67469235709747));
#2913=CARTESIAN_POINT('',(0.,50.9119466731231,9.70747283149078));
#2914=CARTESIAN_POINT('Origin',(0.,51.0542490284983,9.78331330401336));
#2915=CARTESIAN_POINT('',(0.,50.5980364104366,10.2964745646149));
#2916=CARTESIAN_POINT('',(0.,50.553155584142,10.3806861614111));
#2917=CARTESIAN_POINT('',(0.,50.5418464048578,10.3569660429708));
#2918=CARTESIAN_POINT('Origin',(0.,50.4557340550614,10.2206340920923));
#2919=CARTESIAN_POINT('',(0.,44.7952069824316,12.2241623784655));
#2920=CARTESIAN_POINT('Origin',(0.,44.,0.));
#2921=CARTESIAN_POINT('',(0.,44.7141923141373,12.2082514010662));
#2922=CARTESIAN_POINT('Origin',(0.,44.7847394266998,12.063251944078));
#2923=CARTESIAN_POINT('',(0.,44.1140270446102,11.9162508122029));
#2924=CARTESIAN_POINT('',(0.,44.0806252715031,11.8999997261912));
#2925=CARTESIAN_POINT('',(0.,44.0434799320477,11.8999997261912));
#2926=CARTESIAN_POINT('Origin',(0.,44.0434799320477,12.0612502691912));
#2927=CARTESIAN_POINT('',(0.,43.9193747284969,11.8999997261912));
#2928=CARTESIAN_POINT('',(0.,-0.0434799320476746,11.8999997261912));
#2929=CARTESIAN_POINT('',(0.,-0.0806252715030928,11.8999997261912));
#2930=CARTESIAN_POINT('',(0.,-0.114027044610175,11.9162508122029));
#2931=CARTESIAN_POINT('Origin',(0.,-0.0434799320476746,12.0612502691912));
#2932=CARTESIAN_POINT('',(0.,-0.714192314137261,12.2082514010662));
#2933=CARTESIAN_POINT('',(0.,-0.8,12.2499997261912));
#2934=CARTESIAN_POINT('',(0.,-0.795206982431556,12.2241623784655));
#2935=CARTESIAN_POINT('Origin',(0.,-0.784739426699761,12.063251944078));
#2936=CARTESIAN_POINT('',(0.,-6.54184640485779,10.3569660429708));
#2937=CARTESIAN_POINT('Origin',(0.,0.,0.));
#2938=CARTESIAN_POINT('',(0.,-6.59803641043664,10.2964745646148));
#2939=CARTESIAN_POINT('Origin',(0.,-6.45573405506139,10.2206340920923));
#2940=CARTESIAN_POINT('',(0.,-6.9119466731231,9.70747283149078));
#2941=CARTESIAN_POINT('',(0.,-6.92941712651754,9.67469235709746));
#2942=CARTESIAN_POINT('',(0.,-6.9594683373988,9.65285887437417));
#2943=CARTESIAN_POINT('Origin',(0.,-7.05424902849836,9.78331330401336));
#2944=CARTESIAN_POINT('',(0.,-7.02982034528048,9.60174514871757));
#2945=CARTESIAN_POINT('',(0.,-7.05987155616173,9.57991166599428));
#2946=CARTESIAN_POINT('',(0.,-7.09644630693906,9.57342600112207));
#2947=CARTESIAN_POINT('Origin',(0.,-7.12460103638003,9.73219957835676));
#2948=CARTESIAN_POINT('',(0.,-7.75362384921466,9.45689114551381));
#2949=CARTESIAN_POINT('',(0.,-7.84758277514196,9.44022975774312));
#2950=CARTESIAN_POINT('',(0.,-7.82851833052328,9.42214416938422));
#2951=CARTESIAN_POINT('Origin',(0.,-7.7254691197737,9.29811756827912));
#2952=CARTESIAN_POINT('',(0.,-11.3801368146727,4.53376069938967));
#2953=CARTESIAN_POINT('Origin',(0.,0.,0.));
#2954=CARTESIAN_POINT('',(0.,-11.3900394852331,4.45179440877938));
#2955=CARTESIAN_POINT('Origin',(0.,-11.2303365501192,4.47408140350325));
#2956=CARTESIAN_POINT('',(0.,-11.2977916901501,3.79077017401535));
#2957=CARTESIAN_POINT('',(0.,-11.2926577044341,3.75398133829137));
#2958=CARTESIAN_POINT('',(0.,-11.3041362455877,3.7186540211523));
#2959=CARTESIAN_POINT('Origin',(0.,-11.4574946252639,3.76848317929148));
#2960=CARTESIAN_POINT('',(0.,-11.3310083214216,3.63595027574828));
#2961=CARTESIAN_POINT('',(0.,-11.3424868625752,3.60062295860921));
#2962=CARTESIAN_POINT('',(0.,-11.3682642793559,3.57387784639459));
#2963=CARTESIAN_POINT('Origin',(0.,-11.4843667010979,3.68577943388747));
#2964=CARTESIAN_POINT('',(0.,-11.8314346098738,3.09331990028307));
#2965=CARTESIAN_POINT('',(0.,-11.8976556597079,3.0246128834454));
#2966=CARTESIAN_POINT('',(0.,-11.8716017579067,3.0211871344998));
#2967=CARTESIAN_POINT('Origin',(0.,-11.7153321881318,2.98141831279019));
#2968=CARTESIAN_POINT('',(0.,-11.8716017579067,-3.0211871344998));
#2969=CARTESIAN_POINT('Origin',(0.,0.,0.));
#2970=CARTESIAN_POINT('',(0.,-11.8314346098738,-3.09331990028307));
#2971=CARTESIAN_POINT('Origin',(0.,-11.7153321881318,-2.98141831279019));
#2972=CARTESIAN_POINT('',(0.,-11.3682642793559,-3.57387784639458));
#2973=CARTESIAN_POINT('',(0.,-11.3424868625752,-3.60062295860921));
#2974=CARTESIAN_POINT('',(0.,-11.3310083214217,-3.63595027574828));
#2975=CARTESIAN_POINT('Origin',(0.,-11.4843667010979,-3.68577943388747));
#2976=CARTESIAN_POINT('',(0.,-11.3041362455876,-3.71865402115231));
#2977=CARTESIAN_POINT('',(0.,-11.2926577044341,-3.75398133829137));
#2978=CARTESIAN_POINT('',(0.,-11.2977916901501,-3.79077017401536));
#2979=CARTESIAN_POINT('Origin',(0.,-11.4574946252639,-3.7684831792915));
#2980=CARTESIAN_POINT('',(0.,-11.3900394852331,-4.45179440877937));
#2981=CARTESIAN_POINT('',(0.,-11.403228468708,-4.54630330951765));
#2982=CARTESIAN_POINT('',(0.,-11.3801368146727,-4.53376069938966));
#2983=CARTESIAN_POINT('Origin',(0.,-11.2303365501192,-4.47408140350324));
#2984=CARTESIAN_POINT('',(0.,-9.61187784536214,-7.59436003135461));
#2985=CARTESIAN_POINT('Origin',(0.,0.,0.));
#2986=CARTESIAN_POINT('',(0.,-9.5043622152245,-7.91709316728222));
#2987=CARTESIAN_POINT('Origin',(0.,-10.0041993900708,-7.90433391018541));
#2988=CARTESIAN_POINT('',(0.,-9.54084624716877,-9.34633589792534));
#2989=CARTESIAN_POINT('',(0.,-9.40951214089564,-4.20139147503062));
#2990=CARTESIAN_POINT('',(0.,-9.6871300314218,-9.6871300314218));
#2991=CARTESIAN_POINT('Origin',(0.,-10.0406834220151,-9.33357664082853));
#2992=CARTESIAN_POINT('',(0.,-9.97810102173755,-9.97810102173755));
#2993=CARTESIAN_POINT('',(0.,0.,0.));
#2994=CARTESIAN_POINT('',(0.,-10.8811065989163,-9.95811323409313));
#2995=CARTESIAN_POINT('Origin',(0.,-10.4200427599791,-9.53615928349596));
#2996=CARTESIAN_POINT('',(0.,-9.97195687027951,10.8684210526316));
#2997=CARTESIAN_POINT('Origin',(0.,0.,0.));
#2998=CARTESIAN_POINT('',(0.,-3.21130814466628,13.5));
#2999=CARTESIAN_POINT('Origin',(0.,-3.21130814466628,3.5));
#3000=CARTESIAN_POINT('',(0.,6.78869185533371,13.5));
#3001=CARTESIAN_POINT('',(0.,-7.5,13.5));
#3002=CARTESIAN_POINT('',(0.,6.78869185533371,14.9142135623731));
#3003=CARTESIAN_POINT('',(0.,16.5815852306094,21.8786798129026));
#3004=CARTESIAN_POINT('',(0.,8.2029054177068,13.5));
#3005=CARTESIAN_POINT('',(0.,16.5815852306094,21.8786798129026));
#3006=CARTESIAN_POINT('',(0.,24.9602650435119,13.5));
#3007=CARTESIAN_POINT('',(0.,-7.5,13.5));
#3008=CARTESIAN_POINT('',(0.,6.78869185533371,31.6715731881782));
#3009=CARTESIAN_POINT('',(0.,8.78869185533371,29.6715731881782));
#3010=CARTESIAN_POINT('',(0.,15.1673716682363,23.2928933752756));
#3011=CARTESIAN_POINT('',(0.,6.78869185533371,31.6715731881782));
#3012=CARTESIAN_POINT('',(0.,8.78869185533371,16.9142135623731));
#3013=CARTESIAN_POINT('',(0.,8.78869185533371,16.9142135623731));
#3014=CARTESIAN_POINT('',(0.,15.1673716682363,23.2928933752756));
#3015=CARTESIAN_POINT('Origin',(40.,8.78869185533371,29.6715731881782));
#3016=CARTESIAN_POINT('',(40.,8.78869185533371,16.9142135623731));
#3017=CARTESIAN_POINT('',(40.,8.78869185533371,29.6715731881782));
#3018=CARTESIAN_POINT('',(40.,8.78869185533371,16.9142135623731));
#3019=CARTESIAN_POINT('',(38.,8.78869185533371,16.9142135623731));
#3020=CARTESIAN_POINT('',(40.,8.78869185533371,16.9142135623731));
#3021=CARTESIAN_POINT('',(38.,8.78869185533371,29.6715731881782));
#3022=CARTESIAN_POINT('',(38.,8.78869185533371,16.9142135623731));
#3023=CARTESIAN_POINT('',(20.,8.78869185533371,29.6715731881782));
#3024=CARTESIAN_POINT('Origin',(40.,16.5815852306094,21.8786798129026));
#3025=CARTESIAN_POINT('',(40.,16.5815852306094,21.8786798129026));
#3026=CARTESIAN_POINT('',(40.,8.2029054177068,13.5));
#3027=CARTESIAN_POINT('',(40.,16.5815852306094,21.8786798129026));
#3028=CARTESIAN_POINT('',(38.,8.2029054177068,13.5));
#3029=CARTESIAN_POINT('',(40.,8.2029054177068,13.5));
#3030=CARTESIAN_POINT('',(38.,16.5815852306094,21.8786798129026));
#3031=CARTESIAN_POINT('',(38.,16.5815852306094,21.8786798129026));
#3032=CARTESIAN_POINT('',(20.,16.5815852306094,21.8786798129026));
#3033=CARTESIAN_POINT('Origin',(40.,8.78869185533371,16.9142135623731));
#3034=CARTESIAN_POINT('',(40.,15.1673716682363,23.2928933752756));
#3035=CARTESIAN_POINT('',(40.,15.1673716682363,23.2928933752756));
#3036=CARTESIAN_POINT('',(38.,15.1673716682363,23.2928933752756));
#3037=CARTESIAN_POINT('',(20.,15.1673716682363,23.2928933752756));
#3038=CARTESIAN_POINT('',(38.,15.1673716682363,23.2928933752756));
#3039=CARTESIAN_POINT('Origin',(38.,11.6851385429715,22.5857865940891));
#3040=CARTESIAN_POINT('',(38.,10.2842501757654,28.1760148677465));
#3041=CARTESIAN_POINT('',(38.,6.78869185533371,13.5));
#3042=CARTESIAN_POINT('',(38.,-1.65743072851423,13.5));
#3043=CARTESIAN_POINT('',(38.,6.78869185533371,31.6715731881782));
#3044=CARTESIAN_POINT('',(38.,6.78869185533371,14.9142135623731));
#3045=CARTESIAN_POINT('',(38.,10.2842501757654,28.1760148677465));
#3046=CARTESIAN_POINT('Origin',(0.,6.78869185533371,31.6715731881782));
#3047=CARTESIAN_POINT('',(26.5589139095863,6.78869185533371,31.6715731881782));
#3048=CARTESIAN_POINT('',(0.,6.78869185533371,31.6715731881782));
#3049=CARTESIAN_POINT('',(32.,13.8943462350033,24.5659188085086));
#3050=CARTESIAN_POINT('Origin',(20.,13.8943462350033,24.5659188085086));
#3051=CARTESIAN_POINT('',(13.4410860904137,6.78869185533371,31.6715731881782));
#3052=CARTESIAN_POINT('Origin',(20.,13.8943462350033,24.5659188085086));
#3053=CARTESIAN_POINT('',(2.,6.78869185533371,31.6715731881782));
#3054=CARTESIAN_POINT('',(0.,6.78869185533371,31.6715731881782));
#3055=CARTESIAN_POINT('',(2.,8.78869185533371,29.6715731881782));
#3056=CARTESIAN_POINT('',(2.,10.2842501757654,28.1760148677465));
#3057=CARTESIAN_POINT('',(0.,8.78869185533371,29.6715731881782));
#3058=CARTESIAN_POINT('',(2.,15.1673716682363,23.2928933752756));
#3059=CARTESIAN_POINT('',(0.,15.1673716682363,23.2928933752756));
#3060=CARTESIAN_POINT('',(2.,16.5815852306094,21.8786798129026));
#3061=CARTESIAN_POINT('',(2.,10.2842501757654,28.1760148677465));
#3062=CARTESIAN_POINT('',(0.,16.5815852306094,21.8786798129025));
#3063=CARTESIAN_POINT('',(40.,24.9602650435119,13.5));
#3064=CARTESIAN_POINT('',(20.,24.9602650435119,13.5));
#3065=CARTESIAN_POINT('',(40.,6.78869185533371,31.6715731881782));
#3066=CARTESIAN_POINT('',(40.,6.78869185533371,31.6715731881782));
#3067=CARTESIAN_POINT('Origin',(0.,8.2029054177068,13.5));
#3068=CARTESIAN_POINT('',(2.,8.2029054177068,13.5));
#3069=CARTESIAN_POINT('',(2.,16.5815852306094,21.8786798129026));
#3070=CARTESIAN_POINT('',(20.,8.20290541770681,13.5));
#3071=CARTESIAN_POINT('Origin',(0.,8.78869185533371,16.9142135623731));
#3072=CARTESIAN_POINT('',(2.,8.78869185533371,16.9142135623731));
#3073=CARTESIAN_POINT('',(2.,8.78869185533371,16.9142135623731));
#3074=CARTESIAN_POINT('',(0.,8.78869185533371,16.9142135623731));
#3075=CARTESIAN_POINT('Origin',(0.,15.1673716682363,23.2928933752756));
#3076=CARTESIAN_POINT('',(2.,15.1673716682363,23.2928933752756));
#3077=CARTESIAN_POINT('Origin',(2.,11.6851385429715,22.5857865940891));
#3078=CARTESIAN_POINT('',(2.,6.78869185533371,13.5));
#3079=CARTESIAN_POINT('',(2.,6.78869185533371,14.9142135623731));
#3080=CARTESIAN_POINT('',(2.,-1.65743072851423,13.5));
#3081=CARTESIAN_POINT('Origin',(20.,15.3085597973764,25.9801323708817));
#3082=CARTESIAN_POINT('',(30.,15.3085597973764,25.9801323708817));
#3083=CARTESIAN_POINT('Origin',(20.,15.3085597973764,25.9801323708817));
#3084=CARTESIAN_POINT('',(30.,15.3085597973764,25.9801323708817));
#3085=CARTESIAN_POINT('Ctrl Pts',(13.4410860904137,6.78869185533371,31.6715731881782));
#3086=CARTESIAN_POINT('Ctrl Pts',(16.7205430452068,6.78869185533371,33.0512001827472));
#3087=CARTESIAN_POINT('Ctrl Pts',(20.,6.78869185533371,33.0512001827472));
#3088=CARTESIAN_POINT('Ctrl Pts',(23.2794569547932,6.78869185533371,33.0512001827472));
#3089=CARTESIAN_POINT('Ctrl Pts',(26.5589139095863,6.78869185533371,31.6715731881782));
#3090=CARTESIAN_POINT('Origin',(20.,15.3085597973764,25.9801323708817));
#3091=CARTESIAN_POINT('',(28.,15.3085597973764,25.9801323708817));
#3092=CARTESIAN_POINT('Origin',(20.,15.3085597973764,25.9801323708817));
#3093=CARTESIAN_POINT('Origin',(0.,6.78869185533371,37.3284274376706));
#3094=CARTESIAN_POINT('',(20.,6.78869185533371,13.5));
#3095=CARTESIAN_POINT('',(40.,6.78869185533371,13.5));
#3096=CARTESIAN_POINT('',(40.,6.78869185533371,13.5));
#3097=CARTESIAN_POINT('',(40.,6.78869185533371,14.9142135623731));
#3098=CARTESIAN_POINT('Origin',(20.,16.7227733597495,27.3943459332548));
#3099=CARTESIAN_POINT('',(28.,16.7227733597495,27.3943459332548));
#3100=CARTESIAN_POINT('Origin',(40.,-15.,13.5));
#3101=CARTESIAN_POINT('',(40.,47.2113081446663,13.5));
#3102=CARTESIAN_POINT('',(40.,-7.5,13.5));
#3103=CARTESIAN_POINT('',(0.,47.2113081446663,13.5));
#3104=CARTESIAN_POINT('Origin',(40.,-15.,13.5));
#3105=CARTESIAN_POINT('',(40.,-7.5,13.5));
#3106=CARTESIAN_POINT('',(40.,-3.21130814466628,13.5));
#3107=CARTESIAN_POINT('',(0.,-3.21130814466628,13.5));
#3108=CARTESIAN_POINT('',(40.,-7.5,13.5));
#3109=CARTESIAN_POINT('Origin',(0.,47.2113081446663,3.5));
#3110=CARTESIAN_POINT('',(40.,53.9719568702795,10.8684210526316));
#3111=CARTESIAN_POINT('Origin',(40.,47.2113081446663,3.5));
#3112=CARTESIAN_POINT('',(0.,53.9719568702795,10.8684210526316));
#3113=CARTESIAN_POINT('Origin',(0.,44.,0.));
#3114=CARTESIAN_POINT('',(40.,54.8811065989163,-9.95811323409313));
#3115=CARTESIAN_POINT('Origin',(40.,44.,0.));
#3116=CARTESIAN_POINT('',(0.,54.8811065989163,-9.95811323409313));
#3117=CARTESIAN_POINT('Origin',(0.,54.0041993900708,-7.90433391018541));
#3118=CARTESIAN_POINT('',(40.,53.5043622152245,-7.91709316728222));
#3119=CARTESIAN_POINT('',(0.,53.5043622152245,-7.91709316728222));
#3120=CARTESIAN_POINT('',(40.,53.6118778453621,-7.59436003135461));
#3121=CARTESIAN_POINT('Origin',(40.,54.0041993900708,-7.90433391018541));
#3122=CARTESIAN_POINT('',(0.,53.6118778453621,-7.59436003135461));
#3123=CARTESIAN_POINT('Origin',(0.,53.5228179180315,-8.64008560178318));
#3124=CARTESIAN_POINT('',(40.,53.5408462471688,-9.34633589792534));
#3125=CARTESIAN_POINT('',(0.,53.5408462471688,-9.34633589792534));
#3126=CARTESIAN_POINT('',(40.,53.4095121408956,-4.20139147503062));
#3127=CARTESIAN_POINT('Origin',(0.,54.0406834220151,-9.33357664082853));
#3128=CARTESIAN_POINT('',(40.,53.6871300314218,-9.6871300314218));
#3129=CARTESIAN_POINT('Origin',(40.,54.0406834220151,-9.33357664082853));
#3130=CARTESIAN_POINT('',(0.,53.6871300314218,-9.6871300314218));
#3131=CARTESIAN_POINT('Origin',(0.,54.4200427599792,-9.53615928349596));
#3132=CARTESIAN_POINT('',(40.,53.9781010217376,-9.97810102173755));
#3133=CARTESIAN_POINT('Origin',(40.,54.4200427599792,-9.53615928349596));
#3134=CARTESIAN_POINT('',(0.,53.9781010217376,-9.97810102173755));
#3135=CARTESIAN_POINT('Origin',(0.,44.,0.));
#3136=CARTESIAN_POINT('',(40.,55.3801368146727,-4.53376069938967));
#3137=CARTESIAN_POINT('Origin',(40.,44.,0.));
#3138=CARTESIAN_POINT('',(0.,55.3801368146727,-4.53376069938967));
#3139=CARTESIAN_POINT('Origin',(0.,55.3137084989848,-11.3137084989848));
#3140=CARTESIAN_POINT('',(40.,49.6568542494924,-5.65685424949238));
#3141=CARTESIAN_POINT('Origin',(0.,55.2303365501192,-4.47408140350325));
#3142=CARTESIAN_POINT('',(40.,55.3900394852331,-4.45179440877939));
#3143=CARTESIAN_POINT('Origin',(40.,55.2303365501192,-4.47408140350325));
#3144=CARTESIAN_POINT('',(0.,55.3900394852331,-4.45179440877939));
#3145=CARTESIAN_POINT('Origin',(0.,55.2926577044341,-3.75398133829137));
#3146=CARTESIAN_POINT('',(40.,55.2977916901501,-3.79077017401535));
#3147=CARTESIAN_POINT('',(40.,55.2926577044341,-3.75398133829137));
#3148=CARTESIAN_POINT('',(0.,55.2977916901501,-3.79077017401535));
#3149=CARTESIAN_POINT('Origin',(0.,55.4574946252639,-3.76848317929148));
#3150=CARTESIAN_POINT('',(40.,55.3041362455877,-3.7186540211523));
#3151=CARTESIAN_POINT('Origin',(40.,55.4574946252639,-3.76848317929148));
#3152=CARTESIAN_POINT('',(0.,55.3041362455877,-3.7186540211523));
#3153=CARTESIAN_POINT('Origin',(0.,55.3424868625752,-3.60062295860921));
#3154=CARTESIAN_POINT('',(40.,55.3310083214217,-3.63595027574827));
#3155=CARTESIAN_POINT('',(40.,55.3424868625752,-3.60062295860921));
#3156=CARTESIAN_POINT('',(0.,55.3310083214217,-3.63595027574827));
#3157=CARTESIAN_POINT('Origin',(0.,55.4843667010979,-3.68577943388746));
#3158=CARTESIAN_POINT('',(40.,55.3682642793559,-3.57387784639458));
#3159=CARTESIAN_POINT('Origin',(40.,55.4843667010979,-3.68577943388746));
#3160=CARTESIAN_POINT('',(0.,55.3682642793559,-3.57387784639458));
#3161=CARTESIAN_POINT('Origin',(0.,55.8609647012315,-3.06268123645623));
#3162=CARTESIAN_POINT('',(40.,55.8314346098739,-3.09331990028307));
#3163=CARTESIAN_POINT('',(40.,55.8976556597079,-3.0246128834454));
#3164=CARTESIAN_POINT('',(0.,55.8314346098739,-3.09331990028307));
#3165=CARTESIAN_POINT('Origin',(0.,55.7153321881318,-2.98141831279019));
#3166=CARTESIAN_POINT('',(40.,55.8716017579067,-3.0211871344998));
#3167=CARTESIAN_POINT('Origin',(40.,55.7153321881318,-2.98141831279019));
#3168=CARTESIAN_POINT('',(0.,55.8716017579067,-3.0211871344998));
#3169=CARTESIAN_POINT('Origin',(0.,55.7153321881318,2.98141831279019));
#3170=CARTESIAN_POINT('',(40.,55.8716017579067,3.0211871344998));
#3171=CARTESIAN_POINT('',(40.,55.8314346098739,3.09331990028307));
#3172=CARTESIAN_POINT('Origin',(40.,55.7153321881318,2.98141831279019));
#3173=CARTESIAN_POINT('',(0.,55.8314346098739,3.09331990028307));
#3174=CARTESIAN_POINT('',(0.,55.8716017579067,3.0211871344998));
#3175=CARTESIAN_POINT('Origin',(0.,55.3424868625752,3.60062295860921));
#3176=CARTESIAN_POINT('',(40.,55.3682642793559,3.57387784639459));
#3177=CARTESIAN_POINT('',(40.,55.3424868625752,3.60062295860921));
#3178=CARTESIAN_POINT('',(0.,55.3682642793559,3.57387784639459));
#3179=CARTESIAN_POINT('Origin',(0.,55.4843667010979,3.68577943388747));
#3180=CARTESIAN_POINT('',(40.,55.3310083214217,3.63595027574828));
#3181=CARTESIAN_POINT('Origin',(40.,55.4843667010979,3.68577943388747));
#3182=CARTESIAN_POINT('',(0.,55.3310083214217,3.63595027574828));
#3183=CARTESIAN_POINT('Origin',(0.,55.2926577044341,3.75398133829137));
#3184=CARTESIAN_POINT('',(40.,55.3041362455876,3.71865402115231));
#3185=CARTESIAN_POINT('',(40.,55.2926577044341,3.75398133829137));
#3186=CARTESIAN_POINT('',(0.,55.3041362455876,3.71865402115231));
#3187=CARTESIAN_POINT('Origin',(0.,55.4574946252639,3.7684831792915));
#3188=CARTESIAN_POINT('',(40.,55.2977916901501,3.79077017401536));
#3189=CARTESIAN_POINT('Origin',(40.,55.4574946252639,3.7684831792915));
#3190=CARTESIAN_POINT('',(0.,55.2977916901501,3.79077017401536));
#3191=CARTESIAN_POINT('Origin',(0.,55.3959208762395,4.49393896069909));
#3192=CARTESIAN_POINT('',(40.,55.3900394852331,4.45179440877938));
#3193=CARTESIAN_POINT('',(40.,55.403228468708,4.54630330951764));
#3194=CARTESIAN_POINT('',(0.,55.3900394852331,4.45179440877938));
#3195=CARTESIAN_POINT('Origin',(0.,55.2303365501193,4.47408140350324));
#3196=CARTESIAN_POINT('',(40.,55.3801368146728,4.53376069938966));
#3197=CARTESIAN_POINT('Origin',(40.,55.2303365501193,4.47408140350324));
#3198=CARTESIAN_POINT('',(0.,55.3801368146727,4.53376069938966));
#3199=CARTESIAN_POINT('Origin',(0.,51.7254691197737,9.29811756827912));
#3200=CARTESIAN_POINT('',(40.,51.8285183305233,9.42214416938422));
#3201=CARTESIAN_POINT('',(40.,51.7536238492147,9.45689114551382));
#3202=CARTESIAN_POINT('Origin',(40.,51.7254691197737,9.29811756827912));
#3203=CARTESIAN_POINT('',(0.,51.7536238492147,9.45689114551382));
#3204=CARTESIAN_POINT('',(0.,51.8285183305233,9.42214416938423));
#3205=CARTESIAN_POINT('Origin',(0.,51.0598715561617,9.57991166599428));
#3206=CARTESIAN_POINT('',(40.,51.0964463069391,9.57342600112207));
#3207=CARTESIAN_POINT('',(40.,51.0598715561617,9.57991166599428));
#3208=CARTESIAN_POINT('',(0.,51.0964463069391,9.57342600112207));
#3209=CARTESIAN_POINT('Origin',(0.,51.12460103638,9.73219957835676));
#3210=CARTESIAN_POINT('',(40.,51.0298203452805,9.60174514871757));
#3211=CARTESIAN_POINT('Origin',(40.,51.12460103638,9.73219957835676));
#3212=CARTESIAN_POINT('',(0.,51.0298203452805,9.60174514871757));
#3213=CARTESIAN_POINT('Origin',(0.,50.9294171265175,9.67469235709747));
#3214=CARTESIAN_POINT('',(40.,50.9594683373988,9.65285887437417));
#3215=CARTESIAN_POINT('',(40.,50.9294171265175,9.67469235709747));
#3216=CARTESIAN_POINT('',(0.,50.9594683373988,9.65285887437417));
#3217=CARTESIAN_POINT('Origin',(0.,51.0542490284983,9.78331330401336));
#3218=CARTESIAN_POINT('',(40.,50.9119466731231,9.70747283149078));
#3219=CARTESIAN_POINT('Origin',(40.,51.0542490284983,9.78331330401336));
#3220=CARTESIAN_POINT('',(0.,50.9119466731231,9.70747283149078));
#3221=CARTESIAN_POINT('Origin',(0.,50.4557340550614,10.2206340920923));
#3222=CARTESIAN_POINT('',(40.,50.5980364104366,10.2964745646149));
#3223=CARTESIAN_POINT('',(0.,50.5980364104366,10.2964745646149));
#3224=CARTESIAN_POINT('',(40.,50.5418464048578,10.3569660429708));
#3225=CARTESIAN_POINT('Origin',(40.,50.4557340550614,10.2206340920923));
#3226=CARTESIAN_POINT('',(0.,50.5418464048578,10.3569660429708));
#3227=CARTESIAN_POINT('Origin',(0.,50.5780226096285,10.3340272182347));
#3228=CARTESIAN_POINT('',(40.,50.553155584142,10.3806861614111));
#3229=CARTESIAN_POINT('Origin',(0.,44.,0.));
#3230=CARTESIAN_POINT('',(40.,44.7952069824316,12.2241623784655));
#3231=CARTESIAN_POINT('Origin',(40.,44.,0.));
#3232=CARTESIAN_POINT('',(0.,44.7952069824316,12.2241623784655));
#3233=CARTESIAN_POINT('Origin',(0.,44.,0.));
#3234=CARTESIAN_POINT('Origin',(40.,44.,0.));
#3235=CARTESIAN_POINT('Origin',(0.,44.,0.));
#3236=CARTESIAN_POINT('Origin',(40.,44.,0.));
#3237=CARTESIAN_POINT('Origin',(0.,44.7847394266998,12.063251944078));
#3238=CARTESIAN_POINT('',(40.,44.7141923141373,12.2082514010662));
#3239=CARTESIAN_POINT('Origin',(40.,44.7847394266998,12.063251944078));
#3240=CARTESIAN_POINT('',(0.,44.7141923141373,12.2082514010662));
#3241=CARTESIAN_POINT('Origin',(0.,44.0806252715031,11.8999997261912));
#3242=CARTESIAN_POINT('',(40.,44.1140270446102,11.9162508122029));
#3243=CARTESIAN_POINT('',(40.,44.0806252715031,11.8999997261912));
#3244=CARTESIAN_POINT('',(0.,44.1140270446102,11.9162508122029));
#3245=CARTESIAN_POINT('Origin',(0.,44.0434799320477,12.0612502691912));
#3246=CARTESIAN_POINT('',(40.,44.0434799320477,11.8999997261912));
#3247=CARTESIAN_POINT('Origin',(40.,44.0434799320477,12.0612502691912));
#3248=CARTESIAN_POINT('',(0.,44.0434799320477,11.8999997261912));
#3249=CARTESIAN_POINT('Origin',(0.,43.9193747284969,11.8999997261912));
#3250=CARTESIAN_POINT('',(40.,43.9193747284969,11.8999997261912));
#3251=CARTESIAN_POINT('Origin',(0.,-3.21130814466628,3.5));
#3252=CARTESIAN_POINT('',(40.,-9.97195687027951,10.8684210526316));
#3253=CARTESIAN_POINT('',(0.,-9.97195687027951,10.8684210526316));
#3254=CARTESIAN_POINT('Origin',(40.,-3.21130814466628,3.5));
#3255=CARTESIAN_POINT('Origin',(40.,0.,0.));
#3256=CARTESIAN_POINT('',(40.,-10.8811065989163,-9.95811323409313));
#3257=CARTESIAN_POINT('Origin',(40.,0.,0.));
#3258=CARTESIAN_POINT('',(40.,-9.97810102173755,-9.97810102173755));
#3259=CARTESIAN_POINT('Origin',(40.,-10.4200427599791,-9.53615928349596));
#3260=CARTESIAN_POINT('',(40.,-9.6871300314218,-9.6871300314218));
#3261=CARTESIAN_POINT('',(40.,0.,0.));
#3262=CARTESIAN_POINT('',(40.,-9.54084624716877,-9.34633589792534));
#3263=CARTESIAN_POINT('Origin',(40.,-10.0406834220151,-9.33357664082853));
#3264=CARTESIAN_POINT('',(40.,-9.5043622152245,-7.91709316728222));
#3265=CARTESIAN_POINT('',(40.,-9.40951214089564,-4.20139147503062));
#3266=CARTESIAN_POINT('',(40.,-9.61187784536214,-7.59436003135461));
#3267=CARTESIAN_POINT('Origin',(40.,-10.0041993900708,-7.90433391018541));
#3268=CARTESIAN_POINT('',(40.,-11.3801368146727,-4.53376069938966));
#3269=CARTESIAN_POINT('Origin',(40.,0.,0.));
#3270=CARTESIAN_POINT('',(40.,-11.3900394852331,-4.45179440877937));
#3271=CARTESIAN_POINT('Origin',(40.,-11.2303365501192,-4.47408140350324));
#3272=CARTESIAN_POINT('',(40.,-11.2977916901501,-3.79077017401536));
#3273=CARTESIAN_POINT('',(40.,-11.403228468708,-4.54630330951765));
#3274=CARTESIAN_POINT('',(40.,-11.3041362455876,-3.71865402115231));
#3275=CARTESIAN_POINT('Origin',(40.,-11.4574946252639,-3.7684831792915));
#3276=CARTESIAN_POINT('',(40.,-11.3310083214217,-3.63595027574828));
#3277=CARTESIAN_POINT('',(40.,-11.2926577044341,-3.75398133829137));
#3278=CARTESIAN_POINT('',(40.,-11.3682642793559,-3.57387784639458));
#3279=CARTESIAN_POINT('Origin',(40.,-11.4843667010979,-3.68577943388747));
#3280=CARTESIAN_POINT('',(40.,-11.8314346098738,-3.09331990028307));
#3281=CARTESIAN_POINT('',(40.,-11.3424868625752,-3.60062295860921));
#3282=CARTESIAN_POINT('',(40.,-11.8716017579067,-3.0211871344998));
#3283=CARTESIAN_POINT('Origin',(40.,-11.7153321881318,-2.98141831279019));
#3284=CARTESIAN_POINT('',(40.,-11.8716017579067,3.0211871344998));
#3285=CARTESIAN_POINT('Origin',(40.,0.,0.));
#3286=CARTESIAN_POINT('',(40.,-11.8314346098738,3.09331990028307));
#3287=CARTESIAN_POINT('Origin',(40.,-11.7153321881318,2.98141831279019));
#3288=CARTESIAN_POINT('',(40.,-11.3682642793559,3.57387784639459));
#3289=CARTESIAN_POINT('',(40.,-11.8976556597079,3.0246128834454));
#3290=CARTESIAN_POINT('',(40.,-11.3310083214216,3.63595027574828));
#3291=CARTESIAN_POINT('Origin',(40.,-11.4843667010979,3.68577943388747));
#3292=CARTESIAN_POINT('',(40.,-11.3041362455877,3.7186540211523));
#3293=CARTESIAN_POINT('',(40.,-11.3424868625752,3.60062295860921));
#3294=CARTESIAN_POINT('',(40.,-11.2977916901501,3.79077017401535));
#3295=CARTESIAN_POINT('Origin',(40.,-11.4574946252639,3.76848317929148));
#3296=CARTESIAN_POINT('',(40.,-11.3900394852331,4.45179440877938));
#3297=CARTESIAN_POINT('',(40.,-11.2926577044341,3.75398133829137));
#3298=CARTESIAN_POINT('',(40.,-11.3801368146727,4.53376069938967));
#3299=CARTESIAN_POINT('Origin',(40.,-11.2303365501192,4.47408140350325));
#3300=CARTESIAN_POINT('',(40.,-7.82851833052328,9.42214416938422));
#3301=CARTESIAN_POINT('Origin',(40.,0.,0.));
#3302=CARTESIAN_POINT('',(40.,-7.75362384921466,9.45689114551381));
#3303=CARTESIAN_POINT('Origin',(40.,-7.7254691197737,9.29811756827912));
#3304=CARTESIAN_POINT('',(40.,-7.09644630693906,9.57342600112207));
#3305=CARTESIAN_POINT('',(40.,-7.84758277514196,9.44022975774312));
#3306=CARTESIAN_POINT('',(40.,-7.02982034528048,9.60174514871757));
#3307=CARTESIAN_POINT('Origin',(40.,-7.12460103638003,9.73219957835676));
#3308=CARTESIAN_POINT('',(40.,-6.9594683373988,9.65285887437417));
#3309=CARTESIAN_POINT('',(40.,-7.05987155616173,9.57991166599428));
#3310=CARTESIAN_POINT('',(40.,-6.9119466731231,9.70747283149078));
#3311=CARTESIAN_POINT('Origin',(40.,-7.05424902849836,9.78331330401336));
#3312=CARTESIAN_POINT('',(40.,-6.59803641043664,10.2964745646148));
#3313=CARTESIAN_POINT('',(40.,-6.92941712651754,9.67469235709746));
#3314=CARTESIAN_POINT('',(40.,-6.54184640485779,10.3569660429708));
#3315=CARTESIAN_POINT('Origin',(40.,-6.45573405506139,10.2206340920923));
#3316=CARTESIAN_POINT('',(40.,-0.795206982431556,12.2241623784655));
#3317=CARTESIAN_POINT('Origin',(40.,0.,0.));
#3318=CARTESIAN_POINT('',(40.,-0.714192314137261,12.2082514010662));
#3319=CARTESIAN_POINT('Origin',(40.,-0.784739426699761,12.063251944078));
#3320=CARTESIAN_POINT('',(40.,-0.114027044610175,11.9162508122029));
#3321=CARTESIAN_POINT('',(40.,-0.8,12.2499997261912));
#3322=CARTESIAN_POINT('',(40.,-0.0434799320476746,11.8999997261912));
#3323=CARTESIAN_POINT('Origin',(40.,-0.0434799320476746,12.0612502691912));
#3324=CARTESIAN_POINT('',(40.,-0.0806252715030928,11.8999997261912));
#3325=CARTESIAN_POINT('Origin',(0.,-0.752456715095302,12.2268683190712));
#3326=CARTESIAN_POINT('',(0.,-0.114027044610175,11.9162508122029));
#3327=CARTESIAN_POINT('',(0.,-0.714192314137261,12.2082514010662));
#3328=CARTESIAN_POINT('Origin',(0.,-0.784739426699761,12.063251944078));
#3329=CARTESIAN_POINT('',(0.,-0.795206982431556,12.2241623784655));
#3330=CARTESIAN_POINT('Origin',(0.,-0.0434799320476746,12.0612502691912));
#3331=CARTESIAN_POINT('',(0.,-0.0434799320476746,11.8999997261912));
#3332=CARTESIAN_POINT('Origin',(0.,0.,0.));
#3333=CARTESIAN_POINT('',(0.,-6.54184640485779,10.3569660429708));
#3334=CARTESIAN_POINT('Origin',(0.,0.,0.));
#3335=CARTESIAN_POINT('',(0.,-7.82851833052328,9.42214416938423));
#3336=CARTESIAN_POINT('',(0.,-11.3801368146727,4.53376069938967));
#3337=CARTESIAN_POINT('Origin',(0.,0.,0.));
#3338=CARTESIAN_POINT('',(0.,-11.8716017579067,3.0211871344998));
#3339=CARTESIAN_POINT('',(0.,-11.8716017579067,-3.0211871344998));
#3340=CARTESIAN_POINT('Origin',(0.,-11.2303365501192,-4.47408140350324));
#3341=CARTESIAN_POINT('',(0.,-11.3900394852331,-4.45179440877937));
#3342=CARTESIAN_POINT('',(0.,-11.3801368146727,-4.53376069938966));
#3343=CARTESIAN_POINT('Origin',(0.,-11.3959208762395,-4.4939389606991));
#3344=CARTESIAN_POINT('',(0.,-11.2977916901501,-3.79077017401536));
#3345=CARTESIAN_POINT('Origin',(0.,-11.4574946252639,-3.7684831792915));
#3346=CARTESIAN_POINT('',(0.,-11.3041362455876,-3.71865402115231));
#3347=CARTESIAN_POINT('Origin',(0.,-11.2926577044341,-3.75398133829137));
#3348=CARTESIAN_POINT('',(0.,-11.3310083214217,-3.63595027574828));
#3349=CARTESIAN_POINT('Origin',(0.,-11.4843667010979,-3.68577943388747));
#3350=CARTESIAN_POINT('',(0.,-11.3682642793559,-3.57387784639458));
#3351=CARTESIAN_POINT('Origin',(0.,-11.3424868625752,-3.60062295860921));
#3352=CARTESIAN_POINT('',(0.,-11.8314346098738,-3.09331990028307));
#3353=CARTESIAN_POINT('Origin',(0.,-11.7153321881318,-2.98141831279019));
#3354=CARTESIAN_POINT('Origin',(0.,-11.7153321881318,2.98141831279019));
#3355=CARTESIAN_POINT('',(0.,-11.8314346098738,3.09331990028307));
#3356=CARTESIAN_POINT('Origin',(0.,-11.8609647012315,3.06268123645623));
#3357=CARTESIAN_POINT('',(0.,-11.3682642793559,3.57387784639459));
#3358=CARTESIAN_POINT('Origin',(0.,-11.4843667010979,3.68577943388747));
#3359=CARTESIAN_POINT('',(0.,-11.3310083214216,3.63595027574828));
#3360=CARTESIAN_POINT('Origin',(0.,-11.3424868625752,3.60062295860921));
#3361=CARTESIAN_POINT('',(0.,-11.3041362455877,3.7186540211523));
#3362=CARTESIAN_POINT('Origin',(0.,-11.4574946252639,3.76848317929148));
#3363=CARTESIAN_POINT('',(0.,-11.2977916901501,3.79077017401535));
#3364=CARTESIAN_POINT('Origin',(0.,-11.2926577044341,3.75398133829137));
#3365=CARTESIAN_POINT('',(0.,-11.3900394852331,4.45179440877938));
#3366=CARTESIAN_POINT('Origin',(0.,-11.2303365501192,4.47408140350325));
#3367=CARTESIAN_POINT('Origin',(0.,-7.7254691197737,9.29811756827912));
#3368=CARTESIAN_POINT('',(0.,-7.75362384921466,9.45689114551381));
#3369=CARTESIAN_POINT('Origin',(0.,-7.79552314971579,9.44946129799182));
#3370=CARTESIAN_POINT('',(0.,-7.09644630693906,9.57342600112206));
#3371=CARTESIAN_POINT('Origin',(0.,-7.12460103638003,9.73219957835676));
#3372=CARTESIAN_POINT('',(0.,-7.02982034528048,9.60174514871757));
#3373=CARTESIAN_POINT('Origin',(0.,-7.05987155616173,9.57991166599428));
#3374=CARTESIAN_POINT('',(0.,-6.9594683373988,9.65285887437417));
#3375=CARTESIAN_POINT('Origin',(0.,-7.05424902849836,9.78331330401336));
#3376=CARTESIAN_POINT('',(0.,-6.9119466731231,9.70747283149078));
#3377=CARTESIAN_POINT('Origin',(0.,-6.92941712651754,9.67469235709746));
#3378=CARTESIAN_POINT('',(0.,-6.59803641043664,10.2964745646148));
#3379=CARTESIAN_POINT('Origin',(0.,-6.45573405506139,10.2206340920923));
#3380=CARTESIAN_POINT('Origin',(0.,0.,0.));
#3381=CARTESIAN_POINT('',(0.,-9.61187784536214,-7.59436003135461));
#3382=CARTESIAN_POINT('Origin',(0.,-10.4200427599791,-9.53615928349596));
#3383=CARTESIAN_POINT('',(0.,-10.8811065989163,-9.95811323409313));
#3384=CARTESIAN_POINT('',(0.,-9.97810102173755,-9.97810102173755));
#3385=CARTESIAN_POINT('Origin',(0.,0.,0.));
#3386=CARTESIAN_POINT('Origin',(0.,0.,0.));
#3387=CARTESIAN_POINT('',(0.,-9.6871300314218,-9.6871300314218));
#3388=CARTESIAN_POINT('Origin',(0.,-10.0406834220151,-9.33357664082853));
#3389=CARTESIAN_POINT('',(0.,-9.54084624716877,-9.34633589792534));
#3390=CARTESIAN_POINT('Origin',(0.,-9.52281791803149,-8.64008560178318));
#3391=CARTESIAN_POINT('',(0.,-9.5043622152245,-7.91709316728222));
#3392=CARTESIAN_POINT('Origin',(0.,-10.0041993900708,-7.90433391018541));
#3393=CARTESIAN_POINT('Origin',(0.,-0.0806252715030928,11.8999997261912));
#3394=UNCERTAINTY_MEASURE_WITH_UNIT(LENGTH_MEASURE(0.01),#3398,
'DISTANCE_ACCURACY_VALUE',
'Maximum model space distance between geometric entities at asserted c
onnectivities');
#3395=UNCERTAINTY_MEASURE_WITH_UNIT(LENGTH_MEASURE(0.01),#3398,
'DISTANCE_ACCURACY_VALUE',
'Maximum model space distance between geometric entities at asserted c
onnectivities');
#3396=(
GEOMETRIC_REPRESENTATION_CONTEXT(3)
GLOBAL_UNCERTAINTY_ASSIGNED_CONTEXT((#3394))
GLOBAL_UNIT_ASSIGNED_CONTEXT((#3398,#3400,#3401))
REPRESENTATION_CONTEXT('','3D')
);
#3397=(
GEOMETRIC_REPRESENTATION_CONTEXT(3)
GLOBAL_UNCERTAINTY_ASSIGNED_CONTEXT((#3395))
GLOBAL_UNIT_ASSIGNED_CONTEXT((#3398,#3400,#3401))
REPRESENTATION_CONTEXT('','3D')
);
#3398=(
LENGTH_UNIT()
NAMED_UNIT(*)
SI_UNIT(.MILLI.,.METRE.)
);
#3399=(
LENGTH_UNIT()
NAMED_UNIT(*)
SI_UNIT($,.METRE.)
);
#3400=(
NAMED_UNIT(*)
PLANE_ANGLE_UNIT()
SI_UNIT($,.RADIAN.)
);
#3401=(
NAMED_UNIT(*)
SI_UNIT($,.STERADIAN.)
SOLID_ANGLE_UNIT()
);
#3402=SHAPE_DEFINITION_REPRESENTATION(#3403,#3404);
#3403=PRODUCT_DEFINITION_SHAPE('',$,#3406);
#3404=SHAPE_REPRESENTATION('',(#2013),#3396);
#3405=PRODUCT_DEFINITION_CONTEXT('part definition',#3410,'design');
#3406=PRODUCT_DEFINITION('2026-09-24-17-57-29-222','micClip',#3407,#3405);
#3407=PRODUCT_DEFINITION_FORMATION('',$,#3412);
#3408=PRODUCT_RELATED_PRODUCT_CATEGORY('micClip','micClip',(#3412));
#3409=APPLICATION_PROTOCOL_DEFINITION('international standard',
'automotive_design',2009,#3410);
#3410=APPLICATION_CONTEXT(
'Core Data for Automotive Mechanical Design Process');
#3411=PRODUCT_CONTEXT('part definition',#3410,'mechanical');
#3412=PRODUCT('2026-09-24-17-57-29-222','micClip',$,(#3411));
#3413=PRESENTATION_STYLE_ASSIGNMENT((#3414));
#3414=SURFACE_STYLE_USAGE(.BOTH.,#3415);
#3415=SURFACE_SIDE_STYLE('',(#3416));
#3416=SURFACE_STYLE_FILL_AREA(#3417);
#3417=FILL_AREA_STYLE('Steel - Satin',(#3418));
#3418=FILL_AREA_STYLE_COLOUR('Steel - Satin',#3419);
#3419=COLOUR_RGB('Steel - Satin',0.627450980392157,0.627450980392157,0.627450980392157);
ENDSEC;
END-ISO-10303-21;
