ISO-10303-21;
HEADER;
/* Generated by software containing ST-Developer
 * from STEP Tools, Inc. (www.steptools.com) 
 */

FILE_DESCRIPTION(
/* description */ (''),
/* implementation_level */ '2;1');

FILE_NAME(
/* name */ 'sdHolder.step',
/* time_stamp */ '2026-10-07T16:24:51+01:00',
/* author */ (''),
/* organization */ (''),
/* preprocessor_version */ 'ST-DEVELOPER v20.1',
/* originating_system */ 'Autodesk Translation Framework v15.8.0.0',
/* authorisation */ '');

FILE_SCHEMA (('AUTOMOTIVE_DESIGN { 1 0 10303 214 3 1 1 }'));
ENDSEC;

DATA;
#10=MECHANICAL_DESIGN_GEOMETRIC_PRESENTATION_REPRESENTATION('',(#13),#4207);
#11=SHAPE_REPRESENTATION_RELATIONSHIP('SRR','None',#4214,#12);
#12=ADVANCED_BREP_SHAPE_REPRESENTATION('',(#14),#4206);
#13=STYLED_ITEM('',(#4223),#14);
#14=MANIFOLD_SOLID_BREP('Body1',#2471);
#15=FACE_BOUND('',#277,.T.);
#16=FACE_BOUND('',#278,.T.);
#17=FACE_BOUND('',#279,.T.);
#18=FACE_BOUND('',#280,.T.);
#19=FACE_BOUND('',#281,.T.);
#20=FACE_BOUND('',#282,.T.);
#21=FACE_BOUND('',#283,.T.);
#22=FACE_BOUND('',#284,.T.);
#23=TOROIDAL_SURFACE('',#2600,4.,1.);
#24=TOROIDAL_SURFACE('',#2606,4.,1.);
#25=TOROIDAL_SURFACE('',#2612,4.,1.);
#26=TOROIDAL_SURFACE('',#2618,4.,1.);
#27=B_SPLINE_CURVE_WITH_KNOTS('',3,(#3758,#3759,#3760,#3761,#3762,#3763,
#3764,#3765,#3766,#3767),.UNSPECIFIED.,.F.,.F.,(4,2,2,2,4),(0.534445444412075,
0.579786117550397,0.625126790688718,0.691655605499096,0.758184420309475),
 .UNSPECIFIED.);
#28=B_SPLINE_CURVE_WITH_KNOTS('',3,(#3770,#3771,#3772,#3773,#3774,#3775,
#3776,#3777),.UNSPECIFIED.,.F.,.F.,(4,2,2,4),(0.,0.169004486735314,0.229257814793884,
0.289511142852454),.UNSPECIFIED.);
#29=B_SPLINE_CURVE_WITH_KNOTS('',3,(#3792,#3793,#3794,#3795,#3796,#3797,
#3798,#3799),.UNSPECIFIED.,.F.,.F.,(4,2,2,4),(0.535135326546331,0.595388654604902,
0.655641982663473,0.824646469398786),.UNSPECIFIED.);
#30=B_SPLINE_CURVE_WITH_KNOTS('',3,(#3803,#3804,#3805,#3806,#3807,#3808,
#3809,#3810,#3811,#3812),.UNSPECIFIED.,.F.,.F.,(4,2,2,2,4),(0.,0.0665288148103788,
0.133057629620758,0.178398302759078,0.223738975897399),.UNSPECIFIED.);
#31=ELLIPSE('',#2589,2.3094010767585,2.);
#32=ELLIPSE('',#2592,2.3094010767585,2.);
#33=CYLINDRICAL_SURFACE('',#2531,13.5);
#34=CYLINDRICAL_SURFACE('',#2532,0.833333333333333);
#35=CYLINDRICAL_SURFACE('',#2533,12.25);
#36=CYLINDRICAL_SURFACE('',#2534,0.5);
#37=CYLINDRICAL_SURFACE('',#2536,0.161250543);
#38=CYLINDRICAL_SURFACE('',#2538,0.161250543);
#39=CYLINDRICAL_SURFACE('',#2540,0.161250543);
#40=CYLINDRICAL_SURFACE('',#2542,0.161250543);
#41=CYLINDRICAL_SURFACE('',#2543,0.161250543);
#42=CYLINDRICAL_SURFACE('',#2545,0.161250543);
#43=CYLINDRICAL_SURFACE('',#2547,0.161250543);
#44=CYLINDRICAL_SURFACE('',#2549,0.161250543);
#45=CYLINDRICAL_SURFACE('',#2550,0.161250543);
#46=CYLINDRICAL_SURFACE('',#2552,0.161250543);
#47=CYLINDRICAL_SURFACE('',#2554,0.161250543);
#48=CYLINDRICAL_SURFACE('',#2555,0.161250543);
#49=CYLINDRICAL_SURFACE('',#2557,12.25);
#50=CYLINDRICAL_SURFACE('',#2558,12.25);
#51=CYLINDRICAL_SURFACE('',#2559,12.25);
#52=CYLINDRICAL_SURFACE('',#2560,0.161250543);
#53=CYLINDRICAL_SURFACE('',#2562,0.161250543);
#54=CYLINDRICAL_SURFACE('',#2588,2.);
#55=CYLINDRICAL_SURFACE('',#2593,1.);
#56=CYLINDRICAL_SURFACE('',#2595,2.);
#57=CYLINDRICAL_SURFACE('',#2598,1.);
#58=CYLINDRICAL_SURFACE('',#2604,1.);
#59=CYLINDRICAL_SURFACE('',#2610,1.);
#60=CYLINDRICAL_SURFACE('',#2616,1.);
#61=CYLINDRICAL_SURFACE('',#2622,1.);
#62=CYLINDRICAL_SURFACE('',#2624,5.);
#63=CYLINDRICAL_SURFACE('',#2626,5.);
#64=CYLINDRICAL_SURFACE('',#2667,13.5);
#65=CYLINDRICAL_SURFACE('',#2670,0.161250543);
#66=CYLINDRICAL_SURFACE('',#2672,0.161250543);
#67=CYLINDRICAL_SURFACE('',#2674,12.25);
#68=CYLINDRICAL_SURFACE('',#2676,12.25);
#69=CYLINDRICAL_SURFACE('',#2678,12.25);
#70=CYLINDRICAL_SURFACE('',#2680,0.161250543);
#71=CYLINDRICAL_SURFACE('',#2683,0.161250543);
#72=CYLINDRICAL_SURFACE('',#2686,0.161250543);
#73=CYLINDRICAL_SURFACE('',#2689,0.161250543);
#74=CYLINDRICAL_SURFACE('',#2691,0.161250543);
#75=CYLINDRICAL_SURFACE('',#2694,0.161250543);
#76=CYLINDRICAL_SURFACE('',#2697,0.161250543);
#77=CYLINDRICAL_SURFACE('',#2700,0.161250543);
#78=CYLINDRICAL_SURFACE('',#2702,0.161250543);
#79=CYLINDRICAL_SURFACE('',#2705,0.161250543);
#80=CYLINDRICAL_SURFACE('',#2708,0.161250543);
#81=CYLINDRICAL_SURFACE('',#2711,0.161250543);
#82=CYLINDRICAL_SURFACE('',#2717,12.25);
#83=CYLINDRICAL_SURFACE('',#2718,0.5);
#84=CYLINDRICAL_SURFACE('',#2720,0.833333333333333);
#85=FACE_OUTER_BOUND('',#219,.T.);
#86=FACE_OUTER_BOUND('',#220,.T.);
#87=FACE_OUTER_BOUND('',#221,.T.);
#88=FACE_OUTER_BOUND('',#222,.T.);
#89=FACE_OUTER_BOUND('',#223,.T.);
#90=FACE_OUTER_BOUND('',#224,.T.);
#91=FACE_OUTER_BOUND('',#225,.T.);
#92=FACE_OUTER_BOUND('',#226,.T.);
#93=FACE_OUTER_BOUND('',#227,.T.);
#94=FACE_OUTER_BOUND('',#228,.T.);
#95=FACE_OUTER_BOUND('',#229,.T.);
#96=FACE_OUTER_BOUND('',#230,.T.);
#97=FACE_OUTER_BOUND('',#231,.T.);
#98=FACE_OUTER_BOUND('',#232,.T.);
#99=FACE_OUTER_BOUND('',#233,.T.);
#100=FACE_OUTER_BOUND('',#234,.T.);
#101=FACE_OUTER_BOUND('',#235,.T.);
#102=FACE_OUTER_BOUND('',#236,.T.);
#103=FACE_OUTER_BOUND('',#237,.T.);
#104=FACE_OUTER_BOUND('',#238,.T.);
#105=FACE_OUTER_BOUND('',#239,.T.);
#106=FACE_OUTER_BOUND('',#240,.T.);
#107=FACE_OUTER_BOUND('',#241,.T.);
#108=FACE_OUTER_BOUND('',#242,.T.);
#109=FACE_OUTER_BOUND('',#243,.T.);
#110=FACE_OUTER_BOUND('',#244,.T.);
#111=FACE_OUTER_BOUND('',#245,.T.);
#112=FACE_OUTER_BOUND('',#246,.T.);
#113=FACE_OUTER_BOUND('',#247,.T.);
#114=FACE_OUTER_BOUND('',#248,.T.);
#115=FACE_OUTER_BOUND('',#249,.T.);
#116=FACE_OUTER_BOUND('',#250,.T.);
#117=FACE_OUTER_BOUND('',#251,.T.);
#118=FACE_OUTER_BOUND('',#252,.T.);
#119=FACE_OUTER_BOUND('',#253,.T.);
#120=FACE_OUTER_BOUND('',#254,.T.);
#121=FACE_OUTER_BOUND('',#255,.T.);
#122=FACE_OUTER_BOUND('',#256,.T.);
#123=FACE_OUTER_BOUND('',#257,.T.);
#124=FACE_OUTER_BOUND('',#258,.T.);
#125=FACE_OUTER_BOUND('',#259,.T.);
#126=FACE_OUTER_BOUND('',#260,.T.);
#127=FACE_OUTER_BOUND('',#261,.T.);
#128=FACE_OUTER_BOUND('',#262,.T.);
#129=FACE_OUTER_BOUND('',#263,.T.);
#130=FACE_OUTER_BOUND('',#264,.T.);
#131=FACE_OUTER_BOUND('',#265,.T.);
#132=FACE_OUTER_BOUND('',#266,.T.);
#133=FACE_OUTER_BOUND('',#267,.T.);
#134=FACE_OUTER_BOUND('',#268,.T.);
#135=FACE_OUTER_BOUND('',#269,.T.);
#136=FACE_OUTER_BOUND('',#270,.T.);
#137=FACE_OUTER_BOUND('',#271,.T.);
#138=FACE_OUTER_BOUND('',#272,.T.);
#139=FACE_OUTER_BOUND('',#273,.T.);
#140=FACE_OUTER_BOUND('',#274,.T.);
#141=FACE_OUTER_BOUND('',#275,.T.);
#142=FACE_OUTER_BOUND('',#276,.T.);
#143=FACE_OUTER_BOUND('',#285,.T.);
#144=FACE_OUTER_BOUND('',#286,.T.);
#145=FACE_OUTER_BOUND('',#287,.T.);
#146=FACE_OUTER_BOUND('',#288,.T.);
#147=FACE_OUTER_BOUND('',#289,.T.);
#148=FACE_OUTER_BOUND('',#290,.T.);
#149=FACE_OUTER_BOUND('',#291,.T.);
#150=FACE_OUTER_BOUND('',#292,.T.);
#151=FACE_OUTER_BOUND('',#293,.T.);
#152=FACE_OUTER_BOUND('',#294,.T.);
#153=FACE_OUTER_BOUND('',#295,.T.);
#154=FACE_OUTER_BOUND('',#296,.T.);
#155=FACE_OUTER_BOUND('',#297,.T.);
#156=FACE_OUTER_BOUND('',#298,.T.);
#157=FACE_OUTER_BOUND('',#299,.T.);
#158=FACE_OUTER_BOUND('',#300,.T.);
#159=FACE_OUTER_BOUND('',#301,.T.);
#160=FACE_OUTER_BOUND('',#302,.T.);
#161=FACE_OUTER_BOUND('',#303,.T.);
#162=FACE_OUTER_BOUND('',#304,.T.);
#163=FACE_OUTER_BOUND('',#305,.T.);
#164=FACE_OUTER_BOUND('',#306,.T.);
#165=FACE_OUTER_BOUND('',#307,.T.);
#166=FACE_OUTER_BOUND('',#308,.T.);
#167=FACE_OUTER_BOUND('',#309,.T.);
#168=FACE_OUTER_BOUND('',#310,.T.);
#169=FACE_OUTER_BOUND('',#311,.T.);
#170=FACE_OUTER_BOUND('',#312,.T.);
#171=FACE_OUTER_BOUND('',#313,.T.);
#172=FACE_OUTER_BOUND('',#314,.T.);
#173=FACE_OUTER_BOUND('',#315,.T.);
#174=FACE_OUTER_BOUND('',#316,.T.);
#175=FACE_OUTER_BOUND('',#317,.T.);
#176=FACE_OUTER_BOUND('',#318,.T.);
#177=FACE_OUTER_BOUND('',#319,.T.);
#178=FACE_OUTER_BOUND('',#320,.T.);
#179=FACE_OUTER_BOUND('',#321,.T.);
#180=FACE_OUTER_BOUND('',#322,.T.);
#181=FACE_OUTER_BOUND('',#323,.T.);
#182=FACE_OUTER_BOUND('',#324,.T.);
#183=FACE_OUTER_BOUND('',#325,.T.);
#184=FACE_OUTER_BOUND('',#326,.T.);
#185=FACE_OUTER_BOUND('',#327,.T.);
#186=FACE_OUTER_BOUND('',#328,.T.);
#187=FACE_OUTER_BOUND('',#329,.T.);
#188=FACE_OUTER_BOUND('',#330,.T.);
#189=FACE_OUTER_BOUND('',#331,.T.);
#190=FACE_OUTER_BOUND('',#332,.T.);
#191=FACE_OUTER_BOUND('',#333,.T.);
#192=FACE_OUTER_BOUND('',#334,.T.);
#193=FACE_OUTER_BOUND('',#335,.T.);
#194=FACE_OUTER_BOUND('',#336,.T.);
#195=FACE_OUTER_BOUND('',#337,.T.);
#196=FACE_OUTER_BOUND('',#338,.T.);
#197=FACE_OUTER_BOUND('',#339,.T.);
#198=FACE_OUTER_BOUND('',#340,.T.);
#199=FACE_OUTER_BOUND('',#341,.T.);
#200=FACE_OUTER_BOUND('',#342,.T.);
#201=FACE_OUTER_BOUND('',#343,.T.);
#202=FACE_OUTER_BOUND('',#344,.T.);
#203=FACE_OUTER_BOUND('',#345,.T.);
#204=FACE_OUTER_BOUND('',#346,.T.);
#205=FACE_OUTER_BOUND('',#347,.T.);
#206=FACE_OUTER_BOUND('',#348,.T.);
#207=FACE_OUTER_BOUND('',#349,.T.);
#208=FACE_OUTER_BOUND('',#350,.T.);
#209=FACE_OUTER_BOUND('',#351,.T.);
#210=FACE_OUTER_BOUND('',#352,.T.);
#211=FACE_OUTER_BOUND('',#353,.T.);
#212=FACE_OUTER_BOUND('',#354,.T.);
#213=FACE_OUTER_BOUND('',#355,.T.);
#214=FACE_OUTER_BOUND('',#356,.T.);
#215=FACE_OUTER_BOUND('',#357,.T.);
#216=FACE_OUTER_BOUND('',#358,.T.);
#217=FACE_OUTER_BOUND('',#359,.T.);
#218=FACE_OUTER_BOUND('',#360,.T.);
#219=EDGE_LOOP('',(#1547,#1548,#1549,#1550,#1551,#1552,#1553,#1554,#1555,
#1556,#1557,#1558,#1559,#1560,#1561,#1562,#1563,#1564,#1565,#1566,#1567,
#1568,#1569,#1570,#1571,#1572,#1573,#1574,#1575,#1576,#1577,#1578,#1579,
#1580,#1581));
#220=EDGE_LOOP('',(#1582,#1583,#1584,#1585));
#221=EDGE_LOOP('',(#1586,#1587,#1588,#1589));
#222=EDGE_LOOP('',(#1590,#1591,#1592,#1593,#1594,#1595,#1596,#1597,#1598,
#1599,#1600,#1601,#1602,#1603,#1604,#1605,#1606,#1607,#1608,#1609,#1610,
#1611,#1612,#1613,#1614,#1615,#1616,#1617,#1618,#1619,#1620,#1621,#1622,
#1623,#1624));
#223=EDGE_LOOP('',(#1625,#1626,#1627,#1628));
#224=EDGE_LOOP('',(#1629,#1630,#1631,#1632));
#225=EDGE_LOOP('',(#1633,#1634,#1635,#1636));
#226=EDGE_LOOP('',(#1637,#1638,#1639,#1640));
#227=EDGE_LOOP('',(#1641,#1642,#1643,#1644));
#228=EDGE_LOOP('',(#1645,#1646,#1647,#1648));
#229=EDGE_LOOP('',(#1649,#1650,#1651,#1652));
#230=EDGE_LOOP('',(#1653,#1654,#1655,#1656));
#231=EDGE_LOOP('',(#1657,#1658,#1659,#1660));
#232=EDGE_LOOP('',(#1661,#1662,#1663,#1664));
#233=EDGE_LOOP('',(#1665,#1666,#1667,#1668));
#234=EDGE_LOOP('',(#1669,#1670,#1671,#1672));
#235=EDGE_LOOP('',(#1673,#1674,#1675,#1676));
#236=EDGE_LOOP('',(#1677,#1678,#1679,#1680));
#237=EDGE_LOOP('',(#1681,#1682,#1683,#1684));
#238=EDGE_LOOP('',(#1685,#1686,#1687,#1688));
#239=EDGE_LOOP('',(#1689,#1690,#1691,#1692));
#240=EDGE_LOOP('',(#1693,#1694,#1695,#1696));
#241=EDGE_LOOP('',(#1697,#1698,#1699,#1700));
#242=EDGE_LOOP('',(#1701,#1702,#1703,#1704));
#243=EDGE_LOOP('',(#1705,#1706,#1707,#1708));
#244=EDGE_LOOP('',(#1709,#1710,#1711,#1712));
#245=EDGE_LOOP('',(#1713,#1714,#1715,#1716));
#246=EDGE_LOOP('',(#1717,#1718,#1719,#1720));
#247=EDGE_LOOP('',(#1721,#1722,#1723,#1724));
#248=EDGE_LOOP('',(#1725,#1726,#1727,#1728));
#249=EDGE_LOOP('',(#1729,#1730,#1731,#1732));
#250=EDGE_LOOP('',(#1733,#1734,#1735,#1736));
#251=EDGE_LOOP('',(#1737,#1738,#1739,#1740));
#252=EDGE_LOOP('',(#1741,#1742,#1743,#1744));
#253=EDGE_LOOP('',(#1745,#1746,#1747,#1748));
#254=EDGE_LOOP('',(#1749,#1750,#1751,#1752));
#255=EDGE_LOOP('',(#1753,#1754,#1755,#1756));
#256=EDGE_LOOP('',(#1757,#1758,#1759,#1760,#1761,#1762,#1763,#1764,#1765,
#1766,#1767,#1768,#1769,#1770,#1771,#1772,#1773,#1774,#1775,#1776,#1777,
#1778,#1779,#1780,#1781,#1782,#1783,#1784,#1785,#1786,#1787,#1788,#1789,
#1790,#1791));
#257=EDGE_LOOP('',(#1792,#1793,#1794,#1795));
#258=EDGE_LOOP('',(#1796,#1797,#1798,#1799));
#259=EDGE_LOOP('',(#1800,#1801,#1802,#1803,#1804,#1805,#1806,#1807,#1808,
#1809));
#260=EDGE_LOOP('',(#1810,#1811,#1812,#1813,#1814,#1815));
#261=EDGE_LOOP('',(#1816,#1817,#1818,#1819));
#262=EDGE_LOOP('',(#1820,#1821,#1822,#1823,#1824,#1825,#1826,#1827,#1828,
#1829));
#263=EDGE_LOOP('',(#1830,#1831,#1832,#1833,#1834,#1835));
#264=EDGE_LOOP('',(#1836,#1837,#1838,#1839));
#265=EDGE_LOOP('',(#1840,#1841,#1842,#1843));
#266=EDGE_LOOP('',(#1844,#1845,#1846,#1847));
#267=EDGE_LOOP('',(#1848,#1849,#1850,#1851));
#268=EDGE_LOOP('',(#1852,#1853,#1854,#1855));
#269=EDGE_LOOP('',(#1856,#1857,#1858,#1859,#1860,#1861));
#270=EDGE_LOOP('',(#1862,#1863,#1864,#1865));
#271=EDGE_LOOP('',(#1866,#1867,#1868,#1869));
#272=EDGE_LOOP('',(#1870,#1871,#1872,#1873));
#273=EDGE_LOOP('',(#1874,#1875,#1876,#1877));
#274=EDGE_LOOP('',(#1878,#1879,#1880,#1881,#1882,#1883));
#275=EDGE_LOOP('',(#1884,#1885,#1886,#1887));
#276=EDGE_LOOP('',(#1888,#1889,#1890,#1891));
#277=EDGE_LOOP('',(#1892,#1893,#1894,#1895));
#278=EDGE_LOOP('',(#1896,#1897,#1898,#1899));
#279=EDGE_LOOP('',(#1900,#1901,#1902,#1903));
#280=EDGE_LOOP('',(#1904,#1905,#1906,#1907));
#281=EDGE_LOOP('',(#1908,#1909,#1910,#1911));
#282=EDGE_LOOP('',(#1912,#1913,#1914,#1915));
#283=EDGE_LOOP('',(#1916,#1917,#1918,#1919));
#284=EDGE_LOOP('',(#1920,#1921,#1922,#1923));
#285=EDGE_LOOP('',(#1924,#1925,#1926,#1927));
#286=EDGE_LOOP('',(#1928,#1929,#1930,#1931));
#287=EDGE_LOOP('',(#1932,#1933,#1934,#1935));
#288=EDGE_LOOP('',(#1936,#1937,#1938,#1939));
#289=EDGE_LOOP('',(#1940,#1941,#1942,#1943));
#290=EDGE_LOOP('',(#1944,#1945,#1946,#1947));
#291=EDGE_LOOP('',(#1948,#1949,#1950,#1951));
#292=EDGE_LOOP('',(#1952,#1953,#1954,#1955));
#293=EDGE_LOOP('',(#1956,#1957,#1958,#1959));
#294=EDGE_LOOP('',(#1960,#1961,#1962,#1963));
#295=EDGE_LOOP('',(#1964,#1965,#1966,#1967));
#296=EDGE_LOOP('',(#1968,#1969,#1970,#1971));
#297=EDGE_LOOP('',(#1972,#1973,#1974,#1975));
#298=EDGE_LOOP('',(#1976,#1977,#1978,#1979));
#299=EDGE_LOOP('',(#1980,#1981,#1982,#1983));
#300=EDGE_LOOP('',(#1984,#1985,#1986,#1987));
#301=EDGE_LOOP('',(#1988,#1989,#1990,#1991));
#302=EDGE_LOOP('',(#1992,#1993,#1994,#1995));
#303=EDGE_LOOP('',(#1996,#1997,#1998,#1999));
#304=EDGE_LOOP('',(#2000,#2001,#2002,#2003));
#305=EDGE_LOOP('',(#2004,#2005,#2006,#2007));
#306=EDGE_LOOP('',(#2008,#2009,#2010,#2011));
#307=EDGE_LOOP('',(#2012,#2013,#2014,#2015));
#308=EDGE_LOOP('',(#2016,#2017,#2018,#2019));
#309=EDGE_LOOP('',(#2020,#2021,#2022,#2023));
#310=EDGE_LOOP('',(#2024,#2025,#2026,#2027));
#311=EDGE_LOOP('',(#2028,#2029,#2030,#2031));
#312=EDGE_LOOP('',(#2032,#2033,#2034,#2035));
#313=EDGE_LOOP('',(#2036,#2037,#2038,#2039));
#314=EDGE_LOOP('',(#2040,#2041,#2042,#2043));
#315=EDGE_LOOP('',(#2044,#2045,#2046,#2047));
#316=EDGE_LOOP('',(#2048,#2049,#2050,#2051));
#317=EDGE_LOOP('',(#2052,#2053,#2054,#2055));
#318=EDGE_LOOP('',(#2056,#2057,#2058,#2059));
#319=EDGE_LOOP('',(#2060,#2061,#2062,#2063));
#320=EDGE_LOOP('',(#2064,#2065,#2066,#2067));
#321=EDGE_LOOP('',(#2068,#2069,#2070,#2071));
#322=EDGE_LOOP('',(#2072,#2073,#2074,#2075));
#323=EDGE_LOOP('',(#2076,#2077,#2078,#2079));
#324=EDGE_LOOP('',(#2080,#2081,#2082,#2083));
#325=EDGE_LOOP('',(#2084,#2085,#2086,#2087));
#326=EDGE_LOOP('',(#2088,#2089,#2090,#2091));
#327=EDGE_LOOP('',(#2092,#2093,#2094,#2095));
#328=EDGE_LOOP('',(#2096,#2097,#2098,#2099));
#329=EDGE_LOOP('',(#2100,#2101,#2102,#2103));
#330=EDGE_LOOP('',(#2104,#2105,#2106,#2107));
#331=EDGE_LOOP('',(#2108,#2109,#2110,#2111));
#332=EDGE_LOOP('',(#2112,#2113,#2114,#2115));
#333=EDGE_LOOP('',(#2116,#2117,#2118,#2119));
#334=EDGE_LOOP('',(#2120,#2121,#2122,#2123));
#335=EDGE_LOOP('',(#2124,#2125,#2126,#2127));
#336=EDGE_LOOP('',(#2128,#2129,#2130,#2131));
#337=EDGE_LOOP('',(#2132,#2133,#2134,#2135));
#338=EDGE_LOOP('',(#2136,#2137,#2138,#2139));
#339=EDGE_LOOP('',(#2140,#2141,#2142,#2143));
#340=EDGE_LOOP('',(#2144,#2145,#2146,#2147));
#341=EDGE_LOOP('',(#2148,#2149,#2150,#2151));
#342=EDGE_LOOP('',(#2152,#2153,#2154,#2155));
#343=EDGE_LOOP('',(#2156,#2157,#2158,#2159));
#344=EDGE_LOOP('',(#2160,#2161,#2162,#2163));
#345=EDGE_LOOP('',(#2164,#2165,#2166,#2167));
#346=EDGE_LOOP('',(#2168,#2169,#2170,#2171));
#347=EDGE_LOOP('',(#2172,#2173,#2174,#2175));
#348=EDGE_LOOP('',(#2176,#2177,#2178,#2179));
#349=EDGE_LOOP('',(#2180,#2181,#2182,#2183));
#350=EDGE_LOOP('',(#2184,#2185,#2186,#2187));
#351=EDGE_LOOP('',(#2188,#2189,#2190,#2191));
#352=EDGE_LOOP('',(#2192,#2193,#2194,#2195));
#353=EDGE_LOOP('',(#2196,#2197,#2198,#2199));
#354=EDGE_LOOP('',(#2200,#2201,#2202,#2203,#2204,#2205,#2206,#2207,#2208,
#2209,#2210,#2211,#2212,#2213,#2214,#2215,#2216,#2217,#2218,#2219,#2220,
#2221,#2222,#2223,#2224,#2225,#2226,#2227,#2228,#2229,#2230,#2231,#2232,
#2233,#2234));
#355=EDGE_LOOP('',(#2235,#2236,#2237,#2238));
#356=EDGE_LOOP('',(#2239,#2240,#2241,#2242));
#357=EDGE_LOOP('',(#2243,#2244,#2245,#2246));
#358=EDGE_LOOP('',(#2247,#2248,#2249,#2250));
#359=EDGE_LOOP('',(#2251,#2252,#2253,#2254));
#360=EDGE_LOOP('',(#2255,#2256,#2257,#2258));
#361=CIRCLE('',#2486,0.161250543);
#362=CIRCLE('',#2487,0.161250543);
#363=CIRCLE('',#2488,12.25);
#364=CIRCLE('',#2489,0.161250543);
#365=CIRCLE('',#2490,0.161250543);
#366=CIRCLE('',#2491,0.161250543);
#367=CIRCLE('',#2492,0.161250543);
#368=CIRCLE('',#2493,12.25);
#369=CIRCLE('',#2494,0.161250543);
#370=CIRCLE('',#2495,0.161250543);
#371=CIRCLE('',#2496,0.161250543);
#372=CIRCLE('',#2497,0.161250543);
#373=CIRCLE('',#2498,12.25);
#374=CIRCLE('',#2499,0.161250543);
#375=CIRCLE('',#2500,0.161250543);
#376=CIRCLE('',#2501,0.161250543);
#377=CIRCLE('',#2502,0.161250543);
#378=CIRCLE('',#2503,12.25);
#379=CIRCLE('',#2504,0.833333333333333);
#380=CIRCLE('',#2505,0.5);
#381=CIRCLE('',#2506,13.5);
#382=CIRCLE('',#2510,13.5);
#383=CIRCLE('',#2511,0.5);
#384=CIRCLE('',#2512,0.833333333333333);
#385=CIRCLE('',#2513,12.25);
#386=CIRCLE('',#2514,0.161250543);
#387=CIRCLE('',#2515,0.161250543);
#388=CIRCLE('',#2516,0.161250543);
#389=CIRCLE('',#2517,0.161250543);
#390=CIRCLE('',#2518,12.25);
#391=CIRCLE('',#2519,0.161250543);
#392=CIRCLE('',#2520,0.161250543);
#393=CIRCLE('',#2521,0.161250543);
#394=CIRCLE('',#2522,0.161250543);
#395=CIRCLE('',#2523,12.25);
#396=CIRCLE('',#2524,0.161250543);
#397=CIRCLE('',#2525,0.161250543);
#398=CIRCLE('',#2526,0.161250543);
#399=CIRCLE('',#2527,0.161250543);
#400=CIRCLE('',#2528,12.25);
#401=CIRCLE('',#2529,0.161250543);
#402=CIRCLE('',#2530,0.161250543);
#403=CIRCLE('',#2565,13.5);
#404=CIRCLE('',#2566,0.5);
#405=CIRCLE('',#2567,0.833333333333333);
#406=CIRCLE('',#2568,12.25);
#407=CIRCLE('',#2569,0.161250543);
#408=CIRCLE('',#2570,0.161250543);
#409=CIRCLE('',#2571,0.161250543);
#410=CIRCLE('',#2572,0.161250543);
#411=CIRCLE('',#2573,12.25);
#412=CIRCLE('',#2574,0.161250543);
#413=CIRCLE('',#2575,0.161250543);
#414=CIRCLE('',#2576,0.161250543);
#415=CIRCLE('',#2577,0.161250543);
#416=CIRCLE('',#2578,12.25);
#417=CIRCLE('',#2579,0.161250543);
#418=CIRCLE('',#2580,0.161250543);
#419=CIRCLE('',#2581,0.161250543);
#420=CIRCLE('',#2582,0.161250543);
#421=CIRCLE('',#2583,12.25);
#422=CIRCLE('',#2584,0.161250543);
#423=CIRCLE('',#2585,0.161250543);
#424=CIRCLE('',#2590,2.);
#425=CIRCLE('',#2594,1.);
#426=CIRCLE('',#2596,2.);
#427=CIRCLE('',#2599,0.999999999999996);
#428=CIRCLE('',#2601,1.);
#429=CIRCLE('',#2602,5.);
#430=CIRCLE('',#2603,4.);
#431=CIRCLE('',#2605,1.);
#432=CIRCLE('',#2607,1.);
#433=CIRCLE('',#2608,5.);
#434=CIRCLE('',#2609,4.);
#435=CIRCLE('',#2613,0.999999999999996);
#436=CIRCLE('',#2614,5.);
#437=CIRCLE('',#2615,4.);
#438=CIRCLE('',#2617,0.999999999999996);
#439=CIRCLE('',#2619,0.999999999999996);
#440=CIRCLE('',#2620,5.);
#441=CIRCLE('',#2621,4.);
#442=CIRCLE('',#2668,13.5);
#443=CIRCLE('',#2671,0.161250543);
#444=CIRCLE('',#2673,0.161250543);
#445=CIRCLE('',#2675,12.25);
#446=CIRCLE('',#2677,12.25);
#447=CIRCLE('',#2679,12.25);
#448=CIRCLE('',#2681,0.161250543);
#449=CIRCLE('',#2684,0.161250543);
#450=CIRCLE('',#2687,0.161250543);
#451=CIRCLE('',#2690,0.161250543);
#452=CIRCLE('',#2692,0.161250543);
#453=CIRCLE('',#2695,0.161250543);
#454=CIRCLE('',#2698,0.161250543);
#455=CIRCLE('',#2701,0.161250543);
#456=CIRCLE('',#2703,0.161250543);
#457=CIRCLE('',#2706,0.161250543);
#458=CIRCLE('',#2709,0.161250543);
#459=CIRCLE('',#2712,0.161250543);
#460=CIRCLE('',#2714,12.25);
#461=CIRCLE('',#2715,0.833333333333333);
#462=CIRCLE('',#2716,0.5);
#463=LINE('',#3453,#711);
#464=LINE('',#3455,#712);
#465=LINE('',#3457,#713);
#466=LINE('',#3461,#714);
#467=LINE('',#3469,#715);
#468=LINE('',#3473,#716);
#469=LINE('',#3477,#717);
#470=LINE('',#3485,#718);
#471=LINE('',#3489,#719);
#472=LINE('',#3493,#720);
#473=LINE('',#3501,#721);
#474=LINE('',#3505,#722);
#475=LINE('',#3509,#723);
#476=LINE('',#3517,#724);
#477=LINE('',#3523,#725);
#478=LINE('',#3525,#726);
#479=LINE('',#3527,#727);
#480=LINE('',#3528,#728);
#481=LINE('',#3531,#729);
#482=LINE('',#3533,#730);
#483=LINE('',#3534,#731);
#484=LINE('',#3536,#732);
#485=LINE('',#3542,#733);
#486=LINE('',#3550,#734);
#487=LINE('',#3554,#735);
#488=LINE('',#3558,#736);
#489=LINE('',#3566,#737);
#490=LINE('',#3570,#738);
#491=LINE('',#3574,#739);
#492=LINE('',#3582,#740);
#493=LINE('',#3586,#741);
#494=LINE('',#3590,#742);
#495=LINE('',#3598,#743);
#496=LINE('',#3601,#744);
#497=LINE('',#3603,#745);
#498=LINE('',#3605,#746);
#499=LINE('',#3606,#747);
#500=LINE('',#3608,#748);
#501=LINE('',#3610,#749);
#502=LINE('',#3613,#750);
#503=LINE('',#3615,#751);
#504=LINE('',#3617,#752);
#505=LINE('',#3619,#753);
#506=LINE('',#3621,#754);
#507=LINE('',#3623,#755);
#508=LINE('',#3625,#756);
#509=LINE('',#3627,#757);
#510=LINE('',#3628,#758);
#511=LINE('',#3630,#759);
#512=LINE('',#3632,#760);
#513=LINE('',#3634,#761);
#514=LINE('',#3636,#762);
#515=LINE('',#3638,#763);
#516=LINE('',#3640,#764);
#517=LINE('',#3642,#765);
#518=LINE('',#3643,#766);
#519=LINE('',#3645,#767);
#520=LINE('',#3647,#768);
#521=LINE('',#3649,#769);
#522=LINE('',#3651,#770);
#523=LINE('',#3653,#771);
#524=LINE('',#3654,#772);
#525=LINE('',#3657,#773);
#526=LINE('',#3661,#774);
#527=LINE('',#3663,#775);
#528=LINE('',#3665,#776);
#529=LINE('',#3670,#777);
#530=LINE('',#3676,#778);
#531=LINE('',#3684,#779);
#532=LINE('',#3688,#780);
#533=LINE('',#3692,#781);
#534=LINE('',#3700,#782);
#535=LINE('',#3704,#783);
#536=LINE('',#3708,#784);
#537=LINE('',#3716,#785);
#538=LINE('',#3720,#786);
#539=LINE('',#3724,#787);
#540=LINE('',#3732,#788);
#541=LINE('',#3736,#789);
#542=LINE('',#3737,#790);
#543=LINE('',#3739,#791);
#544=LINE('',#3741,#792);
#545=LINE('',#3742,#793);
#546=LINE('',#3745,#794);
#547=LINE('',#3747,#795);
#548=LINE('',#3749,#796);
#549=LINE('',#3750,#797);
#550=LINE('',#3754,#798);
#551=LINE('',#3769,#799);
#552=LINE('',#3780,#800);
#553=LINE('',#3782,#801);
#554=LINE('',#3784,#802);
#555=LINE('',#3788,#803);
#556=LINE('',#3801,#804);
#557=LINE('',#3816,#805);
#558=LINE('',#3818,#806);
#559=LINE('',#3819,#807);
#560=LINE('',#3822,#808);
#561=LINE('',#3834,#809);
#562=LINE('',#3835,#810);
#563=LINE('',#3842,#811);
#564=LINE('',#3854,#812);
#565=LINE('',#3855,#813);
#566=LINE('',#3862,#814);
#567=LINE('',#3865,#815);
#568=LINE('',#3867,#816);
#569=LINE('',#3870,#817);
#570=LINE('',#3872,#818);
#571=LINE('',#3874,#819);
#572=LINE('',#3875,#820);
#573=LINE('',#3878,#821);
#574=LINE('',#3880,#822);
#575=LINE('',#3882,#823);
#576=LINE('',#3883,#824);
#577=LINE('',#3886,#825);
#578=LINE('',#3888,#826);
#579=LINE('',#3890,#827);
#580=LINE('',#3891,#828);
#581=LINE('',#3894,#829);
#582=LINE('',#3896,#830);
#583=LINE('',#3898,#831);
#584=LINE('',#3899,#832);
#585=LINE('',#3902,#833);
#586=LINE('',#3904,#834);
#587=LINE('',#3906,#835);
#588=LINE('',#3907,#836);
#589=LINE('',#3910,#837);
#590=LINE('',#3912,#838);
#591=LINE('',#3914,#839);
#592=LINE('',#3915,#840);
#593=LINE('',#3918,#841);
#594=LINE('',#3920,#842);
#595=LINE('',#3922,#843);
#596=LINE('',#3923,#844);
#597=LINE('',#3926,#845);
#598=LINE('',#3928,#846);
#599=LINE('',#3930,#847);
#600=LINE('',#3931,#848);
#601=LINE('',#3935,#849);
#602=LINE('',#3937,#850);
#603=LINE('',#3938,#851);
#604=LINE('',#3941,#852);
#605=LINE('',#3943,#853);
#606=LINE('',#3944,#854);
#607=LINE('',#3947,#855);
#608=LINE('',#3948,#856);
#609=LINE('',#3951,#857);
#610=LINE('',#3953,#858);
#611=LINE('',#3954,#859);
#612=LINE('',#3957,#860);
#613=LINE('',#3958,#861);
#614=LINE('',#3961,#862);
#615=LINE('',#3963,#863);
#616=LINE('',#3964,#864);
#617=LINE('',#3967,#865);
#618=LINE('',#3968,#866);
#619=LINE('',#3971,#867);
#620=LINE('',#3972,#868);
#621=LINE('',#3975,#869);
#622=LINE('',#3977,#870);
#623=LINE('',#3978,#871);
#624=LINE('',#3981,#872);
#625=LINE('',#3982,#873);
#626=LINE('',#3984,#874);
#627=LINE('',#3987,#875);
#628=LINE('',#3988,#876);
#629=LINE('',#3990,#877);
#630=LINE('',#3994,#878);
#631=LINE('',#3995,#879);
#632=LINE('',#3998,#880);
#633=LINE('',#4000,#881);
#634=LINE('',#4001,#882);
#635=LINE('',#4004,#883);
#636=LINE('',#4005,#884);
#637=LINE('',#4007,#885);
#638=LINE('',#4010,#886);
#639=LINE('',#4011,#887);
#640=LINE('',#4013,#888);
#641=LINE('',#4017,#889);
#642=LINE('',#4018,#890);
#643=LINE('',#4021,#891);
#644=LINE('',#4023,#892);
#645=LINE('',#4024,#893);
#646=LINE('',#4027,#894);
#647=LINE('',#4028,#895);
#648=LINE('',#4030,#896);
#649=LINE('',#4033,#897);
#650=LINE('',#4034,#898);
#651=LINE('',#4036,#899);
#652=LINE('',#4040,#900);
#653=LINE('',#4042,#901);
#654=LINE('',#4043,#902);
#655=LINE('',#4046,#903);
#656=LINE('',#4048,#904);
#657=LINE('',#4049,#905);
#658=LINE('',#4051,#906);
#659=LINE('',#4053,#907);
#660=LINE('',#4057,#908);
#661=LINE('',#4059,#909);
#662=LINE('',#4060,#910);
#663=LINE('',#4062,#911);
#664=LINE('',#4064,#912);
#665=LINE('',#4072,#913);
#666=LINE('',#4075,#914);
#667=LINE('',#4077,#915);
#668=LINE('',#4078,#916);
#669=LINE('',#4082,#917);
#670=LINE('',#4086,#918);
#671=LINE('',#4089,#919);
#672=LINE('',#4093,#920);
#673=LINE('',#4095,#921);
#674=LINE('',#4099,#922);
#675=LINE('',#4101,#923);
#676=LINE('',#4107,#924);
#677=LINE('',#4108,#925);
#678=LINE('',#4111,#926);
#679=LINE('',#4112,#927);
#680=LINE('',#4116,#928);
#681=LINE('',#4119,#929);
#682=LINE('',#4120,#930);
#683=LINE('',#4124,#931);
#684=LINE('',#4127,#932);
#685=LINE('',#4128,#933);
#686=LINE('',#4134,#934);
#687=LINE('',#4137,#935);
#688=LINE('',#4138,#936);
#689=LINE('',#4142,#937);
#690=LINE('',#4145,#938);
#691=LINE('',#4146,#939);
#692=LINE('',#4150,#940);
#693=LINE('',#4153,#941);
#694=LINE('',#4154,#942);
#695=LINE('',#4160,#943);
#696=LINE('',#4163,#944);
#697=LINE('',#4164,#945);
#698=LINE('',#4168,#946);
#699=LINE('',#4171,#947);
#700=LINE('',#4172,#948);
#701=LINE('',#4176,#949);
#702=LINE('',#4179,#950);
#703=LINE('',#4180,#951);
#704=LINE('',#4185,#952);
#705=LINE('',#4186,#953);
#706=LINE('',#4192,#954);
#707=LINE('',#4195,#955);
#708=LINE('',#4197,#956);
#709=LINE('',#4199,#957);
#710=LINE('',#4202,#958);
#711=VECTOR('',#2727,10.);
#712=VECTOR('',#2728,10.);
#713=VECTOR('',#2729,10.);
#714=VECTOR('',#2732,10.);
#715=VECTOR('',#2739,10.);
#716=VECTOR('',#2742,10.);
#717=VECTOR('',#2745,10.);
#718=VECTOR('',#2752,10.);
#719=VECTOR('',#2755,10.);
#720=VECTOR('',#2758,10.);
#721=VECTOR('',#2765,10.);
#722=VECTOR('',#2768,10.);
#723=VECTOR('',#2771,10.);
#724=VECTOR('',#2778,10.);
#725=VECTOR('',#2785,10.);
#726=VECTOR('',#2786,10.);
#727=VECTOR('',#2787,10.);
#728=VECTOR('',#2788,10.);
#729=VECTOR('',#2791,10.);
#730=VECTOR('',#2792,10.);
#731=VECTOR('',#2793,10.);
#732=VECTOR('',#2796,10.);
#733=VECTOR('',#2801,10.);
#734=VECTOR('',#2808,10.);
#735=VECTOR('',#2811,10.);
#736=VECTOR('',#2814,10.);
#737=VECTOR('',#2821,10.);
#738=VECTOR('',#2824,10.);
#739=VECTOR('',#2827,10.);
#740=VECTOR('',#2834,10.);
#741=VECTOR('',#2837,10.);
#742=VECTOR('',#2840,10.);
#743=VECTOR('',#2847,10.);
#744=VECTOR('',#2850,10.);
#745=VECTOR('',#2853,10.);
#746=VECTOR('',#2856,10.);
#747=VECTOR('',#2857,10.);
#748=VECTOR('',#2860,10.);
#749=VECTOR('',#2863,10.);
#750=VECTOR('',#2868,10.);
#751=VECTOR('',#2871,10.);
#752=VECTOR('',#2874,10.);
#753=VECTOR('',#2877,10.);
#754=VECTOR('',#2880,10.);
#755=VECTOR('',#2883,10.);
#756=VECTOR('',#2886,10.);
#757=VECTOR('',#2889,10.);
#758=VECTOR('',#2890,10.);
#759=VECTOR('',#2893,10.);
#760=VECTOR('',#2896,10.);
#761=VECTOR('',#2899,10.);
#762=VECTOR('',#2902,10.);
#763=VECTOR('',#2905,10.);
#764=VECTOR('',#2908,10.);
#765=VECTOR('',#2911,10.);
#766=VECTOR('',#2912,10.);
#767=VECTOR('',#2915,10.);
#768=VECTOR('',#2918,10.);
#769=VECTOR('',#2921,10.);
#770=VECTOR('',#2924,10.);
#771=VECTOR('',#2927,10.);
#772=VECTOR('',#2928,10.);
#773=VECTOR('',#2933,10.);
#774=VECTOR('',#2940,10.);
#775=VECTOR('',#2943,10.);
#776=VECTOR('',#2946,10.);
#777=VECTOR('',#2951,10.);
#778=VECTOR('',#2956,10.);
#779=VECTOR('',#2963,10.);
#780=VECTOR('',#2966,10.);
#781=VECTOR('',#2969,10.);
#782=VECTOR('',#2976,10.);
#783=VECTOR('',#2979,10.);
#784=VECTOR('',#2982,10.);
#785=VECTOR('',#2989,10.);
#786=VECTOR('',#2992,10.);
#787=VECTOR('',#2995,10.);
#788=VECTOR('',#3002,10.);
#789=VECTOR('',#3005,10.);
#790=VECTOR('',#3006,10.);
#791=VECTOR('',#3009,10.);
#792=VECTOR('',#3010,10.);
#793=VECTOR('',#3011,10.);
#794=VECTOR('',#3014,10.);
#795=VECTOR('',#3015,10.);
#796=VECTOR('',#3016,10.);
#797=VECTOR('',#3017,10.);
#798=VECTOR('',#3022,10.);
#799=VECTOR('',#3025,10.);
#800=VECTOR('',#3028,10.);
#801=VECTOR('',#3029,10.);
#802=VECTOR('',#3030,10.);
#803=VECTOR('',#3035,10.);
#804=VECTOR('',#3040,10.);
#805=VECTOR('',#3045,10.);
#806=VECTOR('',#3046,10.);
#807=VECTOR('',#3047,10.);
#808=VECTOR('',#3050,10.);
#809=VECTOR('',#3065,10.);
#810=VECTOR('',#3066,10.);
#811=VECTOR('',#3077,10.);
#812=VECTOR('',#3092,10.);
#813=VECTOR('',#3093,10.);
#814=VECTOR('',#3104,10.);
#815=VECTOR('',#3109,10.);
#816=VECTOR('',#3112,10.);
#817=VECTOR('',#3113,10.);
#818=VECTOR('',#3114,10.);
#819=VECTOR('',#3115,10.);
#820=VECTOR('',#3116,10.);
#821=VECTOR('',#3117,10.);
#822=VECTOR('',#3118,10.);
#823=VECTOR('',#3119,10.);
#824=VECTOR('',#3120,10.);
#825=VECTOR('',#3121,10.);
#826=VECTOR('',#3122,10.);
#827=VECTOR('',#3123,10.);
#828=VECTOR('',#3124,10.);
#829=VECTOR('',#3125,10.);
#830=VECTOR('',#3126,10.);
#831=VECTOR('',#3127,10.);
#832=VECTOR('',#3128,10.);
#833=VECTOR('',#3129,10.);
#834=VECTOR('',#3130,10.);
#835=VECTOR('',#3131,10.);
#836=VECTOR('',#3132,10.);
#837=VECTOR('',#3133,10.);
#838=VECTOR('',#3134,10.);
#839=VECTOR('',#3135,10.);
#840=VECTOR('',#3136,10.);
#841=VECTOR('',#3137,10.);
#842=VECTOR('',#3138,10.);
#843=VECTOR('',#3139,10.);
#844=VECTOR('',#3140,10.);
#845=VECTOR('',#3141,10.);
#846=VECTOR('',#3142,10.);
#847=VECTOR('',#3143,10.);
#848=VECTOR('',#3144,10.);
#849=VECTOR('',#3149,10.);
#850=VECTOR('',#3150,10.);
#851=VECTOR('',#3151,10.);
#852=VECTOR('',#3154,10.);
#853=VECTOR('',#3155,10.);
#854=VECTOR('',#3156,10.);
#855=VECTOR('',#3159,10.);
#856=VECTOR('',#3160,10.);
#857=VECTOR('',#3163,10.);
#858=VECTOR('',#3164,10.);
#859=VECTOR('',#3165,10.);
#860=VECTOR('',#3168,10.);
#861=VECTOR('',#3169,10.);
#862=VECTOR('',#3172,10.);
#863=VECTOR('',#3173,10.);
#864=VECTOR('',#3174,10.);
#865=VECTOR('',#3177,10.);
#866=VECTOR('',#3178,10.);
#867=VECTOR('',#3181,10.);
#868=VECTOR('',#3182,10.);
#869=VECTOR('',#3185,10.);
#870=VECTOR('',#3186,10.);
#871=VECTOR('',#3187,10.);
#872=VECTOR('',#3190,10.);
#873=VECTOR('',#3191,10.);
#874=VECTOR('',#3194,10.);
#875=VECTOR('',#3197,10.);
#876=VECTOR('',#3198,10.);
#877=VECTOR('',#3201,10.);
#878=VECTOR('',#3206,10.);
#879=VECTOR('',#3207,10.);
#880=VECTOR('',#3210,10.);
#881=VECTOR('',#3211,10.);
#882=VECTOR('',#3212,10.);
#883=VECTOR('',#3215,10.);
#884=VECTOR('',#3216,10.);
#885=VECTOR('',#3219,10.);
#886=VECTOR('',#3222,10.);
#887=VECTOR('',#3223,10.);
#888=VECTOR('',#3226,10.);
#889=VECTOR('',#3231,10.);
#890=VECTOR('',#3232,10.);
#891=VECTOR('',#3235,10.);
#892=VECTOR('',#3236,10.);
#893=VECTOR('',#3237,10.);
#894=VECTOR('',#3240,10.);
#895=VECTOR('',#3241,10.);
#896=VECTOR('',#3244,10.);
#897=VECTOR('',#3247,10.);
#898=VECTOR('',#3248,10.);
#899=VECTOR('',#3251,10.);
#900=VECTOR('',#3256,10.);
#901=VECTOR('',#3257,10.);
#902=VECTOR('',#3258,10.);
#903=VECTOR('',#3261,10.);
#904=VECTOR('',#3262,10.);
#905=VECTOR('',#3263,10.);
#906=VECTOR('',#3266,10.);
#907=VECTOR('',#3269,10.);
#908=VECTOR('',#3274,10.);
#909=VECTOR('',#3275,10.);
#910=VECTOR('',#3276,10.);
#911=VECTOR('',#3279,10.);
#912=VECTOR('',#3282,10.);
#913=VECTOR('',#3295,10.);
#914=VECTOR('',#3298,10.);
#915=VECTOR('',#3299,10.);
#916=VECTOR('',#3300,10.);
#917=VECTOR('',#3305,10.);
#918=VECTOR('',#3310,10.);
#919=VECTOR('',#3313,10.);
#920=VECTOR('',#3318,10.);
#921=VECTOR('',#3319,10.);
#922=VECTOR('',#3324,10.);
#923=VECTOR('',#3325,10.);
#924=VECTOR('',#3332,10.);
#925=VECTOR('',#3333,10.);
#926=VECTOR('',#3336,10.);
#927=VECTOR('',#3337,10.);
#928=VECTOR('',#3342,10.);
#929=VECTOR('',#3345,10.);
#930=VECTOR('',#3346,10.);
#931=VECTOR('',#3351,10.);
#932=VECTOR('',#3354,10.);
#933=VECTOR('',#3355,10.);
#934=VECTOR('',#3364,10.);
#935=VECTOR('',#3367,10.);
#936=VECTOR('',#3368,10.);
#937=VECTOR('',#3373,10.);
#938=VECTOR('',#3376,10.);
#939=VECTOR('',#3377,10.);
#940=VECTOR('',#3382,10.);
#941=VECTOR('',#3385,10.);
#942=VECTOR('',#3386,10.);
#943=VECTOR('',#3395,10.);
#944=VECTOR('',#3398,10.);
#945=VECTOR('',#3399,10.);
#946=VECTOR('',#3404,10.);
#947=VECTOR('',#3407,10.);
#948=VECTOR('',#3408,10.);
#949=VECTOR('',#3413,10.);
#950=VECTOR('',#3416,10.);
#951=VECTOR('',#3417,10.);
#952=VECTOR('',#3424,10.);
#953=VECTOR('',#3425,10.);
#954=VECTOR('',#3430,10.);
#955=VECTOR('',#3435,10.);
#956=VECTOR('',#3438,10.);
#957=VECTOR('',#3441,10.);
#958=VECTOR('',#3446,10.);
#959=VERTEX_POINT('',#3451);
#960=VERTEX_POINT('',#3452);
#961=VERTEX_POINT('',#3454);
#962=VERTEX_POINT('',#3456);
#963=VERTEX_POINT('',#3458);
#964=VERTEX_POINT('',#3460);
#965=VERTEX_POINT('',#3462);
#966=VERTEX_POINT('',#3464);
#967=VERTEX_POINT('',#3466);
#968=VERTEX_POINT('',#3468);
#969=VERTEX_POINT('',#3470);
#970=VERTEX_POINT('',#3472);
#971=VERTEX_POINT('',#3474);
#972=VERTEX_POINT('',#3476);
#973=VERTEX_POINT('',#3478);
#974=VERTEX_POINT('',#3480);
#975=VERTEX_POINT('',#3482);
#976=VERTEX_POINT('',#3484);
#977=VERTEX_POINT('',#3486);
#978=VERTEX_POINT('',#3488);
#979=VERTEX_POINT('',#3490);
#980=VERTEX_POINT('',#3492);
#981=VERTEX_POINT('',#3494);
#982=VERTEX_POINT('',#3496);
#983=VERTEX_POINT('',#3498);
#984=VERTEX_POINT('',#3500);
#985=VERTEX_POINT('',#3502);
#986=VERTEX_POINT('',#3504);
#987=VERTEX_POINT('',#3506);
#988=VERTEX_POINT('',#3508);
#989=VERTEX_POINT('',#3510);
#990=VERTEX_POINT('',#3512);
#991=VERTEX_POINT('',#3514);
#992=VERTEX_POINT('',#3516);
#993=VERTEX_POINT('',#3518);
#994=VERTEX_POINT('',#3522);
#995=VERTEX_POINT('',#3524);
#996=VERTEX_POINT('',#3526);
#997=VERTEX_POINT('',#3530);
#998=VERTEX_POINT('',#3532);
#999=VERTEX_POINT('',#3537);
#1000=VERTEX_POINT('',#3539);
#1001=VERTEX_POINT('',#3541);
#1002=VERTEX_POINT('',#3543);
#1003=VERTEX_POINT('',#3545);
#1004=VERTEX_POINT('',#3547);
#1005=VERTEX_POINT('',#3549);
#1006=VERTEX_POINT('',#3551);
#1007=VERTEX_POINT('',#3553);
#1008=VERTEX_POINT('',#3555);
#1009=VERTEX_POINT('',#3557);
#1010=VERTEX_POINT('',#3559);
#1011=VERTEX_POINT('',#3561);
#1012=VERTEX_POINT('',#3563);
#1013=VERTEX_POINT('',#3565);
#1014=VERTEX_POINT('',#3567);
#1015=VERTEX_POINT('',#3569);
#1016=VERTEX_POINT('',#3571);
#1017=VERTEX_POINT('',#3573);
#1018=VERTEX_POINT('',#3575);
#1019=VERTEX_POINT('',#3577);
#1020=VERTEX_POINT('',#3579);
#1021=VERTEX_POINT('',#3581);
#1022=VERTEX_POINT('',#3583);
#1023=VERTEX_POINT('',#3585);
#1024=VERTEX_POINT('',#3587);
#1025=VERTEX_POINT('',#3589);
#1026=VERTEX_POINT('',#3591);
#1027=VERTEX_POINT('',#3593);
#1028=VERTEX_POINT('',#3595);
#1029=VERTEX_POINT('',#3597);
#1030=VERTEX_POINT('',#3599);
#1031=VERTEX_POINT('',#3668);
#1032=VERTEX_POINT('',#3669);
#1033=VERTEX_POINT('',#3671);
#1034=VERTEX_POINT('',#3673);
#1035=VERTEX_POINT('',#3675);
#1036=VERTEX_POINT('',#3677);
#1037=VERTEX_POINT('',#3679);
#1038=VERTEX_POINT('',#3681);
#1039=VERTEX_POINT('',#3683);
#1040=VERTEX_POINT('',#3685);
#1041=VERTEX_POINT('',#3687);
#1042=VERTEX_POINT('',#3689);
#1043=VERTEX_POINT('',#3691);
#1044=VERTEX_POINT('',#3693);
#1045=VERTEX_POINT('',#3695);
#1046=VERTEX_POINT('',#3697);
#1047=VERTEX_POINT('',#3699);
#1048=VERTEX_POINT('',#3701);
#1049=VERTEX_POINT('',#3703);
#1050=VERTEX_POINT('',#3705);
#1051=VERTEX_POINT('',#3707);
#1052=VERTEX_POINT('',#3709);
#1053=VERTEX_POINT('',#3711);
#1054=VERTEX_POINT('',#3713);
#1055=VERTEX_POINT('',#3715);
#1056=VERTEX_POINT('',#3717);
#1057=VERTEX_POINT('',#3719);
#1058=VERTEX_POINT('',#3721);
#1059=VERTEX_POINT('',#3723);
#1060=VERTEX_POINT('',#3725);
#1061=VERTEX_POINT('',#3727);
#1062=VERTEX_POINT('',#3729);
#1063=VERTEX_POINT('',#3731);
#1064=VERTEX_POINT('',#3733);
#1065=VERTEX_POINT('',#3735);
#1066=VERTEX_POINT('',#3740);
#1067=VERTEX_POINT('',#3744);
#1068=VERTEX_POINT('',#3746);
#1069=VERTEX_POINT('',#3748);
#1070=VERTEX_POINT('',#3752);
#1071=VERTEX_POINT('',#3755);
#1072=VERTEX_POINT('',#3757);
#1073=VERTEX_POINT('',#3768);
#1074=VERTEX_POINT('',#3779);
#1075=VERTEX_POINT('',#3781);
#1076=VERTEX_POINT('',#3783);
#1077=VERTEX_POINT('',#3787);
#1078=VERTEX_POINT('',#3791);
#1079=VERTEX_POINT('',#3800);
#1080=VERTEX_POINT('',#3802);
#1081=VERTEX_POINT('',#3815);
#1082=VERTEX_POINT('',#3817);
#1083=VERTEX_POINT('',#3821);
#1084=VERTEX_POINT('',#3825);
#1085=VERTEX_POINT('',#3826);
#1086=VERTEX_POINT('',#3831);
#1087=VERTEX_POINT('',#3832);
#1088=VERTEX_POINT('',#3837);
#1089=VERTEX_POINT('',#3845);
#1090=VERTEX_POINT('',#3846);
#1091=VERTEX_POINT('',#3851);
#1092=VERTEX_POINT('',#3852);
#1093=VERTEX_POINT('',#3857);
#1094=VERTEX_POINT('',#3868);
#1095=VERTEX_POINT('',#3869);
#1096=VERTEX_POINT('',#3871);
#1097=VERTEX_POINT('',#3873);
#1098=VERTEX_POINT('',#3876);
#1099=VERTEX_POINT('',#3877);
#1100=VERTEX_POINT('',#3879);
#1101=VERTEX_POINT('',#3881);
#1102=VERTEX_POINT('',#3884);
#1103=VERTEX_POINT('',#3885);
#1104=VERTEX_POINT('',#3887);
#1105=VERTEX_POINT('',#3889);
#1106=VERTEX_POINT('',#3892);
#1107=VERTEX_POINT('',#3893);
#1108=VERTEX_POINT('',#3895);
#1109=VERTEX_POINT('',#3897);
#1110=VERTEX_POINT('',#3900);
#1111=VERTEX_POINT('',#3901);
#1112=VERTEX_POINT('',#3903);
#1113=VERTEX_POINT('',#3905);
#1114=VERTEX_POINT('',#3908);
#1115=VERTEX_POINT('',#3909);
#1116=VERTEX_POINT('',#3911);
#1117=VERTEX_POINT('',#3913);
#1118=VERTEX_POINT('',#3916);
#1119=VERTEX_POINT('',#3917);
#1120=VERTEX_POINT('',#3919);
#1121=VERTEX_POINT('',#3921);
#1122=VERTEX_POINT('',#3924);
#1123=VERTEX_POINT('',#3925);
#1124=VERTEX_POINT('',#3927);
#1125=VERTEX_POINT('',#3929);
#1126=VERTEX_POINT('',#3934);
#1127=VERTEX_POINT('',#3936);
#1128=VERTEX_POINT('',#3940);
#1129=VERTEX_POINT('',#3942);
#1130=VERTEX_POINT('',#3946);
#1131=VERTEX_POINT('',#3950);
#1132=VERTEX_POINT('',#3952);
#1133=VERTEX_POINT('',#3956);
#1134=VERTEX_POINT('',#3960);
#1135=VERTEX_POINT('',#3962);
#1136=VERTEX_POINT('',#3966);
#1137=VERTEX_POINT('',#3970);
#1138=VERTEX_POINT('',#3974);
#1139=VERTEX_POINT('',#3976);
#1140=VERTEX_POINT('',#3980);
#1141=VERTEX_POINT('',#3986);
#1142=VERTEX_POINT('',#3993);
#1143=VERTEX_POINT('',#3997);
#1144=VERTEX_POINT('',#3999);
#1145=VERTEX_POINT('',#4003);
#1146=VERTEX_POINT('',#4009);
#1147=VERTEX_POINT('',#4016);
#1148=VERTEX_POINT('',#4020);
#1149=VERTEX_POINT('',#4022);
#1150=VERTEX_POINT('',#4026);
#1151=VERTEX_POINT('',#4032);
#1152=VERTEX_POINT('',#4039);
#1153=VERTEX_POINT('',#4041);
#1154=VERTEX_POINT('',#4045);
#1155=VERTEX_POINT('',#4047);
#1156=VERTEX_POINT('',#4056);
#1157=VERTEX_POINT('',#4058);
#1158=VERTEX_POINT('',#4070);
#1159=VERTEX_POINT('',#4074);
#1160=VERTEX_POINT('',#4076);
#1161=VERTEX_POINT('',#4080);
#1162=VERTEX_POINT('',#4084);
#1163=VERTEX_POINT('',#4088);
#1164=VERTEX_POINT('',#4092);
#1165=VERTEX_POINT('',#4094);
#1166=VERTEX_POINT('',#4098);
#1167=VERTEX_POINT('',#4100);
#1168=VERTEX_POINT('',#4104);
#1169=VERTEX_POINT('',#4105);
#1170=VERTEX_POINT('',#4110);
#1171=VERTEX_POINT('',#4114);
#1172=VERTEX_POINT('',#4118);
#1173=VERTEX_POINT('',#4122);
#1174=VERTEX_POINT('',#4126);
#1175=VERTEX_POINT('',#4132);
#1176=VERTEX_POINT('',#4136);
#1177=VERTEX_POINT('',#4140);
#1178=VERTEX_POINT('',#4144);
#1179=VERTEX_POINT('',#4148);
#1180=VERTEX_POINT('',#4152);
#1181=VERTEX_POINT('',#4158);
#1182=VERTEX_POINT('',#4162);
#1183=VERTEX_POINT('',#4166);
#1184=VERTEX_POINT('',#4170);
#1185=VERTEX_POINT('',#4174);
#1186=VERTEX_POINT('',#4178);
#1187=VERTEX_POINT('',#4184);
#1188=VERTEX_POINT('',#4187);
#1189=VERTEX_POINT('',#4189);
#1190=VERTEX_POINT('',#4191);
#1191=EDGE_CURVE('',#959,#960,#463,.T.);
#1192=EDGE_CURVE('',#959,#961,#464,.T.);
#1193=EDGE_CURVE('',#961,#962,#465,.T.);
#1194=EDGE_CURVE('',#962,#963,#361,.T.);
#1195=EDGE_CURVE('',#963,#964,#466,.T.);
#1196=EDGE_CURVE('',#964,#965,#362,.T.);
#1197=EDGE_CURVE('',#965,#966,#363,.T.);
#1198=EDGE_CURVE('',#966,#967,#364,.T.);
#1199=EDGE_CURVE('',#967,#968,#467,.T.);
#1200=EDGE_CURVE('',#968,#969,#365,.T.);
#1201=EDGE_CURVE('',#969,#970,#468,.T.);
#1202=EDGE_CURVE('',#970,#971,#366,.T.);
#1203=EDGE_CURVE('',#971,#972,#469,.T.);
#1204=EDGE_CURVE('',#972,#973,#367,.T.);
#1205=EDGE_CURVE('',#973,#974,#368,.T.);
#1206=EDGE_CURVE('',#974,#975,#369,.T.);
#1207=EDGE_CURVE('',#975,#976,#470,.T.);
#1208=EDGE_CURVE('',#976,#977,#370,.T.);
#1209=EDGE_CURVE('',#977,#978,#471,.T.);
#1210=EDGE_CURVE('',#978,#979,#371,.T.);
#1211=EDGE_CURVE('',#979,#980,#472,.T.);
#1212=EDGE_CURVE('',#980,#981,#372,.T.);
#1213=EDGE_CURVE('',#981,#982,#373,.T.);
#1214=EDGE_CURVE('',#982,#983,#374,.T.);
#1215=EDGE_CURVE('',#983,#984,#473,.T.);
#1216=EDGE_CURVE('',#984,#985,#375,.T.);
#1217=EDGE_CURVE('',#985,#986,#474,.T.);
#1218=EDGE_CURVE('',#986,#987,#376,.T.);
#1219=EDGE_CURVE('',#987,#988,#475,.T.);
#1220=EDGE_CURVE('',#988,#989,#377,.T.);
#1221=EDGE_CURVE('',#989,#990,#378,.T.);
#1222=EDGE_CURVE('',#990,#991,#379,.T.);
#1223=EDGE_CURVE('',#991,#992,#476,.T.);
#1224=EDGE_CURVE('',#992,#993,#380,.T.);
#1225=EDGE_CURVE('',#993,#960,#381,.T.);
#1226=EDGE_CURVE('',#960,#994,#477,.T.);
#1227=EDGE_CURVE('',#995,#994,#478,.T.);
#1228=EDGE_CURVE('',#995,#996,#479,.T.);
#1229=EDGE_CURVE('',#960,#996,#480,.T.);
#1230=EDGE_CURVE('',#997,#959,#481,.T.);
#1231=EDGE_CURVE('',#998,#997,#482,.T.);
#1232=EDGE_CURVE('',#998,#961,#483,.T.);
#1233=EDGE_CURVE('',#994,#997,#484,.T.);
#1234=EDGE_CURVE('',#999,#994,#382,.T.);
#1235=EDGE_CURVE('',#1000,#999,#383,.T.);
#1236=EDGE_CURVE('',#1001,#1000,#485,.T.);
#1237=EDGE_CURVE('',#1002,#1001,#384,.T.);
#1238=EDGE_CURVE('',#1003,#1002,#385,.T.);
#1239=EDGE_CURVE('',#1004,#1003,#386,.T.);
#1240=EDGE_CURVE('',#1005,#1004,#486,.T.);
#1241=EDGE_CURVE('',#1006,#1005,#387,.T.);
#1242=EDGE_CURVE('',#1007,#1006,#487,.T.);
#1243=EDGE_CURVE('',#1008,#1007,#388,.T.);
#1244=EDGE_CURVE('',#1009,#1008,#488,.T.);
#1245=EDGE_CURVE('',#1010,#1009,#389,.T.);
#1246=EDGE_CURVE('',#1011,#1010,#390,.T.);
#1247=EDGE_CURVE('',#1012,#1011,#391,.T.);
#1248=EDGE_CURVE('',#1013,#1012,#489,.T.);
#1249=EDGE_CURVE('',#1014,#1013,#392,.T.);
#1250=EDGE_CURVE('',#1015,#1014,#490,.T.);
#1251=EDGE_CURVE('',#1016,#1015,#393,.T.);
#1252=EDGE_CURVE('',#1017,#1016,#491,.T.);
#1253=EDGE_CURVE('',#1018,#1017,#394,.T.);
#1254=EDGE_CURVE('',#1019,#1018,#395,.T.);
#1255=EDGE_CURVE('',#1020,#1019,#396,.T.);
#1256=EDGE_CURVE('',#1021,#1020,#492,.T.);
#1257=EDGE_CURVE('',#1022,#1021,#397,.T.);
#1258=EDGE_CURVE('',#1023,#1022,#493,.T.);
#1259=EDGE_CURVE('',#1024,#1023,#398,.T.);
#1260=EDGE_CURVE('',#1025,#1024,#494,.T.);
#1261=EDGE_CURVE('',#1026,#1025,#399,.T.);
#1262=EDGE_CURVE('',#1027,#1026,#400,.T.);
#1263=EDGE_CURVE('',#1028,#1027,#401,.T.);
#1264=EDGE_CURVE('',#1029,#1028,#495,.T.);
#1265=EDGE_CURVE('',#1030,#1029,#402,.T.);
#1266=EDGE_CURVE('',#998,#1030,#496,.T.);
#1267=EDGE_CURVE('',#999,#993,#497,.T.);
#1268=EDGE_CURVE('',#1001,#991,#498,.T.);
#1269=EDGE_CURVE('',#990,#1002,#499,.T.);
#1270=EDGE_CURVE('',#1003,#989,#500,.T.);
#1271=EDGE_CURVE('',#1000,#992,#501,.T.);
#1272=EDGE_CURVE('',#988,#1004,#502,.T.);
#1273=EDGE_CURVE('',#1005,#987,#503,.T.);
#1274=EDGE_CURVE('',#986,#1006,#504,.T.);
#1275=EDGE_CURVE('',#1007,#985,#505,.T.);
#1276=EDGE_CURVE('',#984,#1008,#506,.T.);
#1277=EDGE_CURVE('',#1009,#983,#507,.T.);
#1278=EDGE_CURVE('',#982,#1010,#508,.T.);
#1279=EDGE_CURVE('',#980,#1012,#509,.T.);
#1280=EDGE_CURVE('',#1011,#981,#510,.T.);
#1281=EDGE_CURVE('',#1013,#979,#511,.T.);
#1282=EDGE_CURVE('',#978,#1014,#512,.T.);
#1283=EDGE_CURVE('',#1015,#977,#513,.T.);
#1284=EDGE_CURVE('',#976,#1016,#514,.T.);
#1285=EDGE_CURVE('',#1017,#975,#515,.T.);
#1286=EDGE_CURVE('',#974,#1018,#516,.T.);
#1287=EDGE_CURVE('',#972,#1020,#517,.T.);
#1288=EDGE_CURVE('',#1019,#973,#518,.T.);
#1289=EDGE_CURVE('',#1021,#971,#519,.T.);
#1290=EDGE_CURVE('',#970,#1022,#520,.T.);
#1291=EDGE_CURVE('',#1023,#969,#521,.T.);
#1292=EDGE_CURVE('',#968,#1024,#522,.T.);
#1293=EDGE_CURVE('',#1025,#967,#523,.T.);
#1294=EDGE_CURVE('',#966,#1026,#524,.T.);
#1295=EDGE_CURVE('',#1027,#965,#525,.T.);
#1296=EDGE_CURVE('',#964,#1028,#526,.T.);
#1297=EDGE_CURVE('',#1029,#963,#527,.T.);
#1298=EDGE_CURVE('',#962,#1030,#528,.T.);
#1299=EDGE_CURVE('',#1031,#1032,#529,.T.);
#1300=EDGE_CURVE('',#1031,#1033,#403,.T.);
#1301=EDGE_CURVE('',#1033,#1034,#404,.T.);
#1302=EDGE_CURVE('',#1034,#1035,#530,.T.);
#1303=EDGE_CURVE('',#1035,#1036,#405,.T.);
#1304=EDGE_CURVE('',#1036,#1037,#406,.T.);
#1305=EDGE_CURVE('',#1037,#1038,#407,.T.);
#1306=EDGE_CURVE('',#1038,#1039,#531,.T.);
#1307=EDGE_CURVE('',#1039,#1040,#408,.T.);
#1308=EDGE_CURVE('',#1040,#1041,#532,.T.);
#1309=EDGE_CURVE('',#1041,#1042,#409,.T.);
#1310=EDGE_CURVE('',#1042,#1043,#533,.T.);
#1311=EDGE_CURVE('',#1043,#1044,#410,.T.);
#1312=EDGE_CURVE('',#1044,#1045,#411,.T.);
#1313=EDGE_CURVE('',#1045,#1046,#412,.T.);
#1314=EDGE_CURVE('',#1046,#1047,#534,.T.);
#1315=EDGE_CURVE('',#1047,#1048,#413,.T.);
#1316=EDGE_CURVE('',#1048,#1049,#535,.T.);
#1317=EDGE_CURVE('',#1049,#1050,#414,.T.);
#1318=EDGE_CURVE('',#1050,#1051,#536,.T.);
#1319=EDGE_CURVE('',#1051,#1052,#415,.T.);
#1320=EDGE_CURVE('',#1052,#1053,#416,.T.);
#1321=EDGE_CURVE('',#1053,#1054,#417,.T.);
#1322=EDGE_CURVE('',#1054,#1055,#537,.T.);
#1323=EDGE_CURVE('',#1055,#1056,#418,.T.);
#1324=EDGE_CURVE('',#1056,#1057,#538,.T.);
#1325=EDGE_CURVE('',#1057,#1058,#419,.T.);
#1326=EDGE_CURVE('',#1058,#1059,#539,.T.);
#1327=EDGE_CURVE('',#1059,#1060,#420,.T.);
#1328=EDGE_CURVE('',#1060,#1061,#421,.T.);
#1329=EDGE_CURVE('',#1061,#1062,#422,.T.);
#1330=EDGE_CURVE('',#1062,#1063,#540,.T.);
#1331=EDGE_CURVE('',#1063,#1064,#423,.T.);
#1332=EDGE_CURVE('',#1064,#1065,#541,.T.);
#1333=EDGE_CURVE('',#1065,#1032,#542,.T.);
#1334=EDGE_CURVE('',#1032,#959,#543,.T.);
#1335=EDGE_CURVE('',#1032,#1066,#544,.T.);
#1336=EDGE_CURVE('',#997,#1066,#545,.T.);
#1337=EDGE_CURVE('',#1031,#1067,#546,.T.);
#1338=EDGE_CURVE('',#1068,#1031,#547,.T.);
#1339=EDGE_CURVE('',#1069,#1068,#548,.T.);
#1340=EDGE_CURVE('',#1067,#1069,#549,.T.);
#1341=EDGE_CURVE('',#1070,#995,#31,.T.);
#1342=EDGE_CURVE('',#1067,#1066,#550,.T.);
#1343=EDGE_CURVE('',#1069,#1071,#424,.T.);
#1344=EDGE_CURVE('',#1071,#1072,#27,.T.);
#1345=EDGE_CURVE('',#1072,#1073,#551,.T.);
#1346=EDGE_CURVE('',#1073,#1070,#28,.T.);
#1347=EDGE_CURVE('',#1074,#1070,#552,.T.);
#1348=EDGE_CURVE('',#1075,#1074,#553,.T.);
#1349=EDGE_CURVE('',#1076,#1075,#554,.T.);
#1350=EDGE_CURVE('',#996,#1076,#32,.T.);
#1351=EDGE_CURVE('',#1073,#1077,#555,.T.);
#1352=EDGE_CURVE('',#1077,#1074,#425,.T.);
#1353=EDGE_CURVE('',#1076,#1078,#29,.T.);
#1354=EDGE_CURVE('',#1078,#1079,#556,.T.);
#1355=EDGE_CURVE('',#1079,#1080,#30,.T.);
#1356=EDGE_CURVE('',#1080,#1068,#426,.T.);
#1357=EDGE_CURVE('',#1081,#1080,#557,.T.);
#1358=EDGE_CURVE('',#1082,#1081,#558,.T.);
#1359=EDGE_CURVE('',#1071,#1082,#559,.T.);
#1360=EDGE_CURVE('',#1079,#1083,#560,.T.);
#1361=EDGE_CURVE('',#1083,#1081,#427,.T.);
#1362=EDGE_CURVE('',#1084,#1085,#428,.T.);
#1363=EDGE_CURVE('',#1085,#1074,#429,.T.);
#1364=EDGE_CURVE('',#1077,#1084,#430,.T.);
#1365=EDGE_CURVE('',#1086,#1087,#431,.T.);
#1366=EDGE_CURVE('',#1087,#1085,#561,.T.);
#1367=EDGE_CURVE('',#1084,#1086,#562,.T.);
#1368=EDGE_CURVE('',#1088,#1082,#432,.T.);
#1369=EDGE_CURVE('',#1082,#1087,#433,.T.);
#1370=EDGE_CURVE('',#1086,#1088,#434,.T.);
#1371=EDGE_CURVE('',#1088,#1072,#563,.T.);
#1372=EDGE_CURVE('',#1089,#1090,#435,.T.);
#1373=EDGE_CURVE('',#1090,#1081,#436,.T.);
#1374=EDGE_CURVE('',#1083,#1089,#437,.T.);
#1375=EDGE_CURVE('',#1091,#1092,#438,.T.);
#1376=EDGE_CURVE('',#1092,#1090,#564,.T.);
#1377=EDGE_CURVE('',#1089,#1091,#565,.T.);
#1378=EDGE_CURVE('',#1093,#1075,#439,.T.);
#1379=EDGE_CURVE('',#1075,#1092,#440,.T.);
#1380=EDGE_CURVE('',#1091,#1093,#441,.T.);
#1381=EDGE_CURVE('',#1093,#1078,#566,.T.);
#1382=EDGE_CURVE('',#1085,#1092,#567,.T.);
#1383=EDGE_CURVE('',#1090,#1087,#568,.T.);
#1384=EDGE_CURVE('',#1094,#1095,#569,.T.);
#1385=EDGE_CURVE('',#1096,#1095,#570,.T.);
#1386=EDGE_CURVE('',#1097,#1096,#571,.T.);
#1387=EDGE_CURVE('',#1097,#1094,#572,.T.);
#1388=EDGE_CURVE('',#1098,#1099,#573,.T.);
#1389=EDGE_CURVE('',#1100,#1099,#574,.T.);
#1390=EDGE_CURVE('',#1101,#1100,#575,.T.);
#1391=EDGE_CURVE('',#1101,#1098,#576,.T.);
#1392=EDGE_CURVE('',#1102,#1103,#577,.T.);
#1393=EDGE_CURVE('',#1104,#1103,#578,.T.);
#1394=EDGE_CURVE('',#1105,#1104,#579,.T.);
#1395=EDGE_CURVE('',#1105,#1102,#580,.T.);
#1396=EDGE_CURVE('',#1106,#1107,#581,.T.);
#1397=EDGE_CURVE('',#1108,#1107,#582,.T.);
#1398=EDGE_CURVE('',#1109,#1108,#583,.T.);
#1399=EDGE_CURVE('',#1109,#1106,#584,.T.);
#1400=EDGE_CURVE('',#1110,#1111,#585,.T.);
#1401=EDGE_CURVE('',#1112,#1111,#586,.T.);
#1402=EDGE_CURVE('',#1113,#1112,#587,.T.);
#1403=EDGE_CURVE('',#1113,#1110,#588,.T.);
#1404=EDGE_CURVE('',#1114,#1115,#589,.T.);
#1405=EDGE_CURVE('',#1116,#1115,#590,.T.);
#1406=EDGE_CURVE('',#1117,#1116,#591,.T.);
#1407=EDGE_CURVE('',#1117,#1114,#592,.T.);
#1408=EDGE_CURVE('',#1118,#1119,#593,.T.);
#1409=EDGE_CURVE('',#1120,#1119,#594,.T.);
#1410=EDGE_CURVE('',#1121,#1120,#595,.T.);
#1411=EDGE_CURVE('',#1121,#1118,#596,.T.);
#1412=EDGE_CURVE('',#1122,#1123,#597,.T.);
#1413=EDGE_CURVE('',#1124,#1123,#598,.T.);
#1414=EDGE_CURVE('',#1125,#1124,#599,.T.);
#1415=EDGE_CURVE('',#1125,#1122,#600,.T.);
#1416=EDGE_CURVE('',#1126,#1122,#601,.T.);
#1417=EDGE_CURVE('',#1127,#1126,#602,.T.);
#1418=EDGE_CURVE('',#1123,#1127,#603,.T.);
#1419=EDGE_CURVE('',#1119,#1128,#604,.T.);
#1420=EDGE_CURVE('',#1129,#1118,#605,.T.);
#1421=EDGE_CURVE('',#1128,#1129,#606,.T.);
#1422=EDGE_CURVE('',#1130,#1128,#607,.T.);
#1423=EDGE_CURVE('',#1130,#1120,#608,.T.);
#1424=EDGE_CURVE('',#1115,#1131,#609,.T.);
#1425=EDGE_CURVE('',#1132,#1114,#610,.T.);
#1426=EDGE_CURVE('',#1131,#1132,#611,.T.);
#1427=EDGE_CURVE('',#1133,#1131,#612,.T.);
#1428=EDGE_CURVE('',#1133,#1116,#613,.T.);
#1429=EDGE_CURVE('',#1111,#1134,#614,.T.);
#1430=EDGE_CURVE('',#1135,#1110,#615,.T.);
#1431=EDGE_CURVE('',#1134,#1135,#616,.T.);
#1432=EDGE_CURVE('',#1136,#1134,#617,.T.);
#1433=EDGE_CURVE('',#1136,#1112,#618,.T.);
#1434=EDGE_CURVE('',#1137,#1133,#619,.T.);
#1435=EDGE_CURVE('',#1117,#1137,#620,.T.);
#1436=EDGE_CURVE('',#1107,#1138,#621,.T.);
#1437=EDGE_CURVE('',#1139,#1106,#622,.T.);
#1438=EDGE_CURVE('',#1138,#1139,#623,.T.);
#1439=EDGE_CURVE('',#1109,#1140,#624,.T.);
#1440=EDGE_CURVE('',#1140,#1139,#625,.T.);
#1441=EDGE_CURVE('',#1137,#1132,#626,.T.);
#1442=EDGE_CURVE('',#1141,#1138,#627,.T.);
#1443=EDGE_CURVE('',#1141,#1108,#628,.T.);
#1444=EDGE_CURVE('',#1140,#1141,#629,.T.);
#1445=EDGE_CURVE('',#1142,#1130,#630,.T.);
#1446=EDGE_CURVE('',#1121,#1142,#631,.T.);
#1447=EDGE_CURVE('',#1103,#1143,#632,.T.);
#1448=EDGE_CURVE('',#1144,#1102,#633,.T.);
#1449=EDGE_CURVE('',#1143,#1144,#634,.T.);
#1450=EDGE_CURVE('',#1105,#1145,#635,.T.);
#1451=EDGE_CURVE('',#1145,#1144,#636,.T.);
#1452=EDGE_CURVE('',#1142,#1129,#637,.T.);
#1453=EDGE_CURVE('',#1146,#1143,#638,.T.);
#1454=EDGE_CURVE('',#1146,#1104,#639,.T.);
#1455=EDGE_CURVE('',#1145,#1146,#640,.T.);
#1456=EDGE_CURVE('',#1147,#1136,#641,.T.);
#1457=EDGE_CURVE('',#1113,#1147,#642,.T.);
#1458=EDGE_CURVE('',#1099,#1148,#643,.T.);
#1459=EDGE_CURVE('',#1149,#1098,#644,.T.);
#1460=EDGE_CURVE('',#1148,#1149,#645,.T.);
#1461=EDGE_CURVE('',#1101,#1150,#646,.T.);
#1462=EDGE_CURVE('',#1150,#1149,#647,.T.);
#1463=EDGE_CURVE('',#1147,#1135,#648,.T.);
#1464=EDGE_CURVE('',#1151,#1148,#649,.T.);
#1465=EDGE_CURVE('',#1151,#1100,#650,.T.);
#1466=EDGE_CURVE('',#1150,#1151,#651,.T.);
#1467=EDGE_CURVE('',#1152,#1124,#652,.T.);
#1468=EDGE_CURVE('',#1153,#1152,#653,.T.);
#1469=EDGE_CURVE('',#1125,#1153,#654,.T.);
#1470=EDGE_CURVE('',#1154,#1094,#655,.T.);
#1471=EDGE_CURVE('',#1155,#1154,#656,.T.);
#1472=EDGE_CURVE('',#1095,#1155,#657,.T.);
#1473=EDGE_CURVE('',#1153,#1126,#658,.T.);
#1474=EDGE_CURVE('',#1152,#1127,#659,.T.);
#1475=EDGE_CURVE('',#1156,#1096,#660,.T.);
#1476=EDGE_CURVE('',#1157,#1156,#661,.T.);
#1477=EDGE_CURVE('',#1097,#1157,#662,.T.);
#1478=EDGE_CURVE('',#1157,#1154,#663,.T.);
#1479=EDGE_CURVE('',#1156,#1155,#664,.T.);
#1480=EDGE_CURVE('',#1067,#1158,#442,.T.);
#1481=EDGE_CURVE('',#1033,#1158,#665,.T.);
#1482=EDGE_CURVE('',#1063,#1159,#666,.T.);
#1483=EDGE_CURVE('',#1160,#1062,#667,.T.);
#1484=EDGE_CURVE('',#1160,#1159,#668,.T.);
#1485=EDGE_CURVE('',#1161,#1160,#443,.T.);
#1486=EDGE_CURVE('',#1061,#1161,#669,.T.);
#1487=EDGE_CURVE('',#1159,#1162,#444,.T.);
#1488=EDGE_CURVE('',#1162,#1064,#670,.T.);
#1489=EDGE_CURVE('',#1163,#1060,#671,.T.);
#1490=EDGE_CURVE('',#1163,#1161,#445,.T.);
#1491=EDGE_CURVE('',#1053,#1164,#672,.T.);
#1492=EDGE_CURVE('',#1165,#1052,#673,.T.);
#1493=EDGE_CURVE('',#1165,#1164,#446,.T.);
#1494=EDGE_CURVE('',#1045,#1166,#674,.T.);
#1495=EDGE_CURVE('',#1167,#1044,#675,.T.);
#1496=EDGE_CURVE('',#1167,#1166,#447,.T.);
#1497=EDGE_CURVE('',#1168,#1169,#448,.T.);
#1498=EDGE_CURVE('',#1169,#1038,#676,.T.);
#1499=EDGE_CURVE('',#1037,#1168,#677,.T.);
#1500=EDGE_CURVE('',#1039,#1170,#678,.T.);
#1501=EDGE_CURVE('',#1169,#1170,#679,.T.);
#1502=EDGE_CURVE('',#1170,#1171,#449,.T.);
#1503=EDGE_CURVE('',#1171,#1040,#680,.T.);
#1504=EDGE_CURVE('',#1041,#1172,#681,.T.);
#1505=EDGE_CURVE('',#1171,#1172,#682,.T.);
#1506=EDGE_CURVE('',#1172,#1173,#450,.T.);
#1507=EDGE_CURVE('',#1173,#1042,#683,.T.);
#1508=EDGE_CURVE('',#1043,#1174,#684,.T.);
#1509=EDGE_CURVE('',#1173,#1174,#685,.T.);
#1510=EDGE_CURVE('',#1174,#1167,#451,.T.);
#1511=EDGE_CURVE('',#1166,#1175,#452,.T.);
#1512=EDGE_CURVE('',#1175,#1046,#686,.T.);
#1513=EDGE_CURVE('',#1047,#1176,#687,.T.);
#1514=EDGE_CURVE('',#1175,#1176,#688,.T.);
#1515=EDGE_CURVE('',#1176,#1177,#453,.T.);
#1516=EDGE_CURVE('',#1177,#1048,#689,.T.);
#1517=EDGE_CURVE('',#1049,#1178,#690,.T.);
#1518=EDGE_CURVE('',#1177,#1178,#691,.T.);
#1519=EDGE_CURVE('',#1178,#1179,#454,.T.);
#1520=EDGE_CURVE('',#1179,#1050,#692,.T.);
#1521=EDGE_CURVE('',#1051,#1180,#693,.T.);
#1522=EDGE_CURVE('',#1179,#1180,#694,.T.);
#1523=EDGE_CURVE('',#1180,#1165,#455,.T.);
#1524=EDGE_CURVE('',#1164,#1181,#456,.T.);
#1525=EDGE_CURVE('',#1181,#1054,#695,.T.);
#1526=EDGE_CURVE('',#1055,#1182,#696,.T.);
#1527=EDGE_CURVE('',#1181,#1182,#697,.T.);
#1528=EDGE_CURVE('',#1182,#1183,#457,.T.);
#1529=EDGE_CURVE('',#1183,#1056,#698,.T.);
#1530=EDGE_CURVE('',#1057,#1184,#699,.T.);
#1531=EDGE_CURVE('',#1183,#1184,#700,.T.);
#1532=EDGE_CURVE('',#1184,#1185,#458,.T.);
#1533=EDGE_CURVE('',#1185,#1058,#701,.T.);
#1534=EDGE_CURVE('',#1059,#1186,#702,.T.);
#1535=EDGE_CURVE('',#1185,#1186,#703,.T.);
#1536=EDGE_CURVE('',#1186,#1163,#459,.T.);
#1537=EDGE_CURVE('',#1187,#1066,#704,.T.);
#1538=EDGE_CURVE('',#1162,#1187,#705,.T.);
#1539=EDGE_CURVE('',#1188,#1168,#460,.T.);
#1540=EDGE_CURVE('',#1189,#1188,#461,.T.);
#1541=EDGE_CURVE('',#1190,#1189,#706,.T.);
#1542=EDGE_CURVE('',#1158,#1190,#462,.T.);
#1543=EDGE_CURVE('',#1188,#1036,#707,.T.);
#1544=EDGE_CURVE('',#1190,#1034,#708,.T.);
#1545=EDGE_CURVE('',#1189,#1035,#709,.T.);
#1546=EDGE_CURVE('',#1065,#1187,#710,.T.);
#1547=ORIENTED_EDGE('',*,*,#1191,.F.);
#1548=ORIENTED_EDGE('',*,*,#1192,.T.);
#1549=ORIENTED_EDGE('',*,*,#1193,.T.);
#1550=ORIENTED_EDGE('',*,*,#1194,.T.);
#1551=ORIENTED_EDGE('',*,*,#1195,.T.);
#1552=ORIENTED_EDGE('',*,*,#1196,.T.);
#1553=ORIENTED_EDGE('',*,*,#1197,.T.);
#1554=ORIENTED_EDGE('',*,*,#1198,.T.);
#1555=ORIENTED_EDGE('',*,*,#1199,.T.);
#1556=ORIENTED_EDGE('',*,*,#1200,.T.);
#1557=ORIENTED_EDGE('',*,*,#1201,.T.);
#1558=ORIENTED_EDGE('',*,*,#1202,.T.);
#1559=ORIENTED_EDGE('',*,*,#1203,.T.);
#1560=ORIENTED_EDGE('',*,*,#1204,.T.);
#1561=ORIENTED_EDGE('',*,*,#1205,.T.);
#1562=ORIENTED_EDGE('',*,*,#1206,.T.);
#1563=ORIENTED_EDGE('',*,*,#1207,.T.);
#1564=ORIENTED_EDGE('',*,*,#1208,.T.);
#1565=ORIENTED_EDGE('',*,*,#1209,.T.);
#1566=ORIENTED_EDGE('',*,*,#1210,.T.);
#1567=ORIENTED_EDGE('',*,*,#1211,.T.);
#1568=ORIENTED_EDGE('',*,*,#1212,.T.);
#1569=ORIENTED_EDGE('',*,*,#1213,.T.);
#1570=ORIENTED_EDGE('',*,*,#1214,.T.);
#1571=ORIENTED_EDGE('',*,*,#1215,.T.);
#1572=ORIENTED_EDGE('',*,*,#1216,.T.);
#1573=ORIENTED_EDGE('',*,*,#1217,.T.);
#1574=ORIENTED_EDGE('',*,*,#1218,.T.);
#1575=ORIENTED_EDGE('',*,*,#1219,.T.);
#1576=ORIENTED_EDGE('',*,*,#1220,.T.);
#1577=ORIENTED_EDGE('',*,*,#1221,.T.);
#1578=ORIENTED_EDGE('',*,*,#1222,.T.);
#1579=ORIENTED_EDGE('',*,*,#1223,.T.);
#1580=ORIENTED_EDGE('',*,*,#1224,.T.);
#1581=ORIENTED_EDGE('',*,*,#1225,.T.);
#1582=ORIENTED_EDGE('',*,*,#1226,.T.);
#1583=ORIENTED_EDGE('',*,*,#1227,.F.);
#1584=ORIENTED_EDGE('',*,*,#1228,.T.);
#1585=ORIENTED_EDGE('',*,*,#1229,.F.);
#1586=ORIENTED_EDGE('',*,*,#1230,.F.);
#1587=ORIENTED_EDGE('',*,*,#1231,.F.);
#1588=ORIENTED_EDGE('',*,*,#1232,.T.);
#1589=ORIENTED_EDGE('',*,*,#1192,.F.);
#1590=ORIENTED_EDGE('',*,*,#1233,.F.);
#1591=ORIENTED_EDGE('',*,*,#1234,.F.);
#1592=ORIENTED_EDGE('',*,*,#1235,.F.);
#1593=ORIENTED_EDGE('',*,*,#1236,.F.);
#1594=ORIENTED_EDGE('',*,*,#1237,.F.);
#1595=ORIENTED_EDGE('',*,*,#1238,.F.);
#1596=ORIENTED_EDGE('',*,*,#1239,.F.);
#1597=ORIENTED_EDGE('',*,*,#1240,.F.);
#1598=ORIENTED_EDGE('',*,*,#1241,.F.);
#1599=ORIENTED_EDGE('',*,*,#1242,.F.);
#1600=ORIENTED_EDGE('',*,*,#1243,.F.);
#1601=ORIENTED_EDGE('',*,*,#1244,.F.);
#1602=ORIENTED_EDGE('',*,*,#1245,.F.);
#1603=ORIENTED_EDGE('',*,*,#1246,.F.);
#1604=ORIENTED_EDGE('',*,*,#1247,.F.);
#1605=ORIENTED_EDGE('',*,*,#1248,.F.);
#1606=ORIENTED_EDGE('',*,*,#1249,.F.);
#1607=ORIENTED_EDGE('',*,*,#1250,.F.);
#1608=ORIENTED_EDGE('',*,*,#1251,.F.);
#1609=ORIENTED_EDGE('',*,*,#1252,.F.);
#1610=ORIENTED_EDGE('',*,*,#1253,.F.);
#1611=ORIENTED_EDGE('',*,*,#1254,.F.);
#1612=ORIENTED_EDGE('',*,*,#1255,.F.);
#1613=ORIENTED_EDGE('',*,*,#1256,.F.);
#1614=ORIENTED_EDGE('',*,*,#1257,.F.);
#1615=ORIENTED_EDGE('',*,*,#1258,.F.);
#1616=ORIENTED_EDGE('',*,*,#1259,.F.);
#1617=ORIENTED_EDGE('',*,*,#1260,.F.);
#1618=ORIENTED_EDGE('',*,*,#1261,.F.);
#1619=ORIENTED_EDGE('',*,*,#1262,.F.);
#1620=ORIENTED_EDGE('',*,*,#1263,.F.);
#1621=ORIENTED_EDGE('',*,*,#1264,.F.);
#1622=ORIENTED_EDGE('',*,*,#1265,.F.);
#1623=ORIENTED_EDGE('',*,*,#1266,.F.);
#1624=ORIENTED_EDGE('',*,*,#1231,.T.);
#1625=ORIENTED_EDGE('',*,*,#1226,.F.);
#1626=ORIENTED_EDGE('',*,*,#1225,.F.);
#1627=ORIENTED_EDGE('',*,*,#1267,.F.);
#1628=ORIENTED_EDGE('',*,*,#1234,.T.);
#1629=ORIENTED_EDGE('',*,*,#1237,.T.);
#1630=ORIENTED_EDGE('',*,*,#1268,.T.);
#1631=ORIENTED_EDGE('',*,*,#1222,.F.);
#1632=ORIENTED_EDGE('',*,*,#1269,.T.);
#1633=ORIENTED_EDGE('',*,*,#1269,.F.);
#1634=ORIENTED_EDGE('',*,*,#1221,.F.);
#1635=ORIENTED_EDGE('',*,*,#1270,.F.);
#1636=ORIENTED_EDGE('',*,*,#1238,.T.);
#1637=ORIENTED_EDGE('',*,*,#1235,.T.);
#1638=ORIENTED_EDGE('',*,*,#1267,.T.);
#1639=ORIENTED_EDGE('',*,*,#1224,.F.);
#1640=ORIENTED_EDGE('',*,*,#1271,.F.);
#1641=ORIENTED_EDGE('',*,*,#1268,.F.);
#1642=ORIENTED_EDGE('',*,*,#1236,.T.);
#1643=ORIENTED_EDGE('',*,*,#1271,.T.);
#1644=ORIENTED_EDGE('',*,*,#1223,.F.);
#1645=ORIENTED_EDGE('',*,*,#1272,.T.);
#1646=ORIENTED_EDGE('',*,*,#1239,.T.);
#1647=ORIENTED_EDGE('',*,*,#1270,.T.);
#1648=ORIENTED_EDGE('',*,*,#1220,.F.);
#1649=ORIENTED_EDGE('',*,*,#1272,.F.);
#1650=ORIENTED_EDGE('',*,*,#1219,.F.);
#1651=ORIENTED_EDGE('',*,*,#1273,.F.);
#1652=ORIENTED_EDGE('',*,*,#1240,.T.);
#1653=ORIENTED_EDGE('',*,*,#1274,.T.);
#1654=ORIENTED_EDGE('',*,*,#1241,.T.);
#1655=ORIENTED_EDGE('',*,*,#1273,.T.);
#1656=ORIENTED_EDGE('',*,*,#1218,.F.);
#1657=ORIENTED_EDGE('',*,*,#1274,.F.);
#1658=ORIENTED_EDGE('',*,*,#1217,.F.);
#1659=ORIENTED_EDGE('',*,*,#1275,.F.);
#1660=ORIENTED_EDGE('',*,*,#1242,.T.);
#1661=ORIENTED_EDGE('',*,*,#1276,.T.);
#1662=ORIENTED_EDGE('',*,*,#1243,.T.);
#1663=ORIENTED_EDGE('',*,*,#1275,.T.);
#1664=ORIENTED_EDGE('',*,*,#1216,.F.);
#1665=ORIENTED_EDGE('',*,*,#1276,.F.);
#1666=ORIENTED_EDGE('',*,*,#1215,.F.);
#1667=ORIENTED_EDGE('',*,*,#1277,.F.);
#1668=ORIENTED_EDGE('',*,*,#1244,.T.);
#1669=ORIENTED_EDGE('',*,*,#1245,.T.);
#1670=ORIENTED_EDGE('',*,*,#1277,.T.);
#1671=ORIENTED_EDGE('',*,*,#1214,.F.);
#1672=ORIENTED_EDGE('',*,*,#1278,.T.);
#1673=ORIENTED_EDGE('',*,*,#1279,.T.);
#1674=ORIENTED_EDGE('',*,*,#1247,.T.);
#1675=ORIENTED_EDGE('',*,*,#1280,.T.);
#1676=ORIENTED_EDGE('',*,*,#1212,.F.);
#1677=ORIENTED_EDGE('',*,*,#1279,.F.);
#1678=ORIENTED_EDGE('',*,*,#1211,.F.);
#1679=ORIENTED_EDGE('',*,*,#1281,.F.);
#1680=ORIENTED_EDGE('',*,*,#1248,.T.);
#1681=ORIENTED_EDGE('',*,*,#1282,.T.);
#1682=ORIENTED_EDGE('',*,*,#1249,.T.);
#1683=ORIENTED_EDGE('',*,*,#1281,.T.);
#1684=ORIENTED_EDGE('',*,*,#1210,.F.);
#1685=ORIENTED_EDGE('',*,*,#1282,.F.);
#1686=ORIENTED_EDGE('',*,*,#1209,.F.);
#1687=ORIENTED_EDGE('',*,*,#1283,.F.);
#1688=ORIENTED_EDGE('',*,*,#1250,.T.);
#1689=ORIENTED_EDGE('',*,*,#1284,.T.);
#1690=ORIENTED_EDGE('',*,*,#1251,.T.);
#1691=ORIENTED_EDGE('',*,*,#1283,.T.);
#1692=ORIENTED_EDGE('',*,*,#1208,.F.);
#1693=ORIENTED_EDGE('',*,*,#1284,.F.);
#1694=ORIENTED_EDGE('',*,*,#1207,.F.);
#1695=ORIENTED_EDGE('',*,*,#1285,.F.);
#1696=ORIENTED_EDGE('',*,*,#1252,.T.);
#1697=ORIENTED_EDGE('',*,*,#1253,.T.);
#1698=ORIENTED_EDGE('',*,*,#1285,.T.);
#1699=ORIENTED_EDGE('',*,*,#1206,.F.);
#1700=ORIENTED_EDGE('',*,*,#1286,.T.);
#1701=ORIENTED_EDGE('',*,*,#1287,.T.);
#1702=ORIENTED_EDGE('',*,*,#1255,.T.);
#1703=ORIENTED_EDGE('',*,*,#1288,.T.);
#1704=ORIENTED_EDGE('',*,*,#1204,.F.);
#1705=ORIENTED_EDGE('',*,*,#1287,.F.);
#1706=ORIENTED_EDGE('',*,*,#1203,.F.);
#1707=ORIENTED_EDGE('',*,*,#1289,.F.);
#1708=ORIENTED_EDGE('',*,*,#1256,.T.);
#1709=ORIENTED_EDGE('',*,*,#1290,.T.);
#1710=ORIENTED_EDGE('',*,*,#1257,.T.);
#1711=ORIENTED_EDGE('',*,*,#1289,.T.);
#1712=ORIENTED_EDGE('',*,*,#1202,.F.);
#1713=ORIENTED_EDGE('',*,*,#1290,.F.);
#1714=ORIENTED_EDGE('',*,*,#1201,.F.);
#1715=ORIENTED_EDGE('',*,*,#1291,.F.);
#1716=ORIENTED_EDGE('',*,*,#1258,.T.);
#1717=ORIENTED_EDGE('',*,*,#1292,.T.);
#1718=ORIENTED_EDGE('',*,*,#1259,.T.);
#1719=ORIENTED_EDGE('',*,*,#1291,.T.);
#1720=ORIENTED_EDGE('',*,*,#1200,.F.);
#1721=ORIENTED_EDGE('',*,*,#1261,.T.);
#1722=ORIENTED_EDGE('',*,*,#1293,.T.);
#1723=ORIENTED_EDGE('',*,*,#1198,.F.);
#1724=ORIENTED_EDGE('',*,*,#1294,.T.);
#1725=ORIENTED_EDGE('',*,*,#1292,.F.);
#1726=ORIENTED_EDGE('',*,*,#1199,.F.);
#1727=ORIENTED_EDGE('',*,*,#1293,.F.);
#1728=ORIENTED_EDGE('',*,*,#1260,.T.);
#1729=ORIENTED_EDGE('',*,*,#1294,.F.);
#1730=ORIENTED_EDGE('',*,*,#1197,.F.);
#1731=ORIENTED_EDGE('',*,*,#1295,.F.);
#1732=ORIENTED_EDGE('',*,*,#1262,.T.);
#1733=ORIENTED_EDGE('',*,*,#1286,.F.);
#1734=ORIENTED_EDGE('',*,*,#1205,.F.);
#1735=ORIENTED_EDGE('',*,*,#1288,.F.);
#1736=ORIENTED_EDGE('',*,*,#1254,.T.);
#1737=ORIENTED_EDGE('',*,*,#1278,.F.);
#1738=ORIENTED_EDGE('',*,*,#1213,.F.);
#1739=ORIENTED_EDGE('',*,*,#1280,.F.);
#1740=ORIENTED_EDGE('',*,*,#1246,.T.);
#1741=ORIENTED_EDGE('',*,*,#1296,.T.);
#1742=ORIENTED_EDGE('',*,*,#1263,.T.);
#1743=ORIENTED_EDGE('',*,*,#1295,.T.);
#1744=ORIENTED_EDGE('',*,*,#1196,.F.);
#1745=ORIENTED_EDGE('',*,*,#1296,.F.);
#1746=ORIENTED_EDGE('',*,*,#1195,.F.);
#1747=ORIENTED_EDGE('',*,*,#1297,.F.);
#1748=ORIENTED_EDGE('',*,*,#1264,.T.);
#1749=ORIENTED_EDGE('',*,*,#1298,.T.);
#1750=ORIENTED_EDGE('',*,*,#1265,.T.);
#1751=ORIENTED_EDGE('',*,*,#1297,.T.);
#1752=ORIENTED_EDGE('',*,*,#1194,.F.);
#1753=ORIENTED_EDGE('',*,*,#1232,.F.);
#1754=ORIENTED_EDGE('',*,*,#1266,.T.);
#1755=ORIENTED_EDGE('',*,*,#1298,.F.);
#1756=ORIENTED_EDGE('',*,*,#1193,.F.);
#1757=ORIENTED_EDGE('',*,*,#1299,.F.);
#1758=ORIENTED_EDGE('',*,*,#1300,.T.);
#1759=ORIENTED_EDGE('',*,*,#1301,.T.);
#1760=ORIENTED_EDGE('',*,*,#1302,.T.);
#1761=ORIENTED_EDGE('',*,*,#1303,.T.);
#1762=ORIENTED_EDGE('',*,*,#1304,.T.);
#1763=ORIENTED_EDGE('',*,*,#1305,.T.);
#1764=ORIENTED_EDGE('',*,*,#1306,.T.);
#1765=ORIENTED_EDGE('',*,*,#1307,.T.);
#1766=ORIENTED_EDGE('',*,*,#1308,.T.);
#1767=ORIENTED_EDGE('',*,*,#1309,.T.);
#1768=ORIENTED_EDGE('',*,*,#1310,.T.);
#1769=ORIENTED_EDGE('',*,*,#1311,.T.);
#1770=ORIENTED_EDGE('',*,*,#1312,.T.);
#1771=ORIENTED_EDGE('',*,*,#1313,.T.);
#1772=ORIENTED_EDGE('',*,*,#1314,.T.);
#1773=ORIENTED_EDGE('',*,*,#1315,.T.);
#1774=ORIENTED_EDGE('',*,*,#1316,.T.);
#1775=ORIENTED_EDGE('',*,*,#1317,.T.);
#1776=ORIENTED_EDGE('',*,*,#1318,.T.);
#1777=ORIENTED_EDGE('',*,*,#1319,.T.);
#1778=ORIENTED_EDGE('',*,*,#1320,.T.);
#1779=ORIENTED_EDGE('',*,*,#1321,.T.);
#1780=ORIENTED_EDGE('',*,*,#1322,.T.);
#1781=ORIENTED_EDGE('',*,*,#1323,.T.);
#1782=ORIENTED_EDGE('',*,*,#1324,.T.);
#1783=ORIENTED_EDGE('',*,*,#1325,.T.);
#1784=ORIENTED_EDGE('',*,*,#1326,.T.);
#1785=ORIENTED_EDGE('',*,*,#1327,.T.);
#1786=ORIENTED_EDGE('',*,*,#1328,.T.);
#1787=ORIENTED_EDGE('',*,*,#1329,.T.);
#1788=ORIENTED_EDGE('',*,*,#1330,.T.);
#1789=ORIENTED_EDGE('',*,*,#1331,.T.);
#1790=ORIENTED_EDGE('',*,*,#1332,.T.);
#1791=ORIENTED_EDGE('',*,*,#1333,.T.);
#1792=ORIENTED_EDGE('',*,*,#1230,.T.);
#1793=ORIENTED_EDGE('',*,*,#1334,.F.);
#1794=ORIENTED_EDGE('',*,*,#1335,.T.);
#1795=ORIENTED_EDGE('',*,*,#1336,.F.);
#1796=ORIENTED_EDGE('',*,*,#1337,.F.);
#1797=ORIENTED_EDGE('',*,*,#1338,.F.);
#1798=ORIENTED_EDGE('',*,*,#1339,.F.);
#1799=ORIENTED_EDGE('',*,*,#1340,.F.);
#1800=ORIENTED_EDGE('',*,*,#1341,.T.);
#1801=ORIENTED_EDGE('',*,*,#1227,.T.);
#1802=ORIENTED_EDGE('',*,*,#1233,.T.);
#1803=ORIENTED_EDGE('',*,*,#1336,.T.);
#1804=ORIENTED_EDGE('',*,*,#1342,.F.);
#1805=ORIENTED_EDGE('',*,*,#1340,.T.);
#1806=ORIENTED_EDGE('',*,*,#1343,.T.);
#1807=ORIENTED_EDGE('',*,*,#1344,.T.);
#1808=ORIENTED_EDGE('',*,*,#1345,.T.);
#1809=ORIENTED_EDGE('',*,*,#1346,.T.);
#1810=ORIENTED_EDGE('',*,*,#1341,.F.);
#1811=ORIENTED_EDGE('',*,*,#1347,.F.);
#1812=ORIENTED_EDGE('',*,*,#1348,.F.);
#1813=ORIENTED_EDGE('',*,*,#1349,.F.);
#1814=ORIENTED_EDGE('',*,*,#1350,.F.);
#1815=ORIENTED_EDGE('',*,*,#1228,.F.);
#1816=ORIENTED_EDGE('',*,*,#1346,.F.);
#1817=ORIENTED_EDGE('',*,*,#1351,.T.);
#1818=ORIENTED_EDGE('',*,*,#1352,.T.);
#1819=ORIENTED_EDGE('',*,*,#1347,.T.);
#1820=ORIENTED_EDGE('',*,*,#1353,.T.);
#1821=ORIENTED_EDGE('',*,*,#1354,.T.);
#1822=ORIENTED_EDGE('',*,*,#1355,.T.);
#1823=ORIENTED_EDGE('',*,*,#1356,.T.);
#1824=ORIENTED_EDGE('',*,*,#1338,.T.);
#1825=ORIENTED_EDGE('',*,*,#1299,.T.);
#1826=ORIENTED_EDGE('',*,*,#1334,.T.);
#1827=ORIENTED_EDGE('',*,*,#1191,.T.);
#1828=ORIENTED_EDGE('',*,*,#1229,.T.);
#1829=ORIENTED_EDGE('',*,*,#1350,.T.);
#1830=ORIENTED_EDGE('',*,*,#1343,.F.);
#1831=ORIENTED_EDGE('',*,*,#1339,.T.);
#1832=ORIENTED_EDGE('',*,*,#1356,.F.);
#1833=ORIENTED_EDGE('',*,*,#1357,.F.);
#1834=ORIENTED_EDGE('',*,*,#1358,.F.);
#1835=ORIENTED_EDGE('',*,*,#1359,.F.);
#1836=ORIENTED_EDGE('',*,*,#1355,.F.);
#1837=ORIENTED_EDGE('',*,*,#1360,.T.);
#1838=ORIENTED_EDGE('',*,*,#1361,.T.);
#1839=ORIENTED_EDGE('',*,*,#1357,.T.);
#1840=ORIENTED_EDGE('',*,*,#1362,.T.);
#1841=ORIENTED_EDGE('',*,*,#1363,.T.);
#1842=ORIENTED_EDGE('',*,*,#1352,.F.);
#1843=ORIENTED_EDGE('',*,*,#1364,.T.);
#1844=ORIENTED_EDGE('',*,*,#1365,.T.);
#1845=ORIENTED_EDGE('',*,*,#1366,.T.);
#1846=ORIENTED_EDGE('',*,*,#1362,.F.);
#1847=ORIENTED_EDGE('',*,*,#1367,.T.);
#1848=ORIENTED_EDGE('',*,*,#1368,.T.);
#1849=ORIENTED_EDGE('',*,*,#1369,.T.);
#1850=ORIENTED_EDGE('',*,*,#1365,.F.);
#1851=ORIENTED_EDGE('',*,*,#1370,.T.);
#1852=ORIENTED_EDGE('',*,*,#1344,.F.);
#1853=ORIENTED_EDGE('',*,*,#1359,.T.);
#1854=ORIENTED_EDGE('',*,*,#1368,.F.);
#1855=ORIENTED_EDGE('',*,*,#1371,.T.);
#1856=ORIENTED_EDGE('',*,*,#1345,.F.);
#1857=ORIENTED_EDGE('',*,*,#1371,.F.);
#1858=ORIENTED_EDGE('',*,*,#1370,.F.);
#1859=ORIENTED_EDGE('',*,*,#1367,.F.);
#1860=ORIENTED_EDGE('',*,*,#1364,.F.);
#1861=ORIENTED_EDGE('',*,*,#1351,.F.);
#1862=ORIENTED_EDGE('',*,*,#1372,.T.);
#1863=ORIENTED_EDGE('',*,*,#1373,.T.);
#1864=ORIENTED_EDGE('',*,*,#1361,.F.);
#1865=ORIENTED_EDGE('',*,*,#1374,.T.);
#1866=ORIENTED_EDGE('',*,*,#1375,.T.);
#1867=ORIENTED_EDGE('',*,*,#1376,.T.);
#1868=ORIENTED_EDGE('',*,*,#1372,.F.);
#1869=ORIENTED_EDGE('',*,*,#1377,.T.);
#1870=ORIENTED_EDGE('',*,*,#1378,.T.);
#1871=ORIENTED_EDGE('',*,*,#1379,.T.);
#1872=ORIENTED_EDGE('',*,*,#1375,.F.);
#1873=ORIENTED_EDGE('',*,*,#1380,.T.);
#1874=ORIENTED_EDGE('',*,*,#1353,.F.);
#1875=ORIENTED_EDGE('',*,*,#1349,.T.);
#1876=ORIENTED_EDGE('',*,*,#1378,.F.);
#1877=ORIENTED_EDGE('',*,*,#1381,.T.);
#1878=ORIENTED_EDGE('',*,*,#1354,.F.);
#1879=ORIENTED_EDGE('',*,*,#1381,.F.);
#1880=ORIENTED_EDGE('',*,*,#1380,.F.);
#1881=ORIENTED_EDGE('',*,*,#1377,.F.);
#1882=ORIENTED_EDGE('',*,*,#1374,.F.);
#1883=ORIENTED_EDGE('',*,*,#1360,.F.);
#1884=ORIENTED_EDGE('',*,*,#1363,.F.);
#1885=ORIENTED_EDGE('',*,*,#1382,.T.);
#1886=ORIENTED_EDGE('',*,*,#1379,.F.);
#1887=ORIENTED_EDGE('',*,*,#1348,.T.);
#1888=ORIENTED_EDGE('',*,*,#1366,.F.);
#1889=ORIENTED_EDGE('',*,*,#1383,.F.);
#1890=ORIENTED_EDGE('',*,*,#1376,.F.);
#1891=ORIENTED_EDGE('',*,*,#1382,.F.);
#1892=ORIENTED_EDGE('',*,*,#1384,.T.);
#1893=ORIENTED_EDGE('',*,*,#1385,.F.);
#1894=ORIENTED_EDGE('',*,*,#1386,.F.);
#1895=ORIENTED_EDGE('',*,*,#1387,.T.);
#1896=ORIENTED_EDGE('',*,*,#1388,.T.);
#1897=ORIENTED_EDGE('',*,*,#1389,.F.);
#1898=ORIENTED_EDGE('',*,*,#1390,.F.);
#1899=ORIENTED_EDGE('',*,*,#1391,.T.);
#1900=ORIENTED_EDGE('',*,*,#1392,.T.);
#1901=ORIENTED_EDGE('',*,*,#1393,.F.);
#1902=ORIENTED_EDGE('',*,*,#1394,.F.);
#1903=ORIENTED_EDGE('',*,*,#1395,.T.);
#1904=ORIENTED_EDGE('',*,*,#1396,.T.);
#1905=ORIENTED_EDGE('',*,*,#1397,.F.);
#1906=ORIENTED_EDGE('',*,*,#1398,.F.);
#1907=ORIENTED_EDGE('',*,*,#1399,.T.);
#1908=ORIENTED_EDGE('',*,*,#1400,.T.);
#1909=ORIENTED_EDGE('',*,*,#1401,.F.);
#1910=ORIENTED_EDGE('',*,*,#1402,.F.);
#1911=ORIENTED_EDGE('',*,*,#1403,.T.);
#1912=ORIENTED_EDGE('',*,*,#1404,.T.);
#1913=ORIENTED_EDGE('',*,*,#1405,.F.);
#1914=ORIENTED_EDGE('',*,*,#1406,.F.);
#1915=ORIENTED_EDGE('',*,*,#1407,.T.);
#1916=ORIENTED_EDGE('',*,*,#1408,.T.);
#1917=ORIENTED_EDGE('',*,*,#1409,.F.);
#1918=ORIENTED_EDGE('',*,*,#1410,.F.);
#1919=ORIENTED_EDGE('',*,*,#1411,.T.);
#1920=ORIENTED_EDGE('',*,*,#1412,.T.);
#1921=ORIENTED_EDGE('',*,*,#1413,.F.);
#1922=ORIENTED_EDGE('',*,*,#1414,.F.);
#1923=ORIENTED_EDGE('',*,*,#1415,.T.);
#1924=ORIENTED_EDGE('',*,*,#1369,.F.);
#1925=ORIENTED_EDGE('',*,*,#1358,.T.);
#1926=ORIENTED_EDGE('',*,*,#1373,.F.);
#1927=ORIENTED_EDGE('',*,*,#1383,.T.);
#1928=ORIENTED_EDGE('',*,*,#1412,.F.);
#1929=ORIENTED_EDGE('',*,*,#1416,.F.);
#1930=ORIENTED_EDGE('',*,*,#1417,.F.);
#1931=ORIENTED_EDGE('',*,*,#1418,.F.);
#1932=ORIENTED_EDGE('',*,*,#1419,.F.);
#1933=ORIENTED_EDGE('',*,*,#1408,.F.);
#1934=ORIENTED_EDGE('',*,*,#1420,.F.);
#1935=ORIENTED_EDGE('',*,*,#1421,.F.);
#1936=ORIENTED_EDGE('',*,*,#1419,.T.);
#1937=ORIENTED_EDGE('',*,*,#1422,.F.);
#1938=ORIENTED_EDGE('',*,*,#1423,.T.);
#1939=ORIENTED_EDGE('',*,*,#1409,.T.);
#1940=ORIENTED_EDGE('',*,*,#1424,.F.);
#1941=ORIENTED_EDGE('',*,*,#1404,.F.);
#1942=ORIENTED_EDGE('',*,*,#1425,.F.);
#1943=ORIENTED_EDGE('',*,*,#1426,.F.);
#1944=ORIENTED_EDGE('',*,*,#1424,.T.);
#1945=ORIENTED_EDGE('',*,*,#1427,.F.);
#1946=ORIENTED_EDGE('',*,*,#1428,.T.);
#1947=ORIENTED_EDGE('',*,*,#1405,.T.);
#1948=ORIENTED_EDGE('',*,*,#1429,.F.);
#1949=ORIENTED_EDGE('',*,*,#1400,.F.);
#1950=ORIENTED_EDGE('',*,*,#1430,.F.);
#1951=ORIENTED_EDGE('',*,*,#1431,.F.);
#1952=ORIENTED_EDGE('',*,*,#1429,.T.);
#1953=ORIENTED_EDGE('',*,*,#1432,.F.);
#1954=ORIENTED_EDGE('',*,*,#1433,.T.);
#1955=ORIENTED_EDGE('',*,*,#1401,.T.);
#1956=ORIENTED_EDGE('',*,*,#1428,.F.);
#1957=ORIENTED_EDGE('',*,*,#1434,.F.);
#1958=ORIENTED_EDGE('',*,*,#1435,.F.);
#1959=ORIENTED_EDGE('',*,*,#1406,.T.);
#1960=ORIENTED_EDGE('',*,*,#1436,.F.);
#1961=ORIENTED_EDGE('',*,*,#1396,.F.);
#1962=ORIENTED_EDGE('',*,*,#1437,.F.);
#1963=ORIENTED_EDGE('',*,*,#1438,.F.);
#1964=ORIENTED_EDGE('',*,*,#1437,.T.);
#1965=ORIENTED_EDGE('',*,*,#1399,.F.);
#1966=ORIENTED_EDGE('',*,*,#1439,.T.);
#1967=ORIENTED_EDGE('',*,*,#1440,.T.);
#1968=ORIENTED_EDGE('',*,*,#1425,.T.);
#1969=ORIENTED_EDGE('',*,*,#1407,.F.);
#1970=ORIENTED_EDGE('',*,*,#1435,.T.);
#1971=ORIENTED_EDGE('',*,*,#1441,.T.);
#1972=ORIENTED_EDGE('',*,*,#1436,.T.);
#1973=ORIENTED_EDGE('',*,*,#1442,.F.);
#1974=ORIENTED_EDGE('',*,*,#1443,.T.);
#1975=ORIENTED_EDGE('',*,*,#1397,.T.);
#1976=ORIENTED_EDGE('',*,*,#1438,.T.);
#1977=ORIENTED_EDGE('',*,*,#1440,.F.);
#1978=ORIENTED_EDGE('',*,*,#1444,.T.);
#1979=ORIENTED_EDGE('',*,*,#1442,.T.);
#1980=ORIENTED_EDGE('',*,*,#1426,.T.);
#1981=ORIENTED_EDGE('',*,*,#1441,.F.);
#1982=ORIENTED_EDGE('',*,*,#1434,.T.);
#1983=ORIENTED_EDGE('',*,*,#1427,.T.);
#1984=ORIENTED_EDGE('',*,*,#1423,.F.);
#1985=ORIENTED_EDGE('',*,*,#1445,.F.);
#1986=ORIENTED_EDGE('',*,*,#1446,.F.);
#1987=ORIENTED_EDGE('',*,*,#1410,.T.);
#1988=ORIENTED_EDGE('',*,*,#1447,.F.);
#1989=ORIENTED_EDGE('',*,*,#1392,.F.);
#1990=ORIENTED_EDGE('',*,*,#1448,.F.);
#1991=ORIENTED_EDGE('',*,*,#1449,.F.);
#1992=ORIENTED_EDGE('',*,*,#1448,.T.);
#1993=ORIENTED_EDGE('',*,*,#1395,.F.);
#1994=ORIENTED_EDGE('',*,*,#1450,.T.);
#1995=ORIENTED_EDGE('',*,*,#1451,.T.);
#1996=ORIENTED_EDGE('',*,*,#1420,.T.);
#1997=ORIENTED_EDGE('',*,*,#1411,.F.);
#1998=ORIENTED_EDGE('',*,*,#1446,.T.);
#1999=ORIENTED_EDGE('',*,*,#1452,.T.);
#2000=ORIENTED_EDGE('',*,*,#1447,.T.);
#2001=ORIENTED_EDGE('',*,*,#1453,.F.);
#2002=ORIENTED_EDGE('',*,*,#1454,.T.);
#2003=ORIENTED_EDGE('',*,*,#1393,.T.);
#2004=ORIENTED_EDGE('',*,*,#1449,.T.);
#2005=ORIENTED_EDGE('',*,*,#1451,.F.);
#2006=ORIENTED_EDGE('',*,*,#1455,.T.);
#2007=ORIENTED_EDGE('',*,*,#1453,.T.);
#2008=ORIENTED_EDGE('',*,*,#1421,.T.);
#2009=ORIENTED_EDGE('',*,*,#1452,.F.);
#2010=ORIENTED_EDGE('',*,*,#1445,.T.);
#2011=ORIENTED_EDGE('',*,*,#1422,.T.);
#2012=ORIENTED_EDGE('',*,*,#1433,.F.);
#2013=ORIENTED_EDGE('',*,*,#1456,.F.);
#2014=ORIENTED_EDGE('',*,*,#1457,.F.);
#2015=ORIENTED_EDGE('',*,*,#1402,.T.);
#2016=ORIENTED_EDGE('',*,*,#1458,.F.);
#2017=ORIENTED_EDGE('',*,*,#1388,.F.);
#2018=ORIENTED_EDGE('',*,*,#1459,.F.);
#2019=ORIENTED_EDGE('',*,*,#1460,.F.);
#2020=ORIENTED_EDGE('',*,*,#1459,.T.);
#2021=ORIENTED_EDGE('',*,*,#1391,.F.);
#2022=ORIENTED_EDGE('',*,*,#1461,.T.);
#2023=ORIENTED_EDGE('',*,*,#1462,.T.);
#2024=ORIENTED_EDGE('',*,*,#1430,.T.);
#2025=ORIENTED_EDGE('',*,*,#1403,.F.);
#2026=ORIENTED_EDGE('',*,*,#1457,.T.);
#2027=ORIENTED_EDGE('',*,*,#1463,.T.);
#2028=ORIENTED_EDGE('',*,*,#1458,.T.);
#2029=ORIENTED_EDGE('',*,*,#1464,.F.);
#2030=ORIENTED_EDGE('',*,*,#1465,.T.);
#2031=ORIENTED_EDGE('',*,*,#1389,.T.);
#2032=ORIENTED_EDGE('',*,*,#1460,.T.);
#2033=ORIENTED_EDGE('',*,*,#1462,.F.);
#2034=ORIENTED_EDGE('',*,*,#1466,.T.);
#2035=ORIENTED_EDGE('',*,*,#1464,.T.);
#2036=ORIENTED_EDGE('',*,*,#1431,.T.);
#2037=ORIENTED_EDGE('',*,*,#1463,.F.);
#2038=ORIENTED_EDGE('',*,*,#1456,.T.);
#2039=ORIENTED_EDGE('',*,*,#1432,.T.);
#2040=ORIENTED_EDGE('',*,*,#1414,.T.);
#2041=ORIENTED_EDGE('',*,*,#1467,.F.);
#2042=ORIENTED_EDGE('',*,*,#1468,.F.);
#2043=ORIENTED_EDGE('',*,*,#1469,.F.);
#2044=ORIENTED_EDGE('',*,*,#1384,.F.);
#2045=ORIENTED_EDGE('',*,*,#1470,.F.);
#2046=ORIENTED_EDGE('',*,*,#1471,.F.);
#2047=ORIENTED_EDGE('',*,*,#1472,.F.);
#2048=ORIENTED_EDGE('',*,*,#1416,.T.);
#2049=ORIENTED_EDGE('',*,*,#1415,.F.);
#2050=ORIENTED_EDGE('',*,*,#1469,.T.);
#2051=ORIENTED_EDGE('',*,*,#1473,.T.);
#2052=ORIENTED_EDGE('',*,*,#1417,.T.);
#2053=ORIENTED_EDGE('',*,*,#1473,.F.);
#2054=ORIENTED_EDGE('',*,*,#1468,.T.);
#2055=ORIENTED_EDGE('',*,*,#1474,.T.);
#2056=ORIENTED_EDGE('',*,*,#1418,.T.);
#2057=ORIENTED_EDGE('',*,*,#1474,.F.);
#2058=ORIENTED_EDGE('',*,*,#1467,.T.);
#2059=ORIENTED_EDGE('',*,*,#1413,.T.);
#2060=ORIENTED_EDGE('',*,*,#1386,.T.);
#2061=ORIENTED_EDGE('',*,*,#1475,.F.);
#2062=ORIENTED_EDGE('',*,*,#1476,.F.);
#2063=ORIENTED_EDGE('',*,*,#1477,.F.);
#2064=ORIENTED_EDGE('',*,*,#1470,.T.);
#2065=ORIENTED_EDGE('',*,*,#1387,.F.);
#2066=ORIENTED_EDGE('',*,*,#1477,.T.);
#2067=ORIENTED_EDGE('',*,*,#1478,.T.);
#2068=ORIENTED_EDGE('',*,*,#1471,.T.);
#2069=ORIENTED_EDGE('',*,*,#1478,.F.);
#2070=ORIENTED_EDGE('',*,*,#1476,.T.);
#2071=ORIENTED_EDGE('',*,*,#1479,.T.);
#2072=ORIENTED_EDGE('',*,*,#1472,.T.);
#2073=ORIENTED_EDGE('',*,*,#1479,.F.);
#2074=ORIENTED_EDGE('',*,*,#1475,.T.);
#2075=ORIENTED_EDGE('',*,*,#1385,.T.);
#2076=ORIENTED_EDGE('',*,*,#1465,.F.);
#2077=ORIENTED_EDGE('',*,*,#1466,.F.);
#2078=ORIENTED_EDGE('',*,*,#1461,.F.);
#2079=ORIENTED_EDGE('',*,*,#1390,.T.);
#2080=ORIENTED_EDGE('',*,*,#1443,.F.);
#2081=ORIENTED_EDGE('',*,*,#1444,.F.);
#2082=ORIENTED_EDGE('',*,*,#1439,.F.);
#2083=ORIENTED_EDGE('',*,*,#1398,.T.);
#2084=ORIENTED_EDGE('',*,*,#1454,.F.);
#2085=ORIENTED_EDGE('',*,*,#1455,.F.);
#2086=ORIENTED_EDGE('',*,*,#1450,.F.);
#2087=ORIENTED_EDGE('',*,*,#1394,.T.);
#2088=ORIENTED_EDGE('',*,*,#1337,.T.);
#2089=ORIENTED_EDGE('',*,*,#1480,.T.);
#2090=ORIENTED_EDGE('',*,*,#1481,.F.);
#2091=ORIENTED_EDGE('',*,*,#1300,.F.);
#2092=ORIENTED_EDGE('',*,*,#1482,.F.);
#2093=ORIENTED_EDGE('',*,*,#1330,.F.);
#2094=ORIENTED_EDGE('',*,*,#1483,.F.);
#2095=ORIENTED_EDGE('',*,*,#1484,.T.);
#2096=ORIENTED_EDGE('',*,*,#1485,.T.);
#2097=ORIENTED_EDGE('',*,*,#1483,.T.);
#2098=ORIENTED_EDGE('',*,*,#1329,.F.);
#2099=ORIENTED_EDGE('',*,*,#1486,.T.);
#2100=ORIENTED_EDGE('',*,*,#1482,.T.);
#2101=ORIENTED_EDGE('',*,*,#1487,.T.);
#2102=ORIENTED_EDGE('',*,*,#1488,.T.);
#2103=ORIENTED_EDGE('',*,*,#1331,.F.);
#2104=ORIENTED_EDGE('',*,*,#1489,.F.);
#2105=ORIENTED_EDGE('',*,*,#1490,.T.);
#2106=ORIENTED_EDGE('',*,*,#1486,.F.);
#2107=ORIENTED_EDGE('',*,*,#1328,.F.);
#2108=ORIENTED_EDGE('',*,*,#1491,.F.);
#2109=ORIENTED_EDGE('',*,*,#1320,.F.);
#2110=ORIENTED_EDGE('',*,*,#1492,.F.);
#2111=ORIENTED_EDGE('',*,*,#1493,.T.);
#2112=ORIENTED_EDGE('',*,*,#1494,.F.);
#2113=ORIENTED_EDGE('',*,*,#1312,.F.);
#2114=ORIENTED_EDGE('',*,*,#1495,.F.);
#2115=ORIENTED_EDGE('',*,*,#1496,.T.);
#2116=ORIENTED_EDGE('',*,*,#1497,.T.);
#2117=ORIENTED_EDGE('',*,*,#1498,.T.);
#2118=ORIENTED_EDGE('',*,*,#1305,.F.);
#2119=ORIENTED_EDGE('',*,*,#1499,.T.);
#2120=ORIENTED_EDGE('',*,*,#1500,.F.);
#2121=ORIENTED_EDGE('',*,*,#1306,.F.);
#2122=ORIENTED_EDGE('',*,*,#1498,.F.);
#2123=ORIENTED_EDGE('',*,*,#1501,.T.);
#2124=ORIENTED_EDGE('',*,*,#1500,.T.);
#2125=ORIENTED_EDGE('',*,*,#1502,.T.);
#2126=ORIENTED_EDGE('',*,*,#1503,.T.);
#2127=ORIENTED_EDGE('',*,*,#1307,.F.);
#2128=ORIENTED_EDGE('',*,*,#1504,.F.);
#2129=ORIENTED_EDGE('',*,*,#1308,.F.);
#2130=ORIENTED_EDGE('',*,*,#1503,.F.);
#2131=ORIENTED_EDGE('',*,*,#1505,.T.);
#2132=ORIENTED_EDGE('',*,*,#1504,.T.);
#2133=ORIENTED_EDGE('',*,*,#1506,.T.);
#2134=ORIENTED_EDGE('',*,*,#1507,.T.);
#2135=ORIENTED_EDGE('',*,*,#1309,.F.);
#2136=ORIENTED_EDGE('',*,*,#1508,.F.);
#2137=ORIENTED_EDGE('',*,*,#1310,.F.);
#2138=ORIENTED_EDGE('',*,*,#1507,.F.);
#2139=ORIENTED_EDGE('',*,*,#1509,.T.);
#2140=ORIENTED_EDGE('',*,*,#1508,.T.);
#2141=ORIENTED_EDGE('',*,*,#1510,.T.);
#2142=ORIENTED_EDGE('',*,*,#1495,.T.);
#2143=ORIENTED_EDGE('',*,*,#1311,.F.);
#2144=ORIENTED_EDGE('',*,*,#1511,.T.);
#2145=ORIENTED_EDGE('',*,*,#1512,.T.);
#2146=ORIENTED_EDGE('',*,*,#1313,.F.);
#2147=ORIENTED_EDGE('',*,*,#1494,.T.);
#2148=ORIENTED_EDGE('',*,*,#1513,.F.);
#2149=ORIENTED_EDGE('',*,*,#1314,.F.);
#2150=ORIENTED_EDGE('',*,*,#1512,.F.);
#2151=ORIENTED_EDGE('',*,*,#1514,.T.);
#2152=ORIENTED_EDGE('',*,*,#1513,.T.);
#2153=ORIENTED_EDGE('',*,*,#1515,.T.);
#2154=ORIENTED_EDGE('',*,*,#1516,.T.);
#2155=ORIENTED_EDGE('',*,*,#1315,.F.);
#2156=ORIENTED_EDGE('',*,*,#1517,.F.);
#2157=ORIENTED_EDGE('',*,*,#1316,.F.);
#2158=ORIENTED_EDGE('',*,*,#1516,.F.);
#2159=ORIENTED_EDGE('',*,*,#1518,.T.);
#2160=ORIENTED_EDGE('',*,*,#1517,.T.);
#2161=ORIENTED_EDGE('',*,*,#1519,.T.);
#2162=ORIENTED_EDGE('',*,*,#1520,.T.);
#2163=ORIENTED_EDGE('',*,*,#1317,.F.);
#2164=ORIENTED_EDGE('',*,*,#1521,.F.);
#2165=ORIENTED_EDGE('',*,*,#1318,.F.);
#2166=ORIENTED_EDGE('',*,*,#1520,.F.);
#2167=ORIENTED_EDGE('',*,*,#1522,.T.);
#2168=ORIENTED_EDGE('',*,*,#1521,.T.);
#2169=ORIENTED_EDGE('',*,*,#1523,.T.);
#2170=ORIENTED_EDGE('',*,*,#1492,.T.);
#2171=ORIENTED_EDGE('',*,*,#1319,.F.);
#2172=ORIENTED_EDGE('',*,*,#1524,.T.);
#2173=ORIENTED_EDGE('',*,*,#1525,.T.);
#2174=ORIENTED_EDGE('',*,*,#1321,.F.);
#2175=ORIENTED_EDGE('',*,*,#1491,.T.);
#2176=ORIENTED_EDGE('',*,*,#1526,.F.);
#2177=ORIENTED_EDGE('',*,*,#1322,.F.);
#2178=ORIENTED_EDGE('',*,*,#1525,.F.);
#2179=ORIENTED_EDGE('',*,*,#1527,.T.);
#2180=ORIENTED_EDGE('',*,*,#1526,.T.);
#2181=ORIENTED_EDGE('',*,*,#1528,.T.);
#2182=ORIENTED_EDGE('',*,*,#1529,.T.);
#2183=ORIENTED_EDGE('',*,*,#1323,.F.);
#2184=ORIENTED_EDGE('',*,*,#1530,.F.);
#2185=ORIENTED_EDGE('',*,*,#1324,.F.);
#2186=ORIENTED_EDGE('',*,*,#1529,.F.);
#2187=ORIENTED_EDGE('',*,*,#1531,.T.);
#2188=ORIENTED_EDGE('',*,*,#1530,.T.);
#2189=ORIENTED_EDGE('',*,*,#1532,.T.);
#2190=ORIENTED_EDGE('',*,*,#1533,.T.);
#2191=ORIENTED_EDGE('',*,*,#1325,.F.);
#2192=ORIENTED_EDGE('',*,*,#1534,.F.);
#2193=ORIENTED_EDGE('',*,*,#1326,.F.);
#2194=ORIENTED_EDGE('',*,*,#1533,.F.);
#2195=ORIENTED_EDGE('',*,*,#1535,.T.);
#2196=ORIENTED_EDGE('',*,*,#1534,.T.);
#2197=ORIENTED_EDGE('',*,*,#1536,.T.);
#2198=ORIENTED_EDGE('',*,*,#1489,.T.);
#2199=ORIENTED_EDGE('',*,*,#1327,.F.);
#2200=ORIENTED_EDGE('',*,*,#1342,.T.);
#2201=ORIENTED_EDGE('',*,*,#1537,.F.);
#2202=ORIENTED_EDGE('',*,*,#1538,.F.);
#2203=ORIENTED_EDGE('',*,*,#1487,.F.);
#2204=ORIENTED_EDGE('',*,*,#1484,.F.);
#2205=ORIENTED_EDGE('',*,*,#1485,.F.);
#2206=ORIENTED_EDGE('',*,*,#1490,.F.);
#2207=ORIENTED_EDGE('',*,*,#1536,.F.);
#2208=ORIENTED_EDGE('',*,*,#1535,.F.);
#2209=ORIENTED_EDGE('',*,*,#1532,.F.);
#2210=ORIENTED_EDGE('',*,*,#1531,.F.);
#2211=ORIENTED_EDGE('',*,*,#1528,.F.);
#2212=ORIENTED_EDGE('',*,*,#1527,.F.);
#2213=ORIENTED_EDGE('',*,*,#1524,.F.);
#2214=ORIENTED_EDGE('',*,*,#1493,.F.);
#2215=ORIENTED_EDGE('',*,*,#1523,.F.);
#2216=ORIENTED_EDGE('',*,*,#1522,.F.);
#2217=ORIENTED_EDGE('',*,*,#1519,.F.);
#2218=ORIENTED_EDGE('',*,*,#1518,.F.);
#2219=ORIENTED_EDGE('',*,*,#1515,.F.);
#2220=ORIENTED_EDGE('',*,*,#1514,.F.);
#2221=ORIENTED_EDGE('',*,*,#1511,.F.);
#2222=ORIENTED_EDGE('',*,*,#1496,.F.);
#2223=ORIENTED_EDGE('',*,*,#1510,.F.);
#2224=ORIENTED_EDGE('',*,*,#1509,.F.);
#2225=ORIENTED_EDGE('',*,*,#1506,.F.);
#2226=ORIENTED_EDGE('',*,*,#1505,.F.);
#2227=ORIENTED_EDGE('',*,*,#1502,.F.);
#2228=ORIENTED_EDGE('',*,*,#1501,.F.);
#2229=ORIENTED_EDGE('',*,*,#1497,.F.);
#2230=ORIENTED_EDGE('',*,*,#1539,.F.);
#2231=ORIENTED_EDGE('',*,*,#1540,.F.);
#2232=ORIENTED_EDGE('',*,*,#1541,.F.);
#2233=ORIENTED_EDGE('',*,*,#1542,.F.);
#2234=ORIENTED_EDGE('',*,*,#1480,.F.);
#2235=ORIENTED_EDGE('',*,*,#1543,.F.);
#2236=ORIENTED_EDGE('',*,*,#1539,.T.);
#2237=ORIENTED_EDGE('',*,*,#1499,.F.);
#2238=ORIENTED_EDGE('',*,*,#1304,.F.);
#2239=ORIENTED_EDGE('',*,*,#1481,.T.);
#2240=ORIENTED_EDGE('',*,*,#1542,.T.);
#2241=ORIENTED_EDGE('',*,*,#1544,.T.);
#2242=ORIENTED_EDGE('',*,*,#1301,.F.);
#2243=ORIENTED_EDGE('',*,*,#1545,.T.);
#2244=ORIENTED_EDGE('',*,*,#1302,.F.);
#2245=ORIENTED_EDGE('',*,*,#1544,.F.);
#2246=ORIENTED_EDGE('',*,*,#1541,.T.);
#2247=ORIENTED_EDGE('',*,*,#1545,.F.);
#2248=ORIENTED_EDGE('',*,*,#1540,.T.);
#2249=ORIENTED_EDGE('',*,*,#1543,.T.);
#2250=ORIENTED_EDGE('',*,*,#1303,.F.);
#2251=ORIENTED_EDGE('',*,*,#1546,.F.);
#2252=ORIENTED_EDGE('',*,*,#1332,.F.);
#2253=ORIENTED_EDGE('',*,*,#1488,.F.);
#2254=ORIENTED_EDGE('',*,*,#1538,.T.);
#2255=ORIENTED_EDGE('',*,*,#1335,.F.);
#2256=ORIENTED_EDGE('',*,*,#1333,.F.);
#2257=ORIENTED_EDGE('',*,*,#1546,.T.);
#2258=ORIENTED_EDGE('',*,*,#1537,.T.);
#2259=PLANE('',#2485);
#2260=PLANE('',#2507);
#2261=PLANE('',#2508);
#2262=PLANE('',#2509);
#2263=PLANE('',#2535);
#2264=PLANE('',#2537);
#2265=PLANE('',#2539);
#2266=PLANE('',#2541);
#2267=PLANE('',#2544);
#2268=PLANE('',#2546);
#2269=PLANE('',#2548);
#2270=PLANE('',#2551);
#2271=PLANE('',#2553);
#2272=PLANE('',#2556);
#2273=PLANE('',#2561);
#2274=PLANE('',#2563);
#2275=PLANE('',#2564);
#2276=PLANE('',#2586);
#2277=PLANE('',#2587);
#2278=PLANE('',#2591);
#2279=PLANE('',#2597);
#2280=PLANE('',#2611);
#2281=PLANE('',#2623);
#2282=PLANE('',#2625);
#2283=PLANE('',#2627);
#2284=PLANE('',#2628);
#2285=PLANE('',#2629);
#2286=PLANE('',#2630);
#2287=PLANE('',#2631);
#2288=PLANE('',#2632);
#2289=PLANE('',#2633);
#2290=PLANE('',#2634);
#2291=PLANE('',#2635);
#2292=PLANE('',#2636);
#2293=PLANE('',#2637);
#2294=PLANE('',#2638);
#2295=PLANE('',#2639);
#2296=PLANE('',#2640);
#2297=PLANE('',#2641);
#2298=PLANE('',#2642);
#2299=PLANE('',#2643);
#2300=PLANE('',#2644);
#2301=PLANE('',#2645);
#2302=PLANE('',#2646);
#2303=PLANE('',#2647);
#2304=PLANE('',#2648);
#2305=PLANE('',#2649);
#2306=PLANE('',#2650);
#2307=PLANE('',#2651);
#2308=PLANE('',#2652);
#2309=PLANE('',#2653);
#2310=PLANE('',#2654);
#2311=PLANE('',#2655);
#2312=PLANE('',#2656);
#2313=PLANE('',#2657);
#2314=PLANE('',#2658);
#2315=PLANE('',#2659);
#2316=PLANE('',#2660);
#2317=PLANE('',#2661);
#2318=PLANE('',#2662);
#2319=PLANE('',#2663);
#2320=PLANE('',#2664);
#2321=PLANE('',#2665);
#2322=PLANE('',#2666);
#2323=PLANE('',#2669);
#2324=PLANE('',#2682);
#2325=PLANE('',#2685);
#2326=PLANE('',#2688);
#2327=PLANE('',#2693);
#2328=PLANE('',#2696);
#2329=PLANE('',#2699);
#2330=PLANE('',#2704);
#2331=PLANE('',#2707);
#2332=PLANE('',#2710);
#2333=PLANE('',#2713);
#2334=PLANE('',#2719);
#2335=PLANE('',#2721);
#2336=PLANE('',#2722);
#2337=ADVANCED_FACE('',(#85),#2259,.T.);
#2338=ADVANCED_FACE('',(#86),#2260,.T.);
#2339=ADVANCED_FACE('',(#87),#2261,.F.);
#2340=ADVANCED_FACE('',(#88),#2262,.F.);
#2341=ADVANCED_FACE('',(#89),#33,.T.);
#2342=ADVANCED_FACE('',(#90),#34,.T.);
#2343=ADVANCED_FACE('',(#91),#35,.F.);
#2344=ADVANCED_FACE('',(#92),#36,.T.);
#2345=ADVANCED_FACE('',(#93),#2263,.T.);
#2346=ADVANCED_FACE('',(#94),#37,.F.);
#2347=ADVANCED_FACE('',(#95),#2264,.T.);
#2348=ADVANCED_FACE('',(#96),#38,.T.);
#2349=ADVANCED_FACE('',(#97),#2265,.T.);
#2350=ADVANCED_FACE('',(#98),#39,.T.);
#2351=ADVANCED_FACE('',(#99),#2266,.T.);
#2352=ADVANCED_FACE('',(#100),#40,.F.);
#2353=ADVANCED_FACE('',(#101),#41,.F.);
#2354=ADVANCED_FACE('',(#102),#2267,.T.);
#2355=ADVANCED_FACE('',(#103),#42,.T.);
#2356=ADVANCED_FACE('',(#104),#2268,.T.);
#2357=ADVANCED_FACE('',(#105),#43,.T.);
#2358=ADVANCED_FACE('',(#106),#2269,.T.);
#2359=ADVANCED_FACE('',(#107),#44,.F.);
#2360=ADVANCED_FACE('',(#108),#45,.F.);
#2361=ADVANCED_FACE('',(#109),#2270,.T.);
#2362=ADVANCED_FACE('',(#110),#46,.T.);
#2363=ADVANCED_FACE('',(#111),#2271,.T.);
#2364=ADVANCED_FACE('',(#112),#47,.T.);
#2365=ADVANCED_FACE('',(#113),#48,.F.);
#2366=ADVANCED_FACE('',(#114),#2272,.T.);
#2367=ADVANCED_FACE('',(#115),#49,.F.);
#2368=ADVANCED_FACE('',(#116),#50,.F.);
#2369=ADVANCED_FACE('',(#117),#51,.F.);
#2370=ADVANCED_FACE('',(#118),#52,.F.);
#2371=ADVANCED_FACE('',(#119),#2273,.T.);
#2372=ADVANCED_FACE('',(#120),#53,.T.);
#2373=ADVANCED_FACE('',(#121),#2274,.T.);
#2374=ADVANCED_FACE('',(#122),#2275,.T.);
#2375=ADVANCED_FACE('',(#123),#2276,.T.);
#2376=ADVANCED_FACE('',(#124),#2277,.T.);
#2377=ADVANCED_FACE('',(#125),#54,.T.);
#2378=ADVANCED_FACE('',(#126),#2278,.T.);
#2379=ADVANCED_FACE('',(#127),#55,.T.);
#2380=ADVANCED_FACE('',(#128),#56,.T.);
#2381=ADVANCED_FACE('',(#129),#2279,.T.);
#2382=ADVANCED_FACE('',(#130),#57,.T.);
#2383=ADVANCED_FACE('',(#131),#23,.T.);
#2384=ADVANCED_FACE('',(#132),#58,.T.);
#2385=ADVANCED_FACE('',(#133),#24,.T.);
#2386=ADVANCED_FACE('',(#134),#59,.T.);
#2387=ADVANCED_FACE('',(#135),#2280,.F.);
#2388=ADVANCED_FACE('',(#136),#25,.T.);
#2389=ADVANCED_FACE('',(#137),#60,.T.);
#2390=ADVANCED_FACE('',(#138),#26,.T.);
#2391=ADVANCED_FACE('',(#139),#61,.T.);
#2392=ADVANCED_FACE('',(#140),#2281,.T.);
#2393=ADVANCED_FACE('',(#141),#62,.T.);
#2394=ADVANCED_FACE('',(#142,#15,#16,#17,#18,#19,#20,#21,#22),#2282,.T.);
#2395=ADVANCED_FACE('',(#143),#63,.T.);
#2396=ADVANCED_FACE('',(#144),#2283,.F.);
#2397=ADVANCED_FACE('',(#145),#2284,.F.);
#2398=ADVANCED_FACE('',(#146),#2285,.T.);
#2399=ADVANCED_FACE('',(#147),#2286,.F.);
#2400=ADVANCED_FACE('',(#148),#2287,.T.);
#2401=ADVANCED_FACE('',(#149),#2288,.F.);
#2402=ADVANCED_FACE('',(#150),#2289,.T.);
#2403=ADVANCED_FACE('',(#151),#2290,.T.);
#2404=ADVANCED_FACE('',(#152),#2291,.F.);
#2405=ADVANCED_FACE('',(#153),#2292,.T.);
#2406=ADVANCED_FACE('',(#154),#2293,.T.);
#2407=ADVANCED_FACE('',(#155),#2294,.T.);
#2408=ADVANCED_FACE('',(#156),#2295,.T.);
#2409=ADVANCED_FACE('',(#157),#2296,.T.);
#2410=ADVANCED_FACE('',(#158),#2297,.T.);
#2411=ADVANCED_FACE('',(#159),#2298,.F.);
#2412=ADVANCED_FACE('',(#160),#2299,.T.);
#2413=ADVANCED_FACE('',(#161),#2300,.T.);
#2414=ADVANCED_FACE('',(#162),#2301,.T.);
#2415=ADVANCED_FACE('',(#163),#2302,.T.);
#2416=ADVANCED_FACE('',(#164),#2303,.T.);
#2417=ADVANCED_FACE('',(#165),#2304,.T.);
#2418=ADVANCED_FACE('',(#166),#2305,.F.);
#2419=ADVANCED_FACE('',(#167),#2306,.T.);
#2420=ADVANCED_FACE('',(#168),#2307,.T.);
#2421=ADVANCED_FACE('',(#169),#2308,.T.);
#2422=ADVANCED_FACE('',(#170),#2309,.T.);
#2423=ADVANCED_FACE('',(#171),#2310,.T.);
#2424=ADVANCED_FACE('',(#172),#2311,.T.);
#2425=ADVANCED_FACE('',(#173),#2312,.F.);
#2426=ADVANCED_FACE('',(#174),#2313,.T.);
#2427=ADVANCED_FACE('',(#175),#2314,.T.);
#2428=ADVANCED_FACE('',(#176),#2315,.T.);
#2429=ADVANCED_FACE('',(#177),#2316,.T.);
#2430=ADVANCED_FACE('',(#178),#2317,.T.);
#2431=ADVANCED_FACE('',(#179),#2318,.T.);
#2432=ADVANCED_FACE('',(#180),#2319,.T.);
#2433=ADVANCED_FACE('',(#181),#2320,.T.);
#2434=ADVANCED_FACE('',(#182),#2321,.T.);
#2435=ADVANCED_FACE('',(#183),#2322,.T.);
#2436=ADVANCED_FACE('',(#184),#64,.T.);
#2437=ADVANCED_FACE('',(#185),#2323,.T.);
#2438=ADVANCED_FACE('',(#186),#65,.F.);
#2439=ADVANCED_FACE('',(#187),#66,.T.);
#2440=ADVANCED_FACE('',(#188),#67,.F.);
#2441=ADVANCED_FACE('',(#189),#68,.F.);
#2442=ADVANCED_FACE('',(#190),#69,.F.);
#2443=ADVANCED_FACE('',(#191),#70,.F.);
#2444=ADVANCED_FACE('',(#192),#2324,.T.);
#2445=ADVANCED_FACE('',(#193),#71,.T.);
#2446=ADVANCED_FACE('',(#194),#2325,.T.);
#2447=ADVANCED_FACE('',(#195),#72,.T.);
#2448=ADVANCED_FACE('',(#196),#2326,.T.);
#2449=ADVANCED_FACE('',(#197),#73,.F.);
#2450=ADVANCED_FACE('',(#198),#74,.F.);
#2451=ADVANCED_FACE('',(#199),#2327,.T.);
#2452=ADVANCED_FACE('',(#200),#75,.T.);
#2453=ADVANCED_FACE('',(#201),#2328,.T.);
#2454=ADVANCED_FACE('',(#202),#76,.T.);
#2455=ADVANCED_FACE('',(#203),#2329,.T.);
#2456=ADVANCED_FACE('',(#204),#77,.F.);
#2457=ADVANCED_FACE('',(#205),#78,.F.);
#2458=ADVANCED_FACE('',(#206),#2330,.T.);
#2459=ADVANCED_FACE('',(#207),#79,.T.);
#2460=ADVANCED_FACE('',(#208),#2331,.T.);
#2461=ADVANCED_FACE('',(#209),#80,.T.);
#2462=ADVANCED_FACE('',(#210),#2332,.T.);
#2463=ADVANCED_FACE('',(#211),#81,.F.);
#2464=ADVANCED_FACE('',(#212),#2333,.F.);
#2465=ADVANCED_FACE('',(#213),#82,.F.);
#2466=ADVANCED_FACE('',(#214),#83,.T.);
#2467=ADVANCED_FACE('',(#215),#2334,.T.);
#2468=ADVANCED_FACE('',(#216),#84,.T.);
#2469=ADVANCED_FACE('',(#217),#2335,.T.);
#2470=ADVANCED_FACE('',(#218),#2336,.T.);
#2471=CLOSED_SHELL('',(#2337,#2338,#2339,#2340,#2341,#2342,#2343,#2344,
#2345,#2346,#2347,#2348,#2349,#2350,#2351,#2352,#2353,#2354,#2355,#2356,
#2357,#2358,#2359,#2360,#2361,#2362,#2363,#2364,#2365,#2366,#2367,#2368,
#2369,#2370,#2371,#2372,#2373,#2374,#2375,#2376,#2377,#2378,#2379,#2380,
#2381,#2382,#2383,#2384,#2385,#2386,#2387,#2388,#2389,#2390,#2391,#2392,
#2393,#2394,#2395,#2396,#2397,#2398,#2399,#2400,#2401,#2402,#2403,#2404,
#2405,#2406,#2407,#2408,#2409,#2410,#2411,#2412,#2413,#2414,#2415,#2416,
#2417,#2418,#2419,#2420,#2421,#2422,#2423,#2424,#2425,#2426,#2427,#2428,
#2429,#2430,#2431,#2432,#2433,#2434,#2435,#2436,#2437,#2438,#2439,#2440,
#2441,#2442,#2443,#2444,#2445,#2446,#2447,#2448,#2449,#2450,#2451,#2452,
#2453,#2454,#2455,#2456,#2457,#2458,#2459,#2460,#2461,#2462,#2463,#2464,
#2465,#2466,#2467,#2468,#2469,#2470));
#2472=DERIVED_UNIT_ELEMENT(#2474,1.);
#2473=DERIVED_UNIT_ELEMENT(#4209,-3.);
#2474=(
MASS_UNIT()
NAMED_UNIT(*)
SI_UNIT(.KILO.,.GRAM.)
);
#2475=DERIVED_UNIT((#2472,#2473));
#2476=MEASURE_REPRESENTATION_ITEM('density measure',
POSITIVE_RATIO_MEASURE(7850.),#2475);
#2477=PROPERTY_DEFINITION_REPRESENTATION(#2482,#2479);
#2478=PROPERTY_DEFINITION_REPRESENTATION(#2483,#2480);
#2479=REPRESENTATION('material name',(#2481),#4206);
#2480=REPRESENTATION('density',(#2476),#4206);
#2481=DESCRIPTIVE_REPRESENTATION_ITEM('Steel','Steel');
#2482=PROPERTY_DEFINITION('material property','material name',#4216);
#2483=PROPERTY_DEFINITION('material property','density of part',#4216);
#2484=AXIS2_PLACEMENT_3D('',#3449,#2723,#2724);
#2485=AXIS2_PLACEMENT_3D('',#3450,#2725,#2726);
#2486=AXIS2_PLACEMENT_3D('',#3459,#2730,#2731);
#2487=AXIS2_PLACEMENT_3D('',#3463,#2733,#2734);
#2488=AXIS2_PLACEMENT_3D('',#3465,#2735,#2736);
#2489=AXIS2_PLACEMENT_3D('',#3467,#2737,#2738);
#2490=AXIS2_PLACEMENT_3D('',#3471,#2740,#2741);
#2491=AXIS2_PLACEMENT_3D('',#3475,#2743,#2744);
#2492=AXIS2_PLACEMENT_3D('',#3479,#2746,#2747);
#2493=AXIS2_PLACEMENT_3D('',#3481,#2748,#2749);
#2494=AXIS2_PLACEMENT_3D('',#3483,#2750,#2751);
#2495=AXIS2_PLACEMENT_3D('',#3487,#2753,#2754);
#2496=AXIS2_PLACEMENT_3D('',#3491,#2756,#2757);
#2497=AXIS2_PLACEMENT_3D('',#3495,#2759,#2760);
#2498=AXIS2_PLACEMENT_3D('',#3497,#2761,#2762);
#2499=AXIS2_PLACEMENT_3D('',#3499,#2763,#2764);
#2500=AXIS2_PLACEMENT_3D('',#3503,#2766,#2767);
#2501=AXIS2_PLACEMENT_3D('',#3507,#2769,#2770);
#2502=AXIS2_PLACEMENT_3D('',#3511,#2772,#2773);
#2503=AXIS2_PLACEMENT_3D('',#3513,#2774,#2775);
#2504=AXIS2_PLACEMENT_3D('',#3515,#2776,#2777);
#2505=AXIS2_PLACEMENT_3D('',#3519,#2779,#2780);
#2506=AXIS2_PLACEMENT_3D('',#3520,#2781,#2782);
#2507=AXIS2_PLACEMENT_3D('',#3521,#2783,#2784);
#2508=AXIS2_PLACEMENT_3D('',#3529,#2789,#2790);
#2509=AXIS2_PLACEMENT_3D('',#3535,#2794,#2795);
#2510=AXIS2_PLACEMENT_3D('',#3538,#2797,#2798);
#2511=AXIS2_PLACEMENT_3D('',#3540,#2799,#2800);
#2512=AXIS2_PLACEMENT_3D('',#3544,#2802,#2803);
#2513=AXIS2_PLACEMENT_3D('',#3546,#2804,#2805);
#2514=AXIS2_PLACEMENT_3D('',#3548,#2806,#2807);
#2515=AXIS2_PLACEMENT_3D('',#3552,#2809,#2810);
#2516=AXIS2_PLACEMENT_3D('',#3556,#2812,#2813);
#2517=AXIS2_PLACEMENT_3D('',#3560,#2815,#2816);
#2518=AXIS2_PLACEMENT_3D('',#3562,#2817,#2818);
#2519=AXIS2_PLACEMENT_3D('',#3564,#2819,#2820);
#2520=AXIS2_PLACEMENT_3D('',#3568,#2822,#2823);
#2521=AXIS2_PLACEMENT_3D('',#3572,#2825,#2826);
#2522=AXIS2_PLACEMENT_3D('',#3576,#2828,#2829);
#2523=AXIS2_PLACEMENT_3D('',#3578,#2830,#2831);
#2524=AXIS2_PLACEMENT_3D('',#3580,#2832,#2833);
#2525=AXIS2_PLACEMENT_3D('',#3584,#2835,#2836);
#2526=AXIS2_PLACEMENT_3D('',#3588,#2838,#2839);
#2527=AXIS2_PLACEMENT_3D('',#3592,#2841,#2842);
#2528=AXIS2_PLACEMENT_3D('',#3594,#2843,#2844);
#2529=AXIS2_PLACEMENT_3D('',#3596,#2845,#2846);
#2530=AXIS2_PLACEMENT_3D('',#3600,#2848,#2849);
#2531=AXIS2_PLACEMENT_3D('',#3602,#2851,#2852);
#2532=AXIS2_PLACEMENT_3D('',#3604,#2854,#2855);
#2533=AXIS2_PLACEMENT_3D('',#3607,#2858,#2859);
#2534=AXIS2_PLACEMENT_3D('',#3609,#2861,#2862);
#2535=AXIS2_PLACEMENT_3D('',#3611,#2864,#2865);
#2536=AXIS2_PLACEMENT_3D('',#3612,#2866,#2867);
#2537=AXIS2_PLACEMENT_3D('',#3614,#2869,#2870);
#2538=AXIS2_PLACEMENT_3D('',#3616,#2872,#2873);
#2539=AXIS2_PLACEMENT_3D('',#3618,#2875,#2876);
#2540=AXIS2_PLACEMENT_3D('',#3620,#2878,#2879);
#2541=AXIS2_PLACEMENT_3D('',#3622,#2881,#2882);
#2542=AXIS2_PLACEMENT_3D('',#3624,#2884,#2885);
#2543=AXIS2_PLACEMENT_3D('',#3626,#2887,#2888);
#2544=AXIS2_PLACEMENT_3D('',#3629,#2891,#2892);
#2545=AXIS2_PLACEMENT_3D('',#3631,#2894,#2895);
#2546=AXIS2_PLACEMENT_3D('',#3633,#2897,#2898);
#2547=AXIS2_PLACEMENT_3D('',#3635,#2900,#2901);
#2548=AXIS2_PLACEMENT_3D('',#3637,#2903,#2904);
#2549=AXIS2_PLACEMENT_3D('',#3639,#2906,#2907);
#2550=AXIS2_PLACEMENT_3D('',#3641,#2909,#2910);
#2551=AXIS2_PLACEMENT_3D('',#3644,#2913,#2914);
#2552=AXIS2_PLACEMENT_3D('',#3646,#2916,#2917);
#2553=AXIS2_PLACEMENT_3D('',#3648,#2919,#2920);
#2554=AXIS2_PLACEMENT_3D('',#3650,#2922,#2923);
#2555=AXIS2_PLACEMENT_3D('',#3652,#2925,#2926);
#2556=AXIS2_PLACEMENT_3D('',#3655,#2929,#2930);
#2557=AXIS2_PLACEMENT_3D('',#3656,#2931,#2932);
#2558=AXIS2_PLACEMENT_3D('',#3658,#2934,#2935);
#2559=AXIS2_PLACEMENT_3D('',#3659,#2936,#2937);
#2560=AXIS2_PLACEMENT_3D('',#3660,#2938,#2939);
#2561=AXIS2_PLACEMENT_3D('',#3662,#2941,#2942);
#2562=AXIS2_PLACEMENT_3D('',#3664,#2944,#2945);
#2563=AXIS2_PLACEMENT_3D('',#3666,#2947,#2948);
#2564=AXIS2_PLACEMENT_3D('',#3667,#2949,#2950);
#2565=AXIS2_PLACEMENT_3D('',#3672,#2952,#2953);
#2566=AXIS2_PLACEMENT_3D('',#3674,#2954,#2955);
#2567=AXIS2_PLACEMENT_3D('',#3678,#2957,#2958);
#2568=AXIS2_PLACEMENT_3D('',#3680,#2959,#2960);
#2569=AXIS2_PLACEMENT_3D('',#3682,#2961,#2962);
#2570=AXIS2_PLACEMENT_3D('',#3686,#2964,#2965);
#2571=AXIS2_PLACEMENT_3D('',#3690,#2967,#2968);
#2572=AXIS2_PLACEMENT_3D('',#3694,#2970,#2971);
#2573=AXIS2_PLACEMENT_3D('',#3696,#2972,#2973);
#2574=AXIS2_PLACEMENT_3D('',#3698,#2974,#2975);
#2575=AXIS2_PLACEMENT_3D('',#3702,#2977,#2978);
#2576=AXIS2_PLACEMENT_3D('',#3706,#2980,#2981);
#2577=AXIS2_PLACEMENT_3D('',#3710,#2983,#2984);
#2578=AXIS2_PLACEMENT_3D('',#3712,#2985,#2986);
#2579=AXIS2_PLACEMENT_3D('',#3714,#2987,#2988);
#2580=AXIS2_PLACEMENT_3D('',#3718,#2990,#2991);
#2581=AXIS2_PLACEMENT_3D('',#3722,#2993,#2994);
#2582=AXIS2_PLACEMENT_3D('',#3726,#2996,#2997);
#2583=AXIS2_PLACEMENT_3D('',#3728,#2998,#2999);
#2584=AXIS2_PLACEMENT_3D('',#3730,#3000,#3001);
#2585=AXIS2_PLACEMENT_3D('',#3734,#3003,#3004);
#2586=AXIS2_PLACEMENT_3D('',#3738,#3007,#3008);
#2587=AXIS2_PLACEMENT_3D('',#3743,#3012,#3013);
#2588=AXIS2_PLACEMENT_3D('',#3751,#3018,#3019);
#2589=AXIS2_PLACEMENT_3D('',#3753,#3020,#3021);
#2590=AXIS2_PLACEMENT_3D('',#3756,#3023,#3024);
#2591=AXIS2_PLACEMENT_3D('',#3778,#3026,#3027);
#2592=AXIS2_PLACEMENT_3D('',#3785,#3031,#3032);
#2593=AXIS2_PLACEMENT_3D('',#3786,#3033,#3034);
#2594=AXIS2_PLACEMENT_3D('',#3789,#3036,#3037);
#2595=AXIS2_PLACEMENT_3D('',#3790,#3038,#3039);
#2596=AXIS2_PLACEMENT_3D('',#3813,#3041,#3042);
#2597=AXIS2_PLACEMENT_3D('',#3814,#3043,#3044);
#2598=AXIS2_PLACEMENT_3D('',#3820,#3048,#3049);
#2599=AXIS2_PLACEMENT_3D('',#3823,#3051,#3052);
#2600=AXIS2_PLACEMENT_3D('',#3824,#3053,#3054);
#2601=AXIS2_PLACEMENT_3D('',#3827,#3055,#3056);
#2602=AXIS2_PLACEMENT_3D('',#3828,#3057,#3058);
#2603=AXIS2_PLACEMENT_3D('',#3829,#3059,#3060);
#2604=AXIS2_PLACEMENT_3D('',#3830,#3061,#3062);
#2605=AXIS2_PLACEMENT_3D('',#3833,#3063,#3064);
#2606=AXIS2_PLACEMENT_3D('',#3836,#3067,#3068);
#2607=AXIS2_PLACEMENT_3D('',#3838,#3069,#3070);
#2608=AXIS2_PLACEMENT_3D('',#3839,#3071,#3072);
#2609=AXIS2_PLACEMENT_3D('',#3840,#3073,#3074);
#2610=AXIS2_PLACEMENT_3D('',#3841,#3075,#3076);
#2611=AXIS2_PLACEMENT_3D('',#3843,#3078,#3079);
#2612=AXIS2_PLACEMENT_3D('',#3844,#3080,#3081);
#2613=AXIS2_PLACEMENT_3D('',#3847,#3082,#3083);
#2614=AXIS2_PLACEMENT_3D('',#3848,#3084,#3085);
#2615=AXIS2_PLACEMENT_3D('',#3849,#3086,#3087);
#2616=AXIS2_PLACEMENT_3D('',#3850,#3088,#3089);
#2617=AXIS2_PLACEMENT_3D('',#3853,#3090,#3091);
#2618=AXIS2_PLACEMENT_3D('',#3856,#3094,#3095);
#2619=AXIS2_PLACEMENT_3D('',#3858,#3096,#3097);
#2620=AXIS2_PLACEMENT_3D('',#3859,#3098,#3099);
#2621=AXIS2_PLACEMENT_3D('',#3860,#3100,#3101);
#2622=AXIS2_PLACEMENT_3D('',#3861,#3102,#3103);
#2623=AXIS2_PLACEMENT_3D('',#3863,#3105,#3106);
#2624=AXIS2_PLACEMENT_3D('',#3864,#3107,#3108);
#2625=AXIS2_PLACEMENT_3D('',#3866,#3110,#3111);
#2626=AXIS2_PLACEMENT_3D('',#3932,#3145,#3146);
#2627=AXIS2_PLACEMENT_3D('',#3933,#3147,#3148);
#2628=AXIS2_PLACEMENT_3D('',#3939,#3152,#3153);
#2629=AXIS2_PLACEMENT_3D('',#3945,#3157,#3158);
#2630=AXIS2_PLACEMENT_3D('',#3949,#3161,#3162);
#2631=AXIS2_PLACEMENT_3D('',#3955,#3166,#3167);
#2632=AXIS2_PLACEMENT_3D('',#3959,#3170,#3171);
#2633=AXIS2_PLACEMENT_3D('',#3965,#3175,#3176);
#2634=AXIS2_PLACEMENT_3D('',#3969,#3179,#3180);
#2635=AXIS2_PLACEMENT_3D('',#3973,#3183,#3184);
#2636=AXIS2_PLACEMENT_3D('',#3979,#3188,#3189);
#2637=AXIS2_PLACEMENT_3D('',#3983,#3192,#3193);
#2638=AXIS2_PLACEMENT_3D('',#3985,#3195,#3196);
#2639=AXIS2_PLACEMENT_3D('',#3989,#3199,#3200);
#2640=AXIS2_PLACEMENT_3D('',#3991,#3202,#3203);
#2641=AXIS2_PLACEMENT_3D('',#3992,#3204,#3205);
#2642=AXIS2_PLACEMENT_3D('',#3996,#3208,#3209);
#2643=AXIS2_PLACEMENT_3D('',#4002,#3213,#3214);
#2644=AXIS2_PLACEMENT_3D('',#4006,#3217,#3218);
#2645=AXIS2_PLACEMENT_3D('',#4008,#3220,#3221);
#2646=AXIS2_PLACEMENT_3D('',#4012,#3224,#3225);
#2647=AXIS2_PLACEMENT_3D('',#4014,#3227,#3228);
#2648=AXIS2_PLACEMENT_3D('',#4015,#3229,#3230);
#2649=AXIS2_PLACEMENT_3D('',#4019,#3233,#3234);
#2650=AXIS2_PLACEMENT_3D('',#4025,#3238,#3239);
#2651=AXIS2_PLACEMENT_3D('',#4029,#3242,#3243);
#2652=AXIS2_PLACEMENT_3D('',#4031,#3245,#3246);
#2653=AXIS2_PLACEMENT_3D('',#4035,#3249,#3250);
#2654=AXIS2_PLACEMENT_3D('',#4037,#3252,#3253);
#2655=AXIS2_PLACEMENT_3D('',#4038,#3254,#3255);
#2656=AXIS2_PLACEMENT_3D('',#4044,#3259,#3260);
#2657=AXIS2_PLACEMENT_3D('',#4050,#3264,#3265);
#2658=AXIS2_PLACEMENT_3D('',#4052,#3267,#3268);
#2659=AXIS2_PLACEMENT_3D('',#4054,#3270,#3271);
#2660=AXIS2_PLACEMENT_3D('',#4055,#3272,#3273);
#2661=AXIS2_PLACEMENT_3D('',#4061,#3277,#3278);
#2662=AXIS2_PLACEMENT_3D('',#4063,#3280,#3281);
#2663=AXIS2_PLACEMENT_3D('',#4065,#3283,#3284);
#2664=AXIS2_PLACEMENT_3D('',#4066,#3285,#3286);
#2665=AXIS2_PLACEMENT_3D('',#4067,#3287,#3288);
#2666=AXIS2_PLACEMENT_3D('',#4068,#3289,#3290);
#2667=AXIS2_PLACEMENT_3D('',#4069,#3291,#3292);
#2668=AXIS2_PLACEMENT_3D('',#4071,#3293,#3294);
#2669=AXIS2_PLACEMENT_3D('',#4073,#3296,#3297);
#2670=AXIS2_PLACEMENT_3D('',#4079,#3301,#3302);
#2671=AXIS2_PLACEMENT_3D('',#4081,#3303,#3304);
#2672=AXIS2_PLACEMENT_3D('',#4083,#3306,#3307);
#2673=AXIS2_PLACEMENT_3D('',#4085,#3308,#3309);
#2674=AXIS2_PLACEMENT_3D('',#4087,#3311,#3312);
#2675=AXIS2_PLACEMENT_3D('',#4090,#3314,#3315);
#2676=AXIS2_PLACEMENT_3D('',#4091,#3316,#3317);
#2677=AXIS2_PLACEMENT_3D('',#4096,#3320,#3321);
#2678=AXIS2_PLACEMENT_3D('',#4097,#3322,#3323);
#2679=AXIS2_PLACEMENT_3D('',#4102,#3326,#3327);
#2680=AXIS2_PLACEMENT_3D('',#4103,#3328,#3329);
#2681=AXIS2_PLACEMENT_3D('',#4106,#3330,#3331);
#2682=AXIS2_PLACEMENT_3D('',#4109,#3334,#3335);
#2683=AXIS2_PLACEMENT_3D('',#4113,#3338,#3339);
#2684=AXIS2_PLACEMENT_3D('',#4115,#3340,#3341);
#2685=AXIS2_PLACEMENT_3D('',#4117,#3343,#3344);
#2686=AXIS2_PLACEMENT_3D('',#4121,#3347,#3348);
#2687=AXIS2_PLACEMENT_3D('',#4123,#3349,#3350);
#2688=AXIS2_PLACEMENT_3D('',#4125,#3352,#3353);
#2689=AXIS2_PLACEMENT_3D('',#4129,#3356,#3357);
#2690=AXIS2_PLACEMENT_3D('',#4130,#3358,#3359);
#2691=AXIS2_PLACEMENT_3D('',#4131,#3360,#3361);
#2692=AXIS2_PLACEMENT_3D('',#4133,#3362,#3363);
#2693=AXIS2_PLACEMENT_3D('',#4135,#3365,#3366);
#2694=AXIS2_PLACEMENT_3D('',#4139,#3369,#3370);
#2695=AXIS2_PLACEMENT_3D('',#4141,#3371,#3372);
#2696=AXIS2_PLACEMENT_3D('',#4143,#3374,#3375);
#2697=AXIS2_PLACEMENT_3D('',#4147,#3378,#3379);
#2698=AXIS2_PLACEMENT_3D('',#4149,#3380,#3381);
#2699=AXIS2_PLACEMENT_3D('',#4151,#3383,#3384);
#2700=AXIS2_PLACEMENT_3D('',#4155,#3387,#3388);
#2701=AXIS2_PLACEMENT_3D('',#4156,#3389,#3390);
#2702=AXIS2_PLACEMENT_3D('',#4157,#3391,#3392);
#2703=AXIS2_PLACEMENT_3D('',#4159,#3393,#3394);
#2704=AXIS2_PLACEMENT_3D('',#4161,#3396,#3397);
#2705=AXIS2_PLACEMENT_3D('',#4165,#3400,#3401);
#2706=AXIS2_PLACEMENT_3D('',#4167,#3402,#3403);
#2707=AXIS2_PLACEMENT_3D('',#4169,#3405,#3406);
#2708=AXIS2_PLACEMENT_3D('',#4173,#3409,#3410);
#2709=AXIS2_PLACEMENT_3D('',#4175,#3411,#3412);
#2710=AXIS2_PLACEMENT_3D('',#4177,#3414,#3415);
#2711=AXIS2_PLACEMENT_3D('',#4181,#3418,#3419);
#2712=AXIS2_PLACEMENT_3D('',#4182,#3420,#3421);
#2713=AXIS2_PLACEMENT_3D('',#4183,#3422,#3423);
#2714=AXIS2_PLACEMENT_3D('',#4188,#3426,#3427);
#2715=AXIS2_PLACEMENT_3D('',#4190,#3428,#3429);
#2716=AXIS2_PLACEMENT_3D('',#4193,#3431,#3432);
#2717=AXIS2_PLACEMENT_3D('',#4194,#3433,#3434);
#2718=AXIS2_PLACEMENT_3D('',#4196,#3436,#3437);
#2719=AXIS2_PLACEMENT_3D('',#4198,#3439,#3440);
#2720=AXIS2_PLACEMENT_3D('',#4200,#3442,#3443);
#2721=AXIS2_PLACEMENT_3D('',#4201,#3444,#3445);
#2722=AXIS2_PLACEMENT_3D('',#4203,#3447,#3448);
#2723=DIRECTION('axis',(0.,0.,1.));
#2724=DIRECTION('refdir',(1.,0.,0.));
#2725=DIRECTION('center_axis',(1.,0.,0.));
#2726=DIRECTION('ref_axis',(0.,1.,0.));
#2727=DIRECTION('',(0.,1.,0.));
#2728=DIRECTION('',(0.,0.,-1.));
#2729=DIRECTION('',(0.,1.,0.));
#2730=DIRECTION('center_axis',(1.,0.,0.));
#2731=DIRECTION('ref_axis',(0.,0.224478940414089,-0.97447894041409));
#2732=DIRECTION('',(0.,0.899218410621136,0.437499999999998));
#2733=DIRECTION('center_axis',(-1.,0.,0.));
#2734=DIRECTION('ref_axis',(0.,-0.192714770734087,0.981254817639592));
#2735=DIRECTION('center_axis',(-1.,0.,0.));
#2736=DIRECTION('ref_axis',(0.,1.,0.));
#2737=DIRECTION('center_axis',(-1.,0.,0.));
#2738=DIRECTION('ref_axis',(0.,0.732676635140436,0.680576923146303));
#2739=DIRECTION('',(0.,0.470326927969371,-0.88249225539202));
#2740=DIRECTION('center_axis',(1.,0.,0.));
#2741=DIRECTION('ref_axis',(0.,-0.754391627519276,-0.65642461282985));
#2742=DIRECTION('',(0.,0.809016994374947,-0.587785252292473));
#2743=DIRECTION('center_axis',(1.,0.,0.));
#2744=DIRECTION('ref_axis',(0.,-0.391177072170719,-0.920315434081133));
#2745=DIRECTION('',(0.,0.984639023725284,-0.174602385313943));
#2746=DIRECTION('center_axis',(-1.,0.,0.));
#2747=DIRECTION('ref_axis',(0.,0.420857585958548,0.907126723419139));
#2748=DIRECTION('center_axis',(-1.,0.,0.));
#2749=DIRECTION('ref_axis',(0.,1.,0.));
#2750=DIRECTION('center_axis',(-1.,0.,0.));
#2751=DIRECTION('ref_axis',(0.,0.992780927686051,0.119941775969946));
#2752=DIRECTION('',(0.,-0.138213455342369,-0.990402464032841));
#2753=DIRECTION('center_axis',(1.,0.,0.));
#2754=DIRECTION('ref_axis',(0.,-0.996152353740452,-0.0876383941965965));
#2755=DIRECTION('',(0.,0.309016994374947,-0.951056516295154));
#2756=DIRECTION('center_axis',(1.,0.,0.));
#2757=DIRECTION('ref_axis',(0.,-0.857416738805982,-0.514622712300297));
#2758=DIRECTION('',(0.,0.693960996415889,-0.720012593954763));
#2759=DIRECTION('center_axis',(-1.,0.,0.));
#2760=DIRECTION('ref_axis',(0.,0.873676649238242,0.486507052955903));
#2761=DIRECTION('center_axis',(-1.,0.,0.));
#2762=DIRECTION('ref_axis',(0.,1.,0.));
#2763=DIRECTION('center_axis',(-1.,0.,0.));
#2764=DIRECTION('ref_axis',(0.,0.873676649238244,-0.486507052955899));
#2765=DIRECTION('',(0.,-0.69396099641589,-0.720012593954762));
#2766=DIRECTION('center_axis',(1.,0.,0.));
#2767=DIRECTION('ref_axis',(0.,-0.857416738805984,0.514622712300293));
#2768=DIRECTION('',(0.,-0.309016994374947,-0.951056516295154));
#2769=DIRECTION('center_axis',(1.,0.,0.));
#2770=DIRECTION('ref_axis',(0.,-0.996152353740452,0.0876383941965942));
#2771=DIRECTION('',(0.,0.138213455342368,-0.990402464032841));
#2772=DIRECTION('center_axis',(-1.,0.,0.));
#2773=DIRECTION('ref_axis',(0.,0.992780927686051,-0.119941775969946));
#2774=DIRECTION('center_axis',(-1.,0.,0.));
#2775=DIRECTION('ref_axis',(0.,1.,0.));
#2776=DIRECTION('center_axis',(1.,0.,0.));
#2777=DIRECTION('ref_axis',(0.,-0.950192502361029,0.311663614265261));
#2778=DIRECTION('',(0.,0.025518514193624,-0.999674349692614));
#2779=DIRECTION('center_axis',(1.,0.,0.));
#2780=DIRECTION('ref_axis',(0.,-0.326854698710939,-0.945074603367682));
#2781=DIRECTION('center_axis',(1.,0.,0.));
#2782=DIRECTION('ref_axis',(0.,1.,0.));
#2783=DIRECTION('center_axis',(0.,0.,-1.));
#2784=DIRECTION('ref_axis',(0.,1.,0.));
#2785=DIRECTION('',(-1.,0.,0.));
#2786=DIRECTION('',(0.,-1.,0.));
#2787=DIRECTION('',(1.,0.,0.));
#2788=DIRECTION('',(0.,1.,0.));
#2789=DIRECTION('center_axis',(0.,1.,0.));
#2790=DIRECTION('ref_axis',(0.,0.,1.));
#2791=DIRECTION('',(1.,0.,0.));
#2792=DIRECTION('',(0.,0.,1.));
#2793=DIRECTION('',(1.,0.,0.));
#2794=DIRECTION('center_axis',(1.,0.,0.));
#2795=DIRECTION('ref_axis',(0.,1.,0.));
#2796=DIRECTION('',(0.,-1.,0.));
#2797=DIRECTION('center_axis',(1.,0.,0.));
#2798=DIRECTION('ref_axis',(0.,1.,0.));
#2799=DIRECTION('center_axis',(1.,0.,0.));
#2800=DIRECTION('ref_axis',(0.,-0.326854698710939,-0.945074603367682));
#2801=DIRECTION('',(0.,0.025518514193624,-0.999674349692614));
#2802=DIRECTION('center_axis',(1.,0.,0.));
#2803=DIRECTION('ref_axis',(0.,-0.950192502361029,0.311663614265261));
#2804=DIRECTION('center_axis',(-1.,0.,0.));
#2805=DIRECTION('ref_axis',(0.,1.,0.));
#2806=DIRECTION('center_axis',(-1.,0.,0.));
#2807=DIRECTION('ref_axis',(0.,0.992780927686051,-0.119941775969946));
#2808=DIRECTION('',(0.,0.138213455342368,-0.990402464032841));
#2809=DIRECTION('center_axis',(1.,0.,0.));
#2810=DIRECTION('ref_axis',(0.,-0.996152353740452,0.0876383941965942));
#2811=DIRECTION('',(0.,-0.309016994374947,-0.951056516295154));
#2812=DIRECTION('center_axis',(1.,0.,0.));
#2813=DIRECTION('ref_axis',(0.,-0.857416738805984,0.514622712300293));
#2814=DIRECTION('',(0.,-0.69396099641589,-0.720012593954762));
#2815=DIRECTION('center_axis',(-1.,0.,0.));
#2816=DIRECTION('ref_axis',(0.,0.873676649238244,-0.486507052955899));
#2817=DIRECTION('center_axis',(-1.,0.,0.));
#2818=DIRECTION('ref_axis',(0.,1.,0.));
#2819=DIRECTION('center_axis',(-1.,0.,0.));
#2820=DIRECTION('ref_axis',(0.,0.873676649238242,0.486507052955903));
#2821=DIRECTION('',(0.,0.693960996415889,-0.720012593954763));
#2822=DIRECTION('center_axis',(1.,0.,0.));
#2823=DIRECTION('ref_axis',(0.,-0.857416738805982,-0.514622712300297));
#2824=DIRECTION('',(0.,0.309016994374947,-0.951056516295154));
#2825=DIRECTION('center_axis',(1.,0.,0.));
#2826=DIRECTION('ref_axis',(0.,-0.996152353740452,-0.0876383941965965));
#2827=DIRECTION('',(0.,-0.138213455342369,-0.990402464032841));
#2828=DIRECTION('center_axis',(-1.,0.,0.));
#2829=DIRECTION('ref_axis',(0.,0.992780927686051,0.119941775969946));
#2830=DIRECTION('center_axis',(-1.,0.,0.));
#2831=DIRECTION('ref_axis',(0.,1.,0.));
#2832=DIRECTION('center_axis',(-1.,0.,0.));
#2833=DIRECTION('ref_axis',(0.,0.420857585958548,0.907126723419139));
#2834=DIRECTION('',(0.,0.984639023725284,-0.174602385313943));
#2835=DIRECTION('center_axis',(1.,0.,0.));
#2836=DIRECTION('ref_axis',(0.,-0.391177072170719,-0.920315434081133));
#2837=DIRECTION('',(0.,0.809016994374947,-0.587785252292473));
#2838=DIRECTION('center_axis',(1.,0.,0.));
#2839=DIRECTION('ref_axis',(0.,-0.754391627519276,-0.65642461282985));
#2840=DIRECTION('',(0.,0.470326927969371,-0.88249225539202));
#2841=DIRECTION('center_axis',(-1.,0.,0.));
#2842=DIRECTION('ref_axis',(0.,0.732676635140436,0.680576923146303));
#2843=DIRECTION('center_axis',(-1.,0.,0.));
#2844=DIRECTION('ref_axis',(0.,1.,0.));
#2845=DIRECTION('center_axis',(-1.,0.,0.));
#2846=DIRECTION('ref_axis',(0.,-0.192714770734087,0.981254817639592));
#2847=DIRECTION('',(0.,0.899218410621136,0.437499999999998));
#2848=DIRECTION('center_axis',(1.,0.,0.));
#2849=DIRECTION('ref_axis',(0.,0.224478940414089,-0.97447894041409));
#2850=DIRECTION('',(0.,1.,0.));
#2851=DIRECTION('center_axis',(1.,0.,0.));
#2852=DIRECTION('ref_axis',(0.,1.,0.));
#2853=DIRECTION('',(1.,0.,0.));
#2854=DIRECTION('center_axis',(-1.,0.,0.));
#2855=DIRECTION('ref_axis',(0.,-0.950192502361029,0.311663614265261));
#2856=DIRECTION('',(1.,0.,0.));
#2857=DIRECTION('',(-1.,0.,0.));
#2858=DIRECTION('center_axis',(1.,0.,0.));
#2859=DIRECTION('ref_axis',(0.,1.,0.));
#2860=DIRECTION('',(1.,0.,0.));
#2861=DIRECTION('center_axis',(-1.,0.,0.));
#2862=DIRECTION('ref_axis',(0.,-0.326854698710939,-0.945074603367682));
#2863=DIRECTION('',(1.,0.,0.));
#2864=DIRECTION('center_axis',(0.,-0.999674349692614,-0.025518514193624));
#2865=DIRECTION('ref_axis',(0.,0.025518514193624,-0.999674349692614));
#2866=DIRECTION('center_axis',(-1.,0.,0.));
#2867=DIRECTION('ref_axis',(0.,0.992780927686051,-0.119941775969946));
#2868=DIRECTION('',(-1.,0.,0.));
#2869=DIRECTION('center_axis',(0.,-0.990402464032841,-0.138213455342368));
#2870=DIRECTION('ref_axis',(0.,0.138213455342368,-0.990402464032841));
#2871=DIRECTION('',(1.,0.,0.));
#2872=DIRECTION('center_axis',(1.,0.,0.));
#2873=DIRECTION('ref_axis',(0.,-0.996152353740452,0.0876383941965942));
#2874=DIRECTION('',(-1.,0.,0.));
#2875=DIRECTION('center_axis',(0.,-0.951056516295154,0.309016994374947));
#2876=DIRECTION('ref_axis',(0.,-0.309016994374947,-0.951056516295154));
#2877=DIRECTION('',(1.,0.,0.));
#2878=DIRECTION('center_axis',(1.,0.,0.));
#2879=DIRECTION('ref_axis',(0.,-0.857416738805984,0.514622712300293));
#2880=DIRECTION('',(-1.,0.,0.));
#2881=DIRECTION('center_axis',(0.,-0.720012593954762,0.69396099641589));
#2882=DIRECTION('ref_axis',(0.,-0.69396099641589,-0.720012593954762));
#2883=DIRECTION('',(1.,0.,0.));
#2884=DIRECTION('center_axis',(1.,0.,0.));
#2885=DIRECTION('ref_axis',(0.,0.873676649238244,-0.486507052955899));
#2886=DIRECTION('',(-1.,0.,0.));
#2887=DIRECTION('center_axis',(-1.,0.,0.));
#2888=DIRECTION('ref_axis',(0.,0.873676649238242,0.486507052955903));
#2889=DIRECTION('',(-1.,0.,0.));
#2890=DIRECTION('',(1.,0.,0.));
#2891=DIRECTION('center_axis',(0.,-0.720012593954763,-0.693960996415889));
#2892=DIRECTION('ref_axis',(0.,0.693960996415889,-0.720012593954763));
#2893=DIRECTION('',(1.,0.,0.));
#2894=DIRECTION('center_axis',(1.,0.,0.));
#2895=DIRECTION('ref_axis',(0.,-0.857416738805982,-0.514622712300297));
#2896=DIRECTION('',(-1.,0.,0.));
#2897=DIRECTION('center_axis',(0.,-0.951056516295154,-0.309016994374947));
#2898=DIRECTION('ref_axis',(0.,0.309016994374947,-0.951056516295154));
#2899=DIRECTION('',(1.,0.,0.));
#2900=DIRECTION('center_axis',(1.,0.,0.));
#2901=DIRECTION('ref_axis',(0.,-0.996152353740452,-0.0876383941965965));
#2902=DIRECTION('',(-1.,0.,0.));
#2903=DIRECTION('center_axis',(0.,-0.990402464032841,0.138213455342369));
#2904=DIRECTION('ref_axis',(0.,-0.138213455342369,-0.990402464032841));
#2905=DIRECTION('',(1.,0.,0.));
#2906=DIRECTION('center_axis',(1.,0.,0.));
#2907=DIRECTION('ref_axis',(0.,0.992780927686051,0.119941775969946));
#2908=DIRECTION('',(-1.,0.,0.));
#2909=DIRECTION('center_axis',(-1.,0.,0.));
#2910=DIRECTION('ref_axis',(0.,0.420857585958548,0.907126723419139));
#2911=DIRECTION('',(-1.,0.,0.));
#2912=DIRECTION('',(1.,0.,0.));
#2913=DIRECTION('center_axis',(0.,-0.174602385313943,-0.984639023725285));
#2914=DIRECTION('ref_axis',(0.,0.984639023725284,-0.174602385313943));
#2915=DIRECTION('',(1.,0.,0.));
#2916=DIRECTION('center_axis',(1.,0.,0.));
#2917=DIRECTION('ref_axis',(0.,-0.391177072170719,-0.920315434081133));
#2918=DIRECTION('',(-1.,0.,0.));
#2919=DIRECTION('center_axis',(0.,-0.587785252292473,-0.809016994374947));
#2920=DIRECTION('ref_axis',(0.,0.809016994374947,-0.587785252292473));
#2921=DIRECTION('',(1.,0.,0.));
#2922=DIRECTION('center_axis',(1.,0.,0.));
#2923=DIRECTION('ref_axis',(0.,-0.754391627519276,-0.65642461282985));
#2924=DIRECTION('',(-1.,0.,0.));
#2925=DIRECTION('center_axis',(1.,0.,0.));
#2926=DIRECTION('ref_axis',(0.,0.732676635140436,0.680576923146303));
#2927=DIRECTION('',(1.,0.,0.));
#2928=DIRECTION('',(-1.,0.,0.));
#2929=DIRECTION('center_axis',(0.,-0.88249225539202,-0.470326927969371));
#2930=DIRECTION('ref_axis',(0.,0.470326927969371,-0.88249225539202));
#2931=DIRECTION('center_axis',(1.,0.,0.));
#2932=DIRECTION('ref_axis',(0.,1.,0.));
#2933=DIRECTION('',(1.,0.,0.));
#2934=DIRECTION('center_axis',(1.,0.,0.));
#2935=DIRECTION('ref_axis',(0.,1.,0.));
#2936=DIRECTION('center_axis',(1.,0.,0.));
#2937=DIRECTION('ref_axis',(0.,1.,0.));
#2938=DIRECTION('center_axis',(-1.,0.,0.));
#2939=DIRECTION('ref_axis',(0.,-0.192714770734087,0.981254817639592));
#2940=DIRECTION('',(-1.,0.,0.));
#2941=DIRECTION('center_axis',(0.,0.437499999999998,-0.899218410621136));
#2942=DIRECTION('ref_axis',(0.,0.899218410621136,0.437499999999998));
#2943=DIRECTION('',(1.,0.,0.));
#2944=DIRECTION('center_axis',(1.,0.,0.));
#2945=DIRECTION('ref_axis',(0.,0.224478940414089,-0.97447894041409));
#2946=DIRECTION('',(-1.,0.,0.));
#2947=DIRECTION('center_axis',(0.,0.,-1.));
#2948=DIRECTION('ref_axis',(0.,1.,0.));
#2949=DIRECTION('center_axis',(1.,0.,0.));
#2950=DIRECTION('ref_axis',(0.,1.,0.));
#2951=DIRECTION('',(0.,1.,0.));
#2952=DIRECTION('center_axis',(1.,0.,0.));
#2953=DIRECTION('ref_axis',(0.,1.,0.));
#2954=DIRECTION('center_axis',(1.,0.,0.));
#2955=DIRECTION('ref_axis',(0.,0.326854698710937,-0.945074603367683));
#2956=DIRECTION('',(0.,0.025518514193624,0.999674349692614));
#2957=DIRECTION('center_axis',(1.,0.,0.));
#2958=DIRECTION('ref_axis',(0.,0.95019250236103,0.31166361426526));
#2959=DIRECTION('center_axis',(-1.,0.,0.));
#2960=DIRECTION('ref_axis',(0.,1.,0.));
#2961=DIRECTION('center_axis',(-1.,0.,0.));
#2962=DIRECTION('ref_axis',(0.,-0.99278092768605,-0.119941775969947));
#2963=DIRECTION('',(0.,0.138213455342369,0.990402464032841));
#2964=DIRECTION('center_axis',(1.,0.,0.));
#2965=DIRECTION('ref_axis',(0.,0.996152353740452,0.0876383941965965));
#2966=DIRECTION('',(0.,-0.309016994374948,0.951056516295154));
#2967=DIRECTION('center_axis',(1.,0.,0.));
#2968=DIRECTION('ref_axis',(0.,0.857416738805983,0.514622712300296));
#2969=DIRECTION('',(0.,-0.693960996415889,0.720012593954763));
#2970=DIRECTION('center_axis',(-1.,0.,0.));
#2971=DIRECTION('ref_axis',(0.,-0.873676649238246,-0.486507052955897));
#2972=DIRECTION('center_axis',(-1.,0.,0.));
#2973=DIRECTION('ref_axis',(0.,1.,0.));
#2974=DIRECTION('center_axis',(-1.,0.,0.));
#2975=DIRECTION('ref_axis',(0.,-0.873676649238242,0.486507052955903));
#2976=DIRECTION('',(0.,0.69396099641589,0.720012593954762));
#2977=DIRECTION('center_axis',(1.,0.,0.));
#2978=DIRECTION('ref_axis',(0.,0.857416738805984,-0.514622712300293));
#2979=DIRECTION('',(0.,0.309016994374947,0.951056516295154));
#2980=DIRECTION('center_axis',(1.,0.,0.));
#2981=DIRECTION('ref_axis',(0.,0.996152353740452,-0.0876383941965942));
#2982=DIRECTION('',(0.,-0.138213455342368,0.990402464032841));
#2983=DIRECTION('center_axis',(-1.,0.,0.));
#2984=DIRECTION('ref_axis',(0.,-0.992780927686051,0.119941775969946));
#2985=DIRECTION('center_axis',(-1.,0.,0.));
#2986=DIRECTION('ref_axis',(0.,1.,0.));
#2987=DIRECTION('center_axis',(-1.,0.,0.));
#2988=DIRECTION('ref_axis',(0.,-0.420857585958545,0.90712672341914));
#2989=DIRECTION('',(0.,0.984639023725285,0.174602385313942));
#2990=DIRECTION('center_axis',(1.,0.,0.));
#2991=DIRECTION('ref_axis',(0.,0.391177072170719,-0.920315434081133));
#2992=DIRECTION('',(0.,0.809016994374947,0.587785252292473));
#2993=DIRECTION('center_axis',(1.,0.,0.));
#2994=DIRECTION('ref_axis',(0.,0.754391627519279,-0.656424612829846));
#2995=DIRECTION('',(0.,0.470326927969372,0.882492255392019));
#2996=DIRECTION('center_axis',(-1.,0.,0.));
#2997=DIRECTION('ref_axis',(0.,-0.732676635140429,0.68057692314631));
#2998=DIRECTION('center_axis',(-1.,0.,0.));
#2999=DIRECTION('ref_axis',(0.,1.,0.));
#3000=DIRECTION('center_axis',(-1.,0.,0.));
#3001=DIRECTION('ref_axis',(0.,0.192714770734087,0.981254817639592));
#3002=DIRECTION('',(0.,0.899218410621135,-0.437499999999999));
#3003=DIRECTION('center_axis',(1.,0.,0.));
#3004=DIRECTION('ref_axis',(0.,-0.22447894041409,-0.97447894041409));
#3005=DIRECTION('',(0.,1.,0.));
#3006=DIRECTION('',(0.,0.,1.));
#3007=DIRECTION('center_axis',(0.,0.,-1.));
#3008=DIRECTION('ref_axis',(0.,1.,0.));
#3009=DIRECTION('',(0.,1.,0.));
#3010=DIRECTION('',(-1.,0.,0.));
#3011=DIRECTION('',(0.,-1.,0.));
#3012=DIRECTION('center_axis',(0.,0.,-1.));
#3013=DIRECTION('ref_axis',(0.,1.,0.));
#3014=DIRECTION('',(-1.,0.,0.));
#3015=DIRECTION('',(0.,1.,0.));
#3016=DIRECTION('',(1.,0.,0.));
#3017=DIRECTION('',(0.,-1.,0.));
#3018=DIRECTION('center_axis',(0.,1.,0.));
#3019=DIRECTION('ref_axis',(-0.707106781186548,0.,-0.707106781186547));
#3020=DIRECTION('center_axis',(0.,-0.866025403784439,-0.5));
#3021=DIRECTION('ref_axis',(-1.20185167898973E-16,0.5,-0.866025403784439));
#3022=DIRECTION('',(0.,1.,0.));
#3023=DIRECTION('center_axis',(0.,1.,0.));
#3024=DIRECTION('ref_axis',(-0.707106781186548,0.,-0.707106781186547));
#3025=DIRECTION('',(0.,1.,0.));
#3026=DIRECTION('center_axis',(0.,0.866025403784439,0.5));
#3027=DIRECTION('ref_axis',(0.,-0.5,0.866025403784439));
#3028=DIRECTION('',(0.,0.5,-0.866025403784439));
#3029=DIRECTION('',(-1.,0.,0.));
#3030=DIRECTION('',(0.,-0.5,0.866025403784439));
#3031=DIRECTION('center_axis',(0.,-0.866025403784439,-0.5));
#3032=DIRECTION('ref_axis',(-1.20185167898973E-16,0.5,-0.866025403784439));
#3033=DIRECTION('center_axis',(0.,-0.5,0.866025403784439));
#3034=DIRECTION('ref_axis',(-0.707106781186549,0.612372435695793,0.353553390593273));
#3035=DIRECTION('',(0.,-0.5,0.866025403784439));
#3036=DIRECTION('center_axis',(0.,0.500000000000001,-0.866025403784438));
#3037=DIRECTION('ref_axis',(-1.,0.,0.));
#3038=DIRECTION('center_axis',(0.,1.,0.));
#3039=DIRECTION('ref_axis',(0.70710678118655,0.,-0.707106781186545));
#3040=DIRECTION('',(0.,-1.,0.));
#3041=DIRECTION('center_axis',(0.,1.,0.));
#3042=DIRECTION('ref_axis',(0.70710678118655,0.,-0.707106781186545));
#3043=DIRECTION('center_axis',(0.,-1.,0.));
#3044=DIRECTION('ref_axis',(0.,0.,-1.));
#3045=DIRECTION('',(0.,0.,-1.));
#3046=DIRECTION('',(1.,0.,0.));
#3047=DIRECTION('',(0.,0.,1.));
#3048=DIRECTION('center_axis',(0.,0.,-1.));
#3049=DIRECTION('ref_axis',(0.707106781186546,-0.707106781186549,0.));
#3050=DIRECTION('',(0.,0.,1.));
#3051=DIRECTION('center_axis',(0.,0.,-1.));
#3052=DIRECTION('ref_axis',(1.,0.,0.));
#3053=DIRECTION('center_axis',(1.,0.,0.));
#3054=DIRECTION('ref_axis',(0.,0.,-1.));
#3055=DIRECTION('center_axis',(0.,1.,0.));
#3056=DIRECTION('ref_axis',(-1.,0.,0.));
#3057=DIRECTION('center_axis',(-1.,0.,0.));
#3058=DIRECTION('ref_axis',(0.,0.499999999999998,0.86602540378444));
#3059=DIRECTION('center_axis',(1.,0.,0.));
#3060=DIRECTION('ref_axis',(0.,0.499999999999998,0.86602540378444));
#3061=DIRECTION('center_axis',(0.,-1.,2.61976042308517E-16));
#3062=DIRECTION('ref_axis',(-0.707106781186549,0.,0.707106781186546));
#3063=DIRECTION('center_axis',(0.,1.,-1.11022302462516E-15));
#3064=DIRECTION('ref_axis',(-1.,0.,0.));
#3065=DIRECTION('',(0.,1.,-2.61976042308517E-16));
#3066=DIRECTION('',(0.,-1.,2.61976042308517E-16));
#3067=DIRECTION('center_axis',(1.,0.,0.));
#3068=DIRECTION('ref_axis',(0.,0.,-1.));
#3069=DIRECTION('center_axis',(0.,0.,1.));
#3070=DIRECTION('ref_axis',(-1.,0.,0.));
#3071=DIRECTION('center_axis',(-1.,0.,0.));
#3072=DIRECTION('ref_axis',(0.,-0.707106781186547,0.707106781186548));
#3073=DIRECTION('center_axis',(1.,0.,0.));
#3074=DIRECTION('ref_axis',(0.,-0.707106781186547,0.707106781186548));
#3075=DIRECTION('center_axis',(0.,0.,-1.));
#3076=DIRECTION('ref_axis',(-0.707106781186547,-0.707106781186548,0.));
#3077=DIRECTION('',(0.,0.,-1.));
#3078=DIRECTION('center_axis',(1.,0.,0.));
#3079=DIRECTION('ref_axis',(0.,1.,0.));
#3080=DIRECTION('center_axis',(-1.,0.,0.));
#3081=DIRECTION('ref_axis',(0.,0.,1.));
#3082=DIRECTION('center_axis',(0.,-1.,1.11022302462516E-15));
#3083=DIRECTION('ref_axis',(1.,0.,0.));
#3084=DIRECTION('center_axis',(1.,0.,0.));
#3085=DIRECTION('ref_axis',(0.,-0.707106781186547,0.707106781186548));
#3086=DIRECTION('center_axis',(-1.,0.,0.));
#3087=DIRECTION('ref_axis',(0.,-0.707106781186547,0.707106781186548));
#3088=DIRECTION('center_axis',(0.,-1.,2.61976042308517E-16));
#3089=DIRECTION('ref_axis',(0.707106781186548,0.,0.707106781186548));
#3090=DIRECTION('center_axis',(0.,-1.,0.));
#3091=DIRECTION('ref_axis',(1.,0.,0.));
#3092=DIRECTION('',(0.,-1.,2.61976042308517E-16));
#3093=DIRECTION('',(0.,1.,-2.61976042308517E-16));
#3094=DIRECTION('center_axis',(-1.,0.,0.));
#3095=DIRECTION('ref_axis',(0.,0.,1.));
#3096=DIRECTION('center_axis',(0.,-0.5,0.866025403784439));
#3097=DIRECTION('ref_axis',(1.,0.,0.));
#3098=DIRECTION('center_axis',(1.,0.,0.));
#3099=DIRECTION('ref_axis',(0.,0.499999999999998,0.86602540378444));
#3100=DIRECTION('center_axis',(-1.,0.,0.));
#3101=DIRECTION('ref_axis',(0.,0.499999999999998,0.86602540378444));
#3102=DIRECTION('center_axis',(0.,0.5,-0.866025403784439));
#3103=DIRECTION('ref_axis',(0.707106781186548,0.612372435695794,0.353553390593274));
#3104=DIRECTION('',(0.,0.5,-0.866025403784439));
#3105=DIRECTION('center_axis',(1.,0.,0.));
#3106=DIRECTION('ref_axis',(0.,0.,-1.));
#3107=DIRECTION('center_axis',(1.,0.,0.));
#3108=DIRECTION('ref_axis',(0.,0.499999999999999,0.866025403784439));
#3109=DIRECTION('',(1.,0.,0.));
#3110=DIRECTION('center_axis',(0.,2.61976042308517E-16,1.));
#3111=DIRECTION('ref_axis',(0.,-1.,2.61976042308517E-16));
#3112=DIRECTION('',(-1.,0.,0.));
#3113=DIRECTION('',(0.,-1.,2.61976042308517E-16));
#3114=DIRECTION('',(1.,0.,0.));
#3115=DIRECTION('',(0.,-1.,2.61976042308517E-16));
#3116=DIRECTION('',(1.,0.,0.));
#3117=DIRECTION('',(0.,-1.,2.61976042308517E-16));
#3118=DIRECTION('',(1.,0.,0.));
#3119=DIRECTION('',(0.,-1.,2.61976042308517E-16));
#3120=DIRECTION('',(1.,0.,0.));
#3121=DIRECTION('',(0.,-1.,2.61976042308517E-16));
#3122=DIRECTION('',(1.,0.,0.));
#3123=DIRECTION('',(0.,-1.,2.61976042308517E-16));
#3124=DIRECTION('',(1.,0.,0.));
#3125=DIRECTION('',(0.,-1.,2.61976042308517E-16));
#3126=DIRECTION('',(1.,0.,0.));
#3127=DIRECTION('',(0.,-1.,2.61976042308517E-16));
#3128=DIRECTION('',(1.,0.,0.));
#3129=DIRECTION('',(0.,-1.,2.61976042308517E-16));
#3130=DIRECTION('',(1.,0.,0.));
#3131=DIRECTION('',(0.,-1.,2.61976042308517E-16));
#3132=DIRECTION('',(1.,0.,0.));
#3133=DIRECTION('',(0.,-1.,2.61976042308517E-16));
#3134=DIRECTION('',(1.,0.,0.));
#3135=DIRECTION('',(0.,-1.,2.61976042308517E-16));
#3136=DIRECTION('',(1.,0.,0.));
#3137=DIRECTION('',(0.,-1.,2.61976042308517E-16));
#3138=DIRECTION('',(1.,0.,0.));
#3139=DIRECTION('',(0.,-1.,2.61976042308517E-16));
#3140=DIRECTION('',(1.,0.,0.));
#3141=DIRECTION('',(0.,-1.,2.61976042308517E-16));
#3142=DIRECTION('',(1.,0.,0.));
#3143=DIRECTION('',(0.,-1.,2.61976042308517E-16));
#3144=DIRECTION('',(1.,0.,0.));
#3145=DIRECTION('center_axis',(1.,0.,0.));
#3146=DIRECTION('ref_axis',(0.,-0.707106781186547,0.707106781186548));
#3147=DIRECTION('center_axis',(1.,0.,0.));
#3148=DIRECTION('ref_axis',(0.,1.,0.));
#3149=DIRECTION('',(0.,-0.5,0.866025403784439));
#3150=DIRECTION('',(0.,0.866025403784439,0.499999999999999));
#3151=DIRECTION('',(0.,0.5,-0.866025403784439));
#3152=DIRECTION('center_axis',(1.,0.,0.));
#3153=DIRECTION('ref_axis',(0.,1.,0.));
#3154=DIRECTION('',(0.,0.5,-0.866025403784439));
#3155=DIRECTION('',(0.,-0.5,0.866025403784439));
#3156=DIRECTION('',(0.,0.866025403784439,0.499999999999999));
#3157=DIRECTION('center_axis',(0.,0.866025403784439,0.5));
#3158=DIRECTION('ref_axis',(0.,-0.5,0.866025403784439));
#3159=DIRECTION('',(1.,0.,0.));
#3160=DIRECTION('',(0.,-0.5,0.866025403784439));
#3161=DIRECTION('center_axis',(1.,0.,0.));
#3162=DIRECTION('ref_axis',(0.,1.,0.));
#3163=DIRECTION('',(0.,0.5,-0.866025403784439));
#3164=DIRECTION('',(0.,-0.5,0.866025403784439));
#3165=DIRECTION('',(0.,0.866025403784439,0.499999999999999));
#3166=DIRECTION('center_axis',(0.,0.866025403784439,0.5));
#3167=DIRECTION('ref_axis',(0.,-0.5,0.866025403784439));
#3168=DIRECTION('',(1.,0.,0.));
#3169=DIRECTION('',(0.,-0.5,0.866025403784439));
#3170=DIRECTION('center_axis',(1.,0.,0.));
#3171=DIRECTION('ref_axis',(0.,1.,0.));
#3172=DIRECTION('',(0.,0.5,-0.866025403784439));
#3173=DIRECTION('',(0.,-0.5,0.866025403784439));
#3174=DIRECTION('',(0.,0.866025403784438,0.500000000000001));
#3175=DIRECTION('center_axis',(0.,0.866025403784439,0.5));
#3176=DIRECTION('ref_axis',(0.,-0.5,0.866025403784439));
#3177=DIRECTION('',(1.,0.,0.));
#3178=DIRECTION('',(0.,-0.5,0.866025403784439));
#3179=DIRECTION('center_axis',(1.,0.,0.));
#3180=DIRECTION('ref_axis',(0.,0.,-1.));
#3181=DIRECTION('',(0.,-0.866025403784439,-0.499999999999999));
#3182=DIRECTION('',(0.,0.5,-0.866025403784439));
#3183=DIRECTION('center_axis',(1.,0.,0.));
#3184=DIRECTION('ref_axis',(0.,1.,0.));
#3185=DIRECTION('',(0.,0.5,-0.866025403784439));
#3186=DIRECTION('',(0.,-0.5,0.866025403784439));
#3187=DIRECTION('',(0.,0.866025403784439,0.499999999999999));
#3188=DIRECTION('center_axis',(0.,-0.866025403784439,-0.5));
#3189=DIRECTION('ref_axis',(0.,0.5,-0.866025403784439));
#3190=DIRECTION('',(0.,0.5,-0.866025403784439));
#3191=DIRECTION('',(1.,0.,0.));
#3192=DIRECTION('center_axis',(0.,-0.866025403784439,-0.5));
#3193=DIRECTION('ref_axis',(0.,0.5,-0.866025403784439));
#3194=DIRECTION('',(1.,0.,0.));
#3195=DIRECTION('center_axis',(0.,0.866025403784439,0.5));
#3196=DIRECTION('ref_axis',(0.,-0.5,0.866025403784439));
#3197=DIRECTION('',(1.,0.,0.));
#3198=DIRECTION('',(0.,-0.5,0.866025403784439));
#3199=DIRECTION('center_axis',(0.,-0.499999999999999,0.866025403784439));
#3200=DIRECTION('ref_axis',(0.,-0.866025403784439,-0.499999999999999));
#3201=DIRECTION('',(0.,-0.866025403784439,-0.499999999999999));
#3202=DIRECTION('center_axis',(0.,-0.499999999999999,0.866025403784439));
#3203=DIRECTION('ref_axis',(0.,-0.866025403784439,-0.499999999999999));
#3204=DIRECTION('center_axis',(1.,0.,0.));
#3205=DIRECTION('ref_axis',(0.,0.,-1.));
#3206=DIRECTION('',(0.,-0.866025403784439,-0.499999999999999));
#3207=DIRECTION('',(0.,0.5,-0.866025403784439));
#3208=DIRECTION('center_axis',(1.,0.,0.));
#3209=DIRECTION('ref_axis',(0.,1.,0.));
#3210=DIRECTION('',(0.,0.5,-0.866025403784439));
#3211=DIRECTION('',(0.,-0.5,0.866025403784439));
#3212=DIRECTION('',(0.,0.866025403784439,0.499999999999999));
#3213=DIRECTION('center_axis',(0.,-0.866025403784439,-0.5));
#3214=DIRECTION('ref_axis',(0.,0.5,-0.866025403784439));
#3215=DIRECTION('',(0.,0.5,-0.866025403784439));
#3216=DIRECTION('',(1.,0.,0.));
#3217=DIRECTION('center_axis',(0.,-0.866025403784439,-0.5));
#3218=DIRECTION('ref_axis',(0.,0.5,-0.866025403784439));
#3219=DIRECTION('',(1.,0.,0.));
#3220=DIRECTION('center_axis',(0.,0.866025403784439,0.5));
#3221=DIRECTION('ref_axis',(0.,-0.5,0.866025403784439));
#3222=DIRECTION('',(1.,0.,0.));
#3223=DIRECTION('',(0.,-0.5,0.866025403784439));
#3224=DIRECTION('center_axis',(0.,-0.499999999999999,0.866025403784439));
#3225=DIRECTION('ref_axis',(0.,-0.866025403784439,-0.499999999999999));
#3226=DIRECTION('',(0.,-0.866025403784439,-0.499999999999999));
#3227=DIRECTION('center_axis',(0.,-0.499999999999999,0.866025403784439));
#3228=DIRECTION('ref_axis',(0.,-0.866025403784439,-0.499999999999999));
#3229=DIRECTION('center_axis',(1.,0.,0.));
#3230=DIRECTION('ref_axis',(0.,0.,-1.));
#3231=DIRECTION('',(0.,-0.866025403784438,-0.500000000000001));
#3232=DIRECTION('',(0.,0.5,-0.866025403784439));
#3233=DIRECTION('center_axis',(1.,0.,0.));
#3234=DIRECTION('ref_axis',(0.,1.,0.));
#3235=DIRECTION('',(0.,0.5,-0.866025403784439));
#3236=DIRECTION('',(0.,-0.5,0.866025403784439));
#3237=DIRECTION('',(0.,0.866025403784438,0.500000000000001));
#3238=DIRECTION('center_axis',(0.,-0.866025403784439,-0.5));
#3239=DIRECTION('ref_axis',(0.,0.5,-0.866025403784439));
#3240=DIRECTION('',(0.,0.5,-0.866025403784439));
#3241=DIRECTION('',(1.,0.,0.));
#3242=DIRECTION('center_axis',(0.,-0.866025403784439,-0.5));
#3243=DIRECTION('ref_axis',(0.,0.5,-0.866025403784439));
#3244=DIRECTION('',(1.,0.,0.));
#3245=DIRECTION('center_axis',(0.,0.866025403784439,0.5));
#3246=DIRECTION('ref_axis',(0.,-0.5,0.866025403784439));
#3247=DIRECTION('',(1.,0.,0.));
#3248=DIRECTION('',(0.,-0.5,0.866025403784439));
#3249=DIRECTION('center_axis',(0.,-0.500000000000001,0.866025403784438));
#3250=DIRECTION('ref_axis',(0.,-0.866025403784438,-0.500000000000001));
#3251=DIRECTION('',(0.,-0.866025403784438,-0.500000000000001));
#3252=DIRECTION('center_axis',(0.,-0.500000000000001,0.866025403784438));
#3253=DIRECTION('ref_axis',(0.,-0.866025403784438,-0.500000000000001));
#3254=DIRECTION('center_axis',(1.,0.,0.));
#3255=DIRECTION('ref_axis',(0.,0.,-1.));
#3256=DIRECTION('',(0.,-0.5,0.866025403784439));
#3257=DIRECTION('',(0.,-0.866025403784439,-0.499999999999999));
#3258=DIRECTION('',(0.,0.5,-0.866025403784439));
#3259=DIRECTION('center_axis',(1.,0.,0.));
#3260=DIRECTION('ref_axis',(0.,1.,0.));
#3261=DIRECTION('',(0.,-0.5,0.866025403784439));
#3262=DIRECTION('',(0.,0.866025403784439,0.499999999999999));
#3263=DIRECTION('',(0.,0.5,-0.866025403784439));
#3264=DIRECTION('center_axis',(0.,-0.866025403784439,-0.5));
#3265=DIRECTION('ref_axis',(0.,0.5,-0.866025403784439));
#3266=DIRECTION('',(1.,0.,0.));
#3267=DIRECTION('center_axis',(0.,-0.499999999999999,0.866025403784439));
#3268=DIRECTION('ref_axis',(0.,-0.866025403784439,-0.499999999999999));
#3269=DIRECTION('',(1.,0.,0.));
#3270=DIRECTION('center_axis',(0.,0.866025403784439,0.5));
#3271=DIRECTION('ref_axis',(0.,-0.5,0.866025403784439));
#3272=DIRECTION('center_axis',(1.,0.,0.));
#3273=DIRECTION('ref_axis',(0.,0.,-1.));
#3274=DIRECTION('',(0.,-0.5,0.866025403784439));
#3275=DIRECTION('',(0.,-0.866025403784439,-0.499999999999999));
#3276=DIRECTION('',(0.,0.5,-0.866025403784439));
#3277=DIRECTION('center_axis',(0.,-0.866025403784439,-0.5));
#3278=DIRECTION('ref_axis',(0.,0.5,-0.866025403784439));
#3279=DIRECTION('',(1.,0.,0.));
#3280=DIRECTION('center_axis',(0.,-0.499999999999999,0.866025403784439));
#3281=DIRECTION('ref_axis',(0.,-0.866025403784439,-0.499999999999999));
#3282=DIRECTION('',(1.,0.,0.));
#3283=DIRECTION('center_axis',(0.,0.866025403784439,0.5));
#3284=DIRECTION('ref_axis',(0.,-0.5,0.866025403784439));
#3285=DIRECTION('center_axis',(1.,0.,0.));
#3286=DIRECTION('ref_axis',(0.,0.,-1.));
#3287=DIRECTION('center_axis',(1.,0.,0.));
#3288=DIRECTION('ref_axis',(0.,0.,-1.));
#3289=DIRECTION('center_axis',(1.,0.,0.));
#3290=DIRECTION('ref_axis',(0.,0.,-1.));
#3291=DIRECTION('center_axis',(1.,0.,0.));
#3292=DIRECTION('ref_axis',(0.,-0.969892903382555,0.243531837688953));
#3293=DIRECTION('center_axis',(1.,0.,0.));
#3294=DIRECTION('ref_axis',(0.,1.,0.));
#3295=DIRECTION('',(-1.,0.,0.));
#3296=DIRECTION('center_axis',(0.,-0.437499999999999,-0.899218410621135));
#3297=DIRECTION('ref_axis',(0.,0.899218410621135,-0.437499999999999));
#3298=DIRECTION('',(-1.,0.,0.));
#3299=DIRECTION('',(1.,0.,0.));
#3300=DIRECTION('',(0.,0.899218410621135,-0.437499999999999));
#3301=DIRECTION('center_axis',(1.,0.,0.));
#3302=DIRECTION('ref_axis',(0.,0.192714770734087,0.981254817639592));
#3303=DIRECTION('center_axis',(-1.,0.,0.));
#3304=DIRECTION('ref_axis',(0.,0.192714770734087,0.981254817639592));
#3305=DIRECTION('',(-1.,0.,0.));
#3306=DIRECTION('center_axis',(1.,0.,0.));
#3307=DIRECTION('ref_axis',(0.,-0.22447894041409,-0.97447894041409));
#3308=DIRECTION('center_axis',(1.,0.,0.));
#3309=DIRECTION('ref_axis',(0.,-0.22447894041409,-0.97447894041409));
#3310=DIRECTION('',(1.,0.,0.));
#3311=DIRECTION('center_axis',(1.,0.,0.));
#3312=DIRECTION('ref_axis',(0.,1.,0.));
#3313=DIRECTION('',(1.,0.,0.));
#3314=DIRECTION('center_axis',(-1.,0.,0.));
#3315=DIRECTION('ref_axis',(0.,1.,0.));
#3316=DIRECTION('center_axis',(1.,0.,0.));
#3317=DIRECTION('ref_axis',(0.,1.,0.));
#3318=DIRECTION('',(-1.,0.,0.));
#3319=DIRECTION('',(1.,0.,0.));
#3320=DIRECTION('center_axis',(-1.,0.,0.));
#3321=DIRECTION('ref_axis',(0.,1.,0.));
#3322=DIRECTION('center_axis',(1.,0.,0.));
#3323=DIRECTION('ref_axis',(0.,-1.,1.22464679914735E-16));
#3324=DIRECTION('',(-1.,0.,0.));
#3325=DIRECTION('',(1.,0.,0.));
#3326=DIRECTION('center_axis',(-1.,0.,0.));
#3327=DIRECTION('ref_axis',(0.,1.,0.));
#3328=DIRECTION('center_axis',(1.,0.,0.));
#3329=DIRECTION('ref_axis',(0.,-0.99278092768605,-0.119941775969947));
#3330=DIRECTION('center_axis',(-1.,0.,0.));
#3331=DIRECTION('ref_axis',(0.,-0.99278092768605,-0.119941775969947));
#3332=DIRECTION('',(1.,0.,0.));
#3333=DIRECTION('',(-1.,0.,0.));
#3334=DIRECTION('center_axis',(0.,0.990402464032841,-0.138213455342369));
#3335=DIRECTION('ref_axis',(0.,0.138213455342369,0.990402464032841));
#3336=DIRECTION('',(-1.,0.,0.));
#3337=DIRECTION('',(0.,0.138213455342369,0.990402464032841));
#3338=DIRECTION('center_axis',(1.,0.,0.));
#3339=DIRECTION('ref_axis',(0.,0.996152353740452,0.0876383941965965));
#3340=DIRECTION('center_axis',(1.,0.,0.));
#3341=DIRECTION('ref_axis',(0.,0.996152353740452,0.0876383941965965));
#3342=DIRECTION('',(1.,0.,0.));
#3343=DIRECTION('center_axis',(0.,0.951056516295154,0.309016994374948));
#3344=DIRECTION('ref_axis',(0.,-0.309016994374948,0.951056516295154));
#3345=DIRECTION('',(-1.,0.,0.));
#3346=DIRECTION('',(0.,-0.309016994374948,0.951056516295154));
#3347=DIRECTION('center_axis',(1.,0.,0.));
#3348=DIRECTION('ref_axis',(0.,0.857416738805983,0.514622712300296));
#3349=DIRECTION('center_axis',(1.,0.,0.));
#3350=DIRECTION('ref_axis',(0.,0.857416738805983,0.514622712300296));
#3351=DIRECTION('',(1.,0.,0.));
#3352=DIRECTION('center_axis',(0.,0.720012593954763,0.693960996415889));
#3353=DIRECTION('ref_axis',(0.,-0.693960996415889,0.720012593954763));
#3354=DIRECTION('',(-1.,0.,0.));
#3355=DIRECTION('',(0.,-0.693960996415889,0.720012593954763));
#3356=DIRECTION('center_axis',(-1.,0.,0.));
#3357=DIRECTION('ref_axis',(0.,-0.873676649238246,-0.486507052955897));
#3358=DIRECTION('center_axis',(-1.,0.,0.));
#3359=DIRECTION('ref_axis',(0.,-0.873676649238246,-0.486507052955897));
#3360=DIRECTION('center_axis',(1.,0.,0.));
#3361=DIRECTION('ref_axis',(0.,-0.873676649238242,0.486507052955903));
#3362=DIRECTION('center_axis',(-1.,0.,0.));
#3363=DIRECTION('ref_axis',(0.,-0.873676649238242,0.486507052955903));
#3364=DIRECTION('',(1.,0.,0.));
#3365=DIRECTION('center_axis',(0.,0.720012593954762,-0.69396099641589));
#3366=DIRECTION('ref_axis',(0.,0.69396099641589,0.720012593954762));
#3367=DIRECTION('',(-1.,0.,0.));
#3368=DIRECTION('',(0.,0.69396099641589,0.720012593954762));
#3369=DIRECTION('center_axis',(1.,0.,0.));
#3370=DIRECTION('ref_axis',(0.,0.857416738805984,-0.514622712300293));
#3371=DIRECTION('center_axis',(1.,0.,0.));
#3372=DIRECTION('ref_axis',(0.,0.857416738805984,-0.514622712300293));
#3373=DIRECTION('',(1.,0.,0.));
#3374=DIRECTION('center_axis',(0.,0.951056516295154,-0.309016994374947));
#3375=DIRECTION('ref_axis',(0.,0.309016994374947,0.951056516295154));
#3376=DIRECTION('',(-1.,0.,0.));
#3377=DIRECTION('',(0.,0.309016994374947,0.951056516295154));
#3378=DIRECTION('center_axis',(1.,0.,0.));
#3379=DIRECTION('ref_axis',(0.,0.996152353740452,-0.0876383941965942));
#3380=DIRECTION('center_axis',(1.,0.,0.));
#3381=DIRECTION('ref_axis',(0.,0.996152353740452,-0.0876383941965942));
#3382=DIRECTION('',(1.,0.,0.));
#3383=DIRECTION('center_axis',(0.,0.990402464032841,0.138213455342368));
#3384=DIRECTION('ref_axis',(0.,-0.138213455342368,0.990402464032841));
#3385=DIRECTION('',(-1.,0.,0.));
#3386=DIRECTION('',(0.,-0.138213455342368,0.990402464032841));
#3387=DIRECTION('center_axis',(-1.,0.,0.));
#3388=DIRECTION('ref_axis',(0.,-0.992780927686051,0.119941775969946));
#3389=DIRECTION('center_axis',(-1.,0.,0.));
#3390=DIRECTION('ref_axis',(0.,-0.992780927686051,0.119941775969946));
#3391=DIRECTION('center_axis',(1.,0.,0.));
#3392=DIRECTION('ref_axis',(0.,-0.420857585958545,0.90712672341914));
#3393=DIRECTION('center_axis',(-1.,0.,0.));
#3394=DIRECTION('ref_axis',(0.,-0.420857585958545,0.90712672341914));
#3395=DIRECTION('',(1.,0.,0.));
#3396=DIRECTION('center_axis',(0.,0.174602385313942,-0.984639023725285));
#3397=DIRECTION('ref_axis',(0.,0.984639023725285,0.174602385313942));
#3398=DIRECTION('',(-1.,0.,0.));
#3399=DIRECTION('',(0.,0.984639023725285,0.174602385313942));
#3400=DIRECTION('center_axis',(1.,0.,0.));
#3401=DIRECTION('ref_axis',(0.,0.391177072170719,-0.920315434081133));
#3402=DIRECTION('center_axis',(1.,0.,0.));
#3403=DIRECTION('ref_axis',(0.,0.391177072170719,-0.920315434081133));
#3404=DIRECTION('',(1.,0.,0.));
#3405=DIRECTION('center_axis',(0.,0.587785252292473,-0.809016994374947));
#3406=DIRECTION('ref_axis',(0.,0.809016994374947,0.587785252292473));
#3407=DIRECTION('',(-1.,0.,0.));
#3408=DIRECTION('',(0.,0.809016994374947,0.587785252292473));
#3409=DIRECTION('center_axis',(1.,0.,0.));
#3410=DIRECTION('ref_axis',(0.,0.754391627519279,-0.656424612829846));
#3411=DIRECTION('center_axis',(1.,0.,0.));
#3412=DIRECTION('ref_axis',(0.,0.754391627519279,-0.656424612829846));
#3413=DIRECTION('',(1.,0.,0.));
#3414=DIRECTION('center_axis',(0.,0.882492255392019,-0.470326927969372));
#3415=DIRECTION('ref_axis',(0.,0.470326927969372,0.882492255392019));
#3416=DIRECTION('',(-1.,0.,0.));
#3417=DIRECTION('',(0.,0.470326927969372,0.882492255392019));
#3418=DIRECTION('center_axis',(-1.,0.,0.));
#3419=DIRECTION('ref_axis',(0.,-0.732676635140429,0.68057692314631));
#3420=DIRECTION('center_axis',(-1.,0.,0.));
#3421=DIRECTION('ref_axis',(0.,-0.732676635140429,0.68057692314631));
#3422=DIRECTION('center_axis',(1.,0.,0.));
#3423=DIRECTION('ref_axis',(0.,1.,0.));
#3424=DIRECTION('',(0.,0.,1.));
#3425=DIRECTION('',(0.,1.,0.));
#3426=DIRECTION('center_axis',(-1.,0.,0.));
#3427=DIRECTION('ref_axis',(0.,1.,0.));
#3428=DIRECTION('center_axis',(1.,0.,0.));
#3429=DIRECTION('ref_axis',(0.,0.95019250236103,0.31166361426526));
#3430=DIRECTION('',(0.,0.025518514193624,0.999674349692614));
#3431=DIRECTION('center_axis',(1.,0.,0.));
#3432=DIRECTION('ref_axis',(0.,0.326854698710937,-0.945074603367683));
#3433=DIRECTION('center_axis',(1.,0.,0.));
#3434=DIRECTION('ref_axis',(0.,1.,0.));
#3435=DIRECTION('',(1.,0.,0.));
#3436=DIRECTION('center_axis',(1.,0.,0.));
#3437=DIRECTION('ref_axis',(0.,0.326854698710937,-0.945074603367683));
#3438=DIRECTION('',(1.,0.,0.));
#3439=DIRECTION('center_axis',(0.,0.999674349692614,-0.025518514193624));
#3440=DIRECTION('ref_axis',(0.,0.025518514193624,0.999674349692614));
#3441=DIRECTION('',(1.,0.,0.));
#3442=DIRECTION('center_axis',(1.,0.,0.));
#3443=DIRECTION('ref_axis',(0.,0.95019250236103,0.31166361426526));
#3444=DIRECTION('center_axis',(0.,0.,-1.));
#3445=DIRECTION('ref_axis',(0.,1.,0.));
#3446=DIRECTION('',(-1.,0.,0.));
#3447=DIRECTION('center_axis',(0.,1.,0.));
#3448=DIRECTION('ref_axis',(0.,0.,1.));
#3449=CARTESIAN_POINT('',(0.,0.,0.));
#3450=CARTESIAN_POINT('Origin',(58.,56.2483392920401,0.499999999999998));
#3451=CARTESIAN_POINT('',(58.,56.2483392920401,13.));
#3452=CARTESIAN_POINT('',(58.,61.3473588056328,13.));
#3453=CARTESIAN_POINT('',(58.,16.9515199152097,13.));
#3454=CARTESIAN_POINT('',(58.,56.2483392920401,12.3999997261912));
#3455=CARTESIAN_POINT('',(58.,56.2483392920401,1.67757579556305));
#3456=CARTESIAN_POINT('',(58.,56.2918192240877,12.3999997261912));
#3457=CARTESIAN_POINT('',(58.,56.167714020537,12.3999997261912));
#3458=CARTESIAN_POINT('',(58.,56.3623663366502,12.4162508122029));
#3459=CARTESIAN_POINT('Origin',(58.,56.2918192240877,12.5612502691912));
#3460=CARTESIAN_POINT('',(58.,56.9625316061773,12.7082514010662));
#3461=CARTESIAN_POINT('',(58.,56.3289645635432,12.3999997261912));
#3462=CARTESIAN_POINT('',(58.,57.0435462744716,12.7241623784655));
#3463=CARTESIAN_POINT('Origin',(58.,57.0330787187398,12.563251944078));
#3464=CARTESIAN_POINT('',(58.,62.7901856968978,10.8569660429708));
#3465=CARTESIAN_POINT('Origin',(58.,56.2483392920401,0.499999999999998));
#3466=CARTESIAN_POINT('',(58.,62.8463757024767,10.7964745646148));
#3467=CARTESIAN_POINT('Origin',(58.,62.7040733471014,10.7206340920923));
#3468=CARTESIAN_POINT('',(58.,63.1602859651632,10.2074728314908));
#3469=CARTESIAN_POINT('',(58.,62.8014948761821,10.8806861614111));
#3470=CARTESIAN_POINT('',(58.,63.2078076294389,10.1528588743742));
#3471=CARTESIAN_POINT('Origin',(58.,63.3025883205384,10.2833133040134));
#3472=CARTESIAN_POINT('',(58.,63.2781596373205,10.1017451487176));
#3473=CARTESIAN_POINT('',(58.,63.1777564185576,10.1746923570975));
#3474=CARTESIAN_POINT('',(58.,63.3447855989791,10.0734260011221));
#3475=CARTESIAN_POINT('Origin',(58.,63.3729403284201,10.2321995783568));
#3476=CARTESIAN_POINT('',(58.,64.0019631412547,9.95689114551381));
#3477=CARTESIAN_POINT('',(58.,63.3082108482018,10.0799116659943));
#3478=CARTESIAN_POINT('',(58.,64.0768576225633,9.92214416938422));
#3479=CARTESIAN_POINT('Origin',(58.,63.9738084118138,9.79811756827912));
#3480=CARTESIAN_POINT('',(58.,67.6284761067128,5.03376069938966));
#3481=CARTESIAN_POINT('Origin',(58.,56.2483392920401,0.499999999999998));
#3482=CARTESIAN_POINT('',(58.,67.6383787772731,4.95179440877938));
#3483=CARTESIAN_POINT('Origin',(58.,67.4786758421593,4.97408140350324));
#3484=CARTESIAN_POINT('',(58.,67.5461309821902,4.29077017401536));
#3485=CARTESIAN_POINT('',(58.,67.6515677607481,5.04630330951764));
#3486=CARTESIAN_POINT('',(58.,67.5524755376277,4.2186540211523));
#3487=CARTESIAN_POINT('Origin',(58.,67.705833917304,4.26848317929149));
#3488=CARTESIAN_POINT('',(58.,67.5793476134617,4.13595027574828));
#3489=CARTESIAN_POINT('',(58.,67.5409969964742,4.25398133829137));
#3490=CARTESIAN_POINT('',(58.,67.616603571396,4.07387784639458));
#3491=CARTESIAN_POINT('Origin',(58.,67.732705993138,4.18577943388747));
#3492=CARTESIAN_POINT('',(58.,68.0797739019139,3.59331990028307));
#3493=CARTESIAN_POINT('',(58.,67.5908261546153,4.10062295860921));
#3494=CARTESIAN_POINT('',(58.,68.1199410499467,3.52118713449979));
#3495=CARTESIAN_POINT('Origin',(58.,67.9636714801719,3.48141831279019));
#3496=CARTESIAN_POINT('',(58.,68.1199410499467,-2.5211871344998));
#3497=CARTESIAN_POINT('Origin',(58.,56.2483392920401,0.499999999999998));
#3498=CARTESIAN_POINT('',(58.,68.0797739019139,-2.59331990028307));
#3499=CARTESIAN_POINT('Origin',(58.,67.9636714801719,-2.48141831279019));
#3500=CARTESIAN_POINT('',(58.,67.616603571396,-3.07387784639458));
#3501=CARTESIAN_POINT('',(58.,68.145994951748,-2.5246128834454));
#3502=CARTESIAN_POINT('',(58.,67.5793476134617,-3.13595027574828));
#3503=CARTESIAN_POINT('Origin',(58.,67.732705993138,-3.18577943388747));
#3504=CARTESIAN_POINT('',(58.,67.5524755376277,-3.2186540211523));
#3505=CARTESIAN_POINT('',(58.,67.5908261546153,-3.10062295860921));
#3506=CARTESIAN_POINT('',(58.,67.5461309821902,-3.29077017401535));
#3507=CARTESIAN_POINT('Origin',(58.,67.705833917304,-3.26848317929149));
#3508=CARTESIAN_POINT('',(58.,67.6383787772731,-3.95179440877939));
#3509=CARTESIAN_POINT('',(58.,67.5409969964742,-3.25398133829137));
#3510=CARTESIAN_POINT('',(58.,67.6284761067128,-4.03376069938967));
#3511=CARTESIAN_POINT('Origin',(58.,67.4786758421593,-3.97408140350325));
#3512=CARTESIAN_POINT('',(58.,65.9301888853277,-7.0049509294169));
#3513=CARTESIAN_POINT('Origin',(58.,56.2483392920401,0.499999999999998));
#3514=CARTESIAN_POINT('',(58.,65.7557561512837,-7.53675723746376));
#3515=CARTESIAN_POINT('Origin',(58.,66.5888181093609,-7.51549180896907));
#3516=CARTESIAN_POINT('',(58.,65.762538599543,-7.80245607484463));
#3517=CARTESIAN_POINT('',(58.,65.6578514329357,-3.70139147503062));
#3518=CARTESIAN_POINT('',(58.,66.6475310237104,-8.10853131073812));
#3519=CARTESIAN_POINT('Origin',(58.,66.2623757743893,-7.78969681774781));
#3520=CARTESIAN_POINT('Origin',(58.,56.2483392920401,0.499999999999998));
#3521=CARTESIAN_POINT('Origin',(0.,0.,13.));
#3522=CARTESIAN_POINT('',(2.,61.3473588056328,13.));
#3523=CARTESIAN_POINT('',(2.,61.3473588056328,13.));
#3524=CARTESIAN_POINT('',(2.,67.8060796608386,13.));
#3525=CARTESIAN_POINT('',(2.,16.9515199152097,13.));
#3526=CARTESIAN_POINT('',(58.,67.8060796608386,13.));
#3527=CARTESIAN_POINT('',(0.,67.8060796608386,13.));
#3528=CARTESIAN_POINT('',(58.,16.9515199152097,13.));
#3529=CARTESIAN_POINT('Origin',(12.,56.2483392920401,2.85515159112609));
#3530=CARTESIAN_POINT('',(2.,56.2483392920401,13.));
#3531=CARTESIAN_POINT('',(6.,56.2483392920401,13.));
#3532=CARTESIAN_POINT('',(2.,56.2483392920401,12.3999997261912));
#3533=CARTESIAN_POINT('',(2.,56.2483392920401,1.67757579556305));
#3534=CARTESIAN_POINT('',(22.,56.2483392920401,12.3999997261912));
#3535=CARTESIAN_POINT('Origin',(2.,56.2483392920401,0.499999999999998));
#3536=CARTESIAN_POINT('',(2.,16.9515199152097,13.));
#3537=CARTESIAN_POINT('',(2.,66.6475310237104,-8.10853131073811));
#3538=CARTESIAN_POINT('Origin',(2.,56.2483392920401,0.499999999999998));
#3539=CARTESIAN_POINT('',(2.,65.762538599543,-7.80245607484463));
#3540=CARTESIAN_POINT('Origin',(2.,66.2623757743893,-7.78969681774781));
#3541=CARTESIAN_POINT('',(2.,65.7557561512837,-7.53675723746376));
#3542=CARTESIAN_POINT('',(2.,65.6578514329357,-3.70139147503062));
#3543=CARTESIAN_POINT('',(2.,65.9301888853277,-7.0049509294169));
#3544=CARTESIAN_POINT('Origin',(2.,66.5888181093609,-7.51549180896907));
#3545=CARTESIAN_POINT('',(2.,67.6284761067128,-4.03376069938967));
#3546=CARTESIAN_POINT('Origin',(2.,56.2483392920401,0.499999999999998));
#3547=CARTESIAN_POINT('',(2.,67.6383787772731,-3.95179440877939));
#3548=CARTESIAN_POINT('Origin',(2.,67.4786758421593,-3.97408140350325));
#3549=CARTESIAN_POINT('',(2.,67.5461309821902,-3.29077017401535));
#3550=CARTESIAN_POINT('',(2.,67.5409969964742,-3.25398133829137));
#3551=CARTESIAN_POINT('',(2.,67.5524755376277,-3.2186540211523));
#3552=CARTESIAN_POINT('Origin',(2.,67.705833917304,-3.26848317929149));
#3553=CARTESIAN_POINT('',(2.,67.5793476134617,-3.13595027574828));
#3554=CARTESIAN_POINT('',(2.,67.5908261546153,-3.10062295860921));
#3555=CARTESIAN_POINT('',(2.,67.616603571396,-3.07387784639458));
#3556=CARTESIAN_POINT('Origin',(2.,67.732705993138,-3.18577943388747));
#3557=CARTESIAN_POINT('',(2.,68.0797739019139,-2.59331990028307));
#3558=CARTESIAN_POINT('',(2.,68.145994951748,-2.5246128834454));
#3559=CARTESIAN_POINT('',(2.,68.1199410499467,-2.5211871344998));
#3560=CARTESIAN_POINT('Origin',(2.,67.9636714801719,-2.48141831279019));
#3561=CARTESIAN_POINT('',(2.,68.1199410499467,3.5211871344998));
#3562=CARTESIAN_POINT('Origin',(2.,56.2483392920401,0.499999999999998));
#3563=CARTESIAN_POINT('',(2.,68.0797739019139,3.59331990028307));
#3564=CARTESIAN_POINT('Origin',(2.,67.9636714801719,3.48141831279019));
#3565=CARTESIAN_POINT('',(2.,67.616603571396,4.07387784639458));
#3566=CARTESIAN_POINT('',(2.,67.5908261546153,4.10062295860921));
#3567=CARTESIAN_POINT('',(2.,67.5793476134617,4.13595027574828));
#3568=CARTESIAN_POINT('Origin',(2.,67.732705993138,4.18577943388747));
#3569=CARTESIAN_POINT('',(2.,67.5524755376277,4.2186540211523));
#3570=CARTESIAN_POINT('',(2.,67.5409969964742,4.25398133829137));
#3571=CARTESIAN_POINT('',(2.,67.5461309821902,4.29077017401536));
#3572=CARTESIAN_POINT('Origin',(2.,67.705833917304,4.26848317929149));
#3573=CARTESIAN_POINT('',(2.,67.6383787772731,4.95179440877937));
#3574=CARTESIAN_POINT('',(2.,67.6515677607481,5.04630330951764));
#3575=CARTESIAN_POINT('',(2.,67.6284761067128,5.03376069938966));
#3576=CARTESIAN_POINT('Origin',(2.,67.4786758421593,4.97408140350324));
#3577=CARTESIAN_POINT('',(2.,64.0768576225633,9.92214416938422));
#3578=CARTESIAN_POINT('Origin',(2.,56.2483392920401,0.499999999999998));
#3579=CARTESIAN_POINT('',(2.,64.0019631412547,9.95689114551381));
#3580=CARTESIAN_POINT('Origin',(2.,63.9738084118138,9.79811756827912));
#3581=CARTESIAN_POINT('',(2.,63.3447855989791,10.0734260011221));
#3582=CARTESIAN_POINT('',(2.,63.3082108482018,10.0799116659943));
#3583=CARTESIAN_POINT('',(2.,63.2781596373205,10.1017451487176));
#3584=CARTESIAN_POINT('Origin',(2.,63.3729403284201,10.2321995783568));
#3585=CARTESIAN_POINT('',(2.,63.2078076294389,10.1528588743742));
#3586=CARTESIAN_POINT('',(2.,63.1777564185576,10.1746923570975));
#3587=CARTESIAN_POINT('',(2.,63.1602859651632,10.2074728314908));
#3588=CARTESIAN_POINT('Origin',(2.,63.3025883205384,10.2833133040134));
#3589=CARTESIAN_POINT('',(2.,62.8463757024767,10.7964745646148));
#3590=CARTESIAN_POINT('',(2.,62.8014948761821,10.8806861614111));
#3591=CARTESIAN_POINT('',(2.,62.7901856968978,10.8569660429708));
#3592=CARTESIAN_POINT('Origin',(2.,62.7040733471014,10.7206340920923));
#3593=CARTESIAN_POINT('',(2.,57.0435462744716,12.7241623784655));
#3594=CARTESIAN_POINT('Origin',(2.,56.2483392920401,0.499999999999998));
#3595=CARTESIAN_POINT('',(2.,56.9625316061773,12.7082514010662));
#3596=CARTESIAN_POINT('Origin',(2.,57.0330787187398,12.563251944078));
#3597=CARTESIAN_POINT('',(2.,56.3623663366502,12.4162508122029));
#3598=CARTESIAN_POINT('',(2.,56.3289645635432,12.3999997261912));
#3599=CARTESIAN_POINT('',(2.,56.2918192240877,12.3999997261912));
#3600=CARTESIAN_POINT('Origin',(2.,56.2918192240877,12.5612502691912));
#3601=CARTESIAN_POINT('',(2.,56.167714020537,12.3999997261912));
#3602=CARTESIAN_POINT('Origin',(2.,56.2483392920401,0.499999999999998));
#3603=CARTESIAN_POINT('',(2.,66.6475310237104,-8.10853131073811));
#3604=CARTESIAN_POINT('Origin',(2.,66.5888181093609,-7.51549180896907));
#3605=CARTESIAN_POINT('',(22.,65.7557561512837,-7.53675723746376));
#3606=CARTESIAN_POINT('',(2.,65.9301888853277,-7.0049509294169));
#3607=CARTESIAN_POINT('Origin',(2.,56.2483392920401,0.499999999999998));
#3608=CARTESIAN_POINT('',(2.,67.6284761067128,-4.03376069938967));
#3609=CARTESIAN_POINT('Origin',(2.,66.2623757743893,-7.78969681774781));
#3610=CARTESIAN_POINT('',(22.,65.762538599543,-7.80245607484463));
#3611=CARTESIAN_POINT('Origin',(2.,65.7711572100716,-8.14008560178318));
#3612=CARTESIAN_POINT('Origin',(2.,67.4786758421593,-3.97408140350325));
#3613=CARTESIAN_POINT('',(2.,67.6383787772731,-3.95179440877939));
#3614=CARTESIAN_POINT('Origin',(2.,67.5409969964742,-3.25398133829137));
#3615=CARTESIAN_POINT('',(2.,67.5461309821902,-3.29077017401535));
#3616=CARTESIAN_POINT('Origin',(2.,67.705833917304,-3.26848317929149));
#3617=CARTESIAN_POINT('',(2.,67.5524755376277,-3.2186540211523));
#3618=CARTESIAN_POINT('Origin',(2.,67.5908261546153,-3.10062295860921));
#3619=CARTESIAN_POINT('',(2.,67.5793476134617,-3.13595027574828));
#3620=CARTESIAN_POINT('Origin',(2.,67.732705993138,-3.18577943388747));
#3621=CARTESIAN_POINT('',(2.,67.616603571396,-3.07387784639458));
#3622=CARTESIAN_POINT('Origin',(2.,68.1093039932715,-2.56268123645623));
#3623=CARTESIAN_POINT('',(2.,68.0797739019139,-2.59331990028307));
#3624=CARTESIAN_POINT('Origin',(2.,67.9636714801719,-2.48141831279019));
#3625=CARTESIAN_POINT('',(2.,68.1199410499467,-2.5211871344998));
#3626=CARTESIAN_POINT('Origin',(2.,67.9636714801719,3.48141831279019));
#3627=CARTESIAN_POINT('',(2.,68.0797739019139,3.59331990028307));
#3628=CARTESIAN_POINT('',(2.,68.1199410499467,3.5211871344998));
#3629=CARTESIAN_POINT('Origin',(2.,67.5908261546153,4.10062295860921));
#3630=CARTESIAN_POINT('',(2.,67.616603571396,4.07387784639458));
#3631=CARTESIAN_POINT('Origin',(2.,67.732705993138,4.18577943388747));
#3632=CARTESIAN_POINT('',(2.,67.5793476134617,4.13595027574828));
#3633=CARTESIAN_POINT('Origin',(2.,67.5409969964742,4.25398133829137));
#3634=CARTESIAN_POINT('',(2.,67.5524755376277,4.2186540211523));
#3635=CARTESIAN_POINT('Origin',(2.,67.705833917304,4.26848317929149));
#3636=CARTESIAN_POINT('',(2.,67.5461309821902,4.29077017401536));
#3637=CARTESIAN_POINT('Origin',(2.,67.6442601682795,4.99393896069909));
#3638=CARTESIAN_POINT('',(2.,67.6383787772731,4.95179440877937));
#3639=CARTESIAN_POINT('Origin',(2.,67.4786758421593,4.97408140350324));
#3640=CARTESIAN_POINT('',(2.,67.6284761067128,5.03376069938966));
#3641=CARTESIAN_POINT('Origin',(2.,63.9738084118138,9.79811756827912));
#3642=CARTESIAN_POINT('',(2.,64.0019631412547,9.95689114551381));
#3643=CARTESIAN_POINT('',(2.,64.0768576225633,9.92214416938422));
#3644=CARTESIAN_POINT('Origin',(2.,63.3082108482018,10.0799116659943));
#3645=CARTESIAN_POINT('',(2.,63.3447855989791,10.0734260011221));
#3646=CARTESIAN_POINT('Origin',(2.,63.3729403284201,10.2321995783568));
#3647=CARTESIAN_POINT('',(2.,63.2781596373205,10.1017451487176));
#3648=CARTESIAN_POINT('Origin',(2.,63.1777564185576,10.1746923570975));
#3649=CARTESIAN_POINT('',(2.,63.2078076294389,10.1528588743742));
#3650=CARTESIAN_POINT('Origin',(2.,63.3025883205384,10.2833133040134));
#3651=CARTESIAN_POINT('',(2.,63.1602859651632,10.2074728314908));
#3652=CARTESIAN_POINT('Origin',(2.,62.7040733471014,10.7206340920923));
#3653=CARTESIAN_POINT('',(2.,62.8463757024767,10.7964745646148));
#3654=CARTESIAN_POINT('',(2.,62.7901856968978,10.8569660429708));
#3655=CARTESIAN_POINT('Origin',(2.,62.8263619016686,10.8340272182347));
#3656=CARTESIAN_POINT('Origin',(2.,56.2483392920401,0.499999999999998));
#3657=CARTESIAN_POINT('',(2.,57.0435462744716,12.7241623784655));
#3658=CARTESIAN_POINT('Origin',(2.,56.2483392920401,0.499999999999998));
#3659=CARTESIAN_POINT('Origin',(2.,56.2483392920401,0.499999999999998));
#3660=CARTESIAN_POINT('Origin',(2.,57.0330787187398,12.563251944078));
#3661=CARTESIAN_POINT('',(2.,56.9625316061773,12.7082514010662));
#3662=CARTESIAN_POINT('Origin',(2.,56.3289645635432,12.3999997261912));
#3663=CARTESIAN_POINT('',(2.,56.3623663366502,12.4162508122029));
#3664=CARTESIAN_POINT('Origin',(2.,56.2918192240877,12.5612502691912));
#3665=CARTESIAN_POINT('',(2.,56.2918192240877,12.3999997261912));
#3666=CARTESIAN_POINT('Origin',(2.,56.167714020537,12.3999997261912));
#3667=CARTESIAN_POINT('Origin',(58.,12.2483392920401,0.499999999999998));
#3668=CARTESIAN_POINT('',(58.,7.14931977844729,13.));
#3669=CARTESIAN_POINT('',(58.,12.2483392920401,13.));
#3670=CARTESIAN_POINT('',(58.,16.9515199152097,13.));
#3671=CARTESIAN_POINT('',(58.,1.84914756036969,-8.10853131073811));
#3672=CARTESIAN_POINT('Origin',(58.,12.2483392920401,0.499999999999998));
#3673=CARTESIAN_POINT('',(58.,2.73413998453711,-7.80245607484462));
#3674=CARTESIAN_POINT('Origin',(58.,2.23430280969081,-7.78969681774781));
#3675=CARTESIAN_POINT('',(58.,2.74092243279641,-7.53675723746376));
#3676=CARTESIAN_POINT('',(58.,2.83882715114442,-3.70139147503062));
#3677=CARTESIAN_POINT('',(58.,2.5664896987524,-7.0049509294169));
#3678=CARTESIAN_POINT('Origin',(58.,1.90786047471923,-7.51549180896907));
#3679=CARTESIAN_POINT('',(58.,0.868202477367324,-4.03376069938966));
#3680=CARTESIAN_POINT('Origin',(58.,12.2483392920401,0.499999999999998));
#3681=CARTESIAN_POINT('',(58.,0.858299806806986,-3.95179440877937));
#3682=CARTESIAN_POINT('Origin',(58.,1.01800274192082,-3.97408140350324));
#3683=CARTESIAN_POINT('',(58.,0.950547601889966,-3.29077017401536));
#3684=CARTESIAN_POINT('',(58.,0.845110823332069,-4.04630330951765));
#3685=CARTESIAN_POINT('',(58.,0.944203046452414,-3.21865402115231));
#3686=CARTESIAN_POINT('Origin',(58.,0.790844666776132,-3.2684831792915));
#3687=CARTESIAN_POINT('',(58.,0.917330970618413,-3.13595027574828));
#3688=CARTESIAN_POINT('',(58.,0.955681587605963,-3.25398133829138));
#3689=CARTESIAN_POINT('',(58.,0.880075012684174,-3.07387784639459));
#3690=CARTESIAN_POINT('Origin',(58.,0.76397259094213,-3.18577943388747));
#3691=CARTESIAN_POINT('',(58.,0.416904682166221,-2.59331990028308));
#3692=CARTESIAN_POINT('',(58.,0.905852429464864,-3.10062295860921));
#3693=CARTESIAN_POINT('',(58.,0.376737534133389,-2.5211871344998));
#3694=CARTESIAN_POINT('Origin',(58.,0.533007103908263,-2.4814183127902));
#3695=CARTESIAN_POINT('',(58.,0.376737534133387,3.52118713449979));
#3696=CARTESIAN_POINT('Origin',(58.,12.2483392920401,0.499999999999998));
#3697=CARTESIAN_POINT('',(58.,0.416904682166217,3.59331990028307));
#3698=CARTESIAN_POINT('Origin',(58.,0.533007103908261,3.48141831279019));
#3699=CARTESIAN_POINT('',(58.,0.880075012684178,4.07387784639458));
#3700=CARTESIAN_POINT('',(58.,0.350683632332152,3.5246128834454));
#3701=CARTESIAN_POINT('',(58.,0.917330970618417,4.13595027574828));
#3702=CARTESIAN_POINT('Origin',(58.,0.763972590942135,4.18577943388747));
#3703=CARTESIAN_POINT('',(58.,0.944203046452412,4.21865402115229));
#3704=CARTESIAN_POINT('',(58.,0.905852429464864,4.1006229586092));
#3705=CARTESIAN_POINT('',(58.,0.950547601889966,4.29077017401535));
#3706=CARTESIAN_POINT('Origin',(58.,0.790844666776132,4.26848317929148));
#3707=CARTESIAN_POINT('',(58.,0.858299806806984,4.95179440877938));
#3708=CARTESIAN_POINT('',(58.,0.955681587605963,4.25398133829137));
#3709=CARTESIAN_POINT('',(58.,0.868202477367328,5.03376069938966));
#3710=CARTESIAN_POINT('Origin',(58.,1.01800274192082,4.97408140350324));
#3711=CARTESIAN_POINT('',(58.,4.41982096151679,9.92214416938422));
#3712=CARTESIAN_POINT('Origin',(58.,12.2483392920401,0.499999999999998));
#3713=CARTESIAN_POINT('',(58.,4.4947154428254,9.95689114551381));
#3714=CARTESIAN_POINT('Origin',(58.,4.52287017226637,9.79811756827912));
#3715=CARTESIAN_POINT('',(58.,5.151892985101,10.0734260011221));
#3716=CARTESIAN_POINT('',(58.,4.4007565168981,9.94022975774312));
#3717=CARTESIAN_POINT('',(58.,5.21851894675959,10.1017451487176));
#3718=CARTESIAN_POINT('Origin',(58.,5.12373825566003,10.2321995783568));
#3719=CARTESIAN_POINT('',(58.,5.28887095464126,10.1528588743742));
#3720=CARTESIAN_POINT('',(58.,5.18846773587833,10.0799116659943));
#3721=CARTESIAN_POINT('',(58.,5.33639261891697,10.2074728314908));
#3722=CARTESIAN_POINT('Origin',(58.,5.19409026354171,10.2833133040134));
#3723=CARTESIAN_POINT('',(58.,5.65030288160342,10.7964745646148));
#3724=CARTESIAN_POINT('',(58.,5.31892216552252,10.1746923570975));
#3725=CARTESIAN_POINT('',(58.,5.70649288718227,10.8569660429708));
#3726=CARTESIAN_POINT('Origin',(58.,5.79260523697867,10.7206340920923));
#3727=CARTESIAN_POINT('',(58.,11.4531323096085,12.7241623784655));
#3728=CARTESIAN_POINT('Origin',(58.,12.2483392920401,0.499999999999998));
#3729=CARTESIAN_POINT('',(58.,11.5341469779028,12.7082514010662));
#3730=CARTESIAN_POINT('Origin',(58.,11.4635998653403,12.563251944078));
#3731=CARTESIAN_POINT('',(58.,12.1343122474299,12.4162508122029));
#3732=CARTESIAN_POINT('',(58.,11.4483392920401,12.7499997261912));
#3733=CARTESIAN_POINT('',(58.,12.2048593599924,12.3999997261912));
#3734=CARTESIAN_POINT('Origin',(58.,12.2048593599924,12.5612502691912));
#3735=CARTESIAN_POINT('',(58.,12.2483392920401,12.3999997261912));
#3736=CARTESIAN_POINT('',(58.,12.167714020537,12.3999997261912));
#3737=CARTESIAN_POINT('',(58.,12.2483392920401,1.67757579556305));
#3738=CARTESIAN_POINT('Origin',(0.,0.,13.));
#3739=CARTESIAN_POINT('',(58.,16.9515199152097,13.));
#3740=CARTESIAN_POINT('',(2.,12.2483392920401,13.));
#3741=CARTESIAN_POINT('',(11.,12.2483392920401,13.));
#3742=CARTESIAN_POINT('',(2.,16.9515199152097,13.));
#3743=CARTESIAN_POINT('Origin',(0.,0.,13.));
#3744=CARTESIAN_POINT('',(2.,7.14931977844728,13.));
#3745=CARTESIAN_POINT('',(2.,7.14931977844729,13.));
#3746=CARTESIAN_POINT('',(58.,0.,13.));
#3747=CARTESIAN_POINT('',(58.,16.9515199152097,13.));
#3748=CARTESIAN_POINT('',(2.,0.,13.));
#3749=CARTESIAN_POINT('',(0.,0.,13.));
#3750=CARTESIAN_POINT('',(2.,16.9515199152097,13.));
#3751=CARTESIAN_POINT('Origin',(2.,16.9515199152097,15.));
#3752=CARTESIAN_POINT('',(1.,67.6513791224594,13.2679491924311));
#3753=CARTESIAN_POINT('Origin',(2.,66.6513791224594,15.));
#3754=CARTESIAN_POINT('',(2.,16.9515199152097,13.));
#3755=CARTESIAN_POINT('',(1.,0.,13.2679491924311));
#3756=CARTESIAN_POINT('Origin',(2.,0.,15.));
#3757=CARTESIAN_POINT('',(0.,1.,15.));
#3758=CARTESIAN_POINT('Ctrl Pts',(1.,8.08814820674186E-16,13.2679491924311));
#3759=CARTESIAN_POINT('Ctrl Pts',(0.869112750791757,7.6896369875197E-16,
13.343516980995));
#3760=CARTESIAN_POINT('Ctrl Pts',(0.739509957866152,0.0268381941559974,
13.4394131538701));
#3761=CARTESIAN_POINT('Ctrl Pts',(0.513074562819385,0.118068788962846,13.6534046736433));
#3762=CARTESIAN_POINT('Ctrl Pts',(0.416001355998029,0.182014197512261,13.7714356837722));
#3763=CARTESIAN_POINT('Ctrl Pts',(0.229149100170515,0.346048171938986,14.0493425508505));
#3764=CARTESIAN_POINT('Ctrl Pts',(0.140367202043088,0.469330400699564,14.2370773919173));
#3765=CARTESIAN_POINT('Ctrl Pts',(0.0258512978808934,0.732393074541761,
14.6218181388617));
#3766=CARTESIAN_POINT('Ctrl Pts',(0.,0.871965236201205,14.8189315005805));
#3767=CARTESIAN_POINT('Ctrl Pts',(0.,1.,15.));
#3768=CARTESIAN_POINT('',(0.,65.4966785840801,15.));
#3769=CARTESIAN_POINT('',(0.,16.9515199152097,15.));
#3770=CARTESIAN_POINT('Ctrl Pts',(1.38777878078145E-16,65.4966785840801,
15.));
#3771=CARTESIAN_POINT('Ctrl Pts',(3.62043472375138E-16,65.9544102909249,
14.6716054516274));
#3772=CARTESIAN_POINT('Ctrl Pts',(0.0949079417185321,66.498899872688,14.2823448158872));
#3773=CARTESIAN_POINT('Ctrl Pts',(0.363478752262931,67.0630497005447,13.8423502720471));
#3774=CARTESIAN_POINT('Ctrl Pts',(0.456655161338579,67.2183722673399,13.7169561120624));
#3775=CARTESIAN_POINT('Ctrl Pts',(0.691832190598681,67.484173472179,13.4778922667346));
#3776=CARTESIAN_POINT('Ctrl Pts',(0.83288733551344,67.5956749009639,13.3644317342574));
#3777=CARTESIAN_POINT('Ctrl Pts',(1.,67.6513791224594,13.2679491924311));
#3778=CARTESIAN_POINT('Origin',(0.,60.8627039878646,25.0262794416288));
#3779=CARTESIAN_POINT('',(1.,55.3627039878646,34.5525588832577));
#3780=CARTESIAN_POINT('',(1.,57.4927459681839,30.8632179510899));
#3781=CARTESIAN_POINT('',(59.,55.3627039878646,34.5525588832577));
#3782=CARTESIAN_POINT('',(0.,55.3627039878646,34.5525588832577));
#3783=CARTESIAN_POINT('',(59.,67.6513791224594,13.2679491924311));
#3784=CARTESIAN_POINT('',(59.,57.4927459681839,30.8632179510899));
#3785=CARTESIAN_POINT('Origin',(58.,66.6513791224594,15.));
#3786=CARTESIAN_POINT('Origin',(1.,56.6267205643995,30.3632179510899));
#3787=CARTESIAN_POINT('',(0.,54.4966785840801,34.0525588832577));
#3788=CARTESIAN_POINT('',(0.,56.6267205643995,30.3632179510899));
#3789=CARTESIAN_POINT('Origin',(1.,54.4966785840801,34.0525588832577));
#3790=CARTESIAN_POINT('Origin',(58.,16.9515199152097,15.));
#3791=CARTESIAN_POINT('',(60.,65.4966785840801,15.));
#3792=CARTESIAN_POINT('Ctrl Pts',(59.,67.6513791224594,13.2679491924311));
#3793=CARTESIAN_POINT('Ctrl Pts',(59.1671126644866,67.5956749009639,13.3644317342574));
#3794=CARTESIAN_POINT('Ctrl Pts',(59.3081678094013,67.484173472179,13.4778922667346));
#3795=CARTESIAN_POINT('Ctrl Pts',(59.5433448386614,67.2183722673399,13.7169561120624));
#3796=CARTESIAN_POINT('Ctrl Pts',(59.6365212477371,67.0630497005447,13.8423502720471));
#3797=CARTESIAN_POINT('Ctrl Pts',(59.9050920582815,66.498899872688,14.2823448158873));
#3798=CARTESIAN_POINT('Ctrl Pts',(60.,65.9544102909249,14.6716054516275));
#3799=CARTESIAN_POINT('Ctrl Pts',(60.,65.4966785840801,15.));
#3800=CARTESIAN_POINT('',(60.,1.,15.));
#3801=CARTESIAN_POINT('',(60.,16.9515199152097,15.));
#3802=CARTESIAN_POINT('',(59.,0.,13.2679491924311));
#3803=CARTESIAN_POINT('Ctrl Pts',(60.,1.,15.));
#3804=CARTESIAN_POINT('Ctrl Pts',(60.,0.871965236201204,14.8189315005805));
#3805=CARTESIAN_POINT('Ctrl Pts',(59.9741487021191,0.732393074541746,14.6218181388617));
#3806=CARTESIAN_POINT('Ctrl Pts',(59.8596327979569,0.469330400699559,14.2370773919173));
#3807=CARTESIAN_POINT('Ctrl Pts',(59.7708508998295,0.346048171938986,14.0493425508505));
#3808=CARTESIAN_POINT('Ctrl Pts',(59.583998644002,0.182014197512262,13.7714356837722));
#3809=CARTESIAN_POINT('Ctrl Pts',(59.4869254371806,0.118068788962846,13.6534046736433));
#3810=CARTESIAN_POINT('Ctrl Pts',(59.2604900421339,0.0268381941559996,13.4394131538702));
#3811=CARTESIAN_POINT('Ctrl Pts',(59.1308872492082,7.81761194195654E-16,
13.343516980995));
#3812=CARTESIAN_POINT('Ctrl Pts',(59.,8.15320033709099E-16,13.2679491924311));
#3813=CARTESIAN_POINT('Origin',(58.,0.,15.));
#3814=CARTESIAN_POINT('Origin',(0.,0.,37.0525588832577));
#3815=CARTESIAN_POINT('',(59.,0.,32.0525588832577));
#3816=CARTESIAN_POINT('',(59.,0.,31.0394191624432));
#3817=CARTESIAN_POINT('',(1.,0.,32.0525588832577));
#3818=CARTESIAN_POINT('',(0.,0.,32.0525588832577));
#3819=CARTESIAN_POINT('',(1.,0.,31.0394191624432));
#3820=CARTESIAN_POINT('Origin',(59.,1.,31.0394191624432));
#3821=CARTESIAN_POINT('',(60.,1.,32.0525588832577));
#3822=CARTESIAN_POINT('',(60.,1.,31.0394191624432));
#3823=CARTESIAN_POINT('Origin',(59.,1.,32.0525588832577));
#3824=CARTESIAN_POINT('Origin',(1.,51.0325769689424,32.0525588832576));
#3825=CARTESIAN_POINT('',(0.,51.0325769689424,36.0525588832576));
#3826=CARTESIAN_POINT('',(1.,51.0325769689424,37.0525588832576));
#3827=CARTESIAN_POINT('Origin',(1.,51.0325769689424,36.0525588832576));
#3828=CARTESIAN_POINT('Origin',(1.,51.0325769689424,32.0525588832576));
#3829=CARTESIAN_POINT('Origin',(0.,51.0325769689424,32.0525588832576));
#3830=CARTESIAN_POINT('Origin',(1.,50.854559745629,36.0525588832576));
#3831=CARTESIAN_POINT('',(0.,5.,36.0525588832577));
#3832=CARTESIAN_POINT('',(1.,5.,37.0525588832577));
#3833=CARTESIAN_POINT('Origin',(1.,5.,36.0525588832577));
#3834=CARTESIAN_POINT('',(1.,50.854559745629,37.0525588832576));
#3835=CARTESIAN_POINT('',(0.,50.854559745629,36.0525588832576));
#3836=CARTESIAN_POINT('Origin',(1.,5.,32.0525588832577));
#3837=CARTESIAN_POINT('',(0.,1.,32.0525588832577));
#3838=CARTESIAN_POINT('Origin',(1.,1.,32.0525588832577));
#3839=CARTESIAN_POINT('Origin',(1.,5.,32.0525588832577));
#3840=CARTESIAN_POINT('Origin',(0.,5.,32.0525588832577));
#3841=CARTESIAN_POINT('Origin',(1.,1.,31.0394191624432));
#3842=CARTESIAN_POINT('',(0.,1.,31.0394191624432));
#3843=CARTESIAN_POINT('Origin',(0.,33.9030398304193,25.0262794416288));
#3844=CARTESIAN_POINT('Origin',(59.,5.,32.0525588832577));
#3845=CARTESIAN_POINT('',(60.,5.,36.0525588832577));
#3846=CARTESIAN_POINT('',(59.,5.,37.0525588832577));
#3847=CARTESIAN_POINT('Origin',(59.,5.,36.0525588832577));
#3848=CARTESIAN_POINT('Origin',(59.,5.,32.0525588832577));
#3849=CARTESIAN_POINT('Origin',(60.,5.,32.0525588832577));
#3850=CARTESIAN_POINT('Origin',(59.,50.854559745629,36.0525588832576));
#3851=CARTESIAN_POINT('',(60.,51.0325769689424,36.0525588832576));
#3852=CARTESIAN_POINT('',(59.,51.0325769689424,37.0525588832576));
#3853=CARTESIAN_POINT('Origin',(59.,51.0325769689424,36.0525588832576));
#3854=CARTESIAN_POINT('',(59.,50.854559745629,37.0525588832576));
#3855=CARTESIAN_POINT('',(60.,50.854559745629,36.0525588832576));
#3856=CARTESIAN_POINT('Origin',(59.,51.0325769689424,32.0525588832576));
#3857=CARTESIAN_POINT('',(60.,54.4966785840801,34.0525588832576));
#3858=CARTESIAN_POINT('Origin',(59.,54.4966785840801,34.0525588832576));
#3859=CARTESIAN_POINT('Origin',(59.,51.0325769689424,32.0525588832576));
#3860=CARTESIAN_POINT('Origin',(60.,51.0325769689424,32.0525588832576));
#3861=CARTESIAN_POINT('Origin',(59.,56.6267205643995,30.3632179510899));
#3862=CARTESIAN_POINT('',(60.,56.6267205643995,30.3632179510899));
#3863=CARTESIAN_POINT('Origin',(60.,33.9030398304193,25.0262794416288));
#3864=CARTESIAN_POINT('Origin',(0.,51.0325769689424,32.0525588832576));
#3865=CARTESIAN_POINT('',(0.,51.0325769689424,37.0525588832576));
#3866=CARTESIAN_POINT('Origin',(0.,67.8060796608386,37.0525588832576));
#3867=CARTESIAN_POINT('',(0.,5.,37.0525588832577));
#3868=CARTESIAN_POINT('',(27.5,12.8867513459481,37.0525588832577));
#3869=CARTESIAN_POINT('',(27.5,10.,37.0525588832577));
#3870=CARTESIAN_POINT('',(27.5,67.8060796608386,37.0525588832576));
#3871=CARTESIAN_POINT('',(2.5,10.,37.0525588832577));
#3872=CARTESIAN_POINT('',(0.,10.,37.0525588832577));
#3873=CARTESIAN_POINT('',(2.5,12.8867513459481,37.0525588832577));
#3874=CARTESIAN_POINT('',(2.5,67.8060796608386,37.0525588832576));
#3875=CARTESIAN_POINT('',(0.,12.8867513459481,37.0525588832577));
#3876=CARTESIAN_POINT('',(27.5,47.5277674973257,37.0525588832577));
#3877=CARTESIAN_POINT('',(27.5,44.6410161513775,37.0525588832577));
#3878=CARTESIAN_POINT('',(27.5,67.8060796608386,37.0525588832576));
#3879=CARTESIAN_POINT('',(2.5,44.6410161513775,37.0525588832577));
#3880=CARTESIAN_POINT('',(0.,44.6410161513775,37.0525588832577));
#3881=CARTESIAN_POINT('',(2.5,47.5277674973257,37.0525588832577));
#3882=CARTESIAN_POINT('',(2.5,67.8060796608386,37.0525588832576));
#3883=CARTESIAN_POINT('',(0.,47.5277674973257,37.0525588832577));
#3884=CARTESIAN_POINT('',(27.5,35.9807621135332,37.0525588832577));
#3885=CARTESIAN_POINT('',(27.5,33.094010767585,37.0525588832577));
#3886=CARTESIAN_POINT('',(27.5,67.8060796608386,37.0525588832576));
#3887=CARTESIAN_POINT('',(2.5,33.094010767585,37.0525588832577));
#3888=CARTESIAN_POINT('',(0.,33.094010767585,37.0525588832577));
#3889=CARTESIAN_POINT('',(2.5,35.9807621135332,37.0525588832577));
#3890=CARTESIAN_POINT('',(2.5,67.8060796608386,37.0525588832576));
#3891=CARTESIAN_POINT('',(0.,35.9807621135332,37.0525588832577));
#3892=CARTESIAN_POINT('',(27.5,24.4337567297407,37.0525588832577));
#3893=CARTESIAN_POINT('',(27.5,21.5470053837925,37.0525588832577));
#3894=CARTESIAN_POINT('',(27.5,67.8060796608386,37.0525588832576));
#3895=CARTESIAN_POINT('',(2.5,21.5470053837925,37.0525588832577));
#3896=CARTESIAN_POINT('',(0.,21.5470053837925,37.0525588832577));
#3897=CARTESIAN_POINT('',(2.5,24.4337567297407,37.0525588832577));
#3898=CARTESIAN_POINT('',(2.5,67.8060796608386,37.0525588832576));
#3899=CARTESIAN_POINT('',(0.,24.4337567297407,37.0525588832577));
#3900=CARTESIAN_POINT('',(57.5,47.5277674973257,37.0525588832577));
#3901=CARTESIAN_POINT('',(57.5,44.6410161513775,37.0525588832577));
#3902=CARTESIAN_POINT('',(57.5,67.8060796608386,37.0525588832576));
#3903=CARTESIAN_POINT('',(32.5,44.6410161513775,37.0525588832577));
#3904=CARTESIAN_POINT('',(0.,44.6410161513775,37.0525588832577));
#3905=CARTESIAN_POINT('',(32.5,47.5277674973257,37.0525588832577));
#3906=CARTESIAN_POINT('',(32.5,67.8060796608386,37.0525588832576));
#3907=CARTESIAN_POINT('',(0.,47.5277674973257,37.0525588832577));
#3908=CARTESIAN_POINT('',(57.5,24.4337567297407,37.0525588832577));
#3909=CARTESIAN_POINT('',(57.5,21.5470053837925,37.0525588832577));
#3910=CARTESIAN_POINT('',(57.5,67.8060796608386,37.0525588832576));
#3911=CARTESIAN_POINT('',(32.5,21.5470053837925,37.0525588832577));
#3912=CARTESIAN_POINT('',(0.,21.5470053837925,37.0525588832577));
#3913=CARTESIAN_POINT('',(32.5,24.4337567297407,37.0525588832577));
#3914=CARTESIAN_POINT('',(32.5,67.8060796608386,37.0525588832576));
#3915=CARTESIAN_POINT('',(0.,24.4337567297407,37.0525588832577));
#3916=CARTESIAN_POINT('',(57.5,35.9807621135332,37.0525588832577));
#3917=CARTESIAN_POINT('',(57.5,33.094010767585,37.0525588832577));
#3918=CARTESIAN_POINT('',(57.5,67.8060796608386,37.0525588832576));
#3919=CARTESIAN_POINT('',(32.5,33.094010767585,37.0525588832577));
#3920=CARTESIAN_POINT('',(0.,33.094010767585,37.0525588832577));
#3921=CARTESIAN_POINT('',(32.5,35.9807621135332,37.0525588832577));
#3922=CARTESIAN_POINT('',(32.5,67.8060796608386,37.0525588832576));
#3923=CARTESIAN_POINT('',(0.,35.9807621135332,37.0525588832577));
#3924=CARTESIAN_POINT('',(57.5,12.8867513459481,37.0525588832577));
#3925=CARTESIAN_POINT('',(57.5,10.,37.0525588832577));
#3926=CARTESIAN_POINT('',(57.5,67.8060796608386,37.0525588832576));
#3927=CARTESIAN_POINT('',(32.5,10.,37.0525588832577));
#3928=CARTESIAN_POINT('',(0.,10.,37.0525588832577));
#3929=CARTESIAN_POINT('',(32.5,12.8867513459481,37.0525588832577));
#3930=CARTESIAN_POINT('',(32.5,67.8060796608386,37.0525588832576));
#3931=CARTESIAN_POINT('',(0.,12.8867513459481,37.0525588832577));
#3932=CARTESIAN_POINT('Origin',(0.,5.,32.0525588832577));
#3933=CARTESIAN_POINT('Origin',(57.5,16.5825317547305,27.5262794416288));
#3934=CARTESIAN_POINT('',(57.5,23.1650635094611,19.25));
#3935=CARTESIAN_POINT('',(57.5,15.4112238970459,32.6800441624432));
#3936=CARTESIAN_POINT('',(57.5,21.,18.));
#3937=CARTESIAN_POINT('',(57.5,22.4884811627545,18.859375));
#3938=CARTESIAN_POINT('',(57.5,18.3853164693413,22.5287647208144));
#3939=CARTESIAN_POINT('Origin',(57.5,39.6765425223156,27.5262794416288));
#3940=CARTESIAN_POINT('',(57.5,44.094010767585,18.));
#3941=CARTESIAN_POINT('',(57.5,41.4793272369263,22.5287647208144));
#3942=CARTESIAN_POINT('',(57.5,46.2590742770461,19.25));
#3943=CARTESIAN_POINT('',(57.5,38.505234664631,32.6800441624432));
#3944=CARTESIAN_POINT('',(57.5,45.5824919303395,18.859375));
#3945=CARTESIAN_POINT('Origin',(0.,44.094010767585,18.));
#3946=CARTESIAN_POINT('',(32.5,44.094010767585,18.));
#3947=CARTESIAN_POINT('',(0.,44.094010767585,18.));
#3948=CARTESIAN_POINT('',(32.5,41.4793272369263,22.5287647208144));
#3949=CARTESIAN_POINT('Origin',(57.5,28.1295371385231,27.5262794416288));
#3950=CARTESIAN_POINT('',(57.5,32.5470053837925,18.));
#3951=CARTESIAN_POINT('',(57.5,29.9323218531338,22.5287647208144));
#3952=CARTESIAN_POINT('',(57.5,34.7120688932536,19.25));
#3953=CARTESIAN_POINT('',(57.5,26.9582292808385,32.6800441624432));
#3954=CARTESIAN_POINT('',(57.5,34.035486546547,18.859375));
#3955=CARTESIAN_POINT('Origin',(0.,32.5470053837925,18.));
#3956=CARTESIAN_POINT('',(32.5,32.5470053837925,18.));
#3957=CARTESIAN_POINT('',(0.,32.5470053837925,18.));
#3958=CARTESIAN_POINT('',(32.5,29.9323218531338,22.5287647208144));
#3959=CARTESIAN_POINT('Origin',(57.5,51.2235479061081,27.5262794416288));
#3960=CARTESIAN_POINT('',(57.5,55.6410161513775,18.));
#3961=CARTESIAN_POINT('',(57.5,53.0263326207189,22.5287647208144));
#3962=CARTESIAN_POINT('',(57.5,57.8060796608386,19.25));
#3963=CARTESIAN_POINT('',(57.5,50.0522400484235,32.6800441624432));
#3964=CARTESIAN_POINT('',(57.5,57.129497314132,18.859375));
#3965=CARTESIAN_POINT('Origin',(0.,55.6410161513775,18.));
#3966=CARTESIAN_POINT('',(32.5,55.6410161513775,18.));
#3967=CARTESIAN_POINT('',(0.,55.6410161513775,18.));
#3968=CARTESIAN_POINT('',(32.5,53.0263326207189,22.5287647208144));
#3969=CARTESIAN_POINT('Origin',(32.5,28.1295371385231,27.5262794416288));
#3970=CARTESIAN_POINT('',(32.5,34.7120688932536,19.25));
#3971=CARTESIAN_POINT('',(32.5,34.035486546547,18.859375));
#3972=CARTESIAN_POINT('',(32.5,26.9582292808385,32.6800441624432));
#3973=CARTESIAN_POINT('Origin',(27.5,28.1295371385231,27.5262794416288));
#3974=CARTESIAN_POINT('',(27.5,32.5470053837925,18.));
#3975=CARTESIAN_POINT('',(27.5,29.9323218531338,22.5287647208144));
#3976=CARTESIAN_POINT('',(27.5,34.7120688932536,19.25));
#3977=CARTESIAN_POINT('',(27.5,26.9582292808385,32.6800441624432));
#3978=CARTESIAN_POINT('',(27.5,34.035486546547,18.859375));
#3979=CARTESIAN_POINT('Origin',(0.,24.4337567297407,37.0525588832577));
#3980=CARTESIAN_POINT('',(2.5,34.7120688932536,19.25));
#3981=CARTESIAN_POINT('',(2.5,26.9582292808385,32.6800441624432));
#3982=CARTESIAN_POINT('',(0.,34.7120688932536,19.25));
#3983=CARTESIAN_POINT('Origin',(0.,24.4337567297407,37.0525588832577));
#3984=CARTESIAN_POINT('',(0.,34.7120688932536,19.25));
#3985=CARTESIAN_POINT('Origin',(0.,32.5470053837925,18.));
#3986=CARTESIAN_POINT('',(2.5,32.5470053837925,18.));
#3987=CARTESIAN_POINT('',(0.,32.5470053837925,18.));
#3988=CARTESIAN_POINT('',(2.5,29.9323218531338,22.5287647208144));
#3989=CARTESIAN_POINT('Origin',(0.,34.7120688932536,19.25));
#3990=CARTESIAN_POINT('',(2.5,34.035486546547,18.859375));
#3991=CARTESIAN_POINT('Origin',(0.,34.7120688932536,19.25));
#3992=CARTESIAN_POINT('Origin',(32.5,39.6765425223156,27.5262794416288));
#3993=CARTESIAN_POINT('',(32.5,46.2590742770461,19.25));
#3994=CARTESIAN_POINT('',(32.5,45.5824919303395,18.859375));
#3995=CARTESIAN_POINT('',(32.5,38.505234664631,32.6800441624432));
#3996=CARTESIAN_POINT('Origin',(27.5,39.6765425223156,27.5262794416288));
#3997=CARTESIAN_POINT('',(27.5,44.094010767585,18.));
#3998=CARTESIAN_POINT('',(27.5,41.4793272369263,22.5287647208144));
#3999=CARTESIAN_POINT('',(27.5,46.2590742770461,19.25));
#4000=CARTESIAN_POINT('',(27.5,38.505234664631,32.6800441624432));
#4001=CARTESIAN_POINT('',(27.5,45.5824919303395,18.859375));
#4002=CARTESIAN_POINT('Origin',(0.,35.9807621135332,37.0525588832577));
#4003=CARTESIAN_POINT('',(2.5,46.2590742770461,19.25));
#4004=CARTESIAN_POINT('',(2.5,38.505234664631,32.6800441624432));
#4005=CARTESIAN_POINT('',(0.,46.2590742770461,19.25));
#4006=CARTESIAN_POINT('Origin',(0.,35.9807621135332,37.0525588832577));
#4007=CARTESIAN_POINT('',(0.,46.2590742770461,19.25));
#4008=CARTESIAN_POINT('Origin',(0.,44.094010767585,18.));
#4009=CARTESIAN_POINT('',(2.5,44.094010767585,18.));
#4010=CARTESIAN_POINT('',(0.,44.094010767585,18.));
#4011=CARTESIAN_POINT('',(2.5,41.4793272369263,22.5287647208144));
#4012=CARTESIAN_POINT('Origin',(0.,46.2590742770461,19.25));
#4013=CARTESIAN_POINT('',(2.5,45.5824919303395,18.859375));
#4014=CARTESIAN_POINT('Origin',(0.,46.2590742770461,19.25));
#4015=CARTESIAN_POINT('Origin',(32.5,51.2235479061081,27.5262794416288));
#4016=CARTESIAN_POINT('',(32.5,57.8060796608386,19.25));
#4017=CARTESIAN_POINT('',(32.5,57.129497314132,18.859375));
#4018=CARTESIAN_POINT('',(32.5,50.0522400484235,32.6800441624432));
#4019=CARTESIAN_POINT('Origin',(27.5,51.2235479061081,27.5262794416288));
#4020=CARTESIAN_POINT('',(27.5,55.6410161513775,18.));
#4021=CARTESIAN_POINT('',(27.5,53.0263326207189,22.5287647208144));
#4022=CARTESIAN_POINT('',(27.5,57.8060796608386,19.25));
#4023=CARTESIAN_POINT('',(27.5,50.0522400484235,32.6800441624432));
#4024=CARTESIAN_POINT('',(27.5,57.129497314132,18.859375));
#4025=CARTESIAN_POINT('Origin',(0.,47.5277674973257,37.0525588832577));
#4026=CARTESIAN_POINT('',(2.5,57.8060796608386,19.25));
#4027=CARTESIAN_POINT('',(2.5,50.0522400484235,32.6800441624432));
#4028=CARTESIAN_POINT('',(0.,57.8060796608386,19.25));
#4029=CARTESIAN_POINT('Origin',(0.,47.5277674973257,37.0525588832577));
#4030=CARTESIAN_POINT('',(0.,57.8060796608386,19.25));
#4031=CARTESIAN_POINT('Origin',(0.,55.6410161513775,18.));
#4032=CARTESIAN_POINT('',(2.5,55.6410161513775,18.));
#4033=CARTESIAN_POINT('',(0.,55.6410161513775,18.));
#4034=CARTESIAN_POINT('',(2.5,53.0263326207189,22.5287647208144));
#4035=CARTESIAN_POINT('Origin',(0.,57.8060796608386,19.25));
#4036=CARTESIAN_POINT('',(2.5,57.129497314132,18.859375));
#4037=CARTESIAN_POINT('Origin',(0.,57.8060796608386,19.25));
#4038=CARTESIAN_POINT('Origin',(32.5,16.5825317547305,27.5262794416288));
#4039=CARTESIAN_POINT('',(32.5,21.,18.));
#4040=CARTESIAN_POINT('',(32.5,18.3853164693413,22.5287647208144));
#4041=CARTESIAN_POINT('',(32.5,23.1650635094611,19.25));
#4042=CARTESIAN_POINT('',(32.5,22.4884811627545,18.859375));
#4043=CARTESIAN_POINT('',(32.5,15.4112238970459,32.6800441624432));
#4044=CARTESIAN_POINT('Origin',(27.5,16.5825317547305,27.5262794416288));
#4045=CARTESIAN_POINT('',(27.5,23.1650635094611,19.25));
#4046=CARTESIAN_POINT('',(27.5,15.4112238970459,32.6800441624432));
#4047=CARTESIAN_POINT('',(27.5,21.,18.));
#4048=CARTESIAN_POINT('',(27.5,22.4884811627545,18.859375));
#4049=CARTESIAN_POINT('',(27.5,18.3853164693413,22.5287647208144));
#4050=CARTESIAN_POINT('Origin',(0.,12.8867513459481,37.0525588832577));
#4051=CARTESIAN_POINT('',(0.,23.1650635094611,19.25));
#4052=CARTESIAN_POINT('Origin',(0.,23.1650635094611,19.25));
#4053=CARTESIAN_POINT('',(0.,21.,18.));
#4054=CARTESIAN_POINT('Origin',(0.,21.,18.));
#4055=CARTESIAN_POINT('Origin',(2.5,16.5825317547305,27.5262794416288));
#4056=CARTESIAN_POINT('',(2.5,21.,18.));
#4057=CARTESIAN_POINT('',(2.5,18.3853164693413,22.5287647208144));
#4058=CARTESIAN_POINT('',(2.5,23.1650635094611,19.25));
#4059=CARTESIAN_POINT('',(2.5,22.4884811627545,18.859375));
#4060=CARTESIAN_POINT('',(2.5,15.4112238970459,32.6800441624432));
#4061=CARTESIAN_POINT('Origin',(0.,12.8867513459481,37.0525588832577));
#4062=CARTESIAN_POINT('',(0.,23.1650635094611,19.25));
#4063=CARTESIAN_POINT('Origin',(0.,23.1650635094611,19.25));
#4064=CARTESIAN_POINT('',(0.,21.,18.));
#4065=CARTESIAN_POINT('Origin',(0.,21.,18.));
#4066=CARTESIAN_POINT('Origin',(2.5,51.2235479061081,27.5262794416288));
#4067=CARTESIAN_POINT('Origin',(2.5,28.1295371385231,27.5262794416288));
#4068=CARTESIAN_POINT('Origin',(2.5,39.6765425223156,27.5262794416288));
#4069=CARTESIAN_POINT('Origin',(2.,12.2483392920401,0.499999999999998));
#4070=CARTESIAN_POINT('',(2.,1.84914756036969,-8.10853131073811));
#4071=CARTESIAN_POINT('Origin',(2.,12.2483392920401,0.499999999999998));
#4072=CARTESIAN_POINT('',(2.,1.84914756036968,-8.10853131073811));
#4073=CARTESIAN_POINT('Origin',(2.,11.4958825769448,12.7268683190712));
#4074=CARTESIAN_POINT('',(2.,12.1343122474299,12.4162508122029));
#4075=CARTESIAN_POINT('',(2.,12.1343122474299,12.4162508122029));
#4076=CARTESIAN_POINT('',(2.,11.5341469779028,12.7082514010662));
#4077=CARTESIAN_POINT('',(2.,11.5341469779028,12.7082514010662));
#4078=CARTESIAN_POINT('',(2.,11.4483392920401,12.7499997261912));
#4079=CARTESIAN_POINT('Origin',(2.,11.4635998653403,12.563251944078));
#4080=CARTESIAN_POINT('',(2.,11.4531323096085,12.7241623784655));
#4081=CARTESIAN_POINT('Origin',(2.,11.4635998653403,12.563251944078));
#4082=CARTESIAN_POINT('',(2.,11.4531323096085,12.7241623784655));
#4083=CARTESIAN_POINT('Origin',(2.,12.2048593599924,12.5612502691912));
#4084=CARTESIAN_POINT('',(2.,12.2048593599924,12.3999997261912));
#4085=CARTESIAN_POINT('Origin',(2.,12.2048593599924,12.5612502691912));
#4086=CARTESIAN_POINT('',(2.,12.2048593599924,12.3999997261912));
#4087=CARTESIAN_POINT('Origin',(2.,12.2483392920401,0.499999999999998));
#4088=CARTESIAN_POINT('',(2.,5.70649288718227,10.8569660429708));
#4089=CARTESIAN_POINT('',(2.,5.70649288718227,10.8569660429708));
#4090=CARTESIAN_POINT('Origin',(2.,12.2483392920401,0.499999999999998));
#4091=CARTESIAN_POINT('Origin',(2.,12.2483392920401,0.499999999999998));
#4092=CARTESIAN_POINT('',(2.,4.41982096151679,9.92214416938422));
#4093=CARTESIAN_POINT('',(2.,4.41982096151679,9.92214416938422));
#4094=CARTESIAN_POINT('',(2.,0.868202477367328,5.03376069938966));
#4095=CARTESIAN_POINT('',(2.,0.868202477367328,5.03376069938966));
#4096=CARTESIAN_POINT('Origin',(2.,12.2483392920401,0.499999999999998));
#4097=CARTESIAN_POINT('Origin',(2.,12.2483392920401,0.499999999999998));
#4098=CARTESIAN_POINT('',(2.,0.376737534133387,3.52118713449979));
#4099=CARTESIAN_POINT('',(2.,0.376737534133387,3.52118713449979));
#4100=CARTESIAN_POINT('',(2.,0.376737534133389,-2.5211871344998));
#4101=CARTESIAN_POINT('',(2.,0.376737534133387,-2.5211871344998));
#4102=CARTESIAN_POINT('Origin',(2.,12.2483392920401,0.499999999999998));
#4103=CARTESIAN_POINT('Origin',(2.,1.01800274192082,-3.97408140350324));
#4104=CARTESIAN_POINT('',(2.,0.868202477367324,-4.03376069938966));
#4105=CARTESIAN_POINT('',(2.,0.858299806806986,-3.95179440877938));
#4106=CARTESIAN_POINT('Origin',(2.,1.01800274192082,-3.97408140350324));
#4107=CARTESIAN_POINT('',(2.,0.858299806806986,-3.95179440877938));
#4108=CARTESIAN_POINT('',(2.,0.868202477367324,-4.03376069938966));
#4109=CARTESIAN_POINT('Origin',(2.,0.852418415800584,-3.9939389606991));
#4110=CARTESIAN_POINT('',(2.,0.950547601889966,-3.29077017401536));
#4111=CARTESIAN_POINT('',(2.,0.950547601889966,-3.29077017401536));
#4112=CARTESIAN_POINT('',(2.,0.845110823332069,-4.04630330951765));
#4113=CARTESIAN_POINT('Origin',(2.,0.790844666776132,-3.2684831792915));
#4114=CARTESIAN_POINT('',(2.,0.944203046452414,-3.21865402115231));
#4115=CARTESIAN_POINT('Origin',(2.,0.790844666776132,-3.2684831792915));
#4116=CARTESIAN_POINT('',(2.,0.944203046452414,-3.21865402115231));
#4117=CARTESIAN_POINT('Origin',(2.,0.955681587605963,-3.25398133829138));
#4118=CARTESIAN_POINT('',(2.,0.917330970618413,-3.13595027574828));
#4119=CARTESIAN_POINT('',(2.,0.917330970618413,-3.13595027574828));
#4120=CARTESIAN_POINT('',(2.,0.955681587605963,-3.25398133829138));
#4121=CARTESIAN_POINT('Origin',(2.,0.76397259094213,-3.18577943388747));
#4122=CARTESIAN_POINT('',(2.,0.880075012684174,-3.07387784639459));
#4123=CARTESIAN_POINT('Origin',(2.,0.76397259094213,-3.18577943388747));
#4124=CARTESIAN_POINT('',(2.,0.880075012684174,-3.07387784639459));
#4125=CARTESIAN_POINT('Origin',(2.,0.905852429464864,-3.10062295860921));
#4126=CARTESIAN_POINT('',(2.,0.416904682166221,-2.59331990028308));
#4127=CARTESIAN_POINT('',(2.,0.416904682166221,-2.59331990028308));
#4128=CARTESIAN_POINT('',(2.,0.905852429464864,-3.10062295860921));
#4129=CARTESIAN_POINT('Origin',(2.,0.533007103908263,-2.4814183127902));
#4130=CARTESIAN_POINT('Origin',(2.,0.533007103908263,-2.4814183127902));
#4131=CARTESIAN_POINT('Origin',(2.,0.533007103908261,3.48141831279019));
#4132=CARTESIAN_POINT('',(2.,0.416904682166217,3.59331990028307));
#4133=CARTESIAN_POINT('Origin',(2.,0.533007103908261,3.48141831279019));
#4134=CARTESIAN_POINT('',(2.,0.416904682166217,3.59331990028307));
#4135=CARTESIAN_POINT('Origin',(2.,0.387374590808589,3.56268123645623));
#4136=CARTESIAN_POINT('',(2.,0.880075012684178,4.07387784639458));
#4137=CARTESIAN_POINT('',(2.,0.880075012684178,4.07387784639459));
#4138=CARTESIAN_POINT('',(2.,0.350683632332152,3.5246128834454));
#4139=CARTESIAN_POINT('Origin',(2.,0.763972590942135,4.18577943388747));
#4140=CARTESIAN_POINT('',(2.,0.917330970618417,4.13595027574828));
#4141=CARTESIAN_POINT('Origin',(2.,0.763972590942135,4.18577943388747));
#4142=CARTESIAN_POINT('',(2.,0.917330970618417,4.13595027574828));
#4143=CARTESIAN_POINT('Origin',(2.,0.905852429464864,4.1006229586092));
#4144=CARTESIAN_POINT('',(2.,0.944203046452412,4.21865402115229));
#4145=CARTESIAN_POINT('',(2.,0.944203046452412,4.21865402115229));
#4146=CARTESIAN_POINT('',(2.,0.905852429464864,4.1006229586092));
#4147=CARTESIAN_POINT('Origin',(2.,0.790844666776132,4.26848317929148));
#4148=CARTESIAN_POINT('',(2.,0.950547601889966,4.29077017401535));
#4149=CARTESIAN_POINT('Origin',(2.,0.790844666776132,4.26848317929148));
#4150=CARTESIAN_POINT('',(2.,0.950547601889966,4.29077017401535));
#4151=CARTESIAN_POINT('Origin',(2.,0.955681587605963,4.25398133829137));
#4152=CARTESIAN_POINT('',(2.,0.858299806806984,4.95179440877938));
#4153=CARTESIAN_POINT('',(2.,0.858299806806984,4.95179440877938));
#4154=CARTESIAN_POINT('',(2.,0.955681587605963,4.25398133829137));
#4155=CARTESIAN_POINT('Origin',(2.,1.01800274192082,4.97408140350324));
#4156=CARTESIAN_POINT('Origin',(2.,1.01800274192082,4.97408140350324));
#4157=CARTESIAN_POINT('Origin',(2.,4.52287017226637,9.79811756827912));
#4158=CARTESIAN_POINT('',(2.,4.4947154428254,9.95689114551381));
#4159=CARTESIAN_POINT('Origin',(2.,4.52287017226637,9.79811756827912));
#4160=CARTESIAN_POINT('',(2.,4.4947154428254,9.95689114551381));
#4161=CARTESIAN_POINT('Origin',(2.,4.45281614232428,9.94946129799182));
#4162=CARTESIAN_POINT('',(2.,5.151892985101,10.0734260011221));
#4163=CARTESIAN_POINT('',(2.,5.151892985101,10.0734260011221));
#4164=CARTESIAN_POINT('',(2.,4.4007565168981,9.94022975774312));
#4165=CARTESIAN_POINT('Origin',(2.,5.12373825566003,10.2321995783568));
#4166=CARTESIAN_POINT('',(2.,5.21851894675959,10.1017451487176));
#4167=CARTESIAN_POINT('Origin',(2.,5.12373825566003,10.2321995783568));
#4168=CARTESIAN_POINT('',(2.,5.21851894675959,10.1017451487176));
#4169=CARTESIAN_POINT('Origin',(2.,5.18846773587833,10.0799116659943));
#4170=CARTESIAN_POINT('',(2.,5.28887095464126,10.1528588743742));
#4171=CARTESIAN_POINT('',(2.,5.28887095464126,10.1528588743742));
#4172=CARTESIAN_POINT('',(2.,5.18846773587833,10.0799116659943));
#4173=CARTESIAN_POINT('Origin',(2.,5.19409026354171,10.2833133040134));
#4174=CARTESIAN_POINT('',(2.,5.33639261891697,10.2074728314908));
#4175=CARTESIAN_POINT('Origin',(2.,5.19409026354171,10.2833133040134));
#4176=CARTESIAN_POINT('',(2.,5.33639261891697,10.2074728314908));
#4177=CARTESIAN_POINT('Origin',(2.,5.31892216552252,10.1746923570975));
#4178=CARTESIAN_POINT('',(2.,5.65030288160342,10.7964745646148));
#4179=CARTESIAN_POINT('',(2.,5.65030288160342,10.7964745646148));
#4180=CARTESIAN_POINT('',(2.,5.31892216552252,10.1746923570975));
#4181=CARTESIAN_POINT('Origin',(2.,5.79260523697867,10.7206340920923));
#4182=CARTESIAN_POINT('Origin',(2.,5.79260523697867,10.7206340920923));
#4183=CARTESIAN_POINT('Origin',(2.,12.2483392920401,0.499999999999998));
#4184=CARTESIAN_POINT('',(2.,12.2483392920401,12.3999997261912));
#4185=CARTESIAN_POINT('',(2.,12.2483392920401,1.67757579556305));
#4186=CARTESIAN_POINT('',(2.,12.167714020537,12.3999997261912));
#4187=CARTESIAN_POINT('',(2.,2.5664896987524,-7.0049509294169));
#4188=CARTESIAN_POINT('Origin',(2.,12.2483392920401,0.499999999999998));
#4189=CARTESIAN_POINT('',(2.,2.74092243279641,-7.53675723746376));
#4190=CARTESIAN_POINT('Origin',(2.,1.90786047471923,-7.51549180896907));
#4191=CARTESIAN_POINT('',(2.,2.73413998453711,-7.80245607484462));
#4192=CARTESIAN_POINT('',(2.,2.83882715114442,-3.70139147503062));
#4193=CARTESIAN_POINT('Origin',(2.,2.23430280969081,-7.78969681774781));
#4194=CARTESIAN_POINT('Origin',(2.,12.2483392920401,0.499999999999998));
#4195=CARTESIAN_POINT('',(2.,2.5664896987524,-7.0049509294169));
#4196=CARTESIAN_POINT('Origin',(2.,2.23430280969081,-7.78969681774781));
#4197=CARTESIAN_POINT('',(22.,2.73413998453711,-7.80245607484462));
#4198=CARTESIAN_POINT('Origin',(2.,2.72552137400858,-8.14008560178318));
#4199=CARTESIAN_POINT('',(22.,2.74092243279641,-7.53675723746376));
#4200=CARTESIAN_POINT('Origin',(2.,1.90786047471923,-7.51549180896907));
#4201=CARTESIAN_POINT('Origin',(2.,12.167714020537,12.3999997261912));
#4202=CARTESIAN_POINT('',(7.,12.2483392920401,12.3999997261912));
#4203=CARTESIAN_POINT('Origin',(12.,12.2483392920401,2.85515159112609));
#4204=UNCERTAINTY_MEASURE_WITH_UNIT(LENGTH_MEASURE(0.01),#4208,
'DISTANCE_ACCURACY_VALUE',
'Maximum model space distance between geometric entities at asserted c
onnectivities');
#4205=UNCERTAINTY_MEASURE_WITH_UNIT(LENGTH_MEASURE(0.01),#4208,
'DISTANCE_ACCURACY_VALUE',
'Maximum model space distance between geometric entities at asserted c
onnectivities');
#4206=(
GEOMETRIC_REPRESENTATION_CONTEXT(3)
GLOBAL_UNCERTAINTY_ASSIGNED_CONTEXT((#4204))
GLOBAL_UNIT_ASSIGNED_CONTEXT((#4208,#4210,#4211))
REPRESENTATION_CONTEXT('','3D')
);
#4207=(
GEOMETRIC_REPRESENTATION_CONTEXT(3)
GLOBAL_UNCERTAINTY_ASSIGNED_CONTEXT((#4205))
GLOBAL_UNIT_ASSIGNED_CONTEXT((#4208,#4210,#4211))
REPRESENTATION_CONTEXT('','3D')
);
#4208=(
LENGTH_UNIT()
NAMED_UNIT(*)
SI_UNIT(.MILLI.,.METRE.)
);
#4209=(
LENGTH_UNIT()
NAMED_UNIT(*)
SI_UNIT($,.METRE.)
);
#4210=(
NAMED_UNIT(*)
PLANE_ANGLE_UNIT()
SI_UNIT($,.RADIAN.)
);
#4211=(
NAMED_UNIT(*)
SI_UNIT($,.STERADIAN.)
SOLID_ANGLE_UNIT()
);
#4212=SHAPE_DEFINITION_REPRESENTATION(#4213,#4214);
#4213=PRODUCT_DEFINITION_SHAPE('',$,#4216);
#4214=SHAPE_REPRESENTATION('',(#2484),#4206);
#4215=PRODUCT_DEFINITION_CONTEXT('part definition',#4220,'design');
#4216=PRODUCT_DEFINITION('2026-09-24-17-57-29-222','sdHolder',#4217,#4215);
#4217=PRODUCT_DEFINITION_FORMATION('',$,#4222);
#4218=PRODUCT_RELATED_PRODUCT_CATEGORY('sdHolder','sdHolder',(#4222));
#4219=APPLICATION_PROTOCOL_DEFINITION('international standard',
'automotive_design',2009,#4220);
#4220=APPLICATION_CONTEXT(
'Core Data for Automotive Mechanical Design Process');
#4221=PRODUCT_CONTEXT('part definition',#4220,'mechanical');
#4222=PRODUCT('2026-09-24-17-57-29-222','sdHolder',$,(#4221));
#4223=PRESENTATION_STYLE_ASSIGNMENT((#4224));
#4224=SURFACE_STYLE_USAGE(.BOTH.,#4225);
#4225=SURFACE_SIDE_STYLE('',(#4226));
#4226=SURFACE_STYLE_FILL_AREA(#4227);
#4227=FILL_AREA_STYLE('Steel - Satin',(#4228));
#4228=FILL_AREA_STYLE_COLOUR('Steel - Satin',#4229);
#4229=COLOUR_RGB('Steel - Satin',0.627450980392157,0.627450980392157,0.627450980392157);
ENDSEC;
END-ISO-10303-21;
