ISO-10303-21;
HEADER;
/* Generated by software containing ST-Developer
 * from STEP Tools, Inc. (www.steptools.com) 
 */

FILE_DESCRIPTION(
/* description */ (''),
/* implementation_level */ '2;1');

FILE_NAME(
/* name */ 'snapFit.step',
/* time_stamp */ '2026-10-07T16:12:31+01:00',
/* author */ (''),
/* organization */ (''),
/* preprocessor_version */ 'ST-DEVELOPER v20.1',
/* originating_system */ 'Autodesk Translation Framework v15.8.0.0',
/* authorisation */ '');

FILE_SCHEMA (('AUTOMOTIVE_DESIGN { 1 0 10303 214 3 1 1 }'));
ENDSEC;

DATA;
#10=MECHANICAL_DESIGN_GEOMETRIC_PRESENTATION_REPRESENTATION('',(#13),#2245);
#11=SHAPE_REPRESENTATION_RELATIONSHIP('SRR','None',#2252,#12);
#12=ADVANCED_BREP_SHAPE_REPRESENTATION('',(#14),#2244);
#13=STYLED_ITEM('',(#2261),#14);
#14=MANIFOLD_SOLID_BREP('Body1',#1285);
#15=PLANE('',#1302);
#16=PLANE('',#1303);
#17=PLANE('',#1354);
#18=PLANE('',#1357);
#19=PLANE('',#1393);
#20=PLANE('',#1395);
#21=PLANE('',#1397);
#22=PLANE('',#1400);
#23=PLANE('',#1402);
#24=PLANE('',#1404);
#25=PLANE('',#1407);
#26=PLANE('',#1409);
#27=PLANE('',#1411);
#28=PLANE('',#1414);
#29=PLANE('',#1416);
#30=PLANE('',#1418);
#31=PLANE('',#1421);
#32=PLANE('',#1423);
#33=PLANE('',#1425);
#34=PLANE('',#1428);
#35=PLANE('',#1430);
#36=PLANE('',#1433);
#37=PLANE('',#1441);
#38=PLANE('',#1443);
#39=PLANE('',#1446);
#40=FACE_OUTER_BOUND('',#106,.T.);
#41=FACE_OUTER_BOUND('',#107,.T.);
#42=FACE_OUTER_BOUND('',#108,.T.);
#43=FACE_OUTER_BOUND('',#109,.T.);
#44=FACE_OUTER_BOUND('',#110,.T.);
#45=FACE_OUTER_BOUND('',#111,.T.);
#46=FACE_OUTER_BOUND('',#112,.T.);
#47=FACE_OUTER_BOUND('',#113,.T.);
#48=FACE_OUTER_BOUND('',#114,.T.);
#49=FACE_OUTER_BOUND('',#115,.T.);
#50=FACE_OUTER_BOUND('',#116,.T.);
#51=FACE_OUTER_BOUND('',#117,.T.);
#52=FACE_OUTER_BOUND('',#118,.T.);
#53=FACE_OUTER_BOUND('',#119,.T.);
#54=FACE_OUTER_BOUND('',#120,.T.);
#55=FACE_OUTER_BOUND('',#121,.T.);
#56=FACE_OUTER_BOUND('',#122,.T.);
#57=FACE_OUTER_BOUND('',#123,.T.);
#58=FACE_OUTER_BOUND('',#124,.T.);
#59=FACE_OUTER_BOUND('',#125,.T.);
#60=FACE_OUTER_BOUND('',#126,.T.);
#61=FACE_OUTER_BOUND('',#127,.T.);
#62=FACE_OUTER_BOUND('',#128,.T.);
#63=FACE_OUTER_BOUND('',#129,.T.);
#64=FACE_OUTER_BOUND('',#130,.T.);
#65=FACE_OUTER_BOUND('',#131,.T.);
#66=FACE_OUTER_BOUND('',#132,.T.);
#67=FACE_OUTER_BOUND('',#133,.T.);
#68=FACE_OUTER_BOUND('',#134,.T.);
#69=FACE_OUTER_BOUND('',#135,.T.);
#70=FACE_OUTER_BOUND('',#136,.T.);
#71=FACE_OUTER_BOUND('',#137,.T.);
#72=FACE_OUTER_BOUND('',#138,.T.);
#73=FACE_OUTER_BOUND('',#139,.T.);
#74=FACE_OUTER_BOUND('',#140,.T.);
#75=FACE_OUTER_BOUND('',#141,.T.);
#76=FACE_OUTER_BOUND('',#142,.T.);
#77=FACE_OUTER_BOUND('',#143,.T.);
#78=FACE_OUTER_BOUND('',#144,.T.);
#79=FACE_OUTER_BOUND('',#145,.T.);
#80=FACE_OUTER_BOUND('',#146,.T.);
#81=FACE_OUTER_BOUND('',#147,.T.);
#82=FACE_OUTER_BOUND('',#148,.T.);
#83=FACE_OUTER_BOUND('',#149,.T.);
#84=FACE_OUTER_BOUND('',#150,.T.);
#85=FACE_OUTER_BOUND('',#151,.T.);
#86=FACE_OUTER_BOUND('',#152,.T.);
#87=FACE_OUTER_BOUND('',#153,.T.);
#88=FACE_OUTER_BOUND('',#154,.T.);
#89=FACE_OUTER_BOUND('',#155,.T.);
#90=FACE_OUTER_BOUND('',#156,.T.);
#91=FACE_OUTER_BOUND('',#157,.T.);
#92=FACE_OUTER_BOUND('',#158,.T.);
#93=FACE_OUTER_BOUND('',#159,.T.);
#94=FACE_OUTER_BOUND('',#160,.T.);
#95=FACE_OUTER_BOUND('',#161,.T.);
#96=FACE_OUTER_BOUND('',#162,.T.);
#97=FACE_OUTER_BOUND('',#163,.T.);
#98=FACE_OUTER_BOUND('',#164,.T.);
#99=FACE_OUTER_BOUND('',#165,.T.);
#100=FACE_OUTER_BOUND('',#166,.T.);
#101=FACE_OUTER_BOUND('',#167,.T.);
#102=FACE_OUTER_BOUND('',#168,.T.);
#103=FACE_OUTER_BOUND('',#169,.T.);
#104=FACE_OUTER_BOUND('',#170,.T.);
#105=FACE_OUTER_BOUND('',#171,.T.);
#106=EDGE_LOOP('',(#794,#795,#796,#797));
#107=EDGE_LOOP('',(#798,#799,#800,#801));
#108=EDGE_LOOP('',(#802,#803,#804,#805,#806,#807,#808,#809,#810,#811,#812,
#813,#814,#815,#816,#817,#818,#819,#820,#821,#822,#823,#824,#825,#826,#827,
#828,#829,#830,#831,#832,#833,#834,#835,#836,#837,#838,#839,#840,#841,#842,
#843,#844,#845,#846,#847,#848,#849,#850,#851,#852,#853,#854,#855,#856,#857,
#858,#859,#860,#861,#862,#863,#864,#865));
#109=EDGE_LOOP('',(#866,#867,#868,#869));
#110=EDGE_LOOP('',(#870,#871,#872,#873));
#111=EDGE_LOOP('',(#874,#875,#876,#877));
#112=EDGE_LOOP('',(#878,#879,#880,#881));
#113=EDGE_LOOP('',(#882,#883,#884,#885));
#114=EDGE_LOOP('',(#886,#887,#888,#889));
#115=EDGE_LOOP('',(#890,#891,#892,#893));
#116=EDGE_LOOP('',(#894,#895,#896,#897,#898,#899,#900,#901,#902,#903,#904,
#905,#906,#907,#908,#909,#910,#911,#912,#913,#914,#915,#916,#917,#918,#919,
#920,#921,#922,#923,#924,#925,#926,#927,#928,#929,#930,#931,#932,#933,#934,
#935,#936,#937,#938,#939,#940,#941,#942,#943,#944,#945,#946,#947,#948,#949,
#950,#951,#952,#953,#954,#955,#956,#957));
#117=EDGE_LOOP('',(#958,#959,#960,#961));
#118=EDGE_LOOP('',(#962,#963,#964,#965));
#119=EDGE_LOOP('',(#966,#967,#968,#969));
#120=EDGE_LOOP('',(#970,#971,#972,#973));
#121=EDGE_LOOP('',(#974,#975,#976,#977));
#122=EDGE_LOOP('',(#978,#979,#980,#981));
#123=EDGE_LOOP('',(#982,#983,#984,#985));
#124=EDGE_LOOP('',(#986,#987,#988,#989));
#125=EDGE_LOOP('',(#990,#991,#992,#993));
#126=EDGE_LOOP('',(#994,#995,#996,#997));
#127=EDGE_LOOP('',(#998,#999,#1000,#1001));
#128=EDGE_LOOP('',(#1002,#1003,#1004,#1005));
#129=EDGE_LOOP('',(#1006,#1007,#1008,#1009));
#130=EDGE_LOOP('',(#1010,#1011,#1012,#1013));
#131=EDGE_LOOP('',(#1014,#1015,#1016,#1017));
#132=EDGE_LOOP('',(#1018,#1019,#1020,#1021));
#133=EDGE_LOOP('',(#1022,#1023,#1024,#1025));
#134=EDGE_LOOP('',(#1026,#1027,#1028,#1029));
#135=EDGE_LOOP('',(#1030,#1031,#1032,#1033));
#136=EDGE_LOOP('',(#1034,#1035,#1036,#1037));
#137=EDGE_LOOP('',(#1038,#1039,#1040,#1041));
#138=EDGE_LOOP('',(#1042,#1043,#1044,#1045));
#139=EDGE_LOOP('',(#1046,#1047,#1048,#1049));
#140=EDGE_LOOP('',(#1050,#1051,#1052,#1053));
#141=EDGE_LOOP('',(#1054,#1055,#1056,#1057));
#142=EDGE_LOOP('',(#1058,#1059,#1060,#1061));
#143=EDGE_LOOP('',(#1062,#1063,#1064,#1065));
#144=EDGE_LOOP('',(#1066,#1067,#1068,#1069));
#145=EDGE_LOOP('',(#1070,#1071,#1072,#1073));
#146=EDGE_LOOP('',(#1074,#1075,#1076,#1077));
#147=EDGE_LOOP('',(#1078,#1079,#1080,#1081));
#148=EDGE_LOOP('',(#1082,#1083,#1084,#1085));
#149=EDGE_LOOP('',(#1086,#1087,#1088,#1089));
#150=EDGE_LOOP('',(#1090,#1091,#1092,#1093));
#151=EDGE_LOOP('',(#1094,#1095,#1096,#1097));
#152=EDGE_LOOP('',(#1098,#1099,#1100,#1101));
#153=EDGE_LOOP('',(#1102,#1103,#1104,#1105));
#154=EDGE_LOOP('',(#1106,#1107,#1108,#1109));
#155=EDGE_LOOP('',(#1110,#1111,#1112,#1113));
#156=EDGE_LOOP('',(#1114,#1115,#1116,#1117));
#157=EDGE_LOOP('',(#1118,#1119,#1120,#1121));
#158=EDGE_LOOP('',(#1122,#1123,#1124,#1125));
#159=EDGE_LOOP('',(#1126,#1127,#1128,#1129));
#160=EDGE_LOOP('',(#1130,#1131,#1132,#1133));
#161=EDGE_LOOP('',(#1134,#1135,#1136,#1137));
#162=EDGE_LOOP('',(#1138,#1139,#1140,#1141));
#163=EDGE_LOOP('',(#1142,#1143,#1144,#1145));
#164=EDGE_LOOP('',(#1146,#1147,#1148,#1149));
#165=EDGE_LOOP('',(#1150,#1151,#1152,#1153));
#166=EDGE_LOOP('',(#1154,#1155,#1156,#1157));
#167=EDGE_LOOP('',(#1158,#1159,#1160,#1161));
#168=EDGE_LOOP('',(#1162,#1163,#1164,#1165));
#169=EDGE_LOOP('',(#1166,#1167,#1168,#1169));
#170=EDGE_LOOP('',(#1170,#1171,#1172,#1173));
#171=EDGE_LOOP('',(#1174,#1175,#1176,#1177));
#172=LINE('',#1861,#282);
#173=LINE('',#1864,#283);
#174=LINE('',#1867,#284);
#175=LINE('',#1869,#285);
#176=LINE('',#1870,#286);
#177=LINE('',#1877,#287);
#178=LINE('',#1881,#288);
#179=LINE('',#1885,#289);
#180=LINE('',#1893,#290);
#181=LINE('',#1897,#291);
#182=LINE('',#1901,#292);
#183=LINE('',#1909,#293);
#184=LINE('',#1913,#294);
#185=LINE('',#1917,#295);
#186=LINE('',#1925,#296);
#187=LINE('',#1929,#297);
#188=LINE('',#1933,#298);
#189=LINE('',#1941,#299);
#190=LINE('',#1945,#300);
#191=LINE('',#1949,#301);
#192=LINE('',#1957,#302);
#193=LINE('',#1961,#303);
#194=LINE('',#1965,#304);
#195=LINE('',#1973,#305);
#196=LINE('',#1977,#306);
#197=LINE('',#1981,#307);
#198=LINE('',#1989,#308);
#199=LINE('',#1999,#309);
#200=LINE('',#2000,#310);
#201=LINE('',#2003,#311);
#202=LINE('',#2009,#312);
#203=LINE('',#2010,#313);
#204=LINE('',#2014,#314);
#205=LINE('',#2018,#315);
#206=LINE('',#2022,#316);
#207=LINE('',#2027,#317);
#208=LINE('',#2031,#318);
#209=LINE('',#2035,#319);
#210=LINE('',#2043,#320);
#211=LINE('',#2047,#321);
#212=LINE('',#2051,#322);
#213=LINE('',#2059,#323);
#214=LINE('',#2063,#324);
#215=LINE('',#2067,#325);
#216=LINE('',#2075,#326);
#217=LINE('',#2079,#327);
#218=LINE('',#2083,#328);
#219=LINE('',#2091,#329);
#220=LINE('',#2095,#330);
#221=LINE('',#2099,#331);
#222=LINE('',#2107,#332);
#223=LINE('',#2111,#333);
#224=LINE('',#2115,#334);
#225=LINE('',#2123,#335);
#226=LINE('',#2127,#336);
#227=LINE('',#2131,#337);
#228=LINE('',#2134,#338);
#229=LINE('',#2135,#339);
#230=LINE('',#2137,#340);
#231=LINE('',#2139,#341);
#232=LINE('',#2141,#342);
#233=LINE('',#2143,#343);
#234=LINE('',#2145,#344);
#235=LINE('',#2147,#345);
#236=LINE('',#2149,#346);
#237=LINE('',#2150,#347);
#238=LINE('',#2152,#348);
#239=LINE('',#2154,#349);
#240=LINE('',#2156,#350);
#241=LINE('',#2158,#351);
#242=LINE('',#2160,#352);
#243=LINE('',#2162,#353);
#244=LINE('',#2164,#354);
#245=LINE('',#2165,#355);
#246=LINE('',#2167,#356);
#247=LINE('',#2169,#357);
#248=LINE('',#2171,#358);
#249=LINE('',#2173,#359);
#250=LINE('',#2175,#360);
#251=LINE('',#2178,#361);
#252=LINE('',#2180,#362);
#253=LINE('',#2182,#363);
#254=LINE('',#2184,#364);
#255=LINE('',#2186,#365);
#256=LINE('',#2188,#366);
#257=LINE('',#2190,#367);
#258=LINE('',#2192,#368);
#259=LINE('',#2193,#369);
#260=LINE('',#2195,#370);
#261=LINE('',#2197,#371);
#262=LINE('',#2199,#372);
#263=LINE('',#2201,#373);
#264=LINE('',#2203,#374);
#265=LINE('',#2205,#375);
#266=LINE('',#2207,#376);
#267=LINE('',#2208,#377);
#268=LINE('',#2210,#378);
#269=LINE('',#2212,#379);
#270=LINE('',#2214,#380);
#271=LINE('',#2216,#381);
#272=LINE('',#2218,#382);
#273=LINE('',#2219,#383);
#274=LINE('',#2222,#384);
#275=LINE('',#2228,#385);
#276=LINE('',#2230,#386);
#277=LINE('',#2232,#387);
#278=LINE('',#2234,#388);
#279=LINE('',#2236,#389);
#280=LINE('',#2238,#390);
#281=LINE('',#2240,#391);
#282=VECTOR('',#1453,10.);
#283=VECTOR('',#1456,10.);
#284=VECTOR('',#1459,10.);
#285=VECTOR('',#1460,10.);
#286=VECTOR('',#1461,10.);
#287=VECTOR('',#1468,10.);
#288=VECTOR('',#1471,10.);
#289=VECTOR('',#1474,10.);
#290=VECTOR('',#1481,10.);
#291=VECTOR('',#1484,10.);
#292=VECTOR('',#1487,10.);
#293=VECTOR('',#1494,10.);
#294=VECTOR('',#1497,10.);
#295=VECTOR('',#1500,10.);
#296=VECTOR('',#1507,10.);
#297=VECTOR('',#1510,10.);
#298=VECTOR('',#1513,10.);
#299=VECTOR('',#1520,10.);
#300=VECTOR('',#1523,10.);
#301=VECTOR('',#1526,10.);
#302=VECTOR('',#1533,10.);
#303=VECTOR('',#1536,10.);
#304=VECTOR('',#1539,10.);
#305=VECTOR('',#1546,10.);
#306=VECTOR('',#1549,10.);
#307=VECTOR('',#1552,10.);
#308=VECTOR('',#1559,10.);
#309=VECTOR('',#1570,10.);
#310=VECTOR('',#1571,10.);
#311=VECTOR('',#1574,10.);
#312=VECTOR('',#1581,10.);
#313=VECTOR('',#1582,10.);
#314=VECTOR('',#1587,10.);
#315=VECTOR('',#1594,10.);
#316=VECTOR('',#1599,10.);
#317=VECTOR('',#1604,10.);
#318=VECTOR('',#1607,10.);
#319=VECTOR('',#1610,10.);
#320=VECTOR('',#1617,10.);
#321=VECTOR('',#1620,10.);
#322=VECTOR('',#1623,10.);
#323=VECTOR('',#1630,10.);
#324=VECTOR('',#1633,10.);
#325=VECTOR('',#1636,10.);
#326=VECTOR('',#1643,10.);
#327=VECTOR('',#1646,10.);
#328=VECTOR('',#1649,10.);
#329=VECTOR('',#1656,10.);
#330=VECTOR('',#1659,10.);
#331=VECTOR('',#1662,10.);
#332=VECTOR('',#1669,10.);
#333=VECTOR('',#1672,10.);
#334=VECTOR('',#1675,10.);
#335=VECTOR('',#1682,10.);
#336=VECTOR('',#1685,10.);
#337=VECTOR('',#1688,10.);
#338=VECTOR('',#1693,10.);
#339=VECTOR('',#1694,10.);
#340=VECTOR('',#1697,10.);
#341=VECTOR('',#1700,10.);
#342=VECTOR('',#1703,10.);
#343=VECTOR('',#1706,10.);
#344=VECTOR('',#1709,10.);
#345=VECTOR('',#1712,10.);
#346=VECTOR('',#1715,10.);
#347=VECTOR('',#1716,10.);
#348=VECTOR('',#1719,10.);
#349=VECTOR('',#1722,10.);
#350=VECTOR('',#1725,10.);
#351=VECTOR('',#1728,10.);
#352=VECTOR('',#1731,10.);
#353=VECTOR('',#1734,10.);
#354=VECTOR('',#1737,10.);
#355=VECTOR('',#1738,10.);
#356=VECTOR('',#1741,10.);
#357=VECTOR('',#1744,10.);
#358=VECTOR('',#1747,10.);
#359=VECTOR('',#1750,10.);
#360=VECTOR('',#1753,10.);
#361=VECTOR('',#1758,10.);
#362=VECTOR('',#1761,10.);
#363=VECTOR('',#1764,10.);
#364=VECTOR('',#1767,10.);
#365=VECTOR('',#1770,10.);
#366=VECTOR('',#1773,10.);
#367=VECTOR('',#1776,10.);
#368=VECTOR('',#1779,10.);
#369=VECTOR('',#1780,10.);
#370=VECTOR('',#1783,10.);
#371=VECTOR('',#1786,10.);
#372=VECTOR('',#1789,10.);
#373=VECTOR('',#1792,10.);
#374=VECTOR('',#1795,10.);
#375=VECTOR('',#1798,10.);
#376=VECTOR('',#1801,10.);
#377=VECTOR('',#1802,10.);
#378=VECTOR('',#1805,10.);
#379=VECTOR('',#1808,10.);
#380=VECTOR('',#1811,10.);
#381=VECTOR('',#1814,10.);
#382=VECTOR('',#1817,10.);
#383=VECTOR('',#1818,10.);
#384=VECTOR('',#1823,10.);
#385=VECTOR('',#1834,10.);
#386=VECTOR('',#1837,10.);
#387=VECTOR('',#1840,10.);
#388=VECTOR('',#1843,10.);
#389=VECTOR('',#1846,10.);
#390=VECTOR('',#1849,10.);
#391=VECTOR('',#1852,10.);
#392=CIRCLE('',#1300,0.833333333333333);
#393=CIRCLE('',#1301,0.833333333333333);
#394=CIRCLE('',#1304,12.25);
#395=CIRCLE('',#1305,0.161250543);
#396=CIRCLE('',#1306,0.161250543);
#397=CIRCLE('',#1307,0.161250543);
#398=CIRCLE('',#1308,0.161250543);
#399=CIRCLE('',#1309,12.25);
#400=CIRCLE('',#1310,0.161250543);
#401=CIRCLE('',#1311,0.161250543);
#402=CIRCLE('',#1312,0.161250543);
#403=CIRCLE('',#1313,0.161250543);
#404=CIRCLE('',#1314,12.25);
#405=CIRCLE('',#1315,0.161250543);
#406=CIRCLE('',#1316,0.161250543);
#407=CIRCLE('',#1317,0.161250543);
#408=CIRCLE('',#1318,0.161250543);
#409=CIRCLE('',#1319,12.25);
#410=CIRCLE('',#1320,0.161250543);
#411=CIRCLE('',#1321,0.161250543);
#412=CIRCLE('',#1322,0.161250543);
#413=CIRCLE('',#1323,0.161250543);
#414=CIRCLE('',#1324,12.25);
#415=CIRCLE('',#1325,0.161250543);
#416=CIRCLE('',#1326,0.161250543);
#417=CIRCLE('',#1327,0.161250543);
#418=CIRCLE('',#1328,0.161250543);
#419=CIRCLE('',#1329,12.25);
#420=CIRCLE('',#1330,0.161250543);
#421=CIRCLE('',#1331,0.161250543);
#422=CIRCLE('',#1332,0.161250543);
#423=CIRCLE('',#1333,0.161250543);
#424=CIRCLE('',#1334,12.25);
#425=CIRCLE('',#1335,0.161250543);
#426=CIRCLE('',#1336,0.161250543);
#427=CIRCLE('',#1337,0.161250543);
#428=CIRCLE('',#1338,0.161250543);
#429=CIRCLE('',#1339,12.25);
#430=CIRCLE('',#1340,0.833333333333333);
#431=CIRCLE('',#1341,0.5);
#432=CIRCLE('',#1342,13.5);
#433=CIRCLE('',#1343,0.5);
#434=CIRCLE('',#1345,0.833333333333333);
#435=CIRCLE('',#1347,12.25);
#436=CIRCLE('',#1349,0.5);
#437=CIRCLE('',#1351,13.5);
#438=CIRCLE('',#1353,0.5);
#439=CIRCLE('',#1356,12.25);
#440=CIRCLE('',#1358,0.161250543);
#441=CIRCLE('',#1359,0.161250543);
#442=CIRCLE('',#1360,0.161250543);
#443=CIRCLE('',#1361,0.161250543);
#444=CIRCLE('',#1362,12.25);
#445=CIRCLE('',#1363,0.161250543);
#446=CIRCLE('',#1364,0.161250543);
#447=CIRCLE('',#1365,0.161250543);
#448=CIRCLE('',#1366,0.161250543);
#449=CIRCLE('',#1367,12.25);
#450=CIRCLE('',#1368,0.161250543);
#451=CIRCLE('',#1369,0.161250543);
#452=CIRCLE('',#1370,0.161250543);
#453=CIRCLE('',#1371,0.161250543);
#454=CIRCLE('',#1372,12.25);
#455=CIRCLE('',#1373,0.161250543);
#456=CIRCLE('',#1374,0.161250543);
#457=CIRCLE('',#1375,0.161250543);
#458=CIRCLE('',#1376,0.161250543);
#459=CIRCLE('',#1377,12.25);
#460=CIRCLE('',#1378,0.161250543);
#461=CIRCLE('',#1379,0.161250543);
#462=CIRCLE('',#1380,0.161250543);
#463=CIRCLE('',#1381,0.161250543);
#464=CIRCLE('',#1382,12.25);
#465=CIRCLE('',#1383,0.161250543);
#466=CIRCLE('',#1384,0.161250543);
#467=CIRCLE('',#1385,0.161250543);
#468=CIRCLE('',#1386,0.161250543);
#469=CIRCLE('',#1387,12.25);
#470=CIRCLE('',#1388,0.161250543);
#471=CIRCLE('',#1389,0.161250543);
#472=CIRCLE('',#1390,0.161250543);
#473=CIRCLE('',#1391,0.161250543);
#474=VERTEX_POINT('',#1857);
#475=VERTEX_POINT('',#1858);
#476=VERTEX_POINT('',#1860);
#477=VERTEX_POINT('',#1862);
#478=VERTEX_POINT('',#1866);
#479=VERTEX_POINT('',#1868);
#480=VERTEX_POINT('',#1872);
#481=VERTEX_POINT('',#1874);
#482=VERTEX_POINT('',#1876);
#483=VERTEX_POINT('',#1878);
#484=VERTEX_POINT('',#1880);
#485=VERTEX_POINT('',#1882);
#486=VERTEX_POINT('',#1884);
#487=VERTEX_POINT('',#1886);
#488=VERTEX_POINT('',#1888);
#489=VERTEX_POINT('',#1890);
#490=VERTEX_POINT('',#1892);
#491=VERTEX_POINT('',#1894);
#492=VERTEX_POINT('',#1896);
#493=VERTEX_POINT('',#1898);
#494=VERTEX_POINT('',#1900);
#495=VERTEX_POINT('',#1902);
#496=VERTEX_POINT('',#1904);
#497=VERTEX_POINT('',#1906);
#498=VERTEX_POINT('',#1908);
#499=VERTEX_POINT('',#1910);
#500=VERTEX_POINT('',#1912);
#501=VERTEX_POINT('',#1914);
#502=VERTEX_POINT('',#1916);
#503=VERTEX_POINT('',#1918);
#504=VERTEX_POINT('',#1920);
#505=VERTEX_POINT('',#1922);
#506=VERTEX_POINT('',#1924);
#507=VERTEX_POINT('',#1926);
#508=VERTEX_POINT('',#1928);
#509=VERTEX_POINT('',#1930);
#510=VERTEX_POINT('',#1932);
#511=VERTEX_POINT('',#1934);
#512=VERTEX_POINT('',#1936);
#513=VERTEX_POINT('',#1938);
#514=VERTEX_POINT('',#1940);
#515=VERTEX_POINT('',#1942);
#516=VERTEX_POINT('',#1944);
#517=VERTEX_POINT('',#1946);
#518=VERTEX_POINT('',#1948);
#519=VERTEX_POINT('',#1950);
#520=VERTEX_POINT('',#1952);
#521=VERTEX_POINT('',#1954);
#522=VERTEX_POINT('',#1956);
#523=VERTEX_POINT('',#1958);
#524=VERTEX_POINT('',#1960);
#525=VERTEX_POINT('',#1962);
#526=VERTEX_POINT('',#1964);
#527=VERTEX_POINT('',#1966);
#528=VERTEX_POINT('',#1968);
#529=VERTEX_POINT('',#1970);
#530=VERTEX_POINT('',#1972);
#531=VERTEX_POINT('',#1974);
#532=VERTEX_POINT('',#1976);
#533=VERTEX_POINT('',#1978);
#534=VERTEX_POINT('',#1980);
#535=VERTEX_POINT('',#1982);
#536=VERTEX_POINT('',#1984);
#537=VERTEX_POINT('',#1986);
#538=VERTEX_POINT('',#1988);
#539=VERTEX_POINT('',#1990);
#540=VERTEX_POINT('',#1992);
#541=VERTEX_POINT('',#1996);
#542=VERTEX_POINT('',#1997);
#543=VERTEX_POINT('',#2002);
#544=VERTEX_POINT('',#2006);
#545=VERTEX_POINT('',#2007);
#546=VERTEX_POINT('',#2012);
#547=VERTEX_POINT('',#2020);
#548=VERTEX_POINT('',#2024);
#549=VERTEX_POINT('',#2026);
#550=VERTEX_POINT('',#2028);
#551=VERTEX_POINT('',#2030);
#552=VERTEX_POINT('',#2032);
#553=VERTEX_POINT('',#2034);
#554=VERTEX_POINT('',#2036);
#555=VERTEX_POINT('',#2038);
#556=VERTEX_POINT('',#2040);
#557=VERTEX_POINT('',#2042);
#558=VERTEX_POINT('',#2044);
#559=VERTEX_POINT('',#2046);
#560=VERTEX_POINT('',#2048);
#561=VERTEX_POINT('',#2050);
#562=VERTEX_POINT('',#2052);
#563=VERTEX_POINT('',#2054);
#564=VERTEX_POINT('',#2056);
#565=VERTEX_POINT('',#2058);
#566=VERTEX_POINT('',#2060);
#567=VERTEX_POINT('',#2062);
#568=VERTEX_POINT('',#2064);
#569=VERTEX_POINT('',#2066);
#570=VERTEX_POINT('',#2068);
#571=VERTEX_POINT('',#2070);
#572=VERTEX_POINT('',#2072);
#573=VERTEX_POINT('',#2074);
#574=VERTEX_POINT('',#2076);
#575=VERTEX_POINT('',#2078);
#576=VERTEX_POINT('',#2080);
#577=VERTEX_POINT('',#2082);
#578=VERTEX_POINT('',#2084);
#579=VERTEX_POINT('',#2086);
#580=VERTEX_POINT('',#2088);
#581=VERTEX_POINT('',#2090);
#582=VERTEX_POINT('',#2092);
#583=VERTEX_POINT('',#2094);
#584=VERTEX_POINT('',#2096);
#585=VERTEX_POINT('',#2098);
#586=VERTEX_POINT('',#2100);
#587=VERTEX_POINT('',#2102);
#588=VERTEX_POINT('',#2104);
#589=VERTEX_POINT('',#2106);
#590=VERTEX_POINT('',#2108);
#591=VERTEX_POINT('',#2110);
#592=VERTEX_POINT('',#2112);
#593=VERTEX_POINT('',#2114);
#594=VERTEX_POINT('',#2116);
#595=VERTEX_POINT('',#2118);
#596=VERTEX_POINT('',#2120);
#597=VERTEX_POINT('',#2122);
#598=VERTEX_POINT('',#2124);
#599=VERTEX_POINT('',#2126);
#600=VERTEX_POINT('',#2128);
#601=VERTEX_POINT('',#2130);
#602=EDGE_CURVE('',#474,#475,#392,.T.);
#603=EDGE_CURVE('',#475,#476,#172,.T.);
#604=EDGE_CURVE('',#476,#477,#393,.T.);
#605=EDGE_CURVE('',#477,#474,#173,.T.);
#606=EDGE_CURVE('',#475,#478,#174,.T.);
#607=EDGE_CURVE('',#479,#478,#175,.T.);
#608=EDGE_CURVE('',#479,#476,#176,.T.);
#609=EDGE_CURVE('',#474,#480,#394,.T.);
#610=EDGE_CURVE('',#481,#480,#395,.T.);
#611=EDGE_CURVE('',#481,#482,#177,.T.);
#612=EDGE_CURVE('',#483,#482,#396,.T.);
#613=EDGE_CURVE('',#483,#484,#178,.T.);
#614=EDGE_CURVE('',#485,#484,#397,.T.);
#615=EDGE_CURVE('',#485,#486,#179,.T.);
#616=EDGE_CURVE('',#487,#486,#398,.T.);
#617=EDGE_CURVE('',#487,#488,#399,.T.);
#618=EDGE_CURVE('',#489,#488,#400,.T.);
#619=EDGE_CURVE('',#489,#490,#180,.T.);
#620=EDGE_CURVE('',#491,#490,#401,.T.);
#621=EDGE_CURVE('',#491,#492,#181,.T.);
#622=EDGE_CURVE('',#493,#492,#402,.T.);
#623=EDGE_CURVE('',#493,#494,#182,.T.);
#624=EDGE_CURVE('',#495,#494,#403,.T.);
#625=EDGE_CURVE('',#495,#496,#404,.T.);
#626=EDGE_CURVE('',#497,#496,#405,.T.);
#627=EDGE_CURVE('',#497,#498,#183,.T.);
#628=EDGE_CURVE('',#499,#498,#406,.T.);
#629=EDGE_CURVE('',#499,#500,#184,.T.);
#630=EDGE_CURVE('',#501,#500,#407,.T.);
#631=EDGE_CURVE('',#501,#502,#185,.T.);
#632=EDGE_CURVE('',#503,#502,#408,.T.);
#633=EDGE_CURVE('',#503,#504,#409,.T.);
#634=EDGE_CURVE('',#505,#504,#410,.T.);
#635=EDGE_CURVE('',#505,#506,#186,.T.);
#636=EDGE_CURVE('',#507,#506,#411,.T.);
#637=EDGE_CURVE('',#507,#508,#187,.T.);
#638=EDGE_CURVE('',#509,#508,#412,.T.);
#639=EDGE_CURVE('',#509,#510,#188,.T.);
#640=EDGE_CURVE('',#511,#510,#413,.T.);
#641=EDGE_CURVE('',#511,#512,#414,.T.);
#642=EDGE_CURVE('',#513,#512,#415,.T.);
#643=EDGE_CURVE('',#513,#514,#189,.T.);
#644=EDGE_CURVE('',#515,#514,#416,.T.);
#645=EDGE_CURVE('',#515,#516,#190,.T.);
#646=EDGE_CURVE('',#517,#516,#417,.T.);
#647=EDGE_CURVE('',#517,#518,#191,.T.);
#648=EDGE_CURVE('',#519,#518,#418,.T.);
#649=EDGE_CURVE('',#519,#520,#419,.T.);
#650=EDGE_CURVE('',#521,#520,#420,.T.);
#651=EDGE_CURVE('',#521,#522,#192,.T.);
#652=EDGE_CURVE('',#523,#522,#421,.T.);
#653=EDGE_CURVE('',#523,#524,#193,.T.);
#654=EDGE_CURVE('',#525,#524,#422,.T.);
#655=EDGE_CURVE('',#525,#526,#194,.T.);
#656=EDGE_CURVE('',#527,#526,#423,.T.);
#657=EDGE_CURVE('',#527,#528,#424,.T.);
#658=EDGE_CURVE('',#529,#528,#425,.T.);
#659=EDGE_CURVE('',#529,#530,#195,.T.);
#660=EDGE_CURVE('',#531,#530,#426,.T.);
#661=EDGE_CURVE('',#531,#532,#196,.T.);
#662=EDGE_CURVE('',#533,#532,#427,.T.);
#663=EDGE_CURVE('',#533,#534,#197,.T.);
#664=EDGE_CURVE('',#535,#534,#428,.T.);
#665=EDGE_CURVE('',#535,#536,#429,.T.);
#666=EDGE_CURVE('',#537,#536,#430,.T.);
#667=EDGE_CURVE('',#538,#537,#198,.T.);
#668=EDGE_CURVE('',#539,#538,#431,.T.);
#669=EDGE_CURVE('',#539,#540,#432,.T.);
#670=EDGE_CURVE('',#478,#540,#433,.T.);
#671=EDGE_CURVE('',#541,#542,#434,.T.);
#672=EDGE_CURVE('',#542,#537,#199,.T.);
#673=EDGE_CURVE('',#536,#541,#200,.T.);
#674=EDGE_CURVE('',#543,#535,#201,.T.);
#675=EDGE_CURVE('',#543,#541,#435,.T.);
#676=EDGE_CURVE('',#544,#545,#436,.T.);
#677=EDGE_CURVE('',#545,#539,#202,.T.);
#678=EDGE_CURVE('',#538,#544,#203,.T.);
#679=EDGE_CURVE('',#545,#546,#437,.T.);
#680=EDGE_CURVE('',#540,#546,#204,.T.);
#681=EDGE_CURVE('',#546,#479,#438,.T.);
#682=EDGE_CURVE('',#542,#544,#205,.T.);
#683=EDGE_CURVE('',#477,#547,#439,.T.);
#684=EDGE_CURVE('',#480,#547,#206,.T.);
#685=EDGE_CURVE('',#548,#543,#440,.T.);
#686=EDGE_CURVE('',#549,#548,#207,.T.);
#687=EDGE_CURVE('',#550,#549,#441,.T.);
#688=EDGE_CURVE('',#551,#550,#208,.T.);
#689=EDGE_CURVE('',#552,#551,#442,.T.);
#690=EDGE_CURVE('',#553,#552,#209,.T.);
#691=EDGE_CURVE('',#554,#553,#443,.T.);
#692=EDGE_CURVE('',#555,#554,#444,.T.);
#693=EDGE_CURVE('',#556,#555,#445,.T.);
#694=EDGE_CURVE('',#557,#556,#210,.T.);
#695=EDGE_CURVE('',#558,#557,#446,.T.);
#696=EDGE_CURVE('',#559,#558,#211,.T.);
#697=EDGE_CURVE('',#560,#559,#447,.T.);
#698=EDGE_CURVE('',#561,#560,#212,.T.);
#699=EDGE_CURVE('',#562,#561,#448,.T.);
#700=EDGE_CURVE('',#563,#562,#449,.T.);
#701=EDGE_CURVE('',#564,#563,#450,.T.);
#702=EDGE_CURVE('',#565,#564,#213,.T.);
#703=EDGE_CURVE('',#566,#565,#451,.T.);
#704=EDGE_CURVE('',#567,#566,#214,.T.);
#705=EDGE_CURVE('',#568,#567,#452,.T.);
#706=EDGE_CURVE('',#569,#568,#215,.T.);
#707=EDGE_CURVE('',#570,#569,#453,.T.);
#708=EDGE_CURVE('',#571,#570,#454,.T.);
#709=EDGE_CURVE('',#572,#571,#455,.T.);
#710=EDGE_CURVE('',#573,#572,#216,.T.);
#711=EDGE_CURVE('',#574,#573,#456,.T.);
#712=EDGE_CURVE('',#575,#574,#217,.T.);
#713=EDGE_CURVE('',#576,#575,#457,.T.);
#714=EDGE_CURVE('',#577,#576,#218,.T.);
#715=EDGE_CURVE('',#578,#577,#458,.T.);
#716=EDGE_CURVE('',#579,#578,#459,.T.);
#717=EDGE_CURVE('',#580,#579,#460,.T.);
#718=EDGE_CURVE('',#581,#580,#219,.T.);
#719=EDGE_CURVE('',#582,#581,#461,.T.);
#720=EDGE_CURVE('',#583,#582,#220,.T.);
#721=EDGE_CURVE('',#584,#583,#462,.T.);
#722=EDGE_CURVE('',#585,#584,#221,.T.);
#723=EDGE_CURVE('',#586,#585,#463,.T.);
#724=EDGE_CURVE('',#587,#586,#464,.T.);
#725=EDGE_CURVE('',#588,#587,#465,.T.);
#726=EDGE_CURVE('',#589,#588,#222,.T.);
#727=EDGE_CURVE('',#590,#589,#466,.T.);
#728=EDGE_CURVE('',#591,#590,#223,.T.);
#729=EDGE_CURVE('',#592,#591,#467,.T.);
#730=EDGE_CURVE('',#593,#592,#224,.T.);
#731=EDGE_CURVE('',#594,#593,#468,.T.);
#732=EDGE_CURVE('',#595,#594,#469,.T.);
#733=EDGE_CURVE('',#596,#595,#470,.T.);
#734=EDGE_CURVE('',#597,#596,#225,.T.);
#735=EDGE_CURVE('',#598,#597,#471,.T.);
#736=EDGE_CURVE('',#599,#598,#226,.T.);
#737=EDGE_CURVE('',#600,#599,#472,.T.);
#738=EDGE_CURVE('',#601,#600,#227,.T.);
#739=EDGE_CURVE('',#547,#601,#473,.T.);
#740=EDGE_CURVE('',#502,#580,#228,.T.);
#741=EDGE_CURVE('',#579,#503,#229,.T.);
#742=EDGE_CURVE('',#581,#501,#230,.T.);
#743=EDGE_CURVE('',#500,#582,#231,.T.);
#744=EDGE_CURVE('',#583,#499,#232,.T.);
#745=EDGE_CURVE('',#498,#584,#233,.T.);
#746=EDGE_CURVE('',#585,#497,#234,.T.);
#747=EDGE_CURVE('',#496,#586,#235,.T.);
#748=EDGE_CURVE('',#494,#588,#236,.T.);
#749=EDGE_CURVE('',#587,#495,#237,.T.);
#750=EDGE_CURVE('',#589,#493,#238,.T.);
#751=EDGE_CURVE('',#492,#590,#239,.T.);
#752=EDGE_CURVE('',#591,#491,#240,.T.);
#753=EDGE_CURVE('',#490,#592,#241,.T.);
#754=EDGE_CURVE('',#593,#489,#242,.T.);
#755=EDGE_CURVE('',#488,#594,#243,.T.);
#756=EDGE_CURVE('',#486,#596,#244,.T.);
#757=EDGE_CURVE('',#595,#487,#245,.T.);
#758=EDGE_CURVE('',#597,#485,#246,.T.);
#759=EDGE_CURVE('',#484,#598,#247,.T.);
#760=EDGE_CURVE('',#599,#483,#248,.T.);
#761=EDGE_CURVE('',#482,#600,#249,.T.);
#762=EDGE_CURVE('',#601,#481,#250,.T.);
#763=EDGE_CURVE('',#534,#548,#251,.T.);
#764=EDGE_CURVE('',#549,#533,#252,.T.);
#765=EDGE_CURVE('',#532,#550,#253,.T.);
#766=EDGE_CURVE('',#551,#531,#254,.T.);
#767=EDGE_CURVE('',#530,#552,#255,.T.);
#768=EDGE_CURVE('',#553,#529,#256,.T.);
#769=EDGE_CURVE('',#528,#554,#257,.T.);
#770=EDGE_CURVE('',#526,#556,#258,.T.);
#771=EDGE_CURVE('',#555,#527,#259,.T.);
#772=EDGE_CURVE('',#557,#525,#260,.T.);
#773=EDGE_CURVE('',#524,#558,#261,.T.);
#774=EDGE_CURVE('',#559,#523,#262,.T.);
#775=EDGE_CURVE('',#522,#560,#263,.T.);
#776=EDGE_CURVE('',#561,#521,#264,.T.);
#777=EDGE_CURVE('',#520,#562,#265,.T.);
#778=EDGE_CURVE('',#518,#564,#266,.T.);
#779=EDGE_CURVE('',#563,#519,#267,.T.);
#780=EDGE_CURVE('',#565,#517,#268,.T.);
#781=EDGE_CURVE('',#516,#566,#269,.T.);
#782=EDGE_CURVE('',#567,#515,#270,.T.);
#783=EDGE_CURVE('',#514,#568,#271,.T.);
#784=EDGE_CURVE('',#569,#513,#272,.T.);
#785=EDGE_CURVE('',#512,#570,#273,.T.);
#786=EDGE_CURVE('',#571,#511,#274,.T.);
#787=EDGE_CURVE('',#504,#578,#275,.T.);
#788=EDGE_CURVE('',#510,#572,#276,.T.);
#789=EDGE_CURVE('',#573,#509,#277,.T.);
#790=EDGE_CURVE('',#508,#574,#278,.T.);
#791=EDGE_CURVE('',#575,#507,#279,.T.);
#792=EDGE_CURVE('',#506,#576,#280,.T.);
#793=EDGE_CURVE('',#577,#505,#281,.T.);
#794=ORIENTED_EDGE('',*,*,#602,.T.);
#795=ORIENTED_EDGE('',*,*,#603,.T.);
#796=ORIENTED_EDGE('',*,*,#604,.T.);
#797=ORIENTED_EDGE('',*,*,#605,.T.);
#798=ORIENTED_EDGE('',*,*,#603,.F.);
#799=ORIENTED_EDGE('',*,*,#606,.T.);
#800=ORIENTED_EDGE('',*,*,#607,.F.);
#801=ORIENTED_EDGE('',*,*,#608,.T.);
#802=ORIENTED_EDGE('',*,*,#602,.F.);
#803=ORIENTED_EDGE('',*,*,#609,.T.);
#804=ORIENTED_EDGE('',*,*,#610,.F.);
#805=ORIENTED_EDGE('',*,*,#611,.T.);
#806=ORIENTED_EDGE('',*,*,#612,.F.);
#807=ORIENTED_EDGE('',*,*,#613,.T.);
#808=ORIENTED_EDGE('',*,*,#614,.F.);
#809=ORIENTED_EDGE('',*,*,#615,.T.);
#810=ORIENTED_EDGE('',*,*,#616,.F.);
#811=ORIENTED_EDGE('',*,*,#617,.T.);
#812=ORIENTED_EDGE('',*,*,#618,.F.);
#813=ORIENTED_EDGE('',*,*,#619,.T.);
#814=ORIENTED_EDGE('',*,*,#620,.F.);
#815=ORIENTED_EDGE('',*,*,#621,.T.);
#816=ORIENTED_EDGE('',*,*,#622,.F.);
#817=ORIENTED_EDGE('',*,*,#623,.T.);
#818=ORIENTED_EDGE('',*,*,#624,.F.);
#819=ORIENTED_EDGE('',*,*,#625,.T.);
#820=ORIENTED_EDGE('',*,*,#626,.F.);
#821=ORIENTED_EDGE('',*,*,#627,.T.);
#822=ORIENTED_EDGE('',*,*,#628,.F.);
#823=ORIENTED_EDGE('',*,*,#629,.T.);
#824=ORIENTED_EDGE('',*,*,#630,.F.);
#825=ORIENTED_EDGE('',*,*,#631,.T.);
#826=ORIENTED_EDGE('',*,*,#632,.F.);
#827=ORIENTED_EDGE('',*,*,#633,.T.);
#828=ORIENTED_EDGE('',*,*,#634,.F.);
#829=ORIENTED_EDGE('',*,*,#635,.T.);
#830=ORIENTED_EDGE('',*,*,#636,.F.);
#831=ORIENTED_EDGE('',*,*,#637,.T.);
#832=ORIENTED_EDGE('',*,*,#638,.F.);
#833=ORIENTED_EDGE('',*,*,#639,.T.);
#834=ORIENTED_EDGE('',*,*,#640,.F.);
#835=ORIENTED_EDGE('',*,*,#641,.T.);
#836=ORIENTED_EDGE('',*,*,#642,.F.);
#837=ORIENTED_EDGE('',*,*,#643,.T.);
#838=ORIENTED_EDGE('',*,*,#644,.F.);
#839=ORIENTED_EDGE('',*,*,#645,.T.);
#840=ORIENTED_EDGE('',*,*,#646,.F.);
#841=ORIENTED_EDGE('',*,*,#647,.T.);
#842=ORIENTED_EDGE('',*,*,#648,.F.);
#843=ORIENTED_EDGE('',*,*,#649,.T.);
#844=ORIENTED_EDGE('',*,*,#650,.F.);
#845=ORIENTED_EDGE('',*,*,#651,.T.);
#846=ORIENTED_EDGE('',*,*,#652,.F.);
#847=ORIENTED_EDGE('',*,*,#653,.T.);
#848=ORIENTED_EDGE('',*,*,#654,.F.);
#849=ORIENTED_EDGE('',*,*,#655,.T.);
#850=ORIENTED_EDGE('',*,*,#656,.F.);
#851=ORIENTED_EDGE('',*,*,#657,.T.);
#852=ORIENTED_EDGE('',*,*,#658,.F.);
#853=ORIENTED_EDGE('',*,*,#659,.T.);
#854=ORIENTED_EDGE('',*,*,#660,.F.);
#855=ORIENTED_EDGE('',*,*,#661,.T.);
#856=ORIENTED_EDGE('',*,*,#662,.F.);
#857=ORIENTED_EDGE('',*,*,#663,.T.);
#858=ORIENTED_EDGE('',*,*,#664,.F.);
#859=ORIENTED_EDGE('',*,*,#665,.T.);
#860=ORIENTED_EDGE('',*,*,#666,.F.);
#861=ORIENTED_EDGE('',*,*,#667,.F.);
#862=ORIENTED_EDGE('',*,*,#668,.F.);
#863=ORIENTED_EDGE('',*,*,#669,.T.);
#864=ORIENTED_EDGE('',*,*,#670,.F.);
#865=ORIENTED_EDGE('',*,*,#606,.F.);
#866=ORIENTED_EDGE('',*,*,#671,.T.);
#867=ORIENTED_EDGE('',*,*,#672,.T.);
#868=ORIENTED_EDGE('',*,*,#666,.T.);
#869=ORIENTED_EDGE('',*,*,#673,.T.);
#870=ORIENTED_EDGE('',*,*,#673,.F.);
#871=ORIENTED_EDGE('',*,*,#665,.F.);
#872=ORIENTED_EDGE('',*,*,#674,.F.);
#873=ORIENTED_EDGE('',*,*,#675,.T.);
#874=ORIENTED_EDGE('',*,*,#676,.T.);
#875=ORIENTED_EDGE('',*,*,#677,.T.);
#876=ORIENTED_EDGE('',*,*,#668,.T.);
#877=ORIENTED_EDGE('',*,*,#678,.T.);
#878=ORIENTED_EDGE('',*,*,#677,.F.);
#879=ORIENTED_EDGE('',*,*,#679,.T.);
#880=ORIENTED_EDGE('',*,*,#680,.F.);
#881=ORIENTED_EDGE('',*,*,#669,.F.);
#882=ORIENTED_EDGE('',*,*,#670,.T.);
#883=ORIENTED_EDGE('',*,*,#680,.T.);
#884=ORIENTED_EDGE('',*,*,#681,.T.);
#885=ORIENTED_EDGE('',*,*,#607,.T.);
#886=ORIENTED_EDGE('',*,*,#672,.F.);
#887=ORIENTED_EDGE('',*,*,#682,.T.);
#888=ORIENTED_EDGE('',*,*,#678,.F.);
#889=ORIENTED_EDGE('',*,*,#667,.T.);
#890=ORIENTED_EDGE('',*,*,#605,.F.);
#891=ORIENTED_EDGE('',*,*,#683,.T.);
#892=ORIENTED_EDGE('',*,*,#684,.F.);
#893=ORIENTED_EDGE('',*,*,#609,.F.);
#894=ORIENTED_EDGE('',*,*,#604,.F.);
#895=ORIENTED_EDGE('',*,*,#608,.F.);
#896=ORIENTED_EDGE('',*,*,#681,.F.);
#897=ORIENTED_EDGE('',*,*,#679,.F.);
#898=ORIENTED_EDGE('',*,*,#676,.F.);
#899=ORIENTED_EDGE('',*,*,#682,.F.);
#900=ORIENTED_EDGE('',*,*,#671,.F.);
#901=ORIENTED_EDGE('',*,*,#675,.F.);
#902=ORIENTED_EDGE('',*,*,#685,.F.);
#903=ORIENTED_EDGE('',*,*,#686,.F.);
#904=ORIENTED_EDGE('',*,*,#687,.F.);
#905=ORIENTED_EDGE('',*,*,#688,.F.);
#906=ORIENTED_EDGE('',*,*,#689,.F.);
#907=ORIENTED_EDGE('',*,*,#690,.F.);
#908=ORIENTED_EDGE('',*,*,#691,.F.);
#909=ORIENTED_EDGE('',*,*,#692,.F.);
#910=ORIENTED_EDGE('',*,*,#693,.F.);
#911=ORIENTED_EDGE('',*,*,#694,.F.);
#912=ORIENTED_EDGE('',*,*,#695,.F.);
#913=ORIENTED_EDGE('',*,*,#696,.F.);
#914=ORIENTED_EDGE('',*,*,#697,.F.);
#915=ORIENTED_EDGE('',*,*,#698,.F.);
#916=ORIENTED_EDGE('',*,*,#699,.F.);
#917=ORIENTED_EDGE('',*,*,#700,.F.);
#918=ORIENTED_EDGE('',*,*,#701,.F.);
#919=ORIENTED_EDGE('',*,*,#702,.F.);
#920=ORIENTED_EDGE('',*,*,#703,.F.);
#921=ORIENTED_EDGE('',*,*,#704,.F.);
#922=ORIENTED_EDGE('',*,*,#705,.F.);
#923=ORIENTED_EDGE('',*,*,#706,.F.);
#924=ORIENTED_EDGE('',*,*,#707,.F.);
#925=ORIENTED_EDGE('',*,*,#708,.F.);
#926=ORIENTED_EDGE('',*,*,#709,.F.);
#927=ORIENTED_EDGE('',*,*,#710,.F.);
#928=ORIENTED_EDGE('',*,*,#711,.F.);
#929=ORIENTED_EDGE('',*,*,#712,.F.);
#930=ORIENTED_EDGE('',*,*,#713,.F.);
#931=ORIENTED_EDGE('',*,*,#714,.F.);
#932=ORIENTED_EDGE('',*,*,#715,.F.);
#933=ORIENTED_EDGE('',*,*,#716,.F.);
#934=ORIENTED_EDGE('',*,*,#717,.F.);
#935=ORIENTED_EDGE('',*,*,#718,.F.);
#936=ORIENTED_EDGE('',*,*,#719,.F.);
#937=ORIENTED_EDGE('',*,*,#720,.F.);
#938=ORIENTED_EDGE('',*,*,#721,.F.);
#939=ORIENTED_EDGE('',*,*,#722,.F.);
#940=ORIENTED_EDGE('',*,*,#723,.F.);
#941=ORIENTED_EDGE('',*,*,#724,.F.);
#942=ORIENTED_EDGE('',*,*,#725,.F.);
#943=ORIENTED_EDGE('',*,*,#726,.F.);
#944=ORIENTED_EDGE('',*,*,#727,.F.);
#945=ORIENTED_EDGE('',*,*,#728,.F.);
#946=ORIENTED_EDGE('',*,*,#729,.F.);
#947=ORIENTED_EDGE('',*,*,#730,.F.);
#948=ORIENTED_EDGE('',*,*,#731,.F.);
#949=ORIENTED_EDGE('',*,*,#732,.F.);
#950=ORIENTED_EDGE('',*,*,#733,.F.);
#951=ORIENTED_EDGE('',*,*,#734,.F.);
#952=ORIENTED_EDGE('',*,*,#735,.F.);
#953=ORIENTED_EDGE('',*,*,#736,.F.);
#954=ORIENTED_EDGE('',*,*,#737,.F.);
#955=ORIENTED_EDGE('',*,*,#738,.F.);
#956=ORIENTED_EDGE('',*,*,#739,.F.);
#957=ORIENTED_EDGE('',*,*,#683,.F.);
#958=ORIENTED_EDGE('',*,*,#632,.T.);
#959=ORIENTED_EDGE('',*,*,#740,.T.);
#960=ORIENTED_EDGE('',*,*,#717,.T.);
#961=ORIENTED_EDGE('',*,*,#741,.T.);
#962=ORIENTED_EDGE('',*,*,#740,.F.);
#963=ORIENTED_EDGE('',*,*,#631,.F.);
#964=ORIENTED_EDGE('',*,*,#742,.F.);
#965=ORIENTED_EDGE('',*,*,#718,.T.);
#966=ORIENTED_EDGE('',*,*,#630,.T.);
#967=ORIENTED_EDGE('',*,*,#743,.T.);
#968=ORIENTED_EDGE('',*,*,#719,.T.);
#969=ORIENTED_EDGE('',*,*,#742,.T.);
#970=ORIENTED_EDGE('',*,*,#743,.F.);
#971=ORIENTED_EDGE('',*,*,#629,.F.);
#972=ORIENTED_EDGE('',*,*,#744,.F.);
#973=ORIENTED_EDGE('',*,*,#720,.T.);
#974=ORIENTED_EDGE('',*,*,#628,.T.);
#975=ORIENTED_EDGE('',*,*,#745,.T.);
#976=ORIENTED_EDGE('',*,*,#721,.T.);
#977=ORIENTED_EDGE('',*,*,#744,.T.);
#978=ORIENTED_EDGE('',*,*,#745,.F.);
#979=ORIENTED_EDGE('',*,*,#627,.F.);
#980=ORIENTED_EDGE('',*,*,#746,.F.);
#981=ORIENTED_EDGE('',*,*,#722,.T.);
#982=ORIENTED_EDGE('',*,*,#723,.T.);
#983=ORIENTED_EDGE('',*,*,#746,.T.);
#984=ORIENTED_EDGE('',*,*,#626,.T.);
#985=ORIENTED_EDGE('',*,*,#747,.T.);
#986=ORIENTED_EDGE('',*,*,#624,.T.);
#987=ORIENTED_EDGE('',*,*,#748,.T.);
#988=ORIENTED_EDGE('',*,*,#725,.T.);
#989=ORIENTED_EDGE('',*,*,#749,.T.);
#990=ORIENTED_EDGE('',*,*,#748,.F.);
#991=ORIENTED_EDGE('',*,*,#623,.F.);
#992=ORIENTED_EDGE('',*,*,#750,.F.);
#993=ORIENTED_EDGE('',*,*,#726,.T.);
#994=ORIENTED_EDGE('',*,*,#622,.T.);
#995=ORIENTED_EDGE('',*,*,#751,.T.);
#996=ORIENTED_EDGE('',*,*,#727,.T.);
#997=ORIENTED_EDGE('',*,*,#750,.T.);
#998=ORIENTED_EDGE('',*,*,#751,.F.);
#999=ORIENTED_EDGE('',*,*,#621,.F.);
#1000=ORIENTED_EDGE('',*,*,#752,.F.);
#1001=ORIENTED_EDGE('',*,*,#728,.T.);
#1002=ORIENTED_EDGE('',*,*,#620,.T.);
#1003=ORIENTED_EDGE('',*,*,#753,.T.);
#1004=ORIENTED_EDGE('',*,*,#729,.T.);
#1005=ORIENTED_EDGE('',*,*,#752,.T.);
#1006=ORIENTED_EDGE('',*,*,#753,.F.);
#1007=ORIENTED_EDGE('',*,*,#619,.F.);
#1008=ORIENTED_EDGE('',*,*,#754,.F.);
#1009=ORIENTED_EDGE('',*,*,#730,.T.);
#1010=ORIENTED_EDGE('',*,*,#731,.T.);
#1011=ORIENTED_EDGE('',*,*,#754,.T.);
#1012=ORIENTED_EDGE('',*,*,#618,.T.);
#1013=ORIENTED_EDGE('',*,*,#755,.T.);
#1014=ORIENTED_EDGE('',*,*,#616,.T.);
#1015=ORIENTED_EDGE('',*,*,#756,.T.);
#1016=ORIENTED_EDGE('',*,*,#733,.T.);
#1017=ORIENTED_EDGE('',*,*,#757,.T.);
#1018=ORIENTED_EDGE('',*,*,#756,.F.);
#1019=ORIENTED_EDGE('',*,*,#615,.F.);
#1020=ORIENTED_EDGE('',*,*,#758,.F.);
#1021=ORIENTED_EDGE('',*,*,#734,.T.);
#1022=ORIENTED_EDGE('',*,*,#614,.T.);
#1023=ORIENTED_EDGE('',*,*,#759,.T.);
#1024=ORIENTED_EDGE('',*,*,#735,.T.);
#1025=ORIENTED_EDGE('',*,*,#758,.T.);
#1026=ORIENTED_EDGE('',*,*,#759,.F.);
#1027=ORIENTED_EDGE('',*,*,#613,.F.);
#1028=ORIENTED_EDGE('',*,*,#760,.F.);
#1029=ORIENTED_EDGE('',*,*,#736,.T.);
#1030=ORIENTED_EDGE('',*,*,#612,.T.);
#1031=ORIENTED_EDGE('',*,*,#761,.T.);
#1032=ORIENTED_EDGE('',*,*,#737,.T.);
#1033=ORIENTED_EDGE('',*,*,#760,.T.);
#1034=ORIENTED_EDGE('',*,*,#761,.F.);
#1035=ORIENTED_EDGE('',*,*,#611,.F.);
#1036=ORIENTED_EDGE('',*,*,#762,.F.);
#1037=ORIENTED_EDGE('',*,*,#738,.T.);
#1038=ORIENTED_EDGE('',*,*,#739,.T.);
#1039=ORIENTED_EDGE('',*,*,#762,.T.);
#1040=ORIENTED_EDGE('',*,*,#610,.T.);
#1041=ORIENTED_EDGE('',*,*,#684,.T.);
#1042=ORIENTED_EDGE('',*,*,#664,.T.);
#1043=ORIENTED_EDGE('',*,*,#763,.T.);
#1044=ORIENTED_EDGE('',*,*,#685,.T.);
#1045=ORIENTED_EDGE('',*,*,#674,.T.);
#1046=ORIENTED_EDGE('',*,*,#763,.F.);
#1047=ORIENTED_EDGE('',*,*,#663,.F.);
#1048=ORIENTED_EDGE('',*,*,#764,.F.);
#1049=ORIENTED_EDGE('',*,*,#686,.T.);
#1050=ORIENTED_EDGE('',*,*,#662,.T.);
#1051=ORIENTED_EDGE('',*,*,#765,.T.);
#1052=ORIENTED_EDGE('',*,*,#687,.T.);
#1053=ORIENTED_EDGE('',*,*,#764,.T.);
#1054=ORIENTED_EDGE('',*,*,#765,.F.);
#1055=ORIENTED_EDGE('',*,*,#661,.F.);
#1056=ORIENTED_EDGE('',*,*,#766,.F.);
#1057=ORIENTED_EDGE('',*,*,#688,.T.);
#1058=ORIENTED_EDGE('',*,*,#660,.T.);
#1059=ORIENTED_EDGE('',*,*,#767,.T.);
#1060=ORIENTED_EDGE('',*,*,#689,.T.);
#1061=ORIENTED_EDGE('',*,*,#766,.T.);
#1062=ORIENTED_EDGE('',*,*,#767,.F.);
#1063=ORIENTED_EDGE('',*,*,#659,.F.);
#1064=ORIENTED_EDGE('',*,*,#768,.F.);
#1065=ORIENTED_EDGE('',*,*,#690,.T.);
#1066=ORIENTED_EDGE('',*,*,#691,.T.);
#1067=ORIENTED_EDGE('',*,*,#768,.T.);
#1068=ORIENTED_EDGE('',*,*,#658,.T.);
#1069=ORIENTED_EDGE('',*,*,#769,.T.);
#1070=ORIENTED_EDGE('',*,*,#656,.T.);
#1071=ORIENTED_EDGE('',*,*,#770,.T.);
#1072=ORIENTED_EDGE('',*,*,#693,.T.);
#1073=ORIENTED_EDGE('',*,*,#771,.T.);
#1074=ORIENTED_EDGE('',*,*,#770,.F.);
#1075=ORIENTED_EDGE('',*,*,#655,.F.);
#1076=ORIENTED_EDGE('',*,*,#772,.F.);
#1077=ORIENTED_EDGE('',*,*,#694,.T.);
#1078=ORIENTED_EDGE('',*,*,#654,.T.);
#1079=ORIENTED_EDGE('',*,*,#773,.T.);
#1080=ORIENTED_EDGE('',*,*,#695,.T.);
#1081=ORIENTED_EDGE('',*,*,#772,.T.);
#1082=ORIENTED_EDGE('',*,*,#773,.F.);
#1083=ORIENTED_EDGE('',*,*,#653,.F.);
#1084=ORIENTED_EDGE('',*,*,#774,.F.);
#1085=ORIENTED_EDGE('',*,*,#696,.T.);
#1086=ORIENTED_EDGE('',*,*,#652,.T.);
#1087=ORIENTED_EDGE('',*,*,#775,.T.);
#1088=ORIENTED_EDGE('',*,*,#697,.T.);
#1089=ORIENTED_EDGE('',*,*,#774,.T.);
#1090=ORIENTED_EDGE('',*,*,#775,.F.);
#1091=ORIENTED_EDGE('',*,*,#651,.F.);
#1092=ORIENTED_EDGE('',*,*,#776,.F.);
#1093=ORIENTED_EDGE('',*,*,#698,.T.);
#1094=ORIENTED_EDGE('',*,*,#699,.T.);
#1095=ORIENTED_EDGE('',*,*,#776,.T.);
#1096=ORIENTED_EDGE('',*,*,#650,.T.);
#1097=ORIENTED_EDGE('',*,*,#777,.T.);
#1098=ORIENTED_EDGE('',*,*,#648,.T.);
#1099=ORIENTED_EDGE('',*,*,#778,.T.);
#1100=ORIENTED_EDGE('',*,*,#701,.T.);
#1101=ORIENTED_EDGE('',*,*,#779,.T.);
#1102=ORIENTED_EDGE('',*,*,#778,.F.);
#1103=ORIENTED_EDGE('',*,*,#647,.F.);
#1104=ORIENTED_EDGE('',*,*,#780,.F.);
#1105=ORIENTED_EDGE('',*,*,#702,.T.);
#1106=ORIENTED_EDGE('',*,*,#646,.T.);
#1107=ORIENTED_EDGE('',*,*,#781,.T.);
#1108=ORIENTED_EDGE('',*,*,#703,.T.);
#1109=ORIENTED_EDGE('',*,*,#780,.T.);
#1110=ORIENTED_EDGE('',*,*,#781,.F.);
#1111=ORIENTED_EDGE('',*,*,#645,.F.);
#1112=ORIENTED_EDGE('',*,*,#782,.F.);
#1113=ORIENTED_EDGE('',*,*,#704,.T.);
#1114=ORIENTED_EDGE('',*,*,#644,.T.);
#1115=ORIENTED_EDGE('',*,*,#783,.T.);
#1116=ORIENTED_EDGE('',*,*,#705,.T.);
#1117=ORIENTED_EDGE('',*,*,#782,.T.);
#1118=ORIENTED_EDGE('',*,*,#707,.T.);
#1119=ORIENTED_EDGE('',*,*,#784,.T.);
#1120=ORIENTED_EDGE('',*,*,#642,.T.);
#1121=ORIENTED_EDGE('',*,*,#785,.T.);
#1122=ORIENTED_EDGE('',*,*,#783,.F.);
#1123=ORIENTED_EDGE('',*,*,#643,.F.);
#1124=ORIENTED_EDGE('',*,*,#784,.F.);
#1125=ORIENTED_EDGE('',*,*,#706,.T.);
#1126=ORIENTED_EDGE('',*,*,#785,.F.);
#1127=ORIENTED_EDGE('',*,*,#641,.F.);
#1128=ORIENTED_EDGE('',*,*,#786,.F.);
#1129=ORIENTED_EDGE('',*,*,#708,.T.);
#1130=ORIENTED_EDGE('',*,*,#777,.F.);
#1131=ORIENTED_EDGE('',*,*,#649,.F.);
#1132=ORIENTED_EDGE('',*,*,#779,.F.);
#1133=ORIENTED_EDGE('',*,*,#700,.T.);
#1134=ORIENTED_EDGE('',*,*,#769,.F.);
#1135=ORIENTED_EDGE('',*,*,#657,.F.);
#1136=ORIENTED_EDGE('',*,*,#771,.F.);
#1137=ORIENTED_EDGE('',*,*,#692,.T.);
#1138=ORIENTED_EDGE('',*,*,#755,.F.);
#1139=ORIENTED_EDGE('',*,*,#617,.F.);
#1140=ORIENTED_EDGE('',*,*,#757,.F.);
#1141=ORIENTED_EDGE('',*,*,#732,.T.);
#1142=ORIENTED_EDGE('',*,*,#747,.F.);
#1143=ORIENTED_EDGE('',*,*,#625,.F.);
#1144=ORIENTED_EDGE('',*,*,#749,.F.);
#1145=ORIENTED_EDGE('',*,*,#724,.T.);
#1146=ORIENTED_EDGE('',*,*,#741,.F.);
#1147=ORIENTED_EDGE('',*,*,#716,.T.);
#1148=ORIENTED_EDGE('',*,*,#787,.F.);
#1149=ORIENTED_EDGE('',*,*,#633,.F.);
#1150=ORIENTED_EDGE('',*,*,#640,.T.);
#1151=ORIENTED_EDGE('',*,*,#788,.T.);
#1152=ORIENTED_EDGE('',*,*,#709,.T.);
#1153=ORIENTED_EDGE('',*,*,#786,.T.);
#1154=ORIENTED_EDGE('',*,*,#788,.F.);
#1155=ORIENTED_EDGE('',*,*,#639,.F.);
#1156=ORIENTED_EDGE('',*,*,#789,.F.);
#1157=ORIENTED_EDGE('',*,*,#710,.T.);
#1158=ORIENTED_EDGE('',*,*,#638,.T.);
#1159=ORIENTED_EDGE('',*,*,#790,.T.);
#1160=ORIENTED_EDGE('',*,*,#711,.T.);
#1161=ORIENTED_EDGE('',*,*,#789,.T.);
#1162=ORIENTED_EDGE('',*,*,#790,.F.);
#1163=ORIENTED_EDGE('',*,*,#637,.F.);
#1164=ORIENTED_EDGE('',*,*,#791,.F.);
#1165=ORIENTED_EDGE('',*,*,#712,.T.);
#1166=ORIENTED_EDGE('',*,*,#636,.T.);
#1167=ORIENTED_EDGE('',*,*,#792,.T.);
#1168=ORIENTED_EDGE('',*,*,#713,.T.);
#1169=ORIENTED_EDGE('',*,*,#791,.T.);
#1170=ORIENTED_EDGE('',*,*,#715,.T.);
#1171=ORIENTED_EDGE('',*,*,#793,.T.);
#1172=ORIENTED_EDGE('',*,*,#634,.T.);
#1173=ORIENTED_EDGE('',*,*,#787,.T.);
#1174=ORIENTED_EDGE('',*,*,#792,.F.);
#1175=ORIENTED_EDGE('',*,*,#635,.F.);
#1176=ORIENTED_EDGE('',*,*,#793,.F.);
#1177=ORIENTED_EDGE('',*,*,#714,.T.);
#1178=CYLINDRICAL_SURFACE('',#1299,0.833333333333333);
#1179=CYLINDRICAL_SURFACE('',#1344,0.833333333333333);
#1180=CYLINDRICAL_SURFACE('',#1346,12.25);
#1181=CYLINDRICAL_SURFACE('',#1348,0.5);
#1182=CYLINDRICAL_SURFACE('',#1350,13.5);
#1183=CYLINDRICAL_SURFACE('',#1352,0.5);
#1184=CYLINDRICAL_SURFACE('',#1355,12.25);
#1185=CYLINDRICAL_SURFACE('',#1392,0.161250543);
#1186=CYLINDRICAL_SURFACE('',#1394,0.161250543);
#1187=CYLINDRICAL_SURFACE('',#1396,0.161250543);
#1188=CYLINDRICAL_SURFACE('',#1398,0.161250543);
#1189=CYLINDRICAL_SURFACE('',#1399,0.161250543);
#1190=CYLINDRICAL_SURFACE('',#1401,0.161250543);
#1191=CYLINDRICAL_SURFACE('',#1403,0.161250543);
#1192=CYLINDRICAL_SURFACE('',#1405,0.161250543);
#1193=CYLINDRICAL_SURFACE('',#1406,0.161250543);
#1194=CYLINDRICAL_SURFACE('',#1408,0.161250543);
#1195=CYLINDRICAL_SURFACE('',#1410,0.161250543);
#1196=CYLINDRICAL_SURFACE('',#1412,0.161250543);
#1197=CYLINDRICAL_SURFACE('',#1413,0.161250543);
#1198=CYLINDRICAL_SURFACE('',#1415,0.161250543);
#1199=CYLINDRICAL_SURFACE('',#1417,0.161250543);
#1200=CYLINDRICAL_SURFACE('',#1419,0.161250543);
#1201=CYLINDRICAL_SURFACE('',#1420,0.161250543);
#1202=CYLINDRICAL_SURFACE('',#1422,0.161250543);
#1203=CYLINDRICAL_SURFACE('',#1424,0.161250543);
#1204=CYLINDRICAL_SURFACE('',#1426,0.161250543);
#1205=CYLINDRICAL_SURFACE('',#1427,0.161250543);
#1206=CYLINDRICAL_SURFACE('',#1429,0.161250543);
#1207=CYLINDRICAL_SURFACE('',#1431,0.161250543);
#1208=CYLINDRICAL_SURFACE('',#1432,0.161250543);
#1209=CYLINDRICAL_SURFACE('',#1434,12.25);
#1210=CYLINDRICAL_SURFACE('',#1435,12.25);
#1211=CYLINDRICAL_SURFACE('',#1436,12.25);
#1212=CYLINDRICAL_SURFACE('',#1437,12.25);
#1213=CYLINDRICAL_SURFACE('',#1438,12.25);
#1214=CYLINDRICAL_SURFACE('',#1439,12.25);
#1215=CYLINDRICAL_SURFACE('',#1440,0.161250543);
#1216=CYLINDRICAL_SURFACE('',#1442,0.161250543);
#1217=CYLINDRICAL_SURFACE('',#1444,0.161250543);
#1218=CYLINDRICAL_SURFACE('',#1445,0.161250543);
#1219=ADVANCED_FACE('',(#40),#1178,.T.);
#1220=ADVANCED_FACE('',(#41),#15,.T.);
#1221=ADVANCED_FACE('',(#42),#16,.T.);
#1222=ADVANCED_FACE('',(#43),#1179,.T.);
#1223=ADVANCED_FACE('',(#44),#1180,.F.);
#1224=ADVANCED_FACE('',(#45),#1181,.T.);
#1225=ADVANCED_FACE('',(#46),#1182,.T.);
#1226=ADVANCED_FACE('',(#47),#1183,.T.);
#1227=ADVANCED_FACE('',(#48),#17,.T.);
#1228=ADVANCED_FACE('',(#49),#1184,.F.);
#1229=ADVANCED_FACE('',(#50),#18,.F.);
#1230=ADVANCED_FACE('',(#51),#1185,.F.);
#1231=ADVANCED_FACE('',(#52),#19,.T.);
#1232=ADVANCED_FACE('',(#53),#1186,.T.);
#1233=ADVANCED_FACE('',(#54),#20,.T.);
#1234=ADVANCED_FACE('',(#55),#1187,.T.);
#1235=ADVANCED_FACE('',(#56),#21,.T.);
#1236=ADVANCED_FACE('',(#57),#1188,.F.);
#1237=ADVANCED_FACE('',(#58),#1189,.F.);
#1238=ADVANCED_FACE('',(#59),#22,.T.);
#1239=ADVANCED_FACE('',(#60),#1190,.T.);
#1240=ADVANCED_FACE('',(#61),#23,.T.);
#1241=ADVANCED_FACE('',(#62),#1191,.T.);
#1242=ADVANCED_FACE('',(#63),#24,.T.);
#1243=ADVANCED_FACE('',(#64),#1192,.F.);
#1244=ADVANCED_FACE('',(#65),#1193,.F.);
#1245=ADVANCED_FACE('',(#66),#25,.T.);
#1246=ADVANCED_FACE('',(#67),#1194,.T.);
#1247=ADVANCED_FACE('',(#68),#26,.T.);
#1248=ADVANCED_FACE('',(#69),#1195,.T.);
#1249=ADVANCED_FACE('',(#70),#27,.T.);
#1250=ADVANCED_FACE('',(#71),#1196,.F.);
#1251=ADVANCED_FACE('',(#72),#1197,.F.);
#1252=ADVANCED_FACE('',(#73),#28,.T.);
#1253=ADVANCED_FACE('',(#74),#1198,.T.);
#1254=ADVANCED_FACE('',(#75),#29,.T.);
#1255=ADVANCED_FACE('',(#76),#1199,.T.);
#1256=ADVANCED_FACE('',(#77),#30,.T.);
#1257=ADVANCED_FACE('',(#78),#1200,.F.);
#1258=ADVANCED_FACE('',(#79),#1201,.F.);
#1259=ADVANCED_FACE('',(#80),#31,.T.);
#1260=ADVANCED_FACE('',(#81),#1202,.T.);
#1261=ADVANCED_FACE('',(#82),#32,.T.);
#1262=ADVANCED_FACE('',(#83),#1203,.T.);
#1263=ADVANCED_FACE('',(#84),#33,.T.);
#1264=ADVANCED_FACE('',(#85),#1204,.F.);
#1265=ADVANCED_FACE('',(#86),#1205,.F.);
#1266=ADVANCED_FACE('',(#87),#34,.T.);
#1267=ADVANCED_FACE('',(#88),#1206,.T.);
#1268=ADVANCED_FACE('',(#89),#35,.T.);
#1269=ADVANCED_FACE('',(#90),#1207,.T.);
#1270=ADVANCED_FACE('',(#91),#1208,.F.);
#1271=ADVANCED_FACE('',(#92),#36,.T.);
#1272=ADVANCED_FACE('',(#93),#1209,.F.);
#1273=ADVANCED_FACE('',(#94),#1210,.F.);
#1274=ADVANCED_FACE('',(#95),#1211,.F.);
#1275=ADVANCED_FACE('',(#96),#1212,.F.);
#1276=ADVANCED_FACE('',(#97),#1213,.F.);
#1277=ADVANCED_FACE('',(#98),#1214,.F.);
#1278=ADVANCED_FACE('',(#99),#1215,.F.);
#1279=ADVANCED_FACE('',(#100),#37,.T.);
#1280=ADVANCED_FACE('',(#101),#1216,.T.);
#1281=ADVANCED_FACE('',(#102),#38,.T.);
#1282=ADVANCED_FACE('',(#103),#1217,.T.);
#1283=ADVANCED_FACE('',(#104),#1218,.F.);
#1284=ADVANCED_FACE('',(#105),#39,.T.);
#1285=CLOSED_SHELL('',(#1219,#1220,#1221,#1222,#1223,#1224,#1225,#1226,
#1227,#1228,#1229,#1230,#1231,#1232,#1233,#1234,#1235,#1236,#1237,#1238,
#1239,#1240,#1241,#1242,#1243,#1244,#1245,#1246,#1247,#1248,#1249,#1250,
#1251,#1252,#1253,#1254,#1255,#1256,#1257,#1258,#1259,#1260,#1261,#1262,
#1263,#1264,#1265,#1266,#1267,#1268,#1269,#1270,#1271,#1272,#1273,#1274,
#1275,#1276,#1277,#1278,#1279,#1280,#1281,#1282,#1283,#1284));
#1286=DERIVED_UNIT_ELEMENT(#1288,1.);
#1287=DERIVED_UNIT_ELEMENT(#2247,-3.);
#1288=(
MASS_UNIT()
NAMED_UNIT(*)
SI_UNIT(.KILO.,.GRAM.)
);
#1289=DERIVED_UNIT((#1286,#1287));
#1290=MEASURE_REPRESENTATION_ITEM('density measure',
POSITIVE_RATIO_MEASURE(7850.),#1289);
#1291=PROPERTY_DEFINITION_REPRESENTATION(#1296,#1293);
#1292=PROPERTY_DEFINITION_REPRESENTATION(#1297,#1294);
#1293=REPRESENTATION('material name',(#1295),#2244);
#1294=REPRESENTATION('density',(#1290),#2244);
#1295=DESCRIPTIVE_REPRESENTATION_ITEM('Steel','Steel');
#1296=PROPERTY_DEFINITION('material property','material name',#2254);
#1297=PROPERTY_DEFINITION('material property','density of part',#2254);
#1298=AXIS2_PLACEMENT_3D('',#1855,#1447,#1448);
#1299=AXIS2_PLACEMENT_3D('',#1856,#1449,#1450);
#1300=AXIS2_PLACEMENT_3D('',#1859,#1451,#1452);
#1301=AXIS2_PLACEMENT_3D('',#1863,#1454,#1455);
#1302=AXIS2_PLACEMENT_3D('',#1865,#1457,#1458);
#1303=AXIS2_PLACEMENT_3D('',#1871,#1462,#1463);
#1304=AXIS2_PLACEMENT_3D('',#1873,#1464,#1465);
#1305=AXIS2_PLACEMENT_3D('',#1875,#1466,#1467);
#1306=AXIS2_PLACEMENT_3D('',#1879,#1469,#1470);
#1307=AXIS2_PLACEMENT_3D('',#1883,#1472,#1473);
#1308=AXIS2_PLACEMENT_3D('',#1887,#1475,#1476);
#1309=AXIS2_PLACEMENT_3D('',#1889,#1477,#1478);
#1310=AXIS2_PLACEMENT_3D('',#1891,#1479,#1480);
#1311=AXIS2_PLACEMENT_3D('',#1895,#1482,#1483);
#1312=AXIS2_PLACEMENT_3D('',#1899,#1485,#1486);
#1313=AXIS2_PLACEMENT_3D('',#1903,#1488,#1489);
#1314=AXIS2_PLACEMENT_3D('',#1905,#1490,#1491);
#1315=AXIS2_PLACEMENT_3D('',#1907,#1492,#1493);
#1316=AXIS2_PLACEMENT_3D('',#1911,#1495,#1496);
#1317=AXIS2_PLACEMENT_3D('',#1915,#1498,#1499);
#1318=AXIS2_PLACEMENT_3D('',#1919,#1501,#1502);
#1319=AXIS2_PLACEMENT_3D('',#1921,#1503,#1504);
#1320=AXIS2_PLACEMENT_3D('',#1923,#1505,#1506);
#1321=AXIS2_PLACEMENT_3D('',#1927,#1508,#1509);
#1322=AXIS2_PLACEMENT_3D('',#1931,#1511,#1512);
#1323=AXIS2_PLACEMENT_3D('',#1935,#1514,#1515);
#1324=AXIS2_PLACEMENT_3D('',#1937,#1516,#1517);
#1325=AXIS2_PLACEMENT_3D('',#1939,#1518,#1519);
#1326=AXIS2_PLACEMENT_3D('',#1943,#1521,#1522);
#1327=AXIS2_PLACEMENT_3D('',#1947,#1524,#1525);
#1328=AXIS2_PLACEMENT_3D('',#1951,#1527,#1528);
#1329=AXIS2_PLACEMENT_3D('',#1953,#1529,#1530);
#1330=AXIS2_PLACEMENT_3D('',#1955,#1531,#1532);
#1331=AXIS2_PLACEMENT_3D('',#1959,#1534,#1535);
#1332=AXIS2_PLACEMENT_3D('',#1963,#1537,#1538);
#1333=AXIS2_PLACEMENT_3D('',#1967,#1540,#1541);
#1334=AXIS2_PLACEMENT_3D('',#1969,#1542,#1543);
#1335=AXIS2_PLACEMENT_3D('',#1971,#1544,#1545);
#1336=AXIS2_PLACEMENT_3D('',#1975,#1547,#1548);
#1337=AXIS2_PLACEMENT_3D('',#1979,#1550,#1551);
#1338=AXIS2_PLACEMENT_3D('',#1983,#1553,#1554);
#1339=AXIS2_PLACEMENT_3D('',#1985,#1555,#1556);
#1340=AXIS2_PLACEMENT_3D('',#1987,#1557,#1558);
#1341=AXIS2_PLACEMENT_3D('',#1991,#1560,#1561);
#1342=AXIS2_PLACEMENT_3D('',#1993,#1562,#1563);
#1343=AXIS2_PLACEMENT_3D('',#1994,#1564,#1565);
#1344=AXIS2_PLACEMENT_3D('',#1995,#1566,#1567);
#1345=AXIS2_PLACEMENT_3D('',#1998,#1568,#1569);
#1346=AXIS2_PLACEMENT_3D('',#2001,#1572,#1573);
#1347=AXIS2_PLACEMENT_3D('',#2004,#1575,#1576);
#1348=AXIS2_PLACEMENT_3D('',#2005,#1577,#1578);
#1349=AXIS2_PLACEMENT_3D('',#2008,#1579,#1580);
#1350=AXIS2_PLACEMENT_3D('',#2011,#1583,#1584);
#1351=AXIS2_PLACEMENT_3D('',#2013,#1585,#1586);
#1352=AXIS2_PLACEMENT_3D('',#2015,#1588,#1589);
#1353=AXIS2_PLACEMENT_3D('',#2016,#1590,#1591);
#1354=AXIS2_PLACEMENT_3D('',#2017,#1592,#1593);
#1355=AXIS2_PLACEMENT_3D('',#2019,#1595,#1596);
#1356=AXIS2_PLACEMENT_3D('',#2021,#1597,#1598);
#1357=AXIS2_PLACEMENT_3D('',#2023,#1600,#1601);
#1358=AXIS2_PLACEMENT_3D('',#2025,#1602,#1603);
#1359=AXIS2_PLACEMENT_3D('',#2029,#1605,#1606);
#1360=AXIS2_PLACEMENT_3D('',#2033,#1608,#1609);
#1361=AXIS2_PLACEMENT_3D('',#2037,#1611,#1612);
#1362=AXIS2_PLACEMENT_3D('',#2039,#1613,#1614);
#1363=AXIS2_PLACEMENT_3D('',#2041,#1615,#1616);
#1364=AXIS2_PLACEMENT_3D('',#2045,#1618,#1619);
#1365=AXIS2_PLACEMENT_3D('',#2049,#1621,#1622);
#1366=AXIS2_PLACEMENT_3D('',#2053,#1624,#1625);
#1367=AXIS2_PLACEMENT_3D('',#2055,#1626,#1627);
#1368=AXIS2_PLACEMENT_3D('',#2057,#1628,#1629);
#1369=AXIS2_PLACEMENT_3D('',#2061,#1631,#1632);
#1370=AXIS2_PLACEMENT_3D('',#2065,#1634,#1635);
#1371=AXIS2_PLACEMENT_3D('',#2069,#1637,#1638);
#1372=AXIS2_PLACEMENT_3D('',#2071,#1639,#1640);
#1373=AXIS2_PLACEMENT_3D('',#2073,#1641,#1642);
#1374=AXIS2_PLACEMENT_3D('',#2077,#1644,#1645);
#1375=AXIS2_PLACEMENT_3D('',#2081,#1647,#1648);
#1376=AXIS2_PLACEMENT_3D('',#2085,#1650,#1651);
#1377=AXIS2_PLACEMENT_3D('',#2087,#1652,#1653);
#1378=AXIS2_PLACEMENT_3D('',#2089,#1654,#1655);
#1379=AXIS2_PLACEMENT_3D('',#2093,#1657,#1658);
#1380=AXIS2_PLACEMENT_3D('',#2097,#1660,#1661);
#1381=AXIS2_PLACEMENT_3D('',#2101,#1663,#1664);
#1382=AXIS2_PLACEMENT_3D('',#2103,#1665,#1666);
#1383=AXIS2_PLACEMENT_3D('',#2105,#1667,#1668);
#1384=AXIS2_PLACEMENT_3D('',#2109,#1670,#1671);
#1385=AXIS2_PLACEMENT_3D('',#2113,#1673,#1674);
#1386=AXIS2_PLACEMENT_3D('',#2117,#1676,#1677);
#1387=AXIS2_PLACEMENT_3D('',#2119,#1678,#1679);
#1388=AXIS2_PLACEMENT_3D('',#2121,#1680,#1681);
#1389=AXIS2_PLACEMENT_3D('',#2125,#1683,#1684);
#1390=AXIS2_PLACEMENT_3D('',#2129,#1686,#1687);
#1391=AXIS2_PLACEMENT_3D('',#2132,#1689,#1690);
#1392=AXIS2_PLACEMENT_3D('',#2133,#1691,#1692);
#1393=AXIS2_PLACEMENT_3D('',#2136,#1695,#1696);
#1394=AXIS2_PLACEMENT_3D('',#2138,#1698,#1699);
#1395=AXIS2_PLACEMENT_3D('',#2140,#1701,#1702);
#1396=AXIS2_PLACEMENT_3D('',#2142,#1704,#1705);
#1397=AXIS2_PLACEMENT_3D('',#2144,#1707,#1708);
#1398=AXIS2_PLACEMENT_3D('',#2146,#1710,#1711);
#1399=AXIS2_PLACEMENT_3D('',#2148,#1713,#1714);
#1400=AXIS2_PLACEMENT_3D('',#2151,#1717,#1718);
#1401=AXIS2_PLACEMENT_3D('',#2153,#1720,#1721);
#1402=AXIS2_PLACEMENT_3D('',#2155,#1723,#1724);
#1403=AXIS2_PLACEMENT_3D('',#2157,#1726,#1727);
#1404=AXIS2_PLACEMENT_3D('',#2159,#1729,#1730);
#1405=AXIS2_PLACEMENT_3D('',#2161,#1732,#1733);
#1406=AXIS2_PLACEMENT_3D('',#2163,#1735,#1736);
#1407=AXIS2_PLACEMENT_3D('',#2166,#1739,#1740);
#1408=AXIS2_PLACEMENT_3D('',#2168,#1742,#1743);
#1409=AXIS2_PLACEMENT_3D('',#2170,#1745,#1746);
#1410=AXIS2_PLACEMENT_3D('',#2172,#1748,#1749);
#1411=AXIS2_PLACEMENT_3D('',#2174,#1751,#1752);
#1412=AXIS2_PLACEMENT_3D('',#2176,#1754,#1755);
#1413=AXIS2_PLACEMENT_3D('',#2177,#1756,#1757);
#1414=AXIS2_PLACEMENT_3D('',#2179,#1759,#1760);
#1415=AXIS2_PLACEMENT_3D('',#2181,#1762,#1763);
#1416=AXIS2_PLACEMENT_3D('',#2183,#1765,#1766);
#1417=AXIS2_PLACEMENT_3D('',#2185,#1768,#1769);
#1418=AXIS2_PLACEMENT_3D('',#2187,#1771,#1772);
#1419=AXIS2_PLACEMENT_3D('',#2189,#1774,#1775);
#1420=AXIS2_PLACEMENT_3D('',#2191,#1777,#1778);
#1421=AXIS2_PLACEMENT_3D('',#2194,#1781,#1782);
#1422=AXIS2_PLACEMENT_3D('',#2196,#1784,#1785);
#1423=AXIS2_PLACEMENT_3D('',#2198,#1787,#1788);
#1424=AXIS2_PLACEMENT_3D('',#2200,#1790,#1791);
#1425=AXIS2_PLACEMENT_3D('',#2202,#1793,#1794);
#1426=AXIS2_PLACEMENT_3D('',#2204,#1796,#1797);
#1427=AXIS2_PLACEMENT_3D('',#2206,#1799,#1800);
#1428=AXIS2_PLACEMENT_3D('',#2209,#1803,#1804);
#1429=AXIS2_PLACEMENT_3D('',#2211,#1806,#1807);
#1430=AXIS2_PLACEMENT_3D('',#2213,#1809,#1810);
#1431=AXIS2_PLACEMENT_3D('',#2215,#1812,#1813);
#1432=AXIS2_PLACEMENT_3D('',#2217,#1815,#1816);
#1433=AXIS2_PLACEMENT_3D('',#2220,#1819,#1820);
#1434=AXIS2_PLACEMENT_3D('',#2221,#1821,#1822);
#1435=AXIS2_PLACEMENT_3D('',#2223,#1824,#1825);
#1436=AXIS2_PLACEMENT_3D('',#2224,#1826,#1827);
#1437=AXIS2_PLACEMENT_3D('',#2225,#1828,#1829);
#1438=AXIS2_PLACEMENT_3D('',#2226,#1830,#1831);
#1439=AXIS2_PLACEMENT_3D('',#2227,#1832,#1833);
#1440=AXIS2_PLACEMENT_3D('',#2229,#1835,#1836);
#1441=AXIS2_PLACEMENT_3D('',#2231,#1838,#1839);
#1442=AXIS2_PLACEMENT_3D('',#2233,#1841,#1842);
#1443=AXIS2_PLACEMENT_3D('',#2235,#1844,#1845);
#1444=AXIS2_PLACEMENT_3D('',#2237,#1847,#1848);
#1445=AXIS2_PLACEMENT_3D('',#2239,#1850,#1851);
#1446=AXIS2_PLACEMENT_3D('',#2241,#1853,#1854);
#1447=DIRECTION('axis',(0.,0.,1.));
#1448=DIRECTION('refdir',(1.,0.,0.));
#1449=DIRECTION('center_axis',(1.,0.,0.));
#1450=DIRECTION('ref_axis',(0.,0.95019250236103,0.31166361426526));
#1451=DIRECTION('center_axis',(-1.,0.,0.));
#1452=DIRECTION('ref_axis',(0.,0.95019250236103,0.31166361426526));
#1453=DIRECTION('',(-1.,0.,0.));
#1454=DIRECTION('center_axis',(1.,0.,0.));
#1455=DIRECTION('ref_axis',(0.,0.95019250236103,0.31166361426526));
#1456=DIRECTION('',(1.,0.,0.));
#1457=DIRECTION('center_axis',(0.,0.999674349692614,-0.025518514193624));
#1458=DIRECTION('ref_axis',(0.,0.025518514193624,0.999674349692614));
#1459=DIRECTION('',(0.,-0.025518514193624,-0.999674349692614));
#1460=DIRECTION('',(1.,0.,0.));
#1461=DIRECTION('',(0.,0.025518514193624,0.999674349692614));
#1462=DIRECTION('center_axis',(1.,0.,0.));
#1463=DIRECTION('ref_axis',(0.,1.,0.));
#1464=DIRECTION('center_axis',(-1.,0.,0.));
#1465=DIRECTION('ref_axis',(0.,1.,0.));
#1466=DIRECTION('center_axis',(1.,0.,0.));
#1467=DIRECTION('ref_axis',(0.,-0.99278092768605,-0.119941775969947));
#1468=DIRECTION('',(0.,0.138213455342369,0.990402464032841));
#1469=DIRECTION('center_axis',(-1.,0.,0.));
#1470=DIRECTION('ref_axis',(0.,0.996152353740452,0.0876383941965965));
#1471=DIRECTION('',(0.,-0.309016994374948,0.951056516295154));
#1472=DIRECTION('center_axis',(-1.,0.,0.));
#1473=DIRECTION('ref_axis',(0.,0.857416738805983,0.514622712300296));
#1474=DIRECTION('',(0.,-0.693960996415889,0.720012593954763));
#1475=DIRECTION('center_axis',(1.,0.,0.));
#1476=DIRECTION('ref_axis',(0.,-0.873676649238246,-0.486507052955897));
#1477=DIRECTION('center_axis',(-1.,0.,0.));
#1478=DIRECTION('ref_axis',(0.,1.,0.));
#1479=DIRECTION('center_axis',(1.,0.,0.));
#1480=DIRECTION('ref_axis',(0.,-0.873676649238242,0.486507052955903));
#1481=DIRECTION('',(0.,0.69396099641589,0.720012593954762));
#1482=DIRECTION('center_axis',(-1.,0.,0.));
#1483=DIRECTION('ref_axis',(0.,0.857416738805984,-0.514622712300293));
#1484=DIRECTION('',(0.,0.309016994374947,0.951056516295154));
#1485=DIRECTION('center_axis',(-1.,0.,0.));
#1486=DIRECTION('ref_axis',(0.,0.996152353740452,-0.0876383941965942));
#1487=DIRECTION('',(0.,-0.138213455342368,0.990402464032841));
#1488=DIRECTION('center_axis',(1.,0.,0.));
#1489=DIRECTION('ref_axis',(0.,-0.992780927686051,0.119941775969946));
#1490=DIRECTION('center_axis',(-1.,0.,0.));
#1491=DIRECTION('ref_axis',(0.,1.,0.));
#1492=DIRECTION('center_axis',(1.,0.,0.));
#1493=DIRECTION('ref_axis',(0.,-0.420857585958545,0.90712672341914));
#1494=DIRECTION('',(0.,0.984639023725285,0.174602385313942));
#1495=DIRECTION('center_axis',(-1.,0.,0.));
#1496=DIRECTION('ref_axis',(0.,0.391177072170719,-0.920315434081133));
#1497=DIRECTION('',(0.,0.809016994374947,0.587785252292473));
#1498=DIRECTION('center_axis',(-1.,0.,0.));
#1499=DIRECTION('ref_axis',(0.,0.754391627519279,-0.656424612829846));
#1500=DIRECTION('',(0.,0.470326927969372,0.882492255392019));
#1501=DIRECTION('center_axis',(1.,0.,0.));
#1502=DIRECTION('ref_axis',(0.,-0.732676635140429,0.68057692314631));
#1503=DIRECTION('center_axis',(-1.,0.,0.));
#1504=DIRECTION('ref_axis',(0.,1.,0.));
#1505=DIRECTION('center_axis',(1.,0.,0.));
#1506=DIRECTION('ref_axis',(0.,0.192714770734087,0.981254817639592));
#1507=DIRECTION('',(0.,0.899218410621135,-0.437499999999999));
#1508=DIRECTION('center_axis',(-1.,0.,0.));
#1509=DIRECTION('ref_axis',(0.,-0.22447894041409,-0.97447894041409));
#1510=DIRECTION('',(0.,1.,0.));
#1511=DIRECTION('center_axis',(-1.,0.,0.));
#1512=DIRECTION('ref_axis',(0.,0.224478940414089,-0.97447894041409));
#1513=DIRECTION('',(0.,0.899218410621136,0.437499999999998));
#1514=DIRECTION('center_axis',(1.,0.,0.));
#1515=DIRECTION('ref_axis',(0.,-0.192714770734087,0.981254817639592));
#1516=DIRECTION('center_axis',(-1.,0.,0.));
#1517=DIRECTION('ref_axis',(0.,1.,0.));
#1518=DIRECTION('center_axis',(1.,0.,0.));
#1519=DIRECTION('ref_axis',(0.,0.732676635140436,0.680576923146303));
#1520=DIRECTION('',(0.,0.470326927969371,-0.88249225539202));
#1521=DIRECTION('center_axis',(-1.,0.,0.));
#1522=DIRECTION('ref_axis',(0.,-0.754391627519276,-0.65642461282985));
#1523=DIRECTION('',(0.,0.809016994374947,-0.587785252292473));
#1524=DIRECTION('center_axis',(-1.,0.,0.));
#1525=DIRECTION('ref_axis',(0.,-0.391177072170719,-0.920315434081133));
#1526=DIRECTION('',(0.,0.984639023725284,-0.174602385313943));
#1527=DIRECTION('center_axis',(1.,0.,0.));
#1528=DIRECTION('ref_axis',(0.,0.420857585958548,0.907126723419139));
#1529=DIRECTION('center_axis',(-1.,0.,0.));
#1530=DIRECTION('ref_axis',(0.,1.,0.));
#1531=DIRECTION('center_axis',(1.,0.,0.));
#1532=DIRECTION('ref_axis',(0.,0.992780927686051,0.119941775969946));
#1533=DIRECTION('',(0.,-0.138213455342369,-0.990402464032841));
#1534=DIRECTION('center_axis',(-1.,0.,0.));
#1535=DIRECTION('ref_axis',(0.,-0.996152353740452,-0.0876383941965965));
#1536=DIRECTION('',(0.,0.309016994374947,-0.951056516295154));
#1537=DIRECTION('center_axis',(-1.,0.,0.));
#1538=DIRECTION('ref_axis',(0.,-0.857416738805982,-0.514622712300297));
#1539=DIRECTION('',(0.,0.693960996415889,-0.720012593954763));
#1540=DIRECTION('center_axis',(1.,0.,0.));
#1541=DIRECTION('ref_axis',(0.,0.873676649238242,0.486507052955903));
#1542=DIRECTION('center_axis',(-1.,0.,0.));
#1543=DIRECTION('ref_axis',(0.,1.,0.));
#1544=DIRECTION('center_axis',(1.,0.,0.));
#1545=DIRECTION('ref_axis',(0.,0.873676649238244,-0.486507052955899));
#1546=DIRECTION('',(0.,-0.69396099641589,-0.720012593954762));
#1547=DIRECTION('center_axis',(-1.,0.,0.));
#1548=DIRECTION('ref_axis',(0.,-0.857416738805984,0.514622712300293));
#1549=DIRECTION('',(0.,-0.309016994374947,-0.951056516295154));
#1550=DIRECTION('center_axis',(-1.,0.,0.));
#1551=DIRECTION('ref_axis',(0.,-0.996152353740452,0.0876383941965942));
#1552=DIRECTION('',(0.,0.138213455342368,-0.990402464032841));
#1553=DIRECTION('center_axis',(1.,0.,0.));
#1554=DIRECTION('ref_axis',(0.,0.992780927686051,-0.119941775969946));
#1555=DIRECTION('center_axis',(-1.,0.,0.));
#1556=DIRECTION('ref_axis',(0.,1.,0.));
#1557=DIRECTION('center_axis',(-1.,0.,0.));
#1558=DIRECTION('ref_axis',(0.,-0.950192502361029,0.311663614265261));
#1559=DIRECTION('',(0.,-0.025518514193624,0.999674349692614));
#1560=DIRECTION('center_axis',(-1.,0.,0.));
#1561=DIRECTION('ref_axis',(0.,-0.326854698710939,-0.945074603367682));
#1562=DIRECTION('center_axis',(1.,0.,0.));
#1563=DIRECTION('ref_axis',(0.,1.,0.));
#1564=DIRECTION('center_axis',(-1.,0.,0.));
#1565=DIRECTION('ref_axis',(0.,0.326854698710937,-0.945074603367683));
#1566=DIRECTION('center_axis',(-1.,0.,0.));
#1567=DIRECTION('ref_axis',(0.,-0.950192502361029,0.311663614265261));
#1568=DIRECTION('center_axis',(1.,0.,0.));
#1569=DIRECTION('ref_axis',(0.,-0.950192502361029,0.311663614265261));
#1570=DIRECTION('',(1.,0.,0.));
#1571=DIRECTION('',(-1.,0.,0.));
#1572=DIRECTION('center_axis',(1.,0.,0.));
#1573=DIRECTION('ref_axis',(0.,1.,0.));
#1574=DIRECTION('',(1.,0.,0.));
#1575=DIRECTION('center_axis',(-1.,0.,0.));
#1576=DIRECTION('ref_axis',(0.,1.,0.));
#1577=DIRECTION('center_axis',(-1.,0.,0.));
#1578=DIRECTION('ref_axis',(0.,-0.326854698710939,-0.945074603367682));
#1579=DIRECTION('center_axis',(1.,0.,0.));
#1580=DIRECTION('ref_axis',(0.,-0.326854698710939,-0.945074603367682));
#1581=DIRECTION('',(1.,0.,0.));
#1582=DIRECTION('',(-1.,0.,0.));
#1583=DIRECTION('center_axis',(1.,0.,0.));
#1584=DIRECTION('ref_axis',(0.,6.12323399573677E-17,1.));
#1585=DIRECTION('center_axis',(1.,0.,0.));
#1586=DIRECTION('ref_axis',(0.,1.,0.));
#1587=DIRECTION('',(-1.,0.,0.));
#1588=DIRECTION('center_axis',(1.,0.,0.));
#1589=DIRECTION('ref_axis',(0.,0.326854698710937,-0.945074603367683));
#1590=DIRECTION('center_axis',(1.,0.,0.));
#1591=DIRECTION('ref_axis',(0.,0.326854698710937,-0.945074603367683));
#1592=DIRECTION('center_axis',(0.,-0.999674349692614,-0.025518514193624));
#1593=DIRECTION('ref_axis',(0.,0.025518514193624,-0.999674349692614));
#1594=DIRECTION('',(0.,0.025518514193624,-0.999674349692614));
#1595=DIRECTION('center_axis',(1.,0.,0.));
#1596=DIRECTION('ref_axis',(0.,1.,0.));
#1597=DIRECTION('center_axis',(-1.,0.,0.));
#1598=DIRECTION('ref_axis',(0.,1.,0.));
#1599=DIRECTION('',(-1.,0.,0.));
#1600=DIRECTION('center_axis',(1.,0.,0.));
#1601=DIRECTION('ref_axis',(0.,1.,0.));
#1602=DIRECTION('center_axis',(-1.,0.,0.));
#1603=DIRECTION('ref_axis',(0.,0.992780927686051,-0.119941775969946));
#1604=DIRECTION('',(0.,0.138213455342368,-0.990402464032841));
#1605=DIRECTION('center_axis',(1.,0.,0.));
#1606=DIRECTION('ref_axis',(0.,-0.996152353740452,0.0876383941965942));
#1607=DIRECTION('',(0.,-0.309016994374947,-0.951056516295154));
#1608=DIRECTION('center_axis',(1.,0.,0.));
#1609=DIRECTION('ref_axis',(0.,-0.857416738805984,0.514622712300293));
#1610=DIRECTION('',(0.,-0.69396099641589,-0.720012593954762));
#1611=DIRECTION('center_axis',(-1.,0.,0.));
#1612=DIRECTION('ref_axis',(0.,0.873676649238244,-0.486507052955899));
#1613=DIRECTION('center_axis',(-1.,0.,0.));
#1614=DIRECTION('ref_axis',(0.,1.,0.));
#1615=DIRECTION('center_axis',(-1.,0.,0.));
#1616=DIRECTION('ref_axis',(0.,0.873676649238242,0.486507052955903));
#1617=DIRECTION('',(0.,0.693960996415889,-0.720012593954763));
#1618=DIRECTION('center_axis',(1.,0.,0.));
#1619=DIRECTION('ref_axis',(0.,-0.857416738805982,-0.514622712300297));
#1620=DIRECTION('',(0.,0.309016994374947,-0.951056516295154));
#1621=DIRECTION('center_axis',(1.,0.,0.));
#1622=DIRECTION('ref_axis',(0.,-0.996152353740452,-0.0876383941965965));
#1623=DIRECTION('',(0.,-0.138213455342369,-0.990402464032841));
#1624=DIRECTION('center_axis',(-1.,0.,0.));
#1625=DIRECTION('ref_axis',(0.,0.992780927686051,0.119941775969946));
#1626=DIRECTION('center_axis',(-1.,0.,0.));
#1627=DIRECTION('ref_axis',(0.,1.,0.));
#1628=DIRECTION('center_axis',(-1.,0.,0.));
#1629=DIRECTION('ref_axis',(0.,0.420857585958548,0.907126723419139));
#1630=DIRECTION('',(0.,0.984639023725284,-0.174602385313943));
#1631=DIRECTION('center_axis',(1.,0.,0.));
#1632=DIRECTION('ref_axis',(0.,-0.391177072170719,-0.920315434081133));
#1633=DIRECTION('',(0.,0.809016994374947,-0.587785252292473));
#1634=DIRECTION('center_axis',(1.,0.,0.));
#1635=DIRECTION('ref_axis',(0.,-0.754391627519276,-0.65642461282985));
#1636=DIRECTION('',(0.,0.470326927969371,-0.88249225539202));
#1637=DIRECTION('center_axis',(-1.,0.,0.));
#1638=DIRECTION('ref_axis',(0.,0.732676635140436,0.680576923146303));
#1639=DIRECTION('center_axis',(-1.,0.,0.));
#1640=DIRECTION('ref_axis',(0.,1.,0.));
#1641=DIRECTION('center_axis',(-1.,0.,0.));
#1642=DIRECTION('ref_axis',(0.,-0.192714770734087,0.981254817639592));
#1643=DIRECTION('',(0.,0.899218410621136,0.437499999999998));
#1644=DIRECTION('center_axis',(1.,0.,0.));
#1645=DIRECTION('ref_axis',(0.,0.224478940414089,-0.97447894041409));
#1646=DIRECTION('',(0.,1.,0.));
#1647=DIRECTION('center_axis',(1.,0.,0.));
#1648=DIRECTION('ref_axis',(0.,-0.22447894041409,-0.97447894041409));
#1649=DIRECTION('',(0.,0.899218410621135,-0.437499999999999));
#1650=DIRECTION('center_axis',(-1.,0.,0.));
#1651=DIRECTION('ref_axis',(0.,0.192714770734087,0.981254817639592));
#1652=DIRECTION('center_axis',(-1.,0.,0.));
#1653=DIRECTION('ref_axis',(0.,1.,0.));
#1654=DIRECTION('center_axis',(-1.,0.,0.));
#1655=DIRECTION('ref_axis',(0.,-0.732676635140429,0.68057692314631));
#1656=DIRECTION('',(0.,0.470326927969372,0.882492255392019));
#1657=DIRECTION('center_axis',(1.,0.,0.));
#1658=DIRECTION('ref_axis',(0.,0.754391627519279,-0.656424612829846));
#1659=DIRECTION('',(0.,0.809016994374947,0.587785252292473));
#1660=DIRECTION('center_axis',(1.,0.,0.));
#1661=DIRECTION('ref_axis',(0.,0.391177072170719,-0.920315434081133));
#1662=DIRECTION('',(0.,0.984639023725285,0.174602385313942));
#1663=DIRECTION('center_axis',(-1.,0.,0.));
#1664=DIRECTION('ref_axis',(0.,-0.420857585958545,0.90712672341914));
#1665=DIRECTION('center_axis',(-1.,0.,0.));
#1666=DIRECTION('ref_axis',(0.,1.,0.));
#1667=DIRECTION('center_axis',(-1.,0.,0.));
#1668=DIRECTION('ref_axis',(0.,-0.992780927686051,0.119941775969946));
#1669=DIRECTION('',(0.,-0.138213455342368,0.990402464032841));
#1670=DIRECTION('center_axis',(1.,0.,0.));
#1671=DIRECTION('ref_axis',(0.,0.996152353740452,-0.0876383941965942));
#1672=DIRECTION('',(0.,0.309016994374947,0.951056516295154));
#1673=DIRECTION('center_axis',(1.,0.,0.));
#1674=DIRECTION('ref_axis',(0.,0.857416738805984,-0.514622712300293));
#1675=DIRECTION('',(0.,0.69396099641589,0.720012593954762));
#1676=DIRECTION('center_axis',(-1.,0.,0.));
#1677=DIRECTION('ref_axis',(0.,-0.873676649238242,0.486507052955903));
#1678=DIRECTION('center_axis',(-1.,0.,0.));
#1679=DIRECTION('ref_axis',(0.,1.,0.));
#1680=DIRECTION('center_axis',(-1.,0.,0.));
#1681=DIRECTION('ref_axis',(0.,-0.873676649238246,-0.486507052955897));
#1682=DIRECTION('',(0.,-0.693960996415889,0.720012593954763));
#1683=DIRECTION('center_axis',(1.,0.,0.));
#1684=DIRECTION('ref_axis',(0.,0.857416738805983,0.514622712300296));
#1685=DIRECTION('',(0.,-0.309016994374948,0.951056516295154));
#1686=DIRECTION('center_axis',(1.,0.,0.));
#1687=DIRECTION('ref_axis',(0.,0.996152353740452,0.0876383941965965));
#1688=DIRECTION('',(0.,0.138213455342369,0.990402464032841));
#1689=DIRECTION('center_axis',(-1.,0.,0.));
#1690=DIRECTION('ref_axis',(0.,-0.99278092768605,-0.119941775969947));
#1691=DIRECTION('center_axis',(-1.,0.,0.));
#1692=DIRECTION('ref_axis',(0.,-0.732676635140429,0.68057692314631));
#1693=DIRECTION('',(-1.,0.,0.));
#1694=DIRECTION('',(1.,0.,0.));
#1695=DIRECTION('center_axis',(0.,0.882492255392019,-0.470326927969372));
#1696=DIRECTION('ref_axis',(0.,0.470326927969372,0.882492255392019));
#1697=DIRECTION('',(1.,0.,0.));
#1698=DIRECTION('center_axis',(1.,0.,0.));
#1699=DIRECTION('ref_axis',(0.,0.754391627519279,-0.656424612829846));
#1700=DIRECTION('',(-1.,0.,0.));
#1701=DIRECTION('center_axis',(0.,0.587785252292473,-0.809016994374947));
#1702=DIRECTION('ref_axis',(0.,0.809016994374947,0.587785252292473));
#1703=DIRECTION('',(1.,0.,0.));
#1704=DIRECTION('center_axis',(1.,0.,0.));
#1705=DIRECTION('ref_axis',(0.,0.391177072170719,-0.920315434081133));
#1706=DIRECTION('',(-1.,0.,0.));
#1707=DIRECTION('center_axis',(0.,0.174602385313942,-0.984639023725285));
#1708=DIRECTION('ref_axis',(0.,0.984639023725285,0.174602385313942));
#1709=DIRECTION('',(1.,0.,0.));
#1710=DIRECTION('center_axis',(1.,0.,0.));
#1711=DIRECTION('ref_axis',(0.,-0.420857585958545,0.90712672341914));
#1712=DIRECTION('',(-1.,0.,0.));
#1713=DIRECTION('center_axis',(-1.,0.,0.));
#1714=DIRECTION('ref_axis',(0.,-0.992780927686051,0.119941775969946));
#1715=DIRECTION('',(-1.,0.,0.));
#1716=DIRECTION('',(1.,0.,0.));
#1717=DIRECTION('center_axis',(0.,0.990402464032841,0.138213455342368));
#1718=DIRECTION('ref_axis',(0.,-0.138213455342368,0.990402464032841));
#1719=DIRECTION('',(1.,0.,0.));
#1720=DIRECTION('center_axis',(1.,0.,0.));
#1721=DIRECTION('ref_axis',(0.,0.996152353740452,-0.0876383941965942));
#1722=DIRECTION('',(-1.,0.,0.));
#1723=DIRECTION('center_axis',(0.,0.951056516295154,-0.309016994374947));
#1724=DIRECTION('ref_axis',(0.,0.309016994374947,0.951056516295154));
#1725=DIRECTION('',(1.,0.,0.));
#1726=DIRECTION('center_axis',(1.,0.,0.));
#1727=DIRECTION('ref_axis',(0.,0.857416738805984,-0.514622712300293));
#1728=DIRECTION('',(-1.,0.,0.));
#1729=DIRECTION('center_axis',(0.,0.720012593954762,-0.69396099641589));
#1730=DIRECTION('ref_axis',(0.,0.69396099641589,0.720012593954762));
#1731=DIRECTION('',(1.,0.,0.));
#1732=DIRECTION('center_axis',(1.,0.,0.));
#1733=DIRECTION('ref_axis',(0.,-0.873676649238242,0.486507052955903));
#1734=DIRECTION('',(-1.,0.,0.));
#1735=DIRECTION('center_axis',(-1.,0.,0.));
#1736=DIRECTION('ref_axis',(0.,-0.873676649238246,-0.486507052955897));
#1737=DIRECTION('',(-1.,0.,0.));
#1738=DIRECTION('',(1.,0.,0.));
#1739=DIRECTION('center_axis',(0.,0.720012593954763,0.693960996415889));
#1740=DIRECTION('ref_axis',(0.,-0.693960996415889,0.720012593954763));
#1741=DIRECTION('',(1.,0.,0.));
#1742=DIRECTION('center_axis',(1.,0.,0.));
#1743=DIRECTION('ref_axis',(0.,0.857416738805983,0.514622712300296));
#1744=DIRECTION('',(-1.,0.,0.));
#1745=DIRECTION('center_axis',(0.,0.951056516295154,0.309016994374948));
#1746=DIRECTION('ref_axis',(0.,-0.309016994374948,0.951056516295154));
#1747=DIRECTION('',(1.,0.,0.));
#1748=DIRECTION('center_axis',(1.,0.,0.));
#1749=DIRECTION('ref_axis',(0.,0.996152353740452,0.0876383941965965));
#1750=DIRECTION('',(-1.,0.,0.));
#1751=DIRECTION('center_axis',(0.,0.990402464032841,-0.138213455342369));
#1752=DIRECTION('ref_axis',(0.,0.138213455342369,0.990402464032841));
#1753=DIRECTION('',(1.,0.,0.));
#1754=DIRECTION('center_axis',(1.,0.,0.));
#1755=DIRECTION('ref_axis',(0.,-0.99278092768605,-0.119941775969947));
#1756=DIRECTION('center_axis',(-1.,0.,0.));
#1757=DIRECTION('ref_axis',(0.,0.992780927686051,-0.119941775969946));
#1758=DIRECTION('',(-1.,0.,0.));
#1759=DIRECTION('center_axis',(0.,-0.990402464032841,-0.138213455342368));
#1760=DIRECTION('ref_axis',(0.,0.138213455342368,-0.990402464032841));
#1761=DIRECTION('',(1.,0.,0.));
#1762=DIRECTION('center_axis',(1.,0.,0.));
#1763=DIRECTION('ref_axis',(0.,-0.996152353740452,0.0876383941965942));
#1764=DIRECTION('',(-1.,0.,0.));
#1765=DIRECTION('center_axis',(0.,-0.951056516295154,0.309016994374947));
#1766=DIRECTION('ref_axis',(0.,-0.309016994374947,-0.951056516295154));
#1767=DIRECTION('',(1.,0.,0.));
#1768=DIRECTION('center_axis',(1.,0.,0.));
#1769=DIRECTION('ref_axis',(0.,-0.857416738805984,0.514622712300293));
#1770=DIRECTION('',(-1.,0.,0.));
#1771=DIRECTION('center_axis',(0.,-0.720012593954762,0.69396099641589));
#1772=DIRECTION('ref_axis',(0.,-0.69396099641589,-0.720012593954762));
#1773=DIRECTION('',(1.,0.,0.));
#1774=DIRECTION('center_axis',(1.,0.,0.));
#1775=DIRECTION('ref_axis',(0.,0.873676649238244,-0.486507052955899));
#1776=DIRECTION('',(-1.,0.,0.));
#1777=DIRECTION('center_axis',(-1.,0.,0.));
#1778=DIRECTION('ref_axis',(0.,0.873676649238242,0.486507052955903));
#1779=DIRECTION('',(-1.,0.,0.));
#1780=DIRECTION('',(1.,0.,0.));
#1781=DIRECTION('center_axis',(0.,-0.720012593954763,-0.693960996415889));
#1782=DIRECTION('ref_axis',(0.,0.693960996415889,-0.720012593954763));
#1783=DIRECTION('',(1.,0.,0.));
#1784=DIRECTION('center_axis',(1.,0.,0.));
#1785=DIRECTION('ref_axis',(0.,-0.857416738805982,-0.514622712300297));
#1786=DIRECTION('',(-1.,0.,0.));
#1787=DIRECTION('center_axis',(0.,-0.951056516295154,-0.309016994374947));
#1788=DIRECTION('ref_axis',(0.,0.309016994374947,-0.951056516295154));
#1789=DIRECTION('',(1.,0.,0.));
#1790=DIRECTION('center_axis',(1.,0.,0.));
#1791=DIRECTION('ref_axis',(0.,-0.996152353740452,-0.0876383941965965));
#1792=DIRECTION('',(-1.,0.,0.));
#1793=DIRECTION('center_axis',(0.,-0.990402464032841,0.138213455342369));
#1794=DIRECTION('ref_axis',(0.,-0.138213455342369,-0.990402464032841));
#1795=DIRECTION('',(1.,0.,0.));
#1796=DIRECTION('center_axis',(1.,0.,0.));
#1797=DIRECTION('ref_axis',(0.,0.992780927686051,0.119941775969946));
#1798=DIRECTION('',(-1.,0.,0.));
#1799=DIRECTION('center_axis',(-1.,0.,0.));
#1800=DIRECTION('ref_axis',(0.,0.420857585958548,0.907126723419139));
#1801=DIRECTION('',(-1.,0.,0.));
#1802=DIRECTION('',(1.,0.,0.));
#1803=DIRECTION('center_axis',(0.,-0.174602385313943,-0.984639023725285));
#1804=DIRECTION('ref_axis',(0.,0.984639023725284,-0.174602385313943));
#1805=DIRECTION('',(1.,0.,0.));
#1806=DIRECTION('center_axis',(1.,0.,0.));
#1807=DIRECTION('ref_axis',(0.,-0.391177072170719,-0.920315434081133));
#1808=DIRECTION('',(-1.,0.,0.));
#1809=DIRECTION('center_axis',(0.,-0.587785252292473,-0.809016994374947));
#1810=DIRECTION('ref_axis',(0.,0.809016994374947,-0.587785252292473));
#1811=DIRECTION('',(1.,0.,0.));
#1812=DIRECTION('center_axis',(1.,0.,0.));
#1813=DIRECTION('ref_axis',(0.,-0.754391627519276,-0.65642461282985));
#1814=DIRECTION('',(-1.,0.,0.));
#1815=DIRECTION('center_axis',(1.,0.,0.));
#1816=DIRECTION('ref_axis',(0.,0.732676635140436,0.680576923146303));
#1817=DIRECTION('',(1.,0.,0.));
#1818=DIRECTION('',(-1.,0.,0.));
#1819=DIRECTION('center_axis',(0.,-0.88249225539202,-0.470326927969371));
#1820=DIRECTION('ref_axis',(0.,0.470326927969371,-0.88249225539202));
#1821=DIRECTION('center_axis',(1.,0.,0.));
#1822=DIRECTION('ref_axis',(0.,1.,0.));
#1823=DIRECTION('',(1.,0.,0.));
#1824=DIRECTION('center_axis',(1.,0.,0.));
#1825=DIRECTION('ref_axis',(0.,1.,0.));
#1826=DIRECTION('center_axis',(1.,0.,0.));
#1827=DIRECTION('ref_axis',(0.,1.,0.));
#1828=DIRECTION('center_axis',(1.,0.,0.));
#1829=DIRECTION('ref_axis',(0.,-1.,1.22464679914735E-16));
#1830=DIRECTION('center_axis',(1.,0.,0.));
#1831=DIRECTION('ref_axis',(0.,1.,0.));
#1832=DIRECTION('center_axis',(1.,0.,0.));
#1833=DIRECTION('ref_axis',(0.,1.,0.));
#1834=DIRECTION('',(-1.,0.,0.));
#1835=DIRECTION('center_axis',(-1.,0.,0.));
#1836=DIRECTION('ref_axis',(0.,-0.192714770734087,0.981254817639592));
#1837=DIRECTION('',(-1.,0.,0.));
#1838=DIRECTION('center_axis',(0.,0.437499999999998,-0.899218410621136));
#1839=DIRECTION('ref_axis',(0.,0.899218410621136,0.437499999999998));
#1840=DIRECTION('',(1.,0.,0.));
#1841=DIRECTION('center_axis',(1.,0.,0.));
#1842=DIRECTION('ref_axis',(0.,0.224478940414089,-0.97447894041409));
#1843=DIRECTION('',(-1.,0.,0.));
#1844=DIRECTION('center_axis',(0.,0.,-1.));
#1845=DIRECTION('ref_axis',(0.,1.,0.));
#1846=DIRECTION('',(1.,0.,0.));
#1847=DIRECTION('center_axis',(1.,0.,0.));
#1848=DIRECTION('ref_axis',(0.,-0.22447894041409,-0.97447894041409));
#1849=DIRECTION('',(-1.,0.,0.));
#1850=DIRECTION('center_axis',(1.,0.,0.));
#1851=DIRECTION('ref_axis',(0.,0.192714770734087,0.981254817639592));
#1852=DIRECTION('',(1.,0.,0.));
#1853=DIRECTION('center_axis',(0.,-0.437499999999999,-0.899218410621135));
#1854=DIRECTION('ref_axis',(0.,0.899218410621135,-0.437499999999999));
#1855=CARTESIAN_POINT('',(0.,0.,0.));
#1856=CARTESIAN_POINT('Origin',(0.,-10.3404788173208,-8.01549180896907));
#1857=CARTESIAN_POINT('',(20.,-9.68184959328766,-7.5049509294169));
#1858=CARTESIAN_POINT('',(20.,-9.50741685924365,-8.03675723746376));
#1859=CARTESIAN_POINT('Origin',(20.,-10.3404788173208,-8.01549180896907));
#1860=CARTESIAN_POINT('',(0.,-9.50741685924365,-8.03675723746376));
#1861=CARTESIAN_POINT('',(0.,-9.50741685924365,-8.03675723746376));
#1862=CARTESIAN_POINT('',(0.,-9.68184959328766,-7.5049509294169));
#1863=CARTESIAN_POINT('Origin',(0.,-10.3404788173208,-8.01549180896907));
#1864=CARTESIAN_POINT('',(0.,-9.68184959328766,-7.5049509294169));
#1865=CARTESIAN_POINT('Origin',(0.,-9.52281791803149,-8.64008560178318));
#1866=CARTESIAN_POINT('',(20.,-9.51419930750295,-8.30245607484462));
#1867=CARTESIAN_POINT('',(20.,-9.40951214089564,-4.20139147503062));
#1868=CARTESIAN_POINT('',(0.,-9.51419930750295,-8.30245607484462));
#1869=CARTESIAN_POINT('',(0.,-9.51419930750295,-8.30245607484462));
#1870=CARTESIAN_POINT('',(0.,-9.40951214089564,-4.20139147503062));
#1871=CARTESIAN_POINT('Origin',(20.,0.,0.));
#1872=CARTESIAN_POINT('',(20.,-11.3801368146727,-4.53376069938966));
#1873=CARTESIAN_POINT('Origin',(20.,0.,0.));
#1874=CARTESIAN_POINT('',(20.,-11.3900394852331,-4.45179440877937));
#1875=CARTESIAN_POINT('Origin',(20.,-11.2303365501192,-4.47408140350324));
#1876=CARTESIAN_POINT('',(20.,-11.2977916901501,-3.79077017401536));
#1877=CARTESIAN_POINT('',(20.,-11.403228468708,-4.54630330951765));
#1878=CARTESIAN_POINT('',(20.,-11.3041362455876,-3.71865402115231));
#1879=CARTESIAN_POINT('Origin',(20.,-11.4574946252639,-3.7684831792915));
#1880=CARTESIAN_POINT('',(20.,-11.3310083214217,-3.63595027574828));
#1881=CARTESIAN_POINT('',(20.,-11.2926577044341,-3.75398133829137));
#1882=CARTESIAN_POINT('',(20.,-11.3682642793559,-3.57387784639458));
#1883=CARTESIAN_POINT('Origin',(20.,-11.4843667010979,-3.68577943388747));
#1884=CARTESIAN_POINT('',(20.,-11.8314346098738,-3.09331990028307));
#1885=CARTESIAN_POINT('',(20.,-11.3424868625752,-3.60062295860921));
#1886=CARTESIAN_POINT('',(20.,-11.8716017579067,-3.0211871344998));
#1887=CARTESIAN_POINT('Origin',(20.,-11.7153321881318,-2.98141831279019));
#1888=CARTESIAN_POINT('',(20.,-11.8716017579067,3.0211871344998));
#1889=CARTESIAN_POINT('Origin',(20.,0.,0.));
#1890=CARTESIAN_POINT('',(20.,-11.8314346098738,3.09331990028307));
#1891=CARTESIAN_POINT('Origin',(20.,-11.7153321881318,2.98141831279019));
#1892=CARTESIAN_POINT('',(20.,-11.3682642793559,3.57387784639459));
#1893=CARTESIAN_POINT('',(20.,-11.8976556597079,3.0246128834454));
#1894=CARTESIAN_POINT('',(20.,-11.3310083214216,3.63595027574828));
#1895=CARTESIAN_POINT('Origin',(20.,-11.4843667010979,3.68577943388747));
#1896=CARTESIAN_POINT('',(20.,-11.3041362455877,3.7186540211523));
#1897=CARTESIAN_POINT('',(20.,-11.3424868625752,3.60062295860921));
#1898=CARTESIAN_POINT('',(20.,-11.2977916901501,3.79077017401535));
#1899=CARTESIAN_POINT('Origin',(20.,-11.4574946252639,3.76848317929148));
#1900=CARTESIAN_POINT('',(20.,-11.3900394852331,4.45179440877938));
#1901=CARTESIAN_POINT('',(20.,-11.2926577044341,3.75398133829137));
#1902=CARTESIAN_POINT('',(20.,-11.3801368146727,4.53376069938967));
#1903=CARTESIAN_POINT('Origin',(20.,-11.2303365501192,4.47408140350325));
#1904=CARTESIAN_POINT('',(20.,-7.82851833052328,9.42214416938422));
#1905=CARTESIAN_POINT('Origin',(20.,0.,0.));
#1906=CARTESIAN_POINT('',(20.,-7.75362384921466,9.45689114551381));
#1907=CARTESIAN_POINT('Origin',(20.,-7.7254691197737,9.29811756827912));
#1908=CARTESIAN_POINT('',(20.,-7.09644630693906,9.57342600112207));
#1909=CARTESIAN_POINT('',(20.,-7.84758277514196,9.44022975774312));
#1910=CARTESIAN_POINT('',(20.,-7.02982034528048,9.60174514871757));
#1911=CARTESIAN_POINT('Origin',(20.,-7.12460103638003,9.73219957835676));
#1912=CARTESIAN_POINT('',(20.,-6.9594683373988,9.65285887437417));
#1913=CARTESIAN_POINT('',(20.,-7.05987155616173,9.57991166599428));
#1914=CARTESIAN_POINT('',(20.,-6.9119466731231,9.70747283149078));
#1915=CARTESIAN_POINT('Origin',(20.,-7.05424902849836,9.78331330401336));
#1916=CARTESIAN_POINT('',(20.,-6.59803641043664,10.2964745646148));
#1917=CARTESIAN_POINT('',(20.,-6.92941712651754,9.67469235709746));
#1918=CARTESIAN_POINT('',(20.,-6.54184640485779,10.3569660429708));
#1919=CARTESIAN_POINT('Origin',(20.,-6.45573405506139,10.2206340920923));
#1920=CARTESIAN_POINT('',(20.,-0.795206982431556,12.2241623784655));
#1921=CARTESIAN_POINT('Origin',(20.,0.,0.));
#1922=CARTESIAN_POINT('',(20.,-0.714192314137261,12.2082514010662));
#1923=CARTESIAN_POINT('Origin',(20.,-0.784739426699761,12.063251944078));
#1924=CARTESIAN_POINT('',(20.,-0.114027044610175,11.9162508122029));
#1925=CARTESIAN_POINT('',(20.,-0.8,12.2499997261912));
#1926=CARTESIAN_POINT('',(20.,-0.0434799320476746,11.8999997261912));
#1927=CARTESIAN_POINT('Origin',(20.,-0.0434799320476746,12.0612502691912));
#1928=CARTESIAN_POINT('',(20.,0.0434799320476735,11.8999997261912));
#1929=CARTESIAN_POINT('',(20.,-0.0806252715030928,11.8999997261912));
#1930=CARTESIAN_POINT('',(20.,0.114027044610173,11.9162508122029));
#1931=CARTESIAN_POINT('Origin',(20.,0.0434799320476735,12.0612502691912));
#1932=CARTESIAN_POINT('',(20.,0.714192314137263,12.2082514010662));
#1933=CARTESIAN_POINT('',(20.,0.0806252715030907,11.8999997261912));
#1934=CARTESIAN_POINT('',(20.,0.795206982431558,12.2241623784655));
#1935=CARTESIAN_POINT('Origin',(20.,0.784739426699763,12.063251944078));
#1936=CARTESIAN_POINT('',(20.,6.54184640485777,10.3569660429708));
#1937=CARTESIAN_POINT('Origin',(20.,0.,0.));
#1938=CARTESIAN_POINT('',(20.,6.59803641043663,10.2964745646149));
#1939=CARTESIAN_POINT('Origin',(20.,6.45573405506137,10.2206340920923));
#1940=CARTESIAN_POINT('',(20.,6.91194667312309,9.70747283149078));
#1941=CARTESIAN_POINT('',(20.,6.55315558414204,10.3806861614111));
#1942=CARTESIAN_POINT('',(20.,6.9594683373988,9.65285887437417));
#1943=CARTESIAN_POINT('Origin',(20.,7.05424902849835,9.78331330401336));
#1944=CARTESIAN_POINT('',(20.,7.02982034528047,9.60174514871757));
#1945=CARTESIAN_POINT('',(20.,6.92941712651754,9.67469235709747));
#1946=CARTESIAN_POINT('',(20.,7.09644630693905,9.57342600112207));
#1947=CARTESIAN_POINT('Origin',(20.,7.12460103638002,9.73219957835676));
#1948=CARTESIAN_POINT('',(20.,7.75362384921466,9.45689114551382));
#1949=CARTESIAN_POINT('',(20.,7.05987155616173,9.57991166599428));
#1950=CARTESIAN_POINT('',(20.,7.82851833052328,9.42214416938422));
#1951=CARTESIAN_POINT('Origin',(20.,7.7254691197737,9.29811756827912));
#1952=CARTESIAN_POINT('',(20.,11.3801368146727,4.53376069938966));
#1953=CARTESIAN_POINT('Origin',(20.,0.,0.));
#1954=CARTESIAN_POINT('',(20.,11.3900394852331,4.45179440877938));
#1955=CARTESIAN_POINT('Origin',(20.,11.2303365501192,4.47408140350324));
#1956=CARTESIAN_POINT('',(20.,11.2977916901501,3.79077017401536));
#1957=CARTESIAN_POINT('',(20.,11.403228468708,4.54630330951764));
#1958=CARTESIAN_POINT('',(20.,11.3041362455876,3.71865402115231));
#1959=CARTESIAN_POINT('Origin',(20.,11.4574946252639,3.7684831792915));
#1960=CARTESIAN_POINT('',(20.,11.3310083214217,3.63595027574828));
#1961=CARTESIAN_POINT('',(20.,11.2926577044341,3.75398133829137));
#1962=CARTESIAN_POINT('',(20.,11.3682642793559,3.57387784639459));
#1963=CARTESIAN_POINT('Origin',(20.,11.4843667010979,3.68577943388747));
#1964=CARTESIAN_POINT('',(20.,11.8314346098738,3.09331990028307));
#1965=CARTESIAN_POINT('',(20.,11.3424868625752,3.60062295860921));
#1966=CARTESIAN_POINT('',(20.,11.8716017579067,3.0211871344998));
#1967=CARTESIAN_POINT('Origin',(20.,11.7153321881318,2.98141831279019));
#1968=CARTESIAN_POINT('',(20.,11.8716017579067,-3.0211871344998));
#1969=CARTESIAN_POINT('Origin',(20.,0.,0.));
#1970=CARTESIAN_POINT('',(20.,11.8314346098738,-3.09331990028307));
#1971=CARTESIAN_POINT('Origin',(20.,11.7153321881318,-2.98141831279019));
#1972=CARTESIAN_POINT('',(20.,11.3682642793559,-3.57387784639458));
#1973=CARTESIAN_POINT('',(20.,11.8976556597079,-3.0246128834454));
#1974=CARTESIAN_POINT('',(20.,11.3310083214217,-3.63595027574827));
#1975=CARTESIAN_POINT('Origin',(20.,11.4843667010979,-3.68577943388746));
#1976=CARTESIAN_POINT('',(20.,11.3041362455877,-3.7186540211523));
#1977=CARTESIAN_POINT('',(20.,11.3424868625752,-3.60062295860921));
#1978=CARTESIAN_POINT('',(20.,11.2977916901501,-3.79077017401535));
#1979=CARTESIAN_POINT('Origin',(20.,11.4574946252639,-3.76848317929148));
#1980=CARTESIAN_POINT('',(20.,11.3900394852331,-4.45179440877939));
#1981=CARTESIAN_POINT('',(20.,11.2926577044341,-3.75398133829137));
#1982=CARTESIAN_POINT('',(20.,11.3801368146727,-4.53376069938967));
#1983=CARTESIAN_POINT('Origin',(20.,11.2303365501192,-4.47408140350325));
#1984=CARTESIAN_POINT('',(20.,9.68184959328766,-7.5049509294169));
#1985=CARTESIAN_POINT('Origin',(20.,0.,0.));
#1986=CARTESIAN_POINT('',(20.,9.50741685924365,-8.03675723746376));
#1987=CARTESIAN_POINT('Origin',(20.,10.3404788173208,-8.01549180896907));
#1988=CARTESIAN_POINT('',(20.,9.51419930750295,-8.30245607484462));
#1989=CARTESIAN_POINT('',(20.,9.40951214089564,-4.20139147503062));
#1990=CARTESIAN_POINT('',(20.,10.3991917316704,-8.60853131073811));
#1991=CARTESIAN_POINT('Origin',(20.,10.0140364823493,-8.28969681774781));
#1992=CARTESIAN_POINT('',(20.,-10.3991917316704,-8.60853131073811));
#1993=CARTESIAN_POINT('Origin',(20.,0.,0.));
#1994=CARTESIAN_POINT('Origin',(20.,-10.0140364823493,-8.28969681774781));
#1995=CARTESIAN_POINT('Origin',(0.,10.3404788173208,-8.01549180896907));
#1996=CARTESIAN_POINT('',(0.,9.68184959328766,-7.5049509294169));
#1997=CARTESIAN_POINT('',(0.,9.50741685924365,-8.03675723746376));
#1998=CARTESIAN_POINT('Origin',(0.,10.3404788173208,-8.01549180896907));
#1999=CARTESIAN_POINT('',(0.,9.50741685924365,-8.03675723746376));
#2000=CARTESIAN_POINT('',(0.,9.68184959328766,-7.5049509294169));
#2001=CARTESIAN_POINT('Origin',(0.,0.,0.));
#2002=CARTESIAN_POINT('',(0.,11.3801368146727,-4.53376069938967));
#2003=CARTESIAN_POINT('',(0.,11.3801368146727,-4.53376069938967));
#2004=CARTESIAN_POINT('Origin',(0.,0.,0.));
#2005=CARTESIAN_POINT('Origin',(0.,10.0140364823493,-8.28969681774781));
#2006=CARTESIAN_POINT('',(0.,9.51419930750295,-8.30245607484462));
#2007=CARTESIAN_POINT('',(0.,10.3991917316704,-8.60853131073811));
#2008=CARTESIAN_POINT('Origin',(0.,10.0140364823493,-8.28969681774781));
#2009=CARTESIAN_POINT('',(0.,10.3991917316704,-8.60853131073811));
#2010=CARTESIAN_POINT('',(0.,9.51419930750295,-8.30245607484462));
#2011=CARTESIAN_POINT('Origin',(0.,0.,0.));
#2012=CARTESIAN_POINT('',(0.,-10.3991917316704,-8.60853131073811));
#2013=CARTESIAN_POINT('Origin',(0.,0.,0.));
#2014=CARTESIAN_POINT('',(0.,-10.3991917316704,-8.60853131073811));
#2015=CARTESIAN_POINT('Origin',(0.,-10.0140364823493,-8.28969681774781));
#2016=CARTESIAN_POINT('Origin',(0.,-10.0140364823493,-8.28969681774781));
#2017=CARTESIAN_POINT('Origin',(0.,9.52281791803149,-8.64008560178318));
#2018=CARTESIAN_POINT('',(0.,9.40951214089564,-4.20139147503062));
#2019=CARTESIAN_POINT('Origin',(0.,0.,0.));
#2020=CARTESIAN_POINT('',(0.,-11.3801368146727,-4.53376069938966));
#2021=CARTESIAN_POINT('Origin',(0.,0.,0.));
#2022=CARTESIAN_POINT('',(0.,-11.3801368146727,-4.53376069938966));
#2023=CARTESIAN_POINT('Origin',(0.,0.,0.));
#2024=CARTESIAN_POINT('',(0.,11.3900394852331,-4.45179440877939));
#2025=CARTESIAN_POINT('Origin',(0.,11.2303365501192,-4.47408140350325));
#2026=CARTESIAN_POINT('',(0.,11.2977916901501,-3.79077017401535));
#2027=CARTESIAN_POINT('',(0.,11.2926577044341,-3.75398133829137));
#2028=CARTESIAN_POINT('',(0.,11.3041362455877,-3.7186540211523));
#2029=CARTESIAN_POINT('Origin',(0.,11.4574946252639,-3.76848317929148));
#2030=CARTESIAN_POINT('',(0.,11.3310083214217,-3.63595027574827));
#2031=CARTESIAN_POINT('',(0.,11.3424868625752,-3.60062295860921));
#2032=CARTESIAN_POINT('',(0.,11.3682642793559,-3.57387784639458));
#2033=CARTESIAN_POINT('Origin',(0.,11.4843667010979,-3.68577943388746));
#2034=CARTESIAN_POINT('',(0.,11.8314346098738,-3.09331990028307));
#2035=CARTESIAN_POINT('',(0.,11.8976556597079,-3.0246128834454));
#2036=CARTESIAN_POINT('',(0.,11.8716017579067,-3.0211871344998));
#2037=CARTESIAN_POINT('Origin',(0.,11.7153321881318,-2.98141831279019));
#2038=CARTESIAN_POINT('',(0.,11.8716017579067,3.0211871344998));
#2039=CARTESIAN_POINT('Origin',(0.,0.,0.));
#2040=CARTESIAN_POINT('',(0.,11.8314346098738,3.09331990028307));
#2041=CARTESIAN_POINT('Origin',(0.,11.7153321881318,2.98141831279019));
#2042=CARTESIAN_POINT('',(0.,11.3682642793559,3.57387784639459));
#2043=CARTESIAN_POINT('',(0.,11.3424868625752,3.60062295860921));
#2044=CARTESIAN_POINT('',(0.,11.3310083214217,3.63595027574828));
#2045=CARTESIAN_POINT('Origin',(0.,11.4843667010979,3.68577943388747));
#2046=CARTESIAN_POINT('',(0.,11.3041362455876,3.71865402115231));
#2047=CARTESIAN_POINT('',(0.,11.2926577044341,3.75398133829137));
#2048=CARTESIAN_POINT('',(0.,11.2977916901501,3.79077017401536));
#2049=CARTESIAN_POINT('Origin',(0.,11.4574946252639,3.7684831792915));
#2050=CARTESIAN_POINT('',(0.,11.3900394852331,4.45179440877938));
#2051=CARTESIAN_POINT('',(0.,11.403228468708,4.54630330951764));
#2052=CARTESIAN_POINT('',(0.,11.3801368146727,4.53376069938966));
#2053=CARTESIAN_POINT('Origin',(0.,11.2303365501192,4.47408140350324));
#2054=CARTESIAN_POINT('',(0.,7.82851833052328,9.42214416938422));
#2055=CARTESIAN_POINT('Origin',(0.,0.,0.));
#2056=CARTESIAN_POINT('',(0.,7.75362384921466,9.45689114551382));
#2057=CARTESIAN_POINT('Origin',(0.,7.7254691197737,9.29811756827912));
#2058=CARTESIAN_POINT('',(0.,7.09644630693905,9.57342600112207));
#2059=CARTESIAN_POINT('',(0.,7.05987155616173,9.57991166599428));
#2060=CARTESIAN_POINT('',(0.,7.02982034528047,9.60174514871757));
#2061=CARTESIAN_POINT('Origin',(0.,7.12460103638002,9.73219957835676));
#2062=CARTESIAN_POINT('',(0.,6.9594683373988,9.65285887437417));
#2063=CARTESIAN_POINT('',(0.,6.92941712651754,9.67469235709747));
#2064=CARTESIAN_POINT('',(0.,6.91194667312309,9.70747283149078));
#2065=CARTESIAN_POINT('Origin',(0.,7.05424902849835,9.78331330401336));
#2066=CARTESIAN_POINT('',(0.,6.59803641043663,10.2964745646149));
#2067=CARTESIAN_POINT('',(0.,6.55315558414204,10.3806861614111));
#2068=CARTESIAN_POINT('',(0.,6.54184640485777,10.3569660429708));
#2069=CARTESIAN_POINT('Origin',(0.,6.45573405506137,10.2206340920923));
#2070=CARTESIAN_POINT('',(0.,0.795206982431558,12.2241623784655));
#2071=CARTESIAN_POINT('Origin',(0.,0.,0.));
#2072=CARTESIAN_POINT('',(0.,0.714192314137263,12.2082514010662));
#2073=CARTESIAN_POINT('Origin',(0.,0.784739426699763,12.063251944078));
#2074=CARTESIAN_POINT('',(0.,0.114027044610173,11.9162508122029));
#2075=CARTESIAN_POINT('',(0.,0.0806252715030907,11.8999997261912));
#2076=CARTESIAN_POINT('',(0.,0.0434799320476735,11.8999997261912));
#2077=CARTESIAN_POINT('Origin',(0.,0.0434799320476735,12.0612502691912));
#2078=CARTESIAN_POINT('',(0.,-0.0434799320476746,11.8999997261912));
#2079=CARTESIAN_POINT('',(0.,-0.0806252715030928,11.8999997261912));
#2080=CARTESIAN_POINT('',(0.,-0.114027044610175,11.9162508122029));
#2081=CARTESIAN_POINT('Origin',(0.,-0.0434799320476746,12.0612502691912));
#2082=CARTESIAN_POINT('',(0.,-0.714192314137261,12.2082514010662));
#2083=CARTESIAN_POINT('',(0.,-0.8,12.2499997261912));
#2084=CARTESIAN_POINT('',(0.,-0.795206982431556,12.2241623784655));
#2085=CARTESIAN_POINT('Origin',(0.,-0.784739426699761,12.063251944078));
#2086=CARTESIAN_POINT('',(0.,-6.54184640485779,10.3569660429708));
#2087=CARTESIAN_POINT('Origin',(0.,0.,0.));
#2088=CARTESIAN_POINT('',(0.,-6.59803641043664,10.2964745646148));
#2089=CARTESIAN_POINT('Origin',(0.,-6.45573405506139,10.2206340920923));
#2090=CARTESIAN_POINT('',(0.,-6.9119466731231,9.70747283149078));
#2091=CARTESIAN_POINT('',(0.,-6.92941712651754,9.67469235709746));
#2092=CARTESIAN_POINT('',(0.,-6.9594683373988,9.65285887437417));
#2093=CARTESIAN_POINT('Origin',(0.,-7.05424902849836,9.78331330401336));
#2094=CARTESIAN_POINT('',(0.,-7.02982034528048,9.60174514871757));
#2095=CARTESIAN_POINT('',(0.,-7.05987155616173,9.57991166599428));
#2096=CARTESIAN_POINT('',(0.,-7.09644630693906,9.57342600112207));
#2097=CARTESIAN_POINT('Origin',(0.,-7.12460103638003,9.73219957835676));
#2098=CARTESIAN_POINT('',(0.,-7.75362384921466,9.45689114551381));
#2099=CARTESIAN_POINT('',(0.,-7.84758277514196,9.44022975774312));
#2100=CARTESIAN_POINT('',(0.,-7.82851833052328,9.42214416938422));
#2101=CARTESIAN_POINT('Origin',(0.,-7.7254691197737,9.29811756827912));
#2102=CARTESIAN_POINT('',(0.,-11.3801368146727,4.53376069938967));
#2103=CARTESIAN_POINT('Origin',(0.,0.,0.));
#2104=CARTESIAN_POINT('',(0.,-11.3900394852331,4.45179440877938));
#2105=CARTESIAN_POINT('Origin',(0.,-11.2303365501192,4.47408140350325));
#2106=CARTESIAN_POINT('',(0.,-11.2977916901501,3.79077017401535));
#2107=CARTESIAN_POINT('',(0.,-11.2926577044341,3.75398133829137));
#2108=CARTESIAN_POINT('',(0.,-11.3041362455877,3.7186540211523));
#2109=CARTESIAN_POINT('Origin',(0.,-11.4574946252639,3.76848317929148));
#2110=CARTESIAN_POINT('',(0.,-11.3310083214216,3.63595027574828));
#2111=CARTESIAN_POINT('',(0.,-11.3424868625752,3.60062295860921));
#2112=CARTESIAN_POINT('',(0.,-11.3682642793559,3.57387784639459));
#2113=CARTESIAN_POINT('Origin',(0.,-11.4843667010979,3.68577943388747));
#2114=CARTESIAN_POINT('',(0.,-11.8314346098738,3.09331990028307));
#2115=CARTESIAN_POINT('',(0.,-11.8976556597079,3.0246128834454));
#2116=CARTESIAN_POINT('',(0.,-11.8716017579067,3.0211871344998));
#2117=CARTESIAN_POINT('Origin',(0.,-11.7153321881318,2.98141831279019));
#2118=CARTESIAN_POINT('',(0.,-11.8716017579067,-3.0211871344998));
#2119=CARTESIAN_POINT('Origin',(0.,0.,0.));
#2120=CARTESIAN_POINT('',(0.,-11.8314346098738,-3.09331990028307));
#2121=CARTESIAN_POINT('Origin',(0.,-11.7153321881318,-2.98141831279019));
#2122=CARTESIAN_POINT('',(0.,-11.3682642793559,-3.57387784639458));
#2123=CARTESIAN_POINT('',(0.,-11.3424868625752,-3.60062295860921));
#2124=CARTESIAN_POINT('',(0.,-11.3310083214217,-3.63595027574828));
#2125=CARTESIAN_POINT('Origin',(0.,-11.4843667010979,-3.68577943388747));
#2126=CARTESIAN_POINT('',(0.,-11.3041362455876,-3.71865402115231));
#2127=CARTESIAN_POINT('',(0.,-11.2926577044341,-3.75398133829137));
#2128=CARTESIAN_POINT('',(0.,-11.2977916901501,-3.79077017401536));
#2129=CARTESIAN_POINT('Origin',(0.,-11.4574946252639,-3.7684831792915));
#2130=CARTESIAN_POINT('',(0.,-11.3900394852331,-4.45179440877937));
#2131=CARTESIAN_POINT('',(0.,-11.403228468708,-4.54630330951765));
#2132=CARTESIAN_POINT('Origin',(0.,-11.2303365501192,-4.47408140350324));
#2133=CARTESIAN_POINT('Origin',(0.,-6.45573405506139,10.2206340920923));
#2134=CARTESIAN_POINT('',(0.,-6.59803641043664,10.2964745646148));
#2135=CARTESIAN_POINT('',(0.,-6.54184640485779,10.3569660429708));
#2136=CARTESIAN_POINT('Origin',(0.,-6.92941712651754,9.67469235709746));
#2137=CARTESIAN_POINT('',(0.,-6.9119466731231,9.70747283149078));
#2138=CARTESIAN_POINT('Origin',(0.,-7.05424902849836,9.78331330401336));
#2139=CARTESIAN_POINT('',(0.,-6.9594683373988,9.65285887437417));
#2140=CARTESIAN_POINT('Origin',(0.,-7.05987155616173,9.57991166599428));
#2141=CARTESIAN_POINT('',(0.,-7.02982034528048,9.60174514871757));
#2142=CARTESIAN_POINT('Origin',(0.,-7.12460103638003,9.73219957835676));
#2143=CARTESIAN_POINT('',(0.,-7.09644630693906,9.57342600112206));
#2144=CARTESIAN_POINT('Origin',(0.,-7.79552314971579,9.44946129799182));
#2145=CARTESIAN_POINT('',(0.,-7.75362384921466,9.45689114551381));
#2146=CARTESIAN_POINT('Origin',(0.,-7.7254691197737,9.29811756827912));
#2147=CARTESIAN_POINT('',(0.,-7.82851833052328,9.42214416938423));
#2148=CARTESIAN_POINT('Origin',(0.,-11.2303365501192,4.47408140350325));
#2149=CARTESIAN_POINT('',(0.,-11.3900394852331,4.45179440877938));
#2150=CARTESIAN_POINT('',(0.,-11.3801368146727,4.53376069938967));
#2151=CARTESIAN_POINT('Origin',(0.,-11.2926577044341,3.75398133829137));
#2152=CARTESIAN_POINT('',(0.,-11.2977916901501,3.79077017401535));
#2153=CARTESIAN_POINT('Origin',(0.,-11.4574946252639,3.76848317929148));
#2154=CARTESIAN_POINT('',(0.,-11.3041362455877,3.7186540211523));
#2155=CARTESIAN_POINT('Origin',(0.,-11.3424868625752,3.60062295860921));
#2156=CARTESIAN_POINT('',(0.,-11.3310083214216,3.63595027574828));
#2157=CARTESIAN_POINT('Origin',(0.,-11.4843667010979,3.68577943388747));
#2158=CARTESIAN_POINT('',(0.,-11.3682642793559,3.57387784639459));
#2159=CARTESIAN_POINT('Origin',(0.,-11.8609647012315,3.06268123645623));
#2160=CARTESIAN_POINT('',(0.,-11.8314346098738,3.09331990028307));
#2161=CARTESIAN_POINT('Origin',(0.,-11.7153321881318,2.98141831279019));
#2162=CARTESIAN_POINT('',(0.,-11.8716017579067,3.0211871344998));
#2163=CARTESIAN_POINT('Origin',(0.,-11.7153321881318,-2.98141831279019));
#2164=CARTESIAN_POINT('',(0.,-11.8314346098738,-3.09331990028307));
#2165=CARTESIAN_POINT('',(0.,-11.8716017579067,-3.0211871344998));
#2166=CARTESIAN_POINT('Origin',(0.,-11.3424868625752,-3.60062295860921));
#2167=CARTESIAN_POINT('',(0.,-11.3682642793559,-3.57387784639458));
#2168=CARTESIAN_POINT('Origin',(0.,-11.4843667010979,-3.68577943388747));
#2169=CARTESIAN_POINT('',(0.,-11.3310083214217,-3.63595027574828));
#2170=CARTESIAN_POINT('Origin',(0.,-11.2926577044341,-3.75398133829137));
#2171=CARTESIAN_POINT('',(0.,-11.3041362455876,-3.71865402115231));
#2172=CARTESIAN_POINT('Origin',(0.,-11.4574946252639,-3.7684831792915));
#2173=CARTESIAN_POINT('',(0.,-11.2977916901501,-3.79077017401536));
#2174=CARTESIAN_POINT('Origin',(0.,-11.3959208762395,-4.4939389606991));
#2175=CARTESIAN_POINT('',(0.,-11.3900394852331,-4.45179440877937));
#2176=CARTESIAN_POINT('Origin',(0.,-11.2303365501192,-4.47408140350324));
#2177=CARTESIAN_POINT('Origin',(0.,11.2303365501192,-4.47408140350325));
#2178=CARTESIAN_POINT('',(0.,11.3900394852331,-4.45179440877939));
#2179=CARTESIAN_POINT('Origin',(0.,11.2926577044341,-3.75398133829137));
#2180=CARTESIAN_POINT('',(0.,11.2977916901501,-3.79077017401535));
#2181=CARTESIAN_POINT('Origin',(0.,11.4574946252639,-3.76848317929148));
#2182=CARTESIAN_POINT('',(0.,11.3041362455877,-3.7186540211523));
#2183=CARTESIAN_POINT('Origin',(0.,11.3424868625752,-3.60062295860921));
#2184=CARTESIAN_POINT('',(0.,11.3310083214217,-3.63595027574827));
#2185=CARTESIAN_POINT('Origin',(0.,11.4843667010979,-3.68577943388746));
#2186=CARTESIAN_POINT('',(0.,11.3682642793559,-3.57387784639458));
#2187=CARTESIAN_POINT('Origin',(0.,11.8609647012315,-3.06268123645623));
#2188=CARTESIAN_POINT('',(0.,11.8314346098738,-3.09331990028307));
#2189=CARTESIAN_POINT('Origin',(0.,11.7153321881318,-2.98141831279019));
#2190=CARTESIAN_POINT('',(0.,11.8716017579067,-3.0211871344998));
#2191=CARTESIAN_POINT('Origin',(0.,11.7153321881318,2.98141831279019));
#2192=CARTESIAN_POINT('',(0.,11.8314346098738,3.09331990028307));
#2193=CARTESIAN_POINT('',(0.,11.8716017579067,3.0211871344998));
#2194=CARTESIAN_POINT('Origin',(0.,11.3424868625752,3.60062295860921));
#2195=CARTESIAN_POINT('',(0.,11.3682642793559,3.57387784639459));
#2196=CARTESIAN_POINT('Origin',(0.,11.4843667010979,3.68577943388747));
#2197=CARTESIAN_POINT('',(0.,11.3310083214217,3.63595027574828));
#2198=CARTESIAN_POINT('Origin',(0.,11.2926577044341,3.75398133829137));
#2199=CARTESIAN_POINT('',(0.,11.3041362455876,3.71865402115231));
#2200=CARTESIAN_POINT('Origin',(0.,11.4574946252639,3.7684831792915));
#2201=CARTESIAN_POINT('',(0.,11.2977916901501,3.79077017401536));
#2202=CARTESIAN_POINT('Origin',(0.,11.3959208762395,4.49393896069909));
#2203=CARTESIAN_POINT('',(0.,11.3900394852331,4.45179440877938));
#2204=CARTESIAN_POINT('Origin',(0.,11.2303365501192,4.47408140350324));
#2205=CARTESIAN_POINT('',(0.,11.3801368146727,4.53376069938966));
#2206=CARTESIAN_POINT('Origin',(0.,7.7254691197737,9.29811756827912));
#2207=CARTESIAN_POINT('',(0.,7.75362384921466,9.45689114551382));
#2208=CARTESIAN_POINT('',(0.,7.82851833052328,9.42214416938423));
#2209=CARTESIAN_POINT('Origin',(0.,7.05987155616173,9.57991166599428));
#2210=CARTESIAN_POINT('',(0.,7.09644630693905,9.57342600112207));
#2211=CARTESIAN_POINT('Origin',(0.,7.12460103638002,9.73219957835676));
#2212=CARTESIAN_POINT('',(0.,7.02982034528047,9.60174514871757));
#2213=CARTESIAN_POINT('Origin',(0.,6.92941712651754,9.67469235709747));
#2214=CARTESIAN_POINT('',(0.,6.9594683373988,9.65285887437417));
#2215=CARTESIAN_POINT('Origin',(0.,7.05424902849835,9.78331330401336));
#2216=CARTESIAN_POINT('',(0.,6.91194667312309,9.70747283149078));
#2217=CARTESIAN_POINT('Origin',(0.,6.45573405506137,10.2206340920923));
#2218=CARTESIAN_POINT('',(0.,6.59803641043663,10.2964745646149));
#2219=CARTESIAN_POINT('',(0.,6.54184640485777,10.3569660429708));
#2220=CARTESIAN_POINT('Origin',(0.,6.57802260962849,10.3340272182347));
#2221=CARTESIAN_POINT('Origin',(0.,0.,0.));
#2222=CARTESIAN_POINT('',(0.,0.795206982431557,12.2241623784655));
#2223=CARTESIAN_POINT('Origin',(0.,0.,0.));
#2224=CARTESIAN_POINT('Origin',(0.,0.,0.));
#2225=CARTESIAN_POINT('Origin',(0.,0.,0.));
#2226=CARTESIAN_POINT('Origin',(0.,0.,0.));
#2227=CARTESIAN_POINT('Origin',(0.,0.,0.));
#2228=CARTESIAN_POINT('',(0.,-0.795206982431556,12.2241623784655));
#2229=CARTESIAN_POINT('Origin',(0.,0.784739426699763,12.063251944078));
#2230=CARTESIAN_POINT('',(0.,0.714192314137263,12.2082514010662));
#2231=CARTESIAN_POINT('Origin',(0.,0.0806252715030907,11.8999997261912));
#2232=CARTESIAN_POINT('',(0.,0.114027044610173,11.9162508122029));
#2233=CARTESIAN_POINT('Origin',(0.,0.0434799320476735,12.0612502691912));
#2234=CARTESIAN_POINT('',(0.,0.0434799320476735,11.8999997261912));
#2235=CARTESIAN_POINT('Origin',(0.,-0.0806252715030928,11.8999997261912));
#2236=CARTESIAN_POINT('',(0.,-0.0434799320476746,11.8999997261912));
#2237=CARTESIAN_POINT('Origin',(0.,-0.0434799320476746,12.0612502691912));
#2238=CARTESIAN_POINT('',(0.,-0.114027044610175,11.9162508122029));
#2239=CARTESIAN_POINT('Origin',(0.,-0.784739426699761,12.063251944078));
#2240=CARTESIAN_POINT('',(0.,-0.714192314137261,12.2082514010662));
#2241=CARTESIAN_POINT('Origin',(0.,-0.752456715095302,12.2268683190712));
#2242=UNCERTAINTY_MEASURE_WITH_UNIT(LENGTH_MEASURE(0.01),#2246,
'DISTANCE_ACCURACY_VALUE',
'Maximum model space distance between geometric entities at asserted c
onnectivities');
#2243=UNCERTAINTY_MEASURE_WITH_UNIT(LENGTH_MEASURE(0.01),#2246,
'DISTANCE_ACCURACY_VALUE',
'Maximum model space distance between geometric entities at asserted c
onnectivities');
#2244=(
GEOMETRIC_REPRESENTATION_CONTEXT(3)
GLOBAL_UNCERTAINTY_ASSIGNED_CONTEXT((#2242))
GLOBAL_UNIT_ASSIGNED_CONTEXT((#2246,#2248,#2249))
REPRESENTATION_CONTEXT('','3D')
);
#2245=(
GEOMETRIC_REPRESENTATION_CONTEXT(3)
GLOBAL_UNCERTAINTY_ASSIGNED_CONTEXT((#2243))
GLOBAL_UNIT_ASSIGNED_CONTEXT((#2246,#2248,#2249))
REPRESENTATION_CONTEXT('','3D')
);
#2246=(
LENGTH_UNIT()
NAMED_UNIT(*)
SI_UNIT(.MILLI.,.METRE.)
);
#2247=(
LENGTH_UNIT()
NAMED_UNIT(*)
SI_UNIT($,.METRE.)
);
#2248=(
NAMED_UNIT(*)
PLANE_ANGLE_UNIT()
SI_UNIT($,.RADIAN.)
);
#2249=(
NAMED_UNIT(*)
SI_UNIT($,.STERADIAN.)
SOLID_ANGLE_UNIT()
);
#2250=SHAPE_DEFINITION_REPRESENTATION(#2251,#2252);
#2251=PRODUCT_DEFINITION_SHAPE('',$,#2254);
#2252=SHAPE_REPRESENTATION('',(#1298),#2244);
#2253=PRODUCT_DEFINITION_CONTEXT('part definition',#2258,'design');
#2254=PRODUCT_DEFINITION('2026-09-24-17-57-29-222','snapFit',#2255,#2253);
#2255=PRODUCT_DEFINITION_FORMATION('',$,#2260);
#2256=PRODUCT_RELATED_PRODUCT_CATEGORY('snapFit','snapFit',(#2260));
#2257=APPLICATION_PROTOCOL_DEFINITION('international standard',
'automotive_design',2009,#2258);
#2258=APPLICATION_CONTEXT(
'Core Data for Automotive Mechanical Design Process');
#2259=PRODUCT_CONTEXT('part definition',#2258,'mechanical');
#2260=PRODUCT('2026-09-24-17-57-29-222','snapFit',$,(#2259));
#2261=PRESENTATION_STYLE_ASSIGNMENT((#2262));
#2262=SURFACE_STYLE_USAGE(.BOTH.,#2263);
#2263=SURFACE_SIDE_STYLE('',(#2264));
#2264=SURFACE_STYLE_FILL_AREA(#2265);
#2265=FILL_AREA_STYLE('Steel - Satin',(#2266));
#2266=FILL_AREA_STYLE_COLOUR('Steel - Satin',#2267);
#2267=COLOUR_RGB('Steel - Satin',0.627450980392157,0.627450980392157,0.627450980392157);
ENDSEC;
END-ISO-10303-21;
