ISO-10303-21;
HEADER;
/* Generated by software containing ST-Developer
 * from STEP Tools, Inc. (www.steptools.com) 
 */

FILE_DESCRIPTION(
/* description */ (''),
/* implementation_level */ '2;1');

FILE_NAME(
/* name */ 'tabletStand.step',
/* time_stamp */ '2026-10-07T16:25:13+01:00',
/* author */ (''),
/* organization */ (''),
/* preprocessor_version */ 'ST-DEVELOPER v20.1',
/* originating_system */ 'Autodesk Translation Framework v15.8.0.0',
/* authorisation */ '');

FILE_SCHEMA (('AUTOMOTIVE_DESIGN { 1 0 10303 214 3 1 1 }'));
ENDSEC;

DATA;
#10=MECHANICAL_DESIGN_GEOMETRIC_PRESENTATION_REPRESENTATION('',(#13),#4685);
#11=SHAPE_REPRESENTATION_RELATIONSHIP('SRR','None',#4692,#12);
#12=ADVANCED_BREP_SHAPE_REPRESENTATION('',(#14),#4684);
#13=STYLED_ITEM('',(#4701),#14);
#14=MANIFOLD_SOLID_BREP('Body1',#2569);
#15=B_SPLINE_CURVE_WITH_KNOTS('',3,(#3680,#3681,#3682,#3683,#3684,#3685,
#3686,#3687,#3688,#3689),.UNSPECIFIED.,.F.,.F.,(4,2,2,2,4),(-0.00131768695372414,
0.,0.242220356752011,0.475986607522295,0.699367366357031),.UNSPECIFIED.);
#16=B_SPLINE_CURVE_WITH_KNOTS('',3,(#3691,#3692,#3693,#3694,#3695,#3696),
 .UNSPECIFIED.,.F.,.F.,(4,1,1,4),(3.57097260338542,4.29660125865922,4.78035369550843,
5.26410613235763),.UNSPECIFIED.);
#17=B_SPLINE_CURVE_WITH_KNOTS('',3,(#3698,#3699,#3700,#3701,#3702,#3703,
#3704,#3705,#3706,#3707,#3708,#3709,#3710,#3711),.UNSPECIFIED.,.F.,.F.,
(4,2,2,2,2,2,4),(0.,0.305230294268537,0.59719676668306,0.777177386738225,
0.809286354688471,0.847785438148687,0.884779473992568),.UNSPECIFIED.);
#18=B_SPLINE_CURVE_WITH_KNOTS('',3,(#3712,#3713,#3714,#3715,#3716),
 .UNSPECIFIED.,.F.,.F.,(4,1,4),(-4.68722815019142,-4.29660125865922,-4.06968060180665),
 .UNSPECIFIED.);
#19=B_SPLINE_CURVE_WITH_KNOTS('',3,(#3734,#3735,#3736,#3737),
 .UNSPECIFIED.,.F.,.F.,(4,4),(1.32203898798519,1.60679853395798),
 .UNSPECIFIED.);
#20=B_SPLINE_CURVE_WITH_KNOTS('',3,(#3739,#3740,#3741,#3742,#3743,#3744),
 .UNSPECIFIED.,.F.,.F.,(4,1,1,4),(-4.91254318130266,-3.41372040254798,-2.36787969526659,
-1.60679853395798),.UNSPECIFIED.);
#21=B_SPLINE_CURVE_WITH_KNOTS('',3,(#3748,#3749,#3750,#3751,#3752,#3753,
#3754),.UNSPECIFIED.,.F.,.F.,(4,1,1,1,4),(-5.30842729452443E-6,0.804914840412811,
1.66192546741278,3.37594672141273,5.43299863597502),.UNSPECIFIED.);
#22=B_SPLINE_CURVE_WITH_KNOTS('',3,(#3755,#3756,#3757,#3758),
 .UNSPECIFIED.,.F.,.F.,(4,4),(-0.8046875,-0.323722881114906),
 .UNSPECIFIED.);
#23=B_SPLINE_CURVE_WITH_KNOTS('',3,(#3796,#3797,#3798,#3799,#3800,#3801,
#3802,#3803,#3804,#3805,#3806,#3807,#3808,#3809,#3810,#3811,#3812,#3813),
 .UNSPECIFIED.,.F.,.F.,(4,2,2,2,2,2,2,2,4),(0.,0.0722335119070885,0.0985653285063243,
0.131749838133521,0.188164474171877,0.30653287547916,0.426494126268031,
0.615226797731588,0.792634376898331),.UNSPECIFIED.);
#24=B_SPLINE_CURVE_WITH_KNOTS('',3,(#3815,#3816,#3817,#3818,#3819,#3820,
#3821),.UNSPECIFIED.,.F.,.F.,(4,1,1,1,4),(-6.69285452111166E-15,0.483715806929793,
0.725573710394693,1.20928951732449,1.69300532425429),.UNSPECIFIED.);
#25=B_SPLINE_CURVE_WITH_KNOTS('',3,(#3823,#3824,#3825,#3826,#3827,#3828,
#3829,#3830,#3831,#3832),.UNSPECIFIED.,.F.,.F.,(4,2,2,2,4),(0.,0.22164139968229,
0.453587472028258,0.69392162514342,0.695229050591124),.UNSPECIFIED.);
#26=B_SPLINE_CURVE_WITH_KNOTS('',3,(#3833,#3834,#3835,#3836,#3837),
 .UNSPECIFIED.,.F.,.F.,(4,1,4),(-1.19420643528558,-0.725573710394693,-0.576800749639075),
 .UNSPECIFIED.);
#27=B_SPLINE_CURVE_WITH_KNOTS('',3,(#3855,#3856,#3857,#3858),
 .UNSPECIFIED.,.F.,.F.,(4,4),(1.32203898798379,1.60678663884864),
 .UNSPECIFIED.);
#28=B_SPLINE_CURVE_WITH_KNOTS('',3,(#3860,#3861,#3862,#3863),
 .UNSPECIFIED.,.F.,.F.,(4,4),(-0.676277118885098,-0.195312499999997),
 .UNSPECIFIED.);
#29=B_SPLINE_CURVE_WITH_KNOTS('',3,(#3865,#3866,#3867,#3868,#3869,#3870,
#3871),.UNSPECIFIED.,.F.,.F.,(4,1,1,1,4),(-5.43301547767588,-3.37591565291169,
-1.66185850328831,-0.804829928476623,5.44817134957288E-6),.UNSPECIFIED.);
#30=B_SPLINE_CURVE_WITH_KNOTS('',3,(#3874,#3875,#3876,#3877,#3878,#3879),
 .UNSPECIFIED.,.F.,.F.,(4,1,1,4),(1.60678663884864,2.36755253103975,2.89030930256772,
4.91254292240192),.UNSPECIFIED.);
#31=B_SPLINE_CURVE_WITH_KNOTS('',3,(#3923,#3924,#3925,#3926,#3927,#3928,
#3929,#3930,#3931,#3932,#3933,#3934,#3935,#3936),.UNSPECIFIED.,.F.,.F.,
(4,2,2,2,2,2,4),(0.,0.199559249050908,0.372438001401862,0.555557404009539,
0.807880127734093,1.18925726012918,1.80626771919097),.UNSPECIFIED.);
#32=B_SPLINE_CURVE_WITH_KNOTS('',3,(#3938,#3939,#3940,#3941,#3942,#3943,
#3944,#3945,#3946,#3947),.UNSPECIFIED.,.F.,.F.,(4,2,2,2,4),(0.,0.354109331215528,
0.670160635782646,0.962664958414671,0.967277783316422),.UNSPECIFIED.);
#33=B_SPLINE_CURVE_WITH_KNOTS('',3,(#3948,#3949,#3950,#3951,#3952,#3953),
 .UNSPECIFIED.,.F.,.F.,(4,1,1,4),(1.76540221036999,2.36787969526659,3.41372040254798,
3.76487222881805),.UNSPECIFIED.);
#34=B_SPLINE_CURVE_WITH_KNOTS('',3,(#3959,#3960,#3961,#3962,#3963,#3964),
 .UNSPECIFIED.,.F.,.F.,(4,1,1,4),(-3.76496790468118,-2.89030930256772,-2.36755253103975,
-1.76540697485065),.UNSPECIFIED.);
#35=B_SPLINE_CURVE_WITH_KNOTS('',3,(#4008,#4009,#4010,#4011,#4012,#4013,
#4014,#4015,#4016,#4017,#4018,#4019,#4020,#4021),.UNSPECIFIED.,.F.,.F.,
(4,2,2,2,2,2,4),(0.,0.963114018135637,1.55521007453217,1.93912054517473,
2.21822904638546,2.43781244502787,2.67117723837419),.UNSPECIFIED.);
#36=B_SPLINE_CURVE_WITH_KNOTS('',3,(#4022,#4023,#4024,#4025,#4026,#4027,
#4028,#4029,#4030,#4031),.UNSPECIFIED.,.F.,.F.,(4,2,2,2,4),(0.671504596341867,
0.87453609469124,1.16635094968037,1.39853413227935,1.6363227488569),
 .UNSPECIFIED.);
#37=B_SPLINE_CURVE_WITH_KNOTS('',3,(#4083,#4084,#4085,#4086,#4087,#4088,
#4089,#4090),.UNSPECIFIED.,.F.,.F.,(4,2,2,4),(-1.40096962649822,-1.02783748367651,
0.,0.00255178894609325),.UNSPECIFIED.);
#38=B_SPLINE_CURVE_WITH_KNOTS('',3,(#4092,#4093,#4094,#4095,#4096,#4097,
#4098),.UNSPECIFIED.,.F.,.F.,(4,1,1,1,4),(-4.86240339472162,-3.37594672141273,
-1.66192546741278,-0.804914840412811,-0.247375706824139),.UNSPECIFIED.);
#39=B_SPLINE_CURVE_WITH_KNOTS('',3,(#4099,#4100,#4101,#4102,#4103,#4104,
#4105,#4106,#4107,#4108,#4109,#4110),.UNSPECIFIED.,.F.,.F.,(4,2,2,2,2,4),
(0.,0.249033253077163,0.475851042896169,0.726882657580112,0.914867557470149,
1.12060266087525),.UNSPECIFIED.);
#40=B_SPLINE_CURVE_WITH_KNOTS('',3,(#4111,#4112,#4113,#4114,#4115,#4116,
#4117,#4118),.UNSPECIFIED.,.F.,.F.,(4,2,2,4),(0.823402451491685,1.30047541334428,
1.52116065444757,1.73015424518497),.UNSPECIFIED.);
#41=B_SPLINE_CURVE_WITH_KNOTS('',3,(#4168,#4169,#4170,#4171,#4172,#4173,
#4174,#4175),.UNSPECIFIED.,.F.,.F.,(4,2,2,4),(0.,0.325428197763993,0.746083657976424,
0.906114481331489),.UNSPECIFIED.);
#42=B_SPLINE_CURVE_WITH_KNOTS('',3,(#4177,#4178,#4179,#4180,#4181,#4182,
#4183,#4184,#4185,#4186),.UNSPECIFIED.,.F.,.F.,(4,2,2,2,4),(0.,0.386755554619916,
0.692453506025539,0.950052995713564,1.22659229345392),.UNSPECIFIED.);
#43=B_SPLINE_CURVE_WITH_KNOTS('',3,(#4187,#4188,#4189,#4190,#4191,#4192,
#4193),.UNSPECIFIED.,.F.,.F.,(4,1,1,1,4),(0.247372803032156,0.804829928476623,
1.66185850328831,3.37591565291169,4.86242026014412),.UNSPECIFIED.);
#44=B_SPLINE_SURFACE_WITH_KNOTS('',3,3,((#3648,#3649,#3650,#3651,#3652,
#3653),(#3654,#3655,#3656,#3657,#3658,#3659),(#3660,#3661,#3662,#3663,#3664,
#3665),(#3666,#3667,#3668,#3669,#3670,#3671),(#3672,#3673,#3674,#3675,#3676,
#3677)),.UNSPECIFIED.,.F.,.F.,.F.,(4,1,4),(4,1,1,4),(0.,0.571428571428571,
1.),(3.57097260338542,4.29660125865922,4.78035369550843,5.26410613235763),
 .UNSPECIFIED.);
#45=B_SPLINE_SURFACE_WITH_KNOTS('',3,3,((#3717,#3718,#3719,#3720),(#3721,
#3722,#3723,#3724),(#3725,#3726,#3727,#3728),(#3729,#3730,#3731,#3732)),
 .UNSPECIFIED.,.F.,.F.,.F.,(4,4),(4,4),(0.188561048335892,0.8046875),(0.,
1.),.UNSPECIFIED.);
#46=B_SPLINE_SURFACE_WITH_KNOTS('',3,3,((#3759,#3760,#3761,#3762,#3763,
#3764,#3765),(#3766,#3767,#3768,#3769,#3770,#3771,#3772),(#3773,#3774,#3775,
#3776,#3777,#3778,#3779),(#3780,#3781,#3782,#3783,#3784,#3785,#3786),(#3787,
#3788,#3789,#3790,#3791,#3792,#3793)),.UNSPECIFIED.,.F.,.F.,.F.,(4,1,4),
(4,1,1,1,4),(0.,0.571428571428571,1.),(-6.69285452111166E-15,0.483715806929793,
0.725573710394693,1.20928951732449,1.69300532425429),.UNSPECIFIED.);
#47=B_SPLINE_SURFACE_WITH_KNOTS('',3,3,((#3838,#3839,#3840,#3841),(#3842,
#3843,#3844,#3845),(#3846,#3847,#3848,#3849),(#3850,#3851,#3852,#3853)),
 .UNSPECIFIED.,.F.,.F.,.F.,(4,4),(4,4),(0.195312499999997,0.811438951664107),
(0.,1.),.UNSPECIFIED.);
#48=B_SPLINE_SURFACE_WITH_KNOTS('',3,3,((#3880,#3881,#3882,#3883,#3884,
#3885),(#3886,#3887,#3888,#3889,#3890,#3891),(#3892,#3893,#3894,#3895,#3896,
#3897),(#3898,#3899,#3900,#3901,#3902,#3903),(#3904,#3905,#3906,#3907,#3908,
#3909),(#3910,#3911,#3912,#3913,#3914,#3915),(#3916,#3917,#3918,#3919,#3920,
#3921)),.UNSPECIFIED.,.F.,.F.,.F.,(4,1,1,1,4),(4,1,1,4),(0.,0.285714285714286,
0.571428571428571,0.857142857142857,1.),(1.32203898798519,2.36787969526659,
3.41372040254798,4.98248146347009),.UNSPECIFIED.);
#49=B_SPLINE_SURFACE_WITH_KNOTS('',3,3,((#3966,#3967,#3968,#3969,#3970,
#3971),(#3972,#3973,#3974,#3975,#3976,#3977),(#3978,#3979,#3980,#3981,#3982,
#3983),(#3984,#3985,#3986,#3987,#3988,#3989),(#3990,#3991,#3992,#3993,#3994,
#3995),(#3996,#3997,#3998,#3999,#4000,#4001),(#4002,#4003,#4004,#4005,#4006,
#4007)),.UNSPECIFIED.,.F.,.F.,.F.,(4,1,1,1,4),(4,1,1,4),(0.,0.285714285714286,
0.571428571428571,0.857142857142857,1.),(1.32203898798379,2.36755253103975,
2.89030930256772,4.98133638867964),.UNSPECIFIED.);
#50=B_SPLINE_SURFACE_WITH_KNOTS('',3,3,((#4032,#4033,#4034,#4035,#4036,
#4037,#4038),(#4039,#4040,#4041,#4042,#4043,#4044,#4045),(#4046,#4047,#4048,
#4049,#4050,#4051,#4052),(#4053,#4054,#4055,#4056,#4057,#4058,#4059),(#4060,
#4061,#4062,#4063,#4064,#4065,#4066),(#4067,#4068,#4069,#4070,#4071,#4072,
#4073),(#4074,#4075,#4076,#4077,#4078,#4079,#4080)),.UNSPECIFIED.,.F.,.F.,
 .F.,(4,1,1,1,4),(4,1,1,1,4),(0.,0.285714285714286,0.571428571428571,0.714285714285714,
1.),(-0.0520957865871606,0.804914840412811,1.66192546741278,3.37594672141273,
5.94697860241264),.UNSPECIFIED.);
#51=B_SPLINE_SURFACE_WITH_KNOTS('',3,3,((#4119,#4120,#4121,#4122,#4123,
#4124,#4125),(#4126,#4127,#4128,#4129,#4130,#4131,#4132),(#4133,#4134,#4135,
#4136,#4137,#4138,#4139),(#4140,#4141,#4142,#4143,#4144,#4145,#4146),(#4147,
#4148,#4149,#4150,#4151,#4152,#4153),(#4154,#4155,#4156,#4157,#4158,#4159,
#4160),(#4161,#4162,#4163,#4164,#4165,#4166,#4167)),.UNSPECIFIED.,.F.,.F.,
 .F.,(4,1,1,1,4),(4,1,1,1,4),(0.,0.285714285714286,0.571428571428571,0.714285714285714,
1.),(-0.0521986463350656,0.804829928476623,1.66185850328831,3.37591565291169,
5.94700137734675),.UNSPECIFIED.);
#52=FACE_BOUND('',#266,.T.);
#53=FACE_BOUND('',#273,.T.);
#54=FACE_BOUND('',#275,.T.);
#55=FACE_BOUND('',#276,.T.);
#56=FACE_BOUND('',#277,.T.);
#57=FACE_BOUND('',#312,.T.);
#58=FACE_BOUND('',#314,.T.);
#59=FACE_BOUND('',#333,.T.);
#60=FACE_BOUND('',#334,.T.);
#61=FACE_BOUND('',#337,.T.);
#62=FACE_BOUND('',#338,.T.);
#63=FACE_BOUND('',#339,.T.);
#64=FACE_BOUND('',#340,.T.);
#65=FACE_BOUND('',#341,.T.);
#66=FACE_BOUND('',#342,.T.);
#67=FACE_BOUND('',#343,.T.);
#68=FACE_BOUND('',#344,.T.);
#69=PLANE('',#2595);
#70=PLANE('',#2598);
#71=PLANE('',#2601);
#72=PLANE('',#2604);
#73=PLANE('',#2605);
#74=PLANE('',#2606);
#75=PLANE('',#2617);
#76=PLANE('',#2618);
#77=PLANE('',#2619);
#78=PLANE('',#2620);
#79=PLANE('',#2621);
#80=PLANE('',#2622);
#81=PLANE('',#2623);
#82=PLANE('',#2627);
#83=PLANE('',#2636);
#84=PLANE('',#2640);
#85=PLANE('',#2643);
#86=PLANE('',#2646);
#87=PLANE('',#2647);
#88=PLANE('',#2650);
#89=PLANE('',#2657);
#90=PLANE('',#2658);
#91=PLANE('',#2659);
#92=PLANE('',#2660);
#93=PLANE('',#2665);
#94=PLANE('',#2668);
#95=PLANE('',#2670);
#96=PLANE('',#2672);
#97=PLANE('',#2673);
#98=PLANE('',#2674);
#99=PLANE('',#2675);
#100=PLANE('',#2676);
#101=PLANE('',#2677);
#102=PLANE('',#2679);
#103=PLANE('',#2681);
#104=PLANE('',#2682);
#105=PLANE('',#2683);
#106=PLANE('',#2684);
#107=PLANE('',#2685);
#108=PLANE('',#2704);
#109=PLANE('',#2730);
#110=PLANE('',#2733);
#111=PLANE('',#2735);
#112=PLANE('',#2737);
#113=PLANE('',#2739);
#114=PLANE('',#2741);
#115=PLANE('',#2743);
#116=PLANE('',#2745);
#117=PLANE('',#2747);
#118=PLANE('',#2749);
#119=PLANE('',#2751);
#120=PLANE('',#2753);
#121=PLANE('',#2755);
#122=PLANE('',#2757);
#123=PLANE('',#2759);
#124=PLANE('',#2761);
#125=PLANE('',#2763);
#126=PLANE('',#2765);
#127=PLANE('',#2767);
#128=PLANE('',#2769);
#129=PLANE('',#2771);
#130=PLANE('',#2773);
#131=PLANE('',#2775);
#132=PLANE('',#2777);
#133=PLANE('',#2779);
#134=PLANE('',#2780);
#135=PLANE('',#2781);
#136=PLANE('',#2782);
#137=PLANE('',#2783);
#138=PLANE('',#2784);
#139=FACE_OUTER_BOUND('',#261,.T.);
#140=FACE_OUTER_BOUND('',#262,.T.);
#141=FACE_OUTER_BOUND('',#263,.T.);
#142=FACE_OUTER_BOUND('',#264,.T.);
#143=FACE_OUTER_BOUND('',#265,.T.);
#144=FACE_OUTER_BOUND('',#267,.T.);
#145=FACE_OUTER_BOUND('',#268,.T.);
#146=FACE_OUTER_BOUND('',#269,.T.);
#147=FACE_OUTER_BOUND('',#270,.T.);
#148=FACE_OUTER_BOUND('',#271,.T.);
#149=FACE_OUTER_BOUND('',#272,.T.);
#150=FACE_OUTER_BOUND('',#274,.T.);
#151=FACE_OUTER_BOUND('',#278,.T.);
#152=FACE_OUTER_BOUND('',#279,.T.);
#153=FACE_OUTER_BOUND('',#280,.T.);
#154=FACE_OUTER_BOUND('',#281,.T.);
#155=FACE_OUTER_BOUND('',#282,.T.);
#156=FACE_OUTER_BOUND('',#283,.T.);
#157=FACE_OUTER_BOUND('',#284,.T.);
#158=FACE_OUTER_BOUND('',#285,.T.);
#159=FACE_OUTER_BOUND('',#286,.T.);
#160=FACE_OUTER_BOUND('',#287,.T.);
#161=FACE_OUTER_BOUND('',#288,.T.);
#162=FACE_OUTER_BOUND('',#289,.T.);
#163=FACE_OUTER_BOUND('',#290,.T.);
#164=FACE_OUTER_BOUND('',#291,.T.);
#165=FACE_OUTER_BOUND('',#292,.T.);
#166=FACE_OUTER_BOUND('',#293,.T.);
#167=FACE_OUTER_BOUND('',#294,.T.);
#168=FACE_OUTER_BOUND('',#295,.T.);
#169=FACE_OUTER_BOUND('',#296,.T.);
#170=FACE_OUTER_BOUND('',#297,.T.);
#171=FACE_OUTER_BOUND('',#298,.T.);
#172=FACE_OUTER_BOUND('',#299,.T.);
#173=FACE_OUTER_BOUND('',#300,.T.);
#174=FACE_OUTER_BOUND('',#301,.T.);
#175=FACE_OUTER_BOUND('',#302,.T.);
#176=FACE_OUTER_BOUND('',#303,.T.);
#177=FACE_OUTER_BOUND('',#304,.T.);
#178=FACE_OUTER_BOUND('',#305,.T.);
#179=FACE_OUTER_BOUND('',#306,.T.);
#180=FACE_OUTER_BOUND('',#307,.T.);
#181=FACE_OUTER_BOUND('',#308,.T.);
#182=FACE_OUTER_BOUND('',#309,.T.);
#183=FACE_OUTER_BOUND('',#310,.T.);
#184=FACE_OUTER_BOUND('',#311,.T.);
#185=FACE_OUTER_BOUND('',#313,.T.);
#186=FACE_OUTER_BOUND('',#315,.T.);
#187=FACE_OUTER_BOUND('',#316,.T.);
#188=FACE_OUTER_BOUND('',#317,.T.);
#189=FACE_OUTER_BOUND('',#318,.T.);
#190=FACE_OUTER_BOUND('',#319,.T.);
#191=FACE_OUTER_BOUND('',#320,.T.);
#192=FACE_OUTER_BOUND('',#321,.T.);
#193=FACE_OUTER_BOUND('',#322,.T.);
#194=FACE_OUTER_BOUND('',#323,.T.);
#195=FACE_OUTER_BOUND('',#324,.T.);
#196=FACE_OUTER_BOUND('',#325,.T.);
#197=FACE_OUTER_BOUND('',#326,.T.);
#198=FACE_OUTER_BOUND('',#327,.T.);
#199=FACE_OUTER_BOUND('',#328,.T.);
#200=FACE_OUTER_BOUND('',#329,.T.);
#201=FACE_OUTER_BOUND('',#330,.T.);
#202=FACE_OUTER_BOUND('',#331,.T.);
#203=FACE_OUTER_BOUND('',#332,.T.);
#204=FACE_OUTER_BOUND('',#335,.T.);
#205=FACE_OUTER_BOUND('',#336,.T.);
#206=FACE_OUTER_BOUND('',#345,.T.);
#207=FACE_OUTER_BOUND('',#346,.T.);
#208=FACE_OUTER_BOUND('',#347,.T.);
#209=FACE_OUTER_BOUND('',#348,.T.);
#210=FACE_OUTER_BOUND('',#349,.T.);
#211=FACE_OUTER_BOUND('',#350,.T.);
#212=FACE_OUTER_BOUND('',#351,.T.);
#213=FACE_OUTER_BOUND('',#352,.T.);
#214=FACE_OUTER_BOUND('',#353,.T.);
#215=FACE_OUTER_BOUND('',#354,.T.);
#216=FACE_OUTER_BOUND('',#355,.T.);
#217=FACE_OUTER_BOUND('',#356,.T.);
#218=FACE_OUTER_BOUND('',#357,.T.);
#219=FACE_OUTER_BOUND('',#358,.T.);
#220=FACE_OUTER_BOUND('',#359,.T.);
#221=FACE_OUTER_BOUND('',#360,.T.);
#222=FACE_OUTER_BOUND('',#361,.T.);
#223=FACE_OUTER_BOUND('',#362,.T.);
#224=FACE_OUTER_BOUND('',#363,.T.);
#225=FACE_OUTER_BOUND('',#364,.T.);
#226=FACE_OUTER_BOUND('',#365,.T.);
#227=FACE_OUTER_BOUND('',#366,.T.);
#228=FACE_OUTER_BOUND('',#367,.T.);
#229=FACE_OUTER_BOUND('',#368,.T.);
#230=FACE_OUTER_BOUND('',#369,.T.);
#231=FACE_OUTER_BOUND('',#370,.T.);
#232=FACE_OUTER_BOUND('',#371,.T.);
#233=FACE_OUTER_BOUND('',#372,.T.);
#234=FACE_OUTER_BOUND('',#373,.T.);
#235=FACE_OUTER_BOUND('',#374,.T.);
#236=FACE_OUTER_BOUND('',#375,.T.);
#237=FACE_OUTER_BOUND('',#376,.T.);
#238=FACE_OUTER_BOUND('',#377,.T.);
#239=FACE_OUTER_BOUND('',#378,.T.);
#240=FACE_OUTER_BOUND('',#379,.T.);
#241=FACE_OUTER_BOUND('',#380,.T.);
#242=FACE_OUTER_BOUND('',#381,.T.);
#243=FACE_OUTER_BOUND('',#382,.T.);
#244=FACE_OUTER_BOUND('',#383,.T.);
#245=FACE_OUTER_BOUND('',#384,.T.);
#246=FACE_OUTER_BOUND('',#385,.T.);
#247=FACE_OUTER_BOUND('',#386,.T.);
#248=FACE_OUTER_BOUND('',#387,.T.);
#249=FACE_OUTER_BOUND('',#388,.T.);
#250=FACE_OUTER_BOUND('',#389,.T.);
#251=FACE_OUTER_BOUND('',#390,.T.);
#252=FACE_OUTER_BOUND('',#391,.T.);
#253=FACE_OUTER_BOUND('',#392,.T.);
#254=FACE_OUTER_BOUND('',#393,.T.);
#255=FACE_OUTER_BOUND('',#394,.T.);
#256=FACE_OUTER_BOUND('',#395,.T.);
#257=FACE_OUTER_BOUND('',#396,.T.);
#258=FACE_OUTER_BOUND('',#397,.T.);
#259=FACE_OUTER_BOUND('',#398,.T.);
#260=FACE_OUTER_BOUND('',#399,.T.);
#261=EDGE_LOOP('',(#1641,#1642,#1643,#1644));
#262=EDGE_LOOP('',(#1645,#1646,#1647,#1648));
#263=EDGE_LOOP('',(#1649,#1650,#1651,#1652));
#264=EDGE_LOOP('',(#1653,#1654,#1655,#1656));
#265=EDGE_LOOP('',(#1657,#1658,#1659,#1660,#1661,#1662,#1663,#1664));
#266=EDGE_LOOP('',(#1665,#1666,#1667,#1668));
#267=EDGE_LOOP('',(#1669,#1670,#1671,#1672));
#268=EDGE_LOOP('',(#1673,#1674,#1675,#1676));
#269=EDGE_LOOP('',(#1677,#1678,#1679,#1680));
#270=EDGE_LOOP('',(#1681,#1682,#1683,#1684));
#271=EDGE_LOOP('',(#1685,#1686,#1687,#1688));
#272=EDGE_LOOP('',(#1689,#1690,#1691,#1692,#1693,#1694,#1695,#1696));
#273=EDGE_LOOP('',(#1697,#1698,#1699,#1700));
#274=EDGE_LOOP('',(#1701,#1702,#1703,#1704,#1705,#1706,#1707,#1708,#1709,
#1710,#1711,#1712,#1713,#1714,#1715,#1716,#1717,#1718,#1719,#1720,#1721,
#1722,#1723,#1724,#1725,#1726,#1727,#1728,#1729,#1730));
#275=EDGE_LOOP('',(#1731,#1732,#1733,#1734,#1735,#1736));
#276=EDGE_LOOP('',(#1737,#1738,#1739,#1740));
#277=EDGE_LOOP('',(#1741,#1742,#1743,#1744));
#278=EDGE_LOOP('',(#1745,#1746,#1747,#1748));
#279=EDGE_LOOP('',(#1749,#1750,#1751,#1752));
#280=EDGE_LOOP('',(#1753,#1754,#1755,#1756));
#281=EDGE_LOOP('',(#1757,#1758,#1759,#1760,#1761,#1762,#1763,#1764,#1765,
#1766,#1767,#1768,#1769,#1770));
#282=EDGE_LOOP('',(#1771,#1772,#1773,#1774));
#283=EDGE_LOOP('',(#1775,#1776,#1777,#1778));
#284=EDGE_LOOP('',(#1779,#1780,#1781,#1782,#1783,#1784));
#285=EDGE_LOOP('',(#1785,#1786,#1787,#1788));
#286=EDGE_LOOP('',(#1789,#1790,#1791,#1792,#1793,#1794));
#287=EDGE_LOOP('',(#1795,#1796,#1797,#1798,#1799,#1800));
#288=EDGE_LOOP('',(#1801,#1802,#1803,#1804,#1805,#1806));
#289=EDGE_LOOP('',(#1807,#1808,#1809,#1810,#1811,#1812));
#290=EDGE_LOOP('',(#1813,#1814,#1815,#1816,#1817));
#291=EDGE_LOOP('',(#1818,#1819,#1820,#1821,#1822));
#292=EDGE_LOOP('',(#1823,#1824,#1825));
#293=EDGE_LOOP('',(#1826,#1827,#1828,#1829));
#294=EDGE_LOOP('',(#1830,#1831,#1832,#1833,#1834,#1835,#1836,#1837,#1838,
#1839,#1840,#1841,#1842,#1843,#1844,#1845,#1846,#1847,#1848,#1849,#1850,
#1851,#1852,#1853,#1854,#1855,#1856,#1857,#1858,#1859,#1860,#1861));
#295=EDGE_LOOP('',(#1862,#1863,#1864,#1865,#1866,#1867,#1868,#1869,#1870,
#1871,#1872,#1873));
#296=EDGE_LOOP('',(#1874,#1875,#1876,#1877));
#297=EDGE_LOOP('',(#1878,#1879,#1880,#1881));
#298=EDGE_LOOP('',(#1882,#1883,#1884,#1885));
#299=EDGE_LOOP('',(#1886,#1887,#1888,#1889));
#300=EDGE_LOOP('',(#1890,#1891,#1892,#1893));
#301=EDGE_LOOP('',(#1894,#1895,#1896,#1897,#1898,#1899,#1900,#1901,#1902,
#1903));
#302=EDGE_LOOP('',(#1904,#1905,#1906,#1907));
#303=EDGE_LOOP('',(#1908,#1909,#1910,#1911));
#304=EDGE_LOOP('',(#1912,#1913,#1914,#1915));
#305=EDGE_LOOP('',(#1916,#1917,#1918,#1919));
#306=EDGE_LOOP('',(#1920,#1921,#1922,#1923));
#307=EDGE_LOOP('',(#1924,#1925,#1926,#1927));
#308=EDGE_LOOP('',(#1928,#1929,#1930,#1931));
#309=EDGE_LOOP('',(#1932,#1933,#1934,#1935));
#310=EDGE_LOOP('',(#1936,#1937,#1938,#1939));
#311=EDGE_LOOP('',(#1940,#1941,#1942,#1943,#1944,#1945,#1946,#1947,#1948,
#1949,#1950,#1951,#1952));
#312=EDGE_LOOP('',(#1953,#1954,#1955,#1956));
#313=EDGE_LOOP('',(#1957,#1958,#1959,#1960,#1961,#1962,#1963,#1964,#1965,
#1966,#1967,#1968,#1969,#1970,#1971,#1972,#1973));
#314=EDGE_LOOP('',(#1974,#1975,#1976,#1977));
#315=EDGE_LOOP('',(#1978,#1979,#1980,#1981));
#316=EDGE_LOOP('',(#1982,#1983,#1984,#1985));
#317=EDGE_LOOP('',(#1986,#1987,#1988,#1989));
#318=EDGE_LOOP('',(#1990,#1991,#1992,#1993));
#319=EDGE_LOOP('',(#1994,#1995,#1996,#1997));
#320=EDGE_LOOP('',(#1998,#1999,#2000,#2001));
#321=EDGE_LOOP('',(#2002,#2003,#2004,#2005));
#322=EDGE_LOOP('',(#2006,#2007,#2008,#2009));
#323=EDGE_LOOP('',(#2010,#2011,#2012,#2013));
#324=EDGE_LOOP('',(#2014,#2015,#2016,#2017,#2018,#2019));
#325=EDGE_LOOP('',(#2020,#2021,#2022,#2023));
#326=EDGE_LOOP('',(#2024,#2025,#2026,#2027));
#327=EDGE_LOOP('',(#2028,#2029,#2030,#2031));
#328=EDGE_LOOP('',(#2032,#2033,#2034,#2035));
#329=EDGE_LOOP('',(#2036,#2037,#2038,#2039));
#330=EDGE_LOOP('',(#2040,#2041,#2042,#2043));
#331=EDGE_LOOP('',(#2044,#2045,#2046,#2047));
#332=EDGE_LOOP('',(#2048,#2049,#2050,#2051,#2052,#2053,#2054,#2055,#2056,
#2057,#2058,#2059,#2060,#2061,#2062,#2063,#2064,#2065,#2066,#2067,#2068,
#2069,#2070,#2071,#2072,#2073,#2074,#2075,#2076,#2077,#2078));
#333=EDGE_LOOP('',(#2079,#2080,#2081,#2082,#2083,#2084));
#334=EDGE_LOOP('',(#2085,#2086,#2087,#2088,#2089,#2090));
#335=EDGE_LOOP('',(#2091,#2092,#2093,#2094));
#336=EDGE_LOOP('',(#2095,#2096,#2097,#2098,#2099,#2100));
#337=EDGE_LOOP('',(#2101,#2102,#2103,#2104,#2105,#2106));
#338=EDGE_LOOP('',(#2107,#2108,#2109,#2110,#2111,#2112));
#339=EDGE_LOOP('',(#2113,#2114,#2115,#2116,#2117,#2118));
#340=EDGE_LOOP('',(#2119,#2120,#2121,#2122,#2123,#2124));
#341=EDGE_LOOP('',(#2125,#2126,#2127,#2128,#2129,#2130));
#342=EDGE_LOOP('',(#2131,#2132,#2133,#2134,#2135,#2136));
#343=EDGE_LOOP('',(#2137,#2138,#2139,#2140,#2141,#2142));
#344=EDGE_LOOP('',(#2143,#2144,#2145,#2146,#2147,#2148));
#345=EDGE_LOOP('',(#2149,#2150,#2151,#2152));
#346=EDGE_LOOP('',(#2153,#2154,#2155,#2156));
#347=EDGE_LOOP('',(#2157,#2158,#2159,#2160));
#348=EDGE_LOOP('',(#2161,#2162,#2163,#2164));
#349=EDGE_LOOP('',(#2165,#2166,#2167,#2168));
#350=EDGE_LOOP('',(#2169,#2170,#2171,#2172));
#351=EDGE_LOOP('',(#2173,#2174,#2175,#2176));
#352=EDGE_LOOP('',(#2177,#2178,#2179,#2180));
#353=EDGE_LOOP('',(#2181,#2182,#2183,#2184));
#354=EDGE_LOOP('',(#2185,#2186,#2187,#2188));
#355=EDGE_LOOP('',(#2189,#2190,#2191,#2192));
#356=EDGE_LOOP('',(#2193,#2194,#2195,#2196,#2197,#2198));
#357=EDGE_LOOP('',(#2199,#2200,#2201,#2202));
#358=EDGE_LOOP('',(#2203,#2204,#2205,#2206,#2207,#2208));
#359=EDGE_LOOP('',(#2209,#2210,#2211,#2212));
#360=EDGE_LOOP('',(#2213,#2214,#2215,#2216,#2217));
#361=EDGE_LOOP('',(#2218,#2219,#2220,#2221));
#362=EDGE_LOOP('',(#2222,#2223,#2224,#2225,#2226));
#363=EDGE_LOOP('',(#2227,#2228,#2229,#2230));
#364=EDGE_LOOP('',(#2231,#2232,#2233,#2234,#2235,#2236));
#365=EDGE_LOOP('',(#2237,#2238,#2239,#2240));
#366=EDGE_LOOP('',(#2241,#2242,#2243,#2244));
#367=EDGE_LOOP('',(#2245,#2246,#2247,#2248));
#368=EDGE_LOOP('',(#2249,#2250,#2251,#2252,#2253));
#369=EDGE_LOOP('',(#2254,#2255,#2256,#2257));
#370=EDGE_LOOP('',(#2258,#2259,#2260,#2261,#2262));
#371=EDGE_LOOP('',(#2263,#2264,#2265,#2266));
#372=EDGE_LOOP('',(#2267,#2268,#2269,#2270,#2271,#2272,#2273,#2274,#2275));
#373=EDGE_LOOP('',(#2276,#2277,#2278,#2279));
#374=EDGE_LOOP('',(#2280,#2281,#2282,#2283,#2284,#2285));
#375=EDGE_LOOP('',(#2286,#2287,#2288,#2289));
#376=EDGE_LOOP('',(#2290,#2291,#2292,#2293));
#377=EDGE_LOOP('',(#2294,#2295,#2296,#2297));
#378=EDGE_LOOP('',(#2298,#2299,#2300,#2301,#2302,#2303,#2304,#2305,#2306));
#379=EDGE_LOOP('',(#2307,#2308,#2309,#2310));
#380=EDGE_LOOP('',(#2311,#2312,#2313,#2314));
#381=EDGE_LOOP('',(#2315,#2316,#2317,#2318));
#382=EDGE_LOOP('',(#2319,#2320,#2321,#2322));
#383=EDGE_LOOP('',(#2323,#2324,#2325,#2326));
#384=EDGE_LOOP('',(#2327,#2328,#2329,#2330));
#385=EDGE_LOOP('',(#2331,#2332,#2333,#2334));
#386=EDGE_LOOP('',(#2335,#2336,#2337,#2338));
#387=EDGE_LOOP('',(#2339,#2340,#2341,#2342));
#388=EDGE_LOOP('',(#2343,#2344,#2345,#2346));
#389=EDGE_LOOP('',(#2347,#2348,#2349,#2350));
#390=EDGE_LOOP('',(#2351,#2352,#2353,#2354,#2355,#2356));
#391=EDGE_LOOP('',(#2357,#2358,#2359,#2360));
#392=EDGE_LOOP('',(#2361,#2362,#2363,#2364,#2365,#2366));
#393=EDGE_LOOP('',(#2367,#2368,#2369,#2370));
#394=EDGE_LOOP('',(#2371,#2372,#2373,#2374));
#395=EDGE_LOOP('',(#2375,#2376,#2377,#2378));
#396=EDGE_LOOP('',(#2379,#2380,#2381,#2382));
#397=EDGE_LOOP('',(#2383,#2384,#2385,#2386));
#398=EDGE_LOOP('',(#2387,#2388,#2389,#2390));
#399=EDGE_LOOP('',(#2391,#2392,#2393,#2394,#2395,#2396,#2397,#2398,#2399,
#2400,#2401,#2402));
#400=LINE('',#3461,#664);
#401=LINE('',#3464,#665);
#402=LINE('',#3469,#666);
#403=LINE('',#3476,#667);
#404=LINE('',#3479,#668);
#405=LINE('',#3484,#669);
#406=LINE('',#3488,#670);
#407=LINE('',#3490,#671);
#408=LINE('',#3491,#672);
#409=LINE('',#3492,#673);
#410=LINE('',#3497,#674);
#411=LINE('',#3500,#675);
#412=LINE('',#3504,#676);
#413=LINE('',#3505,#677);
#414=LINE('',#3506,#678);
#415=LINE('',#3510,#679);
#416=LINE('',#3513,#680);
#417=LINE('',#3514,#681);
#418=LINE('',#3518,#682);
#419=LINE('',#3521,#683);
#420=LINE('',#3523,#684);
#421=LINE('',#3524,#685);
#422=LINE('',#3527,#686);
#423=LINE('',#3529,#687);
#424=LINE('',#3531,#688);
#425=LINE('',#3533,#689);
#426=LINE('',#3535,#690);
#427=LINE('',#3537,#691);
#428=LINE('',#3539,#692);
#429=LINE('',#3541,#693);
#430=LINE('',#3543,#694);
#431=LINE('',#3545,#695);
#432=LINE('',#3547,#696);
#433=LINE('',#3549,#697);
#434=LINE('',#3551,#698);
#435=LINE('',#3553,#699);
#436=LINE('',#3555,#700);
#437=LINE('',#3557,#701);
#438=LINE('',#3559,#702);
#439=LINE('',#3563,#703);
#440=LINE('',#3567,#704);
#441=LINE('',#3569,#705);
#442=LINE('',#3571,#706);
#443=LINE('',#3575,#707);
#444=LINE('',#3578,#708);
#445=LINE('',#3581,#709);
#446=LINE('',#3585,#710);
#447=LINE('',#3589,#711);
#448=LINE('',#3590,#712);
#449=LINE('',#3593,#713);
#450=LINE('',#3597,#714);
#451=LINE('',#3601,#715);
#452=LINE('',#3605,#716);
#453=LINE('',#3609,#717);
#454=LINE('',#3610,#718);
#455=LINE('',#3613,#719);
#456=LINE('',#3614,#720);
#457=LINE('',#3617,#721);
#458=LINE('',#3619,#722);
#459=LINE('',#3620,#723);
#460=LINE('',#3623,#724);
#461=LINE('',#3625,#725);
#462=LINE('',#3627,#726);
#463=LINE('',#3629,#727);
#464=LINE('',#3631,#728);
#465=LINE('',#3633,#729);
#466=LINE('',#3635,#730);
#467=LINE('',#3637,#731);
#468=LINE('',#3639,#732);
#469=LINE('',#3640,#733);
#470=LINE('',#3642,#734);
#471=LINE('',#3644,#735);
#472=LINE('',#3645,#736);
#473=LINE('',#3647,#737);
#474=LINE('',#3746,#738);
#475=LINE('',#3873,#739);
#476=LINE('',#3955,#740);
#477=LINE('',#3957,#741);
#478=LINE('',#3965,#742);
#479=LINE('',#4195,#743);
#480=LINE('',#4201,#744);
#481=LINE('',#4204,#745);
#482=LINE('',#4206,#746);
#483=LINE('',#4208,#747);
#484=LINE('',#4211,#748);
#485=LINE('',#4213,#749);
#486=LINE('',#4217,#750);
#487=LINE('',#4220,#751);
#488=LINE('',#4222,#752);
#489=LINE('',#4225,#753);
#490=LINE('',#4227,#754);
#491=LINE('',#4230,#755);
#492=LINE('',#4232,#756);
#493=LINE('',#4236,#757);
#494=LINE('',#4239,#758);
#495=LINE('',#4241,#759);
#496=LINE('',#4244,#760);
#497=LINE('',#4245,#761);
#498=LINE('',#4248,#762);
#499=LINE('',#4252,#763);
#500=LINE('',#4254,#764);
#501=LINE('',#4256,#765);
#502=LINE('',#4258,#766);
#503=LINE('',#4260,#767);
#504=LINE('',#4262,#768);
#505=LINE('',#4263,#769);
#506=LINE('',#4268,#770);
#507=LINE('',#4269,#771);
#508=LINE('',#4272,#772);
#509=LINE('',#4273,#773);
#510=LINE('',#4276,#774);
#511=LINE('',#4279,#775);
#512=LINE('',#4281,#776);
#513=LINE('',#4282,#777);
#514=LINE('',#4285,#778);
#515=LINE('',#4288,#779);
#516=LINE('',#4290,#780);
#517=LINE('',#4291,#781);
#518=LINE('',#4295,#782);
#519=LINE('',#4296,#783);
#520=LINE('',#4297,#784);
#521=LINE('',#4301,#785);
#522=LINE('',#4304,#786);
#523=LINE('',#4305,#787);
#524=LINE('',#4311,#788);
#525=LINE('',#4316,#789);
#526=LINE('',#4317,#790);
#527=LINE('',#4320,#791);
#528=LINE('',#4321,#792);
#529=LINE('',#4323,#793);
#530=LINE('',#4325,#794);
#531=LINE('',#4328,#795);
#532=LINE('',#4330,#796);
#533=LINE('',#4334,#797);
#534=LINE('',#4337,#798);
#535=LINE('',#4338,#799);
#536=LINE('',#4341,#800);
#537=LINE('',#4345,#801);
#538=LINE('',#4348,#802);
#539=LINE('',#4350,#803);
#540=LINE('',#4351,#804);
#541=LINE('',#4353,#805);
#542=LINE('',#4354,#806);
#543=LINE('',#4356,#807);
#544=LINE('',#4357,#808);
#545=LINE('',#4359,#809);
#546=LINE('',#4361,#810);
#547=LINE('',#4364,#811);
#548=LINE('',#4371,#812);
#549=LINE('',#4374,#813);
#550=LINE('',#4377,#814);
#551=LINE('',#4380,#815);
#552=LINE('',#4382,#816);
#553=LINE('',#4383,#817);
#554=LINE('',#4385,#818);
#555=LINE('',#4386,#819);
#556=LINE('',#4388,#820);
#557=LINE('',#4389,#821);
#558=LINE('',#4391,#822);
#559=LINE('',#4392,#823);
#560=LINE('',#4395,#824);
#561=LINE('',#4399,#825);
#562=LINE('',#4402,#826);
#563=LINE('',#4404,#827);
#564=LINE('',#4408,#828);
#565=LINE('',#4411,#829);
#566=LINE('',#4415,#830);
#567=LINE('',#4418,#831);
#568=LINE('',#4420,#832);
#569=LINE('',#4424,#833);
#570=LINE('',#4427,#834);
#571=LINE('',#4429,#835);
#572=LINE('',#4433,#836);
#573=LINE('',#4436,#837);
#574=LINE('',#4439,#838);
#575=LINE('',#4443,#839);
#576=LINE('',#4447,#840);
#577=LINE('',#4451,#841);
#578=LINE('',#4455,#842);
#579=LINE('',#4459,#843);
#580=LINE('',#4465,#844);
#581=LINE('',#4466,#845);
#582=LINE('',#4469,#846);
#583=LINE('',#4472,#847);
#584=LINE('',#4473,#848);
#585=LINE('',#4476,#849);
#586=LINE('',#4480,#850);
#587=LINE('',#4484,#851);
#588=LINE('',#4488,#852);
#589=LINE('',#4492,#853);
#590=LINE('',#4496,#854);
#591=LINE('',#4500,#855);
#592=LINE('',#4504,#856);
#593=LINE('',#4508,#857);
#594=LINE('',#4512,#858);
#595=LINE('',#4516,#859);
#596=LINE('',#4520,#860);
#597=LINE('',#4524,#861);
#598=LINE('',#4528,#862);
#599=LINE('',#4532,#863);
#600=LINE('',#4536,#864);
#601=LINE('',#4540,#865);
#602=LINE('',#4544,#866);
#603=LINE('',#4548,#867);
#604=LINE('',#4552,#868);
#605=LINE('',#4556,#869);
#606=LINE('',#4560,#870);
#607=LINE('',#4564,#871);
#608=LINE('',#4568,#872);
#609=LINE('',#4571,#873);
#610=LINE('',#4574,#874);
#611=LINE('',#4575,#875);
#612=LINE('',#4577,#876);
#613=LINE('',#4579,#877);
#614=LINE('',#4580,#878);
#615=LINE('',#4582,#879);
#616=LINE('',#4584,#880);
#617=LINE('',#4585,#881);
#618=LINE('',#4587,#882);
#619=LINE('',#4589,#883);
#620=LINE('',#4590,#884);
#621=LINE('',#4592,#885);
#622=LINE('',#4594,#886);
#623=LINE('',#4595,#887);
#624=LINE('',#4597,#888);
#625=LINE('',#4599,#889);
#626=LINE('',#4600,#890);
#627=LINE('',#4602,#891);
#628=LINE('',#4604,#892);
#629=LINE('',#4605,#893);
#630=LINE('',#4607,#894);
#631=LINE('',#4609,#895);
#632=LINE('',#4610,#896);
#633=LINE('',#4612,#897);
#634=LINE('',#4614,#898);
#635=LINE('',#4616,#899);
#636=LINE('',#4618,#900);
#637=LINE('',#4620,#901);
#638=LINE('',#4622,#902);
#639=LINE('',#4625,#903);
#640=LINE('',#4626,#904);
#641=LINE('',#4629,#905);
#642=LINE('',#4631,#906);
#643=LINE('',#4633,#907);
#644=LINE('',#4634,#908);
#645=LINE('',#4637,#909);
#646=LINE('',#4638,#910);
#647=LINE('',#4641,#911);
#648=LINE('',#4644,#912);
#649=LINE('',#4647,#913);
#650=LINE('',#4650,#914);
#651=LINE('',#4653,#915);
#652=LINE('',#4655,#916);
#653=LINE('',#4657,#917);
#654=LINE('',#4660,#918);
#655=LINE('',#4662,#919);
#656=LINE('',#4664,#920);
#657=LINE('',#4667,#921);
#658=LINE('',#4670,#922);
#659=LINE('',#4673,#923);
#660=LINE('',#4674,#924);
#661=LINE('',#4677,#925);
#662=LINE('',#4678,#926);
#663=LINE('',#4680,#927);
#664=VECTOR('',#2791,10.);
#665=VECTOR('',#2794,10.);
#666=VECTOR('',#2799,10.);
#667=VECTOR('',#2806,10.);
#668=VECTOR('',#2809,10.);
#669=VECTOR('',#2814,10.);
#670=VECTOR('',#2819,10.);
#671=VECTOR('',#2820,10.);
#672=VECTOR('',#2821,10.);
#673=VECTOR('',#2822,10.);
#674=VECTOR('',#2825,10.);
#675=VECTOR('',#2828,10.);
#676=VECTOR('',#2831,10.);
#677=VECTOR('',#2832,10.);
#678=VECTOR('',#2833,10.);
#679=VECTOR('',#2838,10.);
#680=VECTOR('',#2841,10.);
#681=VECTOR('',#2842,10.);
#682=VECTOR('',#2849,10.);
#683=VECTOR('',#2852,10.);
#684=VECTOR('',#2853,10.);
#685=VECTOR('',#2854,10.);
#686=VECTOR('',#2857,10.);
#687=VECTOR('',#2858,10.);
#688=VECTOR('',#2859,10.);
#689=VECTOR('',#2860,10.);
#690=VECTOR('',#2861,10.);
#691=VECTOR('',#2862,10.);
#692=VECTOR('',#2863,10.);
#693=VECTOR('',#2864,10.);
#694=VECTOR('',#2865,10.);
#695=VECTOR('',#2866,10.);
#696=VECTOR('',#2867,10.);
#697=VECTOR('',#2868,10.);
#698=VECTOR('',#2869,10.);
#699=VECTOR('',#2870,10.);
#700=VECTOR('',#2871,10.);
#701=VECTOR('',#2872,10.);
#702=VECTOR('',#2873,10.);
#703=VECTOR('',#2876,10.);
#704=VECTOR('',#2879,10.);
#705=VECTOR('',#2880,10.);
#706=VECTOR('',#2881,10.);
#707=VECTOR('',#2884,10.);
#708=VECTOR('',#2887,10.);
#709=VECTOR('',#2888,10.);
#710=VECTOR('',#2891,10.);
#711=VECTOR('',#2894,10.);
#712=VECTOR('',#2895,10.);
#713=VECTOR('',#2896,10.);
#714=VECTOR('',#2899,10.);
#715=VECTOR('',#2902,10.);
#716=VECTOR('',#2905,10.);
#717=VECTOR('',#2910,10.);
#718=VECTOR('',#2911,10.);
#719=VECTOR('',#2914,10.);
#720=VECTOR('',#2915,10.);
#721=VECTOR('',#2918,10.);
#722=VECTOR('',#2919,10.);
#723=VECTOR('',#2920,10.);
#724=VECTOR('',#2923,10.);
#725=VECTOR('',#2924,10.);
#726=VECTOR('',#2925,10.);
#727=VECTOR('',#2926,10.);
#728=VECTOR('',#2927,10.);
#729=VECTOR('',#2928,10.);
#730=VECTOR('',#2929,10.);
#731=VECTOR('',#2930,10.);
#732=VECTOR('',#2931,10.);
#733=VECTOR('',#2932,10.);
#734=VECTOR('',#2933,10.);
#735=VECTOR('',#2934,10.);
#736=VECTOR('',#2935,10.);
#737=VECTOR('',#2938,10.);
#738=VECTOR('',#2939,10.);
#739=VECTOR('',#2940,10.);
#740=VECTOR('',#2943,10.);
#741=VECTOR('',#2944,10.);
#742=VECTOR('',#2945,10.);
#743=VECTOR('',#2948,10.);
#744=VECTOR('',#2953,10.);
#745=VECTOR('',#2956,10.);
#746=VECTOR('',#2959,10.);
#747=VECTOR('',#2960,10.);
#748=VECTOR('',#2963,10.);
#749=VECTOR('',#2964,10.);
#750=VECTOR('',#2967,10.);
#751=VECTOR('',#2970,10.);
#752=VECTOR('',#2971,10.);
#753=VECTOR('',#2974,10.);
#754=VECTOR('',#2975,10.);
#755=VECTOR('',#2978,10.);
#756=VECTOR('',#2979,10.);
#757=VECTOR('',#2982,10.);
#758=VECTOR('',#2985,10.);
#759=VECTOR('',#2986,10.);
#760=VECTOR('',#2989,10.);
#761=VECTOR('',#2990,10.);
#762=VECTOR('',#2993,10.);
#763=VECTOR('',#2996,10.);
#764=VECTOR('',#2997,10.);
#765=VECTOR('',#2998,10.);
#766=VECTOR('',#2999,10.);
#767=VECTOR('',#3000,10.);
#768=VECTOR('',#3001,10.);
#769=VECTOR('',#3002,10.);
#770=VECTOR('',#3007,10.);
#771=VECTOR('',#3008,10.);
#772=VECTOR('',#3011,10.);
#773=VECTOR('',#3012,10.);
#774=VECTOR('',#3015,10.);
#775=VECTOR('',#3018,10.);
#776=VECTOR('',#3021,10.);
#777=VECTOR('',#3022,10.);
#778=VECTOR('',#3025,10.);
#779=VECTOR('',#3028,10.);
#780=VECTOR('',#3031,10.);
#781=VECTOR('',#3032,10.);
#782=VECTOR('',#3035,10.);
#783=VECTOR('',#3036,10.);
#784=VECTOR('',#3037,10.);
#785=VECTOR('',#3042,10.);
#786=VECTOR('',#3045,10.);
#787=VECTOR('',#3046,10.);
#788=VECTOR('',#3055,10.);
#789=VECTOR('',#3060,10.);
#790=VECTOR('',#3061,10.);
#791=VECTOR('',#3064,10.);
#792=VECTOR('',#3065,10.);
#793=VECTOR('',#3068,10.);
#794=VECTOR('',#3071,10.);
#795=VECTOR('',#3074,10.);
#796=VECTOR('',#3075,10.);
#797=VECTOR('',#3078,10.);
#798=VECTOR('',#3081,10.);
#799=VECTOR('',#3082,10.);
#800=VECTOR('',#3083,10.);
#801=VECTOR('',#3086,10.);
#802=VECTOR('',#3091,10.);
#803=VECTOR('',#3094,10.);
#804=VECTOR('',#3095,10.);
#805=VECTOR('',#3098,10.);
#806=VECTOR('',#3099,10.);
#807=VECTOR('',#3102,10.);
#808=VECTOR('',#3103,10.);
#809=VECTOR('',#3106,10.);
#810=VECTOR('',#3109,10.);
#811=VECTOR('',#3114,10.);
#812=VECTOR('',#3125,10.);
#813=VECTOR('',#3128,10.);
#814=VECTOR('',#3131,10.);
#815=VECTOR('',#3134,10.);
#816=VECTOR('',#3137,10.);
#817=VECTOR('',#3138,10.);
#818=VECTOR('',#3141,10.);
#819=VECTOR('',#3142,10.);
#820=VECTOR('',#3145,10.);
#821=VECTOR('',#3146,10.);
#822=VECTOR('',#3149,10.);
#823=VECTOR('',#3150,10.);
#824=VECTOR('',#3153,10.);
#825=VECTOR('',#3156,10.);
#826=VECTOR('',#3159,10.);
#827=VECTOR('',#3160,10.);
#828=VECTOR('',#3163,10.);
#829=VECTOR('',#3166,10.);
#830=VECTOR('',#3169,10.);
#831=VECTOR('',#3172,10.);
#832=VECTOR('',#3173,10.);
#833=VECTOR('',#3176,10.);
#834=VECTOR('',#3179,10.);
#835=VECTOR('',#3180,10.);
#836=VECTOR('',#3183,10.);
#837=VECTOR('',#3186,10.);
#838=VECTOR('',#3187,10.);
#839=VECTOR('',#3190,10.);
#840=VECTOR('',#3193,10.);
#841=VECTOR('',#3196,10.);
#842=VECTOR('',#3199,10.);
#843=VECTOR('',#3202,10.);
#844=VECTOR('',#3209,10.);
#845=VECTOR('',#3210,10.);
#846=VECTOR('',#3213,10.);
#847=VECTOR('',#3216,10.);
#848=VECTOR('',#3217,10.);
#849=VECTOR('',#3218,10.);
#850=VECTOR('',#3221,10.);
#851=VECTOR('',#3224,10.);
#852=VECTOR('',#3227,10.);
#853=VECTOR('',#3230,10.);
#854=VECTOR('',#3233,10.);
#855=VECTOR('',#3236,10.);
#856=VECTOR('',#3239,10.);
#857=VECTOR('',#3242,10.);
#858=VECTOR('',#3245,10.);
#859=VECTOR('',#3248,10.);
#860=VECTOR('',#3251,10.);
#861=VECTOR('',#3254,10.);
#862=VECTOR('',#3257,10.);
#863=VECTOR('',#3260,10.);
#864=VECTOR('',#3263,10.);
#865=VECTOR('',#3266,10.);
#866=VECTOR('',#3269,10.);
#867=VECTOR('',#3272,10.);
#868=VECTOR('',#3275,10.);
#869=VECTOR('',#3278,10.);
#870=VECTOR('',#3281,10.);
#871=VECTOR('',#3284,10.);
#872=VECTOR('',#3287,10.);
#873=VECTOR('',#3292,10.);
#874=VECTOR('',#3297,10.);
#875=VECTOR('',#3298,10.);
#876=VECTOR('',#3301,10.);
#877=VECTOR('',#3304,10.);
#878=VECTOR('',#3305,10.);
#879=VECTOR('',#3308,10.);
#880=VECTOR('',#3311,10.);
#881=VECTOR('',#3312,10.);
#882=VECTOR('',#3315,10.);
#883=VECTOR('',#3318,10.);
#884=VECTOR('',#3319,10.);
#885=VECTOR('',#3322,10.);
#886=VECTOR('',#3325,10.);
#887=VECTOR('',#3326,10.);
#888=VECTOR('',#3329,10.);
#889=VECTOR('',#3332,10.);
#890=VECTOR('',#3333,10.);
#891=VECTOR('',#3336,10.);
#892=VECTOR('',#3339,10.);
#893=VECTOR('',#3340,10.);
#894=VECTOR('',#3343,10.);
#895=VECTOR('',#3346,10.);
#896=VECTOR('',#3347,10.);
#897=VECTOR('',#3350,10.);
#898=VECTOR('',#3353,10.);
#899=VECTOR('',#3356,10.);
#900=VECTOR('',#3359,10.);
#901=VECTOR('',#3362,10.);
#902=VECTOR('',#3365,10.);
#903=VECTOR('',#3370,10.);
#904=VECTOR('',#3371,10.);
#905=VECTOR('',#3376,10.);
#906=VECTOR('',#3379,10.);
#907=VECTOR('',#3382,10.);
#908=VECTOR('',#3383,10.);
#909=VECTOR('',#3388,10.);
#910=VECTOR('',#3389,10.);
#911=VECTOR('',#3394,10.);
#912=VECTOR('',#3399,10.);
#913=VECTOR('',#3404,10.);
#914=VECTOR('',#3409,10.);
#915=VECTOR('',#3414,10.);
#916=VECTOR('',#3417,10.);
#917=VECTOR('',#3420,10.);
#918=VECTOR('',#3425,10.);
#919=VECTOR('',#3428,10.);
#920=VECTOR('',#3431,10.);
#921=VECTOR('',#3436,10.);
#922=VECTOR('',#3441,10.);
#923=VECTOR('',#3444,10.);
#924=VECTOR('',#3445,10.);
#925=VECTOR('',#3448,10.);
#926=VECTOR('',#3449,10.);
#927=VECTOR('',#3452,10.);
#928=CIRCLE('',#2584,5.5);
#929=CIRCLE('',#2585,5.5);
#930=CIRCLE('',#2587,4.74999999999998);
#931=CIRCLE('',#2588,4.74999999999998);
#932=CIRCLE('',#2590,5.5);
#933=CIRCLE('',#2591,5.5);
#934=CIRCLE('',#2593,4.74999999999998);
#935=CIRCLE('',#2594,4.74999999999998);
#936=CIRCLE('',#2596,2.74999999999999);
#937=CIRCLE('',#2597,2.74999999999999);
#938=CIRCLE('',#2600,2.74999999999999);
#939=CIRCLE('',#2603,2.74999999999999);
#940=CIRCLE('',#2607,8.00000000000001);
#941=CIRCLE('',#2608,8.00000000000001);
#942=CIRCLE('',#2609,8.00000000000001);
#943=CIRCLE('',#2610,8.00000000000001);
#944=CIRCLE('',#2611,8.);
#945=CIRCLE('',#2612,8.);
#946=CIRCLE('',#2613,4.);
#947=CIRCLE('',#2614,4.);
#948=CIRCLE('',#2615,4.);
#949=CIRCLE('',#2616,4.);
#950=CIRCLE('',#2625,2.5);
#951=CIRCLE('',#2626,2.5);
#952=CIRCLE('',#2628,5.);
#953=CIRCLE('',#2629,5.);
#954=CIRCLE('',#2630,5.);
#955=CIRCLE('',#2631,5.);
#956=CIRCLE('',#2632,5.);
#957=CIRCLE('',#2633,5.);
#958=CIRCLE('',#2634,5.);
#959=CIRCLE('',#2635,5.);
#960=CIRCLE('',#2637,2.5);
#961=CIRCLE('',#2639,2.5);
#962=CIRCLE('',#2642,8.);
#963=CIRCLE('',#2645,8.);
#964=CIRCLE('',#2649,4.);
#965=CIRCLE('',#2652,4.);
#966=CIRCLE('',#2654,8.00000000000001);
#967=CIRCLE('',#2656,8.00000000000001);
#968=CIRCLE('',#2661,8.00000000000001);
#969=CIRCLE('',#2662,8.00000000000001);
#970=CIRCLE('',#2663,4.);
#971=CIRCLE('',#2664,4.);
#972=CIRCLE('',#2678,20.);
#973=CIRCLE('',#2680,20.);
#974=CIRCLE('',#2686,5.);
#975=CIRCLE('',#2687,20.);
#976=CIRCLE('',#2688,20.);
#977=CIRCLE('',#2689,5.);
#978=CIRCLE('',#2690,5.);
#979=CIRCLE('',#2691,5.);
#980=CIRCLE('',#2692,5.);
#981=CIRCLE('',#2693,20.);
#982=CIRCLE('',#2694,20.);
#983=CIRCLE('',#2695,5.);
#984=CIRCLE('',#2696,5.);
#985=CIRCLE('',#2697,20.);
#986=CIRCLE('',#2698,5.);
#987=CIRCLE('',#2699,5.);
#988=CIRCLE('',#2700,20.);
#989=CIRCLE('',#2701,5.);
#990=CIRCLE('',#2703,5.);
#991=CIRCLE('',#2705,5.);
#992=CIRCLE('',#2706,5.);
#993=CIRCLE('',#2707,20.);
#994=CIRCLE('',#2708,5.);
#995=CIRCLE('',#2709,5.);
#996=CIRCLE('',#2710,20.);
#997=CIRCLE('',#2711,5.);
#998=CIRCLE('',#2712,5.);
#999=CIRCLE('',#2713,5.);
#1000=CIRCLE('',#2714,20.);
#1001=CIRCLE('',#2715,5.);
#1002=CIRCLE('',#2716,5.);
#1003=CIRCLE('',#2717,20.);
#1004=CIRCLE('',#2718,5.);
#1005=CIRCLE('',#2719,5.);
#1006=CIRCLE('',#2720,20.);
#1007=CIRCLE('',#2721,5.);
#1008=CIRCLE('',#2722,20.);
#1009=CIRCLE('',#2723,5.);
#1010=CIRCLE('',#2724,5.);
#1011=CIRCLE('',#2725,5.);
#1012=CIRCLE('',#2726,20.);
#1013=CIRCLE('',#2727,5.);
#1014=CIRCLE('',#2728,20.);
#1015=CIRCLE('',#2729,5.);
#1016=VERTEX_POINT('',#3457);
#1017=VERTEX_POINT('',#3458);
#1018=VERTEX_POINT('',#3460);
#1019=VERTEX_POINT('',#3462);
#1020=VERTEX_POINT('',#3466);
#1021=VERTEX_POINT('',#3468);
#1022=VERTEX_POINT('',#3472);
#1023=VERTEX_POINT('',#3473);
#1024=VERTEX_POINT('',#3475);
#1025=VERTEX_POINT('',#3477);
#1026=VERTEX_POINT('',#3481);
#1027=VERTEX_POINT('',#3483);
#1028=VERTEX_POINT('',#3487);
#1029=VERTEX_POINT('',#3489);
#1030=VERTEX_POINT('',#3493);
#1031=VERTEX_POINT('',#3494);
#1032=VERTEX_POINT('',#3496);
#1033=VERTEX_POINT('',#3498);
#1034=VERTEX_POINT('',#3502);
#1035=VERTEX_POINT('',#3503);
#1036=VERTEX_POINT('',#3508);
#1037=VERTEX_POINT('',#3512);
#1038=VERTEX_POINT('',#3520);
#1039=VERTEX_POINT('',#3522);
#1040=VERTEX_POINT('',#3526);
#1041=VERTEX_POINT('',#3528);
#1042=VERTEX_POINT('',#3530);
#1043=VERTEX_POINT('',#3532);
#1044=VERTEX_POINT('',#3534);
#1045=VERTEX_POINT('',#3536);
#1046=VERTEX_POINT('',#3538);
#1047=VERTEX_POINT('',#3540);
#1048=VERTEX_POINT('',#3542);
#1049=VERTEX_POINT('',#3544);
#1050=VERTEX_POINT('',#3546);
#1051=VERTEX_POINT('',#3548);
#1052=VERTEX_POINT('',#3550);
#1053=VERTEX_POINT('',#3552);
#1054=VERTEX_POINT('',#3554);
#1055=VERTEX_POINT('',#3556);
#1056=VERTEX_POINT('',#3558);
#1057=VERTEX_POINT('',#3560);
#1058=VERTEX_POINT('',#3562);
#1059=VERTEX_POINT('',#3564);
#1060=VERTEX_POINT('',#3566);
#1061=VERTEX_POINT('',#3568);
#1062=VERTEX_POINT('',#3570);
#1063=VERTEX_POINT('',#3572);
#1064=VERTEX_POINT('',#3574);
#1065=VERTEX_POINT('',#3576);
#1066=VERTEX_POINT('',#3579);
#1067=VERTEX_POINT('',#3580);
#1068=VERTEX_POINT('',#3582);
#1069=VERTEX_POINT('',#3584);
#1070=VERTEX_POINT('',#3586);
#1071=VERTEX_POINT('',#3588);
#1072=VERTEX_POINT('',#3591);
#1073=VERTEX_POINT('',#3592);
#1074=VERTEX_POINT('',#3594);
#1075=VERTEX_POINT('',#3596);
#1076=VERTEX_POINT('',#3599);
#1077=VERTEX_POINT('',#3600);
#1078=VERTEX_POINT('',#3602);
#1079=VERTEX_POINT('',#3604);
#1080=VERTEX_POINT('',#3608);
#1081=VERTEX_POINT('',#3612);
#1082=VERTEX_POINT('',#3616);
#1083=VERTEX_POINT('',#3618);
#1084=VERTEX_POINT('',#3622);
#1085=VERTEX_POINT('',#3624);
#1086=VERTEX_POINT('',#3626);
#1087=VERTEX_POINT('',#3628);
#1088=VERTEX_POINT('',#3630);
#1089=VERTEX_POINT('',#3632);
#1090=VERTEX_POINT('',#3634);
#1091=VERTEX_POINT('',#3636);
#1092=VERTEX_POINT('',#3638);
#1093=VERTEX_POINT('',#3641);
#1094=VERTEX_POINT('',#3643);
#1095=VERTEX_POINT('',#3678);
#1096=VERTEX_POINT('',#3679);
#1097=VERTEX_POINT('',#3690);
#1098=VERTEX_POINT('',#3697);
#1099=VERTEX_POINT('',#3733);
#1100=VERTEX_POINT('',#3738);
#1101=VERTEX_POINT('',#3745);
#1102=VERTEX_POINT('',#3747);
#1103=VERTEX_POINT('',#3794);
#1104=VERTEX_POINT('',#3795);
#1105=VERTEX_POINT('',#3814);
#1106=VERTEX_POINT('',#3822);
#1107=VERTEX_POINT('',#3854);
#1108=VERTEX_POINT('',#3859);
#1109=VERTEX_POINT('',#3864);
#1110=VERTEX_POINT('',#3872);
#1111=VERTEX_POINT('',#3922);
#1112=VERTEX_POINT('',#3937);
#1113=VERTEX_POINT('',#3956);
#1114=VERTEX_POINT('',#3958);
#1115=VERTEX_POINT('',#4081);
#1116=VERTEX_POINT('',#4082);
#1117=VERTEX_POINT('',#4091);
#1118=VERTEX_POINT('',#4176);
#1119=VERTEX_POINT('',#4197);
#1120=VERTEX_POINT('',#4198);
#1121=VERTEX_POINT('',#4200);
#1122=VERTEX_POINT('',#4202);
#1123=VERTEX_POINT('',#4207);
#1124=VERTEX_POINT('',#4209);
#1125=VERTEX_POINT('',#4212);
#1126=VERTEX_POINT('',#4214);
#1127=VERTEX_POINT('',#4216);
#1128=VERTEX_POINT('',#4218);
#1129=VERTEX_POINT('',#4221);
#1130=VERTEX_POINT('',#4223);
#1131=VERTEX_POINT('',#4226);
#1132=VERTEX_POINT('',#4228);
#1133=VERTEX_POINT('',#4231);
#1134=VERTEX_POINT('',#4233);
#1135=VERTEX_POINT('',#4235);
#1136=VERTEX_POINT('',#4237);
#1137=VERTEX_POINT('',#4240);
#1138=VERTEX_POINT('',#4242);
#1139=VERTEX_POINT('',#4247);
#1140=VERTEX_POINT('',#4249);
#1141=VERTEX_POINT('',#4251);
#1142=VERTEX_POINT('',#4253);
#1143=VERTEX_POINT('',#4255);
#1144=VERTEX_POINT('',#4257);
#1145=VERTEX_POINT('',#4259);
#1146=VERTEX_POINT('',#4261);
#1147=VERTEX_POINT('',#4265);
#1148=VERTEX_POINT('',#4266);
#1149=VERTEX_POINT('',#4271);
#1150=VERTEX_POINT('',#4275);
#1151=VERTEX_POINT('',#4277);
#1152=VERTEX_POINT('',#4284);
#1153=VERTEX_POINT('',#4286);
#1154=VERTEX_POINT('',#4293);
#1155=VERTEX_POINT('',#4294);
#1156=VERTEX_POINT('',#4299);
#1157=VERTEX_POINT('',#4303);
#1158=VERTEX_POINT('',#4309);
#1159=VERTEX_POINT('',#4313);
#1160=VERTEX_POINT('',#4314);
#1161=VERTEX_POINT('',#4319);
#1162=VERTEX_POINT('',#4327);
#1163=VERTEX_POINT('',#4329);
#1164=VERTEX_POINT('',#4331);
#1165=VERTEX_POINT('',#4333);
#1166=VERTEX_POINT('',#4335);
#1167=VERTEX_POINT('',#4339);
#1168=VERTEX_POINT('',#4340);
#1169=VERTEX_POINT('',#4342);
#1170=VERTEX_POINT('',#4344);
#1171=VERTEX_POINT('',#4370);
#1172=VERTEX_POINT('',#4372);
#1173=VERTEX_POINT('',#4376);
#1174=VERTEX_POINT('',#4378);
#1175=VERTEX_POINT('',#4394);
#1176=VERTEX_POINT('',#4396);
#1177=VERTEX_POINT('',#4398);
#1178=VERTEX_POINT('',#4400);
#1179=VERTEX_POINT('',#4403);
#1180=VERTEX_POINT('',#4405);
#1181=VERTEX_POINT('',#4407);
#1182=VERTEX_POINT('',#4409);
#1183=VERTEX_POINT('',#4412);
#1184=VERTEX_POINT('',#4414);
#1185=VERTEX_POINT('',#4416);
#1186=VERTEX_POINT('',#4419);
#1187=VERTEX_POINT('',#4421);
#1188=VERTEX_POINT('',#4423);
#1189=VERTEX_POINT('',#4425);
#1190=VERTEX_POINT('',#4428);
#1191=VERTEX_POINT('',#4430);
#1192=VERTEX_POINT('',#4432);
#1193=VERTEX_POINT('',#4434);
#1194=VERTEX_POINT('',#4437);
#1195=VERTEX_POINT('',#4438);
#1196=VERTEX_POINT('',#4440);
#1197=VERTEX_POINT('',#4442);
#1198=VERTEX_POINT('',#4444);
#1199=VERTEX_POINT('',#4446);
#1200=VERTEX_POINT('',#4449);
#1201=VERTEX_POINT('',#4450);
#1202=VERTEX_POINT('',#4452);
#1203=VERTEX_POINT('',#4454);
#1204=VERTEX_POINT('',#4456);
#1205=VERTEX_POINT('',#4458);
#1206=VERTEX_POINT('',#4462);
#1207=VERTEX_POINT('',#4463);
#1208=VERTEX_POINT('',#4468);
#1209=VERTEX_POINT('',#4471);
#1210=VERTEX_POINT('',#4474);
#1211=VERTEX_POINT('',#4475);
#1212=VERTEX_POINT('',#4477);
#1213=VERTEX_POINT('',#4479);
#1214=VERTEX_POINT('',#4481);
#1215=VERTEX_POINT('',#4483);
#1216=VERTEX_POINT('',#4486);
#1217=VERTEX_POINT('',#4487);
#1218=VERTEX_POINT('',#4489);
#1219=VERTEX_POINT('',#4491);
#1220=VERTEX_POINT('',#4493);
#1221=VERTEX_POINT('',#4495);
#1222=VERTEX_POINT('',#4498);
#1223=VERTEX_POINT('',#4499);
#1224=VERTEX_POINT('',#4501);
#1225=VERTEX_POINT('',#4503);
#1226=VERTEX_POINT('',#4505);
#1227=VERTEX_POINT('',#4507);
#1228=VERTEX_POINT('',#4510);
#1229=VERTEX_POINT('',#4511);
#1230=VERTEX_POINT('',#4513);
#1231=VERTEX_POINT('',#4515);
#1232=VERTEX_POINT('',#4517);
#1233=VERTEX_POINT('',#4519);
#1234=VERTEX_POINT('',#4522);
#1235=VERTEX_POINT('',#4523);
#1236=VERTEX_POINT('',#4525);
#1237=VERTEX_POINT('',#4527);
#1238=VERTEX_POINT('',#4529);
#1239=VERTEX_POINT('',#4531);
#1240=VERTEX_POINT('',#4534);
#1241=VERTEX_POINT('',#4535);
#1242=VERTEX_POINT('',#4537);
#1243=VERTEX_POINT('',#4539);
#1244=VERTEX_POINT('',#4541);
#1245=VERTEX_POINT('',#4543);
#1246=VERTEX_POINT('',#4546);
#1247=VERTEX_POINT('',#4547);
#1248=VERTEX_POINT('',#4549);
#1249=VERTEX_POINT('',#4551);
#1250=VERTEX_POINT('',#4553);
#1251=VERTEX_POINT('',#4555);
#1252=VERTEX_POINT('',#4558);
#1253=VERTEX_POINT('',#4559);
#1254=VERTEX_POINT('',#4561);
#1255=VERTEX_POINT('',#4563);
#1256=VERTEX_POINT('',#4565);
#1257=VERTEX_POINT('',#4567);
#1258=VERTEX_POINT('',#4672);
#1259=VERTEX_POINT('',#4676);
#1260=EDGE_CURVE('',#1016,#1017,#928,.T.);
#1261=EDGE_CURVE('',#1017,#1018,#400,.T.);
#1262=EDGE_CURVE('',#1018,#1019,#929,.T.);
#1263=EDGE_CURVE('',#1019,#1016,#401,.T.);
#1264=EDGE_CURVE('',#1020,#1017,#930,.T.);
#1265=EDGE_CURVE('',#1020,#1021,#402,.T.);
#1266=EDGE_CURVE('',#1018,#1021,#931,.T.);
#1267=EDGE_CURVE('',#1022,#1023,#932,.T.);
#1268=EDGE_CURVE('',#1023,#1024,#403,.T.);
#1269=EDGE_CURVE('',#1024,#1025,#933,.T.);
#1270=EDGE_CURVE('',#1025,#1022,#404,.T.);
#1271=EDGE_CURVE('',#1026,#1023,#934,.T.);
#1272=EDGE_CURVE('',#1027,#1026,#405,.T.);
#1273=EDGE_CURVE('',#1024,#1027,#935,.T.);
#1274=EDGE_CURVE('',#1028,#1022,#406,.T.);
#1275=EDGE_CURVE('',#1029,#1028,#407,.T.);
#1276=EDGE_CURVE('',#1019,#1029,#408,.T.);
#1277=EDGE_CURVE('',#1021,#1026,#409,.T.);
#1278=EDGE_CURVE('',#1030,#1031,#936,.T.);
#1279=EDGE_CURVE('',#1031,#1032,#410,.T.);
#1280=EDGE_CURVE('',#1032,#1033,#937,.T.);
#1281=EDGE_CURVE('',#1033,#1030,#411,.T.);
#1282=EDGE_CURVE('',#1034,#1035,#412,.T.);
#1283=EDGE_CURVE('',#1034,#1030,#413,.T.);
#1284=EDGE_CURVE('',#1035,#1033,#414,.T.);
#1285=EDGE_CURVE('',#1035,#1036,#938,.T.);
#1286=EDGE_CURVE('',#1036,#1032,#415,.T.);
#1287=EDGE_CURVE('',#1036,#1037,#416,.T.);
#1288=EDGE_CURVE('',#1037,#1031,#417,.T.);
#1289=EDGE_CURVE('',#1037,#1034,#939,.T.);
#1290=EDGE_CURVE('',#1027,#1020,#418,.T.);
#1291=EDGE_CURVE('',#1025,#1038,#419,.T.);
#1292=EDGE_CURVE('',#1039,#1016,#420,.T.);
#1293=EDGE_CURVE('',#1038,#1039,#421,.T.);
#1294=EDGE_CURVE('',#1040,#1029,#422,.T.);
#1295=EDGE_CURVE('',#1041,#1040,#423,.T.);
#1296=EDGE_CURVE('',#1042,#1041,#424,.T.);
#1297=EDGE_CURVE('',#1043,#1042,#425,.T.);
#1298=EDGE_CURVE('',#1044,#1043,#426,.T.);
#1299=EDGE_CURVE('',#1045,#1044,#427,.T.);
#1300=EDGE_CURVE('',#1046,#1045,#428,.T.);
#1301=EDGE_CURVE('',#1047,#1046,#429,.T.);
#1302=EDGE_CURVE('',#1048,#1047,#430,.T.);
#1303=EDGE_CURVE('',#1049,#1048,#431,.T.);
#1304=EDGE_CURVE('',#1050,#1049,#432,.T.);
#1305=EDGE_CURVE('',#1051,#1050,#433,.T.);
#1306=EDGE_CURVE('',#1052,#1051,#434,.T.);
#1307=EDGE_CURVE('',#1053,#1052,#435,.T.);
#1308=EDGE_CURVE('',#1054,#1053,#436,.T.);
#1309=EDGE_CURVE('',#1055,#1054,#437,.T.);
#1310=EDGE_CURVE('',#1055,#1056,#438,.T.);
#1311=EDGE_CURVE('',#1056,#1057,#940,.T.);
#1312=EDGE_CURVE('',#1057,#1058,#439,.T.);
#1313=EDGE_CURVE('',#1058,#1059,#941,.T.);
#1314=EDGE_CURVE('',#1060,#1059,#440,.T.);
#1315=EDGE_CURVE('',#1060,#1061,#441,.T.);
#1316=EDGE_CURVE('',#1061,#1062,#442,.T.);
#1317=EDGE_CURVE('',#1062,#1063,#942,.T.);
#1318=EDGE_CURVE('',#1063,#1064,#443,.T.);
#1319=EDGE_CURVE('',#1064,#1065,#943,.T.);
#1320=EDGE_CURVE('',#1039,#1065,#444,.T.);
#1321=EDGE_CURVE('',#1066,#1067,#445,.T.);
#1322=EDGE_CURVE('',#1068,#1067,#944,.T.);
#1323=EDGE_CURVE('',#1069,#1068,#446,.T.);
#1324=EDGE_CURVE('',#1070,#1069,#945,.T.);
#1325=EDGE_CURVE('',#1071,#1070,#447,.T.);
#1326=EDGE_CURVE('',#1071,#1066,#448,.T.);
#1327=EDGE_CURVE('',#1072,#1073,#449,.T.);
#1328=EDGE_CURVE('',#1073,#1074,#946,.T.);
#1329=EDGE_CURVE('',#1074,#1075,#450,.T.);
#1330=EDGE_CURVE('',#1075,#1072,#947,.T.);
#1331=EDGE_CURVE('',#1076,#1077,#451,.T.);
#1332=EDGE_CURVE('',#1077,#1078,#948,.T.);
#1333=EDGE_CURVE('',#1078,#1079,#452,.T.);
#1334=EDGE_CURVE('',#1079,#1076,#949,.T.);
#1335=EDGE_CURVE('',#1028,#1080,#453,.T.);
#1336=EDGE_CURVE('',#1040,#1080,#454,.T.);
#1337=EDGE_CURVE('',#1065,#1081,#455,.T.);
#1338=EDGE_CURVE('',#1081,#1038,#456,.T.);
#1339=EDGE_CURVE('',#1054,#1082,#457,.T.);
#1340=EDGE_CURVE('',#1082,#1083,#458,.T.);
#1341=EDGE_CURVE('',#1083,#1055,#459,.T.);
#1342=EDGE_CURVE('',#1084,#1082,#460,.T.);
#1343=EDGE_CURVE('',#1084,#1085,#461,.T.);
#1344=EDGE_CURVE('',#1086,#1085,#462,.T.);
#1345=EDGE_CURVE('',#1086,#1087,#463,.T.);
#1346=EDGE_CURVE('',#1088,#1087,#464,.T.);
#1347=EDGE_CURVE('',#1088,#1089,#465,.T.);
#1348=EDGE_CURVE('',#1090,#1089,#466,.T.);
#1349=EDGE_CURVE('',#1090,#1091,#467,.T.);
#1350=EDGE_CURVE('',#1092,#1091,#468,.T.);
#1351=EDGE_CURVE('',#1080,#1092,#469,.T.);
#1352=EDGE_CURVE('',#1093,#1080,#470,.T.);
#1353=EDGE_CURVE('',#1094,#1093,#471,.T.);
#1354=EDGE_CURVE('',#1083,#1094,#472,.T.);
#1355=EDGE_CURVE('',#1092,#1041,#473,.T.);
#1356=EDGE_CURVE('',#1095,#1096,#15,.F.);
#1357=EDGE_CURVE('',#1096,#1097,#16,.T.);
#1358=EDGE_CURVE('',#1097,#1098,#17,.F.);
#1359=EDGE_CURVE('',#1098,#1095,#18,.T.);
#1360=EDGE_CURVE('',#1096,#1099,#19,.T.);
#1361=EDGE_CURVE('',#1100,#1099,#20,.T.);
#1362=EDGE_CURVE('',#1100,#1101,#474,.T.);
#1363=EDGE_CURVE('',#1102,#1101,#21,.T.);
#1364=EDGE_CURVE('',#1097,#1102,#22,.T.);
#1365=EDGE_CURVE('',#1103,#1104,#23,.F.);
#1366=EDGE_CURVE('',#1104,#1105,#24,.T.);
#1367=EDGE_CURVE('',#1105,#1106,#25,.F.);
#1368=EDGE_CURVE('',#1106,#1103,#26,.T.);
#1369=EDGE_CURVE('',#1105,#1107,#27,.T.);
#1370=EDGE_CURVE('',#1108,#1104,#28,.T.);
#1371=EDGE_CURVE('',#1109,#1108,#29,.T.);
#1372=EDGE_CURVE('',#1109,#1110,#475,.T.);
#1373=EDGE_CURVE('',#1107,#1110,#30,.T.);
#1374=EDGE_CURVE('',#1111,#1100,#31,.F.);
#1375=EDGE_CURVE('',#1095,#1112,#32,.F.);
#1376=EDGE_CURVE('',#1112,#1111,#33,.T.);
#1377=EDGE_CURVE('',#1111,#1087,#476,.T.);
#1378=EDGE_CURVE('',#1112,#1113,#477,.T.);
#1379=EDGE_CURVE('',#1114,#1113,#34,.T.);
#1380=EDGE_CURVE('',#1088,#1114,#478,.T.);
#1381=EDGE_CURVE('',#1114,#1110,#35,.T.);
#1382=EDGE_CURVE('',#1106,#1113,#36,.T.);
#1383=EDGE_CURVE('',#1115,#1116,#37,.T.);
#1384=EDGE_CURVE('',#1116,#1117,#38,.T.);
#1385=EDGE_CURVE('',#1117,#1102,#39,.F.);
#1386=EDGE_CURVE('',#1101,#1115,#40,.F.);
#1387=EDGE_CURVE('',#1109,#1115,#41,.T.);
#1388=EDGE_CURVE('',#1118,#1108,#42,.T.);
#1389=EDGE_CURVE('',#1118,#1116,#43,.T.);
#1390=EDGE_CURVE('',#1117,#1118,#479,.T.);
#1391=EDGE_CURVE('',#1119,#1120,#950,.T.);
#1392=EDGE_CURVE('',#1120,#1121,#480,.T.);
#1393=EDGE_CURVE('',#1121,#1122,#951,.T.);
#1394=EDGE_CURVE('',#1122,#1119,#481,.T.);
#1395=EDGE_CURVE('',#1054,#1122,#482,.T.);
#1396=EDGE_CURVE('',#1053,#1123,#483,.T.);
#1397=EDGE_CURVE('',#1124,#1123,#952,.T.);
#1398=EDGE_CURVE('',#1124,#1052,#484,.T.);
#1399=EDGE_CURVE('',#1051,#1125,#485,.T.);
#1400=EDGE_CURVE('',#1126,#1125,#953,.T.);
#1401=EDGE_CURVE('',#1126,#1127,#486,.T.);
#1402=EDGE_CURVE('',#1128,#1127,#954,.T.);
#1403=EDGE_CURVE('',#1128,#1050,#487,.T.);
#1404=EDGE_CURVE('',#1049,#1129,#488,.T.);
#1405=EDGE_CURVE('',#1130,#1129,#955,.T.);
#1406=EDGE_CURVE('',#1130,#1048,#489,.T.);
#1407=EDGE_CURVE('',#1047,#1131,#490,.T.);
#1408=EDGE_CURVE('',#1132,#1131,#956,.T.);
#1409=EDGE_CURVE('',#1132,#1046,#491,.T.);
#1410=EDGE_CURVE('',#1045,#1133,#492,.T.);
#1411=EDGE_CURVE('',#1134,#1133,#957,.T.);
#1412=EDGE_CURVE('',#1134,#1135,#493,.T.);
#1413=EDGE_CURVE('',#1136,#1135,#958,.T.);
#1414=EDGE_CURVE('',#1136,#1044,#494,.T.);
#1415=EDGE_CURVE('',#1043,#1137,#495,.T.);
#1416=EDGE_CURVE('',#1138,#1137,#959,.T.);
#1417=EDGE_CURVE('',#1138,#1042,#496,.T.);
#1418=EDGE_CURVE('',#1119,#1041,#497,.T.);
#1419=EDGE_CURVE('',#1139,#1121,#498,.T.);
#1420=EDGE_CURVE('',#1140,#1139,#960,.T.);
#1421=EDGE_CURVE('',#1141,#1140,#499,.T.);
#1422=EDGE_CURVE('',#1142,#1141,#500,.T.);
#1423=EDGE_CURVE('',#1143,#1142,#501,.T.);
#1424=EDGE_CURVE('',#1144,#1143,#502,.T.);
#1425=EDGE_CURVE('',#1144,#1145,#503,.T.);
#1426=EDGE_CURVE('',#1146,#1145,#504,.T.);
#1427=EDGE_CURVE('',#1146,#1082,#505,.T.);
#1428=EDGE_CURVE('',#1147,#1148,#961,.T.);
#1429=EDGE_CURVE('',#1148,#1140,#506,.T.);
#1430=EDGE_CURVE('',#1139,#1147,#507,.T.);
#1431=EDGE_CURVE('',#1149,#1148,#508,.T.);
#1432=EDGE_CURVE('',#1141,#1149,#509,.T.);
#1433=EDGE_CURVE('',#1067,#1150,#510,.T.);
#1434=EDGE_CURVE('',#1150,#1151,#962,.T.);
#1435=EDGE_CURVE('',#1151,#1068,#511,.T.);
#1436=EDGE_CURVE('',#1093,#1066,#512,.T.);
#1437=EDGE_CURVE('',#1150,#1093,#513,.T.);
#1438=EDGE_CURVE('',#1069,#1152,#514,.T.);
#1439=EDGE_CURVE('',#1152,#1153,#963,.T.);
#1440=EDGE_CURVE('',#1153,#1070,#515,.T.);
#1441=EDGE_CURVE('',#1152,#1098,#516,.T.);
#1442=EDGE_CURVE('',#1103,#1151,#517,.T.);
#1443=EDGE_CURVE('',#1154,#1155,#518,.T.);
#1444=EDGE_CURVE('',#1154,#1077,#519,.T.);
#1445=EDGE_CURVE('',#1155,#1076,#520,.T.);
#1446=EDGE_CURVE('',#1156,#1154,#964,.T.);
#1447=EDGE_CURVE('',#1156,#1078,#521,.T.);
#1448=EDGE_CURVE('',#1157,#1156,#522,.T.);
#1449=EDGE_CURVE('',#1157,#1079,#523,.T.);
#1450=EDGE_CURVE('',#1155,#1157,#965,.T.);
#1451=EDGE_CURVE('',#1081,#1158,#966,.T.);
#1452=EDGE_CURVE('',#1064,#1158,#524,.T.);
#1453=EDGE_CURVE('',#1159,#1160,#967,.T.);
#1454=EDGE_CURVE('',#1063,#1159,#525,.T.);
#1455=EDGE_CURVE('',#1062,#1160,#526,.T.);
#1456=EDGE_CURVE('',#1161,#1061,#527,.T.);
#1457=EDGE_CURVE('',#1160,#1161,#528,.T.);
#1458=EDGE_CURVE('',#1159,#1158,#529,.T.);
#1459=EDGE_CURVE('',#1071,#1094,#530,.T.);
#1460=EDGE_CURVE('',#1162,#1117,#531,.T.);
#1461=EDGE_CURVE('',#1163,#1162,#532,.T.);
#1462=EDGE_CURVE('',#1163,#1164,#968,.T.);
#1463=EDGE_CURVE('',#1165,#1164,#533,.T.);
#1464=EDGE_CURVE('',#1165,#1166,#969,.T.);
#1465=EDGE_CURVE('',#1166,#1083,#534,.T.);
#1466=EDGE_CURVE('',#1153,#1094,#535,.T.);
#1467=EDGE_CURVE('',#1167,#1168,#536,.T.);
#1468=EDGE_CURVE('',#1168,#1169,#970,.T.);
#1469=EDGE_CURVE('',#1169,#1170,#537,.T.);
#1470=EDGE_CURVE('',#1170,#1167,#971,.T.);
#1471=EDGE_CURVE('',#1118,#1161,#538,.T.);
#1472=EDGE_CURVE('',#1059,#1163,#539,.T.);
#1473=EDGE_CURVE('',#1058,#1164,#540,.T.);
#1474=EDGE_CURVE('',#1057,#1165,#541,.T.);
#1475=EDGE_CURVE('',#1056,#1166,#542,.T.);
#1476=EDGE_CURVE('',#1167,#1073,#543,.T.);
#1477=EDGE_CURVE('',#1168,#1072,#544,.T.);
#1478=EDGE_CURVE('',#1170,#1074,#545,.T.);
#1479=EDGE_CURVE('',#1169,#1075,#546,.T.);
#1480=EDGE_CURVE('',#1162,#1060,#547,.T.);
#1481=EDGE_CURVE('',#1050,#1171,#548,.T.);
#1482=EDGE_CURVE('',#1172,#1171,#972,.T.);
#1483=EDGE_CURVE('',#1172,#1051,#549,.T.);
#1484=EDGE_CURVE('',#1044,#1173,#550,.T.);
#1485=EDGE_CURVE('',#1174,#1173,#973,.T.);
#1486=EDGE_CURVE('',#1174,#1045,#551,.T.);
#1487=EDGE_CURVE('',#1084,#1053,#552,.T.);
#1488=EDGE_CURVE('',#1052,#1085,#553,.T.);
#1489=EDGE_CURVE('',#1088,#1047,#554,.T.);
#1490=EDGE_CURVE('',#1046,#1089,#555,.T.);
#1491=EDGE_CURVE('',#1042,#1091,#556,.T.);
#1492=EDGE_CURVE('',#1090,#1043,#557,.T.);
#1493=EDGE_CURVE('',#1048,#1087,#558,.T.);
#1494=EDGE_CURVE('',#1086,#1049,#559,.T.);
#1495=EDGE_CURVE('',#1101,#1175,#560,.T.);
#1496=EDGE_CURVE('',#1176,#1175,#974,.T.);
#1497=EDGE_CURVE('',#1176,#1177,#561,.T.);
#1498=EDGE_CURVE('',#1178,#1177,#975,.T.);
#1499=EDGE_CURVE('',#1178,#1086,#562,.T.);
#1500=EDGE_CURVE('',#1085,#1179,#563,.T.);
#1501=EDGE_CURVE('',#1180,#1179,#976,.T.);
#1502=EDGE_CURVE('',#1180,#1181,#564,.T.);
#1503=EDGE_CURVE('',#1182,#1181,#977,.T.);
#1504=EDGE_CURVE('',#1182,#1084,#565,.T.);
#1505=EDGE_CURVE('',#1183,#1146,#978,.T.);
#1506=EDGE_CURVE('',#1183,#1184,#566,.T.);
#1507=EDGE_CURVE('',#1185,#1184,#979,.T.);
#1508=EDGE_CURVE('',#1092,#1185,#567,.T.);
#1509=EDGE_CURVE('',#1091,#1186,#568,.T.);
#1510=EDGE_CURVE('',#1187,#1186,#980,.T.);
#1511=EDGE_CURVE('',#1187,#1188,#569,.T.);
#1512=EDGE_CURVE('',#1189,#1188,#981,.T.);
#1513=EDGE_CURVE('',#1189,#1090,#570,.T.);
#1514=EDGE_CURVE('',#1089,#1190,#571,.T.);
#1515=EDGE_CURVE('',#1191,#1190,#982,.T.);
#1516=EDGE_CURVE('',#1191,#1192,#572,.T.);
#1517=EDGE_CURVE('',#1193,#1192,#983,.T.);
#1518=EDGE_CURVE('',#1193,#1109,#573,.T.);
#1519=EDGE_CURVE('',#1194,#1195,#574,.T.);
#1520=EDGE_CURVE('',#1196,#1195,#984,.T.);
#1521=EDGE_CURVE('',#1196,#1197,#575,.T.);
#1522=EDGE_CURVE('',#1198,#1197,#985,.T.);
#1523=EDGE_CURVE('',#1198,#1199,#576,.T.);
#1524=EDGE_CURVE('',#1194,#1199,#986,.T.);
#1525=EDGE_CURVE('',#1200,#1201,#577,.T.);
#1526=EDGE_CURVE('',#1202,#1201,#987,.T.);
#1527=EDGE_CURVE('',#1202,#1203,#578,.T.);
#1528=EDGE_CURVE('',#1204,#1203,#988,.T.);
#1529=EDGE_CURVE('',#1204,#1205,#579,.T.);
#1530=EDGE_CURVE('',#1200,#1205,#989,.T.);
#1531=EDGE_CURVE('',#1206,#1207,#990,.T.);
#1532=EDGE_CURVE('',#1207,#1185,#580,.T.);
#1533=EDGE_CURVE('',#1184,#1206,#581,.T.);
#1534=EDGE_CURVE('',#1208,#1206,#582,.T.);
#1535=EDGE_CURVE('',#1145,#1208,#991,.T.);
#1536=EDGE_CURVE('',#1144,#1209,#583,.T.);
#1537=EDGE_CURVE('',#1207,#1209,#584,.T.);
#1538=EDGE_CURVE('',#1210,#1211,#585,.T.);
#1539=EDGE_CURVE('',#1212,#1211,#992,.T.);
#1540=EDGE_CURVE('',#1212,#1213,#586,.T.);
#1541=EDGE_CURVE('',#1214,#1213,#993,.T.);
#1542=EDGE_CURVE('',#1214,#1215,#587,.T.);
#1543=EDGE_CURVE('',#1210,#1215,#994,.T.);
#1544=EDGE_CURVE('',#1216,#1217,#588,.T.);
#1545=EDGE_CURVE('',#1218,#1217,#995,.T.);
#1546=EDGE_CURVE('',#1218,#1219,#589,.T.);
#1547=EDGE_CURVE('',#1220,#1219,#996,.T.);
#1548=EDGE_CURVE('',#1220,#1221,#590,.T.);
#1549=EDGE_CURVE('',#1216,#1221,#997,.T.);
#1550=EDGE_CURVE('',#1222,#1223,#591,.T.);
#1551=EDGE_CURVE('',#1224,#1223,#998,.T.);
#1552=EDGE_CURVE('',#1224,#1225,#592,.T.);
#1553=EDGE_CURVE('',#1226,#1225,#999,.T.);
#1554=EDGE_CURVE('',#1226,#1227,#593,.T.);
#1555=EDGE_CURVE('',#1222,#1227,#1000,.T.);
#1556=EDGE_CURVE('',#1228,#1229,#594,.T.);
#1557=EDGE_CURVE('',#1230,#1229,#1001,.T.);
#1558=EDGE_CURVE('',#1230,#1231,#595,.T.);
#1559=EDGE_CURVE('',#1232,#1231,#1002,.T.);
#1560=EDGE_CURVE('',#1232,#1233,#596,.T.);
#1561=EDGE_CURVE('',#1228,#1233,#1003,.T.);
#1562=EDGE_CURVE('',#1234,#1235,#597,.T.);
#1563=EDGE_CURVE('',#1236,#1235,#1004,.T.);
#1564=EDGE_CURVE('',#1236,#1237,#598,.T.);
#1565=EDGE_CURVE('',#1238,#1237,#1005,.T.);
#1566=EDGE_CURVE('',#1238,#1239,#599,.T.);
#1567=EDGE_CURVE('',#1234,#1239,#1006,.T.);
#1568=EDGE_CURVE('',#1240,#1241,#600,.T.);
#1569=EDGE_CURVE('',#1242,#1241,#1007,.T.);
#1570=EDGE_CURVE('',#1242,#1243,#601,.T.);
#1571=EDGE_CURVE('',#1244,#1243,#1008,.T.);
#1572=EDGE_CURVE('',#1244,#1245,#602,.T.);
#1573=EDGE_CURVE('',#1240,#1245,#1009,.T.);
#1574=EDGE_CURVE('',#1246,#1247,#603,.T.);
#1575=EDGE_CURVE('',#1248,#1247,#1010,.T.);
#1576=EDGE_CURVE('',#1248,#1249,#604,.T.);
#1577=EDGE_CURVE('',#1250,#1249,#1011,.T.);
#1578=EDGE_CURVE('',#1250,#1251,#605,.T.);
#1579=EDGE_CURVE('',#1246,#1251,#1012,.T.);
#1580=EDGE_CURVE('',#1252,#1253,#606,.T.);
#1581=EDGE_CURVE('',#1254,#1253,#1013,.T.);
#1582=EDGE_CURVE('',#1254,#1255,#607,.T.);
#1583=EDGE_CURVE('',#1256,#1255,#1014,.T.);
#1584=EDGE_CURVE('',#1256,#1257,#608,.T.);
#1585=EDGE_CURVE('',#1252,#1257,#1015,.T.);
#1586=EDGE_CURVE('',#1208,#1183,#609,.T.);
#1587=EDGE_CURVE('',#1233,#1180,#610,.T.);
#1588=EDGE_CURVE('',#1179,#1228,#611,.T.);
#1589=EDGE_CURVE('',#1181,#1232,#612,.T.);
#1590=EDGE_CURVE('',#1251,#1191,#613,.T.);
#1591=EDGE_CURVE('',#1190,#1246,#614,.T.);
#1592=EDGE_CURVE('',#1192,#1250,#615,.T.);
#1593=EDGE_CURVE('',#1219,#1204,#616,.T.);
#1594=EDGE_CURVE('',#1203,#1220,#617,.T.);
#1595=EDGE_CURVE('',#1205,#1218,#618,.T.);
#1596=EDGE_CURVE('',#1243,#1198,#619,.T.);
#1597=EDGE_CURVE('',#1197,#1244,#620,.T.);
#1598=EDGE_CURVE('',#1199,#1242,#621,.T.);
#1599=EDGE_CURVE('',#1213,#1178,#622,.T.);
#1600=EDGE_CURVE('',#1177,#1214,#623,.T.);
#1601=EDGE_CURVE('',#1129,#1212,#624,.T.);
#1602=EDGE_CURVE('',#1255,#1189,#625,.T.);
#1603=EDGE_CURVE('',#1188,#1256,#626,.T.);
#1604=EDGE_CURVE('',#1137,#1254,#627,.T.);
#1605=EDGE_CURVE('',#1239,#1174,#628,.T.);
#1606=EDGE_CURVE('',#1173,#1234,#629,.T.);
#1607=EDGE_CURVE('',#1133,#1238,#630,.T.);
#1608=EDGE_CURVE('',#1227,#1172,#631,.T.);
#1609=EDGE_CURVE('',#1171,#1222,#632,.T.);
#1610=EDGE_CURVE('',#1125,#1226,#633,.T.);
#1611=EDGE_CURVE('',#1253,#1138,#634,.T.);
#1612=EDGE_CURVE('',#1186,#1252,#635,.T.);
#1613=EDGE_CURVE('',#1237,#1134,#636,.T.);
#1614=EDGE_CURVE('',#1135,#1236,#637,.T.);
#1615=EDGE_CURVE('',#1235,#1136,#638,.T.);
#1616=EDGE_CURVE('',#1223,#1128,#639,.T.);
#1617=EDGE_CURVE('',#1127,#1224,#640,.T.);
#1618=EDGE_CURVE('',#1211,#1130,#641,.T.);
#1619=EDGE_CURVE('',#1175,#1210,#642,.T.);
#1620=EDGE_CURVE('',#1247,#1132,#643,.T.);
#1621=EDGE_CURVE('',#1131,#1248,#644,.T.);
#1622=EDGE_CURVE('',#1245,#1196,#645,.T.);
#1623=EDGE_CURVE('',#1195,#1240,#646,.T.);
#1624=EDGE_CURVE('',#1249,#1193,#647,.T.);
#1625=EDGE_CURVE('',#1257,#1187,#648,.T.);
#1626=EDGE_CURVE('',#1215,#1176,#649,.T.);
#1627=EDGE_CURVE('',#1241,#1194,#650,.T.);
#1628=EDGE_CURVE('',#1217,#1200,#651,.T.);
#1629=EDGE_CURVE('',#1201,#1216,#652,.T.);
#1630=EDGE_CURVE('',#1221,#1202,#653,.T.);
#1631=EDGE_CURVE('',#1231,#1182,#654,.T.);
#1632=EDGE_CURVE('',#1123,#1230,#655,.T.);
#1633=EDGE_CURVE('',#1229,#1124,#656,.T.);
#1634=EDGE_CURVE('',#1225,#1126,#657,.T.);
#1635=EDGE_CURVE('',#1147,#1120,#658,.T.);
#1636=EDGE_CURVE('',#1258,#1149,#659,.T.);
#1637=EDGE_CURVE('',#1142,#1258,#660,.T.);
#1638=EDGE_CURVE('',#1259,#1258,#661,.T.);
#1639=EDGE_CURVE('',#1143,#1259,#662,.T.);
#1640=EDGE_CURVE('',#1209,#1259,#663,.T.);
#1641=ORIENTED_EDGE('',*,*,#1260,.T.);
#1642=ORIENTED_EDGE('',*,*,#1261,.T.);
#1643=ORIENTED_EDGE('',*,*,#1262,.T.);
#1644=ORIENTED_EDGE('',*,*,#1263,.T.);
#1645=ORIENTED_EDGE('',*,*,#1261,.F.);
#1646=ORIENTED_EDGE('',*,*,#1264,.F.);
#1647=ORIENTED_EDGE('',*,*,#1265,.T.);
#1648=ORIENTED_EDGE('',*,*,#1266,.F.);
#1649=ORIENTED_EDGE('',*,*,#1267,.T.);
#1650=ORIENTED_EDGE('',*,*,#1268,.T.);
#1651=ORIENTED_EDGE('',*,*,#1269,.T.);
#1652=ORIENTED_EDGE('',*,*,#1270,.T.);
#1653=ORIENTED_EDGE('',*,*,#1268,.F.);
#1654=ORIENTED_EDGE('',*,*,#1271,.F.);
#1655=ORIENTED_EDGE('',*,*,#1272,.F.);
#1656=ORIENTED_EDGE('',*,*,#1273,.F.);
#1657=ORIENTED_EDGE('',*,*,#1274,.F.);
#1658=ORIENTED_EDGE('',*,*,#1275,.F.);
#1659=ORIENTED_EDGE('',*,*,#1276,.F.);
#1660=ORIENTED_EDGE('',*,*,#1262,.F.);
#1661=ORIENTED_EDGE('',*,*,#1266,.T.);
#1662=ORIENTED_EDGE('',*,*,#1277,.T.);
#1663=ORIENTED_EDGE('',*,*,#1271,.T.);
#1664=ORIENTED_EDGE('',*,*,#1267,.F.);
#1665=ORIENTED_EDGE('',*,*,#1278,.T.);
#1666=ORIENTED_EDGE('',*,*,#1279,.T.);
#1667=ORIENTED_EDGE('',*,*,#1280,.T.);
#1668=ORIENTED_EDGE('',*,*,#1281,.T.);
#1669=ORIENTED_EDGE('',*,*,#1282,.F.);
#1670=ORIENTED_EDGE('',*,*,#1283,.T.);
#1671=ORIENTED_EDGE('',*,*,#1281,.F.);
#1672=ORIENTED_EDGE('',*,*,#1284,.F.);
#1673=ORIENTED_EDGE('',*,*,#1285,.F.);
#1674=ORIENTED_EDGE('',*,*,#1284,.T.);
#1675=ORIENTED_EDGE('',*,*,#1280,.F.);
#1676=ORIENTED_EDGE('',*,*,#1286,.F.);
#1677=ORIENTED_EDGE('',*,*,#1287,.F.);
#1678=ORIENTED_EDGE('',*,*,#1286,.T.);
#1679=ORIENTED_EDGE('',*,*,#1279,.F.);
#1680=ORIENTED_EDGE('',*,*,#1288,.F.);
#1681=ORIENTED_EDGE('',*,*,#1289,.F.);
#1682=ORIENTED_EDGE('',*,*,#1288,.T.);
#1683=ORIENTED_EDGE('',*,*,#1278,.F.);
#1684=ORIENTED_EDGE('',*,*,#1283,.F.);
#1685=ORIENTED_EDGE('',*,*,#1290,.F.);
#1686=ORIENTED_EDGE('',*,*,#1272,.T.);
#1687=ORIENTED_EDGE('',*,*,#1277,.F.);
#1688=ORIENTED_EDGE('',*,*,#1265,.F.);
#1689=ORIENTED_EDGE('',*,*,#1291,.F.);
#1690=ORIENTED_EDGE('',*,*,#1269,.F.);
#1691=ORIENTED_EDGE('',*,*,#1273,.T.);
#1692=ORIENTED_EDGE('',*,*,#1290,.T.);
#1693=ORIENTED_EDGE('',*,*,#1264,.T.);
#1694=ORIENTED_EDGE('',*,*,#1260,.F.);
#1695=ORIENTED_EDGE('',*,*,#1292,.F.);
#1696=ORIENTED_EDGE('',*,*,#1293,.F.);
#1697=ORIENTED_EDGE('',*,*,#1289,.T.);
#1698=ORIENTED_EDGE('',*,*,#1282,.T.);
#1699=ORIENTED_EDGE('',*,*,#1285,.T.);
#1700=ORIENTED_EDGE('',*,*,#1287,.T.);
#1701=ORIENTED_EDGE('',*,*,#1276,.T.);
#1702=ORIENTED_EDGE('',*,*,#1294,.F.);
#1703=ORIENTED_EDGE('',*,*,#1295,.F.);
#1704=ORIENTED_EDGE('',*,*,#1296,.F.);
#1705=ORIENTED_EDGE('',*,*,#1297,.F.);
#1706=ORIENTED_EDGE('',*,*,#1298,.F.);
#1707=ORIENTED_EDGE('',*,*,#1299,.F.);
#1708=ORIENTED_EDGE('',*,*,#1300,.F.);
#1709=ORIENTED_EDGE('',*,*,#1301,.F.);
#1710=ORIENTED_EDGE('',*,*,#1302,.F.);
#1711=ORIENTED_EDGE('',*,*,#1303,.F.);
#1712=ORIENTED_EDGE('',*,*,#1304,.F.);
#1713=ORIENTED_EDGE('',*,*,#1305,.F.);
#1714=ORIENTED_EDGE('',*,*,#1306,.F.);
#1715=ORIENTED_EDGE('',*,*,#1307,.F.);
#1716=ORIENTED_EDGE('',*,*,#1308,.F.);
#1717=ORIENTED_EDGE('',*,*,#1309,.F.);
#1718=ORIENTED_EDGE('',*,*,#1310,.T.);
#1719=ORIENTED_EDGE('',*,*,#1311,.T.);
#1720=ORIENTED_EDGE('',*,*,#1312,.T.);
#1721=ORIENTED_EDGE('',*,*,#1313,.T.);
#1722=ORIENTED_EDGE('',*,*,#1314,.F.);
#1723=ORIENTED_EDGE('',*,*,#1315,.T.);
#1724=ORIENTED_EDGE('',*,*,#1316,.T.);
#1725=ORIENTED_EDGE('',*,*,#1317,.T.);
#1726=ORIENTED_EDGE('',*,*,#1318,.T.);
#1727=ORIENTED_EDGE('',*,*,#1319,.T.);
#1728=ORIENTED_EDGE('',*,*,#1320,.F.);
#1729=ORIENTED_EDGE('',*,*,#1292,.T.);
#1730=ORIENTED_EDGE('',*,*,#1263,.F.);
#1731=ORIENTED_EDGE('',*,*,#1321,.T.);
#1732=ORIENTED_EDGE('',*,*,#1322,.F.);
#1733=ORIENTED_EDGE('',*,*,#1323,.F.);
#1734=ORIENTED_EDGE('',*,*,#1324,.F.);
#1735=ORIENTED_EDGE('',*,*,#1325,.F.);
#1736=ORIENTED_EDGE('',*,*,#1326,.T.);
#1737=ORIENTED_EDGE('',*,*,#1327,.T.);
#1738=ORIENTED_EDGE('',*,*,#1328,.T.);
#1739=ORIENTED_EDGE('',*,*,#1329,.T.);
#1740=ORIENTED_EDGE('',*,*,#1330,.T.);
#1741=ORIENTED_EDGE('',*,*,#1331,.T.);
#1742=ORIENTED_EDGE('',*,*,#1332,.T.);
#1743=ORIENTED_EDGE('',*,*,#1333,.T.);
#1744=ORIENTED_EDGE('',*,*,#1334,.T.);
#1745=ORIENTED_EDGE('',*,*,#1275,.T.);
#1746=ORIENTED_EDGE('',*,*,#1335,.T.);
#1747=ORIENTED_EDGE('',*,*,#1336,.F.);
#1748=ORIENTED_EDGE('',*,*,#1294,.T.);
#1749=ORIENTED_EDGE('',*,*,#1293,.T.);
#1750=ORIENTED_EDGE('',*,*,#1320,.T.);
#1751=ORIENTED_EDGE('',*,*,#1337,.T.);
#1752=ORIENTED_EDGE('',*,*,#1338,.T.);
#1753=ORIENTED_EDGE('',*,*,#1309,.T.);
#1754=ORIENTED_EDGE('',*,*,#1339,.T.);
#1755=ORIENTED_EDGE('',*,*,#1340,.T.);
#1756=ORIENTED_EDGE('',*,*,#1341,.T.);
#1757=ORIENTED_EDGE('',*,*,#1340,.F.);
#1758=ORIENTED_EDGE('',*,*,#1342,.F.);
#1759=ORIENTED_EDGE('',*,*,#1343,.T.);
#1760=ORIENTED_EDGE('',*,*,#1344,.F.);
#1761=ORIENTED_EDGE('',*,*,#1345,.T.);
#1762=ORIENTED_EDGE('',*,*,#1346,.F.);
#1763=ORIENTED_EDGE('',*,*,#1347,.T.);
#1764=ORIENTED_EDGE('',*,*,#1348,.F.);
#1765=ORIENTED_EDGE('',*,*,#1349,.T.);
#1766=ORIENTED_EDGE('',*,*,#1350,.F.);
#1767=ORIENTED_EDGE('',*,*,#1351,.F.);
#1768=ORIENTED_EDGE('',*,*,#1352,.F.);
#1769=ORIENTED_EDGE('',*,*,#1353,.F.);
#1770=ORIENTED_EDGE('',*,*,#1354,.F.);
#1771=ORIENTED_EDGE('',*,*,#1351,.T.);
#1772=ORIENTED_EDGE('',*,*,#1355,.T.);
#1773=ORIENTED_EDGE('',*,*,#1295,.T.);
#1774=ORIENTED_EDGE('',*,*,#1336,.T.);
#1775=ORIENTED_EDGE('',*,*,#1356,.T.);
#1776=ORIENTED_EDGE('',*,*,#1357,.T.);
#1777=ORIENTED_EDGE('',*,*,#1358,.T.);
#1778=ORIENTED_EDGE('',*,*,#1359,.T.);
#1779=ORIENTED_EDGE('',*,*,#1357,.F.);
#1780=ORIENTED_EDGE('',*,*,#1360,.T.);
#1781=ORIENTED_EDGE('',*,*,#1361,.F.);
#1782=ORIENTED_EDGE('',*,*,#1362,.T.);
#1783=ORIENTED_EDGE('',*,*,#1363,.F.);
#1784=ORIENTED_EDGE('',*,*,#1364,.F.);
#1785=ORIENTED_EDGE('',*,*,#1365,.T.);
#1786=ORIENTED_EDGE('',*,*,#1366,.T.);
#1787=ORIENTED_EDGE('',*,*,#1367,.T.);
#1788=ORIENTED_EDGE('',*,*,#1368,.T.);
#1789=ORIENTED_EDGE('',*,*,#1369,.F.);
#1790=ORIENTED_EDGE('',*,*,#1366,.F.);
#1791=ORIENTED_EDGE('',*,*,#1370,.F.);
#1792=ORIENTED_EDGE('',*,*,#1371,.F.);
#1793=ORIENTED_EDGE('',*,*,#1372,.T.);
#1794=ORIENTED_EDGE('',*,*,#1373,.F.);
#1795=ORIENTED_EDGE('',*,*,#1374,.T.);
#1796=ORIENTED_EDGE('',*,*,#1361,.T.);
#1797=ORIENTED_EDGE('',*,*,#1360,.F.);
#1798=ORIENTED_EDGE('',*,*,#1356,.F.);
#1799=ORIENTED_EDGE('',*,*,#1375,.T.);
#1800=ORIENTED_EDGE('',*,*,#1376,.T.);
#1801=ORIENTED_EDGE('',*,*,#1377,.F.);
#1802=ORIENTED_EDGE('',*,*,#1376,.F.);
#1803=ORIENTED_EDGE('',*,*,#1378,.T.);
#1804=ORIENTED_EDGE('',*,*,#1379,.F.);
#1805=ORIENTED_EDGE('',*,*,#1380,.F.);
#1806=ORIENTED_EDGE('',*,*,#1346,.T.);
#1807=ORIENTED_EDGE('',*,*,#1381,.F.);
#1808=ORIENTED_EDGE('',*,*,#1379,.T.);
#1809=ORIENTED_EDGE('',*,*,#1382,.F.);
#1810=ORIENTED_EDGE('',*,*,#1367,.F.);
#1811=ORIENTED_EDGE('',*,*,#1369,.T.);
#1812=ORIENTED_EDGE('',*,*,#1373,.T.);
#1813=ORIENTED_EDGE('',*,*,#1383,.T.);
#1814=ORIENTED_EDGE('',*,*,#1384,.T.);
#1815=ORIENTED_EDGE('',*,*,#1385,.T.);
#1816=ORIENTED_EDGE('',*,*,#1363,.T.);
#1817=ORIENTED_EDGE('',*,*,#1386,.T.);
#1818=ORIENTED_EDGE('',*,*,#1383,.F.);
#1819=ORIENTED_EDGE('',*,*,#1387,.F.);
#1820=ORIENTED_EDGE('',*,*,#1371,.T.);
#1821=ORIENTED_EDGE('',*,*,#1388,.F.);
#1822=ORIENTED_EDGE('',*,*,#1389,.T.);
#1823=ORIENTED_EDGE('',*,*,#1384,.F.);
#1824=ORIENTED_EDGE('',*,*,#1389,.F.);
#1825=ORIENTED_EDGE('',*,*,#1390,.F.);
#1826=ORIENTED_EDGE('',*,*,#1391,.T.);
#1827=ORIENTED_EDGE('',*,*,#1392,.T.);
#1828=ORIENTED_EDGE('',*,*,#1393,.T.);
#1829=ORIENTED_EDGE('',*,*,#1394,.T.);
#1830=ORIENTED_EDGE('',*,*,#1394,.F.);
#1831=ORIENTED_EDGE('',*,*,#1395,.F.);
#1832=ORIENTED_EDGE('',*,*,#1308,.T.);
#1833=ORIENTED_EDGE('',*,*,#1396,.T.);
#1834=ORIENTED_EDGE('',*,*,#1397,.F.);
#1835=ORIENTED_EDGE('',*,*,#1398,.T.);
#1836=ORIENTED_EDGE('',*,*,#1306,.T.);
#1837=ORIENTED_EDGE('',*,*,#1399,.T.);
#1838=ORIENTED_EDGE('',*,*,#1400,.F.);
#1839=ORIENTED_EDGE('',*,*,#1401,.T.);
#1840=ORIENTED_EDGE('',*,*,#1402,.F.);
#1841=ORIENTED_EDGE('',*,*,#1403,.T.);
#1842=ORIENTED_EDGE('',*,*,#1304,.T.);
#1843=ORIENTED_EDGE('',*,*,#1404,.T.);
#1844=ORIENTED_EDGE('',*,*,#1405,.F.);
#1845=ORIENTED_EDGE('',*,*,#1406,.T.);
#1846=ORIENTED_EDGE('',*,*,#1302,.T.);
#1847=ORIENTED_EDGE('',*,*,#1407,.T.);
#1848=ORIENTED_EDGE('',*,*,#1408,.F.);
#1849=ORIENTED_EDGE('',*,*,#1409,.T.);
#1850=ORIENTED_EDGE('',*,*,#1300,.T.);
#1851=ORIENTED_EDGE('',*,*,#1410,.T.);
#1852=ORIENTED_EDGE('',*,*,#1411,.F.);
#1853=ORIENTED_EDGE('',*,*,#1412,.T.);
#1854=ORIENTED_EDGE('',*,*,#1413,.F.);
#1855=ORIENTED_EDGE('',*,*,#1414,.T.);
#1856=ORIENTED_EDGE('',*,*,#1298,.T.);
#1857=ORIENTED_EDGE('',*,*,#1415,.T.);
#1858=ORIENTED_EDGE('',*,*,#1416,.F.);
#1859=ORIENTED_EDGE('',*,*,#1417,.T.);
#1860=ORIENTED_EDGE('',*,*,#1296,.T.);
#1861=ORIENTED_EDGE('',*,*,#1418,.F.);
#1862=ORIENTED_EDGE('',*,*,#1339,.F.);
#1863=ORIENTED_EDGE('',*,*,#1395,.T.);
#1864=ORIENTED_EDGE('',*,*,#1393,.F.);
#1865=ORIENTED_EDGE('',*,*,#1419,.F.);
#1866=ORIENTED_EDGE('',*,*,#1420,.F.);
#1867=ORIENTED_EDGE('',*,*,#1421,.F.);
#1868=ORIENTED_EDGE('',*,*,#1422,.F.);
#1869=ORIENTED_EDGE('',*,*,#1423,.F.);
#1870=ORIENTED_EDGE('',*,*,#1424,.F.);
#1871=ORIENTED_EDGE('',*,*,#1425,.T.);
#1872=ORIENTED_EDGE('',*,*,#1426,.F.);
#1873=ORIENTED_EDGE('',*,*,#1427,.T.);
#1874=ORIENTED_EDGE('',*,*,#1428,.T.);
#1875=ORIENTED_EDGE('',*,*,#1429,.T.);
#1876=ORIENTED_EDGE('',*,*,#1420,.T.);
#1877=ORIENTED_EDGE('',*,*,#1430,.T.);
#1878=ORIENTED_EDGE('',*,*,#1429,.F.);
#1879=ORIENTED_EDGE('',*,*,#1431,.F.);
#1880=ORIENTED_EDGE('',*,*,#1432,.F.);
#1881=ORIENTED_EDGE('',*,*,#1421,.T.);
#1882=ORIENTED_EDGE('',*,*,#1322,.T.);
#1883=ORIENTED_EDGE('',*,*,#1433,.T.);
#1884=ORIENTED_EDGE('',*,*,#1434,.T.);
#1885=ORIENTED_EDGE('',*,*,#1435,.T.);
#1886=ORIENTED_EDGE('',*,*,#1433,.F.);
#1887=ORIENTED_EDGE('',*,*,#1321,.F.);
#1888=ORIENTED_EDGE('',*,*,#1436,.F.);
#1889=ORIENTED_EDGE('',*,*,#1437,.F.);
#1890=ORIENTED_EDGE('',*,*,#1324,.T.);
#1891=ORIENTED_EDGE('',*,*,#1438,.T.);
#1892=ORIENTED_EDGE('',*,*,#1439,.T.);
#1893=ORIENTED_EDGE('',*,*,#1440,.T.);
#1894=ORIENTED_EDGE('',*,*,#1441,.F.);
#1895=ORIENTED_EDGE('',*,*,#1438,.F.);
#1896=ORIENTED_EDGE('',*,*,#1323,.T.);
#1897=ORIENTED_EDGE('',*,*,#1435,.F.);
#1898=ORIENTED_EDGE('',*,*,#1442,.F.);
#1899=ORIENTED_EDGE('',*,*,#1368,.F.);
#1900=ORIENTED_EDGE('',*,*,#1382,.T.);
#1901=ORIENTED_EDGE('',*,*,#1378,.F.);
#1902=ORIENTED_EDGE('',*,*,#1375,.F.);
#1903=ORIENTED_EDGE('',*,*,#1359,.F.);
#1904=ORIENTED_EDGE('',*,*,#1443,.F.);
#1905=ORIENTED_EDGE('',*,*,#1444,.T.);
#1906=ORIENTED_EDGE('',*,*,#1331,.F.);
#1907=ORIENTED_EDGE('',*,*,#1445,.F.);
#1908=ORIENTED_EDGE('',*,*,#1446,.F.);
#1909=ORIENTED_EDGE('',*,*,#1447,.T.);
#1910=ORIENTED_EDGE('',*,*,#1332,.F.);
#1911=ORIENTED_EDGE('',*,*,#1444,.F.);
#1912=ORIENTED_EDGE('',*,*,#1448,.F.);
#1913=ORIENTED_EDGE('',*,*,#1449,.T.);
#1914=ORIENTED_EDGE('',*,*,#1333,.F.);
#1915=ORIENTED_EDGE('',*,*,#1447,.F.);
#1916=ORIENTED_EDGE('',*,*,#1450,.F.);
#1917=ORIENTED_EDGE('',*,*,#1445,.T.);
#1918=ORIENTED_EDGE('',*,*,#1334,.F.);
#1919=ORIENTED_EDGE('',*,*,#1449,.F.);
#1920=ORIENTED_EDGE('',*,*,#1451,.F.);
#1921=ORIENTED_EDGE('',*,*,#1337,.F.);
#1922=ORIENTED_EDGE('',*,*,#1319,.F.);
#1923=ORIENTED_EDGE('',*,*,#1452,.T.);
#1924=ORIENTED_EDGE('',*,*,#1453,.F.);
#1925=ORIENTED_EDGE('',*,*,#1454,.F.);
#1926=ORIENTED_EDGE('',*,*,#1317,.F.);
#1927=ORIENTED_EDGE('',*,*,#1455,.T.);
#1928=ORIENTED_EDGE('',*,*,#1455,.F.);
#1929=ORIENTED_EDGE('',*,*,#1316,.F.);
#1930=ORIENTED_EDGE('',*,*,#1456,.F.);
#1931=ORIENTED_EDGE('',*,*,#1457,.F.);
#1932=ORIENTED_EDGE('',*,*,#1452,.F.);
#1933=ORIENTED_EDGE('',*,*,#1318,.F.);
#1934=ORIENTED_EDGE('',*,*,#1454,.T.);
#1935=ORIENTED_EDGE('',*,*,#1458,.T.);
#1936=ORIENTED_EDGE('',*,*,#1436,.T.);
#1937=ORIENTED_EDGE('',*,*,#1326,.F.);
#1938=ORIENTED_EDGE('',*,*,#1459,.T.);
#1939=ORIENTED_EDGE('',*,*,#1353,.T.);
#1940=ORIENTED_EDGE('',*,*,#1364,.T.);
#1941=ORIENTED_EDGE('',*,*,#1385,.F.);
#1942=ORIENTED_EDGE('',*,*,#1460,.F.);
#1943=ORIENTED_EDGE('',*,*,#1461,.F.);
#1944=ORIENTED_EDGE('',*,*,#1462,.T.);
#1945=ORIENTED_EDGE('',*,*,#1463,.F.);
#1946=ORIENTED_EDGE('',*,*,#1464,.T.);
#1947=ORIENTED_EDGE('',*,*,#1465,.T.);
#1948=ORIENTED_EDGE('',*,*,#1354,.T.);
#1949=ORIENTED_EDGE('',*,*,#1466,.F.);
#1950=ORIENTED_EDGE('',*,*,#1439,.F.);
#1951=ORIENTED_EDGE('',*,*,#1441,.T.);
#1952=ORIENTED_EDGE('',*,*,#1358,.F.);
#1953=ORIENTED_EDGE('',*,*,#1467,.T.);
#1954=ORIENTED_EDGE('',*,*,#1468,.T.);
#1955=ORIENTED_EDGE('',*,*,#1469,.T.);
#1956=ORIENTED_EDGE('',*,*,#1470,.T.);
#1957=ORIENTED_EDGE('',*,*,#1291,.T.);
#1958=ORIENTED_EDGE('',*,*,#1338,.F.);
#1959=ORIENTED_EDGE('',*,*,#1451,.T.);
#1960=ORIENTED_EDGE('',*,*,#1458,.F.);
#1961=ORIENTED_EDGE('',*,*,#1453,.T.);
#1962=ORIENTED_EDGE('',*,*,#1457,.T.);
#1963=ORIENTED_EDGE('',*,*,#1471,.F.);
#1964=ORIENTED_EDGE('',*,*,#1388,.T.);
#1965=ORIENTED_EDGE('',*,*,#1370,.T.);
#1966=ORIENTED_EDGE('',*,*,#1365,.F.);
#1967=ORIENTED_EDGE('',*,*,#1442,.T.);
#1968=ORIENTED_EDGE('',*,*,#1434,.F.);
#1969=ORIENTED_EDGE('',*,*,#1437,.T.);
#1970=ORIENTED_EDGE('',*,*,#1352,.T.);
#1971=ORIENTED_EDGE('',*,*,#1335,.F.);
#1972=ORIENTED_EDGE('',*,*,#1274,.T.);
#1973=ORIENTED_EDGE('',*,*,#1270,.F.);
#1974=ORIENTED_EDGE('',*,*,#1443,.T.);
#1975=ORIENTED_EDGE('',*,*,#1450,.T.);
#1976=ORIENTED_EDGE('',*,*,#1448,.T.);
#1977=ORIENTED_EDGE('',*,*,#1446,.T.);
#1978=ORIENTED_EDGE('',*,*,#1462,.F.);
#1979=ORIENTED_EDGE('',*,*,#1472,.F.);
#1980=ORIENTED_EDGE('',*,*,#1313,.F.);
#1981=ORIENTED_EDGE('',*,*,#1473,.T.);
#1982=ORIENTED_EDGE('',*,*,#1464,.F.);
#1983=ORIENTED_EDGE('',*,*,#1474,.F.);
#1984=ORIENTED_EDGE('',*,*,#1311,.F.);
#1985=ORIENTED_EDGE('',*,*,#1475,.T.);
#1986=ORIENTED_EDGE('',*,*,#1467,.F.);
#1987=ORIENTED_EDGE('',*,*,#1476,.T.);
#1988=ORIENTED_EDGE('',*,*,#1327,.F.);
#1989=ORIENTED_EDGE('',*,*,#1477,.F.);
#1990=ORIENTED_EDGE('',*,*,#1470,.F.);
#1991=ORIENTED_EDGE('',*,*,#1478,.T.);
#1992=ORIENTED_EDGE('',*,*,#1328,.F.);
#1993=ORIENTED_EDGE('',*,*,#1476,.F.);
#1994=ORIENTED_EDGE('',*,*,#1469,.F.);
#1995=ORIENTED_EDGE('',*,*,#1479,.T.);
#1996=ORIENTED_EDGE('',*,*,#1329,.F.);
#1997=ORIENTED_EDGE('',*,*,#1478,.F.);
#1998=ORIENTED_EDGE('',*,*,#1468,.F.);
#1999=ORIENTED_EDGE('',*,*,#1477,.T.);
#2000=ORIENTED_EDGE('',*,*,#1330,.F.);
#2001=ORIENTED_EDGE('',*,*,#1479,.F.);
#2002=ORIENTED_EDGE('',*,*,#1472,.T.);
#2003=ORIENTED_EDGE('',*,*,#1461,.T.);
#2004=ORIENTED_EDGE('',*,*,#1480,.T.);
#2005=ORIENTED_EDGE('',*,*,#1314,.T.);
#2006=ORIENTED_EDGE('',*,*,#1475,.F.);
#2007=ORIENTED_EDGE('',*,*,#1310,.F.);
#2008=ORIENTED_EDGE('',*,*,#1341,.F.);
#2009=ORIENTED_EDGE('',*,*,#1465,.F.);
#2010=ORIENTED_EDGE('',*,*,#1473,.F.);
#2011=ORIENTED_EDGE('',*,*,#1312,.F.);
#2012=ORIENTED_EDGE('',*,*,#1474,.T.);
#2013=ORIENTED_EDGE('',*,*,#1463,.T.);
#2014=ORIENTED_EDGE('',*,*,#1456,.T.);
#2015=ORIENTED_EDGE('',*,*,#1315,.F.);
#2016=ORIENTED_EDGE('',*,*,#1480,.F.);
#2017=ORIENTED_EDGE('',*,*,#1460,.T.);
#2018=ORIENTED_EDGE('',*,*,#1390,.T.);
#2019=ORIENTED_EDGE('',*,*,#1471,.T.);
#2020=ORIENTED_EDGE('',*,*,#1440,.F.);
#2021=ORIENTED_EDGE('',*,*,#1466,.T.);
#2022=ORIENTED_EDGE('',*,*,#1459,.F.);
#2023=ORIENTED_EDGE('',*,*,#1325,.T.);
#2024=ORIENTED_EDGE('',*,*,#1481,.T.);
#2025=ORIENTED_EDGE('',*,*,#1482,.F.);
#2026=ORIENTED_EDGE('',*,*,#1483,.T.);
#2027=ORIENTED_EDGE('',*,*,#1305,.T.);
#2028=ORIENTED_EDGE('',*,*,#1484,.T.);
#2029=ORIENTED_EDGE('',*,*,#1485,.F.);
#2030=ORIENTED_EDGE('',*,*,#1486,.T.);
#2031=ORIENTED_EDGE('',*,*,#1299,.T.);
#2032=ORIENTED_EDGE('',*,*,#1487,.T.);
#2033=ORIENTED_EDGE('',*,*,#1307,.T.);
#2034=ORIENTED_EDGE('',*,*,#1488,.T.);
#2035=ORIENTED_EDGE('',*,*,#1343,.F.);
#2036=ORIENTED_EDGE('',*,*,#1489,.T.);
#2037=ORIENTED_EDGE('',*,*,#1301,.T.);
#2038=ORIENTED_EDGE('',*,*,#1490,.T.);
#2039=ORIENTED_EDGE('',*,*,#1347,.F.);
#2040=ORIENTED_EDGE('',*,*,#1491,.T.);
#2041=ORIENTED_EDGE('',*,*,#1349,.F.);
#2042=ORIENTED_EDGE('',*,*,#1492,.T.);
#2043=ORIENTED_EDGE('',*,*,#1297,.T.);
#2044=ORIENTED_EDGE('',*,*,#1493,.T.);
#2045=ORIENTED_EDGE('',*,*,#1345,.F.);
#2046=ORIENTED_EDGE('',*,*,#1494,.T.);
#2047=ORIENTED_EDGE('',*,*,#1303,.T.);
#2048=ORIENTED_EDGE('',*,*,#1495,.T.);
#2049=ORIENTED_EDGE('',*,*,#1496,.F.);
#2050=ORIENTED_EDGE('',*,*,#1497,.T.);
#2051=ORIENTED_EDGE('',*,*,#1498,.F.);
#2052=ORIENTED_EDGE('',*,*,#1499,.T.);
#2053=ORIENTED_EDGE('',*,*,#1344,.T.);
#2054=ORIENTED_EDGE('',*,*,#1500,.T.);
#2055=ORIENTED_EDGE('',*,*,#1501,.F.);
#2056=ORIENTED_EDGE('',*,*,#1502,.T.);
#2057=ORIENTED_EDGE('',*,*,#1503,.F.);
#2058=ORIENTED_EDGE('',*,*,#1504,.T.);
#2059=ORIENTED_EDGE('',*,*,#1342,.T.);
#2060=ORIENTED_EDGE('',*,*,#1427,.F.);
#2061=ORIENTED_EDGE('',*,*,#1505,.F.);
#2062=ORIENTED_EDGE('',*,*,#1506,.T.);
#2063=ORIENTED_EDGE('',*,*,#1507,.F.);
#2064=ORIENTED_EDGE('',*,*,#1508,.F.);
#2065=ORIENTED_EDGE('',*,*,#1350,.T.);
#2066=ORIENTED_EDGE('',*,*,#1509,.T.);
#2067=ORIENTED_EDGE('',*,*,#1510,.F.);
#2068=ORIENTED_EDGE('',*,*,#1511,.T.);
#2069=ORIENTED_EDGE('',*,*,#1512,.F.);
#2070=ORIENTED_EDGE('',*,*,#1513,.T.);
#2071=ORIENTED_EDGE('',*,*,#1348,.T.);
#2072=ORIENTED_EDGE('',*,*,#1514,.T.);
#2073=ORIENTED_EDGE('',*,*,#1515,.F.);
#2074=ORIENTED_EDGE('',*,*,#1516,.T.);
#2075=ORIENTED_EDGE('',*,*,#1517,.F.);
#2076=ORIENTED_EDGE('',*,*,#1518,.T.);
#2077=ORIENTED_EDGE('',*,*,#1387,.T.);
#2078=ORIENTED_EDGE('',*,*,#1386,.F.);
#2079=ORIENTED_EDGE('',*,*,#1519,.T.);
#2080=ORIENTED_EDGE('',*,*,#1520,.F.);
#2081=ORIENTED_EDGE('',*,*,#1521,.T.);
#2082=ORIENTED_EDGE('',*,*,#1522,.F.);
#2083=ORIENTED_EDGE('',*,*,#1523,.T.);
#2084=ORIENTED_EDGE('',*,*,#1524,.F.);
#2085=ORIENTED_EDGE('',*,*,#1525,.T.);
#2086=ORIENTED_EDGE('',*,*,#1526,.F.);
#2087=ORIENTED_EDGE('',*,*,#1527,.T.);
#2088=ORIENTED_EDGE('',*,*,#1528,.F.);
#2089=ORIENTED_EDGE('',*,*,#1529,.T.);
#2090=ORIENTED_EDGE('',*,*,#1530,.F.);
#2091=ORIENTED_EDGE('',*,*,#1531,.T.);
#2092=ORIENTED_EDGE('',*,*,#1532,.T.);
#2093=ORIENTED_EDGE('',*,*,#1507,.T.);
#2094=ORIENTED_EDGE('',*,*,#1533,.T.);
#2095=ORIENTED_EDGE('',*,*,#1531,.F.);
#2096=ORIENTED_EDGE('',*,*,#1534,.F.);
#2097=ORIENTED_EDGE('',*,*,#1535,.F.);
#2098=ORIENTED_EDGE('',*,*,#1425,.F.);
#2099=ORIENTED_EDGE('',*,*,#1536,.T.);
#2100=ORIENTED_EDGE('',*,*,#1537,.F.);
#2101=ORIENTED_EDGE('',*,*,#1538,.T.);
#2102=ORIENTED_EDGE('',*,*,#1539,.F.);
#2103=ORIENTED_EDGE('',*,*,#1540,.T.);
#2104=ORIENTED_EDGE('',*,*,#1541,.F.);
#2105=ORIENTED_EDGE('',*,*,#1542,.T.);
#2106=ORIENTED_EDGE('',*,*,#1543,.F.);
#2107=ORIENTED_EDGE('',*,*,#1544,.T.);
#2108=ORIENTED_EDGE('',*,*,#1545,.F.);
#2109=ORIENTED_EDGE('',*,*,#1546,.T.);
#2110=ORIENTED_EDGE('',*,*,#1547,.F.);
#2111=ORIENTED_EDGE('',*,*,#1548,.T.);
#2112=ORIENTED_EDGE('',*,*,#1549,.F.);
#2113=ORIENTED_EDGE('',*,*,#1550,.T.);
#2114=ORIENTED_EDGE('',*,*,#1551,.F.);
#2115=ORIENTED_EDGE('',*,*,#1552,.T.);
#2116=ORIENTED_EDGE('',*,*,#1553,.F.);
#2117=ORIENTED_EDGE('',*,*,#1554,.T.);
#2118=ORIENTED_EDGE('',*,*,#1555,.F.);
#2119=ORIENTED_EDGE('',*,*,#1556,.T.);
#2120=ORIENTED_EDGE('',*,*,#1557,.F.);
#2121=ORIENTED_EDGE('',*,*,#1558,.T.);
#2122=ORIENTED_EDGE('',*,*,#1559,.F.);
#2123=ORIENTED_EDGE('',*,*,#1560,.T.);
#2124=ORIENTED_EDGE('',*,*,#1561,.F.);
#2125=ORIENTED_EDGE('',*,*,#1562,.T.);
#2126=ORIENTED_EDGE('',*,*,#1563,.F.);
#2127=ORIENTED_EDGE('',*,*,#1564,.T.);
#2128=ORIENTED_EDGE('',*,*,#1565,.F.);
#2129=ORIENTED_EDGE('',*,*,#1566,.T.);
#2130=ORIENTED_EDGE('',*,*,#1567,.F.);
#2131=ORIENTED_EDGE('',*,*,#1568,.T.);
#2132=ORIENTED_EDGE('',*,*,#1569,.F.);
#2133=ORIENTED_EDGE('',*,*,#1570,.T.);
#2134=ORIENTED_EDGE('',*,*,#1571,.F.);
#2135=ORIENTED_EDGE('',*,*,#1572,.T.);
#2136=ORIENTED_EDGE('',*,*,#1573,.F.);
#2137=ORIENTED_EDGE('',*,*,#1574,.T.);
#2138=ORIENTED_EDGE('',*,*,#1575,.F.);
#2139=ORIENTED_EDGE('',*,*,#1576,.T.);
#2140=ORIENTED_EDGE('',*,*,#1577,.F.);
#2141=ORIENTED_EDGE('',*,*,#1578,.T.);
#2142=ORIENTED_EDGE('',*,*,#1579,.F.);
#2143=ORIENTED_EDGE('',*,*,#1580,.T.);
#2144=ORIENTED_EDGE('',*,*,#1581,.F.);
#2145=ORIENTED_EDGE('',*,*,#1582,.T.);
#2146=ORIENTED_EDGE('',*,*,#1583,.F.);
#2147=ORIENTED_EDGE('',*,*,#1584,.T.);
#2148=ORIENTED_EDGE('',*,*,#1585,.F.);
#2149=ORIENTED_EDGE('',*,*,#1533,.F.);
#2150=ORIENTED_EDGE('',*,*,#1506,.F.);
#2151=ORIENTED_EDGE('',*,*,#1586,.F.);
#2152=ORIENTED_EDGE('',*,*,#1534,.T.);
#2153=ORIENTED_EDGE('',*,*,#1505,.T.);
#2154=ORIENTED_EDGE('',*,*,#1426,.T.);
#2155=ORIENTED_EDGE('',*,*,#1535,.T.);
#2156=ORIENTED_EDGE('',*,*,#1586,.T.);
#2157=ORIENTED_EDGE('',*,*,#1561,.T.);
#2158=ORIENTED_EDGE('',*,*,#1587,.T.);
#2159=ORIENTED_EDGE('',*,*,#1501,.T.);
#2160=ORIENTED_EDGE('',*,*,#1588,.T.);
#2161=ORIENTED_EDGE('',*,*,#1587,.F.);
#2162=ORIENTED_EDGE('',*,*,#1560,.F.);
#2163=ORIENTED_EDGE('',*,*,#1589,.F.);
#2164=ORIENTED_EDGE('',*,*,#1502,.F.);
#2165=ORIENTED_EDGE('',*,*,#1579,.T.);
#2166=ORIENTED_EDGE('',*,*,#1590,.T.);
#2167=ORIENTED_EDGE('',*,*,#1515,.T.);
#2168=ORIENTED_EDGE('',*,*,#1591,.T.);
#2169=ORIENTED_EDGE('',*,*,#1590,.F.);
#2170=ORIENTED_EDGE('',*,*,#1578,.F.);
#2171=ORIENTED_EDGE('',*,*,#1592,.F.);
#2172=ORIENTED_EDGE('',*,*,#1516,.F.);
#2173=ORIENTED_EDGE('',*,*,#1547,.T.);
#2174=ORIENTED_EDGE('',*,*,#1593,.T.);
#2175=ORIENTED_EDGE('',*,*,#1528,.T.);
#2176=ORIENTED_EDGE('',*,*,#1594,.T.);
#2177=ORIENTED_EDGE('',*,*,#1593,.F.);
#2178=ORIENTED_EDGE('',*,*,#1546,.F.);
#2179=ORIENTED_EDGE('',*,*,#1595,.F.);
#2180=ORIENTED_EDGE('',*,*,#1529,.F.);
#2181=ORIENTED_EDGE('',*,*,#1571,.T.);
#2182=ORIENTED_EDGE('',*,*,#1596,.T.);
#2183=ORIENTED_EDGE('',*,*,#1522,.T.);
#2184=ORIENTED_EDGE('',*,*,#1597,.T.);
#2185=ORIENTED_EDGE('',*,*,#1596,.F.);
#2186=ORIENTED_EDGE('',*,*,#1570,.F.);
#2187=ORIENTED_EDGE('',*,*,#1598,.F.);
#2188=ORIENTED_EDGE('',*,*,#1523,.F.);
#2189=ORIENTED_EDGE('',*,*,#1541,.T.);
#2190=ORIENTED_EDGE('',*,*,#1599,.T.);
#2191=ORIENTED_EDGE('',*,*,#1498,.T.);
#2192=ORIENTED_EDGE('',*,*,#1600,.T.);
#2193=ORIENTED_EDGE('',*,*,#1599,.F.);
#2194=ORIENTED_EDGE('',*,*,#1540,.F.);
#2195=ORIENTED_EDGE('',*,*,#1601,.F.);
#2196=ORIENTED_EDGE('',*,*,#1404,.F.);
#2197=ORIENTED_EDGE('',*,*,#1494,.F.);
#2198=ORIENTED_EDGE('',*,*,#1499,.F.);
#2199=ORIENTED_EDGE('',*,*,#1583,.T.);
#2200=ORIENTED_EDGE('',*,*,#1602,.T.);
#2201=ORIENTED_EDGE('',*,*,#1512,.T.);
#2202=ORIENTED_EDGE('',*,*,#1603,.T.);
#2203=ORIENTED_EDGE('',*,*,#1602,.F.);
#2204=ORIENTED_EDGE('',*,*,#1582,.F.);
#2205=ORIENTED_EDGE('',*,*,#1604,.F.);
#2206=ORIENTED_EDGE('',*,*,#1415,.F.);
#2207=ORIENTED_EDGE('',*,*,#1492,.F.);
#2208=ORIENTED_EDGE('',*,*,#1513,.F.);
#2209=ORIENTED_EDGE('',*,*,#1567,.T.);
#2210=ORIENTED_EDGE('',*,*,#1605,.T.);
#2211=ORIENTED_EDGE('',*,*,#1485,.T.);
#2212=ORIENTED_EDGE('',*,*,#1606,.T.);
#2213=ORIENTED_EDGE('',*,*,#1605,.F.);
#2214=ORIENTED_EDGE('',*,*,#1566,.F.);
#2215=ORIENTED_EDGE('',*,*,#1607,.F.);
#2216=ORIENTED_EDGE('',*,*,#1410,.F.);
#2217=ORIENTED_EDGE('',*,*,#1486,.F.);
#2218=ORIENTED_EDGE('',*,*,#1555,.T.);
#2219=ORIENTED_EDGE('',*,*,#1608,.T.);
#2220=ORIENTED_EDGE('',*,*,#1482,.T.);
#2221=ORIENTED_EDGE('',*,*,#1609,.T.);
#2222=ORIENTED_EDGE('',*,*,#1608,.F.);
#2223=ORIENTED_EDGE('',*,*,#1554,.F.);
#2224=ORIENTED_EDGE('',*,*,#1610,.F.);
#2225=ORIENTED_EDGE('',*,*,#1399,.F.);
#2226=ORIENTED_EDGE('',*,*,#1483,.F.);
#2227=ORIENTED_EDGE('',*,*,#1581,.T.);
#2228=ORIENTED_EDGE('',*,*,#1611,.T.);
#2229=ORIENTED_EDGE('',*,*,#1416,.T.);
#2230=ORIENTED_EDGE('',*,*,#1604,.T.);
#2231=ORIENTED_EDGE('',*,*,#1611,.F.);
#2232=ORIENTED_EDGE('',*,*,#1580,.F.);
#2233=ORIENTED_EDGE('',*,*,#1612,.F.);
#2234=ORIENTED_EDGE('',*,*,#1509,.F.);
#2235=ORIENTED_EDGE('',*,*,#1491,.F.);
#2236=ORIENTED_EDGE('',*,*,#1417,.F.);
#2237=ORIENTED_EDGE('',*,*,#1565,.T.);
#2238=ORIENTED_EDGE('',*,*,#1613,.T.);
#2239=ORIENTED_EDGE('',*,*,#1411,.T.);
#2240=ORIENTED_EDGE('',*,*,#1607,.T.);
#2241=ORIENTED_EDGE('',*,*,#1613,.F.);
#2242=ORIENTED_EDGE('',*,*,#1564,.F.);
#2243=ORIENTED_EDGE('',*,*,#1614,.F.);
#2244=ORIENTED_EDGE('',*,*,#1412,.F.);
#2245=ORIENTED_EDGE('',*,*,#1563,.T.);
#2246=ORIENTED_EDGE('',*,*,#1615,.T.);
#2247=ORIENTED_EDGE('',*,*,#1413,.T.);
#2248=ORIENTED_EDGE('',*,*,#1614,.T.);
#2249=ORIENTED_EDGE('',*,*,#1606,.F.);
#2250=ORIENTED_EDGE('',*,*,#1484,.F.);
#2251=ORIENTED_EDGE('',*,*,#1414,.F.);
#2252=ORIENTED_EDGE('',*,*,#1615,.F.);
#2253=ORIENTED_EDGE('',*,*,#1562,.F.);
#2254=ORIENTED_EDGE('',*,*,#1551,.T.);
#2255=ORIENTED_EDGE('',*,*,#1616,.T.);
#2256=ORIENTED_EDGE('',*,*,#1402,.T.);
#2257=ORIENTED_EDGE('',*,*,#1617,.T.);
#2258=ORIENTED_EDGE('',*,*,#1609,.F.);
#2259=ORIENTED_EDGE('',*,*,#1481,.F.);
#2260=ORIENTED_EDGE('',*,*,#1403,.F.);
#2261=ORIENTED_EDGE('',*,*,#1616,.F.);
#2262=ORIENTED_EDGE('',*,*,#1550,.F.);
#2263=ORIENTED_EDGE('',*,*,#1539,.T.);
#2264=ORIENTED_EDGE('',*,*,#1618,.T.);
#2265=ORIENTED_EDGE('',*,*,#1405,.T.);
#2266=ORIENTED_EDGE('',*,*,#1601,.T.);
#2267=ORIENTED_EDGE('',*,*,#1618,.F.);
#2268=ORIENTED_EDGE('',*,*,#1538,.F.);
#2269=ORIENTED_EDGE('',*,*,#1619,.F.);
#2270=ORIENTED_EDGE('',*,*,#1495,.F.);
#2271=ORIENTED_EDGE('',*,*,#1362,.F.);
#2272=ORIENTED_EDGE('',*,*,#1374,.F.);
#2273=ORIENTED_EDGE('',*,*,#1377,.T.);
#2274=ORIENTED_EDGE('',*,*,#1493,.F.);
#2275=ORIENTED_EDGE('',*,*,#1406,.F.);
#2276=ORIENTED_EDGE('',*,*,#1575,.T.);
#2277=ORIENTED_EDGE('',*,*,#1620,.T.);
#2278=ORIENTED_EDGE('',*,*,#1408,.T.);
#2279=ORIENTED_EDGE('',*,*,#1621,.T.);
#2280=ORIENTED_EDGE('',*,*,#1591,.F.);
#2281=ORIENTED_EDGE('',*,*,#1514,.F.);
#2282=ORIENTED_EDGE('',*,*,#1490,.F.);
#2283=ORIENTED_EDGE('',*,*,#1409,.F.);
#2284=ORIENTED_EDGE('',*,*,#1620,.F.);
#2285=ORIENTED_EDGE('',*,*,#1574,.F.);
#2286=ORIENTED_EDGE('',*,*,#1573,.T.);
#2287=ORIENTED_EDGE('',*,*,#1622,.T.);
#2288=ORIENTED_EDGE('',*,*,#1520,.T.);
#2289=ORIENTED_EDGE('',*,*,#1623,.T.);
#2290=ORIENTED_EDGE('',*,*,#1597,.F.);
#2291=ORIENTED_EDGE('',*,*,#1521,.F.);
#2292=ORIENTED_EDGE('',*,*,#1622,.F.);
#2293=ORIENTED_EDGE('',*,*,#1572,.F.);
#2294=ORIENTED_EDGE('',*,*,#1577,.T.);
#2295=ORIENTED_EDGE('',*,*,#1624,.T.);
#2296=ORIENTED_EDGE('',*,*,#1517,.T.);
#2297=ORIENTED_EDGE('',*,*,#1592,.T.);
#2298=ORIENTED_EDGE('',*,*,#1621,.F.);
#2299=ORIENTED_EDGE('',*,*,#1407,.F.);
#2300=ORIENTED_EDGE('',*,*,#1489,.F.);
#2301=ORIENTED_EDGE('',*,*,#1380,.T.);
#2302=ORIENTED_EDGE('',*,*,#1381,.T.);
#2303=ORIENTED_EDGE('',*,*,#1372,.F.);
#2304=ORIENTED_EDGE('',*,*,#1518,.F.);
#2305=ORIENTED_EDGE('',*,*,#1624,.F.);
#2306=ORIENTED_EDGE('',*,*,#1576,.F.);
#2307=ORIENTED_EDGE('',*,*,#1585,.T.);
#2308=ORIENTED_EDGE('',*,*,#1625,.T.);
#2309=ORIENTED_EDGE('',*,*,#1510,.T.);
#2310=ORIENTED_EDGE('',*,*,#1612,.T.);
#2311=ORIENTED_EDGE('',*,*,#1603,.F.);
#2312=ORIENTED_EDGE('',*,*,#1511,.F.);
#2313=ORIENTED_EDGE('',*,*,#1625,.F.);
#2314=ORIENTED_EDGE('',*,*,#1584,.F.);
#2315=ORIENTED_EDGE('',*,*,#1543,.T.);
#2316=ORIENTED_EDGE('',*,*,#1626,.T.);
#2317=ORIENTED_EDGE('',*,*,#1496,.T.);
#2318=ORIENTED_EDGE('',*,*,#1619,.T.);
#2319=ORIENTED_EDGE('',*,*,#1600,.F.);
#2320=ORIENTED_EDGE('',*,*,#1497,.F.);
#2321=ORIENTED_EDGE('',*,*,#1626,.F.);
#2322=ORIENTED_EDGE('',*,*,#1542,.F.);
#2323=ORIENTED_EDGE('',*,*,#1569,.T.);
#2324=ORIENTED_EDGE('',*,*,#1627,.T.);
#2325=ORIENTED_EDGE('',*,*,#1524,.T.);
#2326=ORIENTED_EDGE('',*,*,#1598,.T.);
#2327=ORIENTED_EDGE('',*,*,#1623,.F.);
#2328=ORIENTED_EDGE('',*,*,#1519,.F.);
#2329=ORIENTED_EDGE('',*,*,#1627,.F.);
#2330=ORIENTED_EDGE('',*,*,#1568,.F.);
#2331=ORIENTED_EDGE('',*,*,#1545,.T.);
#2332=ORIENTED_EDGE('',*,*,#1628,.T.);
#2333=ORIENTED_EDGE('',*,*,#1530,.T.);
#2334=ORIENTED_EDGE('',*,*,#1595,.T.);
#2335=ORIENTED_EDGE('',*,*,#1628,.F.);
#2336=ORIENTED_EDGE('',*,*,#1544,.F.);
#2337=ORIENTED_EDGE('',*,*,#1629,.F.);
#2338=ORIENTED_EDGE('',*,*,#1525,.F.);
#2339=ORIENTED_EDGE('',*,*,#1549,.T.);
#2340=ORIENTED_EDGE('',*,*,#1630,.T.);
#2341=ORIENTED_EDGE('',*,*,#1526,.T.);
#2342=ORIENTED_EDGE('',*,*,#1629,.T.);
#2343=ORIENTED_EDGE('',*,*,#1594,.F.);
#2344=ORIENTED_EDGE('',*,*,#1527,.F.);
#2345=ORIENTED_EDGE('',*,*,#1630,.F.);
#2346=ORIENTED_EDGE('',*,*,#1548,.F.);
#2347=ORIENTED_EDGE('',*,*,#1559,.T.);
#2348=ORIENTED_EDGE('',*,*,#1631,.T.);
#2349=ORIENTED_EDGE('',*,*,#1503,.T.);
#2350=ORIENTED_EDGE('',*,*,#1589,.T.);
#2351=ORIENTED_EDGE('',*,*,#1631,.F.);
#2352=ORIENTED_EDGE('',*,*,#1558,.F.);
#2353=ORIENTED_EDGE('',*,*,#1632,.F.);
#2354=ORIENTED_EDGE('',*,*,#1396,.F.);
#2355=ORIENTED_EDGE('',*,*,#1487,.F.);
#2356=ORIENTED_EDGE('',*,*,#1504,.F.);
#2357=ORIENTED_EDGE('',*,*,#1557,.T.);
#2358=ORIENTED_EDGE('',*,*,#1633,.T.);
#2359=ORIENTED_EDGE('',*,*,#1397,.T.);
#2360=ORIENTED_EDGE('',*,*,#1632,.T.);
#2361=ORIENTED_EDGE('',*,*,#1588,.F.);
#2362=ORIENTED_EDGE('',*,*,#1500,.F.);
#2363=ORIENTED_EDGE('',*,*,#1488,.F.);
#2364=ORIENTED_EDGE('',*,*,#1398,.F.);
#2365=ORIENTED_EDGE('',*,*,#1633,.F.);
#2366=ORIENTED_EDGE('',*,*,#1556,.F.);
#2367=ORIENTED_EDGE('',*,*,#1553,.T.);
#2368=ORIENTED_EDGE('',*,*,#1634,.T.);
#2369=ORIENTED_EDGE('',*,*,#1400,.T.);
#2370=ORIENTED_EDGE('',*,*,#1610,.T.);
#2371=ORIENTED_EDGE('',*,*,#1617,.F.);
#2372=ORIENTED_EDGE('',*,*,#1401,.F.);
#2373=ORIENTED_EDGE('',*,*,#1634,.F.);
#2374=ORIENTED_EDGE('',*,*,#1552,.F.);
#2375=ORIENTED_EDGE('',*,*,#1392,.F.);
#2376=ORIENTED_EDGE('',*,*,#1635,.F.);
#2377=ORIENTED_EDGE('',*,*,#1430,.F.);
#2378=ORIENTED_EDGE('',*,*,#1419,.T.);
#2379=ORIENTED_EDGE('',*,*,#1422,.T.);
#2380=ORIENTED_EDGE('',*,*,#1432,.T.);
#2381=ORIENTED_EDGE('',*,*,#1636,.F.);
#2382=ORIENTED_EDGE('',*,*,#1637,.F.);
#2383=ORIENTED_EDGE('',*,*,#1423,.T.);
#2384=ORIENTED_EDGE('',*,*,#1637,.T.);
#2385=ORIENTED_EDGE('',*,*,#1638,.F.);
#2386=ORIENTED_EDGE('',*,*,#1639,.F.);
#2387=ORIENTED_EDGE('',*,*,#1424,.T.);
#2388=ORIENTED_EDGE('',*,*,#1639,.T.);
#2389=ORIENTED_EDGE('',*,*,#1640,.F.);
#2390=ORIENTED_EDGE('',*,*,#1536,.F.);
#2391=ORIENTED_EDGE('',*,*,#1355,.F.);
#2392=ORIENTED_EDGE('',*,*,#1508,.T.);
#2393=ORIENTED_EDGE('',*,*,#1532,.F.);
#2394=ORIENTED_EDGE('',*,*,#1537,.T.);
#2395=ORIENTED_EDGE('',*,*,#1640,.T.);
#2396=ORIENTED_EDGE('',*,*,#1638,.T.);
#2397=ORIENTED_EDGE('',*,*,#1636,.T.);
#2398=ORIENTED_EDGE('',*,*,#1431,.T.);
#2399=ORIENTED_EDGE('',*,*,#1428,.F.);
#2400=ORIENTED_EDGE('',*,*,#1635,.T.);
#2401=ORIENTED_EDGE('',*,*,#1391,.F.);
#2402=ORIENTED_EDGE('',*,*,#1418,.T.);
#2403=CYLINDRICAL_SURFACE('',#2583,5.5);
#2404=CYLINDRICAL_SURFACE('',#2586,4.74999999999998);
#2405=CYLINDRICAL_SURFACE('',#2589,5.5);
#2406=CYLINDRICAL_SURFACE('',#2592,4.74999999999998);
#2407=CYLINDRICAL_SURFACE('',#2599,2.74999999999999);
#2408=CYLINDRICAL_SURFACE('',#2602,2.74999999999999);
#2409=CYLINDRICAL_SURFACE('',#2624,2.5);
#2410=CYLINDRICAL_SURFACE('',#2638,2.5);
#2411=CYLINDRICAL_SURFACE('',#2641,8.);
#2412=CYLINDRICAL_SURFACE('',#2644,8.);
#2413=CYLINDRICAL_SURFACE('',#2648,4.);
#2414=CYLINDRICAL_SURFACE('',#2651,4.);
#2415=CYLINDRICAL_SURFACE('',#2653,8.00000000000001);
#2416=CYLINDRICAL_SURFACE('',#2655,8.00000000000001);
#2417=CYLINDRICAL_SURFACE('',#2666,8.00000000000001);
#2418=CYLINDRICAL_SURFACE('',#2667,8.00000000000001);
#2419=CYLINDRICAL_SURFACE('',#2669,4.);
#2420=CYLINDRICAL_SURFACE('',#2671,4.);
#2421=CYLINDRICAL_SURFACE('',#2702,5.);
#2422=CYLINDRICAL_SURFACE('',#2731,5.);
#2423=CYLINDRICAL_SURFACE('',#2732,20.);
#2424=CYLINDRICAL_SURFACE('',#2734,20.);
#2425=CYLINDRICAL_SURFACE('',#2736,20.);
#2426=CYLINDRICAL_SURFACE('',#2738,20.);
#2427=CYLINDRICAL_SURFACE('',#2740,20.);
#2428=CYLINDRICAL_SURFACE('',#2742,20.);
#2429=CYLINDRICAL_SURFACE('',#2744,20.);
#2430=CYLINDRICAL_SURFACE('',#2746,20.);
#2431=CYLINDRICAL_SURFACE('',#2748,5.);
#2432=CYLINDRICAL_SURFACE('',#2750,5.);
#2433=CYLINDRICAL_SURFACE('',#2752,5.);
#2434=CYLINDRICAL_SURFACE('',#2754,5.);
#2435=CYLINDRICAL_SURFACE('',#2756,5.);
#2436=CYLINDRICAL_SURFACE('',#2758,5.);
#2437=CYLINDRICAL_SURFACE('',#2760,5.);
#2438=CYLINDRICAL_SURFACE('',#2762,5.);
#2439=CYLINDRICAL_SURFACE('',#2764,5.);
#2440=CYLINDRICAL_SURFACE('',#2766,5.);
#2441=CYLINDRICAL_SURFACE('',#2768,5.);
#2442=CYLINDRICAL_SURFACE('',#2770,5.);
#2443=CYLINDRICAL_SURFACE('',#2772,5.);
#2444=CYLINDRICAL_SURFACE('',#2774,5.);
#2445=CYLINDRICAL_SURFACE('',#2776,5.);
#2446=CYLINDRICAL_SURFACE('',#2778,5.);
#2447=ADVANCED_FACE('',(#139),#2403,.F.);
#2448=ADVANCED_FACE('',(#140),#2404,.T.);
#2449=ADVANCED_FACE('',(#141),#2405,.F.);
#2450=ADVANCED_FACE('',(#142),#2406,.T.);
#2451=ADVANCED_FACE('',(#143,#52),#69,.F.);
#2452=ADVANCED_FACE('',(#144),#70,.T.);
#2453=ADVANCED_FACE('',(#145),#2407,.F.);
#2454=ADVANCED_FACE('',(#146),#71,.T.);
#2455=ADVANCED_FACE('',(#147),#2408,.F.);
#2456=ADVANCED_FACE('',(#148),#72,.T.);
#2457=ADVANCED_FACE('',(#149,#53),#73,.T.);
#2458=ADVANCED_FACE('',(#150,#54,#55,#56),#74,.T.);
#2459=ADVANCED_FACE('',(#151),#75,.T.);
#2460=ADVANCED_FACE('',(#152),#76,.T.);
#2461=ADVANCED_FACE('',(#153),#77,.T.);
#2462=ADVANCED_FACE('',(#154),#78,.T.);
#2463=ADVANCED_FACE('',(#155),#79,.T.);
#2464=ADVANCED_FACE('',(#156),#44,.F.);
#2465=ADVANCED_FACE('',(#157),#45,.T.);
#2466=ADVANCED_FACE('',(#158),#46,.F.);
#2467=ADVANCED_FACE('',(#159),#47,.T.);
#2468=ADVANCED_FACE('',(#160),#48,.F.);
#2469=ADVANCED_FACE('',(#161),#80,.T.);
#2470=ADVANCED_FACE('',(#162),#49,.F.);
#2471=ADVANCED_FACE('',(#163),#50,.F.);
#2472=ADVANCED_FACE('',(#164),#51,.F.);
#2473=ADVANCED_FACE('',(#165),#81,.T.);
#2474=ADVANCED_FACE('',(#166),#2409,.T.);
#2475=ADVANCED_FACE('',(#167),#82,.T.);
#2476=ADVANCED_FACE('',(#168),#83,.F.);
#2477=ADVANCED_FACE('',(#169),#2410,.T.);
#2478=ADVANCED_FACE('',(#170),#84,.T.);
#2479=ADVANCED_FACE('',(#171),#2411,.F.);
#2480=ADVANCED_FACE('',(#172),#85,.T.);
#2481=ADVANCED_FACE('',(#173),#2412,.F.);
#2482=ADVANCED_FACE('',(#174),#86,.T.);
#2483=ADVANCED_FACE('',(#175),#87,.F.);
#2484=ADVANCED_FACE('',(#176),#2413,.F.);
#2485=ADVANCED_FACE('',(#177),#88,.F.);
#2486=ADVANCED_FACE('',(#178),#2414,.F.);
#2487=ADVANCED_FACE('',(#179),#2415,.T.);
#2488=ADVANCED_FACE('',(#180),#2416,.T.);
#2489=ADVANCED_FACE('',(#181),#89,.T.);
#2490=ADVANCED_FACE('',(#182),#90,.T.);
#2491=ADVANCED_FACE('',(#183),#91,.T.);
#2492=ADVANCED_FACE('',(#184,#57),#92,.T.);
#2493=ADVANCED_FACE('',(#185,#58),#93,.T.);
#2494=ADVANCED_FACE('',(#186),#2417,.T.);
#2495=ADVANCED_FACE('',(#187),#2418,.T.);
#2496=ADVANCED_FACE('',(#188),#94,.F.);
#2497=ADVANCED_FACE('',(#189),#2419,.F.);
#2498=ADVANCED_FACE('',(#190),#95,.F.);
#2499=ADVANCED_FACE('',(#191),#2420,.F.);
#2500=ADVANCED_FACE('',(#192),#96,.T.);
#2501=ADVANCED_FACE('',(#193),#97,.T.);
#2502=ADVANCED_FACE('',(#194),#98,.T.);
#2503=ADVANCED_FACE('',(#195),#99,.T.);
#2504=ADVANCED_FACE('',(#196),#100,.T.);
#2505=ADVANCED_FACE('',(#197),#101,.T.);
#2506=ADVANCED_FACE('',(#198),#102,.T.);
#2507=ADVANCED_FACE('',(#199),#103,.T.);
#2508=ADVANCED_FACE('',(#200),#104,.T.);
#2509=ADVANCED_FACE('',(#201),#105,.T.);
#2510=ADVANCED_FACE('',(#202),#106,.T.);
#2511=ADVANCED_FACE('',(#203,#59,#60),#107,.T.);
#2512=ADVANCED_FACE('',(#204),#2421,.T.);
#2513=ADVANCED_FACE('',(#205,#61,#62,#63,#64,#65,#66,#67,#68),#108,.T.);
#2514=ADVANCED_FACE('',(#206),#109,.T.);
#2515=ADVANCED_FACE('',(#207),#2422,.T.);
#2516=ADVANCED_FACE('',(#208),#2423,.F.);
#2517=ADVANCED_FACE('',(#209),#110,.F.);
#2518=ADVANCED_FACE('',(#210),#2424,.F.);
#2519=ADVANCED_FACE('',(#211),#111,.F.);
#2520=ADVANCED_FACE('',(#212),#2425,.F.);
#2521=ADVANCED_FACE('',(#213),#112,.F.);
#2522=ADVANCED_FACE('',(#214),#2426,.F.);
#2523=ADVANCED_FACE('',(#215),#113,.F.);
#2524=ADVANCED_FACE('',(#216),#2427,.F.);
#2525=ADVANCED_FACE('',(#217),#114,.F.);
#2526=ADVANCED_FACE('',(#218),#2428,.F.);
#2527=ADVANCED_FACE('',(#219),#115,.F.);
#2528=ADVANCED_FACE('',(#220),#2429,.F.);
#2529=ADVANCED_FACE('',(#221),#116,.F.);
#2530=ADVANCED_FACE('',(#222),#2430,.F.);
#2531=ADVANCED_FACE('',(#223),#117,.F.);
#2532=ADVANCED_FACE('',(#224),#2431,.F.);
#2533=ADVANCED_FACE('',(#225),#118,.F.);
#2534=ADVANCED_FACE('',(#226),#2432,.F.);
#2535=ADVANCED_FACE('',(#227),#119,.F.);
#2536=ADVANCED_FACE('',(#228),#2433,.F.);
#2537=ADVANCED_FACE('',(#229),#120,.F.);
#2538=ADVANCED_FACE('',(#230),#2434,.F.);
#2539=ADVANCED_FACE('',(#231),#121,.F.);
#2540=ADVANCED_FACE('',(#232),#2435,.F.);
#2541=ADVANCED_FACE('',(#233),#122,.F.);
#2542=ADVANCED_FACE('',(#234),#2436,.F.);
#2543=ADVANCED_FACE('',(#235),#123,.F.);
#2544=ADVANCED_FACE('',(#236),#2437,.F.);
#2545=ADVANCED_FACE('',(#237),#124,.F.);
#2546=ADVANCED_FACE('',(#238),#2438,.F.);
#2547=ADVANCED_FACE('',(#239),#125,.F.);
#2548=ADVANCED_FACE('',(#240),#2439,.F.);
#2549=ADVANCED_FACE('',(#241),#126,.F.);
#2550=ADVANCED_FACE('',(#242),#2440,.F.);
#2551=ADVANCED_FACE('',(#243),#127,.F.);
#2552=ADVANCED_FACE('',(#244),#2441,.F.);
#2553=ADVANCED_FACE('',(#245),#128,.F.);
#2554=ADVANCED_FACE('',(#246),#2442,.F.);
#2555=ADVANCED_FACE('',(#247),#129,.F.);
#2556=ADVANCED_FACE('',(#248),#2443,.F.);
#2557=ADVANCED_FACE('',(#249),#130,.F.);
#2558=ADVANCED_FACE('',(#250),#2444,.F.);
#2559=ADVANCED_FACE('',(#251),#131,.F.);
#2560=ADVANCED_FACE('',(#252),#2445,.F.);
#2561=ADVANCED_FACE('',(#253),#132,.F.);
#2562=ADVANCED_FACE('',(#254),#2446,.F.);
#2563=ADVANCED_FACE('',(#255),#133,.F.);
#2564=ADVANCED_FACE('',(#256),#134,.T.);
#2565=ADVANCED_FACE('',(#257),#135,.T.);
#2566=ADVANCED_FACE('',(#258),#136,.T.);
#2567=ADVANCED_FACE('',(#259),#137,.T.);
#2568=ADVANCED_FACE('',(#260),#138,.T.);
#2569=CLOSED_SHELL('',(#2447,#2448,#2449,#2450,#2451,#2452,#2453,#2454,
#2455,#2456,#2457,#2458,#2459,#2460,#2461,#2462,#2463,#2464,#2465,#2466,
#2467,#2468,#2469,#2470,#2471,#2472,#2473,#2474,#2475,#2476,#2477,#2478,
#2479,#2480,#2481,#2482,#2483,#2484,#2485,#2486,#2487,#2488,#2489,#2490,
#2491,#2492,#2493,#2494,#2495,#2496,#2497,#2498,#2499,#2500,#2501,#2502,
#2503,#2504,#2505,#2506,#2507,#2508,#2509,#2510,#2511,#2512,#2513,#2514,
#2515,#2516,#2517,#2518,#2519,#2520,#2521,#2522,#2523,#2524,#2525,#2526,
#2527,#2528,#2529,#2530,#2531,#2532,#2533,#2534,#2535,#2536,#2537,#2538,
#2539,#2540,#2541,#2542,#2543,#2544,#2545,#2546,#2547,#2548,#2549,#2550,
#2551,#2552,#2553,#2554,#2555,#2556,#2557,#2558,#2559,#2560,#2561,#2562,
#2563,#2564,#2565,#2566,#2567,#2568));
#2570=DERIVED_UNIT_ELEMENT(#2572,1.);
#2571=DERIVED_UNIT_ELEMENT(#4687,-3.);
#2572=(
MASS_UNIT()
NAMED_UNIT(*)
SI_UNIT(.KILO.,.GRAM.)
);
#2573=DERIVED_UNIT((#2570,#2571));
#2574=MEASURE_REPRESENTATION_ITEM('density measure',
POSITIVE_RATIO_MEASURE(7850.),#2573);
#2575=PROPERTY_DEFINITION_REPRESENTATION(#2580,#2577);
#2576=PROPERTY_DEFINITION_REPRESENTATION(#2581,#2578);
#2577=REPRESENTATION('material name',(#2579),#4684);
#2578=REPRESENTATION('density',(#2574),#4684);
#2579=DESCRIPTIVE_REPRESENTATION_ITEM('Steel','Steel');
#2580=PROPERTY_DEFINITION('material property','material name',#4694);
#2581=PROPERTY_DEFINITION('material property','density of part',#4694);
#2582=AXIS2_PLACEMENT_3D('',#3455,#2785,#2786);
#2583=AXIS2_PLACEMENT_3D('',#3456,#2787,#2788);
#2584=AXIS2_PLACEMENT_3D('',#3459,#2789,#2790);
#2585=AXIS2_PLACEMENT_3D('',#3463,#2792,#2793);
#2586=AXIS2_PLACEMENT_3D('',#3465,#2795,#2796);
#2587=AXIS2_PLACEMENT_3D('',#3467,#2797,#2798);
#2588=AXIS2_PLACEMENT_3D('',#3470,#2800,#2801);
#2589=AXIS2_PLACEMENT_3D('',#3471,#2802,#2803);
#2590=AXIS2_PLACEMENT_3D('',#3474,#2804,#2805);
#2591=AXIS2_PLACEMENT_3D('',#3478,#2807,#2808);
#2592=AXIS2_PLACEMENT_3D('',#3480,#2810,#2811);
#2593=AXIS2_PLACEMENT_3D('',#3482,#2812,#2813);
#2594=AXIS2_PLACEMENT_3D('',#3485,#2815,#2816);
#2595=AXIS2_PLACEMENT_3D('',#3486,#2817,#2818);
#2596=AXIS2_PLACEMENT_3D('',#3495,#2823,#2824);
#2597=AXIS2_PLACEMENT_3D('',#3499,#2826,#2827);
#2598=AXIS2_PLACEMENT_3D('',#3501,#2829,#2830);
#2599=AXIS2_PLACEMENT_3D('',#3507,#2834,#2835);
#2600=AXIS2_PLACEMENT_3D('',#3509,#2836,#2837);
#2601=AXIS2_PLACEMENT_3D('',#3511,#2839,#2840);
#2602=AXIS2_PLACEMENT_3D('',#3515,#2843,#2844);
#2603=AXIS2_PLACEMENT_3D('',#3516,#2845,#2846);
#2604=AXIS2_PLACEMENT_3D('',#3517,#2847,#2848);
#2605=AXIS2_PLACEMENT_3D('',#3519,#2850,#2851);
#2606=AXIS2_PLACEMENT_3D('',#3525,#2855,#2856);
#2607=AXIS2_PLACEMENT_3D('',#3561,#2874,#2875);
#2608=AXIS2_PLACEMENT_3D('',#3565,#2877,#2878);
#2609=AXIS2_PLACEMENT_3D('',#3573,#2882,#2883);
#2610=AXIS2_PLACEMENT_3D('',#3577,#2885,#2886);
#2611=AXIS2_PLACEMENT_3D('',#3583,#2889,#2890);
#2612=AXIS2_PLACEMENT_3D('',#3587,#2892,#2893);
#2613=AXIS2_PLACEMENT_3D('',#3595,#2897,#2898);
#2614=AXIS2_PLACEMENT_3D('',#3598,#2900,#2901);
#2615=AXIS2_PLACEMENT_3D('',#3603,#2903,#2904);
#2616=AXIS2_PLACEMENT_3D('',#3606,#2906,#2907);
#2617=AXIS2_PLACEMENT_3D('',#3607,#2908,#2909);
#2618=AXIS2_PLACEMENT_3D('',#3611,#2912,#2913);
#2619=AXIS2_PLACEMENT_3D('',#3615,#2916,#2917);
#2620=AXIS2_PLACEMENT_3D('',#3621,#2921,#2922);
#2621=AXIS2_PLACEMENT_3D('',#3646,#2936,#2937);
#2622=AXIS2_PLACEMENT_3D('',#3954,#2941,#2942);
#2623=AXIS2_PLACEMENT_3D('',#4194,#2946,#2947);
#2624=AXIS2_PLACEMENT_3D('',#4196,#2949,#2950);
#2625=AXIS2_PLACEMENT_3D('',#4199,#2951,#2952);
#2626=AXIS2_PLACEMENT_3D('',#4203,#2954,#2955);
#2627=AXIS2_PLACEMENT_3D('',#4205,#2957,#2958);
#2628=AXIS2_PLACEMENT_3D('',#4210,#2961,#2962);
#2629=AXIS2_PLACEMENT_3D('',#4215,#2965,#2966);
#2630=AXIS2_PLACEMENT_3D('',#4219,#2968,#2969);
#2631=AXIS2_PLACEMENT_3D('',#4224,#2972,#2973);
#2632=AXIS2_PLACEMENT_3D('',#4229,#2976,#2977);
#2633=AXIS2_PLACEMENT_3D('',#4234,#2980,#2981);
#2634=AXIS2_PLACEMENT_3D('',#4238,#2983,#2984);
#2635=AXIS2_PLACEMENT_3D('',#4243,#2987,#2988);
#2636=AXIS2_PLACEMENT_3D('',#4246,#2991,#2992);
#2637=AXIS2_PLACEMENT_3D('',#4250,#2994,#2995);
#2638=AXIS2_PLACEMENT_3D('',#4264,#3003,#3004);
#2639=AXIS2_PLACEMENT_3D('',#4267,#3005,#3006);
#2640=AXIS2_PLACEMENT_3D('',#4270,#3009,#3010);
#2641=AXIS2_PLACEMENT_3D('',#4274,#3013,#3014);
#2642=AXIS2_PLACEMENT_3D('',#4278,#3016,#3017);
#2643=AXIS2_PLACEMENT_3D('',#4280,#3019,#3020);
#2644=AXIS2_PLACEMENT_3D('',#4283,#3023,#3024);
#2645=AXIS2_PLACEMENT_3D('',#4287,#3026,#3027);
#2646=AXIS2_PLACEMENT_3D('',#4289,#3029,#3030);
#2647=AXIS2_PLACEMENT_3D('',#4292,#3033,#3034);
#2648=AXIS2_PLACEMENT_3D('',#4298,#3038,#3039);
#2649=AXIS2_PLACEMENT_3D('',#4300,#3040,#3041);
#2650=AXIS2_PLACEMENT_3D('',#4302,#3043,#3044);
#2651=AXIS2_PLACEMENT_3D('',#4306,#3047,#3048);
#2652=AXIS2_PLACEMENT_3D('',#4307,#3049,#3050);
#2653=AXIS2_PLACEMENT_3D('',#4308,#3051,#3052);
#2654=AXIS2_PLACEMENT_3D('',#4310,#3053,#3054);
#2655=AXIS2_PLACEMENT_3D('',#4312,#3056,#3057);
#2656=AXIS2_PLACEMENT_3D('',#4315,#3058,#3059);
#2657=AXIS2_PLACEMENT_3D('',#4318,#3062,#3063);
#2658=AXIS2_PLACEMENT_3D('',#4322,#3066,#3067);
#2659=AXIS2_PLACEMENT_3D('',#4324,#3069,#3070);
#2660=AXIS2_PLACEMENT_3D('',#4326,#3072,#3073);
#2661=AXIS2_PLACEMENT_3D('',#4332,#3076,#3077);
#2662=AXIS2_PLACEMENT_3D('',#4336,#3079,#3080);
#2663=AXIS2_PLACEMENT_3D('',#4343,#3084,#3085);
#2664=AXIS2_PLACEMENT_3D('',#4346,#3087,#3088);
#2665=AXIS2_PLACEMENT_3D('',#4347,#3089,#3090);
#2666=AXIS2_PLACEMENT_3D('',#4349,#3092,#3093);
#2667=AXIS2_PLACEMENT_3D('',#4352,#3096,#3097);
#2668=AXIS2_PLACEMENT_3D('',#4355,#3100,#3101);
#2669=AXIS2_PLACEMENT_3D('',#4358,#3104,#3105);
#2670=AXIS2_PLACEMENT_3D('',#4360,#3107,#3108);
#2671=AXIS2_PLACEMENT_3D('',#4362,#3110,#3111);
#2672=AXIS2_PLACEMENT_3D('',#4363,#3112,#3113);
#2673=AXIS2_PLACEMENT_3D('',#4365,#3115,#3116);
#2674=AXIS2_PLACEMENT_3D('',#4366,#3117,#3118);
#2675=AXIS2_PLACEMENT_3D('',#4367,#3119,#3120);
#2676=AXIS2_PLACEMENT_3D('',#4368,#3121,#3122);
#2677=AXIS2_PLACEMENT_3D('',#4369,#3123,#3124);
#2678=AXIS2_PLACEMENT_3D('',#4373,#3126,#3127);
#2679=AXIS2_PLACEMENT_3D('',#4375,#3129,#3130);
#2680=AXIS2_PLACEMENT_3D('',#4379,#3132,#3133);
#2681=AXIS2_PLACEMENT_3D('',#4381,#3135,#3136);
#2682=AXIS2_PLACEMENT_3D('',#4384,#3139,#3140);
#2683=AXIS2_PLACEMENT_3D('',#4387,#3143,#3144);
#2684=AXIS2_PLACEMENT_3D('',#4390,#3147,#3148);
#2685=AXIS2_PLACEMENT_3D('',#4393,#3151,#3152);
#2686=AXIS2_PLACEMENT_3D('',#4397,#3154,#3155);
#2687=AXIS2_PLACEMENT_3D('',#4401,#3157,#3158);
#2688=AXIS2_PLACEMENT_3D('',#4406,#3161,#3162);
#2689=AXIS2_PLACEMENT_3D('',#4410,#3164,#3165);
#2690=AXIS2_PLACEMENT_3D('',#4413,#3167,#3168);
#2691=AXIS2_PLACEMENT_3D('',#4417,#3170,#3171);
#2692=AXIS2_PLACEMENT_3D('',#4422,#3174,#3175);
#2693=AXIS2_PLACEMENT_3D('',#4426,#3177,#3178);
#2694=AXIS2_PLACEMENT_3D('',#4431,#3181,#3182);
#2695=AXIS2_PLACEMENT_3D('',#4435,#3184,#3185);
#2696=AXIS2_PLACEMENT_3D('',#4441,#3188,#3189);
#2697=AXIS2_PLACEMENT_3D('',#4445,#3191,#3192);
#2698=AXIS2_PLACEMENT_3D('',#4448,#3194,#3195);
#2699=AXIS2_PLACEMENT_3D('',#4453,#3197,#3198);
#2700=AXIS2_PLACEMENT_3D('',#4457,#3200,#3201);
#2701=AXIS2_PLACEMENT_3D('',#4460,#3203,#3204);
#2702=AXIS2_PLACEMENT_3D('',#4461,#3205,#3206);
#2703=AXIS2_PLACEMENT_3D('',#4464,#3207,#3208);
#2704=AXIS2_PLACEMENT_3D('',#4467,#3211,#3212);
#2705=AXIS2_PLACEMENT_3D('',#4470,#3214,#3215);
#2706=AXIS2_PLACEMENT_3D('',#4478,#3219,#3220);
#2707=AXIS2_PLACEMENT_3D('',#4482,#3222,#3223);
#2708=AXIS2_PLACEMENT_3D('',#4485,#3225,#3226);
#2709=AXIS2_PLACEMENT_3D('',#4490,#3228,#3229);
#2710=AXIS2_PLACEMENT_3D('',#4494,#3231,#3232);
#2711=AXIS2_PLACEMENT_3D('',#4497,#3234,#3235);
#2712=AXIS2_PLACEMENT_3D('',#4502,#3237,#3238);
#2713=AXIS2_PLACEMENT_3D('',#4506,#3240,#3241);
#2714=AXIS2_PLACEMENT_3D('',#4509,#3243,#3244);
#2715=AXIS2_PLACEMENT_3D('',#4514,#3246,#3247);
#2716=AXIS2_PLACEMENT_3D('',#4518,#3249,#3250);
#2717=AXIS2_PLACEMENT_3D('',#4521,#3252,#3253);
#2718=AXIS2_PLACEMENT_3D('',#4526,#3255,#3256);
#2719=AXIS2_PLACEMENT_3D('',#4530,#3258,#3259);
#2720=AXIS2_PLACEMENT_3D('',#4533,#3261,#3262);
#2721=AXIS2_PLACEMENT_3D('',#4538,#3264,#3265);
#2722=AXIS2_PLACEMENT_3D('',#4542,#3267,#3268);
#2723=AXIS2_PLACEMENT_3D('',#4545,#3270,#3271);
#2724=AXIS2_PLACEMENT_3D('',#4550,#3273,#3274);
#2725=AXIS2_PLACEMENT_3D('',#4554,#3276,#3277);
#2726=AXIS2_PLACEMENT_3D('',#4557,#3279,#3280);
#2727=AXIS2_PLACEMENT_3D('',#4562,#3282,#3283);
#2728=AXIS2_PLACEMENT_3D('',#4566,#3285,#3286);
#2729=AXIS2_PLACEMENT_3D('',#4569,#3288,#3289);
#2730=AXIS2_PLACEMENT_3D('',#4570,#3290,#3291);
#2731=AXIS2_PLACEMENT_3D('',#4572,#3293,#3294);
#2732=AXIS2_PLACEMENT_3D('',#4573,#3295,#3296);
#2733=AXIS2_PLACEMENT_3D('',#4576,#3299,#3300);
#2734=AXIS2_PLACEMENT_3D('',#4578,#3302,#3303);
#2735=AXIS2_PLACEMENT_3D('',#4581,#3306,#3307);
#2736=AXIS2_PLACEMENT_3D('',#4583,#3309,#3310);
#2737=AXIS2_PLACEMENT_3D('',#4586,#3313,#3314);
#2738=AXIS2_PLACEMENT_3D('',#4588,#3316,#3317);
#2739=AXIS2_PLACEMENT_3D('',#4591,#3320,#3321);
#2740=AXIS2_PLACEMENT_3D('',#4593,#3323,#3324);
#2741=AXIS2_PLACEMENT_3D('',#4596,#3327,#3328);
#2742=AXIS2_PLACEMENT_3D('',#4598,#3330,#3331);
#2743=AXIS2_PLACEMENT_3D('',#4601,#3334,#3335);
#2744=AXIS2_PLACEMENT_3D('',#4603,#3337,#3338);
#2745=AXIS2_PLACEMENT_3D('',#4606,#3341,#3342);
#2746=AXIS2_PLACEMENT_3D('',#4608,#3344,#3345);
#2747=AXIS2_PLACEMENT_3D('',#4611,#3348,#3349);
#2748=AXIS2_PLACEMENT_3D('',#4613,#3351,#3352);
#2749=AXIS2_PLACEMENT_3D('',#4615,#3354,#3355);
#2750=AXIS2_PLACEMENT_3D('',#4617,#3357,#3358);
#2751=AXIS2_PLACEMENT_3D('',#4619,#3360,#3361);
#2752=AXIS2_PLACEMENT_3D('',#4621,#3363,#3364);
#2753=AXIS2_PLACEMENT_3D('',#4623,#3366,#3367);
#2754=AXIS2_PLACEMENT_3D('',#4624,#3368,#3369);
#2755=AXIS2_PLACEMENT_3D('',#4627,#3372,#3373);
#2756=AXIS2_PLACEMENT_3D('',#4628,#3374,#3375);
#2757=AXIS2_PLACEMENT_3D('',#4630,#3377,#3378);
#2758=AXIS2_PLACEMENT_3D('',#4632,#3380,#3381);
#2759=AXIS2_PLACEMENT_3D('',#4635,#3384,#3385);
#2760=AXIS2_PLACEMENT_3D('',#4636,#3386,#3387);
#2761=AXIS2_PLACEMENT_3D('',#4639,#3390,#3391);
#2762=AXIS2_PLACEMENT_3D('',#4640,#3392,#3393);
#2763=AXIS2_PLACEMENT_3D('',#4642,#3395,#3396);
#2764=AXIS2_PLACEMENT_3D('',#4643,#3397,#3398);
#2765=AXIS2_PLACEMENT_3D('',#4645,#3400,#3401);
#2766=AXIS2_PLACEMENT_3D('',#4646,#3402,#3403);
#2767=AXIS2_PLACEMENT_3D('',#4648,#3405,#3406);
#2768=AXIS2_PLACEMENT_3D('',#4649,#3407,#3408);
#2769=AXIS2_PLACEMENT_3D('',#4651,#3410,#3411);
#2770=AXIS2_PLACEMENT_3D('',#4652,#3412,#3413);
#2771=AXIS2_PLACEMENT_3D('',#4654,#3415,#3416);
#2772=AXIS2_PLACEMENT_3D('',#4656,#3418,#3419);
#2773=AXIS2_PLACEMENT_3D('',#4658,#3421,#3422);
#2774=AXIS2_PLACEMENT_3D('',#4659,#3423,#3424);
#2775=AXIS2_PLACEMENT_3D('',#4661,#3426,#3427);
#2776=AXIS2_PLACEMENT_3D('',#4663,#3429,#3430);
#2777=AXIS2_PLACEMENT_3D('',#4665,#3432,#3433);
#2778=AXIS2_PLACEMENT_3D('',#4666,#3434,#3435);
#2779=AXIS2_PLACEMENT_3D('',#4668,#3437,#3438);
#2780=AXIS2_PLACEMENT_3D('',#4669,#3439,#3440);
#2781=AXIS2_PLACEMENT_3D('',#4671,#3442,#3443);
#2782=AXIS2_PLACEMENT_3D('',#4675,#3446,#3447);
#2783=AXIS2_PLACEMENT_3D('',#4679,#3450,#3451);
#2784=AXIS2_PLACEMENT_3D('',#4681,#3453,#3454);
#2785=DIRECTION('axis',(0.,0.,1.));
#2786=DIRECTION('refdir',(1.,0.,0.));
#2787=DIRECTION('center_axis',(0.,-1.,0.));
#2788=DIRECTION('ref_axis',(0.312347523777209,0.,0.94996790703173));
#2789=DIRECTION('center_axis',(0.,1.,0.));
#2790=DIRECTION('ref_axis',(0.312347523777209,0.,0.94996790703173));
#2791=DIRECTION('',(0.,-1.,0.));
#2792=DIRECTION('center_axis',(0.,-1.,0.));
#2793=DIRECTION('ref_axis',(0.312347523777209,0.,0.94996790703173));
#2794=DIRECTION('',(0.,1.,0.));
#2795=DIRECTION('center_axis',(0.,-1.,0.));
#2796=DIRECTION('ref_axis',(1.,0.,0.));
#2797=DIRECTION('center_axis',(0.,1.,0.));
#2798=DIRECTION('ref_axis',(1.,0.,0.));
#2799=DIRECTION('',(0.,-1.,0.));
#2800=DIRECTION('center_axis',(0.,-1.,0.));
#2801=DIRECTION('ref_axis',(1.,0.,0.));
#2802=DIRECTION('center_axis',(0.,1.,0.));
#2803=DIRECTION('ref_axis',(0.312347523777209,0.,-0.94996790703173));
#2804=DIRECTION('center_axis',(0.,-1.,0.));
#2805=DIRECTION('ref_axis',(0.312347523777209,0.,-0.94996790703173));
#2806=DIRECTION('',(0.,1.,0.));
#2807=DIRECTION('center_axis',(0.,1.,0.));
#2808=DIRECTION('ref_axis',(0.312347523777209,0.,-0.94996790703173));
#2809=DIRECTION('',(0.,-1.,1.08833385969672E-16));
#2810=DIRECTION('center_axis',(0.,-1.,0.));
#2811=DIRECTION('ref_axis',(-1.,0.,0.));
#2812=DIRECTION('center_axis',(0.,-1.,0.));
#2813=DIRECTION('ref_axis',(-1.,0.,0.));
#2814=DIRECTION('',(0.,-1.,0.));
#2815=DIRECTION('center_axis',(0.,1.,0.));
#2816=DIRECTION('ref_axis',(-1.,0.,0.));
#2817=DIRECTION('center_axis',(0.,1.,0.));
#2818=DIRECTION('ref_axis',(-1.,0.,0.));
#2819=DIRECTION('',(-1.,0.,0.));
#2820=DIRECTION('',(0.,0.,1.));
#2821=DIRECTION('',(1.,0.,0.));
#2822=DIRECTION('',(0.,0.,1.));
#2823=DIRECTION('center_axis',(0.,1.,0.));
#2824=DIRECTION('ref_axis',(-1.,0.,0.));
#2825=DIRECTION('',(0.,0.,-1.));
#2826=DIRECTION('center_axis',(0.,1.,0.));
#2827=DIRECTION('ref_axis',(1.,0.,0.));
#2828=DIRECTION('',(0.,0.,1.));
#2829=DIRECTION('center_axis',(1.,0.,0.));
#2830=DIRECTION('ref_axis',(0.,0.,1.));
#2831=DIRECTION('',(0.,0.,-1.));
#2832=DIRECTION('',(0.,-1.,0.));
#2833=DIRECTION('',(0.,-1.,0.));
#2834=DIRECTION('center_axis',(0.,-1.,0.));
#2835=DIRECTION('ref_axis',(1.,0.,0.));
#2836=DIRECTION('center_axis',(0.,-1.,0.));
#2837=DIRECTION('ref_axis',(1.,0.,0.));
#2838=DIRECTION('',(0.,-1.,0.));
#2839=DIRECTION('center_axis',(-1.,0.,0.));
#2840=DIRECTION('ref_axis',(0.,0.,-1.));
#2841=DIRECTION('',(0.,0.,1.));
#2842=DIRECTION('',(0.,-1.,0.));
#2843=DIRECTION('center_axis',(0.,-1.,0.));
#2844=DIRECTION('ref_axis',(-1.,0.,0.));
#2845=DIRECTION('center_axis',(0.,-1.,0.));
#2846=DIRECTION('ref_axis',(-1.,0.,0.));
#2847=DIRECTION('center_axis',(1.,0.,0.));
#2848=DIRECTION('ref_axis',(0.,0.,1.));
#2849=DIRECTION('',(0.,0.,-1.));
#2850=DIRECTION('center_axis',(0.,1.,0.));
#2851=DIRECTION('ref_axis',(-1.,0.,0.));
#2852=DIRECTION('',(1.,0.,0.));
#2853=DIRECTION('',(-1.,0.,0.));
#2854=DIRECTION('',(0.,0.,-1.));
#2855=DIRECTION('center_axis',(0.,0.,-1.));
#2856=DIRECTION('ref_axis',(0.,1.,0.));
#2857=DIRECTION('',(0.,1.,0.));
#2858=DIRECTION('',(-0.676758760519126,0.736204849250952,0.));
#2859=DIRECTION('',(1.,0.,0.));
#2860=DIRECTION('',(1.,0.,0.));
#2861=DIRECTION('',(1.,0.,0.));
#2862=DIRECTION('',(1.,0.,0.));
#2863=DIRECTION('',(1.,0.,0.));
#2864=DIRECTION('',(1.,0.,0.));
#2865=DIRECTION('',(1.,0.,0.));
#2866=DIRECTION('',(1.,0.,0.));
#2867=DIRECTION('',(1.,0.,0.));
#2868=DIRECTION('',(1.,0.,0.));
#2869=DIRECTION('',(1.,0.,0.));
#2870=DIRECTION('',(1.,0.,0.));
#2871=DIRECTION('',(1.,0.,0.));
#2872=DIRECTION('',(-0.676758760519125,-0.736204849250952,0.));
#2873=DIRECTION('',(0.,1.,0.));
#2874=DIRECTION('center_axis',(0.,0.,-1.));
#2875=DIRECTION('ref_axis',(-1.66533453693773E-15,1.,0.));
#2876=DIRECTION('',(1.,0.,0.));
#2877=DIRECTION('center_axis',(0.,0.,-1.));
#2878=DIRECTION('ref_axis',(1.,0.,0.));
#2879=DIRECTION('',(0.,1.,0.));
#2880=DIRECTION('',(1.,0.,0.));
#2881=DIRECTION('',(0.,1.,0.));
#2882=DIRECTION('center_axis',(0.,0.,-1.));
#2883=DIRECTION('ref_axis',(-1.66533453693773E-15,1.,0.));
#2884=DIRECTION('',(1.,0.,0.));
#2885=DIRECTION('center_axis',(0.,0.,-1.));
#2886=DIRECTION('ref_axis',(1.,0.,0.));
#2887=DIRECTION('',(0.,1.,0.));
#2888=DIRECTION('',(0.,1.,0.));
#2889=DIRECTION('center_axis',(0.,0.,-1.));
#2890=DIRECTION('ref_axis',(0.707106781186546,0.707106781186549,0.));
#2891=DIRECTION('',(1.,0.,0.));
#2892=DIRECTION('center_axis',(0.,0.,-1.));
#2893=DIRECTION('ref_axis',(-0.707106781186547,0.707106781186548,0.));
#2894=DIRECTION('',(0.,1.,0.));
#2895=DIRECTION('',(1.,0.,0.));
#2896=DIRECTION('',(4.2700885562506E-16,-1.,0.));
#2897=DIRECTION('center_axis',(0.,0.,1.));
#2898=DIRECTION('ref_axis',(-1.,0.,0.));
#2899=DIRECTION('',(-2.56205313375036E-16,1.,0.));
#2900=DIRECTION('center_axis',(0.,0.,1.));
#2901=DIRECTION('ref_axis',(1.,0.,0.));
#2902=DIRECTION('',(4.2700885562506E-16,-1.,0.));
#2903=DIRECTION('center_axis',(0.,0.,1.));
#2904=DIRECTION('ref_axis',(-1.,0.,0.));
#2905=DIRECTION('',(-2.56205313375036E-16,1.,0.));
#2906=DIRECTION('center_axis',(0.,0.,1.));
#2907=DIRECTION('ref_axis',(1.,0.,0.));
#2908=DIRECTION('center_axis',(1.,0.,0.));
#2909=DIRECTION('ref_axis',(0.,0.,-1.));
#2910=DIRECTION('',(0.,-1.,1.08833385969672E-16));
#2911=DIRECTION('',(0.,0.642787609686538,0.766044443118979));
#2912=DIRECTION('center_axis',(1.,0.,0.));
#2913=DIRECTION('ref_axis',(0.,0.,-1.));
#2914=DIRECTION('',(0.,0.,1.));
#2915=DIRECTION('',(0.,-1.,1.08833385969672E-16));
#2916=DIRECTION('center_axis',(-0.64018439966448,0.588491642321321,-0.493803120022731));
#2917=DIRECTION('ref_axis',(-0.610762033646485,0.,0.791814206904631));
#2918=DIRECTION('',(0.,0.642787609686538,0.766044443118979));
#2919=DIRECTION('',(0.767019154242727,0.453696824446002,-0.453696824446001));
#2920=DIRECTION('',(0.,-0.642787609686538,-0.766044443118979));
#2921=DIRECTION('center_axis',(0.,0.707106781186547,0.707106781186548));
#2922=DIRECTION('ref_axis',(0.,-0.707106781186548,0.707106781186547));
#2923=DIRECTION('',(-1.,0.,0.));
#2924=DIRECTION('',(1.,0.,0.));
#2925=DIRECTION('',(-1.,0.,0.));
#2926=DIRECTION('',(1.,0.,0.));
#2927=DIRECTION('',(-1.,0.,0.));
#2928=DIRECTION('',(1.,0.,0.));
#2929=DIRECTION('',(-1.,0.,0.));
#2930=DIRECTION('',(1.,0.,0.));
#2931=DIRECTION('',(-1.,0.,0.));
#2932=DIRECTION('',(0.767019154242727,-0.453696824446002,0.453696824446001));
#2933=DIRECTION('',(1.,0.,0.));
#2934=DIRECTION('',(1.,0.,0.));
#2935=DIRECTION('',(1.,0.,0.));
#2936=DIRECTION('center_axis',(0.640184399664479,0.588491642321322,-0.493803120022731));
#2937=DIRECTION('ref_axis',(-0.610762033646485,0.,-0.791814206904631));
#2938=DIRECTION('',(0.,-0.642787609686538,-0.766044443118979));
#2939=DIRECTION('',(9.97859579674416E-16,0.642787609686539,0.766044443118978));
#2940=DIRECTION('',(-1.78189210656147E-16,-0.64278760968654,-0.766044443118978));
#2941=DIRECTION('center_axis',(0.,-0.12474223979803,-0.992189182369054));
#2942=DIRECTION('ref_axis',(-1.,0.,0.));
#2943=DIRECTION('',(-5.41048258507711E-16,-0.992189182369054,0.12474223979803));
#2944=DIRECTION('',(1.,0.,0.));
#2945=DIRECTION('',(9.66157604478063E-17,0.992189182369054,-0.12474223979803));
#2946=DIRECTION('center_axis',(0.,0.92603246193358,0.377443875887836));
#2947=DIRECTION('ref_axis',(0.,-0.377443875887836,0.92603246193358));
#2948=DIRECTION('',(1.,0.,0.));
#2949=DIRECTION('center_axis',(1.,0.,0.));
#2950=DIRECTION('ref_axis',(0.,0.0871557427476576,-0.996194698091746));
#2951=DIRECTION('center_axis',(-1.,0.,0.));
#2952=DIRECTION('ref_axis',(0.,0.0871557427476576,-0.996194698091746));
#2953=DIRECTION('',(-1.,0.,0.));
#2954=DIRECTION('center_axis',(1.,0.,0.));
#2955=DIRECTION('ref_axis',(0.,0.0871557427476576,-0.996194698091746));
#2956=DIRECTION('',(1.,0.,0.));
#2957=DIRECTION('center_axis',(0.,0.766044443118978,-0.642787609686539));
#2958=DIRECTION('ref_axis',(0.,0.642787609686539,0.766044443118978));
#2959=DIRECTION('',(0.,-0.642787609686539,-0.766044443118978));
#2960=DIRECTION('',(-1.78189210656147E-16,-0.642787609686539,-0.766044443118978));
#2961=DIRECTION('center_axis',(0.,0.766044443118978,-0.642787609686539));
#2962=DIRECTION('ref_axis',(-0.223781235226077,-0.626486129812982,-0.746617095915063));
#2963=DIRECTION('',(0.436212017372026,0.578408520834541,0.689320432691666));
#2964=DIRECTION('',(-0.436212017371996,-0.57840852083455,-0.689320432691677));
#2965=DIRECTION('center_axis',(0.,0.766044443118978,-0.642787609686539));
#2966=DIRECTION('ref_axis',(-0.847411357420938,-0.341279660562323,-0.406721261554481));
#2967=DIRECTION('',(1.,-1.18590722552073E-15,-1.41330919649777E-15));
#2968=DIRECTION('center_axis',(0.,0.766044443118978,-0.642787609686539));
#2969=DIRECTION('ref_axis',(0.857206252327245,-0.331018419898742,-0.394492391129183));
#2970=DIRECTION('',(-0.469605118057843,0.567502118345371,0.676322688342921));
#2971=DIRECTION('',(0.469605118057844,-0.567502118345371,-0.67632268834292));
#2972=DIRECTION('center_axis',(0.,0.766044443118978,-0.642787609686539));
#2973=DIRECTION('ref_axis',(0.241995281665114,-0.623682307473044,-0.743275630568446));
#2974=DIRECTION('',(9.97859579674416E-16,0.642787609686539,0.766044443118978));
#2975=DIRECTION('',(-1.78189210656147E-16,-0.642787609686539,-0.766044443118978));
#2976=DIRECTION('center_axis',(0.,0.766044443118978,-0.642787609686539));
#2977=DIRECTION('ref_axis',(-0.223781235226082,-0.626486129812981,-0.746617095915063));
#2978=DIRECTION('',(0.436212017372026,0.578408520834541,0.689320432691666));
#2979=DIRECTION('',(-0.436212017371996,-0.57840852083455,-0.689320432691677));
#2980=DIRECTION('center_axis',(0.,0.766044443118978,-0.642787609686539));
#2981=DIRECTION('ref_axis',(-0.847411357420938,-0.341279660562324,-0.406721261554481));
#2982=DIRECTION('',(1.,-1.18590722552073E-15,-1.41330919649777E-15));
#2983=DIRECTION('center_axis',(0.,0.766044443118978,-0.642787609686539));
#2984=DIRECTION('ref_axis',(0.857206252327247,-0.331018419898739,-0.394492391129181));
#2985=DIRECTION('',(-0.469605118057843,0.567502118345371,0.676322688342921));
#2986=DIRECTION('',(0.469605118057844,-0.567502118345371,-0.67632268834292));
#2987=DIRECTION('center_axis',(0.,0.766044443118978,-0.642787609686539));
#2988=DIRECTION('ref_axis',(0.241995281665099,-0.623682307473047,-0.743275630568449));
#2989=DIRECTION('',(9.97859579674416E-16,0.642787609686539,0.766044443118978));
#2990=DIRECTION('',(0.,0.642787609686539,0.766044443118978));
#2991=DIRECTION('center_axis',(1.,0.,0.));
#2992=DIRECTION('ref_axis',(0.,1.,0.));
#2993=DIRECTION('',(0.,0.766044443118978,-0.642787609686539));
#2994=DIRECTION('center_axis',(1.,0.,0.));
#2995=DIRECTION('ref_axis',(0.,-0.996194698091746,-0.0871557427476584));
#2996=DIRECTION('',(0.,-0.642787609686539,-0.766044443118978));
#2997=DIRECTION('',(0.,-0.766044443118978,0.642787609686539));
#2998=DIRECTION('',(0.,0.642787609686539,0.766044443118978));
#2999=DIRECTION('',(0.,-0.766044443118978,0.642787609686539));
#3000=DIRECTION('',(0.,0.642787609686539,0.766044443118978));
#3001=DIRECTION('',(0.,-0.766044443118975,0.642787609686543));
#3002=DIRECTION('',(0.,-0.642787609686539,-0.766044443118978));
#3003=DIRECTION('center_axis',(1.,0.,0.));
#3004=DIRECTION('ref_axis',(0.,-0.996194698091746,-0.0871557427476584));
#3005=DIRECTION('center_axis',(-1.,0.,0.));
#3006=DIRECTION('ref_axis',(0.,-0.996194698091746,-0.0871557427476584));
#3007=DIRECTION('',(-1.,0.,0.));
#3008=DIRECTION('',(1.,0.,0.));
#3009=DIRECTION('center_axis',(0.,-0.766044443118978,0.642787609686539));
#3010=DIRECTION('ref_axis',(0.,-0.642787609686539,-0.766044443118978));
#3011=DIRECTION('',(0.,-0.642787609686539,-0.766044443118978));
#3012=DIRECTION('',(1.,0.,0.));
#3013=DIRECTION('center_axis',(0.,0.,1.));
#3014=DIRECTION('ref_axis',(0.707106781186546,0.707106781186549,0.));
#3015=DIRECTION('',(0.,0.,1.));
#3016=DIRECTION('center_axis',(0.,1.08833385969672E-16,1.));
#3017=DIRECTION('ref_axis',(0.707106781186546,0.707106781186549,0.));
#3018=DIRECTION('',(0.,0.,-1.));
#3019=DIRECTION('center_axis',(-1.,0.,0.));
#3020=DIRECTION('ref_axis',(0.,-1.,0.));
#3021=DIRECTION('',(0.,-0.642787609686538,-0.766044443118979));
#3022=DIRECTION('',(0.,-1.,1.08833385969672E-16));
#3023=DIRECTION('center_axis',(0.,0.,1.));
#3024=DIRECTION('ref_axis',(-0.707106781186547,0.707106781186548,0.));
#3025=DIRECTION('',(0.,0.,1.));
#3026=DIRECTION('center_axis',(0.,1.08833385969672E-16,1.));
#3027=DIRECTION('ref_axis',(-0.707106781186547,0.707106781186548,0.));
#3028=DIRECTION('',(0.,0.,-1.));
#3029=DIRECTION('center_axis',(0.,-1.,0.));
#3030=DIRECTION('ref_axis',(0.,0.,-1.));
#3031=DIRECTION('',(1.,0.,0.));
#3032=DIRECTION('',(1.,0.,0.));
#3033=DIRECTION('center_axis',(-1.,-4.2700885562506E-16,0.));
#3034=DIRECTION('ref_axis',(-4.2700885562506E-16,1.,0.));
#3035=DIRECTION('',(-4.2700885562506E-16,1.,-1.08833385969672E-16));
#3036=DIRECTION('',(0.,0.,-1.));
#3037=DIRECTION('',(0.,0.,-1.));
#3038=DIRECTION('center_axis',(0.,0.,-1.));
#3039=DIRECTION('ref_axis',(-1.,0.,0.));
#3040=DIRECTION('center_axis',(0.,-1.08833385969672E-16,-1.));
#3041=DIRECTION('ref_axis',(-1.,0.,0.));
#3042=DIRECTION('',(0.,0.,-1.));
#3043=DIRECTION('center_axis',(1.,2.56205313375036E-16,0.));
#3044=DIRECTION('ref_axis',(2.56205313375036E-16,-1.,0.));
#3045=DIRECTION('',(2.56205313375036E-16,-1.,1.08833385969672E-16));
#3046=DIRECTION('',(0.,0.,-1.));
#3047=DIRECTION('center_axis',(0.,0.,-1.));
#3048=DIRECTION('ref_axis',(1.,0.,0.));
#3049=DIRECTION('center_axis',(0.,-1.08833385969672E-16,-1.));
#3050=DIRECTION('ref_axis',(1.,0.,0.));
#3051=DIRECTION('center_axis',(0.,0.,-1.));
#3052=DIRECTION('ref_axis',(1.,0.,0.));
#3053=DIRECTION('center_axis',(0.,1.08833385969672E-16,1.));
#3054=DIRECTION('ref_axis',(1.,0.,0.));
#3055=DIRECTION('',(0.,0.,1.));
#3056=DIRECTION('center_axis',(0.,0.,-1.));
#3057=DIRECTION('ref_axis',(-1.66533453693773E-15,1.,0.));
#3058=DIRECTION('center_axis',(0.,1.08833385969672E-16,1.));
#3059=DIRECTION('ref_axis',(-1.66533453693773E-15,1.,0.));
#3060=DIRECTION('',(0.,0.,1.));
#3061=DIRECTION('',(0.,0.,1.));
#3062=DIRECTION('center_axis',(-1.,0.,0.));
#3063=DIRECTION('ref_axis',(0.,-1.,0.));
#3064=DIRECTION('',(0.,0.,-1.));
#3065=DIRECTION('',(0.,-1.,1.08833385969672E-16));
#3066=DIRECTION('center_axis',(0.,1.,0.));
#3067=DIRECTION('ref_axis',(0.,0.,1.));
#3068=DIRECTION('',(1.,0.,0.));
#3069=DIRECTION('center_axis',(0.,0.766044443118979,-0.642787609686538));
#3070=DIRECTION('ref_axis',(0.,0.642787609686538,0.766044443118979));
#3071=DIRECTION('',(0.,0.642787609686538,0.766044443118979));
#3072=DIRECTION('center_axis',(0.,1.08833385969672E-16,1.));
#3073=DIRECTION('ref_axis',(0.,-1.,1.08833385969672E-16));
#3074=DIRECTION('',(1.,0.,0.));
#3075=DIRECTION('',(0.,-1.,1.08833385969672E-16));
#3076=DIRECTION('center_axis',(0.,1.08833385969672E-16,1.));
#3077=DIRECTION('ref_axis',(1.,0.,0.));
#3078=DIRECTION('',(1.,0.,0.));
#3079=DIRECTION('center_axis',(0.,1.08833385969672E-16,1.));
#3080=DIRECTION('ref_axis',(-1.66533453693773E-15,1.,0.));
#3081=DIRECTION('',(0.,-1.,1.08833385969672E-16));
#3082=DIRECTION('',(0.,-1.,1.08833385969672E-16));
#3083=DIRECTION('',(-4.2700885562506E-16,1.,-1.08833385969672E-16));
#3084=DIRECTION('center_axis',(0.,-1.08833385969672E-16,-1.));
#3085=DIRECTION('ref_axis',(1.,0.,0.));
#3086=DIRECTION('',(2.56205313375036E-16,-1.,1.08833385969672E-16));
#3087=DIRECTION('center_axis',(0.,-1.08833385969672E-16,-1.));
#3088=DIRECTION('ref_axis',(-1.,0.,0.));
#3089=DIRECTION('center_axis',(0.,1.08833385969672E-16,1.));
#3090=DIRECTION('ref_axis',(0.,-1.,1.08833385969672E-16));
#3091=DIRECTION('',(1.,0.,0.));
#3092=DIRECTION('center_axis',(0.,0.,-1.));
#3093=DIRECTION('ref_axis',(1.,0.,0.));
#3094=DIRECTION('',(0.,0.,1.));
#3095=DIRECTION('',(0.,0.,1.));
#3096=DIRECTION('center_axis',(0.,0.,-1.));
#3097=DIRECTION('ref_axis',(-1.66533453693773E-15,1.,0.));
#3098=DIRECTION('',(0.,0.,1.));
#3099=DIRECTION('',(0.,0.,1.));
#3100=DIRECTION('center_axis',(-1.,-4.2700885562506E-16,0.));
#3101=DIRECTION('ref_axis',(-4.2700885562506E-16,1.,0.));
#3102=DIRECTION('',(0.,0.,-1.));
#3103=DIRECTION('',(0.,0.,-1.));
#3104=DIRECTION('center_axis',(0.,0.,-1.));
#3105=DIRECTION('ref_axis',(-1.,0.,0.));
#3106=DIRECTION('',(0.,0.,-1.));
#3107=DIRECTION('center_axis',(1.,2.56205313375036E-16,0.));
#3108=DIRECTION('ref_axis',(2.56205313375036E-16,-1.,0.));
#3109=DIRECTION('',(0.,0.,-1.));
#3110=DIRECTION('center_axis',(0.,0.,-1.));
#3111=DIRECTION('ref_axis',(1.,0.,0.));
#3112=DIRECTION('center_axis',(1.,0.,0.));
#3113=DIRECTION('ref_axis',(0.,0.,-1.));
#3114=DIRECTION('',(0.,0.,-1.));
#3115=DIRECTION('center_axis',(-1.,0.,0.));
#3116=DIRECTION('ref_axis',(0.,-1.,0.));
#3117=DIRECTION('center_axis',(0.,1.,0.));
#3118=DIRECTION('ref_axis',(0.,0.,1.));
#3119=DIRECTION('center_axis',(0.,1.,0.));
#3120=DIRECTION('ref_axis',(0.,0.,1.));
#3121=DIRECTION('center_axis',(1.,0.,0.));
#3122=DIRECTION('ref_axis',(0.,0.,-1.));
#3123=DIRECTION('center_axis',(0.,-0.766044443118978,0.642787609686539));
#3124=DIRECTION('ref_axis',(0.,-0.642787609686539,-0.766044443118978));
#3125=DIRECTION('',(-0.469605118057843,0.567502118345371,0.676322688342921));
#3126=DIRECTION('center_axis',(0.,0.766044443118978,-0.642787609686539));
#3127=DIRECTION('ref_axis',(-0.0187282550363521,0.64267487171467,0.76591008723598));
#3128=DIRECTION('',(-0.436212017371996,-0.57840852083455,-0.689320432691677));
#3129=DIRECTION('center_axis',(0.,-0.766044443118978,0.642787609686539));
#3130=DIRECTION('ref_axis',(0.,-0.642787609686539,-0.766044443118978));
#3131=DIRECTION('',(-0.469605118057843,0.567502118345371,0.676322688342921));
#3132=DIRECTION('center_axis',(0.,0.766044443118978,-0.642787609686539));
#3133=DIRECTION('ref_axis',(-0.0187282550363521,0.642674871714669,0.76591008723598));
#3134=DIRECTION('',(-0.436212017371996,-0.57840852083455,-0.689320432691677));
#3135=DIRECTION('center_axis',(0.,-0.766044443118978,0.642787609686539));
#3136=DIRECTION('ref_axis',(0.,-0.642787609686539,-0.766044443118978));
#3137=DIRECTION('',(-1.78189210656147E-16,-0.642787609686539,-0.766044443118978));
#3138=DIRECTION('',(0.436212017372026,0.578408520834541,0.689320432691666));
#3139=DIRECTION('center_axis',(0.,-0.766044443118978,0.642787609686539));
#3140=DIRECTION('ref_axis',(0.,-0.642787609686539,-0.766044443118978));
#3141=DIRECTION('',(-1.78189210656147E-16,-0.642787609686539,-0.766044443118978));
#3142=DIRECTION('',(0.436212017372026,0.578408520834541,0.689320432691666));
#3143=DIRECTION('center_axis',(0.,-0.766044443118978,0.642787609686539));
#3144=DIRECTION('ref_axis',(0.,-0.642787609686539,-0.766044443118978));
#3145=DIRECTION('',(9.97859579674416E-16,0.642787609686539,0.766044443118978));
#3146=DIRECTION('',(0.469605118057844,-0.567502118345371,-0.67632268834292));
#3147=DIRECTION('center_axis',(0.,-0.766044443118978,0.642787609686539));
#3148=DIRECTION('ref_axis',(0.,-0.642787609686539,-0.766044443118978));
#3149=DIRECTION('',(9.97859579674416E-16,0.642787609686539,0.766044443118978));
#3150=DIRECTION('',(0.469605118057844,-0.567502118345371,-0.67632268834292));
#3151=DIRECTION('center_axis',(0.,0.766044443118978,-0.642787609686539));
#3152=DIRECTION('ref_axis',(0.,0.642787609686539,0.766044443118978));
#3153=DIRECTION('',(9.97859579674416E-16,0.642787609686539,0.766044443118978));
#3154=DIRECTION('center_axis',(0.,0.766044443118978,-0.642787609686539));
#3155=DIRECTION('ref_axis',(0.416745607515114,0.584308821762065,0.696352137519435));
#3156=DIRECTION('',(-0.757662815001748,-0.419512889090868,-0.499955992713619));
#3157=DIRECTION('center_axis',(0.,0.766044443118978,-0.642787609686539));
#3158=DIRECTION('ref_axis',(-0.982855119019181,0.118516884222565,0.141242922555314));
#3159=DIRECTION('',(0.469605118057844,-0.567502118345371,-0.67632268834292));
#3160=DIRECTION('',(0.436212017372026,0.578408520834541,0.689320432691666));
#3161=DIRECTION('center_axis',(0.,0.766044443118978,-0.642787609686539));
#3162=DIRECTION('ref_axis',(0.983646141404697,0.115773647674376,0.137973660543674));
#3163=DIRECTION('',(-0.726754380417309,0.441529153013785,0.526193954339256));
#3164=DIRECTION('center_axis',(0.,0.766044443118978,-0.642787609686539));
#3165=DIRECTION('ref_axis',(-0.395665626762649,0.590332694350899,0.703531109318506));
#3166=DIRECTION('',(-1.78189210656147E-16,-0.642787609686539,-0.766044443118978));
#3167=DIRECTION('center_axis',(0.,-0.766044443118978,0.642787609686539));
#3168=DIRECTION('ref_axis',(-0.707106781186546,0.454519477672046,0.541675220419702));
#3169=DIRECTION('',(1.,0.,0.));
#3170=DIRECTION('center_axis',(0.,-0.766044443118978,0.642787609686539));
#3171=DIRECTION('ref_axis',(0.707106781186546,0.454519477672046,0.541675220419702));
#3172=DIRECTION('',(0.,0.642787609686539,0.766044443118978));
#3173=DIRECTION('',(9.97859579674416E-16,0.642787609686539,0.766044443118978));
#3174=DIRECTION('center_axis',(0.,0.766044443118978,-0.642787609686539));
#3175=DIRECTION('ref_axis',(0.416745607515123,0.584308821762066,0.696352137519428));
#3176=DIRECTION('',(-0.757662815001748,-0.419512889090868,-0.499955992713619));
#3177=DIRECTION('center_axis',(0.,0.766044443118978,-0.642787609686539));
#3178=DIRECTION('ref_axis',(-0.982855119019181,0.118516884222566,0.141242922555315));
#3179=DIRECTION('',(0.469605118057844,-0.567502118345371,-0.67632268834292));
#3180=DIRECTION('',(0.436212017372026,0.578408520834541,0.689320432691666));
#3181=DIRECTION('center_axis',(0.,0.766044443118978,-0.642787609686539));
#3182=DIRECTION('ref_axis',(0.983646141404697,0.115773647674376,0.137973660543674));
#3183=DIRECTION('',(-0.726754380417309,0.441529153013785,0.526193954339256));
#3184=DIRECTION('center_axis',(0.,0.766044443118978,-0.642787609686539));
#3185=DIRECTION('ref_axis',(-0.395665626762643,0.590332694350901,0.703531109318508));
#3186=DIRECTION('',(-1.78189210656147E-16,-0.642787609686539,-0.766044443118978));
#3187=DIRECTION('',(-1.,8.1319352607136E-16,9.69126306169897E-16));
#3188=DIRECTION('center_axis',(0.,0.766044443118978,-0.642787609686539));
#3189=DIRECTION('ref_axis',(-0.929180924367613,0.237590517322712,0.283149352585651));
#3190=DIRECTION('',(0.726754380417309,-0.441529153013785,-0.526193954339256));
#3191=DIRECTION('center_axis',(0.,0.766044443118978,-0.642787609686539));
#3192=DIRECTION('ref_axis',(-0.0230677146454349,-0.642616567032183,-0.765840602421162));
#3193=DIRECTION('',(0.757662815001748,0.419512889090868,0.499955992713618));
#3194=DIRECTION('center_axis',(0.,0.766044443118978,-0.642787609686539));
#3195=DIRECTION('ref_axis',(0.937460083150673,0.223749734325196,0.266654549724052));
#3196=DIRECTION('',(-1.,8.1319352607136E-16,9.69126306169897E-16));
#3197=DIRECTION('center_axis',(0.,0.766044443118978,-0.642787609686539));
#3198=DIRECTION('ref_axis',(-0.929180924367616,0.237590517322703,0.283149352585651));
#3199=DIRECTION('',(0.726754380417309,-0.441529153013785,-0.526193954339256));
#3200=DIRECTION('center_axis',(0.,0.766044443118978,-0.642787609686539));
#3201=DIRECTION('ref_axis',(-0.0230677146454337,-0.642616567032183,-0.765840602421162));
#3202=DIRECTION('',(0.757662815001748,0.419512889090868,0.499955992713618));
#3203=DIRECTION('center_axis',(0.,0.766044443118978,-0.642787609686539));
#3204=DIRECTION('ref_axis',(0.937460083150677,0.223749734325195,0.26665454972404));
#3205=DIRECTION('center_axis',(0.,-0.766044443118975,0.642787609686543));
#3206=DIRECTION('ref_axis',(0.707106781186546,0.454519477672046,0.541675220419702));
#3207=DIRECTION('center_axis',(0.,0.766044443118978,-0.642787609686539));
#3208=DIRECTION('ref_axis',(0.707106781186546,0.454519477672046,0.541675220419702));
#3209=DIRECTION('',(0.,0.766044443118975,-0.642787609686543));
#3210=DIRECTION('',(0.,-0.766044443118975,0.642787609686543));
#3211=DIRECTION('center_axis',(0.,-0.766044443118978,0.642787609686539));
#3212=DIRECTION('ref_axis',(0.,-0.642787609686539,-0.766044443118978));
#3213=DIRECTION('',(1.,0.,0.));
#3214=DIRECTION('center_axis',(0.,0.766044443118978,-0.642787609686539));
#3215=DIRECTION('ref_axis',(-0.707106781186546,0.454519477672046,0.541675220419702));
#3216=DIRECTION('',(1.,0.,0.));
#3217=DIRECTION('',(0.,-0.642787609686539,-0.766044443118978));
#3218=DIRECTION('',(-9.97859579674416E-16,-0.642787609686539,-0.766044443118978));
#3219=DIRECTION('center_axis',(0.,-0.766044443118978,0.642787609686539));
#3220=DIRECTION('ref_axis',(0.241995281665114,-0.623682307473044,-0.743275630568446));
#3221=DIRECTION('',(-0.469605118057844,0.567502118345371,0.67632268834292));
#3222=DIRECTION('center_axis',(0.,-0.766044443118978,0.642787609686539));
#3223=DIRECTION('ref_axis',(-0.982855119019181,0.118516884222565,0.141242922555314));
#3224=DIRECTION('',(0.757662815001748,0.419512889090868,0.499955992713619));
#3225=DIRECTION('center_axis',(0.,-0.766044443118978,0.642787609686539));
#3226=DIRECTION('ref_axis',(0.416745607515114,0.584308821762065,0.696352137519435));
#3227=DIRECTION('',(1.,-8.1319352607136E-16,-9.69126306169897E-16));
#3228=DIRECTION('center_axis',(0.,-0.766044443118978,0.642787609686539));
#3229=DIRECTION('ref_axis',(0.937460083150677,0.223749734325195,0.26665454972404));
#3230=DIRECTION('',(-0.757662815001748,-0.419512889090868,-0.499955992713619));
#3231=DIRECTION('center_axis',(0.,-0.766044443118978,0.642787609686539));
#3232=DIRECTION('ref_axis',(-0.0230677146454337,-0.642616567032183,-0.765840602421162));
#3233=DIRECTION('',(-0.726754380417309,0.441529153013785,0.526193954339257));
#3234=DIRECTION('center_axis',(0.,-0.766044443118978,0.642787609686539));
#3235=DIRECTION('ref_axis',(-0.929180924367616,0.237590517322703,0.283149352585651));
#3236=DIRECTION('',(0.469605118057843,-0.567502118345371,-0.676322688342921));
#3237=DIRECTION('center_axis',(0.,-0.766044443118978,0.642787609686539));
#3238=DIRECTION('ref_axis',(0.857206252327245,-0.331018419898742,-0.394492391129183));
#3239=DIRECTION('',(-1.,1.18590722552073E-15,1.41330919649777E-15));
#3240=DIRECTION('center_axis',(0.,-0.766044443118978,0.642787609686539));
#3241=DIRECTION('ref_axis',(-0.847411357420938,-0.341279660562323,-0.406721261554481));
#3242=DIRECTION('',(0.436212017371996,0.57840852083455,0.689320432691678));
#3243=DIRECTION('center_axis',(0.,-0.766044443118978,0.642787609686539));
#3244=DIRECTION('ref_axis',(-0.0187282550363521,0.64267487171467,0.76591008723598));
#3245=DIRECTION('',(-0.436212017372026,-0.57840852083454,-0.689320432691667));
#3246=DIRECTION('center_axis',(0.,-0.766044443118978,0.642787609686539));
#3247=DIRECTION('ref_axis',(-0.223781235226077,-0.626486129812982,-0.746617095915063));
#3248=DIRECTION('',(1.78189210656147E-16,0.642787609686539,0.766044443118978));
#3249=DIRECTION('center_axis',(0.,-0.766044443118978,0.642787609686539));
#3250=DIRECTION('ref_axis',(-0.395665626762649,0.590332694350899,0.703531109318506));
#3251=DIRECTION('',(0.726754380417309,-0.441529153013784,-0.526193954339256));
#3252=DIRECTION('center_axis',(0.,-0.766044443118978,0.642787609686539));
#3253=DIRECTION('ref_axis',(0.983646141404697,0.115773647674376,0.137973660543674));
#3254=DIRECTION('',(0.469605118057843,-0.567502118345371,-0.676322688342921));
#3255=DIRECTION('center_axis',(0.,-0.766044443118978,0.642787609686539));
#3256=DIRECTION('ref_axis',(0.857206252327247,-0.331018419898739,-0.394492391129181));
#3257=DIRECTION('',(-1.,1.18590722552073E-15,1.41330919649777E-15));
#3258=DIRECTION('center_axis',(0.,-0.766044443118978,0.642787609686539));
#3259=DIRECTION('ref_axis',(-0.847411357420938,-0.341279660562324,-0.406721261554481));
#3260=DIRECTION('',(0.436212017371996,0.57840852083455,0.689320432691678));
#3261=DIRECTION('center_axis',(0.,-0.766044443118978,0.642787609686539));
#3262=DIRECTION('ref_axis',(-0.0187282550363521,0.642674871714669,0.76591008723598));
#3263=DIRECTION('',(1.,-8.1319352607136E-16,-9.69126306169897E-16));
#3264=DIRECTION('center_axis',(0.,-0.766044443118978,0.642787609686539));
#3265=DIRECTION('ref_axis',(0.937460083150673,0.223749734325196,0.266654549724052));
#3266=DIRECTION('',(-0.757662815001748,-0.419512889090868,-0.499955992713619));
#3267=DIRECTION('center_axis',(0.,-0.766044443118978,0.642787609686539));
#3268=DIRECTION('ref_axis',(-0.0230677146454349,-0.642616567032183,-0.765840602421162));
#3269=DIRECTION('',(-0.726754380417309,0.441529153013785,0.526193954339257));
#3270=DIRECTION('center_axis',(0.,-0.766044443118978,0.642787609686539));
#3271=DIRECTION('ref_axis',(-0.929180924367613,0.237590517322712,0.283149352585651));
#3272=DIRECTION('',(-0.436212017372026,-0.57840852083454,-0.689320432691667));
#3273=DIRECTION('center_axis',(0.,-0.766044443118978,0.642787609686539));
#3274=DIRECTION('ref_axis',(-0.223781235226082,-0.626486129812981,-0.746617095915063));
#3275=DIRECTION('',(1.78189210656147E-16,0.642787609686539,0.766044443118978));
#3276=DIRECTION('center_axis',(0.,-0.766044443118978,0.642787609686539));
#3277=DIRECTION('ref_axis',(-0.395665626762643,0.590332694350901,0.703531109318508));
#3278=DIRECTION('',(0.726754380417309,-0.441529153013784,-0.526193954339256));
#3279=DIRECTION('center_axis',(0.,-0.766044443118978,0.642787609686539));
#3280=DIRECTION('ref_axis',(0.983646141404697,0.115773647674376,0.137973660543674));
#3281=DIRECTION('',(-9.97859579674416E-16,-0.642787609686539,-0.766044443118978));
#3282=DIRECTION('center_axis',(0.,-0.766044443118978,0.642787609686539));
#3283=DIRECTION('ref_axis',(0.241995281665099,-0.623682307473047,-0.743275630568449));
#3284=DIRECTION('',(-0.469605118057844,0.567502118345371,0.67632268834292));
#3285=DIRECTION('center_axis',(0.,-0.766044443118978,0.642787609686539));
#3286=DIRECTION('ref_axis',(-0.982855119019181,0.118516884222566,0.141242922555315));
#3287=DIRECTION('',(0.757662815001748,0.419512889090868,0.499955992713619));
#3288=DIRECTION('center_axis',(0.,-0.766044443118978,0.642787609686539));
#3289=DIRECTION('ref_axis',(0.416745607515123,0.584308821762066,0.696352137519428));
#3290=DIRECTION('center_axis',(0.,0.642787609686543,0.766044443118975));
#3291=DIRECTION('ref_axis',(0.,-0.766044443118975,0.642787609686543));
#3292=DIRECTION('',(0.,0.766044443118975,-0.642787609686543));
#3293=DIRECTION('center_axis',(0.,0.766044443118975,-0.642787609686543));
#3294=DIRECTION('ref_axis',(-0.707106781186546,0.454519477672046,0.541675220419702));
#3295=DIRECTION('center_axis',(2.91061468270162E-17,0.766044443118978,-0.642787609686539));
#3296=DIRECTION('ref_axis',(0.983646141404697,0.115773647674376,0.137973660543674));
#3297=DIRECTION('',(1.0536708035033E-16,0.766044443118978,-0.642787609686539));
#3298=DIRECTION('',(2.08452249630407E-17,-0.766044443118978,0.642787609686539));
#3299=DIRECTION('center_axis',(0.686897423597042,0.467148711017664,0.556726154631055));
#3300=DIRECTION('ref_axis',(0.726754380417309,-0.441529153013784,-0.526193954339256));
#3301=DIRECTION('',(-1.6960271552819E-32,-0.766044443118978,0.642787609686539));
#3302=DIRECTION('center_axis',(2.91061468270162E-17,0.766044443118978,-0.642787609686539));
#3303=DIRECTION('ref_axis',(0.983646141404697,0.115773647674376,0.137973660543674));
#3304=DIRECTION('',(1.0536708035033E-16,0.766044443118978,-0.642787609686539));
#3305=DIRECTION('',(2.08452249630407E-17,-0.766044443118978,0.642787609686539));
#3306=DIRECTION('center_axis',(0.686897423597042,0.467148711017664,0.556726154631055));
#3307=DIRECTION('ref_axis',(0.726754380417309,-0.441529153013784,-0.526193954339256));
#3308=DIRECTION('',(-1.6960271552819E-32,-0.766044443118978,0.642787609686539));
#3309=DIRECTION('center_axis',(-5.58041162408842E-17,0.766044443118978,
-0.642787609686539));
#3310=DIRECTION('ref_axis',(-0.0230677146454337,-0.642616567032183,-0.765840602421162));
#3311=DIRECTION('',(-5.58041162408842E-17,0.766044443118978,-0.642787609686539));
#3312=DIRECTION('',(5.58041162408842E-17,-0.766044443118978,0.642787609686539));
#3313=DIRECTION('center_axis',(0.652646197233713,-0.487016269803348,-0.580403389189972));
#3314=DIRECTION('ref_axis',(-0.757662815001748,-0.419512889090868,-0.499955992713619));
#3315=DIRECTION('',(1.21284645742675E-16,-0.766044443118978,0.642787609686539));
#3316=DIRECTION('center_axis',(-5.58041162408842E-17,0.766044443118978,
-0.642787609686539));
#3317=DIRECTION('ref_axis',(-0.0230677146454349,-0.642616567032183,-0.765840602421162));
#3318=DIRECTION('',(-5.58041162408842E-17,0.766044443118978,-0.642787609686539));
#3319=DIRECTION('',(5.58041162408842E-17,-0.766044443118978,0.642787609686539));
#3320=DIRECTION('center_axis',(0.652646197233713,-0.487016269803348,-0.580403389189972));
#3321=DIRECTION('ref_axis',(-0.757662815001748,-0.419512889090868,-0.499955992713619));
#3322=DIRECTION('',(1.21284645742675E-16,-0.766044443118978,0.642787609686539));
#3323=DIRECTION('center_axis',(2.84553279907729E-17,0.766044443118978,-0.642787609686539));
#3324=DIRECTION('ref_axis',(-0.982855119019181,0.118516884222565,0.141242922555314));
#3325=DIRECTION('',(2.84553279907729E-17,0.766044443118978,-0.642787609686539));
#3326=DIRECTION('',(-2.84553279907729E-17,-0.766044443118978,0.642787609686539));
#3327=DIRECTION('center_axis',(-0.882876567303651,-0.301856351332967,-0.359738391148443));
#3328=DIRECTION('ref_axis',(-0.469605118057844,0.567502118345371,0.67632268834292));
#3329=DIRECTION('',(0.,-0.766044443118978,0.642787609686539));
#3330=DIRECTION('center_axis',(2.84553279907729E-17,0.766044443118978,-0.642787609686539));
#3331=DIRECTION('ref_axis',(-0.982855119019181,0.118516884222566,0.141242922555315));
#3332=DIRECTION('',(2.84553279907729E-17,0.766044443118978,-0.642787609686539));
#3333=DIRECTION('',(-2.84553279907729E-17,-0.766044443118978,0.642787609686539));
#3334=DIRECTION('center_axis',(-0.882876567303651,-0.301856351332967,-0.359738391148443));
#3335=DIRECTION('ref_axis',(-0.469605118057844,0.567502118345371,0.67632268834292));
#3336=DIRECTION('',(0.,-0.766044443118978,0.642787609686539));
#3337=DIRECTION('center_axis',(1.71820151303656E-17,0.766044443118978,-0.642787609686539));
#3338=DIRECTION('ref_axis',(-0.0187282550363521,0.642674871714669,0.76591008723598));
#3339=DIRECTION('',(1.71820151303656E-17,0.766044443118978,-0.642787609686539));
#3340=DIRECTION('',(3.18274795157612E-17,-0.766044443118978,0.642787609686539));
#3341=DIRECTION('center_axis',(-0.899843917521396,0.280391679963089,0.334157791929537));
#3342=DIRECTION('ref_axis',(0.436212017371997,0.57840852083455,0.689320432691678));
#3343=DIRECTION('',(0.,-0.766044443118978,0.642787609686539));
#3344=DIRECTION('center_axis',(1.71820151303656E-17,0.766044443118978,-0.642787609686539));
#3345=DIRECTION('ref_axis',(-0.0187282550363521,0.64267487171467,0.76591008723598));
#3346=DIRECTION('',(1.71820151303656E-17,0.766044443118978,-0.642787609686539));
#3347=DIRECTION('',(3.18274795157612E-17,-0.766044443118978,0.642787609686539));
#3348=DIRECTION('center_axis',(-0.899843917521396,0.280391679963089,0.334157791929537));
#3349=DIRECTION('ref_axis',(0.436212017371997,0.57840852083455,0.689320432691678));
#3350=DIRECTION('',(0.,-0.766044443118978,0.642787609686539));
#3351=DIRECTION('center_axis',(0.,0.766044443118978,-0.642787609686539));
#3352=DIRECTION('ref_axis',(0.241995281665099,-0.623682307473047,-0.743275630568449));
#3353=DIRECTION('',(0.,0.766044443118978,-0.642787609686539));
#3354=DIRECTION('center_axis',(1.,-6.41411774021733E-16,-7.64404786022626E-16));
#3355=DIRECTION('ref_axis',(-9.97859579674416E-16,-0.642787609686539,-0.766044443118978));
#3356=DIRECTION('',(0.,-0.766044443118978,0.642787609686539));
#3357=DIRECTION('center_axis',(0.,0.766044443118978,-0.642787609686539));
#3358=DIRECTION('ref_axis',(-0.847411357420938,-0.341279660562324,-0.406721261554481));
#3359=DIRECTION('',(0.,0.766044443118978,-0.642787609686539));
#3360=DIRECTION('center_axis',(-1.84494412718853E-15,-0.642787609686539,
-0.766044443118978));
#3361=DIRECTION('ref_axis',(-1.,1.18590722552073E-15,1.41330919649777E-15));
#3362=DIRECTION('',(-3.14376625720127E-17,-0.766044443118978,0.642787609686539));
#3363=DIRECTION('center_axis',(3.14376625720126E-17,0.766044443118978,-0.642787609686539));
#3364=DIRECTION('ref_axis',(0.857206252327247,-0.331018419898739,-0.394492391129181));
#3365=DIRECTION('',(5.5942409895076E-17,0.766044443118978,-0.642787609686539));
#3366=DIRECTION('center_axis',(0.882876567303652,0.301856351332966,0.359738391148442));
#3367=DIRECTION('ref_axis',(0.469605118057843,-0.567502118345371,-0.676322688342921));
#3368=DIRECTION('center_axis',(3.14376625720126E-17,0.766044443118978,-0.642787609686539));
#3369=DIRECTION('ref_axis',(0.857206252327245,-0.331018419898742,-0.394492391129183));
#3370=DIRECTION('',(5.5942409895076E-17,0.766044443118978,-0.642787609686539));
#3371=DIRECTION('',(-3.14376625720127E-17,-0.766044443118978,0.642787609686539));
#3372=DIRECTION('center_axis',(0.882876567303652,0.301856351332966,0.359738391148442));
#3373=DIRECTION('ref_axis',(0.469605118057843,-0.567502118345371,-0.676322688342921));
#3374=DIRECTION('center_axis',(0.,0.766044443118978,-0.642787609686539));
#3375=DIRECTION('ref_axis',(0.241995281665114,-0.623682307473044,-0.743275630568446));
#3376=DIRECTION('',(0.,0.766044443118978,-0.642787609686539));
#3377=DIRECTION('center_axis',(1.,-6.41411774021733E-16,-7.64404786022626E-16));
#3378=DIRECTION('ref_axis',(-9.97859579674416E-16,-0.642787609686539,-0.766044443118978));
#3379=DIRECTION('',(0.,-0.766044443118978,0.642787609686539));
#3380=DIRECTION('center_axis',(0.,0.766044443118978,-0.642787609686539));
#3381=DIRECTION('ref_axis',(-0.223781235226082,-0.626486129812981,-0.746617095915063));
#3382=DIRECTION('',(0.,0.766044443118978,-0.642787609686539));
#3383=DIRECTION('',(-1.23259516440783E-32,-0.766044443118978,0.642787609686539));
#3384=DIRECTION('center_axis',(0.899843917521382,-0.280391679963108,-0.33415779192956));
#3385=DIRECTION('ref_axis',(-0.436212017372026,-0.57840852083454,-0.689320432691667));
#3386=DIRECTION('center_axis',(0.,0.766044443118978,-0.642787609686539));
#3387=DIRECTION('ref_axis',(-0.929180924367613,0.237590517322712,0.283149352585651));
#3388=DIRECTION('',(-3.81304667616568E-17,0.766044443118978,-0.642787609686539));
#3389=DIRECTION('',(0.,-0.766044443118978,0.642787609686539));
#3390=DIRECTION('center_axis',(-0.686897423597042,-0.467148711017664,-0.556726154631055));
#3391=DIRECTION('ref_axis',(-0.726754380417309,0.441529153013785,0.526193954339257));
#3392=DIRECTION('center_axis',(1.6960271552819E-32,0.766044443118978,-0.642787609686539));
#3393=DIRECTION('ref_axis',(-0.395665626762643,0.590332694350901,0.703531109318508));
#3394=DIRECTION('',(2.92862231968973E-32,0.766044443118978,-0.642787609686539));
#3395=DIRECTION('center_axis',(-1.,1.14537816789596E-16,1.36500854646899E-16));
#3396=DIRECTION('ref_axis',(1.78189210656147E-16,0.642787609686539,0.766044443118978));
#3397=DIRECTION('center_axis',(0.,0.766044443118978,-0.642787609686539));
#3398=DIRECTION('ref_axis',(0.416745607515123,0.584308821762066,0.696352137519428));
#3399=DIRECTION('',(3.6229141755146E-17,0.766044443118978,-0.642787609686539));
#3400=DIRECTION('center_axis',(-0.652646197233713,0.487016269803348,0.580403389189971));
#3401=DIRECTION('ref_axis',(0.757662815001748,0.419512889090868,0.499955992713619));
#3402=DIRECTION('center_axis',(0.,0.766044443118978,-0.642787609686539));
#3403=DIRECTION('ref_axis',(0.416745607515114,0.584308821762065,0.696352137519435));
#3404=DIRECTION('',(3.6229141755146E-17,0.766044443118978,-0.642787609686539));
#3405=DIRECTION('center_axis',(-0.652646197233713,0.487016269803348,0.580403389189971));
#3406=DIRECTION('ref_axis',(0.757662815001748,0.419512889090868,0.499955992713619));
#3407=DIRECTION('center_axis',(-8.5055503987529E-17,0.766044443118978,-0.642787609686539));
#3408=DIRECTION('ref_axis',(0.937460083150673,0.223749734325196,0.266654549724052));
#3409=DIRECTION('',(-8.50555039875289E-17,0.766044443118978,-0.642787609686539));
#3410=DIRECTION('center_axis',(1.26510454435785E-15,0.642787609686539,0.766044443118978));
#3411=DIRECTION('ref_axis',(1.,-8.1319352607136E-16,-9.69126306169897E-16));
#3412=DIRECTION('center_axis',(-8.5055503987529E-17,0.766044443118978,-0.642787609686539));
#3413=DIRECTION('ref_axis',(0.937460083150677,0.223749734325195,0.26665454972404));
#3414=DIRECTION('',(-8.50555039875289E-17,0.766044443118978,-0.642787609686539));
#3415=DIRECTION('center_axis',(1.26510454435785E-15,0.642787609686539,0.766044443118978));
#3416=DIRECTION('ref_axis',(1.,-8.1319352607136E-16,-9.69126306169897E-16));
#3417=DIRECTION('',(0.,-0.766044443118978,0.642787609686539));
#3418=DIRECTION('center_axis',(0.,0.766044443118978,-0.642787609686539));
#3419=DIRECTION('ref_axis',(-0.929180924367616,0.237590517322703,0.283149352585651));
#3420=DIRECTION('',(-3.81304667616568E-17,0.766044443118978,-0.642787609686539));
#3421=DIRECTION('center_axis',(-0.686897423597042,-0.467148711017664,-0.556726154631055));
#3422=DIRECTION('ref_axis',(-0.726754380417309,0.441529153013785,0.526193954339257));
#3423=DIRECTION('center_axis',(1.6960271552819E-32,0.766044443118978,-0.642787609686539));
#3424=DIRECTION('ref_axis',(-0.395665626762649,0.590332694350899,0.703531109318506));
#3425=DIRECTION('',(2.92862231968973E-32,0.766044443118978,-0.642787609686539));
#3426=DIRECTION('center_axis',(-1.,1.14537816789596E-16,1.36500854646899E-16));
#3427=DIRECTION('ref_axis',(1.78189210656147E-16,0.642787609686539,0.766044443118978));
#3428=DIRECTION('',(-1.23259516440783E-32,-0.766044443118978,0.642787609686539));
#3429=DIRECTION('center_axis',(0.,0.766044443118978,-0.642787609686539));
#3430=DIRECTION('ref_axis',(-0.223781235226077,-0.626486129812982,-0.746617095915063));
#3431=DIRECTION('',(0.,0.766044443118978,-0.642787609686539));
#3432=DIRECTION('center_axis',(0.899843917521382,-0.280391679963108,-0.33415779192956));
#3433=DIRECTION('ref_axis',(-0.436212017372026,-0.57840852083454,-0.689320432691667));
#3434=DIRECTION('center_axis',(0.,0.766044443118978,-0.642787609686539));
#3435=DIRECTION('ref_axis',(-0.847411357420938,-0.341279660562323,-0.406721261554481));
#3436=DIRECTION('',(0.,0.766044443118978,-0.642787609686539));
#3437=DIRECTION('center_axis',(-1.84494412718853E-15,-0.642787609686539,
-0.766044443118978));
#3438=DIRECTION('ref_axis',(-1.,1.18590722552073E-15,1.41330919649777E-15));
#3439=DIRECTION('center_axis',(0.,-0.642787609686539,-0.766044443118978));
#3440=DIRECTION('ref_axis',(0.,0.766044443118978,-0.642787609686539));
#3441=DIRECTION('',(0.,0.766044443118978,-0.642787609686539));
#3442=DIRECTION('center_axis',(0.,0.642787609686539,0.766044443118978));
#3443=DIRECTION('ref_axis',(0.,-0.766044443118978,0.642787609686539));
#3444=DIRECTION('',(0.,-0.766044443118978,0.642787609686539));
#3445=DIRECTION('',(1.,0.,0.));
#3446=DIRECTION('center_axis',(0.,0.766044443118978,-0.642787609686539));
#3447=DIRECTION('ref_axis',(0.,0.642787609686539,0.766044443118978));
#3448=DIRECTION('',(0.,0.642787609686539,0.766044443118978));
#3449=DIRECTION('',(1.,0.,0.));
#3450=DIRECTION('center_axis',(0.,0.642787609686539,0.766044443118978));
#3451=DIRECTION('ref_axis',(0.,-0.766044443118978,0.642787609686539));
#3452=DIRECTION('',(0.,-0.766044443118978,0.642787609686539));
#3453=DIRECTION('center_axis',(1.,0.,0.));
#3454=DIRECTION('ref_axis',(0.,0.,-1.));
#3455=CARTESIAN_POINT('',(0.,0.,0.));
#3456=CARTESIAN_POINT('Origin',(239.667237469702,98.0910216937525,34.5));
#3457=CARTESIAN_POINT('',(239.667237469702,98.0910216937525,40.));
#3458=CARTESIAN_POINT('',(242.931158827423,98.0910216937525,38.9268292682927));
#3459=CARTESIAN_POINT('Origin',(239.667237469702,98.0910216937525,34.5));
#3460=CARTESIAN_POINT('',(242.931158827423,88.0910216937525,38.9268292682927));
#3461=CARTESIAN_POINT('',(242.931158827423,98.0910216937525,38.9268292682927));
#3462=CARTESIAN_POINT('',(239.667237469702,88.0910216937525,40.));
#3463=CARTESIAN_POINT('Origin',(239.667237469702,88.0910216937525,34.5));
#3464=CARTESIAN_POINT('',(239.667237469702,98.0910216937525,40.));
#3465=CARTESIAN_POINT('Origin',(245.75,98.0910216937525,42.75));
#3466=CARTESIAN_POINT('',(250.5,98.0910216937525,42.75));
#3467=CARTESIAN_POINT('Origin',(245.75,98.0910216937525,42.75));
#3468=CARTESIAN_POINT('',(250.5,88.0910216937525,42.75));
#3469=CARTESIAN_POINT('',(250.5,98.0910216937525,42.75));
#3470=CARTESIAN_POINT('Origin',(245.75,88.0910216937525,42.75));
#3471=CARTESIAN_POINT('Origin',(239.667237469702,98.0910216937525,55.5));
#3472=CARTESIAN_POINT('',(239.667237469702,88.0910216937525,50.));
#3473=CARTESIAN_POINT('',(242.931158827423,88.0910216937525,51.0731707317073));
#3474=CARTESIAN_POINT('Origin',(239.667237469702,88.0910216937525,55.5));
#3475=CARTESIAN_POINT('',(242.931158827423,98.0910216937525,51.0731707317073));
#3476=CARTESIAN_POINT('',(242.931158827423,98.0910216937525,51.0731707317073));
#3477=CARTESIAN_POINT('',(239.667237469702,98.0910216937525,50.));
#3478=CARTESIAN_POINT('Origin',(239.667237469702,98.0910216937525,55.5));
#3479=CARTESIAN_POINT('',(239.667237469702,98.0910216937525,50.));
#3480=CARTESIAN_POINT('Origin',(245.75,98.0910216937525,47.25));
#3481=CARTESIAN_POINT('',(250.5,88.0910216937525,47.25));
#3482=CARTESIAN_POINT('Origin',(245.75,88.0910216937525,47.25));
#3483=CARTESIAN_POINT('',(250.5,98.0910216937525,47.25));
#3484=CARTESIAN_POINT('',(250.5,98.0910216937525,47.25));
#3485=CARTESIAN_POINT('Origin',(245.75,98.0910216937525,47.25));
#3486=CARTESIAN_POINT('Origin',(245.75,88.0910216937525,45.));
#3487=CARTESIAN_POINT('',(242.,88.0910216937525,50.));
#3488=CARTESIAN_POINT('',(126.875,88.0910216937525,50.));
#3489=CARTESIAN_POINT('',(242.,88.0910216937525,40.));
#3490=CARTESIAN_POINT('',(242.,88.0910216937525,45.));
#3491=CARTESIAN_POINT('',(122.875,88.0910216937525,40.));
#3492=CARTESIAN_POINT('',(250.5,88.0910216937525,47.25));
#3493=CARTESIAN_POINT('',(243.,88.0910216937525,47.25));
#3494=CARTESIAN_POINT('',(248.5,88.0910216937525,47.25));
#3495=CARTESIAN_POINT('Origin',(245.75,88.0910216937525,47.25));
#3496=CARTESIAN_POINT('',(248.5,88.0910216937525,42.75));
#3497=CARTESIAN_POINT('',(248.5,88.0910216937525,47.25));
#3498=CARTESIAN_POINT('',(243.,88.0910216937525,42.75));
#3499=CARTESIAN_POINT('Origin',(245.75,88.0910216937525,42.75));
#3500=CARTESIAN_POINT('',(243.,88.0910216937525,42.75));
#3501=CARTESIAN_POINT('Origin',(243.,98.0910216937525,42.75));
#3502=CARTESIAN_POINT('',(243.,98.0910216937525,47.25));
#3503=CARTESIAN_POINT('',(243.,98.0910216937525,42.75));
#3504=CARTESIAN_POINT('',(243.,98.0910216937525,42.75));
#3505=CARTESIAN_POINT('',(243.,98.0910216937525,47.25));
#3506=CARTESIAN_POINT('',(243.,98.0910216937525,42.75));
#3507=CARTESIAN_POINT('Origin',(245.75,98.0910216937525,42.75));
#3508=CARTESIAN_POINT('',(248.5,98.0910216937525,42.75));
#3509=CARTESIAN_POINT('Origin',(245.75,98.0910216937525,42.75));
#3510=CARTESIAN_POINT('',(248.5,98.0910216937525,42.75));
#3511=CARTESIAN_POINT('Origin',(248.5,98.0910216937525,47.25));
#3512=CARTESIAN_POINT('',(248.5,98.0910216937525,47.25));
#3513=CARTESIAN_POINT('',(248.5,98.0910216937525,47.25));
#3514=CARTESIAN_POINT('',(248.5,98.0910216937525,47.25));
#3515=CARTESIAN_POINT('Origin',(245.75,98.0910216937525,47.25));
#3516=CARTESIAN_POINT('Origin',(245.75,98.0910216937525,47.25));
#3517=CARTESIAN_POINT('Origin',(250.5,98.0910216937525,42.75));
#3518=CARTESIAN_POINT('',(250.5,98.0910216937525,47.25));
#3519=CARTESIAN_POINT('Origin',(245.75,98.0910216937525,45.));
#3520=CARTESIAN_POINT('',(242.,98.0910216937525,50.));
#3521=CARTESIAN_POINT('',(126.875,98.0910216937525,50.));
#3522=CARTESIAN_POINT('',(242.,98.0910216937525,40.));
#3523=CARTESIAN_POINT('',(122.875,98.0910216937525,40.));
#3524=CARTESIAN_POINT('',(242.,98.0910216937525,45.));
#3525=CARTESIAN_POINT('Origin',(0.,40.0910216937525,40.));
#3526=CARTESIAN_POINT('',(242.,48.7937369559677,40.));
#3527=CARTESIAN_POINT('',(242.,40.0910216937525,40.));
#3528=CARTESIAN_POINT('',(250.,40.0910216937525,40.));
#3529=CARTESIAN_POINT('',(188.644775402815,106.835652883573,40.));
#3530=CARTESIAN_POINT('',(234.375,40.0910216937525,40.));
#3531=CARTESIAN_POINT('',(0.,40.0910216937525,40.));
#3532=CARTESIAN_POINT('',(217.770228762151,40.0910216937525,40.));
#3533=CARTESIAN_POINT('',(0.,40.0910216937525,40.));
#3534=CARTESIAN_POINT('',(201.515481924049,40.0910216937525,40.));
#3535=CARTESIAN_POINT('',(0.,40.0910216937525,40.));
#3536=CARTESIAN_POINT('',(159.794000159773,40.0910216937525,40.));
#3537=CARTESIAN_POINT('',(0.,40.0910216937525,40.));
#3538=CARTESIAN_POINT('',(144.03944074189,40.0910216937525,40.));
#3539=CARTESIAN_POINT('',(0.,40.0910216937525,40.));
#3540=CARTESIAN_POINT('',(128.90625,40.0910216937525,40.));
#3541=CARTESIAN_POINT('',(0.,40.0910216937525,40.));
#3542=CARTESIAN_POINT('',(121.09375,40.0910216937525,40.));
#3543=CARTESIAN_POINT('',(0.,40.0910216937525,40.));
#3544=CARTESIAN_POINT('',(104.488978762151,40.0910216937525,40.));
#3545=CARTESIAN_POINT('',(0.,40.0910216937525,40.));
#3546=CARTESIAN_POINT('',(88.2342319240488,40.0910216937525,40.));
#3547=CARTESIAN_POINT('',(0.,40.0910216937525,40.));
#3548=CARTESIAN_POINT('',(46.5127501597733,40.0910216937525,40.));
#3549=CARTESIAN_POINT('',(0.,40.0910216937525,40.));
#3550=CARTESIAN_POINT('',(30.75819074189,40.0910216937525,40.));
#3551=CARTESIAN_POINT('',(0.,40.0910216937525,40.));
#3552=CARTESIAN_POINT('',(15.625,40.0910216937525,40.));
#3553=CARTESIAN_POINT('',(0.,40.0910216937525,40.));
#3554=CARTESIAN_POINT('',(0.,40.0910216937525,40.));
#3555=CARTESIAN_POINT('',(0.,40.0910216937525,40.));
#3556=CARTESIAN_POINT('',(8.,48.7937369559677,40.));
#3557=CARTESIAN_POINT('',(4.10492210476244,44.5565177251676,40.));
#3558=CARTESIAN_POINT('',(8.00000000000001,122.091021693753,40.));
#3559=CARTESIAN_POINT('',(8.,40.0910216937525,40.));
#3560=CARTESIAN_POINT('',(16.,130.091021693753,40.));
#3561=CARTESIAN_POINT('Origin',(16.,122.091021693753,40.));
#3562=CARTESIAN_POINT('',(24.,130.091021693753,40.));
#3563=CARTESIAN_POINT('',(8.,130.091021693753,40.));
#3564=CARTESIAN_POINT('',(32.,122.091021693753,40.));
#3565=CARTESIAN_POINT('Origin',(24.,122.091021693753,40.));
#3566=CARTESIAN_POINT('',(32.,110.091021693753,40.));
#3567=CARTESIAN_POINT('',(32.,40.0910216937525,40.));
#3568=CARTESIAN_POINT('',(218.,110.091021693753,40.));
#3569=CARTESIAN_POINT('',(8.,110.091021693753,40.));
#3570=CARTESIAN_POINT('',(218.,122.091021693753,40.));
#3571=CARTESIAN_POINT('',(218.,40.0910216937525,40.));
#3572=CARTESIAN_POINT('',(226.,130.091021693753,40.));
#3573=CARTESIAN_POINT('Origin',(226.,122.091021693753,40.));
#3574=CARTESIAN_POINT('',(234.,130.091021693753,40.));
#3575=CARTESIAN_POINT('',(218.,130.091021693753,40.));
#3576=CARTESIAN_POINT('',(242.,122.091021693753,40.));
#3577=CARTESIAN_POINT('Origin',(234.,122.091021693753,40.));
#3578=CARTESIAN_POINT('',(242.,40.0910216937525,40.));
#3579=CARTESIAN_POINT('',(218.,48.7937369559677,40.));
#3580=CARTESIAN_POINT('',(218.,82.0910216937525,40.));
#3581=CARTESIAN_POINT('',(218.,40.0910216937525,40.));
#3582=CARTESIAN_POINT('',(210.,90.0910216937525,40.));
#3583=CARTESIAN_POINT('Origin',(210.,82.0910216937525,40.));
#3584=CARTESIAN_POINT('',(40.,90.0910216937525,40.));
#3585=CARTESIAN_POINT('',(8.,90.0910216937525,40.));
#3586=CARTESIAN_POINT('',(32.,82.0910216937525,40.));
#3587=CARTESIAN_POINT('Origin',(40.,82.0910216937525,40.));
#3588=CARTESIAN_POINT('',(32.,48.7937369559677,40.));
#3589=CARTESIAN_POINT('',(32.,40.0910216937525,40.));
#3590=CARTESIAN_POINT('',(0.,48.7937369559677,40.));
#3591=CARTESIAN_POINT('',(16.,118.091021693753,40.));
#3592=CARTESIAN_POINT('',(16.,66.0910216937525,40.));
#3593=CARTESIAN_POINT('',(16.,53.0910216937525,40.));
#3594=CARTESIAN_POINT('',(24.,66.0910216937525,40.));
#3595=CARTESIAN_POINT('Origin',(20.,66.0910216937525,40.));
#3596=CARTESIAN_POINT('',(24.,118.091021693753,40.));
#3597=CARTESIAN_POINT('',(24.,79.0910216937525,40.));
#3598=CARTESIAN_POINT('Origin',(20.,118.091021693753,40.));
#3599=CARTESIAN_POINT('',(226.,118.091021693753,40.));
#3600=CARTESIAN_POINT('',(226.,66.0910216937525,40.));
#3601=CARTESIAN_POINT('',(226.,53.0910216937526,40.));
#3602=CARTESIAN_POINT('',(234.,66.0910216937525,40.));
#3603=CARTESIAN_POINT('Origin',(230.,66.0910216937525,40.));
#3604=CARTESIAN_POINT('',(234.,118.091021693753,40.));
#3605=CARTESIAN_POINT('',(234.,79.0910216937526,40.));
#3606=CARTESIAN_POINT('Origin',(230.,118.091021693753,40.));
#3607=CARTESIAN_POINT('Origin',(242.,100.091021693753,45.));
#3608=CARTESIAN_POINT('',(242.,57.1847332677405,50.));
#3609=CARTESIAN_POINT('',(242.,130.091021693753,50.));
#3610=CARTESIAN_POINT('',(242.,58.4222665714578,51.4748347606601));
#3611=CARTESIAN_POINT('Origin',(242.,100.091021693753,45.));
#3612=CARTESIAN_POINT('',(242.,122.091021693753,50.));
#3613=CARTESIAN_POINT('',(242.,122.091021693753,50.));
#3614=CARTESIAN_POINT('',(242.,130.091021693753,50.));
#3615=CARTESIAN_POINT('Origin',(4.,52.8919270723065,50.0697788838155));
#3616=CARTESIAN_POINT('',(0.,52.452681172964,54.7320520947765));
#3617=CARTESIAN_POINT('',(0.,50.3384455952432,52.2124042494373));
#3618=CARTESIAN_POINT('',(8.,57.1847332677405,50.));
#3619=CARTESIAN_POINT('',(3.71101264895385,54.647769320367,52.5369639473735));
#3620=CARTESIAN_POINT('',(8.,58.4222665714578,51.4748347606601));
#3621=CARTESIAN_POINT('Origin',(0.,57.1847332677405,50.));
#3622=CARTESIAN_POINT('',(15.625,52.452681172964,54.7320520947765));
#3623=CARTESIAN_POINT('',(0.,52.452681172964,54.7320520947765));
#3624=CARTESIAN_POINT('',(40.0808480424995,52.452681172964,54.7320520947765));
#3625=CARTESIAN_POINT('',(0.,52.452681172964,54.7320520947765));
#3626=CARTESIAN_POINT('',(94.2597683830754,52.452681172964,54.7320520947765));
#3627=CARTESIAN_POINT('',(0.,52.452681172964,54.7320520947765));
#3628=CARTESIAN_POINT('',(121.09375,52.452681172964,54.7320520947765));
#3629=CARTESIAN_POINT('',(0.,52.452681172964,54.7320520947765));
#3630=CARTESIAN_POINT('',(128.90625,52.452681172964,54.7320520947765));
#3631=CARTESIAN_POINT('',(0.,52.452681172964,54.7320520947765));
#3632=CARTESIAN_POINT('',(153.3620980425,52.452681172964,54.7320520947765));
#3633=CARTESIAN_POINT('',(0.,52.452681172964,54.7320520947765));
#3634=CARTESIAN_POINT('',(207.541018383075,52.452681172964,54.7320520947765));
#3635=CARTESIAN_POINT('',(0.,52.452681172964,54.7320520947765));
#3636=CARTESIAN_POINT('',(234.375,52.452681172964,54.7320520947765));
#3637=CARTESIAN_POINT('',(0.,52.452681172964,54.7320520947765));
#3638=CARTESIAN_POINT('',(250.,52.452681172964,54.7320520947765));
#3639=CARTESIAN_POINT('',(0.,52.452681172964,54.7320520947765));
#3640=CARTESIAN_POINT('',(172.749189479143,98.147038641515,9.03769462622565));
#3641=CARTESIAN_POINT('',(218.,57.1847332677405,50.));
#3642=CARTESIAN_POINT('',(0.,57.1847332677405,50.));
#3643=CARTESIAN_POINT('',(32.,57.1847332677405,50.));
#3644=CARTESIAN_POINT('',(0.,57.1847332677405,50.));
#3645=CARTESIAN_POINT('',(0.,57.1847332677405,50.));
#3646=CARTESIAN_POINT('Origin',(246.,52.8919270723065,50.0697788838155));
#3647=CARTESIAN_POINT('',(250.,50.3384455952432,52.2124042494373));
#3648=CARTESIAN_POINT('Ctrl Pts',(103.173985350466,92.896398245723,60.9657752837589));
#3649=CARTESIAN_POINT('Ctrl Pts',(102.011457712407,92.9450504315196,58.9618177806857));
#3650=CARTESIAN_POINT('Ctrl Pts',(99.9655512385766,93.0471388710533,55.7355892112226));
#3651=CARTESIAN_POINT('Ctrl Pts',(96.7037617562266,93.3434693934307,51.9246752804537));
#3652=CARTESIAN_POINT('Ctrl Pts',(94.7074815003757,93.7230768370226,50.471313652184));
#3653=CARTESIAN_POINT('Ctrl Pts',(93.75,93.9972716937525,50.));
#3654=CARTESIAN_POINT('Ctrl Pts',(103.407906079445,91.9789785450682,60.831995809385));
#3655=CARTESIAN_POINT('Ctrl Pts',(102.233698657007,92.0147828771313,58.8265542109159));
#3656=CARTESIAN_POINT('Ctrl Pts',(100.162417792648,92.0907948048629,55.5940720743817));
#3657=CARTESIAN_POINT('Ctrl Pts',(96.8271651856885,92.3133918130581,51.7940092008873));
#3658=CARTESIAN_POINT('Ctrl Pts',(94.7432941695185,92.6068004472515,50.3949425808009));
#3659=CARTESIAN_POINT('Ctrl Pts',(93.75,92.8285244267921,50.));
#3660=CARTESIAN_POINT('Ctrl Pts',(104.351051176834,90.5625590315193,60.2926102836234));
#3661=CARTESIAN_POINT('Ctrl Pts',(103.161921179475,90.5723571608112,58.2620637849116));
#3662=CARTESIAN_POINT('Ctrl Pts',(101.055651944525,90.5926704481268,54.9806126704586));
#3663=CARTESIAN_POINT('Ctrl Pts',(97.5962102795212,90.6547936211684,51.0438047859029));
#3664=CARTESIAN_POINT('Ctrl Pts',(95.3216061624688,90.7385421392663,49.5342820321439));
#3665=CARTESIAN_POINT('Ctrl Pts',(94.1833035972369,90.8052853978653,49.1197365565838));
#3666=CARTESIAN_POINT('Ctrl Pts',(105.804905673509,90.0910216937525,59.4611495950821));
#3667=CARTESIAN_POINT('Ctrl Pts',(104.608277540178,90.0909717191825,57.3832603269382));
#3668=CARTESIAN_POINT('Ctrl Pts',(102.483838380991,90.0918038089294,53.9999051900661));
#3669=CARTESIAN_POINT('Ctrl Pts',(98.9196362164303,90.0915302559101,49.764191034763));
#3670=CARTESIAN_POINT('Ctrl Pts',(96.4423826858157,90.0917044786556,47.9054304826921));
#3671=CARTESIAN_POINT('Ctrl Pts',(95.0880241273526,90.0910216937525,47.2817817963478));
#3672=CARTESIAN_POINT('Ctrl Pts',(106.427424671409,90.0910216937525,59.1051304227317));
#3673=CARTESIAN_POINT('Ctrl Pts',(105.227528974607,90.0910216937525,57.007047159895));
#3674=CARTESIAN_POINT('Ctrl Pts',(103.095367464455,90.0910216937525,53.5789661300066));
#3675=CARTESIAN_POINT('Ctrl Pts',(99.4860486333226,90.0910216937525,49.2157581056928));
#3676=CARTESIAN_POINT('Ctrl Pts',(96.9218780167378,90.0910216937525,47.2074811807921));
#3677=CARTESIAN_POINT('Ctrl Pts',(95.4751459800068,90.0910216937525,46.4953373328997));
#3678=CARTESIAN_POINT('',(103.813976177429,90.0910216937525,54.8610976017256));
#3679=CARTESIAN_POINT('',(103.173985350466,92.896398245723,60.9657752837589));
#3680=CARTESIAN_POINT('Ctrl Pts',(103.173985350463,92.8963982457247,60.9657752837546));
#3681=CARTESIAN_POINT('Ctrl Pts',(103.173070365234,92.8935972035456,60.9625181109267));
#3682=CARTESIAN_POINT('Ctrl Pts',(103.172157948991,92.8907970438112,60.9592594571427));
#3683=CARTESIAN_POINT('Ctrl Pts',(103.003997732547,92.3734289401341,60.3567139904092));
#3684=CARTESIAN_POINT('Ctrl Pts',(102.923304332143,91.8874975640885,59.706231471165));
#3685=CARTESIAN_POINT('Ctrl Pts',(102.931104881201,91.0597776398558,58.3547223360985));
#3686=CARTESIAN_POINT('Ctrl Pts',(103.014183949396,90.7122343291852,57.6544915456747));
#3687=CARTESIAN_POINT('Ctrl Pts',(103.323703959319,90.231488323595,56.2482643247679));
#3688=CARTESIAN_POINT('Ctrl Pts',(103.543295074625,90.0910216937525,55.5485304446803));
#3689=CARTESIAN_POINT('Ctrl Pts',(103.813976177429,90.0910216937525,54.8610976017256));
#3690=CARTESIAN_POINT('',(93.75,93.9972716937525,50.));
#3691=CARTESIAN_POINT('Ctrl Pts',(103.173985350466,92.896398245723,60.9657752837589));
#3692=CARTESIAN_POINT('Ctrl Pts',(102.011457712407,92.9450504315196,58.9618177806857));
#3693=CARTESIAN_POINT('Ctrl Pts',(99.9655512385766,93.0471388710533,55.7355892112226));
#3694=CARTESIAN_POINT('Ctrl Pts',(96.7037617562266,93.3434693934307,51.9246752804537));
#3695=CARTESIAN_POINT('Ctrl Pts',(94.7074815003757,93.7230768370226,50.471313652184));
#3696=CARTESIAN_POINT('Ctrl Pts',(93.75,93.9972716937525,50.));
#3697=CARTESIAN_POINT('',(100.01495996187,90.0910216937525,50.0000000000633));
#3698=CARTESIAN_POINT('Ctrl Pts',(100.01495996181,90.0910216937525,50.));
#3699=CARTESIAN_POINT('Ctrl Pts',(98.9975256475816,90.0910216937525,50.));
#3700=CARTESIAN_POINT('Ctrl Pts',(97.9716066921129,90.3005061227935,49.9999999999998));
#3701=CARTESIAN_POINT('Ctrl Pts',(96.1257849710646,91.0431827070155,49.9999999999998));
#3702=CARTESIAN_POINT('Ctrl Pts',(95.3615580119844,91.5366884087595,50.));
#3703=CARTESIAN_POINT('Ctrl Pts',(94.4613933166319,92.3741368179928,50.));
#3704=CARTESIAN_POINT('Ctrl Pts',(94.1344749115755,92.7609235870489,50.0000000001523));
#3705=CARTESIAN_POINT('Ctrl Pts',(93.903565936779,93.2623222643968,50.0000000001523));
#3706=CARTESIAN_POINT('Ctrl Pts',(93.8725297598121,93.3400083902841,50.));
#3707=CARTESIAN_POINT('Ctrl Pts',(93.814734087253,93.5144770016621,50.));
#3708=CARTESIAN_POINT('Ctrl Pts',(93.7902185901733,93.6114860842136,50.));
#3709=CARTESIAN_POINT('Ctrl Pts',(93.7580669699521,93.8053791720885,50.));
#3710=CARTESIAN_POINT('Ctrl Pts',(93.75,93.9009543934758,50.));
#3711=CARTESIAN_POINT('Ctrl Pts',(93.75,93.9972716937525,50.));
#3712=CARTESIAN_POINT('Ctrl Pts',(100.015058274845,90.0910216937525,49.9999065945281));
#3713=CARTESIAN_POINT('Ctrl Pts',(100.911677243412,90.0910216937525,50.9442053850001));
#3714=CARTESIAN_POINT('Ctrl Pts',(102.210593775239,90.0910216937525,52.5478747967407));
#3715=CARTESIAN_POINT('Ctrl Pts',(103.393238428896,90.0910216937525,54.2327669980522));
#3716=CARTESIAN_POINT('Ctrl Pts',(103.814588456997,90.0910216937525,54.8606867021538));
#3717=CARTESIAN_POINT('Ctrl Pts',(93.75,106.319800727035,50.));
#3718=CARTESIAN_POINT('Ctrl Pts',(102.864583333333,98.5059840118641,63.6639843065034));
#3719=CARTESIAN_POINT('Ctrl Pts',(111.979166666667,90.6921672966934,77.3279686130069));
#3720=CARTESIAN_POINT('Ctrl Pts',(121.09375,82.8783505815228,90.9919529195103));
#3721=CARTESIAN_POINT('Ctrl Pts',(93.75,102.212291049274,50.));
#3722=CARTESIAN_POINT('Ctrl Pts',(102.864583333333,93.2007283527007,60.6048530917892));
#3723=CARTESIAN_POINT('Ctrl Pts',(111.979166666667,84.1891656561274,71.2097061835785));
#3724=CARTESIAN_POINT('Ctrl Pts',(121.09375,75.1776029595541,81.8145592753677));
#3725=CARTESIAN_POINT('Ctrl Pts',(93.75,98.1047813715133,50.));
#3726=CARTESIAN_POINT('Ctrl Pts',(102.864583333333,87.8954726935373,57.5457218770751));
#3727=CARTESIAN_POINT('Ctrl Pts',(111.979166666667,77.6861640155613,65.0914437541501));
#3728=CARTESIAN_POINT('Ctrl Pts',(121.09375,67.4768553375853,72.6371656312251));
#3729=CARTESIAN_POINT('Ctrl Pts',(93.75,93.9972716937525,50.));
#3730=CARTESIAN_POINT('Ctrl Pts',(102.864583333333,82.5902170343739,54.4865906623609));
#3731=CARTESIAN_POINT('Ctrl Pts',(111.979166666667,71.1831623749952,58.9731813247217));
#3732=CARTESIAN_POINT('Ctrl Pts',(121.09375,59.7761077156166,63.4597719870826));
#3733=CARTESIAN_POINT('',(104.361554101306,90.0910216937543,61.2916686114412));
#3734=CARTESIAN_POINT('Ctrl Pts',(103.173985350463,92.8963982457247,60.9657752837546));
#3735=CARTESIAN_POINT('Ctrl Pts',(103.558156583135,91.9528869122476,61.0792795982182));
#3736=CARTESIAN_POINT('Ctrl Pts',(103.954565135286,91.0178634196637,61.1876110090274));
#3737=CARTESIAN_POINT('Ctrl Pts',(104.361742911755,90.0911044441958,61.2916554531099));
#3738=CARTESIAN_POINT('',(121.09375,60.4196968909283,64.2267716989151));
#3739=CARTESIAN_POINT('Ctrl Pts',(121.093718263335,60.4196775799038,64.2267837914225));
#3740=CARTESIAN_POINT('Ctrl Pts',(118.355098170811,64.6526188471387,63.7990613780537));
#3741=CARTESIAN_POINT('Ctrl Pts',(113.781655103462,71.9362186825594,63.0906986806909));
#3742=CARTESIAN_POINT('Ctrl Pts',(108.216372323106,81.8736194314563,62.1572384601636));
#3743=CARTESIAN_POINT('Ctrl Pts',(105.450013136078,87.6141416618151,61.569736618254));
#3744=CARTESIAN_POINT('Ctrl Pts',(104.361742911755,90.0911044441958,61.2916554531099));
#3745=CARTESIAN_POINT('',(121.09375,82.8783505815228,90.9919529195103));
#3746=CARTESIAN_POINT('',(121.09375,50.3699253385996,52.2499203466762));
#3747=CARTESIAN_POINT('',(93.75,103.616564071454,50.));
#3748=CARTESIAN_POINT('Ctrl Pts',(93.749943969441,103.616671450117,50.0001263786424));
#3749=CARTESIAN_POINT('Ctrl Pts',(95.1367171871705,102.251737702623,51.7746859341542));
#3750=CARTESIAN_POINT('Ctrl Pts',(98.0594539312692,99.7059030512436,55.4997317402634));
#3751=CARTESIAN_POINT('Ctrl Pts',(103.927989980646,95.2216799408586,63.6369558856765));
#3752=CARTESIAN_POINT('Ctrl Pts',(111.687856878013,89.6355420014821,75.5142822168932));
#3753=CARTESIAN_POINT('Ctrl Pts',(117.796517240867,85.2496356362394,85.5021309183717));
#3754=CARTESIAN_POINT('Ctrl Pts',(121.094270709103,82.8779571604041,90.9914857349035));
#3755=CARTESIAN_POINT('Ctrl Pts',(93.75,93.9972716937525,50.));
#3756=CARTESIAN_POINT('Ctrl Pts',(93.75,97.2037024863198,50.));
#3757=CARTESIAN_POINT('Ctrl Pts',(93.75,100.410133278887,50.));
#3758=CARTESIAN_POINT('Ctrl Pts',(93.75,103.616564071454,50.));
#3759=CARTESIAN_POINT('Ctrl Pts',(156.25,93.9972716937526,50.));
#3760=CARTESIAN_POINT('Ctrl Pts',(155.292591000487,93.7230975991611,50.4712779641356));
#3761=CARTESIAN_POINT('Ctrl Pts',(153.79660788613,93.4355417349284,51.5586886941891));
#3762=CARTESIAN_POINT('Ctrl Pts',(151.423180823281,93.1639551701096,54.0606338122993));
#3763=CARTESIAN_POINT('Ctrl Pts',(149.207915055008,93.0059757210265,57.0258307524193));
#3764=CARTESIAN_POINT('Ctrl Pts',(147.60059497887,92.9288147017827,59.630558802112));
#3765=CARTESIAN_POINT('Ctrl Pts',(146.826014649534,92.896398245723,60.9657752837598));
#3766=CARTESIAN_POINT('Ctrl Pts',(156.25,92.8285244267921,50.));
#3767=CARTESIAN_POINT('Ctrl Pts',(155.256781043093,92.6068172362753,50.394912675599));
#3768=CARTESIAN_POINT('Ctrl Pts',(153.694089540649,92.3844844568753,51.441160755175));
#3769=CARTESIAN_POINT('Ctrl Pts',(151.255773647499,92.1781496397104,53.921728807103));
#3770=CARTESIAN_POINT('Ctrl Pts',(149.000170917518,92.0602725423153,56.8875407594085));
#3771=CARTESIAN_POINT('Ctrl Pts',(147.374456371309,92.0028346069915,59.4957904900856));
#3772=CARTESIAN_POINT('Ctrl Pts',(146.592093920554,91.9789785450682,60.8319958093859));
#3773=CARTESIAN_POINT('Ctrl Pts',(155.816676414917,90.8053194780789,49.1196959509431));
#3774=CARTESIAN_POINT('Ctrl Pts',(154.678460042387,90.7385812733048,49.5342100369627));
#3775=CARTESIAN_POINT('Ctrl Pts',(152.970808001454,90.6751779693032,50.6629944778937));
#3776=CARTESIAN_POINT('Ctrl Pts',(150.410139176438,90.6169804701676,53.2516684181507));
#3777=CARTESIAN_POINT('Ctrl Pts',(148.092796751641,90.5846354355663,56.2942976704313));
#3778=CARTESIAN_POINT('Ctrl Pts',(146.441238529892,90.5691064027111,58.9396689582707));
#3779=CARTESIAN_POINT('Ctrl Pts',(145.648933319397,90.5625780089204,60.2926014170053));
#3780=CARTESIAN_POINT('Ctrl Pts',(154.911975872648,90.0910216937526,47.2817817963477));
#3781=CARTESIAN_POINT('Ctrl Pts',(153.557719866728,90.0917044269549,47.9053832597771));
#3782=CARTESIAN_POINT('Ctrl Pts',(151.696681414682,90.0914538440354,49.2983570231361));
#3783=CARTESIAN_POINT('Ctrl Pts',(149.019874216015,90.0916811473505,52.1517954282452));
#3784=CARTESIAN_POINT('Ctrl Pts',(146.658774280643,90.0913831084046,55.3553714069274));
#3785=CARTESIAN_POINT('Ctrl Pts',(144.992395468644,90.0909883962053,58.0766731310811));
#3786=CARTESIAN_POINT('Ctrl Pts',(144.195094326491,90.0910216937525,59.461149595083));
#3787=CARTESIAN_POINT('Ctrl Pts',(154.524854019993,90.0910216937526,46.4953373328997));
#3788=CARTESIAN_POINT('Ctrl Pts',(153.078231530361,90.0910216937526,47.20742725699));
#3789=CARTESIAN_POINT('Ctrl Pts',(151.1514072345,90.0910216937525,48.7136649639922));
#3790=CARTESIAN_POINT('Ctrl Pts',(148.424692411916,90.0910216937525,51.6800334889214));
#3791=CARTESIAN_POINT('Ctrl Pts',(146.044757469141,90.0910216937525,54.9528652601608));
#3792=CARTESIAN_POINT('Ctrl Pts',(144.372053615017,90.0910216937525,57.7071989056656));
#3793=CARTESIAN_POINT('Ctrl Pts',(143.572575328591,90.0910216937525,59.1051304227327));
#3794=CARTESIAN_POINT('',(149.985040036804,90.0910216937525,50.0000000014616));
#3795=CARTESIAN_POINT('',(156.25,93.9972716937525,50.));
#3796=CARTESIAN_POINT('Ctrl Pts',(156.25,93.9972716937525,50.));
#3797=CARTESIAN_POINT('Ctrl Pts',(156.25,93.7564933207289,50.));
#3798=CARTESIAN_POINT('Ctrl Pts',(156.19947079325,93.5247002273144,50.000000000016));
#3799=CARTESIAN_POINT('Ctrl Pts',(156.078428124084,93.2199097965466,50.000000000016));
#3800=CARTESIAN_POINT('Ctrl Pts',(156.041320780934,93.1403682571478,50.));
#3801=CARTESIAN_POINT('Ctrl Pts',(155.948887509377,92.9652644570604,50.));
#3802=CARTESIAN_POINT('Ctrl Pts',(155.891153523161,92.8705809133585,50.0000000000014));
#3803=CARTESIAN_POINT('Ctrl Pts',(155.723542697968,92.6241170048951,50.0000000000014));
#3804=CARTESIAN_POINT('Ctrl Pts',(155.603848446626,92.4763959531084,50.));
#3805=CARTESIAN_POINT('Ctrl Pts',(155.211012664614,92.047627305945,50.));
#3806=CARTESIAN_POINT('Ctrl Pts',(154.900873435498,91.7839155539989,50.));
#3807=CARTESIAN_POINT('Ctrl Pts',(154.253057447919,91.3209490197353,50.));
#3808=CARTESIAN_POINT('Ctrl Pts',(153.903365124509,91.1141209815398,50.));
#3809=CARTESIAN_POINT('Ctrl Pts',(152.976969647498,90.6556143534513,50.));
#3810=CARTESIAN_POINT('Ctrl Pts',(152.373191239487,90.4400989176758,50.0000000018527));
#3811=CARTESIAN_POINT('Ctrl Pts',(151.176354862851,90.1625746049239,50.0000000018527));
#3812=CARTESIAN_POINT('Ctrl Pts',(150.580046188504,90.0910216937525,50.));
#3813=CARTESIAN_POINT('Ctrl Pts',(149.98504003819,90.0910216937525,50.));
#3814=CARTESIAN_POINT('',(146.826014649534,92.896398245723,60.9657752837598));
#3815=CARTESIAN_POINT('Ctrl Pts',(156.25,93.9972716937526,50.));
#3816=CARTESIAN_POINT('Ctrl Pts',(155.292591000487,93.7230975991611,50.4712779641356));
#3817=CARTESIAN_POINT('Ctrl Pts',(153.79660788613,93.4355417349284,51.5586886941891));
#3818=CARTESIAN_POINT('Ctrl Pts',(151.423180823281,93.1639551701096,54.0606338122993));
#3819=CARTESIAN_POINT('Ctrl Pts',(149.207915055008,93.0059757210265,57.0258307524193));
#3820=CARTESIAN_POINT('Ctrl Pts',(147.60059497887,92.9288147017827,59.630558802112));
#3821=CARTESIAN_POINT('Ctrl Pts',(146.826014649534,92.896398245723,60.9657752837598));
#3822=CARTESIAN_POINT('',(146.186023822571,90.0910216937525,54.8610976017256));
#3823=CARTESIAN_POINT('Ctrl Pts',(146.186023822571,90.0910216937525,54.8610976017256));
#3824=CARTESIAN_POINT('Ctrl Pts',(146.456704965279,90.0910216937525,55.5485305460234));
#3825=CARTESIAN_POINT('Ctrl Pts',(146.676296104892,90.2314883646068,56.2482645303426));
#3826=CARTESIAN_POINT('Ctrl Pts',(146.985816152407,90.7122345487079,57.6544920981573));
#3827=CARTESIAN_POINT('Ctrl Pts',(147.068895201133,91.0597780396664,58.3547231214297));
#3828=CARTESIAN_POINT('Ctrl Pts',(147.07669559085,91.8874980309912,59.7062320962192));
#3829=CARTESIAN_POINT('Ctrl Pts',(146.996002186512,92.3734291910236,60.3567142835853));
#3830=CARTESIAN_POINT('Ctrl Pts',(146.827842049451,92.8907970485993,60.9592594627106));
#3831=CARTESIAN_POINT('Ctrl Pts',(146.826929633992,92.8935972059472,60.9625181137016));
#3832=CARTESIAN_POINT('Ctrl Pts',(146.826014649543,92.8963982457386,60.965775283753));
#3833=CARTESIAN_POINT('Ctrl Pts',(146.186382741366,90.0910216937525,54.8613379015332));
#3834=CARTESIAN_POINT('Ctrl Pts',(147.056189696519,90.0910216937525,53.5621700399164));
#3835=CARTESIAN_POINT('Ctrl Pts',(148.274951699079,90.0910216937525,51.8944704441916));
#3836=CARTESIAN_POINT('Ctrl Pts',(149.644368619849,90.0910216937525,50.3599106238547));
#3837=CARTESIAN_POINT('Ctrl Pts',(149.985236778995,90.0910216937525,50.0001864298943));
#3838=CARTESIAN_POINT('Ctrl Pts',(156.25,93.9972716937525,50.));
#3839=CARTESIAN_POINT('Ctrl Pts',(147.135416666667,82.5902170343738,54.4865906623608));
#3840=CARTESIAN_POINT('Ctrl Pts',(138.020833333333,71.1831623749952,58.9731813247216));
#3841=CARTESIAN_POINT('Ctrl Pts',(128.90625,59.7761077156165,63.4597719870825));
#3842=CARTESIAN_POINT('Ctrl Pts',(156.25,98.1047813715132,50.));
#3843=CARTESIAN_POINT('Ctrl Pts',(147.135416666667,87.8954726935373,57.545721877075));
#3844=CARTESIAN_POINT('Ctrl Pts',(138.020833333333,77.6861640155613,65.09144375415));
#3845=CARTESIAN_POINT('Ctrl Pts',(128.90625,67.4768553375853,72.6371656312251));
#3846=CARTESIAN_POINT('Ctrl Pts',(156.25,102.212291049274,50.));
#3847=CARTESIAN_POINT('Ctrl Pts',(147.135416666667,93.2007283527007,60.6048530917892));
#3848=CARTESIAN_POINT('Ctrl Pts',(138.020833333333,84.1891656561274,71.2097061835784));
#3849=CARTESIAN_POINT('Ctrl Pts',(128.90625,75.1776029595541,81.8145592753676));
#3850=CARTESIAN_POINT('Ctrl Pts',(156.25,106.319800727035,50.));
#3851=CARTESIAN_POINT('Ctrl Pts',(147.135416666667,98.5059840118641,63.6639843065034));
#3852=CARTESIAN_POINT('Ctrl Pts',(138.020833333333,90.6921672966934,77.3279686130068));
#3853=CARTESIAN_POINT('Ctrl Pts',(128.90625,82.8783505815228,90.9919529195102));
#3854=CARTESIAN_POINT('',(145.638445898694,90.0910216937543,61.2916686114412));
#3855=CARTESIAN_POINT('Ctrl Pts',(146.826014649543,92.8963982457386,60.965775283753));
#3856=CARTESIAN_POINT('Ctrl Pts',(146.44185946465,91.9529263250549,61.0792748568617));
#3857=CARTESIAN_POINT('Ctrl Pts',(146.045603904186,91.0178346611824,61.1877237294005));
#3858=CARTESIAN_POINT('Ctrl Pts',(145.638621027037,90.0909755050277,61.2919235501616));
#3859=CARTESIAN_POINT('',(156.25,103.616564071454,50.));
#3860=CARTESIAN_POINT('Ctrl Pts',(156.25,103.616564071455,50.));
#3861=CARTESIAN_POINT('Ctrl Pts',(156.25,100.410133278887,50.));
#3862=CARTESIAN_POINT('Ctrl Pts',(156.25,97.2037024863198,50.));
#3863=CARTESIAN_POINT('Ctrl Pts',(156.25,93.9972716937525,50.));
#3864=CARTESIAN_POINT('',(128.90625,82.8783505815228,90.9919529195102));
#3865=CARTESIAN_POINT('Ctrl Pts',(128.905729954105,82.8779570973851,90.9914860955322));
#3866=CARTESIAN_POINT('Ctrl Pts',(132.203545067916,85.2496786090918,85.502032061969));
#3867=CARTESIAN_POINT('Ctrl Pts',(138.312451975243,89.6357564098427,75.5137924086232));
#3868=CARTESIAN_POINT('Ctrl Pts',(146.072316840054,95.2219034637769,63.6364976558694));
#3869=CARTESIAN_POINT('Ctrl Pts',(151.94071401789,99.7060332991841,55.4995089307171));
#3870=CARTESIAN_POINT('Ctrl Pts',(154.863423525856,102.251878216686,51.7745097784278));
#3871=CARTESIAN_POINT('Ctrl Pts',(156.250056213548,103.616671927339,50.0001268883765));
#3872=CARTESIAN_POINT('',(128.90625,60.4196968909283,64.2267716989151));
#3873=CARTESIAN_POINT('',(128.90625,10.3204968917295,4.52087011377403));
#3874=CARTESIAN_POINT('Ctrl Pts',(145.638621027037,90.0909755050277,61.2919235501616));
#3875=CARTESIAN_POINT('Ctrl Pts',(144.551276879683,87.6146676909829,61.5703162581144));
#3876=CARTESIAN_POINT('Ctrl Pts',(142.587580267524,83.5359203884333,61.9888339483047));
#3877=CARTESIAN_POINT('Ctrl Pts',(137.160618376997,73.4411212798381,62.9564661597977));
#3878=CARTESIAN_POINT('Ctrl Pts',(132.601896254724,66.1304027983954,63.6501702444482));
#3879=CARTESIAN_POINT('Ctrl Pts',(128.906313717117,60.4196592936992,64.2268068983436));
#3880=CARTESIAN_POINT('Ctrl Pts',(109.680863992348,94.1235963933613,49.4930075744416));
#3881=CARTESIAN_POINT('Ctrl Pts',(110.99522950124,90.9199679694275,49.8957813520472));
#3882=CARTESIAN_POINT('Ctrl Pts',(114.010109204785,84.6739182365257,50.6810612637992));
#3883=CARTESIAN_POINT('Ctrl Pts',(120.079387975049,74.1666867528439,52.0020750509292));
#3884=CARTESIAN_POINT('Ctrl Pts',(124.774608508468,66.8795198709948,52.9182486343314));
#3885=CARTESIAN_POINT('Ctrl Pts',(127.641955343229,62.5406238062381,53.4637530834691));
#3886=CARTESIAN_POINT('Ctrl Pts',(108.286353958892,93.5603678777986,49.5638190565641));
#3887=CARTESIAN_POINT('Ctrl Pts',(109.625029583217,90.3026691801723,49.9734087025376));
#3888=CARTESIAN_POINT('Ctrl Pts',(112.697145484034,83.976519484477,50.7686464499669));
#3889=CARTESIAN_POINT('Ctrl Pts',(118.84316885853,73.4099248839443,52.0973604774621));
#3890=CARTESIAN_POINT('Ctrl Pts',(123.571520958273,66.1112606106939,53.0147575098109));
#3891=CARTESIAN_POINT('Ctrl Pts',(126.454527630831,61.7681262091636,53.560874763699));
#3892=CARTESIAN_POINT('Ctrl Pts',(105.500132474677,92.5468127304206,50.5943214444979));
#3893=CARTESIAN_POINT('Ctrl Pts',(106.887445732375,89.1806408518797,51.0150983519512));
#3894=CARTESIAN_POINT('Ctrl Pts',(110.073633525233,82.6920716612688,51.8116119188615));
#3895=CARTESIAN_POINT('Ctrl Pts',(116.373145931237,72.0013362223482,53.1124101076223));
#3896=CARTESIAN_POINT('Ctrl Pts',(121.167227198073,64.6766350536778,54.0082928477019));
#3897=CARTESIAN_POINT('Ctrl Pts',(124.081577966398,60.3234656150937,54.5431537234534));
#3898=CARTESIAN_POINT('Ctrl Pts',(102.676130365671,91.8541202263226,54.3002269848601));
#3899=CARTESIAN_POINT('Ctrl Pts',(104.109201250248,88.3759904960047,54.7264462878214));
#3900=CARTESIAN_POINT('Ctrl Pts',(107.384770676725,81.7038016416243,55.4778618965491));
#3901=CARTESIAN_POINT('Ctrl Pts',(113.786377303492,70.8381412221147,56.6453537622391));
#3902=CARTESIAN_POINT('Ctrl Pts',(118.619658653261,63.4579762061494,57.4575806199005));
#3903=CARTESIAN_POINT('Ctrl Pts',(121.552081809876,59.0801964366617,57.9501416135585));
#3904=CARTESIAN_POINT('Ctrl Pts',(102.223009700002,92.1567158278397,58.1857084419753));
#3905=CARTESIAN_POINT('Ctrl Pts',(103.657242137429,88.6573706847322,58.6080724565431));
#3906=CARTESIAN_POINT('Ctrl Pts',(106.899292221981,81.9273932819739,59.3154737996094));
#3907=CARTESIAN_POINT('Ctrl Pts',(113.220326537541,70.9571849612836,60.3744273022338));
#3908=CARTESIAN_POINT('Ctrl Pts',(118.00796184267,63.5220327098181,61.1198805210106));
#3909=CARTESIAN_POINT('Ctrl Pts',(120.917974026063,59.117291376276,61.5782660724109));
#3910=CARTESIAN_POINT('Ctrl Pts',(102.868971639403,92.688760748574,60.3095908425483));
#3911=CARTESIAN_POINT('Ctrl Pts',(104.286866980139,89.2124275470685,60.7278756222886));
#3912=CARTESIAN_POINT('Ctrl Pts',(107.46425698641,82.499616301896,61.4235575484224));
#3913=CARTESIAN_POINT('Ctrl Pts',(113.670010034102,71.5009427357187,62.4590473132483));
#3914=CARTESIAN_POINT('Ctrl Pts',(118.399415858361,64.0362640609967,63.188295249266));
#3915=CARTESIAN_POINT('Ctrl Pts',(121.280737293586,59.6160004094927,63.6381549634345));
#3916=CARTESIAN_POINT('Ctrl Pts',(103.173985350463,92.8963982457247,60.9657752837546));
#3917=CARTESIAN_POINT('Ctrl Pts',(104.584936868602,89.4311498483069,61.3826443025352));
#3918=CARTESIAN_POINT('Ctrl Pts',(107.736974315454,82.7296352546018,62.0768294337754));
#3919=CARTESIAN_POINT('Ctrl Pts',(113.899397506145,71.7259771752048,63.1104475152985));
#3920=CARTESIAN_POINT('Ctrl Pts',(118.606712538641,64.2525260394898,63.837991381675));
#3921=CARTESIAN_POINT('Ctrl Pts',(121.477375113944,59.8274894351487,64.2867290858286));
#3922=CARTESIAN_POINT('',(121.093750000034,72.7253925343521,52.1832806841063));
#3923=CARTESIAN_POINT('Ctrl Pts',(121.09375,60.4196968909282,64.2267716989151));
#3924=CARTESIAN_POINT('Ctrl Pts',(121.09375,59.9921161819673,63.7172008528869));
#3925=CARTESIAN_POINT('Ctrl Pts',(121.093749999466,59.6548239124517,63.1438113082128));
#3926=CARTESIAN_POINT('Ctrl Pts',(121.093749999466,59.2816760099757,61.9617785134572));
#3927=CARTESIAN_POINT('Ctrl Pts',(121.09375,59.2204574680032,61.3956112782999));
#3928=CARTESIAN_POINT('Ctrl Pts',(121.09375,59.3243432409745,60.2152841238209));
#3929=CARTESIAN_POINT('Ctrl Pts',(121.093749999999,59.5002207381197,59.6303935812042));
#3930=CARTESIAN_POINT('Ctrl Pts',(121.093749999999,60.1249281535692,58.3206555183633));
#3931=CARTESIAN_POINT('Ctrl Pts',(121.093749999971,60.6471689901435,57.6347196446693));
#3932=CARTESIAN_POINT('Ctrl Pts',(121.093749999971,62.1310945646788,56.123889606685));
#3933=CARTESIAN_POINT('Ctrl Pts',(121.09375,63.2981122223004,55.2862745050614));
#3934=CARTESIAN_POINT('Ctrl Pts',(121.09375,66.9752708546469,53.3826068146144));
#3935=CARTESIAN_POINT('Ctrl Pts',(121.09375,69.757672941829,52.5563950010553));
#3936=CARTESIAN_POINT('Ctrl Pts',(121.09375,72.7253925344626,52.1832806840924));
#3937=CARTESIAN_POINT('',(111.450139180107,90.0910216937527,50.));
#3938=CARTESIAN_POINT('Ctrl Pts',(111.450139180107,90.0910216937525,50.));
#3939=CARTESIAN_POINT('Ctrl Pts',(110.269774742722,90.0910216937525,50.));
#3940=CARTESIAN_POINT('Ctrl Pts',(109.096286805445,90.0910216937532,50.2220858231126));
#3941=CARTESIAN_POINT('Ctrl Pts',(107.03839102451,90.0910216937532,51.0815802165267));
#3942=CARTESIAN_POINT('Ctrl Pts',(106.153848047029,90.0910216937521,51.6649797283923));
#3943=CARTESIAN_POINT('Ctrl Pts',(104.732594417725,90.0910216937521,53.1031652393647));
#3944=CARTESIAN_POINT('Ctrl Pts',(104.19253555815,90.0910216937532,53.9171680369745));
#3945=CARTESIAN_POINT('Ctrl Pts',(103.82523960346,90.0910216937532,54.8326270821002));
#3946=CARTESIAN_POINT('Ctrl Pts',(103.819584330794,90.0910216937525,54.8468549051654));
#3947=CARTESIAN_POINT('Ctrl Pts',(103.813976177429,90.0910216937525,54.8610976017256));
#3948=CARTESIAN_POINT('Ctrl Pts',(111.450480527979,90.0911782533316,49.9999803166645));
#3949=CARTESIAN_POINT('Ctrl Pts',(112.29369284068,88.282949424284,50.227318528178));
#3950=CARTESIAN_POINT('Ctrl Pts',(114.745237542727,83.4012524208086,50.8410662176809));
#3951=CARTESIAN_POINT('Ctrl Pts',(118.060503665886,77.6618112277785,51.5626531512314));
#3952=CARTESIAN_POINT('Ctrl Pts',(120.479597717745,73.7140047564862,52.0589881549475));
#3953=CARTESIAN_POINT('Ctrl Pts',(121.093271246208,72.7251000624263,52.1833174549195));
#3954=CARTESIAN_POINT('Origin',(93.75,90.0910216937525,50.));
#3955=CARTESIAN_POINT('',(121.09375,89.1364498926568,50.1200128227889));
#3956=CARTESIAN_POINT('',(138.549860819893,90.0910216937527,50.));
#3957=CARTESIAN_POINT('',(8.,90.0910216937525,50.));
#3958=CARTESIAN_POINT('',(128.906249999966,72.7253925343521,52.1832806841063));
#3959=CARTESIAN_POINT('Ctrl Pts',(128.910759025754,72.7226377085878,52.1836270325066));
#3960=CARTESIAN_POINT('Ctrl Pts',(130.439433479668,75.1857974109802,51.873948128809));
#3961=CARTESIAN_POINT('Ctrl Pts',(132.822717047346,79.1563855987058,51.3747489109039));
#3962=CARTESIAN_POINT('Ctrl Pts',(136.036041215629,84.9514286203668,50.646171479207));
#3963=CARTESIAN_POINT('Ctrl Pts',(137.708157037863,88.2833443096645,50.22726888151));
#3964=CARTESIAN_POINT('Ctrl Pts',(138.550352656657,90.0907960848472,50.0000283645102));
#3965=CARTESIAN_POINT('',(128.90625,55.6175399988287,54.3341525957715));
#3966=CARTESIAN_POINT('Ctrl Pts',(146.826014649543,92.8963982457386,60.965775283753));
#3967=CARTESIAN_POINT('Ctrl Pts',(145.415504511107,89.4322338616889,61.3825138958392));
#3968=CARTESIAN_POINT('Ctrl Pts',(143.055042027288,84.405455249919,61.9054850939156));
#3969=CARTESIAN_POINT('Ctrl Pts',(137.047682186975,73.2310464399255,62.9766027845821));
#3970=CARTESIAN_POINT('Ctrl Pts',(132.355165067671,65.7355084930881,63.6876357404939));
#3971=CARTESIAN_POINT('Ctrl Pts',(128.528910849988,59.8371792803169,64.2857464762818));
#3972=CARTESIAN_POINT('Ctrl Pts',(147.436042071662,92.4811232514373,59.6534064013403));
#3973=CARTESIAN_POINT('Ctrl Pts',(146.011520981973,88.9945573928248,60.072969112286));
#3974=CARTESIAN_POINT('Ctrl Pts',(143.613689930125,83.950403520286,60.5984428815868));
#3975=CARTESIAN_POINT('Ctrl Pts',(137.517542227515,72.7750905389816,61.6730141556218));
#3976=CARTESIAN_POINT('Ctrl Pts',(132.777112487482,65.2997524375433,62.3876882702238));
#3977=CARTESIAN_POINT('Ctrl Pts',(128.922233405357,59.4141802699482,62.9885934584635));
#3978=CARTESIAN_POINT('Ctrl Pts',(147.908567502114,91.9039353027983,56.6044874830019));
#3979=CARTESIAN_POINT('Ctrl Pts',(146.469247097423,88.4021391618354,57.0292481700041));
#3980=CARTESIAN_POINT('Ctrl Pts',(144.019889748258,83.3576190395399,57.573623332391));
#3981=CARTESIAN_POINT('Ctrl Pts',(137.794003247557,72.227535287918,58.7038577212125));
#3982=CARTESIAN_POINT('Ctrl Pts',(132.979832801013,64.8000246041553,59.4576644497707));
#3983=CARTESIAN_POINT('Ctrl Pts',(129.08137326236,58.9438405122318,60.0840069829915));
#3984=CARTESIAN_POINT('Ctrl Pts',(146.153437475613,92.0748657514813,52.2365647820903));
#3985=CARTESIAN_POINT('Ctrl Pts',(144.738876496269,88.6446582953934,52.6613912961596));
#3986=CARTESIAN_POINT('Ctrl Pts',(142.310168658076,83.6988586129486,53.246066405898));
#3987=CARTESIAN_POINT('Ctrl Pts',(136.099477722766,72.742853348484,54.5128305201587));
#3988=CARTESIAN_POINT('Ctrl Pts',(131.277480773884,65.382361349768,55.3655775622898));
#3989=CARTESIAN_POINT('Ctrl Pts',(127.37419241097,59.5651413572179,56.0526569905317));
#3990=CARTESIAN_POINT('Ctrl Pts',(143.109357324609,93.0370330749056,49.9558617622989));
#3991=CARTESIAN_POINT('Ctrl Pts',(141.746724281107,89.7260763392406,50.371288555065));
#3992=CARTESIAN_POINT('Ctrl Pts',(139.404615029343,84.9196777514828,50.9706169241257));
#3993=CARTESIAN_POINT('Ctrl Pts',(133.357617363657,74.1568662706589,52.3092962940444));
#3994=CARTESIAN_POINT('Ctrl Pts',(128.603744028433,66.8360536734146,53.219976648469));
#3995=CARTESIAN_POINT('Ctrl Pts',(124.740026928632,61.0405928386919,53.9428188004757));
#3996=CARTESIAN_POINT('Ctrl Pts',(141.016391024385,93.8419821355929,49.5284133155012));
#3997=CARTESIAN_POINT('Ctrl Pts',(139.690284731346,90.6123246551578,49.9344471665296));
#3998=CARTESIAN_POINT('Ctrl Pts',(137.412271052472,85.8974499199517,50.5272962131421));
#3999=CARTESIAN_POINT('Ctrl Pts',(131.490222517721,75.2532517597077,51.8653311690208));
#4000=CARTESIAN_POINT('Ctrl Pts',(126.790320157259,67.9501818125101,52.7837146728122));
#4001=CARTESIAN_POINT('Ctrl Pts',(122.958054385327,62.1638808248183,53.511118811866));
#4002=CARTESIAN_POINT('Ctrl Pts',(140.319136007657,94.1235963933741,49.49300757444));
#4003=CARTESIAN_POINT('Ctrl Pts',(139.005181664033,90.9209701417639,49.8956553546828));
#4004=CARTESIAN_POINT('Ctrl Pts',(136.748540167967,86.2363789912157,50.4846220588572));
#4005=CARTESIAN_POINT('Ctrl Pts',(130.867994793646,75.6311578400493,51.8179555233395));
#4006=CARTESIAN_POINT('Ctrl Pts',(126.186147596511,68.3335820379201,52.7354377604265));
#4007=CARTESIAN_POINT('Ctrl Pts',(122.364323351531,62.5501249804371,53.4625585554785));
#4008=CARTESIAN_POINT('Ctrl Pts',(128.90625,72.7253925344627,52.1832806840924));
#4009=CARTESIAN_POINT('Ctrl Pts',(128.90625,69.5400881671888,52.5837506834362));
#4010=CARTESIAN_POINT('Ctrl Pts',(128.90625,66.575100297697,53.5053342154648));
#4011=CARTESIAN_POINT('Ctrl Pts',(128.90625,62.7811758417764,55.6209069054558));
#4012=CARTESIAN_POINT('Ctrl Pts',(128.90625,61.6091358044049,56.551020690194));
#4013=CARTESIAN_POINT('Ctrl Pts',(128.90625,60.2193514976739,58.1989992626143));
#4014=CARTESIAN_POINT('Ctrl Pts',(128.90625,59.7631628479039,58.9331891587156));
#4015=CARTESIAN_POINT('Ctrl Pts',(128.90625,59.3057194668288,60.3194973125081));
#4016=CARTESIAN_POINT('Ctrl Pts',(128.906250000122,59.2197198516994,60.9241358053602));
#4017=CARTESIAN_POINT('Ctrl Pts',(128.906250000122,59.3027092815235,62.0179493488022));
#4018=CARTESIAN_POINT('Ctrl Pts',(128.90625,59.4197202954653,62.4833767783965));
#4019=CARTESIAN_POINT('Ctrl Pts',(128.90625,59.8115392102265,63.3997079008733));
#4020=CARTESIAN_POINT('Ctrl Pts',(128.90625,60.0894011594342,63.8331405742884));
#4021=CARTESIAN_POINT('Ctrl Pts',(128.90625,60.4196968909284,64.226771698915));
#4022=CARTESIAN_POINT('Ctrl Pts',(146.186023822571,90.0910216937525,54.8610976017256));
#4023=CARTESIAN_POINT('Ctrl Pts',(145.939885576328,90.0910216937525,54.2359948050318));
#4024=CARTESIAN_POINT('Ctrl Pts',(145.606441029814,90.0910216937525,53.6483227087157));
#4025=CARTESIAN_POINT('Ctrl Pts',(144.603729534524,90.0910216937525,52.3415295647727));
#4026=CARTESIAN_POINT('Ctrl Pts',(143.867330811077,90.091021693753,51.6975646875484));
#4027=CARTESIAN_POINT('Ctrl Pts',(142.367199746154,90.091021693753,50.8036179056893));
#4028=CARTESIAN_POINT('Ctrl Pts',(141.648705283496,90.0910216937545,50.5052184435134));
#4029=CARTESIAN_POINT('Ctrl Pts',(140.134713361354,90.0910216937545,50.100317843323));
#4030=CARTESIAN_POINT('Ctrl Pts',(139.343174222943,90.0910216937525,50.));
#4031=CARTESIAN_POINT('Ctrl Pts',(138.549860819893,90.0910216937525,50.));
#4032=CARTESIAN_POINT('Ctrl Pts',(93.4810801995285,103.883338499089,49.6559659307789));
#4033=CARTESIAN_POINT('Ctrl Pts',(94.9534673147249,102.411660042263,51.5414509522659));
#4034=CARTESIAN_POINT('Ctrl Pts',(97.9689032225481,99.7750940006205,55.374175484463));
#4035=CARTESIAN_POINT('Ctrl Pts',(103.927989980646,95.2216799408586,63.6369558856765));
#4036=CARTESIAN_POINT('Ctrl Pts',(112.549642511906,89.0151636510836,76.8333395327831));
#4037=CARTESIAN_POINT('Ctrl Pts',(119.457701716904,84.0571580172862,88.2304840040869));
#4038=CARTESIAN_POINT('Ctrl Pts',(123.560237696847,81.1036183687957,95.1131496783006));
#4039=CARTESIAN_POINT('Ctrl Pts',(93.6776330050295,104.819040137624,49.8825704918161));
#4040=CARTESIAN_POINT('Ctrl Pts',(95.0989861782101,103.408083322278,51.838545857282));
#4041=CARTESIAN_POINT('Ctrl Pts',(98.0092341327689,100.84364434867,55.7840843545769));
#4042=CARTESIAN_POINT('Ctrl Pts',(103.820921251391,96.3471484849983,64.1669234605102));
#4043=CARTESIAN_POINT('Ctrl Pts',(112.318705585832,90.1644548087372,77.4423066315692));
#4044=CARTESIAN_POINT('Ctrl Pts',(119.175606864476,85.2114800820578,88.8679546033081));
#4045=CARTESIAN_POINT('Ctrl Pts',(123.253337118922,82.259598568406,95.7640524181672));
#4046=CARTESIAN_POINT('Ctrl Pts',(94.364509074914,106.685079900016,50.1022566262256));
#4047=CARTESIAN_POINT('Ctrl Pts',(95.7329726876079,105.424104275857,52.1804654236814));
#4048=CARTESIAN_POINT('Ctrl Pts',(98.5147138896807,103.064518387538,56.335986983593));
#4049=CARTESIAN_POINT('Ctrl Pts',(104.126543209547,98.7706568860739,64.960840575744));
#4050=CARTESIAN_POINT('Ctrl Pts',(112.442178946224,92.7126759661271,78.4080264237199));
#4051=CARTESIAN_POINT('Ctrl Pts',(119.220025743296,87.8024028840864,89.8979437507224));
#4052=CARTESIAN_POINT('Ctrl Pts',(123.259268575401,84.8705643672626,96.8247887558289));
#4053=CARTESIAN_POINT('Ctrl Pts',(95.8364835402035,108.675826833415,49.7545271954155));
#4054=CARTESIAN_POINT('Ctrl Pts',(97.2545205008894,107.60372975163,51.9123496234118));
#4055=CARTESIAN_POINT('Ctrl Pts',(100.08584650269,105.528948475108,56.2300045809679));
#4056=CARTESIAN_POINT('Ctrl Pts',(105.717314189504,101.551675585122,65.0687875398658));
#4057=CARTESIAN_POINT('Ctrl Pts',(114.017150245544,95.7198774726378,78.6828371740084));
#4058=CARTESIAN_POINT('Ctrl Pts',(120.780338663777,90.8978443814872,90.2369281001624));
#4059=CARTESIAN_POINT('Ctrl Pts',(124.811659144172,88.0080847270197,97.1944732439337));
#4060=CARTESIAN_POINT('Ctrl Pts',(97.6129130155679,110.202608868711,48.9779384819349));
#4061=CARTESIAN_POINT('Ctrl Pts',(99.1422957932741,109.274119965237,51.1569172877989));
#4062=CARTESIAN_POINT('Ctrl Pts',(102.139012231138,107.418161757738,55.5459958116323));
#4063=CARTESIAN_POINT('Ctrl Pts',(107.946731389002,103.687389704348,64.4996420713543));
#4064=CARTESIAN_POINT('Ctrl Pts',(116.359505450619,98.0361348356111,78.2114902836724));
#4065=CARTESIAN_POINT('Ctrl Pts',(123.160816536928,93.2865352730821,89.8026459107628));
#4066=CARTESIAN_POINT('Ctrl Pts',(127.209989254361,90.431469421591,96.7776636050205));
#4067=CARTESIAN_POINT('Ctrl Pts',(98.8030222538691,110.791723677364,48.2808761131989));
#4068=CARTESIAN_POINT('Ctrl Pts',(100.424391033679,109.911767835272,50.4408762156096));
#4069=CARTESIAN_POINT('Ctrl Pts',(103.568926743954,108.126139771504,54.8210232801947));
#4070=CARTESIAN_POINT('Ctrl Pts',(109.54776098905,104.472893599241,63.7852265199638));
#4071=CARTESIAN_POINT('Ctrl Pts',(118.083186184965,98.8774664670897,77.5124146713762));
#4072=CARTESIAN_POINT('Ctrl Pts',(124.930624818139,94.1506347458739,89.1081027442772));
#4073=CARTESIAN_POINT('Ctrl Pts',(129.001266780428,91.3069381858809,96.0854505985667));
#4074=CARTESIAN_POINT('Ctrl Pts',(99.5969546979741,111.010247534584,47.7447429330902));
#4075=CARTESIAN_POINT('Ctrl Pts',(101.280109587961,110.139056210704,49.8821506326322));
#4076=CARTESIAN_POINT('Ctrl Pts',(104.523332868464,108.362495152304,54.2408203999327));
#4077=CARTESIAN_POINT('Ctrl Pts',(110.617314323766,104.713930044746,63.1923227156862));
#4078=CARTESIAN_POINT('Ctrl Pts',(119.23498526789,99.1205651509124,76.9152568895315));
#4079=CARTESIAN_POINT('Ctrl Pts',(126.112920194621,94.3952414863507,88.5085119032318));
#4080=CARTESIAN_POINT('Ctrl Pts',(130.198245199142,91.5519557343024,95.4843169782423));
#4081=CARTESIAN_POINT('',(125.,87.9811016195063,97.0731748011409));
#4082=CARTESIAN_POINT('',(125.,95.1445894657274,86.6700384280565));
#4083=CARTESIAN_POINT('Ctrl Pts',(125.,87.9811016195063,97.0731748011408));
#4084=CARTESIAN_POINT('Ctrl Pts',(125.,88.7071395124248,96.4869581277843));
#4085=CARTESIAN_POINT('Ctrl Pts',(125.,89.4316619521079,95.785058546401));
#4086=CARTESIAN_POINT('Ctrl Pts',(125.,92.0918253614003,92.7638668882547));
#4087=CARTESIAN_POINT('Ctrl Pts',(124.999999999859,93.8393697675783,89.8653850137129));
#4088=CARTESIAN_POINT('Ctrl Pts',(125.000000000001,95.1381654259753,86.685790807369));
#4089=CARTESIAN_POINT('Ctrl Pts',(124.999999999995,95.1413789420299,86.6779152260485));
#4090=CARTESIAN_POINT('Ctrl Pts',(124.999999999995,95.1445894657308,86.6700384280482));
#4091=CARTESIAN_POINT('',(101.339770598279,110.091021693726,50.0000000000651));
#4092=CARTESIAN_POINT('Ctrl Pts',(125.000920496701,95.1447806808283,86.6695692950225));
#4093=CARTESIAN_POINT('Ctrl Pts',(122.611778433145,96.783150690208,82.649941715226));
#4094=CARTESIAN_POINT('Ctrl Pts',(117.41732747782,100.300329769207,74.0207859396147));
#4095=CARTESIAN_POINT('Ctrl Pts',(110.617314323766,104.713930044746,63.1923227156862));
#4096=CARTESIAN_POINT('Ctrl Pts',(105.055698999567,108.043758952558,55.0228176361156));
#4097=CARTESIAN_POINT('Ctrl Pts',(102.407422512269,109.516802707026,51.4088065959914));
#4098=CARTESIAN_POINT('Ctrl Pts',(101.339414320787,110.090927274246,50.0002316517341));
#4099=CARTESIAN_POINT('Ctrl Pts',(93.75,103.616564071454,50.));
#4100=CARTESIAN_POINT('Ctrl Pts',(93.75,104.446674915045,50.));
#4101=CARTESIAN_POINT('Ctrl Pts',(93.9015371289394,105.261625716128,50.));
#4102=CARTESIAN_POINT('Ctrl Pts',(94.513990856097,106.722677197403,50.));
#4103=CARTESIAN_POINT('Ctrl Pts',(94.9339473920334,107.34789930687,49.9999999995694));
#4104=CARTESIAN_POINT('Ctrl Pts',(96.0481515665466,108.484062563339,49.9999999995694));
#4105=CARTESIAN_POINT('Ctrl Pts',(96.7453635211988,108.954224581285,49.99999999996));
#4106=CARTESIAN_POINT('Ctrl Pts',(98.0764200093305,109.564717249723,49.99999999996));
#4107=CARTESIAN_POINT('Ctrl Pts',(98.6775541839314,109.75617821098,49.9999999999999));
#4108=CARTESIAN_POINT('Ctrl Pts',(99.9639359874145,110.025435548087,49.9999999999999));
#4109=CARTESIAN_POINT('Ctrl Pts',(100.652486902548,110.091021693753,50.));
#4110=CARTESIAN_POINT('Ctrl Pts',(101.339770598181,110.091021693753,50.));
#4111=CARTESIAN_POINT('Ctrl Pts',(125.,87.9811016195063,97.0731748011408));
#4112=CARTESIAN_POINT('Ctrl Pts',(123.806077614158,87.2969493911676,96.2578339251369));
#4113=CARTESIAN_POINT('Ctrl Pts',(122.800137288581,86.4653118770832,95.2667269299907));
#4114=CARTESIAN_POINT('Ctrl Pts',(121.781515190499,85.1172920212848,93.6602194239546));
#4115=CARTESIAN_POINT('Ctrl Pts',(121.524423084573,84.6697313343479,93.1268373673934));
#4116=CARTESIAN_POINT('Ctrl Pts',(121.184815316851,83.7738063389485,92.0591155354312));
#4117=CARTESIAN_POINT('Ctrl Pts',(121.09375,83.3264735990656,91.5260051355911));
#4118=CARTESIAN_POINT('Ctrl Pts',(121.09375,82.8783505815228,90.9919529195103));
#4119=CARTESIAN_POINT('Ctrl Pts',(150.403651344582,111.010561216707,47.743973335682));
#4120=CARTESIAN_POINT('Ctrl Pts',(148.720446403165,110.139355263882,49.8814169263304));
#4121=CARTESIAN_POINT('Ctrl Pts',(145.477022892456,108.362702725653,54.2403111330674));
#4122=CARTESIAN_POINT('Ctrl Pts',(139.382995060957,104.714125321883,63.1918436167288));
#4123=CARTESIAN_POINT('Ctrl Pts',(130.76532851022,99.1207764899147,76.9147383838967));
#4124=CARTESIAN_POINT('Ctrl Pts',(123.88708798985,94.3952471825412,88.5084979280221));
#4125=CARTESIAN_POINT('Ctrl Pts',(119.801754800858,91.5519557343023,95.4843169782424));
#4126=CARTESIAN_POINT('Ctrl Pts',(151.197561599056,110.792040638395,48.2800984712164));
#4127=CARTESIAN_POINT('Ctrl Pts',(149.575904207987,109.911873439641,50.4398879857165));
#4128=CARTESIAN_POINT('Ctrl Pts',(146.431391712132,108.12627143209,54.8204304319811));
#4129=CARTESIAN_POINT('Ctrl Pts',(140.452163603507,104.472826716932,63.7843966324453));
#4130=CARTESIAN_POINT('Ctrl Pts',(131.916873446439,98.8775858766577,77.5117439288878));
#4131=CARTESIAN_POINT('Ctrl Pts',(125.06957140968,94.1507014300402,89.1082017493631));
#4132=CARTESIAN_POINT('Ctrl Pts',(120.998733219572,91.3069381858808,96.0854505985668));
#4133=CARTESIAN_POINT('Ctrl Pts',(152.785222704882,110.007505221048,49.2105871641238));
#4134=CARTESIAN_POINT('Ctrl Pts',(151.286920476219,109.06318285443,51.3964060899416));
#4135=CARTESIAN_POINT('Ctrl Pts',(148.339830509117,107.183896362187,55.789122412217));
#4136=CARTESIAN_POINT('Ctrl Pts',(142.590425296557,103.42784082504,64.7402199817917));
#4137=CARTESIAN_POINT('Ctrl Pts',(134.219484263173,97.758131105598,78.4473795363278));
#4138=CARTESIAN_POINT('Ctrl Pts',(127.433417749962,93.0006773791537,90.0375845329154));
#4139=CARTESIAN_POINT('Ctrl Pts',(123.391747378645,90.1419290716989,97.0120514274847));
#4140=CARTESIAN_POINT('Ctrl Pts',(154.490005094217,108.29635439896,49.8556256415916));
#4141=CARTESIAN_POINT('Ctrl Pts',(153.087964710604,107.186632726426,52.0015646549188));
#4142=CARTESIAN_POINT('Ctrl Pts',(150.277591337833,105.053800010458,56.2926580955513));
#4143=CARTESIAN_POINT('Ctrl Pts',(144.664651089596,101.010608129194,65.0939726873508));
#4144=CARTESIAN_POINT('Ctrl Pts',(136.373328835204,95.1305307037555,78.6777006597376));
#4145=CARTESIAN_POINT('Ctrl Pts',(129.611583706329,90.289098583105,90.2205677905558));
#4146=CARTESIAN_POINT('Ctrl Pts',(125.580933535462,87.3901420554718,97.1725232465862));
#4147=CARTESIAN_POINT('Ctrl Pts',(155.80713031424,106.218236136738,50.045816709025));
#4148=CARTESIAN_POINT('Ctrl Pts',(154.425132500497,104.919499890086,52.0932218123988));
#4149=CARTESIAN_POINT('Ctrl Pts',(151.610755424545,102.508216740447,56.1960895759386));
#4150=CARTESIAN_POINT('Ctrl Pts',(145.948075505643,98.1632097191512,64.7598132853745));
#4151=CARTESIAN_POINT('Ctrl Pts',(137.586276621184,92.0737546520508,78.1635988945361));
#4152=CARTESIAN_POINT('Ctrl Pts',(130.788196384197,87.1524557895987,89.6378078085679));
#4153=CARTESIAN_POINT('Ctrl Pts',(126.739101470011,84.2155386071225,96.5568506060144));
#4154=CARTESIAN_POINT('Ctrl Pts',(156.32287881108,104.819548129261,49.8818662303395));
#4155=CARTESIAN_POINT('Ctrl Pts',(154.901752924974,103.408718513371,51.8381332565563));
#4156=CARTESIAN_POINT('Ctrl Pts',(151.991131247109,100.843980351647,55.7836913716247));
#4157=CARTESIAN_POINT('Ctrl Pts',(146.179769211693,96.347616354277,64.166810539204));
#4158=CARTESIAN_POINT('Ctrl Pts',(137.6818640849,90.1647541405365,77.4419464046568));
#4159=CARTESIAN_POINT('Ctrl Pts',(130.824209154135,85.2114334591346,88.8678294245249));
#4160=CARTESIAN_POINT('Ctrl Pts',(126.746662881078,82.2595985684059,95.7640524181672));
#4161=CARTESIAN_POINT('Ctrl Pts',(156.519449949371,103.883868400741,49.6552870400241));
#4162=CARTESIAN_POINT('Ctrl Pts',(155.04704062674,102.412123797003,51.5408087666782));
#4163=CARTESIAN_POINT('Ctrl Pts',(152.031441972613,99.7753598829767,55.3737075709485));
#4164=CARTESIAN_POINT('Ctrl Pts',(146.072316840054,95.2219034637769,63.6364976558694));
#4165=CARTESIAN_POINT('Ctrl Pts',(137.450675566007,89.0153835253314,76.8328324436984));
#4166=CARTESIAN_POINT('Ctrl Pts',(130.542306502047,84.0571639343575,88.2304702154711));
#4167=CARTESIAN_POINT('Ctrl Pts',(126.439762303153,81.1036183687957,95.1131496783006));
#4168=CARTESIAN_POINT('Ctrl Pts',(128.90625,82.8783505815228,90.9919529195102));
#4169=CARTESIAN_POINT('Ctrl Pts',(128.90625,83.5756212927405,91.8229277946146));
#4170=CARTESIAN_POINT('Ctrl Pts',(128.686372742739,84.2700748449648,92.6505453103753));
#4171=CARTESIAN_POINT('Ctrl Pts',(127.818172547809,85.7732987685356,94.4420178217644));
#4172=CARTESIAN_POINT('Ctrl Pts',(127.061922497537,86.5606053046791,95.3802932149182));
#4173=CARTESIAN_POINT('Ctrl Pts',(125.781629200739,87.5042428795092,96.5048766848289));
#4174=CARTESIAN_POINT('Ctrl Pts',(125.402171176655,87.7506458462124,96.7985283053839));
#4175=CARTESIAN_POINT('Ctrl Pts',(125.,87.9811016195062,97.0731748011408));
#4176=CARTESIAN_POINT('',(148.660229401809,110.09102169375,50.000000000007));
#4177=CARTESIAN_POINT('Ctrl Pts',(148.660229401819,110.091021693753,50.));
#4178=CARTESIAN_POINT('Ctrl Pts',(149.949414583886,110.091021693753,50.));
#4179=CARTESIAN_POINT('Ctrl Pts',(151.166231404024,109.86084853231,49.9999999995333));
#4180=CARTESIAN_POINT('Ctrl Pts',(153.084524508939,109.062846891363,49.9999999995333));
#4181=CARTESIAN_POINT('Ctrl Pts',(153.861931866406,108.566575958284,49.9999999985125));
#4182=CARTESIAN_POINT('Ctrl Pts',(155.051006138782,107.370589099212,49.9999999985125));
#4183=CARTESIAN_POINT('Ctrl Pts',(155.481953795258,106.733741501915,50.0000000002979));
#4184=CARTESIAN_POINT('Ctrl Pts',(156.098974572092,105.258905142144,50.0000000002979));
#4185=CARTESIAN_POINT('Ctrl Pts',(156.25,104.445272196889,50.));
#4186=CARTESIAN_POINT('Ctrl Pts',(156.25,103.616564071454,50.));
#4187=CARTESIAN_POINT('Ctrl Pts',(148.660586548744,110.090927043907,50.0002322168545));
#4188=CARTESIAN_POINT('Ctrl Pts',(147.592718119074,109.516877277552,51.4086236423598));
#4189=CARTESIAN_POINT('Ctrl Pts',(144.944486170922,108.043865742529,55.0225556343016));
#4190=CARTESIAN_POINT('Ctrl Pts',(139.382995060957,104.714125321883,63.1918436167288));
#4191=CARTESIAN_POINT('Ctrl Pts',(132.582957212066,100.300519441973,74.0203205905927));
#4192=CARTESIAN_POINT('Ctrl Pts',(127.388310087756,96.7832095198002,82.6497973808876));
#4193=CARTESIAN_POINT('Ctrl Pts',(124.999080844105,95.1447804007773,86.6695699821084));
#4194=CARTESIAN_POINT('Origin',(156.25,110.091021693753,50.));
#4195=CARTESIAN_POINT('',(8.,110.091021693753,50.));
#4196=CARTESIAN_POINT('Origin',(0.,0.308142083581051,-3.52208013201376));
#4197=CARTESIAN_POINT('',(250.,2.2232531913785,-5.12904915623011));
#4198=CARTESIAN_POINT('',(250.,-1.2988269406353,-5.43719123981121));
#4199=CARTESIAN_POINT('Origin',(250.,0.308142083581051,-3.52208013201376));
#4200=CARTESIAN_POINT('',(0.,-1.2988269406353,-5.43719123981121));
#4201=CARTESIAN_POINT('',(0.,-1.2988269406353,-5.43719123981121));
#4202=CARTESIAN_POINT('',(0.,2.2232531913785,-5.12904915623011));
#4203=CARTESIAN_POINT('Origin',(0.,0.308142083581051,-3.52208013201376));
#4204=CARTESIAN_POINT('',(0.,2.22325319137849,-5.12904915623011));
#4205=CARTESIAN_POINT('Origin',(0.,0.616284167162142,-7.04416026402756));
#4206=CARTESIAN_POINT('',(0.,116.318053910739,130.843839497388));
#4207=CARTESIAN_POINT('',(15.625,34.0224456011766,32.7677526397413));
#4208=CARTESIAN_POINT('',(15.625,10.3204968917295,4.52087011377403));
#4209=CARTESIAN_POINT('',(25.1242195876069,32.6204872013611,31.0969636800935));
#4210=CARTESIAN_POINT('Origin',(20.625,34.0224456011766,32.7677526397413));
#4211=CARTESIAN_POINT('',(28.9257514232357,37.661243343749,37.1043029221756));
#4212=CARTESIAN_POINT('',(29.7169366344019,17.8201046384384,13.4585545889617));
#4213=CARTESIAN_POINT('',(19.8962771311303,4.79810407291294,-2.06046136776706));
#4214=CARTESIAN_POINT('',(34.2161562220089,13.2042081901902,7.95754341371912));
#4215=CARTESIAN_POINT('Origin',(34.2161562220089,16.4181462386229,11.787765629314));
#4216=CARTESIAN_POINT('',(102.160110205322,13.2042081901901,7.95754341371902));
#4217=CARTESIAN_POINT('',(55.2414667101353,13.2042081901902,7.95754341371909));
#4218=CARTESIAN_POINT('',(106.57449304184,17.9274279952877,13.5864575850561));
#4219=CARTESIAN_POINT('Origin',(102.160110205322,16.4181462386228,11.7877656293139));
#4220=CARTESIAN_POINT('',(80.3219059734826,49.6528036363256,51.3952879816639));
#4221=CARTESIAN_POINT('',(111.679367163482,31.4016771943631,29.6444424755639));
#4222=CARTESIAN_POINT('',(114.00070812877,28.5964140817052,26.3012600828818));
#4223=CARTESIAN_POINT('',(121.09375,32.9109589510279,31.4431344313061));
#4224=CARTESIAN_POINT('Origin',(116.09375,32.9109589510279,31.4431344313061));
#4225=CARTESIAN_POINT('',(121.09375,50.3699253385996,52.2499203466762));
#4226=CARTESIAN_POINT('',(128.90625,34.0224456011766,32.7677526397413));
#4227=CARTESIAN_POINT('',(128.90625,10.3204968917295,4.52087011377403));
#4228=CARTESIAN_POINT('',(138.405469587607,32.6204872013611,31.0969636800936));
#4229=CARTESIAN_POINT('Origin',(133.90625,34.0224456011766,32.7677526397413));
#4230=CARTESIAN_POINT('',(131.429370956647,23.3703181788784,20.0730415154461));
#4231=CARTESIAN_POINT('',(142.998186634402,17.8201046384384,13.4585545889617));
#4232=CARTESIAN_POINT('',(122.399896664543,-9.49282109195689,-19.0917227744957));
#4233=CARTESIAN_POINT('',(147.497406222009,13.2042081901902,7.95754341371912));
#4234=CARTESIAN_POINT('Origin',(147.497406222009,16.4181462386229,11.787765629314));
#4235=CARTESIAN_POINT('',(215.441360205322,13.2042081901901,7.95754341371902));
#4236=CARTESIAN_POINT('',(111.882091710135,13.2042081901903,7.95754341371917));
#4237=CARTESIAN_POINT('',(219.85574304184,17.9274279952877,13.5864575850561));
#4238=CARTESIAN_POINT('Origin',(215.441360205322,16.4181462386228,11.7877656293139));
#4239=CARTESIAN_POINT('',(181.112257457316,64.7476377754388,69.3846107965658));
#4240=CARTESIAN_POINT('',(224.960617163482,31.4016771943631,29.644442475564));
#4241=CARTESIAN_POINT('',(214.791059612603,43.6912482208184,44.2905828977837));
#4242=CARTESIAN_POINT('',(234.375,32.910958951028,31.4431344313062));
#4243=CARTESIAN_POINT('Origin',(229.375,32.910958951028,31.4431344313062));
#4244=CARTESIAN_POINT('',(234.375,50.3699253385996,52.2499203466762));
#4245=CARTESIAN_POINT('',(250.,116.318053910739,130.843839497388));
#4246=CARTESIAN_POINT('Origin',(0.,52.9771838632647,63.5068086408968));
#4247=CARTESIAN_POINT('',(0.,-8.44857507641238,0.562159783929793));
#4248=CARTESIAN_POINT('',(0.,-10.3636861842098,2.16912880814614));
#4249=CARTESIAN_POINT('',(0.,-8.75671715999348,4.08423991594359));
#4250=CARTESIAN_POINT('Origin',(0.,-6.84160605219604,2.47727089172724));
#4251=CARTESIAN_POINT('',(0.,-4.89999150187424,8.68050657465746));
#4252=CARTESIAN_POINT('',(0.,-4.89999150187424,8.68050657465746));
#4253=CARTESIAN_POINT('',(0.,-3.11255446792996,7.1806688187222));
#4254=CARTESIAN_POINT('',(0.,-3.11255446792996,7.1806688187222));
#4255=CARTESIAN_POINT('',(0.,-5.36231110183285,4.49951326780577));
#4256=CARTESIAN_POINT('',(0.,-5.36231110183285,4.49951326780577));
#4257=CARTESIAN_POINT('',(0.,0.,0.));
#4258=CARTESIAN_POINT('',(0.,0.,0.));
#4259=CARTESIAN_POINT('',(0.,109.273893646712,130.227555330226));
#4260=CARTESIAN_POINT('',(0.,0.,0.));
#4261=CARTESIAN_POINT('',(0.,113.104115862307,127.013617281794));
#4262=CARTESIAN_POINT('',(0.,111.097649199616,128.697242718426));
#4263=CARTESIAN_POINT('',(0.,116.318053910739,130.843839497388));
#4264=CARTESIAN_POINT('Origin',(0.,-6.84160605219604,2.47727089172724));
#4265=CARTESIAN_POINT('',(250.,-8.44857507641238,0.562159783929793));
#4266=CARTESIAN_POINT('',(250.,-8.75671715999348,4.08423991594359));
#4267=CARTESIAN_POINT('Origin',(250.,-6.84160605219604,2.47727089172724));
#4268=CARTESIAN_POINT('',(0.,-8.75671715999348,4.08423991594359));
#4269=CARTESIAN_POINT('',(0.,-8.44857507641238,0.562159783929793));
#4270=CARTESIAN_POINT('Origin',(0.,-4.89999150187424,8.68050657465746));
#4271=CARTESIAN_POINT('',(250.,-4.89999150187424,8.68050657465746));
#4272=CARTESIAN_POINT('',(250.,-4.89999150187424,8.68050657465746));
#4273=CARTESIAN_POINT('',(0.,-4.89999150187424,8.68050657465746));
#4274=CARTESIAN_POINT('Origin',(210.,82.0910216937525,47.5));
#4275=CARTESIAN_POINT('',(218.,82.0910216937525,50.));
#4276=CARTESIAN_POINT('',(218.,82.0910216937525,47.5));
#4277=CARTESIAN_POINT('',(210.,90.0910216937525,50.));
#4278=CARTESIAN_POINT('Origin',(210.,82.0910216937525,50.));
#4279=CARTESIAN_POINT('',(210.,90.0910216937525,47.5));
#4280=CARTESIAN_POINT('Origin',(218.,89.4423793248602,45.));
#4281=CARTESIAN_POINT('',(218.,58.4222665714578,51.4748347606601));
#4282=CARTESIAN_POINT('',(218.,130.091021693753,50.));
#4283=CARTESIAN_POINT('Origin',(40.,82.0910216937525,47.5));
#4284=CARTESIAN_POINT('',(40.,90.0910216937525,50.));
#4285=CARTESIAN_POINT('',(40.,90.0910216937525,47.5));
#4286=CARTESIAN_POINT('',(32.,82.0910216937525,50.));
#4287=CARTESIAN_POINT('Origin',(40.,82.0910216937525,50.));
#4288=CARTESIAN_POINT('',(32.,82.0910216937525,47.5));
#4289=CARTESIAN_POINT('Origin',(8.,90.0910216937525,50.));
#4290=CARTESIAN_POINT('',(8.,90.0910216937525,50.));
#4291=CARTESIAN_POINT('',(8.,90.0910216937525,50.));
#4292=CARTESIAN_POINT('Origin',(226.,66.0910216937525,50.));
#4293=CARTESIAN_POINT('',(226.,66.0910216937525,50.));
#4294=CARTESIAN_POINT('',(226.,118.091021693753,50.));
#4295=CARTESIAN_POINT('',(226.,98.0910216937526,50.));
#4296=CARTESIAN_POINT('',(226.,66.0910216937525,50.));
#4297=CARTESIAN_POINT('',(226.,118.091021693753,50.));
#4298=CARTESIAN_POINT('Origin',(230.,66.0910216937525,50.));
#4299=CARTESIAN_POINT('',(234.,66.0910216937525,50.));
#4300=CARTESIAN_POINT('Origin',(230.,66.0910216937525,50.));
#4301=CARTESIAN_POINT('',(234.,66.0910216937525,50.));
#4302=CARTESIAN_POINT('Origin',(234.,118.091021693753,50.));
#4303=CARTESIAN_POINT('',(234.,118.091021693753,50.));
#4304=CARTESIAN_POINT('',(234.,124.091021693753,50.));
#4305=CARTESIAN_POINT('',(234.,118.091021693753,50.));
#4306=CARTESIAN_POINT('Origin',(230.,118.091021693753,50.));
#4307=CARTESIAN_POINT('Origin',(230.,118.091021693753,50.));
#4308=CARTESIAN_POINT('Origin',(234.,122.091021693753,50.));
#4309=CARTESIAN_POINT('',(234.,130.091021693753,50.));
#4310=CARTESIAN_POINT('Origin',(234.,122.091021693753,50.));
#4311=CARTESIAN_POINT('',(234.,130.091021693753,50.));
#4312=CARTESIAN_POINT('Origin',(226.,122.091021693753,50.));
#4313=CARTESIAN_POINT('',(226.,130.091021693753,50.));
#4314=CARTESIAN_POINT('',(218.,122.091021693753,50.));
#4315=CARTESIAN_POINT('Origin',(226.,122.091021693753,50.));
#4316=CARTESIAN_POINT('',(226.,130.091021693753,50.));
#4317=CARTESIAN_POINT('',(218.,122.091021693753,50.));
#4318=CARTESIAN_POINT('Origin',(218.,89.4423793248602,45.));
#4319=CARTESIAN_POINT('',(218.,110.091021693753,50.));
#4320=CARTESIAN_POINT('',(218.,110.091021693753,42.5));
#4321=CARTESIAN_POINT('',(218.,130.091021693753,50.));
#4322=CARTESIAN_POINT('Origin',(218.,130.091021693753,40.));
#4323=CARTESIAN_POINT('',(218.,130.091021693753,50.));
#4324=CARTESIAN_POINT('Origin',(0.,48.7937369559677,40.));
#4325=CARTESIAN_POINT('',(32.,58.4222665714578,51.4748347606601));
#4326=CARTESIAN_POINT('Origin',(8.,130.091021693753,50.));
#4327=CARTESIAN_POINT('',(32.,110.091021693753,50.));
#4328=CARTESIAN_POINT('',(8.,110.091021693753,50.));
#4329=CARTESIAN_POINT('',(32.,122.091021693753,50.));
#4330=CARTESIAN_POINT('',(32.,130.091021693753,50.));
#4331=CARTESIAN_POINT('',(24.,130.091021693753,50.));
#4332=CARTESIAN_POINT('Origin',(24.,122.091021693753,50.));
#4333=CARTESIAN_POINT('',(16.,130.091021693753,50.));
#4334=CARTESIAN_POINT('',(8.,130.091021693753,50.));
#4335=CARTESIAN_POINT('',(8.00000000000001,122.091021693753,50.));
#4336=CARTESIAN_POINT('Origin',(16.,122.091021693753,50.));
#4337=CARTESIAN_POINT('',(8.,130.091021693753,50.));
#4338=CARTESIAN_POINT('',(32.,130.091021693753,50.));
#4339=CARTESIAN_POINT('',(16.,66.0910216937525,50.));
#4340=CARTESIAN_POINT('',(16.,118.091021693753,50.));
#4341=CARTESIAN_POINT('',(16.,98.0910216937525,50.));
#4342=CARTESIAN_POINT('',(24.,118.091021693753,50.));
#4343=CARTESIAN_POINT('Origin',(20.,118.091021693753,50.));
#4344=CARTESIAN_POINT('',(24.,66.0910216937525,50.));
#4345=CARTESIAN_POINT('',(24.,124.091021693753,50.));
#4346=CARTESIAN_POINT('Origin',(20.,66.0910216937525,50.));
#4347=CARTESIAN_POINT('Origin',(8.,130.091021693753,50.));
#4348=CARTESIAN_POINT('',(8.,110.091021693753,50.));
#4349=CARTESIAN_POINT('Origin',(24.,122.091021693753,50.));
#4350=CARTESIAN_POINT('',(32.,122.091021693753,50.));
#4351=CARTESIAN_POINT('',(24.,130.091021693753,50.));
#4352=CARTESIAN_POINT('Origin',(16.,122.091021693753,50.));
#4353=CARTESIAN_POINT('',(16.,130.091021693753,50.));
#4354=CARTESIAN_POINT('',(8.,122.091021693753,50.));
#4355=CARTESIAN_POINT('Origin',(16.,66.0910216937525,50.));
#4356=CARTESIAN_POINT('',(16.,66.0910216937525,50.));
#4357=CARTESIAN_POINT('',(16.,118.091021693753,50.));
#4358=CARTESIAN_POINT('Origin',(20.,66.0910216937525,50.));
#4359=CARTESIAN_POINT('',(24.,66.0910216937525,50.));
#4360=CARTESIAN_POINT('Origin',(24.,118.091021693753,50.));
#4361=CARTESIAN_POINT('',(24.,118.091021693753,50.));
#4362=CARTESIAN_POINT('Origin',(20.,118.091021693753,50.));
#4363=CARTESIAN_POINT('Origin',(32.,89.4423793248602,45.));
#4364=CARTESIAN_POINT('',(32.,110.091021693753,42.5));
#4365=CARTESIAN_POINT('Origin',(8.,89.4423793248602,45.));
#4366=CARTESIAN_POINT('Origin',(8.,130.091021693753,40.));
#4367=CARTESIAN_POINT('Origin',(8.,110.091021693753,40.));
#4368=CARTESIAN_POINT('Origin',(32.,89.4423793248602,45.));
#4369=CARTESIAN_POINT('Origin',(0.,52.452681172964,54.7320520947765));
#4370=CARTESIAN_POINT('',(84.8906577462309,44.1316195403093,44.8153969998624));
#4371=CARTESIAN_POINT('',(80.3219059734826,49.6528036363256,51.3952879816639));
#4372=CARTESIAN_POINT('',(49.23624804973,43.7023261129117,44.3037850154843));
#4373=CARTESIAN_POINT('Origin',(67.2331264001579,38.0944925136499,37.6206291768936));
#4374=CARTESIAN_POINT('',(19.8962771311303,4.79810407291294,-2.06046136776706));
#4375=CARTESIAN_POINT('Origin',(0.,52.452681172964,54.7320520947765));
#4376=CARTESIAN_POINT('',(198.171907746231,44.1316195403093,44.8153969998624));
#4377=CARTESIAN_POINT('',(181.112257457316,64.7476377754388,69.3846107965658));
#4378=CARTESIAN_POINT('',(162.51749804973,43.7023261129117,44.3037850154843));
#4379=CARTESIAN_POINT('Origin',(180.514376400158,38.0944925136499,37.6206291768936));
#4380=CARTESIAN_POINT('',(122.399896664543,-9.49282109195689,-19.0917227744957));
#4381=CARTESIAN_POINT('Origin',(0.,52.452681172964,54.7320520947765));
#4382=CARTESIAN_POINT('',(15.625,10.3204968917295,4.52087011377403));
#4383=CARTESIAN_POINT('',(28.9257514232357,37.661243343749,37.1043029221756));
#4384=CARTESIAN_POINT('Origin',(0.,52.452681172964,54.7320520947765));
#4385=CARTESIAN_POINT('',(128.90625,10.3204968917295,4.52087011377403));
#4386=CARTESIAN_POINT('',(131.429370956647,23.3703181788784,20.0730415154461));
#4387=CARTESIAN_POINT('Origin',(0.,52.452681172964,54.7320520947765));
#4388=CARTESIAN_POINT('',(234.375,50.3699253385996,52.2499203466762));
#4389=CARTESIAN_POINT('',(214.791059612603,43.6912482208184,44.2905828977837));
#4390=CARTESIAN_POINT('Origin',(0.,52.452681172964,54.7320520947765));
#4391=CARTESIAN_POINT('',(121.09375,50.3699253385996,52.2499203466762));
#4392=CARTESIAN_POINT('',(114.00070812877,28.5964140817052,26.3012600828818));
#4393=CARTESIAN_POINT('Origin',(0.,0.616284167162142,-7.04416026402756));
#4394=CARTESIAN_POINT('',(121.09375,93.1131888212829,103.189358161365));
#4395=CARTESIAN_POINT('',(121.09375,50.3699253385996,52.2499203466762));
#4396=CARTESIAN_POINT('',(112.830519013831,95.5482701702996,106.091375107315));
#4397=CARTESIAN_POINT('Origin',(116.09375,93.1131888212828,103.189358161365));
#4398=CARTESIAN_POINT('',(87.7500756167254,81.6613945564084,89.541641204551));
#4399=CARTESIAN_POINT('',(25.3345305261571,47.102320088612,48.3557400508238));
#4400=CARTESIAN_POINT('',(83.1454682153266,65.8839421336821,70.7388055977827));
#4401=CARTESIAN_POINT('Origin',(100.8029995614,71.9210691603414,77.9335734207515));
#4402=CARTESIAN_POINT('',(114.00070812877,28.5964140817052,26.3012600828818));
#4403=CARTESIAN_POINT('',(50.6572966055854,66.4768431066774,71.4453974624025));
#4404=CARTESIAN_POINT('',(28.9257514232357,37.661243343749,37.1043029221756));
#4405=CARTESIAN_POINT('',(46.3983667270986,81.4276509262929,89.2630763936148));
#4406=CARTESIAN_POINT('Origin',(32.6604182551578,72.0846767059396,78.1285533009937));
#4407=CARTESIAN_POINT('',(24.0594871179852,94.9993153824812,105.43715626676));
#4408=CARTESIAN_POINT('',(50.138639069363,79.1553023532129,86.5549968180204));
#4409=CARTESIAN_POINT('',(15.625,92.6635718273929,102.653525493605));
#4410=CARTESIAN_POINT('Origin',(20.625,92.6635718273928,102.653525493605));
#4411=CARTESIAN_POINT('',(15.625,10.3204968917295,4.52087011377403));
#4412=CARTESIAN_POINT('',(5.,116.318053910739,130.843839497388));
#4413=CARTESIAN_POINT('Origin',(5.,113.104115862307,127.013617281793));
#4414=CARTESIAN_POINT('',(245.,116.318053910739,130.843839497388));
#4415=CARTESIAN_POINT('',(0.,116.318053910739,130.843839497388));
#4416=CARTESIAN_POINT('',(250.,113.104115862307,127.013617281794));
#4417=CARTESIAN_POINT('Origin',(245.,113.104115862307,127.013617281793));
#4418=CARTESIAN_POINT('',(250.,116.318053910739,130.843839497388));
#4419=CARTESIAN_POINT('',(234.375,93.1131888212829,103.189358161365));
#4420=CARTESIAN_POINT('',(234.375,50.3699253385996,52.2499203466762));
#4421=CARTESIAN_POINT('',(226.111769013831,95.5482701702996,106.091375107315));
#4422=CARTESIAN_POINT('Origin',(229.375,93.1131888212828,103.189358161365));
#4423=CARTESIAN_POINT('',(201.031325616725,81.6613945564084,89.5416412045509));
#4424=CARTESIAN_POINT('',(106.101063151441,29.0991361474694,26.9003809108327));
#4425=CARTESIAN_POINT('',(196.426718215327,65.8839421336821,70.7388055977827));
#4426=CARTESIAN_POINT('Origin',(214.0842495614,71.9210691603414,77.9335734207516));
#4427=CARTESIAN_POINT('',(214.791059612603,43.6912482208184,44.2905828977837));
#4428=CARTESIAN_POINT('',(163.938546605585,66.4768431066774,71.4453974624025));
#4429=CARTESIAN_POINT('',(131.429370956647,23.3703181788784,20.0730415154461));
#4430=CARTESIAN_POINT('',(159.679616727099,81.4276509262929,89.2630763936148));
#4431=CARTESIAN_POINT('Origin',(145.941668255158,72.0846767059396,78.1285533009937));
#4432=CARTESIAN_POINT('',(137.340737117985,94.9993153824812,105.43715626676));
#4433=CARTESIAN_POINT('',(133.503900877534,97.3303299606478,108.21515126468));
#4434=CARTESIAN_POINT('',(128.90625,92.6635718273929,102.653525493605));
#4435=CARTESIAN_POINT('Origin',(133.90625,92.6635718273928,102.653525493605));
#4436=CARTESIAN_POINT('',(128.90625,10.3204968917295,4.52087011377403));
#4437=CARTESIAN_POINT('',(210.298519922561,106.944067936144,119.672358035237));
#4438=CARTESIAN_POINT('',(152.086296868692,106.944067936144,119.672358035237));
#4439=CARTESIAN_POINT('',(69.7585332898649,106.944067936144,119.672358035237));
#4440=CARTESIAN_POINT('',(148.651809750707,101.394386332623,113.058505046487));
#4441=CARTESIAN_POINT('Origin',(152.086296868692,103.730129887711,115.842135819642));
#4442=CARTESIAN_POINT('',(166.570982659685,90.5078510046001,100.084437458412));
#4443=CARTESIAN_POINT('',(164.046256554512,92.0417119744766,101.912421779802));
#4444=CARTESIAN_POINT('',(193.3618550763,90.1104998288864,99.6108927672333));
#4445=CARTESIAN_POINT('Origin',(180.308931131626,99.8508252249533,111.218960551033));
#4446=CARTESIAN_POINT('',(213.56175090873,101.295048538694,112.940118873692));
#4447=CARTESIAN_POINT('',(118.639846949572,48.7374181793105,50.3043740746577));
#4448=CARTESIAN_POINT('Origin',(210.298519922561,103.730129887711,115.842135819642));
#4449=CARTESIAN_POINT('',(97.0172699225613,106.944067936144,119.672358035237));
#4450=CARTESIAN_POINT('',(38.8050468686925,106.944067936144,119.672358035237));
#4451=CARTESIAN_POINT('',(13.1179082898649,106.944067936144,119.672358035237));
#4452=CARTESIAN_POINT('',(35.3705597507073,101.394386332623,113.058505046487));
#4453=CARTESIAN_POINT('Origin',(38.8050468686925,103.730129887711,115.842135819642));
#4454=CARTESIAN_POINT('',(53.2897326596847,90.5078510046,100.084437458412));
#4455=CARTESIAN_POINT('',(80.6809947463409,73.8666843670417,80.2522673331426));
#4456=CARTESIAN_POINT('',(80.0806050762998,90.1104998288864,99.6108927672333));
#4457=CARTESIAN_POINT('Origin',(67.0276811316255,99.8508252249533,111.218960551033));
#4458=CARTESIAN_POINT('',(100.28050090873,101.295048538694,112.940118873692));
#4459=CARTESIAN_POINT('',(37.8733143242887,66.7406021204531,71.7597332146487));
#4460=CARTESIAN_POINT('Origin',(97.0172699225613,103.730129887711,115.842135819642));
#4461=CARTESIAN_POINT('Origin',(245.,111.097649199616,128.697242718426));
#4462=CARTESIAN_POINT('',(245.,112.487831695144,134.057777545821));
#4463=CARTESIAN_POINT('',(250.,109.273893646712,130.227555330226));
#4464=CARTESIAN_POINT('Origin',(245.,109.273893646712,130.227555330226));
#4465=CARTESIAN_POINT('',(250.,111.097649199616,128.697242718426));
#4466=CARTESIAN_POINT('',(245.,114.311587248049,132.527464934021));
#4467=CARTESIAN_POINT('Origin',(0.,112.487831695144,134.057777545821));
#4468=CARTESIAN_POINT('',(5.,112.487831695144,134.057777545821));
#4469=CARTESIAN_POINT('',(0.,112.487831695144,134.057777545821));
#4470=CARTESIAN_POINT('Origin',(5.,109.273893646712,130.227555330226));
#4471=CARTESIAN_POINT('',(250.,0.,0.));
#4472=CARTESIAN_POINT('',(0.,0.,0.));
#4473=CARTESIAN_POINT('',(250.,0.,0.));
#4474=CARTESIAN_POINT('',(121.09375,89.282966605688,106.403296209798));
#4475=CARTESIAN_POINT('',(121.09375,29.0807367354331,34.6570724797388));
#4476=CARTESIAN_POINT('',(121.09375,104.390587994793,124.407858275817));
#4477=CARTESIAN_POINT('',(111.679367163482,27.5714549787683,32.8583805239966));
#4478=CARTESIAN_POINT('Origin',(116.09375,29.0807367354331,34.6570724797388));
#4479=CARTESIAN_POINT('',(83.1454682153266,62.0537199180872,73.9527436462153));
#4480=CARTESIAN_POINT('',(76.6864062130479,69.8592808625183,83.2550489439542));
#4481=CARTESIAN_POINT('',(87.7500756167254,77.8311723408135,92.7555792529837));
#4482=CARTESIAN_POINT('Origin',(100.8029995614,68.0908469447465,81.1475114691842));
#4483=CARTESIAN_POINT('',(112.830519013831,91.7180479547047,109.305313155747));
#4484=CARTESIAN_POINT('',(69.8382484758225,67.9135121310287,80.9361720678439));
#4485=CARTESIAN_POINT('Origin',(116.09375,89.282966605688,106.403296209798));
#4486=CARTESIAN_POINT('',(38.8050468686925,103.113845720549,122.886296083669));
#4487=CARTESIAN_POINT('',(97.0172699225613,103.113845720549,122.886296083669));
#4488=CARTESIAN_POINT('',(13.1179082898648,103.113845720549,122.886296083669));
#4489=CARTESIAN_POINT('',(100.28050090873,97.4648263230995,116.154056922125));
#4490=CARTESIAN_POINT('Origin',(97.0172699225613,99.8999076721162,119.056073868074));
#4491=CARTESIAN_POINT('',(80.0806050762998,86.2802776132914,102.824830815666));
#4492=CARTESIAN_POINT('',(82.3770322739541,87.5517941628697,104.340165231669));
#4493=CARTESIAN_POINT('',(53.2897326596847,86.6776287890052,103.298375506844));
#4494=CARTESIAN_POINT('Origin',(67.0276811316255,96.0206030093584,114.432898599465));
#4495=CARTESIAN_POINT('',(35.3705597507073,97.564164117028,116.272443094919));
#4496=CARTESIAN_POINT('',(35.7524807116546,97.3321335397806,115.995919820893));
#4497=CARTESIAN_POINT('Origin',(38.8050468686925,99.8999076721163,119.056073868074));
#4498=CARTESIAN_POINT('',(84.8906577462309,40.3013973247144,48.0293350482951));
#4499=CARTESIAN_POINT('',(106.57449304184,14.0972057796928,16.8003956334888));
#4500=CARTESIAN_POINT('',(43.0076040577605,90.9156704171388,108.349076842736));
#4501=CARTESIAN_POINT('',(102.160110205322,9.37398597459527,11.1714814621517));
#4502=CARTESIAN_POINT('Origin',(102.160110205322,12.587924023028,15.0017036777466));
#4503=CARTESIAN_POINT('',(34.2161562220089,9.37398597459536,11.1714814621518));
#4504=CARTESIAN_POINT('',(55.2414667101351,9.37398597459533,11.1714814621517));
#4505=CARTESIAN_POINT('',(29.716936634402,13.9898824228435,16.6724926373943));
#4506=CARTESIAN_POINT('Origin',(34.2161562220089,12.5879240230281,15.0017036777467));
#4507=CARTESIAN_POINT('',(49.23624804973,39.8721038973168,47.517723063917));
#4508=CARTESIAN_POINT('',(55.2233228835039,47.8108468957146,56.9787485529397));
#4509=CARTESIAN_POINT('Origin',(67.2331264001579,34.2642702980551,40.8345672253262));
#4510=CARTESIAN_POINT('',(50.6572966055854,62.6466208910826,74.6593355108352));
#4511=CARTESIAN_POINT('',(25.1242195876069,28.7902649857662,34.3109017285262));
#4512=CARTESIAN_POINT('',(64.2527971756111,80.6739861665491,96.1435128428806));
#4513=CARTESIAN_POINT('',(15.625,30.1922233855817,35.981690688174));
#4514=CARTESIAN_POINT('Origin',(20.625,30.1922233855817,35.981690688174));
#4515=CARTESIAN_POINT('',(15.625,88.833349611798,105.867463542038));
#4516=CARTESIAN_POINT('',(15.625,64.3411595479232,76.6788080429147));
#4517=CARTESIAN_POINT('',(24.0594871179852,91.1690931668863,108.651094315193));
#4518=CARTESIAN_POINT('Origin',(20.625,88.833349611798,105.867463542038));
#4519=CARTESIAN_POINT('',(46.3983667270986,77.597428710698,92.4770144420475));
#4520=CARTESIAN_POINT('',(5.21012503467678,102.620751525952,122.298649305771));
#4521=CARTESIAN_POINT('Origin',(32.6604182551578,68.2544544903447,81.3424913494264));
#4522=CARTESIAN_POINT('',(198.171907746231,40.3013973247144,48.0293350482951));
#4523=CARTESIAN_POINT('',(219.85574304184,14.0972057796928,16.8003956334888));
#4524=CARTESIAN_POINT('',(143.797955541593,106.010504556252,126.338399657638));
#4525=CARTESIAN_POINT('',(215.441360205322,9.37398597459527,11.1714814621517));
#4526=CARTESIAN_POINT('Origin',(215.441360205322,12.587924023028,15.0017036777466));
#4527=CARTESIAN_POINT('',(147.497406222009,9.37398597459535,11.1714814621518));
#4528=CARTESIAN_POINT('',(111.882091710135,9.3739859745954,11.1714814621518));
#4529=CARTESIAN_POINT('',(142.998186634402,13.9898824228435,16.6724926373943));
#4530=CARTESIAN_POINT('Origin',(147.497406222009,12.5879240230281,15.0017036777467));
#4531=CARTESIAN_POINT('',(162.51749804973,39.8721038973169,47.517723063917));
#4532=CARTESIAN_POINT('',(157.726942416917,33.5199217308448,39.947487146211));
#4533=CARTESIAN_POINT('Origin',(180.514376400158,34.2642702980551,40.8345672253262));
#4534=CARTESIAN_POINT('',(152.086296868692,103.113845720549,122.886296083669));
#4535=CARTESIAN_POINT('',(210.298519922561,103.113845720549,122.886296083669));
#4536=CARTESIAN_POINT('',(69.7585332898648,103.113845720549,122.886296083669));
#4537=CARTESIAN_POINT('',(213.56175090873,97.4648263230995,116.154056922125));
#4538=CARTESIAN_POINT('Origin',(210.298519922561,99.8999076721162,119.056073868074));
#4539=CARTESIAN_POINT('',(193.3618550763,86.2802776132915,102.824830815666));
#4540=CARTESIAN_POINT('',(163.143564899238,69.5486102217272,82.8848060916778));
#4541=CARTESIAN_POINT('',(166.570982659685,86.6776287890052,103.298375506844));
#4542=CARTESIAN_POINT('Origin',(180.308931131626,96.0206030093585,114.432898599465));
#4543=CARTESIAN_POINT('',(148.651809750707,97.564164117028,116.272443094919));
#4544=CARTESIAN_POINT('',(119.117742519825,115.507161147215,137.656074267552));
#4545=CARTESIAN_POINT('Origin',(152.086296868692,99.8999076721163,119.056073868074));
#4546=CARTESIAN_POINT('',(163.938546605585,62.6466208910826,74.6593355108352));
#4547=CARTESIAN_POINT('',(138.405469587607,28.7902649857662,34.3109017285262));
#4548=CARTESIAN_POINT('',(166.756416709022,66.3830610016786,79.1122514361511));
#4549=CARTESIAN_POINT('',(128.90625,30.1922233855818,35.981690688174));
#4550=CARTESIAN_POINT('Origin',(133.90625,30.1922233855818,35.981690688174));
#4551=CARTESIAN_POINT('',(128.90625,88.833349611798,105.867463542038));
#4552=CARTESIAN_POINT('',(128.90625,64.3411595479232,76.6788080429147));
#4553=CARTESIAN_POINT('',(137.340737117985,91.1690931668863,108.651094315193));
#4554=CARTESIAN_POINT('Origin',(133.90625,88.833349611798,105.867463542038));
#4555=CARTESIAN_POINT('',(159.679616727099,77.597428710698,92.4770144420475));
#4556=CARTESIAN_POINT('',(88.5753868428474,120.795779133387,143.95880375243));
#4557=CARTESIAN_POINT('Origin',(145.941668255158,68.2544544903447,81.3424913494264));
#4558=CARTESIAN_POINT('',(234.375,89.282966605688,106.403296209798));
#4559=CARTESIAN_POINT('',(234.375,29.0807367354331,34.6570724797388));
#4560=CARTESIAN_POINT('',(234.375,104.390587994793,124.407858275817));
#4561=CARTESIAN_POINT('',(224.960617163482,27.5714549787683,32.8583805239966));
#4562=CARTESIAN_POINT('Origin',(229.375,29.0807367354331,34.6570724797388));
#4563=CARTESIAN_POINT('',(196.426718215327,62.0537199180872,73.9527436462154));
#4564=CARTESIAN_POINT('',(177.476757696881,84.9541150016316,101.244371758856));
#4565=CARTESIAN_POINT('',(201.031325616725,77.8311723408135,92.7555792529836));
#4566=CARTESIAN_POINT('Origin',(214.0842495614,68.0908469447465,81.1475114691842));
#4567=CARTESIAN_POINT('',(226.111769013831,91.7180479547047,109.305313155747));
#4568=CARTESIAN_POINT('',(150.604781101106,49.9103281898861,59.4808129278529));
#4569=CARTESIAN_POINT('Origin',(229.375,89.282966605688,106.403296209798));
#4570=CARTESIAN_POINT('Origin',(0.,116.318053910739,130.843839497388));
#4571=CARTESIAN_POINT('',(5.,114.311587248049,132.527464934021));
#4572=CARTESIAN_POINT('Origin',(5.,111.097649199616,128.697242718426));
#4573=CARTESIAN_POINT('Origin',(32.6604182551578,68.2544544903447,81.3424913494264));
#4574=CARTESIAN_POINT('',(46.3983667270986,77.597428710698,92.4770144420475));
#4575=CARTESIAN_POINT('',(50.6572966055854,62.6466208910826,74.6593355108352));
#4576=CARTESIAN_POINT('Origin',(15.625,96.2933442944423,114.757939005813));
#4577=CARTESIAN_POINT('',(24.0594871179852,91.1690931668863,108.651094315193));
#4578=CARTESIAN_POINT('Origin',(145.941668255158,68.2544544903447,81.3424913494264));
#4579=CARTESIAN_POINT('',(159.679616727099,77.597428710698,92.4770144420475));
#4580=CARTESIAN_POINT('',(163.938546605585,62.6466208910826,74.6593355108352));
#4581=CARTESIAN_POINT('Origin',(128.90625,96.2933442944423,114.757939005813));
#4582=CARTESIAN_POINT('',(137.340737117985,91.1690931668863,108.651094315193));
#4583=CARTESIAN_POINT('Origin',(67.0276811316255,96.0206030093585,114.432898599465));
#4584=CARTESIAN_POINT('',(80.0806050762998,86.2802776132915,102.824830815666));
#4585=CARTESIAN_POINT('',(53.2897326596847,86.6776287890052,103.298375506844));
#4586=CARTESIAN_POINT('Origin',(110.48293342027,103.113845720549,122.886296083669));
#4587=CARTESIAN_POINT('',(100.28050090873,97.4648263230995,116.154056922125));
#4588=CARTESIAN_POINT('Origin',(180.308931131626,96.0206030093585,114.432898599465));
#4589=CARTESIAN_POINT('',(193.3618550763,86.2802776132915,102.824830815666));
#4590=CARTESIAN_POINT('',(166.570982659685,86.6776287890052,103.298375506844));
#4591=CARTESIAN_POINT('Origin',(223.76418342027,103.113845720549,122.886296083669));
#4592=CARTESIAN_POINT('',(213.56175090873,97.4648263230995,116.154056922125));
#4593=CARTESIAN_POINT('Origin',(100.8029995614,68.0908469447466,81.1475114691842));
#4594=CARTESIAN_POINT('',(83.1454682153266,62.0537199180872,73.9527436462153));
#4595=CARTESIAN_POINT('',(87.7500756167254,77.8311723408135,92.7555792529836));
#4596=CARTESIAN_POINT('Origin',(121.09375,16.1944874007013,19.2998385400075));
#4597=CARTESIAN_POINT('',(111.679367163482,27.5714549787683,32.8583805239966));
#4598=CARTESIAN_POINT('Origin',(214.0842495614,68.0908469447466,81.1475114691842));
#4599=CARTESIAN_POINT('',(196.426718215327,62.0537199180872,73.9527436462153));
#4600=CARTESIAN_POINT('',(201.031325616725,77.8311723408135,92.7555792529836));
#4601=CARTESIAN_POINT('Origin',(234.375,16.1944874007013,19.2998385400075));
#4602=CARTESIAN_POINT('',(224.960617163482,27.5714549787683,32.8583805239966));
#4603=CARTESIAN_POINT('Origin',(180.514376400158,34.2642702980551,40.8345672253262));
#4604=CARTESIAN_POINT('',(162.51749804973,39.8721038973169,47.517723063917));
#4605=CARTESIAN_POINT('',(198.171907746231,40.3013973247144,48.0293350482951));
#4606=CARTESIAN_POINT('Origin',(139.51706657973,9.37398597459539,11.1714814621518));
#4607=CARTESIAN_POINT('',(142.998186634402,13.9898824228435,16.6724926373944));
#4608=CARTESIAN_POINT('Origin',(67.2331264001579,34.2642702980551,40.8345672253262));
#4609=CARTESIAN_POINT('',(49.23624804973,39.8721038973169,47.517723063917));
#4610=CARTESIAN_POINT('',(84.8906577462309,40.3013973247144,48.0293350482951));
#4611=CARTESIAN_POINT('Origin',(26.2358165797295,9.37398597459539,11.1714814621518));
#4612=CARTESIAN_POINT('',(29.7169366344019,13.9898824228435,16.6724926373944));
#4613=CARTESIAN_POINT('Origin',(229.375,29.0807367354331,34.6570724797388));
#4614=CARTESIAN_POINT('',(234.375,29.0807367354331,34.6570724797388));
#4615=CARTESIAN_POINT('Origin',(234.375,96.2933442944423,114.757939005813));
#4616=CARTESIAN_POINT('',(234.375,89.282966605688,106.403296209798));
#4617=CARTESIAN_POINT('Origin',(147.497406222009,12.5879240230281,15.0017036777467));
#4618=CARTESIAN_POINT('',(147.497406222009,9.37398597459537,11.1714814621518));
#4619=CARTESIAN_POINT('Origin',(223.76418342027,9.37398597459529,11.1714814621517));
#4620=CARTESIAN_POINT('',(215.441360205322,9.37398597459529,11.1714814621517));
#4621=CARTESIAN_POINT('Origin',(215.441360205322,12.587924023028,15.0017036777466));
#4622=CARTESIAN_POINT('',(219.85574304184,14.0972057796928,16.8003956334888));
#4623=CARTESIAN_POINT('Origin',(179.6875,62.6391874146715,74.6504766386169));
#4624=CARTESIAN_POINT('Origin',(102.160110205322,12.587924023028,15.0017036777466));
#4625=CARTESIAN_POINT('',(106.57449304184,14.0972057796928,16.8003956334888));
#4626=CARTESIAN_POINT('',(102.160110205322,9.37398597459529,11.1714814621517));
#4627=CARTESIAN_POINT('Origin',(66.40625,62.6391874146715,74.6504766386169));
#4628=CARTESIAN_POINT('Origin',(116.09375,29.0807367354331,34.6570724797388));
#4629=CARTESIAN_POINT('',(121.09375,29.0807367354331,34.6570724797388));
#4630=CARTESIAN_POINT('Origin',(121.09375,96.2933442944423,114.757939005813));
#4631=CARTESIAN_POINT('',(121.09375,89.282966605688,106.403296209798));
#4632=CARTESIAN_POINT('Origin',(133.90625,30.1922233855818,35.981690688174));
#4633=CARTESIAN_POINT('',(138.405469587607,28.7902649857662,34.3109017285262));
#4634=CARTESIAN_POINT('',(128.90625,30.1922233855818,35.981690688174));
#4635=CARTESIAN_POINT('Origin',(170.332782457006,71.1252513583706,84.7637738305043));
#4636=CARTESIAN_POINT('Origin',(152.086296868692,99.8999076721163,119.056073868074));
#4637=CARTESIAN_POINT('',(148.651809750707,97.564164117028,116.272443094919));
#4638=CARTESIAN_POINT('',(152.086296868692,103.113845720549,122.886296083669));
#4639=CARTESIAN_POINT('Origin',(179.6875,78.708877656835,93.8015877165913));
#4640=CARTESIAN_POINT('Origin',(133.90625,88.833349611798,105.867463542038));
#4641=CARTESIAN_POINT('',(128.90625,88.833349611798,105.867463542038));
#4642=CARTESIAN_POINT('Origin',(128.90625,16.194487400702,19.2998385400083));
#4643=CARTESIAN_POINT('Origin',(229.375,89.282966605688,106.403296209798));
#4644=CARTESIAN_POINT('',(226.111769013831,91.7180479547047,109.305313155747));
#4645=CARTESIAN_POINT('Origin',(188.920072063237,71.1252513583717,84.7637738305057));
#4646=CARTESIAN_POINT('Origin',(116.09375,89.282966605688,106.403296209798));
#4647=CARTESIAN_POINT('',(112.830519013831,91.7180479547047,109.305313155747));
#4648=CARTESIAN_POINT('Origin',(75.6388220632365,71.1252513583717,84.7637738305057));
#4649=CARTESIAN_POINT('Origin',(210.298519922561,99.8999076721162,119.056073868074));
#4650=CARTESIAN_POINT('',(210.298519922561,103.113845720549,122.886296083669));
#4651=CARTESIAN_POINT('Origin',(139.51706657973,103.113845720549,122.886296083669));
#4652=CARTESIAN_POINT('Origin',(97.0172699225613,99.8999076721162,119.056073868074));
#4653=CARTESIAN_POINT('',(97.0172699225613,103.113845720549,122.886296083669));
#4654=CARTESIAN_POINT('Origin',(26.2358165797295,103.113845720549,122.886296083669));
#4655=CARTESIAN_POINT('',(38.8050468686925,103.113845720549,122.886296083669));
#4656=CARTESIAN_POINT('Origin',(38.8050468686925,99.8999076721163,119.056073868074));
#4657=CARTESIAN_POINT('',(35.3705597507073,97.564164117028,116.272443094919));
#4658=CARTESIAN_POINT('Origin',(66.40625,78.708877656835,93.8015877165913));
#4659=CARTESIAN_POINT('Origin',(20.625,88.833349611798,105.867463542038));
#4660=CARTESIAN_POINT('',(15.625,88.833349611798,105.867463542038));
#4661=CARTESIAN_POINT('Origin',(15.625,16.194487400702,19.2998385400083));
#4662=CARTESIAN_POINT('',(15.625,30.1922233855818,35.981690688174));
#4663=CARTESIAN_POINT('Origin',(20.625,30.1922233855818,35.981690688174));
#4664=CARTESIAN_POINT('',(25.1242195876069,28.7902649857662,34.3109017285262));
#4665=CARTESIAN_POINT('Origin',(57.0515324570064,71.1252513583706,84.7637738305043));
#4666=CARTESIAN_POINT('Origin',(34.2161562220089,12.5879240230281,15.0017036777467));
#4667=CARTESIAN_POINT('',(34.2161562220089,9.37398597459537,11.1714814621518));
#4668=CARTESIAN_POINT('Origin',(110.48293342027,9.37398597459529,11.1714814621517));
#4669=CARTESIAN_POINT('Origin',(0.,-10.3636861842098,2.16912880814614));
#4670=CARTESIAN_POINT('',(250.,-10.3636861842098,2.16912880814614));
#4671=CARTESIAN_POINT('Origin',(0.,-3.11255446792996,7.1806688187222));
#4672=CARTESIAN_POINT('',(250.,-3.11255446792996,7.1806688187222));
#4673=CARTESIAN_POINT('',(250.,-3.11255446792996,7.1806688187222));
#4674=CARTESIAN_POINT('',(0.,-3.11255446792996,7.1806688187222));
#4675=CARTESIAN_POINT('Origin',(0.,-5.36231110183285,4.49951326780577));
#4676=CARTESIAN_POINT('',(250.,-5.36231110183285,4.49951326780577));
#4677=CARTESIAN_POINT('',(250.,-5.36231110183285,4.49951326780577));
#4678=CARTESIAN_POINT('',(0.,-5.36231110183285,4.49951326780577));
#4679=CARTESIAN_POINT('Origin',(0.,0.,0.));
#4680=CARTESIAN_POINT('',(250.,0.,0.));
#4681=CARTESIAN_POINT('Origin',(250.,52.9771838632647,63.5068086408968));
#4682=UNCERTAINTY_MEASURE_WITH_UNIT(LENGTH_MEASURE(0.01),#4686,
'DISTANCE_ACCURACY_VALUE',
'Maximum model space distance between geometric entities at asserted c
onnectivities');
#4683=UNCERTAINTY_MEASURE_WITH_UNIT(LENGTH_MEASURE(0.01),#4686,
'DISTANCE_ACCURACY_VALUE',
'Maximum model space distance between geometric entities at asserted c
onnectivities');
#4684=(
GEOMETRIC_REPRESENTATION_CONTEXT(3)
GLOBAL_UNCERTAINTY_ASSIGNED_CONTEXT((#4682))
GLOBAL_UNIT_ASSIGNED_CONTEXT((#4686,#4688,#4689))
REPRESENTATION_CONTEXT('','3D')
);
#4685=(
GEOMETRIC_REPRESENTATION_CONTEXT(3)
GLOBAL_UNCERTAINTY_ASSIGNED_CONTEXT((#4683))
GLOBAL_UNIT_ASSIGNED_CONTEXT((#4686,#4688,#4689))
REPRESENTATION_CONTEXT('','3D')
);
#4686=(
LENGTH_UNIT()
NAMED_UNIT(*)
SI_UNIT(.MILLI.,.METRE.)
);
#4687=(
LENGTH_UNIT()
NAMED_UNIT(*)
SI_UNIT($,.METRE.)
);
#4688=(
NAMED_UNIT(*)
PLANE_ANGLE_UNIT()
SI_UNIT($,.RADIAN.)
);
#4689=(
NAMED_UNIT(*)
SI_UNIT($,.STERADIAN.)
SOLID_ANGLE_UNIT()
);
#4690=SHAPE_DEFINITION_REPRESENTATION(#4691,#4692);
#4691=PRODUCT_DEFINITION_SHAPE('',$,#4694);
#4692=SHAPE_REPRESENTATION('',(#2582),#4684);
#4693=PRODUCT_DEFINITION_CONTEXT('part definition',#4698,'design');
#4694=PRODUCT_DEFINITION('2026-10-04-13-03-06-126','tabletStand',#4695,
#4693);
#4695=PRODUCT_DEFINITION_FORMATION('',$,#4700);
#4696=PRODUCT_RELATED_PRODUCT_CATEGORY('tabletStand','tabletStand',(#4700));
#4697=APPLICATION_PROTOCOL_DEFINITION('international standard',
'automotive_design',2009,#4698);
#4698=APPLICATION_CONTEXT(
'Core Data for Automotive Mechanical Design Process');
#4699=PRODUCT_CONTEXT('part definition',#4698,'mechanical');
#4700=PRODUCT('2026-10-04-13-03-06-126','tabletStand',$,(#4699));
#4701=PRESENTATION_STYLE_ASSIGNMENT((#4702));
#4702=SURFACE_STYLE_USAGE(.BOTH.,#4703);
#4703=SURFACE_SIDE_STYLE('',(#4704));
#4704=SURFACE_STYLE_FILL_AREA(#4705);
#4705=FILL_AREA_STYLE('Steel - Satin',(#4706));
#4706=FILL_AREA_STYLE_COLOUR('Steel - Satin',#4707);
#4707=COLOUR_RGB('Steel - Satin',0.627450980392157,0.627450980392157,0.627450980392157);
ENDSEC;
END-ISO-10303-21;
