ISO-10303-21;
HEADER;
/* Generated by software containing ST-Developer
 * from STEP Tools, Inc. (www.steptools.com) 
 */

FILE_DESCRIPTION(
/* description */ (''),
/* implementation_level */ '2;1');

FILE_NAME(
/* name */ 'topPlate.step',
/* time_stamp */ '2026-10-07T16:14:10+01:00',
/* author */ (''),
/* organization */ (''),
/* preprocessor_version */ 'ST-DEVELOPER v20.1',
/* originating_system */ 'Autodesk Translation Framework v15.8.0.0',
/* authorisation */ '');

FILE_SCHEMA (('AUTOMOTIVE_DESIGN { 1 0 10303 214 3 1 1 }'));
ENDSEC;

DATA;
#10=MECHANICAL_DESIGN_GEOMETRIC_PRESENTATION_REPRESENTATION('',(#13,#14),
#2670);
#11=SHAPE_REPRESENTATION_RELATIONSHIP('SRR','None',#2677,#12);
#12=ADVANCED_BREP_SHAPE_REPRESENTATION('',(#15,#16),#2669);
#13=STYLED_ITEM('',(#2686),#15);
#14=STYLED_ITEM('',(#2686),#16);
#15=MANIFOLD_SOLID_BREP('Body1',#1537);
#16=MANIFOLD_SOLID_BREP('Body2',#1538);
#17=CIRCLE('',#1554,10.);
#18=CIRCLE('',#1555,10.);
#19=CIRCLE('',#1557,0.161250543);
#20=CIRCLE('',#1558,0.161250543);
#21=CIRCLE('',#1559,12.25);
#22=CIRCLE('',#1560,0.161250543);
#23=CIRCLE('',#1561,0.161250543);
#24=CIRCLE('',#1562,0.161250543);
#25=CIRCLE('',#1563,0.161250543);
#26=CIRCLE('',#1564,12.25);
#27=CIRCLE('',#1565,0.161250543);
#28=CIRCLE('',#1566,0.161250543);
#29=CIRCLE('',#1567,0.161250543);
#30=CIRCLE('',#1568,0.161250543);
#31=CIRCLE('',#1569,12.25);
#32=CIRCLE('',#1570,0.161250543);
#33=CIRCLE('',#1571,0.161250543);
#34=CIRCLE('',#1572,0.161250543);
#35=CIRCLE('',#1573,0.161250543);
#36=CIRCLE('',#1574,12.25);
#37=CIRCLE('',#1575,0.5);
#38=CIRCLE('',#1576,0.5);
#39=CIRCLE('',#1577,0.625);
#40=CIRCLE('',#1578,14.75);
#41=CIRCLE('',#1581,14.75);
#42=CIRCLE('',#1582,0.625);
#43=CIRCLE('',#1583,0.5);
#44=CIRCLE('',#1584,0.5);
#45=CIRCLE('',#1585,12.25);
#46=CIRCLE('',#1586,0.161250543);
#47=CIRCLE('',#1587,0.161250543);
#48=CIRCLE('',#1588,0.161250543);
#49=CIRCLE('',#1589,0.161250543);
#50=CIRCLE('',#1590,12.25);
#51=CIRCLE('',#1591,0.161250543);
#52=CIRCLE('',#1592,0.161250543);
#53=CIRCLE('',#1593,0.161250543);
#54=CIRCLE('',#1594,0.161250543);
#55=CIRCLE('',#1595,12.25);
#56=CIRCLE('',#1596,0.161250543);
#57=CIRCLE('',#1597,0.161250543);
#58=CIRCLE('',#1598,0.161250543);
#59=CIRCLE('',#1599,0.161250543);
#60=CIRCLE('',#1600,12.25);
#61=CIRCLE('',#1601,0.161250543);
#62=CIRCLE('',#1602,0.161250543);
#63=CIRCLE('',#1639,10.);
#64=CIRCLE('',#1640,10.);
#65=CIRCLE('',#1642,14.75);
#66=CIRCLE('',#1643,0.625);
#67=CIRCLE('',#1644,0.5);
#68=CIRCLE('',#1645,0.5);
#69=CIRCLE('',#1646,12.25);
#70=CIRCLE('',#1647,0.161250543);
#71=CIRCLE('',#1648,0.161250543);
#72=CIRCLE('',#1649,0.161250543);
#73=CIRCLE('',#1650,0.161250543);
#74=CIRCLE('',#1651,12.25);
#75=CIRCLE('',#1652,0.161250543);
#76=CIRCLE('',#1653,0.161250543);
#77=CIRCLE('',#1654,0.161250543);
#78=CIRCLE('',#1655,0.161250543);
#79=CIRCLE('',#1656,12.25);
#80=CIRCLE('',#1657,0.161250543);
#81=CIRCLE('',#1658,0.161250543);
#82=CIRCLE('',#1659,0.161250543);
#83=CIRCLE('',#1660,0.161250543);
#84=CIRCLE('',#1661,12.25);
#85=CIRCLE('',#1662,0.161250543);
#86=CIRCLE('',#1663,0.161250543);
#87=CIRCLE('',#1665,14.75);
#88=CIRCLE('',#1668,0.161250543);
#89=CIRCLE('',#1669,0.161250543);
#90=CIRCLE('',#1670,12.25);
#91=CIRCLE('',#1671,0.161250543);
#92=CIRCLE('',#1672,0.161250543);
#93=CIRCLE('',#1673,0.161250543);
#94=CIRCLE('',#1674,0.161250543);
#95=CIRCLE('',#1675,12.25);
#96=CIRCLE('',#1676,0.161250543);
#97=CIRCLE('',#1677,0.161250543);
#98=CIRCLE('',#1678,0.161250543);
#99=CIRCLE('',#1679,0.161250543);
#100=CIRCLE('',#1680,12.25);
#101=CIRCLE('',#1681,0.161250543);
#102=CIRCLE('',#1682,0.161250543);
#103=CIRCLE('',#1683,0.161250543);
#104=CIRCLE('',#1684,0.161250543);
#105=CIRCLE('',#1685,12.25);
#106=CIRCLE('',#1686,0.5);
#107=CIRCLE('',#1687,0.5);
#108=CIRCLE('',#1688,0.625);
#109=CYLINDRICAL_SURFACE('',#1553,10.);
#110=CYLINDRICAL_SURFACE('',#1604,0.161250543);
#111=CYLINDRICAL_SURFACE('',#1605,0.161250543);
#112=CYLINDRICAL_SURFACE('',#1606,12.25);
#113=CYLINDRICAL_SURFACE('',#1607,12.25);
#114=CYLINDRICAL_SURFACE('',#1608,12.25);
#115=CYLINDRICAL_SURFACE('',#1609,0.161250543);
#116=CYLINDRICAL_SURFACE('',#1611,0.161250543);
#117=CYLINDRICAL_SURFACE('',#1613,0.161250543);
#118=CYLINDRICAL_SURFACE('',#1615,0.161250543);
#119=CYLINDRICAL_SURFACE('',#1616,0.161250543);
#120=CYLINDRICAL_SURFACE('',#1618,0.161250543);
#121=CYLINDRICAL_SURFACE('',#1620,0.161250543);
#122=CYLINDRICAL_SURFACE('',#1622,0.161250543);
#123=CYLINDRICAL_SURFACE('',#1623,0.161250543);
#124=CYLINDRICAL_SURFACE('',#1625,0.161250543);
#125=CYLINDRICAL_SURFACE('',#1627,0.161250543);
#126=CYLINDRICAL_SURFACE('',#1629,0.161250543);
#127=CYLINDRICAL_SURFACE('',#1630,12.25);
#128=CYLINDRICAL_SURFACE('',#1631,0.625);
#129=CYLINDRICAL_SURFACE('',#1632,14.75);
#130=CYLINDRICAL_SURFACE('',#1634,0.5);
#131=CYLINDRICAL_SURFACE('',#1636,0.5);
#132=CYLINDRICAL_SURFACE('',#1638,10.);
#133=CYLINDRICAL_SURFACE('',#1664,14.75);
#134=CYLINDRICAL_SURFACE('',#1690,0.5);
#135=CYLINDRICAL_SURFACE('',#1692,0.5);
#136=CYLINDRICAL_SURFACE('',#1693,0.625);
#137=CYLINDRICAL_SURFACE('',#1694,12.25);
#138=CYLINDRICAL_SURFACE('',#1696,0.161250543);
#139=CYLINDRICAL_SURFACE('',#1698,0.161250543);
#140=CYLINDRICAL_SURFACE('',#1700,0.161250543);
#141=CYLINDRICAL_SURFACE('',#1702,0.161250543);
#142=CYLINDRICAL_SURFACE('',#1703,0.161250543);
#143=CYLINDRICAL_SURFACE('',#1705,0.161250543);
#144=CYLINDRICAL_SURFACE('',#1707,0.161250543);
#145=CYLINDRICAL_SURFACE('',#1709,0.161250543);
#146=CYLINDRICAL_SURFACE('',#1710,0.161250543);
#147=CYLINDRICAL_SURFACE('',#1712,0.161250543);
#148=CYLINDRICAL_SURFACE('',#1714,0.161250543);
#149=CYLINDRICAL_SURFACE('',#1715,0.161250543);
#150=CYLINDRICAL_SURFACE('',#1717,12.25);
#151=CYLINDRICAL_SURFACE('',#1718,12.25);
#152=CYLINDRICAL_SURFACE('',#1719,12.25);
#153=CYLINDRICAL_SURFACE('',#1720,0.161250543);
#154=CYLINDRICAL_SURFACE('',#1722,0.161250543);
#155=FACE_OUTER_BOUND('',#235,.T.);
#156=FACE_OUTER_BOUND('',#236,.T.);
#157=FACE_OUTER_BOUND('',#237,.T.);
#158=FACE_OUTER_BOUND('',#238,.T.);
#159=FACE_OUTER_BOUND('',#239,.T.);
#160=FACE_OUTER_BOUND('',#240,.T.);
#161=FACE_OUTER_BOUND('',#241,.T.);
#162=FACE_OUTER_BOUND('',#242,.T.);
#163=FACE_OUTER_BOUND('',#243,.T.);
#164=FACE_OUTER_BOUND('',#244,.T.);
#165=FACE_OUTER_BOUND('',#245,.T.);
#166=FACE_OUTER_BOUND('',#246,.T.);
#167=FACE_OUTER_BOUND('',#247,.T.);
#168=FACE_OUTER_BOUND('',#248,.T.);
#169=FACE_OUTER_BOUND('',#249,.T.);
#170=FACE_OUTER_BOUND('',#250,.T.);
#171=FACE_OUTER_BOUND('',#251,.T.);
#172=FACE_OUTER_BOUND('',#252,.T.);
#173=FACE_OUTER_BOUND('',#253,.T.);
#174=FACE_OUTER_BOUND('',#254,.T.);
#175=FACE_OUTER_BOUND('',#255,.T.);
#176=FACE_OUTER_BOUND('',#256,.T.);
#177=FACE_OUTER_BOUND('',#257,.T.);
#178=FACE_OUTER_BOUND('',#258,.T.);
#179=FACE_OUTER_BOUND('',#259,.T.);
#180=FACE_OUTER_BOUND('',#260,.T.);
#181=FACE_OUTER_BOUND('',#261,.T.);
#182=FACE_OUTER_BOUND('',#262,.T.);
#183=FACE_OUTER_BOUND('',#263,.T.);
#184=FACE_OUTER_BOUND('',#264,.T.);
#185=FACE_OUTER_BOUND('',#265,.T.);
#186=FACE_OUTER_BOUND('',#266,.T.);
#187=FACE_OUTER_BOUND('',#267,.T.);
#188=FACE_OUTER_BOUND('',#268,.T.);
#189=FACE_OUTER_BOUND('',#269,.T.);
#190=FACE_OUTER_BOUND('',#270,.T.);
#191=FACE_OUTER_BOUND('',#271,.T.);
#192=FACE_OUTER_BOUND('',#272,.T.);
#193=FACE_OUTER_BOUND('',#273,.T.);
#194=FACE_OUTER_BOUND('',#274,.T.);
#195=FACE_OUTER_BOUND('',#275,.T.);
#196=FACE_OUTER_BOUND('',#276,.T.);
#197=FACE_OUTER_BOUND('',#277,.T.);
#198=FACE_OUTER_BOUND('',#278,.T.);
#199=FACE_OUTER_BOUND('',#279,.T.);
#200=FACE_OUTER_BOUND('',#280,.T.);
#201=FACE_OUTER_BOUND('',#281,.T.);
#202=FACE_OUTER_BOUND('',#282,.T.);
#203=FACE_OUTER_BOUND('',#283,.T.);
#204=FACE_OUTER_BOUND('',#284,.T.);
#205=FACE_OUTER_BOUND('',#285,.T.);
#206=FACE_OUTER_BOUND('',#286,.T.);
#207=FACE_OUTER_BOUND('',#287,.T.);
#208=FACE_OUTER_BOUND('',#288,.T.);
#209=FACE_OUTER_BOUND('',#289,.T.);
#210=FACE_OUTER_BOUND('',#290,.T.);
#211=FACE_OUTER_BOUND('',#291,.T.);
#212=FACE_OUTER_BOUND('',#292,.T.);
#213=FACE_OUTER_BOUND('',#293,.T.);
#214=FACE_OUTER_BOUND('',#294,.T.);
#215=FACE_OUTER_BOUND('',#295,.T.);
#216=FACE_OUTER_BOUND('',#296,.T.);
#217=FACE_OUTER_BOUND('',#297,.T.);
#218=FACE_OUTER_BOUND('',#298,.T.);
#219=FACE_OUTER_BOUND('',#299,.T.);
#220=FACE_OUTER_BOUND('',#300,.T.);
#221=FACE_OUTER_BOUND('',#301,.T.);
#222=FACE_OUTER_BOUND('',#302,.T.);
#223=FACE_OUTER_BOUND('',#303,.T.);
#224=FACE_OUTER_BOUND('',#304,.T.);
#225=FACE_OUTER_BOUND('',#305,.T.);
#226=FACE_OUTER_BOUND('',#306,.T.);
#227=FACE_OUTER_BOUND('',#307,.T.);
#228=FACE_OUTER_BOUND('',#308,.T.);
#229=FACE_OUTER_BOUND('',#309,.T.);
#230=FACE_OUTER_BOUND('',#310,.T.);
#231=FACE_OUTER_BOUND('',#311,.T.);
#232=FACE_OUTER_BOUND('',#312,.T.);
#233=FACE_OUTER_BOUND('',#313,.T.);
#234=FACE_OUTER_BOUND('',#314,.T.);
#235=EDGE_LOOP('',(#967,#968,#969,#970));
#236=EDGE_LOOP('',(#971,#972,#973,#974));
#237=EDGE_LOOP('',(#975,#976,#977,#978,#979,#980,#981,#982,#983,#984,#985,
#986,#987,#988,#989,#990,#991,#992,#993,#994,#995,#996,#997,#998,#999,#1000,
#1001,#1002,#1003,#1004,#1005,#1006,#1007,#1008,#1009,#1010,#1011,#1012));
#238=EDGE_LOOP('',(#1013,#1014,#1015,#1016));
#239=EDGE_LOOP('',(#1017,#1018,#1019,#1020,#1021,#1022,#1023,#1024,#1025,
#1026,#1027,#1028,#1029,#1030,#1031,#1032,#1033,#1034,#1035,#1036,#1037,
#1038,#1039,#1040,#1041,#1042,#1043,#1044,#1045,#1046,#1047,#1048,#1049,
#1050,#1051,#1052,#1053,#1054));
#240=EDGE_LOOP('',(#1055,#1056,#1057,#1058));
#241=EDGE_LOOP('',(#1059,#1060,#1061,#1062));
#242=EDGE_LOOP('',(#1063,#1064,#1065,#1066));
#243=EDGE_LOOP('',(#1067,#1068,#1069,#1070));
#244=EDGE_LOOP('',(#1071,#1072,#1073,#1074));
#245=EDGE_LOOP('',(#1075,#1076,#1077,#1078));
#246=EDGE_LOOP('',(#1079,#1080,#1081,#1082));
#247=EDGE_LOOP('',(#1083,#1084,#1085,#1086));
#248=EDGE_LOOP('',(#1087,#1088,#1089,#1090));
#249=EDGE_LOOP('',(#1091,#1092,#1093,#1094));
#250=EDGE_LOOP('',(#1095,#1096,#1097,#1098));
#251=EDGE_LOOP('',(#1099,#1100,#1101,#1102));
#252=EDGE_LOOP('',(#1103,#1104,#1105,#1106));
#253=EDGE_LOOP('',(#1107,#1108,#1109,#1110));
#254=EDGE_LOOP('',(#1111,#1112,#1113,#1114));
#255=EDGE_LOOP('',(#1115,#1116,#1117,#1118));
#256=EDGE_LOOP('',(#1119,#1120,#1121,#1122));
#257=EDGE_LOOP('',(#1123,#1124,#1125,#1126));
#258=EDGE_LOOP('',(#1127,#1128,#1129,#1130));
#259=EDGE_LOOP('',(#1131,#1132,#1133,#1134));
#260=EDGE_LOOP('',(#1135,#1136,#1137,#1138));
#261=EDGE_LOOP('',(#1139,#1140,#1141,#1142));
#262=EDGE_LOOP('',(#1143,#1144,#1145,#1146));
#263=EDGE_LOOP('',(#1147,#1148,#1149,#1150));
#264=EDGE_LOOP('',(#1151,#1152,#1153,#1154));
#265=EDGE_LOOP('',(#1155,#1156,#1157,#1158));
#266=EDGE_LOOP('',(#1159,#1160,#1161,#1162));
#267=EDGE_LOOP('',(#1163,#1164,#1165,#1166));
#268=EDGE_LOOP('',(#1167,#1168,#1169,#1170));
#269=EDGE_LOOP('',(#1171,#1172,#1173,#1174));
#270=EDGE_LOOP('',(#1175,#1176,#1177,#1178));
#271=EDGE_LOOP('',(#1179,#1180,#1181,#1182));
#272=EDGE_LOOP('',(#1183,#1184,#1185,#1186));
#273=EDGE_LOOP('',(#1187,#1188,#1189,#1190));
#274=EDGE_LOOP('',(#1191,#1192,#1193,#1194));
#275=EDGE_LOOP('',(#1195,#1196,#1197,#1198));
#276=EDGE_LOOP('',(#1199,#1200,#1201,#1202,#1203,#1204,#1205,#1206,#1207,
#1208,#1209,#1210,#1211,#1212,#1213,#1214,#1215,#1216,#1217,#1218,#1219,
#1220,#1221,#1222,#1223,#1224,#1225,#1226,#1227,#1228,#1229,#1230,#1231,
#1232,#1233,#1234,#1235,#1236));
#277=EDGE_LOOP('',(#1237,#1238,#1239,#1240));
#278=EDGE_LOOP('',(#1241,#1242,#1243,#1244));
#279=EDGE_LOOP('',(#1245,#1246,#1247,#1248,#1249,#1250,#1251,#1252,#1253,
#1254,#1255,#1256,#1257,#1258,#1259,#1260,#1261,#1262,#1263,#1264,#1265,
#1266,#1267,#1268,#1269,#1270,#1271,#1272,#1273,#1274,#1275,#1276,#1277,
#1278,#1279,#1280,#1281,#1282));
#280=EDGE_LOOP('',(#1283,#1284,#1285,#1286));
#281=EDGE_LOOP('',(#1287,#1288,#1289,#1290));
#282=EDGE_LOOP('',(#1291,#1292,#1293,#1294));
#283=EDGE_LOOP('',(#1295,#1296,#1297,#1298));
#284=EDGE_LOOP('',(#1299,#1300,#1301,#1302));
#285=EDGE_LOOP('',(#1303,#1304,#1305,#1306));
#286=EDGE_LOOP('',(#1307,#1308,#1309,#1310));
#287=EDGE_LOOP('',(#1311,#1312,#1313,#1314));
#288=EDGE_LOOP('',(#1315,#1316,#1317,#1318));
#289=EDGE_LOOP('',(#1319,#1320,#1321,#1322));
#290=EDGE_LOOP('',(#1323,#1324,#1325,#1326));
#291=EDGE_LOOP('',(#1327,#1328,#1329,#1330));
#292=EDGE_LOOP('',(#1331,#1332,#1333,#1334));
#293=EDGE_LOOP('',(#1335,#1336,#1337,#1338));
#294=EDGE_LOOP('',(#1339,#1340,#1341,#1342));
#295=EDGE_LOOP('',(#1343,#1344,#1345,#1346));
#296=EDGE_LOOP('',(#1347,#1348,#1349,#1350));
#297=EDGE_LOOP('',(#1351,#1352,#1353,#1354));
#298=EDGE_LOOP('',(#1355,#1356,#1357,#1358));
#299=EDGE_LOOP('',(#1359,#1360,#1361,#1362));
#300=EDGE_LOOP('',(#1363,#1364,#1365,#1366));
#301=EDGE_LOOP('',(#1367,#1368,#1369,#1370));
#302=EDGE_LOOP('',(#1371,#1372,#1373,#1374));
#303=EDGE_LOOP('',(#1375,#1376,#1377,#1378));
#304=EDGE_LOOP('',(#1379,#1380,#1381,#1382));
#305=EDGE_LOOP('',(#1383,#1384,#1385,#1386));
#306=EDGE_LOOP('',(#1387,#1388,#1389,#1390));
#307=EDGE_LOOP('',(#1391,#1392,#1393,#1394));
#308=EDGE_LOOP('',(#1395,#1396,#1397,#1398));
#309=EDGE_LOOP('',(#1399,#1400,#1401,#1402));
#310=EDGE_LOOP('',(#1403,#1404,#1405,#1406));
#311=EDGE_LOOP('',(#1407,#1408,#1409,#1410));
#312=EDGE_LOOP('',(#1411,#1412,#1413,#1414));
#313=EDGE_LOOP('',(#1415,#1416,#1417,#1418));
#314=EDGE_LOOP('',(#1419,#1420,#1421,#1422));
#315=LINE('',#2210,#451);
#316=LINE('',#2212,#452);
#317=LINE('',#2214,#453);
#318=LINE('',#2215,#454);
#319=LINE('',#2221,#455);
#320=LINE('',#2224,#456);
#321=LINE('',#2226,#457);
#322=LINE('',#2228,#458);
#323=LINE('',#2232,#459);
#324=LINE('',#2240,#460);
#325=LINE('',#2244,#461);
#326=LINE('',#2248,#462);
#327=LINE('',#2256,#463);
#328=LINE('',#2260,#464);
#329=LINE('',#2264,#465);
#330=LINE('',#2272,#466);
#331=LINE('',#2276,#467);
#332=LINE('',#2280,#468);
#333=LINE('',#2288,#469);
#334=LINE('',#2292,#470);
#335=LINE('',#2297,#471);
#336=LINE('',#2304,#472);
#337=LINE('',#2308,#473);
#338=LINE('',#2316,#474);
#339=LINE('',#2320,#475);
#340=LINE('',#2324,#476);
#341=LINE('',#2332,#477);
#342=LINE('',#2336,#478);
#343=LINE('',#2340,#479);
#344=LINE('',#2348,#480);
#345=LINE('',#2352,#481);
#346=LINE('',#2356,#482);
#347=LINE('',#2364,#483);
#348=LINE('',#2367,#484);
#349=LINE('',#2369,#485);
#350=LINE('',#2370,#486);
#351=LINE('',#2372,#487);
#352=LINE('',#2374,#488);
#353=LINE('',#2376,#489);
#354=LINE('',#2378,#490);
#355=LINE('',#2379,#491);
#356=LINE('',#2381,#492);
#357=LINE('',#2382,#493);
#358=LINE('',#2384,#494);
#359=LINE('',#2385,#495);
#360=LINE('',#2387,#496);
#361=LINE('',#2389,#497);
#362=LINE('',#2391,#498);
#363=LINE('',#2393,#499);
#364=LINE('',#2395,#500);
#365=LINE('',#2398,#501);
#366=LINE('',#2400,#502);
#367=LINE('',#2402,#503);
#368=LINE('',#2404,#504);
#369=LINE('',#2406,#505);
#370=LINE('',#2408,#506);
#371=LINE('',#2411,#507);
#372=LINE('',#2413,#508);
#373=LINE('',#2415,#509);
#374=LINE('',#2417,#510);
#375=LINE('',#2419,#511);
#376=LINE('',#2421,#512);
#377=LINE('',#2424,#513);
#378=LINE('',#2426,#514);
#379=LINE('',#2427,#515);
#380=LINE('',#2430,#516);
#381=LINE('',#2432,#517);
#382=LINE('',#2434,#518);
#383=LINE('',#2442,#519);
#384=LINE('',#2445,#520);
#385=LINE('',#2452,#521);
#386=LINE('',#2456,#522);
#387=LINE('',#2464,#523);
#388=LINE('',#2468,#524);
#389=LINE('',#2472,#525);
#390=LINE('',#2480,#526);
#391=LINE('',#2484,#527);
#392=LINE('',#2488,#528);
#393=LINE('',#2496,#529);
#394=LINE('',#2500,#530);
#395=LINE('',#2504,#531);
#396=LINE('',#2512,#532);
#397=LINE('',#2516,#533);
#398=LINE('',#2518,#534);
#399=LINE('',#2519,#535);
#400=LINE('',#2523,#536);
#401=LINE('',#2526,#537);
#402=LINE('',#2527,#538);
#403=LINE('',#2530,#539);
#404=LINE('',#2532,#540);
#405=LINE('',#2536,#541);
#406=LINE('',#2544,#542);
#407=LINE('',#2548,#543);
#408=LINE('',#2552,#544);
#409=LINE('',#2560,#545);
#410=LINE('',#2564,#546);
#411=LINE('',#2568,#547);
#412=LINE('',#2576,#548);
#413=LINE('',#2580,#549);
#414=LINE('',#2584,#550);
#415=LINE('',#2592,#551);
#416=LINE('',#2596,#552);
#417=LINE('',#2599,#553);
#418=LINE('',#2601,#554);
#419=LINE('',#2602,#555);
#420=LINE('',#2604,#556);
#421=LINE('',#2606,#557);
#422=LINE('',#2608,#558);
#423=LINE('',#2610,#559);
#424=LINE('',#2613,#560);
#425=LINE('',#2615,#561);
#426=LINE('',#2617,#562);
#427=LINE('',#2619,#563);
#428=LINE('',#2621,#564);
#429=LINE('',#2623,#565);
#430=LINE('',#2625,#566);
#431=LINE('',#2627,#567);
#432=LINE('',#2628,#568);
#433=LINE('',#2630,#569);
#434=LINE('',#2632,#570);
#435=LINE('',#2634,#571);
#436=LINE('',#2636,#572);
#437=LINE('',#2638,#573);
#438=LINE('',#2640,#574);
#439=LINE('',#2642,#575);
#440=LINE('',#2643,#576);
#441=LINE('',#2645,#577);
#442=LINE('',#2647,#578);
#443=LINE('',#2649,#579);
#444=LINE('',#2651,#580);
#445=LINE('',#2653,#581);
#446=LINE('',#2654,#582);
#447=LINE('',#2657,#583);
#448=LINE('',#2661,#584);
#449=LINE('',#2663,#585);
#450=LINE('',#2665,#586);
#451=VECTOR('',#1728,10.);
#452=VECTOR('',#1729,10.);
#453=VECTOR('',#1730,10.);
#454=VECTOR('',#1731,10.);
#455=VECTOR('',#1736,10.);
#456=VECTOR('',#1739,10.);
#457=VECTOR('',#1742,10.);
#458=VECTOR('',#1743,10.);
#459=VECTOR('',#1746,10.);
#460=VECTOR('',#1753,10.);
#461=VECTOR('',#1756,10.);
#462=VECTOR('',#1759,10.);
#463=VECTOR('',#1766,10.);
#464=VECTOR('',#1769,10.);
#465=VECTOR('',#1772,10.);
#466=VECTOR('',#1779,10.);
#467=VECTOR('',#1782,10.);
#468=VECTOR('',#1785,10.);
#469=VECTOR('',#1792,10.);
#470=VECTOR('',#1795,10.);
#471=VECTOR('',#1802,10.);
#472=VECTOR('',#1809,10.);
#473=VECTOR('',#1812,10.);
#474=VECTOR('',#1819,10.);
#475=VECTOR('',#1822,10.);
#476=VECTOR('',#1825,10.);
#477=VECTOR('',#1832,10.);
#478=VECTOR('',#1835,10.);
#479=VECTOR('',#1838,10.);
#480=VECTOR('',#1845,10.);
#481=VECTOR('',#1848,10.);
#482=VECTOR('',#1851,10.);
#483=VECTOR('',#1858,10.);
#484=VECTOR('',#1861,10.);
#485=VECTOR('',#1864,10.);
#486=VECTOR('',#1865,10.);
#487=VECTOR('',#1868,10.);
#488=VECTOR('',#1871,10.);
#489=VECTOR('',#1874,10.);
#490=VECTOR('',#1877,10.);
#491=VECTOR('',#1878,10.);
#492=VECTOR('',#1881,10.);
#493=VECTOR('',#1882,10.);
#494=VECTOR('',#1885,10.);
#495=VECTOR('',#1886,10.);
#496=VECTOR('',#1889,10.);
#497=VECTOR('',#1892,10.);
#498=VECTOR('',#1895,10.);
#499=VECTOR('',#1898,10.);
#500=VECTOR('',#1901,10.);
#501=VECTOR('',#1906,10.);
#502=VECTOR('',#1909,10.);
#503=VECTOR('',#1912,10.);
#504=VECTOR('',#1915,10.);
#505=VECTOR('',#1918,10.);
#506=VECTOR('',#1921,10.);
#507=VECTOR('',#1926,10.);
#508=VECTOR('',#1929,10.);
#509=VECTOR('',#1932,10.);
#510=VECTOR('',#1935,10.);
#511=VECTOR('',#1938,10.);
#512=VECTOR('',#1941,10.);
#513=VECTOR('',#1946,10.);
#514=VECTOR('',#1949,10.);
#515=VECTOR('',#1950,10.);
#516=VECTOR('',#1955,10.);
#517=VECTOR('',#1958,10.);
#518=VECTOR('',#1961,10.);
#519=VECTOR('',#1970,10.);
#520=VECTOR('',#1973,10.);
#521=VECTOR('',#1980,10.);
#522=VECTOR('',#1983,10.);
#523=VECTOR('',#1990,10.);
#524=VECTOR('',#1993,10.);
#525=VECTOR('',#1996,10.);
#526=VECTOR('',#2003,10.);
#527=VECTOR('',#2006,10.);
#528=VECTOR('',#2009,10.);
#529=VECTOR('',#2016,10.);
#530=VECTOR('',#2019,10.);
#531=VECTOR('',#2022,10.);
#532=VECTOR('',#2029,10.);
#533=VECTOR('',#2032,10.);
#534=VECTOR('',#2033,10.);
#535=VECTOR('',#2034,10.);
#536=VECTOR('',#2039,10.);
#537=VECTOR('',#2042,10.);
#538=VECTOR('',#2043,10.);
#539=VECTOR('',#2046,10.);
#540=VECTOR('',#2047,10.);
#541=VECTOR('',#2050,10.);
#542=VECTOR('',#2057,10.);
#543=VECTOR('',#2060,10.);
#544=VECTOR('',#2063,10.);
#545=VECTOR('',#2070,10.);
#546=VECTOR('',#2073,10.);
#547=VECTOR('',#2076,10.);
#548=VECTOR('',#2083,10.);
#549=VECTOR('',#2086,10.);
#550=VECTOR('',#2089,10.);
#551=VECTOR('',#2096,10.);
#552=VECTOR('',#2099,10.);
#553=VECTOR('',#2104,10.);
#554=VECTOR('',#2107,10.);
#555=VECTOR('',#2108,10.);
#556=VECTOR('',#2111,10.);
#557=VECTOR('',#2114,10.);
#558=VECTOR('',#2117,10.);
#559=VECTOR('',#2120,10.);
#560=VECTOR('',#2125,10.);
#561=VECTOR('',#2128,10.);
#562=VECTOR('',#2131,10.);
#563=VECTOR('',#2134,10.);
#564=VECTOR('',#2137,10.);
#565=VECTOR('',#2140,10.);
#566=VECTOR('',#2143,10.);
#567=VECTOR('',#2146,10.);
#568=VECTOR('',#2147,10.);
#569=VECTOR('',#2150,10.);
#570=VECTOR('',#2153,10.);
#571=VECTOR('',#2156,10.);
#572=VECTOR('',#2159,10.);
#573=VECTOR('',#2162,10.);
#574=VECTOR('',#2165,10.);
#575=VECTOR('',#2168,10.);
#576=VECTOR('',#2169,10.);
#577=VECTOR('',#2172,10.);
#578=VECTOR('',#2175,10.);
#579=VECTOR('',#2178,10.);
#580=VECTOR('',#2181,10.);
#581=VECTOR('',#2184,10.);
#582=VECTOR('',#2185,10.);
#583=VECTOR('',#2190,10.);
#584=VECTOR('',#2197,10.);
#585=VECTOR('',#2200,10.);
#586=VECTOR('',#2203,10.);
#587=VERTEX_POINT('',#2208);
#588=VERTEX_POINT('',#2209);
#589=VERTEX_POINT('',#2211);
#590=VERTEX_POINT('',#2213);
#591=VERTEX_POINT('',#2217);
#592=VERTEX_POINT('',#2218);
#593=VERTEX_POINT('',#2220);
#594=VERTEX_POINT('',#2222);
#595=VERTEX_POINT('',#2227);
#596=VERTEX_POINT('',#2229);
#597=VERTEX_POINT('',#2231);
#598=VERTEX_POINT('',#2233);
#599=VERTEX_POINT('',#2235);
#600=VERTEX_POINT('',#2237);
#601=VERTEX_POINT('',#2239);
#602=VERTEX_POINT('',#2241);
#603=VERTEX_POINT('',#2243);
#604=VERTEX_POINT('',#2245);
#605=VERTEX_POINT('',#2247);
#606=VERTEX_POINT('',#2249);
#607=VERTEX_POINT('',#2251);
#608=VERTEX_POINT('',#2253);
#609=VERTEX_POINT('',#2255);
#610=VERTEX_POINT('',#2257);
#611=VERTEX_POINT('',#2259);
#612=VERTEX_POINT('',#2261);
#613=VERTEX_POINT('',#2263);
#614=VERTEX_POINT('',#2265);
#615=VERTEX_POINT('',#2267);
#616=VERTEX_POINT('',#2269);
#617=VERTEX_POINT('',#2271);
#618=VERTEX_POINT('',#2273);
#619=VERTEX_POINT('',#2275);
#620=VERTEX_POINT('',#2277);
#621=VERTEX_POINT('',#2279);
#622=VERTEX_POINT('',#2281);
#623=VERTEX_POINT('',#2283);
#624=VERTEX_POINT('',#2285);
#625=VERTEX_POINT('',#2287);
#626=VERTEX_POINT('',#2289);
#627=VERTEX_POINT('',#2291);
#628=VERTEX_POINT('',#2293);
#629=VERTEX_POINT('',#2299);
#630=VERTEX_POINT('',#2301);
#631=VERTEX_POINT('',#2303);
#632=VERTEX_POINT('',#2305);
#633=VERTEX_POINT('',#2307);
#634=VERTEX_POINT('',#2309);
#635=VERTEX_POINT('',#2311);
#636=VERTEX_POINT('',#2313);
#637=VERTEX_POINT('',#2315);
#638=VERTEX_POINT('',#2317);
#639=VERTEX_POINT('',#2319);
#640=VERTEX_POINT('',#2321);
#641=VERTEX_POINT('',#2323);
#642=VERTEX_POINT('',#2325);
#643=VERTEX_POINT('',#2327);
#644=VERTEX_POINT('',#2329);
#645=VERTEX_POINT('',#2331);
#646=VERTEX_POINT('',#2333);
#647=VERTEX_POINT('',#2335);
#648=VERTEX_POINT('',#2337);
#649=VERTEX_POINT('',#2339);
#650=VERTEX_POINT('',#2341);
#651=VERTEX_POINT('',#2343);
#652=VERTEX_POINT('',#2345);
#653=VERTEX_POINT('',#2347);
#654=VERTEX_POINT('',#2349);
#655=VERTEX_POINT('',#2351);
#656=VERTEX_POINT('',#2353);
#657=VERTEX_POINT('',#2355);
#658=VERTEX_POINT('',#2357);
#659=VERTEX_POINT('',#2359);
#660=VERTEX_POINT('',#2361);
#661=VERTEX_POINT('',#2363);
#662=VERTEX_POINT('',#2365);
#663=VERTEX_POINT('',#2438);
#664=VERTEX_POINT('',#2439);
#665=VERTEX_POINT('',#2441);
#666=VERTEX_POINT('',#2443);
#667=VERTEX_POINT('',#2447);
#668=VERTEX_POINT('',#2449);
#669=VERTEX_POINT('',#2451);
#670=VERTEX_POINT('',#2453);
#671=VERTEX_POINT('',#2455);
#672=VERTEX_POINT('',#2457);
#673=VERTEX_POINT('',#2459);
#674=VERTEX_POINT('',#2461);
#675=VERTEX_POINT('',#2463);
#676=VERTEX_POINT('',#2465);
#677=VERTEX_POINT('',#2467);
#678=VERTEX_POINT('',#2469);
#679=VERTEX_POINT('',#2471);
#680=VERTEX_POINT('',#2473);
#681=VERTEX_POINT('',#2475);
#682=VERTEX_POINT('',#2477);
#683=VERTEX_POINT('',#2479);
#684=VERTEX_POINT('',#2481);
#685=VERTEX_POINT('',#2483);
#686=VERTEX_POINT('',#2485);
#687=VERTEX_POINT('',#2487);
#688=VERTEX_POINT('',#2489);
#689=VERTEX_POINT('',#2491);
#690=VERTEX_POINT('',#2493);
#691=VERTEX_POINT('',#2495);
#692=VERTEX_POINT('',#2497);
#693=VERTEX_POINT('',#2499);
#694=VERTEX_POINT('',#2501);
#695=VERTEX_POINT('',#2503);
#696=VERTEX_POINT('',#2505);
#697=VERTEX_POINT('',#2507);
#698=VERTEX_POINT('',#2509);
#699=VERTEX_POINT('',#2511);
#700=VERTEX_POINT('',#2513);
#701=VERTEX_POINT('',#2515);
#702=VERTEX_POINT('',#2517);
#703=VERTEX_POINT('',#2521);
#704=VERTEX_POINT('',#2525);
#705=VERTEX_POINT('',#2529);
#706=VERTEX_POINT('',#2531);
#707=VERTEX_POINT('',#2533);
#708=VERTEX_POINT('',#2535);
#709=VERTEX_POINT('',#2537);
#710=VERTEX_POINT('',#2539);
#711=VERTEX_POINT('',#2541);
#712=VERTEX_POINT('',#2543);
#713=VERTEX_POINT('',#2545);
#714=VERTEX_POINT('',#2547);
#715=VERTEX_POINT('',#2549);
#716=VERTEX_POINT('',#2551);
#717=VERTEX_POINT('',#2553);
#718=VERTEX_POINT('',#2555);
#719=VERTEX_POINT('',#2557);
#720=VERTEX_POINT('',#2559);
#721=VERTEX_POINT('',#2561);
#722=VERTEX_POINT('',#2563);
#723=VERTEX_POINT('',#2565);
#724=VERTEX_POINT('',#2567);
#725=VERTEX_POINT('',#2569);
#726=VERTEX_POINT('',#2571);
#727=VERTEX_POINT('',#2573);
#728=VERTEX_POINT('',#2575);
#729=VERTEX_POINT('',#2577);
#730=VERTEX_POINT('',#2579);
#731=VERTEX_POINT('',#2581);
#732=VERTEX_POINT('',#2583);
#733=VERTEX_POINT('',#2585);
#734=VERTEX_POINT('',#2587);
#735=VERTEX_POINT('',#2589);
#736=VERTEX_POINT('',#2591);
#737=VERTEX_POINT('',#2593);
#738=VERTEX_POINT('',#2595);
#739=EDGE_CURVE('',#587,#588,#315,.T.);
#740=EDGE_CURVE('',#588,#589,#316,.T.);
#741=EDGE_CURVE('',#589,#590,#317,.T.);
#742=EDGE_CURVE('',#590,#587,#318,.T.);
#743=EDGE_CURVE('',#591,#592,#17,.T.);
#744=EDGE_CURVE('',#592,#593,#319,.T.);
#745=EDGE_CURVE('',#593,#594,#18,.T.);
#746=EDGE_CURVE('',#594,#591,#320,.T.);
#747=EDGE_CURVE('',#591,#587,#321,.T.);
#748=EDGE_CURVE('',#595,#590,#322,.T.);
#749=EDGE_CURVE('',#596,#595,#19,.T.);
#750=EDGE_CURVE('',#597,#596,#323,.T.);
#751=EDGE_CURVE('',#598,#597,#20,.T.);
#752=EDGE_CURVE('',#599,#598,#21,.T.);
#753=EDGE_CURVE('',#600,#599,#22,.T.);
#754=EDGE_CURVE('',#601,#600,#324,.T.);
#755=EDGE_CURVE('',#602,#601,#23,.T.);
#756=EDGE_CURVE('',#603,#602,#325,.T.);
#757=EDGE_CURVE('',#604,#603,#24,.T.);
#758=EDGE_CURVE('',#605,#604,#326,.T.);
#759=EDGE_CURVE('',#606,#605,#25,.T.);
#760=EDGE_CURVE('',#607,#606,#26,.T.);
#761=EDGE_CURVE('',#608,#607,#27,.T.);
#762=EDGE_CURVE('',#609,#608,#327,.T.);
#763=EDGE_CURVE('',#610,#609,#28,.T.);
#764=EDGE_CURVE('',#611,#610,#328,.T.);
#765=EDGE_CURVE('',#612,#611,#29,.T.);
#766=EDGE_CURVE('',#613,#612,#329,.T.);
#767=EDGE_CURVE('',#614,#613,#30,.T.);
#768=EDGE_CURVE('',#615,#614,#31,.T.);
#769=EDGE_CURVE('',#616,#615,#32,.T.);
#770=EDGE_CURVE('',#617,#616,#330,.T.);
#771=EDGE_CURVE('',#618,#617,#33,.T.);
#772=EDGE_CURVE('',#619,#618,#331,.T.);
#773=EDGE_CURVE('',#620,#619,#34,.T.);
#774=EDGE_CURVE('',#621,#620,#332,.T.);
#775=EDGE_CURVE('',#622,#621,#35,.T.);
#776=EDGE_CURVE('',#623,#622,#36,.T.);
#777=EDGE_CURVE('',#624,#623,#37,.T.);
#778=EDGE_CURVE('',#625,#624,#333,.T.);
#779=EDGE_CURVE('',#626,#625,#38,.T.);
#780=EDGE_CURVE('',#626,#627,#334,.T.);
#781=EDGE_CURVE('',#628,#627,#39,.T.);
#782=EDGE_CURVE('',#592,#628,#40,.T.);
#783=EDGE_CURVE('',#588,#594,#335,.T.);
#784=EDGE_CURVE('',#593,#629,#41,.T.);
#785=EDGE_CURVE('',#630,#629,#42,.T.);
#786=EDGE_CURVE('',#630,#631,#336,.T.);
#787=EDGE_CURVE('',#632,#631,#43,.T.);
#788=EDGE_CURVE('',#633,#632,#337,.T.);
#789=EDGE_CURVE('',#634,#633,#44,.T.);
#790=EDGE_CURVE('',#634,#635,#45,.T.);
#791=EDGE_CURVE('',#636,#635,#46,.T.);
#792=EDGE_CURVE('',#636,#637,#338,.T.);
#793=EDGE_CURVE('',#638,#637,#47,.T.);
#794=EDGE_CURVE('',#638,#639,#339,.T.);
#795=EDGE_CURVE('',#640,#639,#48,.T.);
#796=EDGE_CURVE('',#640,#641,#340,.T.);
#797=EDGE_CURVE('',#642,#641,#49,.T.);
#798=EDGE_CURVE('',#642,#643,#50,.T.);
#799=EDGE_CURVE('',#644,#643,#51,.T.);
#800=EDGE_CURVE('',#644,#645,#341,.T.);
#801=EDGE_CURVE('',#646,#645,#52,.T.);
#802=EDGE_CURVE('',#646,#647,#342,.T.);
#803=EDGE_CURVE('',#648,#647,#53,.T.);
#804=EDGE_CURVE('',#648,#649,#343,.T.);
#805=EDGE_CURVE('',#650,#649,#54,.T.);
#806=EDGE_CURVE('',#650,#651,#55,.T.);
#807=EDGE_CURVE('',#652,#651,#56,.T.);
#808=EDGE_CURVE('',#652,#653,#344,.T.);
#809=EDGE_CURVE('',#654,#653,#57,.T.);
#810=EDGE_CURVE('',#654,#655,#345,.T.);
#811=EDGE_CURVE('',#656,#655,#58,.T.);
#812=EDGE_CURVE('',#656,#657,#346,.T.);
#813=EDGE_CURVE('',#658,#657,#59,.T.);
#814=EDGE_CURVE('',#658,#659,#60,.T.);
#815=EDGE_CURVE('',#660,#659,#61,.T.);
#816=EDGE_CURVE('',#660,#661,#347,.T.);
#817=EDGE_CURVE('',#662,#661,#62,.T.);
#818=EDGE_CURVE('',#662,#589,#348,.T.);
#819=EDGE_CURVE('',#661,#596,#349,.T.);
#820=EDGE_CURVE('',#597,#660,#350,.T.);
#821=EDGE_CURVE('',#659,#598,#351,.T.);
#822=EDGE_CURVE('',#595,#662,#352,.T.);
#823=EDGE_CURVE('',#599,#658,#353,.T.);
#824=EDGE_CURVE('',#651,#606,#354,.T.);
#825=EDGE_CURVE('',#607,#650,#355,.T.);
#826=EDGE_CURVE('',#643,#614,#356,.T.);
#827=EDGE_CURVE('',#615,#642,#357,.T.);
#828=EDGE_CURVE('',#621,#636,#358,.T.);
#829=EDGE_CURVE('',#635,#622,#359,.T.);
#830=EDGE_CURVE('',#637,#620,#360,.T.);
#831=EDGE_CURVE('',#619,#638,#361,.T.);
#832=EDGE_CURVE('',#639,#618,#362,.T.);
#833=EDGE_CURVE('',#617,#640,#363,.T.);
#834=EDGE_CURVE('',#641,#616,#364,.T.);
#835=EDGE_CURVE('',#613,#644,#365,.T.);
#836=EDGE_CURVE('',#645,#612,#366,.T.);
#837=EDGE_CURVE('',#611,#646,#367,.T.);
#838=EDGE_CURVE('',#647,#610,#368,.T.);
#839=EDGE_CURVE('',#609,#648,#369,.T.);
#840=EDGE_CURVE('',#649,#608,#370,.T.);
#841=EDGE_CURVE('',#605,#652,#371,.T.);
#842=EDGE_CURVE('',#653,#604,#372,.T.);
#843=EDGE_CURVE('',#603,#654,#373,.T.);
#844=EDGE_CURVE('',#655,#602,#374,.T.);
#845=EDGE_CURVE('',#601,#656,#375,.T.);
#846=EDGE_CURVE('',#657,#600,#376,.T.);
#847=EDGE_CURVE('',#623,#634,#377,.T.);
#848=EDGE_CURVE('',#629,#628,#378,.T.);
#849=EDGE_CURVE('',#627,#630,#379,.T.);
#850=EDGE_CURVE('',#631,#626,#380,.T.);
#851=EDGE_CURVE('',#625,#632,#381,.T.);
#852=EDGE_CURVE('',#633,#624,#382,.T.);
#853=EDGE_CURVE('',#663,#664,#63,.T.);
#854=EDGE_CURVE('',#664,#665,#383,.T.);
#855=EDGE_CURVE('',#665,#666,#64,.T.);
#856=EDGE_CURVE('',#666,#663,#384,.T.);
#857=EDGE_CURVE('',#667,#665,#65,.T.);
#858=EDGE_CURVE('',#668,#667,#66,.T.);
#859=EDGE_CURVE('',#668,#669,#385,.T.);
#860=EDGE_CURVE('',#670,#669,#67,.T.);
#861=EDGE_CURVE('',#671,#670,#386,.T.);
#862=EDGE_CURVE('',#672,#671,#68,.T.);
#863=EDGE_CURVE('',#673,#672,#69,.T.);
#864=EDGE_CURVE('',#674,#673,#70,.T.);
#865=EDGE_CURVE('',#675,#674,#387,.T.);
#866=EDGE_CURVE('',#676,#675,#71,.T.);
#867=EDGE_CURVE('',#677,#676,#388,.T.);
#868=EDGE_CURVE('',#678,#677,#72,.T.);
#869=EDGE_CURVE('',#679,#678,#389,.T.);
#870=EDGE_CURVE('',#680,#679,#73,.T.);
#871=EDGE_CURVE('',#681,#680,#74,.T.);
#872=EDGE_CURVE('',#682,#681,#75,.T.);
#873=EDGE_CURVE('',#683,#682,#390,.T.);
#874=EDGE_CURVE('',#684,#683,#76,.T.);
#875=EDGE_CURVE('',#685,#684,#391,.T.);
#876=EDGE_CURVE('',#686,#685,#77,.T.);
#877=EDGE_CURVE('',#687,#686,#392,.T.);
#878=EDGE_CURVE('',#688,#687,#78,.T.);
#879=EDGE_CURVE('',#689,#688,#79,.T.);
#880=EDGE_CURVE('',#690,#689,#80,.T.);
#881=EDGE_CURVE('',#691,#690,#393,.T.);
#882=EDGE_CURVE('',#692,#691,#81,.T.);
#883=EDGE_CURVE('',#693,#692,#394,.T.);
#884=EDGE_CURVE('',#694,#693,#82,.T.);
#885=EDGE_CURVE('',#695,#694,#395,.T.);
#886=EDGE_CURVE('',#696,#695,#83,.T.);
#887=EDGE_CURVE('',#697,#696,#84,.T.);
#888=EDGE_CURVE('',#698,#697,#85,.T.);
#889=EDGE_CURVE('',#699,#698,#396,.T.);
#890=EDGE_CURVE('',#700,#699,#86,.T.);
#891=EDGE_CURVE('',#701,#700,#397,.T.);
#892=EDGE_CURVE('',#701,#702,#398,.T.);
#893=EDGE_CURVE('',#702,#666,#399,.T.);
#894=EDGE_CURVE('',#703,#664,#87,.T.);
#895=EDGE_CURVE('',#667,#703,#400,.T.);
#896=EDGE_CURVE('',#704,#702,#401,.T.);
#897=EDGE_CURVE('',#663,#704,#402,.T.);
#898=EDGE_CURVE('',#704,#705,#403,.T.);
#899=EDGE_CURVE('',#705,#706,#404,.T.);
#900=EDGE_CURVE('',#707,#706,#88,.T.);
#901=EDGE_CURVE('',#707,#708,#405,.T.);
#902=EDGE_CURVE('',#709,#708,#89,.T.);
#903=EDGE_CURVE('',#709,#710,#90,.T.);
#904=EDGE_CURVE('',#711,#710,#91,.T.);
#905=EDGE_CURVE('',#711,#712,#406,.T.);
#906=EDGE_CURVE('',#713,#712,#92,.T.);
#907=EDGE_CURVE('',#713,#714,#407,.T.);
#908=EDGE_CURVE('',#715,#714,#93,.T.);
#909=EDGE_CURVE('',#715,#716,#408,.T.);
#910=EDGE_CURVE('',#717,#716,#94,.T.);
#911=EDGE_CURVE('',#717,#718,#95,.T.);
#912=EDGE_CURVE('',#719,#718,#96,.T.);
#913=EDGE_CURVE('',#719,#720,#409,.T.);
#914=EDGE_CURVE('',#721,#720,#97,.T.);
#915=EDGE_CURVE('',#721,#722,#410,.T.);
#916=EDGE_CURVE('',#723,#722,#98,.T.);
#917=EDGE_CURVE('',#723,#724,#411,.T.);
#918=EDGE_CURVE('',#725,#724,#99,.T.);
#919=EDGE_CURVE('',#725,#726,#100,.T.);
#920=EDGE_CURVE('',#727,#726,#101,.T.);
#921=EDGE_CURVE('',#727,#728,#412,.T.);
#922=EDGE_CURVE('',#729,#728,#102,.T.);
#923=EDGE_CURVE('',#729,#730,#413,.T.);
#924=EDGE_CURVE('',#731,#730,#103,.T.);
#925=EDGE_CURVE('',#731,#732,#414,.T.);
#926=EDGE_CURVE('',#733,#732,#104,.T.);
#927=EDGE_CURVE('',#733,#734,#105,.T.);
#928=EDGE_CURVE('',#735,#734,#106,.T.);
#929=EDGE_CURVE('',#736,#735,#415,.T.);
#930=EDGE_CURVE('',#737,#736,#107,.T.);
#931=EDGE_CURVE('',#737,#738,#416,.T.);
#932=EDGE_CURVE('',#703,#738,#108,.T.);
#933=EDGE_CURVE('',#705,#701,#417,.T.);
#934=EDGE_CURVE('',#671,#735,#418,.T.);
#935=EDGE_CURVE('',#734,#672,#419,.T.);
#936=EDGE_CURVE('',#736,#670,#420,.T.);
#937=EDGE_CURVE('',#669,#737,#421,.T.);
#938=EDGE_CURVE('',#738,#668,#422,.T.);
#939=EDGE_CURVE('',#673,#733,#423,.T.);
#940=EDGE_CURVE('',#732,#674,#424,.T.);
#941=EDGE_CURVE('',#675,#731,#425,.T.);
#942=EDGE_CURVE('',#730,#676,#426,.T.);
#943=EDGE_CURVE('',#677,#729,#427,.T.);
#944=EDGE_CURVE('',#728,#678,#428,.T.);
#945=EDGE_CURVE('',#679,#727,#429,.T.);
#946=EDGE_CURVE('',#726,#680,#430,.T.);
#947=EDGE_CURVE('',#724,#682,#431,.T.);
#948=EDGE_CURVE('',#681,#725,#432,.T.);
#949=EDGE_CURVE('',#683,#723,#433,.T.);
#950=EDGE_CURVE('',#722,#684,#434,.T.);
#951=EDGE_CURVE('',#685,#721,#435,.T.);
#952=EDGE_CURVE('',#720,#686,#436,.T.);
#953=EDGE_CURVE('',#687,#719,#437,.T.);
#954=EDGE_CURVE('',#718,#688,#438,.T.);
#955=EDGE_CURVE('',#716,#690,#439,.T.);
#956=EDGE_CURVE('',#689,#717,#440,.T.);
#957=EDGE_CURVE('',#691,#715,#441,.T.);
#958=EDGE_CURVE('',#714,#692,#442,.T.);
#959=EDGE_CURVE('',#693,#713,#443,.T.);
#960=EDGE_CURVE('',#712,#694,#444,.T.);
#961=EDGE_CURVE('',#695,#711,#445,.T.);
#962=EDGE_CURVE('',#710,#696,#446,.T.);
#963=EDGE_CURVE('',#697,#709,#447,.T.);
#964=EDGE_CURVE('',#708,#698,#448,.T.);
#965=EDGE_CURVE('',#699,#707,#449,.T.);
#966=EDGE_CURVE('',#706,#700,#450,.T.);
#967=ORIENTED_EDGE('',*,*,#739,.T.);
#968=ORIENTED_EDGE('',*,*,#740,.T.);
#969=ORIENTED_EDGE('',*,*,#741,.T.);
#970=ORIENTED_EDGE('',*,*,#742,.T.);
#971=ORIENTED_EDGE('',*,*,#743,.T.);
#972=ORIENTED_EDGE('',*,*,#744,.T.);
#973=ORIENTED_EDGE('',*,*,#745,.T.);
#974=ORIENTED_EDGE('',*,*,#746,.T.);
#975=ORIENTED_EDGE('',*,*,#743,.F.);
#976=ORIENTED_EDGE('',*,*,#747,.T.);
#977=ORIENTED_EDGE('',*,*,#742,.F.);
#978=ORIENTED_EDGE('',*,*,#748,.F.);
#979=ORIENTED_EDGE('',*,*,#749,.F.);
#980=ORIENTED_EDGE('',*,*,#750,.F.);
#981=ORIENTED_EDGE('',*,*,#751,.F.);
#982=ORIENTED_EDGE('',*,*,#752,.F.);
#983=ORIENTED_EDGE('',*,*,#753,.F.);
#984=ORIENTED_EDGE('',*,*,#754,.F.);
#985=ORIENTED_EDGE('',*,*,#755,.F.);
#986=ORIENTED_EDGE('',*,*,#756,.F.);
#987=ORIENTED_EDGE('',*,*,#757,.F.);
#988=ORIENTED_EDGE('',*,*,#758,.F.);
#989=ORIENTED_EDGE('',*,*,#759,.F.);
#990=ORIENTED_EDGE('',*,*,#760,.F.);
#991=ORIENTED_EDGE('',*,*,#761,.F.);
#992=ORIENTED_EDGE('',*,*,#762,.F.);
#993=ORIENTED_EDGE('',*,*,#763,.F.);
#994=ORIENTED_EDGE('',*,*,#764,.F.);
#995=ORIENTED_EDGE('',*,*,#765,.F.);
#996=ORIENTED_EDGE('',*,*,#766,.F.);
#997=ORIENTED_EDGE('',*,*,#767,.F.);
#998=ORIENTED_EDGE('',*,*,#768,.F.);
#999=ORIENTED_EDGE('',*,*,#769,.F.);
#1000=ORIENTED_EDGE('',*,*,#770,.F.);
#1001=ORIENTED_EDGE('',*,*,#771,.F.);
#1002=ORIENTED_EDGE('',*,*,#772,.F.);
#1003=ORIENTED_EDGE('',*,*,#773,.F.);
#1004=ORIENTED_EDGE('',*,*,#774,.F.);
#1005=ORIENTED_EDGE('',*,*,#775,.F.);
#1006=ORIENTED_EDGE('',*,*,#776,.F.);
#1007=ORIENTED_EDGE('',*,*,#777,.F.);
#1008=ORIENTED_EDGE('',*,*,#778,.F.);
#1009=ORIENTED_EDGE('',*,*,#779,.F.);
#1010=ORIENTED_EDGE('',*,*,#780,.T.);
#1011=ORIENTED_EDGE('',*,*,#781,.F.);
#1012=ORIENTED_EDGE('',*,*,#782,.F.);
#1013=ORIENTED_EDGE('',*,*,#746,.F.);
#1014=ORIENTED_EDGE('',*,*,#783,.F.);
#1015=ORIENTED_EDGE('',*,*,#739,.F.);
#1016=ORIENTED_EDGE('',*,*,#747,.F.);
#1017=ORIENTED_EDGE('',*,*,#745,.F.);
#1018=ORIENTED_EDGE('',*,*,#784,.T.);
#1019=ORIENTED_EDGE('',*,*,#785,.F.);
#1020=ORIENTED_EDGE('',*,*,#786,.T.);
#1021=ORIENTED_EDGE('',*,*,#787,.F.);
#1022=ORIENTED_EDGE('',*,*,#788,.F.);
#1023=ORIENTED_EDGE('',*,*,#789,.F.);
#1024=ORIENTED_EDGE('',*,*,#790,.T.);
#1025=ORIENTED_EDGE('',*,*,#791,.F.);
#1026=ORIENTED_EDGE('',*,*,#792,.T.);
#1027=ORIENTED_EDGE('',*,*,#793,.F.);
#1028=ORIENTED_EDGE('',*,*,#794,.T.);
#1029=ORIENTED_EDGE('',*,*,#795,.F.);
#1030=ORIENTED_EDGE('',*,*,#796,.T.);
#1031=ORIENTED_EDGE('',*,*,#797,.F.);
#1032=ORIENTED_EDGE('',*,*,#798,.T.);
#1033=ORIENTED_EDGE('',*,*,#799,.F.);
#1034=ORIENTED_EDGE('',*,*,#800,.T.);
#1035=ORIENTED_EDGE('',*,*,#801,.F.);
#1036=ORIENTED_EDGE('',*,*,#802,.T.);
#1037=ORIENTED_EDGE('',*,*,#803,.F.);
#1038=ORIENTED_EDGE('',*,*,#804,.T.);
#1039=ORIENTED_EDGE('',*,*,#805,.F.);
#1040=ORIENTED_EDGE('',*,*,#806,.T.);
#1041=ORIENTED_EDGE('',*,*,#807,.F.);
#1042=ORIENTED_EDGE('',*,*,#808,.T.);
#1043=ORIENTED_EDGE('',*,*,#809,.F.);
#1044=ORIENTED_EDGE('',*,*,#810,.T.);
#1045=ORIENTED_EDGE('',*,*,#811,.F.);
#1046=ORIENTED_EDGE('',*,*,#812,.T.);
#1047=ORIENTED_EDGE('',*,*,#813,.F.);
#1048=ORIENTED_EDGE('',*,*,#814,.T.);
#1049=ORIENTED_EDGE('',*,*,#815,.F.);
#1050=ORIENTED_EDGE('',*,*,#816,.T.);
#1051=ORIENTED_EDGE('',*,*,#817,.F.);
#1052=ORIENTED_EDGE('',*,*,#818,.T.);
#1053=ORIENTED_EDGE('',*,*,#740,.F.);
#1054=ORIENTED_EDGE('',*,*,#783,.T.);
#1055=ORIENTED_EDGE('',*,*,#819,.F.);
#1056=ORIENTED_EDGE('',*,*,#816,.F.);
#1057=ORIENTED_EDGE('',*,*,#820,.F.);
#1058=ORIENTED_EDGE('',*,*,#750,.T.);
#1059=ORIENTED_EDGE('',*,*,#751,.T.);
#1060=ORIENTED_EDGE('',*,*,#820,.T.);
#1061=ORIENTED_EDGE('',*,*,#815,.T.);
#1062=ORIENTED_EDGE('',*,*,#821,.T.);
#1063=ORIENTED_EDGE('',*,*,#817,.T.);
#1064=ORIENTED_EDGE('',*,*,#819,.T.);
#1065=ORIENTED_EDGE('',*,*,#749,.T.);
#1066=ORIENTED_EDGE('',*,*,#822,.T.);
#1067=ORIENTED_EDGE('',*,*,#823,.F.);
#1068=ORIENTED_EDGE('',*,*,#752,.T.);
#1069=ORIENTED_EDGE('',*,*,#821,.F.);
#1070=ORIENTED_EDGE('',*,*,#814,.F.);
#1071=ORIENTED_EDGE('',*,*,#824,.F.);
#1072=ORIENTED_EDGE('',*,*,#806,.F.);
#1073=ORIENTED_EDGE('',*,*,#825,.F.);
#1074=ORIENTED_EDGE('',*,*,#760,.T.);
#1075=ORIENTED_EDGE('',*,*,#826,.F.);
#1076=ORIENTED_EDGE('',*,*,#798,.F.);
#1077=ORIENTED_EDGE('',*,*,#827,.F.);
#1078=ORIENTED_EDGE('',*,*,#768,.T.);
#1079=ORIENTED_EDGE('',*,*,#775,.T.);
#1080=ORIENTED_EDGE('',*,*,#828,.T.);
#1081=ORIENTED_EDGE('',*,*,#791,.T.);
#1082=ORIENTED_EDGE('',*,*,#829,.T.);
#1083=ORIENTED_EDGE('',*,*,#830,.F.);
#1084=ORIENTED_EDGE('',*,*,#792,.F.);
#1085=ORIENTED_EDGE('',*,*,#828,.F.);
#1086=ORIENTED_EDGE('',*,*,#774,.T.);
#1087=ORIENTED_EDGE('',*,*,#793,.T.);
#1088=ORIENTED_EDGE('',*,*,#830,.T.);
#1089=ORIENTED_EDGE('',*,*,#773,.T.);
#1090=ORIENTED_EDGE('',*,*,#831,.T.);
#1091=ORIENTED_EDGE('',*,*,#832,.F.);
#1092=ORIENTED_EDGE('',*,*,#794,.F.);
#1093=ORIENTED_EDGE('',*,*,#831,.F.);
#1094=ORIENTED_EDGE('',*,*,#772,.T.);
#1095=ORIENTED_EDGE('',*,*,#795,.T.);
#1096=ORIENTED_EDGE('',*,*,#832,.T.);
#1097=ORIENTED_EDGE('',*,*,#771,.T.);
#1098=ORIENTED_EDGE('',*,*,#833,.T.);
#1099=ORIENTED_EDGE('',*,*,#834,.F.);
#1100=ORIENTED_EDGE('',*,*,#796,.F.);
#1101=ORIENTED_EDGE('',*,*,#833,.F.);
#1102=ORIENTED_EDGE('',*,*,#770,.T.);
#1103=ORIENTED_EDGE('',*,*,#797,.T.);
#1104=ORIENTED_EDGE('',*,*,#834,.T.);
#1105=ORIENTED_EDGE('',*,*,#769,.T.);
#1106=ORIENTED_EDGE('',*,*,#827,.T.);
#1107=ORIENTED_EDGE('',*,*,#767,.T.);
#1108=ORIENTED_EDGE('',*,*,#835,.T.);
#1109=ORIENTED_EDGE('',*,*,#799,.T.);
#1110=ORIENTED_EDGE('',*,*,#826,.T.);
#1111=ORIENTED_EDGE('',*,*,#836,.F.);
#1112=ORIENTED_EDGE('',*,*,#800,.F.);
#1113=ORIENTED_EDGE('',*,*,#835,.F.);
#1114=ORIENTED_EDGE('',*,*,#766,.T.);
#1115=ORIENTED_EDGE('',*,*,#801,.T.);
#1116=ORIENTED_EDGE('',*,*,#836,.T.);
#1117=ORIENTED_EDGE('',*,*,#765,.T.);
#1118=ORIENTED_EDGE('',*,*,#837,.T.);
#1119=ORIENTED_EDGE('',*,*,#838,.F.);
#1120=ORIENTED_EDGE('',*,*,#802,.F.);
#1121=ORIENTED_EDGE('',*,*,#837,.F.);
#1122=ORIENTED_EDGE('',*,*,#764,.T.);
#1123=ORIENTED_EDGE('',*,*,#803,.T.);
#1124=ORIENTED_EDGE('',*,*,#838,.T.);
#1125=ORIENTED_EDGE('',*,*,#763,.T.);
#1126=ORIENTED_EDGE('',*,*,#839,.T.);
#1127=ORIENTED_EDGE('',*,*,#840,.F.);
#1128=ORIENTED_EDGE('',*,*,#804,.F.);
#1129=ORIENTED_EDGE('',*,*,#839,.F.);
#1130=ORIENTED_EDGE('',*,*,#762,.T.);
#1131=ORIENTED_EDGE('',*,*,#805,.T.);
#1132=ORIENTED_EDGE('',*,*,#840,.T.);
#1133=ORIENTED_EDGE('',*,*,#761,.T.);
#1134=ORIENTED_EDGE('',*,*,#825,.T.);
#1135=ORIENTED_EDGE('',*,*,#759,.T.);
#1136=ORIENTED_EDGE('',*,*,#841,.T.);
#1137=ORIENTED_EDGE('',*,*,#807,.T.);
#1138=ORIENTED_EDGE('',*,*,#824,.T.);
#1139=ORIENTED_EDGE('',*,*,#842,.F.);
#1140=ORIENTED_EDGE('',*,*,#808,.F.);
#1141=ORIENTED_EDGE('',*,*,#841,.F.);
#1142=ORIENTED_EDGE('',*,*,#758,.T.);
#1143=ORIENTED_EDGE('',*,*,#809,.T.);
#1144=ORIENTED_EDGE('',*,*,#842,.T.);
#1145=ORIENTED_EDGE('',*,*,#757,.T.);
#1146=ORIENTED_EDGE('',*,*,#843,.T.);
#1147=ORIENTED_EDGE('',*,*,#844,.F.);
#1148=ORIENTED_EDGE('',*,*,#810,.F.);
#1149=ORIENTED_EDGE('',*,*,#843,.F.);
#1150=ORIENTED_EDGE('',*,*,#756,.T.);
#1151=ORIENTED_EDGE('',*,*,#811,.T.);
#1152=ORIENTED_EDGE('',*,*,#844,.T.);
#1153=ORIENTED_EDGE('',*,*,#755,.T.);
#1154=ORIENTED_EDGE('',*,*,#845,.T.);
#1155=ORIENTED_EDGE('',*,*,#846,.F.);
#1156=ORIENTED_EDGE('',*,*,#812,.F.);
#1157=ORIENTED_EDGE('',*,*,#845,.F.);
#1158=ORIENTED_EDGE('',*,*,#754,.T.);
#1159=ORIENTED_EDGE('',*,*,#813,.T.);
#1160=ORIENTED_EDGE('',*,*,#846,.T.);
#1161=ORIENTED_EDGE('',*,*,#753,.T.);
#1162=ORIENTED_EDGE('',*,*,#823,.T.);
#1163=ORIENTED_EDGE('',*,*,#847,.F.);
#1164=ORIENTED_EDGE('',*,*,#776,.T.);
#1165=ORIENTED_EDGE('',*,*,#829,.F.);
#1166=ORIENTED_EDGE('',*,*,#790,.F.);
#1167=ORIENTED_EDGE('',*,*,#785,.T.);
#1168=ORIENTED_EDGE('',*,*,#848,.T.);
#1169=ORIENTED_EDGE('',*,*,#781,.T.);
#1170=ORIENTED_EDGE('',*,*,#849,.T.);
#1171=ORIENTED_EDGE('',*,*,#744,.F.);
#1172=ORIENTED_EDGE('',*,*,#782,.T.);
#1173=ORIENTED_EDGE('',*,*,#848,.F.);
#1174=ORIENTED_EDGE('',*,*,#784,.F.);
#1175=ORIENTED_EDGE('',*,*,#850,.F.);
#1176=ORIENTED_EDGE('',*,*,#786,.F.);
#1177=ORIENTED_EDGE('',*,*,#849,.F.);
#1178=ORIENTED_EDGE('',*,*,#780,.F.);
#1179=ORIENTED_EDGE('',*,*,#779,.T.);
#1180=ORIENTED_EDGE('',*,*,#851,.T.);
#1181=ORIENTED_EDGE('',*,*,#787,.T.);
#1182=ORIENTED_EDGE('',*,*,#850,.T.);
#1183=ORIENTED_EDGE('',*,*,#852,.F.);
#1184=ORIENTED_EDGE('',*,*,#788,.T.);
#1185=ORIENTED_EDGE('',*,*,#851,.F.);
#1186=ORIENTED_EDGE('',*,*,#778,.T.);
#1187=ORIENTED_EDGE('',*,*,#789,.T.);
#1188=ORIENTED_EDGE('',*,*,#852,.T.);
#1189=ORIENTED_EDGE('',*,*,#777,.T.);
#1190=ORIENTED_EDGE('',*,*,#847,.T.);
#1191=ORIENTED_EDGE('',*,*,#818,.F.);
#1192=ORIENTED_EDGE('',*,*,#822,.F.);
#1193=ORIENTED_EDGE('',*,*,#748,.T.);
#1194=ORIENTED_EDGE('',*,*,#741,.F.);
#1195=ORIENTED_EDGE('',*,*,#853,.T.);
#1196=ORIENTED_EDGE('',*,*,#854,.T.);
#1197=ORIENTED_EDGE('',*,*,#855,.T.);
#1198=ORIENTED_EDGE('',*,*,#856,.T.);
#1199=ORIENTED_EDGE('',*,*,#855,.F.);
#1200=ORIENTED_EDGE('',*,*,#857,.F.);
#1201=ORIENTED_EDGE('',*,*,#858,.F.);
#1202=ORIENTED_EDGE('',*,*,#859,.T.);
#1203=ORIENTED_EDGE('',*,*,#860,.F.);
#1204=ORIENTED_EDGE('',*,*,#861,.F.);
#1205=ORIENTED_EDGE('',*,*,#862,.F.);
#1206=ORIENTED_EDGE('',*,*,#863,.F.);
#1207=ORIENTED_EDGE('',*,*,#864,.F.);
#1208=ORIENTED_EDGE('',*,*,#865,.F.);
#1209=ORIENTED_EDGE('',*,*,#866,.F.);
#1210=ORIENTED_EDGE('',*,*,#867,.F.);
#1211=ORIENTED_EDGE('',*,*,#868,.F.);
#1212=ORIENTED_EDGE('',*,*,#869,.F.);
#1213=ORIENTED_EDGE('',*,*,#870,.F.);
#1214=ORIENTED_EDGE('',*,*,#871,.F.);
#1215=ORIENTED_EDGE('',*,*,#872,.F.);
#1216=ORIENTED_EDGE('',*,*,#873,.F.);
#1217=ORIENTED_EDGE('',*,*,#874,.F.);
#1218=ORIENTED_EDGE('',*,*,#875,.F.);
#1219=ORIENTED_EDGE('',*,*,#876,.F.);
#1220=ORIENTED_EDGE('',*,*,#877,.F.);
#1221=ORIENTED_EDGE('',*,*,#878,.F.);
#1222=ORIENTED_EDGE('',*,*,#879,.F.);
#1223=ORIENTED_EDGE('',*,*,#880,.F.);
#1224=ORIENTED_EDGE('',*,*,#881,.F.);
#1225=ORIENTED_EDGE('',*,*,#882,.F.);
#1226=ORIENTED_EDGE('',*,*,#883,.F.);
#1227=ORIENTED_EDGE('',*,*,#884,.F.);
#1228=ORIENTED_EDGE('',*,*,#885,.F.);
#1229=ORIENTED_EDGE('',*,*,#886,.F.);
#1230=ORIENTED_EDGE('',*,*,#887,.F.);
#1231=ORIENTED_EDGE('',*,*,#888,.F.);
#1232=ORIENTED_EDGE('',*,*,#889,.F.);
#1233=ORIENTED_EDGE('',*,*,#890,.F.);
#1234=ORIENTED_EDGE('',*,*,#891,.F.);
#1235=ORIENTED_EDGE('',*,*,#892,.T.);
#1236=ORIENTED_EDGE('',*,*,#893,.T.);
#1237=ORIENTED_EDGE('',*,*,#854,.F.);
#1238=ORIENTED_EDGE('',*,*,#894,.F.);
#1239=ORIENTED_EDGE('',*,*,#895,.F.);
#1240=ORIENTED_EDGE('',*,*,#857,.T.);
#1241=ORIENTED_EDGE('',*,*,#856,.F.);
#1242=ORIENTED_EDGE('',*,*,#893,.F.);
#1243=ORIENTED_EDGE('',*,*,#896,.F.);
#1244=ORIENTED_EDGE('',*,*,#897,.F.);
#1245=ORIENTED_EDGE('',*,*,#853,.F.);
#1246=ORIENTED_EDGE('',*,*,#897,.T.);
#1247=ORIENTED_EDGE('',*,*,#898,.T.);
#1248=ORIENTED_EDGE('',*,*,#899,.T.);
#1249=ORIENTED_EDGE('',*,*,#900,.F.);
#1250=ORIENTED_EDGE('',*,*,#901,.T.);
#1251=ORIENTED_EDGE('',*,*,#902,.F.);
#1252=ORIENTED_EDGE('',*,*,#903,.T.);
#1253=ORIENTED_EDGE('',*,*,#904,.F.);
#1254=ORIENTED_EDGE('',*,*,#905,.T.);
#1255=ORIENTED_EDGE('',*,*,#906,.F.);
#1256=ORIENTED_EDGE('',*,*,#907,.T.);
#1257=ORIENTED_EDGE('',*,*,#908,.F.);
#1258=ORIENTED_EDGE('',*,*,#909,.T.);
#1259=ORIENTED_EDGE('',*,*,#910,.F.);
#1260=ORIENTED_EDGE('',*,*,#911,.T.);
#1261=ORIENTED_EDGE('',*,*,#912,.F.);
#1262=ORIENTED_EDGE('',*,*,#913,.T.);
#1263=ORIENTED_EDGE('',*,*,#914,.F.);
#1264=ORIENTED_EDGE('',*,*,#915,.T.);
#1265=ORIENTED_EDGE('',*,*,#916,.F.);
#1266=ORIENTED_EDGE('',*,*,#917,.T.);
#1267=ORIENTED_EDGE('',*,*,#918,.F.);
#1268=ORIENTED_EDGE('',*,*,#919,.T.);
#1269=ORIENTED_EDGE('',*,*,#920,.F.);
#1270=ORIENTED_EDGE('',*,*,#921,.T.);
#1271=ORIENTED_EDGE('',*,*,#922,.F.);
#1272=ORIENTED_EDGE('',*,*,#923,.T.);
#1273=ORIENTED_EDGE('',*,*,#924,.F.);
#1274=ORIENTED_EDGE('',*,*,#925,.T.);
#1275=ORIENTED_EDGE('',*,*,#926,.F.);
#1276=ORIENTED_EDGE('',*,*,#927,.T.);
#1277=ORIENTED_EDGE('',*,*,#928,.F.);
#1278=ORIENTED_EDGE('',*,*,#929,.F.);
#1279=ORIENTED_EDGE('',*,*,#930,.F.);
#1280=ORIENTED_EDGE('',*,*,#931,.T.);
#1281=ORIENTED_EDGE('',*,*,#932,.F.);
#1282=ORIENTED_EDGE('',*,*,#894,.T.);
#1283=ORIENTED_EDGE('',*,*,#896,.T.);
#1284=ORIENTED_EDGE('',*,*,#892,.F.);
#1285=ORIENTED_EDGE('',*,*,#933,.F.);
#1286=ORIENTED_EDGE('',*,*,#898,.F.);
#1287=ORIENTED_EDGE('',*,*,#862,.T.);
#1288=ORIENTED_EDGE('',*,*,#934,.T.);
#1289=ORIENTED_EDGE('',*,*,#928,.T.);
#1290=ORIENTED_EDGE('',*,*,#935,.T.);
#1291=ORIENTED_EDGE('',*,*,#934,.F.);
#1292=ORIENTED_EDGE('',*,*,#861,.T.);
#1293=ORIENTED_EDGE('',*,*,#936,.F.);
#1294=ORIENTED_EDGE('',*,*,#929,.T.);
#1295=ORIENTED_EDGE('',*,*,#930,.T.);
#1296=ORIENTED_EDGE('',*,*,#936,.T.);
#1297=ORIENTED_EDGE('',*,*,#860,.T.);
#1298=ORIENTED_EDGE('',*,*,#937,.T.);
#1299=ORIENTED_EDGE('',*,*,#858,.T.);
#1300=ORIENTED_EDGE('',*,*,#895,.T.);
#1301=ORIENTED_EDGE('',*,*,#932,.T.);
#1302=ORIENTED_EDGE('',*,*,#938,.T.);
#1303=ORIENTED_EDGE('',*,*,#935,.F.);
#1304=ORIENTED_EDGE('',*,*,#927,.F.);
#1305=ORIENTED_EDGE('',*,*,#939,.F.);
#1306=ORIENTED_EDGE('',*,*,#863,.T.);
#1307=ORIENTED_EDGE('',*,*,#937,.F.);
#1308=ORIENTED_EDGE('',*,*,#859,.F.);
#1309=ORIENTED_EDGE('',*,*,#938,.F.);
#1310=ORIENTED_EDGE('',*,*,#931,.F.);
#1311=ORIENTED_EDGE('',*,*,#926,.T.);
#1312=ORIENTED_EDGE('',*,*,#940,.T.);
#1313=ORIENTED_EDGE('',*,*,#864,.T.);
#1314=ORIENTED_EDGE('',*,*,#939,.T.);
#1315=ORIENTED_EDGE('',*,*,#940,.F.);
#1316=ORIENTED_EDGE('',*,*,#925,.F.);
#1317=ORIENTED_EDGE('',*,*,#941,.F.);
#1318=ORIENTED_EDGE('',*,*,#865,.T.);
#1319=ORIENTED_EDGE('',*,*,#924,.T.);
#1320=ORIENTED_EDGE('',*,*,#942,.T.);
#1321=ORIENTED_EDGE('',*,*,#866,.T.);
#1322=ORIENTED_EDGE('',*,*,#941,.T.);
#1323=ORIENTED_EDGE('',*,*,#942,.F.);
#1324=ORIENTED_EDGE('',*,*,#923,.F.);
#1325=ORIENTED_EDGE('',*,*,#943,.F.);
#1326=ORIENTED_EDGE('',*,*,#867,.T.);
#1327=ORIENTED_EDGE('',*,*,#922,.T.);
#1328=ORIENTED_EDGE('',*,*,#944,.T.);
#1329=ORIENTED_EDGE('',*,*,#868,.T.);
#1330=ORIENTED_EDGE('',*,*,#943,.T.);
#1331=ORIENTED_EDGE('',*,*,#944,.F.);
#1332=ORIENTED_EDGE('',*,*,#921,.F.);
#1333=ORIENTED_EDGE('',*,*,#945,.F.);
#1334=ORIENTED_EDGE('',*,*,#869,.T.);
#1335=ORIENTED_EDGE('',*,*,#870,.T.);
#1336=ORIENTED_EDGE('',*,*,#945,.T.);
#1337=ORIENTED_EDGE('',*,*,#920,.T.);
#1338=ORIENTED_EDGE('',*,*,#946,.T.);
#1339=ORIENTED_EDGE('',*,*,#918,.T.);
#1340=ORIENTED_EDGE('',*,*,#947,.T.);
#1341=ORIENTED_EDGE('',*,*,#872,.T.);
#1342=ORIENTED_EDGE('',*,*,#948,.T.);
#1343=ORIENTED_EDGE('',*,*,#947,.F.);
#1344=ORIENTED_EDGE('',*,*,#917,.F.);
#1345=ORIENTED_EDGE('',*,*,#949,.F.);
#1346=ORIENTED_EDGE('',*,*,#873,.T.);
#1347=ORIENTED_EDGE('',*,*,#916,.T.);
#1348=ORIENTED_EDGE('',*,*,#950,.T.);
#1349=ORIENTED_EDGE('',*,*,#874,.T.);
#1350=ORIENTED_EDGE('',*,*,#949,.T.);
#1351=ORIENTED_EDGE('',*,*,#950,.F.);
#1352=ORIENTED_EDGE('',*,*,#915,.F.);
#1353=ORIENTED_EDGE('',*,*,#951,.F.);
#1354=ORIENTED_EDGE('',*,*,#875,.T.);
#1355=ORIENTED_EDGE('',*,*,#914,.T.);
#1356=ORIENTED_EDGE('',*,*,#952,.T.);
#1357=ORIENTED_EDGE('',*,*,#876,.T.);
#1358=ORIENTED_EDGE('',*,*,#951,.T.);
#1359=ORIENTED_EDGE('',*,*,#952,.F.);
#1360=ORIENTED_EDGE('',*,*,#913,.F.);
#1361=ORIENTED_EDGE('',*,*,#953,.F.);
#1362=ORIENTED_EDGE('',*,*,#877,.T.);
#1363=ORIENTED_EDGE('',*,*,#878,.T.);
#1364=ORIENTED_EDGE('',*,*,#953,.T.);
#1365=ORIENTED_EDGE('',*,*,#912,.T.);
#1366=ORIENTED_EDGE('',*,*,#954,.T.);
#1367=ORIENTED_EDGE('',*,*,#910,.T.);
#1368=ORIENTED_EDGE('',*,*,#955,.T.);
#1369=ORIENTED_EDGE('',*,*,#880,.T.);
#1370=ORIENTED_EDGE('',*,*,#956,.T.);
#1371=ORIENTED_EDGE('',*,*,#955,.F.);
#1372=ORIENTED_EDGE('',*,*,#909,.F.);
#1373=ORIENTED_EDGE('',*,*,#957,.F.);
#1374=ORIENTED_EDGE('',*,*,#881,.T.);
#1375=ORIENTED_EDGE('',*,*,#908,.T.);
#1376=ORIENTED_EDGE('',*,*,#958,.T.);
#1377=ORIENTED_EDGE('',*,*,#882,.T.);
#1378=ORIENTED_EDGE('',*,*,#957,.T.);
#1379=ORIENTED_EDGE('',*,*,#958,.F.);
#1380=ORIENTED_EDGE('',*,*,#907,.F.);
#1381=ORIENTED_EDGE('',*,*,#959,.F.);
#1382=ORIENTED_EDGE('',*,*,#883,.T.);
#1383=ORIENTED_EDGE('',*,*,#906,.T.);
#1384=ORIENTED_EDGE('',*,*,#960,.T.);
#1385=ORIENTED_EDGE('',*,*,#884,.T.);
#1386=ORIENTED_EDGE('',*,*,#959,.T.);
#1387=ORIENTED_EDGE('',*,*,#886,.T.);
#1388=ORIENTED_EDGE('',*,*,#961,.T.);
#1389=ORIENTED_EDGE('',*,*,#904,.T.);
#1390=ORIENTED_EDGE('',*,*,#962,.T.);
#1391=ORIENTED_EDGE('',*,*,#960,.F.);
#1392=ORIENTED_EDGE('',*,*,#905,.F.);
#1393=ORIENTED_EDGE('',*,*,#961,.F.);
#1394=ORIENTED_EDGE('',*,*,#885,.T.);
#1395=ORIENTED_EDGE('',*,*,#962,.F.);
#1396=ORIENTED_EDGE('',*,*,#903,.F.);
#1397=ORIENTED_EDGE('',*,*,#963,.F.);
#1398=ORIENTED_EDGE('',*,*,#887,.T.);
#1399=ORIENTED_EDGE('',*,*,#954,.F.);
#1400=ORIENTED_EDGE('',*,*,#911,.F.);
#1401=ORIENTED_EDGE('',*,*,#956,.F.);
#1402=ORIENTED_EDGE('',*,*,#879,.T.);
#1403=ORIENTED_EDGE('',*,*,#946,.F.);
#1404=ORIENTED_EDGE('',*,*,#919,.F.);
#1405=ORIENTED_EDGE('',*,*,#948,.F.);
#1406=ORIENTED_EDGE('',*,*,#871,.T.);
#1407=ORIENTED_EDGE('',*,*,#902,.T.);
#1408=ORIENTED_EDGE('',*,*,#964,.T.);
#1409=ORIENTED_EDGE('',*,*,#888,.T.);
#1410=ORIENTED_EDGE('',*,*,#963,.T.);
#1411=ORIENTED_EDGE('',*,*,#964,.F.);
#1412=ORIENTED_EDGE('',*,*,#901,.F.);
#1413=ORIENTED_EDGE('',*,*,#965,.F.);
#1414=ORIENTED_EDGE('',*,*,#889,.T.);
#1415=ORIENTED_EDGE('',*,*,#900,.T.);
#1416=ORIENTED_EDGE('',*,*,#966,.T.);
#1417=ORIENTED_EDGE('',*,*,#890,.T.);
#1418=ORIENTED_EDGE('',*,*,#965,.T.);
#1419=ORIENTED_EDGE('',*,*,#933,.T.);
#1420=ORIENTED_EDGE('',*,*,#891,.T.);
#1421=ORIENTED_EDGE('',*,*,#966,.F.);
#1422=ORIENTED_EDGE('',*,*,#899,.F.);
#1423=PLANE('',#1552);
#1424=PLANE('',#1556);
#1425=PLANE('',#1579);
#1426=PLANE('',#1580);
#1427=PLANE('',#1603);
#1428=PLANE('',#1610);
#1429=PLANE('',#1612);
#1430=PLANE('',#1614);
#1431=PLANE('',#1617);
#1432=PLANE('',#1619);
#1433=PLANE('',#1621);
#1434=PLANE('',#1624);
#1435=PLANE('',#1626);
#1436=PLANE('',#1628);
#1437=PLANE('',#1633);
#1438=PLANE('',#1635);
#1439=PLANE('',#1637);
#1440=PLANE('',#1641);
#1441=PLANE('',#1666);
#1442=PLANE('',#1667);
#1443=PLANE('',#1689);
#1444=PLANE('',#1691);
#1445=PLANE('',#1695);
#1446=PLANE('',#1697);
#1447=PLANE('',#1699);
#1448=PLANE('',#1701);
#1449=PLANE('',#1704);
#1450=PLANE('',#1706);
#1451=PLANE('',#1708);
#1452=PLANE('',#1711);
#1453=PLANE('',#1713);
#1454=PLANE('',#1716);
#1455=PLANE('',#1721);
#1456=PLANE('',#1723);
#1457=ADVANCED_FACE('',(#155),#1423,.T.);
#1458=ADVANCED_FACE('',(#156),#109,.T.);
#1459=ADVANCED_FACE('',(#157),#1424,.F.);
#1460=ADVANCED_FACE('',(#158),#1425,.F.);
#1461=ADVANCED_FACE('',(#159),#1426,.T.);
#1462=ADVANCED_FACE('',(#160),#1427,.T.);
#1463=ADVANCED_FACE('',(#161),#110,.F.);
#1464=ADVANCED_FACE('',(#162),#111,.T.);
#1465=ADVANCED_FACE('',(#163),#112,.F.);
#1466=ADVANCED_FACE('',(#164),#113,.F.);
#1467=ADVANCED_FACE('',(#165),#114,.F.);
#1468=ADVANCED_FACE('',(#166),#115,.F.);
#1469=ADVANCED_FACE('',(#167),#1428,.T.);
#1470=ADVANCED_FACE('',(#168),#116,.T.);
#1471=ADVANCED_FACE('',(#169),#1429,.T.);
#1472=ADVANCED_FACE('',(#170),#117,.T.);
#1473=ADVANCED_FACE('',(#171),#1430,.T.);
#1474=ADVANCED_FACE('',(#172),#118,.F.);
#1475=ADVANCED_FACE('',(#173),#119,.F.);
#1476=ADVANCED_FACE('',(#174),#1431,.T.);
#1477=ADVANCED_FACE('',(#175),#120,.T.);
#1478=ADVANCED_FACE('',(#176),#1432,.T.);
#1479=ADVANCED_FACE('',(#177),#121,.T.);
#1480=ADVANCED_FACE('',(#178),#1433,.T.);
#1481=ADVANCED_FACE('',(#179),#122,.F.);
#1482=ADVANCED_FACE('',(#180),#123,.F.);
#1483=ADVANCED_FACE('',(#181),#1434,.T.);
#1484=ADVANCED_FACE('',(#182),#124,.T.);
#1485=ADVANCED_FACE('',(#183),#1435,.T.);
#1486=ADVANCED_FACE('',(#184),#125,.T.);
#1487=ADVANCED_FACE('',(#185),#1436,.T.);
#1488=ADVANCED_FACE('',(#186),#126,.F.);
#1489=ADVANCED_FACE('',(#187),#127,.F.);
#1490=ADVANCED_FACE('',(#188),#128,.T.);
#1491=ADVANCED_FACE('',(#189),#129,.T.);
#1492=ADVANCED_FACE('',(#190),#1437,.F.);
#1493=ADVANCED_FACE('',(#191),#130,.T.);
#1494=ADVANCED_FACE('',(#192),#1438,.T.);
#1495=ADVANCED_FACE('',(#193),#131,.T.);
#1496=ADVANCED_FACE('',(#194),#1439,.T.);
#1497=ADVANCED_FACE('',(#195),#132,.T.);
#1498=ADVANCED_FACE('',(#196),#1440,.F.);
#1499=ADVANCED_FACE('',(#197),#133,.T.);
#1500=ADVANCED_FACE('',(#198),#1441,.F.);
#1501=ADVANCED_FACE('',(#199),#1442,.T.);
#1502=ADVANCED_FACE('',(#200),#1443,.F.);
#1503=ADVANCED_FACE('',(#201),#134,.T.);
#1504=ADVANCED_FACE('',(#202),#1444,.T.);
#1505=ADVANCED_FACE('',(#203),#135,.T.);
#1506=ADVANCED_FACE('',(#204),#136,.T.);
#1507=ADVANCED_FACE('',(#205),#137,.F.);
#1508=ADVANCED_FACE('',(#206),#1445,.F.);
#1509=ADVANCED_FACE('',(#207),#138,.F.);
#1510=ADVANCED_FACE('',(#208),#1446,.T.);
#1511=ADVANCED_FACE('',(#209),#139,.T.);
#1512=ADVANCED_FACE('',(#210),#1447,.T.);
#1513=ADVANCED_FACE('',(#211),#140,.T.);
#1514=ADVANCED_FACE('',(#212),#1448,.T.);
#1515=ADVANCED_FACE('',(#213),#141,.F.);
#1516=ADVANCED_FACE('',(#214),#142,.F.);
#1517=ADVANCED_FACE('',(#215),#1449,.T.);
#1518=ADVANCED_FACE('',(#216),#143,.T.);
#1519=ADVANCED_FACE('',(#217),#1450,.T.);
#1520=ADVANCED_FACE('',(#218),#144,.T.);
#1521=ADVANCED_FACE('',(#219),#1451,.T.);
#1522=ADVANCED_FACE('',(#220),#145,.F.);
#1523=ADVANCED_FACE('',(#221),#146,.F.);
#1524=ADVANCED_FACE('',(#222),#1452,.T.);
#1525=ADVANCED_FACE('',(#223),#147,.T.);
#1526=ADVANCED_FACE('',(#224),#1453,.T.);
#1527=ADVANCED_FACE('',(#225),#148,.T.);
#1528=ADVANCED_FACE('',(#226),#149,.F.);
#1529=ADVANCED_FACE('',(#227),#1454,.T.);
#1530=ADVANCED_FACE('',(#228),#150,.F.);
#1531=ADVANCED_FACE('',(#229),#151,.F.);
#1532=ADVANCED_FACE('',(#230),#152,.F.);
#1533=ADVANCED_FACE('',(#231),#153,.F.);
#1534=ADVANCED_FACE('',(#232),#1455,.T.);
#1535=ADVANCED_FACE('',(#233),#154,.T.);
#1536=ADVANCED_FACE('',(#234),#1456,.T.);
#1537=CLOSED_SHELL('',(#1457,#1458,#1459,#1460,#1461,#1462,#1463,#1464,
#1465,#1466,#1467,#1468,#1469,#1470,#1471,#1472,#1473,#1474,#1475,#1476,
#1477,#1478,#1479,#1480,#1481,#1482,#1483,#1484,#1485,#1486,#1487,#1488,
#1489,#1490,#1491,#1492,#1493,#1494,#1495,#1496));
#1538=CLOSED_SHELL('',(#1497,#1498,#1499,#1500,#1501,#1502,#1503,#1504,
#1505,#1506,#1507,#1508,#1509,#1510,#1511,#1512,#1513,#1514,#1515,#1516,
#1517,#1518,#1519,#1520,#1521,#1522,#1523,#1524,#1525,#1526,#1527,#1528,
#1529,#1530,#1531,#1532,#1533,#1534,#1535,#1536));
#1539=DERIVED_UNIT_ELEMENT(#1541,1.);
#1540=DERIVED_UNIT_ELEMENT(#2672,-3.);
#1541=(
MASS_UNIT()
NAMED_UNIT(*)
SI_UNIT(.KILO.,.GRAM.)
);
#1542=DERIVED_UNIT((#1539,#1540));
#1543=MEASURE_REPRESENTATION_ITEM('density measure',
POSITIVE_RATIO_MEASURE(7850.),#1542);
#1544=PROPERTY_DEFINITION_REPRESENTATION(#1549,#1546);
#1545=PROPERTY_DEFINITION_REPRESENTATION(#1550,#1547);
#1546=REPRESENTATION('material name',(#1548),#2669);
#1547=REPRESENTATION('density',(#1543),#2669);
#1548=DESCRIPTIVE_REPRESENTATION_ITEM('Steel','Steel');
#1549=PROPERTY_DEFINITION('material property','material name',#2679);
#1550=PROPERTY_DEFINITION('material property','density of part',#2679);
#1551=AXIS2_PLACEMENT_3D('',#2206,#1724,#1725);
#1552=AXIS2_PLACEMENT_3D('',#2207,#1726,#1727);
#1553=AXIS2_PLACEMENT_3D('',#2216,#1732,#1733);
#1554=AXIS2_PLACEMENT_3D('',#2219,#1734,#1735);
#1555=AXIS2_PLACEMENT_3D('',#2223,#1737,#1738);
#1556=AXIS2_PLACEMENT_3D('',#2225,#1740,#1741);
#1557=AXIS2_PLACEMENT_3D('',#2230,#1744,#1745);
#1558=AXIS2_PLACEMENT_3D('',#2234,#1747,#1748);
#1559=AXIS2_PLACEMENT_3D('',#2236,#1749,#1750);
#1560=AXIS2_PLACEMENT_3D('',#2238,#1751,#1752);
#1561=AXIS2_PLACEMENT_3D('',#2242,#1754,#1755);
#1562=AXIS2_PLACEMENT_3D('',#2246,#1757,#1758);
#1563=AXIS2_PLACEMENT_3D('',#2250,#1760,#1761);
#1564=AXIS2_PLACEMENT_3D('',#2252,#1762,#1763);
#1565=AXIS2_PLACEMENT_3D('',#2254,#1764,#1765);
#1566=AXIS2_PLACEMENT_3D('',#2258,#1767,#1768);
#1567=AXIS2_PLACEMENT_3D('',#2262,#1770,#1771);
#1568=AXIS2_PLACEMENT_3D('',#2266,#1773,#1774);
#1569=AXIS2_PLACEMENT_3D('',#2268,#1775,#1776);
#1570=AXIS2_PLACEMENT_3D('',#2270,#1777,#1778);
#1571=AXIS2_PLACEMENT_3D('',#2274,#1780,#1781);
#1572=AXIS2_PLACEMENT_3D('',#2278,#1783,#1784);
#1573=AXIS2_PLACEMENT_3D('',#2282,#1786,#1787);
#1574=AXIS2_PLACEMENT_3D('',#2284,#1788,#1789);
#1575=AXIS2_PLACEMENT_3D('',#2286,#1790,#1791);
#1576=AXIS2_PLACEMENT_3D('',#2290,#1793,#1794);
#1577=AXIS2_PLACEMENT_3D('',#2294,#1796,#1797);
#1578=AXIS2_PLACEMENT_3D('',#2295,#1798,#1799);
#1579=AXIS2_PLACEMENT_3D('',#2296,#1800,#1801);
#1580=AXIS2_PLACEMENT_3D('',#2298,#1803,#1804);
#1581=AXIS2_PLACEMENT_3D('',#2300,#1805,#1806);
#1582=AXIS2_PLACEMENT_3D('',#2302,#1807,#1808);
#1583=AXIS2_PLACEMENT_3D('',#2306,#1810,#1811);
#1584=AXIS2_PLACEMENT_3D('',#2310,#1813,#1814);
#1585=AXIS2_PLACEMENT_3D('',#2312,#1815,#1816);
#1586=AXIS2_PLACEMENT_3D('',#2314,#1817,#1818);
#1587=AXIS2_PLACEMENT_3D('',#2318,#1820,#1821);
#1588=AXIS2_PLACEMENT_3D('',#2322,#1823,#1824);
#1589=AXIS2_PLACEMENT_3D('',#2326,#1826,#1827);
#1590=AXIS2_PLACEMENT_3D('',#2328,#1828,#1829);
#1591=AXIS2_PLACEMENT_3D('',#2330,#1830,#1831);
#1592=AXIS2_PLACEMENT_3D('',#2334,#1833,#1834);
#1593=AXIS2_PLACEMENT_3D('',#2338,#1836,#1837);
#1594=AXIS2_PLACEMENT_3D('',#2342,#1839,#1840);
#1595=AXIS2_PLACEMENT_3D('',#2344,#1841,#1842);
#1596=AXIS2_PLACEMENT_3D('',#2346,#1843,#1844);
#1597=AXIS2_PLACEMENT_3D('',#2350,#1846,#1847);
#1598=AXIS2_PLACEMENT_3D('',#2354,#1849,#1850);
#1599=AXIS2_PLACEMENT_3D('',#2358,#1852,#1853);
#1600=AXIS2_PLACEMENT_3D('',#2360,#1854,#1855);
#1601=AXIS2_PLACEMENT_3D('',#2362,#1856,#1857);
#1602=AXIS2_PLACEMENT_3D('',#2366,#1859,#1860);
#1603=AXIS2_PLACEMENT_3D('',#2368,#1862,#1863);
#1604=AXIS2_PLACEMENT_3D('',#2371,#1866,#1867);
#1605=AXIS2_PLACEMENT_3D('',#2373,#1869,#1870);
#1606=AXIS2_PLACEMENT_3D('',#2375,#1872,#1873);
#1607=AXIS2_PLACEMENT_3D('',#2377,#1875,#1876);
#1608=AXIS2_PLACEMENT_3D('',#2380,#1879,#1880);
#1609=AXIS2_PLACEMENT_3D('',#2383,#1883,#1884);
#1610=AXIS2_PLACEMENT_3D('',#2386,#1887,#1888);
#1611=AXIS2_PLACEMENT_3D('',#2388,#1890,#1891);
#1612=AXIS2_PLACEMENT_3D('',#2390,#1893,#1894);
#1613=AXIS2_PLACEMENT_3D('',#2392,#1896,#1897);
#1614=AXIS2_PLACEMENT_3D('',#2394,#1899,#1900);
#1615=AXIS2_PLACEMENT_3D('',#2396,#1902,#1903);
#1616=AXIS2_PLACEMENT_3D('',#2397,#1904,#1905);
#1617=AXIS2_PLACEMENT_3D('',#2399,#1907,#1908);
#1618=AXIS2_PLACEMENT_3D('',#2401,#1910,#1911);
#1619=AXIS2_PLACEMENT_3D('',#2403,#1913,#1914);
#1620=AXIS2_PLACEMENT_3D('',#2405,#1916,#1917);
#1621=AXIS2_PLACEMENT_3D('',#2407,#1919,#1920);
#1622=AXIS2_PLACEMENT_3D('',#2409,#1922,#1923);
#1623=AXIS2_PLACEMENT_3D('',#2410,#1924,#1925);
#1624=AXIS2_PLACEMENT_3D('',#2412,#1927,#1928);
#1625=AXIS2_PLACEMENT_3D('',#2414,#1930,#1931);
#1626=AXIS2_PLACEMENT_3D('',#2416,#1933,#1934);
#1627=AXIS2_PLACEMENT_3D('',#2418,#1936,#1937);
#1628=AXIS2_PLACEMENT_3D('',#2420,#1939,#1940);
#1629=AXIS2_PLACEMENT_3D('',#2422,#1942,#1943);
#1630=AXIS2_PLACEMENT_3D('',#2423,#1944,#1945);
#1631=AXIS2_PLACEMENT_3D('',#2425,#1947,#1948);
#1632=AXIS2_PLACEMENT_3D('',#2428,#1951,#1952);
#1633=AXIS2_PLACEMENT_3D('',#2429,#1953,#1954);
#1634=AXIS2_PLACEMENT_3D('',#2431,#1956,#1957);
#1635=AXIS2_PLACEMENT_3D('',#2433,#1959,#1960);
#1636=AXIS2_PLACEMENT_3D('',#2435,#1962,#1963);
#1637=AXIS2_PLACEMENT_3D('',#2436,#1964,#1965);
#1638=AXIS2_PLACEMENT_3D('',#2437,#1966,#1967);
#1639=AXIS2_PLACEMENT_3D('',#2440,#1968,#1969);
#1640=AXIS2_PLACEMENT_3D('',#2444,#1971,#1972);
#1641=AXIS2_PLACEMENT_3D('',#2446,#1974,#1975);
#1642=AXIS2_PLACEMENT_3D('',#2448,#1976,#1977);
#1643=AXIS2_PLACEMENT_3D('',#2450,#1978,#1979);
#1644=AXIS2_PLACEMENT_3D('',#2454,#1981,#1982);
#1645=AXIS2_PLACEMENT_3D('',#2458,#1984,#1985);
#1646=AXIS2_PLACEMENT_3D('',#2460,#1986,#1987);
#1647=AXIS2_PLACEMENT_3D('',#2462,#1988,#1989);
#1648=AXIS2_PLACEMENT_3D('',#2466,#1991,#1992);
#1649=AXIS2_PLACEMENT_3D('',#2470,#1994,#1995);
#1650=AXIS2_PLACEMENT_3D('',#2474,#1997,#1998);
#1651=AXIS2_PLACEMENT_3D('',#2476,#1999,#2000);
#1652=AXIS2_PLACEMENT_3D('',#2478,#2001,#2002);
#1653=AXIS2_PLACEMENT_3D('',#2482,#2004,#2005);
#1654=AXIS2_PLACEMENT_3D('',#2486,#2007,#2008);
#1655=AXIS2_PLACEMENT_3D('',#2490,#2010,#2011);
#1656=AXIS2_PLACEMENT_3D('',#2492,#2012,#2013);
#1657=AXIS2_PLACEMENT_3D('',#2494,#2014,#2015);
#1658=AXIS2_PLACEMENT_3D('',#2498,#2017,#2018);
#1659=AXIS2_PLACEMENT_3D('',#2502,#2020,#2021);
#1660=AXIS2_PLACEMENT_3D('',#2506,#2023,#2024);
#1661=AXIS2_PLACEMENT_3D('',#2508,#2025,#2026);
#1662=AXIS2_PLACEMENT_3D('',#2510,#2027,#2028);
#1663=AXIS2_PLACEMENT_3D('',#2514,#2030,#2031);
#1664=AXIS2_PLACEMENT_3D('',#2520,#2035,#2036);
#1665=AXIS2_PLACEMENT_3D('',#2522,#2037,#2038);
#1666=AXIS2_PLACEMENT_3D('',#2524,#2040,#2041);
#1667=AXIS2_PLACEMENT_3D('',#2528,#2044,#2045);
#1668=AXIS2_PLACEMENT_3D('',#2534,#2048,#2049);
#1669=AXIS2_PLACEMENT_3D('',#2538,#2051,#2052);
#1670=AXIS2_PLACEMENT_3D('',#2540,#2053,#2054);
#1671=AXIS2_PLACEMENT_3D('',#2542,#2055,#2056);
#1672=AXIS2_PLACEMENT_3D('',#2546,#2058,#2059);
#1673=AXIS2_PLACEMENT_3D('',#2550,#2061,#2062);
#1674=AXIS2_PLACEMENT_3D('',#2554,#2064,#2065);
#1675=AXIS2_PLACEMENT_3D('',#2556,#2066,#2067);
#1676=AXIS2_PLACEMENT_3D('',#2558,#2068,#2069);
#1677=AXIS2_PLACEMENT_3D('',#2562,#2071,#2072);
#1678=AXIS2_PLACEMENT_3D('',#2566,#2074,#2075);
#1679=AXIS2_PLACEMENT_3D('',#2570,#2077,#2078);
#1680=AXIS2_PLACEMENT_3D('',#2572,#2079,#2080);
#1681=AXIS2_PLACEMENT_3D('',#2574,#2081,#2082);
#1682=AXIS2_PLACEMENT_3D('',#2578,#2084,#2085);
#1683=AXIS2_PLACEMENT_3D('',#2582,#2087,#2088);
#1684=AXIS2_PLACEMENT_3D('',#2586,#2090,#2091);
#1685=AXIS2_PLACEMENT_3D('',#2588,#2092,#2093);
#1686=AXIS2_PLACEMENT_3D('',#2590,#2094,#2095);
#1687=AXIS2_PLACEMENT_3D('',#2594,#2097,#2098);
#1688=AXIS2_PLACEMENT_3D('',#2597,#2100,#2101);
#1689=AXIS2_PLACEMENT_3D('',#2598,#2102,#2103);
#1690=AXIS2_PLACEMENT_3D('',#2600,#2105,#2106);
#1691=AXIS2_PLACEMENT_3D('',#2603,#2109,#2110);
#1692=AXIS2_PLACEMENT_3D('',#2605,#2112,#2113);
#1693=AXIS2_PLACEMENT_3D('',#2607,#2115,#2116);
#1694=AXIS2_PLACEMENT_3D('',#2609,#2118,#2119);
#1695=AXIS2_PLACEMENT_3D('',#2611,#2121,#2122);
#1696=AXIS2_PLACEMENT_3D('',#2612,#2123,#2124);
#1697=AXIS2_PLACEMENT_3D('',#2614,#2126,#2127);
#1698=AXIS2_PLACEMENT_3D('',#2616,#2129,#2130);
#1699=AXIS2_PLACEMENT_3D('',#2618,#2132,#2133);
#1700=AXIS2_PLACEMENT_3D('',#2620,#2135,#2136);
#1701=AXIS2_PLACEMENT_3D('',#2622,#2138,#2139);
#1702=AXIS2_PLACEMENT_3D('',#2624,#2141,#2142);
#1703=AXIS2_PLACEMENT_3D('',#2626,#2144,#2145);
#1704=AXIS2_PLACEMENT_3D('',#2629,#2148,#2149);
#1705=AXIS2_PLACEMENT_3D('',#2631,#2151,#2152);
#1706=AXIS2_PLACEMENT_3D('',#2633,#2154,#2155);
#1707=AXIS2_PLACEMENT_3D('',#2635,#2157,#2158);
#1708=AXIS2_PLACEMENT_3D('',#2637,#2160,#2161);
#1709=AXIS2_PLACEMENT_3D('',#2639,#2163,#2164);
#1710=AXIS2_PLACEMENT_3D('',#2641,#2166,#2167);
#1711=AXIS2_PLACEMENT_3D('',#2644,#2170,#2171);
#1712=AXIS2_PLACEMENT_3D('',#2646,#2173,#2174);
#1713=AXIS2_PLACEMENT_3D('',#2648,#2176,#2177);
#1714=AXIS2_PLACEMENT_3D('',#2650,#2179,#2180);
#1715=AXIS2_PLACEMENT_3D('',#2652,#2182,#2183);
#1716=AXIS2_PLACEMENT_3D('',#2655,#2186,#2187);
#1717=AXIS2_PLACEMENT_3D('',#2656,#2188,#2189);
#1718=AXIS2_PLACEMENT_3D('',#2658,#2191,#2192);
#1719=AXIS2_PLACEMENT_3D('',#2659,#2193,#2194);
#1720=AXIS2_PLACEMENT_3D('',#2660,#2195,#2196);
#1721=AXIS2_PLACEMENT_3D('',#2662,#2198,#2199);
#1722=AXIS2_PLACEMENT_3D('',#2664,#2201,#2202);
#1723=AXIS2_PLACEMENT_3D('',#2666,#2204,#2205);
#1724=DIRECTION('axis',(0.,0.,1.));
#1725=DIRECTION('refdir',(1.,0.,0.));
#1726=DIRECTION('center_axis',(0.,1.,0.));
#1727=DIRECTION('ref_axis',(0.,0.,1.));
#1728=DIRECTION('',(1.,0.,0.));
#1729=DIRECTION('',(0.,0.,-1.));
#1730=DIRECTION('',(-1.,0.,0.));
#1731=DIRECTION('',(0.,0.,1.));
#1732=DIRECTION('center_axis',(-1.,0.,0.));
#1733=DIRECTION('ref_axis',(0.,-0.362738125055006,0.931891116296093));
#1734=DIRECTION('center_axis',(1.,0.,0.));
#1735=DIRECTION('ref_axis',(0.,-0.362738125055006,0.931891116296093));
#1736=DIRECTION('',(1.,0.,0.));
#1737=DIRECTION('center_axis',(-1.,0.,0.));
#1738=DIRECTION('ref_axis',(0.,-0.362738125055006,0.931891116296093));
#1739=DIRECTION('',(-1.,0.,0.));
#1740=DIRECTION('center_axis',(1.,0.,0.));
#1741=DIRECTION('ref_axis',(0.,1.,0.));
#1742=DIRECTION('',(0.,1.,0.));
#1743=DIRECTION('',(0.,1.,0.));
#1744=DIRECTION('center_axis',(1.,0.,0.));
#1745=DIRECTION('ref_axis',(0.,-0.22447894041409,-0.97447894041409));
#1746=DIRECTION('',(0.,0.899218410621135,-0.437499999999999));
#1747=DIRECTION('center_axis',(-1.,0.,0.));
#1748=DIRECTION('ref_axis',(0.,0.192714770734087,0.981254817639592));
#1749=DIRECTION('center_axis',(-1.,0.,0.));
#1750=DIRECTION('ref_axis',(0.,1.,0.));
#1751=DIRECTION('center_axis',(-1.,0.,0.));
#1752=DIRECTION('ref_axis',(0.,-0.732676635140429,0.68057692314631));
#1753=DIRECTION('',(0.,0.470326927969372,0.882492255392019));
#1754=DIRECTION('center_axis',(1.,0.,0.));
#1755=DIRECTION('ref_axis',(0.,0.754391627519279,-0.656424612829846));
#1756=DIRECTION('',(0.,0.809016994374947,0.587785252292473));
#1757=DIRECTION('center_axis',(1.,0.,0.));
#1758=DIRECTION('ref_axis',(0.,0.391177072170719,-0.920315434081133));
#1759=DIRECTION('',(0.,0.984639023725285,0.174602385313942));
#1760=DIRECTION('center_axis',(-1.,0.,0.));
#1761=DIRECTION('ref_axis',(0.,-0.420857585958545,0.90712672341914));
#1762=DIRECTION('center_axis',(-1.,0.,0.));
#1763=DIRECTION('ref_axis',(0.,1.,0.));
#1764=DIRECTION('center_axis',(-1.,0.,0.));
#1765=DIRECTION('ref_axis',(0.,-0.992780927686051,0.119941775969946));
#1766=DIRECTION('',(0.,-0.138213455342368,0.990402464032841));
#1767=DIRECTION('center_axis',(1.,0.,0.));
#1768=DIRECTION('ref_axis',(0.,0.996152353740452,-0.0876383941965942));
#1769=DIRECTION('',(0.,0.309016994374947,0.951056516295154));
#1770=DIRECTION('center_axis',(1.,0.,0.));
#1771=DIRECTION('ref_axis',(0.,0.857416738805984,-0.514622712300293));
#1772=DIRECTION('',(0.,0.69396099641589,0.720012593954762));
#1773=DIRECTION('center_axis',(-1.,0.,0.));
#1774=DIRECTION('ref_axis',(0.,-0.873676649238242,0.486507052955903));
#1775=DIRECTION('center_axis',(-1.,0.,0.));
#1776=DIRECTION('ref_axis',(0.,1.,0.));
#1777=DIRECTION('center_axis',(-1.,0.,0.));
#1778=DIRECTION('ref_axis',(0.,-0.873676649238246,-0.486507052955897));
#1779=DIRECTION('',(0.,-0.693960996415889,0.720012593954763));
#1780=DIRECTION('center_axis',(1.,0.,0.));
#1781=DIRECTION('ref_axis',(0.,0.857416738805983,0.514622712300296));
#1782=DIRECTION('',(0.,-0.309016994374948,0.951056516295154));
#1783=DIRECTION('center_axis',(1.,0.,0.));
#1784=DIRECTION('ref_axis',(0.,0.996152353740452,0.0876383941965965));
#1785=DIRECTION('',(0.,0.138213455342369,0.990402464032841));
#1786=DIRECTION('center_axis',(-1.,0.,0.));
#1787=DIRECTION('ref_axis',(0.,-0.99278092768605,-0.119941775969947));
#1788=DIRECTION('center_axis',(-1.,0.,0.));
#1789=DIRECTION('ref_axis',(0.,1.,0.));
#1790=DIRECTION('center_axis',(1.,0.,0.));
#1791=DIRECTION('ref_axis',(0.,0.948738034392859,0.316063509593205));
#1792=DIRECTION('',(0.,0.025518514193624,0.999674349692614));
#1793=DIRECTION('center_axis',(1.,0.,0.));
#1794=DIRECTION('ref_axis',(0.,0.918921160169301,-0.394441252144228));
#1795=DIRECTION('',(0.,-0.707106781186547,-0.707106781186548));
#1796=DIRECTION('center_axis',(1.,0.,0.));
#1797=DIRECTION('ref_axis',(0.,-0.0221293129029001,-0.999755116771325));
#1798=DIRECTION('center_axis',(1.,0.,0.));
#1799=DIRECTION('ref_axis',(0.,1.,0.));
#1800=DIRECTION('center_axis',(0.,0.,-1.));
#1801=DIRECTION('ref_axis',(-1.,0.,0.));
#1802=DIRECTION('',(0.,-1.,0.));
#1803=DIRECTION('center_axis',(1.,0.,0.));
#1804=DIRECTION('ref_axis',(0.,1.,0.));
#1805=DIRECTION('center_axis',(1.,0.,0.));
#1806=DIRECTION('ref_axis',(0.,1.,0.));
#1807=DIRECTION('center_axis',(-1.,0.,0.));
#1808=DIRECTION('ref_axis',(0.,-0.0221293129029001,-0.999755116771325));
#1809=DIRECTION('',(0.,0.707106781186547,0.707106781186548));
#1810=DIRECTION('center_axis',(-1.,0.,0.));
#1811=DIRECTION('ref_axis',(0.,0.918921160169301,-0.394441252144228));
#1812=DIRECTION('',(0.,-0.025518514193624,-0.999674349692614));
#1813=DIRECTION('center_axis',(-1.,0.,0.));
#1814=DIRECTION('ref_axis',(0.,0.948738034392859,0.316063509593205));
#1815=DIRECTION('center_axis',(-1.,0.,0.));
#1816=DIRECTION('ref_axis',(0.,1.,0.));
#1817=DIRECTION('center_axis',(1.,0.,0.));
#1818=DIRECTION('ref_axis',(0.,-0.99278092768605,-0.119941775969947));
#1819=DIRECTION('',(0.,0.138213455342369,0.990402464032841));
#1820=DIRECTION('center_axis',(-1.,0.,0.));
#1821=DIRECTION('ref_axis',(0.,0.996152353740452,0.0876383941965965));
#1822=DIRECTION('',(0.,-0.309016994374948,0.951056516295154));
#1823=DIRECTION('center_axis',(-1.,0.,0.));
#1824=DIRECTION('ref_axis',(0.,0.857416738805983,0.514622712300296));
#1825=DIRECTION('',(0.,-0.693960996415889,0.720012593954763));
#1826=DIRECTION('center_axis',(1.,0.,0.));
#1827=DIRECTION('ref_axis',(0.,-0.873676649238246,-0.486507052955897));
#1828=DIRECTION('center_axis',(-1.,0.,0.));
#1829=DIRECTION('ref_axis',(0.,1.,0.));
#1830=DIRECTION('center_axis',(1.,0.,0.));
#1831=DIRECTION('ref_axis',(0.,-0.873676649238242,0.486507052955903));
#1832=DIRECTION('',(0.,0.69396099641589,0.720012593954762));
#1833=DIRECTION('center_axis',(-1.,0.,0.));
#1834=DIRECTION('ref_axis',(0.,0.857416738805984,-0.514622712300293));
#1835=DIRECTION('',(0.,0.309016994374947,0.951056516295154));
#1836=DIRECTION('center_axis',(-1.,0.,0.));
#1837=DIRECTION('ref_axis',(0.,0.996152353740452,-0.0876383941965942));
#1838=DIRECTION('',(0.,-0.138213455342368,0.990402464032841));
#1839=DIRECTION('center_axis',(1.,0.,0.));
#1840=DIRECTION('ref_axis',(0.,-0.992780927686051,0.119941775969946));
#1841=DIRECTION('center_axis',(-1.,0.,0.));
#1842=DIRECTION('ref_axis',(0.,1.,0.));
#1843=DIRECTION('center_axis',(1.,0.,0.));
#1844=DIRECTION('ref_axis',(0.,-0.420857585958545,0.90712672341914));
#1845=DIRECTION('',(0.,0.984639023725285,0.174602385313942));
#1846=DIRECTION('center_axis',(-1.,0.,0.));
#1847=DIRECTION('ref_axis',(0.,0.391177072170719,-0.920315434081133));
#1848=DIRECTION('',(0.,0.809016994374947,0.587785252292473));
#1849=DIRECTION('center_axis',(-1.,0.,0.));
#1850=DIRECTION('ref_axis',(0.,0.754391627519279,-0.656424612829846));
#1851=DIRECTION('',(0.,0.470326927969372,0.882492255392019));
#1852=DIRECTION('center_axis',(1.,0.,0.));
#1853=DIRECTION('ref_axis',(0.,-0.732676635140429,0.68057692314631));
#1854=DIRECTION('center_axis',(-1.,0.,0.));
#1855=DIRECTION('ref_axis',(0.,1.,0.));
#1856=DIRECTION('center_axis',(1.,0.,0.));
#1857=DIRECTION('ref_axis',(0.,0.192714770734087,0.981254817639592));
#1858=DIRECTION('',(0.,0.899218410621135,-0.437499999999999));
#1859=DIRECTION('center_axis',(-1.,0.,0.));
#1860=DIRECTION('ref_axis',(0.,-0.22447894041409,-0.97447894041409));
#1861=DIRECTION('',(0.,1.,0.));
#1862=DIRECTION('center_axis',(0.,-0.437499999999999,-0.899218410621135));
#1863=DIRECTION('ref_axis',(0.,0.899218410621135,-0.437499999999999));
#1864=DIRECTION('',(-1.,0.,0.));
#1865=DIRECTION('',(1.,0.,0.));
#1866=DIRECTION('center_axis',(1.,0.,0.));
#1867=DIRECTION('ref_axis',(0.,0.192714770734087,0.981254817639592));
#1868=DIRECTION('',(-1.,0.,0.));
#1869=DIRECTION('center_axis',(1.,0.,0.));
#1870=DIRECTION('ref_axis',(0.,-0.22447894041409,-0.97447894041409));
#1871=DIRECTION('',(1.,0.,0.));
#1872=DIRECTION('center_axis',(1.,0.,0.));
#1873=DIRECTION('ref_axis',(0.,1.,0.));
#1874=DIRECTION('',(1.,0.,0.));
#1875=DIRECTION('center_axis',(1.,0.,0.));
#1876=DIRECTION('ref_axis',(0.,1.,0.));
#1877=DIRECTION('',(-1.,0.,0.));
#1878=DIRECTION('',(1.,0.,0.));
#1879=DIRECTION('center_axis',(1.,0.,0.));
#1880=DIRECTION('ref_axis',(0.,-1.,1.22464679914735E-16));
#1881=DIRECTION('',(-1.,0.,0.));
#1882=DIRECTION('',(1.,0.,0.));
#1883=DIRECTION('center_axis',(1.,0.,0.));
#1884=DIRECTION('ref_axis',(0.,-0.99278092768605,-0.119941775969947));
#1885=DIRECTION('',(1.,0.,0.));
#1886=DIRECTION('',(-1.,0.,0.));
#1887=DIRECTION('center_axis',(0.,0.990402464032841,-0.138213455342369));
#1888=DIRECTION('ref_axis',(0.,0.138213455342369,0.990402464032841));
#1889=DIRECTION('',(-1.,0.,0.));
#1890=DIRECTION('center_axis',(1.,0.,0.));
#1891=DIRECTION('ref_axis',(0.,0.996152353740452,0.0876383941965965));
#1892=DIRECTION('',(1.,0.,0.));
#1893=DIRECTION('center_axis',(0.,0.951056516295154,0.309016994374948));
#1894=DIRECTION('ref_axis',(0.,-0.309016994374948,0.951056516295154));
#1895=DIRECTION('',(-1.,0.,0.));
#1896=DIRECTION('center_axis',(1.,0.,0.));
#1897=DIRECTION('ref_axis',(0.,0.857416738805983,0.514622712300296));
#1898=DIRECTION('',(1.,0.,0.));
#1899=DIRECTION('center_axis',(0.,0.720012593954763,0.693960996415889));
#1900=DIRECTION('ref_axis',(0.,-0.693960996415889,0.720012593954763));
#1901=DIRECTION('',(-1.,0.,0.));
#1902=DIRECTION('center_axis',(-1.,0.,0.));
#1903=DIRECTION('ref_axis',(0.,-0.873676649238246,-0.486507052955897));
#1904=DIRECTION('center_axis',(1.,0.,0.));
#1905=DIRECTION('ref_axis',(0.,-0.873676649238242,0.486507052955903));
#1906=DIRECTION('',(1.,0.,0.));
#1907=DIRECTION('center_axis',(0.,0.720012593954762,-0.69396099641589));
#1908=DIRECTION('ref_axis',(0.,0.69396099641589,0.720012593954762));
#1909=DIRECTION('',(-1.,0.,0.));
#1910=DIRECTION('center_axis',(1.,0.,0.));
#1911=DIRECTION('ref_axis',(0.,0.857416738805984,-0.514622712300293));
#1912=DIRECTION('',(1.,0.,0.));
#1913=DIRECTION('center_axis',(0.,0.951056516295154,-0.309016994374947));
#1914=DIRECTION('ref_axis',(0.,0.309016994374947,0.951056516295154));
#1915=DIRECTION('',(-1.,0.,0.));
#1916=DIRECTION('center_axis',(1.,0.,0.));
#1917=DIRECTION('ref_axis',(0.,0.996152353740452,-0.0876383941965942));
#1918=DIRECTION('',(1.,0.,0.));
#1919=DIRECTION('center_axis',(0.,0.990402464032841,0.138213455342368));
#1920=DIRECTION('ref_axis',(0.,-0.138213455342368,0.990402464032841));
#1921=DIRECTION('',(-1.,0.,0.));
#1922=DIRECTION('center_axis',(-1.,0.,0.));
#1923=DIRECTION('ref_axis',(0.,-0.992780927686051,0.119941775969946));
#1924=DIRECTION('center_axis',(1.,0.,0.));
#1925=DIRECTION('ref_axis',(0.,-0.420857585958545,0.90712672341914));
#1926=DIRECTION('',(1.,0.,0.));
#1927=DIRECTION('center_axis',(0.,0.174602385313942,-0.984639023725285));
#1928=DIRECTION('ref_axis',(0.,0.984639023725285,0.174602385313942));
#1929=DIRECTION('',(-1.,0.,0.));
#1930=DIRECTION('center_axis',(1.,0.,0.));
#1931=DIRECTION('ref_axis',(0.,0.391177072170719,-0.920315434081133));
#1932=DIRECTION('',(1.,0.,0.));
#1933=DIRECTION('center_axis',(0.,0.587785252292473,-0.809016994374947));
#1934=DIRECTION('ref_axis',(0.,0.809016994374947,0.587785252292473));
#1935=DIRECTION('',(-1.,0.,0.));
#1936=DIRECTION('center_axis',(1.,0.,0.));
#1937=DIRECTION('ref_axis',(0.,0.754391627519279,-0.656424612829846));
#1938=DIRECTION('',(1.,0.,0.));
#1939=DIRECTION('center_axis',(0.,0.882492255392019,-0.470326927969372));
#1940=DIRECTION('ref_axis',(0.,0.470326927969372,0.882492255392019));
#1941=DIRECTION('',(-1.,0.,0.));
#1942=DIRECTION('center_axis',(-1.,0.,0.));
#1943=DIRECTION('ref_axis',(0.,-0.732676635140429,0.68057692314631));
#1944=DIRECTION('center_axis',(1.,0.,0.));
#1945=DIRECTION('ref_axis',(0.,1.,0.));
#1946=DIRECTION('',(1.,0.,0.));
#1947=DIRECTION('center_axis',(1.,0.,0.));
#1948=DIRECTION('ref_axis',(0.,-0.0221293129029001,-0.999755116771325));
#1949=DIRECTION('',(-1.,0.,0.));
#1950=DIRECTION('',(1.,0.,0.));
#1951=DIRECTION('center_axis',(1.,0.,0.));
#1952=DIRECTION('ref_axis',(0.,-0.999048548488325,0.0436118993322898));
#1953=DIRECTION('center_axis',(0.,-0.707106781186548,0.707106781186547));
#1954=DIRECTION('ref_axis',(0.,-0.707106781186547,-0.707106781186548));
#1955=DIRECTION('',(-1.,0.,0.));
#1956=DIRECTION('center_axis',(-1.,0.,0.));
#1957=DIRECTION('ref_axis',(0.,0.918921160169301,-0.394441252144228));
#1958=DIRECTION('',(1.,0.,0.));
#1959=DIRECTION('center_axis',(0.,0.999674349692614,-0.025518514193624));
#1960=DIRECTION('ref_axis',(0.,0.025518514193624,0.999674349692614));
#1961=DIRECTION('',(-1.,0.,0.));
#1962=DIRECTION('center_axis',(1.,0.,0.));
#1963=DIRECTION('ref_axis',(0.,0.948738034392859,0.316063509593205));
#1964=DIRECTION('center_axis',(0.,0.,-1.));
#1965=DIRECTION('ref_axis',(0.,1.,0.));
#1966=DIRECTION('center_axis',(1.,0.,0.));
#1967=DIRECTION('ref_axis',(0.,0.362738125055006,0.931891116296093));
#1968=DIRECTION('center_axis',(-1.,0.,0.));
#1969=DIRECTION('ref_axis',(0.,0.362738125055006,0.931891116296093));
#1970=DIRECTION('',(-1.,0.,0.));
#1971=DIRECTION('center_axis',(1.,0.,0.));
#1972=DIRECTION('ref_axis',(0.,0.362738125055006,0.931891116296093));
#1973=DIRECTION('',(1.,0.,0.));
#1974=DIRECTION('center_axis',(1.,0.,0.));
#1975=DIRECTION('ref_axis',(0.,1.,0.));
#1976=DIRECTION('center_axis',(1.,0.,0.));
#1977=DIRECTION('ref_axis',(0.,1.,0.));
#1978=DIRECTION('center_axis',(1.,0.,0.));
#1979=DIRECTION('ref_axis',(0.,0.0221293129029001,-0.999755116771325));
#1980=DIRECTION('',(0.,-0.707106781186548,0.707106781186548));
#1981=DIRECTION('center_axis',(1.,0.,0.));
#1982=DIRECTION('ref_axis',(0.,-0.918921160169301,-0.394441252144228));
#1983=DIRECTION('',(0.,0.025518514193624,-0.999674349692614));
#1984=DIRECTION('center_axis',(1.,0.,0.));
#1985=DIRECTION('ref_axis',(0.,-0.94873803439286,0.316063509593203));
#1986=DIRECTION('center_axis',(-1.,0.,0.));
#1987=DIRECTION('ref_axis',(0.,1.,0.));
#1988=DIRECTION('center_axis',(-1.,0.,0.));
#1989=DIRECTION('ref_axis',(0.,0.992780927686051,-0.119941775969946));
#1990=DIRECTION('',(0.,0.138213455342368,-0.990402464032841));
#1991=DIRECTION('center_axis',(1.,0.,0.));
#1992=DIRECTION('ref_axis',(0.,-0.996152353740452,0.0876383941965942));
#1993=DIRECTION('',(0.,-0.309016994374947,-0.951056516295154));
#1994=DIRECTION('center_axis',(1.,0.,0.));
#1995=DIRECTION('ref_axis',(0.,-0.857416738805984,0.514622712300293));
#1996=DIRECTION('',(0.,-0.69396099641589,-0.720012593954762));
#1997=DIRECTION('center_axis',(-1.,0.,0.));
#1998=DIRECTION('ref_axis',(0.,0.873676649238244,-0.486507052955899));
#1999=DIRECTION('center_axis',(-1.,0.,0.));
#2000=DIRECTION('ref_axis',(0.,1.,0.));
#2001=DIRECTION('center_axis',(-1.,0.,0.));
#2002=DIRECTION('ref_axis',(0.,0.873676649238242,0.486507052955903));
#2003=DIRECTION('',(0.,0.693960996415889,-0.720012593954763));
#2004=DIRECTION('center_axis',(1.,0.,0.));
#2005=DIRECTION('ref_axis',(0.,-0.857416738805982,-0.514622712300297));
#2006=DIRECTION('',(0.,0.309016994374947,-0.951056516295154));
#2007=DIRECTION('center_axis',(1.,0.,0.));
#2008=DIRECTION('ref_axis',(0.,-0.996152353740452,-0.0876383941965965));
#2009=DIRECTION('',(0.,-0.138213455342369,-0.990402464032841));
#2010=DIRECTION('center_axis',(-1.,0.,0.));
#2011=DIRECTION('ref_axis',(0.,0.992780927686051,0.119941775969946));
#2012=DIRECTION('center_axis',(-1.,0.,0.));
#2013=DIRECTION('ref_axis',(0.,1.,0.));
#2014=DIRECTION('center_axis',(-1.,0.,0.));
#2015=DIRECTION('ref_axis',(0.,0.420857585958548,0.907126723419139));
#2016=DIRECTION('',(0.,0.984639023725284,-0.174602385313943));
#2017=DIRECTION('center_axis',(1.,0.,0.));
#2018=DIRECTION('ref_axis',(0.,-0.391177072170719,-0.920315434081133));
#2019=DIRECTION('',(0.,0.809016994374947,-0.587785252292473));
#2020=DIRECTION('center_axis',(1.,0.,0.));
#2021=DIRECTION('ref_axis',(0.,-0.754391627519276,-0.65642461282985));
#2022=DIRECTION('',(0.,0.470326927969371,-0.88249225539202));
#2023=DIRECTION('center_axis',(-1.,0.,0.));
#2024=DIRECTION('ref_axis',(0.,0.732676635140436,0.680576923146303));
#2025=DIRECTION('center_axis',(-1.,0.,0.));
#2026=DIRECTION('ref_axis',(0.,1.,0.));
#2027=DIRECTION('center_axis',(-1.,0.,0.));
#2028=DIRECTION('ref_axis',(0.,-0.192714770734087,0.981254817639592));
#2029=DIRECTION('',(0.,0.899218410621136,0.437499999999998));
#2030=DIRECTION('center_axis',(1.,0.,0.));
#2031=DIRECTION('ref_axis',(0.,0.224478940414089,-0.97447894041409));
#2032=DIRECTION('',(0.,1.,0.));
#2033=DIRECTION('',(0.,0.,1.));
#2034=DIRECTION('',(0.,1.,0.));
#2035=DIRECTION('center_axis',(1.,0.,0.));
#2036=DIRECTION('ref_axis',(0.,1.,0.));
#2037=DIRECTION('center_axis',(1.,0.,0.));
#2038=DIRECTION('ref_axis',(0.,1.,0.));
#2039=DIRECTION('',(1.,0.,0.));
#2040=DIRECTION('center_axis',(0.,0.,-1.));
#2041=DIRECTION('ref_axis',(-1.,0.,0.));
#2042=DIRECTION('',(-1.,0.,0.));
#2043=DIRECTION('',(0.,-1.,0.));
#2044=DIRECTION('center_axis',(1.,0.,0.));
#2045=DIRECTION('ref_axis',(0.,1.,0.));
#2046=DIRECTION('',(0.,0.,-1.));
#2047=DIRECTION('',(0.,1.,0.));
#2048=DIRECTION('center_axis',(-1.,0.,0.));
#2049=DIRECTION('ref_axis',(0.,0.224478940414089,-0.97447894041409));
#2050=DIRECTION('',(0.,0.899218410621136,0.437499999999998));
#2051=DIRECTION('center_axis',(1.,0.,0.));
#2052=DIRECTION('ref_axis',(0.,-0.192714770734087,0.981254817639592));
#2053=DIRECTION('center_axis',(-1.,0.,0.));
#2054=DIRECTION('ref_axis',(0.,1.,0.));
#2055=DIRECTION('center_axis',(1.,0.,0.));
#2056=DIRECTION('ref_axis',(0.,0.732676635140436,0.680576923146303));
#2057=DIRECTION('',(0.,0.470326927969371,-0.88249225539202));
#2058=DIRECTION('center_axis',(-1.,0.,0.));
#2059=DIRECTION('ref_axis',(0.,-0.754391627519276,-0.65642461282985));
#2060=DIRECTION('',(0.,0.809016994374947,-0.587785252292473));
#2061=DIRECTION('center_axis',(-1.,0.,0.));
#2062=DIRECTION('ref_axis',(0.,-0.391177072170719,-0.920315434081133));
#2063=DIRECTION('',(0.,0.984639023725284,-0.174602385313943));
#2064=DIRECTION('center_axis',(1.,0.,0.));
#2065=DIRECTION('ref_axis',(0.,0.420857585958548,0.907126723419139));
#2066=DIRECTION('center_axis',(-1.,0.,0.));
#2067=DIRECTION('ref_axis',(0.,1.,0.));
#2068=DIRECTION('center_axis',(1.,0.,0.));
#2069=DIRECTION('ref_axis',(0.,0.992780927686051,0.119941775969946));
#2070=DIRECTION('',(0.,-0.138213455342369,-0.990402464032841));
#2071=DIRECTION('center_axis',(-1.,0.,0.));
#2072=DIRECTION('ref_axis',(0.,-0.996152353740452,-0.0876383941965965));
#2073=DIRECTION('',(0.,0.309016994374947,-0.951056516295154));
#2074=DIRECTION('center_axis',(-1.,0.,0.));
#2075=DIRECTION('ref_axis',(0.,-0.857416738805982,-0.514622712300297));
#2076=DIRECTION('',(0.,0.693960996415889,-0.720012593954763));
#2077=DIRECTION('center_axis',(1.,0.,0.));
#2078=DIRECTION('ref_axis',(0.,0.873676649238242,0.486507052955903));
#2079=DIRECTION('center_axis',(-1.,0.,0.));
#2080=DIRECTION('ref_axis',(0.,1.,0.));
#2081=DIRECTION('center_axis',(1.,0.,0.));
#2082=DIRECTION('ref_axis',(0.,0.873676649238244,-0.486507052955899));
#2083=DIRECTION('',(0.,-0.69396099641589,-0.720012593954762));
#2084=DIRECTION('center_axis',(-1.,0.,0.));
#2085=DIRECTION('ref_axis',(0.,-0.857416738805984,0.514622712300293));
#2086=DIRECTION('',(0.,-0.309016994374947,-0.951056516295154));
#2087=DIRECTION('center_axis',(-1.,0.,0.));
#2088=DIRECTION('ref_axis',(0.,-0.996152353740452,0.0876383941965942));
#2089=DIRECTION('',(0.,0.138213455342368,-0.990402464032841));
#2090=DIRECTION('center_axis',(1.,0.,0.));
#2091=DIRECTION('ref_axis',(0.,0.992780927686051,-0.119941775969946));
#2092=DIRECTION('center_axis',(-1.,0.,0.));
#2093=DIRECTION('ref_axis',(0.,1.,0.));
#2094=DIRECTION('center_axis',(-1.,0.,0.));
#2095=DIRECTION('ref_axis',(0.,-0.94873803439286,0.316063509593203));
#2096=DIRECTION('',(0.,-0.025518514193624,0.999674349692614));
#2097=DIRECTION('center_axis',(-1.,0.,0.));
#2098=DIRECTION('ref_axis',(0.,-0.918921160169301,-0.394441252144228));
#2099=DIRECTION('',(0.,0.707106781186548,-0.707106781186548));
#2100=DIRECTION('center_axis',(-1.,0.,0.));
#2101=DIRECTION('ref_axis',(0.,0.0221293129029001,-0.999755116771325));
#2102=DIRECTION('center_axis',(0.,1.,0.));
#2103=DIRECTION('ref_axis',(0.,0.,1.));
#2104=DIRECTION('',(-1.,0.,0.));
#2105=DIRECTION('center_axis',(-1.,0.,0.));
#2106=DIRECTION('ref_axis',(0.,-0.94873803439286,0.316063509593203));
#2107=DIRECTION('',(1.,0.,0.));
#2108=DIRECTION('',(-1.,0.,0.));
#2109=DIRECTION('center_axis',(0.,-0.999674349692614,-0.025518514193624));
#2110=DIRECTION('ref_axis',(0.,0.025518514193624,-0.999674349692614));
#2111=DIRECTION('',(-1.,0.,0.));
#2112=DIRECTION('center_axis',(1.,0.,0.));
#2113=DIRECTION('ref_axis',(0.,-0.918921160169301,-0.394441252144228));
#2114=DIRECTION('',(1.,0.,0.));
#2115=DIRECTION('center_axis',(-1.,0.,0.));
#2116=DIRECTION('ref_axis',(0.,0.0221293129029001,-0.999755116771325));
#2117=DIRECTION('',(-1.,0.,0.));
#2118=DIRECTION('center_axis',(1.,0.,0.));
#2119=DIRECTION('ref_axis',(0.,1.,0.));
#2120=DIRECTION('',(1.,0.,0.));
#2121=DIRECTION('center_axis',(0.,0.707106781186548,0.707106781186548));
#2122=DIRECTION('ref_axis',(0.,-0.707106781186548,0.707106781186548));
#2123=DIRECTION('center_axis',(-1.,0.,0.));
#2124=DIRECTION('ref_axis',(0.,0.992780927686051,-0.119941775969946));
#2125=DIRECTION('',(-1.,0.,0.));
#2126=DIRECTION('center_axis',(0.,-0.990402464032841,-0.138213455342368));
#2127=DIRECTION('ref_axis',(0.,0.138213455342368,-0.990402464032841));
#2128=DIRECTION('',(1.,0.,0.));
#2129=DIRECTION('center_axis',(1.,0.,0.));
#2130=DIRECTION('ref_axis',(0.,-0.996152353740452,0.0876383941965942));
#2131=DIRECTION('',(-1.,0.,0.));
#2132=DIRECTION('center_axis',(0.,-0.951056516295154,0.309016994374947));
#2133=DIRECTION('ref_axis',(0.,-0.309016994374947,-0.951056516295154));
#2134=DIRECTION('',(1.,0.,0.));
#2135=DIRECTION('center_axis',(1.,0.,0.));
#2136=DIRECTION('ref_axis',(0.,-0.857416738805984,0.514622712300293));
#2137=DIRECTION('',(-1.,0.,0.));
#2138=DIRECTION('center_axis',(0.,-0.720012593954762,0.69396099641589));
#2139=DIRECTION('ref_axis',(0.,-0.69396099641589,-0.720012593954762));
#2140=DIRECTION('',(1.,0.,0.));
#2141=DIRECTION('center_axis',(1.,0.,0.));
#2142=DIRECTION('ref_axis',(0.,0.873676649238244,-0.486507052955899));
#2143=DIRECTION('',(-1.,0.,0.));
#2144=DIRECTION('center_axis',(-1.,0.,0.));
#2145=DIRECTION('ref_axis',(0.,0.873676649238242,0.486507052955903));
#2146=DIRECTION('',(-1.,0.,0.));
#2147=DIRECTION('',(1.,0.,0.));
#2148=DIRECTION('center_axis',(0.,-0.720012593954763,-0.693960996415889));
#2149=DIRECTION('ref_axis',(0.,0.693960996415889,-0.720012593954763));
#2150=DIRECTION('',(1.,0.,0.));
#2151=DIRECTION('center_axis',(1.,0.,0.));
#2152=DIRECTION('ref_axis',(0.,-0.857416738805982,-0.514622712300297));
#2153=DIRECTION('',(-1.,0.,0.));
#2154=DIRECTION('center_axis',(0.,-0.951056516295154,-0.309016994374947));
#2155=DIRECTION('ref_axis',(0.,0.309016994374947,-0.951056516295154));
#2156=DIRECTION('',(1.,0.,0.));
#2157=DIRECTION('center_axis',(1.,0.,0.));
#2158=DIRECTION('ref_axis',(0.,-0.996152353740452,-0.0876383941965965));
#2159=DIRECTION('',(-1.,0.,0.));
#2160=DIRECTION('center_axis',(0.,-0.990402464032841,0.138213455342369));
#2161=DIRECTION('ref_axis',(0.,-0.138213455342369,-0.990402464032841));
#2162=DIRECTION('',(1.,0.,0.));
#2163=DIRECTION('center_axis',(1.,0.,0.));
#2164=DIRECTION('ref_axis',(0.,0.992780927686051,0.119941775969946));
#2165=DIRECTION('',(-1.,0.,0.));
#2166=DIRECTION('center_axis',(-1.,0.,0.));
#2167=DIRECTION('ref_axis',(0.,0.420857585958548,0.907126723419139));
#2168=DIRECTION('',(-1.,0.,0.));
#2169=DIRECTION('',(1.,0.,0.));
#2170=DIRECTION('center_axis',(0.,-0.174602385313943,-0.984639023725285));
#2171=DIRECTION('ref_axis',(0.,0.984639023725284,-0.174602385313943));
#2172=DIRECTION('',(1.,0.,0.));
#2173=DIRECTION('center_axis',(1.,0.,0.));
#2174=DIRECTION('ref_axis',(0.,-0.391177072170719,-0.920315434081133));
#2175=DIRECTION('',(-1.,0.,0.));
#2176=DIRECTION('center_axis',(0.,-0.587785252292473,-0.809016994374947));
#2177=DIRECTION('ref_axis',(0.,0.809016994374947,-0.587785252292473));
#2178=DIRECTION('',(1.,0.,0.));
#2179=DIRECTION('center_axis',(1.,0.,0.));
#2180=DIRECTION('ref_axis',(0.,-0.754391627519276,-0.65642461282985));
#2181=DIRECTION('',(-1.,0.,0.));
#2182=DIRECTION('center_axis',(1.,0.,0.));
#2183=DIRECTION('ref_axis',(0.,0.732676635140436,0.680576923146303));
#2184=DIRECTION('',(1.,0.,0.));
#2185=DIRECTION('',(-1.,0.,0.));
#2186=DIRECTION('center_axis',(0.,-0.88249225539202,-0.470326927969371));
#2187=DIRECTION('ref_axis',(0.,0.470326927969371,-0.88249225539202));
#2188=DIRECTION('center_axis',(1.,0.,0.));
#2189=DIRECTION('ref_axis',(0.,1.,0.));
#2190=DIRECTION('',(1.,0.,0.));
#2191=DIRECTION('center_axis',(1.,0.,0.));
#2192=DIRECTION('ref_axis',(0.,1.,0.));
#2193=DIRECTION('center_axis',(1.,0.,0.));
#2194=DIRECTION('ref_axis',(0.,1.,0.));
#2195=DIRECTION('center_axis',(-1.,0.,0.));
#2196=DIRECTION('ref_axis',(0.,-0.192714770734087,0.981254817639592));
#2197=DIRECTION('',(-1.,0.,0.));
#2198=DIRECTION('center_axis',(0.,0.437499999999998,-0.899218410621136));
#2199=DIRECTION('ref_axis',(0.,0.899218410621136,0.437499999999998));
#2200=DIRECTION('',(1.,0.,0.));
#2201=DIRECTION('center_axis',(1.,0.,0.));
#2202=DIRECTION('ref_axis',(0.,0.224478940414089,-0.97447894041409));
#2203=DIRECTION('',(-1.,0.,0.));
#2204=DIRECTION('center_axis',(0.,0.,-1.));
#2205=DIRECTION('ref_axis',(0.,1.,0.));
#2206=CARTESIAN_POINT('',(0.,0.,0.));
#2207=CARTESIAN_POINT('Origin',(125.,176.,2.29442035825202));
#2208=CARTESIAN_POINT('',(0.,176.,13.5));
#2209=CARTESIAN_POINT('',(250.,176.,13.5));
#2210=CARTESIAN_POINT('',(187.5,176.,13.5));
#2211=CARTESIAN_POINT('',(250.,176.,11.8999997261912));
#2212=CARTESIAN_POINT('',(250.,176.,1.14721017912601));
#2213=CARTESIAN_POINT('',(0.,176.,11.8999997261912));
#2214=CARTESIAN_POINT('',(62.5,176.,11.8999997261912));
#2215=CARTESIAN_POINT('',(0.,176.,1.14721017912601));
#2216=CARTESIAN_POINT('Origin',(0.,-3.21130814466628,3.5));
#2217=CARTESIAN_POINT('',(0.,-3.21130814466628,13.5));
#2218=CARTESIAN_POINT('',(0.,-9.97195687027951,10.8684210526316));
#2219=CARTESIAN_POINT('Origin',(0.,-3.21130814466628,3.5));
#2220=CARTESIAN_POINT('',(250.,-9.97195687027951,10.8684210526316));
#2221=CARTESIAN_POINT('',(0.,-9.97195687027951,10.8684210526316));
#2222=CARTESIAN_POINT('',(250.,-3.21130814466628,13.5));
#2223=CARTESIAN_POINT('Origin',(250.,-3.21130814466628,3.5));
#2224=CARTESIAN_POINT('',(0.,-3.21130814466628,13.5));
#2225=CARTESIAN_POINT('Origin',(0.,0.,0.));
#2226=CARTESIAN_POINT('',(0.,-7.5,13.5));
#2227=CARTESIAN_POINT('',(0.,-0.0434799320476746,11.8999997261912));
#2228=CARTESIAN_POINT('',(0.,-0.0806252715030928,11.8999997261912));
#2229=CARTESIAN_POINT('',(0.,-0.114027044610175,11.9162508122029));
#2230=CARTESIAN_POINT('Origin',(0.,-0.0434799320476746,12.0612502691912));
#2231=CARTESIAN_POINT('',(0.,-0.714192314137261,12.2082514010662));
#2232=CARTESIAN_POINT('',(0.,-0.8,12.2499997261912));
#2233=CARTESIAN_POINT('',(0.,-0.795206982431556,12.2241623784655));
#2234=CARTESIAN_POINT('Origin',(0.,-0.784739426699761,12.063251944078));
#2235=CARTESIAN_POINT('',(0.,-6.54184640485779,10.3569660429708));
#2236=CARTESIAN_POINT('Origin',(0.,0.,0.));
#2237=CARTESIAN_POINT('',(0.,-6.59803641043664,10.2964745646148));
#2238=CARTESIAN_POINT('Origin',(0.,-6.45573405506139,10.2206340920923));
#2239=CARTESIAN_POINT('',(0.,-6.9119466731231,9.70747283149078));
#2240=CARTESIAN_POINT('',(0.,-6.92941712651754,9.67469235709746));
#2241=CARTESIAN_POINT('',(0.,-6.9594683373988,9.65285887437417));
#2242=CARTESIAN_POINT('Origin',(0.,-7.05424902849836,9.78331330401336));
#2243=CARTESIAN_POINT('',(0.,-7.02982034528048,9.60174514871757));
#2244=CARTESIAN_POINT('',(0.,-7.05987155616173,9.57991166599428));
#2245=CARTESIAN_POINT('',(0.,-7.09644630693906,9.57342600112207));
#2246=CARTESIAN_POINT('Origin',(0.,-7.12460103638003,9.73219957835676));
#2247=CARTESIAN_POINT('',(0.,-7.75362384921466,9.45689114551381));
#2248=CARTESIAN_POINT('',(0.,-7.84758277514196,9.44022975774312));
#2249=CARTESIAN_POINT('',(0.,-7.82851833052328,9.42214416938422));
#2250=CARTESIAN_POINT('Origin',(0.,-7.7254691197737,9.29811756827912));
#2251=CARTESIAN_POINT('',(0.,-11.3801368146727,4.53376069938967));
#2252=CARTESIAN_POINT('Origin',(0.,0.,0.));
#2253=CARTESIAN_POINT('',(0.,-11.3900394852331,4.45179440877938));
#2254=CARTESIAN_POINT('Origin',(0.,-11.2303365501192,4.47408140350325));
#2255=CARTESIAN_POINT('',(0.,-11.2977916901501,3.79077017401535));
#2256=CARTESIAN_POINT('',(0.,-11.2926577044341,3.75398133829137));
#2257=CARTESIAN_POINT('',(0.,-11.3041362455877,3.7186540211523));
#2258=CARTESIAN_POINT('Origin',(0.,-11.4574946252639,3.76848317929148));
#2259=CARTESIAN_POINT('',(0.,-11.3310083214216,3.63595027574828));
#2260=CARTESIAN_POINT('',(0.,-11.3424868625752,3.60062295860921));
#2261=CARTESIAN_POINT('',(0.,-11.3682642793559,3.57387784639459));
#2262=CARTESIAN_POINT('Origin',(0.,-11.4843667010979,3.68577943388747));
#2263=CARTESIAN_POINT('',(0.,-11.8314346098738,3.09331990028307));
#2264=CARTESIAN_POINT('',(0.,-11.8976556597079,3.0246128834454));
#2265=CARTESIAN_POINT('',(0.,-11.8716017579067,3.0211871344998));
#2266=CARTESIAN_POINT('Origin',(0.,-11.7153321881318,2.98141831279019));
#2267=CARTESIAN_POINT('',(0.,-11.8716017579067,-3.0211871344998));
#2268=CARTESIAN_POINT('Origin',(0.,0.,0.));
#2269=CARTESIAN_POINT('',(0.,-11.8314346098738,-3.09331990028307));
#2270=CARTESIAN_POINT('Origin',(0.,-11.7153321881318,-2.98141831279019));
#2271=CARTESIAN_POINT('',(0.,-11.3682642793559,-3.57387784639458));
#2272=CARTESIAN_POINT('',(0.,-11.3424868625752,-3.60062295860921));
#2273=CARTESIAN_POINT('',(0.,-11.3310083214217,-3.63595027574828));
#2274=CARTESIAN_POINT('Origin',(0.,-11.4843667010979,-3.68577943388747));
#2275=CARTESIAN_POINT('',(0.,-11.3041362455876,-3.71865402115231));
#2276=CARTESIAN_POINT('',(0.,-11.2926577044341,-3.75398133829137));
#2277=CARTESIAN_POINT('',(0.,-11.2977916901501,-3.79077017401536));
#2278=CARTESIAN_POINT('Origin',(0.,-11.4574946252639,-3.7684831792915));
#2279=CARTESIAN_POINT('',(0.,-11.3900394852331,-4.45179440877937));
#2280=CARTESIAN_POINT('',(0.,-11.403228468708,-4.54630330951765));
#2281=CARTESIAN_POINT('',(0.,-11.3801368146727,-4.53376069938966));
#2282=CARTESIAN_POINT('Origin',(0.,-11.2303365501192,-4.47408140350324));
#2283=CARTESIAN_POINT('',(0.,-9.61187784536214,-7.59436003135461));
#2284=CARTESIAN_POINT('Origin',(0.,0.,0.));
#2285=CARTESIAN_POINT('',(0.,-9.5043622152245,-7.91709316728222));
#2286=CARTESIAN_POINT('Origin',(0.,-10.0041993900708,-7.90433391018541));
#2287=CARTESIAN_POINT('',(0.,-9.54084624716877,-9.34633589792534));
#2288=CARTESIAN_POINT('',(0.,-9.40951214089564,-4.20139147503062));
#2289=CARTESIAN_POINT('',(0.,-9.6871300314218,-9.6871300314218));
#2290=CARTESIAN_POINT('Origin',(0.,-10.0406834220151,-9.33357664082853));
#2291=CARTESIAN_POINT('',(0.,-9.97810102173755,-9.97810102173755));
#2292=CARTESIAN_POINT('',(0.,0.,0.));
#2293=CARTESIAN_POINT('',(0.,-10.8811065989163,-9.95811323409313));
#2294=CARTESIAN_POINT('Origin',(0.,-10.4200427599791,-9.53615928349596));
#2295=CARTESIAN_POINT('Origin',(0.,0.,0.));
#2296=CARTESIAN_POINT('Origin',(250.,-15.,13.5));
#2297=CARTESIAN_POINT('',(250.,-7.5,13.5));
#2298=CARTESIAN_POINT('Origin',(250.,0.,0.));
#2299=CARTESIAN_POINT('',(250.,-10.8811065989163,-9.95811323409313));
#2300=CARTESIAN_POINT('Origin',(250.,0.,0.));
#2301=CARTESIAN_POINT('',(250.,-9.97810102173755,-9.97810102173755));
#2302=CARTESIAN_POINT('Origin',(250.,-10.4200427599791,-9.53615928349596));
#2303=CARTESIAN_POINT('',(250.,-9.6871300314218,-9.6871300314218));
#2304=CARTESIAN_POINT('',(250.,0.,0.));
#2305=CARTESIAN_POINT('',(250.,-9.54084624716877,-9.34633589792534));
#2306=CARTESIAN_POINT('Origin',(250.,-10.0406834220151,-9.33357664082853));
#2307=CARTESIAN_POINT('',(250.,-9.5043622152245,-7.91709316728222));
#2308=CARTESIAN_POINT('',(250.,-9.40951214089564,-4.20139147503062));
#2309=CARTESIAN_POINT('',(250.,-9.61187784536214,-7.59436003135461));
#2310=CARTESIAN_POINT('Origin',(250.,-10.0041993900708,-7.90433391018541));
#2311=CARTESIAN_POINT('',(250.,-11.3801368146727,-4.53376069938966));
#2312=CARTESIAN_POINT('Origin',(250.,0.,0.));
#2313=CARTESIAN_POINT('',(250.,-11.3900394852331,-4.45179440877937));
#2314=CARTESIAN_POINT('Origin',(250.,-11.2303365501192,-4.47408140350324));
#2315=CARTESIAN_POINT('',(250.,-11.2977916901501,-3.79077017401536));
#2316=CARTESIAN_POINT('',(250.,-11.403228468708,-4.54630330951765));
#2317=CARTESIAN_POINT('',(250.,-11.3041362455876,-3.71865402115231));
#2318=CARTESIAN_POINT('Origin',(250.,-11.4574946252639,-3.7684831792915));
#2319=CARTESIAN_POINT('',(250.,-11.3310083214217,-3.63595027574828));
#2320=CARTESIAN_POINT('',(250.,-11.2926577044341,-3.75398133829137));
#2321=CARTESIAN_POINT('',(250.,-11.3682642793559,-3.57387784639458));
#2322=CARTESIAN_POINT('Origin',(250.,-11.4843667010979,-3.68577943388747));
#2323=CARTESIAN_POINT('',(250.,-11.8314346098738,-3.09331990028307));
#2324=CARTESIAN_POINT('',(250.,-11.3424868625752,-3.60062295860921));
#2325=CARTESIAN_POINT('',(250.,-11.8716017579067,-3.0211871344998));
#2326=CARTESIAN_POINT('Origin',(250.,-11.7153321881318,-2.98141831279019));
#2327=CARTESIAN_POINT('',(250.,-11.8716017579067,3.0211871344998));
#2328=CARTESIAN_POINT('Origin',(250.,0.,0.));
#2329=CARTESIAN_POINT('',(250.,-11.8314346098738,3.09331990028307));
#2330=CARTESIAN_POINT('Origin',(250.,-11.7153321881318,2.98141831279019));
#2331=CARTESIAN_POINT('',(250.,-11.3682642793559,3.57387784639459));
#2332=CARTESIAN_POINT('',(250.,-11.8976556597079,3.0246128834454));
#2333=CARTESIAN_POINT('',(250.,-11.3310083214216,3.63595027574828));
#2334=CARTESIAN_POINT('Origin',(250.,-11.4843667010979,3.68577943388747));
#2335=CARTESIAN_POINT('',(250.,-11.3041362455877,3.7186540211523));
#2336=CARTESIAN_POINT('',(250.,-11.3424868625752,3.60062295860921));
#2337=CARTESIAN_POINT('',(250.,-11.2977916901501,3.79077017401535));
#2338=CARTESIAN_POINT('Origin',(250.,-11.4574946252639,3.76848317929148));
#2339=CARTESIAN_POINT('',(250.,-11.3900394852331,4.45179440877938));
#2340=CARTESIAN_POINT('',(250.,-11.2926577044341,3.75398133829137));
#2341=CARTESIAN_POINT('',(250.,-11.3801368146727,4.53376069938967));
#2342=CARTESIAN_POINT('Origin',(250.,-11.2303365501192,4.47408140350325));
#2343=CARTESIAN_POINT('',(250.,-7.82851833052328,9.42214416938422));
#2344=CARTESIAN_POINT('Origin',(250.,0.,0.));
#2345=CARTESIAN_POINT('',(250.,-7.75362384921466,9.45689114551381));
#2346=CARTESIAN_POINT('Origin',(250.,-7.7254691197737,9.29811756827912));
#2347=CARTESIAN_POINT('',(250.,-7.09644630693906,9.57342600112207));
#2348=CARTESIAN_POINT('',(250.,-7.84758277514196,9.44022975774312));
#2349=CARTESIAN_POINT('',(250.,-7.02982034528048,9.60174514871757));
#2350=CARTESIAN_POINT('Origin',(250.,-7.12460103638003,9.73219957835676));
#2351=CARTESIAN_POINT('',(250.,-6.9594683373988,9.65285887437417));
#2352=CARTESIAN_POINT('',(250.,-7.05987155616173,9.57991166599428));
#2353=CARTESIAN_POINT('',(250.,-6.9119466731231,9.70747283149078));
#2354=CARTESIAN_POINT('Origin',(250.,-7.05424902849836,9.78331330401336));
#2355=CARTESIAN_POINT('',(250.,-6.59803641043664,10.2964745646148));
#2356=CARTESIAN_POINT('',(250.,-6.92941712651754,9.67469235709746));
#2357=CARTESIAN_POINT('',(250.,-6.54184640485779,10.3569660429708));
#2358=CARTESIAN_POINT('Origin',(250.,-6.45573405506139,10.2206340920923));
#2359=CARTESIAN_POINT('',(250.,-0.795206982431556,12.2241623784655));
#2360=CARTESIAN_POINT('Origin',(250.,0.,0.));
#2361=CARTESIAN_POINT('',(250.,-0.714192314137261,12.2082514010662));
#2362=CARTESIAN_POINT('Origin',(250.,-0.784739426699761,12.063251944078));
#2363=CARTESIAN_POINT('',(250.,-0.114027044610175,11.9162508122029));
#2364=CARTESIAN_POINT('',(250.,-0.8,12.2499997261912));
#2365=CARTESIAN_POINT('',(250.,-0.0434799320476746,11.8999997261912));
#2366=CARTESIAN_POINT('Origin',(250.,-0.0434799320476746,12.0612502691912));
#2367=CARTESIAN_POINT('',(250.,0.,11.8999997261912));
#2368=CARTESIAN_POINT('Origin',(0.,-0.752456715095302,12.2268683190712));
#2369=CARTESIAN_POINT('',(0.,-0.114027044610175,11.9162508122029));
#2370=CARTESIAN_POINT('',(0.,-0.714192314137261,12.2082514010662));
#2371=CARTESIAN_POINT('Origin',(0.,-0.784739426699761,12.063251944078));
#2372=CARTESIAN_POINT('',(0.,-0.795206982431556,12.2241623784655));
#2373=CARTESIAN_POINT('Origin',(0.,-0.0434799320476746,12.0612502691912));
#2374=CARTESIAN_POINT('',(0.,-0.0434799320476746,11.8999997261912));
#2375=CARTESIAN_POINT('Origin',(0.,0.,0.));
#2376=CARTESIAN_POINT('',(0.,-6.54184640485779,10.3569660429708));
#2377=CARTESIAN_POINT('Origin',(0.,0.,0.));
#2378=CARTESIAN_POINT('',(0.,-7.82851833052328,9.42214416938423));
#2379=CARTESIAN_POINT('',(0.,-11.3801368146727,4.53376069938967));
#2380=CARTESIAN_POINT('Origin',(0.,0.,0.));
#2381=CARTESIAN_POINT('',(0.,-11.8716017579067,3.0211871344998));
#2382=CARTESIAN_POINT('',(0.,-11.8716017579067,-3.0211871344998));
#2383=CARTESIAN_POINT('Origin',(0.,-11.2303365501192,-4.47408140350324));
#2384=CARTESIAN_POINT('',(0.,-11.3900394852331,-4.45179440877937));
#2385=CARTESIAN_POINT('',(0.,-11.3801368146727,-4.53376069938966));
#2386=CARTESIAN_POINT('Origin',(0.,-11.3959208762395,-4.4939389606991));
#2387=CARTESIAN_POINT('',(0.,-11.2977916901501,-3.79077017401536));
#2388=CARTESIAN_POINT('Origin',(0.,-11.4574946252639,-3.7684831792915));
#2389=CARTESIAN_POINT('',(0.,-11.3041362455876,-3.71865402115231));
#2390=CARTESIAN_POINT('Origin',(0.,-11.2926577044341,-3.75398133829137));
#2391=CARTESIAN_POINT('',(0.,-11.3310083214217,-3.63595027574828));
#2392=CARTESIAN_POINT('Origin',(0.,-11.4843667010979,-3.68577943388747));
#2393=CARTESIAN_POINT('',(0.,-11.3682642793559,-3.57387784639458));
#2394=CARTESIAN_POINT('Origin',(0.,-11.3424868625752,-3.60062295860921));
#2395=CARTESIAN_POINT('',(0.,-11.8314346098738,-3.09331990028307));
#2396=CARTESIAN_POINT('Origin',(0.,-11.7153321881318,-2.98141831279019));
#2397=CARTESIAN_POINT('Origin',(0.,-11.7153321881318,2.98141831279019));
#2398=CARTESIAN_POINT('',(0.,-11.8314346098738,3.09331990028307));
#2399=CARTESIAN_POINT('Origin',(0.,-11.8609647012315,3.06268123645623));
#2400=CARTESIAN_POINT('',(0.,-11.3682642793559,3.57387784639459));
#2401=CARTESIAN_POINT('Origin',(0.,-11.4843667010979,3.68577943388747));
#2402=CARTESIAN_POINT('',(0.,-11.3310083214216,3.63595027574828));
#2403=CARTESIAN_POINT('Origin',(0.,-11.3424868625752,3.60062295860921));
#2404=CARTESIAN_POINT('',(0.,-11.3041362455877,3.7186540211523));
#2405=CARTESIAN_POINT('Origin',(0.,-11.4574946252639,3.76848317929148));
#2406=CARTESIAN_POINT('',(0.,-11.2977916901501,3.79077017401535));
#2407=CARTESIAN_POINT('Origin',(0.,-11.2926577044341,3.75398133829137));
#2408=CARTESIAN_POINT('',(0.,-11.3900394852331,4.45179440877938));
#2409=CARTESIAN_POINT('Origin',(0.,-11.2303365501192,4.47408140350325));
#2410=CARTESIAN_POINT('Origin',(0.,-7.7254691197737,9.29811756827912));
#2411=CARTESIAN_POINT('',(0.,-7.75362384921466,9.45689114551381));
#2412=CARTESIAN_POINT('Origin',(0.,-7.79552314971579,9.44946129799182));
#2413=CARTESIAN_POINT('',(0.,-7.09644630693906,9.57342600112206));
#2414=CARTESIAN_POINT('Origin',(0.,-7.12460103638003,9.73219957835676));
#2415=CARTESIAN_POINT('',(0.,-7.02982034528048,9.60174514871757));
#2416=CARTESIAN_POINT('Origin',(0.,-7.05987155616173,9.57991166599428));
#2417=CARTESIAN_POINT('',(0.,-6.9594683373988,9.65285887437417));
#2418=CARTESIAN_POINT('Origin',(0.,-7.05424902849836,9.78331330401336));
#2419=CARTESIAN_POINT('',(0.,-6.9119466731231,9.70747283149078));
#2420=CARTESIAN_POINT('Origin',(0.,-6.92941712651754,9.67469235709746));
#2421=CARTESIAN_POINT('',(0.,-6.59803641043664,10.2964745646148));
#2422=CARTESIAN_POINT('Origin',(0.,-6.45573405506139,10.2206340920923));
#2423=CARTESIAN_POINT('Origin',(0.,0.,0.));
#2424=CARTESIAN_POINT('',(0.,-9.61187784536214,-7.59436003135461));
#2425=CARTESIAN_POINT('Origin',(0.,-10.4200427599791,-9.53615928349596));
#2426=CARTESIAN_POINT('',(0.,-10.8811065989163,-9.95811323409313));
#2427=CARTESIAN_POINT('',(0.,-9.97810102173755,-9.97810102173755));
#2428=CARTESIAN_POINT('Origin',(0.,0.,0.));
#2429=CARTESIAN_POINT('Origin',(0.,0.,0.));
#2430=CARTESIAN_POINT('',(0.,-9.6871300314218,-9.6871300314218));
#2431=CARTESIAN_POINT('Origin',(0.,-10.0406834220151,-9.33357664082853));
#2432=CARTESIAN_POINT('',(0.,-9.54084624716877,-9.34633589792534));
#2433=CARTESIAN_POINT('Origin',(0.,-9.52281791803149,-8.64008560178318));
#2434=CARTESIAN_POINT('',(0.,-9.5043622152245,-7.91709316728222));
#2435=CARTESIAN_POINT('Origin',(0.,-10.0041993900708,-7.90433391018541));
#2436=CARTESIAN_POINT('Origin',(0.,-0.0806252715030928,11.8999997261912));
#2437=CARTESIAN_POINT('Origin',(0.,179.211308144666,3.5));
#2438=CARTESIAN_POINT('',(250.,179.211308144666,13.5));
#2439=CARTESIAN_POINT('',(250.,185.97195687028,10.8684210526316));
#2440=CARTESIAN_POINT('Origin',(250.,179.211308144666,3.5));
#2441=CARTESIAN_POINT('',(0.,185.97195687028,10.8684210526316));
#2442=CARTESIAN_POINT('',(0.,185.97195687028,10.8684210526316));
#2443=CARTESIAN_POINT('',(0.,179.211308144666,13.5));
#2444=CARTESIAN_POINT('Origin',(0.,179.211308144666,3.5));
#2445=CARTESIAN_POINT('',(0.,179.211308144666,13.5));
#2446=CARTESIAN_POINT('Origin',(0.,176.,0.));
#2447=CARTESIAN_POINT('',(0.,186.881106598916,-9.95811323409313));
#2448=CARTESIAN_POINT('Origin',(0.,176.,0.));
#2449=CARTESIAN_POINT('',(0.,185.978101021738,-9.97810102173755));
#2450=CARTESIAN_POINT('Origin',(0.,186.420042759979,-9.53615928349596));
#2451=CARTESIAN_POINT('',(0.,185.687130031422,-9.6871300314218));
#2452=CARTESIAN_POINT('',(0.,181.656854249492,-5.65685424949238));
#2453=CARTESIAN_POINT('',(0.,185.540846247169,-9.34633589792534));
#2454=CARTESIAN_POINT('Origin',(0.,186.040683422015,-9.33357664082853));
#2455=CARTESIAN_POINT('',(0.,185.504362215224,-7.91709316728222));
#2456=CARTESIAN_POINT('',(0.,185.409512140896,-4.20139147503062));
#2457=CARTESIAN_POINT('',(0.,185.611877845362,-7.59436003135461));
#2458=CARTESIAN_POINT('Origin',(0.,186.004199390071,-7.90433391018541));
#2459=CARTESIAN_POINT('',(0.,187.380136814673,-4.53376069938967));
#2460=CARTESIAN_POINT('Origin',(0.,176.,0.));
#2461=CARTESIAN_POINT('',(0.,187.390039485233,-4.45179440877939));
#2462=CARTESIAN_POINT('Origin',(0.,187.230336550119,-4.47408140350325));
#2463=CARTESIAN_POINT('',(0.,187.29779169015,-3.79077017401535));
#2464=CARTESIAN_POINT('',(0.,187.292657704434,-3.75398133829137));
#2465=CARTESIAN_POINT('',(0.,187.304136245588,-3.7186540211523));
#2466=CARTESIAN_POINT('Origin',(0.,187.457494625264,-3.76848317929148));
#2467=CARTESIAN_POINT('',(0.,187.331008321422,-3.63595027574827));
#2468=CARTESIAN_POINT('',(0.,187.342486862575,-3.60062295860921));
#2469=CARTESIAN_POINT('',(0.,187.368264279356,-3.57387784639458));
#2470=CARTESIAN_POINT('Origin',(0.,187.484366701098,-3.68577943388746));
#2471=CARTESIAN_POINT('',(0.,187.831434609874,-3.09331990028307));
#2472=CARTESIAN_POINT('',(0.,187.897655659708,-3.0246128834454));
#2473=CARTESIAN_POINT('',(0.,187.871601757907,-3.0211871344998));
#2474=CARTESIAN_POINT('Origin',(0.,187.715332188132,-2.98141831279019));
#2475=CARTESIAN_POINT('',(0.,187.871601757907,3.0211871344998));
#2476=CARTESIAN_POINT('Origin',(0.,176.,0.));
#2477=CARTESIAN_POINT('',(0.,187.831434609874,3.09331990028307));
#2478=CARTESIAN_POINT('Origin',(0.,187.715332188132,2.98141831279019));
#2479=CARTESIAN_POINT('',(0.,187.368264279356,3.57387784639459));
#2480=CARTESIAN_POINT('',(0.,187.342486862575,3.60062295860921));
#2481=CARTESIAN_POINT('',(0.,187.331008321422,3.63595027574828));
#2482=CARTESIAN_POINT('Origin',(0.,187.484366701098,3.68577943388747));
#2483=CARTESIAN_POINT('',(0.,187.304136245588,3.71865402115231));
#2484=CARTESIAN_POINT('',(0.,187.292657704434,3.75398133829137));
#2485=CARTESIAN_POINT('',(0.,187.29779169015,3.79077017401536));
#2486=CARTESIAN_POINT('Origin',(0.,187.457494625264,3.7684831792915));
#2487=CARTESIAN_POINT('',(0.,187.390039485233,4.45179440877938));
#2488=CARTESIAN_POINT('',(0.,187.403228468708,4.54630330951764));
#2489=CARTESIAN_POINT('',(0.,187.380136814673,4.53376069938966));
#2490=CARTESIAN_POINT('Origin',(0.,187.230336550119,4.47408140350324));
#2491=CARTESIAN_POINT('',(0.,183.828518330523,9.42214416938422));
#2492=CARTESIAN_POINT('Origin',(0.,176.,0.));
#2493=CARTESIAN_POINT('',(0.,183.753623849215,9.45689114551382));
#2494=CARTESIAN_POINT('Origin',(0.,183.725469119774,9.29811756827912));
#2495=CARTESIAN_POINT('',(0.,183.096446306939,9.57342600112207));
#2496=CARTESIAN_POINT('',(0.,183.059871556162,9.57991166599428));
#2497=CARTESIAN_POINT('',(0.,183.02982034528,9.60174514871757));
#2498=CARTESIAN_POINT('Origin',(0.,183.12460103638,9.73219957835676));
#2499=CARTESIAN_POINT('',(0.,182.959468337399,9.65285887437417));
#2500=CARTESIAN_POINT('',(0.,182.929417126518,9.67469235709747));
#2501=CARTESIAN_POINT('',(0.,182.911946673123,9.70747283149078));
#2502=CARTESIAN_POINT('Origin',(0.,183.054249028498,9.78331330401336));
#2503=CARTESIAN_POINT('',(0.,182.598036410437,10.2964745646149));
#2504=CARTESIAN_POINT('',(0.,182.553155584142,10.3806861614111));
#2505=CARTESIAN_POINT('',(0.,182.541846404858,10.3569660429708));
#2506=CARTESIAN_POINT('Origin',(0.,182.455734055061,10.2206340920923));
#2507=CARTESIAN_POINT('',(0.,176.795206982432,12.2241623784655));
#2508=CARTESIAN_POINT('Origin',(0.,176.,0.));
#2509=CARTESIAN_POINT('',(0.,176.714192314137,12.2082514010662));
#2510=CARTESIAN_POINT('Origin',(0.,176.7847394267,12.063251944078));
#2511=CARTESIAN_POINT('',(0.,176.11402704461,11.9162508122029));
#2512=CARTESIAN_POINT('',(0.,176.080625271503,11.8999997261912));
#2513=CARTESIAN_POINT('',(0.,176.043479932048,11.8999997261912));
#2514=CARTESIAN_POINT('Origin',(0.,176.043479932048,12.0612502691912));
#2515=CARTESIAN_POINT('',(0.,176.,11.8999997261912));
#2516=CARTESIAN_POINT('',(0.,175.919374728497,11.8999997261912));
#2517=CARTESIAN_POINT('',(0.,176.,13.5));
#2518=CARTESIAN_POINT('',(0.,176.,1.14721017912601));
#2519=CARTESIAN_POINT('',(0.,168.5,13.5));
#2520=CARTESIAN_POINT('Origin',(0.,176.,0.));
#2521=CARTESIAN_POINT('',(250.,186.881106598916,-9.95811323409313));
#2522=CARTESIAN_POINT('Origin',(250.,176.,0.));
#2523=CARTESIAN_POINT('',(0.,186.881106598916,-9.95811323409313));
#2524=CARTESIAN_POINT('Origin',(250.,161.,13.5));
#2525=CARTESIAN_POINT('',(250.,176.,13.5));
#2526=CARTESIAN_POINT('',(187.5,176.,13.5));
#2527=CARTESIAN_POINT('',(250.,168.5,13.5));
#2528=CARTESIAN_POINT('Origin',(250.,176.,0.));
#2529=CARTESIAN_POINT('',(250.,176.,11.8999997261912));
#2530=CARTESIAN_POINT('',(250.,176.,1.14721017912601));
#2531=CARTESIAN_POINT('',(250.,176.043479932048,11.8999997261912));
#2532=CARTESIAN_POINT('',(250.,175.919374728497,11.8999997261912));
#2533=CARTESIAN_POINT('',(250.,176.11402704461,11.9162508122029));
#2534=CARTESIAN_POINT('Origin',(250.,176.043479932048,12.0612502691912));
#2535=CARTESIAN_POINT('',(250.,176.714192314137,12.2082514010662));
#2536=CARTESIAN_POINT('',(250.,176.080625271503,11.8999997261912));
#2537=CARTESIAN_POINT('',(250.,176.795206982432,12.2241623784655));
#2538=CARTESIAN_POINT('Origin',(250.,176.7847394267,12.063251944078));
#2539=CARTESIAN_POINT('',(250.,182.541846404858,10.3569660429708));
#2540=CARTESIAN_POINT('Origin',(250.,176.,0.));
#2541=CARTESIAN_POINT('',(250.,182.598036410437,10.2964745646149));
#2542=CARTESIAN_POINT('Origin',(250.,182.455734055061,10.2206340920923));
#2543=CARTESIAN_POINT('',(250.,182.911946673123,9.70747283149078));
#2544=CARTESIAN_POINT('',(250.,182.553155584142,10.3806861614111));
#2545=CARTESIAN_POINT('',(250.,182.959468337399,9.65285887437417));
#2546=CARTESIAN_POINT('Origin',(250.,183.054249028498,9.78331330401336));
#2547=CARTESIAN_POINT('',(250.,183.02982034528,9.60174514871757));
#2548=CARTESIAN_POINT('',(250.,182.929417126518,9.67469235709747));
#2549=CARTESIAN_POINT('',(250.,183.096446306939,9.57342600112207));
#2550=CARTESIAN_POINT('Origin',(250.,183.12460103638,9.73219957835676));
#2551=CARTESIAN_POINT('',(250.,183.753623849215,9.45689114551382));
#2552=CARTESIAN_POINT('',(250.,183.059871556162,9.57991166599428));
#2553=CARTESIAN_POINT('',(250.,183.828518330523,9.42214416938422));
#2554=CARTESIAN_POINT('Origin',(250.,183.725469119774,9.29811756827912));
#2555=CARTESIAN_POINT('',(250.,187.380136814673,4.53376069938966));
#2556=CARTESIAN_POINT('Origin',(250.,176.,0.));
#2557=CARTESIAN_POINT('',(250.,187.390039485233,4.45179440877938));
#2558=CARTESIAN_POINT('Origin',(250.,187.230336550119,4.47408140350324));
#2559=CARTESIAN_POINT('',(250.,187.29779169015,3.79077017401536));
#2560=CARTESIAN_POINT('',(250.,187.403228468708,4.54630330951764));
#2561=CARTESIAN_POINT('',(250.,187.304136245588,3.71865402115231));
#2562=CARTESIAN_POINT('Origin',(250.,187.457494625264,3.7684831792915));
#2563=CARTESIAN_POINT('',(250.,187.331008321422,3.63595027574828));
#2564=CARTESIAN_POINT('',(250.,187.292657704434,3.75398133829137));
#2565=CARTESIAN_POINT('',(250.,187.368264279356,3.57387784639459));
#2566=CARTESIAN_POINT('Origin',(250.,187.484366701098,3.68577943388747));
#2567=CARTESIAN_POINT('',(250.,187.831434609874,3.09331990028307));
#2568=CARTESIAN_POINT('',(250.,187.342486862575,3.60062295860921));
#2569=CARTESIAN_POINT('',(250.,187.871601757907,3.0211871344998));
#2570=CARTESIAN_POINT('Origin',(250.,187.715332188132,2.98141831279019));
#2571=CARTESIAN_POINT('',(250.,187.871601757907,-3.0211871344998));
#2572=CARTESIAN_POINT('Origin',(250.,176.,0.));
#2573=CARTESIAN_POINT('',(250.,187.831434609874,-3.09331990028307));
#2574=CARTESIAN_POINT('Origin',(250.,187.715332188132,-2.98141831279019));
#2575=CARTESIAN_POINT('',(250.,187.368264279356,-3.57387784639458));
#2576=CARTESIAN_POINT('',(250.,187.897655659708,-3.0246128834454));
#2577=CARTESIAN_POINT('',(250.,187.331008321422,-3.63595027574827));
#2578=CARTESIAN_POINT('Origin',(250.,187.484366701098,-3.68577943388746));
#2579=CARTESIAN_POINT('',(250.,187.304136245588,-3.7186540211523));
#2580=CARTESIAN_POINT('',(250.,187.342486862575,-3.60062295860921));
#2581=CARTESIAN_POINT('',(250.,187.29779169015,-3.79077017401535));
#2582=CARTESIAN_POINT('Origin',(250.,187.457494625264,-3.76848317929148));
#2583=CARTESIAN_POINT('',(250.,187.390039485233,-4.45179440877939));
#2584=CARTESIAN_POINT('',(250.,187.292657704434,-3.75398133829137));
#2585=CARTESIAN_POINT('',(250.,187.380136814673,-4.53376069938967));
#2586=CARTESIAN_POINT('Origin',(250.,187.230336550119,-4.47408140350325));
#2587=CARTESIAN_POINT('',(250.,185.611877845362,-7.59436003135461));
#2588=CARTESIAN_POINT('Origin',(250.,176.,0.));
#2589=CARTESIAN_POINT('',(250.,185.504362215224,-7.91709316728222));
#2590=CARTESIAN_POINT('Origin',(250.,186.004199390071,-7.90433391018541));
#2591=CARTESIAN_POINT('',(250.,185.540846247169,-9.34633589792534));
#2592=CARTESIAN_POINT('',(250.,185.409512140896,-4.20139147503062));
#2593=CARTESIAN_POINT('',(250.,185.687130031422,-9.6871300314218));
#2594=CARTESIAN_POINT('Origin',(250.,186.040683422015,-9.33357664082853));
#2595=CARTESIAN_POINT('',(250.,185.978101021738,-9.97810102173755));
#2596=CARTESIAN_POINT('',(250.,181.656854249492,-5.65685424949238));
#2597=CARTESIAN_POINT('Origin',(250.,186.420042759979,-9.53615928349596));
#2598=CARTESIAN_POINT('Origin',(125.,176.,2.29442035825202));
#2599=CARTESIAN_POINT('',(62.5,176.,11.8999997261912));
#2600=CARTESIAN_POINT('Origin',(0.,186.004199390071,-7.90433391018541));
#2601=CARTESIAN_POINT('',(0.,185.504362215224,-7.91709316728222));
#2602=CARTESIAN_POINT('',(0.,185.611877845362,-7.59436003135461));
#2603=CARTESIAN_POINT('Origin',(0.,185.522817918032,-8.64008560178318));
#2604=CARTESIAN_POINT('',(0.,185.540846247169,-9.34633589792534));
#2605=CARTESIAN_POINT('Origin',(0.,186.040683422015,-9.33357664082853));
#2606=CARTESIAN_POINT('',(0.,185.687130031422,-9.6871300314218));
#2607=CARTESIAN_POINT('Origin',(0.,186.420042759979,-9.53615928349596));
#2608=CARTESIAN_POINT('',(0.,185.978101021738,-9.97810102173755));
#2609=CARTESIAN_POINT('Origin',(0.,176.,0.));
#2610=CARTESIAN_POINT('',(0.,187.380136814673,-4.53376069938967));
#2611=CARTESIAN_POINT('Origin',(0.,187.313708498985,-11.3137084989848));
#2612=CARTESIAN_POINT('Origin',(0.,187.230336550119,-4.47408140350325));
#2613=CARTESIAN_POINT('',(0.,187.390039485233,-4.45179440877939));
#2614=CARTESIAN_POINT('Origin',(0.,187.292657704434,-3.75398133829137));
#2615=CARTESIAN_POINT('',(0.,187.29779169015,-3.79077017401535));
#2616=CARTESIAN_POINT('Origin',(0.,187.457494625264,-3.76848317929148));
#2617=CARTESIAN_POINT('',(0.,187.304136245588,-3.7186540211523));
#2618=CARTESIAN_POINT('Origin',(0.,187.342486862575,-3.60062295860921));
#2619=CARTESIAN_POINT('',(0.,187.331008321422,-3.63595027574827));
#2620=CARTESIAN_POINT('Origin',(0.,187.484366701098,-3.68577943388746));
#2621=CARTESIAN_POINT('',(0.,187.368264279356,-3.57387784639458));
#2622=CARTESIAN_POINT('Origin',(0.,187.860964701231,-3.06268123645623));
#2623=CARTESIAN_POINT('',(0.,187.831434609874,-3.09331990028307));
#2624=CARTESIAN_POINT('Origin',(0.,187.715332188132,-2.98141831279019));
#2625=CARTESIAN_POINT('',(0.,187.871601757907,-3.0211871344998));
#2626=CARTESIAN_POINT('Origin',(0.,187.715332188132,2.98141831279019));
#2627=CARTESIAN_POINT('',(0.,187.831434609874,3.09331990028307));
#2628=CARTESIAN_POINT('',(0.,187.871601757907,3.0211871344998));
#2629=CARTESIAN_POINT('Origin',(0.,187.342486862575,3.60062295860921));
#2630=CARTESIAN_POINT('',(0.,187.368264279356,3.57387784639459));
#2631=CARTESIAN_POINT('Origin',(0.,187.484366701098,3.68577943388747));
#2632=CARTESIAN_POINT('',(0.,187.331008321422,3.63595027574828));
#2633=CARTESIAN_POINT('Origin',(0.,187.292657704434,3.75398133829137));
#2634=CARTESIAN_POINT('',(0.,187.304136245588,3.71865402115231));
#2635=CARTESIAN_POINT('Origin',(0.,187.457494625264,3.7684831792915));
#2636=CARTESIAN_POINT('',(0.,187.29779169015,3.79077017401536));
#2637=CARTESIAN_POINT('Origin',(0.,187.39592087624,4.49393896069909));
#2638=CARTESIAN_POINT('',(0.,187.390039485233,4.45179440877938));
#2639=CARTESIAN_POINT('Origin',(0.,187.230336550119,4.47408140350324));
#2640=CARTESIAN_POINT('',(0.,187.380136814673,4.53376069938966));
#2641=CARTESIAN_POINT('Origin',(0.,183.725469119774,9.29811756827912));
#2642=CARTESIAN_POINT('',(0.,183.753623849215,9.45689114551382));
#2643=CARTESIAN_POINT('',(0.,183.828518330523,9.42214416938423));
#2644=CARTESIAN_POINT('Origin',(0.,183.059871556162,9.57991166599428));
#2645=CARTESIAN_POINT('',(0.,183.096446306939,9.57342600112207));
#2646=CARTESIAN_POINT('Origin',(0.,183.12460103638,9.73219957835676));
#2647=CARTESIAN_POINT('',(0.,183.02982034528,9.60174514871757));
#2648=CARTESIAN_POINT('Origin',(0.,182.929417126518,9.67469235709747));
#2649=CARTESIAN_POINT('',(0.,182.959468337399,9.65285887437417));
#2650=CARTESIAN_POINT('Origin',(0.,183.054249028498,9.78331330401336));
#2651=CARTESIAN_POINT('',(0.,182.911946673123,9.70747283149078));
#2652=CARTESIAN_POINT('Origin',(0.,182.455734055061,10.2206340920923));
#2653=CARTESIAN_POINT('',(0.,182.598036410437,10.2964745646149));
#2654=CARTESIAN_POINT('',(0.,182.541846404858,10.3569660429708));
#2655=CARTESIAN_POINT('Origin',(0.,182.578022609629,10.3340272182347));
#2656=CARTESIAN_POINT('Origin',(0.,176.,0.));
#2657=CARTESIAN_POINT('',(0.,176.795206982432,12.2241623784655));
#2658=CARTESIAN_POINT('Origin',(0.,176.,0.));
#2659=CARTESIAN_POINT('Origin',(0.,176.,0.));
#2660=CARTESIAN_POINT('Origin',(0.,176.7847394267,12.063251944078));
#2661=CARTESIAN_POINT('',(0.,176.714192314137,12.2082514010662));
#2662=CARTESIAN_POINT('Origin',(0.,176.080625271503,11.8999997261912));
#2663=CARTESIAN_POINT('',(0.,176.11402704461,11.9162508122029));
#2664=CARTESIAN_POINT('Origin',(0.,176.043479932048,12.0612502691912));
#2665=CARTESIAN_POINT('',(0.,176.043479932048,11.8999997261912));
#2666=CARTESIAN_POINT('Origin',(0.,175.919374728497,11.8999997261912));
#2667=UNCERTAINTY_MEASURE_WITH_UNIT(LENGTH_MEASURE(0.01),#2671,
'DISTANCE_ACCURACY_VALUE',
'Maximum model space distance between geometric entities at asserted c
onnectivities');
#2668=UNCERTAINTY_MEASURE_WITH_UNIT(LENGTH_MEASURE(0.01),#2671,
'DISTANCE_ACCURACY_VALUE',
'Maximum model space distance between geometric entities at asserted c
onnectivities');
#2669=(
GEOMETRIC_REPRESENTATION_CONTEXT(3)
GLOBAL_UNCERTAINTY_ASSIGNED_CONTEXT((#2667))
GLOBAL_UNIT_ASSIGNED_CONTEXT((#2671,#2673,#2674))
REPRESENTATION_CONTEXT('','3D')
);
#2670=(
GEOMETRIC_REPRESENTATION_CONTEXT(3)
GLOBAL_UNCERTAINTY_ASSIGNED_CONTEXT((#2668))
GLOBAL_UNIT_ASSIGNED_CONTEXT((#2671,#2673,#2674))
REPRESENTATION_CONTEXT('','3D')
);
#2671=(
LENGTH_UNIT()
NAMED_UNIT(*)
SI_UNIT(.MILLI.,.METRE.)
);
#2672=(
LENGTH_UNIT()
NAMED_UNIT(*)
SI_UNIT($,.METRE.)
);
#2673=(
NAMED_UNIT(*)
PLANE_ANGLE_UNIT()
SI_UNIT($,.RADIAN.)
);
#2674=(
NAMED_UNIT(*)
SI_UNIT($,.STERADIAN.)
SOLID_ANGLE_UNIT()
);
#2675=SHAPE_DEFINITION_REPRESENTATION(#2676,#2677);
#2676=PRODUCT_DEFINITION_SHAPE('',$,#2679);
#2677=SHAPE_REPRESENTATION('',(#1551),#2669);
#2678=PRODUCT_DEFINITION_CONTEXT('part definition',#2683,'design');
#2679=PRODUCT_DEFINITION('2026-09-24-17-57-29-222','topPlate',#2680,#2678);
#2680=PRODUCT_DEFINITION_FORMATION('',$,#2685);
#2681=PRODUCT_RELATED_PRODUCT_CATEGORY('topPlate','topPlate',(#2685));
#2682=APPLICATION_PROTOCOL_DEFINITION('international standard',
'automotive_design',2009,#2683);
#2683=APPLICATION_CONTEXT(
'Core Data for Automotive Mechanical Design Process');
#2684=PRODUCT_CONTEXT('part definition',#2683,'mechanical');
#2685=PRODUCT('2026-09-24-17-57-29-222','topPlate',$,(#2684));
#2686=PRESENTATION_STYLE_ASSIGNMENT((#2687));
#2687=SURFACE_STYLE_USAGE(.BOTH.,#2688);
#2688=SURFACE_SIDE_STYLE('',(#2689));
#2689=SURFACE_STYLE_FILL_AREA(#2690);
#2690=FILL_AREA_STYLE('Steel - Satin',(#2691));
#2691=FILL_AREA_STYLE_COLOUR('Steel - Satin',#2692);
#2692=COLOUR_RGB('Steel - Satin',0.627450980392157,0.627450980392157,0.627450980392157);
ENDSEC;
END-ISO-10303-21;
