# WaveFront *.obj file (generated by Autodesk ATF)

mtllib snapFit.mtl

g Body1

v 2.000000 -0.968185 -0.750495
v 2.000000 -0.961830 -0.759967
v 2.000000 -0.956828 -0.770219
v 2.000000 -0.953273 -0.781057
v 2.000000 -0.951232 -0.792280
v 2.000000 -0.950742 -0.803676
v 0.000000 -0.950742 -0.803676
v 0.000000 -0.951232 -0.792280
v 0.000000 -0.953273 -0.781057
v 0.000000 -0.956828 -0.770219
v 0.000000 -0.961830 -0.759967
v 0.000000 -0.968185 -0.750495
v 1.777778 -0.961830 -0.759967
v 1.555556 -0.961830 -0.759967
v 1.333333 -0.961830 -0.759967
v 1.111111 -0.961830 -0.759967
v 0.888889 -0.961830 -0.759967
v 0.666667 -0.961830 -0.759967
v 0.444444 -0.961830 -0.759967
v 0.222222 -0.961830 -0.759967
v 1.777778 -0.956828 -0.770219
v 1.555556 -0.956828 -0.770219
v 1.333333 -0.956828 -0.770219
v 1.111111 -0.956828 -0.770219
v 0.888889 -0.956828 -0.770219
v 0.666667 -0.956828 -0.770219
v 0.444444 -0.956828 -0.770219
v 0.222222 -0.956828 -0.770219
v 1.777778 -0.953273 -0.781057
v 1.555556 -0.953273 -0.781057
v 1.333333 -0.953273 -0.781057
v 1.111111 -0.953273 -0.781057
v 0.888889 -0.953273 -0.781057
v 0.666667 -0.953273 -0.781057
v 0.444444 -0.953273 -0.781057
v 0.222222 -0.953273 -0.781057
v 1.777778 -0.951232 -0.792280
v 1.555556 -0.951232 -0.792280
v 1.333333 -0.951232 -0.792280
v 1.111111 -0.951232 -0.792280
v 0.888889 -0.951232 -0.792280
v 0.666667 -0.951232 -0.792280
v 0.444444 -0.951232 -0.792280
v 0.222222 -0.951232 -0.792280
v 2.000000 -0.951420 -0.830246
v 0.000000 -0.951420 -0.830246
v 2.000000 -0.993880 -0.716120
v 2.000000 -1.018355 -0.680866
v 2.000000 -1.041580 -0.644777
v 2.000000 -1.063526 -0.607895
v 2.000000 -1.084167 -0.570268
v 2.000000 -1.103478 -0.531941
v 2.000000 -1.121434 -0.492961
v 2.000000 -1.138014 -0.453376
v 2.000000 -1.138816 -0.450715
v 2.000000 -1.139149 -0.447955
v 2.000000 -1.139004 -0.445179
v 2.000000 -1.129779 -0.379077
v 2.000000 -1.129626 -0.376650
v 2.000000 -1.129839 -0.374228
v 2.000000 -1.130414 -0.371865
v 2.000000 -1.133101 -0.363595
v 2.000000 -1.134024 -0.361346
v 2.000000 -1.135276 -0.359261
v 2.000000 -1.136826 -0.357388
v 2.000000 -1.183143 -0.309332
v 2.000000 -1.184893 -0.307172
v 2.000000 -1.186245 -0.304743
v 2.000000 -1.187160 -0.302119
v 2.000000 -1.197161 -0.259674
v 2.000000 -1.205645 -0.216899
v 2.000000 -1.212601 -0.173850
v 2.000000 -1.218020 -0.130581
v 2.000000 -1.221896 -0.087146
v 2.000000 -1.224224 -0.043601
v 2.000000 -1.225000 -0.000000
v 2.000000 -1.224224 0.043601
v 2.000000 -1.221896 0.087146
v 2.000000 -1.218020 0.130581
v 2.000000 -1.212601 0.173850
v 2.000000 -1.205645 0.216899
v 2.000000 -1.197161 0.259674
v 2.000000 -1.187160 0.302119
v 2.000000 -1.186245 0.304743
v 2.000000 -1.184893 0.307172
v 2.000000 -1.183143 0.309332
v 2.000000 -1.136826 0.357388
v 2.000000 -1.135276 0.359261
v 2.000000 -1.134024 0.361346
v 2.000000 -1.133101 0.363595
v 2.000000 -1.130414 0.371865
v 2.000000 -1.129839 0.374228
v 2.000000 -1.129626 0.376650
v 2.000000 -1.129779 0.379077
v 2.000000 -1.139004 0.445179
v 2.000000 -1.139149 0.447955
v 2.000000 -1.138816 0.450715
v 2.000000 -1.138014 0.453376
v 2.000000 -1.121156 0.493593
v 2.000000 -1.102877 0.533185
v 2.000000 -1.083201 0.572101
v 2.000000 -1.062153 0.610292
v 2.000000 -1.039758 0.647710
v 2.000000 -1.016046 0.684307
v 2.000000 -0.991046 0.720037
v 2.000000 -0.964790 0.754854
v 2.000000 -0.937312 0.788715
v 2.000000 -0.908646 0.821576
v 2.000000 -0.878828 0.853397
v 2.000000 -0.847897 0.884136
v 2.000000 -0.815891 0.913754
v 2.000000 -0.782852 0.942214
v 2.000000 -0.780569 0.943800
v 2.000000 -0.778047 0.944970
v 2.000000 -0.775362 0.945689
v 2.000000 -0.709645 0.957343
v 2.000000 -0.707289 0.957946
v 2.000000 -0.705051 0.958898
v 2.000000 -0.702982 0.960175
v 2.000000 -0.695947 0.965286
v 2.000000 -0.694093 0.966859
v 2.000000 -0.692497 0.968694
v 2.000000 -0.691195 0.970747
v 2.000000 -0.659804 1.029647
v 2.000000 -0.658290 1.031979
v 2.000000 -0.656398 1.034015
v 2.000000 -0.654185 1.035697
v 2.000000 -0.616907 1.058324
v 2.000000 -0.578848 1.079611
v 2.000000 -0.540056 1.099529
v 2.000000 -0.500579 1.118055
v 2.000000 -0.460467 1.135163
v 2.000000 -0.419773 1.150833
v 2.000000 -0.378546 1.165044
v 2.000000 -0.336839 1.177779
v 2.000000 -0.294706 1.189022
v 2.000000 -0.252199 1.198758
v 2.000000 -0.209373 1.206975
v 2.000000 -0.166281 1.213662
v 2.000000 -0.122979 1.218811
v 2.000000 -0.079521 1.222416
v 2.000000 -0.076742 1.222357
v 2.000000 -0.074014 1.221821
v 2.000000 -0.071419 1.220825
v 2.000000 -0.011403 1.191625
v 2.000000 -0.009142 1.190729
v 2.000000 -0.006773 1.190183
v 2.000000 -0.004348 1.190000
v 2.000000 0.004348 1.190000
v 2.000000 0.006773 1.190183
v 2.000000 0.009142 1.190729
v 2.000000 0.011403 1.191625
v 2.000000 0.071419 1.220825
v 2.000000 0.074014 1.221821
v 2.000000 0.076742 1.222357
v 2.000000 0.079521 1.222416
v 2.000000 0.122979 1.218811
v 2.000000 0.166281 1.213662
v 2.000000 0.209373 1.206975
v 2.000000 0.252199 1.198758
v 2.000000 0.294706 1.189022
v 2.000000 0.336839 1.177779
v 2.000000 0.378546 1.165044
v 2.000000 0.419773 1.150833
v 2.000000 0.460467 1.135163
v 2.000000 0.500579 1.118055
v 2.000000 0.540056 1.099529
v 2.000000 0.578848 1.079611
v 2.000000 0.616907 1.058324
v 2.000000 0.654185 1.035697
v 2.000000 0.656398 1.034015
v 2.000000 0.658290 1.031979
v 2.000000 0.659804 1.029647
v 2.000000 0.691195 0.970747
v 2.000000 0.692497 0.968694
v 2.000000 0.694093 0.966859
v 2.000000 0.695947 0.965286
v 2.000000 0.702982 0.960175
v 2.000000 0.705051 0.958898
v 2.000000 0.707289 0.957946
v 2.000000 0.709645 0.957343
v 2.000000 0.775362 0.945689
v 2.000000 0.778047 0.944970
v 2.000000 0.780569 0.943800
v 2.000000 0.782852 0.942214
v 2.000000 0.815891 0.913754
v 2.000000 0.847897 0.884136
v 2.000000 0.878828 0.853397
v 2.000000 0.908646 0.821576
v 2.000000 0.937312 0.788715
v 2.000000 0.964790 0.754854
v 2.000000 0.991046 0.720037
v 2.000000 1.016046 0.684307
v 2.000000 1.039758 0.647710
v 2.000000 1.062153 0.610292
v 2.000000 1.083201 0.572101
v 2.000000 1.102877 0.533185
v 2.000000 1.121156 0.493593
v 2.000000 1.138014 0.453376
v 2.000000 1.138816 0.450715
v 2.000000 1.139149 0.447955
v 2.000000 1.139004 0.445179
v 2.000000 1.129779 0.379077
v 2.000000 1.129626 0.376650
v 2.000000 1.129839 0.374228
v 2.000000 1.130414 0.371865
v 2.000000 1.133101 0.363595
v 2.000000 1.134024 0.361346
v 2.000000 1.135276 0.359261
v 2.000000 1.136826 0.357388
v 2.000000 1.183143 0.309332
v 2.000000 1.184893 0.307172
v 2.000000 1.186245 0.304743
v 2.000000 1.187160 0.302119
v 2.000000 1.197161 0.259674
v 2.000000 1.205645 0.216899
v 2.000000 1.212601 0.173850
v 2.000000 1.218020 0.130581
v 2.000000 1.221896 0.087146
v 2.000000 1.224224 0.043601
v 2.000000 1.225000 -0.000000
v 2.000000 1.224224 -0.043601
v 2.000000 1.221896 -0.087146
v 2.000000 1.218020 -0.130581
v 2.000000 1.212601 -0.173850
v 2.000000 1.205645 -0.216899
v 2.000000 1.197161 -0.259674
v 2.000000 1.187160 -0.302119
v 2.000000 1.186245 -0.304743
v 2.000000 1.184893 -0.307172
v 2.000000 1.183143 -0.309332
v 2.000000 1.136826 -0.357388
v 2.000000 1.135276 -0.359261
v 2.000000 1.134024 -0.361346
v 2.000000 1.133101 -0.363595
v 2.000000 1.130414 -0.371865
v 2.000000 1.129839 -0.374228
v 2.000000 1.129626 -0.376650
v 2.000000 1.129779 -0.379077
v 2.000000 1.139004 -0.445179
v 2.000000 1.139149 -0.447955
v 2.000000 1.138816 -0.450715
v 2.000000 1.138014 -0.453376
v 2.000000 1.121434 -0.492961
v 2.000000 1.103478 -0.531941
v 2.000000 1.084167 -0.570268
v 2.000000 1.063526 -0.607895
v 2.000000 1.041580 -0.644777
v 2.000000 1.018355 -0.680866
v 2.000000 0.993880 -0.716120
v 2.000000 0.968185 -0.750495
v 2.000000 0.961830 -0.759967
v 2.000000 0.956828 -0.770219
v 2.000000 0.953273 -0.781057
v 2.000000 0.951232 -0.792280
v 2.000000 0.950742 -0.803676
v 2.000000 0.951420 -0.830246
v 2.000000 0.952388 -0.838840
v 2.000000 0.954822 -0.847139
v 2.000000 0.958649 -0.854894
v 2.000000 0.963756 -0.861874
v 2.000000 0.969989 -0.867869
v 2.000000 0.977163 -0.872700
v 2.000000 0.985061 -0.876223
v 2.000000 0.993448 -0.878333
v 2.000000 1.002074 -0.878965
v 2.000000 1.010679 -0.878102
v 2.000000 1.019007 -0.875769
v 2.000000 1.026808 -0.872035
v 2.000000 1.033849 -0.867013
v 2.000000 1.039919 -0.860853
v 2.000000 1.069026 -0.824430
v 2.000000 1.096857 -0.787023
v 2.000000 1.123380 -0.748677
v 2.000000 1.148563 -0.709439
v 2.000000 1.172376 -0.669354
v 2.000000 1.194790 -0.628471
v 2.000000 1.215780 -0.586838
v 2.000000 1.235319 -0.544506
v 2.000000 1.253385 -0.501523
v 2.000000 1.269956 -0.457943
v 2.000000 1.285012 -0.413816
v 2.000000 1.298535 -0.369196
v 2.000000 1.310510 -0.324136
v 2.000000 1.320921 -0.278688
v 2.000000 1.329757 -0.232909
v 2.000000 1.337007 -0.186851
v 2.000000 1.342661 -0.140571
v 2.000000 1.346715 -0.094123
v 2.000000 1.349162 -0.047563
v 2.000000 1.350000 -0.000946
v 2.000000 1.349227 0.045672
v 2.000000 1.346845 0.092236
v 2.000000 1.342857 0.138690
v 2.000000 1.337267 0.184978
v 2.000000 1.330082 0.231045
v 2.000000 1.321310 0.276837
v 2.000000 1.310963 0.322299
v 2.000000 1.299051 0.367376
v 2.000000 1.285591 0.412016
v 2.000000 1.270596 0.456163
v 2.000000 1.254087 0.499767
v 2.000000 1.236081 0.542774
v 2.000000 1.216601 0.585134
v 2.000000 1.195670 0.626796
v 2.000000 1.173312 0.667711
v 2.000000 1.149556 0.707829
v 2.000000 1.124428 0.747103
v 2.000000 1.097958 0.785485
v 2.000000 1.070180 0.822931
v 2.000000 1.041124 0.859395
v 2.000000 1.010827 0.894834
v 2.000000 0.979324 0.929206
v 2.000000 0.946653 0.962469
v 2.000000 0.912853 0.994585
v 2.000000 0.877964 1.025514
v 2.000000 0.842028 1.055220
v 2.000000 0.805088 1.083667
v 2.000000 0.767187 1.110822
v 2.000000 0.728371 1.136651
v 2.000000 0.688686 1.161125
v 2.000000 0.648180 1.184214
v 2.000000 0.606901 1.205890
v 2.000000 0.564898 1.226128
v 2.000000 0.522221 1.244904
v 2.000000 0.478921 1.262195
v 2.000000 0.435050 1.277980
v 2.000000 0.390659 1.292240
v 2.000000 0.345803 1.304960
v 2.000000 0.300535 1.316123
v 2.000000 0.254908 1.325716
v 2.000000 0.208977 1.333727
v 2.000000 0.162797 1.340148
v 2.000000 0.116422 1.344971
v 2.000000 0.069909 1.348189
v 2.000000 0.023312 1.349799
v 2.000000 -0.023312 1.349799
v 2.000000 -0.069909 1.348189
v 2.000000 -0.116422 1.344971
v 2.000000 -0.162797 1.340148
v 2.000000 -0.208977 1.333727
v 2.000000 -0.254908 1.325716
v 2.000000 -0.300535 1.316123
v 2.000000 -0.345803 1.304960
v 2.000000 -0.390659 1.292240
v 2.000000 -0.435050 1.277980
v 2.000000 -0.478921 1.262195
v 2.000000 -0.522221 1.244904
v 2.000000 -0.564898 1.226128
v 2.000000 -0.606901 1.205890
v 2.000000 -0.648180 1.184214
v 2.000000 -0.688686 1.161125
v 2.000000 -0.728371 1.136651
v 2.000000 -0.767187 1.110822
v 2.000000 -0.805088 1.083667
v 2.000000 -0.842028 1.055220
v 2.000000 -0.877964 1.025514
v 2.000000 -0.912853 0.994585
v 2.000000 -0.946653 0.962469
v 2.000000 -0.979324 0.929206
v 2.000000 -1.010827 0.894834
v 2.000000 -1.041124 0.859395
v 2.000000 -1.070180 0.822931
v 2.000000 -1.097958 0.785485
v 2.000000 -1.124428 0.747103
v 2.000000 -1.149556 0.707829
v 2.000000 -1.173312 0.667711
v 2.000000 -1.195670 0.626796
v 2.000000 -1.216601 0.585134
v 2.000000 -1.236081 0.542774
v 2.000000 -1.254087 0.499767
v 2.000000 -1.270596 0.456163
v 2.000000 -1.285591 0.412016
v 2.000000 -1.299051 0.367376
v 2.000000 -1.310963 0.322299
v 2.000000 -1.321310 0.276837
v 2.000000 -1.330082 0.231045
v 2.000000 -1.337267 0.184978
v 2.000000 -1.342857 0.138690
v 2.000000 -1.346845 0.092236
v 2.000000 -1.349227 0.045672
v 2.000000 -1.350000 -0.000946
v 2.000000 -1.349162 -0.047563
v 2.000000 -1.346715 -0.094123
v 2.000000 -1.342661 -0.140571
v 2.000000 -1.337007 -0.186851
v 2.000000 -1.329757 -0.232909
v 2.000000 -1.320921 -0.278688
v 2.000000 -1.310510 -0.324136
v 2.000000 -1.298535 -0.369196
v 2.000000 -1.285012 -0.413816
v 2.000000 -1.269956 -0.457943
v 2.000000 -1.253385 -0.501523
v 2.000000 -1.235319 -0.544506
v 2.000000 -1.215780 -0.586838
v 2.000000 -1.194790 -0.628471
v 2.000000 -1.172376 -0.669354
v 2.000000 -1.148563 -0.709439
v 2.000000 -1.123380 -0.748677
v 2.000000 -1.096857 -0.787023
v 2.000000 -1.069026 -0.824430
v 2.000000 -1.039919 -0.860853
v 2.000000 -1.033849 -0.867013
v 2.000000 -1.026808 -0.872035
v 2.000000 -1.019007 -0.875769
v 2.000000 -1.010679 -0.878102
v 2.000000 -1.002074 -0.878965
v 2.000000 -0.993448 -0.878333
v 2.000000 -0.985061 -0.876223
v 2.000000 -0.977163 -0.872700
v 2.000000 -0.969989 -0.867869
v 2.000000 -0.963756 -0.861874
v 2.000000 -0.958649 -0.854894
v 2.000000 -0.954822 -0.847139
v 2.000000 -0.952388 -0.838840
v 0.000000 0.968185 -0.750495
v 0.000000 0.961830 -0.759967
v 0.000000 0.956828 -0.770219
v 0.000000 0.953273 -0.781057
v 0.000000 0.951232 -0.792280
v 0.000000 0.950742 -0.803676
v 0.222222 0.961830 -0.759967
v 0.444444 0.961830 -0.759967
v 0.666667 0.961830 -0.759967
v 0.888889 0.961830 -0.759967
v 1.111111 0.961830 -0.759967
v 1.333333 0.961830 -0.759967
v 1.555556 0.961830 -0.759967
v 1.777778 0.961830 -0.759967
v 0.222222 0.956828 -0.770219
v 0.444444 0.956828 -0.770219
v 0.666667 0.956828 -0.770219
v 0.888889 0.956828 -0.770219
v 1.111111 0.956828 -0.770219
v 1.333333 0.956828 -0.770219
v 1.555556 0.956828 -0.770219
v 1.777778 0.956828 -0.770219
v 0.222222 0.953273 -0.781057
v 0.444444 0.953273 -0.781057
v 0.666667 0.953273 -0.781057
v 0.888889 0.953273 -0.781057
v 1.111111 0.953273 -0.781057
v 1.333333 0.953273 -0.781057
v 1.555556 0.953273 -0.781057
v 1.777778 0.953273 -0.781057
v 0.222222 0.951232 -0.792280
v 0.444444 0.951232 -0.792280
v 0.666667 0.951232 -0.792280
v 0.888889 0.951232 -0.792280
v 1.111111 0.951232 -0.792280
v 1.333333 0.951232 -0.792280
v 1.555556 0.951232 -0.792280
v 1.777778 0.951232 -0.792280
v 0.000000 1.138014 -0.453376
v 0.000000 1.121434 -0.492961
v 0.000000 1.103478 -0.531941
v 0.000000 1.084167 -0.570268
v 0.000000 1.063526 -0.607895
v 0.000000 1.041580 -0.644777
v 0.000000 1.018355 -0.680866
v 0.000000 0.993880 -0.716120
v 1.333333 0.993880 -0.716120
v 0.666667 0.993880 -0.716120
v 1.333333 1.018355 -0.680866
v 0.666667 1.018355 -0.680866
v 1.333333 1.041580 -0.644777
v 0.666667 1.041580 -0.644777
v 1.333333 1.063526 -0.607895
v 0.666667 1.063526 -0.607895
v 1.333333 1.084167 -0.570268
v 0.666667 1.084167 -0.570268
v 1.333333 1.103478 -0.531941
v 0.666667 1.103478 -0.531941
v 1.333333 1.121434 -0.492961
v 0.666667 1.121434 -0.492961
v 0.000000 0.951420 -0.830246
v 0.000000 0.952388 -0.838840
v 0.000000 0.954822 -0.847139
v 0.000000 0.958649 -0.854894
v 0.000000 0.963756 -0.861874
v 0.000000 0.969989 -0.867869
v 0.000000 0.977163 -0.872700
v 0.000000 0.985061 -0.876223
v 0.000000 0.993448 -0.878333
v 0.000000 1.002074 -0.878965
v 0.000000 1.010679 -0.878102
v 0.000000 1.019007 -0.875769
v 0.000000 1.026808 -0.872035
v 0.000000 1.033849 -0.867013
v 0.000000 1.039919 -0.860853
v 0.181818 0.952388 -0.838840
v 0.363636 0.952388 -0.838840
v 0.545455 0.952388 -0.838840
v 0.727273 0.952388 -0.838840
v 0.909091 0.952388 -0.838840
v 1.090909 0.952388 -0.838840
v 1.272727 0.952388 -0.838840
v 1.454545 0.952388 -0.838840
v 1.636364 0.952388 -0.838840
v 1.818182 0.952388 -0.838840
v 0.181818 0.954822 -0.847139
v 0.363636 0.954822 -0.847139
v 0.545455 0.954822 -0.847139
v 0.727273 0.954822 -0.847139
v 0.909091 0.954822 -0.847139
v 1.090909 0.954822 -0.847139
v 1.272727 0.954822 -0.847139
v 1.454545 0.954822 -0.847139
v 1.636364 0.954822 -0.847139
v 1.818182 0.954822 -0.847139
v 0.181818 0.958649 -0.854894
v 0.363636 0.958649 -0.854894
v 0.545455 0.958649 -0.854894
v 0.727273 0.958649 -0.854894
v 0.909091 0.958649 -0.854894
v 1.090909 0.958649 -0.854894
v 1.272727 0.958649 -0.854894
v 1.454545 0.958649 -0.854894
v 1.636364 0.958649 -0.854894
v 1.818182 0.958649 -0.854894
v 0.181818 0.963756 -0.861874
v 0.363636 0.963756 -0.861874
v 0.545455 0.963756 -0.861874
v 0.727273 0.963756 -0.861874
v 0.909091 0.963756 -0.861874
v 1.090909 0.963756 -0.861874
v 1.272727 0.963756 -0.861874
v 1.454545 0.963756 -0.861874
v 1.636364 0.963756 -0.861874
v 1.818182 0.963756 -0.861874
v 0.181818 0.969989 -0.867869
v 0.363636 0.969989 -0.867869
v 0.545455 0.969989 -0.867869
v 0.727273 0.969989 -0.867869
v 0.909091 0.969989 -0.867869
v 1.090909 0.969989 -0.867869
v 1.272727 0.969989 -0.867869
v 1.454545 0.969989 -0.867869
v 1.636364 0.969989 -0.867869
v 1.818182 0.969989 -0.867869
v 0.181818 0.977163 -0.872700
v 0.363636 0.977163 -0.872700
v 0.545455 0.977163 -0.872700
v 0.727273 0.977163 -0.872700
v 0.909091 0.977163 -0.872700
v 1.090909 0.977163 -0.872700
v 1.272727 0.977163 -0.872700
v 1.454545 0.977163 -0.872700
v 1.636364 0.977163 -0.872700
v 1.818182 0.977163 -0.872700
v 0.181818 0.985061 -0.876223
v 0.363636 0.985061 -0.876223
v 0.545455 0.985061 -0.876223
v 0.727273 0.985061 -0.876223
v 0.909091 0.985061 -0.876223
v 1.090909 0.985061 -0.876223
v 1.272727 0.985061 -0.876223
v 1.454545 0.985061 -0.876223
v 1.636364 0.985061 -0.876223
v 1.818182 0.985061 -0.876223
v 0.181818 0.993448 -0.878333
v 0.363636 0.993448 -0.878333
v 0.545455 0.993448 -0.878333
v 0.727273 0.993448 -0.878333
v 0.909091 0.993448 -0.878333
v 1.090909 0.993448 -0.878333
v 1.272727 0.993448 -0.878333
v 1.454545 0.993448 -0.878333
v 1.636364 0.993448 -0.878333
v 1.818182 0.993448 -0.878333
v 0.181818 1.002074 -0.878965
v 0.363636 1.002074 -0.878965
v 0.545455 1.002074 -0.878965
v 0.727273 1.002074 -0.878965
v 0.909091 1.002074 -0.878965
v 1.090909 1.002074 -0.878965
v 1.272727 1.002074 -0.878965
v 1.454545 1.002074 -0.878965
v 1.636364 1.002074 -0.878965
v 1.818182 1.002074 -0.878965
v 0.181818 1.010679 -0.878102
v 0.363636 1.010679 -0.878102
v 0.545455 1.010679 -0.878102
v 0.727273 1.010679 -0.878102
v 0.909091 1.010679 -0.878102
v 1.090909 1.010679 -0.878102
v 1.272727 1.010679 -0.878102
v 1.454545 1.010679 -0.878102
v 1.636364 1.010679 -0.878102
v 1.818182 1.010679 -0.878102
v 0.181818 1.019007 -0.875769
v 0.363636 1.019007 -0.875769
v 0.545455 1.019007 -0.875769
v 0.727273 1.019007 -0.875769
v 0.909091 1.019007 -0.875769
v 1.090909 1.019007 -0.875769
v 1.272727 1.019007 -0.875769
v 1.454545 1.019007 -0.875769
v 1.636364 1.019007 -0.875769
v 1.818182 1.019007 -0.875769
v 0.181818 1.026808 -0.872035
v 0.363636 1.026808 -0.872035
v 0.545455 1.026808 -0.872035
v 0.727273 1.026808 -0.872035
v 0.909091 1.026808 -0.872035
v 1.090909 1.026808 -0.872035
v 1.272727 1.026808 -0.872035
v 1.454545 1.026808 -0.872035
v 1.636364 1.026808 -0.872035
v 1.818182 1.026808 -0.872035
v 0.181818 1.033849 -0.867013
v 0.363636 1.033849 -0.867013
v 0.545455 1.033849 -0.867013
v 0.727273 1.033849 -0.867013
v 0.909091 1.033849 -0.867013
v 1.090909 1.033849 -0.867013
v 1.272727 1.033849 -0.867013
v 1.454545 1.033849 -0.867013
v 1.636364 1.033849 -0.867013
v 1.818182 1.033849 -0.867013
v 0.000000 1.069026 -0.824430
v 0.000000 1.096857 -0.787023
v 0.000000 1.123380 -0.748677
v 0.000000 1.148563 -0.709439
v 0.000000 1.172376 -0.669354
v 0.000000 1.194790 -0.628471
v 0.000000 1.215780 -0.586838
v 0.000000 1.235319 -0.544506
v 0.000000 1.253385 -0.501523
v 0.000000 1.269956 -0.457943
v 0.000000 1.285012 -0.413816
v 0.000000 1.298535 -0.369196
v 0.000000 1.310510 -0.324136
v 0.000000 1.320921 -0.278688
v 0.000000 1.329757 -0.232909
v 0.000000 1.337007 -0.186851
v 0.000000 1.342661 -0.140571
v 0.000000 1.346715 -0.094123
v 0.000000 1.349162 -0.047563
v 0.000000 1.350000 -0.000946
v 0.000000 1.349227 0.045672
v 0.000000 1.346845 0.092236
v 0.000000 1.342857 0.138690
v 0.000000 1.337267 0.184978
v 0.000000 1.330082 0.231045
v 0.000000 1.321310 0.276837
v 0.000000 1.310963 0.322299
v 0.000000 1.299051 0.367376
v 0.000000 1.285591 0.412016
v 0.000000 1.270596 0.456163
v 0.000000 1.254087 0.499767
v 0.000000 1.236081 0.542774
v 0.000000 1.216601 0.585134
v 0.000000 1.195670 0.626796
v 0.000000 1.173312 0.667711
v 0.000000 1.149556 0.707829
v 0.000000 1.124428 0.747103
v 0.000000 1.097958 0.785485
v 0.000000 1.070180 0.822931
v 0.000000 1.041124 0.859395
v 0.000000 1.010827 0.894834
v 0.000000 0.979324 0.929206
v 0.000000 0.946653 0.962469
v 0.000000 0.912853 0.994585
v 0.000000 0.877964 1.025514
v 0.000000 0.842028 1.055220
v 0.000000 0.805088 1.083667
v 0.000000 0.767187 1.110822
v 0.000000 0.728371 1.136651
v 0.000000 0.688686 1.161125
v 0.000000 0.648180 1.184214
v 0.000000 0.606901 1.205890
v 0.000000 0.564898 1.226128
v 0.000000 0.522221 1.244904
v 0.000000 0.478921 1.262195
v 0.000000 0.435050 1.277980
v 0.000000 0.390659 1.292240
v 0.000000 0.345803 1.304960
v 0.000000 0.300535 1.316123
v 0.000000 0.254908 1.325716
v 0.000000 0.208977 1.333727
v 0.000000 0.162797 1.340148
v 0.000000 0.116422 1.344971
v 0.000000 0.069909 1.348189
v 0.000000 0.023312 1.349799
v 0.000000 -0.023312 1.349799
v 0.000000 -0.069909 1.348189
v 0.000000 -0.116422 1.344971
v 0.000000 -0.162797 1.340148
v 0.000000 -0.208977 1.333727
v 0.000000 -0.254908 1.325716
v 0.000000 -0.300535 1.316123
v 0.000000 -0.345803 1.304960
v 0.000000 -0.390659 1.292240
v 0.000000 -0.435050 1.277980
v 0.000000 -0.478921 1.262195
v 0.000000 -0.522221 1.244904
v 0.000000 -0.564898 1.226128
v 0.000000 -0.606901 1.205890
v 0.000000 -0.648180 1.184214
v 0.000000 -0.688686 1.161125
v 0.000000 -0.728371 1.136651
v 0.000000 -0.767187 1.110822
v 0.000000 -0.805088 1.083667
v 0.000000 -0.842028 1.055220
v 0.000000 -0.877964 1.025514
v 0.000000 -0.912853 0.994585
v 0.000000 -0.946653 0.962469
v 0.000000 -0.979324 0.929206
v 0.000000 -1.010827 0.894834
v 0.000000 -1.041124 0.859395
v 0.000000 -1.070180 0.822931
v 0.000000 -1.097958 0.785485
v 0.000000 -1.124428 0.747103
v 0.000000 -1.149556 0.707829
v 0.000000 -1.173312 0.667711
v 0.000000 -1.195670 0.626796
v 0.000000 -1.216601 0.585134
v 0.000000 -1.236081 0.542774
v 0.000000 -1.254087 0.499767
v 0.000000 -1.270596 0.456163
v 0.000000 -1.285591 0.412016
v 0.000000 -1.299051 0.367376
v 0.000000 -1.310963 0.322299
v 0.000000 -1.321310 0.276837
v 0.000000 -1.330082 0.231045
v 0.000000 -1.337267 0.184978
v 0.000000 -1.342857 0.138690
v 0.000000 -1.346845 0.092236
v 0.000000 -1.349227 0.045672
v 0.000000 -1.350000 -0.000946
v 0.000000 -1.349162 -0.047563
v 0.000000 -1.346715 -0.094123
v 0.000000 -1.342661 -0.140571
v 0.000000 -1.337007 -0.186851
v 0.000000 -1.329757 -0.232909
v 0.000000 -1.320921 -0.278688
v 0.000000 -1.310510 -0.324136
v 0.000000 -1.298535 -0.369196
v 0.000000 -1.285012 -0.413816
v 0.000000 -1.269956 -0.457943
v 0.000000 -1.253385 -0.501523
v 0.000000 -1.235319 -0.544506
v 0.000000 -1.215780 -0.586838
v 0.000000 -1.194790 -0.628471
v 0.000000 -1.172376 -0.669354
v 0.000000 -1.148563 -0.709439
v 0.000000 -1.123380 -0.748677
v 0.000000 -1.096857 -0.787023
v 0.000000 -1.069026 -0.824430
v 0.000000 -1.039919 -0.860853
v 1.000000 1.069026 -0.824430
v 1.000000 1.096857 -0.787023
v 1.000000 1.123380 -0.748677
v 1.000000 1.148563 -0.709439
v 1.000000 1.172376 -0.669354
v 1.000000 1.194790 -0.628471
v 1.000000 1.215780 -0.586838
v 1.000000 1.235319 -0.544506
v 1.000000 1.253385 -0.501523
v 1.000000 1.269956 -0.457943
v 1.000000 1.285012 -0.413816
v 1.000000 1.298535 -0.369196
v 1.000000 1.310510 -0.324136
v 1.000000 1.320921 -0.278688
v 1.000000 1.329757 -0.232909
v 1.000000 1.337007 -0.186851
v 1.000000 1.342661 -0.140571
v 1.000000 1.346715 -0.094123
v 1.000000 1.349162 -0.047563
v 1.000000 1.350000 -0.000946
v 1.000000 1.349227 0.045672
v 1.000000 1.346845 0.092236
v 1.000000 1.342857 0.138690
v 1.000000 1.337267 0.184978
v 1.000000 1.330082 0.231045
v 1.000000 1.321310 0.276837
v 1.000000 1.310963 0.322299
v 1.000000 1.299051 0.367376
v 1.000000 1.285591 0.412016
v 1.000000 1.270596 0.456163
v 1.000000 1.254087 0.499767
v 1.000000 1.236081 0.542774
v 1.000000 1.216601 0.585134
v 1.000000 1.195670 0.626796
v 1.000000 1.173312 0.667711
v 1.000000 1.149556 0.707829
v 1.000000 1.124428 0.747103
v 1.000000 1.097958 0.785485
v 1.000000 1.070180 0.822931
v 1.000000 1.041124 0.859395
v 1.000000 1.010827 0.894834
v 1.000000 0.979324 0.929206
v 1.000000 0.946653 0.962469
v 1.000000 0.912853 0.994585
v 1.000000 0.877964 1.025514
v 1.000000 0.842028 1.055220
v 1.000000 0.805088 1.083667
v 1.000000 0.767187 1.110822
v 1.000000 0.728371 1.136651
v 1.000000 0.688686 1.161125
v 1.000000 0.648180 1.184214
v 1.000000 0.606901 1.205890
v 1.000000 0.564898 1.226128
v 1.000000 0.522221 1.244904
v 1.000000 0.478921 1.262195
v 1.000000 0.435050 1.277980
v 1.000000 0.390659 1.292240
v 1.000000 0.345803 1.304960
v 1.000000 0.300535 1.316123
v 1.000000 0.254908 1.325716
v 1.000000 0.208977 1.333727
v 1.000000 0.162797 1.340148
v 1.000000 0.116422 1.344971
v 1.000000 0.069909 1.348189
v 1.000000 0.023312 1.349799
v 1.000000 -0.023312 1.349799
v 1.000000 -0.069909 1.348189
v 1.000000 -0.116422 1.344971
v 1.000000 -0.162797 1.340148
v 1.000000 -0.208977 1.333727
v 1.000000 -0.254908 1.325716
v 1.000000 -0.300535 1.316123
v 1.000000 -0.345803 1.304960
v 1.000000 -0.390659 1.292240
v 1.000000 -0.435050 1.277980
v 1.000000 -0.478921 1.262195
v 1.000000 -0.522221 1.244904
v 1.000000 -0.564898 1.226128
v 1.000000 -0.606901 1.205890
v 1.000000 -0.648180 1.184214
v 1.000000 -0.688686 1.161125
v 1.000000 -0.728371 1.136651
v 1.000000 -0.767187 1.110822
v 1.000000 -0.805088 1.083667
v 1.000000 -0.842028 1.055220
v 1.000000 -0.877964 1.025514
v 1.000000 -0.912853 0.994585
v 1.000000 -0.946653 0.962469
v 1.000000 -0.979324 0.929206
v 1.000000 -1.010827 0.894834
v 1.000000 -1.041124 0.859395
v 1.000000 -1.070180 0.822931
v 1.000000 -1.097958 0.785485
v 1.000000 -1.124428 0.747103
v 1.000000 -1.149556 0.707829
v 1.000000 -1.173312 0.667711
v 1.000000 -1.195670 0.626796
v 1.000000 -1.216601 0.585134
v 1.000000 -1.236081 0.542774
v 1.000000 -1.254087 0.499767
v 1.000000 -1.270596 0.456163
v 1.000000 -1.285591 0.412016
v 1.000000 -1.299051 0.367376
v 1.000000 -1.310963 0.322299
v 1.000000 -1.321310 0.276837
v 1.000000 -1.330082 0.231045
v 1.000000 -1.337267 0.184978
v 1.000000 -1.342857 0.138690
v 1.000000 -1.346845 0.092236
v 1.000000 -1.349227 0.045672
v 1.000000 -1.350000 -0.000946
v 1.000000 -1.349162 -0.047563
v 1.000000 -1.346715 -0.094123
v 1.000000 -1.342661 -0.140571
v 1.000000 -1.337007 -0.186851
v 1.000000 -1.329757 -0.232909
v 1.000000 -1.320921 -0.278688
v 1.000000 -1.310510 -0.324136
v 1.000000 -1.298535 -0.369196
v 1.000000 -1.285012 -0.413816
v 1.000000 -1.269956 -0.457943
v 1.000000 -1.253385 -0.501523
v 1.000000 -1.235319 -0.544506
v 1.000000 -1.215780 -0.586838
v 1.000000 -1.194790 -0.628471
v 1.000000 -1.172376 -0.669354
v 1.000000 -1.148563 -0.709439
v 1.000000 -1.123380 -0.748677
v 1.000000 -1.096857 -0.787023
v 1.000000 -1.069026 -0.824430
v 0.000000 -1.033849 -0.867013
v 0.000000 -1.026808 -0.872035
v 0.000000 -1.019007 -0.875769
v 0.000000 -1.010679 -0.878102
v 0.000000 -1.002074 -0.878965
v 0.000000 -0.993448 -0.878333
v 0.000000 -0.985061 -0.876223
v 0.000000 -0.977163 -0.872700
v 0.000000 -0.969989 -0.867869
v 0.000000 -0.963756 -0.861874
v 0.000000 -0.958649 -0.854894
v 0.000000 -0.954822 -0.847139
v 0.000000 -0.952388 -0.838840
v 1.818182 -0.952388 -0.838840
v 1.636364 -0.952388 -0.838840
v 1.454545 -0.952388 -0.838840
v 1.272727 -0.952388 -0.838840
v 1.090909 -0.952388 -0.838840
v 0.909091 -0.952388 -0.838840
v 0.727273 -0.952388 -0.838840
v 0.545455 -0.952388 -0.838840
v 0.363636 -0.952388 -0.838840
v 0.181818 -0.952388 -0.838840
v 1.818182 -0.954822 -0.847139
v 1.636364 -0.954822 -0.847139
v 1.454545 -0.954822 -0.847139
v 1.272727 -0.954822 -0.847139
v 1.090909 -0.954822 -0.847139
v 0.909091 -0.954822 -0.847139
v 0.727273 -0.954822 -0.847139
v 0.545455 -0.954822 -0.847139
v 0.363636 -0.954822 -0.847139
v 0.181818 -0.954822 -0.847139
v 1.818182 -0.958649 -0.854894
v 1.636364 -0.958649 -0.854894
v 1.454545 -0.958649 -0.854894
v 1.272727 -0.958649 -0.854894
v 1.090909 -0.958649 -0.854894
v 0.909091 -0.958649 -0.854894
v 0.727273 -0.958649 -0.854894
v 0.545455 -0.958649 -0.854894
v 0.363636 -0.958649 -0.854894
v 0.181818 -0.958649 -0.854894
v 1.818182 -0.963756 -0.861874
v 1.636364 -0.963756 -0.861874
v 1.454545 -0.963756 -0.861874
v 1.272727 -0.963756 -0.861874
v 1.090909 -0.963756 -0.861874
v 0.909091 -0.963756 -0.861874
v 0.727273 -0.963756 -0.861874
v 0.545455 -0.963756 -0.861874
v 0.363636 -0.963756 -0.861874
v 0.181818 -0.963756 -0.861874
v 1.818182 -0.969989 -0.867869
v 1.636364 -0.969989 -0.867869
v 1.454545 -0.969989 -0.867869
v 1.272727 -0.969989 -0.867869
v 1.090909 -0.969989 -0.867869
v 0.909091 -0.969989 -0.867869
v 0.727273 -0.969989 -0.867869
v 0.545455 -0.969989 -0.867869
v 0.363636 -0.969989 -0.867869
v 0.181818 -0.969989 -0.867869
v 1.818182 -0.977163 -0.872700
v 1.636364 -0.977163 -0.872700
v 1.454545 -0.977163 -0.872700
v 1.272727 -0.977163 -0.872700
v 1.090909 -0.977163 -0.872700
v 0.909091 -0.977163 -0.872700
v 0.727273 -0.977163 -0.872700
v 0.545455 -0.977163 -0.872700
v 0.363636 -0.977163 -0.872700
v 0.181818 -0.977163 -0.872700
v 1.818182 -0.985061 -0.876223
v 1.636364 -0.985061 -0.876223
v 1.454545 -0.985061 -0.876223
v 1.272727 -0.985061 -0.876223
v 1.090909 -0.985061 -0.876223
v 0.909091 -0.985061 -0.876223
v 0.727273 -0.985061 -0.876223
v 0.545455 -0.985061 -0.876223
v 0.363636 -0.985061 -0.876223
v 0.181818 -0.985061 -0.876223
v 1.818182 -0.993448 -0.878333
v 1.636364 -0.993448 -0.878333
v 1.454545 -0.993448 -0.878333
v 1.272727 -0.993448 -0.878333
v 1.090909 -0.993448 -0.878333
v 0.909091 -0.993448 -0.878333
v 0.727273 -0.993448 -0.878333
v 0.545455 -0.993448 -0.878333
v 0.363636 -0.993448 -0.878333
v 0.181818 -0.993448 -0.878333
v 1.818182 -1.002074 -0.878965
v 1.636364 -1.002074 -0.878965
v 1.454545 -1.002074 -0.878965
v 1.272727 -1.002074 -0.878965
v 1.090909 -1.002074 -0.878965
v 0.909091 -1.002074 -0.878965
v 0.727273 -1.002074 -0.878965
v 0.545455 -1.002074 -0.878965
v 0.363636 -1.002074 -0.878965
v 0.181818 -1.002074 -0.878965
v 1.818182 -1.010679 -0.878102
v 1.636364 -1.010679 -0.878102
v 1.454545 -1.010679 -0.878102
v 1.272727 -1.010679 -0.878102
v 1.090909 -1.010679 -0.878102
v 0.909091 -1.010679 -0.878102
v 0.727273 -1.010679 -0.878102
v 0.545455 -1.010679 -0.878102
v 0.363636 -1.010679 -0.878102
v 0.181818 -1.010679 -0.878102
v 1.818182 -1.019007 -0.875769
v 1.636364 -1.019007 -0.875769
v 1.454545 -1.019007 -0.875769
v 1.272727 -1.019007 -0.875769
v 1.090909 -1.019007 -0.875769
v 0.909091 -1.019007 -0.875769
v 0.727273 -1.019007 -0.875769
v 0.545455 -1.019007 -0.875769
v 0.363636 -1.019007 -0.875769
v 0.181818 -1.019007 -0.875769
v 1.818182 -1.026808 -0.872035
v 1.636364 -1.026808 -0.872035
v 1.454545 -1.026808 -0.872035
v 1.272727 -1.026808 -0.872035
v 1.090909 -1.026808 -0.872035
v 0.909091 -1.026808 -0.872035
v 0.727273 -1.026808 -0.872035
v 0.545455 -1.026808 -0.872035
v 0.363636 -1.026808 -0.872035
v 0.181818 -1.026808 -0.872035
v 1.818182 -1.033849 -0.867013
v 1.636364 -1.033849 -0.867013
v 1.454545 -1.033849 -0.867013
v 1.272727 -1.033849 -0.867013
v 1.090909 -1.033849 -0.867013
v 0.909091 -1.033849 -0.867013
v 0.727273 -1.033849 -0.867013
v 0.545455 -1.033849 -0.867013
v 0.363636 -1.033849 -0.867013
v 0.181818 -1.033849 -0.867013
v 0.000000 -0.993880 -0.716120
v 0.000000 -1.018355 -0.680866
v 0.000000 -1.041580 -0.644777
v 0.000000 -1.063526 -0.607895
v 0.000000 -1.084167 -0.570268
v 0.000000 -1.103478 -0.531941
v 0.000000 -1.121434 -0.492961
v 0.000000 -1.138014 -0.453376
v 0.666667 -0.993880 -0.716120
v 1.333333 -0.993880 -0.716120
v 0.666667 -1.018355 -0.680866
v 1.333333 -1.018355 -0.680866
v 0.666667 -1.041580 -0.644777
v 1.333333 -1.041580 -0.644777
v 0.666667 -1.063526 -0.607895
v 1.333333 -1.063526 -0.607895
v 0.666667 -1.084167 -0.570268
v 1.333333 -1.084167 -0.570268
v 0.666667 -1.103478 -0.531941
v 1.333333 -1.103478 -0.531941
v 0.666667 -1.121434 -0.492961
v 1.333333 -1.121434 -0.492961
v 0.000000 1.138816 -0.450715
v 0.000000 1.139149 -0.447955
v 0.000000 1.139004 -0.445179
v 0.000000 1.129779 -0.379077
v 0.000000 1.129626 -0.376650
v 0.000000 1.129839 -0.374228
v 0.000000 1.130414 -0.371865
v 0.000000 1.133101 -0.363595
v 0.000000 1.134024 -0.361346
v 0.000000 1.135276 -0.359261
v 0.000000 1.136826 -0.357388
v 0.000000 1.183143 -0.309332
v 0.000000 1.184893 -0.307172
v 0.000000 1.186245 -0.304743
v 0.000000 1.187160 -0.302119
v 0.000000 1.197161 -0.259674
v 0.000000 1.205645 -0.216899
v 0.000000 1.212601 -0.173850
v 0.000000 1.218020 -0.130581
v 0.000000 1.221896 -0.087146
v 0.000000 1.224224 -0.043601
v 0.000000 1.225000 -0.000000
v 0.000000 1.224224 0.043601
v 0.000000 1.221896 0.087146
v 0.000000 1.218020 0.130581
v 0.000000 1.212601 0.173850
v 0.000000 1.205645 0.216899
v 0.000000 1.197161 0.259674
v 0.000000 1.187160 0.302119
v 0.000000 1.186245 0.304743
v 0.000000 1.184893 0.307172
v 0.000000 1.183143 0.309332
v 0.000000 1.136826 0.357388
v 0.000000 1.135276 0.359261
v 0.000000 1.134024 0.361346
v 0.000000 1.133101 0.363595
v 0.000000 1.130414 0.371865
v 0.000000 1.129839 0.374228
v 0.000000 1.129626 0.376650
v 0.000000 1.129779 0.379077
v 0.000000 1.139004 0.445179
v 0.000000 1.139149 0.447955
v 0.000000 1.138816 0.450715
v 0.000000 1.138014 0.453376
v 0.000000 1.121156 0.493593
v 0.000000 1.102877 0.533185
v 0.000000 1.083201 0.572101
v 0.000000 1.062153 0.610292
v 0.000000 1.039758 0.647710
v 0.000000 1.016046 0.684307
v 0.000000 0.991046 0.720037
v 0.000000 0.964790 0.754854
v 0.000000 0.937312 0.788715
v 0.000000 0.908646 0.821576
v 0.000000 0.878828 0.853397
v 0.000000 0.847897 0.884136
v 0.000000 0.815891 0.913754
v 0.000000 0.782852 0.942214
v 0.000000 0.780569 0.943800
v 0.000000 0.778047 0.944970
v 0.000000 0.775362 0.945689
v 0.000000 0.709645 0.957343
v 0.000000 0.707289 0.957946
v 0.000000 0.705051 0.958898
v 0.000000 0.702982 0.960175
v 0.000000 0.695947 0.965286
v 0.000000 0.694093 0.966859
v 0.000000 0.692497 0.968694
v 0.000000 0.691195 0.970747
v 0.000000 0.659804 1.029647
v 0.000000 0.658290 1.031979
v 0.000000 0.656398 1.034015
v 0.000000 0.654185 1.035697
v 0.000000 0.616907 1.058324
v 0.000000 0.578848 1.079611
v 0.000000 0.540056 1.099529
v 0.000000 0.500579 1.118055
v 0.000000 0.460467 1.135163
v 0.000000 0.419773 1.150833
v 0.000000 0.378546 1.165044
v 0.000000 0.336839 1.177779
v 0.000000 0.294706 1.189022
v 0.000000 0.252199 1.198758
v 0.000000 0.209373 1.206975
v 0.000000 0.166281 1.213662
v 0.000000 0.122979 1.218811
v 0.000000 0.079521 1.222416
v 0.000000 0.076742 1.222357
v 0.000000 0.074014 1.221821
v 0.000000 0.071419 1.220825
v 0.000000 0.011403 1.191625
v 0.000000 0.009142 1.190729
v 0.000000 0.006773 1.190183
v 0.000000 0.004348 1.190000
v 0.000000 -0.004348 1.190000
v 0.000000 -0.006773 1.190183
v 0.000000 -0.009142 1.190729
v 0.000000 -0.011403 1.191625
v 0.000000 -0.071419 1.220825
v 0.000000 -0.074014 1.221821
v 0.000000 -0.076742 1.222357
v 0.000000 -0.079521 1.222416
v 0.000000 -0.122979 1.218811
v 0.000000 -0.166281 1.213662
v 0.000000 -0.209373 1.206975
v 0.000000 -0.252199 1.198758
v 0.000000 -0.294706 1.189022
v 0.000000 -0.336839 1.177779
v 0.000000 -0.378546 1.165044
v 0.000000 -0.419773 1.150833
v 0.000000 -0.460467 1.135163
v 0.000000 -0.500579 1.118055
v 0.000000 -0.540056 1.099529
v 0.000000 -0.578848 1.079611
v 0.000000 -0.616907 1.058324
v 0.000000 -0.654185 1.035697
v 0.000000 -0.656398 1.034015
v 0.000000 -0.658290 1.031979
v 0.000000 -0.659804 1.029647
v 0.000000 -0.691195 0.970747
v 0.000000 -0.692497 0.968694
v 0.000000 -0.694093 0.966859
v 0.000000 -0.695947 0.965286
v 0.000000 -0.702982 0.960175
v 0.000000 -0.705051 0.958898
v 0.000000 -0.707289 0.957946
v 0.000000 -0.709645 0.957343
v 0.000000 -0.775362 0.945689
v 0.000000 -0.778047 0.944970
v 0.000000 -0.780569 0.943800
v 0.000000 -0.782852 0.942214
v 0.000000 -0.815891 0.913754
v 0.000000 -0.847897 0.884136
v 0.000000 -0.878828 0.853397
v 0.000000 -0.908646 0.821576
v 0.000000 -0.937312 0.788715
v 0.000000 -0.964790 0.754854
v 0.000000 -0.991046 0.720037
v 0.000000 -1.016046 0.684307
v 0.000000 -1.039758 0.647710
v 0.000000 -1.062153 0.610292
v 0.000000 -1.083201 0.572101
v 0.000000 -1.102877 0.533185
v 0.000000 -1.121156 0.493593
v 0.000000 -1.138014 0.453376
v 0.000000 -1.138816 0.450715
v 0.000000 -1.139149 0.447955
v 0.000000 -1.139004 0.445179
v 0.000000 -1.129779 0.379077
v 0.000000 -1.129626 0.376650
v 0.000000 -1.129839 0.374228
v 0.000000 -1.130414 0.371865
v 0.000000 -1.133101 0.363595
v 0.000000 -1.134024 0.361346
v 0.000000 -1.135276 0.359261
v 0.000000 -1.136826 0.357388
v 0.000000 -1.183143 0.309332
v 0.000000 -1.184893 0.307172
v 0.000000 -1.186245 0.304743
v 0.000000 -1.187160 0.302119
v 0.000000 -1.197161 0.259674
v 0.000000 -1.205645 0.216899
v 0.000000 -1.212601 0.173850
v 0.000000 -1.218020 0.130581
v 0.000000 -1.221896 0.087146
v 0.000000 -1.224224 0.043601
v 0.000000 -1.225000 -0.000000
v 0.000000 -1.224224 -0.043601
v 0.000000 -1.221896 -0.087146
v 0.000000 -1.218020 -0.130581
v 0.000000 -1.212601 -0.173850
v 0.000000 -1.205645 -0.216899
v 0.000000 -1.197161 -0.259674
v 0.000000 -1.187160 -0.302119
v 0.000000 -1.186245 -0.304743
v 0.000000 -1.184893 -0.307172
v 0.000000 -1.183143 -0.309332
v 0.000000 -1.136826 -0.357388
v 0.000000 -1.135276 -0.359261
v 0.000000 -1.134024 -0.361346
v 0.000000 -1.133101 -0.363595
v 0.000000 -1.130414 -0.371865
v 0.000000 -1.129839 -0.374228
v 0.000000 -1.129626 -0.376650
v 0.000000 -1.129779 -0.379077
v 0.000000 -1.139004 -0.445179
v 0.000000 -1.139149 -0.447955
v 0.000000 -1.138816 -0.450715
v 1.941176 -0.656398 1.034015
v 1.882353 -0.656398 1.034015
v 1.823529 -0.656398 1.034015
v 1.764706 -0.656398 1.034015
v 1.705882 -0.656398 1.034015
v 1.647059 -0.656398 1.034015
v 1.588235 -0.656398 1.034015
v 1.529412 -0.656398 1.034015
v 1.470588 -0.656398 1.034015
v 1.411765 -0.656398 1.034015
v 1.352941 -0.656398 1.034015
v 1.294118 -0.656398 1.034015
v 1.235294 -0.656398 1.034015
v 1.176471 -0.656398 1.034015
v 1.117647 -0.656398 1.034015
v 1.058824 -0.656398 1.034015
v 1.000000 -0.656398 1.034015
v 0.941176 -0.656398 1.034015
v 0.882353 -0.656398 1.034015
v 0.823529 -0.656398 1.034015
v 0.764706 -0.656398 1.034015
v 0.705882 -0.656398 1.034015
v 0.647059 -0.656398 1.034015
v 0.588235 -0.656398 1.034015
v 0.529412 -0.656398 1.034015
v 0.470588 -0.656398 1.034015
v 0.411765 -0.656398 1.034015
v 0.352941 -0.656398 1.034015
v 0.294118 -0.656398 1.034015
v 0.235294 -0.656398 1.034015
v 0.176471 -0.656398 1.034015
v 0.117647 -0.656398 1.034015
v 0.058824 -0.656398 1.034015
v 1.941176 -0.658290 1.031979
v 1.882353 -0.658290 1.031979
v 1.823529 -0.658290 1.031979
v 1.764706 -0.658290 1.031979
v 1.705882 -0.658290 1.031979
v 1.647059 -0.658290 1.031979
v 1.588235 -0.658290 1.031979
v 1.529412 -0.658290 1.031979
v 1.470588 -0.658290 1.031979
v 1.411765 -0.658290 1.031979
v 1.352941 -0.658290 1.031979
v 1.294118 -0.658290 1.031979
v 1.235294 -0.658290 1.031979
v 1.176471 -0.658290 1.031979
v 1.117647 -0.658290 1.031979
v 1.058824 -0.658290 1.031979
v 1.000000 -0.658290 1.031979
v 0.941176 -0.658290 1.031979
v 0.882353 -0.658290 1.031979
v 0.823529 -0.658290 1.031979
v 0.764706 -0.658290 1.031979
v 0.705882 -0.658290 1.031979
v 0.647059 -0.658290 1.031979
v 0.588235 -0.658290 1.031979
v 0.529412 -0.658290 1.031979
v 0.470588 -0.658290 1.031979
v 0.411765 -0.658290 1.031979
v 0.352941 -0.658290 1.031979
v 0.294118 -0.658290 1.031979
v 0.235294 -0.658290 1.031979
v 0.176471 -0.658290 1.031979
v 0.117647 -0.658290 1.031979
v 0.058824 -0.658290 1.031979
v 1.948718 -0.692497 0.968694
v 1.897436 -0.692497 0.968694
v 1.846154 -0.692497 0.968694
v 1.794872 -0.692497 0.968694
v 1.743590 -0.692497 0.968694
v 1.692308 -0.692497 0.968694
v 1.641026 -0.692497 0.968694
v 1.589744 -0.692497 0.968694
v 1.538462 -0.692497 0.968694
v 1.487179 -0.692497 0.968694
v 1.435897 -0.692497 0.968694
v 1.384615 -0.692497 0.968694
v 1.333333 -0.692497 0.968694
v 1.282051 -0.692497 0.968694
v 1.230769 -0.692497 0.968694
v 1.179487 -0.692497 0.968694
v 1.128205 -0.692497 0.968694
v 1.076923 -0.692497 0.968694
v 1.025641 -0.692497 0.968694
v 0.974359 -0.692497 0.968694
v 0.923077 -0.692497 0.968694
v 0.871795 -0.692497 0.968694
v 0.820513 -0.692497 0.968694
v 0.769231 -0.692497 0.968694
v 0.717949 -0.692497 0.968694
v 0.666667 -0.692497 0.968694
v 0.615385 -0.692497 0.968694
v 0.564103 -0.692497 0.968694
v 0.512821 -0.692497 0.968694
v 0.461538 -0.692497 0.968694
v 0.410256 -0.692497 0.968694
v 0.358974 -0.692497 0.968694
v 0.307692 -0.692497 0.968694
v 0.256410 -0.692497 0.968694
v 0.205128 -0.692497 0.968694
v 0.153846 -0.692497 0.968694
v 0.102564 -0.692497 0.968694
v 0.051282 -0.692497 0.968694
v 1.948718 -0.694093 0.966859
v 1.897436 -0.694093 0.966859
v 1.846154 -0.694093 0.966859
v 1.794872 -0.694093 0.966859
v 1.743590 -0.694093 0.966859
v 1.692308 -0.694093 0.966859
v 1.641026 -0.694093 0.966859
v 1.589744 -0.694093 0.966859
v 1.538462 -0.694093 0.966859
v 1.487179 -0.694093 0.966859
v 1.435897 -0.694093 0.966859
v 1.384615 -0.694093 0.966859
v 1.333333 -0.694093 0.966859
v 1.282051 -0.694093 0.966859
v 1.230769 -0.694093 0.966859
v 1.179487 -0.694093 0.966859
v 1.128205 -0.694093 0.966859
v 1.076923 -0.694093 0.966859
v 1.025641 -0.694093 0.966859
v 0.974359 -0.694093 0.966859
v 0.923077 -0.694093 0.966859
v 0.871795 -0.694093 0.966859
v 0.820513 -0.694093 0.966859
v 0.769231 -0.694093 0.966859
v 0.717949 -0.694093 0.966859
v 0.666667 -0.694093 0.966859
v 0.615385 -0.694093 0.966859
v 0.564103 -0.694093 0.966859
v 0.512821 -0.694093 0.966859
v 0.461538 -0.694093 0.966859
v 0.410256 -0.694093 0.966859
v 0.358974 -0.694093 0.966859
v 0.307692 -0.694093 0.966859
v 0.256410 -0.694093 0.966859
v 0.205128 -0.694093 0.966859
v 0.153846 -0.694093 0.966859
v 0.102564 -0.694093 0.966859
v 0.051282 -0.694093 0.966859
v 1.948718 -0.705051 0.958898
v 1.897436 -0.705051 0.958898
v 1.846154 -0.705051 0.958898
v 1.794872 -0.705051 0.958898
v 1.743590 -0.705051 0.958898
v 1.692308 -0.705051 0.958898
v 1.641026 -0.705051 0.958898
v 1.589744 -0.705051 0.958898
v 1.538462 -0.705051 0.958898
v 1.487179 -0.705051 0.958898
v 1.435897 -0.705051 0.958898
v 1.384615 -0.705051 0.958898
v 1.333333 -0.705051 0.958898
v 1.282051 -0.705051 0.958898
v 1.230769 -0.705051 0.958898
v 1.179487 -0.705051 0.958898
v 1.128205 -0.705051 0.958898
v 1.076923 -0.705051 0.958898
v 1.025641 -0.705051 0.958898
v 0.974359 -0.705051 0.958898
v 0.923077 -0.705051 0.958898
v 0.871795 -0.705051 0.958898
v 0.820513 -0.705051 0.958898
v 0.769231 -0.705051 0.958898
v 0.717949 -0.705051 0.958898
v 0.666667 -0.705051 0.958898
v 0.615385 -0.705051 0.958898
v 0.564103 -0.705051 0.958898
v 0.512821 -0.705051 0.958898
v 0.461538 -0.705051 0.958898
v 0.410256 -0.705051 0.958898
v 0.358974 -0.705051 0.958898
v 0.307692 -0.705051 0.958898
v 0.256410 -0.705051 0.958898
v 0.205128 -0.705051 0.958898
v 0.153846 -0.705051 0.958898
v 0.102564 -0.705051 0.958898
v 0.051282 -0.705051 0.958898
v 1.948718 -0.707289 0.957946
v 1.897436 -0.707289 0.957946
v 1.846154 -0.707289 0.957946
v 1.794872 -0.707289 0.957946
v 1.743590 -0.707289 0.957946
v 1.692308 -0.707289 0.957946
v 1.641026 -0.707289 0.957946
v 1.589744 -0.707289 0.957946
v 1.538462 -0.707289 0.957946
v 1.487179 -0.707289 0.957946
v 1.435897 -0.707289 0.957946
v 1.384615 -0.707289 0.957946
v 1.333333 -0.707289 0.957946
v 1.282051 -0.707289 0.957946
v 1.230769 -0.707289 0.957946
v 1.179487 -0.707289 0.957946
v 1.128205 -0.707289 0.957946
v 1.076923 -0.707289 0.957946
v 1.025641 -0.707289 0.957946
v 0.974359 -0.707289 0.957946
v 0.923077 -0.707289 0.957946
v 0.871795 -0.707289 0.957946
v 0.820513 -0.707289 0.957946
v 0.769231 -0.707289 0.957946
v 0.717949 -0.707289 0.957946
v 0.666667 -0.707289 0.957946
v 0.615385 -0.707289 0.957946
v 0.564103 -0.707289 0.957946
v 0.512821 -0.707289 0.957946
v 0.461538 -0.707289 0.957946
v 0.410256 -0.707289 0.957946
v 0.358974 -0.707289 0.957946
v 0.307692 -0.707289 0.957946
v 0.256410 -0.707289 0.957946
v 0.205128 -0.707289 0.957946
v 0.153846 -0.707289 0.957946
v 0.102564 -0.707289 0.957946
v 0.051282 -0.707289 0.957946
v 0.058824 -0.780569 0.943800
v 0.117647 -0.780569 0.943800
v 0.176471 -0.780569 0.943800
v 0.235294 -0.780569 0.943800
v 0.294118 -0.780569 0.943800
v 0.352941 -0.780569 0.943800
v 0.411765 -0.780569 0.943800
v 0.470588 -0.780569 0.943800
v 0.529412 -0.780569 0.943800
v 0.588235 -0.780569 0.943800
v 0.647059 -0.780569 0.943800
v 0.705882 -0.780569 0.943800
v 0.764706 -0.780569 0.943800
v 0.823529 -0.780569 0.943800
v 0.882353 -0.780569 0.943800
v 0.941176 -0.780569 0.943800
v 1.000000 -0.780569 0.943800
v 1.058824 -0.780569 0.943800
v 1.117647 -0.780569 0.943800
v 1.176471 -0.780569 0.943800
v 1.235294 -0.780569 0.943800
v 1.294118 -0.780569 0.943800
v 1.352941 -0.780569 0.943800
v 1.411765 -0.780569 0.943800
v 1.470588 -0.780569 0.943800
v 1.529412 -0.780569 0.943800
v 1.588235 -0.780569 0.943800
v 1.647059 -0.780569 0.943800
v 1.705882 -0.780569 0.943800
v 1.764706 -0.780569 0.943800
v 1.823529 -0.780569 0.943800
v 1.882353 -0.780569 0.943800
v 1.941176 -0.780569 0.943800
v 0.058824 -0.778047 0.944970
v 0.117647 -0.778047 0.944970
v 0.176471 -0.778047 0.944970
v 0.235294 -0.778047 0.944970
v 0.294118 -0.778047 0.944970
v 0.352941 -0.778047 0.944970
v 0.411765 -0.778047 0.944970
v 0.470588 -0.778047 0.944970
v 0.529412 -0.778047 0.944970
v 0.588235 -0.778047 0.944970
v 0.647059 -0.778047 0.944970
v 0.705882 -0.778047 0.944970
v 0.764706 -0.778047 0.944970
v 0.823529 -0.778047 0.944970
v 0.882353 -0.778047 0.944970
v 0.941176 -0.778047 0.944970
v 1.000000 -0.778047 0.944970
v 1.058824 -0.778047 0.944970
v 1.117647 -0.778047 0.944970
v 1.176471 -0.778047 0.944970
v 1.235294 -0.778047 0.944970
v 1.294118 -0.778047 0.944970
v 1.352941 -0.778047 0.944970
v 1.411765 -0.778047 0.944970
v 1.470588 -0.778047 0.944970
v 1.529412 -0.778047 0.944970
v 1.588235 -0.778047 0.944970
v 1.647059 -0.778047 0.944970
v 1.705882 -0.778047 0.944970
v 1.764706 -0.778047 0.944970
v 1.823529 -0.778047 0.944970
v 1.882353 -0.778047 0.944970
v 1.941176 -0.778047 0.944970
v 1.941176 -1.138816 0.450715
v 1.882353 -1.138816 0.450715
v 1.823529 -1.138816 0.450715
v 1.764706 -1.138816 0.450715
v 1.705882 -1.138816 0.450715
v 1.647059 -1.138816 0.450715
v 1.588235 -1.138816 0.450715
v 1.529412 -1.138816 0.450715
v 1.470588 -1.138816 0.450715
v 1.411765 -1.138816 0.450715
v 1.352941 -1.138816 0.450715
v 1.294118 -1.138816 0.450715
v 1.235294 -1.138816 0.450715
v 1.176471 -1.138816 0.450715
v 1.117647 -1.138816 0.450715
v 1.058824 -1.138816 0.450715
v 1.000000 -1.138816 0.450715
v 0.941176 -1.138816 0.450715
v 0.882353 -1.138816 0.450715
v 0.823529 -1.138816 0.450715
v 0.764706 -1.138816 0.450715
v 0.705882 -1.138816 0.450715
v 0.647059 -1.138816 0.450715
v 0.588235 -1.138816 0.450715
v 0.529412 -1.138816 0.450715
v 0.470588 -1.138816 0.450715
v 0.411765 -1.138816 0.450715
v 0.352941 -1.138816 0.450715
v 0.294118 -1.138816 0.450715
v 0.235294 -1.138816 0.450715
v 0.176471 -1.138816 0.450715
v 0.117647 -1.138816 0.450715
v 0.058824 -1.138816 0.450715
v 1.941176 -1.139149 0.447955
v 1.882353 -1.139149 0.447955
v 1.823529 -1.139149 0.447955
v 1.764706 -1.139149 0.447955
v 1.705882 -1.139149 0.447955
v 1.647059 -1.139149 0.447955
v 1.588235 -1.139149 0.447955
v 1.529412 -1.139149 0.447955
v 1.470588 -1.139149 0.447955
v 1.411765 -1.139149 0.447955
v 1.352941 -1.139149 0.447955
v 1.294118 -1.139149 0.447955
v 1.235294 -1.139149 0.447955
v 1.176471 -1.139149 0.447955
v 1.117647 -1.139149 0.447955
v 1.058824 -1.139149 0.447955
v 1.000000 -1.139149 0.447955
v 0.941176 -1.139149 0.447955
v 0.882353 -1.139149 0.447955
v 0.823529 -1.139149 0.447955
v 0.764706 -1.139149 0.447955
v 0.705882 -1.139149 0.447955
v 0.647059 -1.139149 0.447955
v 0.588235 -1.139149 0.447955
v 0.529412 -1.139149 0.447955
v 0.470588 -1.139149 0.447955
v 0.411765 -1.139149 0.447955
v 0.352941 -1.139149 0.447955
v 0.294118 -1.139149 0.447955
v 0.235294 -1.139149 0.447955
v 0.176471 -1.139149 0.447955
v 0.117647 -1.139149 0.447955
v 0.058824 -1.139149 0.447955
v 1.948718 -1.129626 0.376650
v 1.897436 -1.129626 0.376650
v 1.846154 -1.129626 0.376650
v 1.794872 -1.129626 0.376650
v 1.743590 -1.129626 0.376650
v 1.692308 -1.129626 0.376650
v 1.641026 -1.129626 0.376650
v 1.589744 -1.129626 0.376650
v 1.538462 -1.129626 0.376650
v 1.487179 -1.129626 0.376650
v 1.435897 -1.129626 0.376650
v 1.384615 -1.129626 0.376650
v 1.333333 -1.129626 0.376650
v 1.282051 -1.129626 0.376650
v 1.230769 -1.129626 0.376650
v 1.179487 -1.129626 0.376650
v 1.128205 -1.129626 0.376650
v 1.076923 -1.129626 0.376650
v 1.025641 -1.129626 0.376650
v 0.974359 -1.129626 0.376650
v 0.923077 -1.129626 0.376650
v 0.871795 -1.129626 0.376650
v 0.820513 -1.129626 0.376650
v 0.769231 -1.129626 0.376650
v 0.717949 -1.129626 0.376650
v 0.666667 -1.129626 0.376650
v 0.615385 -1.129626 0.376650
v 0.564103 -1.129626 0.376650
v 0.512821 -1.129626 0.376650
v 0.461538 -1.129626 0.376650
v 0.410256 -1.129626 0.376650
v 0.358974 -1.129626 0.376650
v 0.307692 -1.129626 0.376650
v 0.256410 -1.129626 0.376650
v 0.205128 -1.129626 0.376650
v 0.153846 -1.129626 0.376650
v 0.102564 -1.129626 0.376650
v 0.051282 -1.129626 0.376650
v 1.948718 -1.129839 0.374228
v 1.897436 -1.129839 0.374228
v 1.846154 -1.129839 0.374228
v 1.794872 -1.129839 0.374228
v 1.743590 -1.129839 0.374228
v 1.692308 -1.129839 0.374228
v 1.641026 -1.129839 0.374228
v 1.589744 -1.129839 0.374228
v 1.538462 -1.129839 0.374228
v 1.487179 -1.129839 0.374228
v 1.435897 -1.129839 0.374228
v 1.384615 -1.129839 0.374228
v 1.333333 -1.129839 0.374228
v 1.282051 -1.129839 0.374228
v 1.230769 -1.129839 0.374228
v 1.179487 -1.129839 0.374228
v 1.128205 -1.129839 0.374228
v 1.076923 -1.129839 0.374228
v 1.025641 -1.129839 0.374228
v 0.974359 -1.129839 0.374228
v 0.923077 -1.129839 0.374228
v 0.871795 -1.129839 0.374228
v 0.820513 -1.129839 0.374228
v 0.769231 -1.129839 0.374228
v 0.717949 -1.129839 0.374228
v 0.666667 -1.129839 0.374228
v 0.615385 -1.129839 0.374228
v 0.564103 -1.129839 0.374228
v 0.512821 -1.129839 0.374228
v 0.461538 -1.129839 0.374228
v 0.410256 -1.129839 0.374228
v 0.358974 -1.129839 0.374228
v 0.307692 -1.129839 0.374228
v 0.256410 -1.129839 0.374228
v 0.205128 -1.129839 0.374228
v 0.153846 -1.129839 0.374228
v 0.102564 -1.129839 0.374228
v 0.051282 -1.129839 0.374228
v 1.948718 -1.134024 0.361346
v 1.897436 -1.134024 0.361346
v 1.846154 -1.134024 0.361346
v 1.794872 -1.134024 0.361346
v 1.743590 -1.134024 0.361346
v 1.692308 -1.134024 0.361346
v 1.641026 -1.134024 0.361346
v 1.589744 -1.134024 0.361346
v 1.538462 -1.134024 0.361346
v 1.487179 -1.134024 0.361346
v 1.435897 -1.134024 0.361346
v 1.384615 -1.134024 0.361346
v 1.333333 -1.134024 0.361346
v 1.282051 -1.134024 0.361346
v 1.230769 -1.134024 0.361346
v 1.179487 -1.134024 0.361346
v 1.128205 -1.134024 0.361346
v 1.076923 -1.134024 0.361346
v 1.025641 -1.134024 0.361346
v 0.974359 -1.134024 0.361346
v 0.923077 -1.134024 0.361346
v 0.871795 -1.134024 0.361346
v 0.820513 -1.134024 0.361346
v 0.769231 -1.134024 0.361346
v 0.717949 -1.134024 0.361346
v 0.666667 -1.134024 0.361346
v 0.615385 -1.134024 0.361346
v 0.564103 -1.134024 0.361346
v 0.512821 -1.134024 0.361346
v 0.461538 -1.134024 0.361346
v 0.410256 -1.134024 0.361346
v 0.358974 -1.134024 0.361346
v 0.307692 -1.134024 0.361346
v 0.256410 -1.134024 0.361346
v 0.205128 -1.134024 0.361346
v 0.153846 -1.134024 0.361346
v 0.102564 -1.134024 0.361346
v 0.051282 -1.134024 0.361346
v 1.948718 -1.135276 0.359261
v 1.897436 -1.135276 0.359261
v 1.846154 -1.135276 0.359261
v 1.794872 -1.135276 0.359261
v 1.743590 -1.135276 0.359261
v 1.692308 -1.135276 0.359261
v 1.641026 -1.135276 0.359261
v 1.589744 -1.135276 0.359261
v 1.538462 -1.135276 0.359261
v 1.487179 -1.135276 0.359261
v 1.435897 -1.135276 0.359261
v 1.384615 -1.135276 0.359261
v 1.333333 -1.135276 0.359261
v 1.282051 -1.135276 0.359261
v 1.230769 -1.135276 0.359261
v 1.179487 -1.135276 0.359261
v 1.128205 -1.135276 0.359261
v 1.076923 -1.135276 0.359261
v 1.025641 -1.135276 0.359261
v 0.974359 -1.135276 0.359261
v 0.923077 -1.135276 0.359261
v 0.871795 -1.135276 0.359261
v 0.820513 -1.135276 0.359261
v 0.769231 -1.135276 0.359261
v 0.717949 -1.135276 0.359261
v 0.666667 -1.135276 0.359261
v 0.615385 -1.135276 0.359261
v 0.564103 -1.135276 0.359261
v 0.512821 -1.135276 0.359261
v 0.461538 -1.135276 0.359261
v 0.410256 -1.135276 0.359261
v 0.358974 -1.135276 0.359261
v 0.307692 -1.135276 0.359261
v 0.256410 -1.135276 0.359261
v 0.205128 -1.135276 0.359261
v 0.153846 -1.135276 0.359261
v 0.102564 -1.135276 0.359261
v 0.051282 -1.135276 0.359261
v 0.058824 -1.186245 0.304743
v 0.117647 -1.186245 0.304743
v 0.176471 -1.186245 0.304743
v 0.235294 -1.186245 0.304743
v 0.294118 -1.186245 0.304743
v 0.352941 -1.186245 0.304743
v 0.411765 -1.186245 0.304743
v 0.470588 -1.186245 0.304743
v 0.529412 -1.186245 0.304743
v 0.588235 -1.186245 0.304743
v 0.647059 -1.186245 0.304743
v 0.705882 -1.186245 0.304743
v 0.764706 -1.186245 0.304743
v 0.823529 -1.186245 0.304743
v 0.882353 -1.186245 0.304743
v 0.941176 -1.186245 0.304743
v 1.000000 -1.186245 0.304743
v 1.058824 -1.186245 0.304743
v 1.117647 -1.186245 0.304743
v 1.176471 -1.186245 0.304743
v 1.235294 -1.186245 0.304743
v 1.294118 -1.186245 0.304743
v 1.352941 -1.186245 0.304743
v 1.411765 -1.186245 0.304743
v 1.470588 -1.186245 0.304743
v 1.529412 -1.186245 0.304743
v 1.588235 -1.186245 0.304743
v 1.647059 -1.186245 0.304743
v 1.705882 -1.186245 0.304743
v 1.764706 -1.186245 0.304743
v 1.823529 -1.186245 0.304743
v 1.882353 -1.186245 0.304743
v 1.941176 -1.186245 0.304743
v 0.058824 -1.184893 0.307172
v 0.117647 -1.184893 0.307172
v 0.176471 -1.184893 0.307172
v 0.235294 -1.184893 0.307172
v 0.294118 -1.184893 0.307172
v 0.352941 -1.184893 0.307172
v 0.411765 -1.184893 0.307172
v 0.470588 -1.184893 0.307172
v 0.529412 -1.184893 0.307172
v 0.588235 -1.184893 0.307172
v 0.647059 -1.184893 0.307172
v 0.705882 -1.184893 0.307172
v 0.764706 -1.184893 0.307172
v 0.823529 -1.184893 0.307172
v 0.882353 -1.184893 0.307172
v 0.941176 -1.184893 0.307172
v 1.000000 -1.184893 0.307172
v 1.058824 -1.184893 0.307172
v 1.117647 -1.184893 0.307172
v 1.176471 -1.184893 0.307172
v 1.235294 -1.184893 0.307172
v 1.294118 -1.184893 0.307172
v 1.352941 -1.184893 0.307172
v 1.411765 -1.184893 0.307172
v 1.470588 -1.184893 0.307172
v 1.529412 -1.184893 0.307172
v 1.588235 -1.184893 0.307172
v 1.647059 -1.184893 0.307172
v 1.705882 -1.184893 0.307172
v 1.764706 -1.184893 0.307172
v 1.823529 -1.184893 0.307172
v 1.882353 -1.184893 0.307172
v 1.941176 -1.184893 0.307172
v 1.941176 -1.186245 -0.304743
v 1.882353 -1.186245 -0.304743
v 1.823529 -1.186245 -0.304743
v 1.764706 -1.186245 -0.304743
v 1.705882 -1.186245 -0.304743
v 1.647059 -1.186245 -0.304743
v 1.588235 -1.186245 -0.304743
v 1.529412 -1.186245 -0.304743
v 1.470588 -1.186245 -0.304743
v 1.411765 -1.186245 -0.304743
v 1.352941 -1.186245 -0.304743
v 1.294118 -1.186245 -0.304743
v 1.235294 -1.186245 -0.304743
v 1.176471 -1.186245 -0.304743
v 1.117647 -1.186245 -0.304743
v 1.058824 -1.186245 -0.304743
v 1.000000 -1.186245 -0.304743
v 0.941176 -1.186245 -0.304743
v 0.882353 -1.186245 -0.304743
v 0.823529 -1.186245 -0.304743
v 0.764706 -1.186245 -0.304743
v 0.705882 -1.186245 -0.304743
v 0.647059 -1.186245 -0.304743
v 0.588235 -1.186245 -0.304743
v 0.529412 -1.186245 -0.304743
v 0.470588 -1.186245 -0.304743
v 0.411765 -1.186245 -0.304743
v 0.352941 -1.186245 -0.304743
v 0.294118 -1.186245 -0.304743
v 0.235294 -1.186245 -0.304743
v 0.176471 -1.186245 -0.304743
v 0.117647 -1.186245 -0.304743
v 0.058824 -1.186245 -0.304743
v 1.941176 -1.184893 -0.307172
v 1.882353 -1.184893 -0.307172
v 1.823529 -1.184893 -0.307172
v 1.764706 -1.184893 -0.307172
v 1.705882 -1.184893 -0.307172
v 1.647059 -1.184893 -0.307172
v 1.588235 -1.184893 -0.307172
v 1.529412 -1.184893 -0.307172
v 1.470588 -1.184893 -0.307172
v 1.411765 -1.184893 -0.307172
v 1.352941 -1.184893 -0.307172
v 1.294118 -1.184893 -0.307172
v 1.235294 -1.184893 -0.307172
v 1.176471 -1.184893 -0.307172
v 1.117647 -1.184893 -0.307172
v 1.058824 -1.184893 -0.307172
v 1.000000 -1.184893 -0.307172
v 0.941176 -1.184893 -0.307172
v 0.882353 -1.184893 -0.307172
v 0.823529 -1.184893 -0.307172
v 0.764706 -1.184893 -0.307172
v 0.705882 -1.184893 -0.307172
v 0.647059 -1.184893 -0.307172
v 0.588235 -1.184893 -0.307172
v 0.529412 -1.184893 -0.307172
v 0.470588 -1.184893 -0.307172
v 0.411765 -1.184893 -0.307172
v 0.352941 -1.184893 -0.307172
v 0.294118 -1.184893 -0.307172
v 0.235294 -1.184893 -0.307172
v 0.176471 -1.184893 -0.307172
v 0.117647 -1.184893 -0.307172
v 0.058824 -1.184893 -0.307172
v 1.948718 -1.135276 -0.359261
v 1.897436 -1.135276 -0.359261
v 1.846154 -1.135276 -0.359261
v 1.794872 -1.135276 -0.359261
v 1.743590 -1.135276 -0.359261
v 1.692308 -1.135276 -0.359261
v 1.641026 -1.135276 -0.359261
v 1.589744 -1.135276 -0.359261
v 1.538462 -1.135276 -0.359261
v 1.487179 -1.135276 -0.359261
v 1.435897 -1.135276 -0.359261
v 1.384615 -1.135276 -0.359261
v 1.333333 -1.135276 -0.359261
v 1.282051 -1.135276 -0.359261
v 1.230769 -1.135276 -0.359261
v 1.179487 -1.135276 -0.359261
v 1.128205 -1.135276 -0.359261
v 1.076923 -1.135276 -0.359261
v 1.025641 -1.135276 -0.359261
v 0.974359 -1.135276 -0.359261
v 0.923077 -1.135276 -0.359261
v 0.871795 -1.135276 -0.359261
v 0.820513 -1.135276 -0.359261
v 0.769231 -1.135276 -0.359261
v 0.717949 -1.135276 -0.359261
v 0.666667 -1.135276 -0.359261
v 0.615385 -1.135276 -0.359261
v 0.564103 -1.135276 -0.359261
v 0.512821 -1.135276 -0.359261
v 0.461538 -1.135276 -0.359261
v 0.410256 -1.135276 -0.359261
v 0.358974 -1.135276 -0.359261
v 0.307692 -1.135276 -0.359261
v 0.256410 -1.135276 -0.359261
v 0.205128 -1.135276 -0.359261
v 0.153846 -1.135276 -0.359261
v 0.102564 -1.135276 -0.359261
v 0.051282 -1.135276 -0.359261
v 1.948718 -1.134024 -0.361346
v 1.897436 -1.134024 -0.361346
v 1.846154 -1.134024 -0.361346
v 1.794872 -1.134024 -0.361346
v 1.743590 -1.134024 -0.361346
v 1.692308 -1.134024 -0.361346
v 1.641026 -1.134024 -0.361346
v 1.589744 -1.134024 -0.361346
v 1.538462 -1.134024 -0.361346
v 1.487179 -1.134024 -0.361346
v 1.435897 -1.134024 -0.361346
v 1.384615 -1.134024 -0.361346
v 1.333333 -1.134024 -0.361346
v 1.282051 -1.134024 -0.361346
v 1.230769 -1.134024 -0.361346
v 1.179487 -1.134024 -0.361346
v 1.128205 -1.134024 -0.361346
v 1.076923 -1.134024 -0.361346
v 1.025641 -1.134024 -0.361346
v 0.974359 -1.134024 -0.361346
v 0.923077 -1.134024 -0.361346
v 0.871795 -1.134024 -0.361346
v 0.820513 -1.134024 -0.361346
v 0.769231 -1.134024 -0.361346
v 0.717949 -1.134024 -0.361346
v 0.666667 -1.134024 -0.361346
v 0.615385 -1.134024 -0.361346
v 0.564103 -1.134024 -0.361346
v 0.512821 -1.134024 -0.361346
v 0.461538 -1.134024 -0.361346
v 0.410256 -1.134024 -0.361346
v 0.358974 -1.134024 -0.361346
v 0.307692 -1.134024 -0.361346
v 0.256410 -1.134024 -0.361346
v 0.205128 -1.134024 -0.361346
v 0.153846 -1.134024 -0.361346
v 0.102564 -1.134024 -0.361346
v 0.051282 -1.134024 -0.361346
v 1.948718 -1.129839 -0.374228
v 1.897436 -1.129839 -0.374228
v 1.846154 -1.129839 -0.374228
v 1.794872 -1.129839 -0.374228
v 1.743590 -1.129839 -0.374228
v 1.692308 -1.129839 -0.374228
v 1.641026 -1.129839 -0.374228
v 1.589744 -1.129839 -0.374228
v 1.538462 -1.129839 -0.374228
v 1.487179 -1.129839 -0.374228
v 1.435897 -1.129839 -0.374228
v 1.384615 -1.129839 -0.374228
v 1.333333 -1.129839 -0.374228
v 1.282051 -1.129839 -0.374228
v 1.230769 -1.129839 -0.374228
v 1.179487 -1.129839 -0.374228
v 1.128205 -1.129839 -0.374228
v 1.076923 -1.129839 -0.374228
v 1.025641 -1.129839 -0.374228
v 0.974359 -1.129839 -0.374228
v 0.923077 -1.129839 -0.374228
v 0.871795 -1.129839 -0.374228
v 0.820513 -1.129839 -0.374228
v 0.769231 -1.129839 -0.374228
v 0.717949 -1.129839 -0.374228
v 0.666667 -1.129839 -0.374228
v 0.615385 -1.129839 -0.374228
v 0.564103 -1.129839 -0.374228
v 0.512821 -1.129839 -0.374228
v 0.461538 -1.129839 -0.374228
v 0.410256 -1.129839 -0.374228
v 0.358974 -1.129839 -0.374228
v 0.307692 -1.129839 -0.374228
v 0.256410 -1.129839 -0.374228
v 0.205128 -1.129839 -0.374228
v 0.153846 -1.129839 -0.374228
v 0.102564 -1.129839 -0.374228
v 0.051282 -1.129839 -0.374228
v 1.948718 -1.129626 -0.376650
v 1.897436 -1.129626 -0.376650
v 1.846154 -1.129626 -0.376650
v 1.794872 -1.129626 -0.376650
v 1.743590 -1.129626 -0.376650
v 1.692308 -1.129626 -0.376650
v 1.641026 -1.129626 -0.376650
v 1.589744 -1.129626 -0.376650
v 1.538462 -1.129626 -0.376650
v 1.487179 -1.129626 -0.376650
v 1.435897 -1.129626 -0.376650
v 1.384615 -1.129626 -0.376650
v 1.333333 -1.129626 -0.376650
v 1.282051 -1.129626 -0.376650
v 1.230769 -1.129626 -0.376650
v 1.179487 -1.129626 -0.376650
v 1.128205 -1.129626 -0.376650
v 1.076923 -1.129626 -0.376650
v 1.025641 -1.129626 -0.376650
v 0.974359 -1.129626 -0.376650
v 0.923077 -1.129626 -0.376650
v 0.871795 -1.129626 -0.376650
v 0.820513 -1.129626 -0.376650
v 0.769231 -1.129626 -0.376650
v 0.717949 -1.129626 -0.376650
v 0.666667 -1.129626 -0.376650
v 0.615385 -1.129626 -0.376650
v 0.564103 -1.129626 -0.376650
v 0.512821 -1.129626 -0.376650
v 0.461538 -1.129626 -0.376650
v 0.410256 -1.129626 -0.376650
v 0.358974 -1.129626 -0.376650
v 0.307692 -1.129626 -0.376650
v 0.256410 -1.129626 -0.376650
v 0.205128 -1.129626 -0.376650
v 0.153846 -1.129626 -0.376650
v 0.102564 -1.129626 -0.376650
v 0.051282 -1.129626 -0.376650
v 0.058824 -1.138816 -0.450715
v 0.117647 -1.138816 -0.450715
v 0.176471 -1.138816 -0.450715
v 0.235294 -1.138816 -0.450715
v 0.294118 -1.138816 -0.450715
v 0.352941 -1.138816 -0.450715
v 0.411765 -1.138816 -0.450715
v 0.470588 -1.138816 -0.450715
v 0.529412 -1.138816 -0.450715
v 0.588235 -1.138816 -0.450715
v 0.647059 -1.138816 -0.450715
v 0.705882 -1.138816 -0.450715
v 0.764706 -1.138816 -0.450715
v 0.823529 -1.138816 -0.450715
v 0.882353 -1.138816 -0.450715
v 0.941176 -1.138816 -0.450715
v 1.000000 -1.138816 -0.450715
v 1.058824 -1.138816 -0.450715
v 1.117647 -1.138816 -0.450715
v 1.176471 -1.138816 -0.450715
v 1.235294 -1.138816 -0.450715
v 1.294118 -1.138816 -0.450715
v 1.352941 -1.138816 -0.450715
v 1.411765 -1.138816 -0.450715
v 1.470588 -1.138816 -0.450715
v 1.529412 -1.138816 -0.450715
v 1.588235 -1.138816 -0.450715
v 1.647059 -1.138816 -0.450715
v 1.705882 -1.138816 -0.450715
v 1.764706 -1.138816 -0.450715
v 1.823529 -1.138816 -0.450715
v 1.882353 -1.138816 -0.450715
v 1.941176 -1.138816 -0.450715
v 0.058824 -1.139149 -0.447955
v 0.117647 -1.139149 -0.447955
v 0.176471 -1.139149 -0.447955
v 0.235294 -1.139149 -0.447955
v 0.294118 -1.139149 -0.447955
v 0.352941 -1.139149 -0.447955
v 0.411765 -1.139149 -0.447955
v 0.470588 -1.139149 -0.447955
v 0.529412 -1.139149 -0.447955
v 0.588235 -1.139149 -0.447955
v 0.647059 -1.139149 -0.447955
v 0.705882 -1.139149 -0.447955
v 0.764706 -1.139149 -0.447955
v 0.823529 -1.139149 -0.447955
v 0.882353 -1.139149 -0.447955
v 0.941176 -1.139149 -0.447955
v 1.000000 -1.139149 -0.447955
v 1.058824 -1.139149 -0.447955
v 1.117647 -1.139149 -0.447955
v 1.176471 -1.139149 -0.447955
v 1.235294 -1.139149 -0.447955
v 1.294118 -1.139149 -0.447955
v 1.352941 -1.139149 -0.447955
v 1.411765 -1.139149 -0.447955
v 1.470588 -1.139149 -0.447955
v 1.529412 -1.139149 -0.447955
v 1.588235 -1.139149 -0.447955
v 1.647059 -1.139149 -0.447955
v 1.705882 -1.139149 -0.447955
v 1.764706 -1.139149 -0.447955
v 1.823529 -1.139149 -0.447955
v 1.882353 -1.139149 -0.447955
v 1.941176 -1.139149 -0.447955
v 1.941176 1.138816 -0.450715
v 1.882353 1.138816 -0.450715
v 1.823529 1.138816 -0.450715
v 1.764706 1.138816 -0.450715
v 1.705882 1.138816 -0.450715
v 1.647059 1.138816 -0.450715
v 1.588235 1.138816 -0.450715
v 1.529412 1.138816 -0.450715
v 1.470588 1.138816 -0.450715
v 1.411765 1.138816 -0.450715
v 1.352941 1.138816 -0.450715
v 1.294118 1.138816 -0.450715
v 1.235294 1.138816 -0.450715
v 1.176471 1.138816 -0.450715
v 1.117647 1.138816 -0.450715
v 1.058824 1.138816 -0.450715
v 1.000000 1.138816 -0.450715
v 0.941176 1.138816 -0.450715
v 0.882353 1.138816 -0.450715
v 0.823529 1.138816 -0.450715
v 0.764706 1.138816 -0.450715
v 0.705882 1.138816 -0.450715
v 0.647059 1.138816 -0.450715
v 0.588235 1.138816 -0.450715
v 0.529412 1.138816 -0.450715
v 0.470588 1.138816 -0.450715
v 0.411765 1.138816 -0.450715
v 0.352941 1.138816 -0.450715
v 0.294118 1.138816 -0.450715
v 0.235294 1.138816 -0.450715
v 0.176471 1.138816 -0.450715
v 0.117647 1.138816 -0.450715
v 0.058824 1.138816 -0.450715
v 1.941176 1.139149 -0.447955
v 1.882353 1.139149 -0.447955
v 1.823529 1.139149 -0.447955
v 1.764706 1.139149 -0.447955
v 1.705882 1.139149 -0.447955
v 1.647059 1.139149 -0.447955
v 1.588235 1.139149 -0.447955
v 1.529412 1.139149 -0.447955
v 1.470588 1.139149 -0.447955
v 1.411765 1.139149 -0.447955
v 1.352941 1.139149 -0.447955
v 1.294118 1.139149 -0.447955
v 1.235294 1.139149 -0.447955
v 1.176471 1.139149 -0.447955
v 1.117647 1.139149 -0.447955
v 1.058824 1.139149 -0.447955
v 1.000000 1.139149 -0.447955
v 0.941176 1.139149 -0.447955
v 0.882353 1.139149 -0.447955
v 0.823529 1.139149 -0.447955
v 0.764706 1.139149 -0.447955
v 0.705882 1.139149 -0.447955
v 0.647059 1.139149 -0.447955
v 0.588235 1.139149 -0.447955
v 0.529412 1.139149 -0.447955
v 0.470588 1.139149 -0.447955
v 0.411765 1.139149 -0.447955
v 0.352941 1.139149 -0.447955
v 0.294118 1.139149 -0.447955
v 0.235294 1.139149 -0.447955
v 0.176471 1.139149 -0.447955
v 0.117647 1.139149 -0.447955
v 0.058824 1.139149 -0.447955
v 1.948718 1.129626 -0.376650
v 1.897436 1.129626 -0.376650
v 1.846154 1.129626 -0.376650
v 1.794872 1.129626 -0.376650
v 1.743590 1.129626 -0.376650
v 1.692308 1.129626 -0.376650
v 1.641026 1.129626 -0.376650
v 1.589744 1.129626 -0.376650
v 1.538462 1.129626 -0.376650
v 1.487179 1.129626 -0.376650
v 1.435897 1.129626 -0.376650
v 1.384615 1.129626 -0.376650
v 1.333333 1.129626 -0.376650
v 1.282051 1.129626 -0.376650
v 1.230769 1.129626 -0.376650
v 1.179487 1.129626 -0.376650
v 1.128205 1.129626 -0.376650
v 1.076923 1.129626 -0.376650
v 1.025641 1.129626 -0.376650
v 0.974359 1.129626 -0.376650
v 0.923077 1.129626 -0.376650
v 0.871795 1.129626 -0.376650
v 0.820513 1.129626 -0.376650
v 0.769231 1.129626 -0.376650
v 0.717949 1.129626 -0.376650
v 0.666667 1.129626 -0.376650
v 0.615385 1.129626 -0.376650
v 0.564103 1.129626 -0.376650
v 0.512821 1.129626 -0.376650
v 0.461538 1.129626 -0.376650
v 0.410256 1.129626 -0.376650
v 0.358974 1.129626 -0.376650
v 0.307692 1.129626 -0.376650
v 0.256410 1.129626 -0.376650
v 0.205128 1.129626 -0.376650
v 0.153846 1.129626 -0.376650
v 0.102564 1.129626 -0.376650
v 0.051282 1.129626 -0.376650
v 1.948718 1.129839 -0.374228
v 1.897436 1.129839 -0.374228
v 1.846154 1.129839 -0.374228
v 1.794872 1.129839 -0.374228
v 1.743590 1.129839 -0.374228
v 1.692308 1.129839 -0.374228
v 1.641026 1.129839 -0.374228
v 1.589744 1.129839 -0.374228
v 1.538462 1.129839 -0.374228
v 1.487179 1.129839 -0.374228
v 1.435897 1.129839 -0.374228
v 1.384615 1.129839 -0.374228
v 1.333333 1.129839 -0.374228
v 1.282051 1.129839 -0.374228
v 1.230769 1.129839 -0.374228
v 1.179487 1.129839 -0.374228
v 1.128205 1.129839 -0.374228
v 1.076923 1.129839 -0.374228
v 1.025641 1.129839 -0.374228
v 0.974359 1.129839 -0.374228
v 0.923077 1.129839 -0.374228
v 0.871795 1.129839 -0.374228
v 0.820513 1.129839 -0.374228
v 0.769231 1.129839 -0.374228
v 0.717949 1.129839 -0.374228
v 0.666667 1.129839 -0.374228
v 0.615385 1.129839 -0.374228
v 0.564103 1.129839 -0.374228
v 0.512821 1.129839 -0.374228
v 0.461538 1.129839 -0.374228
v 0.410256 1.129839 -0.374228
v 0.358974 1.129839 -0.374228
v 0.307692 1.129839 -0.374228
v 0.256410 1.129839 -0.374228
v 0.205128 1.129839 -0.374228
v 0.153846 1.129839 -0.374228
v 0.102564 1.129839 -0.374228
v 0.051282 1.129839 -0.374228
v 1.948718 1.134024 -0.361346
v 1.897436 1.134024 -0.361346
v 1.846154 1.134024 -0.361346
v 1.794872 1.134024 -0.361346
v 1.743590 1.134024 -0.361346
v 1.692308 1.134024 -0.361346
v 1.641026 1.134024 -0.361346
v 1.589744 1.134024 -0.361346
v 1.538462 1.134024 -0.361346
v 1.487179 1.134024 -0.361346
v 1.435897 1.134024 -0.361346
v 1.384615 1.134024 -0.361346
v 1.333333 1.134024 -0.361346
v 1.282051 1.134024 -0.361346
v 1.230769 1.134024 -0.361346
v 1.179487 1.134024 -0.361346
v 1.128205 1.134024 -0.361346
v 1.076923 1.134024 -0.361346
v 1.025641 1.134024 -0.361346
v 0.974359 1.134024 -0.361346
v 0.923077 1.134024 -0.361346
v 0.871795 1.134024 -0.361346
v 0.820513 1.134024 -0.361346
v 0.769231 1.134024 -0.361346
v 0.717949 1.134024 -0.361346
v 0.666667 1.134024 -0.361346
v 0.615385 1.134024 -0.361346
v 0.564103 1.134024 -0.361346
v 0.512821 1.134024 -0.361346
v 0.461538 1.134024 -0.361346
v 0.410256 1.134024 -0.361346
v 0.358974 1.134024 -0.361346
v 0.307692 1.134024 -0.361346
v 0.256410 1.134024 -0.361346
v 0.205128 1.134024 -0.361346
v 0.153846 1.134024 -0.361346
v 0.102564 1.134024 -0.361346
v 0.051282 1.134024 -0.361346
v 1.948718 1.135276 -0.359261
v 1.897436 1.135276 -0.359261
v 1.846154 1.135276 -0.359261
v 1.794872 1.135276 -0.359261
v 1.743590 1.135276 -0.359261
v 1.692308 1.135276 -0.359261
v 1.641026 1.135276 -0.359261
v 1.589744 1.135276 -0.359261
v 1.538462 1.135276 -0.359261
v 1.487179 1.135276 -0.359261
v 1.435897 1.135276 -0.359261
v 1.384615 1.135276 -0.359261
v 1.333333 1.135276 -0.359261
v 1.282051 1.135276 -0.359261
v 1.230769 1.135276 -0.359261
v 1.179487 1.135276 -0.359261
v 1.128205 1.135276 -0.359261
v 1.076923 1.135276 -0.359261
v 1.025641 1.135276 -0.359261
v 0.974359 1.135276 -0.359261
v 0.923077 1.135276 -0.359261
v 0.871795 1.135276 -0.359261
v 0.820513 1.135276 -0.359261
v 0.769231 1.135276 -0.359261
v 0.717949 1.135276 -0.359261
v 0.666667 1.135276 -0.359261
v 0.615385 1.135276 -0.359261
v 0.564103 1.135276 -0.359261
v 0.512821 1.135276 -0.359261
v 0.461538 1.135276 -0.359261
v 0.410256 1.135276 -0.359261
v 0.358974 1.135276 -0.359261
v 0.307692 1.135276 -0.359261
v 0.256410 1.135276 -0.359261
v 0.205128 1.135276 -0.359261
v 0.153846 1.135276 -0.359261
v 0.102564 1.135276 -0.359261
v 0.051282 1.135276 -0.359261
v 0.058824 1.186245 -0.304743
v 0.117647 1.186245 -0.304743
v 0.176471 1.186245 -0.304743
v 0.235294 1.186245 -0.304743
v 0.294118 1.186245 -0.304743
v 0.352941 1.186245 -0.304743
v 0.411765 1.186245 -0.304743
v 0.470588 1.186245 -0.304743
v 0.529412 1.186245 -0.304743
v 0.588235 1.186245 -0.304743
v 0.647059 1.186245 -0.304743
v 0.705882 1.186245 -0.304743
v 0.764706 1.186245 -0.304743
v 0.823529 1.186245 -0.304743
v 0.882353 1.186245 -0.304743
v 0.941176 1.186245 -0.304743
v 1.000000 1.186245 -0.304743
v 1.058824 1.186245 -0.304743
v 1.117647 1.186245 -0.304743
v 1.176471 1.186245 -0.304743
v 1.235294 1.186245 -0.304743
v 1.294118 1.186245 -0.304743
v 1.352941 1.186245 -0.304743
v 1.411765 1.186245 -0.304743
v 1.470588 1.186245 -0.304743
v 1.529412 1.186245 -0.304743
v 1.588235 1.186245 -0.304743
v 1.647059 1.186245 -0.304743
v 1.705882 1.186245 -0.304743
v 1.764706 1.186245 -0.304743
v 1.823529 1.186245 -0.304743
v 1.882353 1.186245 -0.304743
v 1.941176 1.186245 -0.304743
v 0.058824 1.184893 -0.307172
v 0.117647 1.184893 -0.307172
v 0.176471 1.184893 -0.307172
v 0.235294 1.184893 -0.307172
v 0.294118 1.184893 -0.307172
v 0.352941 1.184893 -0.307172
v 0.411765 1.184893 -0.307172
v 0.470588 1.184893 -0.307172
v 0.529412 1.184893 -0.307172
v 0.588235 1.184893 -0.307172
v 0.647059 1.184893 -0.307172
v 0.705882 1.184893 -0.307172
v 0.764706 1.184893 -0.307172
v 0.823529 1.184893 -0.307172
v 0.882353 1.184893 -0.307172
v 0.941176 1.184893 -0.307172
v 1.000000 1.184893 -0.307172
v 1.058824 1.184893 -0.307172
v 1.117647 1.184893 -0.307172
v 1.176471 1.184893 -0.307172
v 1.235294 1.184893 -0.307172
v 1.294118 1.184893 -0.307172
v 1.352941 1.184893 -0.307172
v 1.411765 1.184893 -0.307172
v 1.470588 1.184893 -0.307172
v 1.529412 1.184893 -0.307172
v 1.588235 1.184893 -0.307172
v 1.647059 1.184893 -0.307172
v 1.705882 1.184893 -0.307172
v 1.764706 1.184893 -0.307172
v 1.823529 1.184893 -0.307172
v 1.882353 1.184893 -0.307172
v 1.941176 1.184893 -0.307172
v 1.941176 1.186245 0.304743
v 1.882353 1.186245 0.304743
v 1.823529 1.186245 0.304743
v 1.764706 1.186245 0.304743
v 1.705882 1.186245 0.304743
v 1.647059 1.186245 0.304743
v 1.588235 1.186245 0.304743
v 1.529412 1.186245 0.304743
v 1.470588 1.186245 0.304743
v 1.411765 1.186245 0.304743
v 1.352941 1.186245 0.304743
v 1.294118 1.186245 0.304743
v 1.235294 1.186245 0.304743
v 1.176471 1.186245 0.304743
v 1.117647 1.186245 0.304743
v 1.058824 1.186245 0.304743
v 1.000000 1.186245 0.304743
v 0.941176 1.186245 0.304743
v 0.882353 1.186245 0.304743
v 0.823529 1.186245 0.304743
v 0.764706 1.186245 0.304743
v 0.705882 1.186245 0.304743
v 0.647059 1.186245 0.304743
v 0.588235 1.186245 0.304743
v 0.529412 1.186245 0.304743
v 0.470588 1.186245 0.304743
v 0.411765 1.186245 0.304743
v 0.352941 1.186245 0.304743
v 0.294118 1.186245 0.304743
v 0.235294 1.186245 0.304743
v 0.176471 1.186245 0.304743
v 0.117647 1.186245 0.304743
v 0.058824 1.186245 0.304743
v 1.941176 1.184893 0.307172
v 1.882353 1.184893 0.307172
v 1.823529 1.184893 0.307172
v 1.764706 1.184893 0.307172
v 1.705882 1.184893 0.307172
v 1.647059 1.184893 0.307172
v 1.588235 1.184893 0.307172
v 1.529412 1.184893 0.307172
v 1.470588 1.184893 0.307172
v 1.411765 1.184893 0.307172
v 1.352941 1.184893 0.307172
v 1.294118 1.184893 0.307172
v 1.235294 1.184893 0.307172
v 1.176471 1.184893 0.307172
v 1.117647 1.184893 0.307172
v 1.058824 1.184893 0.307172
v 1.000000 1.184893 0.307172
v 0.941176 1.184893 0.307172
v 0.882353 1.184893 0.307172
v 0.823529 1.184893 0.307172
v 0.764706 1.184893 0.307172
v 0.705882 1.184893 0.307172
v 0.647059 1.184893 0.307172
v 0.588235 1.184893 0.307172
v 0.529412 1.184893 0.307172
v 0.470588 1.184893 0.307172
v 0.411765 1.184893 0.307172
v 0.352941 1.184893 0.307172
v 0.294118 1.184893 0.307172
v 0.235294 1.184893 0.307172
v 0.176471 1.184893 0.307172
v 0.117647 1.184893 0.307172
v 0.058824 1.184893 0.307172
v 1.948718 1.135276 0.359261
v 1.897436 1.135276 0.359261
v 1.846154 1.135276 0.359261
v 1.794872 1.135276 0.359261
v 1.743590 1.135276 0.359261
v 1.692308 1.135276 0.359261
v 1.641026 1.135276 0.359261
v 1.589744 1.135276 0.359261
v 1.538462 1.135276 0.359261
v 1.487179 1.135276 0.359261
v 1.435897 1.135276 0.359261
v 1.384615 1.135276 0.359261
v 1.333333 1.135276 0.359261
v 1.282051 1.135276 0.359261
v 1.230769 1.135276 0.359261
v 1.179487 1.135276 0.359261
v 1.128205 1.135276 0.359261
v 1.076923 1.135276 0.359261
v 1.025641 1.135276 0.359261
v 0.974359 1.135276 0.359261
v 0.923077 1.135276 0.359261
v 0.871795 1.135276 0.359261
v 0.820513 1.135276 0.359261
v 0.769231 1.135276 0.359261
v 0.717949 1.135276 0.359261
v 0.666667 1.135276 0.359261
v 0.615385 1.135276 0.359261
v 0.564103 1.135276 0.359261
v 0.512821 1.135276 0.359261
v 0.461538 1.135276 0.359261
v 0.410256 1.135276 0.359261
v 0.358974 1.135276 0.359261
v 0.307692 1.135276 0.359261
v 0.256410 1.135276 0.359261
v 0.205128 1.135276 0.359261
v 0.153846 1.135276 0.359261
v 0.102564 1.135276 0.359261
v 0.051282 1.135276 0.359261
v 1.948718 1.134024 0.361346
v 1.897436 1.134024 0.361346
v 1.846154 1.134024 0.361346
v 1.794872 1.134024 0.361346
v 1.743590 1.134024 0.361346
v 1.692308 1.134024 0.361346
v 1.641026 1.134024 0.361346
v 1.589744 1.134024 0.361346
v 1.538462 1.134024 0.361346
v 1.487179 1.134024 0.361346
v 1.435897 1.134024 0.361346
v 1.384615 1.134024 0.361346
v 1.333333 1.134024 0.361346
v 1.282051 1.134024 0.361346
v 1.230769 1.134024 0.361346
v 1.179487 1.134024 0.361346
v 1.128205 1.134024 0.361346
v 1.076923 1.134024 0.361346
v 1.025641 1.134024 0.361346
v 0.974359 1.134024 0.361346
v 0.923077 1.134024 0.361346
v 0.871795 1.134024 0.361346
v 0.820513 1.134024 0.361346
v 0.769231 1.134024 0.361346
v 0.717949 1.134024 0.361346
v 0.666667 1.134024 0.361346
v 0.615385 1.134024 0.361346
v 0.564103 1.134024 0.361346
v 0.512821 1.134024 0.361346
v 0.461538 1.134024 0.361346
v 0.410256 1.134024 0.361346
v 0.358974 1.134024 0.361346
v 0.307692 1.134024 0.361346
v 0.256410 1.134024 0.361346
v 0.205128 1.134024 0.361346
v 0.153846 1.134024 0.361346
v 0.102564 1.134024 0.361346
v 0.051282 1.134024 0.361346
v 1.948718 1.129839 0.374228
v 1.897436 1.129839 0.374228
v 1.846154 1.129839 0.374228
v 1.794872 1.129839 0.374228
v 1.743590 1.129839 0.374228
v 1.692308 1.129839 0.374228
v 1.641026 1.129839 0.374228
v 1.589744 1.129839 0.374228
v 1.538462 1.129839 0.374228
v 1.487179 1.129839 0.374228
v 1.435897 1.129839 0.374228
v 1.384615 1.129839 0.374228
v 1.333333 1.129839 0.374228
v 1.282051 1.129839 0.374228
v 1.230769 1.129839 0.374228
v 1.179487 1.129839 0.374228
v 1.128205 1.129839 0.374228
v 1.076923 1.129839 0.374228
v 1.025641 1.129839 0.374228
v 0.974359 1.129839 0.374228
v 0.923077 1.129839 0.374228
v 0.871795 1.129839 0.374228
v 0.820513 1.129839 0.374228
v 0.769231 1.129839 0.374228
v 0.717949 1.129839 0.374228
v 0.666667 1.129839 0.374228
v 0.615385 1.129839 0.374228
v 0.564103 1.129839 0.374228
v 0.512821 1.129839 0.374228
v 0.461538 1.129839 0.374228
v 0.410256 1.129839 0.374228
v 0.358974 1.129839 0.374228
v 0.307692 1.129839 0.374228
v 0.256410 1.129839 0.374228
v 0.205128 1.129839 0.374228
v 0.153846 1.129839 0.374228
v 0.102564 1.129839 0.374228
v 0.051282 1.129839 0.374228
v 1.948718 1.129626 0.376650
v 1.897436 1.129626 0.376650
v 1.846154 1.129626 0.376650
v 1.794872 1.129626 0.376650
v 1.743590 1.129626 0.376650
v 1.692308 1.129626 0.376650
v 1.641026 1.129626 0.376650
v 1.589744 1.129626 0.376650
v 1.538462 1.129626 0.376650
v 1.487179 1.129626 0.376650
v 1.435897 1.129626 0.376650
v 1.384615 1.129626 0.376650
v 1.333333 1.129626 0.376650
v 1.282051 1.129626 0.376650
v 1.230769 1.129626 0.376650
v 1.179487 1.129626 0.376650
v 1.128205 1.129626 0.376650
v 1.076923 1.129626 0.376650
v 1.025641 1.129626 0.376650
v 0.974359 1.129626 0.376650
v 0.923077 1.129626 0.376650
v 0.871795 1.129626 0.376650
v 0.820513 1.129626 0.376650
v 0.769231 1.129626 0.376650
v 0.717949 1.129626 0.376650
v 0.666667 1.129626 0.376650
v 0.615385 1.129626 0.376650
v 0.564103 1.129626 0.376650
v 0.512821 1.129626 0.376650
v 0.461538 1.129626 0.376650
v 0.410256 1.129626 0.376650
v 0.358974 1.129626 0.376650
v 0.307692 1.129626 0.376650
v 0.256410 1.129626 0.376650
v 0.205128 1.129626 0.376650
v 0.153846 1.129626 0.376650
v 0.102564 1.129626 0.376650
v 0.051282 1.129626 0.376650
v 0.058824 1.138816 0.450715
v 0.117647 1.138816 0.450715
v 0.176471 1.138816 0.450715
v 0.235294 1.138816 0.450715
v 0.294118 1.138816 0.450715
v 0.352941 1.138816 0.450715
v 0.411765 1.138816 0.450715
v 0.470588 1.138816 0.450715
v 0.529412 1.138816 0.450715
v 0.588235 1.138816 0.450715
v 0.647059 1.138816 0.450715
v 0.705882 1.138816 0.450715
v 0.764706 1.138816 0.450715
v 0.823529 1.138816 0.450715
v 0.882353 1.138816 0.450715
v 0.941176 1.138816 0.450715
v 1.000000 1.138816 0.450715
v 1.058824 1.138816 0.450715
v 1.117647 1.138816 0.450715
v 1.176471 1.138816 0.450715
v 1.235294 1.138816 0.450715
v 1.294118 1.138816 0.450715
v 1.352941 1.138816 0.450715
v 1.411765 1.138816 0.450715
v 1.470588 1.138816 0.450715
v 1.529412 1.138816 0.450715
v 1.588235 1.138816 0.450715
v 1.647059 1.138816 0.450715
v 1.705882 1.138816 0.450715
v 1.764706 1.138816 0.450715
v 1.823529 1.138816 0.450715
v 1.882353 1.138816 0.450715
v 1.941176 1.138816 0.450715
v 0.058824 1.139149 0.447955
v 0.117647 1.139149 0.447955
v 0.176471 1.139149 0.447955
v 0.235294 1.139149 0.447955
v 0.294118 1.139149 0.447955
v 0.352941 1.139149 0.447955
v 0.411765 1.139149 0.447955
v 0.470588 1.139149 0.447955
v 0.529412 1.139149 0.447955
v 0.588235 1.139149 0.447955
v 0.647059 1.139149 0.447955
v 0.705882 1.139149 0.447955
v 0.764706 1.139149 0.447955
v 0.823529 1.139149 0.447955
v 0.882353 1.139149 0.447955
v 0.941176 1.139149 0.447955
v 1.000000 1.139149 0.447955
v 1.058824 1.139149 0.447955
v 1.117647 1.139149 0.447955
v 1.176471 1.139149 0.447955
v 1.235294 1.139149 0.447955
v 1.294118 1.139149 0.447955
v 1.352941 1.139149 0.447955
v 1.411765 1.139149 0.447955
v 1.470588 1.139149 0.447955
v 1.529412 1.139149 0.447955
v 1.588235 1.139149 0.447955
v 1.647059 1.139149 0.447955
v 1.705882 1.139149 0.447955
v 1.764706 1.139149 0.447955
v 1.823529 1.139149 0.447955
v 1.882353 1.139149 0.447955
v 1.941176 1.139149 0.447955
v 1.941176 0.780569 0.943800
v 1.882353 0.780569 0.943800
v 1.823529 0.780569 0.943800
v 1.764706 0.780569 0.943800
v 1.705882 0.780569 0.943800
v 1.647059 0.780569 0.943800
v 1.588235 0.780569 0.943800
v 1.529412 0.780569 0.943800
v 1.470588 0.780569 0.943800
v 1.411765 0.780569 0.943800
v 1.352941 0.780569 0.943800
v 1.294118 0.780569 0.943800
v 1.235294 0.780569 0.943800
v 1.176471 0.780569 0.943800
v 1.117647 0.780569 0.943800
v 1.058824 0.780569 0.943800
v 1.000000 0.780569 0.943800
v 0.941176 0.780569 0.943800
v 0.882353 0.780569 0.943800
v 0.823529 0.780569 0.943800
v 0.764706 0.780569 0.943800
v 0.705882 0.780569 0.943800
v 0.647059 0.780569 0.943800
v 0.588235 0.780569 0.943800
v 0.529412 0.780569 0.943800
v 0.470588 0.780569 0.943800
v 0.411765 0.780569 0.943800
v 0.352941 0.780569 0.943800
v 0.294118 0.780569 0.943800
v 0.235294 0.780569 0.943800
v 0.176471 0.780569 0.943800
v 0.117647 0.780569 0.943800
v 0.058824 0.780569 0.943800
v 1.941176 0.778047 0.944970
v 1.882353 0.778047 0.944970
v 1.823529 0.778047 0.944970
v 1.764706 0.778047 0.944970
v 1.705882 0.778047 0.944970
v 1.647059 0.778047 0.944970
v 1.588235 0.778047 0.944970
v 1.529412 0.778047 0.944970
v 1.470588 0.778047 0.944970
v 1.411765 0.778047 0.944970
v 1.352941 0.778047 0.944970
v 1.294118 0.778047 0.944970
v 1.235294 0.778047 0.944970
v 1.176471 0.778047 0.944970
v 1.117647 0.778047 0.944970
v 1.058824 0.778047 0.944970
v 1.000000 0.778047 0.944970
v 0.941176 0.778047 0.944970
v 0.882353 0.778047 0.944970
v 0.823529 0.778047 0.944970
v 0.764706 0.778047 0.944970
v 0.705882 0.778047 0.944970
v 0.647059 0.778047 0.944970
v 0.588235 0.778047 0.944970
v 0.529412 0.778047 0.944970
v 0.470588 0.778047 0.944970
v 0.411765 0.778047 0.944970
v 0.352941 0.778047 0.944970
v 0.294118 0.778047 0.944970
v 0.235294 0.778047 0.944970
v 0.176471 0.778047 0.944970
v 0.117647 0.778047 0.944970
v 0.058824 0.778047 0.944970
v 1.948718 0.707289 0.957946
v 1.897436 0.707289 0.957946
v 1.846154 0.707289 0.957946
v 1.794872 0.707289 0.957946
v 1.743590 0.707289 0.957946
v 1.692308 0.707289 0.957946
v 1.641026 0.707289 0.957946
v 1.589744 0.707289 0.957946
v 1.538462 0.707289 0.957946
v 1.487179 0.707289 0.957946
v 1.435897 0.707289 0.957946
v 1.384615 0.707289 0.957946
v 1.333333 0.707289 0.957946
v 1.282051 0.707289 0.957946
v 1.230769 0.707289 0.957946
v 1.179487 0.707289 0.957946
v 1.128205 0.707289 0.957946
v 1.076923 0.707289 0.957946
v 1.025641 0.707289 0.957946
v 0.974359 0.707289 0.957946
v 0.923077 0.707289 0.957946
v 0.871795 0.707289 0.957946
v 0.820513 0.707289 0.957946
v 0.769231 0.707289 0.957946
v 0.717949 0.707289 0.957946
v 0.666667 0.707289 0.957946
v 0.615385 0.707289 0.957946
v 0.564103 0.707289 0.957946
v 0.512821 0.707289 0.957946
v 0.461538 0.707289 0.957946
v 0.410256 0.707289 0.957946
v 0.358974 0.707289 0.957946
v 0.307692 0.707289 0.957946
v 0.256410 0.707289 0.957946
v 0.205128 0.707289 0.957946
v 0.153846 0.707289 0.957946
v 0.102564 0.707289 0.957946
v 0.051282 0.707289 0.957946
v 1.948718 0.705051 0.958898
v 1.897436 0.705051 0.958898
v 1.846154 0.705051 0.958898
v 1.794872 0.705051 0.958898
v 1.743590 0.705051 0.958898
v 1.692308 0.705051 0.958898
v 1.641026 0.705051 0.958898
v 1.589744 0.705051 0.958898
v 1.538462 0.705051 0.958898
v 1.487179 0.705051 0.958898
v 1.435897 0.705051 0.958898
v 1.384615 0.705051 0.958898
v 1.333333 0.705051 0.958898
v 1.282051 0.705051 0.958898
v 1.230769 0.705051 0.958898
v 1.179487 0.705051 0.958898
v 1.128205 0.705051 0.958898
v 1.076923 0.705051 0.958898
v 1.025641 0.705051 0.958898
v 0.974359 0.705051 0.958898
v 0.923077 0.705051 0.958898
v 0.871795 0.705051 0.958898
v 0.820513 0.705051 0.958898
v 0.769231 0.705051 0.958898
v 0.717949 0.705051 0.958898
v 0.666667 0.705051 0.958898
v 0.615385 0.705051 0.958898
v 0.564103 0.705051 0.958898
v 0.512821 0.705051 0.958898
v 0.461538 0.705051 0.958898
v 0.410256 0.705051 0.958898
v 0.358974 0.705051 0.958898
v 0.307692 0.705051 0.958898
v 0.256410 0.705051 0.958898
v 0.205128 0.705051 0.958898
v 0.153846 0.705051 0.958898
v 0.102564 0.705051 0.958898
v 0.051282 0.705051 0.958898
v 1.948718 0.694093 0.966859
v 1.897436 0.694093 0.966859
v 1.846154 0.694093 0.966859
v 1.794872 0.694093 0.966859
v 1.743590 0.694093 0.966859
v 1.692308 0.694093 0.966859
v 1.641026 0.694093 0.966859
v 1.589744 0.694093 0.966859
v 1.538462 0.694093 0.966859
v 1.487179 0.694093 0.966859
v 1.435897 0.694093 0.966859
v 1.384615 0.694093 0.966859
v 1.333333 0.694093 0.966859
v 1.282051 0.694093 0.966859
v 1.230769 0.694093 0.966859
v 1.179487 0.694093 0.966859
v 1.128205 0.694093 0.966859
v 1.076923 0.694093 0.966859
v 1.025641 0.694093 0.966859
v 0.974359 0.694093 0.966859
v 0.923077 0.694093 0.966859
v 0.871795 0.694093 0.966859
v 0.820513 0.694093 0.966859
v 0.769231 0.694093 0.966859
v 0.717949 0.694093 0.966859
v 0.666667 0.694093 0.966859
v 0.615385 0.694093 0.966859
v 0.564103 0.694093 0.966859
v 0.512821 0.694093 0.966859
v 0.461538 0.694093 0.966859
v 0.410256 0.694093 0.966859
v 0.358974 0.694093 0.966859
v 0.307692 0.694093 0.966859
v 0.256410 0.694093 0.966859
v 0.205128 0.694093 0.966859
v 0.153846 0.694093 0.966859
v 0.102564 0.694093 0.966859
v 0.051282 0.694093 0.966859
v 1.948718 0.692497 0.968694
v 1.897436 0.692497 0.968694
v 1.846154 0.692497 0.968694
v 1.794872 0.692497 0.968694
v 1.743590 0.692497 0.968694
v 1.692308 0.692497 0.968694
v 1.641026 0.692497 0.968694
v 1.589744 0.692497 0.968694
v 1.538462 0.692497 0.968694
v 1.487179 0.692497 0.968694
v 1.435897 0.692497 0.968694
v 1.384615 0.692497 0.968694
v 1.333333 0.692497 0.968694
v 1.282051 0.692497 0.968694
v 1.230769 0.692497 0.968694
v 1.179487 0.692497 0.968694
v 1.128205 0.692497 0.968694
v 1.076923 0.692497 0.968694
v 1.025641 0.692497 0.968694
v 0.974359 0.692497 0.968694
v 0.923077 0.692497 0.968694
v 0.871795 0.692497 0.968694
v 0.820513 0.692497 0.968694
v 0.769231 0.692497 0.968694
v 0.717949 0.692497 0.968694
v 0.666667 0.692497 0.968694
v 0.615385 0.692497 0.968694
v 0.564103 0.692497 0.968694
v 0.512821 0.692497 0.968694
v 0.461538 0.692497 0.968694
v 0.410256 0.692497 0.968694
v 0.358974 0.692497 0.968694
v 0.307692 0.692497 0.968694
v 0.256410 0.692497 0.968694
v 0.205128 0.692497 0.968694
v 0.153846 0.692497 0.968694
v 0.102564 0.692497 0.968694
v 0.051282 0.692497 0.968694
v 0.058824 0.656398 1.034015
v 0.117647 0.656398 1.034015
v 0.176471 0.656398 1.034015
v 0.235294 0.656398 1.034015
v 0.294118 0.656398 1.034015
v 0.352941 0.656398 1.034015
v 0.411765 0.656398 1.034015
v 0.470588 0.656398 1.034015
v 0.529412 0.656398 1.034015
v 0.588235 0.656398 1.034015
v 0.647059 0.656398 1.034015
v 0.705882 0.656398 1.034015
v 0.764706 0.656398 1.034015
v 0.823529 0.656398 1.034015
v 0.882353 0.656398 1.034015
v 0.941176 0.656398 1.034015
v 1.000000 0.656398 1.034015
v 1.058824 0.656398 1.034015
v 1.117647 0.656398 1.034015
v 1.176471 0.656398 1.034015
v 1.235294 0.656398 1.034015
v 1.294118 0.656398 1.034015
v 1.352941 0.656398 1.034015
v 1.411765 0.656398 1.034015
v 1.470588 0.656398 1.034015
v 1.529412 0.656398 1.034015
v 1.588235 0.656398 1.034015
v 1.647059 0.656398 1.034015
v 1.705882 0.656398 1.034015
v 1.764706 0.656398 1.034015
v 1.823529 0.656398 1.034015
v 1.882353 0.656398 1.034015
v 1.941176 0.656398 1.034015
v 0.058824 0.658290 1.031979
v 0.117647 0.658290 1.031979
v 0.176471 0.658290 1.031979
v 0.235294 0.658290 1.031979
v 0.294118 0.658290 1.031979
v 0.352941 0.658290 1.031979
v 0.411765 0.658290 1.031979
v 0.470588 0.658290 1.031979
v 0.529412 0.658290 1.031979
v 0.588235 0.658290 1.031979
v 0.647059 0.658290 1.031979
v 0.705882 0.658290 1.031979
v 0.764706 0.658290 1.031979
v 0.823529 0.658290 1.031979
v 0.882353 0.658290 1.031979
v 0.941176 0.658290 1.031979
v 1.000000 0.658290 1.031979
v 1.058824 0.658290 1.031979
v 1.117647 0.658290 1.031979
v 1.176471 0.658290 1.031979
v 1.235294 0.658290 1.031979
v 1.294118 0.658290 1.031979
v 1.352941 0.658290 1.031979
v 1.411765 0.658290 1.031979
v 1.470588 0.658290 1.031979
v 1.529412 0.658290 1.031979
v 1.588235 0.658290 1.031979
v 1.647059 0.658290 1.031979
v 1.705882 0.658290 1.031979
v 1.764706 0.658290 1.031979
v 1.823529 0.658290 1.031979
v 1.882353 0.658290 1.031979
v 1.941176 0.658290 1.031979
v 1.333333 0.616907 1.058324
v 0.666667 0.616907 1.058324
v 1.333333 0.578848 1.079611
v 0.666667 0.578848 1.079611
v 1.333333 0.540056 1.099529
v 0.666667 0.540056 1.099529
v 1.333333 0.500579 1.118055
v 0.666667 0.500579 1.118055
v 1.333333 0.460467 1.135163
v 0.666667 0.460467 1.135163
v 1.333333 0.419773 1.150833
v 0.666667 0.419773 1.150833
v 1.333333 0.378546 1.165044
v 0.666667 0.378546 1.165044
v 1.333333 0.336839 1.177779
v 0.666667 0.336839 1.177779
v 1.333333 0.294706 1.189022
v 0.666667 0.294706 1.189022
v 1.333333 0.252199 1.198758
v 0.666667 0.252199 1.198758
v 1.333333 0.209373 1.206975
v 0.666667 0.209373 1.206975
v 1.333333 0.166281 1.213662
v 0.666667 0.166281 1.213662
v 1.333333 0.122979 1.218811
v 0.666667 0.122979 1.218811
v 1.333333 1.121156 0.493593
v 0.666667 1.121156 0.493593
v 1.333333 1.102877 0.533185
v 0.666667 1.102877 0.533185
v 1.333333 1.083201 0.572101
v 0.666667 1.083201 0.572101
v 1.333333 1.062153 0.610292
v 0.666667 1.062153 0.610292
v 1.333333 1.039758 0.647710
v 0.666667 1.039758 0.647710
v 1.333333 1.016046 0.684307
v 0.666667 1.016046 0.684307
v 1.333333 0.991046 0.720037
v 0.666667 0.991046 0.720037
v 1.333333 0.964790 0.754854
v 0.666667 0.964790 0.754854
v 1.333333 0.937312 0.788715
v 0.666667 0.937312 0.788715
v 1.333333 0.908646 0.821576
v 0.666667 0.908646 0.821576
v 1.333333 0.878828 0.853397
v 0.666667 0.878828 0.853397
v 1.333333 0.847897 0.884136
v 0.666667 0.847897 0.884136
v 1.333333 0.815891 0.913754
v 0.666667 0.815891 0.913754
v 1.333333 1.197161 -0.259674
v 0.666667 1.197161 -0.259674
v 1.333333 1.205645 -0.216899
v 0.666667 1.205645 -0.216899
v 1.333333 1.212601 -0.173850
v 0.666667 1.212601 -0.173850
v 1.333333 1.218020 -0.130581
v 0.666667 1.218020 -0.130581
v 1.333333 1.221896 -0.087146
v 0.666667 1.221896 -0.087146
v 1.333333 1.224224 -0.043601
v 0.666667 1.224224 -0.043601
v 1.333333 1.225000 -0.000000
v 0.666667 1.225000 -0.000000
v 1.333333 1.224224 0.043601
v 0.666667 1.224224 0.043601
v 1.333333 1.221896 0.087146
v 0.666667 1.221896 0.087146
v 1.333333 1.218020 0.130581
v 0.666667 1.218020 0.130581
v 1.333333 1.212601 0.173850
v 0.666667 1.212601 0.173850
v 1.333333 1.205645 0.216899
v 0.666667 1.205645 0.216899
v 1.333333 1.197161 0.259674
v 0.666667 1.197161 0.259674
v 1.333333 -1.197161 0.259674
v 0.666667 -1.197161 0.259674
v 1.333333 -1.205645 0.216899
v 0.666667 -1.205645 0.216899
v 1.333333 -1.212601 0.173850
v 0.666667 -1.212601 0.173850
v 1.333333 -1.218020 0.130581
v 0.666667 -1.218020 0.130581
v 1.333333 -1.221896 0.087146
v 0.666667 -1.221896 0.087146
v 1.333333 -1.224224 0.043601
v 0.666667 -1.224224 0.043601
v 1.333333 -1.225000 0.000000
v 0.666667 -1.225000 0.000000
v 1.333333 -1.224224 -0.043601
v 0.666667 -1.224224 -0.043601
v 1.333333 -1.221896 -0.087146
v 0.666667 -1.221896 -0.087146
v 1.333333 -1.218020 -0.130581
v 0.666667 -1.218020 -0.130581
v 1.333333 -1.212601 -0.173850
v 0.666667 -1.212601 -0.173850
v 1.333333 -1.205645 -0.216899
v 0.666667 -1.205645 -0.216899
v 1.333333 -1.197161 -0.259674
v 0.666667 -1.197161 -0.259674
v 1.333333 -0.815891 0.913754
v 0.666667 -0.815891 0.913754
v 1.333333 -0.847897 0.884136
v 0.666667 -0.847897 0.884136
v 1.333333 -0.878828 0.853397
v 0.666667 -0.878828 0.853397
v 1.333333 -0.908646 0.821576
v 0.666667 -0.908646 0.821576
v 1.333333 -0.937312 0.788715
v 0.666667 -0.937312 0.788715
v 1.333333 -0.964790 0.754854
v 0.666667 -0.964790 0.754854
v 1.333333 -0.991046 0.720037
v 0.666667 -0.991046 0.720037
v 1.333333 -1.016046 0.684307
v 0.666667 -1.016046 0.684307
v 1.333333 -1.039758 0.647710
v 0.666667 -1.039758 0.647710
v 1.333333 -1.062153 0.610292
v 0.666667 -1.062153 0.610292
v 1.333333 -1.083201 0.572101
v 0.666667 -1.083201 0.572101
v 1.333333 -1.102877 0.533185
v 0.666667 -1.102877 0.533185
v 1.333333 -1.121156 0.493593
v 0.666667 -1.121156 0.493593
v 0.666667 -0.616907 1.058324
v 1.333333 -0.616907 1.058324
v 0.666667 -0.578848 1.079611
v 1.333333 -0.578848 1.079611
v 0.666667 -0.540056 1.099529
v 1.333333 -0.540056 1.099529
v 0.666667 -0.500579 1.118055
v 1.333333 -0.500579 1.118055
v 0.666667 -0.460467 1.135163
v 1.333333 -0.460467 1.135163
v 0.666667 -0.419773 1.150833
v 1.333333 -0.419773 1.150833
v 0.666667 -0.378546 1.165044
v 1.333333 -0.378546 1.165044
v 0.666667 -0.336839 1.177779
v 1.333333 -0.336839 1.177779
v 0.666667 -0.294706 1.189022
v 1.333333 -0.294706 1.189022
v 0.666667 -0.252199 1.198758
v 1.333333 -0.252199 1.198758
v 0.666667 -0.209373 1.206975
v 1.333333 -0.209373 1.206975
v 0.666667 -0.166281 1.213662
v 1.333333 -0.166281 1.213662
v 0.666667 -0.122979 1.218811
v 1.333333 -0.122979 1.218811
v 1.941176 0.076742 1.222357
v 1.882353 0.076742 1.222357
v 1.823529 0.076742 1.222357
v 1.764706 0.076742 1.222357
v 1.705882 0.076742 1.222357
v 1.647059 0.076742 1.222357
v 1.588235 0.076742 1.222357
v 1.529412 0.076742 1.222357
v 1.470588 0.076742 1.222357
v 1.411765 0.076742 1.222357
v 1.352941 0.076742 1.222357
v 1.294118 0.076742 1.222357
v 1.235294 0.076742 1.222357
v 1.176471 0.076742 1.222357
v 1.117647 0.076742 1.222357
v 1.058824 0.076742 1.222357
v 1.000000 0.076742 1.222357
v 0.941176 0.076742 1.222357
v 0.882353 0.076742 1.222357
v 0.823529 0.076742 1.222357
v 0.764706 0.076742 1.222357
v 0.705882 0.076742 1.222357
v 0.647059 0.076742 1.222357
v 0.588235 0.076742 1.222357
v 0.529412 0.076742 1.222357
v 0.470588 0.076742 1.222357
v 0.411765 0.076742 1.222357
v 0.352941 0.076742 1.222357
v 0.294118 0.076742 1.222357
v 0.235294 0.076742 1.222357
v 0.176471 0.076742 1.222357
v 0.117647 0.076742 1.222357
v 0.058824 0.076742 1.222357
v 1.941176 0.074014 1.221821
v 1.882353 0.074014 1.221821
v 1.823529 0.074014 1.221821
v 1.764706 0.074014 1.221821
v 1.705882 0.074014 1.221821
v 1.647059 0.074014 1.221821
v 1.588235 0.074014 1.221821
v 1.529412 0.074014 1.221821
v 1.470588 0.074014 1.221821
v 1.411765 0.074014 1.221821
v 1.352941 0.074014 1.221821
v 1.294118 0.074014 1.221821
v 1.235294 0.074014 1.221821
v 1.176471 0.074014 1.221821
v 1.117647 0.074014 1.221821
v 1.058824 0.074014 1.221821
v 1.000000 0.074014 1.221821
v 0.941176 0.074014 1.221821
v 0.882353 0.074014 1.221821
v 0.823529 0.074014 1.221821
v 0.764706 0.074014 1.221821
v 0.705882 0.074014 1.221821
v 0.647059 0.074014 1.221821
v 0.588235 0.074014 1.221821
v 0.529412 0.074014 1.221821
v 0.470588 0.074014 1.221821
v 0.411765 0.074014 1.221821
v 0.352941 0.074014 1.221821
v 0.294118 0.074014 1.221821
v 0.235294 0.074014 1.221821
v 0.176471 0.074014 1.221821
v 0.117647 0.074014 1.221821
v 0.058824 0.074014 1.221821
v 1.948718 0.009142 1.190729
v 1.897436 0.009142 1.190729
v 1.846154 0.009142 1.190729
v 1.794872 0.009142 1.190729
v 1.743590 0.009142 1.190729
v 1.692308 0.009142 1.190729
v 1.641026 0.009142 1.190729
v 1.589744 0.009142 1.190729
v 1.538462 0.009142 1.190729
v 1.487179 0.009142 1.190729
v 1.435897 0.009142 1.190729
v 1.384615 0.009142 1.190729
v 1.333333 0.009142 1.190729
v 1.282051 0.009142 1.190729
v 1.230769 0.009142 1.190729
v 1.179487 0.009142 1.190729
v 1.128205 0.009142 1.190729
v 1.076923 0.009142 1.190729
v 1.025641 0.009142 1.190729
v 0.974359 0.009142 1.190729
v 0.923077 0.009142 1.190729
v 0.871795 0.009142 1.190729
v 0.820513 0.009142 1.190729
v 0.769231 0.009142 1.190729
v 0.717949 0.009142 1.190729
v 0.666667 0.009142 1.190729
v 0.615385 0.009142 1.190729
v 0.564103 0.009142 1.190729
v 0.512821 0.009142 1.190729
v 0.461538 0.009142 1.190729
v 0.410256 0.009142 1.190729
v 0.358974 0.009142 1.190729
v 0.307692 0.009142 1.190729
v 0.256410 0.009142 1.190729
v 0.205128 0.009142 1.190729
v 0.153846 0.009142 1.190729
v 0.102564 0.009142 1.190729
v 0.051282 0.009142 1.190729
v 1.948718 0.006773 1.190183
v 1.897436 0.006773 1.190183
v 1.846154 0.006773 1.190183
v 1.794872 0.006773 1.190183
v 1.743590 0.006773 1.190183
v 1.692308 0.006773 1.190183
v 1.641026 0.006773 1.190183
v 1.589744 0.006773 1.190183
v 1.538462 0.006773 1.190183
v 1.487179 0.006773 1.190183
v 1.435897 0.006773 1.190183
v 1.384615 0.006773 1.190183
v 1.333333 0.006773 1.190183
v 1.282051 0.006773 1.190183
v 1.230769 0.006773 1.190183
v 1.179487 0.006773 1.190183
v 1.128205 0.006773 1.190183
v 1.076923 0.006773 1.190183
v 1.025641 0.006773 1.190183
v 0.974359 0.006773 1.190183
v 0.923077 0.006773 1.190183
v 0.871795 0.006773 1.190183
v 0.820513 0.006773 1.190183
v 0.769231 0.006773 1.190183
v 0.717949 0.006773 1.190183
v 0.666667 0.006773 1.190183
v 0.615385 0.006773 1.190183
v 0.564103 0.006773 1.190183
v 0.512821 0.006773 1.190183
v 0.461538 0.006773 1.190183
v 0.410256 0.006773 1.190183
v 0.358974 0.006773 1.190183
v 0.307692 0.006773 1.190183
v 0.256410 0.006773 1.190183
v 0.205128 0.006773 1.190183
v 0.153846 0.006773 1.190183
v 0.102564 0.006773 1.190183
v 0.051282 0.006773 1.190183
v 1.948718 -0.006773 1.190183
v 1.897436 -0.006773 1.190183
v 1.846154 -0.006773 1.190183
v 1.794872 -0.006773 1.190183
v 1.743590 -0.006773 1.190183
v 1.692308 -0.006773 1.190183
v 1.641026 -0.006773 1.190183
v 1.589744 -0.006773 1.190183
v 1.538462 -0.006773 1.190183
v 1.487179 -0.006773 1.190183
v 1.435897 -0.006773 1.190183
v 1.384615 -0.006773 1.190183
v 1.333333 -0.006773 1.190183
v 1.282051 -0.006773 1.190183
v 1.230769 -0.006773 1.190183
v 1.179487 -0.006773 1.190183
v 1.128205 -0.006773 1.190183
v 1.076923 -0.006773 1.190183
v 1.025641 -0.006773 1.190183
v 0.974359 -0.006773 1.190183
v 0.923077 -0.006773 1.190183
v 0.871795 -0.006773 1.190183
v 0.820513 -0.006773 1.190183
v 0.769231 -0.006773 1.190183
v 0.717949 -0.006773 1.190183
v 0.666667 -0.006773 1.190183
v 0.615385 -0.006773 1.190183
v 0.564103 -0.006773 1.190183
v 0.512821 -0.006773 1.190183
v 0.461538 -0.006773 1.190183
v 0.410256 -0.006773 1.190183
v 0.358974 -0.006773 1.190183
v 0.307692 -0.006773 1.190183
v 0.256410 -0.006773 1.190183
v 0.205128 -0.006773 1.190183
v 0.153846 -0.006773 1.190183
v 0.102564 -0.006773 1.190183
v 0.051282 -0.006773 1.190183
v 1.948718 -0.009142 1.190729
v 1.897436 -0.009142 1.190729
v 1.846154 -0.009142 1.190729
v 1.794872 -0.009142 1.190729
v 1.743590 -0.009142 1.190729
v 1.692308 -0.009142 1.190729
v 1.641026 -0.009142 1.190729
v 1.589744 -0.009142 1.190729
v 1.538462 -0.009142 1.190729
v 1.487179 -0.009142 1.190729
v 1.435897 -0.009142 1.190729
v 1.384615 -0.009142 1.190729
v 1.333333 -0.009142 1.190729
v 1.282051 -0.009142 1.190729
v 1.230769 -0.009142 1.190729
v 1.179487 -0.009142 1.190729
v 1.128205 -0.009142 1.190729
v 1.076923 -0.009142 1.190729
v 1.025641 -0.009142 1.190729
v 0.974359 -0.009142 1.190729
v 0.923077 -0.009142 1.190729
v 0.871795 -0.009142 1.190729
v 0.820513 -0.009142 1.190729
v 0.769231 -0.009142 1.190729
v 0.717949 -0.009142 1.190729
v 0.666667 -0.009142 1.190729
v 0.615385 -0.009142 1.190729
v 0.564103 -0.009142 1.190729
v 0.512821 -0.009142 1.190729
v 0.461538 -0.009142 1.190729
v 0.410256 -0.009142 1.190729
v 0.358974 -0.009142 1.190729
v 0.307692 -0.009142 1.190729
v 0.256410 -0.009142 1.190729
v 0.205128 -0.009142 1.190729
v 0.153846 -0.009142 1.190729
v 0.102564 -0.009142 1.190729
v 0.051282 -0.009142 1.190729
v 0.058824 -0.076742 1.222357
v 0.117647 -0.076742 1.222357
v 0.176471 -0.076742 1.222357
v 0.235294 -0.076742 1.222357
v 0.294118 -0.076742 1.222357
v 0.352941 -0.076742 1.222357
v 0.411765 -0.076742 1.222357
v 0.470588 -0.076742 1.222357
v 0.529412 -0.076742 1.222357
v 0.588235 -0.076742 1.222357
v 0.647059 -0.076742 1.222357
v 0.705882 -0.076742 1.222357
v 0.764706 -0.076742 1.222357
v 0.823529 -0.076742 1.222357
v 0.882353 -0.076742 1.222357
v 0.941176 -0.076742 1.222357
v 1.000000 -0.076742 1.222357
v 1.058824 -0.076742 1.222357
v 1.117647 -0.076742 1.222357
v 1.176471 -0.076742 1.222357
v 1.235294 -0.076742 1.222357
v 1.294118 -0.076742 1.222357
v 1.352941 -0.076742 1.222357
v 1.411765 -0.076742 1.222357
v 1.470588 -0.076742 1.222357
v 1.529412 -0.076742 1.222357
v 1.588235 -0.076742 1.222357
v 1.647059 -0.076742 1.222357
v 1.705882 -0.076742 1.222357
v 1.764706 -0.076742 1.222357
v 1.823529 -0.076742 1.222357
v 1.882353 -0.076742 1.222357
v 1.941176 -0.076742 1.222357
v 0.058824 -0.074014 1.221821
v 0.117647 -0.074014 1.221821
v 0.176471 -0.074014 1.221821
v 0.235294 -0.074014 1.221821
v 0.294118 -0.074014 1.221821
v 0.352941 -0.074014 1.221821
v 0.411765 -0.074014 1.221821
v 0.470588 -0.074014 1.221821
v 0.529412 -0.074014 1.221821
v 0.588235 -0.074014 1.221821
v 0.647059 -0.074014 1.221821
v 0.705882 -0.074014 1.221821
v 0.764706 -0.074014 1.221821
v 0.823529 -0.074014 1.221821
v 0.882353 -0.074014 1.221821
v 0.941176 -0.074014 1.221821
v 1.000000 -0.074014 1.221821
v 1.058824 -0.074014 1.221821
v 1.117647 -0.074014 1.221821
v 1.176471 -0.074014 1.221821
v 1.235294 -0.074014 1.221821
v 1.294118 -0.074014 1.221821
v 1.352941 -0.074014 1.221821
v 1.411765 -0.074014 1.221821
v 1.470588 -0.074014 1.221821
v 1.529412 -0.074014 1.221821
v 1.588235 -0.074014 1.221821
v 1.647059 -0.074014 1.221821
v 1.705882 -0.074014 1.221821
v 1.764706 -0.074014 1.221821
v 1.823529 -0.074014 1.221821
v 1.882353 -0.074014 1.221821
v 1.941176 -0.074014 1.221821
vt -2.000000 0.017123 0.000000
vt -1.777778 0.017123 0.000000
vt -2.000000 0.028539 0.000000
vt -1.555556 0.017123 0.000000
vt -1.333333 0.017123 0.000000
vt -1.333333 0.005708 0.000000
vt -1.111111 0.005708 0.000000
vt -1.111111 -0.005708 0.000000
vt -0.888889 -0.005708 0.000000
vt -0.888889 -0.017123 0.000000
vt -0.666667 -0.017123 0.000000
vt -0.000000 -0.028539 0.000000
vt -0.444444 -0.017123 0.000000
vt -0.222222 -0.017123 0.000000
vt -0.444444 -0.005708 0.000000
vt -0.222222 -0.005708 0.000000
vt -0.444444 0.005708 0.000000
vt -0.222222 0.005708 0.000000
vt -0.444444 0.017123 0.000000
vt -0.222222 0.017123 0.000000
vt -0.000000 0.028539 0.000000
vt -0.000000 0.017123 0.000000
vt -0.000000 0.005708 0.000000
vt -0.000000 -0.005708 0.000000
vt -0.000000 -0.017123 0.000000
vt -1.777778 0.005708 0.000000
vt -2.000000 0.005708 0.000000
vt -1.777778 -0.005708 0.000000
vt -2.000000 -0.005708 0.000000
vt -1.777778 -0.017123 0.000000
vt -2.000000 -0.017123 0.000000
vt -2.000000 -0.028539 0.000000
vt -1.111111 -0.017123 0.000000
vt -1.333333 -0.017123 0.000000
vt -1.555556 -0.017123 0.000000
vt -1.555556 -0.005708 0.000000
vt -0.888889 0.017123 0.000000
vt -0.666667 0.017123 0.000000
vt -1.555556 0.005708 0.000000
vt -1.111111 0.017123 0.000000
vt -0.888889 0.005708 0.000000
vt -0.666667 0.005708 0.000000
vt -0.666667 -0.005708 0.000000
vt -1.333333 -0.005708 0.000000
vt 0.060352 2.000000 0.000000
vt 0.033774 2.000000 0.000000
vt 0.060352 0.000000 0.000000
vt 0.033774 0.000000 0.000000
vt -0.951420 -0.830246 0.000000
vt -0.950742 -0.803676 0.000000
vt -1.069026 -0.824430 0.000000
vt -0.951232 -0.792280 0.000000
vt -0.953273 -0.781057 0.000000
vt -0.956828 -0.770219 0.000000
vt -0.961830 -0.759967 0.000000
vt -0.968185 -0.750495 0.000000
vt -1.096857 -0.787023 0.000000
vt -0.993880 -0.716120 0.000000
vt -1.123380 -0.748677 0.000000
vt -1.018355 -0.680866 0.000000
vt -1.148563 -0.709439 0.000000
vt -1.041580 -0.644777 0.000000
vt -1.172376 -0.669354 0.000000
vt -1.063526 -0.607895 0.000000
vt -1.194790 -0.628471 0.000000
vt -1.084167 -0.570268 0.000000
vt -1.215780 -0.586838 0.000000
vt -1.103478 -0.531941 0.000000
vt -1.235319 -0.544506 0.000000
vt -1.121434 -0.492961 0.000000
vt -1.253385 -0.501523 0.000000
vt -1.138014 -0.453376 0.000000
vt -1.138816 -0.450715 0.000000
vt -1.269956 -0.457943 0.000000
vt -1.139149 -0.447955 0.000000
vt -1.139004 -0.445179 0.000000
vt -1.285012 -0.413816 0.000000
vt -1.129779 -0.379077 0.000000
vt -1.136826 -0.357388 0.000000
vt -1.130414 -0.371865 0.000000
vt -1.133101 -0.363595 0.000000
vt -1.129626 -0.376650 0.000000
vt -1.129839 -0.374228 0.000000
vt -1.134024 -0.361346 0.000000
vt -1.135276 -0.359261 0.000000
vt -1.298535 -0.369196 0.000000
vt -1.183143 -0.309332 0.000000
vt -1.184893 -0.307172 0.000000
vt -1.310510 -0.324136 0.000000
vt -1.186245 -0.304743 0.000000
vt -1.187160 -0.302119 0.000000
vt -1.320921 -0.278688 0.000000
vt -1.197161 -0.259674 0.000000
vt -1.329757 -0.232909 0.000000
vt -1.205645 -0.216899 0.000000
vt -1.337007 -0.186851 0.000000
vt -1.212601 -0.173850 0.000000
vt -1.342661 -0.140571 0.000000
vt -1.218020 -0.130581 0.000000
vt -1.346715 -0.094123 0.000000
vt -1.221896 -0.087146 0.000000
vt -1.349162 -0.047563 0.000000
vt -1.224224 -0.043601 0.000000
vt -1.350000 -0.000946 0.000000
vt -1.225000 -0.000000 0.000000
vt -1.349227 0.045672 0.000000
vt -1.224224 0.043601 0.000000
vt -1.346845 0.092236 0.000000
vt -1.221896 0.087146 0.000000
vt -1.342857 0.138690 0.000000
vt -1.218020 0.130581 0.000000
vt -1.337267 0.184978 0.000000
vt -1.212601 0.173850 0.000000
vt -1.330082 0.231045 0.000000
vt -1.205645 0.216899 0.000000
vt -1.321310 0.276837 0.000000
vt -1.197161 0.259674 0.000000
vt -1.310963 0.322299 0.000000
vt -1.187160 0.302119 0.000000
vt -1.186245 0.304743 0.000000
vt -1.184893 0.307172 0.000000
vt -1.299051 0.367376 0.000000
vt -1.183143 0.309332 0.000000
vt -1.136826 0.357388 0.000000
vt -1.135276 0.359261 0.000000
vt -1.134024 0.361346 0.000000
vt -1.133101 0.363595 0.000000
vt -1.130414 0.371865 0.000000
vt -1.129839 0.374228 0.000000
vt -1.129626 0.376650 0.000000
vt -1.129779 0.379077 0.000000
vt -1.285591 0.412016 0.000000
vt -1.139004 0.445179 0.000000
vt -1.270596 0.456163 0.000000
vt -1.139149 0.447955 0.000000
vt -1.138816 0.450715 0.000000
vt -1.254087 0.499767 0.000000
vt -1.138014 0.453376 0.000000
vt -1.121156 0.493593 0.000000
vt -1.236081 0.542774 0.000000
vt -1.102877 0.533185 0.000000
vt -1.216601 0.585134 0.000000
vt -1.083201 0.572101 0.000000
vt -1.195670 0.626796 0.000000
vt -1.062153 0.610292 0.000000
vt -1.173312 0.667711 0.000000
vt -1.039758 0.647710 0.000000
vt -1.149556 0.707829 0.000000
vt -1.016046 0.684307 0.000000
vt -1.124428 0.747103 0.000000
vt -0.991046 0.720037 0.000000
vt -1.097958 0.785485 0.000000
vt -0.964790 0.754854 0.000000
vt -1.070180 0.822931 0.000000
vt -0.937312 0.788715 0.000000
vt -1.041124 0.859395 0.000000
vt -0.908646 0.821576 0.000000
vt -1.010827 0.894834 0.000000
vt -0.878828 0.853397 0.000000
vt -0.979324 0.929206 0.000000
vt -0.847897 0.884136 0.000000
vt -0.946653 0.962469 0.000000
vt -0.815891 0.913754 0.000000
vt -0.912853 0.994585 0.000000
vt -0.782852 0.942214 0.000000
vt -0.877964 1.025514 0.000000
vt -0.780569 0.943800 0.000000
vt -0.778047 0.944970 0.000000
vt -0.842028 1.055220 0.000000
vt -0.775362 0.945689 0.000000
vt -0.805088 1.083667 0.000000
vt -0.709645 0.957343 0.000000
vt -0.691195 0.970747 0.000000
vt -0.695947 0.965286 0.000000
vt -0.692497 0.968694 0.000000
vt -0.694093 0.966859 0.000000
vt -0.707289 0.957946 0.000000
vt -0.705051 0.958898 0.000000
vt -0.702982 0.960175 0.000000
vt -0.659804 1.029647 0.000000
vt -0.767187 1.110822 0.000000
vt -0.658290 1.031979 0.000000
vt -0.656398 1.034015 0.000000
vt -0.654185 1.035697 0.000000
vt -0.728371 1.136651 0.000000
vt -0.616907 1.058324 0.000000
vt -0.688686 1.161125 0.000000
vt -0.578848 1.079611 0.000000
vt -0.648180 1.184214 0.000000
vt -0.540056 1.099529 0.000000
vt -0.606901 1.205890 0.000000
vt -0.500579 1.118055 0.000000
vt -0.564898 1.226128 0.000000
vt -0.460467 1.135163 0.000000
vt -0.522221 1.244904 0.000000
vt -0.419773 1.150833 0.000000
vt -0.478921 1.262195 0.000000
vt -0.378546 1.165044 0.000000
vt -0.435050 1.277980 0.000000
vt -0.390659 1.292240 0.000000
vt -0.336839 1.177779 0.000000
vt -0.345803 1.304960 0.000000
vt -0.294706 1.189022 0.000000
vt -0.300535 1.316123 0.000000
vt -0.252199 1.198758 0.000000
vt -0.254908 1.325716 0.000000
vt -0.209373 1.206975 0.000000
vt -0.208977 1.333727 0.000000
vt -0.166281 1.213662 0.000000
vt -0.162797 1.340148 0.000000
vt -0.122979 1.218811 0.000000
vt -0.116422 1.344971 0.000000
vt -0.079521 1.222416 0.000000
vt -0.069909 1.348189 0.000000
vt -0.076742 1.222357 0.000000
vt -0.074014 1.221821 0.000000
vt -0.023312 1.349799 0.000000
vt -0.071419 1.220825 0.000000
vt 0.011403 1.191625 0.000000
vt -0.011403 1.191625 0.000000
vt 0.004348 1.190000 0.000000
vt -0.004348 1.190000 0.000000
vt -0.009142 1.190729 0.000000
vt -0.006773 1.190183 0.000000
vt 0.006773 1.190183 0.000000
vt 0.009142 1.190729 0.000000
vt 0.071419 1.220825 0.000000
vt 0.023312 1.349799 0.000000
vt 0.074014 1.221821 0.000000
vt 0.069909 1.348189 0.000000
vt 0.076742 1.222357 0.000000
vt 0.079521 1.222416 0.000000
vt 0.116422 1.344971 0.000000
vt 0.122979 1.218811 0.000000
vt 0.162797 1.340148 0.000000
vt 0.166281 1.213662 0.000000
vt 0.208977 1.333727 0.000000
vt 0.209373 1.206975 0.000000
vt 0.254908 1.325716 0.000000
vt 0.252199 1.198758 0.000000
vt 0.300535 1.316123 0.000000
vt 0.294706 1.189022 0.000000
vt 0.345803 1.304960 0.000000
vt 0.336839 1.177779 0.000000
vt 0.390659 1.292240 0.000000
vt 0.378546 1.165044 0.000000
vt 0.435050 1.277980 0.000000
vt 0.478921 1.262195 0.000000
vt 0.419773 1.150833 0.000000
vt 0.522221 1.244904 0.000000
vt 0.460467 1.135163 0.000000
vt 0.564898 1.226128 0.000000
vt 0.500579 1.118055 0.000000
vt 0.606901 1.205890 0.000000
vt 0.540056 1.099529 0.000000
vt 0.648180 1.184214 0.000000
vt 0.578848 1.079611 0.000000
vt 0.688686 1.161125 0.000000
vt 0.616907 1.058324 0.000000
vt 0.728371 1.136651 0.000000
vt 0.654185 1.035697 0.000000
vt 0.767187 1.110822 0.000000
vt 0.656398 1.034015 0.000000
vt 0.658290 1.031979 0.000000
vt 0.659804 1.029647 0.000000
vt 0.805088 1.083667 0.000000
vt 0.691195 0.970747 0.000000
vt 0.709645 0.957343 0.000000
vt 0.695947 0.965286 0.000000
vt 0.702982 0.960175 0.000000
vt 0.692497 0.968694 0.000000
vt 0.694093 0.966859 0.000000
vt 0.705051 0.958898 0.000000
vt 0.707289 0.957946 0.000000
vt 0.775362 0.945689 0.000000
vt 0.842028 1.055220 0.000000
vt 0.778047 0.944970 0.000000
vt 0.877964 1.025514 0.000000
vt 0.780569 0.943800 0.000000
vt 0.782852 0.942214 0.000000
vt 0.912853 0.994585 0.000000
vt 0.815891 0.913754 0.000000
vt 0.946653 0.962469 0.000000
vt 0.847897 0.884136 0.000000
vt 0.979324 0.929206 0.000000
vt 0.878828 0.853397 0.000000
vt 1.010827 0.894834 0.000000
vt 0.908646 0.821576 0.000000
vt 1.041124 0.859395 0.000000
vt 0.937312 0.788715 0.000000
vt 1.070180 0.822931 0.000000
vt 0.964790 0.754854 0.000000
vt 1.097958 0.785485 0.000000
vt 0.991046 0.720037 0.000000
vt 1.124428 0.747103 0.000000
vt 1.016046 0.684307 0.000000
vt 1.149556 0.707829 0.000000
vt 1.039758 0.647710 0.000000
vt 1.173312 0.667711 0.000000
vt 1.062153 0.610292 0.000000
vt 1.195670 0.626796 0.000000
vt 1.083201 0.572101 0.000000
vt 1.216601 0.585134 0.000000
vt 1.102877 0.533185 0.000000
vt 1.236081 0.542774 0.000000
vt 1.121156 0.493593 0.000000
vt 1.254087 0.499767 0.000000
vt 1.138014 0.453376 0.000000
vt 1.138816 0.450715 0.000000
vt 1.270596 0.456163 0.000000
vt 1.139149 0.447955 0.000000
vt 1.139004 0.445179 0.000000
vt 1.285591 0.412016 0.000000
vt 1.129779 0.379077 0.000000
vt 1.136826 0.357388 0.000000
vt 1.130414 0.371865 0.000000
vt 1.133101 0.363595 0.000000
vt 1.129626 0.376650 0.000000
vt 1.129839 0.374228 0.000000
vt 1.134024 0.361346 0.000000
vt 1.135276 0.359261 0.000000
vt 1.299051 0.367376 0.000000
vt 1.183143 0.309332 0.000000
vt 1.184893 0.307172 0.000000
vt 1.310963 0.322299 0.000000
vt 1.186245 0.304743 0.000000
vt 1.187160 0.302119 0.000000
vt 1.197161 0.259674 0.000000
vt 1.321310 0.276837 0.000000
vt 1.205645 0.216899 0.000000
vt 1.330082 0.231045 0.000000
vt 1.212601 0.173850 0.000000
vt 1.337267 0.184978 0.000000
vt 1.218020 0.130581 0.000000
vt 1.342857 0.138690 0.000000
vt 1.221896 0.087146 0.000000
vt 1.346845 0.092236 0.000000
vt 1.224224 0.043601 0.000000
vt 1.349227 0.045672 0.000000
vt 1.225000 -0.000000 0.000000
vt 1.350000 -0.000946 0.000000
vt 1.224224 -0.043601 0.000000
vt 1.349162 -0.047563 0.000000
vt 1.221896 -0.087146 0.000000
vt 1.346715 -0.094123 0.000000
vt 1.218020 -0.130581 0.000000
vt 1.342661 -0.140571 0.000000
vt 1.212601 -0.173850 0.000000
vt 1.337007 -0.186851 0.000000
vt 1.205645 -0.216899 0.000000
vt 1.329757 -0.232909 0.000000
vt 1.197161 -0.259674 0.000000
vt 1.320921 -0.278688 0.000000
vt 1.187160 -0.302119 0.000000
vt 1.310510 -0.324136 0.000000
vt 1.186245 -0.304743 0.000000
vt 1.184893 -0.307172 0.000000
vt 1.298535 -0.369196 0.000000
vt 1.183143 -0.309332 0.000000
vt 1.136826 -0.357388 0.000000
vt 1.135276 -0.359261 0.000000
vt 1.134024 -0.361346 0.000000
vt 1.133101 -0.363595 0.000000
vt 1.130414 -0.371865 0.000000
vt 1.129839 -0.374228 0.000000
vt 1.129626 -0.376650 0.000000
vt 1.129779 -0.379077 0.000000
vt 1.285012 -0.413816 0.000000
vt 1.139004 -0.445179 0.000000
vt 1.269956 -0.457943 0.000000
vt 1.139149 -0.447955 0.000000
vt 1.138816 -0.450715 0.000000
vt 1.253385 -0.501523 0.000000
vt 1.138014 -0.453376 0.000000
vt 1.121434 -0.492961 0.000000
vt 1.235319 -0.544506 0.000000
vt 1.103478 -0.531941 0.000000
vt 1.215780 -0.586838 0.000000
vt 1.084167 -0.570268 0.000000
vt 1.194790 -0.628471 0.000000
vt 1.063526 -0.607895 0.000000
vt 1.172376 -0.669354 0.000000
vt 1.041580 -0.644777 0.000000
vt 1.148563 -0.709439 0.000000
vt 1.018355 -0.680866 0.000000
vt 1.123380 -0.748677 0.000000
vt 0.993880 -0.716120 0.000000
vt 1.096857 -0.787023 0.000000
vt 0.968185 -0.750495 0.000000
vt 1.069026 -0.824430 0.000000
vt 0.961830 -0.759967 0.000000
vt 0.956828 -0.770219 0.000000
vt 0.953273 -0.781057 0.000000
vt 0.951232 -0.792280 0.000000
vt 0.950742 -0.803676 0.000000
vt 0.951420 -0.830246 0.000000
vt 1.039919 -0.860853 0.000000
vt 0.952388 -0.838840 0.000000
vt 0.954822 -0.847139 0.000000
vt 0.958649 -0.854894 0.000000
vt 0.963756 -0.861874 0.000000
vt 1.033849 -0.867013 0.000000
vt 0.969989 -0.867869 0.000000
vt 1.026808 -0.872035 0.000000
vt 0.977163 -0.872700 0.000000
vt 1.019007 -0.875769 0.000000
vt 0.985061 -0.876223 0.000000
vt 1.010679 -0.878102 0.000000
vt 0.993448 -0.878333 0.000000
vt 1.002074 -0.878965 0.000000
vt -1.039919 -0.860853 0.000000
vt -0.952388 -0.838840 0.000000
vt -0.954822 -0.847139 0.000000
vt -0.958649 -0.854894 0.000000
vt -0.963756 -0.861874 0.000000
vt -1.033849 -0.867013 0.000000
vt -0.969989 -0.867869 0.000000
vt -1.026808 -0.872035 0.000000
vt -0.977163 -0.872700 0.000000
vt -1.019007 -0.875769 0.000000
vt -0.985061 -0.876223 0.000000
vt -1.010679 -0.878102 0.000000
vt -0.993448 -0.878333 0.000000
vt -1.002074 -0.878965 0.000000
vt -0.000000 0.017123 0.000000
vt 0.222222 0.017123 0.000000
vt -0.000000 0.028539 0.000000
vt 0.444444 0.017123 0.000000
vt 0.666667 0.017123 0.000000
vt 0.666667 0.005708 0.000000
vt 0.888889 0.005708 0.000000
vt 0.888889 -0.005708 0.000000
vt 1.111111 -0.005708 0.000000
vt 1.111111 -0.017123 0.000000
vt 1.333333 -0.017123 0.000000
vt 2.000000 -0.028539 0.000000
vt 1.555556 -0.017123 0.000000
vt 1.777778 -0.017123 0.000000
vt 1.555556 -0.005708 0.000000
vt 1.777778 -0.005708 0.000000
vt 1.555556 0.005708 0.000000
vt 1.777778 0.005708 0.000000
vt 1.555556 0.017123 0.000000
vt 1.777778 0.017123 0.000000
vt 2.000000 0.028539 0.000000
vt 2.000000 0.017123 0.000000
vt 2.000000 0.005708 0.000000
vt 2.000000 -0.005708 0.000000
vt 2.000000 -0.017123 0.000000
vt 0.222222 0.005708 0.000000
vt -0.000000 0.005708 0.000000
vt 0.222222 -0.005708 0.000000
vt -0.000000 -0.005708 0.000000
vt 0.222222 -0.017123 0.000000
vt -0.000000 -0.017123 0.000000
vt -0.000000 -0.028539 0.000000
vt 0.888889 -0.017123 0.000000
vt 0.666667 -0.017123 0.000000
vt 0.444444 -0.017123 0.000000
vt 0.444444 -0.005708 0.000000
vt 1.111111 0.017123 0.000000
vt 1.333333 0.017123 0.000000
vt 0.444444 0.005708 0.000000
vt 0.888889 0.017123 0.000000
vt 1.111111 0.005708 0.000000
vt 1.333333 0.005708 0.000000
vt 1.333333 -0.005708 0.000000
vt 0.666667 -0.005708 0.000000
vt 0.000000 -0.764856 0.000000
vt 0.000000 -0.807775 0.000000
vt 0.666667 -0.764856 0.000000
vt 2.000000 -0.807775 0.000000
vt 1.333333 -0.764856 0.000000
vt 2.000000 -0.764856 0.000000
vt 1.333333 -0.721937 0.000000
vt 2.000000 -0.721937 0.000000
vt 1.333333 -0.679017 0.000000
vt 2.000000 -0.679017 0.000000
vt 1.333333 -0.636098 0.000000
vt 2.000000 -0.636098 0.000000
vt 1.333333 -0.593179 0.000000
vt 2.000000 -0.593179 0.000000
vt 1.333333 -0.550260 0.000000
vt 2.000000 -0.550260 0.000000
vt 1.333333 -0.507341 0.000000
vt 2.000000 -0.507341 0.000000
vt 2.000000 -0.464422 0.000000
vt 0.000000 -0.464422 0.000000
vt 0.666667 -0.507341 0.000000
vt 0.666667 -0.550260 0.000000
vt 0.666667 -0.593179 0.000000
vt 0.666667 -0.636098 0.000000
vt 0.666667 -0.679017 0.000000
vt 0.666667 -0.721937 0.000000
vt 0.000000 -0.507341 0.000000
vt 0.000000 -0.550260 0.000000
vt 0.000000 -0.593179 0.000000
vt 0.000000 -0.636098 0.000000
vt 0.000000 -0.679017 0.000000
vt 0.000000 -0.721937 0.000000
vt -0.000000 0.051956 0.000000
vt 0.181818 0.051956 0.000000
vt -0.000000 0.060615 0.000000
vt 0.363636 0.051956 0.000000
vt 0.545455 0.051956 0.000000
vt 0.545455 0.043296 0.000000
vt 0.727273 0.043296 0.000000
vt 0.727273 0.034637 0.000000
vt 0.909091 0.034637 0.000000
vt 0.909091 0.025978 0.000000
vt 1.090909 0.025978 0.000000
vt 1.090909 0.017319 0.000000
vt 1.272727 0.017319 0.000000
vt 1.272727 0.008659 0.000000
vt 1.454545 0.008659 0.000000
vt 1.454545 -0.000000 0.000000
vt 1.636364 -0.000000 0.000000
vt 1.636364 -0.008659 0.000000
vt 1.818182 -0.008659 0.000000
vt 1.818182 -0.017319 0.000000
vt 2.000000 -0.017319 0.000000
vt 2.000000 -0.025978 0.000000
vt 1.818182 -0.025978 0.000000
vt 2.000000 -0.034637 0.000000
vt 1.818182 -0.034637 0.000000
vt 2.000000 -0.043296 0.000000
vt 1.818182 -0.043296 0.000000
vt 2.000000 -0.051956 0.000000
vt 1.818182 -0.051956 0.000000
vt 2.000000 -0.060615 0.000000
vt 1.636364 -0.051956 0.000000
vt 1.454545 -0.051956 0.000000
vt 1.454545 -0.043296 0.000000
vt 1.272727 -0.043296 0.000000
vt 1.272727 -0.034637 0.000000
vt 1.090909 -0.034637 0.000000
vt 1.090909 -0.025978 0.000000
vt 0.909091 -0.025978 0.000000
vt 0.909091 -0.017319 0.000000
vt 0.727273 -0.017319 0.000000
vt 0.727273 -0.008659 0.000000
vt 0.545455 -0.008659 0.000000
vt 0.545455 -0.000000 0.000000
vt 0.363636 -0.000000 0.000000
vt 0.363636 0.008659 0.000000
vt 0.181818 0.008659 0.000000
vt 0.181818 0.017319 0.000000
vt -0.000000 0.017319 0.000000
vt -0.000000 0.025978 0.000000
vt 0.181818 0.025978 0.000000
vt -0.000000 0.034637 0.000000
vt 0.181818 0.034637 0.000000
vt -0.000000 0.043296 0.000000
vt 0.181818 0.043296 0.000000
vt -0.000000 0.008659 0.000000
vt 0.181818 -0.000000 0.000000
vt 0.363636 -0.008659 0.000000
vt 0.545455 -0.017319 0.000000
vt 0.727273 -0.025978 0.000000
vt 0.909091 -0.034637 0.000000
vt 1.090909 -0.043296 0.000000
vt 1.272727 -0.051956 0.000000
vt -0.000000 -0.000000 0.000000
vt 0.181818 -0.008659 0.000000
vt 0.363636 -0.017319 0.000000
vt 0.545455 -0.025978 0.000000
vt 0.727273 -0.034637 0.000000
vt 0.909091 -0.043296 0.000000
vt 1.090909 -0.051956 0.000000
vt -0.000000 -0.008659 0.000000
vt 0.181818 -0.017319 0.000000
vt 0.363636 -0.025978 0.000000
vt 0.545455 -0.034637 0.000000
vt 0.727273 -0.043296 0.000000
vt 0.909091 -0.051956 0.000000
vt 0.000000 -0.017319 0.000000
vt 0.181818 -0.025978 0.000000
vt 0.363636 -0.034637 0.000000
vt 0.545455 -0.043296 0.000000
vt 0.727273 -0.051956 0.000000
vt 0.000000 -0.060615 0.000000
vt -0.000000 -0.025978 0.000000
vt 0.181818 -0.034637 0.000000
vt 0.363636 -0.043296 0.000000
vt 0.545455 -0.051956 0.000000
vt -0.000000 -0.034637 0.000000
vt 0.181818 -0.043296 0.000000
vt 0.363636 -0.051956 0.000000
vt 0.000000 -0.043296 0.000000
vt 0.181818 -0.051956 0.000000
vt 0.000000 -0.051956 0.000000
vt 2.000000 -0.008659 0.000000
vt 1.818182 -0.000000 0.000000
vt 1.636364 0.008659 0.000000
vt 1.454545 0.017319 0.000000
vt 1.272727 0.025978 0.000000
vt 1.090909 0.034637 0.000000
vt 0.909091 0.043296 0.000000
vt 0.727273 0.051956 0.000000
vt 2.000000 -0.000000 0.000000
vt 1.818182 0.008659 0.000000
vt 1.636364 0.017319 0.000000
vt 1.454545 0.025978 0.000000
vt 1.272727 0.034637 0.000000
vt 1.090909 0.043296 0.000000
vt 0.909091 0.051956 0.000000
vt 2.000000 0.008659 0.000000
vt 1.818182 0.017319 0.000000
vt 1.636364 0.025978 0.000000
vt 1.454545 0.034637 0.000000
vt 1.272727 0.043296 0.000000
vt 1.090909 0.051956 0.000000
vt 2.000000 0.017319 0.000000
vt 1.818182 0.025978 0.000000
vt 1.636364 0.034637 0.000000
vt 1.454545 0.043296 0.000000
vt 1.272727 0.051956 0.000000
vt 2.000000 0.060615 0.000000
vt 2.000000 0.025978 0.000000
vt 1.818182 0.034637 0.000000
vt 1.636364 0.043296 0.000000
vt 1.454545 0.051956 0.000000
vt 2.000000 0.034637 0.000000
vt 1.818182 0.043296 0.000000
vt 1.636364 0.051956 0.000000
vt 2.000000 0.043296 0.000000
vt 1.818182 0.051956 0.000000
vt 2.000000 0.051956 0.000000
vt 0.363636 0.043296 0.000000
vt 0.363636 0.034637 0.000000
vt 0.363636 0.025978 0.000000
vt 0.363636 0.017319 0.000000
vt 0.545455 0.034637 0.000000
vt 0.727273 0.025978 0.000000
vt 0.909091 0.017319 0.000000
vt 1.090909 0.008659 0.000000
vt 1.272727 -0.000000 0.000000
vt 1.454545 -0.008659 0.000000
vt 1.636364 -0.017319 0.000000
vt 0.545455 0.025978 0.000000
vt 0.545455 0.017319 0.000000
vt 0.545455 0.008659 0.000000
vt 0.727273 0.017319 0.000000
vt 0.909091 0.008659 0.000000
vt 1.090909 -0.000000 0.000000
vt 1.272727 -0.008659 0.000000
vt 1.454545 -0.017319 0.000000
vt 1.636364 -0.025978 0.000000
vt 0.727273 0.008659 0.000000
vt 0.727273 -0.000000 0.000000
vt 0.909091 -0.000000 0.000000
vt 1.090909 -0.008659 0.000000
vt 1.272727 -0.017319 0.000000
vt 1.454545 -0.025978 0.000000
vt 1.636364 -0.034637 0.000000
vt 0.909091 -0.008659 0.000000
vt 1.090909 -0.017319 0.000000
vt 1.272727 -0.025978 0.000000
vt 1.454545 -0.034637 0.000000
vt 1.636364 -0.043296 0.000000
vt -2.000000 -0.886855 0.000000
vt -2.000000 -0.933482 0.000000
vt -1.000000 -0.886855 0.000000
vt -0.000000 -0.933482 0.000000
vt -0.000000 -0.886855 0.000000
vt -1.000000 -0.840229 0.000000
vt -0.000000 -0.840229 0.000000
vt -1.000000 -0.793602 0.000000
vt -0.000000 -0.793602 0.000000
vt -1.000000 -0.746975 0.000000
vt -0.000000 -0.746975 0.000000
vt -1.000000 -0.700348 0.000000
vt -0.000000 -0.700348 0.000000
vt -1.000000 -0.653721 0.000000
vt -0.000000 -0.653721 0.000000
vt -1.000000 -0.607095 0.000000
vt -0.000000 -0.607095 0.000000
vt -1.000000 -0.560468 0.000000
vt -0.000000 -0.560468 0.000000
vt -1.000000 -0.513841 0.000000
vt -0.000000 -0.513841 0.000000
vt -1.000000 -0.467214 0.000000
vt -0.000000 -0.467214 0.000000
vt -1.000000 -0.420587 0.000000
vt -0.000000 -0.420587 0.000000
vt -1.000000 -0.373960 0.000000
vt -0.000000 -0.373960 0.000000
vt -1.000000 -0.327334 0.000000
vt -0.000000 -0.327334 0.000000
vt -1.000000 -0.280707 0.000000
vt -0.000000 -0.280707 0.000000
vt -1.000000 -0.234080 0.000000
vt -0.000000 -0.234080 0.000000
vt -1.000000 -0.187453 0.000000
vt -0.000000 -0.187453 0.000000
vt -1.000000 -0.140826 0.000000
vt -0.000000 -0.140826 0.000000
vt -1.000000 -0.094199 0.000000
vt -0.000000 -0.094199 0.000000
vt -1.000000 -0.047573 0.000000
vt -0.000000 -0.047573 0.000000
vt -1.000000 -0.000946 0.000000
vt -0.000000 -0.000946 0.000000
vt -1.000000 0.045681 0.000000
vt -0.000000 0.045681 0.000000
vt -1.000000 0.092308 0.000000
vt -0.000000 0.092308 0.000000
vt -1.000000 0.138935 0.000000
vt -0.000000 0.138935 0.000000
vt -1.000000 0.185562 0.000000
vt -0.000000 0.185562 0.000000
vt -1.000000 0.232188 0.000000
vt -0.000000 0.232188 0.000000
vt -1.000000 0.278815 0.000000
vt -0.000000 0.278815 0.000000
vt -1.000000 0.325442 0.000000
vt -0.000000 0.325442 0.000000
vt -1.000000 0.372069 0.000000
vt -0.000000 0.372069 0.000000
vt -1.000000 0.418696 0.000000
vt -0.000000 0.418696 0.000000
vt -1.000000 0.465323 0.000000
vt -0.000000 0.465323 0.000000
vt -1.000000 0.511949 0.000000
vt -0.000000 0.511949 0.000000
vt -1.000000 0.558576 0.000000
vt -0.000000 0.558576 0.000000
vt -1.000000 0.605203 0.000000
vt -0.000000 0.605203 0.000000
vt -1.000000 0.651830 0.000000
vt -0.000000 0.651830 0.000000
vt -1.000000 0.698457 0.000000
vt -0.000000 0.698457 0.000000
vt -1.000000 0.745084 0.000000
vt -0.000000 0.745084 0.000000
vt -1.000000 0.791710 0.000000
vt -0.000000 0.791710 0.000000
vt -1.000000 0.838337 0.000000
vt -0.000000 0.838337 0.000000
vt -1.000000 0.884964 0.000000
vt -0.000000 0.884964 0.000000
vt -1.000000 0.931591 0.000000
vt -0.000000 0.931591 0.000000
vt -1.000000 0.978218 0.000000
vt -0.000000 0.978218 0.000000
vt -1.000000 1.024845 0.000000
vt -0.000000 1.024845 0.000000
vt -1.000000 1.071471 0.000000
vt -0.000000 1.071471 0.000000
vt -1.000000 1.118098 0.000000
vt -0.000000 1.118098 0.000000
vt -1.000000 1.164725 0.000000
vt -0.000000 1.164725 0.000000
vt -1.000000 1.211352 0.000000
vt -0.000000 1.211352 0.000000
vt -1.000000 1.257979 0.000000
vt -0.000000 1.257979 0.000000
vt -1.000000 1.304606 0.000000
vt -0.000000 1.304606 0.000000
vt -1.000000 1.351232 0.000000
vt -0.000000 1.351232 0.000000
vt -1.000000 1.397859 0.000000
vt -0.000000 1.397859 0.000000
vt -1.000000 1.444486 0.000000
vt -0.000000 1.444486 0.000000
vt -1.000000 1.491113 0.000000
vt -0.000000 1.491113 0.000000
vt -1.000000 1.537740 0.000000
vt -0.000000 1.537740 0.000000
vt -1.000000 1.584366 0.000000
vt -0.000000 1.584366 0.000000
vt -1.000000 1.630993 0.000000
vt -0.000000 1.630993 0.000000
vt -1.000000 1.677620 0.000000
vt -0.000000 1.677620 0.000000
vt -1.000000 1.724247 0.000000
vt -0.000000 1.724247 0.000000
vt -1.000000 1.770874 0.000000
vt -0.000000 1.770874 0.000000
vt -1.000000 1.817501 0.000000
vt -0.000000 1.817501 0.000000
vt -1.000000 1.864127 0.000000
vt -0.000000 1.864127 0.000000
vt -1.000000 1.910754 0.000000
vt -0.000000 1.910754 0.000000
vt -1.000000 1.957381 0.000000
vt -0.000000 1.957381 0.000000
vt -1.000000 2.004008 0.000000
vt -0.000000 2.004008 0.000000
vt -1.000000 2.050635 0.000000
vt -0.000000 2.050635 0.000000
vt -1.000000 2.097262 0.000000
vt -0.000000 2.097262 0.000000
vt -1.000000 2.143888 0.000000
vt -0.000000 2.143888 0.000000
vt -1.000000 2.190515 0.000000
vt -0.000000 2.190515 0.000000
vt -1.000000 2.237142 0.000000
vt -0.000000 2.237142 0.000000
vt -1.000000 2.283769 0.000000
vt -0.000000 2.283769 0.000000
vt -1.000000 2.330396 0.000000
vt -0.000000 2.330396 0.000000
vt -1.000000 2.377023 0.000000
vt -0.000000 2.377023 0.000000
vt -1.000000 2.423649 0.000000
vt -0.000000 2.423649 0.000000
vt -1.000000 2.470276 0.000000
vt -0.000000 2.470276 0.000000
vt -1.000000 2.516903 0.000000
vt -0.000000 2.516903 0.000000
vt -1.000000 2.563530 0.000000
vt -0.000000 2.563530 0.000000
vt -1.000000 2.610157 0.000000
vt -0.000000 2.610157 0.000000
vt -1.000000 2.656784 0.000000
vt -0.000000 2.656784 0.000000
vt -1.000000 2.703410 0.000000
vt -0.000000 2.703410 0.000000
vt -1.000000 2.750037 0.000000
vt -0.000000 2.750037 0.000000
vt -1.000000 2.796664 0.000000
vt -0.000000 2.796664 0.000000
vt -1.000000 2.843291 0.000000
vt -0.000000 2.843291 0.000000
vt -1.000000 2.889918 0.000000
vt -0.000000 2.889918 0.000000
vt -1.000000 2.936545 0.000000
vt -0.000000 2.936545 0.000000
vt -1.000000 2.983171 0.000000
vt -0.000000 2.983171 0.000000
vt -1.000000 3.029798 0.000000
vt -0.000000 3.029798 0.000000
vt -1.000000 3.076425 0.000000
vt -0.000000 3.076425 0.000000
vt -1.000000 3.123052 0.000000
vt -0.000000 3.123052 0.000000
vt -1.000000 3.169679 0.000000
vt -0.000000 3.169679 0.000000
vt -1.000000 3.216306 0.000000
vt -0.000000 3.216306 0.000000
vt -1.000000 3.262932 0.000000
vt -0.000000 3.262932 0.000000
vt -1.000000 3.309559 0.000000
vt -0.000000 3.309559 0.000000
vt -1.000000 3.356186 0.000000
vt -0.000000 3.356186 0.000000
vt -1.000000 3.402813 0.000000
vt -0.000000 3.402813 0.000000
vt -1.000000 3.449440 0.000000
vt -0.000000 3.449440 0.000000
vt -1.000000 3.496067 0.000000
vt -0.000000 3.496067 0.000000
vt -1.000000 3.542693 0.000000
vt -0.000000 3.542693 0.000000
vt -1.000000 3.589320 0.000000
vt -0.000000 3.589320 0.000000
vt -1.000000 3.635947 0.000000
vt -0.000000 3.635947 0.000000
vt -1.000000 3.682574 0.000000
vt -0.000000 3.682574 0.000000
vt -1.000000 3.729201 0.000000
vt -0.000000 3.729201 0.000000
vt -1.000000 3.775828 0.000000
vt -0.000000 3.775828 0.000000
vt -1.000000 3.822454 0.000000
vt -0.000000 3.822454 0.000000
vt -1.000000 3.869081 0.000000
vt -0.000000 3.869081 0.000000
vt -1.000000 3.915708 0.000000
vt -0.000000 3.915708 0.000000
vt -1.000000 3.962335 0.000000
vt -0.000000 3.962335 0.000000
vt -1.000000 4.008962 0.000000
vt -0.000000 4.008962 0.000000
vt -1.000000 4.055588 0.000000
vt -0.000000 4.055588 0.000000
vt -1.000000 4.102215 0.000000
vt -0.000000 4.102215 0.000000
vt -1.000000 4.148842 0.000000
vt -0.000000 4.148842 0.000000
vt -1.000000 4.195469 0.000000
vt -0.000000 4.195469 0.000000
vt -1.000000 4.242096 0.000000
vt -0.000000 4.242096 0.000000
vt -1.000000 4.288723 0.000000
vt -0.000000 4.288723 0.000000
vt -1.000000 4.335349 0.000000
vt -0.000000 4.335349 0.000000
vt -1.000000 4.381976 0.000000
vt -0.000000 4.381976 0.000000
vt -1.000000 4.428603 0.000000
vt -0.000000 4.428603 0.000000
vt -1.000000 4.475230 0.000000
vt -0.000000 4.475230 0.000000
vt -1.000000 4.521857 0.000000
vt -0.000000 4.521857 0.000000
vt -1.000000 4.568484 0.000000
vt -0.000000 4.568484 0.000000
vt -1.000000 4.615110 0.000000
vt -0.000000 4.615110 0.000000
vt -1.000000 4.661737 0.000000
vt -0.000000 4.661737 0.000000
vt -1.000000 4.708364 0.000000
vt -0.000000 4.708364 0.000000
vt -1.000000 4.754991 0.000000
vt -0.000000 4.754991 0.000000
vt -1.000000 4.801618 0.000000
vt -0.000000 4.801618 0.000000
vt -1.000000 4.848245 0.000000
vt -0.000000 4.848245 0.000000
vt -1.000000 4.894871 0.000000
vt -0.000000 4.894871 0.000000
vt -1.000000 4.941498 0.000000
vt -0.000000 4.941498 0.000000
vt -1.000000 4.988125 0.000000
vt -0.000000 4.988125 0.000000
vt -1.000000 5.034752 0.000000
vt -0.000000 5.034752 0.000000
vt -1.000000 5.081379 0.000000
vt -0.000000 5.081379 0.000000
vt -1.000000 5.128006 0.000000
vt -0.000000 5.128006 0.000000
vt -0.000000 5.174632 0.000000
vt -2.000000 5.174632 0.000000
vt -2.000000 5.128006 0.000000
vt -2.000000 5.081379 0.000000
vt -2.000000 5.034752 0.000000
vt -2.000000 4.988125 0.000000
vt -2.000000 4.941498 0.000000
vt -2.000000 4.894871 0.000000
vt -2.000000 4.848245 0.000000
vt -2.000000 4.801618 0.000000
vt -2.000000 4.754991 0.000000
vt -2.000000 4.708364 0.000000
vt -2.000000 4.661737 0.000000
vt -2.000000 4.615110 0.000000
vt -2.000000 4.568484 0.000000
vt -2.000000 4.521857 0.000000
vt -2.000000 4.475230 0.000000
vt -2.000000 4.428603 0.000000
vt -2.000000 4.381976 0.000000
vt -2.000000 4.335349 0.000000
vt -2.000000 4.288723 0.000000
vt -2.000000 4.242096 0.000000
vt -2.000000 4.195469 0.000000
vt -2.000000 4.148842 0.000000
vt -2.000000 4.102215 0.000000
vt -2.000000 4.055588 0.000000
vt -2.000000 4.008962 0.000000
vt -2.000000 3.962335 0.000000
vt -2.000000 3.915708 0.000000
vt -2.000000 3.869081 0.000000
vt -2.000000 3.822454 0.000000
vt -2.000000 3.775828 0.000000
vt -2.000000 3.729201 0.000000
vt -2.000000 3.682574 0.000000
vt -2.000000 3.635947 0.000000
vt -2.000000 3.589320 0.000000
vt -2.000000 3.542693 0.000000
vt -2.000000 3.496067 0.000000
vt -2.000000 3.449440 0.000000
vt -2.000000 3.402813 0.000000
vt -2.000000 3.356186 0.000000
vt -2.000000 3.309559 0.000000
vt -2.000000 3.262932 0.000000
vt -2.000000 3.216306 0.000000
vt -2.000000 3.169679 0.000000
vt -2.000000 3.123052 0.000000
vt -2.000000 3.076425 0.000000
vt -2.000000 3.029798 0.000000
vt -2.000000 2.983171 0.000000
vt -2.000000 2.936545 0.000000
vt -2.000000 2.889918 0.000000
vt -2.000000 2.843291 0.000000
vt -2.000000 2.796664 0.000000
vt -2.000000 2.750037 0.000000
vt -2.000000 2.703410 0.000000
vt -2.000000 2.656784 0.000000
vt -2.000000 2.610157 0.000000
vt -2.000000 2.563530 0.000000
vt -2.000000 2.516903 0.000000
vt -2.000000 2.470276 0.000000
vt -2.000000 2.423649 0.000000
vt -2.000000 2.377023 0.000000
vt -2.000000 2.330396 0.000000
vt -2.000000 2.283769 0.000000
vt -2.000000 2.237142 0.000000
vt -2.000000 2.190515 0.000000
vt -2.000000 2.143888 0.000000
vt -2.000000 2.097262 0.000000
vt -2.000000 2.050635 0.000000
vt -2.000000 2.004008 0.000000
vt -2.000000 1.957381 0.000000
vt -2.000000 1.910754 0.000000
vt -2.000000 1.864127 0.000000
vt -2.000000 1.817501 0.000000
vt -2.000000 1.770874 0.000000
vt -2.000000 1.724247 0.000000
vt -2.000000 1.677620 0.000000
vt -2.000000 1.630993 0.000000
vt -2.000000 1.584366 0.000000
vt -2.000000 1.537740 0.000000
vt -2.000000 1.491113 0.000000
vt -2.000000 1.444486 0.000000
vt -2.000000 1.397859 0.000000
vt -2.000000 1.351232 0.000000
vt -2.000000 1.304606 0.000000
vt -2.000000 1.257979 0.000000
vt -2.000000 1.211352 0.000000
vt -2.000000 1.164725 0.000000
vt -2.000000 1.118098 0.000000
vt -2.000000 1.071471 0.000000
vt -2.000000 1.024845 0.000000
vt -2.000000 0.978218 0.000000
vt -2.000000 0.931591 0.000000
vt -2.000000 0.884964 0.000000
vt -2.000000 0.838337 0.000000
vt -2.000000 0.791710 0.000000
vt -2.000000 0.745084 0.000000
vt -2.000000 0.698457 0.000000
vt -2.000000 0.651830 0.000000
vt -2.000000 0.605203 0.000000
vt -2.000000 0.558576 0.000000
vt -2.000000 0.511949 0.000000
vt -2.000000 0.465323 0.000000
vt -2.000000 0.418696 0.000000
vt -2.000000 0.372069 0.000000
vt -2.000000 0.325442 0.000000
vt -2.000000 0.278815 0.000000
vt -2.000000 0.232188 0.000000
vt -2.000000 0.185562 0.000000
vt -2.000000 0.138935 0.000000
vt -2.000000 0.092308 0.000000
vt -2.000000 0.045681 0.000000
vt -2.000000 -0.000946 0.000000
vt -2.000000 -0.047573 0.000000
vt -2.000000 -0.094199 0.000000
vt -2.000000 -0.140826 0.000000
vt -2.000000 -0.187453 0.000000
vt -2.000000 -0.234080 0.000000
vt -2.000000 -0.280707 0.000000
vt -2.000000 -0.327334 0.000000
vt -2.000000 -0.373960 0.000000
vt -2.000000 -0.420587 0.000000
vt -2.000000 -0.467214 0.000000
vt -2.000000 -0.513841 0.000000
vt -2.000000 -0.560468 0.000000
vt -2.000000 -0.607095 0.000000
vt -2.000000 -0.653721 0.000000
vt -2.000000 -0.700348 0.000000
vt -2.000000 -0.746975 0.000000
vt -2.000000 -0.793602 0.000000
vt -2.000000 -0.840229 0.000000
vt -2.000000 0.051956 0.000000
vt -1.818182 0.051956 0.000000
vt -2.000000 0.060615 0.000000
vt -1.636364 0.051956 0.000000
vt -1.454545 0.051956 0.000000
vt -1.454545 0.043296 0.000000
vt -1.272727 0.043296 0.000000
vt -1.272727 0.034637 0.000000
vt -1.090909 0.034637 0.000000
vt -1.090909 0.025978 0.000000
vt -0.909091 0.025978 0.000000
vt -0.909091 0.017319 0.000000
vt -0.727273 0.017319 0.000000
vt -0.727273 0.008659 0.000000
vt -0.545455 0.008659 0.000000
vt -0.545455 0.000000 0.000000
vt -0.363636 0.000000 0.000000
vt -0.363636 -0.008659 0.000000
vt -0.181818 -0.008659 0.000000
vt -0.181818 -0.017319 0.000000
vt -0.000000 -0.017319 0.000000
vt -0.000000 -0.025978 0.000000
vt -0.181818 -0.025978 0.000000
vt -0.000000 -0.034637 0.000000
vt -0.181818 -0.034637 0.000000
vt -0.000000 -0.043296 0.000000
vt -0.181818 -0.043296 0.000000
vt -0.000000 -0.051956 0.000000
vt -0.181818 -0.051956 0.000000
vt -0.000000 -0.060615 0.000000
vt -0.363636 -0.051956 0.000000
vt -0.545455 -0.051956 0.000000
vt -0.545455 -0.043296 0.000000
vt -0.727273 -0.043296 0.000000
vt -0.727273 -0.034637 0.000000
vt -0.909091 -0.034637 0.000000
vt -0.909091 -0.025978 0.000000
vt -1.090909 -0.025978 0.000000
vt -1.090909 -0.017319 0.000000
vt -1.272727 -0.017319 0.000000
vt -1.272727 -0.008659 0.000000
vt -1.454545 -0.008659 0.000000
vt -1.454545 0.000000 0.000000
vt -1.636364 0.000000 0.000000
vt -1.636364 0.008659 0.000000
vt -1.818182 0.008659 0.000000
vt -1.818182 0.017319 0.000000
vt -2.000000 0.017319 0.000000
vt -2.000000 0.025978 0.000000
vt -1.818182 0.025978 0.000000
vt -2.000000 0.034637 0.000000
vt -1.818182 0.034637 0.000000
vt -2.000000 0.043296 0.000000
vt -1.818182 0.043296 0.000000
vt -2.000000 0.008659 0.000000
vt -1.818182 0.000000 0.000000
vt -1.636364 -0.008659 0.000000
vt -1.454545 -0.017319 0.000000
vt -1.272727 -0.025978 0.000000
vt -1.090909 -0.034637 0.000000
vt -0.909091 -0.043296 0.000000
vt -0.727273 -0.051956 0.000000
vt -2.000000 0.000000 0.000000
vt -1.818182 -0.008659 0.000000
vt -1.636364 -0.017319 0.000000
vt -1.454545 -0.025978 0.000000
vt -1.272727 -0.034637 0.000000
vt -1.090909 -0.043296 0.000000
vt -0.909091 -0.051956 0.000000
vt -2.000000 -0.008659 0.000000
vt -1.818182 -0.017319 0.000000
vt -1.636364 -0.025978 0.000000
vt -1.454545 -0.034637 0.000000
vt -1.272727 -0.043296 0.000000
vt -1.090909 -0.051956 0.000000
vt -2.000000 -0.017319 0.000000
vt -1.818182 -0.025978 0.000000
vt -1.636364 -0.034637 0.000000
vt -1.454545 -0.043296 0.000000
vt -1.272727 -0.051956 0.000000
vt -2.000000 -0.060615 0.000000
vt -2.000000 -0.025978 0.000000
vt -1.818182 -0.034637 0.000000
vt -1.636364 -0.043296 0.000000
vt -1.454545 -0.051956 0.000000
vt -2.000000 -0.034637 0.000000
vt -1.818182 -0.043296 0.000000
vt -1.636364 -0.051956 0.000000
vt -2.000000 -0.043296 0.000000
vt -1.818182 -0.051956 0.000000
vt -2.000000 -0.051956 0.000000
vt -0.000000 -0.008659 0.000000
vt -0.181818 0.000000 0.000000
vt -0.363636 0.008659 0.000000
vt -0.545455 0.017319 0.000000
vt -0.727273 0.025978 0.000000
vt -0.909091 0.034637 0.000000
vt -1.090909 0.043296 0.000000
vt -1.272727 0.051956 0.000000
vt -0.000000 0.000000 0.000000
vt -0.181818 0.008659 0.000000
vt -0.363636 0.017319 0.000000
vt -0.545455 0.025978 0.000000
vt -0.727273 0.034637 0.000000
vt -0.909091 0.043296 0.000000
vt -1.090909 0.051956 0.000000
vt -0.000000 0.008659 0.000000
vt -0.181818 0.017319 0.000000
vt -0.363636 0.025978 0.000000
vt -0.545455 0.034637 0.000000
vt -0.727273 0.043296 0.000000
vt -0.909091 0.051956 0.000000
vt -0.000000 0.017319 0.000000
vt -0.181818 0.025978 0.000000
vt -0.363636 0.034637 0.000000
vt -0.545455 0.043296 0.000000
vt -0.727273 0.051956 0.000000
vt -0.000000 0.060615 0.000000
vt -0.000000 0.025978 0.000000
vt -0.181818 0.034637 0.000000
vt -0.363636 0.043296 0.000000
vt -0.545455 0.051956 0.000000
vt -0.000000 0.034637 0.000000
vt -0.181818 0.043296 0.000000
vt -0.363636 0.051956 0.000000
vt -0.000000 0.043296 0.000000
vt -0.181818 0.051956 0.000000
vt -0.000000 0.051956 0.000000
vt -1.636364 0.043296 0.000000
vt -1.636364 0.034637 0.000000
vt -1.636364 0.025978 0.000000
vt -1.636364 0.017319 0.000000
vt -1.454545 0.034637 0.000000
vt -1.272727 0.025978 0.000000
vt -1.090909 0.017319 0.000000
vt -0.909091 0.008659 0.000000
vt -0.727273 0.000000 0.000000
vt -0.545455 -0.008659 0.000000
vt -0.363636 -0.017319 0.000000
vt -1.454545 0.025978 0.000000
vt -1.454545 0.017319 0.000000
vt -1.454545 0.008659 0.000000
vt -1.272727 0.017319 0.000000
vt -1.090909 0.008659 0.000000
vt -0.909091 0.000000 0.000000
vt -0.727273 -0.008659 0.000000
vt -0.545455 -0.017319 0.000000
vt -0.363636 -0.025978 0.000000
vt -1.272727 0.008659 0.000000
vt -1.272727 0.000000 0.000000
vt -1.090909 0.000000 0.000000
vt -0.909091 -0.008659 0.000000
vt -0.727273 -0.017319 0.000000
vt -0.545455 -0.025978 0.000000
vt -0.363636 -0.034637 0.000000
vt -1.090909 -0.008659 0.000000
vt -0.909091 -0.017319 0.000000
vt -0.727273 -0.025978 0.000000
vt -0.545455 -0.034637 0.000000
vt -0.363636 -0.043296 0.000000
vt -0.060352 0.000000 0.000000
vt -0.033774 0.000000 0.000000
vt -0.060352 2.000000 0.000000
vt -0.033774 2.000000 0.000000
vt 2.000000 -3.083595 0.000000
vt 2.000000 -3.040676 0.000000
vt 1.333333 -3.083595 0.000000
vt 0.000000 -3.040676 0.000000
vt 0.666667 -3.083595 0.000000
vt 0.000000 -3.083595 0.000000
vt 0.666667 -3.126514 0.000000
vt 0.000000 -3.126514 0.000000
vt 0.666667 -3.169434 0.000000
vt 0.000000 -3.169434 0.000000
vt 0.666667 -3.212353 0.000000
vt -0.000000 -3.212353 0.000000
vt 0.666667 -3.255272 0.000000
vt -0.000000 -3.255272 0.000000
vt 0.666667 -3.298191 0.000000
vt 0.000000 -3.298191 0.000000
vt 0.666667 -3.341110 0.000000
vt 0.000000 -3.341110 0.000000
vt 0.000000 -3.384029 0.000000
vt 2.000000 -3.384029 0.000000
vt 1.333333 -3.341110 0.000000
vt 1.333333 -3.298191 0.000000
vt 1.333333 -3.255272 0.000000
vt 1.333333 -3.212353 0.000000
vt 1.333333 -3.169434 0.000000
vt 1.333333 -3.126514 0.000000
vt 2.000000 -3.341110 0.000000
vt 2.000000 -3.298191 0.000000
vt 2.000000 -3.255272 0.000000
vt 2.000000 -3.212353 0.000000
vt 2.000000 -3.169434 0.000000
vt 2.000000 -3.126514 0.000000
vt 0.961830 -0.759967 0.000000
vt 1.069026 -0.824430 0.000000
vt 0.968185 -0.750495 0.000000
vt 1.096857 -0.787023 0.000000
vt 0.993880 -0.716120 0.000000
vt 1.123380 -0.748677 0.000000
vt 1.018355 -0.680866 0.000000
vt 1.148563 -0.709439 0.000000
vt 1.041580 -0.644777 0.000000
vt 1.172376 -0.669354 0.000000
vt 1.063526 -0.607895 0.000000
vt 1.194790 -0.628471 0.000000
vt 1.084167 -0.570268 0.000000
vt 1.215780 -0.586838 0.000000
vt 1.103478 -0.531941 0.000000
vt 1.235319 -0.544506 0.000000
vt 1.121434 -0.492961 0.000000
vt 1.253385 -0.501523 0.000000
vt 1.138014 -0.453376 0.000000
vt 1.138816 -0.450715 0.000000
vt 1.269956 -0.457943 0.000000
vt 1.139149 -0.447955 0.000000
vt 1.139004 -0.445179 0.000000
vt 1.285012 -0.413816 0.000000
vt 1.129779 -0.379077 0.000000
vt 1.136826 -0.357388 0.000000
vt 1.130414 -0.371865 0.000000
vt 1.133101 -0.363595 0.000000
vt 1.134024 -0.361346 0.000000
vt 1.135276 -0.359261 0.000000
vt 0.956828 -0.770219 0.000000
vt 0.953273 -0.781057 0.000000
vt 0.951232 -0.792280 0.000000
vt 0.950742 -0.803676 0.000000
vt 0.951420 -0.830246 0.000000
vt 1.039919 -0.860853 0.000000
vt 0.952388 -0.838840 0.000000
vt 0.954822 -0.847139 0.000000
vt 0.958649 -0.854894 0.000000
vt 0.963756 -0.861874 0.000000
vt 1.033849 -0.867013 0.000000
vt 0.969989 -0.867869 0.000000
vt 1.026808 -0.872035 0.000000
vt 0.977163 -0.872700 0.000000
vt 1.019007 -0.875769 0.000000
vt 0.985061 -0.876223 0.000000
vt 1.010679 -0.878102 0.000000
vt 0.993448 -0.878333 0.000000
vt 1.002074 -0.878965 0.000000
vt 1.298535 -0.369196 0.000000
vt 1.183143 -0.309332 0.000000
vt 1.184893 -0.307172 0.000000
vt 1.310510 -0.324136 0.000000
vt 1.186245 -0.304743 0.000000
vt 1.187160 -0.302119 0.000000
vt 1.320921 -0.278688 0.000000
vt 1.197161 -0.259674 0.000000
vt 1.329757 -0.232909 0.000000
vt 1.205645 -0.216899 0.000000
vt 1.337007 -0.186851 0.000000
vt 1.212601 -0.173850 0.000000
vt 1.342661 -0.140571 0.000000
vt 1.218020 -0.130581 0.000000
vt 1.346715 -0.094123 0.000000
vt 1.221896 -0.087146 0.000000
vt 1.349162 -0.047563 0.000000
vt 1.224224 -0.043601 0.000000
vt 1.350000 -0.000946 0.000000
vt 1.225000 -0.000000 0.000000
vt 1.349227 0.045672 0.000000
vt 1.224224 0.043601 0.000000
vt 1.346845 0.092236 0.000000
vt 1.221896 0.087146 0.000000
vt 1.342857 0.138690 0.000000
vt 1.218020 0.130581 0.000000
vt 1.337267 0.184978 0.000000
vt 1.212601 0.173850 0.000000
vt 1.330082 0.231045 0.000000
vt 1.205645 0.216899 0.000000
vt 1.321310 0.276837 0.000000
vt 1.197161 0.259674 0.000000
vt 1.310963 0.322299 0.000000
vt 1.187160 0.302119 0.000000
vt 1.186245 0.304743 0.000000
vt 1.184893 0.307172 0.000000
vt 1.299051 0.367376 0.000000
vt 1.183143 0.309332 0.000000
vt 1.136826 0.357388 0.000000
vt 1.285591 0.412016 0.000000
vt 1.129779 0.379077 0.000000
vt 1.139004 0.445179 0.000000
vt 1.270596 0.456163 0.000000
vt 1.139149 0.447955 0.000000
vt 1.138816 0.450715 0.000000
vt 1.254087 0.499767 0.000000
vt 1.138014 0.453376 0.000000
vt 1.121156 0.493593 0.000000
vt 1.236081 0.542774 0.000000
vt 1.102877 0.533185 0.000000
vt 1.216601 0.585134 0.000000
vt 1.083201 0.572101 0.000000
vt 1.195670 0.626796 0.000000
vt 1.062153 0.610292 0.000000
vt 1.173312 0.667711 0.000000
vt 1.039758 0.647710 0.000000
vt 1.149556 0.707829 0.000000
vt 1.016046 0.684307 0.000000
vt 1.124428 0.747103 0.000000
vt 0.991046 0.720037 0.000000
vt 1.097958 0.785485 0.000000
vt 0.964790 0.754854 0.000000
vt 1.070180 0.822931 0.000000
vt 0.937312 0.788715 0.000000
vt 1.041124 0.859395 0.000000
vt 0.908646 0.821576 0.000000
vt 1.010827 0.894834 0.000000
vt 0.878828 0.853397 0.000000
vt 0.979324 0.929206 0.000000
vt 0.847897 0.884136 0.000000
vt 0.946653 0.962469 0.000000
vt 0.815891 0.913754 0.000000
vt 0.912853 0.994585 0.000000
vt 0.782852 0.942214 0.000000
vt 0.877964 1.025514 0.000000
vt 0.780569 0.943800 0.000000
vt 0.778047 0.944970 0.000000
vt 0.842028 1.055220 0.000000
vt 0.775362 0.945689 0.000000
vt 0.805088 1.083667 0.000000
vt 0.709645 0.957343 0.000000
vt 0.691195 0.970747 0.000000
vt 0.695947 0.965286 0.000000
vt 0.692497 0.968694 0.000000
vt 0.694093 0.966859 0.000000
vt 0.659804 1.029647 0.000000
vt 0.767187 1.110822 0.000000
vt 0.658290 1.031979 0.000000
vt 0.656398 1.034015 0.000000
vt 0.654185 1.035697 0.000000
vt 0.728371 1.136651 0.000000
vt 0.616907 1.058324 0.000000
vt 0.688686 1.161125 0.000000
vt 0.578848 1.079611 0.000000
vt 0.648180 1.184214 0.000000
vt 0.540056 1.099529 0.000000
vt 0.606901 1.205890 0.000000
vt 0.500579 1.118055 0.000000
vt 0.564898 1.226128 0.000000
vt 0.460467 1.135163 0.000000
vt 0.522221 1.244904 0.000000
vt 0.419773 1.150833 0.000000
vt 0.478921 1.262195 0.000000
vt 0.378546 1.165044 0.000000
vt 0.435050 1.277980 0.000000
vt 0.390659 1.292240 0.000000
vt 0.336839 1.177779 0.000000
vt 0.345803 1.304960 0.000000
vt 0.294706 1.189022 0.000000
vt 0.300535 1.316123 0.000000
vt 0.252199 1.198758 0.000000
vt 0.254908 1.325716 0.000000
vt 0.209373 1.206975 0.000000
vt 0.208977 1.333727 0.000000
vt 0.166281 1.213662 0.000000
vt 0.162797 1.340148 0.000000
vt 0.122979 1.218811 0.000000
vt 0.116422 1.344971 0.000000
vt 0.079521 1.222416 0.000000
vt 0.069909 1.348189 0.000000
vt 0.076742 1.222357 0.000000
vt 0.074014 1.221821 0.000000
vt 0.023312 1.349799 0.000000
vt 0.071419 1.220825 0.000000
vt -0.023312 1.349799 0.000000
vt 0.011403 1.191625 0.000000
vt -0.071419 1.220825 0.000000
vt -0.011403 1.191625 0.000000
vt -0.074014 1.221821 0.000000
vt -0.069909 1.348189 0.000000
vt -0.076742 1.222357 0.000000
vt -0.079521 1.222416 0.000000
vt -0.116422 1.344971 0.000000
vt -0.122979 1.218811 0.000000
vt -0.162797 1.340148 0.000000
vt -0.166281 1.213662 0.000000
vt -0.208977 1.333727 0.000000
vt -0.209373 1.206975 0.000000
vt -0.254908 1.325716 0.000000
vt -0.252199 1.198758 0.000000
vt -0.300535 1.316123 0.000000
vt -0.294706 1.189022 0.000000
vt -0.345803 1.304960 0.000000
vt -0.336839 1.177779 0.000000
vt -0.390659 1.292240 0.000000
vt -0.378546 1.165044 0.000000
vt -0.435050 1.277980 0.000000
vt -0.478921 1.262195 0.000000
vt -0.419773 1.150833 0.000000
vt -0.522221 1.244904 0.000000
vt -0.460467 1.135163 0.000000
vt -0.564898 1.226128 0.000000
vt -0.500579 1.118055 0.000000
vt -0.606901 1.205890 0.000000
vt -0.540056 1.099529 0.000000
vt -0.648180 1.184214 0.000000
vt -0.578848 1.079611 0.000000
vt -0.688686 1.161125 0.000000
vt -0.616907 1.058324 0.000000
vt -0.728371 1.136651 0.000000
vt -0.654185 1.035697 0.000000
vt -0.767187 1.110822 0.000000
vt -0.656398 1.034015 0.000000
vt -0.658290 1.031979 0.000000
vt -0.659804 1.029647 0.000000
vt -0.805088 1.083667 0.000000
vt -0.691195 0.970747 0.000000
vt -0.709645 0.957343 0.000000
vt -0.695947 0.965286 0.000000
vt -0.702982 0.960175 0.000000
vt -0.705051 0.958898 0.000000
vt -0.707289 0.957946 0.000000
vt -0.775362 0.945689 0.000000
vt -0.842028 1.055220 0.000000
vt -0.778047 0.944970 0.000000
vt -0.877964 1.025514 0.000000
vt -0.780569 0.943800 0.000000
vt -0.782852 0.942214 0.000000
vt -0.912853 0.994585 0.000000
vt -0.815891 0.913754 0.000000
vt -0.946653 0.962469 0.000000
vt -0.847897 0.884136 0.000000
vt -0.979324 0.929206 0.000000
vt -0.878828 0.853397 0.000000
vt -1.010827 0.894834 0.000000
vt -0.908646 0.821576 0.000000
vt -1.041124 0.859395 0.000000
vt -0.937312 0.788715 0.000000
vt -1.070180 0.822931 0.000000
vt -0.964790 0.754854 0.000000
vt -1.097958 0.785485 0.000000
vt -0.991046 0.720037 0.000000
vt -1.124428 0.747103 0.000000
vt -1.016046 0.684307 0.000000
vt -1.149556 0.707829 0.000000
vt -1.039758 0.647710 0.000000
vt -1.173312 0.667711 0.000000
vt -1.062153 0.610292 0.000000
vt -1.195670 0.626796 0.000000
vt -1.083201 0.572101 0.000000
vt -1.216601 0.585134 0.000000
vt -1.102877 0.533185 0.000000
vt -1.236081 0.542774 0.000000
vt -1.121156 0.493593 0.000000
vt -1.254087 0.499767 0.000000
vt -1.138014 0.453376 0.000000
vt -1.138816 0.450715 0.000000
vt -1.270596 0.456163 0.000000
vt -1.139149 0.447955 0.000000
vt -1.139004 0.445179 0.000000
vt -1.285591 0.412016 0.000000
vt -1.129779 0.379077 0.000000
vt -1.136826 0.357388 0.000000
vt -1.130414 0.371865 0.000000
vt -1.133101 0.363595 0.000000
vt -1.134024 0.361346 0.000000
vt -1.135276 0.359261 0.000000
vt -1.299051 0.367376 0.000000
vt -1.183143 0.309332 0.000000
vt -1.184893 0.307172 0.000000
vt -1.310963 0.322299 0.000000
vt -1.186245 0.304743 0.000000
vt -1.187160 0.302119 0.000000
vt -1.197161 0.259674 0.000000
vt -1.321310 0.276837 0.000000
vt -1.205645 0.216899 0.000000
vt -1.330082 0.231045 0.000000
vt -1.212601 0.173850 0.000000
vt -1.337267 0.184978 0.000000
vt -1.218020 0.130581 0.000000
vt -1.342857 0.138690 0.000000
vt -1.221896 0.087146 0.000000
vt -1.346845 0.092236 0.000000
vt -1.224224 0.043601 0.000000
vt -1.349227 0.045672 0.000000
vt -1.225000 -0.000000 0.000000
vt -1.350000 -0.000946 0.000000
vt -1.224224 -0.043601 0.000000
vt -1.349162 -0.047563 0.000000
vt -1.221896 -0.087146 0.000000
vt -1.346715 -0.094123 0.000000
vt -1.218020 -0.130581 0.000000
vt -1.342661 -0.140571 0.000000
vt -1.212601 -0.173850 0.000000
vt -1.337007 -0.186851 0.000000
vt -1.205645 -0.216899 0.000000
vt -1.329757 -0.232909 0.000000
vt -1.197161 -0.259674 0.000000
vt -1.320921 -0.278688 0.000000
vt -1.187160 -0.302119 0.000000
vt -1.310510 -0.324136 0.000000
vt -1.186245 -0.304743 0.000000
vt -1.184893 -0.307172 0.000000
vt -1.298535 -0.369196 0.000000
vt -1.183143 -0.309332 0.000000
vt -1.136826 -0.357388 0.000000
vt -1.285012 -0.413816 0.000000
vt -1.129779 -0.379077 0.000000
vt -1.139004 -0.445179 0.000000
vt -1.269956 -0.457943 0.000000
vt -1.139149 -0.447955 0.000000
vt -1.138816 -0.450715 0.000000
vt -1.253385 -0.501523 0.000000
vt -1.138014 -0.453376 0.000000
vt -1.121434 -0.492961 0.000000
vt -1.235319 -0.544506 0.000000
vt -1.103478 -0.531941 0.000000
vt -1.215780 -0.586838 0.000000
vt -1.084167 -0.570268 0.000000
vt -1.194790 -0.628471 0.000000
vt -1.063526 -0.607895 0.000000
vt -1.172376 -0.669354 0.000000
vt -1.041580 -0.644777 0.000000
vt -1.148563 -0.709439 0.000000
vt -1.018355 -0.680866 0.000000
vt -1.123380 -0.748677 0.000000
vt -0.993880 -0.716120 0.000000
vt -1.096857 -0.787023 0.000000
vt -0.968185 -0.750495 0.000000
vt -1.069026 -0.824430 0.000000
vt -0.961830 -0.759967 0.000000
vt -0.956828 -0.770219 0.000000
vt -0.953273 -0.781057 0.000000
vt -0.951232 -0.792280 0.000000
vt -0.950742 -0.803676 0.000000
vt -0.951420 -0.830246 0.000000
vt -1.039919 -0.860853 0.000000
vt -0.952388 -0.838840 0.000000
vt -0.954822 -0.847139 0.000000
vt -0.958649 -0.854894 0.000000
vt -0.963756 -0.861874 0.000000
vt -1.033849 -0.867013 0.000000
vt -0.969989 -0.867869 0.000000
vt -1.026808 -0.872035 0.000000
vt -0.977163 -0.872700 0.000000
vt -1.019007 -0.875769 0.000000
vt -0.985061 -0.876223 0.000000
vt -1.010679 -0.878102 0.000000
vt -0.993448 -0.878333 0.000000
vt -1.002074 -0.878965 0.000000
vt -1.130414 -0.371865 0.000000
vt -1.129626 -0.376650 0.000000
vt -1.129839 -0.374228 0.000000
vt -1.133101 -0.363595 0.000000
vt -1.134024 -0.361346 0.000000
vt -1.135276 -0.359261 0.000000
vt -1.129839 0.374228 0.000000
vt -1.129626 0.376650 0.000000
vt -0.694093 0.966859 0.000000
vt -0.692497 0.968694 0.000000
vt -0.009142 1.190729 0.000000
vt -0.004348 1.190000 0.000000
vt 0.004348 1.190000 0.000000
vt 0.009142 1.190729 0.000000
vt 0.006773 1.190183 0.000000
vt -0.006773 1.190183 0.000000
vt 0.702982 0.960175 0.000000
vt 0.705051 0.958898 0.000000
vt 0.707289 0.957946 0.000000
vt 1.130414 0.371865 0.000000
vt 1.129626 0.376650 0.000000
vt 1.129839 0.374228 0.000000
vt 1.133101 0.363595 0.000000
vt 1.134024 0.361346 0.000000
vt 1.135276 0.359261 0.000000
vt 1.129839 -0.374228 0.000000
vt 1.129626 -0.376650 0.000000
vt -2.000000 0.001392 0.000000
vt -1.941176 0.001392 0.000000
vt -2.000000 0.004175 0.000000
vt -1.882353 0.001392 0.000000
vt -1.823529 0.001392 0.000000
vt -1.823529 -0.001392 0.000000
vt -1.764706 -0.001392 0.000000
vt -2.000000 -0.004175 0.000000
vt -1.705882 -0.001392 0.000000
vt -1.647059 -0.001392 0.000000
vt -1.705882 0.001392 0.000000
vt -1.647059 0.001392 0.000000
vt -1.588235 0.001392 0.000000
vt -1.529412 0.001392 0.000000
vt -1.529412 -0.001392 0.000000
vt -1.470588 -0.001392 0.000000
vt -1.411765 -0.001392 0.000000
vt -1.352941 -0.001392 0.000000
vt -1.411765 0.001392 0.000000
vt -1.352941 0.001392 0.000000
vt -1.294118 0.001392 0.000000
vt -1.235294 0.001392 0.000000
vt -1.235294 -0.001392 0.000000
vt -1.176471 -0.001392 0.000000
vt -1.117647 -0.001392 0.000000
vt -1.058824 -0.001392 0.000000
vt -1.117647 0.001392 0.000000
vt -1.058824 0.001392 0.000000
vt -1.000000 0.001392 0.000000
vt -0.000000 0.004175 0.000000
vt -0.941176 0.001392 0.000000
vt -0.882353 0.001392 0.000000
vt -0.882353 -0.001392 0.000000
vt -0.823529 -0.001392 0.000000
vt 0.000000 -0.004175 0.000000
vt -0.764706 -0.001392 0.000000
vt -0.705882 -0.001392 0.000000
vt -0.764706 0.001392 0.000000
vt -0.705882 0.001392 0.000000
vt -0.647059 0.001392 0.000000
vt -0.588235 0.001392 0.000000
vt -0.588235 -0.001392 0.000000
vt -0.529412 -0.001392 0.000000
vt -0.470588 -0.001392 0.000000
vt -0.411765 -0.001392 0.000000
vt -0.470588 0.001392 0.000000
vt -0.411765 0.001392 0.000000
vt -0.352941 0.001392 0.000000
vt -0.294118 0.001392 0.000000
vt -0.294118 -0.001392 0.000000
vt -0.235294 -0.001392 0.000000
vt -0.176471 -0.001392 0.000000
vt -0.117647 -0.001392 0.000000
vt -0.176471 0.001392 0.000000
vt -0.117647 0.001392 0.000000
vt -0.058824 0.001392 0.000000
vt 0.000000 0.001392 0.000000
vt 0.000000 -0.001392 0.000000
vt -0.058824 -0.001392 0.000000
vt -1.941176 -0.001392 0.000000
vt -2.000000 -0.001392 0.000000
vt -1.000000 -0.001392 0.000000
vt -0.941176 -0.001392 0.000000
vt -1.882353 -0.001392 0.000000
vt -1.764706 0.001392 0.000000
vt -1.588235 -0.001392 0.000000
vt -1.470588 0.001392 0.000000
vt -1.294118 -0.001392 0.000000
vt -1.176471 0.001392 0.000000
vt -0.823529 0.001392 0.000000
vt -0.647059 -0.001392 0.000000
vt -0.529412 0.001392 0.000000
vt -0.352941 -0.001392 0.000000
vt -0.235294 0.001392 0.000000
vt 0.070458 2.000000 0.000000
vt 0.003715 2.000000 0.000000
vt 0.070458 0.000000 0.000000
vt 0.003715 0.000000 0.000000
vt -2.000000 0.001217 0.000000
vt -1.948718 0.001217 0.000000
vt -2.000000 0.003651 0.000000
vt -1.897436 0.001217 0.000000
vt -1.846154 0.001217 0.000000
vt -1.846154 -0.001217 0.000000
vt -1.794872 -0.001217 0.000000
vt -2.000000 -0.003651 0.000000
vt -1.743590 -0.001217 0.000000
vt -1.692308 -0.001217 0.000000
vt -1.743590 0.001217 0.000000
vt -1.692308 0.001217 0.000000
vt -1.641026 0.001217 0.000000
vt -1.589744 0.001217 0.000000
vt -1.589744 -0.001217 0.000000
vt -1.538462 -0.001217 0.000000
vt -1.487179 -0.001217 0.000000
vt -1.435897 -0.001217 0.000000
vt -1.487179 0.001217 0.000000
vt -1.435897 0.001217 0.000000
vt -1.384615 0.001217 0.000000
vt -1.333333 0.001217 0.000000
vt -1.333333 -0.001217 0.000000
vt -1.282051 -0.001217 0.000000
vt -1.230769 -0.001217 0.000000
vt -1.179487 -0.001217 0.000000
vt -1.230769 0.001217 0.000000
vt -1.179487 0.001217 0.000000
vt -1.128205 0.001217 0.000000
vt -1.076923 0.001217 0.000000
vt -1.076923 -0.001217 0.000000
vt -1.025641 -0.001217 0.000000
vt -0.000000 -0.003651 0.000000
vt -1.948718 -0.001217 0.000000
vt -2.000000 -0.001217 0.000000
vt -0.000000 -0.001217 0.000000
vt -0.051282 -0.001217 0.000000
vt -0.102564 -0.001217 0.000000
vt -0.153846 -0.001217 0.000000
vt -0.153846 0.001217 0.000000
vt -0.205128 0.001217 0.000000
vt -0.000000 0.003651 0.000000
vt -0.256410 0.001217 0.000000
vt -0.307692 0.001217 0.000000
vt -0.256410 -0.001217 0.000000
vt -0.307692 -0.001217 0.000000
vt -0.358974 -0.001217 0.000000
vt -0.410256 -0.001217 0.000000
vt -0.410256 0.001217 0.000000
vt -0.461538 0.001217 0.000000
vt -0.512821 0.001217 0.000000
vt -0.564103 0.001217 0.000000
vt -0.512821 -0.001217 0.000000
vt -0.564103 -0.001217 0.000000
vt -0.615385 -0.001217 0.000000
vt -0.666667 -0.001217 0.000000
vt -0.666667 0.001217 0.000000
vt -0.717949 0.001217 0.000000
vt -0.769231 0.001217 0.000000
vt -0.820513 0.001217 0.000000
vt -0.769231 -0.001217 0.000000
vt -0.820513 -0.001217 0.000000
vt -0.871795 -0.001217 0.000000
vt -0.923077 -0.001217 0.000000
vt -0.923077 0.001217 0.000000
vt -0.974359 0.001217 0.000000
vt -0.051282 0.001217 0.000000
vt -0.000000 0.001217 0.000000
vt -1.897436 -0.001217 0.000000
vt -1.794872 0.001217 0.000000
vt -1.641026 -0.001217 0.000000
vt -1.538462 0.001217 0.000000
vt -1.384615 -0.001217 0.000000
vt -1.282051 0.001217 0.000000
vt -1.128205 -0.001217 0.000000
vt -1.025641 0.001217 0.000000
vt -0.974359 -0.001217 0.000000
vt -0.871795 0.001217 0.000000
vt -0.717949 -0.001217 0.000000
vt -0.615385 0.001217 0.000000
vt -0.461538 -0.001217 0.000000
vt -0.358974 0.001217 0.000000
vt -0.205128 -0.001217 0.000000
vt -0.102564 0.001217 0.000000
vt 0.012411 2.000000 0.000000
vt 0.003715 2.000000 0.000000
vt 0.012411 0.000000 0.000000
vt 0.003715 0.000000 0.000000
vt -2.000000 0.001217 0.000000
vt -1.948718 0.001217 0.000000
vt -2.000000 0.003651 0.000000
vt -1.897436 0.001217 0.000000
vt -1.846154 0.001217 0.000000
vt -1.846154 -0.001217 0.000000
vt -1.794872 -0.001217 0.000000
vt -2.000000 -0.003651 0.000000
vt -1.743590 -0.001217 0.000000
vt -1.692308 -0.001217 0.000000
vt -1.743590 0.001217 0.000000
vt -1.692308 0.001217 0.000000
vt -1.641026 0.001217 0.000000
vt -1.589744 0.001217 0.000000
vt -1.589744 -0.001217 0.000000
vt -1.538462 -0.001217 0.000000
vt -1.487179 -0.001217 0.000000
vt -1.435897 -0.001217 0.000000
vt -1.487179 0.001217 0.000000
vt -1.435897 0.001217 0.000000
vt -1.384615 0.001217 0.000000
vt -1.333333 0.001217 0.000000
vt -1.333333 -0.001217 0.000000
vt -1.282051 -0.001217 0.000000
vt -1.230769 -0.001217 0.000000
vt -1.179487 -0.001217 0.000000
vt -1.230769 0.001217 0.000000
vt -1.179487 0.001217 0.000000
vt -1.128205 0.001217 0.000000
vt -1.076923 0.001217 0.000000
vt -1.076923 -0.001217 0.000000
vt -1.025641 -0.001217 0.000000
vt -0.000000 -0.003651 0.000000
vt -1.948718 -0.001217 0.000000
vt -2.000000 -0.001217 0.000000
vt -0.000000 -0.001217 0.000000
vt -0.051282 -0.001217 0.000000
vt -0.102564 -0.001217 0.000000
vt -0.153846 -0.001217 0.000000
vt -0.153846 0.001217 0.000000
vt -0.205128 0.001217 0.000000
vt -0.000000 0.003651 0.000000
vt -0.256410 0.001217 0.000000
vt -0.307692 0.001217 0.000000
vt -0.256410 -0.001217 0.000000
vt -0.307692 -0.001217 0.000000
vt -0.358974 -0.001217 0.000000
vt -0.410256 -0.001217 0.000000
vt -0.410256 0.001217 0.000000
vt -0.461538 0.001217 0.000000
vt -0.512821 0.001217 0.000000
vt -0.564103 0.001217 0.000000
vt -0.512821 -0.001217 0.000000
vt -0.564103 -0.001217 0.000000
vt -0.615385 -0.001217 0.000000
vt -0.666667 -0.001217 0.000000
vt -0.666667 0.001217 0.000000
vt -0.717949 0.001217 0.000000
vt -0.769231 0.001217 0.000000
vt -0.820513 0.001217 0.000000
vt -0.769231 -0.001217 0.000000
vt -0.820513 -0.001217 0.000000
vt -0.871795 -0.001217 0.000000
vt -0.923077 -0.001217 0.000000
vt -0.923077 0.001217 0.000000
vt -0.974359 0.001217 0.000000
vt -0.051282 0.001217 0.000000
vt -0.000000 0.001217 0.000000
vt -1.897436 -0.001217 0.000000
vt -1.794872 0.001217 0.000000
vt -1.641026 -0.001217 0.000000
vt -1.538462 0.001217 0.000000
vt -1.384615 -0.001217 0.000000
vt -1.282051 0.001217 0.000000
vt -1.128205 -0.001217 0.000000
vt -1.025641 0.001217 0.000000
vt -0.974359 -0.001217 0.000000
vt -0.871795 0.001217 0.000000
vt -0.717949 -0.001217 0.000000
vt -0.615385 0.001217 0.000000
vt -0.461538 -0.001217 0.000000
vt -0.358974 0.001217 0.000000
vt -0.205128 -0.001217 0.000000
vt -0.102564 0.001217 0.000000
vt 0.070998 2.000000 0.000000
vt 0.004255 2.000000 0.000000
vt 0.070998 0.000000 0.000000
vt 0.004255 0.000000 0.000000
vt -0.000000 0.001392 0.000000
vt 0.058824 0.001392 0.000000
vt 0.000000 0.004175 0.000000
vt 0.117647 0.001392 0.000000
vt 0.176471 0.001392 0.000000
vt 0.176471 -0.001392 0.000000
vt 0.235294 -0.001392 0.000000
vt -0.000000 -0.004175 0.000000
vt 0.294118 -0.001392 0.000000
vt 0.352941 -0.001392 0.000000
vt 0.294118 0.001392 0.000000
vt 0.352941 0.001392 0.000000
vt 0.411765 0.001392 0.000000
vt 0.470588 0.001392 0.000000
vt 0.470588 -0.001392 0.000000
vt 0.529412 -0.001392 0.000000
vt 0.588235 -0.001392 0.000000
vt 0.647059 -0.001392 0.000000
vt 0.588235 0.001392 0.000000
vt 0.647059 0.001392 0.000000
vt 0.705882 0.001392 0.000000
vt 0.764706 0.001392 0.000000
vt 0.764706 -0.001392 0.000000
vt 0.823529 -0.001392 0.000000
vt 0.882353 -0.001392 0.000000
vt 0.941176 -0.001392 0.000000
vt 0.882353 0.001392 0.000000
vt 0.941176 0.001392 0.000000
vt 1.000000 0.001392 0.000000
vt 2.000000 0.004175 0.000000
vt 1.058824 0.001392 0.000000
vt 1.117647 0.001392 0.000000
vt 1.117647 -0.001392 0.000000
vt 1.176471 -0.001392 0.000000
vt 2.000000 -0.004175 0.000000
vt 1.235294 -0.001392 0.000000
vt 1.294118 -0.001392 0.000000
vt 1.235294 0.001392 0.000000
vt 1.294118 0.001392 0.000000
vt 1.352941 0.001392 0.000000
vt 1.411765 0.001392 0.000000
vt 1.411765 -0.001392 0.000000
vt 1.470588 -0.001392 0.000000
vt 1.529412 -0.001392 0.000000
vt 1.588235 -0.001392 0.000000
vt 1.529412 0.001392 0.000000
vt 1.588235 0.001392 0.000000
vt 1.647059 0.001392 0.000000
vt 1.705882 0.001392 0.000000
vt 1.705882 -0.001392 0.000000
vt 1.764706 -0.001392 0.000000
vt 1.823529 -0.001392 0.000000
vt 1.882353 -0.001392 0.000000
vt 1.823529 0.001392 0.000000
vt 1.882353 0.001392 0.000000
vt 1.941176 0.001392 0.000000
vt 2.000000 0.001392 0.000000
vt 2.000000 -0.001392 0.000000
vt 1.941176 -0.001392 0.000000
vt 0.058824 -0.001392 0.000000
vt 0.000000 -0.001392 0.000000
vt 1.000000 -0.001392 0.000000
vt 1.058824 -0.001392 0.000000
vt 0.117647 -0.001392 0.000000
vt 0.235294 0.001392 0.000000
vt 0.411765 -0.001392 0.000000
vt 0.529412 0.001392 0.000000
vt 0.705882 -0.001392 0.000000
vt 0.823529 0.001392 0.000000
vt 1.176471 0.001392 0.000000
vt 1.352941 -0.001392 0.000000
vt 1.470588 0.001392 0.000000
vt 1.647059 -0.001392 0.000000
vt 1.764706 0.001392 0.000000
vt -2.000000 0.001392 0.000000
vt -1.941176 0.001392 0.000000
vt -2.000000 0.004175 0.000000
vt -1.882353 0.001392 0.000000
vt -1.823529 0.001392 0.000000
vt -1.823529 -0.001392 0.000000
vt -1.764706 -0.001392 0.000000
vt -2.000000 -0.004175 0.000000
vt -1.705882 -0.001392 0.000000
vt -1.647059 -0.001392 0.000000
vt -1.705882 0.001392 0.000000
vt -1.647059 0.001392 0.000000
vt -1.588235 0.001392 0.000000
vt -1.529412 0.001392 0.000000
vt -1.529412 -0.001392 0.000000
vt -1.470588 -0.001392 0.000000
vt -1.411765 -0.001392 0.000000
vt -1.352941 -0.001392 0.000000
vt -1.411765 0.001392 0.000000
vt -1.352941 0.001392 0.000000
vt -1.294118 0.001392 0.000000
vt -1.235294 0.001392 0.000000
vt -1.235294 -0.001392 0.000000
vt -1.176471 -0.001392 0.000000
vt -1.117647 -0.001392 0.000000
vt -1.058824 -0.001392 0.000000
vt -1.117647 0.001392 0.000000
vt -1.058824 0.001392 0.000000
vt -1.000000 0.001392 0.000000
vt -0.000000 0.004175 0.000000
vt -0.941176 0.001392 0.000000
vt -0.882353 0.001392 0.000000
vt -0.882353 -0.001392 0.000000
vt -0.823529 -0.001392 0.000000
vt -0.000000 -0.004175 0.000000
vt -0.764706 -0.001392 0.000000
vt -0.705882 -0.001392 0.000000
vt -0.764706 0.001392 0.000000
vt -0.705882 0.001392 0.000000
vt -0.647059 0.001392 0.000000
vt -0.588235 0.001392 0.000000
vt -0.588235 -0.001392 0.000000
vt -0.529412 -0.001392 0.000000
vt -0.470588 -0.001392 0.000000
vt -0.411765 -0.001392 0.000000
vt -0.470588 0.001392 0.000000
vt -0.411765 0.001392 0.000000
vt -0.352941 0.001392 0.000000
vt -0.294118 0.001392 0.000000
vt -0.294118 -0.001392 0.000000
vt -0.235294 -0.001392 0.000000
vt -0.176471 -0.001392 0.000000
vt -0.117647 -0.001392 0.000000
vt -0.176471 0.001392 0.000000
vt -0.117647 0.001392 0.000000
vt -0.058824 0.001392 0.000000
vt -0.000000 0.001392 0.000000
vt -0.000000 -0.001392 0.000000
vt -0.058824 -0.001392 0.000000
vt -1.941176 -0.001392 0.000000
vt -2.000000 -0.001392 0.000000
vt -1.000000 -0.001392 0.000000
vt -0.941176 -0.001392 0.000000
vt -1.882353 -0.001392 0.000000
vt -1.764706 0.001392 0.000000
vt -1.588235 -0.001392 0.000000
vt -1.470588 0.001392 0.000000
vt -1.294118 -0.001392 0.000000
vt -1.176471 0.001392 0.000000
vt -0.823529 0.001392 0.000000
vt -0.647059 -0.001392 0.000000
vt -0.529412 0.001392 0.000000
vt -0.352941 -0.001392 0.000000
vt -0.235294 0.001392 0.000000
vt 0.070458 2.000000 0.000000
vt 0.003715 2.000000 0.000000
vt 0.070458 0.000000 0.000000
vt 0.003715 0.000000 0.000000
vt -2.000000 0.001217 0.000000
vt -1.948718 0.001217 0.000000
vt -2.000000 0.003651 0.000000
vt -1.897436 0.001217 0.000000
vt -1.846154 0.001217 0.000000
vt -1.846154 -0.001217 0.000000
vt -1.794872 -0.001217 0.000000
vt -2.000000 -0.003651 0.000000
vt -1.743590 -0.001217 0.000000
vt -1.692308 -0.001217 0.000000
vt -1.743590 0.001217 0.000000
vt -1.692308 0.001217 0.000000
vt -1.641026 0.001217 0.000000
vt -1.589744 0.001217 0.000000
vt -1.589744 -0.001217 0.000000
vt -1.538462 -0.001217 0.000000
vt -1.487179 -0.001217 0.000000
vt -1.435897 -0.001217 0.000000
vt -1.487179 0.001217 0.000000
vt -1.435897 0.001217 0.000000
vt -1.384615 0.001217 0.000000
vt -1.333333 0.001217 0.000000
vt -1.333333 -0.001217 0.000000
vt -1.282051 -0.001217 0.000000
vt -1.230769 -0.001217 0.000000
vt -1.179487 -0.001217 0.000000
vt -1.230769 0.001217 0.000000
vt -1.179487 0.001217 0.000000
vt -1.128205 0.001217 0.000000
vt -1.076923 0.001217 0.000000
vt -1.076923 -0.001217 0.000000
vt -1.025641 -0.001217 0.000000
vt -0.000000 -0.003651 0.000000
vt -1.948718 -0.001217 0.000000
vt -2.000000 -0.001217 0.000000
vt -0.000000 -0.001217 0.000000
vt -0.051282 -0.001217 0.000000
vt -0.102564 -0.001217 0.000000
vt -0.153846 -0.001217 0.000000
vt -0.153846 0.001217 0.000000
vt -0.205128 0.001217 0.000000
vt -0.000000 0.003651 0.000000
vt -0.256410 0.001217 0.000000
vt -0.307692 0.001217 0.000000
vt -0.256410 -0.001217 0.000000
vt -0.307692 -0.001217 0.000000
vt -0.358974 -0.001217 0.000000
vt -0.410256 -0.001217 0.000000
vt -0.410256 0.001217 0.000000
vt -0.461538 0.001217 0.000000
vt -0.512821 0.001217 0.000000
vt -0.564103 0.001217 0.000000
vt -0.512821 -0.001217 0.000000
vt -0.564103 -0.001217 0.000000
vt -0.615385 -0.001217 0.000000
vt -0.666667 -0.001217 0.000000
vt -0.666667 0.001217 0.000000
vt -0.717949 0.001217 0.000000
vt -0.769231 0.001217 0.000000
vt -0.820513 0.001217 0.000000
vt -0.769231 -0.001217 0.000000
vt -0.820513 -0.001217 0.000000
vt -0.871795 -0.001217 0.000000
vt -0.923077 -0.001217 0.000000
vt -0.923077 0.001217 0.000000
vt -0.974359 0.001217 0.000000
vt -0.051282 0.001217 0.000000
vt -0.000000 0.001217 0.000000
vt -1.897436 -0.001217 0.000000
vt -1.794872 0.001217 0.000000
vt -1.641026 -0.001217 0.000000
vt -1.538462 0.001217 0.000000
vt -1.384615 -0.001217 0.000000
vt -1.282051 0.001217 0.000000
vt -1.128205 -0.001217 0.000000
vt -1.025641 0.001217 0.000000
vt -0.974359 -0.001217 0.000000
vt -0.871795 0.001217 0.000000
vt -0.717949 -0.001217 0.000000
vt -0.615385 0.001217 0.000000
vt -0.461538 -0.001217 0.000000
vt -0.358974 0.001217 0.000000
vt -0.205128 -0.001217 0.000000
vt -0.102564 0.001217 0.000000
vt 0.012411 2.000000 0.000000
vt 0.003715 2.000000 0.000000
vt 0.012411 0.000000 0.000000
vt 0.003715 0.000000 0.000000
vt -2.000000 0.001217 0.000000
vt -1.948718 0.001217 0.000000
vt -2.000000 0.003651 0.000000
vt -1.897436 0.001217 0.000000
vt -1.846154 0.001217 0.000000
vt -1.846154 -0.001217 0.000000
vt -1.794872 -0.001217 0.000000
vt -2.000000 -0.003651 0.000000
vt -1.743590 -0.001217 0.000000
vt -1.692308 -0.001217 0.000000
vt -1.743590 0.001217 0.000000
vt -1.692308 0.001217 0.000000
vt -1.641026 0.001217 0.000000
vt -1.589744 0.001217 0.000000
vt -1.589744 -0.001217 0.000000
vt -1.538462 -0.001217 0.000000
vt -1.487179 -0.001217 0.000000
vt -1.435897 -0.001217 0.000000
vt -1.487179 0.001217 0.000000
vt -1.435897 0.001217 0.000000
vt -1.384615 0.001217 0.000000
vt -1.333333 0.001217 0.000000
vt -1.333333 -0.001217 0.000000
vt -1.282051 -0.001217 0.000000
vt -1.230769 -0.001217 0.000000
vt -1.179487 -0.001217 0.000000
vt -1.230769 0.001217 0.000000
vt -1.179487 0.001217 0.000000
vt -1.128205 0.001217 0.000000
vt -1.076923 0.001217 0.000000
vt -1.076923 -0.001217 0.000000
vt -1.025641 -0.001217 0.000000
vt -0.000000 -0.003651 0.000000
vt -1.948718 -0.001217 0.000000
vt -2.000000 -0.001217 0.000000
vt -0.000000 -0.001217 0.000000
vt -0.051282 -0.001217 0.000000
vt -0.102564 -0.001217 0.000000
vt -0.153846 -0.001217 0.000000
vt -0.153846 0.001217 0.000000
vt -0.205128 0.001217 0.000000
vt -0.000000 0.003651 0.000000
vt -0.256410 0.001217 0.000000
vt -0.307692 0.001217 0.000000
vt -0.256410 -0.001217 0.000000
vt -0.307692 -0.001217 0.000000
vt -0.358974 -0.001217 0.000000
vt -0.410256 -0.001217 0.000000
vt -0.410256 0.001217 0.000000
vt -0.461538 0.001217 0.000000
vt -0.512821 0.001217 0.000000
vt -0.564103 0.001217 0.000000
vt -0.512821 -0.001217 0.000000
vt -0.564103 -0.001217 0.000000
vt -0.615385 -0.001217 0.000000
vt -0.666667 -0.001217 0.000000
vt -0.666667 0.001217 0.000000
vt -0.717949 0.001217 0.000000
vt -0.769231 0.001217 0.000000
vt -0.820513 0.001217 0.000000
vt -0.769231 -0.001217 0.000000
vt -0.820513 -0.001217 0.000000
vt -0.871795 -0.001217 0.000000
vt -0.923077 -0.001217 0.000000
vt -0.923077 0.001217 0.000000
vt -0.974359 0.001217 0.000000
vt -0.051282 0.001217 0.000000
vt -0.000000 0.001217 0.000000
vt -1.897436 -0.001217 0.000000
vt -1.794872 0.001217 0.000000
vt -1.641026 -0.001217 0.000000
vt -1.538462 0.001217 0.000000
vt -1.384615 -0.001217 0.000000
vt -1.282051 0.001217 0.000000
vt -1.128205 -0.001217 0.000000
vt -1.025641 0.001217 0.000000
vt -0.974359 -0.001217 0.000000
vt -0.871795 0.001217 0.000000
vt -0.717949 -0.001217 0.000000
vt -0.615385 0.001217 0.000000
vt -0.461538 -0.001217 0.000000
vt -0.358974 0.001217 0.000000
vt -0.205128 -0.001217 0.000000
vt -0.102564 0.001217 0.000000
vt 0.070998 2.000000 0.000000
vt 0.004255 2.000000 0.000000
vt 0.070998 0.000000 0.000000
vt 0.004255 0.000000 0.000000
vt 0.000000 0.001392 0.000000
vt 0.058824 0.001392 0.000000
vt 0.000000 0.004175 0.000000
vt 0.117647 0.001392 0.000000
vt 0.176471 0.001392 0.000000
vt 0.176471 -0.001392 0.000000
vt 0.235294 -0.001392 0.000000
vt 0.000000 -0.004175 0.000000
vt 0.294118 -0.001392 0.000000
vt 0.352941 -0.001392 0.000000
vt 0.294118 0.001392 0.000000
vt 0.352941 0.001392 0.000000
vt 0.411765 0.001392 0.000000
vt 0.470588 0.001392 0.000000
vt 0.470588 -0.001392 0.000000
vt 0.529412 -0.001392 0.000000
vt 0.588235 -0.001392 0.000000
vt 0.647059 -0.001392 0.000000
vt 0.588235 0.001392 0.000000
vt 0.647059 0.001392 0.000000
vt 0.705882 0.001392 0.000000
vt 0.764706 0.001392 0.000000
vt 0.764706 -0.001392 0.000000
vt 0.823529 -0.001392 0.000000
vt 0.882353 -0.001392 0.000000
vt 0.941176 -0.001392 0.000000
vt 0.882353 0.001392 0.000000
vt 0.941176 0.001392 0.000000
vt 1.000000 0.001392 0.000000
vt 2.000000 0.004175 0.000000
vt 1.058824 0.001392 0.000000
vt 1.117647 0.001392 0.000000
vt 1.117647 -0.001392 0.000000
vt 1.176471 -0.001392 0.000000
vt 2.000000 -0.004175 0.000000
vt 1.235294 -0.001392 0.000000
vt 1.294118 -0.001392 0.000000
vt 1.235294 0.001392 0.000000
vt 1.294118 0.001392 0.000000
vt 1.352941 0.001392 0.000000
vt 1.411765 0.001392 0.000000
vt 1.411765 -0.001392 0.000000
vt 1.470588 -0.001392 0.000000
vt 1.529412 -0.001392 0.000000
vt 1.588235 -0.001392 0.000000
vt 1.529412 0.001392 0.000000
vt 1.588235 0.001392 0.000000
vt 1.647059 0.001392 0.000000
vt 1.705882 0.001392 0.000000
vt 1.705882 -0.001392 0.000000
vt 1.764706 -0.001392 0.000000
vt 1.823529 -0.001392 0.000000
vt 1.882353 -0.001392 0.000000
vt 1.823529 0.001392 0.000000
vt 1.882353 0.001392 0.000000
vt 1.941176 0.001392 0.000000
vt 2.000000 0.001392 0.000000
vt 2.000000 -0.001392 0.000000
vt 1.941176 -0.001392 0.000000
vt 0.058824 -0.001392 0.000000
vt 0.000000 -0.001392 0.000000
vt 1.000000 -0.001392 0.000000
vt 1.058824 -0.001392 0.000000
vt 0.117647 -0.001392 0.000000
vt 0.235294 0.001392 0.000000
vt 0.411765 -0.001392 0.000000
vt 0.529412 0.001392 0.000000
vt 0.705882 -0.001392 0.000000
vt 0.823529 0.001392 0.000000
vt 1.176471 0.001392 0.000000
vt 1.352941 -0.001392 0.000000
vt 1.470588 0.001392 0.000000
vt 1.647059 -0.001392 0.000000
vt 1.764706 0.001392 0.000000
vt -2.000000 0.001392 0.000000
vt -1.941176 0.001392 0.000000
vt -2.000000 0.004175 0.000000
vt -1.882353 0.001392 0.000000
vt -1.823529 0.001392 0.000000
vt -1.823529 -0.001392 0.000000
vt -1.764706 -0.001392 0.000000
vt -2.000000 -0.004175 0.000000
vt -1.705882 -0.001392 0.000000
vt -1.647059 -0.001392 0.000000
vt -1.705882 0.001392 0.000000
vt -1.647059 0.001392 0.000000
vt -1.588235 0.001392 0.000000
vt -1.529412 0.001392 0.000000
vt -1.529412 -0.001392 0.000000
vt -1.470588 -0.001392 0.000000
vt -1.411765 -0.001392 0.000000
vt -1.352941 -0.001392 0.000000
vt -1.411765 0.001392 0.000000
vt -1.352941 0.001392 0.000000
vt -1.294118 0.001392 0.000000
vt -1.235294 0.001392 0.000000
vt -1.235294 -0.001392 0.000000
vt -1.176471 -0.001392 0.000000
vt -1.117647 -0.001392 0.000000
vt -1.058824 -0.001392 0.000000
vt -1.117647 0.001392 0.000000
vt -1.058824 0.001392 0.000000
vt -1.000000 0.001392 0.000000
vt 0.000000 0.004175 0.000000
vt -0.941176 0.001392 0.000000
vt -0.882353 0.001392 0.000000
vt -0.882353 -0.001392 0.000000
vt -0.823529 -0.001392 0.000000
vt 0.000000 -0.004175 0.000000
vt -0.764706 -0.001392 0.000000
vt -0.705882 -0.001392 0.000000
vt -0.764706 0.001392 0.000000
vt -0.705882 0.001392 0.000000
vt -0.647059 0.001392 0.000000
vt -0.588235 0.001392 0.000000
vt -0.588235 -0.001392 0.000000
vt -0.529412 -0.001392 0.000000
vt -0.470588 -0.001392 0.000000
vt -0.411765 -0.001392 0.000000
vt -0.470588 0.001392 0.000000
vt -0.411765 0.001392 0.000000
vt -0.352941 0.001392 0.000000
vt -0.294118 0.001392 0.000000
vt -0.294118 -0.001392 0.000000
vt -0.235294 -0.001392 0.000000
vt -0.176471 -0.001392 0.000000
vt -0.117647 -0.001392 0.000000
vt -0.176471 0.001392 0.000000
vt -0.117647 0.001392 0.000000
vt -0.058824 0.001392 0.000000
vt -0.000000 0.001392 0.000000
vt -0.000000 -0.001392 0.000000
vt -0.058824 -0.001392 0.000000
vt -1.941176 -0.001392 0.000000
vt -2.000000 -0.001392 0.000000
vt -1.000000 -0.001392 0.000000
vt -0.941176 -0.001392 0.000000
vt -1.882353 -0.001392 0.000000
vt -1.764706 0.001392 0.000000
vt -1.588235 -0.001392 0.000000
vt -1.470588 0.001392 0.000000
vt -1.294118 -0.001392 0.000000
vt -1.176471 0.001392 0.000000
vt -0.823529 0.001392 0.000000
vt -0.647059 -0.001392 0.000000
vt -0.529412 0.001392 0.000000
vt -0.352941 -0.001392 0.000000
vt -0.235294 0.001392 0.000000
vt 0.070458 2.000000 0.000000
vt 0.003715 2.000000 0.000000
vt 0.070458 0.000000 0.000000
vt 0.003715 0.000000 0.000000
vt -2.000000 0.001217 0.000000
vt -1.948718 0.001217 0.000000
vt -2.000000 0.003651 0.000000
vt -1.897436 0.001217 0.000000
vt -1.846154 0.001217 0.000000
vt -1.846154 -0.001217 0.000000
vt -1.794872 -0.001217 0.000000
vt -2.000000 -0.003651 0.000000
vt -1.743590 -0.001217 0.000000
vt -1.692308 -0.001217 0.000000
vt -1.743590 0.001217 0.000000
vt -1.692308 0.001217 0.000000
vt -1.641026 0.001217 0.000000
vt -1.589744 0.001217 0.000000
vt -1.589744 -0.001217 0.000000
vt -1.538462 -0.001217 0.000000
vt -1.487179 -0.001217 0.000000
vt -1.435897 -0.001217 0.000000
vt -1.487179 0.001217 0.000000
vt -1.435897 0.001217 0.000000
vt -1.384615 0.001217 0.000000
vt -1.333333 0.001217 0.000000
vt -1.333333 -0.001217 0.000000
vt -1.282051 -0.001217 0.000000
vt -1.230769 -0.001217 0.000000
vt -1.179487 -0.001217 0.000000
vt -1.230769 0.001217 0.000000
vt -1.179487 0.001217 0.000000
vt -1.128205 0.001217 0.000000
vt -1.076923 0.001217 0.000000
vt -1.076923 -0.001217 0.000000
vt -1.025641 -0.001217 0.000000
vt -0.000000 -0.003651 0.000000
vt -1.948718 -0.001217 0.000000
vt -2.000000 -0.001217 0.000000
vt -0.000000 -0.001217 0.000000
vt -0.051282 -0.001217 0.000000
vt -0.102564 -0.001217 0.000000
vt -0.153846 -0.001217 0.000000
vt -0.153846 0.001217 0.000000
vt -0.205128 0.001217 0.000000
vt -0.000000 0.003651 0.000000
vt -0.256410 0.001217 0.000000
vt -0.307692 0.001217 0.000000
vt -0.256410 -0.001217 0.000000
vt -0.307692 -0.001217 0.000000
vt -0.358974 -0.001217 0.000000
vt -0.410256 -0.001217 0.000000
vt -0.410256 0.001217 0.000000
vt -0.461538 0.001217 0.000000
vt -0.512821 0.001217 0.000000
vt -0.564103 0.001217 0.000000
vt -0.512821 -0.001217 0.000000
vt -0.564103 -0.001217 0.000000
vt -0.615385 -0.001217 0.000000
vt -0.666667 -0.001217 0.000000
vt -0.666667 0.001217 0.000000
vt -0.717949 0.001217 0.000000
vt -0.769231 0.001217 0.000000
vt -0.820513 0.001217 0.000000
vt -0.769231 -0.001217 0.000000
vt -0.820513 -0.001217 0.000000
vt -0.871795 -0.001217 0.000000
vt -0.923077 -0.001217 0.000000
vt -0.923077 0.001217 0.000000
vt -0.974359 0.001217 0.000000
vt -0.051282 0.001217 0.000000
vt -0.000000 0.001217 0.000000
vt -1.897436 -0.001217 0.000000
vt -1.794872 0.001217 0.000000
vt -1.641026 -0.001217 0.000000
vt -1.538462 0.001217 0.000000
vt -1.384615 -0.001217 0.000000
vt -1.282051 0.001217 0.000000
vt -1.128205 -0.001217 0.000000
vt -1.025641 0.001217 0.000000
vt -0.974359 -0.001217 0.000000
vt -0.871795 0.001217 0.000000
vt -0.717949 -0.001217 0.000000
vt -0.615385 0.001217 0.000000
vt -0.461538 -0.001217 0.000000
vt -0.358974 0.001217 0.000000
vt -0.205128 -0.001217 0.000000
vt -0.102564 0.001217 0.000000
vt 0.012411 2.000000 0.000000
vt 0.003715 2.000000 0.000000
vt 0.012411 0.000000 0.000000
vt 0.003715 0.000000 0.000000
vt -2.000000 0.001217 0.000000
vt -1.948718 0.001217 0.000000
vt -2.000000 0.003651 0.000000
vt -1.897436 0.001217 0.000000
vt -1.846154 0.001217 0.000000
vt -1.846154 -0.001217 0.000000
vt -1.794872 -0.001217 0.000000
vt -2.000000 -0.003651 0.000000
vt -1.743590 -0.001217 0.000000
vt -1.692308 -0.001217 0.000000
vt -1.743590 0.001217 0.000000
vt -1.692308 0.001217 0.000000
vt -1.641026 0.001217 0.000000
vt -1.589744 0.001217 0.000000
vt -1.589744 -0.001217 0.000000
vt -1.538462 -0.001217 0.000000
vt -1.487179 -0.001217 0.000000
vt -1.435897 -0.001217 0.000000
vt -1.487179 0.001217 0.000000
vt -1.435897 0.001217 0.000000
vt -1.384615 0.001217 0.000000
vt -1.333333 0.001217 0.000000
vt -1.333333 -0.001217 0.000000
vt -1.282051 -0.001217 0.000000
vt -1.230769 -0.001217 0.000000
vt -1.179487 -0.001217 0.000000
vt -1.230769 0.001217 0.000000
vt -1.179487 0.001217 0.000000
vt -1.128205 0.001217 0.000000
vt -1.076923 0.001217 0.000000
vt -1.076923 -0.001217 0.000000
vt -1.025641 -0.001217 0.000000
vt -0.000000 -0.003651 0.000000
vt -1.948718 -0.001217 0.000000
vt -2.000000 -0.001217 0.000000
vt -0.000000 -0.001217 0.000000
vt -0.051282 -0.001217 0.000000
vt -0.102564 -0.001217 0.000000
vt -0.153846 -0.001217 0.000000
vt -0.153846 0.001217 0.000000
vt -0.205128 0.001217 0.000000
vt -0.000000 0.003651 0.000000
vt -0.256410 0.001217 0.000000
vt -0.307692 0.001217 0.000000
vt -0.256410 -0.001217 0.000000
vt -0.307692 -0.001217 0.000000
vt -0.358974 -0.001217 0.000000
vt -0.410256 -0.001217 0.000000
vt -0.410256 0.001217 0.000000
vt -0.461538 0.001217 0.000000
vt -0.512821 0.001217 0.000000
vt -0.564103 0.001217 0.000000
vt -0.512821 -0.001217 0.000000
vt -0.564103 -0.001217 0.000000
vt -0.615385 -0.001217 0.000000
vt -0.666667 -0.001217 0.000000
vt -0.666667 0.001217 0.000000
vt -0.717949 0.001217 0.000000
vt -0.769231 0.001217 0.000000
vt -0.820513 0.001217 0.000000
vt -0.769231 -0.001217 0.000000
vt -0.820513 -0.001217 0.000000
vt -0.871795 -0.001217 0.000000
vt -0.923077 -0.001217 0.000000
vt -0.923077 0.001217 0.000000
vt -0.974359 0.001217 0.000000
vt -0.051282 0.001217 0.000000
vt -0.000000 0.001217 0.000000
vt -1.897436 -0.001217 0.000000
vt -1.794872 0.001217 0.000000
vt -1.641026 -0.001217 0.000000
vt -1.538462 0.001217 0.000000
vt -1.384615 -0.001217 0.000000
vt -1.282051 0.001217 0.000000
vt -1.128205 -0.001217 0.000000
vt -1.025641 0.001217 0.000000
vt -0.974359 -0.001217 0.000000
vt -0.871795 0.001217 0.000000
vt -0.717949 -0.001217 0.000000
vt -0.615385 0.001217 0.000000
vt -0.461538 -0.001217 0.000000
vt -0.358974 0.001217 0.000000
vt -0.205128 -0.001217 0.000000
vt -0.102564 0.001217 0.000000
vt 0.070998 2.000000 0.000000
vt 0.004255 2.000000 0.000000
vt 0.070998 0.000000 0.000000
vt 0.004255 0.000000 0.000000
vt -0.000000 0.001392 0.000000
vt 0.058824 0.001392 0.000000
vt -0.000000 0.004175 0.000000
vt 0.117647 0.001392 0.000000
vt 0.176471 0.001392 0.000000
vt 0.176471 -0.001392 0.000000
vt 0.235294 -0.001392 0.000000
vt 0.000000 -0.004175 0.000000
vt 0.294118 -0.001392 0.000000
vt 0.352941 -0.001392 0.000000
vt 0.294118 0.001392 0.000000
vt 0.352941 0.001392 0.000000
vt 0.411765 0.001392 0.000000
vt 0.470588 0.001392 0.000000
vt 0.470588 -0.001392 0.000000
vt 0.529412 -0.001392 0.000000
vt 0.588235 -0.001392 0.000000
vt 0.647059 -0.001392 0.000000
vt 0.588235 0.001392 0.000000
vt 0.647059 0.001392 0.000000
vt 0.705882 0.001392 0.000000
vt 0.764706 0.001392 0.000000
vt 0.764706 -0.001392 0.000000
vt 0.823529 -0.001392 0.000000
vt 0.882353 -0.001392 0.000000
vt 0.941176 -0.001392 0.000000
vt 0.882353 0.001392 0.000000
vt 0.941176 0.001392 0.000000
vt 1.000000 0.001392 0.000000
vt 2.000000 0.004175 0.000000
vt 1.058824 0.001392 0.000000
vt 1.117647 0.001392 0.000000
vt 1.117647 -0.001392 0.000000
vt 1.176471 -0.001392 0.000000
vt 2.000000 -0.004175 0.000000
vt 1.235294 -0.001392 0.000000
vt 1.294118 -0.001392 0.000000
vt 1.235294 0.001392 0.000000
vt 1.294118 0.001392 0.000000
vt 1.352941 0.001392 0.000000
vt 1.411765 0.001392 0.000000
vt 1.411765 -0.001392 0.000000
vt 1.470588 -0.001392 0.000000
vt 1.529412 -0.001392 0.000000
vt 1.588235 -0.001392 0.000000
vt 1.529412 0.001392 0.000000
vt 1.588235 0.001392 0.000000
vt 1.647059 0.001392 0.000000
vt 1.705882 0.001392 0.000000
vt 1.705882 -0.001392 0.000000
vt 1.764706 -0.001392 0.000000
vt 1.823529 -0.001392 0.000000
vt 1.882353 -0.001392 0.000000
vt 1.823529 0.001392 0.000000
vt 1.882353 0.001392 0.000000
vt 1.941176 0.001392 0.000000
vt 2.000000 0.001392 0.000000
vt 2.000000 -0.001392 0.000000
vt 1.941176 -0.001392 0.000000
vt 0.058824 -0.001392 0.000000
vt 0.000000 -0.001392 0.000000
vt 1.000000 -0.001392 0.000000
vt 1.058824 -0.001392 0.000000
vt 0.117647 -0.001392 0.000000
vt 0.235294 0.001392 0.000000
vt 0.411765 -0.001392 0.000000
vt 0.529412 0.001392 0.000000
vt 0.705882 -0.001392 0.000000
vt 0.823529 0.001392 0.000000
vt 1.176471 0.001392 0.000000
vt 1.352941 -0.001392 0.000000
vt 1.470588 0.001392 0.000000
vt 1.647059 -0.001392 0.000000
vt 1.764706 0.001392 0.000000
vt -2.000000 0.001392 0.000000
vt -1.941176 0.001392 0.000000
vt -2.000000 0.004175 0.000000
vt -1.882353 0.001392 0.000000
vt -1.823529 0.001392 0.000000
vt -1.823529 -0.001392 0.000000
vt -1.764706 -0.001392 0.000000
vt -2.000000 -0.004175 0.000000
vt -1.705882 -0.001392 0.000000
vt -1.647059 -0.001392 0.000000
vt -1.705882 0.001392 0.000000
vt -1.647059 0.001392 0.000000
vt -1.588235 0.001392 0.000000
vt -1.529412 0.001392 0.000000
vt -1.529412 -0.001392 0.000000
vt -1.470588 -0.001392 0.000000
vt -1.411765 -0.001392 0.000000
vt -1.352941 -0.001392 0.000000
vt -1.411765 0.001392 0.000000
vt -1.352941 0.001392 0.000000
vt -1.294118 0.001392 0.000000
vt -1.235294 0.001392 0.000000
vt -1.235294 -0.001392 0.000000
vt -1.176471 -0.001392 0.000000
vt -1.117647 -0.001392 0.000000
vt -1.058824 -0.001392 0.000000
vt -1.117647 0.001392 0.000000
vt -1.058824 0.001392 0.000000
vt -1.000000 0.001392 0.000000
vt 0.000000 0.004175 0.000000
vt -0.941176 0.001392 0.000000
vt -0.882353 0.001392 0.000000
vt -0.882353 -0.001392 0.000000
vt -0.823529 -0.001392 0.000000
vt -0.000000 -0.004175 0.000000
vt -0.764706 -0.001392 0.000000
vt -0.705882 -0.001392 0.000000
vt -0.764706 0.001392 0.000000
vt -0.705882 0.001392 0.000000
vt -0.647059 0.001392 0.000000
vt -0.588235 0.001392 0.000000
vt -0.588235 -0.001392 0.000000
vt -0.529412 -0.001392 0.000000
vt -0.470588 -0.001392 0.000000
vt -0.411765 -0.001392 0.000000
vt -0.470588 0.001392 0.000000
vt -0.411765 0.001392 0.000000
vt -0.352941 0.001392 0.000000
vt -0.294118 0.001392 0.000000
vt -0.294118 -0.001392 0.000000
vt -0.235294 -0.001392 0.000000
vt -0.176471 -0.001392 0.000000
vt -0.117647 -0.001392 0.000000
vt -0.176471 0.001392 0.000000
vt -0.117647 0.001392 0.000000
vt -0.058824 0.001392 0.000000
vt -0.000000 0.001392 0.000000
vt 0.000000 -0.001392 0.000000
vt -0.058824 -0.001392 0.000000
vt -1.941176 -0.001392 0.000000
vt -2.000000 -0.001392 0.000000
vt -1.000000 -0.001392 0.000000
vt -0.941176 -0.001392 0.000000
vt -1.882353 -0.001392 0.000000
vt -1.764706 0.001392 0.000000
vt -1.588235 -0.001392 0.000000
vt -1.470588 0.001392 0.000000
vt -1.294118 -0.001392 0.000000
vt -1.176471 0.001392 0.000000
vt -0.823529 0.001392 0.000000
vt -0.647059 -0.001392 0.000000
vt -0.529412 0.001392 0.000000
vt -0.352941 -0.001392 0.000000
vt -0.235294 0.001392 0.000000
vt 0.070458 2.000000 0.000000
vt 0.003715 2.000000 0.000000
vt 0.070458 0.000000 0.000000
vt 0.003715 0.000000 0.000000
vt -2.000000 0.001217 0.000000
vt -1.948718 0.001217 0.000000
vt -2.000000 0.003651 0.000000
vt -1.897436 0.001217 0.000000
vt -1.846154 0.001217 0.000000
vt -1.846154 -0.001217 0.000000
vt -1.794872 -0.001217 0.000000
vt -2.000000 -0.003651 0.000000
vt -1.743590 -0.001217 0.000000
vt -1.692308 -0.001217 0.000000
vt -1.743590 0.001217 0.000000
vt -1.692308 0.001217 0.000000
vt -1.641026 0.001217 0.000000
vt -1.589744 0.001217 0.000000
vt -1.589744 -0.001217 0.000000
vt -1.538462 -0.001217 0.000000
vt -1.487179 -0.001217 0.000000
vt -1.435897 -0.001217 0.000000
vt -1.487179 0.001217 0.000000
vt -1.435897 0.001217 0.000000
vt -1.384615 0.001217 0.000000
vt -1.333333 0.001217 0.000000
vt -1.333333 -0.001217 0.000000
vt -1.282051 -0.001217 0.000000
vt -1.230769 -0.001217 0.000000
vt -1.179487 -0.001217 0.000000
vt -1.230769 0.001217 0.000000
vt -1.179487 0.001217 0.000000
vt -1.128205 0.001217 0.000000
vt -1.076923 0.001217 0.000000
vt -1.076923 -0.001217 0.000000
vt -1.025641 -0.001217 0.000000
vt -0.000000 -0.003651 0.000000
vt -1.948718 -0.001217 0.000000
vt -2.000000 -0.001217 0.000000
vt -0.000000 -0.001217 0.000000
vt -0.051282 -0.001217 0.000000
vt -0.102564 -0.001217 0.000000
vt -0.153846 -0.001217 0.000000
vt -0.153846 0.001217 0.000000
vt -0.205128 0.001217 0.000000
vt -0.000000 0.003651 0.000000
vt -0.256410 0.001217 0.000000
vt -0.307692 0.001217 0.000000
vt -0.256410 -0.001217 0.000000
vt -0.307692 -0.001217 0.000000
vt -0.358974 -0.001217 0.000000
vt -0.410256 -0.001217 0.000000
vt -0.410256 0.001217 0.000000
vt -0.461538 0.001217 0.000000
vt -0.512821 0.001217 0.000000
vt -0.564103 0.001217 0.000000
vt -0.512821 -0.001217 0.000000
vt -0.564103 -0.001217 0.000000
vt -0.615385 -0.001217 0.000000
vt -0.666667 -0.001217 0.000000
vt -0.666667 0.001217 0.000000
vt -0.717949 0.001217 0.000000
vt -0.769231 0.001217 0.000000
vt -0.820513 0.001217 0.000000
vt -0.769231 -0.001217 0.000000
vt -0.820513 -0.001217 0.000000
vt -0.871795 -0.001217 0.000000
vt -0.923077 -0.001217 0.000000
vt -0.923077 0.001217 0.000000
vt -0.974359 0.001217 0.000000
vt -0.051282 0.001217 0.000000
vt -0.000000 0.001217 0.000000
vt -1.897436 -0.001217 0.000000
vt -1.794872 0.001217 0.000000
vt -1.641026 -0.001217 0.000000
vt -1.538462 0.001217 0.000000
vt -1.384615 -0.001217 0.000000
vt -1.282051 0.001217 0.000000
vt -1.128205 -0.001217 0.000000
vt -1.025641 0.001217 0.000000
vt -0.974359 -0.001217 0.000000
vt -0.871795 0.001217 0.000000
vt -0.717949 -0.001217 0.000000
vt -0.615385 0.001217 0.000000
vt -0.461538 -0.001217 0.000000
vt -0.358974 0.001217 0.000000
vt -0.205128 -0.001217 0.000000
vt -0.102564 0.001217 0.000000
vt 0.012411 2.000000 0.000000
vt 0.003715 2.000000 0.000000
vt 0.012411 0.000000 0.000000
vt 0.003715 0.000000 0.000000
vt -2.000000 0.001217 0.000000
vt -1.948718 0.001217 0.000000
vt -2.000000 0.003651 0.000000
vt -1.897436 0.001217 0.000000
vt -1.846154 0.001217 0.000000
vt -1.846154 -0.001217 0.000000
vt -1.794872 -0.001217 0.000000
vt -2.000000 -0.003651 0.000000
vt -1.743590 -0.001217 0.000000
vt -1.692308 -0.001217 0.000000
vt -1.743590 0.001217 0.000000
vt -1.692308 0.001217 0.000000
vt -1.641026 0.001217 0.000000
vt -1.589744 0.001217 0.000000
vt -1.589744 -0.001217 0.000000
vt -1.538462 -0.001217 0.000000
vt -1.487179 -0.001217 0.000000
vt -1.435897 -0.001217 0.000000
vt -1.487179 0.001217 0.000000
vt -1.435897 0.001217 0.000000
vt -1.384615 0.001217 0.000000
vt -1.333333 0.001217 0.000000
vt -1.333333 -0.001217 0.000000
vt -1.282051 -0.001217 0.000000
vt -1.230769 -0.001217 0.000000
vt -1.179487 -0.001217 0.000000
vt -1.230769 0.001217 0.000000
vt -1.179487 0.001217 0.000000
vt -1.128205 0.001217 0.000000
vt -1.076923 0.001217 0.000000
vt -1.076923 -0.001217 0.000000
vt -1.025641 -0.001217 0.000000
vt -0.000000 -0.003651 0.000000
vt -1.948718 -0.001217 0.000000
vt -2.000000 -0.001217 0.000000
vt -0.000000 -0.001217 0.000000
vt -0.051282 -0.001217 0.000000
vt -0.102564 -0.001217 0.000000
vt -0.153846 -0.001217 0.000000
vt -0.153846 0.001217 0.000000
vt -0.205128 0.001217 0.000000
vt -0.000000 0.003651 0.000000
vt -0.256410 0.001217 0.000000
vt -0.307692 0.001217 0.000000
vt -0.256410 -0.001217 0.000000
vt -0.307692 -0.001217 0.000000
vt -0.358974 -0.001217 0.000000
vt -0.410256 -0.001217 0.000000
vt -0.410256 0.001217 0.000000
vt -0.461538 0.001217 0.000000
vt -0.512821 0.001217 0.000000
vt -0.564103 0.001217 0.000000
vt -0.512821 -0.001217 0.000000
vt -0.564103 -0.001217 0.000000
vt -0.615385 -0.001217 0.000000
vt -0.666667 -0.001217 0.000000
vt -0.666667 0.001217 0.000000
vt -0.717949 0.001217 0.000000
vt -0.769231 0.001217 0.000000
vt -0.820513 0.001217 0.000000
vt -0.769231 -0.001217 0.000000
vt -0.820513 -0.001217 0.000000
vt -0.871795 -0.001217 0.000000
vt -0.923077 -0.001217 0.000000
vt -0.923077 0.001217 0.000000
vt -0.974359 0.001217 0.000000
vt -0.051282 0.001217 0.000000
vt -0.000000 0.001217 0.000000
vt -1.897436 -0.001217 0.000000
vt -1.794872 0.001217 0.000000
vt -1.641026 -0.001217 0.000000
vt -1.538462 0.001217 0.000000
vt -1.384615 -0.001217 0.000000
vt -1.282051 0.001217 0.000000
vt -1.128205 -0.001217 0.000000
vt -1.025641 0.001217 0.000000
vt -0.974359 -0.001217 0.000000
vt -0.871795 0.001217 0.000000
vt -0.717949 -0.001217 0.000000
vt -0.615385 0.001217 0.000000
vt -0.461538 -0.001217 0.000000
vt -0.358974 0.001217 0.000000
vt -0.205128 -0.001217 0.000000
vt -0.102564 0.001217 0.000000
vt 0.070998 2.000000 0.000000
vt 0.004255 2.000000 0.000000
vt 0.070998 0.000000 0.000000
vt 0.004255 0.000000 0.000000
vt -0.000000 0.001392 0.000000
vt 0.058824 0.001392 0.000000
vt -0.000000 0.004175 0.000000
vt 0.117647 0.001392 0.000000
vt 0.176471 0.001392 0.000000
vt 0.176471 -0.001392 0.000000
vt 0.235294 -0.001392 0.000000
vt 0.000000 -0.004175 0.000000
vt 0.294118 -0.001392 0.000000
vt 0.352941 -0.001392 0.000000
vt 0.294118 0.001392 0.000000
vt 0.352941 0.001392 0.000000
vt 0.411765 0.001392 0.000000
vt 0.470588 0.001392 0.000000
vt 0.470588 -0.001392 0.000000
vt 0.529412 -0.001392 0.000000
vt 0.588235 -0.001392 0.000000
vt 0.647059 -0.001392 0.000000
vt 0.588235 0.001392 0.000000
vt 0.647059 0.001392 0.000000
vt 0.705882 0.001392 0.000000
vt 0.764706 0.001392 0.000000
vt 0.764706 -0.001392 0.000000
vt 0.823529 -0.001392 0.000000
vt 0.882353 -0.001392 0.000000
vt 0.941176 -0.001392 0.000000
vt 0.882353 0.001392 0.000000
vt 0.941176 0.001392 0.000000
vt 1.000000 0.001392 0.000000
vt 2.000000 0.004175 0.000000
vt 1.058824 0.001392 0.000000
vt 1.117647 0.001392 0.000000
vt 1.117647 -0.001392 0.000000
vt 1.176471 -0.001392 0.000000
vt 2.000000 -0.004175 0.000000
vt 1.235294 -0.001392 0.000000
vt 1.294118 -0.001392 0.000000
vt 1.235294 0.001392 0.000000
vt 1.294118 0.001392 0.000000
vt 1.352941 0.001392 0.000000
vt 1.411765 0.001392 0.000000
vt 1.411765 -0.001392 0.000000
vt 1.470588 -0.001392 0.000000
vt 1.529412 -0.001392 0.000000
vt 1.588235 -0.001392 0.000000
vt 1.529412 0.001392 0.000000
vt 1.588235 0.001392 0.000000
vt 1.647059 0.001392 0.000000
vt 1.705882 0.001392 0.000000
vt 1.705882 -0.001392 0.000000
vt 1.764706 -0.001392 0.000000
vt 1.823529 -0.001392 0.000000
vt 1.882353 -0.001392 0.000000
vt 1.823529 0.001392 0.000000
vt 1.882353 0.001392 0.000000
vt 1.941176 0.001392 0.000000
vt 2.000000 0.001392 0.000000
vt 2.000000 -0.001392 0.000000
vt 1.941176 -0.001392 0.000000
vt 0.058824 -0.001392 0.000000
vt -0.000000 -0.001392 0.000000
vt 1.000000 -0.001392 0.000000
vt 1.058824 -0.001392 0.000000
vt 0.117647 -0.001392 0.000000
vt 0.235294 0.001392 0.000000
vt 0.411765 -0.001392 0.000000
vt 0.529412 0.001392 0.000000
vt 0.705882 -0.001392 0.000000
vt 0.823529 0.001392 0.000000
vt 1.176471 0.001392 0.000000
vt 1.352941 -0.001392 0.000000
vt 1.470588 0.001392 0.000000
vt 1.647059 -0.001392 0.000000
vt 1.764706 0.001392 0.000000
vt -2.000000 0.001392 0.000000
vt -1.941176 0.001392 0.000000
vt -2.000000 0.004175 0.000000
vt -1.882353 0.001392 0.000000
vt -1.823529 0.001392 0.000000
vt -1.823529 -0.001392 0.000000
vt -1.764706 -0.001392 0.000000
vt -2.000000 -0.004175 0.000000
vt -1.705882 -0.001392 0.000000
vt -1.647059 -0.001392 0.000000
vt -1.705882 0.001392 0.000000
vt -1.647059 0.001392 0.000000
vt -1.588235 0.001392 0.000000
vt -1.529412 0.001392 0.000000
vt -1.529412 -0.001392 0.000000
vt -1.470588 -0.001392 0.000000
vt -1.411765 -0.001392 0.000000
vt -1.352941 -0.001392 0.000000
vt -1.411765 0.001392 0.000000
vt -1.352941 0.001392 0.000000
vt -1.294118 0.001392 0.000000
vt -1.235294 0.001392 0.000000
vt -1.235294 -0.001392 0.000000
vt -1.176471 -0.001392 0.000000
vt -1.117647 -0.001392 0.000000
vt -1.058824 -0.001392 0.000000
vt -1.117647 0.001392 0.000000
vt -1.058824 0.001392 0.000000
vt -1.000000 0.001392 0.000000
vt -0.000000 0.004175 0.000000
vt -0.941176 0.001392 0.000000
vt -0.882353 0.001392 0.000000
vt -0.882353 -0.001392 0.000000
vt -0.823529 -0.001392 0.000000
vt -0.000000 -0.004175 0.000000
vt -0.764706 -0.001392 0.000000
vt -0.705882 -0.001392 0.000000
vt -0.764706 0.001392 0.000000
vt -0.705882 0.001392 0.000000
vt -0.647059 0.001392 0.000000
vt -0.588235 0.001392 0.000000
vt -0.588235 -0.001392 0.000000
vt -0.529412 -0.001392 0.000000
vt -0.470588 -0.001392 0.000000
vt -0.411765 -0.001392 0.000000
vt -0.470588 0.001392 0.000000
vt -0.411765 0.001392 0.000000
vt -0.352941 0.001392 0.000000
vt -0.294118 0.001392 0.000000
vt -0.294118 -0.001392 0.000000
vt -0.235294 -0.001392 0.000000
vt -0.176471 -0.001392 0.000000
vt -0.117647 -0.001392 0.000000
vt -0.176471 0.001392 0.000000
vt -0.117647 0.001392 0.000000
vt -0.058824 0.001392 0.000000
vt -0.000000 0.001392 0.000000
vt -0.000000 -0.001392 0.000000
vt -0.058824 -0.001392 0.000000
vt -1.941176 -0.001392 0.000000
vt -2.000000 -0.001392 0.000000
vt -1.000000 -0.001392 0.000000
vt -0.941176 -0.001392 0.000000
vt -1.882353 -0.001392 0.000000
vt -1.764706 0.001392 0.000000
vt -1.588235 -0.001392 0.000000
vt -1.470588 0.001392 0.000000
vt -1.294118 -0.001392 0.000000
vt -1.176471 0.001392 0.000000
vt -0.823529 0.001392 0.000000
vt -0.647059 -0.001392 0.000000
vt -0.529412 0.001392 0.000000
vt -0.352941 -0.001392 0.000000
vt -0.235294 0.001392 0.000000
vt 0.070458 2.000000 0.000000
vt 0.003715 2.000000 0.000000
vt 0.070458 0.000000 0.000000
vt 0.003715 0.000000 0.000000
vt -2.000000 0.001217 0.000000
vt -1.948718 0.001217 0.000000
vt -2.000000 0.003651 0.000000
vt -1.897436 0.001217 0.000000
vt -1.846154 0.001217 0.000000
vt -1.846154 -0.001217 0.000000
vt -1.794872 -0.001217 0.000000
vt -2.000000 -0.003651 0.000000
vt -1.743590 -0.001217 0.000000
vt -1.692308 -0.001217 0.000000
vt -1.743590 0.001217 0.000000
vt -1.692308 0.001217 0.000000
vt -1.641026 0.001217 0.000000
vt -1.589744 0.001217 0.000000
vt -1.589744 -0.001217 0.000000
vt -1.538462 -0.001217 0.000000
vt -1.487179 -0.001217 0.000000
vt -1.435897 -0.001217 0.000000
vt -1.487179 0.001217 0.000000
vt -1.435897 0.001217 0.000000
vt -1.384615 0.001217 0.000000
vt -1.333333 0.001217 0.000000
vt -1.333333 -0.001217 0.000000
vt -1.282051 -0.001217 0.000000
vt -1.230769 -0.001217 0.000000
vt -1.179487 -0.001217 0.000000
vt -1.230769 0.001217 0.000000
vt -1.179487 0.001217 0.000000
vt -1.128205 0.001217 0.000000
vt -1.076923 0.001217 0.000000
vt -1.076923 -0.001217 0.000000
vt -1.025641 -0.001217 0.000000
vt -0.000000 -0.003651 0.000000
vt -1.948718 -0.001217 0.000000
vt -2.000000 -0.001217 0.000000
vt -0.000000 -0.001217 0.000000
vt -0.051282 -0.001217 0.000000
vt -0.102564 -0.001217 0.000000
vt -0.153846 -0.001217 0.000000
vt -0.153846 0.001217 0.000000
vt -0.205128 0.001217 0.000000
vt -0.000000 0.003651 0.000000
vt -0.256410 0.001217 0.000000
vt -0.307692 0.001217 0.000000
vt -0.256410 -0.001217 0.000000
vt -0.307692 -0.001217 0.000000
vt -0.358974 -0.001217 0.000000
vt -0.410256 -0.001217 0.000000
vt -0.410256 0.001217 0.000000
vt -0.461538 0.001217 0.000000
vt -0.512821 0.001217 0.000000
vt -0.564103 0.001217 0.000000
vt -0.512821 -0.001217 0.000000
vt -0.564103 -0.001217 0.000000
vt -0.615385 -0.001217 0.000000
vt -0.666667 -0.001217 0.000000
vt -0.666667 0.001217 0.000000
vt -0.717949 0.001217 0.000000
vt -0.769231 0.001217 0.000000
vt -0.820513 0.001217 0.000000
vt -0.769231 -0.001217 0.000000
vt -0.820513 -0.001217 0.000000
vt -0.871795 -0.001217 0.000000
vt -0.923077 -0.001217 0.000000
vt -0.923077 0.001217 0.000000
vt -0.974359 0.001217 0.000000
vt -0.051282 0.001217 0.000000
vt -0.000000 0.001217 0.000000
vt -1.897436 -0.001217 0.000000
vt -1.794872 0.001217 0.000000
vt -1.641026 -0.001217 0.000000
vt -1.538462 0.001217 0.000000
vt -1.384615 -0.001217 0.000000
vt -1.282051 0.001217 0.000000
vt -1.128205 -0.001217 0.000000
vt -1.025641 0.001217 0.000000
vt -0.974359 -0.001217 0.000000
vt -0.871795 0.001217 0.000000
vt -0.717949 -0.001217 0.000000
vt -0.615385 0.001217 0.000000
vt -0.461538 -0.001217 0.000000
vt -0.358974 0.001217 0.000000
vt -0.205128 -0.001217 0.000000
vt -0.102564 0.001217 0.000000
vt 0.012411 2.000000 0.000000
vt 0.003715 2.000000 0.000000
vt 0.012411 0.000000 0.000000
vt 0.003715 0.000000 0.000000
vt -2.000000 0.001217 0.000000
vt -1.948718 0.001217 0.000000
vt -2.000000 0.003651 0.000000
vt -1.897436 0.001217 0.000000
vt -1.846154 0.001217 0.000000
vt -1.846154 -0.001217 0.000000
vt -1.794872 -0.001217 0.000000
vt -2.000000 -0.003651 0.000000
vt -1.743590 -0.001217 0.000000
vt -1.692308 -0.001217 0.000000
vt -1.743590 0.001217 0.000000
vt -1.692308 0.001217 0.000000
vt -1.641026 0.001217 0.000000
vt -1.589744 0.001217 0.000000
vt -1.589744 -0.001217 0.000000
vt -1.538462 -0.001217 0.000000
vt -1.487179 -0.001217 0.000000
vt -1.435897 -0.001217 0.000000
vt -1.487179 0.001217 0.000000
vt -1.435897 0.001217 0.000000
vt -1.384615 0.001217 0.000000
vt -1.333333 0.001217 0.000000
vt -1.333333 -0.001217 0.000000
vt -1.282051 -0.001217 0.000000
vt -1.230769 -0.001217 0.000000
vt -1.179487 -0.001217 0.000000
vt -1.230769 0.001217 0.000000
vt -1.179487 0.001217 0.000000
vt -1.128205 0.001217 0.000000
vt -1.076923 0.001217 0.000000
vt -1.076923 -0.001217 0.000000
vt -1.025641 -0.001217 0.000000
vt -0.000000 -0.003651 0.000000
vt -1.948718 -0.001217 0.000000
vt -2.000000 -0.001217 0.000000
vt -0.000000 -0.001217 0.000000
vt -0.051282 -0.001217 0.000000
vt -0.102564 -0.001217 0.000000
vt -0.153846 -0.001217 0.000000
vt -0.153846 0.001217 0.000000
vt -0.205128 0.001217 0.000000
vt -0.000000 0.003651 0.000000
vt -0.256410 0.001217 0.000000
vt -0.307692 0.001217 0.000000
vt -0.256410 -0.001217 0.000000
vt -0.307692 -0.001217 0.000000
vt -0.358974 -0.001217 0.000000
vt -0.410256 -0.001217 0.000000
vt -0.410256 0.001217 0.000000
vt -0.461538 0.001217 0.000000
vt -0.512821 0.001217 0.000000
vt -0.564103 0.001217 0.000000
vt -0.512821 -0.001217 0.000000
vt -0.564103 -0.001217 0.000000
vt -0.615385 -0.001217 0.000000
vt -0.666667 -0.001217 0.000000
vt -0.666667 0.001217 0.000000
vt -0.717949 0.001217 0.000000
vt -0.769231 0.001217 0.000000
vt -0.820513 0.001217 0.000000
vt -0.769231 -0.001217 0.000000
vt -0.820513 -0.001217 0.000000
vt -0.871795 -0.001217 0.000000
vt -0.923077 -0.001217 0.000000
vt -0.923077 0.001217 0.000000
vt -0.974359 0.001217 0.000000
vt -0.051282 0.001217 0.000000
vt -0.000000 0.001217 0.000000
vt -1.897436 -0.001217 0.000000
vt -1.794872 0.001217 0.000000
vt -1.641026 -0.001217 0.000000
vt -1.538462 0.001217 0.000000
vt -1.384615 -0.001217 0.000000
vt -1.282051 0.001217 0.000000
vt -1.128205 -0.001217 0.000000
vt -1.025641 0.001217 0.000000
vt -0.974359 -0.001217 0.000000
vt -0.871795 0.001217 0.000000
vt -0.717949 -0.001217 0.000000
vt -0.615385 0.001217 0.000000
vt -0.461538 -0.001217 0.000000
vt -0.358974 0.001217 0.000000
vt -0.205128 -0.001217 0.000000
vt -0.102564 0.001217 0.000000
vt 0.070998 2.000000 0.000000
vt 0.004255 2.000000 0.000000
vt 0.070998 0.000000 0.000000
vt 0.004255 0.000000 0.000000
vt -0.000000 0.001392 0.000000
vt 0.058824 0.001392 0.000000
vt -0.000000 0.004175 0.000000
vt 0.117647 0.001392 0.000000
vt 0.176471 0.001392 0.000000
vt 0.176471 -0.001392 0.000000
vt 0.235294 -0.001392 0.000000
vt 0.000000 -0.004175 0.000000
vt 0.294118 -0.001392 0.000000
vt 0.352941 -0.001392 0.000000
vt 0.294118 0.001392 0.000000
vt 0.352941 0.001392 0.000000
vt 0.411765 0.001392 0.000000
vt 0.470588 0.001392 0.000000
vt 0.470588 -0.001392 0.000000
vt 0.529412 -0.001392 0.000000
vt 0.588235 -0.001392 0.000000
vt 0.647059 -0.001392 0.000000
vt 0.588235 0.001392 0.000000
vt 0.647059 0.001392 0.000000
vt 0.705882 0.001392 0.000000
vt 0.764706 0.001392 0.000000
vt 0.764706 -0.001392 0.000000
vt 0.823529 -0.001392 0.000000
vt 0.882353 -0.001392 0.000000
vt 0.941176 -0.001392 0.000000
vt 0.882353 0.001392 0.000000
vt 0.941176 0.001392 0.000000
vt 1.000000 0.001392 0.000000
vt 2.000000 0.004175 0.000000
vt 1.058824 0.001392 0.000000
vt 1.117647 0.001392 0.000000
vt 1.117647 -0.001392 0.000000
vt 1.176471 -0.001392 0.000000
vt 2.000000 -0.004175 0.000000
vt 1.235294 -0.001392 0.000000
vt 1.294118 -0.001392 0.000000
vt 1.235294 0.001392 0.000000
vt 1.294118 0.001392 0.000000
vt 1.352941 0.001392 0.000000
vt 1.411765 0.001392 0.000000
vt 1.411765 -0.001392 0.000000
vt 1.470588 -0.001392 0.000000
vt 1.529412 -0.001392 0.000000
vt 1.588235 -0.001392 0.000000
vt 1.529412 0.001392 0.000000
vt 1.588235 0.001392 0.000000
vt 1.647059 0.001392 0.000000
vt 1.705882 0.001392 0.000000
vt 1.705882 -0.001392 0.000000
vt 1.764706 -0.001392 0.000000
vt 1.823529 -0.001392 0.000000
vt 1.882353 -0.001392 0.000000
vt 1.823529 0.001392 0.000000
vt 1.882353 0.001392 0.000000
vt 1.941176 0.001392 0.000000
vt 2.000000 0.001392 0.000000
vt 2.000000 -0.001392 0.000000
vt 1.941176 -0.001392 0.000000
vt 0.058824 -0.001392 0.000000
vt 0.000000 -0.001392 0.000000
vt 1.000000 -0.001392 0.000000
vt 1.058824 -0.001392 0.000000
vt 0.117647 -0.001392 0.000000
vt 0.235294 0.001392 0.000000
vt 0.411765 -0.001392 0.000000
vt 0.529412 0.001392 0.000000
vt 0.705882 -0.001392 0.000000
vt 0.823529 0.001392 0.000000
vt 1.176471 0.001392 0.000000
vt 1.352941 -0.001392 0.000000
vt 1.470588 0.001392 0.000000
vt 1.647059 -0.001392 0.000000
vt 1.764706 0.001392 0.000000
vt -2.000000 0.001392 0.000000
vt -1.941176 0.001392 0.000000
vt -2.000000 0.004175 0.000000
vt -1.882353 0.001392 0.000000
vt -1.823529 0.001392 0.000000
vt -1.823529 -0.001392 0.000000
vt -1.764706 -0.001392 0.000000
vt -2.000000 -0.004175 0.000000
vt -1.705882 -0.001392 0.000000
vt -1.647059 -0.001392 0.000000
vt -1.705882 0.001392 0.000000
vt -1.647059 0.001392 0.000000
vt -1.588235 0.001392 0.000000
vt -1.529412 0.001392 0.000000
vt -1.529412 -0.001392 0.000000
vt -1.470588 -0.001392 0.000000
vt -1.411765 -0.001392 0.000000
vt -1.352941 -0.001392 0.000000
vt -1.411765 0.001392 0.000000
vt -1.352941 0.001392 0.000000
vt -1.294118 0.001392 0.000000
vt -1.235294 0.001392 0.000000
vt -1.235294 -0.001392 0.000000
vt -1.176471 -0.001392 0.000000
vt -1.117647 -0.001392 0.000000
vt -1.058824 -0.001392 0.000000
vt -1.117647 0.001392 0.000000
vt -1.058824 0.001392 0.000000
vt -1.000000 0.001392 0.000000
vt -0.000000 0.004175 0.000000
vt -0.941176 0.001392 0.000000
vt -0.882353 0.001392 0.000000
vt -0.882353 -0.001392 0.000000
vt -0.823529 -0.001392 0.000000
vt -0.000000 -0.004175 0.000000
vt -0.764706 -0.001392 0.000000
vt -0.705882 -0.001392 0.000000
vt -0.764706 0.001392 0.000000
vt -0.705882 0.001392 0.000000
vt -0.647059 0.001392 0.000000
vt -0.588235 0.001392 0.000000
vt -0.588235 -0.001392 0.000000
vt -0.529412 -0.001392 0.000000
vt -0.470588 -0.001392 0.000000
vt -0.411765 -0.001392 0.000000
vt -0.470588 0.001392 0.000000
vt -0.411765 0.001392 0.000000
vt -0.352941 0.001392 0.000000
vt -0.294118 0.001392 0.000000
vt -0.294118 -0.001392 0.000000
vt -0.235294 -0.001392 0.000000
vt -0.176471 -0.001392 0.000000
vt -0.117647 -0.001392 0.000000
vt -0.176471 0.001392 0.000000
vt -0.117647 0.001392 0.000000
vt -0.058824 0.001392 0.000000
vt -0.000000 0.001392 0.000000
vt -0.000000 -0.001392 0.000000
vt -0.058824 -0.001392 0.000000
vt -1.941176 -0.001392 0.000000
vt -2.000000 -0.001392 0.000000
vt -1.000000 -0.001392 0.000000
vt -0.941176 -0.001392 0.000000
vt -1.882353 -0.001392 0.000000
vt -1.764706 0.001392 0.000000
vt -1.588235 -0.001392 0.000000
vt -1.470588 0.001392 0.000000
vt -1.294118 -0.001392 0.000000
vt -1.176471 0.001392 0.000000
vt -0.823529 0.001392 0.000000
vt -0.647059 -0.001392 0.000000
vt -0.529412 0.001392 0.000000
vt -0.352941 -0.001392 0.000000
vt -0.235294 0.001392 0.000000
vt 0.070458 2.000000 0.000000
vt 0.003715 2.000000 0.000000
vt 0.070458 0.000000 0.000000
vt 0.003715 0.000000 0.000000
vt -2.000000 0.001217 0.000000
vt -1.948718 0.001217 0.000000
vt -2.000000 0.003651 0.000000
vt -1.897436 0.001217 0.000000
vt -1.846154 0.001217 0.000000
vt -1.846154 -0.001217 0.000000
vt -1.794872 -0.001217 0.000000
vt -2.000000 -0.003651 0.000000
vt -1.743590 -0.001217 0.000000
vt -1.692308 -0.001217 0.000000
vt -1.743590 0.001217 0.000000
vt -1.692308 0.001217 0.000000
vt -1.641026 0.001217 0.000000
vt -1.589744 0.001217 0.000000
vt -1.589744 -0.001217 0.000000
vt -1.538462 -0.001217 0.000000
vt -1.487179 -0.001217 0.000000
vt -1.435897 -0.001217 0.000000
vt -1.487179 0.001217 0.000000
vt -1.435897 0.001217 0.000000
vt -1.384615 0.001217 0.000000
vt -1.333333 0.001217 0.000000
vt -1.333333 -0.001217 0.000000
vt -1.282051 -0.001217 0.000000
vt -1.230769 -0.001217 0.000000
vt -1.179487 -0.001217 0.000000
vt -1.230769 0.001217 0.000000
vt -1.179487 0.001217 0.000000
vt -1.128205 0.001217 0.000000
vt -1.076923 0.001217 0.000000
vt -1.076923 -0.001217 0.000000
vt -1.025641 -0.001217 0.000000
vt -0.000000 -0.003651 0.000000
vt -1.948718 -0.001217 0.000000
vt -2.000000 -0.001217 0.000000
vt -0.000000 -0.001217 0.000000
vt -0.051282 -0.001217 0.000000
vt -0.102564 -0.001217 0.000000
vt -0.153846 -0.001217 0.000000
vt -0.153846 0.001217 0.000000
vt -0.205128 0.001217 0.000000
vt -0.000000 0.003651 0.000000
vt -0.256410 0.001217 0.000000
vt -0.307692 0.001217 0.000000
vt -0.256410 -0.001217 0.000000
vt -0.307692 -0.001217 0.000000
vt -0.358974 -0.001217 0.000000
vt -0.410256 -0.001217 0.000000
vt -0.410256 0.001217 0.000000
vt -0.461538 0.001217 0.000000
vt -0.512821 0.001217 0.000000
vt -0.564103 0.001217 0.000000
vt -0.512821 -0.001217 0.000000
vt -0.564103 -0.001217 0.000000
vt -0.615385 -0.001217 0.000000
vt -0.666667 -0.001217 0.000000
vt -0.666667 0.001217 0.000000
vt -0.717949 0.001217 0.000000
vt -0.769231 0.001217 0.000000
vt -0.820513 0.001217 0.000000
vt -0.769231 -0.001217 0.000000
vt -0.820513 -0.001217 0.000000
vt -0.871795 -0.001217 0.000000
vt -0.923077 -0.001217 0.000000
vt -0.923077 0.001217 0.000000
vt -0.974359 0.001217 0.000000
vt -0.051282 0.001217 0.000000
vt -0.000000 0.001217 0.000000
vt -1.897436 -0.001217 0.000000
vt -1.794872 0.001217 0.000000
vt -1.641026 -0.001217 0.000000
vt -1.538462 0.001217 0.000000
vt -1.384615 -0.001217 0.000000
vt -1.282051 0.001217 0.000000
vt -1.128205 -0.001217 0.000000
vt -1.025641 0.001217 0.000000
vt -0.974359 -0.001217 0.000000
vt -0.871795 0.001217 0.000000
vt -0.717949 -0.001217 0.000000
vt -0.615385 0.001217 0.000000
vt -0.461538 -0.001217 0.000000
vt -0.358974 0.001217 0.000000
vt -0.205128 -0.001217 0.000000
vt -0.102564 0.001217 0.000000
vt 0.012411 2.000000 0.000000
vt 0.003715 2.000000 0.000000
vt 0.012411 0.000000 0.000000
vt 0.003715 0.000000 0.000000
vt -2.000000 0.001217 0.000000
vt -1.948718 0.001217 0.000000
vt -2.000000 0.003651 0.000000
vt -1.897436 0.001217 0.000000
vt -1.846154 0.001217 0.000000
vt -1.846154 -0.001217 0.000000
vt -1.794872 -0.001217 0.000000
vt -2.000000 -0.003651 0.000000
vt -1.743590 -0.001217 0.000000
vt -1.692308 -0.001217 0.000000
vt -1.743590 0.001217 0.000000
vt -1.692308 0.001217 0.000000
vt -1.641026 0.001217 0.000000
vt -1.589744 0.001217 0.000000
vt -1.589744 -0.001217 0.000000
vt -1.538462 -0.001217 0.000000
vt -1.487179 -0.001217 0.000000
vt -1.435897 -0.001217 0.000000
vt -1.487179 0.001217 0.000000
vt -1.435897 0.001217 0.000000
vt -1.384615 0.001217 0.000000
vt -1.333333 0.001217 0.000000
vt -1.333333 -0.001217 0.000000
vt -1.282051 -0.001217 0.000000
vt -1.230769 -0.001217 0.000000
vt -1.179487 -0.001217 0.000000
vt -1.230769 0.001217 0.000000
vt -1.179487 0.001217 0.000000
vt -1.128205 0.001217 0.000000
vt -1.076923 0.001217 0.000000
vt -1.076923 -0.001217 0.000000
vt -1.025641 -0.001217 0.000000
vt -0.000000 -0.003651 0.000000
vt -1.948718 -0.001217 0.000000
vt -2.000000 -0.001217 0.000000
vt -0.000000 -0.001217 0.000000
vt -0.051282 -0.001217 0.000000
vt -0.102564 -0.001217 0.000000
vt -0.153846 -0.001217 0.000000
vt -0.153846 0.001217 0.000000
vt -0.205128 0.001217 0.000000
vt -0.000000 0.003651 0.000000
vt -0.256410 0.001217 0.000000
vt -0.307692 0.001217 0.000000
vt -0.256410 -0.001217 0.000000
vt -0.307692 -0.001217 0.000000
vt -0.358974 -0.001217 0.000000
vt -0.410256 -0.001217 0.000000
vt -0.410256 0.001217 0.000000
vt -0.461538 0.001217 0.000000
vt -0.512821 0.001217 0.000000
vt -0.564103 0.001217 0.000000
vt -0.512821 -0.001217 0.000000
vt -0.564103 -0.001217 0.000000
vt -0.615385 -0.001217 0.000000
vt -0.666667 -0.001217 0.000000
vt -0.666667 0.001217 0.000000
vt -0.717949 0.001217 0.000000
vt -0.769231 0.001217 0.000000
vt -0.820513 0.001217 0.000000
vt -0.769231 -0.001217 0.000000
vt -0.820513 -0.001217 0.000000
vt -0.871795 -0.001217 0.000000
vt -0.923077 -0.001217 0.000000
vt -0.923077 0.001217 0.000000
vt -0.974359 0.001217 0.000000
vt -0.051282 0.001217 0.000000
vt -0.000000 0.001217 0.000000
vt -1.897436 -0.001217 0.000000
vt -1.794872 0.001217 0.000000
vt -1.641026 -0.001217 0.000000
vt -1.538462 0.001217 0.000000
vt -1.384615 -0.001217 0.000000
vt -1.282051 0.001217 0.000000
vt -1.128205 -0.001217 0.000000
vt -1.025641 0.001217 0.000000
vt -0.974359 -0.001217 0.000000
vt -0.871795 0.001217 0.000000
vt -0.717949 -0.001217 0.000000
vt -0.615385 0.001217 0.000000
vt -0.461538 -0.001217 0.000000
vt -0.358974 0.001217 0.000000
vt -0.205128 -0.001217 0.000000
vt -0.102564 0.001217 0.000000
vt 0.000000 0.001392 0.000000
vt 0.058824 0.001392 0.000000
vt 0.000000 0.004175 0.000000
vt 0.117647 0.001392 0.000000
vt 0.176471 0.001392 0.000000
vt 0.176471 -0.001392 0.000000
vt 0.235294 -0.001392 0.000000
vt 0.000000 -0.004175 0.000000
vt 0.294118 -0.001392 0.000000
vt 0.352941 -0.001392 0.000000
vt 0.294118 0.001392 0.000000
vt 0.352941 0.001392 0.000000
vt 0.411765 0.001392 0.000000
vt 0.470588 0.001392 0.000000
vt 0.470588 -0.001392 0.000000
vt 0.529412 -0.001392 0.000000
vt 0.588235 -0.001392 0.000000
vt 0.647059 -0.001392 0.000000
vt 0.588235 0.001392 0.000000
vt 0.647059 0.001392 0.000000
vt 0.705882 0.001392 0.000000
vt 0.764706 0.001392 0.000000
vt 0.764706 -0.001392 0.000000
vt 0.823529 -0.001392 0.000000
vt 0.882353 -0.001392 0.000000
vt 0.941176 -0.001392 0.000000
vt 0.882353 0.001392 0.000000
vt 0.941176 0.001392 0.000000
vt 1.000000 0.001392 0.000000
vt 2.000000 0.004175 0.000000
vt 1.058824 0.001392 0.000000
vt 1.117647 0.001392 0.000000
vt 1.117647 -0.001392 0.000000
vt 1.176471 -0.001392 0.000000
vt 2.000000 -0.004175 0.000000
vt 1.235294 -0.001392 0.000000
vt 1.294118 -0.001392 0.000000
vt 1.235294 0.001392 0.000000
vt 1.294118 0.001392 0.000000
vt 1.352941 0.001392 0.000000
vt 1.411765 0.001392 0.000000
vt 1.411765 -0.001392 0.000000
vt 1.470588 -0.001392 0.000000
vt 1.529412 -0.001392 0.000000
vt 1.588235 -0.001392 0.000000
vt 1.529412 0.001392 0.000000
vt 1.588235 0.001392 0.000000
vt 1.647059 0.001392 0.000000
vt 1.705882 0.001392 0.000000
vt 1.705882 -0.001392 0.000000
vt 1.764706 -0.001392 0.000000
vt 1.823529 -0.001392 0.000000
vt 1.882353 -0.001392 0.000000
vt 1.823529 0.001392 0.000000
vt 1.882353 0.001392 0.000000
vt 1.941176 0.001392 0.000000
vt 2.000000 0.001392 0.000000
vt 2.000000 -0.001392 0.000000
vt 1.941176 -0.001392 0.000000
vt 0.058824 -0.001392 0.000000
vt -0.000000 -0.001392 0.000000
vt 1.000000 -0.001392 0.000000
vt 1.058824 -0.001392 0.000000
vt 0.117647 -0.001392 0.000000
vt 0.235294 0.001392 0.000000
vt 0.411765 -0.001392 0.000000
vt 0.529412 0.001392 0.000000
vt 0.705882 -0.001392 0.000000
vt 0.823529 0.001392 0.000000
vt 1.176471 0.001392 0.000000
vt 1.352941 -0.001392 0.000000
vt 1.470588 0.001392 0.000000
vt 1.647059 -0.001392 0.000000
vt 1.764706 0.001392 0.000000
vt 0.070998 2.000000 0.000000
vt 0.004255 2.000000 0.000000
vt 0.070998 0.000000 0.000000
vt 0.004255 0.000000 0.000000
vt 0.000000 1.277722 0.000000
vt 0.000000 1.234112 0.000000
vt 0.666667 1.277722 0.000000
vt 2.000000 1.234112 0.000000
vt 1.333333 1.277722 0.000000
vt 2.000000 1.277722 0.000000
vt 1.333333 1.321332 0.000000
vt 2.000000 1.321332 0.000000
vt 1.333333 1.364941 0.000000
vt 2.000000 1.364941 0.000000
vt 1.333333 1.408551 0.000000
vt 2.000000 1.408551 0.000000
vt 1.333333 1.452161 0.000000
vt 2.000000 1.452161 0.000000
vt 1.333333 1.495771 0.000000
vt 2.000000 1.495771 0.000000
vt 1.333333 1.539380 0.000000
vt 2.000000 1.539380 0.000000
vt 1.333333 1.582990 0.000000
vt 2.000000 1.582990 0.000000
vt 1.333333 1.626600 0.000000
vt 2.000000 1.626600 0.000000
vt 1.333333 1.670210 0.000000
vt 2.000000 1.670210 0.000000
vt 1.333333 1.713820 0.000000
vt 2.000000 1.713820 0.000000
vt 1.333333 1.757429 0.000000
vt 2.000000 1.757429 0.000000
vt 1.333333 1.801039 0.000000
vt 2.000000 1.801039 0.000000
vt 2.000000 1.844649 0.000000
vt -0.000000 1.844649 0.000000
vt 0.666667 1.801039 0.000000
vt 0.666667 1.757429 0.000000
vt 0.666667 1.713820 0.000000
vt 0.666667 1.670210 0.000000
vt 0.666667 1.626600 0.000000
vt 0.666667 1.582990 0.000000
vt 0.666667 1.539380 0.000000
vt 0.666667 1.495771 0.000000
vt 0.666667 1.452161 0.000000
vt 0.666667 1.408551 0.000000
vt 0.666667 1.364941 0.000000
vt 0.666667 1.321332 0.000000
vt 0.000000 1.801039 0.000000
vt 0.000000 1.757429 0.000000
vt 0.000000 1.713820 0.000000
vt 0.000000 1.670210 0.000000
vt 0.000000 1.626600 0.000000
vt 0.000000 1.582990 0.000000
vt 0.000000 1.539380 0.000000
vt 0.000000 1.495771 0.000000
vt 0.000000 1.452161 0.000000
vt 0.000000 1.408551 0.000000
vt 0.000000 1.364941 0.000000
vt 0.000000 1.321332 0.000000
vt 0.000000 0.508032 0.000000
vt -0.000000 0.464422 0.000000
vt 0.666667 0.508032 0.000000
vt 2.000000 0.464422 0.000000
vt 1.333333 0.508032 0.000000
vt 2.000000 0.508032 0.000000
vt 1.333333 0.551641 0.000000
vt 2.000000 0.551641 0.000000
vt 1.333333 0.595251 0.000000
vt 2.000000 0.595251 0.000000
vt 1.333333 0.638861 0.000000
vt 2.000000 0.638861 0.000000
vt 1.333333 0.682471 0.000000
vt 2.000000 0.682471 0.000000
vt 1.333333 0.726080 0.000000
vt 2.000000 0.726080 0.000000
vt 1.333333 0.769690 0.000000
vt 2.000000 0.769690 0.000000
vt 1.333333 0.813300 0.000000
vt 2.000000 0.813300 0.000000
vt 1.333333 0.856910 0.000000
vt 2.000000 0.856910 0.000000
vt 1.333333 0.900520 0.000000
vt 2.000000 0.900520 0.000000
vt 1.333333 0.944129 0.000000
vt 2.000000 0.944129 0.000000
vt 1.333333 0.987739 0.000000
vt 2.000000 0.987739 0.000000
vt 1.333333 1.031349 0.000000
vt 2.000000 1.031349 0.000000
vt 2.000000 1.074959 0.000000
vt -0.000000 1.074959 0.000000
vt 0.666667 1.031349 0.000000
vt 0.666667 0.987739 0.000000
vt 0.666667 0.944129 0.000000
vt 0.666667 0.900520 0.000000
vt 0.666667 0.856910 0.000000
vt 0.666667 0.813300 0.000000
vt 0.666667 0.769690 0.000000
vt 0.666667 0.726080 0.000000
vt 0.666667 0.682471 0.000000
vt 0.666667 0.638861 0.000000
vt 0.666667 0.595251 0.000000
vt 0.666667 0.551641 0.000000
vt 0.000000 1.031349 0.000000
vt 0.000000 0.987739 0.000000
vt 0.000000 0.944129 0.000000
vt 0.000000 0.900520 0.000000
vt 0.000000 0.856910 0.000000
vt 0.000000 0.813300 0.000000
vt 0.000000 0.769690 0.000000
vt 0.000000 0.726080 0.000000
vt 0.000000 0.682471 0.000000
vt 0.000000 0.638861 0.000000
vt 0.000000 0.595251 0.000000
vt -0.000000 0.551641 0.000000
vt 0.000000 -0.261659 0.000000
vt 0.000000 -0.305268 0.000000
vt 0.666667 -0.261659 0.000000
vt 2.000000 -0.305268 0.000000
vt 1.333333 -0.261659 0.000000
vt 2.000000 -0.261659 0.000000
vt 1.333333 -0.218049 0.000000
vt 2.000000 -0.218049 0.000000
vt 1.333333 -0.174439 0.000000
vt 2.000000 -0.174439 0.000000
vt 1.333333 -0.130829 0.000000
vt 2.000000 -0.130829 0.000000
vt 1.333333 -0.087220 0.000000
vt 2.000000 -0.087220 0.000000
vt 1.333333 -0.043610 0.000000
vt 2.000000 -0.043610 0.000000
vt 1.333333 -0.000000 0.000000
vt 2.000000 -0.000000 0.000000
vt 1.333333 0.043610 0.000000
vt 2.000000 0.043610 0.000000
vt 1.333333 0.087220 0.000000
vt 2.000000 0.087220 0.000000
vt 1.333333 0.130829 0.000000
vt 2.000000 0.130829 0.000000
vt 1.333333 0.174439 0.000000
vt 2.000000 0.174439 0.000000
vt 1.333333 0.218049 0.000000
vt 2.000000 0.218049 0.000000
vt 1.333333 0.261659 0.000000
vt 2.000000 0.261659 0.000000
vt 2.000000 0.305268 0.000000
vt 0.000000 0.305268 0.000000
vt 0.666667 0.261659 0.000000
vt 0.666667 0.218049 0.000000
vt 0.666667 0.174439 0.000000
vt 0.666667 0.130829 0.000000
vt 0.666667 0.087220 0.000000
vt 0.666667 0.043610 0.000000
vt 0.666667 -0.000000 0.000000
vt 0.666667 -0.043610 0.000000
vt 0.666667 -0.087220 0.000000
vt 0.666667 -0.130829 0.000000
vt 0.666667 -0.174439 0.000000
vt 0.666667 -0.218049 0.000000
vt 0.000000 0.261659 0.000000
vt 0.000000 0.218049 0.000000
vt 0.000000 0.174439 0.000000
vt 0.000000 0.130829 0.000000
vt 0.000000 0.087220 0.000000
vt 0.000000 0.043610 0.000000
vt 0.000000 -0.000000 0.000000
vt 0.000000 -0.043610 0.000000
vt 0.000000 -0.087220 0.000000
vt 0.000000 -0.130829 0.000000
vt 0.000000 -0.174439 0.000000
vt 0.000000 -0.218049 0.000000
vt 0.000000 3.586792 0.000000
vt 0.000000 3.543183 0.000000
vt 0.666667 3.586792 0.000000
vt 2.000000 3.543183 0.000000
vt 1.333333 3.586792 0.000000
vt 2.000000 3.586792 0.000000
vt 1.333333 3.630402 0.000000
vt 2.000000 3.630402 0.000000
vt 1.333333 3.674012 0.000000
vt 2.000000 3.674012 0.000000
vt 1.333333 3.717622 0.000000
vt 2.000000 3.717622 0.000000
vt 1.333333 3.761231 0.000000
vt 2.000000 3.761231 0.000000
vt 1.333333 3.804841 0.000000
vt 2.000000 3.804841 0.000000
vt 1.333333 3.848451 0.000000
vt 2.000000 3.848451 0.000000
vt 1.333333 3.892061 0.000000
vt 2.000000 3.892061 0.000000
vt 1.333333 3.935671 0.000000
vt 2.000000 3.935671 0.000000
vt 1.333333 3.979280 0.000000
vt 2.000000 3.979280 0.000000
vt 1.333333 4.022890 0.000000
vt 2.000000 4.022890 0.000000
vt 1.333333 4.066500 0.000000
vt 2.000000 4.066500 0.000000
vt 1.333333 4.110110 0.000000
vt 2.000000 4.110110 0.000000
vt 2.000000 4.153719 0.000000
vt 0.000000 4.153719 0.000000
vt 0.666667 4.110110 0.000000
vt 0.666667 4.066500 0.000000
vt 0.666667 4.022890 0.000000
vt 0.666667 3.979280 0.000000
vt 0.666667 3.935671 0.000000
vt 0.666667 3.892061 0.000000
vt 0.666667 3.848451 0.000000
vt 0.666667 3.804841 0.000000
vt 0.666667 3.761231 0.000000
vt 0.666667 3.717622 0.000000
vt 0.666667 3.674012 0.000000
vt 0.666667 3.630402 0.000000
vt 0.000000 4.110110 0.000000
vt 0.000000 4.066500 0.000000
vt 0.000000 4.022890 0.000000
vt 0.000000 3.979280 0.000000
vt 0.000000 3.935671 0.000000
vt 0.000000 3.892061 0.000000
vt 0.000000 3.848451 0.000000
vt 0.000000 3.804841 0.000000
vt 0.000000 3.761231 0.000000
vt 0.000000 3.717622 0.000000
vt 0.000000 3.674012 0.000000
vt 0.000000 3.630402 0.000000
vt 0.000000 2.817102 0.000000
vt 0.000000 2.773492 0.000000
vt 0.666667 2.817102 0.000000
vt 2.000000 2.773492 0.000000
vt 1.333333 2.817102 0.000000
vt 2.000000 2.817102 0.000000
vt 1.333333 2.860712 0.000000
vt 2.000000 2.860712 0.000000
vt 1.333333 2.904322 0.000000
vt 2.000000 2.904322 0.000000
vt 1.333333 2.947931 0.000000
vt 2.000000 2.947931 0.000000
vt 1.333333 2.991541 0.000000
vt 2.000000 2.991541 0.000000
vt 1.333333 3.035151 0.000000
vt 2.000000 3.035151 0.000000
vt 1.333333 3.078761 0.000000
vt 2.000000 3.078761 0.000000
vt 1.333333 3.122371 0.000000
vt 2.000000 3.122371 0.000000
vt 1.333333 3.165980 0.000000
vt 2.000000 3.165980 0.000000
vt 1.333333 3.209590 0.000000
vt 2.000000 3.209590 0.000000
vt 1.333333 3.253200 0.000000
vt 2.000000 3.253200 0.000000
vt 1.333333 3.296810 0.000000
vt 2.000000 3.296810 0.000000
vt 1.333333 3.340419 0.000000
vt 2.000000 3.340419 0.000000
vt 2.000000 3.384029 0.000000
vt 0.000000 3.384029 0.000000
vt 0.666667 3.340419 0.000000
vt 0.666667 3.296810 0.000000
vt 0.666667 3.253200 0.000000
vt 0.666667 3.209590 0.000000
vt 0.666667 3.165980 0.000000
vt 0.666667 3.122371 0.000000
vt 0.666667 3.078761 0.000000
vt 0.666667 3.035151 0.000000
vt 0.666667 2.991541 0.000000
vt 0.666667 2.947931 0.000000
vt 0.666667 2.904322 0.000000
vt 0.666667 2.860712 0.000000
vt 0.000000 3.340419 0.000000
vt 0.000000 3.296810 0.000000
vt 0.000000 3.253200 0.000000
vt 0.000000 3.209590 0.000000
vt 0.000000 3.165980 0.000000
vt 0.000000 3.122371 0.000000
vt 0.000000 3.078761 0.000000
vt 0.000000 3.035151 0.000000
vt 0.000000 2.991541 0.000000
vt 0.000000 2.947931 0.000000
vt 0.000000 2.904322 0.000000
vt 0.000000 2.860712 0.000000
vt 2.000000 2.570729 0.000000
vt 2.000000 2.614339 0.000000
vt 1.333333 2.570729 0.000000
vt -0.000000 2.614339 0.000000
vt 0.666667 2.570729 0.000000
vt 0.000000 2.570729 0.000000
vt 0.666667 2.527119 0.000000
vt 0.000000 2.527119 0.000000
vt 0.666667 2.483510 0.000000
vt 0.000000 2.483510 0.000000
vt 0.666667 2.439900 0.000000
vt 0.000000 2.439900 0.000000
vt 0.666667 2.396290 0.000000
vt 0.000000 2.396290 0.000000
vt 0.666667 2.352680 0.000000
vt 0.000000 2.352680 0.000000
vt 0.666667 2.309071 0.000000
vt 0.000000 2.309071 0.000000
vt 0.666667 2.265461 0.000000
vt 0.000000 2.265461 0.000000
vt 0.666667 2.221851 0.000000
vt 0.000000 2.221851 0.000000
vt 0.666667 2.178241 0.000000
vt 0.000000 2.178241 0.000000
vt 0.666667 2.134631 0.000000
vt -0.000000 2.134631 0.000000
vt 0.666667 2.091022 0.000000
vt 0.000000 2.091022 0.000000
vt 0.666667 2.047412 0.000000
vt 0.000000 2.047412 0.000000
vt -0.000000 2.003802 0.000000
vt 2.000000 2.003802 0.000000
vt 1.333333 2.047412 0.000000
vt 1.333333 2.091022 0.000000
vt 1.333333 2.134631 0.000000
vt 1.333333 2.178241 0.000000
vt 1.333333 2.221851 0.000000
vt 1.333333 2.265461 0.000000
vt 1.333333 2.309071 0.000000
vt 1.333333 2.352680 0.000000
vt 1.333333 2.396290 0.000000
vt 1.333333 2.439900 0.000000
vt 1.333333 2.483510 0.000000
vt 1.333333 2.527119 0.000000
vt 2.000000 2.047412 0.000000
vt 2.000000 2.091022 0.000000
vt 2.000000 2.134631 0.000000
vt 2.000000 2.178241 0.000000
vt 2.000000 2.221851 0.000000
vt 2.000000 2.265461 0.000000
vt 2.000000 2.309071 0.000000
vt 2.000000 2.352680 0.000000
vt 2.000000 2.396290 0.000000
vt 2.000000 2.439900 0.000000
vt 2.000000 2.483510 0.000000
vt 2.000000 2.527119 0.000000
vt -2.000000 0.001392 0.000000
vt -1.941176 0.001392 0.000000
vt -2.000000 0.004175 0.000000
vt -1.882353 0.001392 0.000000
vt -1.823529 0.001392 0.000000
vt -1.823529 -0.001392 0.000000
vt -1.764706 -0.001392 0.000000
vt -2.000000 -0.004175 0.000000
vt -1.705882 -0.001392 0.000000
vt -1.647059 -0.001392 0.000000
vt -1.705882 0.001392 0.000000
vt -1.647059 0.001392 0.000000
vt -1.588235 0.001392 0.000000
vt -1.529412 0.001392 0.000000
vt -1.529412 -0.001392 0.000000
vt -1.470588 -0.001392 0.000000
vt -1.411765 -0.001392 0.000000
vt -1.352941 -0.001392 0.000000
vt -1.411765 0.001392 0.000000
vt -1.352941 0.001392 0.000000
vt -1.294118 0.001392 0.000000
vt -1.235294 0.001392 0.000000
vt -1.235294 -0.001392 0.000000
vt -1.176471 -0.001392 0.000000
vt -1.117647 -0.001392 0.000000
vt -1.058824 -0.001392 0.000000
vt -1.117647 0.001392 0.000000
vt -1.058824 0.001392 0.000000
vt -1.000000 0.001392 0.000000
vt -0.000000 0.004175 0.000000
vt -0.941176 0.001392 0.000000
vt -0.882353 0.001392 0.000000
vt -0.882353 -0.001392 0.000000
vt -0.823529 -0.001392 0.000000
vt -0.000000 -0.004175 0.000000
vt -0.764706 -0.001392 0.000000
vt -0.705882 -0.001392 0.000000
vt -0.764706 0.001392 0.000000
vt -0.705882 0.001392 0.000000
vt -0.647059 0.001392 0.000000
vt -0.588235 0.001392 0.000000
vt -0.588235 -0.001392 0.000000
vt -0.529412 -0.001392 0.000000
vt -0.470588 -0.001392 0.000000
vt -0.411765 -0.001392 0.000000
vt -0.470588 0.001392 0.000000
vt -0.411765 0.001392 0.000000
vt -0.352941 0.001392 0.000000
vt -0.294118 0.001392 0.000000
vt -0.294118 -0.001392 0.000000
vt -0.235294 -0.001392 0.000000
vt -0.176471 -0.001392 0.000000
vt -0.117647 -0.001392 0.000000
vt -0.176471 0.001392 0.000000
vt -0.117647 0.001392 0.000000
vt -0.058824 0.001392 0.000000
vt 0.000000 0.001392 0.000000
vt -0.000000 -0.001392 0.000000
vt -0.058824 -0.001392 0.000000
vt -1.941176 -0.001392 0.000000
vt -2.000000 -0.001392 0.000000
vt -1.000000 -0.001392 0.000000
vt -0.941176 -0.001392 0.000000
vt -1.882353 -0.001392 0.000000
vt -1.764706 0.001392 0.000000
vt -1.588235 -0.001392 0.000000
vt -1.470588 0.001392 0.000000
vt -1.294118 -0.001392 0.000000
vt -1.176471 0.001392 0.000000
vt -0.823529 0.001392 0.000000
vt -0.647059 -0.001392 0.000000
vt -0.529412 0.001392 0.000000
vt -0.352941 -0.001392 0.000000
vt -0.235294 0.001392 0.000000
vt 0.070458 2.000000 0.000000
vt 0.003715 2.000000 0.000000
vt 0.070458 0.000000 0.000000
vt 0.003715 0.000000 0.000000
vt -2.000000 0.001217 0.000000
vt -1.948718 0.001217 0.000000
vt -2.000000 0.003651 0.000000
vt -1.897436 0.001217 0.000000
vt -1.846154 0.001217 0.000000
vt -1.846154 -0.001217 0.000000
vt -1.794872 -0.001217 0.000000
vt -2.000000 -0.003651 0.000000
vt -1.743590 -0.001217 0.000000
vt -1.692308 -0.001217 0.000000
vt -1.743590 0.001217 0.000000
vt -1.692308 0.001217 0.000000
vt -1.641026 0.001217 0.000000
vt -1.589744 0.001217 0.000000
vt -1.589744 -0.001217 0.000000
vt -1.538462 -0.001217 0.000000
vt -1.487179 -0.001217 0.000000
vt -1.435897 -0.001217 0.000000
vt -1.487179 0.001217 0.000000
vt -1.435897 0.001217 0.000000
vt -1.384615 0.001217 0.000000
vt -1.333333 0.001217 0.000000
vt -1.333333 -0.001217 0.000000
vt -1.282051 -0.001217 0.000000
vt -1.230769 -0.001217 0.000000
vt -1.179487 -0.001217 0.000000
vt -1.230769 0.001217 0.000000
vt -1.179487 0.001217 0.000000
vt -1.128205 0.001217 0.000000
vt -1.076923 0.001217 0.000000
vt -1.076923 -0.001217 0.000000
vt -1.025641 -0.001217 0.000000
vt -0.000000 -0.003651 0.000000
vt -1.948718 -0.001217 0.000000
vt -2.000000 -0.001217 0.000000
vt -0.000000 -0.001217 0.000000
vt -0.051282 -0.001217 0.000000
vt -0.102564 -0.001217 0.000000
vt -0.153846 -0.001217 0.000000
vt -0.153846 0.001217 0.000000
vt -0.205128 0.001217 0.000000
vt -0.000000 0.003651 0.000000
vt -0.256410 0.001217 0.000000
vt -0.307692 0.001217 0.000000
vt -0.256410 -0.001217 0.000000
vt -0.307692 -0.001217 0.000000
vt -0.358974 -0.001217 0.000000
vt -0.410256 -0.001217 0.000000
vt -0.410256 0.001217 0.000000
vt -0.461538 0.001217 0.000000
vt -0.512821 0.001217 0.000000
vt -0.564103 0.001217 0.000000
vt -0.512821 -0.001217 0.000000
vt -0.564103 -0.001217 0.000000
vt -0.615385 -0.001217 0.000000
vt -0.666667 -0.001217 0.000000
vt -0.666667 0.001217 0.000000
vt -0.717949 0.001217 0.000000
vt -0.769231 0.001217 0.000000
vt -0.820513 0.001217 0.000000
vt -0.769231 -0.001217 0.000000
vt -0.820513 -0.001217 0.000000
vt -0.871795 -0.001217 0.000000
vt -0.923077 -0.001217 0.000000
vt -0.923077 0.001217 0.000000
vt -0.974359 0.001217 0.000000
vt -0.051282 0.001217 0.000000
vt -0.000000 0.001217 0.000000
vt -1.897436 -0.001217 0.000000
vt -1.794872 0.001217 0.000000
vt -1.641026 -0.001217 0.000000
vt -1.538462 0.001217 0.000000
vt -1.384615 -0.001217 0.000000
vt -1.282051 0.001217 0.000000
vt -1.128205 -0.001217 0.000000
vt -1.025641 0.001217 0.000000
vt -0.974359 -0.001217 0.000000
vt -0.871795 0.001217 0.000000
vt -0.717949 -0.001217 0.000000
vt -0.615385 0.001217 0.000000
vt -0.461538 -0.001217 0.000000
vt -0.358974 0.001217 0.000000
vt -0.205128 -0.001217 0.000000
vt -0.102564 0.001217 0.000000
vt 0.012411 2.000000 0.000000
vt 0.003715 2.000000 0.000000
vt 0.012411 0.000000 0.000000
vt 0.003715 0.000000 0.000000
vt -2.000000 0.001217 0.000000
vt -1.948718 0.001217 0.000000
vt -2.000000 0.003651 0.000000
vt -1.897436 0.001217 0.000000
vt -1.846154 0.001217 0.000000
vt -1.846154 -0.001217 0.000000
vt -1.794872 -0.001217 0.000000
vt -2.000000 -0.003651 0.000000
vt -1.743590 -0.001217 0.000000
vt -1.692308 -0.001217 0.000000
vt -1.743590 0.001217 0.000000
vt -1.692308 0.001217 0.000000
vt -1.641026 0.001217 0.000000
vt -1.589744 0.001217 0.000000
vt -1.589744 -0.001217 0.000000
vt -1.538462 -0.001217 0.000000
vt -1.487179 -0.001217 0.000000
vt -1.435897 -0.001217 0.000000
vt -1.487179 0.001217 0.000000
vt -1.435897 0.001217 0.000000
vt -1.384615 0.001217 0.000000
vt -1.333333 0.001217 0.000000
vt -1.333333 -0.001217 0.000000
vt -1.282051 -0.001217 0.000000
vt -1.230769 -0.001217 0.000000
vt -1.179487 -0.001217 0.000000
vt -1.230769 0.001217 0.000000
vt -1.179487 0.001217 0.000000
vt -1.128205 0.001217 0.000000
vt -1.076923 0.001217 0.000000
vt -1.076923 -0.001217 0.000000
vt -1.025641 -0.001217 0.000000
vt -0.000000 -0.003651 0.000000
vt -1.948718 -0.001217 0.000000
vt -2.000000 -0.001217 0.000000
vt -0.000000 -0.001217 0.000000
vt -0.051282 -0.001217 0.000000
vt -0.102564 -0.001217 0.000000
vt -0.153846 -0.001217 0.000000
vt -0.153846 0.001217 0.000000
vt -0.205128 0.001217 0.000000
vt -0.000000 0.003651 0.000000
vt -0.256410 0.001217 0.000000
vt -0.307692 0.001217 0.000000
vt -0.256410 -0.001217 0.000000
vt -0.307692 -0.001217 0.000000
vt -0.358974 -0.001217 0.000000
vt -0.410256 -0.001217 0.000000
vt -0.410256 0.001217 0.000000
vt -0.461538 0.001217 0.000000
vt -0.512821 0.001217 0.000000
vt -0.564103 0.001217 0.000000
vt -0.512821 -0.001217 0.000000
vt -0.564103 -0.001217 0.000000
vt -0.615385 -0.001217 0.000000
vt -0.666667 -0.001217 0.000000
vt -0.666667 0.001217 0.000000
vt -0.717949 0.001217 0.000000
vt -0.769231 0.001217 0.000000
vt -0.820513 0.001217 0.000000
vt -0.769231 -0.001217 0.000000
vt -0.820513 -0.001217 0.000000
vt -0.871795 -0.001217 0.000000
vt -0.923077 -0.001217 0.000000
vt -0.923077 0.001217 0.000000
vt -0.974359 0.001217 0.000000
vt -0.051282 0.001217 0.000000
vt -0.000000 0.001217 0.000000
vt -1.897436 -0.001217 0.000000
vt -1.794872 0.001217 0.000000
vt -1.641026 -0.001217 0.000000
vt -1.538462 0.001217 0.000000
vt -1.384615 -0.001217 0.000000
vt -1.282051 0.001217 0.000000
vt -1.128205 -0.001217 0.000000
vt -1.025641 0.001217 0.000000
vt -0.974359 -0.001217 0.000000
vt -0.871795 0.001217 0.000000
vt -0.717949 -0.001217 0.000000
vt -0.615385 0.001217 0.000000
vt -0.461538 -0.001217 0.000000
vt -0.358974 0.001217 0.000000
vt -0.205128 -0.001217 0.000000
vt -0.102564 0.001217 0.000000
vt 0.000000 0.001392 0.000000
vt 0.058824 0.001392 0.000000
vt -0.000000 0.004175 0.000000
vt 0.117647 0.001392 0.000000
vt 0.176471 0.001392 0.000000
vt 0.176471 -0.001392 0.000000
vt 0.235294 -0.001392 0.000000
vt -0.000000 -0.004175 0.000000
vt 0.294118 -0.001392 0.000000
vt 0.352941 -0.001392 0.000000
vt 0.294118 0.001392 0.000000
vt 0.352941 0.001392 0.000000
vt 0.411765 0.001392 0.000000
vt 0.470588 0.001392 0.000000
vt 0.470588 -0.001392 0.000000
vt 0.529412 -0.001392 0.000000
vt 0.588235 -0.001392 0.000000
vt 0.647059 -0.001392 0.000000
vt 0.588235 0.001392 0.000000
vt 0.647059 0.001392 0.000000
vt 0.705882 0.001392 0.000000
vt 0.764706 0.001392 0.000000
vt 0.764706 -0.001392 0.000000
vt 0.823529 -0.001392 0.000000
vt 0.882353 -0.001392 0.000000
vt 0.941176 -0.001392 0.000000
vt 0.882353 0.001392 0.000000
vt 0.941176 0.001392 0.000000
vt 1.000000 0.001392 0.000000
vt 2.000000 0.004175 0.000000
vt 1.058824 0.001392 0.000000
vt 1.117647 0.001392 0.000000
vt 1.117647 -0.001392 0.000000
vt 1.176471 -0.001392 0.000000
vt 2.000000 -0.004175 0.000000
vt 1.235294 -0.001392 0.000000
vt 1.294118 -0.001392 0.000000
vt 1.235294 0.001392 0.000000
vt 1.294118 0.001392 0.000000
vt 1.352941 0.001392 0.000000
vt 1.411765 0.001392 0.000000
vt 1.411765 -0.001392 0.000000
vt 1.470588 -0.001392 0.000000
vt 1.529412 -0.001392 0.000000
vt 1.588235 -0.001392 0.000000
vt 1.529412 0.001392 0.000000
vt 1.588235 0.001392 0.000000
vt 1.647059 0.001392 0.000000
vt 1.705882 0.001392 0.000000
vt 1.705882 -0.001392 0.000000
vt 1.764706 -0.001392 0.000000
vt 1.823529 -0.001392 0.000000
vt 1.882353 -0.001392 0.000000
vt 1.823529 0.001392 0.000000
vt 1.882353 0.001392 0.000000
vt 1.941176 0.001392 0.000000
vt 2.000000 0.001392 0.000000
vt 2.000000 -0.001392 0.000000
vt 1.941176 -0.001392 0.000000
vt 0.058824 -0.001392 0.000000
vt 0.000000 -0.001392 0.000000
vt 1.000000 -0.001392 0.000000
vt 1.058824 -0.001392 0.000000
vt 0.117647 -0.001392 0.000000
vt 0.235294 0.001392 0.000000
vt 0.411765 -0.001392 0.000000
vt 0.529412 0.001392 0.000000
vt 0.705882 -0.001392 0.000000
vt 0.823529 0.001392 0.000000
vt 1.176471 0.001392 0.000000
vt 1.352941 -0.001392 0.000000
vt 1.470588 0.001392 0.000000
vt 1.647059 -0.001392 0.000000
vt 1.764706 0.001392 0.000000
vt 0.070998 2.000000 0.000000
vt 0.004255 2.000000 0.000000
vt 0.070998 0.000000 0.000000
vt 0.004255 0.000000 0.000000
vn -0.000000 0.866613 0.498981
vn -0.000000 0.866613 0.498981
vn -0.000000 0.790355 0.612649
vn -0.000000 0.866613 0.498981
vn -0.000000 0.866613 0.498981
vn -0.000000 0.926634 0.375963
vn -0.000000 0.926634 0.375963
vn -0.000000 0.969295 0.245902
vn -0.000000 0.969295 0.245902
vn -0.000000 0.993794 0.111234
vn -0.000000 0.993794 0.111234
vn -0.000000 0.999674 -0.025519
vn -0.000000 0.993794 0.111234
vn -0.000000 0.993794 0.111234
vn -0.000000 0.969295 0.245902
vn -0.000000 0.969295 0.245902
vn -0.000000 0.926634 0.375963
vn -0.000000 0.926634 0.375963
vn -0.000000 0.866613 0.498981
vn -0.000000 0.866613 0.498981
vn -0.000000 0.790355 0.612649
vn -0.000000 0.866613 0.498981
vn -0.000000 0.926634 0.375963
vn -0.000000 0.969295 0.245902
vn -0.000000 0.993794 0.111234
vn -0.000000 0.926634 0.375963
vn -0.000000 0.926634 0.375963
vn -0.000000 0.969295 0.245902
vn -0.000000 0.969295 0.245902
vn -0.000000 0.993794 0.111234
vn -0.000000 0.993794 0.111234
vn -0.000000 0.999674 -0.025519
vn -0.000000 0.993794 0.111234
vn -0.000000 0.993794 0.111234
vn -0.000000 0.993794 0.111234
vn -0.000000 0.969295 0.245902
vn -0.000000 0.866613 0.498981
vn -0.000000 0.866613 0.498981
vn -0.000000 0.926634 0.375963
vn -0.000000 0.866613 0.498981
vn -0.000000 0.926634 0.375963
vn -0.000000 0.926634 0.375963
vn -0.000000 0.969295 0.245902
vn -0.000000 0.969295 0.245902
vn -0.000000 0.999674 -0.025519
vn -0.000000 0.999674 -0.025519
vn 1.000000 0.000000 0.000000
vn 1.000000 0.000000 0.000000
vn 1.000000 0.000000 0.000000
vn 1.000000 0.000000 0.000000
vn 1.000000 0.000000 0.000000
vn 1.000000 0.000000 0.000000
vn 1.000000 0.000000 0.000000
vn 1.000000 0.000000 0.000000
vn 1.000000 0.000000 0.000000
vn 1.000000 0.000000 0.000000
vn 1.000000 0.000000 0.000000
vn 1.000000 0.000000 0.000000
vn 1.000000 0.000000 0.000000
vn 1.000000 0.000000 0.000000
vn 1.000000 0.000000 0.000000
vn 1.000000 0.000000 0.000000
vn 1.000000 0.000000 0.000000
vn 1.000000 0.000000 0.000000
vn 1.000000 0.000000 0.000000
vn 1.000000 0.000000 0.000000
vn 1.000000 0.000000 0.000000
vn 1.000000 0.000000 0.000000
vn 1.000000 0.000000 0.000000
vn 1.000000 0.000000 0.000000
vn 1.000000 0.000000 0.000000
vn 1.000000 0.000000 0.000000
vn 1.000000 0.000000 0.000000
vn 1.000000 0.000000 0.000000
vn 1.000000 0.000000 0.000000
vn 1.000000 0.000000 0.000000
vn 1.000000 0.000000 0.000000
vn 1.000000 0.000000 0.000000
vn 1.000000 0.000000 0.000000
vn 1.000000 0.000000 0.000000
vn 1.000000 0.000000 0.000000
vn 1.000000 0.000000 0.000000
vn 1.000000 0.000000 0.000000
vn 1.000000 0.000000 0.000000
vn 1.000000 0.000000 0.000000
vn 1.000000 0.000000 0.000000
vn 1.000000 0.000000 0.000000
vn 1.000000 0.000000 0.000000
vn 1.000000 0.000000 0.000000
vn 1.000000 0.000000 0.000000
vn 1.000000 0.000000 0.000000
vn 1.000000 0.000000 0.000000
vn 1.000000 0.000000 0.000000
vn 1.000000 0.000000 0.000000
vn 1.000000 0.000000 0.000000
vn 1.000000 0.000000 0.000000
vn 1.000000 0.000000 0.000000
vn 1.000000 0.000000 0.000000
vn 1.000000 0.000000 0.000000
vn 1.000000 0.000000 0.000000
vn 1.000000 0.000000 0.000000
vn 1.000000 0.000000 0.000000
vn 1.000000 0.000000 0.000000
vn 1.000000 0.000000 0.000000
vn 1.000000 0.000000 0.000000
vn 1.000000 0.000000 0.000000
vn 1.000000 0.000000 0.000000
vn 1.000000 0.000000 0.000000
vn 1.000000 0.000000 0.000000
vn 1.000000 0.000000 0.000000
vn 1.000000 0.000000 0.000000
vn 1.000000 0.000000 0.000000
vn 1.000000 0.000000 0.000000
vn 1.000000 0.000000 0.000000
vn 1.000000 0.000000 0.000000
vn 1.000000 0.000000 0.000000
vn 1.000000 0.000000 0.000000
vn 1.000000 0.000000 0.000000
vn 1.000000 0.000000 0.000000
vn 1.000000 0.000000 0.000000
vn 1.000000 0.000000 0.000000
vn 1.000000 0.000000 0.000000
vn 1.000000 0.000000 0.000000
vn 1.000000 0.000000 0.000000
vn 1.000000 0.000000 0.000000
vn 1.000000 0.000000 0.000000
vn 1.000000 0.000000 0.000000
vn 1.000000 0.000000 0.000000
vn 1.000000 0.000000 0.000000
vn 1.000000 0.000000 0.000000
vn 1.000000 0.000000 0.000000
vn 1.000000 0.000000 0.000000
vn 1.000000 0.000000 0.000000
vn 1.000000 0.000000 0.000000
vn 1.000000 0.000000 0.000000
vn 1.000000 0.000000 0.000000
vn 1.000000 0.000000 0.000000
vn 1.000000 0.000000 0.000000
vn 1.000000 0.000000 0.000000
vn 1.000000 0.000000 0.000000
vn 1.000000 0.000000 0.000000
vn 1.000000 0.000000 0.000000
vn 1.000000 0.000000 0.000000
vn 1.000000 0.000000 0.000000
vn 1.000000 0.000000 0.000000
vn 1.000000 0.000000 0.000000
vn 1.000000 0.000000 0.000000
vn 1.000000 0.000000 0.000000
vn 1.000000 0.000000 0.000000
vn 1.000000 0.000000 0.000000
vn 1.000000 0.000000 0.000000
vn 1.000000 0.000000 0.000000
vn 1.000000 0.000000 0.000000
vn 1.000000 0.000000 0.000000
vn 1.000000 0.000000 0.000000
vn 1.000000 0.000000 0.000000
vn 1.000000 0.000000 0.000000
vn 1.000000 0.000000 0.000000
vn 1.000000 0.000000 0.000000
vn 1.000000 0.000000 0.000000
vn 1.000000 0.000000 0.000000
vn 1.000000 0.000000 0.000000
vn 1.000000 0.000000 0.000000
vn 1.000000 0.000000 0.000000
vn 1.000000 0.000000 0.000000
vn 1.000000 0.000000 0.000000
vn 1.000000 0.000000 0.000000
vn 1.000000 0.000000 0.000000
vn 1.000000 0.000000 0.000000
vn 1.000000 0.000000 0.000000
vn 1.000000 0.000000 0.000000
vn 1.000000 0.000000 0.000000
vn 1.000000 0.000000 0.000000
vn 1.000000 0.000000 0.000000
vn 1.000000 0.000000 0.000000
vn 1.000000 0.000000 0.000000
vn 1.000000 0.000000 0.000000
vn 1.000000 0.000000 0.000000
vn 1.000000 0.000000 0.000000
vn 1.000000 0.000000 0.000000
vn 1.000000 0.000000 0.000000
vn 1.000000 0.000000 0.000000
vn 1.000000 0.000000 0.000000
vn 1.000000 0.000000 0.000000
vn 1.000000 0.000000 0.000000
vn 1.000000 0.000000 0.000000
vn 1.000000 0.000000 0.000000
vn 1.000000 0.000000 0.000000
vn 1.000000 0.000000 0.000000
vn 1.000000 0.000000 0.000000
vn 1.000000 0.000000 0.000000
vn 1.000000 0.000000 0.000000
vn 1.000000 0.000000 0.000000
vn 1.000000 0.000000 0.000000
vn 1.000000 0.000000 0.000000
vn 1.000000 0.000000 0.000000
vn 1.000000 0.000000 0.000000
vn 1.000000 0.000000 0.000000
vn 1.000000 0.000000 0.000000
vn 1.000000 0.000000 0.000000
vn 1.000000 0.000000 0.000000
vn 1.000000 0.000000 0.000000
vn 1.000000 0.000000 0.000000
vn 1.000000 0.000000 0.000000
vn 1.000000 0.000000 0.000000
vn 1.000000 0.000000 0.000000
vn 1.000000 0.000000 0.000000
vn 1.000000 0.000000 0.000000
vn 1.000000 0.000000 0.000000
vn 1.000000 0.000000 0.000000
vn 1.000000 0.000000 0.000000
vn 1.000000 0.000000 0.000000
vn 1.000000 0.000000 0.000000
vn 1.000000 0.000000 0.000000
vn 1.000000 0.000000 0.000000
vn 1.000000 0.000000 0.000000
vn 1.000000 0.000000 0.000000
vn 1.000000 0.000000 0.000000
vn 1.000000 0.000000 0.000000
vn 1.000000 0.000000 0.000000
vn 1.000000 0.000000 0.000000
vn 1.000000 0.000000 0.000000
vn 1.000000 0.000000 0.000000
vn 1.000000 0.000000 0.000000
vn 1.000000 0.000000 0.000000
vn 1.000000 0.000000 0.000000
vn 1.000000 0.000000 0.000000
vn 1.000000 0.000000 0.000000
vn 1.000000 0.000000 0.000000
vn 1.000000 0.000000 0.000000
vn 1.000000 0.000000 0.000000
vn 1.000000 0.000000 0.000000
vn 1.000000 0.000000 0.000000
vn 1.000000 0.000000 0.000000
vn 1.000000 0.000000 0.000000
vn 1.000000 0.000000 0.000000
vn 1.000000 0.000000 0.000000
vn 1.000000 0.000000 0.000000
vn 1.000000 0.000000 0.000000
vn 1.000000 0.000000 0.000000
vn 1.000000 0.000000 0.000000
vn 1.000000 0.000000 0.000000
vn 1.000000 0.000000 0.000000
vn 1.000000 0.000000 0.000000
vn 1.000000 0.000000 0.000000
vn 1.000000 0.000000 0.000000
vn 1.000000 0.000000 0.000000
vn 1.000000 0.000000 0.000000
vn 1.000000 0.000000 0.000000
vn 1.000000 0.000000 0.000000
vn 1.000000 0.000000 0.000000
vn 1.000000 0.000000 0.000000
vn 1.000000 0.000000 0.000000
vn 1.000000 0.000000 0.000000
vn 1.000000 0.000000 0.000000
vn 1.000000 0.000000 0.000000
vn 1.000000 0.000000 0.000000
vn 1.000000 0.000000 0.000000
vn 1.000000 0.000000 0.000000
vn 1.000000 0.000000 0.000000
vn 1.000000 0.000000 0.000000
vn 1.000000 0.000000 0.000000
vn 1.000000 0.000000 0.000000
vn 1.000000 0.000000 0.000000
vn 1.000000 0.000000 0.000000
vn 1.000000 0.000000 0.000000
vn 1.000000 0.000000 0.000000
vn 1.000000 0.000000 0.000000
vn 1.000000 0.000000 0.000000
vn 1.000000 0.000000 0.000000
vn 1.000000 0.000000 0.000000
vn 1.000000 0.000000 0.000000
vn 1.000000 0.000000 0.000000
vn 1.000000 0.000000 0.000000
vn 1.000000 0.000000 0.000000
vn 1.000000 0.000000 0.000000
vn 1.000000 0.000000 0.000000
vn 1.000000 0.000000 0.000000
vn 1.000000 0.000000 0.000000
vn 1.000000 0.000000 0.000000
vn 1.000000 0.000000 0.000000
vn 1.000000 0.000000 0.000000
vn 1.000000 0.000000 0.000000
vn 1.000000 0.000000 0.000000
vn 1.000000 0.000000 0.000000
vn 1.000000 0.000000 0.000000
vn 1.000000 0.000000 0.000000
vn 1.000000 0.000000 0.000000
vn 1.000000 0.000000 0.000000
vn 1.000000 0.000000 0.000000
vn 1.000000 0.000000 0.000000
vn 1.000000 0.000000 0.000000
vn 1.000000 0.000000 0.000000
vn 1.000000 0.000000 0.000000
vn 1.000000 0.000000 0.000000
vn 1.000000 0.000000 0.000000
vn 1.000000 0.000000 0.000000
vn 1.000000 0.000000 0.000000
vn 1.000000 0.000000 0.000000
vn 1.000000 0.000000 0.000000
vn 1.000000 0.000000 0.000000
vn 1.000000 0.000000 0.000000
vn 1.000000 0.000000 0.000000
vn 1.000000 0.000000 0.000000
vn 1.000000 0.000000 0.000000
vn 1.000000 0.000000 0.000000
vn 1.000000 0.000000 0.000000
vn 1.000000 0.000000 0.000000
vn 1.000000 0.000000 0.000000
vn 1.000000 0.000000 0.000000
vn 1.000000 0.000000 0.000000
vn 1.000000 0.000000 0.000000
vn 1.000000 0.000000 0.000000
vn 1.000000 0.000000 0.000000
vn 1.000000 0.000000 0.000000
vn 1.000000 0.000000 0.000000
vn 1.000000 0.000000 0.000000
vn 1.000000 0.000000 0.000000
vn 1.000000 0.000000 0.000000
vn 1.000000 0.000000 0.000000
vn 1.000000 0.000000 0.000000
vn 1.000000 0.000000 0.000000
vn 1.000000 0.000000 0.000000
vn 1.000000 0.000000 0.000000
vn 1.000000 0.000000 0.000000
vn 1.000000 0.000000 0.000000
vn 1.000000 0.000000 0.000000
vn 1.000000 0.000000 0.000000
vn 1.000000 0.000000 0.000000
vn 1.000000 0.000000 0.000000
vn 1.000000 0.000000 0.000000
vn 1.000000 0.000000 0.000000
vn 1.000000 0.000000 0.000000
vn 1.000000 0.000000 0.000000
vn 1.000000 0.000000 0.000000
vn 1.000000 0.000000 0.000000
vn 1.000000 0.000000 0.000000
vn 1.000000 0.000000 0.000000
vn 1.000000 0.000000 0.000000
vn 1.000000 0.000000 0.000000
vn 1.000000 0.000000 0.000000
vn 1.000000 0.000000 0.000000
vn 1.000000 0.000000 0.000000
vn 1.000000 0.000000 0.000000
vn 1.000000 0.000000 0.000000
vn 1.000000 0.000000 0.000000
vn 1.000000 0.000000 0.000000
vn 1.000000 0.000000 0.000000
vn 1.000000 0.000000 0.000000
vn 1.000000 0.000000 0.000000
vn 1.000000 0.000000 0.000000
vn 1.000000 0.000000 0.000000
vn 1.000000 0.000000 0.000000
vn 1.000000 0.000000 0.000000
vn 1.000000 0.000000 0.000000
vn 1.000000 0.000000 0.000000
vn 1.000000 0.000000 0.000000
vn 1.000000 0.000000 0.000000
vn 1.000000 0.000000 0.000000
vn 1.000000 0.000000 0.000000
vn 1.000000 0.000000 0.000000
vn 1.000000 0.000000 0.000000
vn 1.000000 0.000000 0.000000
vn 1.000000 0.000000 0.000000
vn 1.000000 0.000000 0.000000
vn 1.000000 0.000000 0.000000
vn 1.000000 0.000000 0.000000
vn 1.000000 0.000000 0.000000
vn 1.000000 0.000000 0.000000
vn 1.000000 0.000000 0.000000
vn 1.000000 0.000000 0.000000
vn 1.000000 0.000000 0.000000
vn 1.000000 0.000000 0.000000
vn 1.000000 0.000000 0.000000
vn 1.000000 0.000000 0.000000
vn 1.000000 0.000000 0.000000
vn 1.000000 0.000000 0.000000
vn 1.000000 0.000000 0.000000
vn 1.000000 0.000000 0.000000
vn 1.000000 0.000000 0.000000
vn 1.000000 0.000000 0.000000
vn 1.000000 0.000000 0.000000
vn 1.000000 0.000000 0.000000
vn 1.000000 0.000000 0.000000
vn 1.000000 0.000000 0.000000
vn 1.000000 0.000000 0.000000
vn 1.000000 0.000000 0.000000
vn 1.000000 0.000000 0.000000
vn 1.000000 0.000000 0.000000
vn 1.000000 0.000000 0.000000
vn 1.000000 0.000000 0.000000
vn 1.000000 0.000000 0.000000
vn 1.000000 0.000000 0.000000
vn 1.000000 0.000000 0.000000
vn 1.000000 0.000000 0.000000
vn 1.000000 0.000000 0.000000
vn 1.000000 0.000000 0.000000
vn 1.000000 0.000000 0.000000
vn 1.000000 0.000000 0.000000
vn 1.000000 0.000000 0.000000
vn 1.000000 0.000000 0.000000
vn 1.000000 0.000000 0.000000
vn 1.000000 0.000000 0.000000
vn 1.000000 0.000000 0.000000
vn 1.000000 0.000000 0.000000
vn 1.000000 0.000000 0.000000
vn 1.000000 0.000000 0.000000
vn 1.000000 0.000000 0.000000
vn 1.000000 0.000000 0.000000
vn 1.000000 0.000000 0.000000
vn 1.000000 0.000000 0.000000
vn 1.000000 0.000000 0.000000
vn 1.000000 0.000000 0.000000
vn 1.000000 0.000000 0.000000
vn 1.000000 0.000000 0.000000
vn 1.000000 0.000000 0.000000
vn 1.000000 0.000000 0.000000
vn 1.000000 0.000000 0.000000
vn 1.000000 0.000000 0.000000
vn 1.000000 0.000000 0.000000
vn 1.000000 0.000000 0.000000
vn 1.000000 0.000000 0.000000
vn 0.000000 -0.866613 0.498981
vn 0.000000 -0.866613 0.498981
vn 0.000000 -0.790355 0.612649
vn 0.000000 -0.866613 0.498981
vn 0.000000 -0.866613 0.498981
vn 0.000000 -0.926634 0.375963
vn 0.000000 -0.926634 0.375963
vn 0.000000 -0.969295 0.245902
vn 0.000000 -0.969295 0.245902
vn 0.000000 -0.993794 0.111234
vn 0.000000 -0.993794 0.111234
vn 0.000000 -0.999674 -0.025519
vn 0.000000 -0.993794 0.111234
vn 0.000000 -0.993794 0.111234
vn 0.000000 -0.969295 0.245902
vn 0.000000 -0.969295 0.245902
vn 0.000000 -0.926634 0.375963
vn 0.000000 -0.926634 0.375963
vn 0.000000 -0.866613 0.498981
vn 0.000000 -0.866613 0.498981
vn 0.000000 -0.790355 0.612649
vn 0.000000 -0.866613 0.498981
vn 0.000000 -0.926634 0.375963
vn 0.000000 -0.969295 0.245902
vn 0.000000 -0.993794 0.111234
vn 0.000000 -0.926634 0.375963
vn 0.000000 -0.926634 0.375963
vn 0.000000 -0.969295 0.245902
vn 0.000000 -0.969295 0.245902
vn 0.000000 -0.993794 0.111234
vn 0.000000 -0.993794 0.111234
vn 0.000000 -0.999674 -0.025519
vn 0.000000 -0.993794 0.111234
vn 0.000000 -0.993794 0.111234
vn 0.000000 -0.993794 0.111234
vn 0.000000 -0.969295 0.245902
vn 0.000000 -0.866613 0.498981
vn 0.000000 -0.866613 0.498981
vn 0.000000 -0.926634 0.375963
vn 0.000000 -0.866613 0.498981
vn 0.000000 -0.926634 0.375963
vn 0.000000 -0.926634 0.375963
vn 0.000000 -0.969295 0.245902
vn 0.000000 -0.969295 0.245902
vn 0.000000 -0.811330 0.584588
vn 0.000000 -0.811330 0.584588
vn 0.000000 -0.811330 0.584588
vn 0.000000 -0.811330 0.584588
vn 0.000000 -0.831310 0.555809
vn 0.000000 -0.831310 0.555809
vn 0.000000 -0.850269 0.526348
vn 0.000000 -0.850269 0.526348
vn 0.000000 -0.868185 0.496241
vn 0.000000 -0.868185 0.496241
vn 0.000000 -0.885035 0.465525
vn 0.000000 -0.885035 0.465525
vn 0.000000 -0.900798 0.434238
vn 0.000000 -0.900798 0.434238
vn 0.000000 -0.915456 0.402417
vn 0.000000 -0.915456 0.402417
vn 0.000000 -0.928991 0.370103
vn 0.000000 -0.928991 0.370103
vn 0.000000 -0.915456 0.402417
vn 0.000000 -0.900798 0.434238
vn 0.000000 -0.885035 0.465525
vn 0.000000 -0.868185 0.496241
vn 0.000000 -0.850269 0.526348
vn 0.000000 -0.831310 0.555809
vn 0.000000 -0.915456 0.402417
vn 0.000000 -0.900798 0.434238
vn 0.000000 -0.885035 0.465525
vn 0.000000 -0.868185 0.496241
vn 0.000000 -0.850269 0.526348
vn 0.000000 -0.831310 0.555809
vn -0.000000 -0.980323 -0.197402
vn -0.000000 -0.980323 -0.197402
vn -0.000000 -0.999674 -0.025519
vn -0.000000 -0.980323 -0.197402
vn -0.000000 -0.980323 -0.197402
vn -0.000000 -0.931641 -0.363380
vn -0.000000 -0.931641 -0.363380
vn -0.000000 -0.855086 -0.518486
vn -0.000000 -0.855086 -0.518486
vn -0.000000 -0.752949 -0.658079
vn -0.000000 -0.752949 -0.658079
vn -0.000000 -0.628284 -0.777984
vn -0.000000 -0.628284 -0.777984
vn -0.000000 -0.484822 -0.874613
vn -0.000000 -0.484822 -0.874613
vn -0.000000 -0.326855 -0.945075
vn -0.000000 -0.326855 -0.945075
vn -0.000000 -0.159109 -0.987261
vn -0.000000 -0.159109 -0.987261
vn -0.000000 0.013398 -0.999910
vn -0.000000 0.013398 -0.999910
vn -0.000000 0.185503 -0.982644
vn -0.000000 0.185503 -0.982644
vn -0.000000 0.352059 -0.935978
vn -0.000000 0.352059 -0.935978
vn -0.000000 0.508082 -0.861309
vn -0.000000 0.508082 -0.861309
vn -0.000000 0.648903 -0.760871
vn -0.000000 0.648903 -0.760871
vn -0.000000 0.770310 -0.637669
vn -0.000000 0.648903 -0.760871
vn -0.000000 0.648903 -0.760871
vn -0.000000 0.508082 -0.861309
vn -0.000000 0.508082 -0.861309
vn -0.000000 0.352059 -0.935978
vn -0.000000 0.352059 -0.935978
vn -0.000000 0.185503 -0.982644
vn -0.000000 0.185503 -0.982644
vn -0.000000 0.013398 -0.999910
vn -0.000000 0.013398 -0.999910
vn -0.000000 -0.159109 -0.987261
vn -0.000000 -0.159109 -0.987261
vn -0.000000 -0.326855 -0.945075
vn -0.000000 -0.326855 -0.945075
vn -0.000000 -0.484822 -0.874613
vn -0.000000 -0.484822 -0.874613
vn -0.000000 -0.628284 -0.777984
vn -0.000000 -0.628284 -0.777984
vn -0.000000 -0.752949 -0.658079
vn -0.000000 -0.752949 -0.658079
vn -0.000000 -0.855086 -0.518486
vn -0.000000 -0.855086 -0.518486
vn -0.000000 -0.931641 -0.363380
vn -0.000000 -0.931641 -0.363380
vn -0.000000 -0.484822 -0.874613
vn -0.000000 -0.326855 -0.945075
vn -0.000000 -0.159109 -0.987261
vn -0.000000 0.013398 -0.999910
vn -0.000000 0.185503 -0.982644
vn -0.000000 0.352059 -0.935978
vn -0.000000 0.508082 -0.861309
vn -0.000000 0.648903 -0.760871
vn -0.000000 -0.326855 -0.945075
vn -0.000000 -0.159109 -0.987261
vn -0.000000 0.013398 -0.999910
vn -0.000000 0.185503 -0.982644
vn -0.000000 0.352059 -0.935978
vn -0.000000 0.508082 -0.861309
vn -0.000000 0.648903 -0.760871
vn -0.000000 -0.159109 -0.987261
vn -0.000000 0.013398 -0.999910
vn -0.000000 0.185503 -0.982644
vn -0.000000 0.352059 -0.935978
vn -0.000000 0.508082 -0.861309
vn -0.000000 0.648903 -0.760871
vn -0.000000 0.013398 -0.999910
vn -0.000000 0.185503 -0.982644
vn -0.000000 0.352059 -0.935978
vn -0.000000 0.508082 -0.861309
vn -0.000000 0.648903 -0.760871
vn -0.000000 0.770310 -0.637669
vn -0.000000 0.185503 -0.982644
vn -0.000000 0.352059 -0.935978
vn -0.000000 0.508082 -0.861309
vn -0.000000 0.648903 -0.760871
vn -0.000000 0.352059 -0.935978
vn -0.000000 0.508082 -0.861309
vn -0.000000 0.648903 -0.760871
vn -0.000000 0.508082 -0.861309
vn -0.000000 0.648903 -0.760871
vn -0.000000 0.648903 -0.760871
vn -0.000000 -0.159109 -0.987261
vn -0.000000 -0.326855 -0.945075
vn -0.000000 -0.484822 -0.874613
vn -0.000000 -0.628284 -0.777984
vn -0.000000 -0.752949 -0.658079
vn -0.000000 -0.855086 -0.518486
vn -0.000000 -0.931641 -0.363380
vn -0.000000 -0.980323 -0.197402
vn -0.000000 -0.326855 -0.945075
vn -0.000000 -0.484822 -0.874613
vn -0.000000 -0.628284 -0.777984
vn -0.000000 -0.752949 -0.658079
vn -0.000000 -0.855086 -0.518486
vn -0.000000 -0.931641 -0.363380
vn -0.000000 -0.980323 -0.197402
vn -0.000000 -0.484822 -0.874613
vn -0.000000 -0.628284 -0.777984
vn -0.000000 -0.752949 -0.658079
vn -0.000000 -0.855086 -0.518486
vn -0.000000 -0.931641 -0.363380
vn -0.000000 -0.980323 -0.197402
vn -0.000000 -0.628284 -0.777984
vn -0.000000 -0.752949 -0.658079
vn -0.000000 -0.855086 -0.518486
vn -0.000000 -0.931641 -0.363380
vn -0.000000 -0.980323 -0.197402
vn -0.000000 -0.999674 -0.025519
vn -0.000000 -0.752949 -0.658079
vn -0.000000 -0.855086 -0.518486
vn -0.000000 -0.931641 -0.363380
vn -0.000000 -0.980323 -0.197402
vn -0.000000 -0.855086 -0.518486
vn -0.000000 -0.931641 -0.363380
vn -0.000000 -0.980323 -0.197402
vn -0.000000 -0.931641 -0.363380
vn -0.000000 -0.980323 -0.197402
vn -0.000000 -0.980323 -0.197402
vn -0.000000 -0.931641 -0.363380
vn -0.000000 -0.855086 -0.518486
vn -0.000000 -0.752949 -0.658079
vn -0.000000 -0.628284 -0.777984
vn -0.000000 -0.855086 -0.518486
vn -0.000000 -0.752949 -0.658079
vn -0.000000 -0.628284 -0.777984
vn -0.000000 -0.484822 -0.874613
vn -0.000000 -0.326855 -0.945075
vn -0.000000 -0.159109 -0.987261
vn -0.000000 0.013398 -0.999910
vn -0.000000 -0.752949 -0.658079
vn -0.000000 -0.628284 -0.777984
vn -0.000000 -0.484822 -0.874613
vn -0.000000 -0.628284 -0.777984
vn -0.000000 -0.484822 -0.874613
vn -0.000000 -0.326855 -0.945075
vn -0.000000 -0.159109 -0.987261
vn -0.000000 0.013398 -0.999910
vn -0.000000 0.185503 -0.982644
vn -0.000000 -0.484822 -0.874613
vn -0.000000 -0.326855 -0.945075
vn -0.000000 -0.326855 -0.945075
vn -0.000000 -0.159109 -0.987261
vn -0.000000 0.013398 -0.999910
vn -0.000000 0.185503 -0.982644
vn -0.000000 0.352059 -0.935978
vn -0.000000 -0.159109 -0.987261
vn -0.000000 0.013398 -0.999910
vn -0.000000 0.185503 -0.982644
vn -0.000000 0.352059 -0.935978
vn -0.000000 0.508082 -0.861309
vn -0.000000 0.791871 -0.610689
vn -0.000000 0.791871 -0.610689
vn -0.000000 0.791871 -0.610689
vn -0.000000 0.812487 -0.582980
vn -0.000000 0.812487 -0.582980
vn -0.000000 0.832133 -0.554576
vn -0.000000 0.832133 -0.554576
vn -0.000000 0.850787 -0.525510
vn -0.000000 0.850787 -0.525510
vn -0.000000 0.868426 -0.495818
vn -0.000000 0.868426 -0.495818
vn -0.000000 0.885030 -0.465534
vn -0.000000 0.885030 -0.465534
vn -0.000000 0.900578 -0.434695
vn -0.000000 0.900578 -0.434695
vn -0.000000 0.915051 -0.403337
vn -0.000000 0.915051 -0.403337
vn -0.000000 0.928433 -0.371499
vn -0.000000 0.928433 -0.371499
vn -0.000000 0.940708 -0.339217
vn -0.000000 0.940708 -0.339217
vn -0.000000 0.951861 -0.306531
vn -0.000000 0.951861 -0.306531
vn -0.000000 0.961878 -0.273479
vn -0.000000 0.961878 -0.273479
vn -0.000000 0.970748 -0.240100
vn -0.000000 0.970748 -0.240100
vn -0.000000 0.978460 -0.206436
vn -0.000000 0.978460 -0.206436
vn -0.000000 0.985005 -0.172525
vn -0.000000 0.985005 -0.172525
vn -0.000000 0.990375 -0.138408
vn -0.000000 0.990375 -0.138408
vn -0.000000 0.994564 -0.104127
vn -0.000000 0.994564 -0.104127
vn -0.000000 0.997567 -0.069721
vn -0.000000 0.997567 -0.069721
vn -0.000000 0.999379 -0.035232
vn -0.000000 0.999379 -0.035232
vn -0.000000 1.000000 -0.000701
vn -0.000000 1.000000 -0.000701
vn -0.000000 0.999428 0.033831
vn -0.000000 0.999428 0.033831
vn -0.000000 0.997663 0.068323
vn -0.000000 0.997663 0.068323
vn -0.000000 0.994709 0.102733
vn -0.000000 0.994709 0.102733
vn -0.000000 0.990568 0.137021
vn -0.000000 0.990568 0.137021
vn -0.000000 0.985246 0.171145
vn -0.000000 0.985246 0.171145
vn -0.000000 0.978748 0.205065
vn -0.000000 0.978748 0.205065
vn -0.000000 0.971084 0.238740
vn -0.000000 0.971084 0.238740
vn -0.000000 0.962260 0.272131
vn -0.000000 0.962260 0.272131
vn -0.000000 0.952289 0.305197
vn -0.000000 0.952289 0.305197
vn -0.000000 0.941182 0.337899
vn -0.000000 0.941182 0.337899
vn -0.000000 0.928953 0.370198
vn -0.000000 0.928953 0.370198
vn -0.000000 0.915616 0.402055
vn -0.000000 0.915616 0.402055
vn -0.000000 0.901186 0.433433
vn -0.000000 0.901186 0.433433
vn -0.000000 0.885681 0.464294
vn -0.000000 0.885681 0.464294
vn -0.000000 0.869120 0.494601
vn -0.000000 0.869120 0.494601
vn -0.000000 0.851523 0.524318
vn -0.000000 0.851523 0.524318
vn -0.000000 0.832909 0.553409
vn -0.000000 0.832909 0.553409
vn -0.000000 0.813303 0.581841
vn -0.000000 0.813303 0.581841
vn -0.000000 0.792726 0.609579
vn -0.000000 0.792726 0.609579
vn -0.000000 0.771203 0.636589
vn -0.000000 0.771203 0.636589
vn -0.000000 0.748761 0.662840
vn -0.000000 0.748761 0.662840
vn -0.000000 0.725425 0.688301
vn -0.000000 0.725425 0.688301
vn -0.000000 0.701225 0.712940
vn -0.000000 0.701225 0.712940
vn -0.000000 0.676188 0.736730
vn -0.000000 0.676188 0.736730
vn -0.000000 0.650344 0.759640
vn -0.000000 0.650344 0.759640
vn -0.000000 0.623725 0.781644
vn -0.000000 0.623725 0.781644
vn -0.000000 0.596361 0.802716
vn -0.000000 0.596361 0.802716
vn -0.000000 0.568286 0.822831
vn -0.000000 0.568286 0.822831
vn -0.000000 0.539534 0.841964
vn -0.000000 0.539534 0.841964
vn -0.000000 0.510138 0.860093
vn -0.000000 0.510138 0.860093
vn -0.000000 0.480133 0.877196
vn -0.000000 0.480133 0.877196
vn -0.000000 0.449556 0.893252
vn -0.000000 0.449556 0.893252
vn -0.000000 0.418443 0.908243
vn -0.000000 0.418443 0.908243
vn -0.000000 0.386830 0.922151
vn -0.000000 0.386830 0.922151
vn -0.000000 0.354756 0.934959
vn -0.000000 0.354756 0.934959
vn -0.000000 0.322259 0.946652
vn -0.000000 0.322259 0.946652
vn -0.000000 0.289377 0.957215
vn -0.000000 0.289377 0.957215
vn -0.000000 0.256151 0.966637
vn -0.000000 0.256151 0.966637
vn -0.000000 0.222619 0.974906
vn -0.000000 0.222619 0.974906
vn -0.000000 0.188821 0.982012
vn -0.000000 0.188821 0.982012
vn -0.000000 0.154798 0.987946
vn -0.000000 0.154798 0.987946
vn -0.000000 0.120590 0.992702
vn -0.000000 0.120590 0.992702
vn -0.000000 0.086239 0.996275
vn -0.000000 0.086239 0.996275
vn -0.000000 0.051784 0.998658
vn -0.000000 0.051784 0.998658
vn -0.000000 0.017268 0.999851
vn -0.000000 0.017268 0.999851
vn -0.000000 -0.017268 0.999851
vn -0.000000 -0.017268 0.999851
vn -0.000000 -0.051784 0.998658
vn -0.000000 -0.051784 0.998658
vn -0.000000 -0.086239 0.996275
vn -0.000000 -0.086239 0.996275
vn -0.000000 -0.120590 0.992702
vn -0.000000 -0.120590 0.992702
vn -0.000000 -0.154798 0.987946
vn -0.000000 -0.154798 0.987946
vn -0.000000 -0.188821 0.982012
vn -0.000000 -0.188821 0.982012
vn -0.000000 -0.222619 0.974906
vn -0.000000 -0.222619 0.974906
vn -0.000000 -0.256151 0.966637
vn -0.000000 -0.256151 0.966637
vn -0.000000 -0.289377 0.957215
vn -0.000000 -0.289377 0.957215
vn -0.000000 -0.322259 0.946652
vn -0.000000 -0.322259 0.946652
vn -0.000000 -0.354756 0.934959
vn -0.000000 -0.354756 0.934959
vn -0.000000 -0.386830 0.922151
vn -0.000000 -0.386830 0.922151
vn -0.000000 -0.418443 0.908243
vn -0.000000 -0.418443 0.908243
vn -0.000000 -0.449556 0.893252
vn -0.000000 -0.449556 0.893252
vn -0.000000 -0.480133 0.877196
vn -0.000000 -0.480133 0.877196
vn -0.000000 -0.510138 0.860093
vn -0.000000 -0.510138 0.860093
vn -0.000000 -0.539534 0.841964
vn -0.000000 -0.539534 0.841964
vn -0.000000 -0.568286 0.822831
vn -0.000000 -0.568286 0.822831
vn -0.000000 -0.596361 0.802716
vn -0.000000 -0.596361 0.802716
vn -0.000000 -0.623725 0.781644
vn -0.000000 -0.623725 0.781644
vn -0.000000 -0.650344 0.759640
vn -0.000000 -0.650344 0.759640
vn -0.000000 -0.676188 0.736730
vn -0.000000 -0.676188 0.736730
vn -0.000000 -0.701225 0.712940
vn -0.000000 -0.701225 0.712940
vn -0.000000 -0.725425 0.688301
vn -0.000000 -0.725425 0.688301
vn -0.000000 -0.748761 0.662840
vn -0.000000 -0.748761 0.662840
vn -0.000000 -0.771203 0.636589
vn -0.000000 -0.771203 0.636589
vn -0.000000 -0.792726 0.609579
vn -0.000000 -0.792726 0.609579
vn -0.000000 -0.813303 0.581841
vn -0.000000 -0.813303 0.581841
vn -0.000000 -0.832909 0.553409
vn -0.000000 -0.832909 0.553409
vn -0.000000 -0.851523 0.524318
vn -0.000000 -0.851523 0.524318
vn -0.000000 -0.869120 0.494601
vn -0.000000 -0.869120 0.494601
vn -0.000000 -0.885681 0.464294
vn -0.000000 -0.885681 0.464294
vn -0.000000 -0.901186 0.433433
vn -0.000000 -0.901186 0.433433
vn -0.000000 -0.915616 0.402055
vn -0.000000 -0.915616 0.402055
vn -0.000000 -0.928953 0.370198
vn -0.000000 -0.928953 0.370198
vn -0.000000 -0.941182 0.337899
vn -0.000000 -0.941182 0.337899
vn -0.000000 -0.952289 0.305197
vn -0.000000 -0.952289 0.305197
vn -0.000000 -0.962260 0.272131
vn -0.000000 -0.962260 0.272131
vn -0.000000 -0.971084 0.238740
vn -0.000000 -0.971084 0.238740
vn -0.000000 -0.978748 0.205065
vn -0.000000 -0.978748 0.205065
vn -0.000000 -0.985246 0.171145
vn -0.000000 -0.985246 0.171145
vn -0.000000 -0.990568 0.137021
vn -0.000000 -0.990568 0.137021
vn -0.000000 -0.994709 0.102733
vn -0.000000 -0.994709 0.102733
vn -0.000000 -0.997663 0.068323
vn -0.000000 -0.997663 0.068323
vn -0.000000 -0.999428 0.033831
vn -0.000000 -0.999428 0.033831
vn 0.000000 -1.000000 -0.000701
vn 0.000000 -1.000000 -0.000701
vn 0.000000 -0.999379 -0.035232
vn 0.000000 -0.999379 -0.035232
vn 0.000000 -0.997567 -0.069721
vn 0.000000 -0.997567 -0.069721
vn 0.000000 -0.994564 -0.104127
vn 0.000000 -0.994564 -0.104127
vn 0.000000 -0.990375 -0.138408
vn 0.000000 -0.990375 -0.138408
vn 0.000000 -0.985005 -0.172525
vn 0.000000 -0.985005 -0.172525
vn 0.000000 -0.978460 -0.206436
vn 0.000000 -0.978460 -0.206436
vn 0.000000 -0.970748 -0.240100
vn 0.000000 -0.970748 -0.240100
vn 0.000000 -0.961878 -0.273479
vn 0.000000 -0.961878 -0.273479
vn 0.000000 -0.951861 -0.306531
vn 0.000000 -0.951861 -0.306531
vn 0.000000 -0.940708 -0.339217
vn 0.000000 -0.940708 -0.339217
vn 0.000000 -0.928433 -0.371499
vn 0.000000 -0.928433 -0.371499
vn 0.000000 -0.915051 -0.403337
vn 0.000000 -0.915051 -0.403337
vn 0.000000 -0.900578 -0.434695
vn 0.000000 -0.900578 -0.434695
vn 0.000000 -0.885030 -0.465534
vn 0.000000 -0.885030 -0.465534
vn 0.000000 -0.868426 -0.495818
vn 0.000000 -0.868426 -0.495818
vn 0.000000 -0.850787 -0.525510
vn 0.000000 -0.850787 -0.525510
vn 0.000000 -0.832133 -0.554576
vn 0.000000 -0.832133 -0.554576
vn 0.000000 -0.812487 -0.582980
vn 0.000000 -0.812487 -0.582980
vn 0.000000 -0.791871 -0.610689
vn 0.000000 -0.791871 -0.610689
vn 0.000000 -0.770310 -0.637669
vn 0.000000 -0.770310 -0.637669
vn 0.000000 -0.791871 -0.610689
vn 0.000000 -0.812487 -0.582980
vn 0.000000 -0.832133 -0.554576
vn 0.000000 -0.850787 -0.525510
vn 0.000000 -0.868426 -0.495818
vn 0.000000 -0.885030 -0.465534
vn 0.000000 -0.900578 -0.434695
vn 0.000000 -0.915051 -0.403337
vn 0.000000 -0.928433 -0.371499
vn 0.000000 -0.940708 -0.339217
vn 0.000000 -0.951861 -0.306531
vn 0.000000 -0.961878 -0.273479
vn 0.000000 -0.970748 -0.240100
vn 0.000000 -0.978460 -0.206436
vn 0.000000 -0.985005 -0.172525
vn 0.000000 -0.990375 -0.138408
vn 0.000000 -0.994564 -0.104127
vn 0.000000 -0.997567 -0.069721
vn 0.000000 -0.999379 -0.035232
vn 0.000000 -1.000000 -0.000701
vn -0.000000 -0.999428 0.033831
vn -0.000000 -0.997663 0.068323
vn -0.000000 -0.994709 0.102733
vn -0.000000 -0.990568 0.137021
vn -0.000000 -0.985246 0.171145
vn -0.000000 -0.978748 0.205065
vn -0.000000 -0.971084 0.238740
vn -0.000000 -0.962260 0.272131
vn -0.000000 -0.952289 0.305197
vn -0.000000 -0.941182 0.337899
vn -0.000000 -0.928953 0.370198
vn -0.000000 -0.915616 0.402055
vn -0.000000 -0.901186 0.433433
vn -0.000000 -0.885681 0.464294
vn -0.000000 -0.869120 0.494601
vn -0.000000 -0.851523 0.524318
vn -0.000000 -0.832909 0.553409
vn -0.000000 -0.813303 0.581841
vn -0.000000 -0.792726 0.609579
vn -0.000000 -0.771203 0.636589
vn -0.000000 -0.748761 0.662840
vn -0.000000 -0.725425 0.688301
vn -0.000000 -0.701225 0.712940
vn -0.000000 -0.676188 0.736730
vn -0.000000 -0.650344 0.759640
vn -0.000000 -0.623725 0.781644
vn -0.000000 -0.596361 0.802716
vn -0.000000 -0.568286 0.822831
vn -0.000000 -0.539534 0.841964
vn -0.000000 -0.510138 0.860093
vn -0.000000 -0.480133 0.877196
vn -0.000000 -0.449556 0.893252
vn -0.000000 -0.418443 0.908243
vn -0.000000 -0.386830 0.922151
vn -0.000000 -0.354756 0.934959
vn -0.000000 -0.322259 0.946652
vn -0.000000 -0.289377 0.957215
vn -0.000000 -0.256151 0.966637
vn -0.000000 -0.222619 0.974906
vn -0.000000 -0.188821 0.982012
vn -0.000000 -0.154798 0.987946
vn -0.000000 -0.120590 0.992702
vn -0.000000 -0.086239 0.996275
vn -0.000000 -0.051784 0.998658
vn -0.000000 -0.017268 0.999851
vn -0.000000 0.017268 0.999851
vn -0.000000 0.051784 0.998658
vn -0.000000 0.086239 0.996275
vn -0.000000 0.120590 0.992702
vn -0.000000 0.154798 0.987946
vn -0.000000 0.188821 0.982012
vn -0.000000 0.222619 0.974906
vn -0.000000 0.256151 0.966637
vn -0.000000 0.289377 0.957215
vn -0.000000 0.322259 0.946652
vn -0.000000 0.354756 0.934959
vn -0.000000 0.386830 0.922151
vn -0.000000 0.418443 0.908243
vn -0.000000 0.449556 0.893252
vn -0.000000 0.480133 0.877196
vn -0.000000 0.510138 0.860093
vn -0.000000 0.539534 0.841964
vn -0.000000 0.568286 0.822831
vn -0.000000 0.596361 0.802716
vn -0.000000 0.623725 0.781644
vn -0.000000 0.650344 0.759640
vn -0.000000 0.676188 0.736730
vn -0.000000 0.701225 0.712940
vn -0.000000 0.725425 0.688301
vn -0.000000 0.748761 0.662840
vn -0.000000 0.771203 0.636589
vn -0.000000 0.792726 0.609579
vn -0.000000 0.813303 0.581841
vn -0.000000 0.832909 0.553409
vn -0.000000 0.851523 0.524318
vn -0.000000 0.869120 0.494601
vn -0.000000 0.885681 0.464294
vn -0.000000 0.901186 0.433433
vn -0.000000 0.915616 0.402055
vn -0.000000 0.928953 0.370198
vn -0.000000 0.941182 0.337899
vn -0.000000 0.952289 0.305197
vn -0.000000 0.962260 0.272131
vn -0.000000 0.971084 0.238740
vn -0.000000 0.978748 0.205065
vn -0.000000 0.985246 0.171145
vn -0.000000 0.990568 0.137021
vn -0.000000 0.994709 0.102733
vn -0.000000 0.997663 0.068323
vn -0.000000 0.999428 0.033831
vn -0.000000 1.000000 -0.000701
vn -0.000000 0.999379 -0.035232
vn -0.000000 0.997567 -0.069721
vn -0.000000 0.994564 -0.104127
vn -0.000000 0.990375 -0.138408
vn -0.000000 0.985005 -0.172525
vn -0.000000 0.978460 -0.206436
vn -0.000000 0.970748 -0.240100
vn -0.000000 0.961878 -0.273479
vn -0.000000 0.951861 -0.306531
vn -0.000000 0.940708 -0.339217
vn -0.000000 0.928433 -0.371499
vn -0.000000 0.915051 -0.403337
vn -0.000000 0.900578 -0.434695
vn -0.000000 0.885030 -0.465534
vn -0.000000 0.868426 -0.495818
vn -0.000000 0.850787 -0.525510
vn -0.000000 0.832133 -0.554576
vn -0.000000 0.812487 -0.582980
vn -0.000000 0.980323 -0.197402
vn -0.000000 0.980323 -0.197402
vn -0.000000 0.980323 -0.197402
vn -0.000000 0.980323 -0.197402
vn -0.000000 0.931641 -0.363380
vn -0.000000 0.931641 -0.363380
vn -0.000000 0.855086 -0.518486
vn -0.000000 0.855086 -0.518486
vn -0.000000 0.752949 -0.658079
vn -0.000000 0.752949 -0.658079
vn -0.000000 0.628284 -0.777984
vn -0.000000 0.628284 -0.777984
vn -0.000000 0.484822 -0.874613
vn -0.000000 0.484822 -0.874613
vn -0.000000 0.326855 -0.945075
vn -0.000000 0.326855 -0.945075
vn -0.000000 0.159109 -0.987261
vn -0.000000 0.159109 -0.987261
vn 0.000000 -0.013398 -0.999910
vn 0.000000 -0.013398 -0.999910
vn 0.000000 -0.185503 -0.982644
vn 0.000000 -0.185503 -0.982644
vn 0.000000 -0.352059 -0.935978
vn 0.000000 -0.352059 -0.935978
vn 0.000000 -0.508082 -0.861309
vn 0.000000 -0.508082 -0.861309
vn 0.000000 -0.648903 -0.760871
vn 0.000000 -0.648903 -0.760871
vn 0.000000 -0.648903 -0.760871
vn 0.000000 -0.648903 -0.760871
vn 0.000000 -0.508082 -0.861309
vn 0.000000 -0.508082 -0.861309
vn 0.000000 -0.352059 -0.935978
vn 0.000000 -0.352059 -0.935978
vn 0.000000 -0.185503 -0.982644
vn 0.000000 -0.185503 -0.982644
vn 0.000000 -0.013398 -0.999910
vn 0.000000 -0.013398 -0.999910
vn -0.000000 0.159109 -0.987261
vn -0.000000 0.159109 -0.987261
vn -0.000000 0.326855 -0.945075
vn -0.000000 0.326855 -0.945075
vn -0.000000 0.484822 -0.874613
vn -0.000000 0.484822 -0.874613
vn -0.000000 0.628284 -0.777984
vn -0.000000 0.628284 -0.777984
vn -0.000000 0.752949 -0.658079
vn -0.000000 0.752949 -0.658079
vn -0.000000 0.855086 -0.518486
vn -0.000000 0.855086 -0.518486
vn -0.000000 0.931641 -0.363380
vn -0.000000 0.931641 -0.363380
vn -0.000000 0.484822 -0.874613
vn -0.000000 0.326855 -0.945075
vn -0.000000 0.159109 -0.987261
vn 0.000000 -0.013398 -0.999910
vn 0.000000 -0.185503 -0.982644
vn 0.000000 -0.352059 -0.935978
vn 0.000000 -0.508082 -0.861309
vn 0.000000 -0.648903 -0.760871
vn -0.000000 0.326855 -0.945075
vn -0.000000 0.159109 -0.987261
vn 0.000000 -0.013398 -0.999910
vn 0.000000 -0.185503 -0.982644
vn 0.000000 -0.352059 -0.935978
vn 0.000000 -0.508082 -0.861309
vn 0.000000 -0.648903 -0.760871
vn -0.000000 0.159109 -0.987261
vn 0.000000 -0.013398 -0.999910
vn 0.000000 -0.185503 -0.982644
vn 0.000000 -0.352059 -0.935978
vn 0.000000 -0.508082 -0.861309
vn 0.000000 -0.648903 -0.760871
vn 0.000000 -0.013398 -0.999910
vn 0.000000 -0.185503 -0.982644
vn 0.000000 -0.352059 -0.935978
vn 0.000000 -0.508082 -0.861309
vn 0.000000 -0.648903 -0.760871
vn 0.000000 -0.185503 -0.982644
vn 0.000000 -0.352059 -0.935978
vn 0.000000 -0.508082 -0.861309
vn 0.000000 -0.648903 -0.760871
vn 0.000000 -0.352059 -0.935978
vn 0.000000 -0.508082 -0.861309
vn 0.000000 -0.648903 -0.760871
vn 0.000000 -0.508082 -0.861309
vn 0.000000 -0.648903 -0.760871
vn 0.000000 -0.648903 -0.760871
vn -0.000000 0.159109 -0.987261
vn -0.000000 0.326855 -0.945075
vn -0.000000 0.484822 -0.874613
vn -0.000000 0.628284 -0.777984
vn -0.000000 0.752949 -0.658079
vn -0.000000 0.855086 -0.518486
vn -0.000000 0.931641 -0.363380
vn -0.000000 0.980323 -0.197402
vn -0.000000 0.326855 -0.945075
vn -0.000000 0.484822 -0.874613
vn -0.000000 0.628284 -0.777984
vn -0.000000 0.752949 -0.658079
vn -0.000000 0.855086 -0.518486
vn -0.000000 0.931641 -0.363380
vn -0.000000 0.980323 -0.197402
vn -0.000000 0.484822 -0.874613
vn -0.000000 0.628284 -0.777984
vn -0.000000 0.752949 -0.658079
vn -0.000000 0.855086 -0.518486
vn -0.000000 0.931641 -0.363380
vn -0.000000 0.980323 -0.197402
vn -0.000000 0.628284 -0.777984
vn -0.000000 0.752949 -0.658079
vn -0.000000 0.855086 -0.518486
vn -0.000000 0.931641 -0.363380
vn -0.000000 0.980323 -0.197402
vn -0.000000 0.752949 -0.658079
vn -0.000000 0.855086 -0.518486
vn -0.000000 0.931641 -0.363380
vn -0.000000 0.980323 -0.197402
vn -0.000000 0.855086 -0.518486
vn -0.000000 0.931641 -0.363380
vn -0.000000 0.980323 -0.197402
vn -0.000000 0.931641 -0.363380
vn -0.000000 0.980323 -0.197402
vn -0.000000 0.980323 -0.197402
vn -0.000000 0.931641 -0.363380
vn -0.000000 0.855086 -0.518486
vn -0.000000 0.752949 -0.658079
vn -0.000000 0.628284 -0.777984
vn -0.000000 0.855086 -0.518486
vn -0.000000 0.752949 -0.658079
vn -0.000000 0.628284 -0.777984
vn -0.000000 0.484822 -0.874613
vn -0.000000 0.326855 -0.945075
vn -0.000000 0.159109 -0.987261
vn 0.000000 -0.013398 -0.999910
vn -0.000000 0.752949 -0.658079
vn -0.000000 0.628284 -0.777984
vn -0.000000 0.484822 -0.874613
vn -0.000000 0.628284 -0.777984
vn -0.000000 0.484822 -0.874613
vn -0.000000 0.326855 -0.945075
vn -0.000000 0.159109 -0.987261
vn 0.000000 -0.013398 -0.999910
vn 0.000000 -0.185503 -0.982644
vn -0.000000 0.484822 -0.874613
vn -0.000000 0.326855 -0.945075
vn -0.000000 0.326855 -0.945075
vn -0.000000 0.159109 -0.987261
vn 0.000000 -0.013398 -0.999910
vn 0.000000 -0.185503 -0.982644
vn 0.000000 -0.352059 -0.935978
vn -0.000000 0.159109 -0.987261
vn 0.000000 -0.013398 -0.999910
vn 0.000000 -0.185503 -0.982644
vn 0.000000 -0.352059 -0.935978
vn 0.000000 -0.508082 -0.861309
vn -0.000000 0.811330 0.584588
vn -0.000000 0.811330 0.584588
vn -0.000000 0.811330 0.584588
vn -0.000000 0.811330 0.584588
vn -0.000000 0.831310 0.555809
vn -0.000000 0.831310 0.555809
vn -0.000000 0.850269 0.526348
vn -0.000000 0.850269 0.526348
vn -0.000000 0.868185 0.496241
vn -0.000000 0.868185 0.496241
vn -0.000000 0.885035 0.465525
vn -0.000000 0.885035 0.465525
vn -0.000000 0.900798 0.434238
vn -0.000000 0.900798 0.434238
vn -0.000000 0.915456 0.402417
vn -0.000000 0.915456 0.402417
vn -0.000000 0.928991 0.370103
vn -0.000000 0.928991 0.370103
vn -0.000000 0.915456 0.402417
vn -0.000000 0.900798 0.434238
vn -0.000000 0.885035 0.465525
vn -0.000000 0.868185 0.496241
vn -0.000000 0.850269 0.526348
vn -0.000000 0.831310 0.555809
vn -0.000000 0.915456 0.402417
vn -0.000000 0.900798 0.434238
vn -0.000000 0.885035 0.465525
vn -0.000000 0.868185 0.496241
vn -0.000000 0.850269 0.526348
vn -0.000000 0.831310 0.555809
vn -1.000000 -0.000000 -0.000000
vn -1.000000 -0.000000 -0.000000
vn -1.000000 -0.000000 -0.000000
vn -1.000000 -0.000000 -0.000000
vn -1.000000 -0.000000 -0.000000
vn -1.000000 -0.000000 -0.000000
vn -1.000000 -0.000000 -0.000000
vn -1.000000 -0.000000 -0.000000
vn -1.000000 -0.000000 -0.000000
vn -1.000000 -0.000000 -0.000000
vn -1.000000 -0.000000 -0.000000
vn -1.000000 -0.000000 -0.000000
vn -1.000000 -0.000000 -0.000000
vn -1.000000 -0.000000 -0.000000
vn -1.000000 -0.000000 -0.000000
vn -1.000000 -0.000000 -0.000000
vn -1.000000 -0.000000 -0.000000
vn -1.000000 -0.000000 -0.000000
vn -1.000000 -0.000000 -0.000000
vn -1.000000 -0.000000 -0.000000
vn -1.000000 -0.000000 -0.000000
vn -1.000000 -0.000000 -0.000000
vn -1.000000 -0.000000 -0.000000
vn -1.000000 -0.000000 -0.000000
vn -1.000000 -0.000000 -0.000000
vn -1.000000 -0.000000 -0.000000
vn -1.000000 -0.000000 -0.000000
vn -1.000000 -0.000000 -0.000000
vn -1.000000 -0.000000 -0.000000
vn -1.000000 -0.000000 -0.000000
vn -1.000000 -0.000000 -0.000000
vn -1.000000 -0.000000 -0.000000
vn -1.000000 -0.000000 -0.000000
vn -1.000000 -0.000000 -0.000000
vn -1.000000 -0.000000 -0.000000
vn -1.000000 -0.000000 -0.000000
vn -1.000000 -0.000000 -0.000000
vn -1.000000 -0.000000 -0.000000
vn -1.000000 -0.000000 -0.000000
vn -1.000000 -0.000000 -0.000000
vn -1.000000 -0.000000 -0.000000
vn -1.000000 -0.000000 -0.000000
vn -1.000000 -0.000000 -0.000000
vn -1.000000 -0.000000 -0.000000
vn -1.000000 -0.000000 -0.000000
vn -1.000000 -0.000000 -0.000000
vn -1.000000 -0.000000 -0.000000
vn -1.000000 -0.000000 -0.000000
vn -1.000000 -0.000000 -0.000000
vn -1.000000 -0.000000 -0.000000
vn -1.000000 -0.000000 -0.000000
vn -1.000000 -0.000000 -0.000000
vn -1.000000 -0.000000 -0.000000
vn -1.000000 -0.000000 -0.000000
vn -1.000000 -0.000000 -0.000000
vn -1.000000 -0.000000 -0.000000
vn -1.000000 -0.000000 -0.000000
vn -1.000000 -0.000000 -0.000000
vn -1.000000 -0.000000 -0.000000
vn -1.000000 -0.000000 -0.000000
vn -1.000000 -0.000000 -0.000000
vn -1.000000 -0.000000 -0.000000
vn -1.000000 -0.000000 -0.000000
vn -1.000000 -0.000000 -0.000000
vn -1.000000 -0.000000 -0.000000
vn -1.000000 -0.000000 -0.000000
vn -1.000000 -0.000000 -0.000000
vn -1.000000 -0.000000 -0.000000
vn -1.000000 -0.000000 -0.000000
vn -1.000000 -0.000000 -0.000000
vn -1.000000 -0.000000 -0.000000
vn -1.000000 -0.000000 -0.000000
vn -1.000000 -0.000000 -0.000000
vn -1.000000 -0.000000 -0.000000
vn -1.000000 -0.000000 -0.000000
vn -1.000000 -0.000000 -0.000000
vn -1.000000 -0.000000 -0.000000
vn -1.000000 -0.000000 -0.000000
vn -1.000000 -0.000000 -0.000000
vn -1.000000 -0.000000 -0.000000
vn -1.000000 -0.000000 -0.000000
vn -1.000000 -0.000000 -0.000000
vn -1.000000 -0.000000 -0.000000
vn -1.000000 -0.000000 -0.000000
vn -1.000000 -0.000000 -0.000000
vn -1.000000 -0.000000 -0.000000
vn -1.000000 -0.000000 -0.000000
vn -1.000000 -0.000000 -0.000000
vn -1.000000 -0.000000 -0.000000
vn -1.000000 -0.000000 -0.000000
vn -1.000000 -0.000000 -0.000000
vn -1.000000 -0.000000 -0.000000
vn -1.000000 -0.000000 -0.000000
vn -1.000000 -0.000000 -0.000000
vn -1.000000 -0.000000 -0.000000
vn -1.000000 -0.000000 -0.000000
vn -1.000000 -0.000000 -0.000000
vn -1.000000 -0.000000 -0.000000
vn -1.000000 -0.000000 -0.000000
vn -1.000000 -0.000000 -0.000000
vn -1.000000 -0.000000 -0.000000
vn -1.000000 -0.000000 -0.000000
vn -1.000000 -0.000000 -0.000000
vn -1.000000 -0.000000 -0.000000
vn -1.000000 -0.000000 -0.000000
vn -1.000000 -0.000000 -0.000000
vn -1.000000 -0.000000 -0.000000
vn -1.000000 -0.000000 -0.000000
vn -1.000000 -0.000000 -0.000000
vn -1.000000 -0.000000 -0.000000
vn -1.000000 -0.000000 -0.000000
vn -1.000000 -0.000000 -0.000000
vn -1.000000 -0.000000 -0.000000
vn -1.000000 -0.000000 -0.000000
vn -1.000000 -0.000000 -0.000000
vn -1.000000 -0.000000 -0.000000
vn -1.000000 -0.000000 -0.000000
vn -1.000000 -0.000000 -0.000000
vn -1.000000 -0.000000 -0.000000
vn -1.000000 -0.000000 -0.000000
vn -1.000000 -0.000000 -0.000000
vn -1.000000 -0.000000 -0.000000
vn -1.000000 -0.000000 -0.000000
vn -1.000000 -0.000000 -0.000000
vn -1.000000 -0.000000 -0.000000
vn -1.000000 -0.000000 -0.000000
vn -1.000000 -0.000000 -0.000000
vn -1.000000 -0.000000 -0.000000
vn -1.000000 -0.000000 -0.000000
vn -1.000000 -0.000000 -0.000000
vn -1.000000 -0.000000 -0.000000
vn -1.000000 -0.000000 -0.000000
vn -1.000000 -0.000000 -0.000000
vn -1.000000 -0.000000 -0.000000
vn -1.000000 -0.000000 -0.000000
vn -1.000000 -0.000000 -0.000000
vn -1.000000 -0.000000 -0.000000
vn -1.000000 -0.000000 -0.000000
vn -1.000000 -0.000000 -0.000000
vn -1.000000 -0.000000 -0.000000
vn -1.000000 -0.000000 -0.000000
vn -1.000000 -0.000000 -0.000000
vn -1.000000 -0.000000 -0.000000
vn -1.000000 -0.000000 -0.000000
vn -1.000000 -0.000000 -0.000000
vn -1.000000 -0.000000 -0.000000
vn -1.000000 -0.000000 -0.000000
vn -1.000000 -0.000000 -0.000000
vn -1.000000 -0.000000 -0.000000
vn -1.000000 -0.000000 -0.000000
vn -1.000000 -0.000000 -0.000000
vn -1.000000 -0.000000 -0.000000
vn -1.000000 -0.000000 -0.000000
vn -1.000000 -0.000000 -0.000000
vn -1.000000 -0.000000 -0.000000
vn -1.000000 -0.000000 -0.000000
vn -1.000000 -0.000000 -0.000000
vn -1.000000 -0.000000 -0.000000
vn -1.000000 -0.000000 -0.000000
vn -1.000000 -0.000000 -0.000000
vn -1.000000 -0.000000 -0.000000
vn -1.000000 -0.000000 -0.000000
vn -1.000000 -0.000000 -0.000000
vn -1.000000 -0.000000 -0.000000
vn -1.000000 -0.000000 -0.000000
vn -1.000000 -0.000000 -0.000000
vn -1.000000 -0.000000 -0.000000
vn -1.000000 -0.000000 -0.000000
vn -1.000000 -0.000000 -0.000000
vn -1.000000 -0.000000 -0.000000
vn -1.000000 -0.000000 -0.000000
vn -1.000000 -0.000000 -0.000000
vn -1.000000 -0.000000 -0.000000
vn -1.000000 -0.000000 -0.000000
vn -1.000000 -0.000000 -0.000000
vn -1.000000 -0.000000 -0.000000
vn -1.000000 -0.000000 -0.000000
vn -1.000000 -0.000000 -0.000000
vn -1.000000 -0.000000 -0.000000
vn -1.000000 -0.000000 -0.000000
vn -1.000000 -0.000000 -0.000000
vn -1.000000 -0.000000 -0.000000
vn -1.000000 -0.000000 -0.000000
vn -1.000000 -0.000000 -0.000000
vn -1.000000 -0.000000 -0.000000
vn -1.000000 -0.000000 -0.000000
vn -1.000000 -0.000000 -0.000000
vn -1.000000 -0.000000 -0.000000
vn -1.000000 -0.000000 -0.000000
vn -1.000000 -0.000000 -0.000000
vn -1.000000 -0.000000 -0.000000
vn -1.000000 -0.000000 -0.000000
vn -1.000000 -0.000000 -0.000000
vn -1.000000 -0.000000 -0.000000
vn -1.000000 -0.000000 -0.000000
vn -1.000000 -0.000000 -0.000000
vn -1.000000 -0.000000 -0.000000
vn -1.000000 -0.000000 -0.000000
vn -1.000000 -0.000000 -0.000000
vn -1.000000 -0.000000 -0.000000
vn -1.000000 -0.000000 -0.000000
vn -1.000000 -0.000000 -0.000000
vn -1.000000 -0.000000 -0.000000
vn -1.000000 -0.000000 -0.000000
vn -1.000000 -0.000000 -0.000000
vn -1.000000 -0.000000 -0.000000
vn -1.000000 -0.000000 -0.000000
vn -1.000000 -0.000000 -0.000000
vn -1.000000 -0.000000 -0.000000
vn -1.000000 -0.000000 -0.000000
vn -1.000000 -0.000000 -0.000000
vn -1.000000 -0.000000 -0.000000
vn -1.000000 -0.000000 -0.000000
vn -1.000000 -0.000000 -0.000000
vn -1.000000 -0.000000 -0.000000
vn -1.000000 -0.000000 -0.000000
vn -1.000000 -0.000000 -0.000000
vn -1.000000 -0.000000 -0.000000
vn -1.000000 -0.000000 -0.000000
vn -1.000000 -0.000000 -0.000000
vn -1.000000 -0.000000 -0.000000
vn -1.000000 -0.000000 -0.000000
vn -1.000000 -0.000000 -0.000000
vn -1.000000 -0.000000 -0.000000
vn -1.000000 -0.000000 -0.000000
vn -1.000000 -0.000000 -0.000000
vn -1.000000 -0.000000 -0.000000
vn -1.000000 -0.000000 -0.000000
vn -1.000000 -0.000000 -0.000000
vn -1.000000 -0.000000 -0.000000
vn -1.000000 -0.000000 -0.000000
vn -1.000000 -0.000000 -0.000000
vn -1.000000 -0.000000 -0.000000
vn -1.000000 -0.000000 -0.000000
vn -1.000000 -0.000000 -0.000000
vn -1.000000 -0.000000 -0.000000
vn -1.000000 -0.000000 -0.000000
vn -1.000000 -0.000000 -0.000000
vn -1.000000 -0.000000 -0.000000
vn -1.000000 -0.000000 -0.000000
vn -1.000000 -0.000000 -0.000000
vn -1.000000 -0.000000 -0.000000
vn -1.000000 -0.000000 -0.000000
vn -1.000000 -0.000000 -0.000000
vn -1.000000 -0.000000 -0.000000
vn -1.000000 -0.000000 -0.000000
vn -1.000000 -0.000000 -0.000000
vn -1.000000 -0.000000 -0.000000
vn -1.000000 -0.000000 -0.000000
vn -1.000000 -0.000000 -0.000000
vn -1.000000 -0.000000 -0.000000
vn -1.000000 -0.000000 -0.000000
vn -1.000000 -0.000000 -0.000000
vn -1.000000 -0.000000 -0.000000
vn -1.000000 -0.000000 -0.000000
vn -1.000000 -0.000000 -0.000000
vn -1.000000 -0.000000 -0.000000
vn -1.000000 -0.000000 -0.000000
vn -1.000000 -0.000000 -0.000000
vn -1.000000 -0.000000 -0.000000
vn -1.000000 -0.000000 -0.000000
vn -1.000000 -0.000000 -0.000000
vn -1.000000 -0.000000 -0.000000
vn -1.000000 -0.000000 -0.000000
vn -1.000000 -0.000000 -0.000000
vn -1.000000 -0.000000 -0.000000
vn -1.000000 -0.000000 -0.000000
vn -1.000000 -0.000000 -0.000000
vn -1.000000 -0.000000 -0.000000
vn -1.000000 -0.000000 -0.000000
vn -1.000000 -0.000000 -0.000000
vn -1.000000 -0.000000 -0.000000
vn -1.000000 -0.000000 -0.000000
vn -1.000000 -0.000000 -0.000000
vn -1.000000 -0.000000 -0.000000
vn -1.000000 -0.000000 -0.000000
vn -1.000000 -0.000000 -0.000000
vn -1.000000 -0.000000 -0.000000
vn -1.000000 -0.000000 -0.000000
vn -1.000000 -0.000000 -0.000000
vn -1.000000 -0.000000 -0.000000
vn -1.000000 -0.000000 -0.000000
vn -1.000000 -0.000000 -0.000000
vn -1.000000 -0.000000 -0.000000
vn -1.000000 -0.000000 -0.000000
vn -1.000000 -0.000000 -0.000000
vn -1.000000 -0.000000 -0.000000
vn -1.000000 -0.000000 -0.000000
vn -1.000000 -0.000000 -0.000000
vn -1.000000 -0.000000 -0.000000
vn -1.000000 -0.000000 -0.000000
vn -1.000000 -0.000000 -0.000000
vn -1.000000 -0.000000 -0.000000
vn -1.000000 -0.000000 -0.000000
vn -1.000000 -0.000000 -0.000000
vn -1.000000 -0.000000 -0.000000
vn -1.000000 -0.000000 -0.000000
vn -1.000000 -0.000000 -0.000000
vn -1.000000 -0.000000 -0.000000
vn -1.000000 -0.000000 -0.000000
vn -1.000000 -0.000000 -0.000000
vn -1.000000 -0.000000 -0.000000
vn -1.000000 -0.000000 -0.000000
vn -1.000000 -0.000000 -0.000000
vn -1.000000 -0.000000 -0.000000
vn -1.000000 -0.000000 -0.000000
vn -1.000000 -0.000000 -0.000000
vn -1.000000 -0.000000 -0.000000
vn -1.000000 -0.000000 -0.000000
vn -1.000000 -0.000000 -0.000000
vn -1.000000 -0.000000 -0.000000
vn -1.000000 -0.000000 -0.000000
vn -1.000000 -0.000000 -0.000000
vn -1.000000 -0.000000 -0.000000
vn -1.000000 -0.000000 -0.000000
vn -1.000000 -0.000000 -0.000000
vn -1.000000 -0.000000 -0.000000
vn -1.000000 -0.000000 -0.000000
vn -1.000000 -0.000000 -0.000000
vn -1.000000 -0.000000 -0.000000
vn -1.000000 -0.000000 -0.000000
vn -1.000000 -0.000000 -0.000000
vn -1.000000 -0.000000 -0.000000
vn -1.000000 -0.000000 -0.000000
vn -1.000000 -0.000000 -0.000000
vn -1.000000 -0.000000 -0.000000
vn -1.000000 -0.000000 -0.000000
vn -1.000000 -0.000000 -0.000000
vn -1.000000 -0.000000 -0.000000
vn -1.000000 -0.000000 -0.000000
vn -1.000000 -0.000000 -0.000000
vn -1.000000 -0.000000 -0.000000
vn -1.000000 -0.000000 -0.000000
vn -1.000000 -0.000000 -0.000000
vn -1.000000 -0.000000 -0.000000
vn -1.000000 -0.000000 -0.000000
vn -1.000000 -0.000000 -0.000000
vn -1.000000 -0.000000 -0.000000
vn -1.000000 -0.000000 -0.000000
vn -1.000000 -0.000000 -0.000000
vn -1.000000 -0.000000 -0.000000
vn -1.000000 -0.000000 -0.000000
vn -1.000000 -0.000000 -0.000000
vn -1.000000 -0.000000 -0.000000
vn -1.000000 -0.000000 -0.000000
vn -1.000000 -0.000000 -0.000000
vn -1.000000 -0.000000 -0.000000
vn -1.000000 -0.000000 -0.000000
vn -1.000000 -0.000000 -0.000000
vn -1.000000 -0.000000 -0.000000
vn -1.000000 -0.000000 -0.000000
vn -1.000000 -0.000000 -0.000000
vn -1.000000 -0.000000 -0.000000
vn -1.000000 -0.000000 -0.000000
vn -1.000000 -0.000000 -0.000000
vn -1.000000 -0.000000 -0.000000
vn -1.000000 -0.000000 -0.000000
vn -1.000000 -0.000000 -0.000000
vn -1.000000 -0.000000 -0.000000
vn -1.000000 -0.000000 -0.000000
vn -1.000000 -0.000000 -0.000000
vn -1.000000 -0.000000 -0.000000
vn -1.000000 -0.000000 -0.000000
vn -1.000000 -0.000000 -0.000000
vn -1.000000 -0.000000 -0.000000
vn -1.000000 -0.000000 -0.000000
vn -1.000000 -0.000000 -0.000000
vn -1.000000 -0.000000 -0.000000
vn -1.000000 -0.000000 -0.000000
vn -1.000000 -0.000000 -0.000000
vn -1.000000 -0.000000 -0.000000
vn -1.000000 -0.000000 -0.000000
vn -1.000000 -0.000000 -0.000000
vn -1.000000 -0.000000 -0.000000
vn -1.000000 -0.000000 -0.000000
vn -1.000000 -0.000000 -0.000000
vn 0.000000 0.671292 -0.741193
vn 0.000000 0.671292 -0.741193
vn 0.000000 0.534028 -0.845467
vn 0.000000 0.671292 -0.741193
vn 0.000000 0.671292 -0.741193
vn 0.000000 0.788609 -0.614896
vn 0.000000 0.788609 -0.614896
vn 0.000000 0.882492 -0.470327
vn 0.000000 0.788609 -0.614896
vn 0.000000 0.788609 -0.614896
vn 0.000000 0.671292 -0.741193
vn 0.000000 0.671292 -0.741193
vn 0.000000 0.671292 -0.741193
vn 0.000000 0.671292 -0.741193
vn 0.000000 0.788609 -0.614896
vn 0.000000 0.788609 -0.614896
vn 0.000000 0.788609 -0.614896
vn 0.000000 0.788609 -0.614896
vn 0.000000 0.671292 -0.741193
vn 0.000000 0.671292 -0.741193
vn 0.000000 0.671292 -0.741193
vn 0.000000 0.671292 -0.741193
vn 0.000000 0.788609 -0.614896
vn 0.000000 0.788609 -0.614896
vn 0.000000 0.788609 -0.614896
vn 0.000000 0.788609 -0.614896
vn 0.000000 0.671292 -0.741193
vn 0.000000 0.671292 -0.741193
vn 0.000000 0.671292 -0.741193
vn 0.000000 0.534028 -0.845467
vn 0.000000 0.671292 -0.741193
vn 0.000000 0.671292 -0.741193
vn 0.000000 0.788609 -0.614896
vn 0.000000 0.788609 -0.614896
vn 0.000000 0.882492 -0.470327
vn 0.000000 0.788609 -0.614896
vn 0.000000 0.788609 -0.614896
vn 0.000000 0.671292 -0.741193
vn 0.000000 0.671292 -0.741193
vn 0.000000 0.671292 -0.741193
vn 0.000000 0.671292 -0.741193
vn 0.000000 0.788609 -0.614896
vn 0.000000 0.788609 -0.614896
vn 0.000000 0.788609 -0.614896
vn 0.000000 0.788609 -0.614896
vn 0.000000 0.671292 -0.741193
vn 0.000000 0.671292 -0.741193
vn 0.000000 0.671292 -0.741193
vn 0.000000 0.671292 -0.741193
vn 0.000000 0.788609 -0.614896
vn 0.000000 0.788609 -0.614896
vn 0.000000 0.788609 -0.614896
vn 0.000000 0.788609 -0.614896
vn 0.000000 0.671292 -0.741193
vn 0.000000 0.671292 -0.741193
vn 0.000000 0.671292 -0.741193
vn 0.000000 0.671292 -0.741193
vn 0.000000 0.788609 -0.614896
vn 0.000000 0.788609 -0.614896
vn 0.000000 0.788609 -0.614896
vn 0.000000 0.788609 -0.614896
vn 0.000000 0.788609 -0.614896
vn 0.000000 0.788609 -0.614896
vn 0.000000 0.788609 -0.614896
vn 0.000000 0.671292 -0.741193
vn 0.000000 0.788609 -0.614896
vn 0.000000 0.671292 -0.741193
vn 0.000000 0.788609 -0.614896
vn 0.000000 0.671292 -0.741193
vn 0.000000 0.671292 -0.741193
vn 0.000000 0.788609 -0.614896
vn 0.000000 0.671292 -0.741193
vn 0.000000 0.788609 -0.614896
vn 0.000000 0.671292 -0.741193
vn 0.000000 0.882492 -0.470327
vn 0.000000 0.882492 -0.470327
vn -0.000000 0.801737 -0.597677
vn -0.000000 0.801737 -0.597677
vn -0.000000 0.801737 -0.597677
vn -0.000000 0.801737 -0.597677
vn -0.000000 0.702751 -0.711436
vn -0.000000 0.702751 -0.711436
vn -0.000000 0.587785 -0.809017
vn -0.000000 0.702751 -0.711436
vn -0.000000 0.702751 -0.711436
vn -0.000000 0.801737 -0.597677
vn -0.000000 0.801737 -0.597677
vn -0.000000 0.801737 -0.597677
vn -0.000000 0.801737 -0.597677
vn -0.000000 0.702751 -0.711436
vn -0.000000 0.702751 -0.711436
vn -0.000000 0.702751 -0.711436
vn -0.000000 0.702751 -0.711436
vn -0.000000 0.801737 -0.597677
vn -0.000000 0.801737 -0.597677
vn -0.000000 0.801737 -0.597677
vn -0.000000 0.801737 -0.597677
vn -0.000000 0.702751 -0.711436
vn -0.000000 0.702751 -0.711436
vn -0.000000 0.702751 -0.711436
vn -0.000000 0.702751 -0.711436
vn -0.000000 0.801737 -0.597677
vn -0.000000 0.801737 -0.597677
vn -0.000000 0.801737 -0.597677
vn -0.000000 0.801737 -0.597677
vn -0.000000 0.702751 -0.711436
vn -0.000000 0.702751 -0.711436
vn -0.000000 0.587785 -0.809017
vn -0.000000 0.702751 -0.711436
vn -0.000000 0.702751 -0.711436
vn -0.000000 0.702751 -0.711436
vn -0.000000 0.702751 -0.711436
vn -0.000000 0.702751 -0.711436
vn -0.000000 0.702751 -0.711436
vn -0.000000 0.801737 -0.597677
vn -0.000000 0.801737 -0.597677
vn -0.000000 0.801737 -0.597677
vn -0.000000 0.801737 -0.597677
vn -0.000000 0.702751 -0.711436
vn -0.000000 0.702751 -0.711436
vn -0.000000 0.702751 -0.711436
vn -0.000000 0.702751 -0.711436
vn -0.000000 0.801737 -0.597677
vn -0.000000 0.801737 -0.597677
vn -0.000000 0.801737 -0.597677
vn -0.000000 0.801737 -0.597677
vn -0.000000 0.702751 -0.711436
vn -0.000000 0.702751 -0.711436
vn -0.000000 0.702751 -0.711436
vn -0.000000 0.702751 -0.711436
vn -0.000000 0.801737 -0.597677
vn -0.000000 0.801737 -0.597677
vn -0.000000 0.801737 -0.597677
vn -0.000000 0.801737 -0.597677
vn -0.000000 0.702751 -0.711436
vn -0.000000 0.702751 -0.711436
vn -0.000000 0.702751 -0.711436
vn -0.000000 0.702751 -0.711436
vn -0.000000 0.801737 -0.597677
vn -0.000000 0.801737 -0.597677
vn -0.000000 0.801737 -0.597677
vn -0.000000 0.801737 -0.597677
vn -0.000000 0.702751 -0.711436
vn -0.000000 0.801737 -0.597677
vn -0.000000 0.702751 -0.711436
vn -0.000000 0.801737 -0.597677
vn -0.000000 0.702751 -0.711436
vn -0.000000 0.801737 -0.597677
vn -0.000000 0.702751 -0.711436
vn -0.000000 0.801737 -0.597677
vn -0.000000 0.702751 -0.711436
vn -0.000000 0.801737 -0.597677
vn -0.000000 0.702751 -0.711436
vn -0.000000 0.801737 -0.597677
vn -0.000000 0.702751 -0.711436
vn -0.000000 0.801737 -0.597677
vn -0.000000 0.702751 -0.711436
vn -0.000000 0.801737 -0.597677
vn 0.000000 0.587785 -0.809017
vn 0.000000 0.587785 -0.809017
vn -0.000000 0.459453 -0.888202
vn -0.000000 0.459453 -0.888202
vn -0.000000 0.459453 -0.888202
vn -0.000000 0.459453 -0.888202
vn -0.000000 0.320674 -0.947190
vn -0.000000 0.320674 -0.947190
vn -0.000000 0.174602 -0.984639
vn -0.000000 0.320674 -0.947190
vn -0.000000 0.320674 -0.947190
vn -0.000000 0.459453 -0.888202
vn -0.000000 0.459453 -0.888202
vn -0.000000 0.459453 -0.888202
vn -0.000000 0.459453 -0.888202
vn -0.000000 0.320674 -0.947190
vn -0.000000 0.320674 -0.947190
vn -0.000000 0.320674 -0.947190
vn -0.000000 0.320674 -0.947190
vn -0.000000 0.459453 -0.888202
vn -0.000000 0.459453 -0.888202
vn -0.000000 0.459453 -0.888202
vn -0.000000 0.459453 -0.888202
vn -0.000000 0.320674 -0.947190
vn -0.000000 0.320674 -0.947190
vn -0.000000 0.320674 -0.947190
vn -0.000000 0.320674 -0.947190
vn -0.000000 0.459453 -0.888202
vn -0.000000 0.459453 -0.888202
vn -0.000000 0.459453 -0.888202
vn -0.000000 0.459453 -0.888202
vn -0.000000 0.320674 -0.947190
vn -0.000000 0.320674 -0.947190
vn -0.000000 0.174602 -0.984639
vn -0.000000 0.320674 -0.947190
vn -0.000000 0.320674 -0.947190
vn -0.000000 0.320674 -0.947190
vn -0.000000 0.320674 -0.947190
vn -0.000000 0.320674 -0.947190
vn -0.000000 0.320674 -0.947190
vn -0.000000 0.459453 -0.888202
vn -0.000000 0.459453 -0.888202
vn -0.000000 0.459453 -0.888202
vn -0.000000 0.459453 -0.888202
vn -0.000000 0.320674 -0.947190
vn -0.000000 0.320674 -0.947190
vn -0.000000 0.320674 -0.947190
vn -0.000000 0.320674 -0.947190
vn -0.000000 0.459453 -0.888202
vn -0.000000 0.459453 -0.888202
vn -0.000000 0.459453 -0.888202
vn -0.000000 0.459453 -0.888202
vn -0.000000 0.320674 -0.947190
vn -0.000000 0.320674 -0.947190
vn -0.000000 0.320674 -0.947190
vn -0.000000 0.320674 -0.947190
vn -0.000000 0.459453 -0.888202
vn -0.000000 0.459453 -0.888202
vn -0.000000 0.459453 -0.888202
vn -0.000000 0.459453 -0.888202
vn -0.000000 0.320674 -0.947190
vn -0.000000 0.320674 -0.947190
vn -0.000000 0.320674 -0.947190
vn -0.000000 0.320674 -0.947190
vn -0.000000 0.459453 -0.888202
vn -0.000000 0.459453 -0.888202
vn -0.000000 0.459453 -0.888202
vn -0.000000 0.459453 -0.888202
vn -0.000000 0.320674 -0.947190
vn -0.000000 0.459453 -0.888202
vn -0.000000 0.320674 -0.947190
vn -0.000000 0.459453 -0.888202
vn -0.000000 0.320674 -0.947190
vn -0.000000 0.459453 -0.888202
vn -0.000000 0.320674 -0.947190
vn -0.000000 0.459453 -0.888202
vn -0.000000 0.320674 -0.947190
vn -0.000000 0.459453 -0.888202
vn -0.000000 0.320674 -0.947190
vn -0.000000 0.459453 -0.888202
vn -0.000000 0.320674 -0.947190
vn -0.000000 0.459453 -0.888202
vn -0.000000 0.320674 -0.947190
vn -0.000000 0.459453 -0.888202
vn 0.000000 0.174602 -0.984639
vn 0.000000 0.174602 -0.984639
vn -0.000000 0.497476 -0.867478
vn -0.000000 0.497476 -0.867478
vn -0.000000 0.639063 -0.769155
vn -0.000000 0.497476 -0.867478
vn -0.000000 0.497476 -0.867478
vn -0.000000 0.341107 -0.940024
vn -0.000000 0.341107 -0.940024
vn -0.000000 0.341107 -0.940024
vn -0.000000 0.341107 -0.940024
vn -0.000000 0.497476 -0.867478
vn -0.000000 0.497476 -0.867478
vn -0.000000 0.497476 -0.867478
vn -0.000000 0.497476 -0.867478
vn -0.000000 0.341107 -0.940024
vn -0.000000 0.341107 -0.940024
vn -0.000000 0.341107 -0.940024
vn -0.000000 0.341107 -0.940024
vn -0.000000 0.497476 -0.867478
vn -0.000000 0.497476 -0.867478
vn -0.000000 0.497476 -0.867478
vn -0.000000 0.497476 -0.867478
vn -0.000000 0.341107 -0.940024
vn -0.000000 0.341107 -0.940024
vn -0.000000 0.341107 -0.940024
vn -0.000000 0.341107 -0.940024
vn -0.000000 0.497476 -0.867478
vn -0.000000 0.497476 -0.867478
vn -0.000000 0.497476 -0.867478
vn -0.000000 0.639063 -0.769155
vn -0.000000 0.497476 -0.867478
vn -0.000000 0.497476 -0.867478
vn -0.000000 0.341107 -0.940024
vn -0.000000 0.341107 -0.940024
vn -0.000000 0.341107 -0.940024
vn -0.000000 0.341107 -0.940024
vn -0.000000 0.497476 -0.867478
vn -0.000000 0.497476 -0.867478
vn -0.000000 0.497476 -0.867478
vn -0.000000 0.497476 -0.867478
vn -0.000000 0.341107 -0.940024
vn -0.000000 0.341107 -0.940024
vn -0.000000 0.341107 -0.940024
vn -0.000000 0.341107 -0.940024
vn -0.000000 0.497476 -0.867478
vn -0.000000 0.497476 -0.867478
vn -0.000000 0.497476 -0.867478
vn -0.000000 0.497476 -0.867478
vn -0.000000 0.341107 -0.940024
vn -0.000000 0.341107 -0.940024
vn -0.000000 0.341107 -0.940024
vn -0.000000 0.341107 -0.940024
vn -0.000000 0.497476 -0.867478
vn -0.000000 0.497476 -0.867478
vn -0.000000 0.497476 -0.867478
vn -0.000000 0.497476 -0.867478
vn -0.000000 0.341107 -0.940024
vn -0.000000 0.341107 -0.940024
vn -0.000000 0.341107 -0.940024
vn -0.000000 0.341107 -0.940024
vn -0.000000 0.341107 -0.940024
vn -0.000000 0.341107 -0.940024
vn -0.000000 0.341107 -0.940024
vn -0.000000 0.497476 -0.867478
vn -0.000000 0.341107 -0.940024
vn -0.000000 0.497476 -0.867478
vn -0.000000 0.341107 -0.940024
vn -0.000000 0.497476 -0.867478
vn -0.000000 0.497476 -0.867478
vn -0.000000 0.341107 -0.940024
vn -0.000000 0.497476 -0.867478
vn -0.000000 0.341107 -0.940024
vn -0.000000 0.497476 -0.867478
vn 0.000000 0.978749 -0.205062
vn 0.000000 0.978749 -0.205062
vn 0.000000 0.928991 -0.370103
vn 0.000000 0.978749 -0.205062
vn 0.000000 0.978749 -0.205062
vn 0.000000 0.999424 -0.033929
vn 0.000000 0.999424 -0.033929
vn 0.000000 0.990402 0.138213
vn 0.000000 0.999424 -0.033929
vn 0.000000 0.999424 -0.033929
vn 0.000000 0.978749 -0.205062
vn 0.000000 0.978749 -0.205062
vn 0.000000 0.978749 -0.205062
vn 0.000000 0.978749 -0.205062
vn 0.000000 0.999424 -0.033929
vn 0.000000 0.999424 -0.033929
vn 0.000000 0.999424 -0.033929
vn 0.000000 0.999424 -0.033929
vn 0.000000 0.978749 -0.205062
vn 0.000000 0.978749 -0.205062
vn 0.000000 0.978749 -0.205062
vn 0.000000 0.978749 -0.205062
vn 0.000000 0.999424 -0.033929
vn 0.000000 0.999424 -0.033929
vn 0.000000 0.999424 -0.033929
vn 0.000000 0.999424 -0.033929
vn 0.000000 0.978749 -0.205062
vn 0.000000 0.978749 -0.205062
vn 0.000000 0.978749 -0.205062
vn 0.000000 0.928991 -0.370103
vn 0.000000 0.978749 -0.205062
vn 0.000000 0.978749 -0.205062
vn 0.000000 0.999424 -0.033929
vn 0.000000 0.999424 -0.033929
vn 0.000000 0.990402 0.138213
vn 0.000000 0.999424 -0.033929
vn 0.000000 0.999424 -0.033929
vn 0.000000 0.978749 -0.205062
vn 0.000000 0.978749 -0.205062
vn 0.000000 0.978749 -0.205062
vn 0.000000 0.978749 -0.205062
vn 0.000000 0.999424 -0.033929
vn 0.000000 0.999424 -0.033929
vn 0.000000 0.999424 -0.033929
vn 0.000000 0.999424 -0.033929
vn 0.000000 0.978749 -0.205062
vn 0.000000 0.978749 -0.205062
vn 0.000000 0.978749 -0.205062
vn 0.000000 0.978749 -0.205062
vn 0.000000 0.999424 -0.033929
vn 0.000000 0.999424 -0.033929
vn 0.000000 0.999424 -0.033929
vn 0.000000 0.999424 -0.033929
vn 0.000000 0.978749 -0.205062
vn 0.000000 0.978749 -0.205062
vn 0.000000 0.978749 -0.205062
vn 0.000000 0.978749 -0.205062
vn 0.000000 0.999424 -0.033929
vn 0.000000 0.999424 -0.033929
vn 0.000000 0.999424 -0.033929
vn 0.000000 0.999424 -0.033929
vn 0.000000 0.999424 -0.033929
vn 0.000000 0.999424 -0.033929
vn 0.000000 0.999424 -0.033929
vn 0.000000 0.978749 -0.205062
vn 0.000000 0.999424 -0.033929
vn 0.000000 0.978749 -0.205062
vn 0.000000 0.999424 -0.033929
vn 0.000000 0.978749 -0.205062
vn 0.000000 0.978749 -0.205062
vn 0.000000 0.999424 -0.033929
vn 0.000000 0.978749 -0.205062
vn 0.000000 0.999424 -0.033929
vn 0.000000 0.978749 -0.205062
vn 0.000000 0.990402 0.138213
vn 0.000000 0.990402 0.138213
vn -0.000000 0.999925 -0.012281
vn -0.000000 0.999925 -0.012281
vn -0.000000 0.999925 -0.012281
vn -0.000000 0.999925 -0.012281
vn -0.000000 0.986709 -0.162497
vn -0.000000 0.986709 -0.162497
vn -0.000000 0.951057 -0.309017
vn -0.000000 0.986709 -0.162497
vn -0.000000 0.986709 -0.162497
vn -0.000000 0.999925 -0.012281
vn -0.000000 0.999925 -0.012281
vn -0.000000 0.999925 -0.012281
vn -0.000000 0.999925 -0.012281
vn -0.000000 0.986709 -0.162497
vn -0.000000 0.986709 -0.162497
vn -0.000000 0.986709 -0.162497
vn -0.000000 0.986709 -0.162497
vn -0.000000 0.999925 -0.012281
vn -0.000000 0.999925 -0.012281
vn -0.000000 0.999925 -0.012281
vn -0.000000 0.999925 -0.012281
vn -0.000000 0.986709 -0.162497
vn -0.000000 0.986709 -0.162497
vn -0.000000 0.986709 -0.162497
vn -0.000000 0.986709 -0.162497
vn -0.000000 0.999925 -0.012281
vn -0.000000 0.999925 -0.012281
vn -0.000000 0.999925 -0.012281
vn -0.000000 0.999925 -0.012281
vn -0.000000 0.986709 -0.162497
vn -0.000000 0.986709 -0.162497
vn -0.000000 0.951057 -0.309017
vn -0.000000 0.986709 -0.162497
vn -0.000000 0.986709 -0.162497
vn -0.000000 0.986709 -0.162497
vn -0.000000 0.986709 -0.162497
vn -0.000000 0.986709 -0.162497
vn -0.000000 0.986709 -0.162497
vn -0.000000 0.999925 -0.012281
vn -0.000000 0.999925 -0.012281
vn -0.000000 0.999925 -0.012281
vn -0.000000 0.999925 -0.012281
vn -0.000000 0.986709 -0.162497
vn -0.000000 0.986709 -0.162497
vn -0.000000 0.986709 -0.162497
vn -0.000000 0.986709 -0.162497
vn -0.000000 0.999925 -0.012281
vn -0.000000 0.999925 -0.012281
vn -0.000000 0.999925 -0.012281
vn -0.000000 0.999925 -0.012281
vn -0.000000 0.986709 -0.162497
vn -0.000000 0.986709 -0.162497
vn -0.000000 0.986709 -0.162497
vn -0.000000 0.986709 -0.162497
vn -0.000000 0.999925 -0.012281
vn -0.000000 0.999925 -0.012281
vn -0.000000 0.999925 -0.012281
vn -0.000000 0.999925 -0.012281
vn -0.000000 0.986709 -0.162497
vn -0.000000 0.986709 -0.162497
vn -0.000000 0.986709 -0.162497
vn -0.000000 0.986709 -0.162497
vn -0.000000 0.999925 -0.012281
vn -0.000000 0.999925 -0.012281
vn -0.000000 0.999925 -0.012281
vn -0.000000 0.999925 -0.012281
vn -0.000000 0.986709 -0.162497
vn -0.000000 0.999925 -0.012281
vn -0.000000 0.986709 -0.162497
vn -0.000000 0.999925 -0.012281
vn -0.000000 0.986709 -0.162497
vn -0.000000 0.999925 -0.012281
vn -0.000000 0.986709 -0.162497
vn -0.000000 0.999925 -0.012281
vn -0.000000 0.986709 -0.162497
vn -0.000000 0.999925 -0.012281
vn -0.000000 0.986709 -0.162497
vn -0.000000 0.999925 -0.012281
vn -0.000000 0.986709 -0.162497
vn -0.000000 0.999925 -0.012281
vn -0.000000 0.986709 -0.162497
vn -0.000000 0.999925 -0.012281
vn 0.000000 0.951057 -0.309017
vn 0.000000 0.951057 -0.309017
vn -0.000000 0.893778 -0.448511
vn -0.000000 0.893778 -0.448511
vn -0.000000 0.893778 -0.448511
vn -0.000000 0.893778 -0.448511
vn -0.000000 0.816175 -0.577805
vn -0.000000 0.816175 -0.577805
vn -0.000000 0.720013 -0.693961
vn -0.000000 0.816175 -0.577805
vn -0.000000 0.816175 -0.577805
vn -0.000000 0.893778 -0.448511
vn -0.000000 0.893778 -0.448511
vn -0.000000 0.893778 -0.448511
vn -0.000000 0.893778 -0.448511
vn -0.000000 0.816175 -0.577805
vn -0.000000 0.816175 -0.577805
vn -0.000000 0.816175 -0.577805
vn -0.000000 0.816175 -0.577805
vn -0.000000 0.893778 -0.448511
vn -0.000000 0.893778 -0.448511
vn -0.000000 0.893778 -0.448511
vn -0.000000 0.893778 -0.448511
vn -0.000000 0.816175 -0.577805
vn -0.000000 0.816175 -0.577805
vn -0.000000 0.816175 -0.577805
vn -0.000000 0.816175 -0.577805
vn -0.000000 0.893778 -0.448511
vn -0.000000 0.893778 -0.448511
vn -0.000000 0.893778 -0.448511
vn -0.000000 0.893778 -0.448511
vn -0.000000 0.816175 -0.577805
vn -0.000000 0.816175 -0.577805
vn -0.000000 0.720013 -0.693961
vn -0.000000 0.816175 -0.577805
vn -0.000000 0.816175 -0.577805
vn -0.000000 0.816175 -0.577805
vn -0.000000 0.816175 -0.577805
vn -0.000000 0.816175 -0.577805
vn -0.000000 0.816175 -0.577805
vn -0.000000 0.893778 -0.448511
vn -0.000000 0.893778 -0.448511
vn -0.000000 0.893778 -0.448511
vn -0.000000 0.893778 -0.448511
vn -0.000000 0.816175 -0.577805
vn -0.000000 0.816175 -0.577805
vn -0.000000 0.816175 -0.577805
vn -0.000000 0.816175 -0.577805
vn -0.000000 0.893778 -0.448511
vn -0.000000 0.893778 -0.448511
vn -0.000000 0.893778 -0.448511
vn -0.000000 0.893778 -0.448511
vn -0.000000 0.816175 -0.577805
vn -0.000000 0.816175 -0.577805
vn -0.000000 0.816175 -0.577805
vn -0.000000 0.816175 -0.577805
vn -0.000000 0.893778 -0.448511
vn -0.000000 0.893778 -0.448511
vn -0.000000 0.893778 -0.448511
vn -0.000000 0.893778 -0.448511
vn -0.000000 0.816175 -0.577805
vn -0.000000 0.816175 -0.577805
vn -0.000000 0.816175 -0.577805
vn -0.000000 0.816175 -0.577805
vn -0.000000 0.893778 -0.448511
vn -0.000000 0.893778 -0.448511
vn -0.000000 0.893778 -0.448511
vn -0.000000 0.893778 -0.448511
vn -0.000000 0.816175 -0.577805
vn -0.000000 0.893778 -0.448511
vn -0.000000 0.816175 -0.577805
vn -0.000000 0.893778 -0.448511
vn -0.000000 0.816175 -0.577805
vn -0.000000 0.893778 -0.448511
vn -0.000000 0.816175 -0.577805
vn -0.000000 0.893778 -0.448511
vn -0.000000 0.816175 -0.577805
vn -0.000000 0.893778 -0.448511
vn -0.000000 0.816175 -0.577805
vn -0.000000 0.893778 -0.448511
vn -0.000000 0.816175 -0.577805
vn -0.000000 0.893778 -0.448511
vn -0.000000 0.816175 -0.577805
vn -0.000000 0.893778 -0.448511
vn 0.000000 0.720013 -0.693961
vn 0.000000 0.720013 -0.693961
vn -0.000000 0.912357 -0.409395
vn -0.000000 0.912357 -0.409395
vn -0.000000 0.969110 -0.246628
vn -0.000000 0.912357 -0.409395
vn -0.000000 0.912357 -0.409395
vn -0.000000 0.828494 -0.559998
vn -0.000000 0.828494 -0.559998
vn -0.000000 0.828494 -0.559998
vn -0.000000 0.828494 -0.559998
vn -0.000000 0.912357 -0.409395
vn -0.000000 0.912357 -0.409395
vn -0.000000 0.912357 -0.409395
vn -0.000000 0.912357 -0.409395
vn -0.000000 0.828494 -0.559998
vn -0.000000 0.828494 -0.559998
vn -0.000000 0.828494 -0.559998
vn -0.000000 0.828494 -0.559998
vn -0.000000 0.912357 -0.409395
vn -0.000000 0.912357 -0.409395
vn -0.000000 0.912357 -0.409395
vn -0.000000 0.912357 -0.409395
vn -0.000000 0.828494 -0.559998
vn -0.000000 0.828494 -0.559998
vn -0.000000 0.828494 -0.559998
vn -0.000000 0.828494 -0.559998
vn -0.000000 0.912357 -0.409395
vn -0.000000 0.912357 -0.409395
vn -0.000000 0.912357 -0.409395
vn -0.000000 0.969110 -0.246628
vn -0.000000 0.912357 -0.409395
vn -0.000000 0.912357 -0.409395
vn -0.000000 0.828494 -0.559998
vn -0.000000 0.828494 -0.559998
vn -0.000000 0.828494 -0.559998
vn -0.000000 0.828494 -0.559998
vn -0.000000 0.912357 -0.409395
vn -0.000000 0.912357 -0.409395
vn -0.000000 0.912357 -0.409395
vn -0.000000 0.912357 -0.409395
vn -0.000000 0.828494 -0.559998
vn -0.000000 0.828494 -0.559998
vn -0.000000 0.828494 -0.559998
vn -0.000000 0.828494 -0.559998
vn -0.000000 0.912357 -0.409395
vn -0.000000 0.912357 -0.409395
vn -0.000000 0.912357 -0.409395
vn -0.000000 0.912357 -0.409395
vn -0.000000 0.828494 -0.559998
vn -0.000000 0.828494 -0.559998
vn -0.000000 0.828494 -0.559998
vn -0.000000 0.828494 -0.559998
vn -0.000000 0.912357 -0.409395
vn -0.000000 0.912357 -0.409395
vn -0.000000 0.912357 -0.409395
vn -0.000000 0.912357 -0.409395
vn -0.000000 0.828494 -0.559998
vn -0.000000 0.828494 -0.559998
vn -0.000000 0.828494 -0.559998
vn -0.000000 0.828494 -0.559998
vn -0.000000 0.828494 -0.559998
vn -0.000000 0.828494 -0.559998
vn -0.000000 0.828494 -0.559998
vn -0.000000 0.912357 -0.409395
vn -0.000000 0.828494 -0.559998
vn -0.000000 0.912357 -0.409395
vn -0.000000 0.828494 -0.559998
vn -0.000000 0.912357 -0.409395
vn -0.000000 0.912357 -0.409395
vn -0.000000 0.828494 -0.559998
vn -0.000000 0.912357 -0.409395
vn -0.000000 0.828494 -0.559998
vn -0.000000 0.912357 -0.409395
vn 0.000000 0.912357 0.409395
vn 0.000000 0.912357 0.409395
vn 0.000000 0.969110 0.246628
vn 0.000000 0.912357 0.409395
vn 0.000000 0.912357 0.409395
vn 0.000000 0.828494 0.559998
vn 0.000000 0.828494 0.559998
vn 0.000000 0.720013 0.693961
vn 0.000000 0.828494 0.559998
vn 0.000000 0.828494 0.559998
vn 0.000000 0.912357 0.409395
vn 0.000000 0.912357 0.409395
vn 0.000000 0.912357 0.409395
vn 0.000000 0.912357 0.409395
vn 0.000000 0.828494 0.559998
vn 0.000000 0.828494 0.559998
vn 0.000000 0.828494 0.559998
vn 0.000000 0.828494 0.559998
vn 0.000000 0.912357 0.409395
vn 0.000000 0.912357 0.409395
vn 0.000000 0.912357 0.409395
vn 0.000000 0.912357 0.409395
vn 0.000000 0.828494 0.559998
vn 0.000000 0.828494 0.559998
vn 0.000000 0.828494 0.559998
vn 0.000000 0.828494 0.559998
vn 0.000000 0.912357 0.409395
vn 0.000000 0.912357 0.409395
vn 0.000000 0.912357 0.409395
vn 0.000000 0.969110 0.246628
vn 0.000000 0.912357 0.409395
vn 0.000000 0.912357 0.409395
vn 0.000000 0.828494 0.559998
vn 0.000000 0.828494 0.559998
vn 0.000000 0.720013 0.693961
vn 0.000000 0.828494 0.559998
vn 0.000000 0.828494 0.559998
vn 0.000000 0.912357 0.409395
vn 0.000000 0.912357 0.409395
vn 0.000000 0.912357 0.409395
vn 0.000000 0.912357 0.409395
vn 0.000000 0.828494 0.559998
vn 0.000000 0.828494 0.559998
vn 0.000000 0.828494 0.559998
vn 0.000000 0.828494 0.559998
vn 0.000000 0.912357 0.409395
vn 0.000000 0.912357 0.409395
vn 0.000000 0.912357 0.409395
vn 0.000000 0.912357 0.409395
vn 0.000000 0.828494 0.559998
vn 0.000000 0.828494 0.559998
vn 0.000000 0.828494 0.559998
vn 0.000000 0.828494 0.559998
vn 0.000000 0.912357 0.409395
vn 0.000000 0.912357 0.409395
vn 0.000000 0.912357 0.409395
vn 0.000000 0.912357 0.409395
vn 0.000000 0.828494 0.559998
vn 0.000000 0.828494 0.559998
vn 0.000000 0.828494 0.559998
vn 0.000000 0.828494 0.559998
vn 0.000000 0.828494 0.559998
vn 0.000000 0.828494 0.559998
vn 0.000000 0.828494 0.559998
vn 0.000000 0.912357 0.409395
vn 0.000000 0.828494 0.559998
vn 0.000000 0.912357 0.409395
vn 0.000000 0.828494 0.559998
vn 0.000000 0.912357 0.409395
vn 0.000000 0.912357 0.409395
vn 0.000000 0.828494 0.559998
vn 0.000000 0.912357 0.409395
vn 0.000000 0.828494 0.559998
vn 0.000000 0.912357 0.409395
vn 0.000000 0.720013 0.693961
vn 0.000000 0.720013 0.693961
vn -0.000000 0.816175 0.577805
vn -0.000000 0.816175 0.577805
vn -0.000000 0.816175 0.577805
vn -0.000000 0.816175 0.577805
vn -0.000000 0.893778 0.448511
vn -0.000000 0.893778 0.448511
vn -0.000000 0.951057 0.309017
vn -0.000000 0.893778 0.448511
vn -0.000000 0.893778 0.448511
vn -0.000000 0.816175 0.577805
vn -0.000000 0.816175 0.577805
vn -0.000000 0.816175 0.577805
vn -0.000000 0.816175 0.577805
vn -0.000000 0.893778 0.448511
vn -0.000000 0.893778 0.448511
vn -0.000000 0.893778 0.448511
vn -0.000000 0.893778 0.448511
vn -0.000000 0.816175 0.577805
vn -0.000000 0.816175 0.577805
vn -0.000000 0.816175 0.577805
vn -0.000000 0.816175 0.577805
vn -0.000000 0.893778 0.448511
vn -0.000000 0.893778 0.448511
vn -0.000000 0.893778 0.448511
vn -0.000000 0.893778 0.448511
vn -0.000000 0.816175 0.577805
vn -0.000000 0.816175 0.577805
vn -0.000000 0.816175 0.577805
vn -0.000000 0.816175 0.577805
vn -0.000000 0.893778 0.448511
vn -0.000000 0.893778 0.448511
vn -0.000000 0.951057 0.309017
vn -0.000000 0.893778 0.448511
vn -0.000000 0.893778 0.448511
vn -0.000000 0.893778 0.448511
vn -0.000000 0.893778 0.448511
vn -0.000000 0.893778 0.448511
vn -0.000000 0.893778 0.448511
vn -0.000000 0.816175 0.577805
vn -0.000000 0.816175 0.577805
vn -0.000000 0.816175 0.577805
vn -0.000000 0.816175 0.577805
vn -0.000000 0.893778 0.448511
vn -0.000000 0.893778 0.448511
vn -0.000000 0.893778 0.448511
vn -0.000000 0.893778 0.448511
vn -0.000000 0.816175 0.577805
vn -0.000000 0.816175 0.577805
vn -0.000000 0.816175 0.577805
vn -0.000000 0.816175 0.577805
vn -0.000000 0.893778 0.448511
vn -0.000000 0.893778 0.448511
vn -0.000000 0.893778 0.448511
vn -0.000000 0.893778 0.448511
vn -0.000000 0.816175 0.577805
vn -0.000000 0.816175 0.577805
vn -0.000000 0.816175 0.577805
vn -0.000000 0.816175 0.577805
vn -0.000000 0.893778 0.448511
vn -0.000000 0.893778 0.448511
vn -0.000000 0.893778 0.448511
vn -0.000000 0.893778 0.448511
vn -0.000000 0.816175 0.577805
vn -0.000000 0.816175 0.577805
vn -0.000000 0.816175 0.577805
vn -0.000000 0.816175 0.577805
vn -0.000000 0.893778 0.448511
vn -0.000000 0.816175 0.577805
vn -0.000000 0.893778 0.448511
vn -0.000000 0.816175 0.577805
vn -0.000000 0.893778 0.448511
vn -0.000000 0.816175 0.577805
vn -0.000000 0.893778 0.448511
vn -0.000000 0.816175 0.577805
vn -0.000000 0.893778 0.448511
vn -0.000000 0.816175 0.577805
vn -0.000000 0.893778 0.448511
vn -0.000000 0.816175 0.577805
vn -0.000000 0.893778 0.448511
vn -0.000000 0.816175 0.577805
vn -0.000000 0.893778 0.448511
vn -0.000000 0.816175 0.577805
vn 0.000000 0.951057 0.309017
vn 0.000000 0.951057 0.309017
vn -0.000000 0.986709 0.162497
vn -0.000000 0.986709 0.162497
vn -0.000000 0.986709 0.162497
vn -0.000000 0.986709 0.162497
vn -0.000000 0.999925 0.012281
vn -0.000000 0.999925 0.012281
vn -0.000000 0.990402 -0.138213
vn -0.000000 0.999925 0.012281
vn -0.000000 0.999925 0.012281
vn -0.000000 0.986709 0.162497
vn -0.000000 0.986709 0.162497
vn -0.000000 0.986709 0.162497
vn -0.000000 0.986709 0.162497
vn -0.000000 0.999925 0.012281
vn -0.000000 0.999925 0.012281
vn -0.000000 0.999925 0.012281
vn -0.000000 0.999925 0.012281
vn -0.000000 0.986709 0.162497
vn -0.000000 0.986709 0.162497
vn -0.000000 0.986709 0.162497
vn -0.000000 0.986709 0.162497
vn -0.000000 0.999925 0.012281
vn -0.000000 0.999925 0.012281
vn -0.000000 0.999925 0.012281
vn -0.000000 0.999925 0.012281
vn -0.000000 0.986709 0.162497
vn -0.000000 0.986709 0.162497
vn -0.000000 0.986709 0.162497
vn -0.000000 0.986709 0.162497
vn -0.000000 0.999925 0.012281
vn -0.000000 0.999925 0.012281
vn -0.000000 0.990402 -0.138213
vn -0.000000 0.999925 0.012281
vn -0.000000 0.999925 0.012281
vn -0.000000 0.999925 0.012281
vn -0.000000 0.999925 0.012281
vn -0.000000 0.999925 0.012281
vn -0.000000 0.999925 0.012281
vn -0.000000 0.986709 0.162497
vn -0.000000 0.986709 0.162497
vn -0.000000 0.986709 0.162497
vn -0.000000 0.986709 0.162497
vn -0.000000 0.999925 0.012281
vn -0.000000 0.999925 0.012281
vn -0.000000 0.999925 0.012281
vn -0.000000 0.999925 0.012281
vn -0.000000 0.986709 0.162497
vn -0.000000 0.986709 0.162497
vn -0.000000 0.986709 0.162497
vn -0.000000 0.986709 0.162497
vn -0.000000 0.999925 0.012281
vn -0.000000 0.999925 0.012281
vn -0.000000 0.999925 0.012281
vn -0.000000 0.999925 0.012281
vn -0.000000 0.986709 0.162497
vn -0.000000 0.986709 0.162497
vn -0.000000 0.986709 0.162497
vn -0.000000 0.986709 0.162497
vn -0.000000 0.999925 0.012281
vn -0.000000 0.999925 0.012281
vn -0.000000 0.999925 0.012281
vn -0.000000 0.999925 0.012281
vn -0.000000 0.986709 0.162497
vn -0.000000 0.986709 0.162497
vn -0.000000 0.986709 0.162497
vn -0.000000 0.986709 0.162497
vn -0.000000 0.999925 0.012281
vn -0.000000 0.986709 0.162497
vn -0.000000 0.999925 0.012281
vn -0.000000 0.986709 0.162497
vn -0.000000 0.999925 0.012281
vn -0.000000 0.986709 0.162497
vn -0.000000 0.999925 0.012281
vn -0.000000 0.986709 0.162497
vn -0.000000 0.999925 0.012281
vn -0.000000 0.986709 0.162497
vn -0.000000 0.999925 0.012281
vn -0.000000 0.986709 0.162497
vn -0.000000 0.999925 0.012281
vn -0.000000 0.986709 0.162497
vn -0.000000 0.999925 0.012281
vn -0.000000 0.986709 0.162497
vn 0.000000 0.990402 -0.138213
vn 0.000000 0.990402 -0.138213
vn -0.000000 0.978749 0.205062
vn -0.000000 0.978749 0.205062
vn -0.000000 0.978749 0.205062
vn -0.000000 0.978749 0.205062
vn -0.000000 0.999424 0.033929
vn -0.000000 0.999424 0.033929
vn -0.000000 0.999424 0.033929
vn -0.000000 0.999424 0.033929
vn -0.000000 0.978749 0.205062
vn -0.000000 0.978749 0.205062
vn -0.000000 0.978749 0.205062
vn -0.000000 0.978749 0.205062
vn -0.000000 0.999424 0.033929
vn -0.000000 0.999424 0.033929
vn -0.000000 0.999424 0.033929
vn -0.000000 0.999424 0.033929
vn -0.000000 0.978749 0.205062
vn -0.000000 0.978749 0.205062
vn -0.000000 0.978749 0.205062
vn -0.000000 0.978749 0.205062
vn -0.000000 0.999424 0.033929
vn -0.000000 0.999424 0.033929
vn -0.000000 0.999424 0.033929
vn -0.000000 0.999424 0.033929
vn -0.000000 0.978749 0.205062
vn -0.000000 0.978749 0.205062
vn -0.000000 0.978749 0.205062
vn -0.000000 0.978749 0.205062
vn -0.000000 0.978749 0.205062
vn -0.000000 0.999424 0.033929
vn -0.000000 0.999424 0.033929
vn -0.000000 0.999424 0.033929
vn -0.000000 0.999424 0.033929
vn -0.000000 0.978749 0.205062
vn -0.000000 0.978749 0.205062
vn -0.000000 0.978749 0.205062
vn -0.000000 0.978749 0.205062
vn -0.000000 0.999424 0.033929
vn -0.000000 0.999424 0.033929
vn -0.000000 0.999424 0.033929
vn -0.000000 0.999424 0.033929
vn -0.000000 0.978749 0.205062
vn -0.000000 0.978749 0.205062
vn -0.000000 0.978749 0.205062
vn -0.000000 0.978749 0.205062
vn -0.000000 0.999424 0.033929
vn -0.000000 0.999424 0.033929
vn -0.000000 0.999424 0.033929
vn -0.000000 0.999424 0.033929
vn -0.000000 0.978749 0.205062
vn -0.000000 0.978749 0.205062
vn -0.000000 0.978749 0.205062
vn -0.000000 0.978749 0.205062
vn -0.000000 0.999424 0.033929
vn -0.000000 0.999424 0.033929
vn -0.000000 0.999424 0.033929
vn -0.000000 0.999424 0.033929
vn -0.000000 0.999424 0.033929
vn -0.000000 0.999424 0.033929
vn -0.000000 0.999424 0.033929
vn -0.000000 0.978749 0.205062
vn -0.000000 0.999424 0.033929
vn -0.000000 0.978749 0.205062
vn -0.000000 0.999424 0.033929
vn -0.000000 0.978749 0.205062
vn -0.000000 0.978749 0.205062
vn -0.000000 0.999424 0.033929
vn -0.000000 0.978749 0.205062
vn -0.000000 0.999424 0.033929
vn -0.000000 0.978749 0.205062
vn 0.000000 -0.978749 0.205062
vn 0.000000 -0.978749 0.205062
vn 0.000000 -0.978749 0.205062
vn 0.000000 -0.978749 0.205062
vn 0.000000 -0.999424 0.033929
vn 0.000000 -0.999424 0.033929
vn 0.000000 -0.990402 -0.138213
vn 0.000000 -0.999424 0.033929
vn 0.000000 -0.999424 0.033929
vn 0.000000 -0.978749 0.205062
vn 0.000000 -0.978749 0.205062
vn 0.000000 -0.978749 0.205062
vn 0.000000 -0.978749 0.205062
vn 0.000000 -0.999424 0.033929
vn 0.000000 -0.999424 0.033929
vn 0.000000 -0.999424 0.033929
vn 0.000000 -0.999424 0.033929
vn 0.000000 -0.978749 0.205062
vn 0.000000 -0.978749 0.205062
vn 0.000000 -0.978749 0.205062
vn 0.000000 -0.978749 0.205062
vn 0.000000 -0.999424 0.033929
vn 0.000000 -0.999424 0.033929
vn 0.000000 -0.999424 0.033929
vn 0.000000 -0.999424 0.033929
vn 0.000000 -0.978749 0.205062
vn 0.000000 -0.978749 0.205062
vn 0.000000 -0.978749 0.205062
vn 0.000000 -0.978749 0.205062
vn 0.000000 -0.978749 0.205062
vn 0.000000 -0.999424 0.033929
vn 0.000000 -0.999424 0.033929
vn 0.000000 -0.990402 -0.138213
vn 0.000000 -0.999424 0.033929
vn 0.000000 -0.999424 0.033929
vn 0.000000 -0.978749 0.205062
vn 0.000000 -0.978749 0.205062
vn 0.000000 -0.978749 0.205062
vn 0.000000 -0.978749 0.205062
vn 0.000000 -0.999424 0.033929
vn 0.000000 -0.999424 0.033929
vn 0.000000 -0.999424 0.033929
vn 0.000000 -0.999424 0.033929
vn 0.000000 -0.978749 0.205062
vn 0.000000 -0.978749 0.205062
vn 0.000000 -0.978749 0.205062
vn 0.000000 -0.978749 0.205062
vn 0.000000 -0.999424 0.033929
vn 0.000000 -0.999424 0.033929
vn 0.000000 -0.999424 0.033929
vn 0.000000 -0.999424 0.033929
vn 0.000000 -0.978749 0.205062
vn 0.000000 -0.978749 0.205062
vn 0.000000 -0.978749 0.205062
vn 0.000000 -0.978749 0.205062
vn 0.000000 -0.999424 0.033929
vn 0.000000 -0.999424 0.033929
vn 0.000000 -0.999424 0.033929
vn 0.000000 -0.999424 0.033929
vn 0.000000 -0.999424 0.033929
vn 0.000000 -0.999424 0.033929
vn 0.000000 -0.999424 0.033929
vn 0.000000 -0.978749 0.205062
vn 0.000000 -0.999424 0.033929
vn 0.000000 -0.978749 0.205062
vn 0.000000 -0.999424 0.033929
vn 0.000000 -0.978749 0.205062
vn 0.000000 -0.978749 0.205062
vn 0.000000 -0.999424 0.033929
vn 0.000000 -0.978749 0.205062
vn 0.000000 -0.999424 0.033929
vn 0.000000 -0.978749 0.205062
vn 0.000000 -0.990402 -0.138213
vn 0.000000 -0.990402 -0.138213
vn -0.000000 -0.999925 0.012281
vn -0.000000 -0.999925 0.012281
vn -0.000000 -0.999925 0.012281
vn -0.000000 -0.999925 0.012281
vn -0.000000 -0.986709 0.162497
vn -0.000000 -0.986709 0.162497
vn -0.000000 -0.951057 0.309017
vn -0.000000 -0.986709 0.162497
vn -0.000000 -0.986709 0.162497
vn -0.000000 -0.999925 0.012281
vn -0.000000 -0.999925 0.012281
vn -0.000000 -0.999925 0.012281
vn -0.000000 -0.999925 0.012281
vn -0.000000 -0.986709 0.162497
vn -0.000000 -0.986709 0.162497
vn -0.000000 -0.986709 0.162497
vn -0.000000 -0.986709 0.162497
vn -0.000000 -0.999925 0.012281
vn -0.000000 -0.999925 0.012281
vn -0.000000 -0.999925 0.012281
vn -0.000000 -0.999925 0.012281
vn -0.000000 -0.986709 0.162497
vn -0.000000 -0.986709 0.162497
vn -0.000000 -0.986709 0.162497
vn -0.000000 -0.986709 0.162497
vn -0.000000 -0.999925 0.012281
vn -0.000000 -0.999925 0.012281
vn -0.000000 -0.999925 0.012281
vn -0.000000 -0.999925 0.012281
vn -0.000000 -0.986709 0.162497
vn -0.000000 -0.986709 0.162497
vn -0.000000 -0.951057 0.309017
vn -0.000000 -0.986709 0.162497
vn -0.000000 -0.986709 0.162497
vn -0.000000 -0.986709 0.162497
vn -0.000000 -0.986709 0.162497
vn -0.000000 -0.986709 0.162497
vn -0.000000 -0.986709 0.162497
vn -0.000000 -0.999925 0.012281
vn -0.000000 -0.999925 0.012281
vn -0.000000 -0.999925 0.012281
vn -0.000000 -0.999925 0.012281
vn -0.000000 -0.986709 0.162497
vn -0.000000 -0.986709 0.162497
vn -0.000000 -0.986709 0.162497
vn -0.000000 -0.986709 0.162497
vn -0.000000 -0.999925 0.012281
vn -0.000000 -0.999925 0.012281
vn -0.000000 -0.999925 0.012281
vn -0.000000 -0.999925 0.012281
vn -0.000000 -0.986709 0.162497
vn -0.000000 -0.986709 0.162497
vn -0.000000 -0.986709 0.162497
vn -0.000000 -0.986709 0.162497
vn -0.000000 -0.999925 0.012281
vn -0.000000 -0.999925 0.012281
vn -0.000000 -0.999925 0.012281
vn -0.000000 -0.999925 0.012281
vn -0.000000 -0.986709 0.162497
vn -0.000000 -0.986709 0.162497
vn -0.000000 -0.986709 0.162497
vn -0.000000 -0.986709 0.162497
vn -0.000000 -0.999925 0.012281
vn -0.000000 -0.999925 0.012281
vn -0.000000 -0.999925 0.012281
vn -0.000000 -0.999925 0.012281
vn -0.000000 -0.986709 0.162497
vn -0.000000 -0.999925 0.012281
vn -0.000000 -0.986709 0.162497
vn -0.000000 -0.999925 0.012281
vn -0.000000 -0.986709 0.162497
vn -0.000000 -0.999925 0.012281
vn -0.000000 -0.986709 0.162497
vn -0.000000 -0.999925 0.012281
vn -0.000000 -0.986709 0.162497
vn -0.000000 -0.999925 0.012281
vn -0.000000 -0.986709 0.162497
vn -0.000000 -0.999925 0.012281
vn -0.000000 -0.986709 0.162497
vn -0.000000 -0.999925 0.012281
vn -0.000000 -0.986709 0.162497
vn -0.000000 -0.999925 0.012281
vn 0.000000 -0.951057 0.309017
vn 0.000000 -0.951057 0.309017
vn -0.000000 -0.893778 0.448511
vn -0.000000 -0.893778 0.448511
vn -0.000000 -0.893778 0.448511
vn -0.000000 -0.893778 0.448511
vn -0.000000 -0.816175 0.577805
vn -0.000000 -0.816175 0.577805
vn -0.000000 -0.720013 0.693961
vn -0.000000 -0.816175 0.577805
vn -0.000000 -0.816175 0.577805
vn -0.000000 -0.893778 0.448511
vn -0.000000 -0.893778 0.448511
vn -0.000000 -0.893778 0.448511
vn -0.000000 -0.893778 0.448511
vn -0.000000 -0.816175 0.577805
vn -0.000000 -0.816175 0.577805
vn -0.000000 -0.816175 0.577805
vn -0.000000 -0.816175 0.577805
vn -0.000000 -0.893778 0.448511
vn -0.000000 -0.893778 0.448511
vn -0.000000 -0.893778 0.448511
vn -0.000000 -0.893778 0.448511
vn -0.000000 -0.816175 0.577805
vn -0.000000 -0.816175 0.577805
vn -0.000000 -0.816175 0.577805
vn -0.000000 -0.816175 0.577805
vn -0.000000 -0.893778 0.448511
vn -0.000000 -0.893778 0.448511
vn -0.000000 -0.893778 0.448511
vn -0.000000 -0.893778 0.448511
vn -0.000000 -0.816175 0.577805
vn -0.000000 -0.816175 0.577805
vn -0.000000 -0.720013 0.693961
vn -0.000000 -0.816175 0.577805
vn -0.000000 -0.816175 0.577805
vn -0.000000 -0.816175 0.577805
vn -0.000000 -0.816175 0.577805
vn -0.000000 -0.816175 0.577805
vn -0.000000 -0.816175 0.577805
vn -0.000000 -0.893778 0.448511
vn -0.000000 -0.893778 0.448511
vn -0.000000 -0.893778 0.448511
vn -0.000000 -0.893778 0.448511
vn -0.000000 -0.816175 0.577805
vn -0.000000 -0.816175 0.577805
vn -0.000000 -0.816175 0.577805
vn -0.000000 -0.816175 0.577805
vn -0.000000 -0.893778 0.448511
vn -0.000000 -0.893778 0.448511
vn -0.000000 -0.893778 0.448511
vn -0.000000 -0.893778 0.448511
vn -0.000000 -0.816175 0.577805
vn -0.000000 -0.816175 0.577805
vn -0.000000 -0.816175 0.577805
vn -0.000000 -0.816175 0.577805
vn -0.000000 -0.893778 0.448511
vn -0.000000 -0.893778 0.448511
vn -0.000000 -0.893778 0.448511
vn -0.000000 -0.893778 0.448511
vn -0.000000 -0.816175 0.577805
vn -0.000000 -0.816175 0.577805
vn -0.000000 -0.816175 0.577805
vn -0.000000 -0.816175 0.577805
vn -0.000000 -0.893778 0.448511
vn -0.000000 -0.893778 0.448511
vn -0.000000 -0.893778 0.448511
vn -0.000000 -0.893778 0.448511
vn -0.000000 -0.816175 0.577805
vn -0.000000 -0.893778 0.448511
vn -0.000000 -0.816175 0.577805
vn -0.000000 -0.893778 0.448511
vn -0.000000 -0.816175 0.577805
vn -0.000000 -0.893778 0.448511
vn -0.000000 -0.816175 0.577805
vn -0.000000 -0.893778 0.448511
vn -0.000000 -0.816175 0.577805
vn -0.000000 -0.893778 0.448511
vn -0.000000 -0.816175 0.577805
vn -0.000000 -0.893778 0.448511
vn -0.000000 -0.816175 0.577805
vn -0.000000 -0.893778 0.448511
vn -0.000000 -0.816175 0.577805
vn -0.000000 -0.893778 0.448511
vn 0.000000 -0.720013 0.693961
vn 0.000000 -0.720013 0.693961
vn -0.000000 -0.912357 0.409395
vn -0.000000 -0.912357 0.409395
vn -0.000000 -0.969110 0.246628
vn -0.000000 -0.912357 0.409395
vn -0.000000 -0.912357 0.409395
vn -0.000000 -0.828494 0.559998
vn -0.000000 -0.828494 0.559998
vn -0.000000 -0.828494 0.559998
vn -0.000000 -0.828494 0.559998
vn -0.000000 -0.912357 0.409395
vn -0.000000 -0.912357 0.409395
vn -0.000000 -0.912357 0.409395
vn -0.000000 -0.912357 0.409395
vn -0.000000 -0.828494 0.559998
vn -0.000000 -0.828494 0.559998
vn -0.000000 -0.828494 0.559998
vn -0.000000 -0.828494 0.559998
vn -0.000000 -0.912357 0.409395
vn -0.000000 -0.912357 0.409395
vn -0.000000 -0.912357 0.409395
vn -0.000000 -0.912357 0.409395
vn -0.000000 -0.828494 0.559998
vn -0.000000 -0.828494 0.559998
vn -0.000000 -0.828494 0.559998
vn -0.000000 -0.828494 0.559998
vn -0.000000 -0.912357 0.409395
vn -0.000000 -0.912357 0.409395
vn -0.000000 -0.912357 0.409395
vn -0.000000 -0.969110 0.246628
vn -0.000000 -0.912357 0.409395
vn -0.000000 -0.912357 0.409395
vn -0.000000 -0.828494 0.559998
vn -0.000000 -0.828494 0.559998
vn -0.000000 -0.828494 0.559998
vn -0.000000 -0.828494 0.559998
vn -0.000000 -0.912357 0.409395
vn -0.000000 -0.912357 0.409395
vn -0.000000 -0.912357 0.409395
vn -0.000000 -0.912357 0.409395
vn -0.000000 -0.828494 0.559998
vn -0.000000 -0.828494 0.559998
vn -0.000000 -0.828494 0.559998
vn -0.000000 -0.828494 0.559998
vn -0.000000 -0.912357 0.409395
vn -0.000000 -0.912357 0.409395
vn -0.000000 -0.912357 0.409395
vn -0.000000 -0.912357 0.409395
vn -0.000000 -0.828494 0.559998
vn -0.000000 -0.828494 0.559998
vn -0.000000 -0.828494 0.559998
vn -0.000000 -0.828494 0.559998
vn -0.000000 -0.912357 0.409395
vn -0.000000 -0.912357 0.409395
vn -0.000000 -0.912357 0.409395
vn -0.000000 -0.912357 0.409395
vn -0.000000 -0.828494 0.559998
vn -0.000000 -0.828494 0.559998
vn -0.000000 -0.828494 0.559998
vn -0.000000 -0.828494 0.559998
vn -0.000000 -0.828494 0.559998
vn -0.000000 -0.828494 0.559998
vn -0.000000 -0.828494 0.559998
vn -0.000000 -0.912357 0.409395
vn -0.000000 -0.828494 0.559998
vn -0.000000 -0.912357 0.409395
vn -0.000000 -0.828494 0.559998
vn -0.000000 -0.912357 0.409395
vn -0.000000 -0.912357 0.409395
vn -0.000000 -0.828494 0.559998
vn -0.000000 -0.912357 0.409395
vn -0.000000 -0.828494 0.559998
vn -0.000000 -0.912357 0.409395
vn 0.000000 -0.912357 -0.409395
vn 0.000000 -0.912357 -0.409395
vn 0.000000 -0.969110 -0.246628
vn 0.000000 -0.912357 -0.409395
vn 0.000000 -0.912357 -0.409395
vn 0.000000 -0.828494 -0.559998
vn 0.000000 -0.828494 -0.559998
vn 0.000000 -0.720013 -0.693961
vn 0.000000 -0.828494 -0.559998
vn 0.000000 -0.828494 -0.559998
vn 0.000000 -0.912357 -0.409395
vn 0.000000 -0.912357 -0.409395
vn 0.000000 -0.912357 -0.409395
vn 0.000000 -0.912357 -0.409395
vn 0.000000 -0.828494 -0.559998
vn 0.000000 -0.828494 -0.559998
vn 0.000000 -0.828494 -0.559998
vn 0.000000 -0.828494 -0.559998
vn 0.000000 -0.912357 -0.409395
vn 0.000000 -0.912357 -0.409395
vn 0.000000 -0.912357 -0.409395
vn 0.000000 -0.912357 -0.409395
vn 0.000000 -0.828494 -0.559998
vn 0.000000 -0.828494 -0.559998
vn 0.000000 -0.828494 -0.559998
vn 0.000000 -0.828494 -0.559998
vn 0.000000 -0.912357 -0.409395
vn 0.000000 -0.912357 -0.409395
vn 0.000000 -0.912357 -0.409395
vn 0.000000 -0.969110 -0.246628
vn 0.000000 -0.912357 -0.409395
vn 0.000000 -0.912357 -0.409395
vn 0.000000 -0.828494 -0.559998
vn 0.000000 -0.828494 -0.559998
vn 0.000000 -0.720013 -0.693961
vn 0.000000 -0.828494 -0.559998
vn 0.000000 -0.828494 -0.559998
vn 0.000000 -0.912357 -0.409395
vn 0.000000 -0.912357 -0.409395
vn 0.000000 -0.912357 -0.409395
vn 0.000000 -0.912357 -0.409395
vn 0.000000 -0.828494 -0.559998
vn 0.000000 -0.828494 -0.559998
vn 0.000000 -0.828494 -0.559998
vn 0.000000 -0.828494 -0.559998
vn 0.000000 -0.912357 -0.409395
vn 0.000000 -0.912357 -0.409395
vn 0.000000 -0.912357 -0.409395
vn 0.000000 -0.912357 -0.409395
vn 0.000000 -0.828494 -0.559998
vn 0.000000 -0.828494 -0.559998
vn 0.000000 -0.828494 -0.559998
vn 0.000000 -0.828494 -0.559998
vn 0.000000 -0.912357 -0.409395
vn 0.000000 -0.912357 -0.409395
vn 0.000000 -0.912357 -0.409395
vn 0.000000 -0.912357 -0.409395
vn 0.000000 -0.828494 -0.559998
vn 0.000000 -0.828494 -0.559998
vn 0.000000 -0.828494 -0.559998
vn 0.000000 -0.828494 -0.559998
vn 0.000000 -0.828494 -0.559998
vn 0.000000 -0.828494 -0.559998
vn 0.000000 -0.828494 -0.559998
vn 0.000000 -0.912357 -0.409395
vn 0.000000 -0.828494 -0.559998
vn 0.000000 -0.912357 -0.409395
vn 0.000000 -0.828494 -0.559998
vn 0.000000 -0.912357 -0.409395
vn 0.000000 -0.912357 -0.409395
vn 0.000000 -0.828494 -0.559998
vn 0.000000 -0.912357 -0.409395
vn 0.000000 -0.828494 -0.559998
vn 0.000000 -0.912357 -0.409395
vn 0.000000 -0.720013 -0.693961
vn 0.000000 -0.720013 -0.693961
vn 0.000000 -0.816175 -0.577805
vn 0.000000 -0.816175 -0.577805
vn 0.000000 -0.816175 -0.577805
vn 0.000000 -0.816175 -0.577805
vn 0.000000 -0.893778 -0.448511
vn 0.000000 -0.893778 -0.448511
vn 0.000000 -0.951057 -0.309017
vn 0.000000 -0.893778 -0.448511
vn 0.000000 -0.893778 -0.448511
vn 0.000000 -0.816175 -0.577805
vn 0.000000 -0.816175 -0.577805
vn 0.000000 -0.816175 -0.577805
vn 0.000000 -0.816175 -0.577805
vn 0.000000 -0.893778 -0.448511
vn 0.000000 -0.893778 -0.448511
vn 0.000000 -0.893778 -0.448511
vn 0.000000 -0.893778 -0.448511
vn 0.000000 -0.816175 -0.577805
vn 0.000000 -0.816175 -0.577805
vn 0.000000 -0.816175 -0.577805
vn 0.000000 -0.816175 -0.577805
vn 0.000000 -0.893778 -0.448511
vn 0.000000 -0.893778 -0.448511
vn 0.000000 -0.893778 -0.448511
vn 0.000000 -0.893778 -0.448511
vn 0.000000 -0.816175 -0.577805
vn 0.000000 -0.816175 -0.577805
vn 0.000000 -0.816175 -0.577805
vn 0.000000 -0.816175 -0.577805
vn 0.000000 -0.893778 -0.448511
vn 0.000000 -0.893778 -0.448511
vn 0.000000 -0.951057 -0.309017
vn 0.000000 -0.893778 -0.448511
vn 0.000000 -0.893778 -0.448511
vn 0.000000 -0.893778 -0.448511
vn 0.000000 -0.893778 -0.448511
vn 0.000000 -0.893778 -0.448511
vn 0.000000 -0.893778 -0.448511
vn 0.000000 -0.816175 -0.577805
vn 0.000000 -0.816175 -0.577805
vn 0.000000 -0.816175 -0.577805
vn 0.000000 -0.816175 -0.577805
vn 0.000000 -0.893778 -0.448511
vn 0.000000 -0.893778 -0.448511
vn 0.000000 -0.893778 -0.448511
vn 0.000000 -0.893778 -0.448511
vn 0.000000 -0.816175 -0.577805
vn 0.000000 -0.816175 -0.577805
vn 0.000000 -0.816175 -0.577805
vn 0.000000 -0.816175 -0.577805
vn 0.000000 -0.893778 -0.448511
vn 0.000000 -0.893778 -0.448511
vn 0.000000 -0.893778 -0.448511
vn 0.000000 -0.893778 -0.448511
vn 0.000000 -0.816175 -0.577805
vn 0.000000 -0.816175 -0.577805
vn 0.000000 -0.816175 -0.577805
vn 0.000000 -0.816175 -0.577805
vn 0.000000 -0.893778 -0.448511
vn 0.000000 -0.893778 -0.448511
vn 0.000000 -0.893778 -0.448511
vn 0.000000 -0.893778 -0.448511
vn 0.000000 -0.816175 -0.577805
vn 0.000000 -0.816175 -0.577805
vn 0.000000 -0.816175 -0.577805
vn 0.000000 -0.816175 -0.577805
vn 0.000000 -0.893778 -0.448511
vn 0.000000 -0.816175 -0.577805
vn 0.000000 -0.893778 -0.448511
vn 0.000000 -0.816175 -0.577805
vn 0.000000 -0.893778 -0.448511
vn 0.000000 -0.816175 -0.577805
vn 0.000000 -0.893778 -0.448511
vn 0.000000 -0.816175 -0.577805
vn 0.000000 -0.893778 -0.448511
vn 0.000000 -0.816175 -0.577805
vn 0.000000 -0.893778 -0.448511
vn 0.000000 -0.816175 -0.577805
vn 0.000000 -0.893778 -0.448511
vn 0.000000 -0.816175 -0.577805
vn 0.000000 -0.893778 -0.448511
vn 0.000000 -0.816175 -0.577805
vn 0.000000 -0.951057 -0.309017
vn 0.000000 -0.951057 -0.309017
vn 0.000000 -0.986709 -0.162497
vn 0.000000 -0.986709 -0.162497
vn 0.000000 -0.986709 -0.162497
vn 0.000000 -0.986709 -0.162497
vn 0.000000 -0.999925 -0.012281
vn 0.000000 -0.999925 -0.012281
vn -0.000000 -0.990402 0.138213
vn 0.000000 -0.999925 -0.012281
vn 0.000000 -0.999925 -0.012281
vn 0.000000 -0.986709 -0.162497
vn 0.000000 -0.986709 -0.162497
vn 0.000000 -0.986709 -0.162497
vn 0.000000 -0.986709 -0.162497
vn 0.000000 -0.999925 -0.012281
vn 0.000000 -0.999925 -0.012281
vn 0.000000 -0.999925 -0.012281
vn 0.000000 -0.999925 -0.012281
vn 0.000000 -0.986709 -0.162497
vn 0.000000 -0.986709 -0.162497
vn 0.000000 -0.986709 -0.162497
vn 0.000000 -0.986709 -0.162497
vn 0.000000 -0.999925 -0.012281
vn 0.000000 -0.999925 -0.012281
vn 0.000000 -0.999925 -0.012281
vn 0.000000 -0.999925 -0.012281
vn 0.000000 -0.986709 -0.162497
vn 0.000000 -0.986709 -0.162497
vn 0.000000 -0.986709 -0.162497
vn 0.000000 -0.986709 -0.162497
vn 0.000000 -0.999925 -0.012281
vn 0.000000 -0.999925 -0.012281
vn -0.000000 -0.990402 0.138213
vn 0.000000 -0.999925 -0.012281
vn 0.000000 -0.999925 -0.012281
vn 0.000000 -0.999925 -0.012281
vn 0.000000 -0.999925 -0.012281
vn 0.000000 -0.999925 -0.012281
vn 0.000000 -0.999925 -0.012281
vn 0.000000 -0.986709 -0.162497
vn 0.000000 -0.986709 -0.162497
vn 0.000000 -0.986709 -0.162497
vn 0.000000 -0.986709 -0.162497
vn 0.000000 -0.999925 -0.012281
vn 0.000000 -0.999925 -0.012281
vn 0.000000 -0.999925 -0.012281
vn 0.000000 -0.999925 -0.012281
vn 0.000000 -0.986709 -0.162497
vn 0.000000 -0.986709 -0.162497
vn 0.000000 -0.986709 -0.162497
vn 0.000000 -0.986709 -0.162497
vn 0.000000 -0.999925 -0.012281
vn 0.000000 -0.999925 -0.012281
vn 0.000000 -0.999925 -0.012281
vn 0.000000 -0.999925 -0.012281
vn 0.000000 -0.986709 -0.162497
vn 0.000000 -0.986709 -0.162497
vn 0.000000 -0.986709 -0.162497
vn 0.000000 -0.986709 -0.162497
vn 0.000000 -0.999925 -0.012281
vn 0.000000 -0.999925 -0.012281
vn 0.000000 -0.999925 -0.012281
vn 0.000000 -0.999925 -0.012281
vn 0.000000 -0.986709 -0.162497
vn 0.000000 -0.986709 -0.162497
vn 0.000000 -0.986709 -0.162497
vn 0.000000 -0.986709 -0.162497
vn 0.000000 -0.999925 -0.012281
vn 0.000000 -0.986709 -0.162497
vn 0.000000 -0.999925 -0.012281
vn 0.000000 -0.986709 -0.162497
vn 0.000000 -0.999925 -0.012281
vn 0.000000 -0.986709 -0.162497
vn 0.000000 -0.999925 -0.012281
vn 0.000000 -0.986709 -0.162497
vn 0.000000 -0.999925 -0.012281
vn 0.000000 -0.986709 -0.162497
vn 0.000000 -0.999925 -0.012281
vn 0.000000 -0.986709 -0.162497
vn 0.000000 -0.999925 -0.012281
vn 0.000000 -0.986709 -0.162497
vn 0.000000 -0.999925 -0.012281
vn 0.000000 -0.986709 -0.162497
vn 0.000000 -0.990402 0.138213
vn 0.000000 -0.990402 0.138213
vn 0.000000 -0.978749 -0.205062
vn 0.000000 -0.978749 -0.205062
vn 0.000000 -0.928991 -0.370103
vn 0.000000 -0.978749 -0.205062
vn 0.000000 -0.978749 -0.205062
vn 0.000000 -0.999424 -0.033929
vn 0.000000 -0.999424 -0.033929
vn 0.000000 -0.999424 -0.033929
vn 0.000000 -0.999424 -0.033929
vn 0.000000 -0.978749 -0.205062
vn 0.000000 -0.978749 -0.205062
vn 0.000000 -0.978749 -0.205062
vn 0.000000 -0.978749 -0.205062
vn 0.000000 -0.999424 -0.033929
vn 0.000000 -0.999424 -0.033929
vn 0.000000 -0.999424 -0.033929
vn 0.000000 -0.999424 -0.033929
vn 0.000000 -0.978749 -0.205062
vn 0.000000 -0.978749 -0.205062
vn 0.000000 -0.978749 -0.205062
vn 0.000000 -0.978749 -0.205062
vn 0.000000 -0.999424 -0.033929
vn 0.000000 -0.999424 -0.033929
vn 0.000000 -0.999424 -0.033929
vn 0.000000 -0.999424 -0.033929
vn 0.000000 -0.978749 -0.205062
vn 0.000000 -0.978749 -0.205062
vn 0.000000 -0.978749 -0.205062
vn 0.000000 -0.928991 -0.370103
vn 0.000000 -0.978749 -0.205062
vn 0.000000 -0.978749 -0.205062
vn 0.000000 -0.999424 -0.033929
vn 0.000000 -0.999424 -0.033929
vn 0.000000 -0.999424 -0.033929
vn 0.000000 -0.999424 -0.033929
vn 0.000000 -0.978749 -0.205062
vn 0.000000 -0.978749 -0.205062
vn 0.000000 -0.978749 -0.205062
vn 0.000000 -0.978749 -0.205062
vn 0.000000 -0.999424 -0.033929
vn 0.000000 -0.999424 -0.033929
vn 0.000000 -0.999424 -0.033929
vn 0.000000 -0.999424 -0.033929
vn 0.000000 -0.978749 -0.205062
vn 0.000000 -0.978749 -0.205062
vn 0.000000 -0.978749 -0.205062
vn 0.000000 -0.978749 -0.205062
vn 0.000000 -0.999424 -0.033929
vn 0.000000 -0.999424 -0.033929
vn 0.000000 -0.999424 -0.033929
vn 0.000000 -0.999424 -0.033929
vn 0.000000 -0.978749 -0.205062
vn 0.000000 -0.978749 -0.205062
vn 0.000000 -0.978749 -0.205062
vn 0.000000 -0.978749 -0.205062
vn 0.000000 -0.999424 -0.033929
vn 0.000000 -0.999424 -0.033929
vn 0.000000 -0.999424 -0.033929
vn 0.000000 -0.999424 -0.033929
vn 0.000000 -0.999424 -0.033929
vn 0.000000 -0.999424 -0.033929
vn 0.000000 -0.999424 -0.033929
vn 0.000000 -0.978749 -0.205062
vn 0.000000 -0.999424 -0.033929
vn 0.000000 -0.978749 -0.205062
vn 0.000000 -0.999424 -0.033929
vn 0.000000 -0.978749 -0.205062
vn 0.000000 -0.978749 -0.205062
vn 0.000000 -0.999424 -0.033929
vn 0.000000 -0.978749 -0.205062
vn 0.000000 -0.999424 -0.033929
vn 0.000000 -0.978749 -0.205062
vn 0.000000 -0.497476 -0.867478
vn 0.000000 -0.497476 -0.867478
vn 0.000000 -0.639063 -0.769155
vn 0.000000 -0.497476 -0.867478
vn 0.000000 -0.497476 -0.867478
vn 0.000000 -0.341107 -0.940024
vn 0.000000 -0.341107 -0.940024
vn 0.000000 -0.174602 -0.984639
vn 0.000000 -0.341107 -0.940024
vn 0.000000 -0.341107 -0.940024
vn 0.000000 -0.497476 -0.867478
vn 0.000000 -0.497476 -0.867478
vn 0.000000 -0.497476 -0.867478
vn 0.000000 -0.497476 -0.867478
vn 0.000000 -0.341107 -0.940024
vn 0.000000 -0.341107 -0.940024
vn 0.000000 -0.341107 -0.940024
vn 0.000000 -0.341107 -0.940024
vn 0.000000 -0.497476 -0.867478
vn 0.000000 -0.497476 -0.867478
vn 0.000000 -0.497476 -0.867478
vn 0.000000 -0.497476 -0.867478
vn 0.000000 -0.341107 -0.940024
vn 0.000000 -0.341107 -0.940024
vn 0.000000 -0.341107 -0.940024
vn 0.000000 -0.341107 -0.940024
vn 0.000000 -0.497476 -0.867478
vn 0.000000 -0.497476 -0.867478
vn 0.000000 -0.497476 -0.867478
vn 0.000000 -0.639063 -0.769155
vn 0.000000 -0.497476 -0.867478
vn 0.000000 -0.497476 -0.867478
vn 0.000000 -0.341107 -0.940024
vn 0.000000 -0.341107 -0.940024
vn 0.000000 -0.174602 -0.984639
vn 0.000000 -0.341107 -0.940024
vn 0.000000 -0.341107 -0.940024
vn 0.000000 -0.497476 -0.867478
vn 0.000000 -0.497476 -0.867478
vn 0.000000 -0.497476 -0.867478
vn 0.000000 -0.497476 -0.867478
vn 0.000000 -0.341107 -0.940024
vn 0.000000 -0.341107 -0.940024
vn 0.000000 -0.341107 -0.940024
vn 0.000000 -0.341107 -0.940024
vn 0.000000 -0.497476 -0.867478
vn 0.000000 -0.497476 -0.867478
vn 0.000000 -0.497476 -0.867478
vn 0.000000 -0.497476 -0.867478
vn 0.000000 -0.341107 -0.940024
vn 0.000000 -0.341107 -0.940024
vn 0.000000 -0.341107 -0.940024
vn 0.000000 -0.341107 -0.940024
vn 0.000000 -0.497476 -0.867478
vn 0.000000 -0.497476 -0.867478
vn 0.000000 -0.497476 -0.867478
vn 0.000000 -0.497476 -0.867478
vn 0.000000 -0.341107 -0.940024
vn 0.000000 -0.341107 -0.940024
vn 0.000000 -0.341107 -0.940024
vn 0.000000 -0.341107 -0.940024
vn 0.000000 -0.341107 -0.940024
vn 0.000000 -0.341107 -0.940024
vn 0.000000 -0.341107 -0.940024
vn 0.000000 -0.497476 -0.867478
vn 0.000000 -0.341107 -0.940024
vn 0.000000 -0.497476 -0.867478
vn 0.000000 -0.341107 -0.940024
vn 0.000000 -0.497476 -0.867478
vn 0.000000 -0.497476 -0.867478
vn 0.000000 -0.341107 -0.940024
vn 0.000000 -0.497476 -0.867478
vn 0.000000 -0.341107 -0.940024
vn 0.000000 -0.497476 -0.867478
vn 0.000000 -0.174602 -0.984639
vn 0.000000 -0.174602 -0.984639
vn 0.000000 -0.320674 -0.947190
vn 0.000000 -0.320674 -0.947190
vn 0.000000 -0.320674 -0.947190
vn 0.000000 -0.320674 -0.947190
vn 0.000000 -0.459453 -0.888202
vn 0.000000 -0.459453 -0.888202
vn 0.000000 -0.587785 -0.809017
vn 0.000000 -0.459453 -0.888202
vn 0.000000 -0.459453 -0.888202
vn 0.000000 -0.320674 -0.947190
vn 0.000000 -0.320674 -0.947190
vn 0.000000 -0.320674 -0.947190
vn 0.000000 -0.320674 -0.947190
vn 0.000000 -0.459453 -0.888202
vn 0.000000 -0.459453 -0.888202
vn 0.000000 -0.459453 -0.888202
vn 0.000000 -0.459453 -0.888202
vn 0.000000 -0.320674 -0.947190
vn 0.000000 -0.320674 -0.947190
vn 0.000000 -0.320674 -0.947190
vn 0.000000 -0.320674 -0.947190
vn 0.000000 -0.459453 -0.888202
vn 0.000000 -0.459453 -0.888202
vn 0.000000 -0.459453 -0.888202
vn 0.000000 -0.459453 -0.888202
vn 0.000000 -0.320674 -0.947190
vn 0.000000 -0.320674 -0.947190
vn 0.000000 -0.320674 -0.947190
vn 0.000000 -0.320674 -0.947190
vn 0.000000 -0.459453 -0.888202
vn 0.000000 -0.459453 -0.888202
vn 0.000000 -0.587785 -0.809017
vn 0.000000 -0.459453 -0.888202
vn 0.000000 -0.459453 -0.888202
vn 0.000000 -0.459453 -0.888202
vn 0.000000 -0.459453 -0.888202
vn 0.000000 -0.459453 -0.888202
vn 0.000000 -0.459453 -0.888202
vn 0.000000 -0.320674 -0.947190
vn 0.000000 -0.320674 -0.947190
vn 0.000000 -0.320674 -0.947190
vn 0.000000 -0.320674 -0.947190
vn 0.000000 -0.459453 -0.888202
vn 0.000000 -0.459453 -0.888202
vn 0.000000 -0.459453 -0.888202
vn 0.000000 -0.459453 -0.888202
vn 0.000000 -0.320674 -0.947190
vn 0.000000 -0.320674 -0.947190
vn 0.000000 -0.320674 -0.947190
vn 0.000000 -0.320674 -0.947190
vn 0.000000 -0.459453 -0.888202
vn 0.000000 -0.459453 -0.888202
vn 0.000000 -0.459453 -0.888202
vn 0.000000 -0.459453 -0.888202
vn 0.000000 -0.320674 -0.947190
vn 0.000000 -0.320674 -0.947190
vn 0.000000 -0.320674 -0.947190
vn 0.000000 -0.320674 -0.947190
vn 0.000000 -0.459453 -0.888202
vn 0.000000 -0.459453 -0.888202
vn 0.000000 -0.459453 -0.888202
vn 0.000000 -0.459453 -0.888202
vn 0.000000 -0.320674 -0.947190
vn 0.000000 -0.320674 -0.947190
vn 0.000000 -0.320674 -0.947190
vn 0.000000 -0.320674 -0.947190
vn 0.000000 -0.459453 -0.888202
vn 0.000000 -0.320674 -0.947190
vn 0.000000 -0.459453 -0.888202
vn 0.000000 -0.320674 -0.947190
vn 0.000000 -0.459453 -0.888202
vn 0.000000 -0.320674 -0.947190
vn 0.000000 -0.459453 -0.888202
vn 0.000000 -0.320674 -0.947190
vn 0.000000 -0.459453 -0.888202
vn 0.000000 -0.320674 -0.947190
vn 0.000000 -0.459453 -0.888202
vn 0.000000 -0.320674 -0.947190
vn 0.000000 -0.459453 -0.888202
vn 0.000000 -0.320674 -0.947190
vn 0.000000 -0.459453 -0.888202
vn 0.000000 -0.320674 -0.947190
vn 0.000000 -0.587785 -0.809017
vn 0.000000 -0.587785 -0.809017
vn 0.000000 -0.702751 -0.711436
vn 0.000000 -0.702751 -0.711436
vn 0.000000 -0.702751 -0.711436
vn 0.000000 -0.702751 -0.711436
vn 0.000000 -0.801737 -0.597677
vn 0.000000 -0.801737 -0.597677
vn 0.000000 -0.882492 -0.470327
vn 0.000000 -0.801737 -0.597677
vn 0.000000 -0.801737 -0.597677
vn 0.000000 -0.702751 -0.711436
vn 0.000000 -0.702751 -0.711436
vn 0.000000 -0.702751 -0.711436
vn 0.000000 -0.702751 -0.711436
vn 0.000000 -0.801737 -0.597677
vn 0.000000 -0.801737 -0.597677
vn 0.000000 -0.801737 -0.597677
vn 0.000000 -0.801737 -0.597677
vn 0.000000 -0.702751 -0.711436
vn 0.000000 -0.702751 -0.711436
vn 0.000000 -0.702751 -0.711436
vn 0.000000 -0.702751 -0.711436
vn 0.000000 -0.801737 -0.597677
vn 0.000000 -0.801737 -0.597677
vn 0.000000 -0.801737 -0.597677
vn 0.000000 -0.801737 -0.597677
vn 0.000000 -0.702751 -0.711436
vn 0.000000 -0.702751 -0.711436
vn 0.000000 -0.702751 -0.711436
vn 0.000000 -0.702751 -0.711436
vn 0.000000 -0.801737 -0.597677
vn 0.000000 -0.801737 -0.597677
vn 0.000000 -0.882492 -0.470327
vn 0.000000 -0.801737 -0.597677
vn 0.000000 -0.801737 -0.597677
vn 0.000000 -0.801737 -0.597677
vn 0.000000 -0.801737 -0.597677
vn 0.000000 -0.801737 -0.597677
vn 0.000000 -0.801737 -0.597677
vn 0.000000 -0.702751 -0.711436
vn 0.000000 -0.702751 -0.711436
vn 0.000000 -0.702751 -0.711436
vn 0.000000 -0.702751 -0.711436
vn 0.000000 -0.801737 -0.597677
vn 0.000000 -0.801737 -0.597677
vn 0.000000 -0.801737 -0.597677
vn 0.000000 -0.801737 -0.597677
vn 0.000000 -0.702751 -0.711436
vn 0.000000 -0.702751 -0.711436
vn 0.000000 -0.702751 -0.711436
vn 0.000000 -0.702751 -0.711436
vn 0.000000 -0.801737 -0.597677
vn 0.000000 -0.801737 -0.597677
vn 0.000000 -0.801737 -0.597677
vn 0.000000 -0.801737 -0.597677
vn 0.000000 -0.702751 -0.711436
vn 0.000000 -0.702751 -0.711436
vn 0.000000 -0.702751 -0.711436
vn 0.000000 -0.702751 -0.711436
vn 0.000000 -0.801737 -0.597677
vn 0.000000 -0.801737 -0.597677
vn 0.000000 -0.801737 -0.597677
vn 0.000000 -0.801737 -0.597677
vn 0.000000 -0.702751 -0.711436
vn 0.000000 -0.702751 -0.711436
vn 0.000000 -0.702751 -0.711436
vn 0.000000 -0.702751 -0.711436
vn 0.000000 -0.801737 -0.597677
vn 0.000000 -0.702751 -0.711436
vn 0.000000 -0.801737 -0.597677
vn 0.000000 -0.702751 -0.711436
vn 0.000000 -0.801737 -0.597677
vn 0.000000 -0.702751 -0.711436
vn 0.000000 -0.801737 -0.597677
vn 0.000000 -0.702751 -0.711436
vn 0.000000 -0.801737 -0.597677
vn 0.000000 -0.702751 -0.711436
vn 0.000000 -0.801737 -0.597677
vn 0.000000 -0.702751 -0.711436
vn 0.000000 -0.801737 -0.597677
vn 0.000000 -0.702751 -0.711436
vn 0.000000 -0.801737 -0.597677
vn 0.000000 -0.702751 -0.711436
vn -0.000000 -0.671292 -0.741193
vn -0.000000 -0.671292 -0.741193
vn -0.000000 -0.534028 -0.845467
vn -0.000000 -0.671292 -0.741193
vn -0.000000 -0.671292 -0.741193
vn -0.000000 -0.788609 -0.614896
vn -0.000000 -0.788609 -0.614896
vn -0.000000 -0.882492 -0.470327
vn -0.000000 -0.788609 -0.614896
vn -0.000000 -0.788609 -0.614896
vn -0.000000 -0.671292 -0.741193
vn -0.000000 -0.671292 -0.741193
vn -0.000000 -0.671292 -0.741193
vn -0.000000 -0.671292 -0.741193
vn -0.000000 -0.788609 -0.614896
vn -0.000000 -0.788609 -0.614896
vn -0.000000 -0.788609 -0.614896
vn -0.000000 -0.788609 -0.614896
vn -0.000000 -0.671292 -0.741193
vn -0.000000 -0.671292 -0.741193
vn -0.000000 -0.671292 -0.741193
vn -0.000000 -0.671292 -0.741193
vn -0.000000 -0.788609 -0.614896
vn -0.000000 -0.788609 -0.614896
vn -0.000000 -0.788609 -0.614896
vn -0.000000 -0.788609 -0.614896
vn -0.000000 -0.671292 -0.741193
vn -0.000000 -0.671292 -0.741193
vn -0.000000 -0.671292 -0.741193
vn -0.000000 -0.534028 -0.845467
vn -0.000000 -0.671292 -0.741193
vn -0.000000 -0.671292 -0.741193
vn -0.000000 -0.788609 -0.614896
vn -0.000000 -0.788609 -0.614896
vn -0.000000 -0.882492 -0.470327
vn -0.000000 -0.788609 -0.614896
vn -0.000000 -0.788609 -0.614896
vn -0.000000 -0.671292 -0.741193
vn -0.000000 -0.671292 -0.741193
vn -0.000000 -0.671292 -0.741193
vn -0.000000 -0.671292 -0.741193
vn -0.000000 -0.788609 -0.614896
vn -0.000000 -0.788609 -0.614896
vn -0.000000 -0.788609 -0.614896
vn -0.000000 -0.788609 -0.614896
vn -0.000000 -0.671292 -0.741193
vn -0.000000 -0.671292 -0.741193
vn -0.000000 -0.671292 -0.741193
vn -0.000000 -0.671292 -0.741193
vn -0.000000 -0.788609 -0.614896
vn -0.000000 -0.788609 -0.614896
vn -0.000000 -0.788609 -0.614896
vn -0.000000 -0.788609 -0.614896
vn -0.000000 -0.671292 -0.741193
vn -0.000000 -0.671292 -0.741193
vn -0.000000 -0.671292 -0.741193
vn -0.000000 -0.671292 -0.741193
vn -0.000000 -0.788609 -0.614896
vn -0.000000 -0.788609 -0.614896
vn -0.000000 -0.788609 -0.614896
vn -0.000000 -0.788609 -0.614896
vn -0.000000 -0.788609 -0.614896
vn -0.000000 -0.788609 -0.614896
vn -0.000000 -0.788609 -0.614896
vn -0.000000 -0.671292 -0.741193
vn -0.000000 -0.788609 -0.614896
vn -0.000000 -0.671292 -0.741193
vn -0.000000 -0.788609 -0.614896
vn -0.000000 -0.671292 -0.741193
vn -0.000000 -0.671292 -0.741193
vn -0.000000 -0.788609 -0.614896
vn -0.000000 -0.671292 -0.741193
vn -0.000000 -0.788609 -0.614896
vn -0.000000 -0.671292 -0.741193
vn 0.000000 -0.503598 -0.863938
vn 0.000000 -0.503598 -0.863938
vn 0.000000 -0.503598 -0.863938
vn 0.000000 -0.503598 -0.863938
vn 0.000000 -0.472529 -0.881315
vn 0.000000 -0.472529 -0.881315
vn 0.000000 -0.440862 -0.897575
vn 0.000000 -0.440862 -0.897575
vn 0.000000 -0.408636 -0.912698
vn 0.000000 -0.408636 -0.912698
vn 0.000000 -0.375892 -0.926664
vn 0.000000 -0.375892 -0.926664
vn 0.000000 -0.342671 -0.939455
vn 0.000000 -0.342671 -0.939455
vn 0.000000 -0.309017 -0.951057
vn 0.000000 -0.309017 -0.951057
vn 0.000000 -0.274971 -0.961453
vn 0.000000 -0.274971 -0.961453
vn 0.000000 -0.240576 -0.970630
vn 0.000000 -0.240576 -0.970630
vn 0.000000 -0.205877 -0.978578
vn 0.000000 -0.205877 -0.978578
vn 0.000000 -0.170917 -0.985285
vn 0.000000 -0.170917 -0.985285
vn 0.000000 -0.135740 -0.990745
vn 0.000000 -0.135740 -0.990745
vn 0.000000 -0.100391 -0.994948
vn 0.000000 -0.100391 -0.994948
vn 0.000000 -0.064915 -0.997891
vn 0.000000 -0.064915 -0.997891
vn 0.000000 -0.100391 -0.994948
vn 0.000000 -0.135740 -0.990745
vn 0.000000 -0.170917 -0.985285
vn 0.000000 -0.205877 -0.978578
vn 0.000000 -0.240576 -0.970630
vn 0.000000 -0.274971 -0.961453
vn 0.000000 -0.309017 -0.951057
vn 0.000000 -0.342671 -0.939455
vn 0.000000 -0.375892 -0.926664
vn 0.000000 -0.408636 -0.912698
vn 0.000000 -0.440862 -0.897575
vn 0.000000 -0.472529 -0.881315
vn 0.000000 -0.100391 -0.994948
vn 0.000000 -0.135740 -0.990745
vn 0.000000 -0.170917 -0.985285
vn 0.000000 -0.205877 -0.978578
vn 0.000000 -0.240576 -0.970630
vn 0.000000 -0.274971 -0.961453
vn 0.000000 -0.309017 -0.951057
vn 0.000000 -0.342671 -0.939455
vn 0.000000 -0.375892 -0.926664
vn 0.000000 -0.408636 -0.912698
vn 0.000000 -0.440862 -0.897575
vn 0.000000 -0.472529 -0.881315
vn 0.000000 -0.915229 -0.402933
vn 0.000000 -0.915229 -0.402933
vn 0.000000 -0.915229 -0.402933
vn 0.000000 -0.915229 -0.402933
vn 0.000000 -0.900308 -0.435253
vn 0.000000 -0.900308 -0.435253
vn 0.000000 -0.884246 -0.467021
vn 0.000000 -0.884246 -0.467021
vn 0.000000 -0.867063 -0.498198
vn 0.000000 -0.867063 -0.498198
vn 0.000000 -0.848782 -0.528743
vn 0.000000 -0.848782 -0.528743
vn 0.000000 -0.829425 -0.558618
vn 0.000000 -0.829425 -0.558618
vn 0.000000 -0.809017 -0.587785
vn 0.000000 -0.809017 -0.587785
vn 0.000000 -0.787584 -0.616208
vn 0.000000 -0.787584 -0.616208
vn 0.000000 -0.765153 -0.643849
vn 0.000000 -0.765153 -0.643849
vn 0.000000 -0.741752 -0.670675
vn 0.000000 -0.741752 -0.670675
vn 0.000000 -0.717411 -0.696650
vn 0.000000 -0.717411 -0.696650
vn 0.000000 -0.692161 -0.721743
vn 0.000000 -0.692161 -0.721743
vn 0.000000 -0.666034 -0.745922
vn 0.000000 -0.666034 -0.745922
vn 0.000000 -0.666034 -0.745922
vn 0.000000 -0.692161 -0.721743
vn 0.000000 -0.717411 -0.696650
vn 0.000000 -0.741752 -0.670675
vn 0.000000 -0.765153 -0.643849
vn 0.000000 -0.787584 -0.616208
vn 0.000000 -0.809017 -0.587785
vn 0.000000 -0.829425 -0.558618
vn 0.000000 -0.848782 -0.528743
vn 0.000000 -0.867063 -0.498198
vn 0.000000 -0.884246 -0.467021
vn 0.000000 -0.900308 -0.435253
vn 0.000000 -0.666034 -0.745922
vn 0.000000 -0.692161 -0.721743
vn 0.000000 -0.717411 -0.696650
vn 0.000000 -0.741752 -0.670675
vn 0.000000 -0.765153 -0.643849
vn 0.000000 -0.787584 -0.616208
vn 0.000000 -0.809017 -0.587785
vn 0.000000 -0.829425 -0.558618
vn 0.000000 -0.848782 -0.528743
vn 0.000000 -0.867063 -0.498198
vn 0.000000 -0.884246 -0.467021
vn 0.000000 -0.900308 -0.435253
vn 0.000000 -0.977274 0.211978
vn 0.000000 -0.977274 0.211978
vn 0.000000 -0.977274 0.211978
vn 0.000000 -0.977274 0.211978
vn 0.000000 -0.984200 0.177061
vn 0.000000 -0.984200 0.177061
vn 0.000000 -0.989878 0.141919
vn 0.000000 -0.989878 0.141919
vn 0.000000 -0.994302 0.106597
vn 0.000000 -0.994302 0.106597
vn 0.000000 -0.997466 0.071139
vn 0.000000 -0.997466 0.071139
vn 0.000000 -0.999366 0.035592
vn 0.000000 -0.999366 0.035592
vn 0.000000 -1.000000 0.000000
vn 0.000000 -1.000000 0.000000
vn 0.000000 -0.999366 -0.035592
vn 0.000000 -0.999366 -0.035592
vn 0.000000 -0.997466 -0.071139
vn 0.000000 -0.997466 -0.071139
vn 0.000000 -0.994302 -0.106597
vn 0.000000 -0.994302 -0.106597
vn 0.000000 -0.989878 -0.141919
vn 0.000000 -0.989878 -0.141919
vn 0.000000 -0.984200 -0.177061
vn 0.000000 -0.984200 -0.177061
vn 0.000000 -0.977274 -0.211978
vn 0.000000 -0.977274 -0.211978
vn 0.000000 -0.977274 -0.211978
vn 0.000000 -0.984200 -0.177061
vn 0.000000 -0.989878 -0.141919
vn 0.000000 -0.994302 -0.106597
vn 0.000000 -0.997466 -0.071139
vn 0.000000 -0.999366 -0.035592
vn 0.000000 -1.000000 0.000000
vn 0.000000 -0.999366 0.035592
vn 0.000000 -0.997466 0.071139
vn 0.000000 -0.994302 0.106597
vn 0.000000 -0.989878 0.141919
vn 0.000000 -0.984200 0.177061
vn 0.000000 -0.977274 -0.211978
vn 0.000000 -0.984200 -0.177061
vn 0.000000 -0.989878 -0.141919
vn 0.000000 -0.994302 -0.106597
vn 0.000000 -0.997466 -0.071139
vn 0.000000 -0.999366 -0.035592
vn 0.000000 -1.000000 0.000000
vn 0.000000 -0.999366 0.035592
vn 0.000000 -0.997466 0.071139
vn 0.000000 -0.994302 0.106597
vn 0.000000 -0.989878 0.141919
vn 0.000000 -0.984200 0.177061
vn 0.000000 0.977274 -0.211978
vn 0.000000 0.977274 -0.211978
vn 0.000000 0.977274 -0.211978
vn 0.000000 0.977274 -0.211978
vn 0.000000 0.984200 -0.177061
vn 0.000000 0.984200 -0.177061
vn 0.000000 0.989878 -0.141919
vn 0.000000 0.989878 -0.141919
vn 0.000000 0.994302 -0.106597
vn 0.000000 0.994302 -0.106597
vn 0.000000 0.997466 -0.071139
vn 0.000000 0.997466 -0.071139
vn 0.000000 0.999366 -0.035592
vn 0.000000 0.999366 -0.035592
vn 0.000000 1.000000 -0.000000
vn 0.000000 1.000000 -0.000000
vn -0.000000 0.999366 0.035592
vn -0.000000 0.999366 0.035592
vn -0.000000 0.997466 0.071139
vn -0.000000 0.997466 0.071139
vn -0.000000 0.994302 0.106597
vn -0.000000 0.994302 0.106597
vn -0.000000 0.989878 0.141919
vn -0.000000 0.989878 0.141919
vn -0.000000 0.984200 0.177061
vn -0.000000 0.984200 0.177061
vn -0.000000 0.977274 0.211978
vn -0.000000 0.977274 0.211978
vn -0.000000 0.977274 0.211978
vn -0.000000 0.984200 0.177061
vn -0.000000 0.989878 0.141919
vn -0.000000 0.994302 0.106597
vn -0.000000 0.997466 0.071139
vn -0.000000 0.999366 0.035592
vn 0.000000 1.000000 -0.000000
vn 0.000000 0.999366 -0.035592
vn 0.000000 0.997466 -0.071139
vn 0.000000 0.994302 -0.106597
vn 0.000000 0.989878 -0.141919
vn 0.000000 0.984200 -0.177061
vn -0.000000 0.977274 0.211978
vn -0.000000 0.984200 0.177061
vn -0.000000 0.989878 0.141919
vn -0.000000 0.994302 0.106597
vn -0.000000 0.997466 0.071139
vn -0.000000 0.999366 0.035592
vn 0.000000 1.000000 -0.000000
vn 0.000000 0.999366 -0.035592
vn 0.000000 0.997466 -0.071139
vn 0.000000 0.994302 -0.106597
vn 0.000000 0.989878 -0.141919
vn 0.000000 0.984200 -0.177061
vn 0.000000 0.666034 -0.745922
vn 0.000000 0.666034 -0.745922
vn 0.000000 0.666034 -0.745922
vn 0.000000 0.666034 -0.745922
vn 0.000000 0.692161 -0.721743
vn 0.000000 0.692161 -0.721743
vn 0.000000 0.717411 -0.696650
vn 0.000000 0.717411 -0.696650
vn 0.000000 0.741752 -0.670675
vn 0.000000 0.741752 -0.670675
vn 0.000000 0.765153 -0.643849
vn 0.000000 0.765153 -0.643849
vn 0.000000 0.787584 -0.616208
vn 0.000000 0.787584 -0.616208
vn 0.000000 0.809017 -0.587785
vn 0.000000 0.809017 -0.587785
vn 0.000000 0.829425 -0.558618
vn 0.000000 0.829425 -0.558618
vn 0.000000 0.848782 -0.528743
vn 0.000000 0.848782 -0.528743
vn 0.000000 0.867063 -0.498198
vn 0.000000 0.867063 -0.498198
vn 0.000000 0.884246 -0.467021
vn 0.000000 0.884246 -0.467021
vn 0.000000 0.900308 -0.435253
vn 0.000000 0.900308 -0.435253
vn 0.000000 0.915229 -0.402933
vn 0.000000 0.915229 -0.402933
vn 0.000000 0.915229 -0.402933
vn 0.000000 0.900308 -0.435253
vn 0.000000 0.884246 -0.467021
vn 0.000000 0.867063 -0.498198
vn 0.000000 0.848782 -0.528743
vn 0.000000 0.829425 -0.558618
vn 0.000000 0.809017 -0.587785
vn 0.000000 0.787584 -0.616208
vn 0.000000 0.765153 -0.643849
vn 0.000000 0.741752 -0.670675
vn 0.000000 0.717411 -0.696650
vn 0.000000 0.692161 -0.721743
vn 0.000000 0.915229 -0.402933
vn 0.000000 0.900308 -0.435253
vn 0.000000 0.884246 -0.467021
vn 0.000000 0.867063 -0.498198
vn 0.000000 0.848782 -0.528743
vn 0.000000 0.829425 -0.558618
vn 0.000000 0.809017 -0.587785
vn 0.000000 0.787584 -0.616208
vn 0.000000 0.765153 -0.643849
vn 0.000000 0.741752 -0.670675
vn 0.000000 0.717411 -0.696650
vn 0.000000 0.692161 -0.721743
vn 0.000000 0.503598 -0.863938
vn 0.000000 0.503598 -0.863938
vn 0.000000 0.503598 -0.863938
vn 0.000000 0.503598 -0.863938
vn 0.000000 0.472529 -0.881315
vn 0.000000 0.472529 -0.881315
vn 0.000000 0.440862 -0.897575
vn 0.000000 0.440862 -0.897575
vn 0.000000 0.408636 -0.912698
vn 0.000000 0.408636 -0.912698
vn 0.000000 0.375892 -0.926664
vn 0.000000 0.375892 -0.926664
vn 0.000000 0.342671 -0.939455
vn 0.000000 0.342671 -0.939455
vn 0.000000 0.309017 -0.951057
vn 0.000000 0.309017 -0.951057
vn 0.000000 0.274971 -0.961453
vn 0.000000 0.274971 -0.961453
vn 0.000000 0.240576 -0.970630
vn 0.000000 0.240576 -0.970630
vn 0.000000 0.205877 -0.978578
vn 0.000000 0.205877 -0.978578
vn 0.000000 0.170917 -0.985285
vn 0.000000 0.170917 -0.985285
vn 0.000000 0.135740 -0.990745
vn 0.000000 0.135740 -0.990745
vn 0.000000 0.100391 -0.994948
vn 0.000000 0.100391 -0.994948
vn 0.000000 0.064915 -0.997891
vn 0.000000 0.064915 -0.997891
vn 0.000000 0.100391 -0.994948
vn 0.000000 0.135740 -0.990745
vn 0.000000 0.170917 -0.985285
vn 0.000000 0.205877 -0.978578
vn 0.000000 0.240576 -0.970630
vn 0.000000 0.274971 -0.961453
vn 0.000000 0.309017 -0.951057
vn 0.000000 0.342671 -0.939455
vn 0.000000 0.375892 -0.926664
vn 0.000000 0.408636 -0.912698
vn 0.000000 0.440862 -0.897575
vn 0.000000 0.472529 -0.881315
vn 0.000000 0.100391 -0.994948
vn 0.000000 0.135740 -0.990745
vn 0.000000 0.170917 -0.985285
vn 0.000000 0.205877 -0.978578
vn 0.000000 0.240576 -0.970630
vn 0.000000 0.274971 -0.961453
vn 0.000000 0.309017 -0.951057
vn 0.000000 0.342671 -0.939455
vn 0.000000 0.375892 -0.926664
vn 0.000000 0.408636 -0.912698
vn 0.000000 0.440862 -0.897575
vn 0.000000 0.472529 -0.881315
vn 0.000000 0.107424 -0.994213
vn 0.000000 0.107424 -0.994213
vn 0.000000 0.107424 -0.994213
vn 0.000000 0.107424 -0.994213
vn 0.000000 0.276571 -0.960993
vn 0.000000 0.276571 -0.960993
vn 0.000000 0.437500 -0.899218
vn 0.000000 0.276571 -0.960993
vn 0.000000 0.276571 -0.960993
vn 0.000000 0.107424 -0.994213
vn 0.000000 0.107424 -0.994213
vn 0.000000 0.107424 -0.994213
vn 0.000000 0.107424 -0.994213
vn 0.000000 0.276571 -0.960993
vn 0.000000 0.276571 -0.960993
vn 0.000000 0.276571 -0.960993
vn 0.000000 0.276571 -0.960993
vn 0.000000 0.107424 -0.994213
vn 0.000000 0.107424 -0.994213
vn 0.000000 0.107424 -0.994213
vn 0.000000 0.107424 -0.994213
vn 0.000000 0.276571 -0.960993
vn 0.000000 0.276571 -0.960993
vn 0.000000 0.276571 -0.960993
vn 0.000000 0.276571 -0.960993
vn 0.000000 0.107424 -0.994213
vn 0.000000 0.107424 -0.994213
vn 0.000000 0.107424 -0.994213
vn 0.000000 0.107424 -0.994213
vn 0.000000 0.107424 -0.994213
vn 0.000000 0.276571 -0.960993
vn 0.000000 0.276571 -0.960993
vn 0.000000 0.437500 -0.899218
vn 0.000000 0.276571 -0.960993
vn 0.000000 0.276571 -0.960993
vn 0.000000 0.107424 -0.994213
vn 0.000000 0.107424 -0.994213
vn 0.000000 0.107424 -0.994213
vn 0.000000 0.107424 -0.994213
vn 0.000000 0.276571 -0.960993
vn 0.000000 0.276571 -0.960993
vn 0.000000 0.276571 -0.960993
vn 0.000000 0.276571 -0.960993
vn 0.000000 0.107424 -0.994213
vn 0.000000 0.107424 -0.994213
vn 0.000000 0.107424 -0.994213
vn 0.000000 0.107424 -0.994213
vn 0.000000 0.276571 -0.960993
vn 0.000000 0.276571 -0.960993
vn 0.000000 0.276571 -0.960993
vn 0.000000 0.276571 -0.960993
vn 0.000000 0.107424 -0.994213
vn 0.000000 0.107424 -0.994213
vn 0.000000 0.107424 -0.994213
vn 0.000000 0.107424 -0.994213
vn 0.000000 0.276571 -0.960993
vn 0.000000 0.276571 -0.960993
vn 0.000000 0.276571 -0.960993
vn 0.000000 0.276571 -0.960993
vn 0.000000 0.276571 -0.960993
vn 0.000000 0.276571 -0.960993
vn 0.000000 0.276571 -0.960993
vn 0.000000 0.107424 -0.994213
vn 0.000000 0.276571 -0.960993
vn 0.000000 0.107424 -0.994213
vn 0.000000 0.276571 -0.960993
vn 0.000000 0.107424 -0.994213
vn 0.000000 0.107424 -0.994213
vn 0.000000 0.276571 -0.960993
vn 0.000000 0.107424 -0.994213
vn 0.000000 0.276571 -0.960993
vn 0.000000 0.107424 -0.994213
vn 0.000000 0.437500 -0.899218
vn 0.000000 0.437500 -0.899218
vn -0.000000 0.297314 -0.954780
vn -0.000000 0.297314 -0.954780
vn -0.000000 0.297314 -0.954780
vn -0.000000 0.297314 -0.954780
vn -0.000000 0.150366 -0.988630
vn -0.000000 0.150366 -0.988630
vn -0.000000 -0.000000 -1.000000
vn -0.000000 0.150366 -0.988630
vn -0.000000 0.150366 -0.988630
vn -0.000000 0.297314 -0.954780
vn -0.000000 0.297314 -0.954780
vn -0.000000 0.297314 -0.954780
vn -0.000000 0.297314 -0.954780
vn -0.000000 0.150366 -0.988630
vn -0.000000 0.150366 -0.988630
vn -0.000000 0.150366 -0.988630
vn -0.000000 0.150366 -0.988630
vn -0.000000 0.297314 -0.954780
vn -0.000000 0.297314 -0.954780
vn -0.000000 0.297314 -0.954780
vn -0.000000 0.297314 -0.954780
vn -0.000000 0.150366 -0.988630
vn -0.000000 0.150366 -0.988630
vn -0.000000 0.150366 -0.988630
vn -0.000000 0.150366 -0.988630
vn -0.000000 0.297314 -0.954780
vn -0.000000 0.297314 -0.954780
vn -0.000000 0.297314 -0.954780
vn -0.000000 0.297314 -0.954780
vn -0.000000 0.150366 -0.988630
vn -0.000000 0.150366 -0.988630
vn -0.000000 -0.000000 -1.000000
vn -0.000000 0.150366 -0.988630
vn -0.000000 0.150366 -0.988630
vn -0.000000 0.150366 -0.988630
vn -0.000000 0.150366 -0.988630
vn -0.000000 0.150366 -0.988630
vn -0.000000 0.150366 -0.988630
vn -0.000000 0.297314 -0.954780
vn -0.000000 0.297314 -0.954780
vn -0.000000 0.297314 -0.954780
vn -0.000000 0.297314 -0.954780
vn -0.000000 0.150366 -0.988630
vn -0.000000 0.150366 -0.988630
vn -0.000000 0.150366 -0.988630
vn -0.000000 0.150366 -0.988630
vn -0.000000 0.297314 -0.954780
vn -0.000000 0.297314 -0.954780
vn -0.000000 0.297314 -0.954780
vn -0.000000 0.297314 -0.954780
vn -0.000000 0.150366 -0.988630
vn -0.000000 0.150366 -0.988630
vn -0.000000 0.150366 -0.988630
vn -0.000000 0.150366 -0.988630
vn -0.000000 0.297314 -0.954780
vn -0.000000 0.297314 -0.954780
vn -0.000000 0.297314 -0.954780
vn -0.000000 0.297314 -0.954780
vn -0.000000 0.150366 -0.988630
vn -0.000000 0.150366 -0.988630
vn -0.000000 0.150366 -0.988630
vn -0.000000 0.150366 -0.988630
vn -0.000000 0.297314 -0.954780
vn -0.000000 0.297314 -0.954780
vn -0.000000 0.297314 -0.954780
vn -0.000000 0.297314 -0.954780
vn -0.000000 0.150366 -0.988630
vn -0.000000 0.297314 -0.954780
vn -0.000000 0.150366 -0.988630
vn -0.000000 0.297314 -0.954780
vn -0.000000 0.150366 -0.988630
vn -0.000000 0.297314 -0.954780
vn -0.000000 0.150366 -0.988630
vn -0.000000 0.297314 -0.954780
vn -0.000000 0.150366 -0.988630
vn -0.000000 0.297314 -0.954780
vn -0.000000 0.150366 -0.988630
vn -0.000000 0.297314 -0.954780
vn -0.000000 0.150366 -0.988630
vn -0.000000 0.297314 -0.954780
vn -0.000000 0.150366 -0.988630
vn -0.000000 0.297314 -0.954780
vn 0.000000 0.000000 -1.000000
vn 0.000000 0.000000 -1.000000
vn 0.000000 -0.150366 -0.988630
vn 0.000000 -0.150366 -0.988630
vn 0.000000 -0.150366 -0.988630
vn 0.000000 -0.150366 -0.988630
vn 0.000000 -0.297314 -0.954780
vn 0.000000 -0.297314 -0.954780
vn 0.000000 -0.437500 -0.899218
vn 0.000000 -0.297314 -0.954780
vn 0.000000 -0.297314 -0.954780
vn 0.000000 -0.150366 -0.988630
vn 0.000000 -0.150366 -0.988630
vn 0.000000 -0.150366 -0.988630
vn 0.000000 -0.150366 -0.988630
vn 0.000000 -0.297314 -0.954780
vn 0.000000 -0.297314 -0.954780
vn 0.000000 -0.297314 -0.954780
vn 0.000000 -0.297314 -0.954780
vn 0.000000 -0.150366 -0.988630
vn 0.000000 -0.150366 -0.988630
vn 0.000000 -0.150366 -0.988630
vn 0.000000 -0.150366 -0.988630
vn 0.000000 -0.297314 -0.954780
vn 0.000000 -0.297314 -0.954780
vn 0.000000 -0.297314 -0.954780
vn 0.000000 -0.297314 -0.954780
vn 0.000000 -0.150366 -0.988630
vn 0.000000 -0.150366 -0.988630
vn 0.000000 -0.150366 -0.988630
vn 0.000000 -0.150366 -0.988630
vn 0.000000 -0.297314 -0.954780
vn 0.000000 -0.297314 -0.954780
vn 0.000000 -0.437500 -0.899218
vn 0.000000 -0.297314 -0.954780
vn 0.000000 -0.297314 -0.954780
vn 0.000000 -0.297314 -0.954780
vn 0.000000 -0.297314 -0.954780
vn 0.000000 -0.297314 -0.954780
vn 0.000000 -0.297314 -0.954780
vn 0.000000 -0.150366 -0.988630
vn 0.000000 -0.150366 -0.988630
vn 0.000000 -0.150366 -0.988630
vn 0.000000 -0.150366 -0.988630
vn 0.000000 -0.297314 -0.954780
vn 0.000000 -0.297314 -0.954780
vn 0.000000 -0.297314 -0.954780
vn 0.000000 -0.297314 -0.954780
vn 0.000000 -0.150366 -0.988630
vn 0.000000 -0.150366 -0.988630
vn 0.000000 -0.150366 -0.988630
vn 0.000000 -0.150366 -0.988630
vn 0.000000 -0.297314 -0.954780
vn 0.000000 -0.297314 -0.954780
vn 0.000000 -0.297314 -0.954780
vn 0.000000 -0.297314 -0.954780
vn 0.000000 -0.150366 -0.988630
vn 0.000000 -0.150366 -0.988630
vn 0.000000 -0.150366 -0.988630
vn 0.000000 -0.150366 -0.988630
vn 0.000000 -0.297314 -0.954780
vn 0.000000 -0.297314 -0.954780
vn 0.000000 -0.297314 -0.954780
vn 0.000000 -0.297314 -0.954780
vn 0.000000 -0.150366 -0.988630
vn 0.000000 -0.150366 -0.988630
vn 0.000000 -0.150366 -0.988630
vn 0.000000 -0.150366 -0.988630
vn 0.000000 -0.297314 -0.954780
vn 0.000000 -0.150366 -0.988630
vn 0.000000 -0.297314 -0.954780
vn 0.000000 -0.150366 -0.988630
vn 0.000000 -0.297314 -0.954780
vn 0.000000 -0.150366 -0.988630
vn 0.000000 -0.297314 -0.954780
vn 0.000000 -0.150366 -0.988630
vn 0.000000 -0.297314 -0.954780
vn 0.000000 -0.150366 -0.988630
vn 0.000000 -0.297314 -0.954780
vn 0.000000 -0.150366 -0.988630
vn 0.000000 -0.297314 -0.954780
vn 0.000000 -0.150366 -0.988630
vn 0.000000 -0.297314 -0.954780
vn 0.000000 -0.150366 -0.988630
vn 0.000000 -0.107424 -0.994213
vn 0.000000 -0.107424 -0.994213
vn 0.000000 -0.107424 -0.994213
vn 0.000000 -0.107424 -0.994213
vn 0.000000 -0.276571 -0.960993
vn 0.000000 -0.276571 -0.960993
vn 0.000000 -0.437500 -0.899218
vn 0.000000 -0.276571 -0.960993
vn 0.000000 -0.276571 -0.960993
vn 0.000000 -0.107424 -0.994213
vn 0.000000 -0.107424 -0.994213
vn 0.000000 -0.107424 -0.994213
vn 0.000000 -0.107424 -0.994213
vn 0.000000 -0.276571 -0.960993
vn 0.000000 -0.276571 -0.960993
vn 0.000000 -0.276571 -0.960993
vn 0.000000 -0.276571 -0.960993
vn 0.000000 -0.107424 -0.994213
vn 0.000000 -0.107424 -0.994213
vn 0.000000 -0.107424 -0.994213
vn 0.000000 -0.107424 -0.994213
vn 0.000000 -0.276571 -0.960993
vn 0.000000 -0.276571 -0.960993
vn 0.000000 -0.276571 -0.960993
vn 0.000000 -0.276571 -0.960993
vn 0.000000 -0.107424 -0.994213
vn 0.000000 -0.107424 -0.994213
vn 0.000000 -0.107424 -0.994213
vn 0.000000 -0.107424 -0.994213
vn 0.000000 -0.107424 -0.994213
vn 0.000000 -0.276571 -0.960993
vn 0.000000 -0.276571 -0.960993
vn 0.000000 -0.437500 -0.899218
vn 0.000000 -0.276571 -0.960993
vn 0.000000 -0.276571 -0.960993
vn 0.000000 -0.107424 -0.994213
vn 0.000000 -0.107424 -0.994213
vn 0.000000 -0.107424 -0.994213
vn 0.000000 -0.107424 -0.994213
vn 0.000000 -0.276571 -0.960993
vn 0.000000 -0.276571 -0.960993
vn 0.000000 -0.276571 -0.960993
vn 0.000000 -0.276571 -0.960993
vn 0.000000 -0.107424 -0.994213
vn 0.000000 -0.107424 -0.994213
vn 0.000000 -0.107424 -0.994213
vn 0.000000 -0.107424 -0.994213
vn 0.000000 -0.276571 -0.960993
vn 0.000000 -0.276571 -0.960993
vn 0.000000 -0.276571 -0.960993
vn 0.000000 -0.276571 -0.960993
vn 0.000000 -0.107424 -0.994213
vn 0.000000 -0.107424 -0.994213
vn 0.000000 -0.107424 -0.994213
vn 0.000000 -0.107424 -0.994213
vn 0.000000 -0.276571 -0.960993
vn 0.000000 -0.276571 -0.960993
vn 0.000000 -0.276571 -0.960993
vn 0.000000 -0.276571 -0.960993
vn 0.000000 -0.276571 -0.960993
vn 0.000000 -0.276571 -0.960993
vn 0.000000 -0.276571 -0.960993
vn 0.000000 -0.107424 -0.994213
vn 0.000000 -0.276571 -0.960993
vn 0.000000 -0.107424 -0.994213
vn 0.000000 -0.276571 -0.960993
vn 0.000000 -0.107424 -0.994213
vn 0.000000 -0.107424 -0.994213
vn 0.000000 -0.276571 -0.960993
vn 0.000000 -0.107424 -0.994213
vn 0.000000 -0.276571 -0.960993
vn 0.000000 -0.107424 -0.994213
usemtl Steel_-_Satin
f 2/1/1 13/2/2 1/3/3
f 1/3/3 13/2/2 14/4/4
f 1/3/3 14/4/4 15/5/5
f 15/5/5 14/4/4 23/6/6
f 15/5/5 23/6/6 24/7/7
f 24/7/7 23/6/6 32/8/8
f 24/7/7 32/8/8 33/9/9
f 33/9/9 32/8/8 41/10/10
f 33/9/9 41/10/10 42/11/11
f 42/11/11 41/10/10 7/12/12
f 42/11/11 7/12/12 43/13/13
f 43/13/13 7/12/12 44/14/14
f 43/13/13 44/14/14 35/15/15
f 35/15/15 44/14/14 36/16/16
f 35/15/15 36/16/16 27/17/17
f 27/17/17 36/16/16 28/18/18
f 27/17/17 28/18/18 19/19/19
f 19/19/19 28/18/18 20/20/20
f 19/19/19 20/20/20 12/21/21
f 12/21/21 20/20/20 11/22/22
f 11/22/22 20/20/20 10/23/23
f 10/23/23 20/20/20 28/18/18
f 10/23/23 28/18/18 9/24/24
f 9/24/24 28/18/18 36/16/16
f 9/24/24 36/16/16 8/25/25
f 8/25/25 36/16/16 44/14/14
f 8/25/25 44/14/14 7/12/12
f 13/2/2 2/1/1 21/26/26
f 21/26/26 2/1/1 3/27/27
f 21/26/26 3/27/27 29/28/28
f 29/28/28 3/27/27 4/29/29
f 29/28/28 4/29/29 37/30/30
f 37/30/30 4/29/29 5/31/31
f 37/30/30 5/31/31 6/32/32
f 7/12/12 40/33/33 6/32/32
f 6/32/32 40/33/33 39/34/34
f 6/32/32 39/34/34 38/35/35
f 38/35/35 39/34/34 30/36/36
f 38/35/35 30/36/36 29/28/28
f 29/28/28 30/36/36 21/26/26
f 1/3/3 17/37/37 12/21/21
f 12/21/21 17/37/37 18/38/38
f 12/21/21 18/38/38 19/19/19
f 19/19/19 18/38/38 27/17/17
f 14/4/4 13/2/2 22/39/39
f 22/39/39 13/2/2 21/26/26
f 22/39/39 21/26/26 30/36/36
f 17/37/37 1/3/3 16/40/40
f 16/40/40 1/3/3 15/5/5
f 16/40/40 15/5/5 24/7/7
f 17/37/37 16/40/40 25/41/41
f 25/41/41 16/40/40 24/7/7
f 25/41/41 24/7/7 33/9/9
f 18/38/38 17/37/37 26/42/42
f 26/42/42 17/37/37 25/41/41
f 26/42/42 25/41/41 34/43/43
f 34/43/43 25/41/41 33/9/9
f 34/43/43 33/9/9 42/11/11
f 14/4/4 22/39/39 23/6/6
f 23/6/6 22/39/39 31/44/44
f 23/6/6 31/44/44 32/8/8
f 32/8/8 31/44/44 40/33/33
f 32/8/8 40/33/33 41/10/10
f 41/10/10 40/33/33 7/12/12
f 31/44/44 22/39/39 30/36/36
f 35/15/15 27/17/17 26/42/42
f 26/42/42 27/17/17 18/38/38
f 35/15/15 26/42/42 34/43/43
f 38/35/35 29/28/28 37/30/30
f 40/33/33 31/44/44 39/34/34
f 39/34/34 31/44/44 30/36/36
f 43/13/13 35/15/15 34/43/43
f 43/13/13 34/43/43 42/11/11
f 6/32/32 38/35/35 37/30/30
f 6/45/32 45/46/45 7/47/12
f 7/47/12 45/46/45 46/48/46
f 45/49/47 6/50/48 401/51/49
f 401/51/49 6/50/48 5/52/50
f 401/51/49 5/52/50 4/53/51
f 4/53/51 3/54/52 401/51/49
f 401/51/49 3/54/52 2/55/53
f 401/51/49 2/55/53 1/56/54
f 401/51/49 1/56/54 400/57/55
f 400/57/55 1/56/54 47/58/56
f 400/57/55 47/58/56 399/59/57
f 399/59/57 47/58/56 48/60/58
f 399/59/57 48/60/58 398/61/59
f 398/61/59 48/60/58 49/62/60
f 398/61/59 49/62/60 397/63/61
f 397/63/61 49/62/60 50/64/62
f 397/63/61 50/64/62 396/65/63
f 396/65/63 50/64/62 51/66/64
f 396/65/63 51/66/64 395/67/65
f 395/67/65 51/66/64 52/68/66
f 395/67/65 52/68/66 394/69/67
f 394/69/67 52/68/66 53/70/68
f 394/69/67 53/70/68 393/71/69
f 393/71/69 53/70/68 54/72/70
f 393/71/69 54/72/70 55/73/71
f 393/71/69 55/73/71 392/74/72
f 392/74/72 55/73/71 56/75/73
f 392/74/72 56/75/73 57/76/74
f 392/74/72 57/76/74 391/77/75
f 391/77/75 57/76/74 58/78/76
f 391/77/75 58/78/76 65/79/77
f 65/79/77 58/78/76 61/80/78
f 65/79/77 61/80/78 62/81/79
f 58/78/76 59/82/80 61/80/78
f 61/80/78 59/82/80 60/83/81
f 62/81/79 63/84/82 65/79/77
f 65/79/77 63/84/82 64/85/83
f 391/77/75 65/79/77 390/86/84
f 390/86/84 65/79/77 66/87/85
f 390/86/84 66/87/85 67/88/86
f 390/86/84 67/88/86 389/89/87
f 389/89/87 67/88/86 68/90/88
f 389/89/87 68/90/88 69/91/89
f 389/89/87 69/91/89 388/92/90
f 388/92/90 69/91/89 70/93/91
f 388/92/90 70/93/91 387/94/92
f 387/94/92 70/93/91 71/95/93
f 387/94/92 71/95/93 386/96/94
f 386/96/94 71/95/93 72/97/95
f 386/96/94 72/97/95 385/98/96
f 385/98/96 72/97/95 73/99/97
f 385/98/96 73/99/97 384/100/98
f 384/100/98 73/99/97 74/101/99
f 384/100/98 74/101/99 383/102/100
f 383/102/100 74/101/99 75/103/101
f 383/102/100 75/103/101 382/104/102
f 382/104/102 75/103/101 76/105/103
f 382/104/102 76/105/103 381/106/104
f 381/106/104 76/105/103 77/107/105
f 381/106/104 77/107/105 380/108/106
f 380/108/106 77/107/105 78/109/107
f 380/108/106 78/109/107 379/110/108
f 379/110/108 78/109/107 79/111/109
f 379/110/108 79/111/109 378/112/110
f 378/112/110 79/111/109 80/113/111
f 378/112/110 80/113/111 377/114/112
f 377/114/112 80/113/111 81/115/113
f 377/114/112 81/115/113 376/116/114
f 376/116/114 81/115/113 82/117/115
f 376/116/114 82/117/115 375/118/116
f 375/118/116 82/117/115 83/119/117
f 375/118/116 83/119/117 84/120/118
f 84/120/118 85/121/119 375/118/116
f 375/118/116 85/121/119 374/122/120
f 374/122/120 85/121/119 86/123/121
f 374/122/120 86/123/121 87/124/122
f 88/125/123 89/126/124 87/124/122
f 87/124/122 89/126/124 90/127/125
f 87/124/122 90/127/125 91/128/126
f 92/129/127 93/130/128 91/128/126
f 91/128/126 93/130/128 94/131/129
f 91/128/126 94/131/129 87/124/122
f 87/124/122 94/131/129 373/132/130
f 87/124/122 373/132/130 374/122/120
f 94/131/129 95/133/131 373/132/130
f 373/132/130 95/133/131 372/134/132
f 372/134/132 95/133/131 96/135/133
f 372/134/132 96/135/133 97/136/134
f 372/134/132 97/136/134 371/137/135
f 371/137/135 97/136/134 98/138/136
f 371/137/135 98/138/136 99/139/137
f 371/137/135 99/139/137 370/140/138
f 370/140/138 99/139/137 100/141/139
f 370/140/138 100/141/139 369/142/140
f 369/142/140 100/141/139 101/143/141
f 369/142/140 101/143/141 368/144/142
f 368/144/142 101/143/141 102/145/143
f 368/144/142 102/145/143 367/146/144
f 367/146/144 102/145/143 103/147/145
f 367/146/144 103/147/145 366/148/146
f 366/148/146 103/147/145 104/149/147
f 366/148/146 104/149/147 365/150/148
f 365/150/148 104/149/147 105/151/149
f 365/150/148 105/151/149 364/152/150
f 364/152/150 105/151/149 106/153/151
f 364/152/150 106/153/151 363/154/152
f 363/154/152 106/153/151 107/155/153
f 363/154/152 107/155/153 362/156/154
f 362/156/154 107/155/153 108/157/155
f 362/156/154 108/157/155 361/158/156
f 361/158/156 108/157/155 109/159/157
f 361/158/156 109/159/157 360/160/158
f 360/160/158 109/159/157 110/161/159
f 360/160/158 110/161/159 359/162/160
f 359/162/160 110/161/159 111/163/161
f 359/162/160 111/163/161 358/164/162
f 358/164/162 111/163/161 112/165/163
f 358/164/162 112/165/163 357/166/164
f 357/166/164 112/165/163 113/167/165
f 357/166/164 113/167/165 114/168/166
f 357/166/164 114/168/166 356/169/167
f 356/169/167 114/168/166 115/170/168
f 356/169/167 115/170/168 355/171/169
f 355/171/169 115/170/168 116/172/170
f 355/171/169 116/172/170 123/173/171
f 123/173/171 116/172/170 120/174/172
f 123/173/171 120/174/172 122/175/173
f 122/175/173 120/174/172 121/176/174
f 117/177/175 118/178/176 116/172/170
f 116/172/170 118/178/176 119/179/177
f 116/172/170 119/179/177 120/174/172
f 123/173/171 124/180/178 355/171/169
f 355/171/169 124/180/178 354/181/179
f 354/181/179 124/180/178 125/182/180
f 354/181/179 125/182/180 126/183/181
f 126/183/181 127/184/182 354/181/179
f 354/181/179 127/184/182 353/185/183
f 353/185/183 127/184/182 128/186/184
f 353/185/183 128/186/184 352/187/185
f 352/187/185 128/186/184 129/188/186
f 352/187/185 129/188/186 351/189/187
f 351/189/187 129/188/186 130/190/188
f 351/189/187 130/190/188 350/191/189
f 350/191/189 130/190/188 131/192/190
f 350/191/189 131/192/190 349/193/191
f 349/193/191 131/192/190 132/194/192
f 349/193/191 132/194/192 348/195/193
f 348/195/193 132/194/192 133/196/194
f 348/195/193 133/196/194 347/197/195
f 347/197/195 133/196/194 134/198/196
f 347/197/195 134/198/196 346/199/197
f 346/199/197 134/198/196 345/200/198
f 345/200/198 134/198/196 135/201/199
f 345/200/198 135/201/199 344/202/200
f 344/202/200 135/201/199 136/203/201
f 344/202/200 136/203/201 343/204/202
f 343/204/202 136/203/201 137/205/203
f 343/204/202 137/205/203 342/206/204
f 342/206/204 137/205/203 138/207/205
f 342/206/204 138/207/205 341/208/206
f 341/208/206 138/207/205 139/209/207
f 341/208/206 139/209/207 340/210/208
f 340/210/208 139/209/207 140/211/209
f 340/210/208 140/211/209 339/212/210
f 339/212/210 140/211/209 141/213/211
f 339/212/210 141/213/211 338/214/212
f 338/214/212 141/213/211 142/215/213
f 338/214/212 142/215/213 143/216/214
f 338/214/212 143/216/214 337/217/215
f 337/217/215 143/216/214 144/218/216
f 337/217/215 144/218/216 152/219/217
f 152/219/217 144/218/216 145/220/218
f 152/219/217 145/220/218 149/221/219
f 149/221/219 145/220/218 148/222/220
f 148/222/220 145/220/218 146/223/221
f 148/222/220 146/223/221 147/224/222
f 150/225/223 151/226/224 149/221/219
f 149/221/219 151/226/224 152/219/217
f 152/219/217 153/227/225 337/217/215
f 337/217/215 153/227/225 336/228/226
f 336/228/226 153/227/225 154/229/227
f 336/228/226 154/229/227 335/230/228
f 335/230/228 154/229/227 155/231/229
f 335/230/228 155/231/229 156/232/230
f 335/230/228 156/232/230 334/233/231
f 334/233/231 156/232/230 157/234/232
f 334/233/231 157/234/232 333/235/233
f 333/235/233 157/234/232 158/236/234
f 333/235/233 158/236/234 332/237/235
f 332/237/235 158/236/234 159/238/236
f 332/237/235 159/238/236 331/239/237
f 331/239/237 159/238/236 160/240/238
f 331/239/237 160/240/238 330/241/239
f 330/241/239 160/240/238 161/242/240
f 330/241/239 161/242/240 329/243/241
f 329/243/241 161/242/240 162/244/242
f 329/243/241 162/244/242 328/245/243
f 328/245/243 162/244/242 163/246/244
f 328/245/243 163/246/244 327/247/245
f 327/247/245 163/246/244 326/248/246
f 326/248/246 163/246/244 164/249/247
f 326/248/246 164/249/247 325/250/248
f 325/250/248 164/249/247 165/251/249
f 325/250/248 165/251/249 324/252/250
f 324/252/250 165/251/249 166/253/251
f 324/252/250 166/253/251 323/254/252
f 323/254/252 166/253/251 167/255/253
f 323/254/252 167/255/253 322/256/254
f 322/256/254 167/255/253 168/257/255
f 322/256/254 168/257/255 321/258/256
f 321/258/256 168/257/255 169/259/257
f 321/258/256 169/259/257 320/260/258
f 320/260/258 169/259/257 170/261/259
f 320/260/258 170/261/259 319/262/260
f 319/262/260 170/261/259 171/263/261
f 319/262/260 171/263/261 172/264/262
f 172/264/262 173/265/263 319/262/260
f 319/262/260 173/265/263 318/266/264
f 318/266/264 173/265/263 174/267/265
f 318/266/264 174/267/265 181/268/266
f 181/268/266 174/267/265 177/269/267
f 181/268/266 177/269/267 178/270/268
f 174/267/265 175/271/269 177/269/267
f 177/269/267 175/271/269 176/272/270
f 178/270/268 179/273/271 181/268/266
f 181/268/266 179/273/271 180/274/272
f 181/268/266 182/275/273 318/266/264
f 318/266/264 182/275/273 317/276/274
f 317/276/274 182/275/273 183/277/275
f 317/276/274 183/277/275 316/278/276
f 316/278/276 183/277/275 184/279/277
f 316/278/276 184/279/277 185/280/278
f 316/278/276 185/280/278 315/281/279
f 315/281/279 185/280/278 186/282/280
f 315/281/279 186/282/280 314/283/281
f 314/283/281 186/282/280 187/284/282
f 314/283/281 187/284/282 313/285/283
f 313/285/283 187/284/282 188/286/284
f 313/285/283 188/286/284 312/287/285
f 312/287/285 188/286/284 189/288/286
f 312/287/285 189/288/286 311/289/287
f 311/289/287 189/288/286 190/290/288
f 311/289/287 190/290/288 310/291/289
f 310/291/289 190/290/288 191/292/290
f 310/291/289 191/292/290 309/293/291
f 309/293/291 191/292/290 192/294/292
f 309/293/291 192/294/292 308/295/293
f 308/295/293 192/294/292 193/296/294
f 308/295/293 193/296/294 307/297/295
f 307/297/295 193/296/294 194/298/296
f 307/297/295 194/298/296 306/299/297
f 306/299/297 194/298/296 195/300/298
f 306/299/297 195/300/298 305/301/299
f 305/301/299 195/300/298 196/302/300
f 305/301/299 196/302/300 304/303/301
f 304/303/301 196/302/300 197/304/302
f 304/303/301 197/304/302 303/305/303
f 303/305/303 197/304/302 198/306/304
f 303/305/303 198/306/304 302/307/305
f 302/307/305 198/306/304 199/308/306
f 302/307/305 199/308/306 200/309/307
f 302/307/305 200/309/307 301/310/308
f 301/310/308 200/309/307 201/311/309
f 301/310/308 201/311/309 202/312/310
f 301/310/308 202/312/310 300/313/311
f 300/313/311 202/312/310 203/314/312
f 300/313/311 203/314/312 210/315/313
f 210/315/313 203/314/312 206/316/314
f 210/315/313 206/316/314 207/317/315
f 203/314/312 204/318/316 206/316/314
f 206/316/314 204/318/316 205/319/317
f 207/317/315 208/320/318 210/315/313
f 210/315/313 208/320/318 209/321/319
f 300/313/311 210/315/313 299/322/320
f 299/322/320 210/315/313 211/323/321
f 299/322/320 211/323/321 212/324/322
f 299/322/320 212/324/322 298/325/323
f 298/325/323 212/324/322 213/326/324
f 298/325/323 213/326/324 214/327/325
f 214/327/325 215/328/326 298/325/323
f 298/325/323 215/328/326 297/329/327
f 297/329/327 215/328/326 216/330/328
f 297/329/327 216/330/328 296/331/329
f 296/331/329 216/330/328 217/332/330
f 296/331/329 217/332/330 295/333/331
f 295/333/331 217/332/330 218/334/332
f 295/333/331 218/334/332 294/335/333
f 294/335/333 218/334/332 219/336/334
f 294/335/333 219/336/334 293/337/335
f 293/337/335 219/336/334 220/338/336
f 293/337/335 220/338/336 292/339/337
f 292/339/337 220/338/336 221/340/338
f 292/339/337 221/340/338 291/341/339
f 291/341/339 221/340/338 222/342/340
f 291/341/339 222/342/340 290/343/341
f 290/343/341 222/342/340 223/344/342
f 290/343/341 223/344/342 289/345/343
f 289/345/343 223/344/342 224/346/344
f 289/345/343 224/346/344 288/347/345
f 288/347/345 224/346/344 225/348/346
f 288/347/345 225/348/346 287/349/347
f 287/349/347 225/348/346 226/350/348
f 287/349/347 226/350/348 286/351/349
f 286/351/349 226/350/348 227/352/350
f 286/351/349 227/352/350 285/353/351
f 285/353/351 227/352/350 228/354/352
f 285/353/351 228/354/352 284/355/353
f 284/355/353 228/354/352 229/356/354
f 284/355/353 229/356/354 230/357/355
f 284/355/353 230/357/355 283/358/356
f 283/358/356 230/357/355 231/359/357
f 283/358/356 231/359/357 232/360/358
f 233/361/359 234/362/360 232/360/358
f 232/360/358 234/362/360 235/363/361
f 232/360/358 235/363/361 236/364/362
f 237/365/363 238/366/364 236/364/362
f 236/364/362 238/366/364 239/367/365
f 236/364/362 239/367/365 232/360/358
f 232/360/358 239/367/365 282/368/366
f 232/360/358 282/368/366 283/358/356
f 239/367/365 240/369/367 282/368/366
f 282/368/366 240/369/367 281/370/368
f 281/370/368 240/369/367 241/371/369
f 281/370/368 241/371/369 242/372/370
f 281/370/368 242/372/370 280/373/371
f 280/373/371 242/372/370 243/374/372
f 280/373/371 243/374/372 244/375/373
f 280/373/371 244/375/373 279/376/374
f 279/376/374 244/375/373 245/377/375
f 279/376/374 245/377/375 278/378/376
f 278/378/376 245/377/375 246/379/377
f 278/378/376 246/379/377 277/380/378
f 277/380/378 246/379/377 247/381/379
f 277/380/378 247/381/379 276/382/380
f 276/382/380 247/381/379 248/383/381
f 276/382/380 248/383/381 275/384/382
f 275/384/382 248/383/381 249/385/383
f 275/384/382 249/385/383 274/386/384
f 274/386/384 249/385/383 250/387/385
f 274/386/384 250/387/385 273/388/386
f 273/388/386 250/387/385 251/389/387
f 273/388/386 251/389/387 272/390/388
f 272/390/388 251/389/387 252/391/389
f 272/390/388 252/391/389 253/392/390
f 253/392/390 254/393/391 272/390/388
f 272/390/388 254/393/391 255/394/392
f 272/390/388 255/394/392 256/395/393
f 256/395/393 257/396/394 272/390/388
f 272/390/388 257/396/394 271/397/395
f 271/397/395 257/396/394 258/398/396
f 271/397/395 258/398/396 259/399/397
f 259/399/397 260/400/398 271/397/395
f 271/397/395 260/400/398 261/401/399
f 271/397/395 261/401/399 270/402/400
f 270/402/400 261/401/399 262/403/401
f 270/402/400 262/403/401 269/404/402
f 269/404/402 262/403/401 263/405/403
f 269/404/402 263/405/403 268/406/404
f 268/406/404 263/405/403 264/407/405
f 268/406/404 264/407/405 267/408/406
f 267/408/406 264/407/405 265/409/407
f 267/408/406 265/409/407 266/410/408
f 401/51/49 402/411/409 45/49/47
f 45/49/47 402/411/409 415/412/410
f 415/412/410 402/411/409 414/413/411
f 414/413/411 402/411/409 413/414/412
f 413/414/412 402/411/409 412/415/413
f 412/415/413 402/411/409 403/416/414
f 412/415/413 403/416/414 411/417/415
f 411/417/415 403/416/414 404/418/416
f 411/417/415 404/418/416 410/419/417
f 410/419/417 404/418/416 405/420/418
f 410/419/417 405/420/418 409/421/419
f 409/421/419 405/420/418 406/422/420
f 409/421/419 406/422/420 408/423/421
f 408/423/421 406/422/420 407/424/422
f 417/425/423 422/426/424 416/427/425
f 416/427/425 422/426/424 423/428/426
f 416/427/425 423/428/426 424/429/427
f 424/429/427 423/428/426 432/430/428
f 424/429/427 432/430/428 433/431/429
f 433/431/429 432/430/428 441/432/430
f 433/431/429 441/432/430 442/433/431
f 442/433/431 441/432/430 450/434/432
f 442/433/431 450/434/432 451/435/433
f 451/435/433 450/434/432 256/436/434
f 451/435/433 256/436/434 452/437/435
f 452/437/435 256/436/434 453/438/436
f 452/437/435 453/438/436 444/439/437
f 444/439/437 453/438/436 445/440/438
f 444/439/437 445/440/438 436/441/439
f 436/441/439 445/440/438 437/442/440
f 436/441/439 437/442/440 428/443/441
f 428/443/441 437/442/440 429/444/442
f 428/443/441 429/444/442 251/445/443
f 251/445/443 429/444/442 252/446/444
f 252/446/444 429/444/442 253/447/445
f 253/447/445 429/444/442 437/442/440
f 253/447/445 437/442/440 254/448/446
f 254/448/446 437/442/440 445/440/438
f 254/448/446 445/440/438 255/449/447
f 255/449/447 445/440/438 453/438/436
f 255/449/447 453/438/436 256/436/434
f 422/426/424 417/425/423 430/450/448
f 430/450/448 417/425/423 418/451/449
f 430/450/448 418/451/449 438/452/450
f 438/452/450 418/451/449 419/453/451
f 438/452/450 419/453/451 446/454/452
f 446/454/452 419/453/451 420/455/453
f 446/454/452 420/455/453 421/456/454
f 256/436/434 449/457/455 421/456/454
f 421/456/454 449/457/455 448/458/456
f 421/456/454 448/458/456 447/459/457
f 447/459/457 448/458/456 439/460/458
f 447/459/457 439/460/458 438/452/450
f 438/452/450 439/460/458 430/450/448
f 416/427/425 426/461/459 251/445/443
f 251/445/443 426/461/459 427/462/460
f 251/445/443 427/462/460 428/443/441
f 428/443/441 427/462/460 436/441/439
f 423/428/426 422/426/424 431/463/461
f 431/463/461 422/426/424 430/450/448
f 431/463/461 430/450/448 439/460/458
f 426/461/459 416/427/425 425/464/462
f 425/464/462 416/427/425 424/429/427
f 425/464/462 424/429/427 433/431/429
f 426/461/459 425/464/462 434/465/463
f 434/465/463 425/464/462 433/431/429
f 434/465/463 433/431/429 442/433/431
f 427/462/460 426/461/459 435/466/464
f 435/466/464 426/461/459 434/465/463
f 435/466/464 434/465/463 443/467/465
f 443/467/465 434/465/463 442/433/431
f 443/467/465 442/433/431 451/435/433
f 423/428/426 431/463/461 432/430/428
f 432/430/428 431/463/461 440/468/466
f 432/430/428 440/468/466 441/432/430
f 441/432/430 440/468/466 449/457/455
f 441/432/430 449/457/455 450/434/432
f 450/434/432 449/457/455 256/436/434
f 440/468/466 431/463/461 439/460/458
f 444/439/437 436/441/439 435/466/464
f 435/466/464 436/441/439 427/462/460
f 444/439/437 435/466/464 443/467/465
f 447/459/457 438/452/450 446/454/452
f 449/457/455 440/468/466 448/458/456
f 448/458/456 440/468/466 439/460/458
f 452/437/435 444/439/437 443/467/465
f 452/437/435 443/467/465 451/435/433
f 421/456/454 447/459/457 446/454/452
f 461/469/467 416/470/425 463/471/468
f 463/471/468 416/470/425 251/472/443
f 463/471/468 251/472/443 462/473/469
f 462/473/469 251/472/443 250/474/470
f 462/473/469 250/474/470 464/475/471
f 464/475/471 250/474/470 249/476/472
f 464/475/471 249/476/472 466/477/473
f 466/477/473 249/476/472 248/478/474
f 466/477/473 248/478/474 468/479/475
f 468/479/475 248/478/474 247/480/476
f 468/479/475 247/480/476 470/481/477
f 470/481/477 247/480/476 246/482/478
f 470/481/477 246/482/478 472/483/479
f 472/483/479 246/482/478 245/484/480
f 472/483/479 245/484/480 474/485/481
f 474/485/481 245/484/480 244/486/482
f 474/485/481 244/486/482 243/487/483
f 243/487/483 454/488/484 474/485/481
f 474/485/481 454/488/484 475/489/485
f 474/485/481 475/489/485 472/483/479
f 472/483/479 475/489/485 473/490/486
f 472/483/479 473/490/486 470/481/477
f 470/481/477 473/490/486 471/491/487
f 470/481/477 471/491/487 468/479/475
f 468/479/475 471/491/487 469/492/488
f 468/479/475 469/492/488 466/477/473
f 466/477/473 469/492/488 467/493/489
f 466/477/473 467/493/489 464/475/471
f 464/475/471 467/493/489 465/494/490
f 464/475/471 465/494/490 462/473/469
f 462/473/469 465/494/490 463/471/468
f 454/488/484 455/495/491 475/489/485
f 475/489/485 455/495/491 473/490/486
f 455/495/491 456/496/492 473/490/486
f 473/490/486 456/496/492 471/491/487
f 456/496/492 457/497/493 471/491/487
f 471/491/487 457/497/493 469/492/488
f 457/497/493 458/498/494 469/492/488
f 469/492/488 458/498/494 467/493/489
f 458/498/494 459/499/495 467/493/489
f 467/493/489 459/499/495 465/494/490
f 459/499/495 460/500/496 465/494/490
f 465/494/490 460/500/496 463/471/468
f 460/500/496 461/469/467 463/471/468
f 477/501/497 491/502/498 476/503/499
f 476/503/499 491/502/498 492/504/500
f 476/503/499 492/504/500 493/505/501
f 493/505/501 492/504/500 503/506/502
f 493/505/501 503/506/502 504/507/503
f 504/507/503 503/506/502 514/508/504
f 504/507/503 514/508/504 515/509/505
f 515/509/505 514/508/504 525/510/506
f 515/509/505 525/510/506 526/511/507
f 526/511/507 525/510/506 536/512/508
f 526/511/507 536/512/508 537/513/509
f 537/513/509 536/512/508 547/514/510
f 537/513/509 547/514/510 548/515/511
f 548/515/511 547/514/510 558/516/512
f 548/515/511 558/516/512 559/517/513
f 559/517/513 558/516/512 569/518/514
f 559/517/513 569/518/514 570/519/515
f 570/519/515 569/518/514 580/520/516
f 570/519/515 580/520/516 266/521/517
f 266/521/517 580/520/516 267/522/518
f 267/522/518 580/520/516 590/523/519
f 267/522/518 590/523/519 268/524/520
f 268/524/520 590/523/519 600/525/521
f 268/524/520 600/525/521 269/526/522
f 269/526/522 600/525/521 610/527/523
f 269/526/522 610/527/523 270/528/524
f 270/528/524 610/527/523 620/529/525
f 270/528/524 620/529/525 271/530/526
f 271/530/526 620/529/525 619/531/527
f 271/530/526 619/531/527 618/532/528
f 618/532/528 619/531/527 608/533/529
f 618/532/528 608/533/529 607/534/530
f 607/534/530 608/533/529 597/535/531
f 607/534/530 597/535/531 596/536/532
f 596/536/532 597/535/531 586/537/533
f 596/536/532 586/537/533 585/538/534
f 585/538/534 586/537/533 575/539/535
f 585/538/534 575/539/535 574/540/536
f 574/540/536 575/539/535 564/541/537
f 574/540/536 564/541/537 563/542/538
f 563/542/538 564/541/537 553/543/539
f 563/542/538 553/543/539 552/544/540
f 552/544/540 553/543/539 542/545/541
f 552/544/540 542/545/541 541/546/542
f 541/546/542 542/545/541 531/547/543
f 541/546/542 531/547/543 481/548/544
f 481/548/544 531/547/543 480/549/545
f 480/549/545 531/547/543 521/550/546
f 480/549/545 521/550/546 479/551/547
f 479/551/547 521/550/546 511/552/548
f 479/551/547 511/552/548 478/553/549
f 478/553/549 511/552/548 501/554/550
f 478/553/549 501/554/550 477/501/497
f 477/501/497 501/554/550 491/502/498
f 481/548/544 482/555/551 541/546/542
f 541/546/542 482/555/551 551/556/552
f 541/546/542 551/556/552 552/544/540
f 552/544/540 551/556/552 562/557/553
f 552/544/540 562/557/553 563/542/538
f 563/542/538 562/557/553 573/558/554
f 563/542/538 573/558/554 574/540/536
f 574/540/536 573/558/554 584/559/555
f 574/540/536 584/559/555 585/538/534
f 585/538/534 584/559/555 595/560/556
f 585/538/534 595/560/556 596/536/532
f 596/536/532 595/560/556 606/561/557
f 596/536/532 606/561/557 607/534/530
f 607/534/530 606/561/557 617/562/558
f 607/534/530 617/562/558 618/532/528
f 618/532/528 617/562/558 271/530/526
f 482/555/551 483/563/559 551/556/552
f 551/556/552 483/563/559 561/564/560
f 551/556/552 561/564/560 562/557/553
f 562/557/553 561/564/560 572/565/561
f 562/557/553 572/565/561 573/558/554
f 573/558/554 572/565/561 583/566/562
f 573/558/554 583/566/562 584/559/555
f 584/559/555 583/566/562 594/567/563
f 584/559/555 594/567/563 595/560/556
f 595/560/556 594/567/563 605/568/564
f 595/560/556 605/568/564 606/561/557
f 606/561/557 605/568/564 616/569/565
f 606/561/557 616/569/565 617/562/558
f 617/562/558 616/569/565 271/530/526
f 483/563/559 484/570/566 561/564/560
f 561/564/560 484/570/566 571/571/567
f 561/564/560 571/571/567 572/565/561
f 572/565/561 571/571/567 582/572/568
f 572/565/561 582/572/568 583/566/562
f 583/566/562 582/572/568 593/573/569
f 583/566/562 593/573/569 594/567/563
f 594/567/563 593/573/569 604/574/570
f 594/567/563 604/574/570 605/568/564
f 605/568/564 604/574/570 615/575/571
f 605/568/564 615/575/571 616/569/565
f 616/569/565 615/575/571 271/530/526
f 484/570/566 485/576/572 571/571/567
f 571/571/567 485/576/572 581/577/573
f 571/571/567 581/577/573 582/572/568
f 582/572/568 581/577/573 592/578/574
f 582/572/568 592/578/574 593/573/569
f 593/573/569 592/578/574 603/579/575
f 593/573/569 603/579/575 604/574/570
f 604/574/570 603/579/575 614/580/576
f 604/574/570 614/580/576 615/575/571
f 615/575/571 614/580/576 490/581/577
f 615/575/571 490/581/577 271/530/526
f 485/576/572 486/582/578 581/577/573
f 581/577/573 486/582/578 591/583/579
f 581/577/573 591/583/579 592/578/574
f 592/578/574 591/583/579 602/584/580
f 592/578/574 602/584/580 603/579/575
f 603/579/575 602/584/580 613/585/581
f 603/579/575 613/585/581 614/580/576
f 614/580/576 613/585/581 490/581/577
f 486/582/578 487/586/582 591/583/579
f 591/583/579 487/586/582 601/587/583
f 591/583/579 601/587/583 602/584/580
f 602/584/580 601/587/583 612/588/584
f 602/584/580 612/588/584 613/585/581
f 613/585/581 612/588/584 490/581/577
f 487/586/582 488/589/585 601/587/583
f 601/587/583 488/589/585 611/590/586
f 601/587/583 611/590/586 612/588/584
f 612/588/584 611/590/586 490/581/577
f 488/589/585 489/591/587 611/590/586
f 611/590/586 489/591/587 490/581/577
f 266/521/517 265/592/588 570/519/515
f 570/519/515 265/592/588 560/593/589
f 570/519/515 560/593/589 559/517/513
f 559/517/513 560/593/589 549/594/590
f 559/517/513 549/594/590 548/515/511
f 548/515/511 549/594/590 538/595/591
f 548/515/511 538/595/591 537/513/509
f 537/513/509 538/595/591 527/596/592
f 537/513/509 527/596/592 526/511/507
f 526/511/507 527/596/592 516/597/593
f 526/511/507 516/597/593 515/509/505
f 515/509/505 516/597/593 505/598/594
f 515/509/505 505/598/594 504/507/503
f 504/507/503 505/598/594 494/599/595
f 504/507/503 494/599/595 493/505/501
f 493/505/501 494/599/595 476/503/499
f 265/592/588 264/600/596 560/593/589
f 560/593/589 264/600/596 550/601/597
f 560/593/589 550/601/597 549/594/590
f 549/594/590 550/601/597 539/602/598
f 549/594/590 539/602/598 538/595/591
f 538/595/591 539/602/598 528/603/599
f 538/595/591 528/603/599 527/596/592
f 527/596/592 528/603/599 517/604/600
f 527/596/592 517/604/600 516/597/593
f 516/597/593 517/604/600 506/605/601
f 516/597/593 506/605/601 505/598/594
f 505/598/594 506/605/601 495/606/602
f 505/598/594 495/606/602 494/599/595
f 494/599/595 495/606/602 476/503/499
f 264/600/596 263/607/603 550/601/597
f 550/601/597 263/607/603 540/608/604
f 550/601/597 540/608/604 539/602/598
f 539/602/598 540/608/604 529/609/605
f 539/602/598 529/609/605 528/603/599
f 528/603/599 529/609/605 518/610/606
f 528/603/599 518/610/606 517/604/600
f 517/604/600 518/610/606 507/611/607
f 517/604/600 507/611/607 506/605/601
f 506/605/601 507/611/607 496/612/608
f 506/605/601 496/612/608 495/606/602
f 495/606/602 496/612/608 476/503/499
f 263/607/603 262/613/609 540/608/604
f 540/608/604 262/613/609 530/614/610
f 540/608/604 530/614/610 529/609/605
f 529/609/605 530/614/610 519/615/611
f 529/609/605 519/615/611 518/610/606
f 518/610/606 519/615/611 508/616/612
f 518/610/606 508/616/612 507/611/607
f 507/611/607 508/616/612 497/617/613
f 507/611/607 497/617/613 496/612/608
f 496/612/608 497/617/613 257/618/614
f 496/612/608 257/618/614 476/503/499
f 262/613/609 261/619/615 530/614/610
f 530/614/610 261/619/615 520/620/616
f 530/614/610 520/620/616 519/615/611
f 519/615/611 520/620/616 509/621/617
f 519/615/611 509/621/617 508/616/612
f 508/616/612 509/621/617 498/622/618
f 508/616/612 498/622/618 497/617/613
f 497/617/613 498/622/618 257/618/614
f 261/619/615 260/623/619 520/620/616
f 520/620/616 260/623/619 510/624/620
f 520/620/616 510/624/620 509/621/617
f 509/621/617 510/624/620 499/625/621
f 509/621/617 499/625/621 498/622/618
f 498/622/618 499/625/621 257/618/614
f 260/623/619 259/626/622 510/624/620
f 510/624/620 259/626/622 500/627/623
f 510/624/620 500/627/623 499/625/621
f 499/625/621 500/627/623 257/618/614
f 259/626/622 258/628/624 500/627/623
f 500/627/623 258/628/624 257/618/614
f 492/504/500 491/502/498 502/629/625
f 502/629/625 491/502/498 501/554/550
f 502/629/625 501/554/550 512/630/626
f 512/630/626 501/554/550 511/552/548
f 512/630/626 511/552/548 522/631/627
f 522/631/627 511/552/548 521/550/546
f 522/631/627 521/550/546 532/632/628
f 532/632/628 521/550/546 531/547/543
f 532/632/628 531/547/543 542/545/541
f 492/504/500 502/629/625 503/506/502
f 503/506/502 502/629/625 513/633/629
f 503/506/502 513/633/629 514/508/504
f 514/508/504 513/633/629 524/634/630
f 514/508/504 524/634/630 525/510/506
f 525/510/506 524/634/630 535/635/631
f 525/510/506 535/635/631 536/512/508
f 536/512/508 535/635/631 546/636/632
f 536/512/508 546/636/632 547/514/510
f 547/514/510 546/636/632 557/637/633
f 547/514/510 557/637/633 558/516/512
f 558/516/512 557/637/633 568/638/634
f 558/516/512 568/638/634 569/518/514
f 569/518/514 568/638/634 579/639/635
f 569/518/514 579/639/635 580/520/516
f 580/520/516 579/639/635 590/523/519
f 513/633/629 502/629/625 512/630/626
f 513/633/629 512/630/626 523/640/636
f 523/640/636 512/630/626 522/631/627
f 523/640/636 522/631/627 533/641/637
f 533/641/637 522/631/627 532/632/628
f 533/641/637 532/632/628 543/642/638
f 543/642/638 532/632/628 542/545/541
f 543/642/638 542/545/541 553/543/539
f 513/633/629 523/640/636 524/634/630
f 524/634/630 523/640/636 534/643/639
f 524/634/630 534/643/639 535/635/631
f 535/635/631 534/643/639 545/644/640
f 535/635/631 545/644/640 546/636/632
f 546/636/632 545/644/640 556/645/641
f 546/636/632 556/645/641 557/637/633
f 557/637/633 556/645/641 567/646/642
f 557/637/633 567/646/642 568/638/634
f 568/638/634 567/646/642 578/647/643
f 568/638/634 578/647/643 579/639/635
f 579/639/635 578/647/643 589/648/644
f 579/639/635 589/648/644 590/523/519
f 590/523/519 589/648/644 600/525/521
f 534/643/639 523/640/636 533/641/637
f 534/643/639 533/641/637 544/649/645
f 544/649/645 533/641/637 543/642/638
f 544/649/645 543/642/638 554/650/646
f 554/650/646 543/642/638 553/543/539
f 554/650/646 553/543/539 564/541/537
f 534/643/639 544/649/645 545/644/640
f 545/644/640 544/649/645 555/651/647
f 545/644/640 555/651/647 556/645/641
f 556/645/641 555/651/647 566/652/648
f 556/645/641 566/652/648 567/646/642
f 567/646/642 566/652/648 577/653/649
f 567/646/642 577/653/649 578/647/643
f 578/647/643 577/653/649 588/654/650
f 578/647/643 588/654/650 589/648/644
f 589/648/644 588/654/650 599/655/651
f 589/648/644 599/655/651 600/525/521
f 600/525/521 599/655/651 610/527/523
f 555/651/647 544/649/645 554/650/646
f 555/651/647 554/650/646 565/656/652
f 565/656/652 554/650/646 564/541/537
f 565/656/652 564/541/537 575/539/535
f 555/651/647 565/656/652 566/652/648
f 566/652/648 565/656/652 576/657/653
f 566/652/648 576/657/653 577/653/649
f 577/653/649 576/657/653 587/658/654
f 577/653/649 587/658/654 588/654/650
f 588/654/650 587/658/654 598/659/655
f 588/654/650 598/659/655 599/655/651
f 599/655/651 598/659/655 609/660/656
f 599/655/651 609/660/656 610/527/523
f 610/527/523 609/660/656 620/529/525
f 576/657/653 565/656/652 575/539/535
f 587/658/654 576/657/653 586/537/533
f 586/537/533 576/657/653 575/539/535
f 598/659/655 587/658/654 597/535/531
f 597/535/531 587/658/654 586/537/533
f 609/660/656 598/659/655 608/533/529
f 608/533/529 598/659/655 597/535/531
f 620/529/525 609/660/656 619/531/527
f 619/531/527 609/660/656 608/533/529
f 272/661/657 271/662/526 752/663/658
f 752/663/658 271/662/526 490/664/577
f 752/663/658 490/664/577 621/665/659
f 752/663/658 621/665/659 753/666/660
f 753/666/660 621/665/659 622/667/661
f 753/666/660 622/667/661 754/668/662
f 754/668/662 622/667/661 623/669/663
f 754/668/662 623/669/663 755/670/664
f 755/670/664 623/669/663 624/671/665
f 755/670/664 624/671/665 756/672/666
f 756/672/666 624/671/665 625/673/667
f 756/672/666 625/673/667 757/674/668
f 757/674/668 625/673/667 626/675/669
f 757/674/668 626/675/669 758/676/670
f 758/676/670 626/675/669 627/677/671
f 758/676/670 627/677/671 759/678/672
f 759/678/672 627/677/671 628/679/673
f 759/678/672 628/679/673 760/680/674
f 760/680/674 628/679/673 629/681/675
f 760/680/674 629/681/675 761/682/676
f 761/682/676 629/681/675 630/683/677
f 761/682/676 630/683/677 762/684/678
f 762/684/678 630/683/677 631/685/679
f 762/684/678 631/685/679 763/686/680
f 763/686/680 631/685/679 632/687/681
f 763/686/680 632/687/681 764/688/682
f 764/688/682 632/687/681 633/689/683
f 764/688/682 633/689/683 765/690/684
f 765/690/684 633/689/683 634/691/685
f 765/690/684 634/691/685 766/692/686
f 766/692/686 634/691/685 635/693/687
f 766/692/686 635/693/687 767/694/688
f 767/694/688 635/693/687 636/695/689
f 767/694/688 636/695/689 768/696/690
f 768/696/690 636/695/689 637/697/691
f 768/696/690 637/697/691 769/698/692
f 769/698/692 637/697/691 638/699/693
f 769/698/692 638/699/693 770/700/694
f 770/700/694 638/699/693 639/701/695
f 770/700/694 639/701/695 771/702/696
f 771/702/696 639/701/695 640/703/697
f 771/702/696 640/703/697 772/704/698
f 772/704/698 640/703/697 641/705/699
f 772/704/698 641/705/699 773/706/700
f 773/706/700 641/705/699 642/707/701
f 773/706/700 642/707/701 774/708/702
f 774/708/702 642/707/701 643/709/703
f 774/708/702 643/709/703 775/710/704
f 775/710/704 643/709/703 644/711/705
f 775/710/704 644/711/705 776/712/706
f 776/712/706 644/711/705 645/713/707
f 776/712/706 645/713/707 777/714/708
f 777/714/708 645/713/707 646/715/709
f 777/714/708 646/715/709 778/716/710
f 778/716/710 646/715/709 647/717/711
f 778/716/710 647/717/711 779/718/712
f 779/718/712 647/717/711 648/719/713
f 779/718/712 648/719/713 780/720/714
f 780/720/714 648/719/713 649/721/715
f 780/720/714 649/721/715 781/722/716
f 781/722/716 649/721/715 650/723/717
f 781/722/716 650/723/717 782/724/718
f 782/724/718 650/723/717 651/725/719
f 782/724/718 651/725/719 783/726/720
f 783/726/720 651/725/719 652/727/721
f 783/726/720 652/727/721 784/728/722
f 784/728/722 652/727/721 653/729/723
f 784/728/722 653/729/723 785/730/724
f 785/730/724 653/729/723 654/731/725
f 785/730/724 654/731/725 786/732/726
f 786/732/726 654/731/725 655/733/727
f 786/732/726 655/733/727 787/734/728
f 787/734/728 655/733/727 656/735/729
f 787/734/728 656/735/729 788/736/730
f 788/736/730 656/735/729 657/737/731
f 788/736/730 657/737/731 789/738/732
f 789/738/732 657/737/731 658/739/733
f 789/738/732 658/739/733 790/740/734
f 790/740/734 658/739/733 659/741/735
f 790/740/734 659/741/735 791/742/736
f 791/742/736 659/741/735 660/743/737
f 791/742/736 660/743/737 792/744/738
f 792/744/738 660/743/737 661/745/739
f 792/744/738 661/745/739 793/746/740
f 793/746/740 661/745/739 662/747/741
f 793/746/740 662/747/741 794/748/742
f 794/748/742 662/747/741 663/749/743
f 794/748/742 663/749/743 795/750/744
f 795/750/744 663/749/743 664/751/745
f 795/750/744 664/751/745 796/752/746
f 796/752/746 664/751/745 665/753/747
f 796/752/746 665/753/747 797/754/748
f 797/754/748 665/753/747 666/755/749
f 797/754/748 666/755/749 798/756/750
f 798/756/750 666/755/749 667/757/751
f 798/756/750 667/757/751 799/758/752
f 799/758/752 667/757/751 668/759/753
f 799/758/752 668/759/753 800/760/754
f 800/760/754 668/759/753 669/761/755
f 800/760/754 669/761/755 801/762/756
f 801/762/756 669/761/755 670/763/757
f 801/762/756 670/763/757 802/764/758
f 802/764/758 670/763/757 671/765/759
f 802/764/758 671/765/759 803/766/760
f 803/766/760 671/765/759 672/767/761
f 803/766/760 672/767/761 804/768/762
f 804/768/762 672/767/761 673/769/763
f 804/768/762 673/769/763 805/770/764
f 805/770/764 673/769/763 674/771/765
f 805/770/764 674/771/765 806/772/766
f 806/772/766 674/771/765 675/773/767
f 806/772/766 675/773/767 807/774/768
f 807/774/768 675/773/767 676/775/769
f 807/774/768 676/775/769 808/776/770
f 808/776/770 676/775/769 677/777/771
f 808/776/770 677/777/771 809/778/772
f 809/778/772 677/777/771 678/779/773
f 809/778/772 678/779/773 810/780/774
f 810/780/774 678/779/773 679/781/775
f 810/780/774 679/781/775 811/782/776
f 811/782/776 679/781/775 680/783/777
f 811/782/776 680/783/777 812/784/778
f 812/784/778 680/783/777 681/785/779
f 812/784/778 681/785/779 813/786/780
f 813/786/780 681/785/779 682/787/781
f 813/786/780 682/787/781 814/788/782
f 814/788/782 682/787/781 683/789/783
f 814/788/782 683/789/783 815/790/784
f 815/790/784 683/789/783 684/791/785
f 815/790/784 684/791/785 816/792/786
f 816/792/786 684/791/785 685/793/787
f 816/792/786 685/793/787 817/794/788
f 817/794/788 685/793/787 686/795/789
f 817/794/788 686/795/789 818/796/790
f 818/796/790 686/795/789 687/797/791
f 818/796/790 687/797/791 819/798/792
f 819/798/792 687/797/791 688/799/793
f 819/798/792 688/799/793 820/800/794
f 820/800/794 688/799/793 689/801/795
f 820/800/794 689/801/795 821/802/796
f 821/802/796 689/801/795 690/803/797
f 821/802/796 690/803/797 822/804/798
f 822/804/798 690/803/797 691/805/799
f 822/804/798 691/805/799 823/806/800
f 823/806/800 691/805/799 692/807/801
f 823/806/800 692/807/801 824/808/802
f 824/808/802 692/807/801 693/809/803
f 824/808/802 693/809/803 825/810/804
f 825/810/804 693/809/803 694/811/805
f 825/810/804 694/811/805 826/812/806
f 826/812/806 694/811/805 695/813/807
f 826/812/806 695/813/807 827/814/808
f 827/814/808 695/813/807 696/815/809
f 827/814/808 696/815/809 828/816/810
f 828/816/810 696/815/809 697/817/811
f 828/816/810 697/817/811 829/818/812
f 829/818/812 697/817/811 698/819/813
f 829/818/812 698/819/813 830/820/814
f 830/820/814 698/819/813 699/821/815
f 830/820/814 699/821/815 831/822/816
f 831/822/816 699/821/815 700/823/817
f 831/822/816 700/823/817 832/824/818
f 832/824/818 700/823/817 701/825/819
f 832/824/818 701/825/819 833/826/820
f 833/826/820 701/825/819 702/827/821
f 833/826/820 702/827/821 834/828/822
f 834/828/822 702/827/821 703/829/823
f 834/828/822 703/829/823 835/830/824
f 835/830/824 703/829/823 704/831/825
f 835/830/824 704/831/825 836/832/826
f 836/832/826 704/831/825 705/833/827
f 836/832/826 705/833/827 837/834/828
f 837/834/828 705/833/827 706/835/829
f 837/834/828 706/835/829 838/836/830
f 838/836/830 706/835/829 707/837/831
f 838/836/830 707/837/831 839/838/832
f 839/838/832 707/837/831 708/839/833
f 839/838/832 708/839/833 840/840/834
f 840/840/834 708/839/833 709/841/835
f 840/840/834 709/841/835 841/842/836
f 841/842/836 709/841/835 710/843/837
f 841/842/836 710/843/837 842/844/838
f 842/844/838 710/843/837 711/845/839
f 842/844/838 711/845/839 843/846/840
f 843/846/840 711/845/839 712/847/841
f 843/846/840 712/847/841 844/848/842
f 844/848/842 712/847/841 713/849/843
f 844/848/842 713/849/843 845/850/844
f 845/850/844 713/849/843 714/851/845
f 845/850/844 714/851/845 846/852/846
f 846/852/846 714/851/845 715/853/847
f 846/852/846 715/853/847 847/854/848
f 847/854/848 715/853/847 716/855/849
f 847/854/848 716/855/849 848/856/850
f 848/856/850 716/855/849 717/857/851
f 848/856/850 717/857/851 849/858/852
f 849/858/852 717/857/851 718/859/853
f 849/858/852 718/859/853 850/860/854
f 850/860/854 718/859/853 719/861/855
f 850/860/854 719/861/855 851/862/856
f 851/862/856 719/861/855 720/863/857
f 851/862/856 720/863/857 852/864/858
f 852/864/858 720/863/857 721/865/859
f 852/864/858 721/865/859 853/866/860
f 853/866/860 721/865/859 722/867/861
f 853/866/860 722/867/861 854/868/862
f 854/868/862 722/867/861 723/869/863
f 854/868/862 723/869/863 855/870/864
f 855/870/864 723/869/863 724/871/865
f 855/870/864 724/871/865 856/872/866
f 856/872/866 724/871/865 725/873/867
f 856/872/866 725/873/867 857/874/868
f 857/874/868 725/873/867 726/875/869
f 857/874/868 726/875/869 858/876/870
f 858/876/870 726/875/869 727/877/871
f 858/876/870 727/877/871 859/878/872
f 859/878/872 727/877/871 728/879/873
f 859/878/872 728/879/873 860/880/874
f 860/880/874 728/879/873 729/881/875
f 860/880/874 729/881/875 861/882/876
f 861/882/876 729/881/875 730/883/877
f 861/882/876 730/883/877 862/884/878
f 862/884/878 730/883/877 731/885/879
f 862/884/878 731/885/879 863/886/880
f 863/886/880 731/885/879 732/887/881
f 863/886/880 732/887/881 864/888/882
f 864/888/882 732/887/881 733/889/883
f 864/888/882 733/889/883 865/890/884
f 865/890/884 733/889/883 734/891/885
f 865/890/884 734/891/885 866/892/886
f 866/892/886 734/891/885 735/893/887
f 866/892/886 735/893/887 867/894/888
f 867/894/888 735/893/887 736/895/889
f 867/894/888 736/895/889 868/896/890
f 868/896/890 736/895/889 737/897/891
f 868/896/890 737/897/891 869/898/892
f 869/898/892 737/897/891 738/899/893
f 869/898/892 738/899/893 870/900/894
f 870/900/894 738/899/893 739/901/895
f 870/900/894 739/901/895 871/902/896
f 871/902/896 739/901/895 740/903/897
f 871/902/896 740/903/897 872/904/898
f 872/904/898 740/903/897 741/905/899
f 872/904/898 741/905/899 873/906/900
f 873/906/900 741/905/899 742/907/901
f 873/906/900 742/907/901 874/908/902
f 874/908/902 742/907/901 743/909/903
f 874/908/902 743/909/903 875/910/904
f 875/910/904 743/909/903 744/911/905
f 875/910/904 744/911/905 876/912/906
f 876/912/906 744/911/905 745/913/907
f 876/912/906 745/913/907 877/914/908
f 877/914/908 745/913/907 746/915/909
f 877/914/908 746/915/909 878/916/910
f 878/916/910 746/915/909 747/917/911
f 878/916/910 747/917/911 879/918/912
f 879/918/912 747/917/911 748/919/913
f 879/918/912 748/919/913 880/920/914
f 880/920/914 748/919/913 749/921/915
f 880/920/914 749/921/915 881/922/916
f 881/922/916 749/921/915 750/923/917
f 881/922/916 750/923/917 751/924/918
f 751/924/918 402/925/919 881/922/916
f 881/922/916 402/925/919 401/926/920
f 881/922/916 401/926/920 880/920/914
f 880/920/914 401/926/920 400/927/921
f 880/920/914 400/927/921 879/918/912
f 879/918/912 400/927/921 399/928/922
f 879/918/912 399/928/922 878/916/910
f 878/916/910 399/928/922 398/929/923
f 878/916/910 398/929/923 877/914/908
f 877/914/908 398/929/923 397/930/924
f 877/914/908 397/930/924 876/912/906
f 876/912/906 397/930/924 396/931/925
f 876/912/906 396/931/925 875/910/904
f 875/910/904 396/931/925 395/932/926
f 875/910/904 395/932/926 874/908/902
f 874/908/902 395/932/926 394/933/927
f 874/908/902 394/933/927 873/906/900
f 873/906/900 394/933/927 393/934/928
f 873/906/900 393/934/928 872/904/898
f 872/904/898 393/934/928 392/935/929
f 872/904/898 392/935/929 871/902/896
f 871/902/896 392/935/929 391/936/930
f 871/902/896 391/936/930 870/900/894
f 870/900/894 391/936/930 390/937/931
f 870/900/894 390/937/931 869/898/892
f 869/898/892 390/937/931 389/938/932
f 869/898/892 389/938/932 868/896/890
f 868/896/890 389/938/932 388/939/933
f 868/896/890 388/939/933 867/894/888
f 867/894/888 388/939/933 387/940/934
f 867/894/888 387/940/934 866/892/886
f 866/892/886 387/940/934 386/941/935
f 866/892/886 386/941/935 865/890/884
f 865/890/884 386/941/935 385/942/936
f 865/890/884 385/942/936 864/888/882
f 864/888/882 385/942/936 384/943/937
f 864/888/882 384/943/937 863/886/880
f 863/886/880 384/943/937 383/944/938
f 863/886/880 383/944/938 862/884/878
f 862/884/878 383/944/938 382/945/939
f 862/884/878 382/945/939 861/882/876
f 861/882/876 382/945/939 381/946/940
f 861/882/876 381/946/940 860/880/874
f 860/880/874 381/946/940 380/947/941
f 860/880/874 380/947/941 859/878/872
f 859/878/872 380/947/941 379/948/942
f 859/878/872 379/948/942 858/876/870
f 858/876/870 379/948/942 378/949/943
f 858/876/870 378/949/943 857/874/868
f 857/874/868 378/949/943 377/950/944
f 857/874/868 377/950/944 856/872/866
f 856/872/866 377/950/944 376/951/945
f 856/872/866 376/951/945 855/870/864
f 855/870/864 376/951/945 375/952/946
f 855/870/864 375/952/946 854/868/862
f 854/868/862 375/952/946 374/953/947
f 854/868/862 374/953/947 853/866/860
f 853/866/860 374/953/947 373/954/948
f 853/866/860 373/954/948 852/864/858
f 852/864/858 373/954/948 372/955/949
f 852/864/858 372/955/949 851/862/856
f 851/862/856 372/955/949 371/956/950
f 851/862/856 371/956/950 850/860/854
f 850/860/854 371/956/950 370/957/951
f 850/860/854 370/957/951 849/858/852
f 849/858/852 370/957/951 369/958/952
f 849/858/852 369/958/952 848/856/850
f 848/856/850 369/958/952 368/959/953
f 848/856/850 368/959/953 847/854/848
f 847/854/848 368/959/953 367/960/954
f 847/854/848 367/960/954 846/852/846
f 846/852/846 367/960/954 366/961/955
f 846/852/846 366/961/955 845/850/844
f 845/850/844 366/961/955 365/962/956
f 845/850/844 365/962/956 844/848/842
f 844/848/842 365/962/956 364/963/957
f 844/848/842 364/963/957 843/846/840
f 843/846/840 364/963/957 363/964/958
f 843/846/840 363/964/958 842/844/838
f 842/844/838 363/964/958 362/965/959
f 842/844/838 362/965/959 841/842/836
f 841/842/836 362/965/959 361/966/960
f 841/842/836 361/966/960 840/840/834
f 840/840/834 361/966/960 360/967/961
f 840/840/834 360/967/961 839/838/832
f 839/838/832 360/967/961 359/968/962
f 839/838/832 359/968/962 838/836/830
f 838/836/830 359/968/962 358/969/963
f 838/836/830 358/969/963 837/834/828
f 837/834/828 358/969/963 357/970/964
f 837/834/828 357/970/964 836/832/826
f 836/832/826 357/970/964 356/971/965
f 836/832/826 356/971/965 835/830/824
f 835/830/824 356/971/965 355/972/966
f 835/830/824 355/972/966 834/828/822
f 834/828/822 355/972/966 354/973/967
f 834/828/822 354/973/967 833/826/820
f 833/826/820 354/973/967 353/974/968
f 833/826/820 353/974/968 832/824/818
f 832/824/818 353/974/968 352/975/969
f 832/824/818 352/975/969 831/822/816
f 831/822/816 352/975/969 351/976/970
f 831/822/816 351/976/970 830/820/814
f 830/820/814 351/976/970 350/977/971
f 830/820/814 350/977/971 829/818/812
f 829/818/812 350/977/971 349/978/972
f 829/818/812 349/978/972 828/816/810
f 828/816/810 349/978/972 348/979/973
f 828/816/810 348/979/973 827/814/808
f 827/814/808 348/979/973 347/980/974
f 827/814/808 347/980/974 826/812/806
f 826/812/806 347/980/974 346/981/975
f 826/812/806 346/981/975 825/810/804
f 825/810/804 346/981/975 345/982/976
f 825/810/804 345/982/976 824/808/802
f 824/808/802 345/982/976 344/983/977
f 824/808/802 344/983/977 823/806/800
f 823/806/800 344/983/977 343/984/978
f 823/806/800 343/984/978 822/804/798
f 822/804/798 343/984/978 342/985/979
f 822/804/798 342/985/979 821/802/796
f 821/802/796 342/985/979 341/986/980
f 821/802/796 341/986/980 820/800/794
f 820/800/794 341/986/980 340/987/981
f 820/800/794 340/987/981 819/798/792
f 819/798/792 340/987/981 339/988/982
f 819/798/792 339/988/982 818/796/790
f 818/796/790 339/988/982 338/989/983
f 818/796/790 338/989/983 817/794/788
f 817/794/788 338/989/983 337/990/984
f 817/794/788 337/990/984 816/792/786
f 816/792/786 337/990/984 336/991/985
f 816/792/786 336/991/985 815/790/784
f 815/790/784 336/991/985 335/992/986
f 815/790/784 335/992/986 814/788/782
f 814/788/782 335/992/986 334/993/987
f 814/788/782 334/993/987 813/786/780
f 813/786/780 334/993/987 333/994/988
f 813/786/780 333/994/988 812/784/778
f 812/784/778 333/994/988 332/995/989
f 812/784/778 332/995/989 811/782/776
f 811/782/776 332/995/989 331/996/990
f 811/782/776 331/996/990 810/780/774
f 810/780/774 331/996/990 330/997/991
f 810/780/774 330/997/991 809/778/772
f 809/778/772 330/997/991 329/998/992
f 809/778/772 329/998/992 808/776/770
f 808/776/770 329/998/992 328/999/993
f 808/776/770 328/999/993 807/774/768
f 807/774/768 328/999/993 327/1000/994
f 807/774/768 327/1000/994 806/772/766
f 806/772/766 327/1000/994 326/1001/995
f 806/772/766 326/1001/995 805/770/764
f 805/770/764 326/1001/995 325/1002/996
f 805/770/764 325/1002/996 804/768/762
f 804/768/762 325/1002/996 324/1003/997
f 804/768/762 324/1003/997 803/766/760
f 803/766/760 324/1003/997 323/1004/998
f 803/766/760 323/1004/998 802/764/758
f 802/764/758 323/1004/998 322/1005/999
f 802/764/758 322/1005/999 801/762/756
f 801/762/756 322/1005/999 321/1006/1000
f 801/762/756 321/1006/1000 800/760/754
f 800/760/754 321/1006/1000 320/1007/1001
f 800/760/754 320/1007/1001 799/758/752
f 799/758/752 320/1007/1001 319/1008/1002
f 799/758/752 319/1008/1002 798/756/750
f 798/756/750 319/1008/1002 318/1009/1003
f 798/756/750 318/1009/1003 797/754/748
f 797/754/748 318/1009/1003 317/1010/1004
f 797/754/748 317/1010/1004 796/752/746
f 796/752/746 317/1010/1004 316/1011/1005
f 796/752/746 316/1011/1005 795/750/744
f 795/750/744 316/1011/1005 315/1012/1006
f 795/750/744 315/1012/1006 794/748/742
f 794/748/742 315/1012/1006 314/1013/1007
f 794/748/742 314/1013/1007 793/746/740
f 793/746/740 314/1013/1007 313/1014/1008
f 793/746/740 313/1014/1008 792/744/738
f 792/744/738 313/1014/1008 312/1015/1009
f 792/744/738 312/1015/1009 791/742/736
f 791/742/736 312/1015/1009 311/1016/1010
f 791/742/736 311/1016/1010 790/740/734
f 790/740/734 311/1016/1010 310/1017/1011
f 790/740/734 310/1017/1011 789/738/732
f 789/738/732 310/1017/1011 309/1018/1012
f 789/738/732 309/1018/1012 788/736/730
f 788/736/730 309/1018/1012 308/1019/1013
f 788/736/730 308/1019/1013 787/734/728
f 787/734/728 308/1019/1013 307/1020/1014
f 787/734/728 307/1020/1014 786/732/726
f 786/732/726 307/1020/1014 306/1021/1015
f 786/732/726 306/1021/1015 785/730/724
f 785/730/724 306/1021/1015 305/1022/1016
f 785/730/724 305/1022/1016 784/728/722
f 784/728/722 305/1022/1016 304/1023/1017
f 784/728/722 304/1023/1017 783/726/720
f 783/726/720 304/1023/1017 303/1024/1018
f 783/726/720 303/1024/1018 782/724/718
f 782/724/718 303/1024/1018 302/1025/1019
f 782/724/718 302/1025/1019 781/722/716
f 781/722/716 302/1025/1019 301/1026/1020
f 781/722/716 301/1026/1020 780/720/714
f 780/720/714 301/1026/1020 300/1027/1021
f 780/720/714 300/1027/1021 779/718/712
f 779/718/712 300/1027/1021 299/1028/1022
f 779/718/712 299/1028/1022 778/716/710
f 778/716/710 299/1028/1022 298/1029/1023
f 778/716/710 298/1029/1023 777/714/708
f 777/714/708 298/1029/1023 297/1030/1024
f 777/714/708 297/1030/1024 776/712/706
f 776/712/706 297/1030/1024 296/1031/1025
f 776/712/706 296/1031/1025 775/710/704
f 775/710/704 296/1031/1025 295/1032/1026
f 775/710/704 295/1032/1026 774/708/702
f 774/708/702 295/1032/1026 294/1033/1027
f 774/708/702 294/1033/1027 773/706/700
f 773/706/700 294/1033/1027 293/1034/1028
f 773/706/700 293/1034/1028 772/704/698
f 772/704/698 293/1034/1028 292/1035/1029
f 772/704/698 292/1035/1029 771/702/696
f 771/702/696 292/1035/1029 291/1036/1030
f 771/702/696 291/1036/1030 770/700/694
f 770/700/694 291/1036/1030 290/1037/1031
f 770/700/694 290/1037/1031 769/698/692
f 769/698/692 290/1037/1031 289/1038/1032
f 769/698/692 289/1038/1032 768/696/690
f 768/696/690 289/1038/1032 288/1039/1033
f 768/696/690 288/1039/1033 767/694/688
f 767/694/688 288/1039/1033 287/1040/1034
f 767/694/688 287/1040/1034 766/692/686
f 766/692/686 287/1040/1034 286/1041/1035
f 766/692/686 286/1041/1035 765/690/684
f 765/690/684 286/1041/1035 285/1042/1036
f 765/690/684 285/1042/1036 764/688/682
f 764/688/682 285/1042/1036 284/1043/1037
f 764/688/682 284/1043/1037 763/686/680
f 763/686/680 284/1043/1037 283/1044/1038
f 763/686/680 283/1044/1038 762/684/678
f 762/684/678 283/1044/1038 282/1045/1039
f 762/684/678 282/1045/1039 761/682/676
f 761/682/676 282/1045/1039 281/1046/1040
f 761/682/676 281/1046/1040 760/680/674
f 760/680/674 281/1046/1040 280/1047/1041
f 760/680/674 280/1047/1041 759/678/672
f 759/678/672 280/1047/1041 279/1048/1042
f 759/678/672 279/1048/1042 758/676/670
f 758/676/670 279/1048/1042 278/1049/1043
f 758/676/670 278/1049/1043 757/674/668
f 757/674/668 278/1049/1043 277/1050/1044
f 757/674/668 277/1050/1044 756/672/666
f 756/672/666 277/1050/1044 276/1051/1045
f 756/672/666 276/1051/1045 755/670/664
f 755/670/664 276/1051/1045 275/1052/1046
f 755/670/664 275/1052/1046 754/668/662
f 754/668/662 275/1052/1046 274/1053/1047
f 754/668/662 274/1053/1047 753/666/660
f 753/666/660 274/1053/1047 273/1054/1048
f 753/666/660 273/1054/1048 752/663/658
f 752/663/658 273/1054/1048 272/661/657
f 415/1055/1049 895/1056/1050 45/1057/45
f 45/1057/45 895/1056/1050 896/1058/1051
f 45/1057/45 896/1058/1051 897/1059/1052
f 897/1059/1052 896/1058/1051 907/1060/1053
f 897/1059/1052 907/1060/1053 908/1061/1054
f 908/1061/1054 907/1060/1053 918/1062/1055
f 908/1061/1054 918/1062/1055 919/1063/1056
f 919/1063/1056 918/1062/1055 929/1064/1057
f 919/1063/1056 929/1064/1057 930/1065/1058
f 930/1065/1058 929/1064/1057 940/1066/1059
f 930/1065/1058 940/1066/1059 941/1067/1060
f 941/1067/1060 940/1066/1059 951/1068/1061
f 941/1067/1060 951/1068/1061 952/1069/1062
f 952/1069/1062 951/1068/1061 962/1070/1063
f 952/1069/1062 962/1070/1063 963/1071/1064
f 963/1071/1064 962/1070/1063 973/1072/1065
f 963/1071/1064 973/1072/1065 974/1073/1066
f 974/1073/1066 973/1072/1065 984/1074/1067
f 974/1073/1066 984/1074/1067 886/1075/1068
f 886/1075/1068 984/1074/1067 885/1076/1069
f 885/1076/1069 984/1074/1067 994/1077/1070
f 885/1076/1069 994/1077/1070 884/1078/1071
f 884/1078/1071 994/1077/1070 1004/1079/1072
f 884/1078/1071 1004/1079/1072 883/1080/1073
f 883/1080/1073 1004/1079/1072 1014/1081/1074
f 883/1080/1073 1014/1081/1074 882/1082/1075
f 882/1082/1075 1014/1081/1074 1024/1083/1076
f 882/1082/1075 1024/1083/1076 751/1084/918
f 751/1084/918 1024/1083/1076 1023/1085/1077
f 751/1084/918 1023/1085/1077 1022/1086/1078
f 1022/1086/1078 1023/1085/1077 1012/1087/1079
f 1022/1086/1078 1012/1087/1079 1011/1088/1080
f 1011/1088/1080 1012/1087/1079 1001/1089/1081
f 1011/1088/1080 1001/1089/1081 1000/1090/1082
f 1000/1090/1082 1001/1089/1081 990/1091/1083
f 1000/1090/1082 990/1091/1083 989/1092/1084
f 989/1092/1084 990/1091/1083 979/1093/1085
f 989/1092/1084 979/1093/1085 978/1094/1086
f 978/1094/1086 979/1093/1085 968/1095/1087
f 978/1094/1086 968/1095/1087 967/1096/1088
f 967/1096/1088 968/1095/1087 957/1097/1089
f 967/1096/1088 957/1097/1089 956/1098/1090
f 956/1098/1090 957/1097/1089 946/1099/1091
f 956/1098/1090 946/1099/1091 945/1100/1092
f 945/1100/1092 946/1099/1091 935/1101/1093
f 945/1100/1092 935/1101/1093 411/1102/1094
f 411/1102/1094 935/1101/1093 412/1103/1095
f 412/1103/1095 935/1101/1093 925/1104/1096
f 412/1103/1095 925/1104/1096 413/1105/1097
f 413/1105/1097 925/1104/1096 915/1106/1098
f 413/1105/1097 915/1106/1098 414/1107/1099
f 414/1107/1099 915/1106/1098 905/1108/1100
f 414/1107/1099 905/1108/1100 415/1055/1049
f 415/1055/1049 905/1108/1100 895/1056/1050
f 411/1102/1094 410/1109/1101 945/1100/1092
f 945/1100/1092 410/1109/1101 955/1110/1102
f 945/1100/1092 955/1110/1102 956/1098/1090
f 956/1098/1090 955/1110/1102 966/1111/1103
f 956/1098/1090 966/1111/1103 967/1096/1088
f 967/1096/1088 966/1111/1103 977/1112/1104
f 967/1096/1088 977/1112/1104 978/1094/1086
f 978/1094/1086 977/1112/1104 988/1113/1105
f 978/1094/1086 988/1113/1105 989/1092/1084
f 989/1092/1084 988/1113/1105 999/1114/1106
f 989/1092/1084 999/1114/1106 1000/1090/1082
f 1000/1090/1082 999/1114/1106 1010/1115/1107
f 1000/1090/1082 1010/1115/1107 1011/1088/1080
f 1011/1088/1080 1010/1115/1107 1021/1116/1108
f 1011/1088/1080 1021/1116/1108 1022/1086/1078
f 1022/1086/1078 1021/1116/1108 751/1084/918
f 410/1109/1101 409/1117/1109 955/1110/1102
f 955/1110/1102 409/1117/1109 965/1118/1110
f 955/1110/1102 965/1118/1110 966/1111/1103
f 966/1111/1103 965/1118/1110 976/1119/1111
f 966/1111/1103 976/1119/1111 977/1112/1104
f 977/1112/1104 976/1119/1111 987/1120/1112
f 977/1112/1104 987/1120/1112 988/1113/1105
f 988/1113/1105 987/1120/1112 998/1121/1113
f 988/1113/1105 998/1121/1113 999/1114/1106
f 999/1114/1106 998/1121/1113 1009/1122/1114
f 999/1114/1106 1009/1122/1114 1010/1115/1107
f 1010/1115/1107 1009/1122/1114 1020/1123/1115
f 1010/1115/1107 1020/1123/1115 1021/1116/1108
f 1021/1116/1108 1020/1123/1115 751/1084/918
f 409/1117/1109 408/1124/1116 965/1118/1110
f 965/1118/1110 408/1124/1116 975/1125/1117
f 965/1118/1110 975/1125/1117 976/1119/1111
f 976/1119/1111 975/1125/1117 986/1126/1118
f 976/1119/1111 986/1126/1118 987/1120/1112
f 987/1120/1112 986/1126/1118 997/1127/1119
f 987/1120/1112 997/1127/1119 998/1121/1113
f 998/1121/1113 997/1127/1119 1008/1128/1120
f 998/1121/1113 1008/1128/1120 1009/1122/1114
f 1009/1122/1114 1008/1128/1120 1019/1129/1121
f 1009/1122/1114 1019/1129/1121 1020/1123/1115
f 1020/1123/1115 1019/1129/1121 751/1084/918
f 408/1124/1116 407/1130/1122 975/1125/1117
f 975/1125/1117 407/1130/1122 985/1131/1123
f 975/1125/1117 985/1131/1123 986/1126/1118
f 986/1126/1118 985/1131/1123 996/1132/1124
f 986/1126/1118 996/1132/1124 997/1127/1119
f 997/1127/1119 996/1132/1124 1007/1133/1125
f 997/1127/1119 1007/1133/1125 1008/1128/1120
f 1008/1128/1120 1007/1133/1125 1018/1134/1126
f 1008/1128/1120 1018/1134/1126 1019/1129/1121
f 1019/1129/1121 1018/1134/1126 402/1135/919
f 1019/1129/1121 402/1135/919 751/1084/918
f 407/1130/1122 406/1136/1127 985/1131/1123
f 985/1131/1123 406/1136/1127 995/1137/1128
f 985/1131/1123 995/1137/1128 996/1132/1124
f 996/1132/1124 995/1137/1128 1006/1138/1129
f 996/1132/1124 1006/1138/1129 1007/1133/1125
f 1007/1133/1125 1006/1138/1129 1017/1139/1130
f 1007/1133/1125 1017/1139/1130 1018/1134/1126
f 1018/1134/1126 1017/1139/1130 402/1135/919
f 406/1136/1127 405/1140/1131 995/1137/1128
f 995/1137/1128 405/1140/1131 1005/1141/1132
f 995/1137/1128 1005/1141/1132 1006/1138/1129
f 1006/1138/1129 1005/1141/1132 1016/1142/1133
f 1006/1138/1129 1016/1142/1133 1017/1139/1130
f 1017/1139/1130 1016/1142/1133 402/1135/919
f 405/1140/1131 404/1143/1134 1005/1141/1132
f 1005/1141/1132 404/1143/1134 1015/1144/1135
f 1005/1141/1132 1015/1144/1135 1016/1142/1133
f 1016/1142/1133 1015/1144/1135 402/1135/919
f 404/1143/1134 403/1145/1136 1015/1144/1135
f 1015/1144/1135 403/1145/1136 402/1135/919
f 886/1075/1068 887/1146/1137 974/1073/1066
f 974/1073/1066 887/1146/1137 964/1147/1138
f 974/1073/1066 964/1147/1138 963/1071/1064
f 963/1071/1064 964/1147/1138 953/1148/1139
f 963/1071/1064 953/1148/1139 952/1069/1062
f 952/1069/1062 953/1148/1139 942/1149/1140
f 952/1069/1062 942/1149/1140 941/1067/1060
f 941/1067/1060 942/1149/1140 931/1150/1141
f 941/1067/1060 931/1150/1141 930/1065/1058
f 930/1065/1058 931/1150/1141 920/1151/1142
f 930/1065/1058 920/1151/1142 919/1063/1056
f 919/1063/1056 920/1151/1142 909/1152/1143
f 919/1063/1056 909/1152/1143 908/1061/1054
f 908/1061/1054 909/1152/1143 898/1153/1144
f 908/1061/1054 898/1153/1144 897/1059/1052
f 897/1059/1052 898/1153/1144 45/1057/45
f 887/1146/1137 888/1154/1145 964/1147/1138
f 964/1147/1138 888/1154/1145 954/1155/1146
f 964/1147/1138 954/1155/1146 953/1148/1139
f 953/1148/1139 954/1155/1146 943/1156/1147
f 953/1148/1139 943/1156/1147 942/1149/1140
f 942/1149/1140 943/1156/1147 932/1157/1148
f 942/1149/1140 932/1157/1148 931/1150/1141
f 931/1150/1141 932/1157/1148 921/1158/1149
f 931/1150/1141 921/1158/1149 920/1151/1142
f 920/1151/1142 921/1158/1149 910/1159/1150
f 920/1151/1142 910/1159/1150 909/1152/1143
f 909/1152/1143 910/1159/1150 899/1160/1151
f 909/1152/1143 899/1160/1151 898/1153/1144
f 898/1153/1144 899/1160/1151 45/1057/45
f 888/1154/1145 889/1161/1152 954/1155/1146
f 954/1155/1146 889/1161/1152 944/1162/1153
f 954/1155/1146 944/1162/1153 943/1156/1147
f 943/1156/1147 944/1162/1153 933/1163/1154
f 943/1156/1147 933/1163/1154 932/1157/1148
f 932/1157/1148 933/1163/1154 922/1164/1155
f 932/1157/1148 922/1164/1155 921/1158/1149
f 921/1158/1149 922/1164/1155 911/1165/1156
f 921/1158/1149 911/1165/1156 910/1159/1150
f 910/1159/1150 911/1165/1156 900/1166/1157
f 910/1159/1150 900/1166/1157 899/1160/1151
f 899/1160/1151 900/1166/1157 45/1057/45
f 889/1161/1152 890/1167/1158 944/1162/1153
f 944/1162/1153 890/1167/1158 934/1168/1159
f 944/1162/1153 934/1168/1159 933/1163/1154
f 933/1163/1154 934/1168/1159 923/1169/1160
f 933/1163/1154 923/1169/1160 922/1164/1155
f 922/1164/1155 923/1169/1160 912/1170/1161
f 922/1164/1155 912/1170/1161 911/1165/1156
f 911/1165/1156 912/1170/1161 901/1171/1162
f 911/1165/1156 901/1171/1162 900/1166/1157
f 900/1166/1157 901/1171/1162 46/1172/46
f 900/1166/1157 46/1172/46 45/1057/45
f 890/1167/1158 891/1173/1163 934/1168/1159
f 934/1168/1159 891/1173/1163 924/1174/1164
f 934/1168/1159 924/1174/1164 923/1169/1160
f 923/1169/1160 924/1174/1164 913/1175/1165
f 923/1169/1160 913/1175/1165 912/1170/1161
f 912/1170/1161 913/1175/1165 902/1176/1166
f 912/1170/1161 902/1176/1166 901/1171/1162
f 901/1171/1162 902/1176/1166 46/1172/46
f 891/1173/1163 892/1177/1167 924/1174/1164
f 924/1174/1164 892/1177/1167 914/1178/1168
f 924/1174/1164 914/1178/1168 913/1175/1165
f 913/1175/1165 914/1178/1168 903/1179/1169
f 913/1175/1165 903/1179/1169 902/1176/1166
f 902/1176/1166 903/1179/1169 46/1172/46
f 892/1177/1167 893/1180/1170 914/1178/1168
f 914/1178/1168 893/1180/1170 904/1181/1171
f 914/1178/1168 904/1181/1171 903/1179/1169
f 903/1179/1169 904/1181/1171 46/1172/46
f 893/1180/1170 894/1182/1172 904/1181/1171
f 904/1181/1171 894/1182/1172 46/1172/46
f 896/1058/1051 895/1056/1050 906/1183/1173
f 906/1183/1173 895/1056/1050 905/1108/1100
f 906/1183/1173 905/1108/1100 916/1184/1174
f 916/1184/1174 905/1108/1100 915/1106/1098
f 916/1184/1174 915/1106/1098 926/1185/1175
f 926/1185/1175 915/1106/1098 925/1104/1096
f 926/1185/1175 925/1104/1096 936/1186/1176
f 936/1186/1176 925/1104/1096 935/1101/1093
f 936/1186/1176 935/1101/1093 946/1099/1091
f 896/1058/1051 906/1183/1173 907/1060/1053
f 907/1060/1053 906/1183/1173 917/1187/1177
f 907/1060/1053 917/1187/1177 918/1062/1055
f 918/1062/1055 917/1187/1177 928/1188/1178
f 918/1062/1055 928/1188/1178 929/1064/1057
f 929/1064/1057 928/1188/1178 939/1189/1179
f 929/1064/1057 939/1189/1179 940/1066/1059
f 940/1066/1059 939/1189/1179 950/1190/1180
f 940/1066/1059 950/1190/1180 951/1068/1061
f 951/1068/1061 950/1190/1180 961/1191/1181
f 951/1068/1061 961/1191/1181 962/1070/1063
f 962/1070/1063 961/1191/1181 972/1192/1182
f 962/1070/1063 972/1192/1182 973/1072/1065
f 973/1072/1065 972/1192/1182 983/1193/1183
f 973/1072/1065 983/1193/1183 984/1074/1067
f 984/1074/1067 983/1193/1183 994/1077/1070
f 917/1187/1177 906/1183/1173 916/1184/1174
f 917/1187/1177 916/1184/1174 927/1194/1184
f 927/1194/1184 916/1184/1174 926/1185/1175
f 927/1194/1184 926/1185/1175 937/1195/1185
f 937/1195/1185 926/1185/1175 936/1186/1176
f 937/1195/1185 936/1186/1176 947/1196/1186
f 947/1196/1186 936/1186/1176 946/1099/1091
f 947/1196/1186 946/1099/1091 957/1097/1089
f 917/1187/1177 927/1194/1184 928/1188/1178
f 928/1188/1178 927/1194/1184 938/1197/1187
f 928/1188/1178 938/1197/1187 939/1189/1179
f 939/1189/1179 938/1197/1187 949/1198/1188
f 939/1189/1179 949/1198/1188 950/1190/1180
f 950/1190/1180 949/1198/1188 960/1199/1189
f 950/1190/1180 960/1199/1189 961/1191/1181
f 961/1191/1181 960/1199/1189 971/1200/1190
f 961/1191/1181 971/1200/1190 972/1192/1182
f 972/1192/1182 971/1200/1190 982/1201/1191
f 972/1192/1182 982/1201/1191 983/1193/1183
f 983/1193/1183 982/1201/1191 993/1202/1192
f 983/1193/1183 993/1202/1192 994/1077/1070
f 994/1077/1070 993/1202/1192 1004/1079/1072
f 938/1197/1187 927/1194/1184 937/1195/1185
f 938/1197/1187 937/1195/1185 948/1203/1193
f 948/1203/1193 937/1195/1185 947/1196/1186
f 948/1203/1193 947/1196/1186 958/1204/1194
f 958/1204/1194 947/1196/1186 957/1097/1089
f 958/1204/1194 957/1097/1089 968/1095/1087
f 938/1197/1187 948/1203/1193 949/1198/1188
f 949/1198/1188 948/1203/1193 959/1205/1195
f 949/1198/1188 959/1205/1195 960/1199/1189
f 960/1199/1189 959/1205/1195 970/1206/1196
f 960/1199/1189 970/1206/1196 971/1200/1190
f 971/1200/1190 970/1206/1196 981/1207/1197
f 971/1200/1190 981/1207/1197 982/1201/1191
f 982/1201/1191 981/1207/1197 992/1208/1198
f 982/1201/1191 992/1208/1198 993/1202/1192
f 993/1202/1192 992/1208/1198 1003/1209/1199
f 993/1202/1192 1003/1209/1199 1004/1079/1072
f 1004/1079/1072 1003/1209/1199 1014/1081/1074
f 959/1205/1195 948/1203/1193 958/1204/1194
f 959/1205/1195 958/1204/1194 969/1210/1200
f 969/1210/1200 958/1204/1194 968/1095/1087
f 969/1210/1200 968/1095/1087 979/1093/1085
f 959/1205/1195 969/1210/1200 970/1206/1196
f 970/1206/1196 969/1210/1200 980/1211/1201
f 970/1206/1196 980/1211/1201 981/1207/1197
f 981/1207/1197 980/1211/1201 991/1212/1202
f 981/1207/1197 991/1212/1202 992/1208/1198
f 992/1208/1198 991/1212/1202 1002/1213/1203
f 992/1208/1198 1002/1213/1203 1003/1209/1199
f 1003/1209/1199 1002/1213/1203 1013/1214/1204
f 1003/1209/1199 1013/1214/1204 1014/1081/1074
f 1014/1081/1074 1013/1214/1204 1024/1083/1076
f 980/1211/1201 969/1210/1200 979/1093/1085
f 991/1212/1202 980/1211/1201 990/1091/1083
f 990/1091/1083 980/1211/1201 979/1093/1085
f 1002/1213/1203 991/1212/1202 1001/1089/1081
f 1001/1089/1081 991/1212/1202 990/1091/1083
f 1013/1214/1204 1002/1213/1203 1012/1087/1079
f 1012/1087/1079 1002/1213/1203 1001/1089/1081
f 1024/1083/1076 1013/1214/1204 1023/1085/1077
f 1023/1085/1077 1013/1214/1204 1012/1087/1079
f 421/1215/454 476/1216/499 256/1217/434
f 256/1217/434 476/1216/499 257/1218/614
f 47/1219/1205 1/1220/3 1034/1221/1206
f 1034/1221/1206 1/1220/3 12/1222/21
f 1034/1221/1206 12/1222/21 1033/1223/1207
f 1033/1223/1207 12/1222/21 1025/1224/1208
f 1033/1223/1207 1025/1224/1208 1035/1225/1209
f 1035/1225/1209 1025/1224/1208 1026/1226/1210
f 1035/1225/1209 1026/1226/1210 1037/1227/1211
f 1037/1227/1211 1026/1226/1210 1027/1228/1212
f 1037/1227/1211 1027/1228/1212 1039/1229/1213
f 1039/1229/1213 1027/1228/1212 1028/1230/1214
f 1039/1229/1213 1028/1230/1214 1041/1231/1215
f 1041/1231/1215 1028/1230/1214 1029/1232/1216
f 1041/1231/1215 1029/1232/1216 1043/1233/1217
f 1043/1233/1217 1029/1232/1216 1030/1234/1218
f 1043/1233/1217 1030/1234/1218 1045/1235/1219
f 1045/1235/1219 1030/1234/1218 1031/1236/1220
f 1045/1235/1219 1031/1236/1220 1032/1237/1221
f 1032/1237/1221 54/1238/1222 1045/1235/1219
f 1045/1235/1219 54/1238/1222 1046/1239/1223
f 1045/1235/1219 1046/1239/1223 1043/1233/1217
f 1043/1233/1217 1046/1239/1223 1044/1240/1224
f 1043/1233/1217 1044/1240/1224 1041/1231/1215
f 1041/1231/1215 1044/1240/1224 1042/1241/1225
f 1041/1231/1215 1042/1241/1225 1039/1229/1213
f 1039/1229/1213 1042/1241/1225 1040/1242/1226
f 1039/1229/1213 1040/1242/1226 1037/1227/1211
f 1037/1227/1211 1040/1242/1226 1038/1243/1227
f 1037/1227/1211 1038/1243/1227 1035/1225/1209
f 1035/1225/1209 1038/1243/1227 1036/1244/1228
f 1035/1225/1209 1036/1244/1228 1033/1223/1207
f 1033/1223/1207 1036/1244/1228 1034/1221/1206
f 54/1238/1222 53/1245/1229 1046/1239/1223
f 1046/1239/1223 53/1245/1229 1044/1240/1224
f 53/1245/1229 52/1246/1230 1044/1240/1224
f 1044/1240/1224 52/1246/1230 1042/1241/1225
f 52/1246/1230 51/1247/1231 1042/1241/1225
f 1042/1241/1225 51/1247/1231 1040/1242/1226
f 51/1247/1231 50/1248/1232 1040/1242/1226
f 1040/1242/1226 50/1248/1232 1038/1243/1227
f 50/1248/1232 49/1249/1233 1038/1243/1227
f 1038/1243/1227 49/1249/1233 1036/1244/1228
f 49/1249/1233 48/1250/1234 1036/1244/1228
f 1036/1244/1228 48/1250/1234 1034/1221/1206
f 48/1250/1234 47/1219/1205 1034/1221/1206
f 11/1251/1235 750/1252/1236 12/1253/1237
f 12/1253/1237 750/1252/1236 749/1254/1238
f 12/1253/1237 749/1254/1238 1025/1255/1239
f 1025/1255/1239 749/1254/1238 748/1256/1240
f 1025/1255/1239 748/1256/1240 1026/1257/1241
f 1026/1257/1241 748/1256/1240 747/1258/1242
f 1026/1257/1241 747/1258/1242 1027/1259/1243
f 1027/1259/1243 747/1258/1242 746/1260/1244
f 1027/1259/1243 746/1260/1244 1028/1261/1245
f 1028/1261/1245 746/1260/1244 745/1262/1246
f 1028/1261/1245 745/1262/1246 1029/1263/1247
f 1029/1263/1247 745/1262/1246 744/1264/1248
f 1029/1263/1247 744/1264/1248 1030/1265/1249
f 1030/1265/1249 744/1264/1248 743/1266/1250
f 1030/1265/1249 743/1266/1250 1031/1267/1251
f 1031/1267/1251 743/1266/1250 742/1268/1252
f 1031/1267/1251 742/1268/1252 1032/1269/1253
f 1032/1269/1253 742/1268/1252 1234/1270/1254
f 1234/1270/1254 742/1268/1252 741/1271/1255
f 1234/1270/1254 741/1271/1255 1233/1272/1256
f 1233/1272/1256 741/1271/1255 1232/1273/1257
f 1232/1273/1257 741/1271/1255 740/1274/1258
f 1232/1273/1257 740/1274/1258 1231/1275/1259
f 1231/1275/1259 740/1274/1258 1224/1276/1260
f 1231/1275/1259 1224/1276/1260 1228/1277/1261
f 1228/1277/1261 1224/1276/1260 1227/1278/1262
f 1227/1278/1262 1224/1276/1260 1226/1279/1263
f 1226/1279/1263 1224/1276/1260 1225/1280/1264
f 11/1251/1235 10/1281/1265 750/1252/1236
f 750/1252/1236 10/1281/1265 9/1282/1266
f 750/1252/1236 9/1282/1266 8/1283/1267
f 8/1283/1267 7/1284/1268 750/1252/1236
f 750/1252/1236 7/1284/1268 46/1285/1269
f 750/1252/1236 46/1285/1269 751/1286/1270
f 751/1286/1270 46/1285/1269 894/1287/1271
f 751/1286/1270 894/1287/1271 893/1288/1272
f 893/1288/1272 892/1289/1273 751/1286/1270
f 751/1286/1270 892/1289/1273 891/1290/1274
f 751/1286/1270 891/1290/1274 882/1291/1275
f 882/1291/1275 891/1290/1274 890/1292/1276
f 882/1291/1275 890/1292/1276 883/1293/1277
f 883/1293/1277 890/1292/1276 889/1294/1278
f 883/1293/1277 889/1294/1278 884/1295/1279
f 884/1295/1279 889/1294/1278 888/1296/1280
f 884/1295/1279 888/1296/1280 885/1297/1281
f 885/1297/1281 888/1296/1280 887/1298/1282
f 885/1297/1281 887/1298/1282 886/1299/1283
f 740/1274/1258 739/1300/1284 1224/1276/1260
f 1224/1276/1260 739/1300/1284 1223/1301/1285
f 1223/1301/1285 739/1300/1284 1222/1302/1286
f 1222/1302/1286 739/1300/1284 738/1303/1287
f 1222/1302/1286 738/1303/1287 1221/1304/1288
f 1221/1304/1288 738/1303/1287 1220/1305/1289
f 1220/1305/1289 738/1303/1287 737/1306/1290
f 1220/1305/1289 737/1306/1290 1219/1307/1291
f 1219/1307/1291 737/1306/1290 736/1308/1292
f 1219/1307/1291 736/1308/1292 1218/1309/1293
f 1218/1309/1293 736/1308/1292 735/1310/1294
f 1218/1309/1293 735/1310/1294 1217/1311/1295
f 1217/1311/1295 735/1310/1294 734/1312/1296
f 1217/1311/1295 734/1312/1296 1216/1313/1297
f 1216/1313/1297 734/1312/1296 733/1314/1298
f 1216/1313/1297 733/1314/1298 1215/1315/1299
f 1215/1315/1299 733/1314/1298 732/1316/1300
f 1215/1315/1299 732/1316/1300 1214/1317/1301
f 1214/1317/1301 732/1316/1300 731/1318/1302
f 1214/1317/1301 731/1318/1302 1213/1319/1303
f 1213/1319/1303 731/1318/1302 730/1320/1304
f 1213/1319/1303 730/1320/1304 1212/1321/1305
f 1212/1321/1305 730/1320/1304 729/1322/1306
f 1212/1321/1305 729/1322/1306 1211/1323/1307
f 1211/1323/1307 729/1322/1306 728/1324/1308
f 1211/1323/1307 728/1324/1308 1210/1325/1309
f 1210/1325/1309 728/1324/1308 727/1326/1310
f 1210/1325/1309 727/1326/1310 1209/1327/1311
f 1209/1327/1311 727/1326/1310 726/1328/1312
f 1209/1327/1311 726/1328/1312 1208/1329/1313
f 1208/1329/1313 726/1328/1312 725/1330/1314
f 1208/1329/1313 725/1330/1314 1207/1331/1315
f 1207/1331/1315 725/1330/1314 724/1332/1316
f 1207/1331/1315 724/1332/1316 1206/1333/1317
f 1206/1333/1317 724/1332/1316 1205/1334/1318
f 1205/1334/1318 724/1332/1316 1204/1335/1319
f 1204/1335/1319 724/1332/1316 723/1336/1320
f 1204/1335/1319 723/1336/1320 1203/1337/1321
f 1203/1337/1321 723/1336/1320 1202/1338/1322
f 1202/1338/1322 723/1336/1320 722/1339/1323
f 1202/1338/1322 722/1339/1323 1195/1340/1324
f 1195/1340/1324 722/1339/1323 1194/1341/1325
f 1194/1341/1325 722/1339/1323 721/1342/1326
f 1194/1341/1325 721/1342/1326 1193/1343/1327
f 1193/1343/1327 721/1342/1326 1192/1344/1328
f 1192/1344/1328 721/1342/1326 720/1345/1329
f 1192/1344/1328 720/1345/1329 1191/1346/1330
f 1191/1346/1330 720/1345/1329 1190/1347/1331
f 1190/1347/1331 720/1345/1329 719/1348/1332
f 1190/1347/1331 719/1348/1332 1189/1349/1333
f 1189/1349/1333 719/1348/1332 718/1350/1334
f 1189/1349/1333 718/1350/1334 1188/1351/1335
f 1188/1351/1335 718/1350/1334 717/1352/1336
f 1188/1351/1335 717/1352/1336 1187/1353/1337
f 1187/1353/1337 717/1352/1336 716/1354/1338
f 1187/1353/1337 716/1354/1338 1186/1355/1339
f 1186/1355/1339 716/1354/1338 715/1356/1340
f 1186/1355/1339 715/1356/1340 1185/1357/1341
f 1185/1357/1341 715/1356/1340 714/1358/1342
f 1185/1357/1341 714/1358/1342 1184/1359/1343
f 1184/1359/1343 714/1358/1342 713/1360/1344
f 1184/1359/1343 713/1360/1344 1183/1361/1345
f 1183/1361/1345 713/1360/1344 712/1362/1346
f 1183/1361/1345 712/1362/1346 1182/1363/1347
f 1182/1363/1347 712/1362/1346 711/1364/1348
f 1182/1363/1347 711/1364/1348 1181/1365/1349
f 1181/1365/1349 711/1364/1348 710/1366/1350
f 1181/1365/1349 710/1366/1350 1180/1367/1351
f 1180/1367/1351 710/1366/1350 709/1368/1352
f 1180/1367/1351 709/1368/1352 1179/1369/1353
f 1179/1369/1353 709/1368/1352 708/1370/1354
f 1179/1369/1353 708/1370/1354 1178/1371/1355
f 1178/1371/1355 708/1370/1354 707/1372/1356
f 1178/1371/1355 707/1372/1356 1177/1373/1357
f 1177/1373/1357 707/1372/1356 706/1374/1358
f 1177/1373/1357 706/1374/1358 1176/1375/1359
f 1176/1375/1359 706/1374/1358 1175/1376/1360
f 1175/1376/1360 706/1374/1358 705/1377/1361
f 1175/1376/1360 705/1377/1361 1174/1378/1362
f 1174/1378/1362 705/1377/1361 704/1379/1363
f 1174/1378/1362 704/1379/1363 1173/1380/1364
f 1173/1380/1364 704/1379/1363 1166/1381/1365
f 1173/1380/1364 1166/1381/1365 1169/1382/1366
f 1169/1382/1366 1166/1381/1365 1167/1383/1367
f 1169/1382/1366 1167/1383/1367 1168/1384/1368
f 1166/1381/1365 704/1379/1363 1165/1385/1369
f 1165/1385/1369 704/1379/1363 703/1386/1370
f 1165/1385/1369 703/1386/1370 1164/1387/1371
f 1164/1387/1371 703/1386/1370 1163/1388/1372
f 1163/1388/1372 703/1386/1370 1162/1389/1373
f 1162/1389/1373 703/1386/1370 702/1390/1374
f 1162/1389/1373 702/1390/1374 1161/1391/1375
f 1161/1391/1375 702/1390/1374 701/1392/1376
f 1161/1391/1375 701/1392/1376 1160/1393/1377
f 1160/1393/1377 701/1392/1376 700/1394/1378
f 1160/1393/1377 700/1394/1378 1159/1395/1379
f 1159/1395/1379 700/1394/1378 699/1396/1380
f 1159/1395/1379 699/1396/1380 1158/1397/1381
f 1158/1397/1381 699/1396/1380 698/1398/1382
f 1158/1397/1381 698/1398/1382 1157/1399/1383
f 1157/1399/1383 698/1398/1382 697/1400/1384
f 1157/1399/1383 697/1400/1384 1156/1401/1385
f 1156/1401/1385 697/1400/1384 696/1402/1386
f 1156/1401/1385 696/1402/1386 1155/1403/1387
f 1155/1403/1387 696/1402/1386 695/1404/1388
f 1155/1403/1387 695/1404/1388 694/1405/1389
f 1155/1403/1387 694/1405/1389 1154/1406/1390
f 1154/1406/1390 694/1405/1389 693/1407/1391
f 1154/1406/1390 693/1407/1391 1153/1408/1392
f 1153/1408/1392 693/1407/1391 692/1409/1393
f 1153/1408/1392 692/1409/1393 1152/1410/1394
f 1152/1410/1394 692/1409/1393 691/1411/1395
f 1152/1410/1394 691/1411/1395 1151/1412/1396
f 1151/1412/1396 691/1411/1395 690/1413/1397
f 1151/1412/1396 690/1413/1397 1150/1414/1398
f 1150/1414/1398 690/1413/1397 689/1415/1399
f 1150/1414/1398 689/1415/1399 1149/1416/1400
f 1149/1416/1400 689/1415/1399 688/1417/1401
f 1149/1416/1400 688/1417/1401 1148/1418/1402
f 1148/1418/1402 688/1417/1401 687/1419/1403
f 1148/1418/1402 687/1419/1403 1147/1420/1404
f 1147/1420/1404 687/1419/1403 1146/1421/1405
f 1146/1421/1405 687/1419/1403 686/1422/1406
f 1146/1421/1405 686/1422/1406 1145/1423/1407
f 1145/1423/1407 686/1422/1406 685/1424/1408
f 1145/1423/1407 685/1424/1408 1144/1425/1409
f 1144/1425/1409 685/1424/1408 1136/1426/1410
f 1144/1425/1409 1136/1426/1410 1137/1427/1411
f 1136/1426/1410 685/1424/1408 1135/1428/1412
f 1135/1428/1412 685/1424/1408 684/1429/1413
f 1135/1428/1412 684/1429/1413 1134/1430/1414
f 1134/1430/1414 684/1429/1413 1133/1431/1415
f 1133/1431/1415 684/1429/1413 683/1432/1416
f 1133/1431/1415 683/1432/1416 1132/1433/1417
f 1132/1433/1417 683/1432/1416 682/1434/1418
f 1132/1433/1417 682/1434/1418 1131/1435/1419
f 1131/1435/1419 682/1434/1418 681/1436/1420
f 1131/1435/1419 681/1436/1420 1130/1437/1421
f 1130/1437/1421 681/1436/1420 680/1438/1422
f 1130/1437/1421 680/1438/1422 1129/1439/1423
f 1129/1439/1423 680/1438/1422 679/1440/1424
f 1129/1439/1423 679/1440/1424 1128/1441/1425
f 1128/1441/1425 679/1440/1424 678/1442/1426
f 1128/1441/1425 678/1442/1426 1127/1443/1427
f 1127/1443/1427 678/1442/1426 677/1444/1428
f 1127/1443/1427 677/1444/1428 1126/1445/1429
f 1126/1445/1429 677/1444/1428 676/1446/1430
f 1126/1445/1429 676/1446/1430 675/1447/1431
f 1126/1445/1429 675/1447/1431 1125/1448/1432
f 1125/1448/1432 675/1447/1431 674/1449/1433
f 1125/1448/1432 674/1449/1433 1124/1450/1434
f 1124/1450/1434 674/1449/1433 673/1451/1435
f 1124/1450/1434 673/1451/1435 1123/1452/1436
f 1123/1452/1436 673/1451/1435 672/1453/1437
f 1123/1452/1436 672/1453/1437 1122/1454/1438
f 1122/1454/1438 672/1453/1437 671/1455/1439
f 1122/1454/1438 671/1455/1439 1121/1456/1440
f 1121/1456/1440 671/1455/1439 670/1457/1441
f 1121/1456/1440 670/1457/1441 1120/1458/1442
f 1120/1458/1442 670/1457/1441 669/1459/1443
f 1120/1458/1442 669/1459/1443 1119/1460/1444
f 1119/1460/1444 669/1459/1443 668/1461/1445
f 1119/1460/1444 668/1461/1445 1118/1462/1446
f 1118/1462/1446 668/1461/1445 1117/1463/1447
f 1117/1463/1447 668/1461/1445 1116/1464/1448
f 1116/1464/1448 668/1461/1445 667/1465/1449
f 1116/1464/1448 667/1465/1449 1115/1466/1450
f 1115/1466/1450 667/1465/1449 1108/1467/1451
f 1115/1466/1450 1108/1467/1451 1112/1468/1452
f 1112/1468/1452 1108/1467/1451 1111/1469/1453
f 1111/1469/1453 1108/1467/1451 1110/1470/1454
f 1110/1470/1454 1108/1467/1451 1109/1471/1455
f 1108/1467/1451 667/1465/1449 1107/1472/1456
f 1107/1472/1456 667/1465/1449 666/1473/1457
f 1107/1472/1456 666/1473/1457 1106/1474/1458
f 1106/1474/1458 666/1473/1457 665/1475/1459
f 1106/1474/1458 665/1475/1459 1105/1476/1460
f 1105/1476/1460 665/1475/1459 1104/1477/1461
f 1104/1477/1461 665/1475/1459 664/1478/1462
f 1104/1477/1461 664/1478/1462 1103/1479/1463
f 1103/1479/1463 664/1478/1462 663/1480/1464
f 1103/1479/1463 663/1480/1464 1102/1481/1465
f 1102/1481/1465 663/1480/1464 662/1482/1466
f 1102/1481/1465 662/1482/1466 1101/1483/1467
f 1101/1483/1467 662/1482/1466 661/1484/1468
f 1101/1483/1467 661/1484/1468 1100/1485/1469
f 1100/1485/1469 661/1484/1468 660/1486/1470
f 1100/1485/1469 660/1486/1470 1099/1487/1471
f 1099/1487/1471 660/1486/1470 659/1488/1472
f 1099/1487/1471 659/1488/1472 1098/1489/1473
f 1098/1489/1473 659/1488/1472 658/1490/1474
f 1098/1489/1473 658/1490/1474 1097/1491/1475
f 1097/1491/1475 658/1490/1474 657/1492/1476
f 1097/1491/1475 657/1492/1476 1096/1493/1477
f 1096/1493/1477 657/1492/1476 656/1494/1478
f 1096/1493/1477 656/1494/1478 1095/1495/1479
f 1095/1495/1479 656/1494/1478 655/1496/1480
f 1095/1495/1479 655/1496/1480 1094/1497/1481
f 1094/1497/1481 655/1496/1480 654/1498/1482
f 1094/1497/1481 654/1498/1482 1093/1499/1483
f 1093/1499/1483 654/1498/1482 653/1500/1484
f 1093/1499/1483 653/1500/1484 1092/1501/1485
f 1092/1501/1485 653/1500/1484 652/1502/1486
f 1092/1501/1485 652/1502/1486 1091/1503/1487
f 1091/1503/1487 652/1502/1486 651/1504/1488
f 1091/1503/1487 651/1504/1488 1090/1505/1489
f 1090/1505/1489 651/1504/1488 1089/1506/1490
f 1089/1506/1490 651/1504/1488 650/1507/1491
f 1089/1506/1490 650/1507/1491 1088/1508/1492
f 1088/1508/1492 650/1507/1491 1087/1509/1493
f 1087/1509/1493 650/1507/1491 649/1510/1494
f 1087/1509/1493 649/1510/1494 1086/1511/1495
f 1086/1511/1495 649/1510/1494 1079/1512/1496
f 1086/1511/1495 1079/1512/1496 1083/1513/1497
f 1083/1513/1497 1079/1512/1496 1082/1514/1498
f 1082/1514/1498 1079/1512/1496 1081/1515/1499
f 1081/1515/1499 1079/1512/1496 1080/1516/1500
f 649/1510/1494 648/1517/1501 1079/1512/1496
f 1079/1512/1496 648/1517/1501 1078/1518/1502
f 1078/1518/1502 648/1517/1501 1077/1519/1503
f 1077/1519/1503 648/1517/1501 647/1520/1504
f 1077/1519/1503 647/1520/1504 1076/1521/1505
f 1076/1521/1505 647/1520/1504 1075/1522/1506
f 1075/1522/1506 647/1520/1504 1074/1523/1507
f 1074/1523/1507 647/1520/1504 646/1524/1508
f 1074/1523/1507 646/1524/1508 1073/1525/1509
f 1073/1525/1509 646/1524/1508 645/1526/1510
f 1073/1525/1509 645/1526/1510 1072/1527/1511
f 1072/1527/1511 645/1526/1510 644/1528/1512
f 1072/1527/1511 644/1528/1512 1071/1529/1513
f 1071/1529/1513 644/1528/1512 643/1530/1514
f 1071/1529/1513 643/1530/1514 1070/1531/1515
f 1070/1531/1515 643/1530/1514 642/1532/1516
f 1070/1531/1515 642/1532/1516 1069/1533/1517
f 1069/1533/1517 642/1532/1516 641/1534/1518
f 1069/1533/1517 641/1534/1518 1068/1535/1519
f 1068/1535/1519 641/1534/1518 640/1536/1520
f 1068/1535/1519 640/1536/1520 1067/1537/1521
f 1067/1537/1521 640/1536/1520 639/1538/1522
f 1067/1537/1521 639/1538/1522 1066/1539/1523
f 1066/1539/1523 639/1538/1522 638/1540/1524
f 1066/1539/1523 638/1540/1524 1065/1541/1525
f 1065/1541/1525 638/1540/1524 637/1542/1526
f 1065/1541/1525 637/1542/1526 1064/1543/1527
f 1064/1543/1527 637/1542/1526 636/1544/1528
f 1064/1543/1527 636/1544/1528 1063/1545/1529
f 1063/1545/1529 636/1544/1528 635/1546/1530
f 1063/1545/1529 635/1546/1530 1062/1547/1531
f 1062/1547/1531 635/1546/1530 634/1548/1532
f 1062/1547/1531 634/1548/1532 1061/1549/1533
f 1061/1549/1533 634/1548/1532 633/1550/1534
f 1061/1549/1533 633/1550/1534 1060/1551/1535
f 1060/1551/1535 633/1550/1534 1059/1552/1536
f 1059/1552/1536 633/1550/1534 632/1553/1537
f 1059/1552/1536 632/1553/1537 1058/1554/1538
f 1058/1554/1538 632/1553/1537 1057/1555/1539
f 1057/1555/1539 632/1553/1537 631/1556/1540
f 1057/1555/1539 631/1556/1540 1050/1557/1541
f 1050/1557/1541 631/1556/1540 1049/1558/1542
f 1049/1558/1542 631/1556/1540 630/1559/1543
f 1049/1558/1542 630/1559/1543 1048/1560/1544
f 1048/1560/1544 630/1559/1543 1047/1561/1545
f 1047/1561/1545 630/1559/1543 629/1562/1546
f 1047/1561/1545 629/1562/1546 454/1563/1547
f 454/1563/1547 629/1562/1546 455/1564/1548
f 455/1564/1548 629/1562/1546 628/1565/1549
f 455/1564/1548 628/1565/1549 456/1566/1550
f 456/1566/1550 628/1565/1549 627/1567/1551
f 456/1566/1550 627/1567/1551 457/1568/1552
f 457/1568/1552 627/1567/1551 626/1569/1553
f 457/1568/1552 626/1569/1553 458/1570/1554
f 458/1570/1554 626/1569/1553 625/1571/1555
f 458/1570/1554 625/1571/1555 459/1572/1556
f 459/1572/1556 625/1571/1555 624/1573/1557
f 459/1572/1556 624/1573/1557 460/1574/1558
f 460/1574/1558 624/1573/1557 623/1575/1559
f 460/1574/1558 623/1575/1559 461/1576/1560
f 461/1576/1560 623/1575/1559 622/1577/1561
f 461/1576/1560 622/1577/1561 416/1578/1562
f 416/1578/1562 622/1577/1561 621/1579/1563
f 416/1578/1562 621/1579/1563 417/1580/1564
f 417/1580/1564 621/1579/1563 418/1581/1565
f 418/1581/1565 621/1579/1563 419/1582/1566
f 419/1582/1566 621/1579/1563 420/1583/1567
f 420/1583/1567 621/1579/1563 421/1584/1568
f 421/1584/1568 621/1579/1563 476/1585/1569
f 476/1585/1569 621/1579/1563 490/1586/1570
f 476/1585/1569 490/1586/1570 477/1587/1571
f 477/1587/1571 490/1586/1570 478/1588/1572
f 478/1588/1572 490/1586/1570 479/1589/1573
f 479/1589/1573 490/1586/1570 480/1590/1574
f 480/1590/1574 490/1586/1570 489/1591/1575
f 480/1590/1574 489/1591/1575 481/1592/1576
f 481/1592/1576 489/1591/1575 488/1593/1577
f 481/1592/1576 488/1593/1577 482/1594/1578
f 482/1594/1578 488/1593/1577 487/1595/1579
f 482/1594/1578 487/1595/1579 483/1596/1580
f 483/1596/1580 487/1595/1579 486/1597/1581
f 483/1596/1580 486/1597/1581 484/1598/1582
f 484/1598/1582 486/1597/1581 485/1599/1583
f 1057/1555/1539 1050/1557/1541 1053/1600/1584
f 1053/1600/1584 1050/1557/1541 1051/1601/1585
f 1053/1600/1584 1051/1601/1585 1052/1602/1586
f 1053/1600/1584 1054/1603/1587 1057/1555/1539
f 1057/1555/1539 1054/1603/1587 1055/1604/1588
f 1057/1555/1539 1055/1604/1588 1056/1605/1589
f 1084/1606/1590 1085/1607/1591 1083/1513/1497
f 1083/1513/1497 1085/1607/1591 1086/1511/1495
f 1113/1608/1592 1114/1609/1593 1112/1468/1452
f 1112/1468/1452 1114/1609/1593 1115/1466/1450
f 1138/1610/1594 1140/1611/1595 1137/1427/1411
f 1137/1427/1411 1140/1611/1595 1141/1612/1596
f 1137/1427/1411 1141/1612/1596 1144/1425/1409
f 1144/1425/1409 1141/1612/1596 1143/1613/1597
f 1143/1613/1597 1141/1612/1596 1142/1614/1598
f 1138/1610/1594 1139/1615/1599 1140/1611/1595
f 1169/1382/1366 1170/1616/1600 1173/1380/1364
f 1173/1380/1364 1170/1616/1600 1171/1617/1601
f 1173/1380/1364 1171/1617/1601 1172/1618/1602
f 1202/1338/1322 1195/1340/1324 1198/1619/1603
f 1198/1619/1603 1195/1340/1324 1196/1620/1604
f 1198/1619/1603 1196/1620/1604 1197/1621/1605
f 1198/1619/1603 1199/1622/1606 1202/1338/1322
f 1202/1338/1322 1199/1622/1606 1200/1623/1607
f 1202/1338/1322 1200/1623/1607 1201/1624/1608
f 1229/1625/1609 1230/1626/1610 1228/1277/1261
f 1228/1277/1261 1230/1626/1610 1231/1275/1259
f 126/1627/1611 1235/1628/1612 127/1629/1613
f 127/1629/1613 1235/1628/1612 1236/1630/1614
f 127/1629/1613 1236/1630/1614 1237/1631/1615
f 1237/1631/1615 1236/1630/1614 1270/1632/1616
f 1237/1631/1615 1270/1632/1616 1271/1633/1617
f 1271/1633/1617 1270/1632/1616 124/1634/1618
f 1271/1633/1617 124/1634/1618 1272/1635/1619
f 1272/1635/1619 124/1634/1618 1273/1636/1620
f 1272/1635/1619 1273/1636/1620 1239/1637/1621
f 1239/1637/1621 1273/1636/1620 1240/1638/1622
f 1239/1637/1621 1240/1638/1622 127/1629/1613
f 127/1629/1613 1240/1638/1622 1241/1639/1623
f 127/1629/1613 1241/1639/1623 1242/1640/1624
f 1242/1640/1624 1241/1639/1623 1275/1641/1625
f 1242/1640/1624 1275/1641/1625 1276/1642/1626
f 1276/1642/1626 1275/1641/1625 124/1634/1618
f 1276/1642/1626 124/1634/1618 1277/1643/1627
f 1277/1643/1627 124/1634/1618 1278/1644/1628
f 1277/1643/1627 1278/1644/1628 1244/1645/1629
f 1244/1645/1629 1278/1644/1628 1245/1646/1630
f 1244/1645/1629 1245/1646/1630 127/1629/1613
f 127/1629/1613 1245/1646/1630 1246/1647/1631
f 127/1629/1613 1246/1647/1631 1247/1648/1632
f 1247/1648/1632 1246/1647/1631 1280/1649/1633
f 1247/1648/1632 1280/1649/1633 1281/1650/1634
f 1281/1650/1634 1280/1649/1633 124/1634/1618
f 1281/1650/1634 124/1634/1618 1282/1651/1635
f 1282/1651/1635 124/1634/1618 1283/1652/1636
f 1282/1651/1635 1283/1652/1636 1249/1653/1637
f 1249/1653/1637 1283/1652/1636 1250/1654/1638
f 1249/1653/1637 1250/1654/1638 127/1629/1613
f 127/1629/1613 1250/1654/1638 1251/1655/1639
f 127/1629/1613 1251/1655/1639 1162/1656/1640
f 1162/1656/1640 1251/1655/1639 1252/1657/1641
f 1162/1656/1640 1252/1657/1641 1253/1658/1642
f 1253/1658/1642 1252/1657/1641 1286/1659/1643
f 1253/1658/1642 1286/1659/1643 1287/1660/1644
f 1287/1660/1644 1286/1659/1643 1165/1661/1645
f 1287/1660/1644 1165/1661/1645 1288/1662/1646
f 1288/1662/1646 1165/1661/1645 1289/1663/1647
f 1288/1662/1646 1289/1663/1647 1255/1664/1648
f 1255/1664/1648 1289/1663/1647 1256/1665/1649
f 1255/1664/1648 1256/1665/1649 1162/1656/1640
f 1162/1656/1640 1256/1665/1649 1257/1666/1650
f 1162/1656/1640 1257/1666/1650 1258/1667/1651
f 1258/1667/1651 1257/1666/1650 1291/1668/1652
f 1258/1667/1651 1291/1668/1652 1292/1669/1653
f 1292/1669/1653 1291/1668/1652 1165/1661/1645
f 1292/1669/1653 1165/1661/1645 1293/1670/1654
f 1293/1670/1654 1165/1661/1645 1294/1671/1655
f 1293/1670/1654 1294/1671/1655 1260/1672/1656
f 1260/1672/1656 1294/1671/1655 1261/1673/1657
f 1260/1672/1656 1261/1673/1657 1162/1656/1640
f 1162/1656/1640 1261/1673/1657 1262/1674/1658
f 1162/1656/1640 1262/1674/1658 1263/1675/1659
f 1263/1675/1659 1262/1674/1658 1296/1676/1660
f 1263/1675/1659 1296/1676/1660 1297/1677/1661
f 1297/1677/1661 1296/1676/1660 1165/1661/1645
f 1297/1677/1661 1165/1661/1645 1298/1678/1662
f 1298/1678/1662 1165/1661/1645 1299/1679/1663
f 1298/1678/1662 1299/1679/1663 1265/1680/1664
f 1265/1680/1664 1299/1679/1663 1266/1681/1665
f 1265/1680/1664 1266/1681/1665 1162/1656/1640
f 1162/1656/1640 1266/1681/1665 1267/1682/1666
f 1162/1656/1640 1267/1682/1666 1163/1683/1667
f 1163/1683/1667 1267/1682/1666 1164/1684/1668
f 1164/1684/1668 1267/1682/1666 1300/1685/1669
f 1164/1684/1668 1300/1685/1669 1165/1661/1645
f 1165/1661/1645 1300/1685/1669 1299/1679/1663
f 1235/1628/1612 126/1627/1611 1268/1686/1670
f 1268/1686/1670 126/1627/1611 125/1687/1671
f 1268/1686/1670 125/1687/1671 124/1634/1618
f 1283/1652/1636 124/1634/1618 1284/1688/1672
f 1284/1688/1672 124/1634/1618 1165/1661/1645
f 1284/1688/1672 1165/1661/1645 1285/1689/1673
f 1285/1689/1673 1165/1661/1645 1286/1659/1643
f 1285/1689/1673 1286/1659/1643 1252/1657/1641
f 1236/1630/1614 1235/1628/1612 1269/1690/1674
f 1269/1690/1674 1235/1628/1612 1268/1686/1670
f 1269/1690/1674 1268/1686/1670 124/1634/1618
f 1239/1637/1621 127/1629/1613 1238/1691/1675
f 1238/1691/1675 127/1629/1613 1237/1631/1615
f 1238/1691/1675 1237/1631/1615 1271/1633/1617
f 1272/1635/1619 1239/1637/1621 1238/1691/1675
f 1272/1635/1619 1238/1691/1675 1271/1633/1617
f 1241/1639/1623 1240/1638/1622 1274/1692/1676
f 1274/1692/1676 1240/1638/1622 1273/1636/1620
f 1274/1692/1676 1273/1636/1620 124/1634/1618
f 1244/1645/1629 127/1629/1613 1243/1693/1677
f 1243/1693/1677 127/1629/1613 1242/1640/1624
f 1243/1693/1677 1242/1640/1624 1276/1642/1626
f 1277/1643/1627 1244/1645/1629 1243/1693/1677
f 1277/1643/1627 1243/1693/1677 1276/1642/1626
f 1246/1647/1631 1245/1646/1630 1279/1694/1678
f 1279/1694/1678 1245/1646/1630 1278/1644/1628
f 1279/1694/1678 1278/1644/1628 124/1634/1618
f 1249/1653/1637 127/1629/1613 1248/1695/1679
f 1248/1695/1679 127/1629/1613 1247/1648/1632
f 1248/1695/1679 1247/1648/1632 1281/1650/1634
f 1282/1651/1635 1249/1653/1637 1248/1695/1679
f 1282/1651/1635 1248/1695/1679 1281/1650/1634
f 1285/1689/1673 1252/1657/1641 1251/1655/1639
f 1283/1652/1636 1284/1688/1672 1250/1654/1638
f 1250/1654/1638 1284/1688/1672 1251/1655/1639
f 1284/1688/1672 1285/1689/1673 1251/1655/1639
f 1255/1664/1648 1162/1656/1640 1254/1696/1680
f 1254/1696/1680 1162/1656/1640 1253/1658/1642
f 1254/1696/1680 1253/1658/1642 1287/1660/1644
f 1288/1662/1646 1255/1664/1648 1254/1696/1680
f 1288/1662/1646 1254/1696/1680 1287/1660/1644
f 1257/1666/1650 1256/1665/1649 1290/1697/1681
f 1290/1697/1681 1256/1665/1649 1289/1663/1647
f 1290/1697/1681 1289/1663/1647 1165/1661/1645
f 1260/1672/1656 1162/1656/1640 1259/1698/1682
f 1259/1698/1682 1162/1656/1640 1258/1667/1651
f 1259/1698/1682 1258/1667/1651 1292/1669/1653
f 1293/1670/1654 1260/1672/1656 1259/1698/1682
f 1293/1670/1654 1259/1698/1682 1292/1669/1653
f 1262/1674/1658 1261/1673/1657 1295/1699/1683
f 1295/1699/1683 1261/1673/1657 1294/1671/1655
f 1295/1699/1683 1294/1671/1655 1165/1661/1645
f 1265/1680/1664 1162/1656/1640 1264/1700/1684
f 1264/1700/1684 1162/1656/1640 1263/1675/1659
f 1264/1700/1684 1263/1675/1659 1297/1677/1661
f 1298/1678/1662 1265/1680/1664 1264/1700/1684
f 1298/1678/1662 1264/1700/1684 1297/1677/1661
f 1300/1685/1669 1267/1682/1666 1266/1681/1665
f 1300/1685/1669 1266/1681/1665 1299/1679/1663
f 124/1634/1618 1270/1632/1616 1269/1690/1674
f 1269/1690/1674 1270/1632/1616 1236/1630/1614
f 124/1634/1618 1275/1641/1625 1274/1692/1676
f 1274/1692/1676 1275/1641/1625 1241/1639/1623
f 124/1634/1618 1280/1649/1633 1279/1694/1678
f 1279/1694/1678 1280/1649/1633 1246/1647/1631
f 1165/1661/1645 1291/1668/1652 1290/1697/1681
f 1290/1697/1681 1291/1668/1652 1257/1666/1650
f 1165/1661/1645 1296/1676/1660 1295/1699/1683
f 1295/1699/1683 1296/1676/1660 1262/1674/1658
f 124/1701/1618 123/1702/1685 1165/1703/1645
f 1165/1703/1645 123/1702/1685 1166/1704/1686
f 122/1705/1687 1301/1706/1688 123/1707/1685
f 123/1707/1685 1301/1706/1688 1302/1708/1689
f 123/1707/1685 1302/1708/1689 1303/1709/1690
f 1303/1709/1690 1302/1708/1689 1341/1710/1691
f 1303/1709/1690 1341/1710/1691 1342/1711/1692
f 1342/1711/1692 1341/1710/1691 120/1712/1693
f 1342/1711/1692 120/1712/1693 1343/1713/1694
f 1343/1713/1694 120/1712/1693 1344/1714/1695
f 1343/1713/1694 1344/1714/1695 1305/1715/1696
f 1305/1715/1696 1344/1714/1695 1306/1716/1697
f 1305/1715/1696 1306/1716/1697 123/1707/1685
f 123/1707/1685 1306/1716/1697 1307/1717/1698
f 123/1707/1685 1307/1717/1698 1308/1718/1699
f 1308/1718/1699 1307/1717/1698 1346/1719/1700
f 1308/1718/1699 1346/1719/1700 1347/1720/1701
f 1347/1720/1701 1346/1719/1700 120/1712/1693
f 1347/1720/1701 120/1712/1693 1348/1721/1702
f 1348/1721/1702 120/1712/1693 1349/1722/1703
f 1348/1721/1702 1349/1722/1703 1310/1723/1704
f 1310/1723/1704 1349/1722/1703 1311/1724/1705
f 1310/1723/1704 1311/1724/1705 123/1707/1685
f 123/1707/1685 1311/1724/1705 1312/1725/1706
f 123/1707/1685 1312/1725/1706 1313/1726/1707
f 1313/1726/1707 1312/1725/1706 1351/1727/1708
f 1313/1726/1707 1351/1727/1708 1352/1728/1709
f 1352/1728/1709 1351/1727/1708 120/1712/1693
f 1352/1728/1709 120/1712/1693 1353/1729/1710
f 1353/1729/1710 120/1712/1693 1354/1730/1711
f 1353/1729/1710 1354/1730/1711 1315/1731/1712
f 1315/1731/1712 1354/1730/1711 1316/1732/1713
f 1315/1731/1712 1316/1732/1713 123/1707/1685
f 123/1707/1685 1316/1732/1713 1317/1733/1714
f 123/1707/1685 1317/1733/1714 1318/1734/1715
f 1318/1734/1715 1317/1733/1714 1356/1735/1716
f 1318/1734/1715 1356/1735/1716 1357/1736/1717
f 1357/1736/1717 1356/1735/1716 120/1712/1693
f 1357/1736/1717 120/1712/1693 1169/1737/1718
f 1301/1706/1688 122/1705/1687 1339/1738/1719
f 1339/1738/1719 122/1705/1687 121/1739/1720
f 1339/1738/1719 121/1739/1720 120/1712/1693
f 1168/1740/1721 1376/1741/1722 1169/1737/1718
f 1169/1737/1718 1376/1741/1722 1375/1742/1723
f 1169/1737/1718 1375/1742/1723 1374/1743/1724
f 1374/1743/1724 1375/1742/1723 1336/1744/1725
f 1374/1743/1724 1336/1744/1725 1335/1745/1726
f 1335/1745/1726 1336/1744/1725 1166/1746/1686
f 1335/1745/1726 1166/1746/1686 1334/1747/1727
f 1334/1747/1727 1166/1746/1686 1333/1748/1728
f 1334/1747/1727 1333/1748/1728 1372/1749/1729
f 1372/1749/1729 1333/1748/1728 1371/1750/1730
f 1372/1749/1729 1371/1750/1730 1169/1737/1718
f 1169/1737/1718 1371/1750/1730 1370/1751/1731
f 1169/1737/1718 1370/1751/1731 1369/1752/1732
f 1369/1752/1732 1370/1751/1731 1331/1753/1733
f 1369/1752/1732 1331/1753/1733 1330/1754/1734
f 1330/1754/1734 1331/1753/1733 1166/1746/1686
f 1330/1754/1734 1166/1746/1686 1329/1755/1735
f 1329/1755/1735 1166/1746/1686 1328/1756/1736
f 1329/1755/1735 1328/1756/1736 1367/1757/1737
f 1367/1757/1737 1328/1756/1736 1366/1758/1738
f 1367/1757/1737 1366/1758/1738 1169/1737/1718
f 1169/1737/1718 1366/1758/1738 1365/1759/1739
f 1169/1737/1718 1365/1759/1739 1364/1760/1740
f 1364/1760/1740 1365/1759/1739 1326/1761/1741
f 1364/1760/1740 1326/1761/1741 1325/1762/1742
f 1325/1762/1742 1326/1761/1741 1166/1746/1686
f 1325/1762/1742 1166/1746/1686 1324/1763/1743
f 1324/1763/1743 1166/1746/1686 1323/1764/1744
f 1324/1763/1743 1323/1764/1744 1362/1765/1745
f 1362/1765/1745 1323/1764/1744 1361/1766/1746
f 1362/1765/1745 1361/1766/1746 1169/1737/1718
f 1169/1737/1718 1361/1766/1746 1360/1767/1747
f 1169/1737/1718 1360/1767/1747 1359/1768/1748
f 1359/1768/1748 1360/1767/1747 1321/1769/1749
f 1359/1768/1748 1321/1769/1749 1320/1770/1750
f 1320/1770/1750 1321/1769/1749 1166/1746/1686
f 1320/1770/1750 1166/1746/1686 123/1707/1685
f 1376/1741/1722 1168/1740/1721 1338/1771/1751
f 1338/1771/1751 1168/1740/1721 1167/1772/1752
f 1338/1771/1751 1167/1772/1752 1166/1746/1686
f 1302/1708/1689 1301/1706/1688 1340/1773/1753
f 1340/1773/1753 1301/1706/1688 1339/1738/1719
f 1340/1773/1753 1339/1738/1719 120/1712/1693
f 1305/1715/1696 123/1707/1685 1304/1774/1754
f 1304/1774/1754 123/1707/1685 1303/1709/1690
f 1304/1774/1754 1303/1709/1690 1342/1711/1692
f 1343/1713/1694 1305/1715/1696 1304/1774/1754
f 1343/1713/1694 1304/1774/1754 1342/1711/1692
f 1307/1717/1698 1306/1716/1697 1345/1775/1755
f 1345/1775/1755 1306/1716/1697 1344/1714/1695
f 1345/1775/1755 1344/1714/1695 120/1712/1693
f 1310/1723/1704 123/1707/1685 1309/1776/1756
f 1309/1776/1756 123/1707/1685 1308/1718/1699
f 1309/1776/1756 1308/1718/1699 1347/1720/1701
f 1348/1721/1702 1310/1723/1704 1309/1776/1756
f 1348/1721/1702 1309/1776/1756 1347/1720/1701
f 1312/1725/1706 1311/1724/1705 1350/1777/1757
f 1350/1777/1757 1311/1724/1705 1349/1722/1703
f 1350/1777/1757 1349/1722/1703 120/1712/1693
f 1315/1731/1712 123/1707/1685 1314/1778/1758
f 1314/1778/1758 123/1707/1685 1313/1726/1707
f 1314/1778/1758 1313/1726/1707 1352/1728/1709
f 1353/1729/1710 1315/1731/1712 1314/1778/1758
f 1353/1729/1710 1314/1778/1758 1352/1728/1709
f 1317/1733/1714 1316/1732/1713 1355/1779/1759
f 1355/1779/1759 1316/1732/1713 1354/1730/1711
f 1355/1779/1759 1354/1730/1711 120/1712/1693
f 1320/1770/1750 123/1707/1685 1319/1780/1760
f 1319/1780/1760 123/1707/1685 1318/1734/1715
f 1319/1780/1760 1318/1734/1715 1357/1736/1717
f 1320/1770/1750 1319/1780/1760 1358/1781/1761
f 1358/1781/1761 1319/1780/1760 1357/1736/1717
f 1358/1781/1761 1357/1736/1717 1169/1737/1718
f 1323/1764/1744 1166/1746/1686 1322/1782/1762
f 1322/1782/1762 1166/1746/1686 1321/1769/1749
f 1322/1782/1762 1321/1769/1749 1360/1767/1747
f 1361/1766/1746 1323/1764/1744 1322/1782/1762
f 1361/1766/1746 1322/1782/1762 1360/1767/1747
f 1325/1762/1742 1324/1763/1743 1363/1783/1763
f 1363/1783/1763 1324/1763/1743 1362/1765/1745
f 1363/1783/1763 1362/1765/1745 1169/1737/1718
f 1328/1756/1736 1166/1746/1686 1327/1784/1764
f 1327/1784/1764 1166/1746/1686 1326/1761/1741
f 1327/1784/1764 1326/1761/1741 1365/1759/1739
f 1366/1758/1738 1328/1756/1736 1327/1784/1764
f 1366/1758/1738 1327/1784/1764 1365/1759/1739
f 1330/1754/1734 1329/1755/1735 1368/1785/1765
f 1368/1785/1765 1329/1755/1735 1367/1757/1737
f 1368/1785/1765 1367/1757/1737 1169/1737/1718
f 1333/1748/1728 1166/1746/1686 1332/1786/1766
f 1332/1786/1766 1166/1746/1686 1331/1753/1733
f 1332/1786/1766 1331/1753/1733 1370/1751/1731
f 1371/1750/1730 1333/1748/1728 1332/1786/1766
f 1371/1750/1730 1332/1786/1766 1370/1751/1731
f 1335/1745/1726 1334/1747/1727 1373/1787/1767
f 1373/1787/1767 1334/1747/1727 1372/1749/1729
f 1373/1787/1767 1372/1749/1729 1169/1737/1718
f 1338/1771/1751 1166/1746/1686 1337/1788/1768
f 1337/1788/1768 1166/1746/1686 1336/1744/1725
f 1337/1788/1768 1336/1744/1725 1375/1742/1723
f 1376/1741/1722 1338/1771/1751 1337/1788/1768
f 1376/1741/1722 1337/1788/1768 1375/1742/1723
f 120/1712/1693 1341/1710/1691 1340/1773/1753
f 1340/1773/1753 1341/1710/1691 1302/1708/1689
f 120/1712/1693 1346/1719/1700 1345/1775/1755
f 1345/1775/1755 1346/1719/1700 1307/1717/1698
f 120/1712/1693 1351/1727/1708 1350/1777/1757
f 1350/1777/1757 1351/1727/1708 1312/1725/1706
f 120/1712/1693 1356/1735/1716 1355/1779/1759
f 1355/1779/1759 1356/1735/1716 1317/1733/1714
f 1169/1737/1718 1359/1768/1748 1358/1781/1761
f 1358/1781/1761 1359/1768/1748 1320/1770/1750
f 1169/1737/1718 1364/1760/1740 1363/1783/1763
f 1363/1783/1763 1364/1760/1740 1325/1762/1742
f 1169/1737/1718 1369/1752/1732 1368/1785/1765
f 1368/1785/1765 1369/1752/1732 1330/1754/1734
f 1169/1737/1718 1374/1743/1724 1373/1787/1767
f 1373/1787/1767 1374/1743/1724 1335/1745/1726
f 120/1789/1693 119/1790/1769 1169/1791/1718
f 1169/1791/1718 119/1790/1769 1170/1792/1770
f 118/1793/1771 1377/1794/1772 119/1795/1769
f 119/1795/1769 1377/1794/1772 1378/1796/1773
f 119/1795/1769 1378/1796/1773 1379/1797/1774
f 1379/1797/1774 1378/1796/1773 1417/1798/1775
f 1379/1797/1774 1417/1798/1775 1418/1799/1776
f 1418/1799/1776 1417/1798/1775 116/1800/1777
f 1418/1799/1776 116/1800/1777 1419/1801/1778
f 1419/1801/1778 116/1800/1777 1420/1802/1779
f 1419/1801/1778 1420/1802/1779 1381/1803/1780
f 1381/1803/1780 1420/1802/1779 1382/1804/1781
f 1381/1803/1780 1382/1804/1781 119/1795/1769
f 119/1795/1769 1382/1804/1781 1383/1805/1782
f 119/1795/1769 1383/1805/1782 1384/1806/1783
f 1384/1806/1783 1383/1805/1782 1422/1807/1784
f 1384/1806/1783 1422/1807/1784 1423/1808/1785
f 1423/1808/1785 1422/1807/1784 116/1800/1777
f 1423/1808/1785 116/1800/1777 1424/1809/1786
f 1424/1809/1786 116/1800/1777 1425/1810/1787
f 1424/1809/1786 1425/1810/1787 1386/1811/1788
f 1386/1811/1788 1425/1810/1787 1387/1812/1789
f 1386/1811/1788 1387/1812/1789 119/1795/1769
f 119/1795/1769 1387/1812/1789 1388/1813/1790
f 119/1795/1769 1388/1813/1790 1389/1814/1791
f 1389/1814/1791 1388/1813/1790 1427/1815/1792
f 1389/1814/1791 1427/1815/1792 1428/1816/1793
f 1428/1816/1793 1427/1815/1792 116/1800/1777
f 1428/1816/1793 116/1800/1777 1429/1817/1794
f 1429/1817/1794 116/1800/1777 1430/1818/1795
f 1429/1817/1794 1430/1818/1795 1391/1819/1796
f 1391/1819/1796 1430/1818/1795 1392/1820/1797
f 1391/1819/1796 1392/1820/1797 119/1795/1769
f 119/1795/1769 1392/1820/1797 1393/1821/1798
f 119/1795/1769 1393/1821/1798 1394/1822/1799
f 1394/1822/1799 1393/1821/1798 1432/1823/1800
f 1394/1822/1799 1432/1823/1800 1433/1824/1801
f 1433/1824/1801 1432/1823/1800 116/1800/1777
f 1433/1824/1801 116/1800/1777 1173/1825/1802
f 1377/1794/1772 118/1793/1771 1415/1826/1803
f 1415/1826/1803 118/1793/1771 117/1827/1804
f 1415/1826/1803 117/1827/1804 116/1800/1777
f 1172/1828/1805 1452/1829/1806 1173/1825/1802
f 1173/1825/1802 1452/1829/1806 1451/1830/1807
f 1173/1825/1802 1451/1830/1807 1450/1831/1808
f 1450/1831/1808 1451/1830/1807 1412/1832/1809
f 1450/1831/1808 1412/1832/1809 1411/1833/1810
f 1411/1833/1810 1412/1832/1809 1170/1834/1770
f 1411/1833/1810 1170/1834/1770 1410/1835/1811
f 1410/1835/1811 1170/1834/1770 1409/1836/1812
f 1410/1835/1811 1409/1836/1812 1448/1837/1813
f 1448/1837/1813 1409/1836/1812 1447/1838/1814
f 1448/1837/1813 1447/1838/1814 1173/1825/1802
f 1173/1825/1802 1447/1838/1814 1446/1839/1815
f 1173/1825/1802 1446/1839/1815 1445/1840/1816
f 1445/1840/1816 1446/1839/1815 1407/1841/1817
f 1445/1840/1816 1407/1841/1817 1406/1842/1818
f 1406/1842/1818 1407/1841/1817 1170/1834/1770
f 1406/1842/1818 1170/1834/1770 1405/1843/1819
f 1405/1843/1819 1170/1834/1770 1404/1844/1820
f 1405/1843/1819 1404/1844/1820 1443/1845/1821
f 1443/1845/1821 1404/1844/1820 1442/1846/1822
f 1443/1845/1821 1442/1846/1822 1173/1825/1802
f 1173/1825/1802 1442/1846/1822 1441/1847/1823
f 1173/1825/1802 1441/1847/1823 1440/1848/1824
f 1440/1848/1824 1441/1847/1823 1402/1849/1825
f 1440/1848/1824 1402/1849/1825 1401/1850/1826
f 1401/1850/1826 1402/1849/1825 1170/1834/1770
f 1401/1850/1826 1170/1834/1770 1400/1851/1827
f 1400/1851/1827 1170/1834/1770 1399/1852/1828
f 1400/1851/1827 1399/1852/1828 1438/1853/1829
f 1438/1853/1829 1399/1852/1828 1437/1854/1830
f 1438/1853/1829 1437/1854/1830 1173/1825/1802
f 1173/1825/1802 1437/1854/1830 1436/1855/1831
f 1173/1825/1802 1436/1855/1831 1435/1856/1832
f 1435/1856/1832 1436/1855/1831 1397/1857/1833
f 1435/1856/1832 1397/1857/1833 1396/1858/1834
f 1396/1858/1834 1397/1857/1833 1170/1834/1770
f 1396/1858/1834 1170/1834/1770 119/1795/1769
f 1452/1829/1806 1172/1828/1805 1414/1859/1835
f 1414/1859/1835 1172/1828/1805 1171/1860/1836
f 1414/1859/1835 1171/1860/1836 1170/1834/1770
f 1378/1796/1773 1377/1794/1772 1416/1861/1837
f 1416/1861/1837 1377/1794/1772 1415/1826/1803
f 1416/1861/1837 1415/1826/1803 116/1800/1777
f 1381/1803/1780 119/1795/1769 1380/1862/1838
f 1380/1862/1838 119/1795/1769 1379/1797/1774
f 1380/1862/1838 1379/1797/1774 1418/1799/1776
f 1419/1801/1778 1381/1803/1780 1380/1862/1838
f 1419/1801/1778 1380/1862/1838 1418/1799/1776
f 1383/1805/1782 1382/1804/1781 1421/1863/1839
f 1421/1863/1839 1382/1804/1781 1420/1802/1779
f 1421/1863/1839 1420/1802/1779 116/1800/1777
f 1386/1811/1788 119/1795/1769 1385/1864/1840
f 1385/1864/1840 119/1795/1769 1384/1806/1783
f 1385/1864/1840 1384/1806/1783 1423/1808/1785
f 1424/1809/1786 1386/1811/1788 1385/1864/1840
f 1424/1809/1786 1385/1864/1840 1423/1808/1785
f 1388/1813/1790 1387/1812/1789 1426/1865/1841
f 1426/1865/1841 1387/1812/1789 1425/1810/1787
f 1426/1865/1841 1425/1810/1787 116/1800/1777
f 1391/1819/1796 119/1795/1769 1390/1866/1842
f 1390/1866/1842 119/1795/1769 1389/1814/1791
f 1390/1866/1842 1389/1814/1791 1428/1816/1793
f 1429/1817/1794 1391/1819/1796 1390/1866/1842
f 1429/1817/1794 1390/1866/1842 1428/1816/1793
f 1393/1821/1798 1392/1820/1797 1431/1867/1843
f 1431/1867/1843 1392/1820/1797 1430/1818/1795
f 1431/1867/1843 1430/1818/1795 116/1800/1777
f 1396/1858/1834 119/1795/1769 1395/1868/1844
f 1395/1868/1844 119/1795/1769 1394/1822/1799
f 1395/1868/1844 1394/1822/1799 1433/1824/1801
f 1396/1858/1834 1395/1868/1844 1434/1869/1845
f 1434/1869/1845 1395/1868/1844 1433/1824/1801
f 1434/1869/1845 1433/1824/1801 1173/1825/1802
f 1399/1852/1828 1170/1834/1770 1398/1870/1846
f 1398/1870/1846 1170/1834/1770 1397/1857/1833
f 1398/1870/1846 1397/1857/1833 1436/1855/1831
f 1437/1854/1830 1399/1852/1828 1398/1870/1846
f 1437/1854/1830 1398/1870/1846 1436/1855/1831
f 1401/1850/1826 1400/1851/1827 1439/1871/1847
f 1439/1871/1847 1400/1851/1827 1438/1853/1829
f 1439/1871/1847 1438/1853/1829 1173/1825/1802
f 1404/1844/1820 1170/1834/1770 1403/1872/1848
f 1403/1872/1848 1170/1834/1770 1402/1849/1825
f 1403/1872/1848 1402/1849/1825 1441/1847/1823
f 1442/1846/1822 1404/1844/1820 1403/1872/1848
f 1442/1846/1822 1403/1872/1848 1441/1847/1823
f 1406/1842/1818 1405/1843/1819 1444/1873/1849
f 1444/1873/1849 1405/1843/1819 1443/1845/1821
f 1444/1873/1849 1443/1845/1821 1173/1825/1802
f 1409/1836/1812 1170/1834/1770 1408/1874/1850
f 1408/1874/1850 1170/1834/1770 1407/1841/1817
f 1408/1874/1850 1407/1841/1817 1446/1839/1815
f 1447/1838/1814 1409/1836/1812 1408/1874/1850
f 1447/1838/1814 1408/1874/1850 1446/1839/1815
f 1411/1833/1810 1410/1835/1811 1449/1875/1851
f 1449/1875/1851 1410/1835/1811 1448/1837/1813
f 1449/1875/1851 1448/1837/1813 1173/1825/1802
f 1414/1859/1835 1170/1834/1770 1413/1876/1852
f 1413/1876/1852 1170/1834/1770 1412/1832/1809
f 1413/1876/1852 1412/1832/1809 1451/1830/1807
f 1452/1829/1806 1414/1859/1835 1413/1876/1852
f 1452/1829/1806 1413/1876/1852 1451/1830/1807
f 116/1800/1777 1417/1798/1775 1416/1861/1837
f 1416/1861/1837 1417/1798/1775 1378/1796/1773
f 116/1800/1777 1422/1807/1784 1421/1863/1839
f 1421/1863/1839 1422/1807/1784 1383/1805/1782
f 116/1800/1777 1427/1815/1792 1426/1865/1841
f 1426/1865/1841 1427/1815/1792 1388/1813/1790
f 116/1800/1777 1432/1823/1800 1431/1867/1843
f 1431/1867/1843 1432/1823/1800 1393/1821/1798
f 1173/1825/1802 1435/1856/1832 1434/1869/1845
f 1434/1869/1845 1435/1856/1832 1396/1858/1834
f 1173/1825/1802 1440/1848/1824 1439/1871/1847
f 1439/1871/1847 1440/1848/1824 1401/1850/1826
f 1173/1825/1802 1445/1840/1816 1444/1873/1849
f 1444/1873/1849 1445/1840/1816 1406/1842/1818
f 1173/1825/1802 1450/1831/1808 1449/1875/1851
f 1449/1875/1851 1450/1831/1808 1411/1833/1810
f 116/1877/1777 115/1878/1853 1173/1879/1802
f 1173/1879/1802 115/1878/1853 1174/1880/1854
f 1176/1881/1855 1453/1882/1856 1177/1883/1857
f 1177/1883/1857 1453/1882/1856 1454/1884/1858
f 1177/1883/1857 1454/1884/1858 1455/1885/1859
f 1455/1885/1859 1454/1884/1858 1488/1886/1860
f 1455/1885/1859 1488/1886/1860 1489/1887/1861
f 1489/1887/1861 1488/1886/1860 1174/1888/1854
f 1489/1887/1861 1174/1888/1854 1490/1889/1862
f 1490/1889/1862 1174/1888/1854 1491/1890/1863
f 1490/1889/1862 1491/1890/1863 1457/1891/1864
f 1457/1891/1864 1491/1890/1863 1458/1892/1865
f 1457/1891/1864 1458/1892/1865 1177/1883/1857
f 1177/1883/1857 1458/1892/1865 1459/1893/1866
f 1177/1883/1857 1459/1893/1866 1460/1894/1867
f 1460/1894/1867 1459/1893/1866 1493/1895/1868
f 1460/1894/1867 1493/1895/1868 1494/1896/1869
f 1494/1896/1869 1493/1895/1868 1174/1888/1854
f 1494/1896/1869 1174/1888/1854 1495/1897/1870
f 1495/1897/1870 1174/1888/1854 1496/1898/1871
f 1495/1897/1870 1496/1898/1871 1462/1899/1872
f 1462/1899/1872 1496/1898/1871 1463/1900/1873
f 1462/1899/1872 1463/1900/1873 1177/1883/1857
f 1177/1883/1857 1463/1900/1873 1464/1901/1874
f 1177/1883/1857 1464/1901/1874 1465/1902/1875
f 1465/1902/1875 1464/1901/1874 1498/1903/1876
f 1465/1902/1875 1498/1903/1876 1499/1904/1877
f 1499/1904/1877 1498/1903/1876 1174/1888/1854
f 1499/1904/1877 1174/1888/1854 1500/1905/1878
f 1500/1905/1878 1174/1888/1854 1501/1906/1879
f 1500/1905/1878 1501/1906/1879 1467/1907/1880
f 1467/1907/1880 1501/1906/1879 1468/1908/1881
f 1467/1907/1880 1468/1908/1881 1177/1883/1857
f 1177/1883/1857 1468/1908/1881 1469/1909/1882
f 1177/1883/1857 1469/1909/1882 112/1910/1883
f 112/1910/1883 1469/1909/1882 1470/1911/1884
f 112/1910/1883 1470/1911/1884 1471/1912/1885
f 1471/1912/1885 1470/1911/1884 1504/1913/1886
f 1471/1912/1885 1504/1913/1886 1505/1914/1887
f 1505/1914/1887 1504/1913/1886 115/1915/1853
f 1505/1914/1887 115/1915/1853 1506/1916/1888
f 1506/1916/1888 115/1915/1853 1507/1917/1889
f 1506/1916/1888 1507/1917/1889 1473/1918/1890
f 1473/1918/1890 1507/1917/1889 1474/1919/1891
f 1473/1918/1890 1474/1919/1891 112/1910/1883
f 112/1910/1883 1474/1919/1891 1475/1920/1892
f 112/1910/1883 1475/1920/1892 1476/1921/1893
f 1476/1921/1893 1475/1920/1892 1509/1922/1894
f 1476/1921/1893 1509/1922/1894 1510/1923/1895
f 1510/1923/1895 1509/1922/1894 115/1915/1853
f 1510/1923/1895 115/1915/1853 1511/1924/1896
f 1511/1924/1896 115/1915/1853 1512/1925/1897
f 1511/1924/1896 1512/1925/1897 1478/1926/1898
f 1478/1926/1898 1512/1925/1897 1479/1927/1899
f 1478/1926/1898 1479/1927/1899 112/1910/1883
f 112/1910/1883 1479/1927/1899 1480/1928/1900
f 112/1910/1883 1480/1928/1900 1481/1929/1901
f 1481/1929/1901 1480/1928/1900 1514/1930/1902
f 1481/1929/1901 1514/1930/1902 1515/1931/1903
f 1515/1931/1903 1514/1930/1902 115/1915/1853
f 1515/1931/1903 115/1915/1853 1516/1932/1904
f 1516/1932/1904 115/1915/1853 1517/1933/1905
f 1516/1932/1904 1517/1933/1905 1483/1934/1906
f 1483/1934/1906 1517/1933/1905 1484/1935/1907
f 1483/1934/1906 1484/1935/1907 112/1910/1883
f 112/1910/1883 1484/1935/1907 1485/1936/1908
f 112/1910/1883 1485/1936/1908 113/1937/1909
f 113/1937/1909 1485/1936/1908 114/1938/1910
f 114/1938/1910 1485/1936/1908 1518/1939/1911
f 114/1938/1910 1518/1939/1911 115/1915/1853
f 115/1915/1853 1518/1939/1911 1517/1933/1905
f 1453/1882/1856 1176/1881/1855 1486/1940/1912
f 1486/1940/1912 1176/1881/1855 1175/1941/1913
f 1486/1940/1912 1175/1941/1913 1174/1888/1854
f 1501/1906/1879 1174/1888/1854 1502/1942/1914
f 1502/1942/1914 1174/1888/1854 115/1915/1853
f 1502/1942/1914 115/1915/1853 1503/1943/1915
f 1503/1943/1915 115/1915/1853 1504/1913/1886
f 1503/1943/1915 1504/1913/1886 1470/1911/1884
f 1454/1884/1858 1453/1882/1856 1487/1944/1916
f 1487/1944/1916 1453/1882/1856 1486/1940/1912
f 1487/1944/1916 1486/1940/1912 1174/1888/1854
f 1457/1891/1864 1177/1883/1857 1456/1945/1917
f 1456/1945/1917 1177/1883/1857 1455/1885/1859
f 1456/1945/1917 1455/1885/1859 1489/1887/1861
f 1490/1889/1862 1457/1891/1864 1456/1945/1917
f 1490/1889/1862 1456/1945/1917 1489/1887/1861
f 1459/1893/1866 1458/1892/1865 1492/1946/1918
f 1492/1946/1918 1458/1892/1865 1491/1890/1863
f 1492/1946/1918 1491/1890/1863 1174/1888/1854
f 1462/1899/1872 1177/1883/1857 1461/1947/1919
f 1461/1947/1919 1177/1883/1857 1460/1894/1867
f 1461/1947/1919 1460/1894/1867 1494/1896/1869
f 1495/1897/1870 1462/1899/1872 1461/1947/1919
f 1495/1897/1870 1461/1947/1919 1494/1896/1869
f 1464/1901/1874 1463/1900/1873 1497/1948/1920
f 1497/1948/1920 1463/1900/1873 1496/1898/1871
f 1497/1948/1920 1496/1898/1871 1174/1888/1854
f 1467/1907/1880 1177/1883/1857 1466/1949/1921
f 1466/1949/1921 1177/1883/1857 1465/1902/1875
f 1466/1949/1921 1465/1902/1875 1499/1904/1877
f 1500/1905/1878 1467/1907/1880 1466/1949/1921
f 1500/1905/1878 1466/1949/1921 1499/1904/1877
f 1503/1943/1915 1470/1911/1884 1469/1909/1882
f 1501/1906/1879 1502/1942/1914 1468/1908/1881
f 1468/1908/1881 1502/1942/1914 1469/1909/1882
f 1502/1942/1914 1503/1943/1915 1469/1909/1882
f 1473/1918/1890 112/1910/1883 1472/1950/1922
f 1472/1950/1922 112/1910/1883 1471/1912/1885
f 1472/1950/1922 1471/1912/1885 1505/1914/1887
f 1506/1916/1888 1473/1918/1890 1472/1950/1922
f 1506/1916/1888 1472/1950/1922 1505/1914/1887
f 1475/1920/1892 1474/1919/1891 1508/1951/1923
f 1508/1951/1923 1474/1919/1891 1507/1917/1889
f 1508/1951/1923 1507/1917/1889 115/1915/1853
f 1478/1926/1898 112/1910/1883 1477/1952/1924
f 1477/1952/1924 112/1910/1883 1476/1921/1893
f 1477/1952/1924 1476/1921/1893 1510/1923/1895
f 1511/1924/1896 1478/1926/1898 1477/1952/1924
f 1511/1924/1896 1477/1952/1924 1510/1923/1895
f 1480/1928/1900 1479/1927/1899 1513/1953/1925
f 1513/1953/1925 1479/1927/1899 1512/1925/1897
f 1513/1953/1925 1512/1925/1897 115/1915/1853
f 1483/1934/1906 112/1910/1883 1482/1954/1926
f 1482/1954/1926 112/1910/1883 1481/1929/1901
f 1482/1954/1926 1481/1929/1901 1515/1931/1903
f 1516/1932/1904 1483/1934/1906 1482/1954/1926
f 1516/1932/1904 1482/1954/1926 1515/1931/1903
f 1518/1939/1911 1485/1936/1908 1484/1935/1907
f 1518/1939/1911 1484/1935/1907 1517/1933/1905
f 1174/1888/1854 1488/1886/1860 1487/1944/1916
f 1487/1944/1916 1488/1886/1860 1454/1884/1858
f 1174/1888/1854 1493/1895/1868 1492/1946/1918
f 1492/1946/1918 1493/1895/1868 1459/1893/1866
f 1174/1888/1854 1498/1903/1876 1497/1948/1920
f 1497/1948/1920 1498/1903/1876 1464/1901/1874
f 115/1915/1853 1509/1922/1894 1508/1951/1923
f 1508/1951/1923 1509/1922/1894 1475/1920/1892
f 115/1915/1853 1514/1930/1902 1513/1953/1925
f 1513/1953/1925 1514/1930/1902 1480/1928/1900
f 97/1955/1927 1519/1956/1928 98/1957/1929
f 98/1957/1929 1519/1956/1928 1520/1958/1930
f 98/1957/1929 1520/1958/1930 1521/1959/1931
f 1521/1959/1931 1520/1958/1930 1554/1960/1932
f 1521/1959/1931 1554/1960/1932 1555/1961/1933
f 1555/1961/1933 1554/1960/1932 95/1962/1934
f 1555/1961/1933 95/1962/1934 1556/1963/1935
f 1556/1963/1935 95/1962/1934 1557/1964/1936
f 1556/1963/1935 1557/1964/1936 1523/1965/1937
f 1523/1965/1937 1557/1964/1936 1524/1966/1938
f 1523/1965/1937 1524/1966/1938 98/1957/1929
f 98/1957/1929 1524/1966/1938 1525/1967/1939
f 98/1957/1929 1525/1967/1939 1526/1968/1940
f 1526/1968/1940 1525/1967/1939 1559/1969/1941
f 1526/1968/1940 1559/1969/1941 1560/1970/1942
f 1560/1970/1942 1559/1969/1941 95/1962/1934
f 1560/1970/1942 95/1962/1934 1561/1971/1943
f 1561/1971/1943 95/1962/1934 1562/1972/1944
f 1561/1971/1943 1562/1972/1944 1528/1973/1945
f 1528/1973/1945 1562/1972/1944 1529/1974/1946
f 1528/1973/1945 1529/1974/1946 98/1957/1929
f 98/1957/1929 1529/1974/1946 1530/1975/1947
f 98/1957/1929 1530/1975/1947 1531/1976/1948
f 1531/1976/1948 1530/1975/1947 1564/1977/1949
f 1531/1976/1948 1564/1977/1949 1565/1978/1950
f 1565/1978/1950 1564/1977/1949 95/1962/1934
f 1565/1978/1950 95/1962/1934 1566/1979/1951
f 1566/1979/1951 95/1962/1934 1567/1980/1952
f 1566/1979/1951 1567/1980/1952 1533/1981/1953
f 1533/1981/1953 1567/1980/1952 1534/1982/1954
f 1533/1981/1953 1534/1982/1954 98/1957/1929
f 98/1957/1929 1534/1982/1954 1535/1983/1955
f 98/1957/1929 1535/1983/1955 1191/1984/1956
f 1191/1984/1956 1535/1983/1955 1536/1985/1957
f 1191/1984/1956 1536/1985/1957 1537/1986/1958
f 1537/1986/1958 1536/1985/1957 1570/1987/1959
f 1537/1986/1958 1570/1987/1959 1571/1988/1960
f 1571/1988/1960 1570/1987/1959 1194/1989/1961
f 1571/1988/1960 1194/1989/1961 1572/1990/1962
f 1572/1990/1962 1194/1989/1961 1573/1991/1963
f 1572/1990/1962 1573/1991/1963 1539/1992/1964
f 1539/1992/1964 1573/1991/1963 1540/1993/1965
f 1539/1992/1964 1540/1993/1965 1191/1984/1956
f 1191/1984/1956 1540/1993/1965 1541/1994/1966
f 1191/1984/1956 1541/1994/1966 1542/1995/1967
f 1542/1995/1967 1541/1994/1966 1575/1996/1968
f 1542/1995/1967 1575/1996/1968 1576/1997/1969
f 1576/1997/1969 1575/1996/1968 1194/1989/1961
f 1576/1997/1969 1194/1989/1961 1577/1998/1970
f 1577/1998/1970 1194/1989/1961 1578/1999/1971
f 1577/1998/1970 1578/1999/1971 1544/2000/1972
f 1544/2000/1972 1578/1999/1971 1545/2001/1973
f 1544/2000/1972 1545/2001/1973 1191/1984/1956
f 1191/1984/1956 1545/2001/1973 1546/2002/1974
f 1191/1984/1956 1546/2002/1974 1547/2003/1975
f 1547/2003/1975 1546/2002/1974 1580/2004/1976
f 1547/2003/1975 1580/2004/1976 1581/2005/1977
f 1581/2005/1977 1580/2004/1976 1194/1989/1961
f 1581/2005/1977 1194/1989/1961 1582/2006/1978
f 1582/2006/1978 1194/1989/1961 1583/2007/1979
f 1582/2006/1978 1583/2007/1979 1549/2008/1980
f 1549/2008/1980 1583/2007/1979 1550/2009/1981
f 1549/2008/1980 1550/2009/1981 1191/1984/1956
f 1191/1984/1956 1550/2009/1981 1551/2010/1982
f 1191/1984/1956 1551/2010/1982 1192/2011/1983
f 1192/2011/1983 1551/2010/1982 1193/2012/1984
f 1193/2012/1984 1551/2010/1982 1584/2013/1985
f 1193/2012/1984 1584/2013/1985 1194/1989/1961
f 1194/1989/1961 1584/2013/1985 1583/2007/1979
f 1519/1956/1928 97/1955/1927 1552/2014/1986
f 1552/2014/1986 97/1955/1927 96/2015/1987
f 1552/2014/1986 96/2015/1987 95/1962/1934
f 1567/1980/1952 95/1962/1934 1568/2016/1988
f 1568/2016/1988 95/1962/1934 1194/1989/1961
f 1568/2016/1988 1194/1989/1961 1569/2017/1989
f 1569/2017/1989 1194/1989/1961 1570/1987/1959
f 1569/2017/1989 1570/1987/1959 1536/1985/1957
f 1520/1958/1930 1519/1956/1928 1553/2018/1990
f 1553/2018/1990 1519/1956/1928 1552/2014/1986
f 1553/2018/1990 1552/2014/1986 95/1962/1934
f 1523/1965/1937 98/1957/1929 1522/2019/1991
f 1522/2019/1991 98/1957/1929 1521/1959/1931
f 1522/2019/1991 1521/1959/1931 1555/1961/1933
f 1556/1963/1935 1523/1965/1937 1522/2019/1991
f 1556/1963/1935 1522/2019/1991 1555/1961/1933
f 1525/1967/1939 1524/1966/1938 1558/2020/1992
f 1558/2020/1992 1524/1966/1938 1557/1964/1936
f 1558/2020/1992 1557/1964/1936 95/1962/1934
f 1528/1973/1945 98/1957/1929 1527/2021/1993
f 1527/2021/1993 98/1957/1929 1526/1968/1940
f 1527/2021/1993 1526/1968/1940 1560/1970/1942
f 1561/1971/1943 1528/1973/1945 1527/2021/1993
f 1561/1971/1943 1527/2021/1993 1560/1970/1942
f 1530/1975/1947 1529/1974/1946 1563/2022/1994
f 1563/2022/1994 1529/1974/1946 1562/1972/1944
f 1563/2022/1994 1562/1972/1944 95/1962/1934
f 1533/1981/1953 98/1957/1929 1532/2023/1995
f 1532/2023/1995 98/1957/1929 1531/1976/1948
f 1532/2023/1995 1531/1976/1948 1565/1978/1950
f 1566/1979/1951 1533/1981/1953 1532/2023/1995
f 1566/1979/1951 1532/2023/1995 1565/1978/1950
f 1569/2017/1989 1536/1985/1957 1535/1983/1955
f 1567/1980/1952 1568/2016/1988 1534/1982/1954
f 1534/1982/1954 1568/2016/1988 1535/1983/1955
f 1568/2016/1988 1569/2017/1989 1535/1983/1955
f 1539/1992/1964 1191/1984/1956 1538/2024/1996
f 1538/2024/1996 1191/1984/1956 1537/1986/1958
f 1538/2024/1996 1537/1986/1958 1571/1988/1960
f 1572/1990/1962 1539/1992/1964 1538/2024/1996
f 1572/1990/1962 1538/2024/1996 1571/1988/1960
f 1541/1994/1966 1540/1993/1965 1574/2025/1997
f 1574/2025/1997 1540/1993/1965 1573/1991/1963
f 1574/2025/1997 1573/1991/1963 1194/1989/1961
f 1544/2000/1972 1191/1984/1956 1543/2026/1998
f 1543/2026/1998 1191/1984/1956 1542/1995/1967
f 1543/2026/1998 1542/1995/1967 1576/1997/1969
f 1577/1998/1970 1544/2000/1972 1543/2026/1998
f 1577/1998/1970 1543/2026/1998 1576/1997/1969
f 1546/2002/1974 1545/2001/1973 1579/2027/1999
f 1579/2027/1999 1545/2001/1973 1578/1999/1971
f 1579/2027/1999 1578/1999/1971 1194/1989/1961
f 1549/2008/1980 1191/1984/1956 1548/2028/2000
f 1548/2028/2000 1191/1984/1956 1547/2003/1975
f 1548/2028/2000 1547/2003/1975 1581/2005/1977
f 1582/2006/1978 1549/2008/1980 1548/2028/2000
f 1582/2006/1978 1548/2028/2000 1581/2005/1977
f 1584/2013/1985 1551/2010/1982 1550/2009/1981
f 1584/2013/1985 1550/2009/1981 1583/2007/1979
f 95/1962/1934 1554/1960/1932 1553/2018/1990
f 1553/2018/1990 1554/1960/1932 1520/1958/1930
f 95/1962/1934 1559/1969/1941 1558/2020/1992
f 1558/2020/1992 1559/1969/1941 1525/1967/1939
f 95/1962/1934 1564/1977/1949 1563/2022/1994
f 1563/2022/1994 1564/1977/1949 1530/1975/1947
f 1194/1989/1961 1575/1996/1968 1574/2025/1997
f 1574/2025/1997 1575/1996/1968 1541/1994/1966
f 1194/1989/1961 1580/2004/1976 1579/2027/1999
f 1579/2027/1999 1580/2004/1976 1546/2002/1974
f 95/2029/1934 94/2030/2001 1194/2031/1961
f 1194/2031/1961 94/2030/2001 1195/2032/2002
f 93/2033/2003 1585/2034/2004 94/2035/2001
f 94/2035/2001 1585/2034/2004 1586/2036/2005
f 94/2035/2001 1586/2036/2005 1587/2037/2006
f 1587/2037/2006 1586/2036/2005 1625/2038/2007
f 1587/2037/2006 1625/2038/2007 1626/2039/2008
f 1626/2039/2008 1625/2038/2007 91/2040/2009
f 1626/2039/2008 91/2040/2009 1627/2041/2010
f 1627/2041/2010 91/2040/2009 1628/2042/2011
f 1627/2041/2010 1628/2042/2011 1589/2043/2012
f 1589/2043/2012 1628/2042/2011 1590/2044/2013
f 1589/2043/2012 1590/2044/2013 94/2035/2001
f 94/2035/2001 1590/2044/2013 1591/2045/2014
f 94/2035/2001 1591/2045/2014 1592/2046/2015
f 1592/2046/2015 1591/2045/2014 1630/2047/2016
f 1592/2046/2015 1630/2047/2016 1631/2048/2017
f 1631/2048/2017 1630/2047/2016 91/2040/2009
f 1631/2048/2017 91/2040/2009 1632/2049/2018
f 1632/2049/2018 91/2040/2009 1633/2050/2019
f 1632/2049/2018 1633/2050/2019 1594/2051/2020
f 1594/2051/2020 1633/2050/2019 1595/2052/2021
f 1594/2051/2020 1595/2052/2021 94/2035/2001
f 94/2035/2001 1595/2052/2021 1596/2053/2022
f 94/2035/2001 1596/2053/2022 1597/2054/2023
f 1597/2054/2023 1596/2053/2022 1635/2055/2024
f 1597/2054/2023 1635/2055/2024 1636/2056/2025
f 1636/2056/2025 1635/2055/2024 91/2040/2009
f 1636/2056/2025 91/2040/2009 1637/2057/2026
f 1637/2057/2026 91/2040/2009 1638/2058/2027
f 1637/2057/2026 1638/2058/2027 1599/2059/2028
f 1599/2059/2028 1638/2058/2027 1600/2060/2029
f 1599/2059/2028 1600/2060/2029 94/2035/2001
f 94/2035/2001 1600/2060/2029 1601/2061/2030
f 94/2035/2001 1601/2061/2030 1602/2062/2031
f 1602/2062/2031 1601/2061/2030 1640/2063/2032
f 1602/2062/2031 1640/2063/2032 1641/2064/2033
f 1641/2064/2033 1640/2063/2032 91/2040/2009
f 1641/2064/2033 91/2040/2009 1198/2065/2034
f 1585/2034/2004 93/2033/2003 1623/2066/2035
f 1623/2066/2035 93/2033/2003 92/2067/2036
f 1623/2066/2035 92/2067/2036 91/2040/2009
f 1197/2068/2037 1660/2069/2038 1198/2065/2034
f 1198/2065/2034 1660/2069/2038 1659/2070/2039
f 1198/2065/2034 1659/2070/2039 1658/2071/2040
f 1658/2071/2040 1659/2070/2039 1620/2072/2041
f 1658/2071/2040 1620/2072/2041 1619/2073/2042
f 1619/2073/2042 1620/2072/2041 1195/2074/2002
f 1619/2073/2042 1195/2074/2002 1618/2075/2043
f 1618/2075/2043 1195/2074/2002 1617/2076/2044
f 1618/2075/2043 1617/2076/2044 1656/2077/2045
f 1656/2077/2045 1617/2076/2044 1655/2078/2046
f 1656/2077/2045 1655/2078/2046 1198/2065/2034
f 1198/2065/2034 1655/2078/2046 1654/2079/2047
f 1198/2065/2034 1654/2079/2047 1653/2080/2048
f 1653/2080/2048 1654/2079/2047 1615/2081/2049
f 1653/2080/2048 1615/2081/2049 1614/2082/2050
f 1614/2082/2050 1615/2081/2049 1195/2074/2002
f 1614/2082/2050 1195/2074/2002 1613/2083/2051
f 1613/2083/2051 1195/2074/2002 1612/2084/2052
f 1613/2083/2051 1612/2084/2052 1651/2085/2053
f 1651/2085/2053 1612/2084/2052 1650/2086/2054
f 1651/2085/2053 1650/2086/2054 1198/2065/2034
f 1198/2065/2034 1650/2086/2054 1649/2087/2055
f 1198/2065/2034 1649/2087/2055 1648/2088/2056
f 1648/2088/2056 1649/2087/2055 1610/2089/2057
f 1648/2088/2056 1610/2089/2057 1609/2090/2058
f 1609/2090/2058 1610/2089/2057 1195/2074/2002
f 1609/2090/2058 1195/2074/2002 1608/2091/2059
f 1608/2091/2059 1195/2074/2002 1607/2092/2060
f 1608/2091/2059 1607/2092/2060 1646/2093/2061
f 1646/2093/2061 1607/2092/2060 1645/2094/2062
f 1646/2093/2061 1645/2094/2062 1198/2065/2034
f 1198/2065/2034 1645/2094/2062 1644/2095/2063
f 1198/2065/2034 1644/2095/2063 1643/2096/2064
f 1643/2096/2064 1644/2095/2063 1605/2097/2065
f 1643/2096/2064 1605/2097/2065 1604/2098/2066
f 1604/2098/2066 1605/2097/2065 1195/2074/2002
f 1604/2098/2066 1195/2074/2002 94/2035/2001
f 1660/2069/2038 1197/2068/2037 1622/2099/2067
f 1622/2099/2067 1197/2068/2037 1196/2100/2068
f 1622/2099/2067 1196/2100/2068 1195/2074/2002
f 1586/2036/2005 1585/2034/2004 1624/2101/2069
f 1624/2101/2069 1585/2034/2004 1623/2066/2035
f 1624/2101/2069 1623/2066/2035 91/2040/2009
f 1589/2043/2012 94/2035/2001 1588/2102/2070
f 1588/2102/2070 94/2035/2001 1587/2037/2006
f 1588/2102/2070 1587/2037/2006 1626/2039/2008
f 1627/2041/2010 1589/2043/2012 1588/2102/2070
f 1627/2041/2010 1588/2102/2070 1626/2039/2008
f 1591/2045/2014 1590/2044/2013 1629/2103/2071
f 1629/2103/2071 1590/2044/2013 1628/2042/2011
f 1629/2103/2071 1628/2042/2011 91/2040/2009
f 1594/2051/2020 94/2035/2001 1593/2104/2072
f 1593/2104/2072 94/2035/2001 1592/2046/2015
f 1593/2104/2072 1592/2046/2015 1631/2048/2017
f 1632/2049/2018 1594/2051/2020 1593/2104/2072
f 1632/2049/2018 1593/2104/2072 1631/2048/2017
f 1596/2053/2022 1595/2052/2021 1634/2105/2073
f 1634/2105/2073 1595/2052/2021 1633/2050/2019
f 1634/2105/2073 1633/2050/2019 91/2040/2009
f 1599/2059/2028 94/2035/2001 1598/2106/2074
f 1598/2106/2074 94/2035/2001 1597/2054/2023
f 1598/2106/2074 1597/2054/2023 1636/2056/2025
f 1637/2057/2026 1599/2059/2028 1598/2106/2074
f 1637/2057/2026 1598/2106/2074 1636/2056/2025
f 1601/2061/2030 1600/2060/2029 1639/2107/2075
f 1639/2107/2075 1600/2060/2029 1638/2058/2027
f 1639/2107/2075 1638/2058/2027 91/2040/2009
f 1604/2098/2066 94/2035/2001 1603/2108/2076
f 1603/2108/2076 94/2035/2001 1602/2062/2031
f 1603/2108/2076 1602/2062/2031 1641/2064/2033
f 1604/2098/2066 1603/2108/2076 1642/2109/2077
f 1642/2109/2077 1603/2108/2076 1641/2064/2033
f 1642/2109/2077 1641/2064/2033 1198/2065/2034
f 1607/2092/2060 1195/2074/2002 1606/2110/2078
f 1606/2110/2078 1195/2074/2002 1605/2097/2065
f 1606/2110/2078 1605/2097/2065 1644/2095/2063
f 1645/2094/2062 1607/2092/2060 1606/2110/2078
f 1645/2094/2062 1606/2110/2078 1644/2095/2063
f 1609/2090/2058 1608/2091/2059 1647/2111/2079
f 1647/2111/2079 1608/2091/2059 1646/2093/2061
f 1647/2111/2079 1646/2093/2061 1198/2065/2034
f 1612/2084/2052 1195/2074/2002 1611/2112/2080
f 1611/2112/2080 1195/2074/2002 1610/2089/2057
f 1611/2112/2080 1610/2089/2057 1649/2087/2055
f 1650/2086/2054 1612/2084/2052 1611/2112/2080
f 1650/2086/2054 1611/2112/2080 1649/2087/2055
f 1614/2082/2050 1613/2083/2051 1652/2113/2081
f 1652/2113/2081 1613/2083/2051 1651/2085/2053
f 1652/2113/2081 1651/2085/2053 1198/2065/2034
f 1617/2076/2044 1195/2074/2002 1616/2114/2082
f 1616/2114/2082 1195/2074/2002 1615/2081/2049
f 1616/2114/2082 1615/2081/2049 1654/2079/2047
f 1655/2078/2046 1617/2076/2044 1616/2114/2082
f 1655/2078/2046 1616/2114/2082 1654/2079/2047
f 1619/2073/2042 1618/2075/2043 1657/2115/2083
f 1657/2115/2083 1618/2075/2043 1656/2077/2045
f 1657/2115/2083 1656/2077/2045 1198/2065/2034
f 1622/2099/2067 1195/2074/2002 1621/2116/2084
f 1621/2116/2084 1195/2074/2002 1620/2072/2041
f 1621/2116/2084 1620/2072/2041 1659/2070/2039
f 1660/2069/2038 1622/2099/2067 1621/2116/2084
f 1660/2069/2038 1621/2116/2084 1659/2070/2039
f 91/2040/2009 1625/2038/2007 1624/2101/2069
f 1624/2101/2069 1625/2038/2007 1586/2036/2005
f 91/2040/2009 1630/2047/2016 1629/2103/2071
f 1629/2103/2071 1630/2047/2016 1591/2045/2014
f 91/2040/2009 1635/2055/2024 1634/2105/2073
f 1634/2105/2073 1635/2055/2024 1596/2053/2022
f 91/2040/2009 1640/2063/2032 1639/2107/2075
f 1639/2107/2075 1640/2063/2032 1601/2061/2030
f 1198/2065/2034 1643/2096/2064 1642/2109/2077
f 1642/2109/2077 1643/2096/2064 1604/2098/2066
f 1198/2065/2034 1648/2088/2056 1647/2111/2079
f 1647/2111/2079 1648/2088/2056 1609/2090/2058
f 1198/2065/2034 1653/2080/2048 1652/2113/2081
f 1652/2113/2081 1653/2080/2048 1614/2082/2050
f 1198/2065/2034 1658/2071/2040 1657/2115/2083
f 1657/2115/2083 1658/2071/2040 1619/2073/2042
f 91/2117/2009 90/2118/2085 1198/2119/2034
f 1198/2119/2034 90/2118/2085 1199/2120/2086
f 89/2121/2087 1661/2122/2088 90/2123/2085
f 90/2123/2085 1661/2122/2088 1662/2124/2089
f 90/2123/2085 1662/2124/2089 1663/2125/2090
f 1663/2125/2090 1662/2124/2089 1701/2126/2091
f 1663/2125/2090 1701/2126/2091 1702/2127/2092
f 1702/2127/2092 1701/2126/2091 87/2128/2093
f 1702/2127/2092 87/2128/2093 1703/2129/2094
f 1703/2129/2094 87/2128/2093 1704/2130/2095
f 1703/2129/2094 1704/2130/2095 1665/2131/2096
f 1665/2131/2096 1704/2130/2095 1666/2132/2097
f 1665/2131/2096 1666/2132/2097 90/2123/2085
f 90/2123/2085 1666/2132/2097 1667/2133/2098
f 90/2123/2085 1667/2133/2098 1668/2134/2099
f 1668/2134/2099 1667/2133/2098 1706/2135/2100
f 1668/2134/2099 1706/2135/2100 1707/2136/2101
f 1707/2136/2101 1706/2135/2100 87/2128/2093
f 1707/2136/2101 87/2128/2093 1708/2137/2102
f 1708/2137/2102 87/2128/2093 1709/2138/2103
f 1708/2137/2102 1709/2138/2103 1670/2139/2104
f 1670/2139/2104 1709/2138/2103 1671/2140/2105
f 1670/2139/2104 1671/2140/2105 90/2123/2085
f 90/2123/2085 1671/2140/2105 1672/2141/2106
f 90/2123/2085 1672/2141/2106 1673/2142/2107
f 1673/2142/2107 1672/2141/2106 1711/2143/2108
f 1673/2142/2107 1711/2143/2108 1712/2144/2109
f 1712/2144/2109 1711/2143/2108 87/2128/2093
f 1712/2144/2109 87/2128/2093 1713/2145/2110
f 1713/2145/2110 87/2128/2093 1714/2146/2111
f 1713/2145/2110 1714/2146/2111 1675/2147/2112
f 1675/2147/2112 1714/2146/2111 1676/2148/2113
f 1675/2147/2112 1676/2148/2113 90/2123/2085
f 90/2123/2085 1676/2148/2113 1677/2149/2114
f 90/2123/2085 1677/2149/2114 1678/2150/2115
f 1678/2150/2115 1677/2149/2114 1716/2151/2116
f 1678/2150/2115 1716/2151/2116 1717/2152/2117
f 1717/2152/2117 1716/2151/2116 87/2128/2093
f 1717/2152/2117 87/2128/2093 1202/2153/2118
f 1661/2122/2088 89/2121/2087 1699/2154/2119
f 1699/2154/2119 89/2121/2087 88/2155/2120
f 1699/2154/2119 88/2155/2120 87/2128/2093
f 1201/2156/2121 1736/2157/2122 1202/2153/2118
f 1202/2153/2118 1736/2157/2122 1735/2158/2123
f 1202/2153/2118 1735/2158/2123 1734/2159/2124
f 1734/2159/2124 1735/2158/2123 1696/2160/2125
f 1734/2159/2124 1696/2160/2125 1695/2161/2126
f 1695/2161/2126 1696/2160/2125 1199/2162/2086
f 1695/2161/2126 1199/2162/2086 1694/2163/2127
f 1694/2163/2127 1199/2162/2086 1693/2164/2128
f 1694/2163/2127 1693/2164/2128 1732/2165/2129
f 1732/2165/2129 1693/2164/2128 1731/2166/2130
f 1732/2165/2129 1731/2166/2130 1202/2153/2118
f 1202/2153/2118 1731/2166/2130 1730/2167/2131
f 1202/2153/2118 1730/2167/2131 1729/2168/2132
f 1729/2168/2132 1730/2167/2131 1691/2169/2133
f 1729/2168/2132 1691/2169/2133 1690/2170/2134
f 1690/2170/2134 1691/2169/2133 1199/2162/2086
f 1690/2170/2134 1199/2162/2086 1689/2171/2135
f 1689/2171/2135 1199/2162/2086 1688/2172/2136
f 1689/2171/2135 1688/2172/2136 1727/2173/2137
f 1727/2173/2137 1688/2172/2136 1726/2174/2138
f 1727/2173/2137 1726/2174/2138 1202/2153/2118
f 1202/2153/2118 1726/2174/2138 1725/2175/2139
f 1202/2153/2118 1725/2175/2139 1724/2176/2140
f 1724/2176/2140 1725/2175/2139 1686/2177/2141
f 1724/2176/2140 1686/2177/2141 1685/2178/2142
f 1685/2178/2142 1686/2177/2141 1199/2162/2086
f 1685/2178/2142 1199/2162/2086 1684/2179/2143
f 1684/2179/2143 1199/2162/2086 1683/2180/2144
f 1684/2179/2143 1683/2180/2144 1722/2181/2145
f 1722/2181/2145 1683/2180/2144 1721/2182/2146
f 1722/2181/2145 1721/2182/2146 1202/2153/2118
f 1202/2153/2118 1721/2182/2146 1720/2183/2147
f 1202/2153/2118 1720/2183/2147 1719/2184/2148
f 1719/2184/2148 1720/2183/2147 1681/2185/2149
f 1719/2184/2148 1681/2185/2149 1680/2186/2150
f 1680/2186/2150 1681/2185/2149 1199/2162/2086
f 1680/2186/2150 1199/2162/2086 90/2123/2085
f 1736/2157/2122 1201/2156/2121 1698/2187/2151
f 1698/2187/2151 1201/2156/2121 1200/2188/2152
f 1698/2187/2151 1200/2188/2152 1199/2162/2086
f 1662/2124/2089 1661/2122/2088 1700/2189/2153
f 1700/2189/2153 1661/2122/2088 1699/2154/2119
f 1700/2189/2153 1699/2154/2119 87/2128/2093
f 1665/2131/2096 90/2123/2085 1664/2190/2154
f 1664/2190/2154 90/2123/2085 1663/2125/2090
f 1664/2190/2154 1663/2125/2090 1702/2127/2092
f 1703/2129/2094 1665/2131/2096 1664/2190/2154
f 1703/2129/2094 1664/2190/2154 1702/2127/2092
f 1667/2133/2098 1666/2132/2097 1705/2191/2155
f 1705/2191/2155 1666/2132/2097 1704/2130/2095
f 1705/2191/2155 1704/2130/2095 87/2128/2093
f 1670/2139/2104 90/2123/2085 1669/2192/2156
f 1669/2192/2156 90/2123/2085 1668/2134/2099
f 1669/2192/2156 1668/2134/2099 1707/2136/2101
f 1708/2137/2102 1670/2139/2104 1669/2192/2156
f 1708/2137/2102 1669/2192/2156 1707/2136/2101
f 1672/2141/2106 1671/2140/2105 1710/2193/2157
f 1710/2193/2157 1671/2140/2105 1709/2138/2103
f 1710/2193/2157 1709/2138/2103 87/2128/2093
f 1675/2147/2112 90/2123/2085 1674/2194/2158
f 1674/2194/2158 90/2123/2085 1673/2142/2107
f 1674/2194/2158 1673/2142/2107 1712/2144/2109
f 1713/2145/2110 1675/2147/2112 1674/2194/2158
f 1713/2145/2110 1674/2194/2158 1712/2144/2109
f 1677/2149/2114 1676/2148/2113 1715/2195/2159
f 1715/2195/2159 1676/2148/2113 1714/2146/2111
f 1715/2195/2159 1714/2146/2111 87/2128/2093
f 1680/2186/2150 90/2123/2085 1679/2196/2160
f 1679/2196/2160 90/2123/2085 1678/2150/2115
f 1679/2196/2160 1678/2150/2115 1717/2152/2117
f 1680/2186/2150 1679/2196/2160 1718/2197/2161
f 1718/2197/2161 1679/2196/2160 1717/2152/2117
f 1718/2197/2161 1717/2152/2117 1202/2153/2118
f 1683/2180/2144 1199/2162/2086 1682/2198/2162
f 1682/2198/2162 1199/2162/2086 1681/2185/2149
f 1682/2198/2162 1681/2185/2149 1720/2183/2147
f 1721/2182/2146 1683/2180/2144 1682/2198/2162
f 1721/2182/2146 1682/2198/2162 1720/2183/2147
f 1685/2178/2142 1684/2179/2143 1723/2199/2163
f 1723/2199/2163 1684/2179/2143 1722/2181/2145
f 1723/2199/2163 1722/2181/2145 1202/2153/2118
f 1688/2172/2136 1199/2162/2086 1687/2200/2164
f 1687/2200/2164 1199/2162/2086 1686/2177/2141
f 1687/2200/2164 1686/2177/2141 1725/2175/2139
f 1726/2174/2138 1688/2172/2136 1687/2200/2164
f 1726/2174/2138 1687/2200/2164 1725/2175/2139
f 1690/2170/2134 1689/2171/2135 1728/2201/2165
f 1728/2201/2165 1689/2171/2135 1727/2173/2137
f 1728/2201/2165 1727/2173/2137 1202/2153/2118
f 1693/2164/2128 1199/2162/2086 1692/2202/2166
f 1692/2202/2166 1199/2162/2086 1691/2169/2133
f 1692/2202/2166 1691/2169/2133 1730/2167/2131
f 1731/2166/2130 1693/2164/2128 1692/2202/2166
f 1731/2166/2130 1692/2202/2166 1730/2167/2131
f 1695/2161/2126 1694/2163/2127 1733/2203/2167
f 1733/2203/2167 1694/2163/2127 1732/2165/2129
f 1733/2203/2167 1732/2165/2129 1202/2153/2118
f 1698/2187/2151 1199/2162/2086 1697/2204/2168
f 1697/2204/2168 1199/2162/2086 1696/2160/2125
f 1697/2204/2168 1696/2160/2125 1735/2158/2123
f 1736/2157/2122 1698/2187/2151 1697/2204/2168
f 1736/2157/2122 1697/2204/2168 1735/2158/2123
f 87/2128/2093 1701/2126/2091 1700/2189/2153
f 1700/2189/2153 1701/2126/2091 1662/2124/2089
f 87/2128/2093 1706/2135/2100 1705/2191/2155
f 1705/2191/2155 1706/2135/2100 1667/2133/2098
f 87/2128/2093 1711/2143/2108 1710/2193/2157
f 1710/2193/2157 1711/2143/2108 1672/2141/2106
f 87/2128/2093 1716/2151/2116 1715/2195/2159
f 1715/2195/2159 1716/2151/2116 1677/2149/2114
f 1202/2153/2118 1719/2184/2148 1718/2197/2161
f 1718/2197/2161 1719/2184/2148 1680/2186/2150
f 1202/2153/2118 1724/2176/2140 1723/2199/2163
f 1723/2199/2163 1724/2176/2140 1685/2178/2142
f 1202/2153/2118 1729/2168/2132 1728/2201/2165
f 1728/2201/2165 1729/2168/2132 1690/2170/2134
f 1202/2153/2118 1734/2159/2124 1733/2203/2167
f 1733/2203/2167 1734/2159/2124 1695/2161/2126
f 87/2205/2093 86/2206/2169 1202/2207/2118
f 1202/2207/2118 86/2206/2169 1203/2208/2170
f 1205/2209/2171 1737/2210/2172 1206/2211/2173
f 1206/2211/2173 1737/2210/2172 1738/2212/2174
f 1206/2211/2173 1738/2212/2174 1739/2213/2175
f 1739/2213/2175 1738/2212/2174 1772/2214/2176
f 1739/2213/2175 1772/2214/2176 1773/2215/2177
f 1773/2215/2177 1772/2214/2176 1203/2216/2170
f 1773/2215/2177 1203/2216/2170 1774/2217/2178
f 1774/2217/2178 1203/2216/2170 1775/2218/2179
f 1774/2217/2178 1775/2218/2179 1741/2219/2180
f 1741/2219/2180 1775/2218/2179 1742/2220/2181
f 1741/2219/2180 1742/2220/2181 1206/2211/2173
f 1206/2211/2173 1742/2220/2181 1743/2221/2182
f 1206/2211/2173 1743/2221/2182 1744/2222/2183
f 1744/2222/2183 1743/2221/2182 1777/2223/2184
f 1744/2222/2183 1777/2223/2184 1778/2224/2185
f 1778/2224/2185 1777/2223/2184 1203/2216/2170
f 1778/2224/2185 1203/2216/2170 1779/2225/2186
f 1779/2225/2186 1203/2216/2170 1780/2226/2187
f 1779/2225/2186 1780/2226/2187 1746/2227/2188
f 1746/2227/2188 1780/2226/2187 1747/2228/2189
f 1746/2227/2188 1747/2228/2189 1206/2211/2173
f 1206/2211/2173 1747/2228/2189 1748/2229/2190
f 1206/2211/2173 1748/2229/2190 1749/2230/2191
f 1749/2230/2191 1748/2229/2190 1782/2231/2192
f 1749/2230/2191 1782/2231/2192 1783/2232/2193
f 1783/2232/2193 1782/2231/2192 1203/2216/2170
f 1783/2232/2193 1203/2216/2170 1784/2233/2194
f 1784/2233/2194 1203/2216/2170 1785/2234/2195
f 1784/2233/2194 1785/2234/2195 1751/2235/2196
f 1751/2235/2196 1785/2234/2195 1752/2236/2197
f 1751/2235/2196 1752/2236/2197 1206/2211/2173
f 1206/2211/2173 1752/2236/2197 1753/2237/2198
f 1206/2211/2173 1753/2237/2198 83/2238/2199
f 83/2238/2199 1753/2237/2198 1754/2239/2200
f 83/2238/2199 1754/2239/2200 1755/2240/2201
f 1755/2240/2201 1754/2239/2200 1788/2241/2202
f 1755/2240/2201 1788/2241/2202 1789/2242/2203
f 1789/2242/2203 1788/2241/2202 86/2243/2169
f 1789/2242/2203 86/2243/2169 1790/2244/2204
f 1790/2244/2204 86/2243/2169 1791/2245/2205
f 1790/2244/2204 1791/2245/2205 1757/2246/2206
f 1757/2246/2206 1791/2245/2205 1758/2247/2207
f 1757/2246/2206 1758/2247/2207 83/2238/2199
f 83/2238/2199 1758/2247/2207 1759/2248/2208
f 83/2238/2199 1759/2248/2208 1760/2249/2209
f 1760/2249/2209 1759/2248/2208 1793/2250/2210
f 1760/2249/2209 1793/2250/2210 1794/2251/2211
f 1794/2251/2211 1793/2250/2210 86/2243/2169
f 1794/2251/2211 86/2243/2169 1795/2252/2212
f 1795/2252/2212 86/2243/2169 1796/2253/2213
f 1795/2252/2212 1796/2253/2213 1762/2254/2214
f 1762/2254/2214 1796/2253/2213 1763/2255/2215
f 1762/2254/2214 1763/2255/2215 83/2238/2199
f 83/2238/2199 1763/2255/2215 1764/2256/2216
f 83/2238/2199 1764/2256/2216 1765/2257/2217
f 1765/2257/2217 1764/2256/2216 1798/2258/2218
f 1765/2257/2217 1798/2258/2218 1799/2259/2219
f 1799/2259/2219 1798/2258/2218 86/2243/2169
f 1799/2259/2219 86/2243/2169 1800/2260/2220
f 1800/2260/2220 86/2243/2169 1801/2261/2221
f 1800/2260/2220 1801/2261/2221 1767/2262/2222
f 1767/2262/2222 1801/2261/2221 1768/2263/2223
f 1767/2262/2222 1768/2263/2223 83/2238/2199
f 83/2238/2199 1768/2263/2223 1769/2264/2224
f 83/2238/2199 1769/2264/2224 84/2265/2225
f 84/2265/2225 1769/2264/2224 85/2266/2226
f 85/2266/2226 1769/2264/2224 1802/2267/2227
f 85/2266/2226 1802/2267/2227 86/2243/2169
f 86/2243/2169 1802/2267/2227 1801/2261/2221
f 1737/2210/2172 1205/2209/2171 1770/2268/2228
f 1770/2268/2228 1205/2209/2171 1204/2269/2229
f 1770/2268/2228 1204/2269/2229 1203/2216/2170
f 1785/2234/2195 1203/2216/2170 1786/2270/2230
f 1786/2270/2230 1203/2216/2170 86/2243/2169
f 1786/2270/2230 86/2243/2169 1787/2271/2231
f 1787/2271/2231 86/2243/2169 1788/2241/2202
f 1787/2271/2231 1788/2241/2202 1754/2239/2200
f 1738/2212/2174 1737/2210/2172 1771/2272/2232
f 1771/2272/2232 1737/2210/2172 1770/2268/2228
f 1771/2272/2232 1770/2268/2228 1203/2216/2170
f 1741/2219/2180 1206/2211/2173 1740/2273/2233
f 1740/2273/2233 1206/2211/2173 1739/2213/2175
f 1740/2273/2233 1739/2213/2175 1773/2215/2177
f 1774/2217/2178 1741/2219/2180 1740/2273/2233
f 1774/2217/2178 1740/2273/2233 1773/2215/2177
f 1743/2221/2182 1742/2220/2181 1776/2274/2234
f 1776/2274/2234 1742/2220/2181 1775/2218/2179
f 1776/2274/2234 1775/2218/2179 1203/2216/2170
f 1746/2227/2188 1206/2211/2173 1745/2275/2235
f 1745/2275/2235 1206/2211/2173 1744/2222/2183
f 1745/2275/2235 1744/2222/2183 1778/2224/2185
f 1779/2225/2186 1746/2227/2188 1745/2275/2235
f 1779/2225/2186 1745/2275/2235 1778/2224/2185
f 1748/2229/2190 1747/2228/2189 1781/2276/2236
f 1781/2276/2236 1747/2228/2189 1780/2226/2187
f 1781/2276/2236 1780/2226/2187 1203/2216/2170
f 1751/2235/2196 1206/2211/2173 1750/2277/2237
f 1750/2277/2237 1206/2211/2173 1749/2230/2191
f 1750/2277/2237 1749/2230/2191 1783/2232/2193
f 1784/2233/2194 1751/2235/2196 1750/2277/2237
f 1784/2233/2194 1750/2277/2237 1783/2232/2193
f 1787/2271/2231 1754/2239/2200 1753/2237/2198
f 1785/2234/2195 1786/2270/2230 1752/2236/2197
f 1752/2236/2197 1786/2270/2230 1753/2237/2198
f 1786/2270/2230 1787/2271/2231 1753/2237/2198
f 1757/2246/2206 83/2238/2199 1756/2278/2238
f 1756/2278/2238 83/2238/2199 1755/2240/2201
f 1756/2278/2238 1755/2240/2201 1789/2242/2203
f 1790/2244/2204 1757/2246/2206 1756/2278/2238
f 1790/2244/2204 1756/2278/2238 1789/2242/2203
f 1759/2248/2208 1758/2247/2207 1792/2279/2239
f 1792/2279/2239 1758/2247/2207 1791/2245/2205
f 1792/2279/2239 1791/2245/2205 86/2243/2169
f 1762/2254/2214 83/2238/2199 1761/2280/2240
f 1761/2280/2240 83/2238/2199 1760/2249/2209
f 1761/2280/2240 1760/2249/2209 1794/2251/2211
f 1795/2252/2212 1762/2254/2214 1761/2280/2240
f 1795/2252/2212 1761/2280/2240 1794/2251/2211
f 1764/2256/2216 1763/2255/2215 1797/2281/2241
f 1797/2281/2241 1763/2255/2215 1796/2253/2213
f 1797/2281/2241 1796/2253/2213 86/2243/2169
f 1767/2262/2222 83/2238/2199 1766/2282/2242
f 1766/2282/2242 83/2238/2199 1765/2257/2217
f 1766/2282/2242 1765/2257/2217 1799/2259/2219
f 1800/2260/2220 1767/2262/2222 1766/2282/2242
f 1800/2260/2220 1766/2282/2242 1799/2259/2219
f 1802/2267/2227 1769/2264/2224 1768/2263/2223
f 1802/2267/2227 1768/2263/2223 1801/2261/2221
f 1203/2216/2170 1772/2214/2176 1771/2272/2232
f 1771/2272/2232 1772/2214/2176 1738/2212/2174
f 1203/2216/2170 1777/2223/2184 1776/2274/2234
f 1776/2274/2234 1777/2223/2184 1743/2221/2182
f 1203/2216/2170 1782/2231/2192 1781/2276/2236
f 1781/2276/2236 1782/2231/2192 1748/2229/2190
f 86/2243/2169 1793/2250/2210 1792/2279/2239
f 1792/2279/2239 1793/2250/2210 1759/2248/2208
f 86/2243/2169 1798/2258/2218 1797/2281/2241
f 1797/2281/2241 1798/2258/2218 1764/2256/2216
f 68/2283/2243 1803/2284/2244 69/2285/2245
f 69/2285/2245 1803/2284/2244 1804/2286/2246
f 69/2285/2245 1804/2286/2246 1805/2287/2247
f 1805/2287/2247 1804/2286/2246 1838/2288/2248
f 1805/2287/2247 1838/2288/2248 1839/2289/2249
f 1839/2289/2249 1838/2288/2248 66/2290/2250
f 1839/2289/2249 66/2290/2250 1840/2291/2251
f 1840/2291/2251 66/2290/2250 1841/2292/2252
f 1840/2291/2251 1841/2292/2252 1807/2293/2253
f 1807/2293/2253 1841/2292/2252 1808/2294/2254
f 1807/2293/2253 1808/2294/2254 69/2285/2245
f 69/2285/2245 1808/2294/2254 1809/2295/2255
f 69/2285/2245 1809/2295/2255 1810/2296/2256
f 1810/2296/2256 1809/2295/2255 1843/2297/2257
f 1810/2296/2256 1843/2297/2257 1844/2298/2258
f 1844/2298/2258 1843/2297/2257 66/2290/2250
f 1844/2298/2258 66/2290/2250 1845/2299/2259
f 1845/2299/2259 66/2290/2250 1846/2300/2260
f 1845/2299/2259 1846/2300/2260 1812/2301/2261
f 1812/2301/2261 1846/2300/2260 1813/2302/2262
f 1812/2301/2261 1813/2302/2262 69/2285/2245
f 69/2285/2245 1813/2302/2262 1814/2303/2263
f 69/2285/2245 1814/2303/2263 1815/2304/2264
f 1815/2304/2264 1814/2303/2263 1848/2305/2265
f 1815/2304/2264 1848/2305/2265 1849/2306/2266
f 1849/2306/2266 1848/2305/2265 66/2290/2250
f 1849/2306/2266 66/2290/2250 1850/2307/2267
f 1850/2307/2267 66/2290/2250 1851/2308/2268
f 1850/2307/2267 1851/2308/2268 1817/2309/2269
f 1817/2309/2269 1851/2308/2268 1818/2310/2270
f 1817/2309/2269 1818/2310/2270 69/2285/2245
f 69/2285/2245 1818/2310/2270 1819/2311/2271
f 69/2285/2245 1819/2311/2271 1220/2312/2272
f 1220/2312/2272 1819/2311/2271 1820/2313/2273
f 1220/2312/2272 1820/2313/2273 1821/2314/2274
f 1821/2314/2274 1820/2313/2273 1854/2315/2275
f 1821/2314/2274 1854/2315/2275 1855/2316/2276
f 1855/2316/2276 1854/2315/2275 1223/2317/2277
f 1855/2316/2276 1223/2317/2277 1856/2318/2278
f 1856/2318/2278 1223/2317/2277 1857/2319/2279
f 1856/2318/2278 1857/2319/2279 1823/2320/2280
f 1823/2320/2280 1857/2319/2279 1824/2321/2281
f 1823/2320/2280 1824/2321/2281 1220/2312/2272
f 1220/2312/2272 1824/2321/2281 1825/2322/2282
f 1220/2312/2272 1825/2322/2282 1826/2323/2283
f 1826/2323/2283 1825/2322/2282 1859/2324/2284
f 1826/2323/2283 1859/2324/2284 1860/2325/2285
f 1860/2325/2285 1859/2324/2284 1223/2317/2277
f 1860/2325/2285 1223/2317/2277 1861/2326/2286
f 1861/2326/2286 1223/2317/2277 1862/2327/2287
f 1861/2326/2286 1862/2327/2287 1828/2328/2288
f 1828/2328/2288 1862/2327/2287 1829/2329/2289
f 1828/2328/2288 1829/2329/2289 1220/2312/2272
f 1220/2312/2272 1829/2329/2289 1830/2330/2290
f 1220/2312/2272 1830/2330/2290 1831/2331/2291
f 1831/2331/2291 1830/2330/2290 1864/2332/2292
f 1831/2331/2291 1864/2332/2292 1865/2333/2293
f 1865/2333/2293 1864/2332/2292 1223/2317/2277
f 1865/2333/2293 1223/2317/2277 1866/2334/2294
f 1866/2334/2294 1223/2317/2277 1867/2335/2295
f 1866/2334/2294 1867/2335/2295 1833/2336/2296
f 1833/2336/2296 1867/2335/2295 1834/2337/2297
f 1833/2336/2296 1834/2337/2297 1220/2312/2272
f 1220/2312/2272 1834/2337/2297 1835/2338/2298
f 1220/2312/2272 1835/2338/2298 1221/2339/2299
f 1221/2339/2299 1835/2338/2298 1222/2340/2300
f 1222/2340/2300 1835/2338/2298 1868/2341/2301
f 1222/2340/2300 1868/2341/2301 1223/2317/2277
f 1223/2317/2277 1868/2341/2301 1867/2335/2295
f 1803/2284/2244 68/2283/2243 1836/2342/2302
f 1836/2342/2302 68/2283/2243 67/2343/2303
f 1836/2342/2302 67/2343/2303 66/2290/2250
f 1851/2308/2268 66/2290/2250 1852/2344/2304
f 1852/2344/2304 66/2290/2250 1223/2317/2277
f 1852/2344/2304 1223/2317/2277 1853/2345/2305
f 1853/2345/2305 1223/2317/2277 1854/2315/2275
f 1853/2345/2305 1854/2315/2275 1820/2313/2273
f 1804/2286/2246 1803/2284/2244 1837/2346/2306
f 1837/2346/2306 1803/2284/2244 1836/2342/2302
f 1837/2346/2306 1836/2342/2302 66/2290/2250
f 1807/2293/2253 69/2285/2245 1806/2347/2307
f 1806/2347/2307 69/2285/2245 1805/2287/2247
f 1806/2347/2307 1805/2287/2247 1839/2289/2249
f 1840/2291/2251 1807/2293/2253 1806/2347/2307
f 1840/2291/2251 1806/2347/2307 1839/2289/2249
f 1809/2295/2255 1808/2294/2254 1842/2348/2308
f 1842/2348/2308 1808/2294/2254 1841/2292/2252
f 1842/2348/2308 1841/2292/2252 66/2290/2250
f 1812/2301/2261 69/2285/2245 1811/2349/2309
f 1811/2349/2309 69/2285/2245 1810/2296/2256
f 1811/2349/2309 1810/2296/2256 1844/2298/2258
f 1845/2299/2259 1812/2301/2261 1811/2349/2309
f 1845/2299/2259 1811/2349/2309 1844/2298/2258
f 1814/2303/2263 1813/2302/2262 1847/2350/2310
f 1847/2350/2310 1813/2302/2262 1846/2300/2260
f 1847/2350/2310 1846/2300/2260 66/2290/2250
f 1817/2309/2269 69/2285/2245 1816/2351/2311
f 1816/2351/2311 69/2285/2245 1815/2304/2264
f 1816/2351/2311 1815/2304/2264 1849/2306/2266
f 1850/2307/2267 1817/2309/2269 1816/2351/2311
f 1850/2307/2267 1816/2351/2311 1849/2306/2266
f 1853/2345/2305 1820/2313/2273 1819/2311/2271
f 1851/2308/2268 1852/2344/2304 1818/2310/2270
f 1818/2310/2270 1852/2344/2304 1819/2311/2271
f 1852/2344/2304 1853/2345/2305 1819/2311/2271
f 1823/2320/2280 1220/2312/2272 1822/2352/2312
f 1822/2352/2312 1220/2312/2272 1821/2314/2274
f 1822/2352/2312 1821/2314/2274 1855/2316/2276
f 1856/2318/2278 1823/2320/2280 1822/2352/2312
f 1856/2318/2278 1822/2352/2312 1855/2316/2276
f 1825/2322/2282 1824/2321/2281 1858/2353/2313
f 1858/2353/2313 1824/2321/2281 1857/2319/2279
f 1858/2353/2313 1857/2319/2279 1223/2317/2277
f 1828/2328/2288 1220/2312/2272 1827/2354/2314
f 1827/2354/2314 1220/2312/2272 1826/2323/2283
f 1827/2354/2314 1826/2323/2283 1860/2325/2285
f 1861/2326/2286 1828/2328/2288 1827/2354/2314
f 1861/2326/2286 1827/2354/2314 1860/2325/2285
f 1830/2330/2290 1829/2329/2289 1863/2355/2315
f 1863/2355/2315 1829/2329/2289 1862/2327/2287
f 1863/2355/2315 1862/2327/2287 1223/2317/2277
f 1833/2336/2296 1220/2312/2272 1832/2356/2316
f 1832/2356/2316 1220/2312/2272 1831/2331/2291
f 1832/2356/2316 1831/2331/2291 1865/2333/2293
f 1866/2334/2294 1833/2336/2296 1832/2356/2316
f 1866/2334/2294 1832/2356/2316 1865/2333/2293
f 1868/2341/2301 1835/2338/2298 1834/2337/2297
f 1868/2341/2301 1834/2337/2297 1867/2335/2295
f 66/2290/2250 1838/2288/2248 1837/2346/2306
f 1837/2346/2306 1838/2288/2248 1804/2286/2246
f 66/2290/2250 1843/2297/2257 1842/2348/2308
f 1842/2348/2308 1843/2297/2257 1809/2295/2255
f 66/2290/2250 1848/2305/2265 1847/2350/2310
f 1847/2350/2310 1848/2305/2265 1814/2303/2263
f 1223/2317/2277 1859/2324/2284 1858/2353/2313
f 1858/2353/2313 1859/2324/2284 1825/2322/2282
f 1223/2317/2277 1864/2332/2292 1863/2355/2315
f 1863/2355/2315 1864/2332/2292 1830/2330/2290
f 66/2357/2250 65/2358/2317 1223/2359/2277
f 1223/2359/2277 65/2358/2317 1224/2360/2318
f 64/2361/2319 1869/2362/2320 65/2363/2317
f 65/2363/2317 1869/2362/2320 1870/2364/2321
f 65/2363/2317 1870/2364/2321 1871/2365/2322
f 1871/2365/2322 1870/2364/2321 1909/2366/2323
f 1871/2365/2322 1909/2366/2323 1910/2367/2324
f 1910/2367/2324 1909/2366/2323 62/2368/2325
f 1910/2367/2324 62/2368/2325 1911/2369/2326
f 1911/2369/2326 62/2368/2325 1912/2370/2327
f 1911/2369/2326 1912/2370/2327 1873/2371/2328
f 1873/2371/2328 1912/2370/2327 1874/2372/2329
f 1873/2371/2328 1874/2372/2329 65/2363/2317
f 65/2363/2317 1874/2372/2329 1875/2373/2330
f 65/2363/2317 1875/2373/2330 1876/2374/2331
f 1876/2374/2331 1875/2373/2330 1914/2375/2332
f 1876/2374/2331 1914/2375/2332 1915/2376/2333
f 1915/2376/2333 1914/2375/2332 62/2368/2325
f 1915/2376/2333 62/2368/2325 1916/2377/2334
f 1916/2377/2334 62/2368/2325 1917/2378/2335
f 1916/2377/2334 1917/2378/2335 1878/2379/2336
f 1878/2379/2336 1917/2378/2335 1879/2380/2337
f 1878/2379/2336 1879/2380/2337 65/2363/2317
f 65/2363/2317 1879/2380/2337 1880/2381/2338
f 65/2363/2317 1880/2381/2338 1881/2382/2339
f 1881/2382/2339 1880/2381/2338 1919/2383/2340
f 1881/2382/2339 1919/2383/2340 1920/2384/2341
f 1920/2384/2341 1919/2383/2340 62/2368/2325
f 1920/2384/2341 62/2368/2325 1921/2385/2342
f 1921/2385/2342 62/2368/2325 1922/2386/2343
f 1921/2385/2342 1922/2386/2343 1883/2387/2344
f 1883/2387/2344 1922/2386/2343 1884/2388/2345
f 1883/2387/2344 1884/2388/2345 65/2363/2317
f 65/2363/2317 1884/2388/2345 1885/2389/2346
f 65/2363/2317 1885/2389/2346 1886/2390/2347
f 1886/2390/2347 1885/2389/2346 1924/2391/2348
f 1886/2390/2347 1924/2391/2348 1925/2392/2349
f 1925/2392/2349 1924/2391/2348 62/2368/2325
f 1925/2392/2349 62/2368/2325 1227/2393/2350
f 1869/2362/2320 64/2361/2319 1907/2394/2351
f 1907/2394/2351 64/2361/2319 63/2395/2352
f 1907/2394/2351 63/2395/2352 62/2368/2325
f 1226/2396/2353 1944/2397/2354 1227/2393/2350
f 1227/2393/2350 1944/2397/2354 1943/2398/2355
f 1227/2393/2350 1943/2398/2355 1942/2399/2356
f 1942/2399/2356 1943/2398/2355 1904/2400/2357
f 1942/2399/2356 1904/2400/2357 1903/2401/2358
f 1903/2401/2358 1904/2400/2357 1224/2402/2318
f 1903/2401/2358 1224/2402/2318 1902/2403/2359
f 1902/2403/2359 1224/2402/2318 1901/2404/2360
f 1902/2403/2359 1901/2404/2360 1940/2405/2361
f 1940/2405/2361 1901/2404/2360 1939/2406/2362
f 1940/2405/2361 1939/2406/2362 1227/2393/2350
f 1227/2393/2350 1939/2406/2362 1938/2407/2363
f 1227/2393/2350 1938/2407/2363 1937/2408/2364
f 1937/2408/2364 1938/2407/2363 1899/2409/2365
f 1937/2408/2364 1899/2409/2365 1898/2410/2366
f 1898/2410/2366 1899/2409/2365 1224/2402/2318
f 1898/2410/2366 1224/2402/2318 1897/2411/2367
f 1897/2411/2367 1224/2402/2318 1896/2412/2368
f 1897/2411/2367 1896/2412/2368 1935/2413/2369
f 1935/2413/2369 1896/2412/2368 1934/2414/2370
f 1935/2413/2369 1934/2414/2370 1227/2393/2350
f 1227/2393/2350 1934/2414/2370 1933/2415/2371
f 1227/2393/2350 1933/2415/2371 1932/2416/2372
f 1932/2416/2372 1933/2415/2371 1894/2417/2373
f 1932/2416/2372 1894/2417/2373 1893/2418/2374
f 1893/2418/2374 1894/2417/2373 1224/2402/2318
f 1893/2418/2374 1224/2402/2318 1892/2419/2375
f 1892/2419/2375 1224/2402/2318 1891/2420/2376
f 1892/2419/2375 1891/2420/2376 1930/2421/2377
f 1930/2421/2377 1891/2420/2376 1929/2422/2378
f 1930/2421/2377 1929/2422/2378 1227/2393/2350
f 1227/2393/2350 1929/2422/2378 1928/2423/2379
f 1227/2393/2350 1928/2423/2379 1927/2424/2380
f 1927/2424/2380 1928/2423/2379 1889/2425/2381
f 1927/2424/2380 1889/2425/2381 1888/2426/2382
f 1888/2426/2382 1889/2425/2381 1224/2402/2318
f 1888/2426/2382 1224/2402/2318 65/2363/2317
f 1944/2397/2354 1226/2396/2353 1906/2427/2383
f 1906/2427/2383 1226/2396/2353 1225/2428/2384
f 1906/2427/2383 1225/2428/2384 1224/2402/2318
f 1870/2364/2321 1869/2362/2320 1908/2429/2385
f 1908/2429/2385 1869/2362/2320 1907/2394/2351
f 1908/2429/2385 1907/2394/2351 62/2368/2325
f 1873/2371/2328 65/2363/2317 1872/2430/2386
f 1872/2430/2386 65/2363/2317 1871/2365/2322
f 1872/2430/2386 1871/2365/2322 1910/2367/2324
f 1911/2369/2326 1873/2371/2328 1872/2430/2386
f 1911/2369/2326 1872/2430/2386 1910/2367/2324
f 1875/2373/2330 1874/2372/2329 1913/2431/2387
f 1913/2431/2387 1874/2372/2329 1912/2370/2327
f 1913/2431/2387 1912/2370/2327 62/2368/2325
f 1878/2379/2336 65/2363/2317 1877/2432/2388
f 1877/2432/2388 65/2363/2317 1876/2374/2331
f 1877/2432/2388 1876/2374/2331 1915/2376/2333
f 1916/2377/2334 1878/2379/2336 1877/2432/2388
f 1916/2377/2334 1877/2432/2388 1915/2376/2333
f 1880/2381/2338 1879/2380/2337 1918/2433/2389
f 1918/2433/2389 1879/2380/2337 1917/2378/2335
f 1918/2433/2389 1917/2378/2335 62/2368/2325
f 1883/2387/2344 65/2363/2317 1882/2434/2390
f 1882/2434/2390 65/2363/2317 1881/2382/2339
f 1882/2434/2390 1881/2382/2339 1920/2384/2341
f 1921/2385/2342 1883/2387/2344 1882/2434/2390
f 1921/2385/2342 1882/2434/2390 1920/2384/2341
f 1885/2389/2346 1884/2388/2345 1923/2435/2391
f 1923/2435/2391 1884/2388/2345 1922/2386/2343
f 1923/2435/2391 1922/2386/2343 62/2368/2325
f 1888/2426/2382 65/2363/2317 1887/2436/2392
f 1887/2436/2392 65/2363/2317 1886/2390/2347
f 1887/2436/2392 1886/2390/2347 1925/2392/2349
f 1888/2426/2382 1887/2436/2392 1926/2437/2393
f 1926/2437/2393 1887/2436/2392 1925/2392/2349
f 1926/2437/2393 1925/2392/2349 1227/2393/2350
f 1891/2420/2376 1224/2402/2318 1890/2438/2394
f 1890/2438/2394 1224/2402/2318 1889/2425/2381
f 1890/2438/2394 1889/2425/2381 1928/2423/2379
f 1929/2422/2378 1891/2420/2376 1890/2438/2394
f 1929/2422/2378 1890/2438/2394 1928/2423/2379
f 1893/2418/2374 1892/2419/2375 1931/2439/2395
f 1931/2439/2395 1892/2419/2375 1930/2421/2377
f 1931/2439/2395 1930/2421/2377 1227/2393/2350
f 1896/2412/2368 1224/2402/2318 1895/2440/2396
f 1895/2440/2396 1224/2402/2318 1894/2417/2373
f 1895/2440/2396 1894/2417/2373 1933/2415/2371
f 1934/2414/2370 1896/2412/2368 1895/2440/2396
f 1934/2414/2370 1895/2440/2396 1933/2415/2371
f 1898/2410/2366 1897/2411/2367 1936/2441/2397
f 1936/2441/2397 1897/2411/2367 1935/2413/2369
f 1936/2441/2397 1935/2413/2369 1227/2393/2350
f 1901/2404/2360 1224/2402/2318 1900/2442/2398
f 1900/2442/2398 1224/2402/2318 1899/2409/2365
f 1900/2442/2398 1899/2409/2365 1938/2407/2363
f 1939/2406/2362 1901/2404/2360 1900/2442/2398
f 1939/2406/2362 1900/2442/2398 1938/2407/2363
f 1903/2401/2358 1902/2403/2359 1941/2443/2399
f 1941/2443/2399 1902/2403/2359 1940/2405/2361
f 1941/2443/2399 1940/2405/2361 1227/2393/2350
f 1906/2427/2383 1224/2402/2318 1905/2444/2400
f 1905/2444/2400 1224/2402/2318 1904/2400/2357
f 1905/2444/2400 1904/2400/2357 1943/2398/2355
f 1944/2397/2354 1906/2427/2383 1905/2444/2400
f 1944/2397/2354 1905/2444/2400 1943/2398/2355
f 62/2368/2325 1909/2366/2323 1908/2429/2385
f 1908/2429/2385 1909/2366/2323 1870/2364/2321
f 62/2368/2325 1914/2375/2332 1913/2431/2387
f 1913/2431/2387 1914/2375/2332 1875/2373/2330
f 62/2368/2325 1919/2383/2340 1918/2433/2389
f 1918/2433/2389 1919/2383/2340 1880/2381/2338
f 62/2368/2325 1924/2391/2348 1923/2435/2391
f 1923/2435/2391 1924/2391/2348 1885/2389/2346
f 1227/2393/2350 1927/2424/2380 1926/2437/2393
f 1926/2437/2393 1927/2424/2380 1888/2426/2382
f 1227/2393/2350 1932/2416/2372 1931/2439/2395
f 1931/2439/2395 1932/2416/2372 1893/2418/2374
f 1227/2393/2350 1937/2408/2364 1936/2441/2397
f 1936/2441/2397 1937/2408/2364 1898/2410/2366
f 1227/2393/2350 1942/2399/2356 1941/2443/2399
f 1941/2443/2399 1942/2399/2356 1903/2401/2358
f 62/2445/2325 61/2446/2401 1227/2447/2350
f 1227/2447/2350 61/2446/2401 1228/2448/2402
f 60/2449/2403 1945/2450/2404 61/2451/2401
f 61/2451/2401 1945/2450/2404 1946/2452/2405
f 61/2451/2401 1946/2452/2405 1947/2453/2406
f 1947/2453/2406 1946/2452/2405 1985/2454/2407
f 1947/2453/2406 1985/2454/2407 1986/2455/2408
f 1986/2455/2408 1985/2454/2407 58/2456/2409
f 1986/2455/2408 58/2456/2409 1987/2457/2410
f 1987/2457/2410 58/2456/2409 1988/2458/2411
f 1987/2457/2410 1988/2458/2411 1949/2459/2412
f 1949/2459/2412 1988/2458/2411 1950/2460/2413
f 1949/2459/2412 1950/2460/2413 61/2451/2401
f 61/2451/2401 1950/2460/2413 1951/2461/2414
f 61/2451/2401 1951/2461/2414 1952/2462/2415
f 1952/2462/2415 1951/2461/2414 1990/2463/2416
f 1952/2462/2415 1990/2463/2416 1991/2464/2417
f 1991/2464/2417 1990/2463/2416 58/2456/2409
f 1991/2464/2417 58/2456/2409 1992/2465/2418
f 1992/2465/2418 58/2456/2409 1993/2466/2419
f 1992/2465/2418 1993/2466/2419 1954/2467/2420
f 1954/2467/2420 1993/2466/2419 1955/2468/2421
f 1954/2467/2420 1955/2468/2421 61/2451/2401
f 61/2451/2401 1955/2468/2421 1956/2469/2422
f 61/2451/2401 1956/2469/2422 1957/2470/2423
f 1957/2470/2423 1956/2469/2422 1995/2471/2424
f 1957/2470/2423 1995/2471/2424 1996/2472/2425
f 1996/2472/2425 1995/2471/2424 58/2456/2409
f 1996/2472/2425 58/2456/2409 1997/2473/2426
f 1997/2473/2426 58/2456/2409 1998/2474/2427
f 1997/2473/2426 1998/2474/2427 1959/2475/2428
f 1959/2475/2428 1998/2474/2427 1960/2476/2429
f 1959/2475/2428 1960/2476/2429 61/2451/2401
f 61/2451/2401 1960/2476/2429 1961/2477/2430
f 61/2451/2401 1961/2477/2430 1962/2478/2431
f 1962/2478/2431 1961/2477/2430 2000/2479/2432
f 1962/2478/2431 2000/2479/2432 2001/2480/2433
f 2001/2480/2433 2000/2479/2432 58/2456/2409
f 2001/2480/2433 58/2456/2409 1231/2481/2434
f 1945/2450/2404 60/2449/2403 1983/2482/2435
f 1983/2482/2435 60/2449/2403 59/2483/2436
f 1983/2482/2435 59/2483/2436 58/2456/2409
f 1230/2484/2437 2020/2485/2438 1231/2481/2434
f 1231/2481/2434 2020/2485/2438 2019/2486/2439
f 1231/2481/2434 2019/2486/2439 2018/2487/2440
f 2018/2487/2440 2019/2486/2439 1980/2488/2441
f 2018/2487/2440 1980/2488/2441 1979/2489/2442
f 1979/2489/2442 1980/2488/2441 1228/2490/2402
f 1979/2489/2442 1228/2490/2402 1978/2491/2443
f 1978/2491/2443 1228/2490/2402 1977/2492/2444
f 1978/2491/2443 1977/2492/2444 2016/2493/2445
f 2016/2493/2445 1977/2492/2444 2015/2494/2446
f 2016/2493/2445 2015/2494/2446 1231/2481/2434
f 1231/2481/2434 2015/2494/2446 2014/2495/2447
f 1231/2481/2434 2014/2495/2447 2013/2496/2448
f 2013/2496/2448 2014/2495/2447 1975/2497/2449
f 2013/2496/2448 1975/2497/2449 1974/2498/2450
f 1974/2498/2450 1975/2497/2449 1228/2490/2402
f 1974/2498/2450 1228/2490/2402 1973/2499/2451
f 1973/2499/2451 1228/2490/2402 1972/2500/2452
f 1973/2499/2451 1972/2500/2452 2011/2501/2453
f 2011/2501/2453 1972/2500/2452 2010/2502/2454
f 2011/2501/2453 2010/2502/2454 1231/2481/2434
f 1231/2481/2434 2010/2502/2454 2009/2503/2455
f 1231/2481/2434 2009/2503/2455 2008/2504/2456
f 2008/2504/2456 2009/2503/2455 1970/2505/2457
f 2008/2504/2456 1970/2505/2457 1969/2506/2458
f 1969/2506/2458 1970/2505/2457 1228/2490/2402
f 1969/2506/2458 1228/2490/2402 1968/2507/2459
f 1968/2507/2459 1228/2490/2402 1967/2508/2460
f 1968/2507/2459 1967/2508/2460 2006/2509/2461
f 2006/2509/2461 1967/2508/2460 2005/2510/2462
f 2006/2509/2461 2005/2510/2462 1231/2481/2434
f 1231/2481/2434 2005/2510/2462 2004/2511/2463
f 1231/2481/2434 2004/2511/2463 2003/2512/2464
f 2003/2512/2464 2004/2511/2463 1965/2513/2465
f 2003/2512/2464 1965/2513/2465 1964/2514/2466
f 1964/2514/2466 1965/2513/2465 1228/2490/2402
f 1964/2514/2466 1228/2490/2402 61/2451/2401
f 2020/2485/2438 1230/2484/2437 1982/2515/2467
f 1982/2515/2467 1230/2484/2437 1229/2516/2468
f 1982/2515/2467 1229/2516/2468 1228/2490/2402
f 1946/2452/2405 1945/2450/2404 1984/2517/2469
f 1984/2517/2469 1945/2450/2404 1983/2482/2435
f 1984/2517/2469 1983/2482/2435 58/2456/2409
f 1949/2459/2412 61/2451/2401 1948/2518/2470
f 1948/2518/2470 61/2451/2401 1947/2453/2406
f 1948/2518/2470 1947/2453/2406 1986/2455/2408
f 1987/2457/2410 1949/2459/2412 1948/2518/2470
f 1987/2457/2410 1948/2518/2470 1986/2455/2408
f 1951/2461/2414 1950/2460/2413 1989/2519/2471
f 1989/2519/2471 1950/2460/2413 1988/2458/2411
f 1989/2519/2471 1988/2458/2411 58/2456/2409
f 1954/2467/2420 61/2451/2401 1953/2520/2472
f 1953/2520/2472 61/2451/2401 1952/2462/2415
f 1953/2520/2472 1952/2462/2415 1991/2464/2417
f 1992/2465/2418 1954/2467/2420 1953/2520/2472
f 1992/2465/2418 1953/2520/2472 1991/2464/2417
f 1956/2469/2422 1955/2468/2421 1994/2521/2473
f 1994/2521/2473 1955/2468/2421 1993/2466/2419
f 1994/2521/2473 1993/2466/2419 58/2456/2409
f 1959/2475/2428 61/2451/2401 1958/2522/2474
f 1958/2522/2474 61/2451/2401 1957/2470/2423
f 1958/2522/2474 1957/2470/2423 1996/2472/2425
f 1997/2473/2426 1959/2475/2428 1958/2522/2474
f 1997/2473/2426 1958/2522/2474 1996/2472/2425
f 1961/2477/2430 1960/2476/2429 1999/2523/2475
f 1999/2523/2475 1960/2476/2429 1998/2474/2427
f 1999/2523/2475 1998/2474/2427 58/2456/2409
f 1964/2514/2466 61/2451/2401 1963/2524/2476
f 1963/2524/2476 61/2451/2401 1962/2478/2431
f 1963/2524/2476 1962/2478/2431 2001/2480/2433
f 1964/2514/2466 1963/2524/2476 2002/2525/2477
f 2002/2525/2477 1963/2524/2476 2001/2480/2433
f 2002/2525/2477 2001/2480/2433 1231/2481/2434
f 1967/2508/2460 1228/2490/2402 1966/2526/2478
f 1966/2526/2478 1228/2490/2402 1965/2513/2465
f 1966/2526/2478 1965/2513/2465 2004/2511/2463
f 2005/2510/2462 1967/2508/2460 1966/2526/2478
f 2005/2510/2462 1966/2526/2478 2004/2511/2463
f 1969/2506/2458 1968/2507/2459 2007/2527/2479
f 2007/2527/2479 1968/2507/2459 2006/2509/2461
f 2007/2527/2479 2006/2509/2461 1231/2481/2434
f 1972/2500/2452 1228/2490/2402 1971/2528/2480
f 1971/2528/2480 1228/2490/2402 1970/2505/2457
f 1971/2528/2480 1970/2505/2457 2009/2503/2455
f 2010/2502/2454 1972/2500/2452 1971/2528/2480
f 2010/2502/2454 1971/2528/2480 2009/2503/2455
f 1974/2498/2450 1973/2499/2451 2012/2529/2481
f 2012/2529/2481 1973/2499/2451 2011/2501/2453
f 2012/2529/2481 2011/2501/2453 1231/2481/2434
f 1977/2492/2444 1228/2490/2402 1976/2530/2482
f 1976/2530/2482 1228/2490/2402 1975/2497/2449
f 1976/2530/2482 1975/2497/2449 2014/2495/2447
f 2015/2494/2446 1977/2492/2444 1976/2530/2482
f 2015/2494/2446 1976/2530/2482 2014/2495/2447
f 1979/2489/2442 1978/2491/2443 2017/2531/2483
f 2017/2531/2483 1978/2491/2443 2016/2493/2445
f 2017/2531/2483 2016/2493/2445 1231/2481/2434
f 1982/2515/2467 1228/2490/2402 1981/2532/2484
f 1981/2532/2484 1228/2490/2402 1980/2488/2441
f 1981/2532/2484 1980/2488/2441 2019/2486/2439
f 2020/2485/2438 1982/2515/2467 1981/2532/2484
f 2020/2485/2438 1981/2532/2484 2019/2486/2439
f 58/2456/2409 1985/2454/2407 1984/2517/2469
f 1984/2517/2469 1985/2454/2407 1946/2452/2405
f 58/2456/2409 1990/2463/2416 1989/2519/2471
f 1989/2519/2471 1990/2463/2416 1951/2461/2414
f 58/2456/2409 1995/2471/2424 1994/2521/2473
f 1994/2521/2473 1995/2471/2424 1956/2469/2422
f 58/2456/2409 2000/2479/2432 1999/2523/2475
f 1999/2523/2475 2000/2479/2432 1961/2477/2430
f 1231/2481/2434 2003/2512/2464 2002/2525/2477
f 2002/2525/2477 2003/2512/2464 1964/2514/2466
f 1231/2481/2434 2008/2504/2456 2007/2527/2479
f 2007/2527/2479 2008/2504/2456 1969/2506/2458
f 1231/2481/2434 2013/2496/2448 2012/2529/2481
f 2012/2529/2481 2013/2496/2448 1974/2498/2450
f 1231/2481/2434 2018/2487/2440 2017/2531/2483
f 2017/2531/2483 2018/2487/2440 1979/2489/2442
f 58/2533/2409 57/2534/2485 1231/2535/2434
f 1231/2535/2434 57/2534/2485 1232/2536/2486
f 1234/2537/2487 2021/2538/2488 1032/2539/1221
f 1032/2539/1221 2021/2538/2488 2022/2540/2489
f 1032/2539/1221 2022/2540/2489 2023/2541/2490
f 2023/2541/2490 2022/2540/2489 2056/2542/2491
f 2023/2541/2490 2056/2542/2491 2057/2543/2492
f 2057/2543/2492 2056/2542/2491 1232/2544/2486
f 2057/2543/2492 1232/2544/2486 2058/2545/2493
f 2058/2545/2493 1232/2544/2486 2059/2546/2494
f 2058/2545/2493 2059/2546/2494 2025/2547/2495
f 2025/2547/2495 2059/2546/2494 2026/2548/2496
f 2025/2547/2495 2026/2548/2496 1032/2539/1221
f 1032/2539/1221 2026/2548/2496 2027/2549/2497
f 1032/2539/1221 2027/2549/2497 2028/2550/2498
f 2028/2550/2498 2027/2549/2497 2061/2551/2499
f 2028/2550/2498 2061/2551/2499 2062/2552/2500
f 2062/2552/2500 2061/2551/2499 1232/2544/2486
f 2062/2552/2500 1232/2544/2486 2063/2553/2501
f 2063/2553/2501 1232/2544/2486 2064/2554/2502
f 2063/2553/2501 2064/2554/2502 2030/2555/2503
f 2030/2555/2503 2064/2554/2502 2031/2556/2504
f 2030/2555/2503 2031/2556/2504 1032/2539/1221
f 1032/2539/1221 2031/2556/2504 2032/2557/2505
f 1032/2539/1221 2032/2557/2505 2033/2558/2506
f 2033/2558/2506 2032/2557/2505 2066/2559/2507
f 2033/2558/2506 2066/2559/2507 2067/2560/2508
f 2067/2560/2508 2066/2559/2507 1232/2544/2486
f 2067/2560/2508 1232/2544/2486 2068/2561/2509
f 2068/2561/2509 1232/2544/2486 2069/2562/2510
f 2068/2561/2509 2069/2562/2510 2035/2563/2511
f 2035/2563/2511 2069/2562/2510 2036/2564/2512
f 2035/2563/2511 2036/2564/2512 1032/2539/1221
f 1032/2539/1221 2036/2564/2512 2037/2565/2513
f 1032/2539/1221 2037/2565/2513 54/2566/1222
f 54/2566/1222 2037/2565/2513 2038/2567/2514
f 54/2566/1222 2038/2567/2514 2039/2568/2515
f 2039/2568/2515 2038/2567/2514 2072/2569/2516
f 2039/2568/2515 2072/2569/2516 2073/2570/2517
f 2073/2570/2517 2072/2569/2516 57/2571/2485
f 2073/2570/2517 57/2571/2485 2074/2572/2518
f 2074/2572/2518 57/2571/2485 2075/2573/2519
f 2074/2572/2518 2075/2573/2519 2041/2574/2520
f 2041/2574/2520 2075/2573/2519 2042/2575/2521
f 2041/2574/2520 2042/2575/2521 54/2566/1222
f 54/2566/1222 2042/2575/2521 2043/2576/2522
f 54/2566/1222 2043/2576/2522 2044/2577/2523
f 2044/2577/2523 2043/2576/2522 2077/2578/2524
f 2044/2577/2523 2077/2578/2524 2078/2579/2525
f 2078/2579/2525 2077/2578/2524 57/2571/2485
f 2078/2579/2525 57/2571/2485 2079/2580/2526
f 2079/2580/2526 57/2571/2485 2080/2581/2527
f 2079/2580/2526 2080/2581/2527 2046/2582/2528
f 2046/2582/2528 2080/2581/2527 2047/2583/2529
f 2046/2582/2528 2047/2583/2529 54/2566/1222
f 54/2566/1222 2047/2583/2529 2048/2584/2530
f 54/2566/1222 2048/2584/2530 2049/2585/2531
f 2049/2585/2531 2048/2584/2530 2082/2586/2532
f 2049/2585/2531 2082/2586/2532 2083/2587/2533
f 2083/2587/2533 2082/2586/2532 57/2571/2485
f 2083/2587/2533 57/2571/2485 2084/2588/2534
f 2084/2588/2534 57/2571/2485 2085/2589/2535
f 2084/2588/2534 2085/2589/2535 2051/2590/2536
f 2051/2590/2536 2085/2589/2535 2052/2591/2537
f 2051/2590/2536 2052/2591/2537 54/2566/1222
f 54/2566/1222 2052/2591/2537 2053/2592/2538
f 54/2566/1222 2053/2592/2538 55/2593/2539
f 55/2593/2539 2053/2592/2538 56/2594/2540
f 56/2594/2540 2053/2592/2538 2086/2595/2541
f 56/2594/2540 2086/2595/2541 57/2571/2485
f 57/2571/2485 2086/2595/2541 2085/2589/2535
f 2021/2538/2488 1234/2537/2487 2054/2596/2542
f 2054/2596/2542 1234/2537/2487 1233/2597/2543
f 2054/2596/2542 1233/2597/2543 1232/2544/2486
f 2069/2562/2510 1232/2544/2486 2070/2598/2544
f 2070/2598/2544 1232/2544/2486 57/2571/2485
f 2070/2598/2544 57/2571/2485 2071/2599/2545
f 2071/2599/2545 57/2571/2485 2072/2569/2516
f 2071/2599/2545 2072/2569/2516 2038/2567/2514
f 2022/2540/2489 2021/2538/2488 2055/2600/2546
f 2055/2600/2546 2021/2538/2488 2054/2596/2542
f 2055/2600/2546 2054/2596/2542 1232/2544/2486
f 2025/2547/2495 1032/2539/1221 2024/2601/2547
f 2024/2601/2547 1032/2539/1221 2023/2541/2490
f 2024/2601/2547 2023/2541/2490 2057/2543/2492
f 2058/2545/2493 2025/2547/2495 2024/2601/2547
f 2058/2545/2493 2024/2601/2547 2057/2543/2492
f 2027/2549/2497 2026/2548/2496 2060/2602/2548
f 2060/2602/2548 2026/2548/2496 2059/2546/2494
f 2060/2602/2548 2059/2546/2494 1232/2544/2486
f 2030/2555/2503 1032/2539/1221 2029/2603/2549
f 2029/2603/2549 1032/2539/1221 2028/2550/2498
f 2029/2603/2549 2028/2550/2498 2062/2552/2500
f 2063/2553/2501 2030/2555/2503 2029/2603/2549
f 2063/2553/2501 2029/2603/2549 2062/2552/2500
f 2032/2557/2505 2031/2556/2504 2065/2604/2550
f 2065/2604/2550 2031/2556/2504 2064/2554/2502
f 2065/2604/2550 2064/2554/2502 1232/2544/2486
f 2035/2563/2511 1032/2539/1221 2034/2605/2551
f 2034/2605/2551 1032/2539/1221 2033/2558/2506
f 2034/2605/2551 2033/2558/2506 2067/2560/2508
f 2068/2561/2509 2035/2563/2511 2034/2605/2551
f 2068/2561/2509 2034/2605/2551 2067/2560/2508
f 2071/2599/2545 2038/2567/2514 2037/2565/2513
f 2069/2562/2510 2070/2598/2544 2036/2564/2512
f 2036/2564/2512 2070/2598/2544 2037/2565/2513
f 2070/2598/2544 2071/2599/2545 2037/2565/2513
f 2041/2574/2520 54/2566/1222 2040/2606/2552
f 2040/2606/2552 54/2566/1222 2039/2568/2515
f 2040/2606/2552 2039/2568/2515 2073/2570/2517
f 2074/2572/2518 2041/2574/2520 2040/2606/2552
f 2074/2572/2518 2040/2606/2552 2073/2570/2517
f 2043/2576/2522 2042/2575/2521 2076/2607/2553
f 2076/2607/2553 2042/2575/2521 2075/2573/2519
f 2076/2607/2553 2075/2573/2519 57/2571/2485
f 2046/2582/2528 54/2566/1222 2045/2608/2554
f 2045/2608/2554 54/2566/1222 2044/2577/2523
f 2045/2608/2554 2044/2577/2523 2078/2579/2525
f 2079/2580/2526 2046/2582/2528 2045/2608/2554
f 2079/2580/2526 2045/2608/2554 2078/2579/2525
f 2048/2584/2530 2047/2583/2529 2081/2609/2555
f 2081/2609/2555 2047/2583/2529 2080/2581/2527
f 2081/2609/2555 2080/2581/2527 57/2571/2485
f 2051/2590/2536 54/2566/1222 2050/2610/2556
f 2050/2610/2556 54/2566/1222 2049/2585/2531
f 2050/2610/2556 2049/2585/2531 2083/2587/2533
f 2084/2588/2534 2051/2590/2536 2050/2610/2556
f 2084/2588/2534 2050/2610/2556 2083/2587/2533
f 2086/2595/2541 2053/2592/2538 2052/2591/2537
f 2086/2595/2541 2052/2591/2537 2085/2589/2535
f 1232/2544/2486 2056/2542/2491 2055/2600/2546
f 2055/2600/2546 2056/2542/2491 2022/2540/2489
f 1232/2544/2486 2061/2551/2499 2060/2602/2548
f 2060/2602/2548 2061/2551/2499 2027/2549/2497
f 1232/2544/2486 2066/2559/2507 2065/2604/2550
f 2065/2604/2550 2066/2559/2507 2032/2557/2505
f 57/2571/2485 2077/2578/2524 2076/2607/2553
f 2076/2607/2553 2077/2578/2524 2043/2576/2522
f 57/2571/2485 2082/2586/2532 2081/2609/2555
f 2081/2609/2555 2082/2586/2532 2048/2584/2530
f 242/2611/2557 2087/2612/2558 243/2613/483
f 243/2613/483 2087/2612/2558 2088/2614/2559
f 243/2613/483 2088/2614/2559 2089/2615/2560
f 2089/2615/2560 2088/2614/2559 2122/2616/2561
f 2089/2615/2560 2122/2616/2561 2123/2617/2562
f 2123/2617/2562 2122/2616/2561 240/2618/2563
f 2123/2617/2562 240/2618/2563 2124/2619/2564
f 2124/2619/2564 240/2618/2563 2125/2620/2565
f 2124/2619/2564 2125/2620/2565 2091/2621/2566
f 2091/2621/2566 2125/2620/2565 2092/2622/2567
f 2091/2621/2566 2092/2622/2567 243/2613/483
f 243/2613/483 2092/2622/2567 2093/2623/2568
f 243/2613/483 2093/2623/2568 2094/2624/2569
f 2094/2624/2569 2093/2623/2568 2127/2625/2570
f 2094/2624/2569 2127/2625/2570 2128/2626/2571
f 2128/2626/2571 2127/2625/2570 240/2618/2563
f 2128/2626/2571 240/2618/2563 2129/2627/2572
f 2129/2627/2572 240/2618/2563 2130/2628/2573
f 2129/2627/2572 2130/2628/2573 2096/2629/2574
f 2096/2629/2574 2130/2628/2573 2097/2630/2575
f 2096/2629/2574 2097/2630/2575 243/2613/483
f 243/2613/483 2097/2630/2575 2098/2631/2576
f 243/2613/483 2098/2631/2576 2099/2632/2577
f 2099/2632/2577 2098/2631/2576 2132/2633/2578
f 2099/2632/2577 2132/2633/2578 2133/2634/2579
f 2133/2634/2579 2132/2633/2578 240/2618/2563
f 2133/2634/2579 240/2618/2563 2134/2635/2580
f 2134/2635/2580 240/2618/2563 2135/2636/2581
f 2134/2635/2580 2135/2636/2581 2101/2637/2582
f 2101/2637/2582 2135/2636/2581 2102/2638/2583
f 2101/2637/2582 2102/2638/2583 243/2613/483
f 243/2613/483 2102/2638/2583 2103/2639/2584
f 243/2613/483 2103/2639/2584 454/2640/484
f 454/2640/484 2103/2639/2584 2104/2641/2585
f 454/2640/484 2104/2641/2585 2105/2642/2586
f 2105/2642/2586 2104/2641/2585 2138/2643/2587
f 2105/2642/2586 2138/2643/2587 2139/2644/2588
f 2139/2644/2588 2138/2643/2587 1049/2645/2589
f 2139/2644/2588 1049/2645/2589 2140/2646/2590
f 2140/2646/2590 1049/2645/2589 2141/2647/2591
f 2140/2646/2590 2141/2647/2591 2107/2648/2592
f 2107/2648/2592 2141/2647/2591 2108/2649/2593
f 2107/2648/2592 2108/2649/2593 454/2640/484
f 454/2640/484 2108/2649/2593 2109/2650/2594
f 454/2640/484 2109/2650/2594 2110/2651/2595
f 2110/2651/2595 2109/2650/2594 2143/2652/2596
f 2110/2651/2595 2143/2652/2596 2144/2653/2597
f 2144/2653/2597 2143/2652/2596 1049/2645/2589
f 2144/2653/2597 1049/2645/2589 2145/2654/2598
f 2145/2654/2598 1049/2645/2589 2146/2655/2599
f 2145/2654/2598 2146/2655/2599 2112/2656/2600
f 2112/2656/2600 2146/2655/2599 2113/2657/2601
f 2112/2656/2600 2113/2657/2601 454/2640/484
f 454/2640/484 2113/2657/2601 2114/2658/2602
f 454/2640/484 2114/2658/2602 2115/2659/2603
f 2115/2659/2603 2114/2658/2602 2148/2660/2604
f 2115/2659/2603 2148/2660/2604 2149/2661/2605
f 2149/2661/2605 2148/2660/2604 1049/2645/2589
f 2149/2661/2605 1049/2645/2589 2150/2662/2606
f 2150/2662/2606 1049/2645/2589 2151/2663/2607
f 2150/2662/2606 2151/2663/2607 2117/2664/2608
f 2117/2664/2608 2151/2663/2607 2118/2665/2609
f 2117/2664/2608 2118/2665/2609 454/2640/484
f 454/2640/484 2118/2665/2609 2119/2666/2610
f 454/2640/484 2119/2666/2610 1047/2667/2611
f 1047/2667/2611 2119/2666/2610 1048/2668/2612
f 1048/2668/2612 2119/2666/2610 2152/2669/2613
f 1048/2668/2612 2152/2669/2613 1049/2645/2589
f 1049/2645/2589 2152/2669/2613 2151/2663/2607
f 2087/2612/2558 242/2611/2557 2120/2670/2614
f 2120/2670/2614 242/2611/2557 241/2671/2615
f 2120/2670/2614 241/2671/2615 240/2618/2563
f 2135/2636/2581 240/2618/2563 2136/2672/2616
f 2136/2672/2616 240/2618/2563 1049/2645/2589
f 2136/2672/2616 1049/2645/2589 2137/2673/2617
f 2137/2673/2617 1049/2645/2589 2138/2643/2587
f 2137/2673/2617 2138/2643/2587 2104/2641/2585
f 2088/2614/2559 2087/2612/2558 2121/2674/2618
f 2121/2674/2618 2087/2612/2558 2120/2670/2614
f 2121/2674/2618 2120/2670/2614 240/2618/2563
f 2091/2621/2566 243/2613/483 2090/2675/2619
f 2090/2675/2619 243/2613/483 2089/2615/2560
f 2090/2675/2619 2089/2615/2560 2123/2617/2562
f 2124/2619/2564 2091/2621/2566 2090/2675/2619
f 2124/2619/2564 2090/2675/2619 2123/2617/2562
f 2093/2623/2568 2092/2622/2567 2126/2676/2620
f 2126/2676/2620 2092/2622/2567 2125/2620/2565
f 2126/2676/2620 2125/2620/2565 240/2618/2563
f 2096/2629/2574 243/2613/483 2095/2677/2621
f 2095/2677/2621 243/2613/483 2094/2624/2569
f 2095/2677/2621 2094/2624/2569 2128/2626/2571
f 2129/2627/2572 2096/2629/2574 2095/2677/2621
f 2129/2627/2572 2095/2677/2621 2128/2626/2571
f 2098/2631/2576 2097/2630/2575 2131/2678/2622
f 2131/2678/2622 2097/2630/2575 2130/2628/2573
f 2131/2678/2622 2130/2628/2573 240/2618/2563
f 2101/2637/2582 243/2613/483 2100/2679/2623
f 2100/2679/2623 243/2613/483 2099/2632/2577
f 2100/2679/2623 2099/2632/2577 2133/2634/2579
f 2134/2635/2580 2101/2637/2582 2100/2679/2623
f 2134/2635/2580 2100/2679/2623 2133/2634/2579
f 2137/2673/2617 2104/2641/2585 2103/2639/2584
f 2135/2636/2581 2136/2672/2616 2102/2638/2583
f 2102/2638/2583 2136/2672/2616 2103/2639/2584
f 2136/2672/2616 2137/2673/2617 2103/2639/2584
f 2107/2648/2592 454/2640/484 2106/2680/2624
f 2106/2680/2624 454/2640/484 2105/2642/2586
f 2106/2680/2624 2105/2642/2586 2139/2644/2588
f 2140/2646/2590 2107/2648/2592 2106/2680/2624
f 2140/2646/2590 2106/2680/2624 2139/2644/2588
f 2109/2650/2594 2108/2649/2593 2142/2681/2625
f 2142/2681/2625 2108/2649/2593 2141/2647/2591
f 2142/2681/2625 2141/2647/2591 1049/2645/2589
f 2112/2656/2600 454/2640/484 2111/2682/2626
f 2111/2682/2626 454/2640/484 2110/2651/2595
f 2111/2682/2626 2110/2651/2595 2144/2653/2597
f 2145/2654/2598 2112/2656/2600 2111/2682/2626
f 2145/2654/2598 2111/2682/2626 2144/2653/2597
f 2114/2658/2602 2113/2657/2601 2147/2683/2627
f 2147/2683/2627 2113/2657/2601 2146/2655/2599
f 2147/2683/2627 2146/2655/2599 1049/2645/2589
f 2117/2664/2608 454/2640/484 2116/2684/2628
f 2116/2684/2628 454/2640/484 2115/2659/2603
f 2116/2684/2628 2115/2659/2603 2149/2661/2605
f 2150/2662/2606 2117/2664/2608 2116/2684/2628
f 2150/2662/2606 2116/2684/2628 2149/2661/2605
f 2152/2669/2613 2119/2666/2610 2118/2665/2609
f 2152/2669/2613 2118/2665/2609 2151/2663/2607
f 240/2618/2563 2122/2616/2561 2121/2674/2618
f 2121/2674/2618 2122/2616/2561 2088/2614/2559
f 240/2618/2563 2127/2625/2570 2126/2676/2620
f 2126/2676/2620 2127/2625/2570 2093/2623/2568
f 240/2618/2563 2132/2633/2578 2131/2678/2622
f 2131/2678/2622 2132/2633/2578 2098/2631/2576
f 1049/2645/2589 2143/2652/2596 2142/2681/2625
f 2142/2681/2625 2143/2652/2596 2109/2650/2594
f 1049/2645/2589 2148/2660/2604 2147/2683/2627
f 2147/2683/2627 2148/2660/2604 2114/2658/2602
f 240/2685/2563 239/2686/2629 1049/2687/2589
f 1049/2687/2589 239/2686/2629 1050/2688/2630
f 238/2689/2631 2153/2690/2632 239/2691/2629
f 239/2691/2629 2153/2690/2632 2154/2692/2633
f 239/2691/2629 2154/2692/2633 2155/2693/2634
f 2155/2693/2634 2154/2692/2633 2193/2694/2635
f 2155/2693/2634 2193/2694/2635 2194/2695/2636
f 2194/2695/2636 2193/2694/2635 236/2696/2637
f 2194/2695/2636 236/2696/2637 2195/2697/2638
f 2195/2697/2638 236/2696/2637 2196/2698/2639
f 2195/2697/2638 2196/2698/2639 2157/2699/2640
f 2157/2699/2640 2196/2698/2639 2158/2700/2641
f 2157/2699/2640 2158/2700/2641 239/2691/2629
f 239/2691/2629 2158/2700/2641 2159/2701/2642
f 239/2691/2629 2159/2701/2642 2160/2702/2643
f 2160/2702/2643 2159/2701/2642 2198/2703/2644
f 2160/2702/2643 2198/2703/2644 2199/2704/2645
f 2199/2704/2645 2198/2703/2644 236/2696/2637
f 2199/2704/2645 236/2696/2637 2200/2705/2646
f 2200/2705/2646 236/2696/2637 2201/2706/2647
f 2200/2705/2646 2201/2706/2647 2162/2707/2648
f 2162/2707/2648 2201/2706/2647 2163/2708/2649
f 2162/2707/2648 2163/2708/2649 239/2691/2629
f 239/2691/2629 2163/2708/2649 2164/2709/2650
f 239/2691/2629 2164/2709/2650 2165/2710/2651
f 2165/2710/2651 2164/2709/2650 2203/2711/2652
f 2165/2710/2651 2203/2711/2652 2204/2712/2653
f 2204/2712/2653 2203/2711/2652 236/2696/2637
f 2204/2712/2653 236/2696/2637 2205/2713/2654
f 2205/2713/2654 236/2696/2637 2206/2714/2655
f 2205/2713/2654 2206/2714/2655 2167/2715/2656
f 2167/2715/2656 2206/2714/2655 2168/2716/2657
f 2167/2715/2656 2168/2716/2657 239/2691/2629
f 239/2691/2629 2168/2716/2657 2169/2717/2658
f 239/2691/2629 2169/2717/2658 2170/2718/2659
f 2170/2718/2659 2169/2717/2658 2208/2719/2660
f 2170/2718/2659 2208/2719/2660 2209/2720/2661
f 2209/2720/2661 2208/2719/2660 236/2696/2637
f 2209/2720/2661 236/2696/2637 1053/2721/2662
f 2153/2690/2632 238/2689/2631 2191/2722/2663
f 2191/2722/2663 238/2689/2631 237/2723/2664
f 2191/2722/2663 237/2723/2664 236/2696/2637
f 1052/2724/2665 2228/2725/2666 1053/2721/2662
f 1053/2721/2662 2228/2725/2666 2227/2726/2667
f 1053/2721/2662 2227/2726/2667 2226/2727/2668
f 2226/2727/2668 2227/2726/2667 2188/2728/2669
f 2226/2727/2668 2188/2728/2669 2187/2729/2670
f 2187/2729/2670 2188/2728/2669 1050/2730/2630
f 2187/2729/2670 1050/2730/2630 2186/2731/2671
f 2186/2731/2671 1050/2730/2630 2185/2732/2672
f 2186/2731/2671 2185/2732/2672 2224/2733/2673
f 2224/2733/2673 2185/2732/2672 2223/2734/2674
f 2224/2733/2673 2223/2734/2674 1053/2721/2662
f 1053/2721/2662 2223/2734/2674 2222/2735/2675
f 1053/2721/2662 2222/2735/2675 2221/2736/2676
f 2221/2736/2676 2222/2735/2675 2183/2737/2677
f 2221/2736/2676 2183/2737/2677 2182/2738/2678
f 2182/2738/2678 2183/2737/2677 1050/2730/2630
f 2182/2738/2678 1050/2730/2630 2181/2739/2679
f 2181/2739/2679 1050/2730/2630 2180/2740/2680
f 2181/2739/2679 2180/2740/2680 2219/2741/2681
f 2219/2741/2681 2180/2740/2680 2218/2742/2682
f 2219/2741/2681 2218/2742/2682 1053/2721/2662
f 1053/2721/2662 2218/2742/2682 2217/2743/2683
f 1053/2721/2662 2217/2743/2683 2216/2744/2684
f 2216/2744/2684 2217/2743/2683 2178/2745/2685
f 2216/2744/2684 2178/2745/2685 2177/2746/2686
f 2177/2746/2686 2178/2745/2685 1050/2730/2630
f 2177/2746/2686 1050/2730/2630 2176/2747/2687
f 2176/2747/2687 1050/2730/2630 2175/2748/2688
f 2176/2747/2687 2175/2748/2688 2214/2749/2689
f 2214/2749/2689 2175/2748/2688 2213/2750/2690
f 2214/2749/2689 2213/2750/2690 1053/2721/2662
f 1053/2721/2662 2213/2750/2690 2212/2751/2691
f 1053/2721/2662 2212/2751/2691 2211/2752/2692
f 2211/2752/2692 2212/2751/2691 2173/2753/2693
f 2211/2752/2692 2173/2753/2693 2172/2754/2694
f 2172/2754/2694 2173/2753/2693 1050/2730/2630
f 2172/2754/2694 1050/2730/2630 239/2691/2629
f 2228/2725/2666 1052/2724/2665 2190/2755/2695
f 2190/2755/2695 1052/2724/2665 1051/2756/2696
f 2190/2755/2695 1051/2756/2696 1050/2730/2630
f 2154/2692/2633 2153/2690/2632 2192/2757/2697
f 2192/2757/2697 2153/2690/2632 2191/2722/2663
f 2192/2757/2697 2191/2722/2663 236/2696/2637
f 2157/2699/2640 239/2691/2629 2156/2758/2698
f 2156/2758/2698 239/2691/2629 2155/2693/2634
f 2156/2758/2698 2155/2693/2634 2194/2695/2636
f 2195/2697/2638 2157/2699/2640 2156/2758/2698
f 2195/2697/2638 2156/2758/2698 2194/2695/2636
f 2159/2701/2642 2158/2700/2641 2197/2759/2699
f 2197/2759/2699 2158/2700/2641 2196/2698/2639
f 2197/2759/2699 2196/2698/2639 236/2696/2637
f 2162/2707/2648 239/2691/2629 2161/2760/2700
f 2161/2760/2700 239/2691/2629 2160/2702/2643
f 2161/2760/2700 2160/2702/2643 2199/2704/2645
f 2200/2705/2646 2162/2707/2648 2161/2760/2700
f 2200/2705/2646 2161/2760/2700 2199/2704/2645
f 2164/2709/2650 2163/2708/2649 2202/2761/2701
f 2202/2761/2701 2163/2708/2649 2201/2706/2647
f 2202/2761/2701 2201/2706/2647 236/2696/2637
f 2167/2715/2656 239/2691/2629 2166/2762/2702
f 2166/2762/2702 239/2691/2629 2165/2710/2651
f 2166/2762/2702 2165/2710/2651 2204/2712/2653
f 2205/2713/2654 2167/2715/2656 2166/2762/2702
f 2205/2713/2654 2166/2762/2702 2204/2712/2653
f 2169/2717/2658 2168/2716/2657 2207/2763/2703
f 2207/2763/2703 2168/2716/2657 2206/2714/2655
f 2207/2763/2703 2206/2714/2655 236/2696/2637
f 2172/2754/2694 239/2691/2629 2171/2764/2704
f 2171/2764/2704 239/2691/2629 2170/2718/2659
f 2171/2764/2704 2170/2718/2659 2209/2720/2661
f 2172/2754/2694 2171/2764/2704 2210/2765/2705
f 2210/2765/2705 2171/2764/2704 2209/2720/2661
f 2210/2765/2705 2209/2720/2661 1053/2721/2662
f 2175/2748/2688 1050/2730/2630 2174/2766/2706
f 2174/2766/2706 1050/2730/2630 2173/2753/2693
f 2174/2766/2706 2173/2753/2693 2212/2751/2691
f 2213/2750/2690 2175/2748/2688 2174/2766/2706
f 2213/2750/2690 2174/2766/2706 2212/2751/2691
f 2177/2746/2686 2176/2747/2687 2215/2767/2707
f 2215/2767/2707 2176/2747/2687 2214/2749/2689
f 2215/2767/2707 2214/2749/2689 1053/2721/2662
f 2180/2740/2680 1050/2730/2630 2179/2768/2708
f 2179/2768/2708 1050/2730/2630 2178/2745/2685
f 2179/2768/2708 2178/2745/2685 2217/2743/2683
f 2218/2742/2682 2180/2740/2680 2179/2768/2708
f 2218/2742/2682 2179/2768/2708 2217/2743/2683
f 2182/2738/2678 2181/2739/2679 2220/2769/2709
f 2220/2769/2709 2181/2739/2679 2219/2741/2681
f 2220/2769/2709 2219/2741/2681 1053/2721/2662
f 2185/2732/2672 1050/2730/2630 2184/2770/2710
f 2184/2770/2710 1050/2730/2630 2183/2737/2677
f 2184/2770/2710 2183/2737/2677 2222/2735/2675
f 2223/2734/2674 2185/2732/2672 2184/2770/2710
f 2223/2734/2674 2184/2770/2710 2222/2735/2675
f 2187/2729/2670 2186/2731/2671 2225/2771/2711
f 2225/2771/2711 2186/2731/2671 2224/2733/2673
f 2225/2771/2711 2224/2733/2673 1053/2721/2662
f 2190/2755/2695 1050/2730/2630 2189/2772/2712
f 2189/2772/2712 1050/2730/2630 2188/2728/2669
f 2189/2772/2712 2188/2728/2669 2227/2726/2667
f 2228/2725/2666 2190/2755/2695 2189/2772/2712
f 2228/2725/2666 2189/2772/2712 2227/2726/2667
f 236/2696/2637 2193/2694/2635 2192/2757/2697
f 2192/2757/2697 2193/2694/2635 2154/2692/2633
f 236/2696/2637 2198/2703/2644 2197/2759/2699
f 2197/2759/2699 2198/2703/2644 2159/2701/2642
f 236/2696/2637 2203/2711/2652 2202/2761/2701
f 2202/2761/2701 2203/2711/2652 2164/2709/2650
f 236/2696/2637 2208/2719/2660 2207/2763/2703
f 2207/2763/2703 2208/2719/2660 2169/2717/2658
f 1053/2721/2662 2211/2752/2692 2210/2765/2705
f 2210/2765/2705 2211/2752/2692 2172/2754/2694
f 1053/2721/2662 2216/2744/2684 2215/2767/2707
f 2215/2767/2707 2216/2744/2684 2177/2746/2686
f 1053/2721/2662 2221/2736/2676 2220/2769/2709
f 2220/2769/2709 2221/2736/2676 2182/2738/2678
f 1053/2721/2662 2226/2727/2668 2225/2771/2711
f 2225/2771/2711 2226/2727/2668 2187/2729/2670
f 236/2773/2637 235/2774/2713 1053/2775/2662
f 1053/2775/2662 235/2774/2713 1054/2776/2714
f 234/2777/2715 2229/2778/2716 235/2779/2713
f 235/2779/2713 2229/2778/2716 2230/2780/2717
f 235/2779/2713 2230/2780/2717 2231/2781/2718
f 2231/2781/2718 2230/2780/2717 2269/2782/2719
f 2231/2781/2718 2269/2782/2719 2270/2783/2720
f 2270/2783/2720 2269/2782/2719 232/2784/2721
f 2270/2783/2720 232/2784/2721 2271/2785/2722
f 2271/2785/2722 232/2784/2721 2272/2786/2723
f 2271/2785/2722 2272/2786/2723 2233/2787/2724
f 2233/2787/2724 2272/2786/2723 2234/2788/2725
f 2233/2787/2724 2234/2788/2725 235/2779/2713
f 235/2779/2713 2234/2788/2725 2235/2789/2726
f 235/2779/2713 2235/2789/2726 2236/2790/2727
f 2236/2790/2727 2235/2789/2726 2274/2791/2728
f 2236/2790/2727 2274/2791/2728 2275/2792/2729
f 2275/2792/2729 2274/2791/2728 232/2784/2721
f 2275/2792/2729 232/2784/2721 2276/2793/2730
f 2276/2793/2730 232/2784/2721 2277/2794/2731
f 2276/2793/2730 2277/2794/2731 2238/2795/2732
f 2238/2795/2732 2277/2794/2731 2239/2796/2733
f 2238/2795/2732 2239/2796/2733 235/2779/2713
f 235/2779/2713 2239/2796/2733 2240/2797/2734
f 235/2779/2713 2240/2797/2734 2241/2798/2735
f 2241/2798/2735 2240/2797/2734 2279/2799/2736
f 2241/2798/2735 2279/2799/2736 2280/2800/2737
f 2280/2800/2737 2279/2799/2736 232/2784/2721
f 2280/2800/2737 232/2784/2721 2281/2801/2738
f 2281/2801/2738 232/2784/2721 2282/2802/2739
f 2281/2801/2738 2282/2802/2739 2243/2803/2740
f 2243/2803/2740 2282/2802/2739 2244/2804/2741
f 2243/2803/2740 2244/2804/2741 235/2779/2713
f 235/2779/2713 2244/2804/2741 2245/2805/2742
f 235/2779/2713 2245/2805/2742 2246/2806/2743
f 2246/2806/2743 2245/2805/2742 2284/2807/2744
f 2246/2806/2743 2284/2807/2744 2285/2808/2745
f 2285/2808/2745 2284/2807/2744 232/2784/2721
f 2285/2808/2745 232/2784/2721 1057/2809/2746
f 2229/2778/2716 234/2777/2715 2267/2810/2747
f 2267/2810/2747 234/2777/2715 233/2811/2748
f 2267/2810/2747 233/2811/2748 232/2784/2721
f 1056/2812/2749 2304/2813/2750 1057/2809/2746
f 1057/2809/2746 2304/2813/2750 2303/2814/2751
f 1057/2809/2746 2303/2814/2751 2302/2815/2752
f 2302/2815/2752 2303/2814/2751 2264/2816/2753
f 2302/2815/2752 2264/2816/2753 2263/2817/2754
f 2263/2817/2754 2264/2816/2753 1054/2818/2714
f 2263/2817/2754 1054/2818/2714 2262/2819/2755
f 2262/2819/2755 1054/2818/2714 2261/2820/2756
f 2262/2819/2755 2261/2820/2756 2300/2821/2757
f 2300/2821/2757 2261/2820/2756 2299/2822/2758
f 2300/2821/2757 2299/2822/2758 1057/2809/2746
f 1057/2809/2746 2299/2822/2758 2298/2823/2759
f 1057/2809/2746 2298/2823/2759 2297/2824/2760
f 2297/2824/2760 2298/2823/2759 2259/2825/2761
f 2297/2824/2760 2259/2825/2761 2258/2826/2762
f 2258/2826/2762 2259/2825/2761 1054/2818/2714
f 2258/2826/2762 1054/2818/2714 2257/2827/2763
f 2257/2827/2763 1054/2818/2714 2256/2828/2764
f 2257/2827/2763 2256/2828/2764 2295/2829/2765
f 2295/2829/2765 2256/2828/2764 2294/2830/2766
f 2295/2829/2765 2294/2830/2766 1057/2809/2746
f 1057/2809/2746 2294/2830/2766 2293/2831/2767
f 1057/2809/2746 2293/2831/2767 2292/2832/2768
f 2292/2832/2768 2293/2831/2767 2254/2833/2769
f 2292/2832/2768 2254/2833/2769 2253/2834/2770
f 2253/2834/2770 2254/2833/2769 1054/2818/2714
f 2253/2834/2770 1054/2818/2714 2252/2835/2771
f 2252/2835/2771 1054/2818/2714 2251/2836/2772
f 2252/2835/2771 2251/2836/2772 2290/2837/2773
f 2290/2837/2773 2251/2836/2772 2289/2838/2774
f 2290/2837/2773 2289/2838/2774 1057/2809/2746
f 1057/2809/2746 2289/2838/2774 2288/2839/2775
f 1057/2809/2746 2288/2839/2775 2287/2840/2776
f 2287/2840/2776 2288/2839/2775 2249/2841/2777
f 2287/2840/2776 2249/2841/2777 2248/2842/2778
f 2248/2842/2778 2249/2841/2777 1054/2818/2714
f 2248/2842/2778 1054/2818/2714 235/2779/2713
f 2304/2813/2750 1056/2812/2749 2266/2843/2779
f 2266/2843/2779 1056/2812/2749 1055/2844/2780
f 2266/2843/2779 1055/2844/2780 1054/2818/2714
f 2230/2780/2717 2229/2778/2716 2268/2845/2781
f 2268/2845/2781 2229/2778/2716 2267/2810/2747
f 2268/2845/2781 2267/2810/2747 232/2784/2721
f 2233/2787/2724 235/2779/2713 2232/2846/2782
f 2232/2846/2782 235/2779/2713 2231/2781/2718
f 2232/2846/2782 2231/2781/2718 2270/2783/2720
f 2271/2785/2722 2233/2787/2724 2232/2846/2782
f 2271/2785/2722 2232/2846/2782 2270/2783/2720
f 2235/2789/2726 2234/2788/2725 2273/2847/2783
f 2273/2847/2783 2234/2788/2725 2272/2786/2723
f 2273/2847/2783 2272/2786/2723 232/2784/2721
f 2238/2795/2732 235/2779/2713 2237/2848/2784
f 2237/2848/2784 235/2779/2713 2236/2790/2727
f 2237/2848/2784 2236/2790/2727 2275/2792/2729
f 2276/2793/2730 2238/2795/2732 2237/2848/2784
f 2276/2793/2730 2237/2848/2784 2275/2792/2729
f 2240/2797/2734 2239/2796/2733 2278/2849/2785
f 2278/2849/2785 2239/2796/2733 2277/2794/2731
f 2278/2849/2785 2277/2794/2731 232/2784/2721
f 2243/2803/2740 235/2779/2713 2242/2850/2786
f 2242/2850/2786 235/2779/2713 2241/2798/2735
f 2242/2850/2786 2241/2798/2735 2280/2800/2737
f 2281/2801/2738 2243/2803/2740 2242/2850/2786
f 2281/2801/2738 2242/2850/2786 2280/2800/2737
f 2245/2805/2742 2244/2804/2741 2283/2851/2787
f 2283/2851/2787 2244/2804/2741 2282/2802/2739
f 2283/2851/2787 2282/2802/2739 232/2784/2721
f 2248/2842/2778 235/2779/2713 2247/2852/2788
f 2247/2852/2788 235/2779/2713 2246/2806/2743
f 2247/2852/2788 2246/2806/2743 2285/2808/2745
f 2248/2842/2778 2247/2852/2788 2286/2853/2789
f 2286/2853/2789 2247/2852/2788 2285/2808/2745
f 2286/2853/2789 2285/2808/2745 1057/2809/2746
f 2251/2836/2772 1054/2818/2714 2250/2854/2790
f 2250/2854/2790 1054/2818/2714 2249/2841/2777
f 2250/2854/2790 2249/2841/2777 2288/2839/2775
f 2289/2838/2774 2251/2836/2772 2250/2854/2790
f 2289/2838/2774 2250/2854/2790 2288/2839/2775
f 2253/2834/2770 2252/2835/2771 2291/2855/2791
f 2291/2855/2791 2252/2835/2771 2290/2837/2773
f 2291/2855/2791 2290/2837/2773 1057/2809/2746
f 2256/2828/2764 1054/2818/2714 2255/2856/2792
f 2255/2856/2792 1054/2818/2714 2254/2833/2769
f 2255/2856/2792 2254/2833/2769 2293/2831/2767
f 2294/2830/2766 2256/2828/2764 2255/2856/2792
f 2294/2830/2766 2255/2856/2792 2293/2831/2767
f 2258/2826/2762 2257/2827/2763 2296/2857/2793
f 2296/2857/2793 2257/2827/2763 2295/2829/2765
f 2296/2857/2793 2295/2829/2765 1057/2809/2746
f 2261/2820/2756 1054/2818/2714 2260/2858/2794
f 2260/2858/2794 1054/2818/2714 2259/2825/2761
f 2260/2858/2794 2259/2825/2761 2298/2823/2759
f 2299/2822/2758 2261/2820/2756 2260/2858/2794
f 2299/2822/2758 2260/2858/2794 2298/2823/2759
f 2263/2817/2754 2262/2819/2755 2301/2859/2795
f 2301/2859/2795 2262/2819/2755 2300/2821/2757
f 2301/2859/2795 2300/2821/2757 1057/2809/2746
f 2266/2843/2779 1054/2818/2714 2265/2860/2796
f 2265/2860/2796 1054/2818/2714 2264/2816/2753
f 2265/2860/2796 2264/2816/2753 2303/2814/2751
f 2304/2813/2750 2266/2843/2779 2265/2860/2796
f 2304/2813/2750 2265/2860/2796 2303/2814/2751
f 232/2784/2721 2269/2782/2719 2268/2845/2781
f 2268/2845/2781 2269/2782/2719 2230/2780/2717
f 232/2784/2721 2274/2791/2728 2273/2847/2783
f 2273/2847/2783 2274/2791/2728 2235/2789/2726
f 232/2784/2721 2279/2799/2736 2278/2849/2785
f 2278/2849/2785 2279/2799/2736 2240/2797/2734
f 232/2784/2721 2284/2807/2744 2283/2851/2787
f 2283/2851/2787 2284/2807/2744 2245/2805/2742
f 1057/2809/2746 2287/2840/2776 2286/2853/2789
f 2286/2853/2789 2287/2840/2776 2248/2842/2778
f 1057/2809/2746 2292/2832/2768 2291/2855/2791
f 2291/2855/2791 2292/2832/2768 2253/2834/2770
f 1057/2809/2746 2297/2824/2760 2296/2857/2793
f 2296/2857/2793 2297/2824/2760 2258/2826/2762
f 1057/2809/2746 2302/2815/2752 2301/2859/2795
f 2301/2859/2795 2302/2815/2752 2263/2817/2754
f 232/2861/2721 231/2862/2797 1057/2863/2746
f 1057/2863/2746 231/2862/2797 1058/2864/2798
f 1060/2865/2799 2305/2866/2800 1061/2867/2801
f 1061/2867/2801 2305/2866/2800 2306/2868/2802
f 1061/2867/2801 2306/2868/2802 2307/2869/2803
f 2307/2869/2803 2306/2868/2802 2340/2870/2804
f 2307/2869/2803 2340/2870/2804 2341/2871/2805
f 2341/2871/2805 2340/2870/2804 1058/2872/2798
f 2341/2871/2805 1058/2872/2798 2342/2873/2806
f 2342/2873/2806 1058/2872/2798 2343/2874/2807
f 2342/2873/2806 2343/2874/2807 2309/2875/2808
f 2309/2875/2808 2343/2874/2807 2310/2876/2809
f 2309/2875/2808 2310/2876/2809 1061/2867/2801
f 1061/2867/2801 2310/2876/2809 2311/2877/2810
f 1061/2867/2801 2311/2877/2810 2312/2878/2811
f 2312/2878/2811 2311/2877/2810 2345/2879/2812
f 2312/2878/2811 2345/2879/2812 2346/2880/2813
f 2346/2880/2813 2345/2879/2812 1058/2872/2798
f 2346/2880/2813 1058/2872/2798 2347/2881/2814
f 2347/2881/2814 1058/2872/2798 2348/2882/2815
f 2347/2881/2814 2348/2882/2815 2314/2883/2816
f 2314/2883/2816 2348/2882/2815 2315/2884/2817
f 2314/2883/2816 2315/2884/2817 1061/2867/2801
f 1061/2867/2801 2315/2884/2817 2316/2885/2818
f 1061/2867/2801 2316/2885/2818 2317/2886/2819
f 2317/2886/2819 2316/2885/2818 2350/2887/2820
f 2317/2886/2819 2350/2887/2820 2351/2888/2821
f 2351/2888/2821 2350/2887/2820 1058/2872/2798
f 2351/2888/2821 1058/2872/2798 2352/2889/2822
f 2352/2889/2822 1058/2872/2798 2353/2890/2823
f 2352/2889/2822 2353/2890/2823 2319/2891/2824
f 2319/2891/2824 2353/2890/2823 2320/2892/2825
f 2319/2891/2824 2320/2892/2825 1061/2867/2801
f 1061/2867/2801 2320/2892/2825 2321/2893/2826
f 1061/2867/2801 2321/2893/2826 228/2894/2827
f 228/2894/2827 2321/2893/2826 2322/2895/2828
f 228/2894/2827 2322/2895/2828 2323/2896/2829
f 2323/2896/2829 2322/2895/2828 2356/2897/2830
f 2323/2896/2829 2356/2897/2830 2357/2898/2831
f 2357/2898/2831 2356/2897/2830 231/2899/2797
f 2357/2898/2831 231/2899/2797 2358/2900/2832
f 2358/2900/2832 231/2899/2797 2359/2901/2833
f 2358/2900/2832 2359/2901/2833 2325/2902/2834
f 2325/2902/2834 2359/2901/2833 2326/2903/2835
f 2325/2902/2834 2326/2903/2835 228/2894/2827
f 228/2894/2827 2326/2903/2835 2327/2904/2836
f 228/2894/2827 2327/2904/2836 2328/2905/2837
f 2328/2905/2837 2327/2904/2836 2361/2906/2838
f 2328/2905/2837 2361/2906/2838 2362/2907/2839
f 2362/2907/2839 2361/2906/2838 231/2899/2797
f 2362/2907/2839 231/2899/2797 2363/2908/2840
f 2363/2908/2840 231/2899/2797 2364/2909/2841
f 2363/2908/2840 2364/2909/2841 2330/2910/2842
f 2330/2910/2842 2364/2909/2841 2331/2911/2843
f 2330/2910/2842 2331/2911/2843 228/2894/2827
f 228/2894/2827 2331/2911/2843 2332/2912/2844
f 228/2894/2827 2332/2912/2844 2333/2913/2845
f 2333/2913/2845 2332/2912/2844 2366/2914/2846
f 2333/2913/2845 2366/2914/2846 2367/2915/2847
f 2367/2915/2847 2366/2914/2846 231/2899/2797
f 2367/2915/2847 231/2899/2797 2368/2916/2848
f 2368/2916/2848 231/2899/2797 2369/2917/2849
f 2368/2916/2848 2369/2917/2849 2335/2918/2850
f 2335/2918/2850 2369/2917/2849 2336/2919/2851
f 2335/2918/2850 2336/2919/2851 228/2894/2827
f 228/2894/2827 2336/2919/2851 2337/2920/2852
f 228/2894/2827 2337/2920/2852 229/2921/2853
f 229/2921/2853 2337/2920/2852 230/2922/2854
f 230/2922/2854 2337/2920/2852 2370/2923/2855
f 230/2922/2854 2370/2923/2855 231/2899/2797
f 231/2899/2797 2370/2923/2855 2369/2917/2849
f 2305/2866/2800 1060/2865/2799 2338/2924/2856
f 2338/2924/2856 1060/2865/2799 1059/2925/2857
f 2338/2924/2856 1059/2925/2857 1058/2872/2798
f 2353/2890/2823 1058/2872/2798 2354/2926/2858
f 2354/2926/2858 1058/2872/2798 231/2899/2797
f 2354/2926/2858 231/2899/2797 2355/2927/2859
f 2355/2927/2859 231/2899/2797 2356/2897/2830
f 2355/2927/2859 2356/2897/2830 2322/2895/2828
f 2306/2868/2802 2305/2866/2800 2339/2928/2860
f 2339/2928/2860 2305/2866/2800 2338/2924/2856
f 2339/2928/2860 2338/2924/2856 1058/2872/2798
f 2309/2875/2808 1061/2867/2801 2308/2929/2861
f 2308/2929/2861 1061/2867/2801 2307/2869/2803
f 2308/2929/2861 2307/2869/2803 2341/2871/2805
f 2342/2873/2806 2309/2875/2808 2308/2929/2861
f 2342/2873/2806 2308/2929/2861 2341/2871/2805
f 2311/2877/2810 2310/2876/2809 2344/2930/2862
f 2344/2930/2862 2310/2876/2809 2343/2874/2807
f 2344/2930/2862 2343/2874/2807 1058/2872/2798
f 2314/2883/2816 1061/2867/2801 2313/2931/2863
f 2313/2931/2863 1061/2867/2801 2312/2878/2811
f 2313/2931/2863 2312/2878/2811 2346/2880/2813
f 2347/2881/2814 2314/2883/2816 2313/2931/2863
f 2347/2881/2814 2313/2931/2863 2346/2880/2813
f 2316/2885/2818 2315/2884/2817 2349/2932/2864
f 2349/2932/2864 2315/2884/2817 2348/2882/2815
f 2349/2932/2864 2348/2882/2815 1058/2872/2798
f 2319/2891/2824 1061/2867/2801 2318/2933/2865
f 2318/2933/2865 1061/2867/2801 2317/2886/2819
f 2318/2933/2865 2317/2886/2819 2351/2888/2821
f 2352/2889/2822 2319/2891/2824 2318/2933/2865
f 2352/2889/2822 2318/2933/2865 2351/2888/2821
f 2355/2927/2859 2322/2895/2828 2321/2893/2826
f 2353/2890/2823 2354/2926/2858 2320/2892/2825
f 2320/2892/2825 2354/2926/2858 2321/2893/2826
f 2354/2926/2858 2355/2927/2859 2321/2893/2826
f 2325/2902/2834 228/2894/2827 2324/2934/2866
f 2324/2934/2866 228/2894/2827 2323/2896/2829
f 2324/2934/2866 2323/2896/2829 2357/2898/2831
f 2358/2900/2832 2325/2902/2834 2324/2934/2866
f 2358/2900/2832 2324/2934/2866 2357/2898/2831
f 2327/2904/2836 2326/2903/2835 2360/2935/2867
f 2360/2935/2867 2326/2903/2835 2359/2901/2833
f 2360/2935/2867 2359/2901/2833 231/2899/2797
f 2330/2910/2842 228/2894/2827 2329/2936/2868
f 2329/2936/2868 228/2894/2827 2328/2905/2837
f 2329/2936/2868 2328/2905/2837 2362/2907/2839
f 2363/2908/2840 2330/2910/2842 2329/2936/2868
f 2363/2908/2840 2329/2936/2868 2362/2907/2839
f 2332/2912/2844 2331/2911/2843 2365/2937/2869
f 2365/2937/2869 2331/2911/2843 2364/2909/2841
f 2365/2937/2869 2364/2909/2841 231/2899/2797
f 2335/2918/2850 228/2894/2827 2334/2938/2870
f 2334/2938/2870 228/2894/2827 2333/2913/2845
f 2334/2938/2870 2333/2913/2845 2367/2915/2847
f 2368/2916/2848 2335/2918/2850 2334/2938/2870
f 2368/2916/2848 2334/2938/2870 2367/2915/2847
f 2370/2923/2855 2337/2920/2852 2336/2919/2851
f 2370/2923/2855 2336/2919/2851 2369/2917/2849
f 1058/2872/2798 2340/2870/2804 2339/2928/2860
f 2339/2928/2860 2340/2870/2804 2306/2868/2802
f 1058/2872/2798 2345/2879/2812 2344/2930/2862
f 2344/2930/2862 2345/2879/2812 2311/2877/2810
f 1058/2872/2798 2350/2887/2820 2349/2932/2864
f 2349/2932/2864 2350/2887/2820 2316/2885/2818
f 231/2899/2797 2361/2906/2838 2360/2935/2867
f 2360/2935/2867 2361/2906/2838 2327/2904/2836
f 231/2899/2797 2366/2914/2846 2365/2937/2869
f 2365/2937/2869 2366/2914/2846 2332/2912/2844
f 213/2939/2871 2371/2940/2872 214/2941/2873
f 214/2941/2873 2371/2940/2872 2372/2942/2874
f 214/2941/2873 2372/2942/2874 2373/2943/2875
f 2373/2943/2875 2372/2942/2874 2406/2944/2876
f 2373/2943/2875 2406/2944/2876 2407/2945/2877
f 2407/2945/2877 2406/2944/2876 211/2946/2878
f 2407/2945/2877 211/2946/2878 2408/2947/2879
f 2408/2947/2879 211/2946/2878 2409/2948/2880
f 2408/2947/2879 2409/2948/2880 2375/2949/2881
f 2375/2949/2881 2409/2948/2880 2376/2950/2882
f 2375/2949/2881 2376/2950/2882 214/2941/2873
f 214/2941/2873 2376/2950/2882 2377/2951/2883
f 214/2941/2873 2377/2951/2883 2378/2952/2884
f 2378/2952/2884 2377/2951/2883 2411/2953/2885
f 2378/2952/2884 2411/2953/2885 2412/2954/2886
f 2412/2954/2886 2411/2953/2885 211/2946/2878
f 2412/2954/2886 211/2946/2878 2413/2955/2887
f 2413/2955/2887 211/2946/2878 2414/2956/2888
f 2413/2955/2887 2414/2956/2888 2380/2957/2889
f 2380/2957/2889 2414/2956/2888 2381/2958/2890
f 2380/2957/2889 2381/2958/2890 214/2941/2873
f 214/2941/2873 2381/2958/2890 2382/2959/2891
f 214/2941/2873 2382/2959/2891 2383/2960/2892
f 2383/2960/2892 2382/2959/2891 2416/2961/2893
f 2383/2960/2892 2416/2961/2893 2417/2962/2894
f 2417/2962/2894 2416/2961/2893 211/2946/2878
f 2417/2962/2894 211/2946/2878 2418/2963/2895
f 2418/2963/2895 211/2946/2878 2419/2964/2896
f 2418/2963/2895 2419/2964/2896 2385/2965/2897
f 2385/2965/2897 2419/2964/2896 2386/2966/2898
f 2385/2965/2897 2386/2966/2898 214/2941/2873
f 214/2941/2873 2386/2966/2898 2387/2967/2899
f 214/2941/2873 2387/2967/2899 1075/2968/2900
f 1075/2968/2900 2387/2967/2899 2388/2969/2901
f 1075/2968/2900 2388/2969/2901 2389/2970/2902
f 2389/2970/2902 2388/2969/2901 2422/2971/2903
f 2389/2970/2902 2422/2971/2903 2423/2972/2904
f 2423/2972/2904 2422/2971/2903 1078/2973/2905
f 2423/2972/2904 1078/2973/2905 2424/2974/2906
f 2424/2974/2906 1078/2973/2905 2425/2975/2907
f 2424/2974/2906 2425/2975/2907 2391/2976/2908
f 2391/2976/2908 2425/2975/2907 2392/2977/2909
f 2391/2976/2908 2392/2977/2909 1075/2968/2900
f 1075/2968/2900 2392/2977/2909 2393/2978/2910
f 1075/2968/2900 2393/2978/2910 2394/2979/2911
f 2394/2979/2911 2393/2978/2910 2427/2980/2912
f 2394/2979/2911 2427/2980/2912 2428/2981/2913
f 2428/2981/2913 2427/2980/2912 1078/2973/2905
f 2428/2981/2913 1078/2973/2905 2429/2982/2914
f 2429/2982/2914 1078/2973/2905 2430/2983/2915
f 2429/2982/2914 2430/2983/2915 2396/2984/2916
f 2396/2984/2916 2430/2983/2915 2397/2985/2917
f 2396/2984/2916 2397/2985/2917 1075/2968/2900
f 1075/2968/2900 2397/2985/2917 2398/2986/2918
f 1075/2968/2900 2398/2986/2918 2399/2987/2919
f 2399/2987/2919 2398/2986/2918 2432/2988/2920
f 2399/2987/2919 2432/2988/2920 2433/2989/2921
f 2433/2989/2921 2432/2988/2920 1078/2973/2905
f 2433/2989/2921 1078/2973/2905 2434/2990/2922
f 2434/2990/2922 1078/2973/2905 2435/2991/2923
f 2434/2990/2922 2435/2991/2923 2401/2992/2924
f 2401/2992/2924 2435/2991/2923 2402/2993/2925
f 2401/2992/2924 2402/2993/2925 1075/2968/2900
f 1075/2968/2900 2402/2993/2925 2403/2994/2926
f 1075/2968/2900 2403/2994/2926 1076/2995/2927
f 1076/2995/2927 2403/2994/2926 1077/2996/2928
f 1077/2996/2928 2403/2994/2926 2436/2997/2929
f 1077/2996/2928 2436/2997/2929 1078/2973/2905
f 1078/2973/2905 2436/2997/2929 2435/2991/2923
f 2371/2940/2872 213/2939/2871 2404/2998/2930
f 2404/2998/2930 213/2939/2871 212/2999/2931
f 2404/2998/2930 212/2999/2931 211/2946/2878
f 2419/2964/2896 211/2946/2878 2420/3000/2932
f 2420/3000/2932 211/2946/2878 1078/2973/2905
f 2420/3000/2932 1078/2973/2905 2421/3001/2933
f 2421/3001/2933 1078/2973/2905 2422/2971/2903
f 2421/3001/2933 2422/2971/2903 2388/2969/2901
f 2372/2942/2874 2371/2940/2872 2405/3002/2934
f 2405/3002/2934 2371/2940/2872 2404/2998/2930
f 2405/3002/2934 2404/2998/2930 211/2946/2878
f 2375/2949/2881 214/2941/2873 2374/3003/2935
f 2374/3003/2935 214/2941/2873 2373/2943/2875
f 2374/3003/2935 2373/2943/2875 2407/2945/2877
f 2408/2947/2879 2375/2949/2881 2374/3003/2935
f 2408/2947/2879 2374/3003/2935 2407/2945/2877
f 2377/2951/2883 2376/2950/2882 2410/3004/2936
f 2410/3004/2936 2376/2950/2882 2409/2948/2880
f 2410/3004/2936 2409/2948/2880 211/2946/2878
f 2380/2957/2889 214/2941/2873 2379/3005/2937
f 2379/3005/2937 214/2941/2873 2378/2952/2884
f 2379/3005/2937 2378/2952/2884 2412/2954/2886
f 2413/2955/2887 2380/2957/2889 2379/3005/2937
f 2413/2955/2887 2379/3005/2937 2412/2954/2886
f 2382/2959/2891 2381/2958/2890 2415/3006/2938
f 2415/3006/2938 2381/2958/2890 2414/2956/2888
f 2415/3006/2938 2414/2956/2888 211/2946/2878
f 2385/2965/2897 214/2941/2873 2384/3007/2939
f 2384/3007/2939 214/2941/2873 2383/2960/2892
f 2384/3007/2939 2383/2960/2892 2417/2962/2894
f 2418/2963/2895 2385/2965/2897 2384/3007/2939
f 2418/2963/2895 2384/3007/2939 2417/2962/2894
f 2421/3001/2933 2388/2969/2901 2387/2967/2899
f 2419/2964/2896 2420/3000/2932 2386/2966/2898
f 2386/2966/2898 2420/3000/2932 2387/2967/2899
f 2420/3000/2932 2421/3001/2933 2387/2967/2899
f 2391/2976/2908 1075/2968/2900 2390/3008/2940
f 2390/3008/2940 1075/2968/2900 2389/2970/2902
f 2390/3008/2940 2389/2970/2902 2423/2972/2904
f 2424/2974/2906 2391/2976/2908 2390/3008/2940
f 2424/2974/2906 2390/3008/2940 2423/2972/2904
f 2393/2978/2910 2392/2977/2909 2426/3009/2941
f 2426/3009/2941 2392/2977/2909 2425/2975/2907
f 2426/3009/2941 2425/2975/2907 1078/2973/2905
f 2396/2984/2916 1075/2968/2900 2395/3010/2942
f 2395/3010/2942 1075/2968/2900 2394/2979/2911
f 2395/3010/2942 2394/2979/2911 2428/2981/2913
f 2429/2982/2914 2396/2984/2916 2395/3010/2942
f 2429/2982/2914 2395/3010/2942 2428/2981/2913
f 2398/2986/2918 2397/2985/2917 2431/3011/2943
f 2431/3011/2943 2397/2985/2917 2430/2983/2915
f 2431/3011/2943 2430/2983/2915 1078/2973/2905
f 2401/2992/2924 1075/2968/2900 2400/3012/2944
f 2400/3012/2944 1075/2968/2900 2399/2987/2919
f 2400/3012/2944 2399/2987/2919 2433/2989/2921
f 2434/2990/2922 2401/2992/2924 2400/3012/2944
f 2434/2990/2922 2400/3012/2944 2433/2989/2921
f 2436/2997/2929 2403/2994/2926 2402/2993/2925
f 2436/2997/2929 2402/2993/2925 2435/2991/2923
f 211/2946/2878 2406/2944/2876 2405/3002/2934
f 2405/3002/2934 2406/2944/2876 2372/2942/2874
f 211/2946/2878 2411/2953/2885 2410/3004/2936
f 2410/3004/2936 2411/2953/2885 2377/2951/2883
f 211/2946/2878 2416/2961/2893 2415/3006/2938
f 2415/3006/2938 2416/2961/2893 2382/2959/2891
f 1078/2973/2905 2427/2980/2912 2426/3009/2941
f 2426/3009/2941 2427/2980/2912 2393/2978/2910
f 1078/2973/2905 2432/2988/2920 2431/3011/2943
f 2431/3011/2943 2432/2988/2920 2398/2986/2918
f 211/3013/2878 210/3014/2945 1078/3015/2905
f 1078/3015/2905 210/3014/2945 1079/3016/2946
f 209/3017/2947 2437/3018/2948 210/3019/2945
f 210/3019/2945 2437/3018/2948 2438/3020/2949
f 210/3019/2945 2438/3020/2949 2439/3021/2950
f 2439/3021/2950 2438/3020/2949 2477/3022/2951
f 2439/3021/2950 2477/3022/2951 2478/3023/2952
f 2478/3023/2952 2477/3022/2951 207/3024/2953
f 2478/3023/2952 207/3024/2953 2479/3025/2954
f 2479/3025/2954 207/3024/2953 2480/3026/2955
f 2479/3025/2954 2480/3026/2955 2441/3027/2956
f 2441/3027/2956 2480/3026/2955 2442/3028/2957
f 2441/3027/2956 2442/3028/2957 210/3019/2945
f 210/3019/2945 2442/3028/2957 2443/3029/2958
f 210/3019/2945 2443/3029/2958 2444/3030/2959
f 2444/3030/2959 2443/3029/2958 2482/3031/2960
f 2444/3030/2959 2482/3031/2960 2483/3032/2961
f 2483/3032/2961 2482/3031/2960 207/3024/2953
f 2483/3032/2961 207/3024/2953 2484/3033/2962
f 2484/3033/2962 207/3024/2953 2485/3034/2963
f 2484/3033/2962 2485/3034/2963 2446/3035/2964
f 2446/3035/2964 2485/3034/2963 2447/3036/2965
f 2446/3035/2964 2447/3036/2965 210/3019/2945
f 210/3019/2945 2447/3036/2965 2448/3037/2966
f 210/3019/2945 2448/3037/2966 2449/3038/2967
f 2449/3038/2967 2448/3037/2966 2487/3039/2968
f 2449/3038/2967 2487/3039/2968 2488/3040/2969
f 2488/3040/2969 2487/3039/2968 207/3024/2953
f 2488/3040/2969 207/3024/2953 2489/3041/2970
f 2489/3041/2970 207/3024/2953 2490/3042/2971
f 2489/3041/2970 2490/3042/2971 2451/3043/2972
f 2451/3043/2972 2490/3042/2971 2452/3044/2973
f 2451/3043/2972 2452/3044/2973 210/3019/2945
f 210/3019/2945 2452/3044/2973 2453/3045/2974
f 210/3019/2945 2453/3045/2974 2454/3046/2975
f 2454/3046/2975 2453/3045/2974 2492/3047/2976
f 2454/3046/2975 2492/3047/2976 2493/3048/2977
f 2493/3048/2977 2492/3047/2976 207/3024/2953
f 2493/3048/2977 207/3024/2953 1082/3049/2978
f 2437/3018/2948 209/3017/2947 2475/3050/2979
f 2475/3050/2979 209/3017/2947 208/3051/2980
f 2475/3050/2979 208/3051/2980 207/3024/2953
f 1081/3052/2981 2512/3053/2982 1082/3049/2978
f 1082/3049/2978 2512/3053/2982 2511/3054/2983
f 1082/3049/2978 2511/3054/2983 2510/3055/2984
f 2510/3055/2984 2511/3054/2983 2472/3056/2985
f 2510/3055/2984 2472/3056/2985 2471/3057/2986
f 2471/3057/2986 2472/3056/2985 1079/3058/2946
f 2471/3057/2986 1079/3058/2946 2470/3059/2987
f 2470/3059/2987 1079/3058/2946 2469/3060/2988
f 2470/3059/2987 2469/3060/2988 2508/3061/2989
f 2508/3061/2989 2469/3060/2988 2507/3062/2990
f 2508/3061/2989 2507/3062/2990 1082/3049/2978
f 1082/3049/2978 2507/3062/2990 2506/3063/2991
f 1082/3049/2978 2506/3063/2991 2505/3064/2992
f 2505/3064/2992 2506/3063/2991 2467/3065/2993
f 2505/3064/2992 2467/3065/2993 2466/3066/2994
f 2466/3066/2994 2467/3065/2993 1079/3058/2946
f 2466/3066/2994 1079/3058/2946 2465/3067/2995
f 2465/3067/2995 1079/3058/2946 2464/3068/2996
f 2465/3067/2995 2464/3068/2996 2503/3069/2997
f 2503/3069/2997 2464/3068/2996 2502/3070/2998
f 2503/3069/2997 2502/3070/2998 1082/3049/2978
f 1082/3049/2978 2502/3070/2998 2501/3071/2999
f 1082/3049/2978 2501/3071/2999 2500/3072/3000
f 2500/3072/3000 2501/3071/2999 2462/3073/3001
f 2500/3072/3000 2462/3073/3001 2461/3074/3002
f 2461/3074/3002 2462/3073/3001 1079/3058/2946
f 2461/3074/3002 1079/3058/2946 2460/3075/3003
f 2460/3075/3003 1079/3058/2946 2459/3076/3004
f 2460/3075/3003 2459/3076/3004 2498/3077/3005
f 2498/3077/3005 2459/3076/3004 2497/3078/3006
f 2498/3077/3005 2497/3078/3006 1082/3049/2978
f 1082/3049/2978 2497/3078/3006 2496/3079/3007
f 1082/3049/2978 2496/3079/3007 2495/3080/3008
f 2495/3080/3008 2496/3079/3007 2457/3081/3009
f 2495/3080/3008 2457/3081/3009 2456/3082/3010
f 2456/3082/3010 2457/3081/3009 1079/3058/2946
f 2456/3082/3010 1079/3058/2946 210/3019/2945
f 2512/3053/2982 1081/3052/2981 2474/3083/3011
f 2474/3083/3011 1081/3052/2981 1080/3084/3012
f 2474/3083/3011 1080/3084/3012 1079/3058/2946
f 2438/3020/2949 2437/3018/2948 2476/3085/3013
f 2476/3085/3013 2437/3018/2948 2475/3050/2979
f 2476/3085/3013 2475/3050/2979 207/3024/2953
f 2441/3027/2956 210/3019/2945 2440/3086/3014
f 2440/3086/3014 210/3019/2945 2439/3021/2950
f 2440/3086/3014 2439/3021/2950 2478/3023/2952
f 2479/3025/2954 2441/3027/2956 2440/3086/3014
f 2479/3025/2954 2440/3086/3014 2478/3023/2952
f 2443/3029/2958 2442/3028/2957 2481/3087/3015
f 2481/3087/3015 2442/3028/2957 2480/3026/2955
f 2481/3087/3015 2480/3026/2955 207/3024/2953
f 2446/3035/2964 210/3019/2945 2445/3088/3016
f 2445/3088/3016 210/3019/2945 2444/3030/2959
f 2445/3088/3016 2444/3030/2959 2483/3032/2961
f 2484/3033/2962 2446/3035/2964 2445/3088/3016
f 2484/3033/2962 2445/3088/3016 2483/3032/2961
f 2448/3037/2966 2447/3036/2965 2486/3089/3017
f 2486/3089/3017 2447/3036/2965 2485/3034/2963
f 2486/3089/3017 2485/3034/2963 207/3024/2953
f 2451/3043/2972 210/3019/2945 2450/3090/3018
f 2450/3090/3018 210/3019/2945 2449/3038/2967
f 2450/3090/3018 2449/3038/2967 2488/3040/2969
f 2489/3041/2970 2451/3043/2972 2450/3090/3018
f 2489/3041/2970 2450/3090/3018 2488/3040/2969
f 2453/3045/2974 2452/3044/2973 2491/3091/3019
f 2491/3091/3019 2452/3044/2973 2490/3042/2971
f 2491/3091/3019 2490/3042/2971 207/3024/2953
f 2456/3082/3010 210/3019/2945 2455/3092/3020
f 2455/3092/3020 210/3019/2945 2454/3046/2975
f 2455/3092/3020 2454/3046/2975 2493/3048/2977
f 2456/3082/3010 2455/3092/3020 2494/3093/3021
f 2494/3093/3021 2455/3092/3020 2493/3048/2977
f 2494/3093/3021 2493/3048/2977 1082/3049/2978
f 2459/3076/3004 1079/3058/2946 2458/3094/3022
f 2458/3094/3022 1079/3058/2946 2457/3081/3009
f 2458/3094/3022 2457/3081/3009 2496/3079/3007
f 2497/3078/3006 2459/3076/3004 2458/3094/3022
f 2497/3078/3006 2458/3094/3022 2496/3079/3007
f 2461/3074/3002 2460/3075/3003 2499/3095/3023
f 2499/3095/3023 2460/3075/3003 2498/3077/3005
f 2499/3095/3023 2498/3077/3005 1082/3049/2978
f 2464/3068/2996 1079/3058/2946 2463/3096/3024
f 2463/3096/3024 1079/3058/2946 2462/3073/3001
f 2463/3096/3024 2462/3073/3001 2501/3071/2999
f 2502/3070/2998 2464/3068/2996 2463/3096/3024
f 2502/3070/2998 2463/3096/3024 2501/3071/2999
f 2466/3066/2994 2465/3067/2995 2504/3097/3025
f 2504/3097/3025 2465/3067/2995 2503/3069/2997
f 2504/3097/3025 2503/3069/2997 1082/3049/2978
f 2469/3060/2988 1079/3058/2946 2468/3098/3026
f 2468/3098/3026 1079/3058/2946 2467/3065/2993
f 2468/3098/3026 2467/3065/2993 2506/3063/2991
f 2507/3062/2990 2469/3060/2988 2468/3098/3026
f 2507/3062/2990 2468/3098/3026 2506/3063/2991
f 2471/3057/2986 2470/3059/2987 2509/3099/3027
f 2509/3099/3027 2470/3059/2987 2508/3061/2989
f 2509/3099/3027 2508/3061/2989 1082/3049/2978
f 2474/3083/3011 1079/3058/2946 2473/3100/3028
f 2473/3100/3028 1079/3058/2946 2472/3056/2985
f 2473/3100/3028 2472/3056/2985 2511/3054/2983
f 2512/3053/2982 2474/3083/3011 2473/3100/3028
f 2512/3053/2982 2473/3100/3028 2511/3054/2983
f 207/3024/2953 2477/3022/2951 2476/3085/3013
f 2476/3085/3013 2477/3022/2951 2438/3020/2949
f 207/3024/2953 2482/3031/2960 2481/3087/3015
f 2481/3087/3015 2482/3031/2960 2443/3029/2958
f 207/3024/2953 2487/3039/2968 2486/3089/3017
f 2486/3089/3017 2487/3039/2968 2448/3037/2966
f 207/3024/2953 2492/3047/2976 2491/3091/3019
f 2491/3091/3019 2492/3047/2976 2453/3045/2974
f 1082/3049/2978 2495/3080/3008 2494/3093/3021
f 2494/3093/3021 2495/3080/3008 2456/3082/3010
f 1082/3049/2978 2500/3072/3000 2499/3095/3023
f 2499/3095/3023 2500/3072/3000 2461/3074/3002
f 1082/3049/2978 2505/3064/2992 2504/3097/3025
f 2504/3097/3025 2505/3064/2992 2466/3066/2994
f 1082/3049/2978 2510/3055/2984 2509/3099/3027
f 2509/3099/3027 2510/3055/2984 2471/3057/2986
f 207/3101/2953 206/3102/3029 1082/3103/2978
f 1082/3103/2978 206/3102/3029 1083/3104/3030
f 205/3105/3031 2513/3106/3032 206/3107/3029
f 206/3107/3029 2513/3106/3032 2514/3108/3033
f 206/3107/3029 2514/3108/3033 2515/3109/3034
f 2515/3109/3034 2514/3108/3033 2553/3110/3035
f 2515/3109/3034 2553/3110/3035 2554/3111/3036
f 2554/3111/3036 2553/3110/3035 203/3112/3037
f 2554/3111/3036 203/3112/3037 2555/3113/3038
f 2555/3113/3038 203/3112/3037 2556/3114/3039
f 2555/3113/3038 2556/3114/3039 2517/3115/3040
f 2517/3115/3040 2556/3114/3039 2518/3116/3041
f 2517/3115/3040 2518/3116/3041 206/3107/3029
f 206/3107/3029 2518/3116/3041 2519/3117/3042
f 206/3107/3029 2519/3117/3042 2520/3118/3043
f 2520/3118/3043 2519/3117/3042 2558/3119/3044
f 2520/3118/3043 2558/3119/3044 2559/3120/3045
f 2559/3120/3045 2558/3119/3044 203/3112/3037
f 2559/3120/3045 203/3112/3037 2560/3121/3046
f 2560/3121/3046 203/3112/3037 2561/3122/3047
f 2560/3121/3046 2561/3122/3047 2522/3123/3048
f 2522/3123/3048 2561/3122/3047 2523/3124/3049
f 2522/3123/3048 2523/3124/3049 206/3107/3029
f 206/3107/3029 2523/3124/3049 2524/3125/3050
f 206/3107/3029 2524/3125/3050 2525/3126/3051
f 2525/3126/3051 2524/3125/3050 2563/3127/3052
f 2525/3126/3051 2563/3127/3052 2564/3128/3053
f 2564/3128/3053 2563/3127/3052 203/3112/3037
f 2564/3128/3053 203/3112/3037 2565/3129/3054
f 2565/3129/3054 203/3112/3037 2566/3130/3055
f 2565/3129/3054 2566/3130/3055 2527/3131/3056
f 2527/3131/3056 2566/3130/3055 2528/3132/3057
f 2527/3131/3056 2528/3132/3057 206/3107/3029
f 206/3107/3029 2528/3132/3057 2529/3133/3058
f 206/3107/3029 2529/3133/3058 2530/3134/3059
f 2530/3134/3059 2529/3133/3058 2568/3135/3060
f 2530/3134/3059 2568/3135/3060 2569/3136/3061
f 2569/3136/3061 2568/3135/3060 203/3112/3037
f 2569/3136/3061 203/3112/3037 1086/3137/3062
f 2513/3106/3032 205/3105/3031 2551/3138/3063
f 2551/3138/3063 205/3105/3031 204/3139/3064
f 2551/3138/3063 204/3139/3064 203/3112/3037
f 1085/3140/3065 2588/3141/3066 1086/3137/3062
f 1086/3137/3062 2588/3141/3066 2587/3142/3067
f 1086/3137/3062 2587/3142/3067 2586/3143/3068
f 2586/3143/3068 2587/3142/3067 2548/3144/3069
f 2586/3143/3068 2548/3144/3069 2547/3145/3070
f 2547/3145/3070 2548/3144/3069 1083/3146/3030
f 2547/3145/3070 1083/3146/3030 2546/3147/3071
f 2546/3147/3071 1083/3146/3030 2545/3148/3072
f 2546/3147/3071 2545/3148/3072 2584/3149/3073
f 2584/3149/3073 2545/3148/3072 2583/3150/3074
f 2584/3149/3073 2583/3150/3074 1086/3137/3062
f 1086/3137/3062 2583/3150/3074 2582/3151/3075
f 1086/3137/3062 2582/3151/3075 2581/3152/3076
f 2581/3152/3076 2582/3151/3075 2543/3153/3077
f 2581/3152/3076 2543/3153/3077 2542/3154/3078
f 2542/3154/3078 2543/3153/3077 1083/3146/3030
f 2542/3154/3078 1083/3146/3030 2541/3155/3079
f 2541/3155/3079 1083/3146/3030 2540/3156/3080
f 2541/3155/3079 2540/3156/3080 2579/3157/3081
f 2579/3157/3081 2540/3156/3080 2578/3158/3082
f 2579/3157/3081 2578/3158/3082 1086/3137/3062
f 1086/3137/3062 2578/3158/3082 2577/3159/3083
f 1086/3137/3062 2577/3159/3083 2576/3160/3084
f 2576/3160/3084 2577/3159/3083 2538/3161/3085
f 2576/3160/3084 2538/3161/3085 2537/3162/3086
f 2537/3162/3086 2538/3161/3085 1083/3146/3030
f 2537/3162/3086 1083/3146/3030 2536/3163/3087
f 2536/3163/3087 1083/3146/3030 2535/3164/3088
f 2536/3163/3087 2535/3164/3088 2574/3165/3089
f 2574/3165/3089 2535/3164/3088 2573/3166/3090
f 2574/3165/3089 2573/3166/3090 1086/3137/3062
f 1086/3137/3062 2573/3166/3090 2572/3167/3091
f 1086/3137/3062 2572/3167/3091 2571/3168/3092
f 2571/3168/3092 2572/3167/3091 2533/3169/3093
f 2571/3168/3092 2533/3169/3093 2532/3170/3094
f 2532/3170/3094 2533/3169/3093 1083/3146/3030
f 2532/3170/3094 1083/3146/3030 206/3107/3029
f 2588/3141/3066 1085/3140/3065 2550/3171/3095
f 2550/3171/3095 1085/3140/3065 1084/3172/3096
f 2550/3171/3095 1084/3172/3096 1083/3146/3030
f 2514/3108/3033 2513/3106/3032 2552/3173/3097
f 2552/3173/3097 2513/3106/3032 2551/3138/3063
f 2552/3173/3097 2551/3138/3063 203/3112/3037
f 2517/3115/3040 206/3107/3029 2516/3174/3098
f 2516/3174/3098 206/3107/3029 2515/3109/3034
f 2516/3174/3098 2515/3109/3034 2554/3111/3036
f 2555/3113/3038 2517/3115/3040 2516/3174/3098
f 2555/3113/3038 2516/3174/3098 2554/3111/3036
f 2519/3117/3042 2518/3116/3041 2557/3175/3099
f 2557/3175/3099 2518/3116/3041 2556/3114/3039
f 2557/3175/3099 2556/3114/3039 203/3112/3037
f 2522/3123/3048 206/3107/3029 2521/3176/3100
f 2521/3176/3100 206/3107/3029 2520/3118/3043
f 2521/3176/3100 2520/3118/3043 2559/3120/3045
f 2560/3121/3046 2522/3123/3048 2521/3176/3100
f 2560/3121/3046 2521/3176/3100 2559/3120/3045
f 2524/3125/3050 2523/3124/3049 2562/3177/3101
f 2562/3177/3101 2523/3124/3049 2561/3122/3047
f 2562/3177/3101 2561/3122/3047 203/3112/3037
f 2527/3131/3056 206/3107/3029 2526/3178/3102
f 2526/3178/3102 206/3107/3029 2525/3126/3051
f 2526/3178/3102 2525/3126/3051 2564/3128/3053
f 2565/3129/3054 2527/3131/3056 2526/3178/3102
f 2565/3129/3054 2526/3178/3102 2564/3128/3053
f 2529/3133/3058 2528/3132/3057 2567/3179/3103
f 2567/3179/3103 2528/3132/3057 2566/3130/3055
f 2567/3179/3103 2566/3130/3055 203/3112/3037
f 2532/3170/3094 206/3107/3029 2531/3180/3104
f 2531/3180/3104 206/3107/3029 2530/3134/3059
f 2531/3180/3104 2530/3134/3059 2569/3136/3061
f 2532/3170/3094 2531/3180/3104 2570/3181/3105
f 2570/3181/3105 2531/3180/3104 2569/3136/3061
f 2570/3181/3105 2569/3136/3061 1086/3137/3062
f 2535/3164/3088 1083/3146/3030 2534/3182/3106
f 2534/3182/3106 1083/3146/3030 2533/3169/3093
f 2534/3182/3106 2533/3169/3093 2572/3167/3091
f 2573/3166/3090 2535/3164/3088 2534/3182/3106
f 2573/3166/3090 2534/3182/3106 2572/3167/3091
f 2537/3162/3086 2536/3163/3087 2575/3183/3107
f 2575/3183/3107 2536/3163/3087 2574/3165/3089
f 2575/3183/3107 2574/3165/3089 1086/3137/3062
f 2540/3156/3080 1083/3146/3030 2539/3184/3108
f 2539/3184/3108 1083/3146/3030 2538/3161/3085
f 2539/3184/3108 2538/3161/3085 2577/3159/3083
f 2578/3158/3082 2540/3156/3080 2539/3184/3108
f 2578/3158/3082 2539/3184/3108 2577/3159/3083
f 2542/3154/3078 2541/3155/3079 2580/3185/3109
f 2580/3185/3109 2541/3155/3079 2579/3157/3081
f 2580/3185/3109 2579/3157/3081 1086/3137/3062
f 2545/3148/3072 1083/3146/3030 2544/3186/3110
f 2544/3186/3110 1083/3146/3030 2543/3153/3077
f 2544/3186/3110 2543/3153/3077 2582/3151/3075
f 2583/3150/3074 2545/3148/3072 2544/3186/3110
f 2583/3150/3074 2544/3186/3110 2582/3151/3075
f 2547/3145/3070 2546/3147/3071 2585/3187/3111
f 2585/3187/3111 2546/3147/3071 2584/3149/3073
f 2585/3187/3111 2584/3149/3073 1086/3137/3062
f 2550/3171/3095 1083/3146/3030 2549/3188/3112
f 2549/3188/3112 1083/3146/3030 2548/3144/3069
f 2549/3188/3112 2548/3144/3069 2587/3142/3067
f 2588/3141/3066 2550/3171/3095 2549/3188/3112
f 2588/3141/3066 2549/3188/3112 2587/3142/3067
f 203/3112/3037 2553/3110/3035 2552/3173/3097
f 2552/3173/3097 2553/3110/3035 2514/3108/3033
f 203/3112/3037 2558/3119/3044 2557/3175/3099
f 2557/3175/3099 2558/3119/3044 2519/3117/3042
f 203/3112/3037 2563/3127/3052 2562/3177/3101
f 2562/3177/3101 2563/3127/3052 2524/3125/3050
f 203/3112/3037 2568/3135/3060 2567/3179/3103
f 2567/3179/3103 2568/3135/3060 2529/3133/3058
f 1086/3137/3062 2571/3168/3092 2570/3181/3105
f 2570/3181/3105 2571/3168/3092 2532/3170/3094
f 1086/3137/3062 2576/3160/3084 2575/3183/3107
f 2575/3183/3107 2576/3160/3084 2537/3162/3086
f 1086/3137/3062 2581/3152/3076 2580/3185/3109
f 2580/3185/3109 2581/3152/3076 2542/3154/3078
f 1086/3137/3062 2586/3143/3068 2585/3187/3111
f 2585/3187/3111 2586/3143/3068 2547/3145/3070
f 203/3189/3037 202/3190/3113 1086/3191/3062
f 1086/3191/3062 202/3190/3113 1087/3192/3114
f 1089/3193/3115 2589/3194/3116 1090/3195/3117
f 1090/3195/3117 2589/3194/3116 2590/3196/3118
f 1090/3195/3117 2590/3196/3118 2591/3197/3119
f 2591/3197/3119 2590/3196/3118 2624/3198/3120
f 2591/3197/3119 2624/3198/3120 2625/3199/3121
f 2625/3199/3121 2624/3198/3120 1087/3200/3114
f 2625/3199/3121 1087/3200/3114 2626/3201/3122
f 2626/3201/3122 1087/3200/3114 2627/3202/3123
f 2626/3201/3122 2627/3202/3123 2593/3203/3124
f 2593/3203/3124 2627/3202/3123 2594/3204/3125
f 2593/3203/3124 2594/3204/3125 1090/3195/3117
f 1090/3195/3117 2594/3204/3125 2595/3205/3126
f 1090/3195/3117 2595/3205/3126 2596/3206/3127
f 2596/3206/3127 2595/3205/3126 2629/3207/3128
f 2596/3206/3127 2629/3207/3128 2630/3208/3129
f 2630/3208/3129 2629/3207/3128 1087/3200/3114
f 2630/3208/3129 1087/3200/3114 2631/3209/3130
f 2631/3209/3130 1087/3200/3114 2632/3210/3131
f 2631/3209/3130 2632/3210/3131 2598/3211/3132
f 2598/3211/3132 2632/3210/3131 2599/3212/3133
f 2598/3211/3132 2599/3212/3133 1090/3195/3117
f 1090/3195/3117 2599/3212/3133 2600/3213/3134
f 1090/3195/3117 2600/3213/3134 2601/3214/3135
f 2601/3214/3135 2600/3213/3134 2634/3215/3136
f 2601/3214/3135 2634/3215/3136 2635/3216/3137
f 2635/3216/3137 2634/3215/3136 1087/3200/3114
f 2635/3216/3137 1087/3200/3114 2636/3217/3138
f 2636/3217/3138 1087/3200/3114 2637/3218/3139
f 2636/3217/3138 2637/3218/3139 2603/3219/3140
f 2603/3219/3140 2637/3218/3139 2604/3220/3141
f 2603/3219/3140 2604/3220/3141 1090/3195/3117
f 1090/3195/3117 2604/3220/3141 2605/3221/3142
f 1090/3195/3117 2605/3221/3142 199/3222/3143
f 199/3222/3143 2605/3221/3142 2606/3223/3144
f 199/3222/3143 2606/3223/3144 2607/3224/3145
f 2607/3224/3145 2606/3223/3144 2640/3225/3146
f 2607/3224/3145 2640/3225/3146 2641/3226/3147
f 2641/3226/3147 2640/3225/3146 202/3227/3113
f 2641/3226/3147 202/3227/3113 2642/3228/3148
f 2642/3228/3148 202/3227/3113 2643/3229/3149
f 2642/3228/3148 2643/3229/3149 2609/3230/3150
f 2609/3230/3150 2643/3229/3149 2610/3231/3151
f 2609/3230/3150 2610/3231/3151 199/3222/3143
f 199/3222/3143 2610/3231/3151 2611/3232/3152
f 199/3222/3143 2611/3232/3152 2612/3233/3153
f 2612/3233/3153 2611/3232/3152 2645/3234/3154
f 2612/3233/3153 2645/3234/3154 2646/3235/3155
f 2646/3235/3155 2645/3234/3154 202/3227/3113
f 2646/3235/3155 202/3227/3113 2647/3236/3156
f 2647/3236/3156 202/3227/3113 2648/3237/3157
f 2647/3236/3156 2648/3237/3157 2614/3238/3158
f 2614/3238/3158 2648/3237/3157 2615/3239/3159
f 2614/3238/3158 2615/3239/3159 199/3222/3143
f 199/3222/3143 2615/3239/3159 2616/3240/3160
f 199/3222/3143 2616/3240/3160 2617/3241/3161
f 2617/3241/3161 2616/3240/3160 2650/3242/3162
f 2617/3241/3161 2650/3242/3162 2651/3243/3163
f 2651/3243/3163 2650/3242/3162 202/3227/3113
f 2651/3243/3163 202/3227/3113 2652/3244/3164
f 2652/3244/3164 202/3227/3113 2653/3245/3165
f 2652/3244/3164 2653/3245/3165 2619/3246/3166
f 2619/3246/3166 2653/3245/3165 2620/3247/3167
f 2619/3246/3166 2620/3247/3167 199/3222/3143
f 199/3222/3143 2620/3247/3167 2621/3248/3168
f 199/3222/3143 2621/3248/3168 200/3249/3169
f 200/3249/3169 2621/3248/3168 201/3250/3170
f 201/3250/3170 2621/3248/3168 2654/3251/3171
f 201/3250/3170 2654/3251/3171 202/3227/3113
f 202/3227/3113 2654/3251/3171 2653/3245/3165
f 2589/3194/3116 1089/3193/3115 2622/3252/3172
f 2622/3252/3172 1089/3193/3115 1088/3253/3173
f 2622/3252/3172 1088/3253/3173 1087/3200/3114
f 2637/3218/3139 1087/3200/3114 2638/3254/3174
f 2638/3254/3174 1087/3200/3114 202/3227/3113
f 2638/3254/3174 202/3227/3113 2639/3255/3175
f 2639/3255/3175 202/3227/3113 2640/3225/3146
f 2639/3255/3175 2640/3225/3146 2606/3223/3144
f 2590/3196/3118 2589/3194/3116 2623/3256/3176
f 2623/3256/3176 2589/3194/3116 2622/3252/3172
f 2623/3256/3176 2622/3252/3172 1087/3200/3114
f 2593/3203/3124 1090/3195/3117 2592/3257/3177
f 2592/3257/3177 1090/3195/3117 2591/3197/3119
f 2592/3257/3177 2591/3197/3119 2625/3199/3121
f 2626/3201/3122 2593/3203/3124 2592/3257/3177
f 2626/3201/3122 2592/3257/3177 2625/3199/3121
f 2595/3205/3126 2594/3204/3125 2628/3258/3178
f 2628/3258/3178 2594/3204/3125 2627/3202/3123
f 2628/3258/3178 2627/3202/3123 1087/3200/3114
f 2598/3211/3132 1090/3195/3117 2597/3259/3179
f 2597/3259/3179 1090/3195/3117 2596/3206/3127
f 2597/3259/3179 2596/3206/3127 2630/3208/3129
f 2631/3209/3130 2598/3211/3132 2597/3259/3179
f 2631/3209/3130 2597/3259/3179 2630/3208/3129
f 2600/3213/3134 2599/3212/3133 2633/3260/3180
f 2633/3260/3180 2599/3212/3133 2632/3210/3131
f 2633/3260/3180 2632/3210/3131 1087/3200/3114
f 2603/3219/3140 1090/3195/3117 2602/3261/3181
f 2602/3261/3181 1090/3195/3117 2601/3214/3135
f 2602/3261/3181 2601/3214/3135 2635/3216/3137
f 2636/3217/3138 2603/3219/3140 2602/3261/3181
f 2636/3217/3138 2602/3261/3181 2635/3216/3137
f 2639/3255/3175 2606/3223/3144 2605/3221/3142
f 2637/3218/3139 2638/3254/3174 2604/3220/3141
f 2604/3220/3141 2638/3254/3174 2605/3221/3142
f 2638/3254/3174 2639/3255/3175 2605/3221/3142
f 2609/3230/3150 199/3222/3143 2608/3262/3182
f 2608/3262/3182 199/3222/3143 2607/3224/3145
f 2608/3262/3182 2607/3224/3145 2641/3226/3147
f 2642/3228/3148 2609/3230/3150 2608/3262/3182
f 2642/3228/3148 2608/3262/3182 2641/3226/3147
f 2611/3232/3152 2610/3231/3151 2644/3263/3183
f 2644/3263/3183 2610/3231/3151 2643/3229/3149
f 2644/3263/3183 2643/3229/3149 202/3227/3113
f 2614/3238/3158 199/3222/3143 2613/3264/3184
f 2613/3264/3184 199/3222/3143 2612/3233/3153
f 2613/3264/3184 2612/3233/3153 2646/3235/3155
f 2647/3236/3156 2614/3238/3158 2613/3264/3184
f 2647/3236/3156 2613/3264/3184 2646/3235/3155
f 2616/3240/3160 2615/3239/3159 2649/3265/3185
f 2649/3265/3185 2615/3239/3159 2648/3237/3157
f 2649/3265/3185 2648/3237/3157 202/3227/3113
f 2619/3246/3166 199/3222/3143 2618/3266/3186
f 2618/3266/3186 199/3222/3143 2617/3241/3161
f 2618/3266/3186 2617/3241/3161 2651/3243/3163
f 2652/3244/3164 2619/3246/3166 2618/3266/3186
f 2652/3244/3164 2618/3266/3186 2651/3243/3163
f 2654/3251/3171 2621/3248/3168 2620/3247/3167
f 2654/3251/3171 2620/3247/3167 2653/3245/3165
f 1087/3200/3114 2624/3198/3120 2623/3256/3176
f 2623/3256/3176 2624/3198/3120 2590/3196/3118
f 1087/3200/3114 2629/3207/3128 2628/3258/3178
f 2628/3258/3178 2629/3207/3128 2595/3205/3126
f 1087/3200/3114 2634/3215/3136 2633/3260/3180
f 2633/3260/3180 2634/3215/3136 2600/3213/3134
f 202/3227/3113 2645/3234/3154 2644/3263/3183
f 2644/3263/3183 2645/3234/3154 2611/3232/3152
f 202/3227/3113 2650/3242/3162 2649/3265/3185
f 2649/3265/3185 2650/3242/3162 2616/3240/3160
f 184/3267/3187 2655/3268/3188 185/3269/3189
f 185/3269/3189 2655/3268/3188 2656/3270/3190
f 185/3269/3189 2656/3270/3190 2657/3271/3191
f 2657/3271/3191 2656/3270/3190 2690/3272/3192
f 2657/3271/3191 2690/3272/3192 2691/3273/3193
f 2691/3273/3193 2690/3272/3192 182/3274/3194
f 2691/3273/3193 182/3274/3194 2692/3275/3195
f 2692/3275/3195 182/3274/3194 2693/3276/3196
f 2692/3275/3195 2693/3276/3196 2659/3277/3197
f 2659/3277/3197 2693/3276/3196 2660/3278/3198
f 2659/3277/3197 2660/3278/3198 185/3269/3189
f 185/3269/3189 2660/3278/3198 2661/3279/3199
f 185/3269/3189 2661/3279/3199 2662/3280/3200
f 2662/3280/3200 2661/3279/3199 2695/3281/3201
f 2662/3280/3200 2695/3281/3201 2696/3282/3202
f 2696/3282/3202 2695/3281/3201 182/3274/3194
f 2696/3282/3202 182/3274/3194 2697/3283/3203
f 2697/3283/3203 182/3274/3194 2698/3284/3204
f 2697/3283/3203 2698/3284/3204 2664/3285/3205
f 2664/3285/3205 2698/3284/3204 2665/3286/3206
f 2664/3285/3205 2665/3286/3206 185/3269/3189
f 185/3269/3189 2665/3286/3206 2666/3287/3207
f 185/3269/3189 2666/3287/3207 2667/3288/3208
f 2667/3288/3208 2666/3287/3207 2700/3289/3209
f 2667/3288/3208 2700/3289/3209 2701/3290/3210
f 2701/3290/3210 2700/3289/3209 182/3274/3194
f 2701/3290/3210 182/3274/3194 2702/3291/3211
f 2702/3291/3211 182/3274/3194 2703/3292/3212
f 2702/3291/3211 2703/3292/3212 2669/3293/3213
f 2669/3293/3213 2703/3292/3212 2670/3294/3214
f 2669/3293/3213 2670/3294/3214 185/3269/3189
f 185/3269/3189 2670/3294/3214 2671/3295/3215
f 185/3269/3189 2671/3295/3215 1104/3296/3216
f 1104/3296/3216 2671/3295/3215 2672/3297/3217
f 1104/3296/3216 2672/3297/3217 2673/3298/3218
f 2673/3298/3218 2672/3297/3217 2706/3299/3219
f 2673/3298/3218 2706/3299/3219 2707/3300/3220
f 2707/3300/3220 2706/3299/3219 1107/3301/3221
f 2707/3300/3220 1107/3301/3221 2708/3302/3222
f 2708/3302/3222 1107/3301/3221 2709/3303/3223
f 2708/3302/3222 2709/3303/3223 2675/3304/3224
f 2675/3304/3224 2709/3303/3223 2676/3305/3225
f 2675/3304/3224 2676/3305/3225 1104/3296/3216
f 1104/3296/3216 2676/3305/3225 2677/3306/3226
f 1104/3296/3216 2677/3306/3226 2678/3307/3227
f 2678/3307/3227 2677/3306/3226 2711/3308/3228
f 2678/3307/3227 2711/3308/3228 2712/3309/3229
f 2712/3309/3229 2711/3308/3228 1107/3301/3221
f 2712/3309/3229 1107/3301/3221 2713/3310/3230
f 2713/3310/3230 1107/3301/3221 2714/3311/3231
f 2713/3310/3230 2714/3311/3231 2680/3312/3232
f 2680/3312/3232 2714/3311/3231 2681/3313/3233
f 2680/3312/3232 2681/3313/3233 1104/3296/3216
f 1104/3296/3216 2681/3313/3233 2682/3314/3234
f 1104/3296/3216 2682/3314/3234 2683/3315/3235
f 2683/3315/3235 2682/3314/3234 2716/3316/3236
f 2683/3315/3235 2716/3316/3236 2717/3317/3237
f 2717/3317/3237 2716/3316/3236 1107/3301/3221
f 2717/3317/3237 1107/3301/3221 2718/3318/3238
f 2718/3318/3238 1107/3301/3221 2719/3319/3239
f 2718/3318/3238 2719/3319/3239 2685/3320/3240
f 2685/3320/3240 2719/3319/3239 2686/3321/3241
f 2685/3320/3240 2686/3321/3241 1104/3296/3216
f 1104/3296/3216 2686/3321/3241 2687/3322/3242
f 1104/3296/3216 2687/3322/3242 1105/3323/3243
f 1105/3323/3243 2687/3322/3242 1106/3324/3244
f 1106/3324/3244 2687/3322/3242 2720/3325/3245
f 1106/3324/3244 2720/3325/3245 1107/3301/3221
f 1107/3301/3221 2720/3325/3245 2719/3319/3239
f 2655/3268/3188 184/3267/3187 2688/3326/3246
f 2688/3326/3246 184/3267/3187 183/3327/3247
f 2688/3326/3246 183/3327/3247 182/3274/3194
f 2703/3292/3212 182/3274/3194 2704/3328/3248
f 2704/3328/3248 182/3274/3194 1107/3301/3221
f 2704/3328/3248 1107/3301/3221 2705/3329/3249
f 2705/3329/3249 1107/3301/3221 2706/3299/3219
f 2705/3329/3249 2706/3299/3219 2672/3297/3217
f 2656/3270/3190 2655/3268/3188 2689/3330/3250
f 2689/3330/3250 2655/3268/3188 2688/3326/3246
f 2689/3330/3250 2688/3326/3246 182/3274/3194
f 2659/3277/3197 185/3269/3189 2658/3331/3251
f 2658/3331/3251 185/3269/3189 2657/3271/3191
f 2658/3331/3251 2657/3271/3191 2691/3273/3193
f 2692/3275/3195 2659/3277/3197 2658/3331/3251
f 2692/3275/3195 2658/3331/3251 2691/3273/3193
f 2661/3279/3199 2660/3278/3198 2694/3332/3252
f 2694/3332/3252 2660/3278/3198 2693/3276/3196
f 2694/3332/3252 2693/3276/3196 182/3274/3194
f 2664/3285/3205 185/3269/3189 2663/3333/3253
f 2663/3333/3253 185/3269/3189 2662/3280/3200
f 2663/3333/3253 2662/3280/3200 2696/3282/3202
f 2697/3283/3203 2664/3285/3205 2663/3333/3253
f 2697/3283/3203 2663/3333/3253 2696/3282/3202
f 2666/3287/3207 2665/3286/3206 2699/3334/3254
f 2699/3334/3254 2665/3286/3206 2698/3284/3204
f 2699/3334/3254 2698/3284/3204 182/3274/3194
f 2669/3293/3213 185/3269/3189 2668/3335/3255
f 2668/3335/3255 185/3269/3189 2667/3288/3208
f 2668/3335/3255 2667/3288/3208 2701/3290/3210
f 2702/3291/3211 2669/3293/3213 2668/3335/3255
f 2702/3291/3211 2668/3335/3255 2701/3290/3210
f 2705/3329/3249 2672/3297/3217 2671/3295/3215
f 2703/3292/3212 2704/3328/3248 2670/3294/3214
f 2670/3294/3214 2704/3328/3248 2671/3295/3215
f 2704/3328/3248 2705/3329/3249 2671/3295/3215
f 2675/3304/3224 1104/3296/3216 2674/3336/3256
f 2674/3336/3256 1104/3296/3216 2673/3298/3218
f 2674/3336/3256 2673/3298/3218 2707/3300/3220
f 2708/3302/3222 2675/3304/3224 2674/3336/3256
f 2708/3302/3222 2674/3336/3256 2707/3300/3220
f 2677/3306/3226 2676/3305/3225 2710/3337/3257
f 2710/3337/3257 2676/3305/3225 2709/3303/3223
f 2710/3337/3257 2709/3303/3223 1107/3301/3221
f 2680/3312/3232 1104/3296/3216 2679/3338/3258
f 2679/3338/3258 1104/3296/3216 2678/3307/3227
f 2679/3338/3258 2678/3307/3227 2712/3309/3229
f 2713/3310/3230 2680/3312/3232 2679/3338/3258
f 2713/3310/3230 2679/3338/3258 2712/3309/3229
f 2682/3314/3234 2681/3313/3233 2715/3339/3259
f 2715/3339/3259 2681/3313/3233 2714/3311/3231
f 2715/3339/3259 2714/3311/3231 1107/3301/3221
f 2685/3320/3240 1104/3296/3216 2684/3340/3260
f 2684/3340/3260 1104/3296/3216 2683/3315/3235
f 2684/3340/3260 2683/3315/3235 2717/3317/3237
f 2718/3318/3238 2685/3320/3240 2684/3340/3260
f 2718/3318/3238 2684/3340/3260 2717/3317/3237
f 2720/3325/3245 2687/3322/3242 2686/3321/3241
f 2720/3325/3245 2686/3321/3241 2719/3319/3239
f 182/3274/3194 2690/3272/3192 2689/3330/3250
f 2689/3330/3250 2690/3272/3192 2656/3270/3190
f 182/3274/3194 2695/3281/3201 2694/3332/3252
f 2694/3332/3252 2695/3281/3201 2661/3279/3199
f 182/3274/3194 2700/3289/3209 2699/3334/3254
f 2699/3334/3254 2700/3289/3209 2666/3287/3207
f 1107/3301/3221 2711/3308/3228 2710/3337/3257
f 2710/3337/3257 2711/3308/3228 2677/3306/3226
f 1107/3301/3221 2716/3316/3236 2715/3339/3259
f 2715/3339/3259 2716/3316/3236 2682/3314/3234
f 182/3341/3194 181/3342/3261 1107/3343/3221
f 1107/3343/3221 181/3342/3261 1108/3344/3262
f 180/3345/3263 2721/3346/3264 181/3347/3261
f 181/3347/3261 2721/3346/3264 2722/3348/3265
f 181/3347/3261 2722/3348/3265 2723/3349/3266
f 2723/3349/3266 2722/3348/3265 2761/3350/3267
f 2723/3349/3266 2761/3350/3267 2762/3351/3268
f 2762/3351/3268 2761/3350/3267 178/3352/3269
f 2762/3351/3268 178/3352/3269 2763/3353/3270
f 2763/3353/3270 178/3352/3269 2764/3354/3271
f 2763/3353/3270 2764/3354/3271 2725/3355/3272
f 2725/3355/3272 2764/3354/3271 2726/3356/3273
f 2725/3355/3272 2726/3356/3273 181/3347/3261
f 181/3347/3261 2726/3356/3273 2727/3357/3274
f 181/3347/3261 2727/3357/3274 2728/3358/3275
f 2728/3358/3275 2727/3357/3274 2766/3359/3276
f 2728/3358/3275 2766/3359/3276 2767/3360/3277
f 2767/3360/3277 2766/3359/3276 178/3352/3269
f 2767/3360/3277 178/3352/3269 2768/3361/3278
f 2768/3361/3278 178/3352/3269 2769/3362/3279
f 2768/3361/3278 2769/3362/3279 2730/3363/3280
f 2730/3363/3280 2769/3362/3279 2731/3364/3281
f 2730/3363/3280 2731/3364/3281 181/3347/3261
f 181/3347/3261 2731/3364/3281 2732/3365/3282
f 181/3347/3261 2732/3365/3282 2733/3366/3283
f 2733/3366/3283 2732/3365/3282 2771/3367/3284
f 2733/3366/3283 2771/3367/3284 2772/3368/3285
f 2772/3368/3285 2771/3367/3284 178/3352/3269
f 2772/3368/3285 178/3352/3269 2773/3369/3286
f 2773/3369/3286 178/3352/3269 2774/3370/3287
f 2773/3369/3286 2774/3370/3287 2735/3371/3288
f 2735/3371/3288 2774/3370/3287 2736/3372/3289
f 2735/3371/3288 2736/3372/3289 181/3347/3261
f 181/3347/3261 2736/3372/3289 2737/3373/3290
f 181/3347/3261 2737/3373/3290 2738/3374/3291
f 2738/3374/3291 2737/3373/3290 2776/3375/3292
f 2738/3374/3291 2776/3375/3292 2777/3376/3293
f 2777/3376/3293 2776/3375/3292 178/3352/3269
f 2777/3376/3293 178/3352/3269 1111/3377/3294
f 2721/3346/3264 180/3345/3263 2759/3378/3295
f 2759/3378/3295 180/3345/3263 179/3379/3296
f 2759/3378/3295 179/3379/3296 178/3352/3269
f 1110/3380/3297 2796/3381/3298 1111/3377/3294
f 1111/3377/3294 2796/3381/3298 2795/3382/3299
f 1111/3377/3294 2795/3382/3299 2794/3383/3300
f 2794/3383/3300 2795/3382/3299 2756/3384/3301
f 2794/3383/3300 2756/3384/3301 2755/3385/3302
f 2755/3385/3302 2756/3384/3301 1108/3386/3262
f 2755/3385/3302 1108/3386/3262 2754/3387/3303
f 2754/3387/3303 1108/3386/3262 2753/3388/3304
f 2754/3387/3303 2753/3388/3304 2792/3389/3305
f 2792/3389/3305 2753/3388/3304 2791/3390/3306
f 2792/3389/3305 2791/3390/3306 1111/3377/3294
f 1111/3377/3294 2791/3390/3306 2790/3391/3307
f 1111/3377/3294 2790/3391/3307 2789/3392/3308
f 2789/3392/3308 2790/3391/3307 2751/3393/3309
f 2789/3392/3308 2751/3393/3309 2750/3394/3310
f 2750/3394/3310 2751/3393/3309 1108/3386/3262
f 2750/3394/3310 1108/3386/3262 2749/3395/3311
f 2749/3395/3311 1108/3386/3262 2748/3396/3312
f 2749/3395/3311 2748/3396/3312 2787/3397/3313
f 2787/3397/3313 2748/3396/3312 2786/3398/3314
f 2787/3397/3313 2786/3398/3314 1111/3377/3294
f 1111/3377/3294 2786/3398/3314 2785/3399/3315
f 1111/3377/3294 2785/3399/3315 2784/3400/3316
f 2784/3400/3316 2785/3399/3315 2746/3401/3317
f 2784/3400/3316 2746/3401/3317 2745/3402/3318
f 2745/3402/3318 2746/3401/3317 1108/3386/3262
f 2745/3402/3318 1108/3386/3262 2744/3403/3319
f 2744/3403/3319 1108/3386/3262 2743/3404/3320
f 2744/3403/3319 2743/3404/3320 2782/3405/3321
f 2782/3405/3321 2743/3404/3320 2781/3406/3322
f 2782/3405/3321 2781/3406/3322 1111/3377/3294
f 1111/3377/3294 2781/3406/3322 2780/3407/3323
f 1111/3377/3294 2780/3407/3323 2779/3408/3324
f 2779/3408/3324 2780/3407/3323 2741/3409/3325
f 2779/3408/3324 2741/3409/3325 2740/3410/3326
f 2740/3410/3326 2741/3409/3325 1108/3386/3262
f 2740/3410/3326 1108/3386/3262 181/3347/3261
f 2796/3381/3298 1110/3380/3297 2758/3411/3327
f 2758/3411/3327 1110/3380/3297 1109/3412/3328
f 2758/3411/3327 1109/3412/3328 1108/3386/3262
f 2722/3348/3265 2721/3346/3264 2760/3413/3329
f 2760/3413/3329 2721/3346/3264 2759/3378/3295
f 2760/3413/3329 2759/3378/3295 178/3352/3269
f 2725/3355/3272 181/3347/3261 2724/3414/3330
f 2724/3414/3330 181/3347/3261 2723/3349/3266
f 2724/3414/3330 2723/3349/3266 2762/3351/3268
f 2763/3353/3270 2725/3355/3272 2724/3414/3330
f 2763/3353/3270 2724/3414/3330 2762/3351/3268
f 2727/3357/3274 2726/3356/3273 2765/3415/3331
f 2765/3415/3331 2726/3356/3273 2764/3354/3271
f 2765/3415/3331 2764/3354/3271 178/3352/3269
f 2730/3363/3280 181/3347/3261 2729/3416/3332
f 2729/3416/3332 181/3347/3261 2728/3358/3275
f 2729/3416/3332 2728/3358/3275 2767/3360/3277
f 2768/3361/3278 2730/3363/3280 2729/3416/3332
f 2768/3361/3278 2729/3416/3332 2767/3360/3277
f 2732/3365/3282 2731/3364/3281 2770/3417/3333
f 2770/3417/3333 2731/3364/3281 2769/3362/3279
f 2770/3417/3333 2769/3362/3279 178/3352/3269
f 2735/3371/3288 181/3347/3261 2734/3418/3334
f 2734/3418/3334 181/3347/3261 2733/3366/3283
f 2734/3418/3334 2733/3366/3283 2772/3368/3285
f 2773/3369/3286 2735/3371/3288 2734/3418/3334
f 2773/3369/3286 2734/3418/3334 2772/3368/3285
f 2737/3373/3290 2736/3372/3289 2775/3419/3335
f 2775/3419/3335 2736/3372/3289 2774/3370/3287
f 2775/3419/3335 2774/3370/3287 178/3352/3269
f 2740/3410/3326 181/3347/3261 2739/3420/3336
f 2739/3420/3336 181/3347/3261 2738/3374/3291
f 2739/3420/3336 2738/3374/3291 2777/3376/3293
f 2740/3410/3326 2739/3420/3336 2778/3421/3337
f 2778/3421/3337 2739/3420/3336 2777/3376/3293
f 2778/3421/3337 2777/3376/3293 1111/3377/3294
f 2743/3404/3320 1108/3386/3262 2742/3422/3338
f 2742/3422/3338 1108/3386/3262 2741/3409/3325
f 2742/3422/3338 2741/3409/3325 2780/3407/3323
f 2781/3406/3322 2743/3404/3320 2742/3422/3338
f 2781/3406/3322 2742/3422/3338 2780/3407/3323
f 2745/3402/3318 2744/3403/3319 2783/3423/3339
f 2783/3423/3339 2744/3403/3319 2782/3405/3321
f 2783/3423/3339 2782/3405/3321 1111/3377/3294
f 2748/3396/3312 1108/3386/3262 2747/3424/3340
f 2747/3424/3340 1108/3386/3262 2746/3401/3317
f 2747/3424/3340 2746/3401/3317 2785/3399/3315
f 2786/3398/3314 2748/3396/3312 2747/3424/3340
f 2786/3398/3314 2747/3424/3340 2785/3399/3315
f 2750/3394/3310 2749/3395/3311 2788/3425/3341
f 2788/3425/3341 2749/3395/3311 2787/3397/3313
f 2788/3425/3341 2787/3397/3313 1111/3377/3294
f 2753/3388/3304 1108/3386/3262 2752/3426/3342
f 2752/3426/3342 1108/3386/3262 2751/3393/3309
f 2752/3426/3342 2751/3393/3309 2790/3391/3307
f 2791/3390/3306 2753/3388/3304 2752/3426/3342
f 2791/3390/3306 2752/3426/3342 2790/3391/3307
f 2755/3385/3302 2754/3387/3303 2793/3427/3343
f 2793/3427/3343 2754/3387/3303 2792/3389/3305
f 2793/3427/3343 2792/3389/3305 1111/3377/3294
f 2758/3411/3327 1108/3386/3262 2757/3428/3344
f 2757/3428/3344 1108/3386/3262 2756/3384/3301
f 2757/3428/3344 2756/3384/3301 2795/3382/3299
f 2796/3381/3298 2758/3411/3327 2757/3428/3344
f 2796/3381/3298 2757/3428/3344 2795/3382/3299
f 178/3352/3269 2761/3350/3267 2760/3413/3329
f 2760/3413/3329 2761/3350/3267 2722/3348/3265
f 178/3352/3269 2766/3359/3276 2765/3415/3331
f 2765/3415/3331 2766/3359/3276 2727/3357/3274
f 178/3352/3269 2771/3367/3284 2770/3417/3333
f 2770/3417/3333 2771/3367/3284 2732/3365/3282
f 178/3352/3269 2776/3375/3292 2775/3419/3335
f 2775/3419/3335 2776/3375/3292 2737/3373/3290
f 1111/3377/3294 2779/3408/3324 2778/3421/3337
f 2778/3421/3337 2779/3408/3324 2740/3410/3326
f 1111/3377/3294 2784/3400/3316 2783/3423/3339
f 2783/3423/3339 2784/3400/3316 2745/3402/3318
f 1111/3377/3294 2789/3392/3308 2788/3425/3341
f 2788/3425/3341 2789/3392/3308 2750/3394/3310
f 1111/3377/3294 2794/3383/3300 2793/3427/3343
f 2793/3427/3343 2794/3383/3300 2755/3385/3302
f 178/3429/3269 177/3430/3345 1111/3431/3294
f 1111/3431/3294 177/3430/3345 1112/3432/3346
f 176/3433/3347 2797/3434/3348 177/3435/3345
f 177/3435/3345 2797/3434/3348 2798/3436/3349
f 177/3435/3345 2798/3436/3349 2799/3437/3350
f 2799/3437/3350 2798/3436/3349 2837/3438/3351
f 2799/3437/3350 2837/3438/3351 2838/3439/3352
f 2838/3439/3352 2837/3438/3351 174/3440/3353
f 2838/3439/3352 174/3440/3353 2839/3441/3354
f 2839/3441/3354 174/3440/3353 2840/3442/3355
f 2839/3441/3354 2840/3442/3355 2801/3443/3356
f 2801/3443/3356 2840/3442/3355 2802/3444/3357
f 2801/3443/3356 2802/3444/3357 177/3435/3345
f 177/3435/3345 2802/3444/3357 2803/3445/3358
f 177/3435/3345 2803/3445/3358 2804/3446/3359
f 2804/3446/3359 2803/3445/3358 2842/3447/3360
f 2804/3446/3359 2842/3447/3360 2843/3448/3361
f 2843/3448/3361 2842/3447/3360 174/3440/3353
f 2843/3448/3361 174/3440/3353 2844/3449/3362
f 2844/3449/3362 174/3440/3353 2845/3450/3363
f 2844/3449/3362 2845/3450/3363 2806/3451/3364
f 2806/3451/3364 2845/3450/3363 2807/3452/3365
f 2806/3451/3364 2807/3452/3365 177/3435/3345
f 177/3435/3345 2807/3452/3365 2808/3453/3366
f 177/3435/3345 2808/3453/3366 2809/3454/3367
f 2809/3454/3367 2808/3453/3366 2847/3455/3368
f 2809/3454/3367 2847/3455/3368 2848/3456/3369
f 2848/3456/3369 2847/3455/3368 174/3440/3353
f 2848/3456/3369 174/3440/3353 2849/3457/3370
f 2849/3457/3370 174/3440/3353 2850/3458/3371
f 2849/3457/3370 2850/3458/3371 2811/3459/3372
f 2811/3459/3372 2850/3458/3371 2812/3460/3373
f 2811/3459/3372 2812/3460/3373 177/3435/3345
f 177/3435/3345 2812/3460/3373 2813/3461/3374
f 177/3435/3345 2813/3461/3374 2814/3462/3375
f 2814/3462/3375 2813/3461/3374 2852/3463/3376
f 2814/3462/3375 2852/3463/3376 2853/3464/3377
f 2853/3464/3377 2852/3463/3376 174/3440/3353
f 2853/3464/3377 174/3440/3353 1115/3465/3378
f 2797/3434/3348 176/3433/3347 2835/3466/3379
f 2835/3466/3379 176/3433/3347 175/3467/3380
f 2835/3466/3379 175/3467/3380 174/3440/3353
f 1114/3468/3381 2872/3469/3382 1115/3465/3378
f 1115/3465/3378 2872/3469/3382 2871/3470/3383
f 1115/3465/3378 2871/3470/3383 2870/3471/3384
f 2870/3471/3384 2871/3470/3383 2832/3472/3385
f 2870/3471/3384 2832/3472/3385 2831/3473/3386
f 2831/3473/3386 2832/3472/3385 1112/3474/3346
f 2831/3473/3386 1112/3474/3346 2830/3475/3387
f 2830/3475/3387 1112/3474/3346 2829/3476/3388
f 2830/3475/3387 2829/3476/3388 2868/3477/3389
f 2868/3477/3389 2829/3476/3388 2867/3478/3390
f 2868/3477/3389 2867/3478/3390 1115/3465/3378
f 1115/3465/3378 2867/3478/3390 2866/3479/3391
f 1115/3465/3378 2866/3479/3391 2865/3480/3392
f 2865/3480/3392 2866/3479/3391 2827/3481/3393
f 2865/3480/3392 2827/3481/3393 2826/3482/3394
f 2826/3482/3394 2827/3481/3393 1112/3474/3346
f 2826/3482/3394 1112/3474/3346 2825/3483/3395
f 2825/3483/3395 1112/3474/3346 2824/3484/3396
f 2825/3483/3395 2824/3484/3396 2863/3485/3397
f 2863/3485/3397 2824/3484/3396 2862/3486/3398
f 2863/3485/3397 2862/3486/3398 1115/3465/3378
f 1115/3465/3378 2862/3486/3398 2861/3487/3399
f 1115/3465/3378 2861/3487/3399 2860/3488/3400
f 2860/3488/3400 2861/3487/3399 2822/3489/3401
f 2860/3488/3400 2822/3489/3401 2821/3490/3402
f 2821/3490/3402 2822/3489/3401 1112/3474/3346
f 2821/3490/3402 1112/3474/3346 2820/3491/3403
f 2820/3491/3403 1112/3474/3346 2819/3492/3404
f 2820/3491/3403 2819/3492/3404 2858/3493/3405
f 2858/3493/3405 2819/3492/3404 2857/3494/3406
f 2858/3493/3405 2857/3494/3406 1115/3465/3378
f 1115/3465/3378 2857/3494/3406 2856/3495/3407
f 1115/3465/3378 2856/3495/3407 2855/3496/3408
f 2855/3496/3408 2856/3495/3407 2817/3497/3409
f 2855/3496/3408 2817/3497/3409 2816/3498/3410
f 2816/3498/3410 2817/3497/3409 1112/3474/3346
f 2816/3498/3410 1112/3474/3346 177/3435/3345
f 2872/3469/3382 1114/3468/3381 2834/3499/3411
f 2834/3499/3411 1114/3468/3381 1113/3500/3412
f 2834/3499/3411 1113/3500/3412 1112/3474/3346
f 2798/3436/3349 2797/3434/3348 2836/3501/3413
f 2836/3501/3413 2797/3434/3348 2835/3466/3379
f 2836/3501/3413 2835/3466/3379 174/3440/3353
f 2801/3443/3356 177/3435/3345 2800/3502/3414
f 2800/3502/3414 177/3435/3345 2799/3437/3350
f 2800/3502/3414 2799/3437/3350 2838/3439/3352
f 2839/3441/3354 2801/3443/3356 2800/3502/3414
f 2839/3441/3354 2800/3502/3414 2838/3439/3352
f 2803/3445/3358 2802/3444/3357 2841/3503/3415
f 2841/3503/3415 2802/3444/3357 2840/3442/3355
f 2841/3503/3415 2840/3442/3355 174/3440/3353
f 2806/3451/3364 177/3435/3345 2805/3504/3416
f 2805/3504/3416 177/3435/3345 2804/3446/3359
f 2805/3504/3416 2804/3446/3359 2843/3448/3361
f 2844/3449/3362 2806/3451/3364 2805/3504/3416
f 2844/3449/3362 2805/3504/3416 2843/3448/3361
f 2808/3453/3366 2807/3452/3365 2846/3505/3417
f 2846/3505/3417 2807/3452/3365 2845/3450/3363
f 2846/3505/3417 2845/3450/3363 174/3440/3353
f 2811/3459/3372 177/3435/3345 2810/3506/3418
f 2810/3506/3418 177/3435/3345 2809/3454/3367
f 2810/3506/3418 2809/3454/3367 2848/3456/3369
f 2849/3457/3370 2811/3459/3372 2810/3506/3418
f 2849/3457/3370 2810/3506/3418 2848/3456/3369
f 2813/3461/3374 2812/3460/3373 2851/3507/3419
f 2851/3507/3419 2812/3460/3373 2850/3458/3371
f 2851/3507/3419 2850/3458/3371 174/3440/3353
f 2816/3498/3410 177/3435/3345 2815/3508/3420
f 2815/3508/3420 177/3435/3345 2814/3462/3375
f 2815/3508/3420 2814/3462/3375 2853/3464/3377
f 2816/3498/3410 2815/3508/3420 2854/3509/3421
f 2854/3509/3421 2815/3508/3420 2853/3464/3377
f 2854/3509/3421 2853/3464/3377 1115/3465/3378
f 2819/3492/3404 1112/3474/3346 2818/3510/3422
f 2818/3510/3422 1112/3474/3346 2817/3497/3409
f 2818/3510/3422 2817/3497/3409 2856/3495/3407
f 2857/3494/3406 2819/3492/3404 2818/3510/3422
f 2857/3494/3406 2818/3510/3422 2856/3495/3407
f 2821/3490/3402 2820/3491/3403 2859/3511/3423
f 2859/3511/3423 2820/3491/3403 2858/3493/3405
f 2859/3511/3423 2858/3493/3405 1115/3465/3378
f 2824/3484/3396 1112/3474/3346 2823/3512/3424
f 2823/3512/3424 1112/3474/3346 2822/3489/3401
f 2823/3512/3424 2822/3489/3401 2861/3487/3399
f 2862/3486/3398 2824/3484/3396 2823/3512/3424
f 2862/3486/3398 2823/3512/3424 2861/3487/3399
f 2826/3482/3394 2825/3483/3395 2864/3513/3425
f 2864/3513/3425 2825/3483/3395 2863/3485/3397
f 2864/3513/3425 2863/3485/3397 1115/3465/3378
f 2829/3476/3388 1112/3474/3346 2828/3514/3426
f 2828/3514/3426 1112/3474/3346 2827/3481/3393
f 2828/3514/3426 2827/3481/3393 2866/3479/3391
f 2867/3478/3390 2829/3476/3388 2828/3514/3426
f 2867/3478/3390 2828/3514/3426 2866/3479/3391
f 2831/3473/3386 2830/3475/3387 2869/3515/3427
f 2869/3515/3427 2830/3475/3387 2868/3477/3389
f 2869/3515/3427 2868/3477/3389 1115/3465/3378
f 2834/3499/3411 1112/3474/3346 2833/3516/3428
f 2833/3516/3428 1112/3474/3346 2832/3472/3385
f 2833/3516/3428 2832/3472/3385 2871/3470/3383
f 2872/3469/3382 2834/3499/3411 2833/3516/3428
f 2872/3469/3382 2833/3516/3428 2871/3470/3383
f 174/3440/3353 2837/3438/3351 2836/3501/3413
f 2836/3501/3413 2837/3438/3351 2798/3436/3349
f 174/3440/3353 2842/3447/3360 2841/3503/3415
f 2841/3503/3415 2842/3447/3360 2803/3445/3358
f 174/3440/3353 2847/3455/3368 2846/3505/3417
f 2846/3505/3417 2847/3455/3368 2808/3453/3366
f 174/3440/3353 2852/3463/3376 2851/3507/3419
f 2851/3507/3419 2852/3463/3376 2813/3461/3374
f 1115/3465/3378 2855/3496/3408 2854/3509/3421
f 2854/3509/3421 2855/3496/3408 2816/3498/3410
f 1115/3465/3378 2860/3488/3400 2859/3511/3423
f 2859/3511/3423 2860/3488/3400 2821/3490/3402
f 1115/3465/3378 2865/3480/3392 2864/3513/3425
f 2864/3513/3425 2865/3480/3392 2826/3482/3394
f 1115/3465/3378 2870/3471/3384 2869/3515/3427
f 2869/3515/3427 2870/3471/3384 2831/3473/3386
f 1118/3517/3429 2873/3518/3430 1119/3519/3431
f 1119/3519/3431 2873/3518/3430 2874/3520/3432
f 1119/3519/3431 2874/3520/3432 2875/3521/3433
f 2875/3521/3433 2874/3520/3432 2908/3522/3434
f 2875/3521/3433 2908/3522/3434 2909/3523/3435
f 2909/3523/3435 2908/3522/3434 1116/3524/3436
f 2909/3523/3435 1116/3524/3436 2910/3525/3437
f 2910/3525/3437 1116/3524/3436 2911/3526/3438
f 2910/3525/3437 2911/3526/3438 2877/3527/3439
f 2877/3527/3439 2911/3526/3438 2878/3528/3440
f 2877/3527/3439 2878/3528/3440 1119/3519/3431
f 1119/3519/3431 2878/3528/3440 2879/3529/3441
f 1119/3519/3431 2879/3529/3441 2880/3530/3442
f 2880/3530/3442 2879/3529/3441 2913/3531/3443
f 2880/3530/3442 2913/3531/3443 2914/3532/3444
f 2914/3532/3444 2913/3531/3443 1116/3524/3436
f 2914/3532/3444 1116/3524/3436 2915/3533/3445
f 2915/3533/3445 1116/3524/3436 2916/3534/3446
f 2915/3533/3445 2916/3534/3446 2882/3535/3447
f 2882/3535/3447 2916/3534/3446 2883/3536/3448
f 2882/3535/3447 2883/3536/3448 1119/3519/3431
f 1119/3519/3431 2883/3536/3448 2884/3537/3449
f 1119/3519/3431 2884/3537/3449 2885/3538/3450
f 2885/3538/3450 2884/3537/3449 2918/3539/3451
f 2885/3538/3450 2918/3539/3451 2919/3540/3452
f 2919/3540/3452 2918/3539/3451 1116/3524/3436
f 2919/3540/3452 1116/3524/3436 2920/3541/3453
f 2920/3541/3453 1116/3524/3436 2921/3542/3454
f 2920/3541/3453 2921/3542/3454 2887/3543/3455
f 2887/3543/3455 2921/3542/3454 2888/3544/3456
f 2887/3543/3455 2888/3544/3456 1119/3519/3431
f 1119/3519/3431 2888/3544/3456 2889/3545/3457
f 1119/3519/3431 2889/3545/3457 170/3546/3458
f 170/3546/3458 2889/3545/3457 2890/3547/3459
f 170/3546/3458 2890/3547/3459 2891/3548/3460
f 2891/3548/3460 2890/3547/3459 2924/3549/3461
f 2891/3548/3460 2924/3549/3461 2925/3550/3462
f 2925/3550/3462 2924/3549/3461 173/3551/3463
f 2925/3550/3462 173/3551/3463 2926/3552/3464
f 2926/3552/3464 173/3551/3463 2927/3553/3465
f 2926/3552/3464 2927/3553/3465 2893/3554/3466
f 2893/3554/3466 2927/3553/3465 2894/3555/3467
f 2893/3554/3466 2894/3555/3467 170/3546/3458
f 170/3546/3458 2894/3555/3467 2895/3556/3468
f 170/3546/3458 2895/3556/3468 2896/3557/3469
f 2896/3557/3469 2895/3556/3468 2929/3558/3470
f 2896/3557/3469 2929/3558/3470 2930/3559/3471
f 2930/3559/3471 2929/3558/3470 173/3551/3463
f 2930/3559/3471 173/3551/3463 2931/3560/3472
f 2931/3560/3472 173/3551/3463 2932/3561/3473
f 2931/3560/3472 2932/3561/3473 2898/3562/3474
f 2898/3562/3474 2932/3561/3473 2899/3563/3475
f 2898/3562/3474 2899/3563/3475 170/3546/3458
f 170/3546/3458 2899/3563/3475 2900/3564/3476
f 170/3546/3458 2900/3564/3476 2901/3565/3477
f 2901/3565/3477 2900/3564/3476 2934/3566/3478
f 2901/3565/3477 2934/3566/3478 2935/3567/3479
f 2935/3567/3479 2934/3566/3478 173/3551/3463
f 2935/3567/3479 173/3551/3463 2936/3568/3480
f 2936/3568/3480 173/3551/3463 2937/3569/3481
f 2936/3568/3480 2937/3569/3481 2903/3570/3482
f 2903/3570/3482 2937/3569/3481 2904/3571/3483
f 2903/3570/3482 2904/3571/3483 170/3546/3458
f 170/3546/3458 2904/3571/3483 2905/3572/3484
f 170/3546/3458 2905/3572/3484 171/3573/3485
f 171/3573/3485 2905/3572/3484 172/3574/3486
f 172/3574/3486 2905/3572/3484 2938/3575/3487
f 172/3574/3486 2938/3575/3487 173/3551/3463
f 173/3551/3463 2938/3575/3487 2937/3569/3481
f 2873/3518/3430 1118/3517/3429 2906/3576/3488
f 2906/3576/3488 1118/3517/3429 1117/3577/3489
f 2906/3576/3488 1117/3577/3489 1116/3524/3436
f 2921/3542/3454 1116/3524/3436 2922/3578/3490
f 2922/3578/3490 1116/3524/3436 173/3551/3463
f 2922/3578/3490 173/3551/3463 2923/3579/3491
f 2923/3579/3491 173/3551/3463 2924/3549/3461
f 2923/3579/3491 2924/3549/3461 2890/3547/3459
f 2874/3520/3432 2873/3518/3430 2907/3580/3492
f 2907/3580/3492 2873/3518/3430 2906/3576/3488
f 2907/3580/3492 2906/3576/3488 1116/3524/3436
f 2877/3527/3439 1119/3519/3431 2876/3581/3493
f 2876/3581/3493 1119/3519/3431 2875/3521/3433
f 2876/3581/3493 2875/3521/3433 2909/3523/3435
f 2910/3525/3437 2877/3527/3439 2876/3581/3493
f 2910/3525/3437 2876/3581/3493 2909/3523/3435
f 2879/3529/3441 2878/3528/3440 2912/3582/3494
f 2912/3582/3494 2878/3528/3440 2911/3526/3438
f 2912/3582/3494 2911/3526/3438 1116/3524/3436
f 2882/3535/3447 1119/3519/3431 2881/3583/3495
f 2881/3583/3495 1119/3519/3431 2880/3530/3442
f 2881/3583/3495 2880/3530/3442 2914/3532/3444
f 2915/3533/3445 2882/3535/3447 2881/3583/3495
f 2915/3533/3445 2881/3583/3495 2914/3532/3444
f 2884/3537/3449 2883/3536/3448 2917/3584/3496
f 2917/3584/3496 2883/3536/3448 2916/3534/3446
f 2917/3584/3496 2916/3534/3446 1116/3524/3436
f 2887/3543/3455 1119/3519/3431 2886/3585/3497
f 2886/3585/3497 1119/3519/3431 2885/3538/3450
f 2886/3585/3497 2885/3538/3450 2919/3540/3452
f 2920/3541/3453 2887/3543/3455 2886/3585/3497
f 2920/3541/3453 2886/3585/3497 2919/3540/3452
f 2923/3579/3491 2890/3547/3459 2889/3545/3457
f 2921/3542/3454 2922/3578/3490 2888/3544/3456
f 2888/3544/3456 2922/3578/3490 2889/3545/3457
f 2922/3578/3490 2923/3579/3491 2889/3545/3457
f 2893/3554/3466 170/3546/3458 2892/3586/3498
f 2892/3586/3498 170/3546/3458 2891/3548/3460
f 2892/3586/3498 2891/3548/3460 2925/3550/3462
f 2926/3552/3464 2893/3554/3466 2892/3586/3498
f 2926/3552/3464 2892/3586/3498 2925/3550/3462
f 2895/3556/3468 2894/3555/3467 2928/3587/3499
f 2928/3587/3499 2894/3555/3467 2927/3553/3465
f 2928/3587/3499 2927/3553/3465 173/3551/3463
f 2898/3562/3474 170/3546/3458 2897/3588/3500
f 2897/3588/3500 170/3546/3458 2896/3557/3469
f 2897/3588/3500 2896/3557/3469 2930/3559/3471
f 2931/3560/3472 2898/3562/3474 2897/3588/3500
f 2931/3560/3472 2897/3588/3500 2930/3559/3471
f 2900/3564/3476 2899/3563/3475 2933/3589/3501
f 2933/3589/3501 2899/3563/3475 2932/3561/3473
f 2933/3589/3501 2932/3561/3473 173/3551/3463
f 2903/3570/3482 170/3546/3458 2902/3590/3502
f 2902/3590/3502 170/3546/3458 2901/3565/3477
f 2902/3590/3502 2901/3565/3477 2935/3567/3479
f 2936/3568/3480 2903/3570/3482 2902/3590/3502
f 2936/3568/3480 2902/3590/3502 2935/3567/3479
f 2938/3575/3487 2905/3572/3484 2904/3571/3483
f 2938/3575/3487 2904/3571/3483 2937/3569/3481
f 1116/3524/3436 2908/3522/3434 2907/3580/3492
f 2907/3580/3492 2908/3522/3434 2874/3520/3432
f 1116/3524/3436 2913/3531/3443 2912/3582/3494
f 2912/3582/3494 2913/3531/3443 2879/3529/3441
f 1116/3524/3436 2918/3539/3451 2917/3584/3496
f 2917/3584/3496 2918/3539/3451 2884/3537/3449
f 173/3551/3463 2929/3558/3470 2928/3587/3499
f 2928/3587/3499 2929/3558/3470 2895/3556/3468
f 173/3551/3463 2934/3566/3478 2933/3589/3501
f 2933/3589/3501 2934/3566/3478 2900/3564/3476
f 174/3591/3353 173/3592/3463 1115/3593/3378
f 1115/3593/3378 173/3592/3463 1116/3594/3436
f 1120/3595/3503 1119/3596/3431 2940/3597/3504
f 2940/3597/3504 1119/3596/3431 170/3598/3458
f 2940/3597/3504 170/3598/3458 2939/3599/3505
f 2939/3599/3505 170/3598/3458 169/3600/3506
f 2939/3599/3505 169/3600/3506 2941/3601/3507
f 2941/3601/3507 169/3600/3506 168/3602/3508
f 2941/3601/3507 168/3602/3508 2943/3603/3509
f 2943/3603/3509 168/3602/3508 167/3604/3510
f 2943/3603/3509 167/3604/3510 2945/3605/3511
f 2945/3605/3511 167/3604/3510 166/3606/3512
f 2945/3605/3511 166/3606/3512 2947/3607/3513
f 2947/3607/3513 166/3606/3512 165/3608/3514
f 2947/3607/3513 165/3608/3514 2949/3609/3515
f 2949/3609/3515 165/3608/3514 164/3610/3516
f 2949/3609/3515 164/3610/3516 2951/3611/3517
f 2951/3611/3517 164/3610/3516 163/3612/3518
f 2951/3611/3517 163/3612/3518 2953/3613/3519
f 2953/3613/3519 163/3612/3518 162/3614/3520
f 2953/3613/3519 162/3614/3520 2955/3615/3521
f 2955/3615/3521 162/3614/3520 161/3616/3522
f 2955/3615/3521 161/3616/3522 2957/3617/3523
f 2957/3617/3523 161/3616/3522 160/3618/3524
f 2957/3617/3523 160/3618/3524 2959/3619/3525
f 2959/3619/3525 160/3618/3524 159/3620/3526
f 2959/3619/3525 159/3620/3526 2961/3621/3527
f 2961/3621/3527 159/3620/3526 158/3622/3528
f 2961/3621/3527 158/3622/3528 2963/3623/3529
f 2963/3623/3529 158/3622/3528 157/3624/3530
f 2963/3623/3529 157/3624/3530 156/3625/3531
f 156/3625/3531 1133/3626/3532 2963/3623/3529
f 2963/3623/3529 1133/3626/3532 2964/3627/3533
f 2963/3623/3529 2964/3627/3533 2961/3621/3527
f 2961/3621/3527 2964/3627/3533 2962/3628/3534
f 2961/3621/3527 2962/3628/3534 2959/3619/3525
f 2959/3619/3525 2962/3628/3534 2960/3629/3535
f 2959/3619/3525 2960/3629/3535 2957/3617/3523
f 2957/3617/3523 2960/3629/3535 2958/3630/3536
f 2957/3617/3523 2958/3630/3536 2955/3615/3521
f 2955/3615/3521 2958/3630/3536 2956/3631/3537
f 2955/3615/3521 2956/3631/3537 2953/3613/3519
f 2953/3613/3519 2956/3631/3537 2954/3632/3538
f 2953/3613/3519 2954/3632/3538 2951/3611/3517
f 2951/3611/3517 2954/3632/3538 2952/3633/3539
f 2951/3611/3517 2952/3633/3539 2949/3609/3515
f 2949/3609/3515 2952/3633/3539 2950/3634/3540
f 2949/3609/3515 2950/3634/3540 2947/3607/3513
f 2947/3607/3513 2950/3634/3540 2948/3635/3541
f 2947/3607/3513 2948/3635/3541 2945/3605/3511
f 2945/3605/3511 2948/3635/3541 2946/3636/3542
f 2945/3605/3511 2946/3636/3542 2943/3603/3509
f 2943/3603/3509 2946/3636/3542 2944/3637/3543
f 2943/3603/3509 2944/3637/3543 2941/3601/3507
f 2941/3601/3507 2944/3637/3543 2942/3638/3544
f 2941/3601/3507 2942/3638/3544 2939/3599/3505
f 2939/3599/3505 2942/3638/3544 2940/3597/3504
f 1133/3626/3532 1132/3639/3545 2964/3627/3533
f 2964/3627/3533 1132/3639/3545 2962/3628/3534
f 1132/3639/3545 1131/3640/3546 2962/3628/3534
f 2962/3628/3534 1131/3640/3546 2960/3629/3535
f 1131/3640/3546 1130/3641/3547 2960/3629/3535
f 2960/3629/3535 1130/3641/3547 2958/3630/3536
f 1130/3641/3547 1129/3642/3548 2958/3630/3536
f 2958/3630/3536 1129/3642/3548 2956/3631/3537
f 1129/3642/3548 1128/3643/3549 2956/3631/3537
f 2956/3631/3537 1128/3643/3549 2954/3632/3538
f 1128/3643/3549 1127/3644/3550 2954/3632/3538
f 2954/3632/3538 1127/3644/3550 2952/3633/3539
f 1127/3644/3550 1126/3645/3551 2952/3633/3539
f 2952/3633/3539 1126/3645/3551 2950/3634/3540
f 1126/3645/3551 1125/3646/3552 2950/3634/3540
f 2950/3634/3540 1125/3646/3552 2948/3635/3541
f 1125/3646/3552 1124/3647/3553 2948/3635/3541
f 2948/3635/3541 1124/3647/3553 2946/3636/3542
f 1124/3647/3553 1123/3648/3554 2946/3636/3542
f 2946/3636/3542 1123/3648/3554 2944/3637/3543
f 1123/3648/3554 1122/3649/3555 2944/3637/3543
f 2944/3637/3543 1122/3649/3555 2942/3638/3544
f 1122/3649/3555 1121/3650/3556 2942/3638/3544
f 2942/3638/3544 1121/3650/3556 2940/3597/3504
f 1121/3650/3556 1120/3595/3503 2940/3597/3504
f 1091/3651/3557 1090/3652/3117 2966/3653/3558
f 2966/3653/3558 1090/3652/3117 199/3654/3143
f 2966/3653/3558 199/3654/3143 2965/3655/3559
f 2965/3655/3559 199/3654/3143 198/3656/3560
f 2965/3655/3559 198/3656/3560 2967/3657/3561
f 2967/3657/3561 198/3656/3560 197/3658/3562
f 2967/3657/3561 197/3658/3562 2969/3659/3563
f 2969/3659/3563 197/3658/3562 196/3660/3564
f 2969/3659/3563 196/3660/3564 2971/3661/3565
f 2971/3661/3565 196/3660/3564 195/3662/3566
f 2971/3661/3565 195/3662/3566 2973/3663/3567
f 2973/3663/3567 195/3662/3566 194/3664/3568
f 2973/3663/3567 194/3664/3568 2975/3665/3569
f 2975/3665/3569 194/3664/3568 193/3666/3570
f 2975/3665/3569 193/3666/3570 2977/3667/3571
f 2977/3667/3571 193/3666/3570 192/3668/3572
f 2977/3667/3571 192/3668/3572 2979/3669/3573
f 2979/3669/3573 192/3668/3572 191/3670/3574
f 2979/3669/3573 191/3670/3574 2981/3671/3575
f 2981/3671/3575 191/3670/3574 190/3672/3576
f 2981/3671/3575 190/3672/3576 2983/3673/3577
f 2983/3673/3577 190/3672/3576 189/3674/3578
f 2983/3673/3577 189/3674/3578 2985/3675/3579
f 2985/3675/3579 189/3674/3578 188/3676/3580
f 2985/3675/3579 188/3676/3580 2987/3677/3581
f 2987/3677/3581 188/3676/3580 187/3678/3582
f 2987/3677/3581 187/3678/3582 2989/3679/3583
f 2989/3679/3583 187/3678/3582 186/3680/3584
f 2989/3679/3583 186/3680/3584 185/3681/3189
f 185/3681/3189 1104/3682/3216 2989/3679/3583
f 2989/3679/3583 1104/3682/3216 2990/3683/3585
f 2989/3679/3583 2990/3683/3585 2987/3677/3581
f 2987/3677/3581 2990/3683/3585 2988/3684/3586
f 2987/3677/3581 2988/3684/3586 2985/3675/3579
f 2985/3675/3579 2988/3684/3586 2986/3685/3587
f 2985/3675/3579 2986/3685/3587 2983/3673/3577
f 2983/3673/3577 2986/3685/3587 2984/3686/3588
f 2983/3673/3577 2984/3686/3588 2981/3671/3575
f 2981/3671/3575 2984/3686/3588 2982/3687/3589
f 2981/3671/3575 2982/3687/3589 2979/3669/3573
f 2979/3669/3573 2982/3687/3589 2980/3688/3590
f 2979/3669/3573 2980/3688/3590 2977/3667/3571
f 2977/3667/3571 2980/3688/3590 2978/3689/3591
f 2977/3667/3571 2978/3689/3591 2975/3665/3569
f 2975/3665/3569 2978/3689/3591 2976/3690/3592
f 2975/3665/3569 2976/3690/3592 2973/3663/3567
f 2973/3663/3567 2976/3690/3592 2974/3691/3593
f 2973/3663/3567 2974/3691/3593 2971/3661/3565
f 2971/3661/3565 2974/3691/3593 2972/3692/3594
f 2971/3661/3565 2972/3692/3594 2969/3659/3563
f 2969/3659/3563 2972/3692/3594 2970/3693/3595
f 2969/3659/3563 2970/3693/3595 2967/3657/3561
f 2967/3657/3561 2970/3693/3595 2968/3694/3596
f 2967/3657/3561 2968/3694/3596 2965/3655/3559
f 2965/3655/3559 2968/3694/3596 2966/3653/3558
f 1104/3682/3216 1103/3695/3597 2990/3683/3585
f 2990/3683/3585 1103/3695/3597 2988/3684/3586
f 1103/3695/3597 1102/3696/3598 2988/3684/3586
f 2988/3684/3586 1102/3696/3598 2986/3685/3587
f 1102/3696/3598 1101/3697/3599 2986/3685/3587
f 2986/3685/3587 1101/3697/3599 2984/3686/3588
f 1101/3697/3599 1100/3698/3600 2984/3686/3588
f 2984/3686/3588 1100/3698/3600 2982/3687/3589
f 1100/3698/3600 1099/3699/3601 2982/3687/3589
f 2982/3687/3589 1099/3699/3601 2980/3688/3590
f 1099/3699/3601 1098/3700/3602 2980/3688/3590
f 2980/3688/3590 1098/3700/3602 2978/3689/3591
f 1098/3700/3602 1097/3701/3603 2978/3689/3591
f 2978/3689/3591 1097/3701/3603 2976/3690/3592
f 1097/3701/3603 1096/3702/3604 2976/3690/3592
f 2976/3690/3592 1096/3702/3604 2974/3691/3593
f 1096/3702/3604 1095/3703/3605 2974/3691/3593
f 2974/3691/3593 1095/3703/3605 2972/3692/3594
f 1095/3703/3605 1094/3704/3606 2972/3692/3594
f 2972/3692/3594 1094/3704/3606 2970/3693/3595
f 1094/3704/3606 1093/3705/3607 2970/3693/3595
f 2970/3693/3595 1093/3705/3607 2968/3694/3596
f 1093/3705/3607 1092/3706/3608 2968/3694/3596
f 2968/3694/3596 1092/3706/3608 2966/3653/3558
f 1092/3706/3608 1091/3651/3557 2966/3653/3558
f 1062/3707/3609 1061/3708/2801 2992/3709/3610
f 2992/3709/3610 1061/3708/2801 228/3710/2827
f 2992/3709/3610 228/3710/2827 2991/3711/3611
f 2991/3711/3611 228/3710/2827 227/3712/3612
f 2991/3711/3611 227/3712/3612 2993/3713/3613
f 2993/3713/3613 227/3712/3612 226/3714/3614
f 2993/3713/3613 226/3714/3614 2995/3715/3615
f 2995/3715/3615 226/3714/3614 225/3716/3616
f 2995/3715/3615 225/3716/3616 2997/3717/3617
f 2997/3717/3617 225/3716/3616 224/3718/3618
f 2997/3717/3617 224/3718/3618 2999/3719/3619
f 2999/3719/3619 224/3718/3618 223/3720/3620
f 2999/3719/3619 223/3720/3620 3001/3721/3621
f 3001/3721/3621 223/3720/3620 222/3722/3622
f 3001/3721/3621 222/3722/3622 3003/3723/3623
f 3003/3723/3623 222/3722/3622 221/3724/3624
f 3003/3723/3623 221/3724/3624 3005/3725/3625
f 3005/3725/3625 221/3724/3624 220/3726/3626
f 3005/3725/3625 220/3726/3626 3007/3727/3627
f 3007/3727/3627 220/3726/3626 219/3728/3628
f 3007/3727/3627 219/3728/3628 3009/3729/3629
f 3009/3729/3629 219/3728/3628 218/3730/3630
f 3009/3729/3629 218/3730/3630 3011/3731/3631
f 3011/3731/3631 218/3730/3630 217/3732/3632
f 3011/3731/3631 217/3732/3632 3013/3733/3633
f 3013/3733/3633 217/3732/3632 216/3734/3634
f 3013/3733/3633 216/3734/3634 3015/3735/3635
f 3015/3735/3635 216/3734/3634 215/3736/3636
f 3015/3735/3635 215/3736/3636 214/3737/2873
f 214/3737/2873 1075/3738/2900 3015/3735/3635
f 3015/3735/3635 1075/3738/2900 3016/3739/3637
f 3015/3735/3635 3016/3739/3637 3013/3733/3633
f 3013/3733/3633 3016/3739/3637 3014/3740/3638
f 3013/3733/3633 3014/3740/3638 3011/3731/3631
f 3011/3731/3631 3014/3740/3638 3012/3741/3639
f 3011/3731/3631 3012/3741/3639 3009/3729/3629
f 3009/3729/3629 3012/3741/3639 3010/3742/3640
f 3009/3729/3629 3010/3742/3640 3007/3727/3627
f 3007/3727/3627 3010/3742/3640 3008/3743/3641
f 3007/3727/3627 3008/3743/3641 3005/3725/3625
f 3005/3725/3625 3008/3743/3641 3006/3744/3642
f 3005/3725/3625 3006/3744/3642 3003/3723/3623
f 3003/3723/3623 3006/3744/3642 3004/3745/3643
f 3003/3723/3623 3004/3745/3643 3001/3721/3621
f 3001/3721/3621 3004/3745/3643 3002/3746/3644
f 3001/3721/3621 3002/3746/3644 2999/3719/3619
f 2999/3719/3619 3002/3746/3644 3000/3747/3645
f 2999/3719/3619 3000/3747/3645 2997/3717/3617
f 2997/3717/3617 3000/3747/3645 2998/3748/3646
f 2997/3717/3617 2998/3748/3646 2995/3715/3615
f 2995/3715/3615 2998/3748/3646 2996/3749/3647
f 2995/3715/3615 2996/3749/3647 2993/3713/3613
f 2993/3713/3613 2996/3749/3647 2994/3750/3648
f 2993/3713/3613 2994/3750/3648 2991/3711/3611
f 2991/3711/3611 2994/3750/3648 2992/3709/3610
f 1075/3738/2900 1074/3751/3649 3016/3739/3637
f 3016/3739/3637 1074/3751/3649 3014/3740/3638
f 1074/3751/3649 1073/3752/3650 3014/3740/3638
f 3014/3740/3638 1073/3752/3650 3012/3741/3639
f 1073/3752/3650 1072/3753/3651 3012/3741/3639
f 3012/3741/3639 1072/3753/3651 3010/3742/3640
f 1072/3753/3651 1071/3754/3652 3010/3742/3640
f 3010/3742/3640 1071/3754/3652 3008/3743/3641
f 1071/3754/3652 1070/3755/3653 3008/3743/3641
f 3008/3743/3641 1070/3755/3653 3006/3744/3642
f 1070/3755/3653 1069/3756/3654 3006/3744/3642
f 3006/3744/3642 1069/3756/3654 3004/3745/3643
f 1069/3756/3654 1068/3757/3655 3004/3745/3643
f 3004/3745/3643 1068/3757/3655 3002/3746/3644
f 1068/3757/3655 1067/3758/3656 3002/3746/3644
f 3002/3746/3644 1067/3758/3656 3000/3747/3645
f 1067/3758/3656 1066/3759/3657 3000/3747/3645
f 3000/3747/3645 1066/3759/3657 2998/3748/3646
f 1066/3759/3657 1065/3760/3658 2998/3748/3646
f 2998/3748/3646 1065/3760/3658 2996/3749/3647
f 1065/3760/3658 1064/3761/3659 2996/3749/3647
f 2996/3749/3647 1064/3761/3659 2994/3750/3648
f 1064/3761/3659 1063/3762/3660 2994/3750/3648
f 2994/3750/3648 1063/3762/3660 2992/3709/3610
f 1063/3762/3660 1062/3707/3609 2992/3709/3610
f 1207/3763/3661 1206/3764/2173 3018/3765/3662
f 3018/3765/3662 1206/3764/2173 83/3766/2199
f 3018/3765/3662 83/3766/2199 3017/3767/3663
f 3017/3767/3663 83/3766/2199 82/3768/3664
f 3017/3767/3663 82/3768/3664 3019/3769/3665
f 3019/3769/3665 82/3768/3664 81/3770/3666
f 3019/3769/3665 81/3770/3666 3021/3771/3667
f 3021/3771/3667 81/3770/3666 80/3772/3668
f 3021/3771/3667 80/3772/3668 3023/3773/3669
f 3023/3773/3669 80/3772/3668 79/3774/3670
f 3023/3773/3669 79/3774/3670 3025/3775/3671
f 3025/3775/3671 79/3774/3670 78/3776/3672
f 3025/3775/3671 78/3776/3672 3027/3777/3673
f 3027/3777/3673 78/3776/3672 77/3778/3674
f 3027/3777/3673 77/3778/3674 3029/3779/3675
f 3029/3779/3675 77/3778/3674 76/3780/3676
f 3029/3779/3675 76/3780/3676 3031/3781/3677
f 3031/3781/3677 76/3780/3676 75/3782/3678
f 3031/3781/3677 75/3782/3678 3033/3783/3679
f 3033/3783/3679 75/3782/3678 74/3784/3680
f 3033/3783/3679 74/3784/3680 3035/3785/3681
f 3035/3785/3681 74/3784/3680 73/3786/3682
f 3035/3785/3681 73/3786/3682 3037/3787/3683
f 3037/3787/3683 73/3786/3682 72/3788/3684
f 3037/3787/3683 72/3788/3684 3039/3789/3685
f 3039/3789/3685 72/3788/3684 71/3790/3686
f 3039/3789/3685 71/3790/3686 3041/3791/3687
f 3041/3791/3687 71/3790/3686 70/3792/3688
f 3041/3791/3687 70/3792/3688 69/3793/2245
f 69/3793/2245 1220/3794/2272 3041/3791/3687
f 3041/3791/3687 1220/3794/2272 3042/3795/3689
f 3041/3791/3687 3042/3795/3689 3039/3789/3685
f 3039/3789/3685 3042/3795/3689 3040/3796/3690
f 3039/3789/3685 3040/3796/3690 3037/3787/3683
f 3037/3787/3683 3040/3796/3690 3038/3797/3691
f 3037/3787/3683 3038/3797/3691 3035/3785/3681
f 3035/3785/3681 3038/3797/3691 3036/3798/3692
f 3035/3785/3681 3036/3798/3692 3033/3783/3679
f 3033/3783/3679 3036/3798/3692 3034/3799/3693
f 3033/3783/3679 3034/3799/3693 3031/3781/3677
f 3031/3781/3677 3034/3799/3693 3032/3800/3694
f 3031/3781/3677 3032/3800/3694 3029/3779/3675
f 3029/3779/3675 3032/3800/3694 3030/3801/3695
f 3029/3779/3675 3030/3801/3695 3027/3777/3673
f 3027/3777/3673 3030/3801/3695 3028/3802/3696
f 3027/3777/3673 3028/3802/3696 3025/3775/3671
f 3025/3775/3671 3028/3802/3696 3026/3803/3697
f 3025/3775/3671 3026/3803/3697 3023/3773/3669
f 3023/3773/3669 3026/3803/3697 3024/3804/3698
f 3023/3773/3669 3024/3804/3698 3021/3771/3667
f 3021/3771/3667 3024/3804/3698 3022/3805/3699
f 3021/3771/3667 3022/3805/3699 3019/3769/3665
f 3019/3769/3665 3022/3805/3699 3020/3806/3700
f 3019/3769/3665 3020/3806/3700 3017/3767/3663
f 3017/3767/3663 3020/3806/3700 3018/3765/3662
f 1220/3794/2272 1219/3807/3701 3042/3795/3689
f 3042/3795/3689 1219/3807/3701 3040/3796/3690
f 1219/3807/3701 1218/3808/3702 3040/3796/3690
f 3040/3796/3690 1218/3808/3702 3038/3797/3691
f 1218/3808/3702 1217/3809/3703 3038/3797/3691
f 3038/3797/3691 1217/3809/3703 3036/3798/3692
f 1217/3809/3703 1216/3810/3704 3036/3798/3692
f 3036/3798/3692 1216/3810/3704 3034/3799/3693
f 1216/3810/3704 1215/3811/3705 3034/3799/3693
f 3034/3799/3693 1215/3811/3705 3032/3800/3694
f 1215/3811/3705 1214/3812/3706 3032/3800/3694
f 3032/3800/3694 1214/3812/3706 3030/3801/3695
f 1214/3812/3706 1213/3813/3707 3030/3801/3695
f 3030/3801/3695 1213/3813/3707 3028/3802/3696
f 1213/3813/3707 1212/3814/3708 3028/3802/3696
f 3028/3802/3696 1212/3814/3708 3026/3803/3697
f 1212/3814/3708 1211/3815/3709 3026/3803/3697
f 3026/3803/3697 1211/3815/3709 3024/3804/3698
f 1211/3815/3709 1210/3816/3710 3024/3804/3698
f 3024/3804/3698 1210/3816/3710 3022/3805/3699
f 1210/3816/3710 1209/3817/3711 3022/3805/3699
f 3022/3805/3699 1209/3817/3711 3020/3806/3700
f 1209/3817/3711 1208/3818/3712 3020/3806/3700
f 3020/3806/3700 1208/3818/3712 3018/3765/3662
f 1208/3818/3712 1207/3763/3661 3018/3765/3662
f 1178/3819/3713 1177/3820/1857 3044/3821/3714
f 3044/3821/3714 1177/3820/1857 112/3822/1883
f 3044/3821/3714 112/3822/1883 3043/3823/3715
f 3043/3823/3715 112/3822/1883 111/3824/3716
f 3043/3823/3715 111/3824/3716 3045/3825/3717
f 3045/3825/3717 111/3824/3716 110/3826/3718
f 3045/3825/3717 110/3826/3718 3047/3827/3719
f 3047/3827/3719 110/3826/3718 109/3828/3720
f 3047/3827/3719 109/3828/3720 3049/3829/3721
f 3049/3829/3721 109/3828/3720 108/3830/3722
f 3049/3829/3721 108/3830/3722 3051/3831/3723
f 3051/3831/3723 108/3830/3722 107/3832/3724
f 3051/3831/3723 107/3832/3724 3053/3833/3725
f 3053/3833/3725 107/3832/3724 106/3834/3726
f 3053/3833/3725 106/3834/3726 3055/3835/3727
f 3055/3835/3727 106/3834/3726 105/3836/3728
f 3055/3835/3727 105/3836/3728 3057/3837/3729
f 3057/3837/3729 105/3836/3728 104/3838/3730
f 3057/3837/3729 104/3838/3730 3059/3839/3731
f 3059/3839/3731 104/3838/3730 103/3840/3732
f 3059/3839/3731 103/3840/3732 3061/3841/3733
f 3061/3841/3733 103/3840/3732 102/3842/3734
f 3061/3841/3733 102/3842/3734 3063/3843/3735
f 3063/3843/3735 102/3842/3734 101/3844/3736
f 3063/3843/3735 101/3844/3736 3065/3845/3737
f 3065/3845/3737 101/3844/3736 100/3846/3738
f 3065/3845/3737 100/3846/3738 3067/3847/3739
f 3067/3847/3739 100/3846/3738 99/3848/3740
f 3067/3847/3739 99/3848/3740 98/3849/1929
f 98/3849/1929 1191/3850/1956 3067/3847/3739
f 3067/3847/3739 1191/3850/1956 3068/3851/3741
f 3067/3847/3739 3068/3851/3741 3065/3845/3737
f 3065/3845/3737 3068/3851/3741 3066/3852/3742
f 3065/3845/3737 3066/3852/3742 3063/3843/3735
f 3063/3843/3735 3066/3852/3742 3064/3853/3743
f 3063/3843/3735 3064/3853/3743 3061/3841/3733
f 3061/3841/3733 3064/3853/3743 3062/3854/3744
f 3061/3841/3733 3062/3854/3744 3059/3839/3731
f 3059/3839/3731 3062/3854/3744 3060/3855/3745
f 3059/3839/3731 3060/3855/3745 3057/3837/3729
f 3057/3837/3729 3060/3855/3745 3058/3856/3746
f 3057/3837/3729 3058/3856/3746 3055/3835/3727
f 3055/3835/3727 3058/3856/3746 3056/3857/3747
f 3055/3835/3727 3056/3857/3747 3053/3833/3725
f 3053/3833/3725 3056/3857/3747 3054/3858/3748
f 3053/3833/3725 3054/3858/3748 3051/3831/3723
f 3051/3831/3723 3054/3858/3748 3052/3859/3749
f 3051/3831/3723 3052/3859/3749 3049/3829/3721
f 3049/3829/3721 3052/3859/3749 3050/3860/3750
f 3049/3829/3721 3050/3860/3750 3047/3827/3719
f 3047/3827/3719 3050/3860/3750 3048/3861/3751
f 3047/3827/3719 3048/3861/3751 3045/3825/3717
f 3045/3825/3717 3048/3861/3751 3046/3862/3752
f 3045/3825/3717 3046/3862/3752 3043/3823/3715
f 3043/3823/3715 3046/3862/3752 3044/3821/3714
f 1191/3850/1956 1190/3863/3753 3068/3851/3741
f 3068/3851/3741 1190/3863/3753 3066/3852/3742
f 1190/3863/3753 1189/3864/3754 3066/3852/3742
f 3066/3852/3742 1189/3864/3754 3064/3853/3743
f 1189/3864/3754 1188/3865/3755 3064/3853/3743
f 3064/3853/3743 1188/3865/3755 3062/3854/3744
f 1188/3865/3755 1187/3866/3756 3062/3854/3744
f 3062/3854/3744 1187/3866/3756 3060/3855/3745
f 1187/3866/3756 1186/3867/3757 3060/3855/3745
f 3060/3855/3745 1186/3867/3757 3058/3856/3746
f 1186/3867/3757 1185/3868/3758 3058/3856/3746
f 3058/3856/3746 1185/3868/3758 3056/3857/3747
f 1185/3868/3758 1184/3869/3759 3056/3857/3747
f 3056/3857/3747 1184/3869/3759 3054/3858/3748
f 1184/3869/3759 1183/3870/3760 3054/3858/3748
f 3054/3858/3748 1183/3870/3760 3052/3859/3749
f 1183/3870/3760 1182/3871/3761 3052/3859/3749
f 3052/3859/3749 1182/3871/3761 3050/3860/3750
f 1182/3871/3761 1181/3872/3762 3050/3860/3750
f 3050/3860/3750 1181/3872/3762 3048/3861/3751
f 1181/3872/3762 1180/3873/3763 3048/3861/3751
f 3048/3861/3751 1180/3873/3763 3046/3862/3752
f 1180/3873/3763 1179/3874/3764 3046/3862/3752
f 3046/3862/3752 1179/3874/3764 3044/3821/3714
f 1179/3874/3764 1178/3819/3713 3044/3821/3714
f 128/3875/3765 127/3876/1613 3070/3877/3766
f 3070/3877/3766 127/3876/1613 1162/3878/1640
f 3070/3877/3766 1162/3878/1640 3069/3879/3767
f 3069/3879/3767 1162/3878/1640 1161/3880/3768
f 3069/3879/3767 1161/3880/3768 3071/3881/3769
f 3071/3881/3769 1161/3880/3768 1160/3882/3770
f 3071/3881/3769 1160/3882/3770 3073/3883/3771
f 3073/3883/3771 1160/3882/3770 1159/3884/3772
f 3073/3883/3771 1159/3884/3772 3075/3885/3773
f 3075/3885/3773 1159/3884/3772 1158/3886/3774
f 3075/3885/3773 1158/3886/3774 3077/3887/3775
f 3077/3887/3775 1158/3886/3774 1157/3888/3776
f 3077/3887/3775 1157/3888/3776 3079/3889/3777
f 3079/3889/3777 1157/3888/3776 1156/3890/3778
f 3079/3889/3777 1156/3890/3778 3081/3891/3779
f 3081/3891/3779 1156/3890/3778 1155/3892/3780
f 3081/3891/3779 1155/3892/3780 3083/3893/3781
f 3083/3893/3781 1155/3892/3780 1154/3894/3782
f 3083/3893/3781 1154/3894/3782 3085/3895/3783
f 3085/3895/3783 1154/3894/3782 1153/3896/3784
f 3085/3895/3783 1153/3896/3784 3087/3897/3785
f 3087/3897/3785 1153/3896/3784 1152/3898/3786
f 3087/3897/3785 1152/3898/3786 3089/3899/3787
f 3089/3899/3787 1152/3898/3786 1151/3900/3788
f 3089/3899/3787 1151/3900/3788 3091/3901/3789
f 3091/3901/3789 1151/3900/3788 1150/3902/3790
f 3091/3901/3789 1150/3902/3790 3093/3903/3791
f 3093/3903/3791 1150/3902/3790 1149/3904/3792
f 3093/3903/3791 1149/3904/3792 1148/3905/3793
f 1148/3905/3793 141/3906/3794 3093/3903/3791
f 3093/3903/3791 141/3906/3794 3094/3907/3795
f 3093/3903/3791 3094/3907/3795 3091/3901/3789
f 3091/3901/3789 3094/3907/3795 3092/3908/3796
f 3091/3901/3789 3092/3908/3796 3089/3899/3787
f 3089/3899/3787 3092/3908/3796 3090/3909/3797
f 3089/3899/3787 3090/3909/3797 3087/3897/3785
f 3087/3897/3785 3090/3909/3797 3088/3910/3798
f 3087/3897/3785 3088/3910/3798 3085/3895/3783
f 3085/3895/3783 3088/3910/3798 3086/3911/3799
f 3085/3895/3783 3086/3911/3799 3083/3893/3781
f 3083/3893/3781 3086/3911/3799 3084/3912/3800
f 3083/3893/3781 3084/3912/3800 3081/3891/3779
f 3081/3891/3779 3084/3912/3800 3082/3913/3801
f 3081/3891/3779 3082/3913/3801 3079/3889/3777
f 3079/3889/3777 3082/3913/3801 3080/3914/3802
f 3079/3889/3777 3080/3914/3802 3077/3887/3775
f 3077/3887/3775 3080/3914/3802 3078/3915/3803
f 3077/3887/3775 3078/3915/3803 3075/3885/3773
f 3075/3885/3773 3078/3915/3803 3076/3916/3804
f 3075/3885/3773 3076/3916/3804 3073/3883/3771
f 3073/3883/3771 3076/3916/3804 3074/3917/3805
f 3073/3883/3771 3074/3917/3805 3071/3881/3769
f 3071/3881/3769 3074/3917/3805 3072/3918/3806
f 3071/3881/3769 3072/3918/3806 3069/3879/3767
f 3069/3879/3767 3072/3918/3806 3070/3877/3766
f 141/3906/3794 140/3919/3807 3094/3907/3795
f 3094/3907/3795 140/3919/3807 3092/3908/3796
f 140/3919/3807 139/3920/3808 3092/3908/3796
f 3092/3908/3796 139/3920/3808 3090/3909/3797
f 139/3920/3808 138/3921/3809 3090/3909/3797
f 3090/3909/3797 138/3921/3809 3088/3910/3798
f 138/3921/3809 137/3922/3810 3088/3910/3798
f 3088/3910/3798 137/3922/3810 3086/3911/3799
f 137/3922/3810 136/3923/3811 3086/3911/3799
f 3086/3911/3799 136/3923/3811 3084/3912/3800
f 136/3923/3811 135/3924/3812 3084/3912/3800
f 3084/3912/3800 135/3924/3812 3082/3913/3801
f 135/3924/3812 134/3925/3813 3082/3913/3801
f 3082/3913/3801 134/3925/3813 3080/3914/3802
f 134/3925/3813 133/3926/3814 3080/3914/3802
f 3080/3914/3802 133/3926/3814 3078/3915/3803
f 133/3926/3814 132/3927/3815 3078/3915/3803
f 3078/3915/3803 132/3927/3815 3076/3916/3804
f 132/3927/3815 131/3928/3816 3076/3916/3804
f 3076/3916/3804 131/3928/3816 3074/3917/3805
f 131/3928/3816 130/3929/3817 3074/3917/3805
f 3074/3917/3805 130/3929/3817 3072/3918/3806
f 130/3929/3817 129/3930/3818 3072/3918/3806
f 3072/3918/3806 129/3930/3818 3070/3877/3766
f 129/3930/3818 128/3875/3765 3070/3877/3766
f 155/3931/3819 3095/3932/3820 156/3933/3531
f 156/3933/3531 3095/3932/3820 3096/3934/3821
f 156/3933/3531 3096/3934/3821 3097/3935/3822
f 3097/3935/3822 3096/3934/3821 3130/3936/3823
f 3097/3935/3822 3130/3936/3823 3131/3937/3824
f 3131/3937/3824 3130/3936/3823 153/3938/3825
f 3131/3937/3824 153/3938/3825 3132/3939/3826
f 3132/3939/3826 153/3938/3825 3133/3940/3827
f 3132/3939/3826 3133/3940/3827 3099/3941/3828
f 3099/3941/3828 3133/3940/3827 3100/3942/3829
f 3099/3941/3828 3100/3942/3829 156/3933/3531
f 156/3933/3531 3100/3942/3829 3101/3943/3830
f 156/3933/3531 3101/3943/3830 3102/3944/3831
f 3102/3944/3831 3101/3943/3830 3135/3945/3832
f 3102/3944/3831 3135/3945/3832 3136/3946/3833
f 3136/3946/3833 3135/3945/3832 153/3938/3825
f 3136/3946/3833 153/3938/3825 3137/3947/3834
f 3137/3947/3834 153/3938/3825 3138/3948/3835
f 3137/3947/3834 3138/3948/3835 3104/3949/3836
f 3104/3949/3836 3138/3948/3835 3105/3950/3837
f 3104/3949/3836 3105/3950/3837 156/3933/3531
f 156/3933/3531 3105/3950/3837 3106/3951/3838
f 156/3933/3531 3106/3951/3838 3107/3952/3839
f 3107/3952/3839 3106/3951/3838 3140/3953/3840
f 3107/3952/3839 3140/3953/3840 3141/3954/3841
f 3141/3954/3841 3140/3953/3840 153/3938/3825
f 3141/3954/3841 153/3938/3825 3142/3955/3842
f 3142/3955/3842 153/3938/3825 3143/3956/3843
f 3142/3955/3842 3143/3956/3843 3109/3957/3844
f 3109/3957/3844 3143/3956/3843 3110/3958/3845
f 3109/3957/3844 3110/3958/3845 156/3933/3531
f 156/3933/3531 3110/3958/3845 3111/3959/3846
f 156/3933/3531 3111/3959/3846 1133/3960/3532
f 1133/3960/3532 3111/3959/3846 3112/3961/3847
f 1133/3960/3532 3112/3961/3847 3113/3962/3848
f 3113/3962/3848 3112/3961/3847 3146/3963/3849
f 3113/3962/3848 3146/3963/3849 3147/3964/3850
f 3147/3964/3850 3146/3963/3849 1136/3965/3851
f 3147/3964/3850 1136/3965/3851 3148/3966/3852
f 3148/3966/3852 1136/3965/3851 3149/3967/3853
f 3148/3966/3852 3149/3967/3853 3115/3968/3854
f 3115/3968/3854 3149/3967/3853 3116/3969/3855
f 3115/3968/3854 3116/3969/3855 1133/3960/3532
f 1133/3960/3532 3116/3969/3855 3117/3970/3856
f 1133/3960/3532 3117/3970/3856 3118/3971/3857
f 3118/3971/3857 3117/3970/3856 3151/3972/3858
f 3118/3971/3857 3151/3972/3858 3152/3973/3859
f 3152/3973/3859 3151/3972/3858 1136/3965/3851
f 3152/3973/3859 1136/3965/3851 3153/3974/3860
f 3153/3974/3860 1136/3965/3851 3154/3975/3861
f 3153/3974/3860 3154/3975/3861 3120/3976/3862
f 3120/3976/3862 3154/3975/3861 3121/3977/3863
f 3120/3976/3862 3121/3977/3863 1133/3960/3532
f 1133/3960/3532 3121/3977/3863 3122/3978/3864
f 1133/3960/3532 3122/3978/3864 3123/3979/3865
f 3123/3979/3865 3122/3978/3864 3156/3980/3866
f 3123/3979/3865 3156/3980/3866 3157/3981/3867
f 3157/3981/3867 3156/3980/3866 1136/3965/3851
f 3157/3981/3867 1136/3965/3851 3158/3982/3868
f 3158/3982/3868 1136/3965/3851 3159/3983/3869
f 3158/3982/3868 3159/3983/3869 3125/3984/3870
f 3125/3984/3870 3159/3983/3869 3126/3985/3871
f 3125/3984/3870 3126/3985/3871 1133/3960/3532
f 1133/3960/3532 3126/3985/3871 3127/3986/3872
f 1133/3960/3532 3127/3986/3872 1134/3987/3873
f 1134/3987/3873 3127/3986/3872 1135/3988/3874
f 1135/3988/3874 3127/3986/3872 3160/3989/3875
f 1135/3988/3874 3160/3989/3875 1136/3965/3851
f 1136/3965/3851 3160/3989/3875 3159/3983/3869
f 3095/3932/3820 155/3931/3819 3128/3990/3876
f 3128/3990/3876 155/3931/3819 154/3991/3877
f 3128/3990/3876 154/3991/3877 153/3938/3825
f 3143/3956/3843 153/3938/3825 3144/3992/3878
f 3144/3992/3878 153/3938/3825 1136/3965/3851
f 3144/3992/3878 1136/3965/3851 3145/3993/3879
f 3145/3993/3879 1136/3965/3851 3146/3963/3849
f 3145/3993/3879 3146/3963/3849 3112/3961/3847
f 3096/3934/3821 3095/3932/3820 3129/3994/3880
f 3129/3994/3880 3095/3932/3820 3128/3990/3876
f 3129/3994/3880 3128/3990/3876 153/3938/3825
f 3099/3941/3828 156/3933/3531 3098/3995/3881
f 3098/3995/3881 156/3933/3531 3097/3935/3822
f 3098/3995/3881 3097/3935/3822 3131/3937/3824
f 3132/3939/3826 3099/3941/3828 3098/3995/3881
f 3132/3939/3826 3098/3995/3881 3131/3937/3824
f 3101/3943/3830 3100/3942/3829 3134/3996/3882
f 3134/3996/3882 3100/3942/3829 3133/3940/3827
f 3134/3996/3882 3133/3940/3827 153/3938/3825
f 3104/3949/3836 156/3933/3531 3103/3997/3883
f 3103/3997/3883 156/3933/3531 3102/3944/3831
f 3103/3997/3883 3102/3944/3831 3136/3946/3833
f 3137/3947/3834 3104/3949/3836 3103/3997/3883
f 3137/3947/3834 3103/3997/3883 3136/3946/3833
f 3106/3951/3838 3105/3950/3837 3139/3998/3884
f 3139/3998/3884 3105/3950/3837 3138/3948/3835
f 3139/3998/3884 3138/3948/3835 153/3938/3825
f 3109/3957/3844 156/3933/3531 3108/3999/3885
f 3108/3999/3885 156/3933/3531 3107/3952/3839
f 3108/3999/3885 3107/3952/3839 3141/3954/3841
f 3142/3955/3842 3109/3957/3844 3108/3999/3885
f 3142/3955/3842 3108/3999/3885 3141/3954/3841
f 3145/3993/3879 3112/3961/3847 3111/3959/3846
f 3143/3956/3843 3144/3992/3878 3110/3958/3845
f 3110/3958/3845 3144/3992/3878 3111/3959/3846
f 3144/3992/3878 3145/3993/3879 3111/3959/3846
f 3115/3968/3854 1133/3960/3532 3114/4000/3886
f 3114/4000/3886 1133/3960/3532 3113/3962/3848
f 3114/4000/3886 3113/3962/3848 3147/3964/3850
f 3148/3966/3852 3115/3968/3854 3114/4000/3886
f 3148/3966/3852 3114/4000/3886 3147/3964/3850
f 3117/3970/3856 3116/3969/3855 3150/4001/3887
f 3150/4001/3887 3116/3969/3855 3149/3967/3853
f 3150/4001/3887 3149/3967/3853 1136/3965/3851
f 3120/3976/3862 1133/3960/3532 3119/4002/3888
f 3119/4002/3888 1133/3960/3532 3118/3971/3857
f 3119/4002/3888 3118/3971/3857 3152/3973/3859
f 3153/3974/3860 3120/3976/3862 3119/4002/3888
f 3153/3974/3860 3119/4002/3888 3152/3973/3859
f 3122/3978/3864 3121/3977/3863 3155/4003/3889
f 3155/4003/3889 3121/3977/3863 3154/3975/3861
f 3155/4003/3889 3154/3975/3861 1136/3965/3851
f 3125/3984/3870 1133/3960/3532 3124/4004/3890
f 3124/4004/3890 1133/3960/3532 3123/3979/3865
f 3124/4004/3890 3123/3979/3865 3157/3981/3867
f 3158/3982/3868 3125/3984/3870 3124/4004/3890
f 3158/3982/3868 3124/4004/3890 3157/3981/3867
f 3160/3989/3875 3127/3986/3872 3126/3985/3871
f 3160/3989/3875 3126/3985/3871 3159/3983/3869
f 153/3938/3825 3130/3936/3823 3129/3994/3880
f 3129/3994/3880 3130/3936/3823 3096/3934/3821
f 153/3938/3825 3135/3945/3832 3134/3996/3882
f 3134/3996/3882 3135/3945/3832 3101/3943/3830
f 153/3938/3825 3140/3953/3840 3139/3998/3884
f 3139/3998/3884 3140/3953/3840 3106/3951/3838
f 1136/3965/3851 3151/3972/3858 3150/4001/3887
f 3150/4001/3887 3151/3972/3858 3117/3970/3856
f 1136/3965/3851 3156/3980/3866 3155/4003/3889
f 3155/4003/3889 3156/3980/3866 3122/3978/3864
f 153/4005/3825 152/4006/3891 1136/4007/3851
f 1136/4007/3851 152/4006/3891 1137/4008/3892
f 151/4009/3893 3161/4010/3894 152/4011/3891
f 152/4011/3891 3161/4010/3894 3162/4012/3895
f 152/4011/3891 3162/4012/3895 3163/4013/3896
f 3163/4013/3896 3162/4012/3895 3201/4014/3897
f 3163/4013/3896 3201/4014/3897 3202/4015/3898
f 3202/4015/3898 3201/4014/3897 149/4016/3899
f 3202/4015/3898 149/4016/3899 3203/4017/3900
f 3203/4017/3900 149/4016/3899 3204/4018/3901
f 3203/4017/3900 3204/4018/3901 3165/4019/3902
f 3165/4019/3902 3204/4018/3901 3166/4020/3903
f 3165/4019/3902 3166/4020/3903 152/4011/3891
f 152/4011/3891 3166/4020/3903 3167/4021/3904
f 152/4011/3891 3167/4021/3904 3168/4022/3905
f 3168/4022/3905 3167/4021/3904 3206/4023/3906
f 3168/4022/3905 3206/4023/3906 3207/4024/3907
f 3207/4024/3907 3206/4023/3906 149/4016/3899
f 3207/4024/3907 149/4016/3899 3208/4025/3908
f 3208/4025/3908 149/4016/3899 3209/4026/3909
f 3208/4025/3908 3209/4026/3909 3170/4027/3910
f 3170/4027/3910 3209/4026/3909 3171/4028/3911
f 3170/4027/3910 3171/4028/3911 152/4011/3891
f 152/4011/3891 3171/4028/3911 3172/4029/3912
f 152/4011/3891 3172/4029/3912 3173/4030/3913
f 3173/4030/3913 3172/4029/3912 3211/4031/3914
f 3173/4030/3913 3211/4031/3914 3212/4032/3915
f 3212/4032/3915 3211/4031/3914 149/4016/3899
f 3212/4032/3915 149/4016/3899 3213/4033/3916
f 3213/4033/3916 149/4016/3899 3214/4034/3917
f 3213/4033/3916 3214/4034/3917 3175/4035/3918
f 3175/4035/3918 3214/4034/3917 3176/4036/3919
f 3175/4035/3918 3176/4036/3919 152/4011/3891
f 152/4011/3891 3176/4036/3919 3177/4037/3920
f 152/4011/3891 3177/4037/3920 3178/4038/3921
f 3178/4038/3921 3177/4037/3920 3216/4039/3922
f 3178/4038/3921 3216/4039/3922 3217/4040/3923
f 3217/4040/3923 3216/4039/3922 149/4016/3899
f 3217/4040/3923 149/4016/3899 1140/4041/3924
f 3161/4010/3894 151/4009/3893 3199/4042/3925
f 3199/4042/3925 151/4009/3893 150/4043/3926
f 3199/4042/3925 150/4043/3926 149/4016/3899
f 1139/4044/3927 3236/4045/3928 1140/4041/3924
f 1140/4041/3924 3236/4045/3928 3235/4046/3929
f 1140/4041/3924 3235/4046/3929 3234/4047/3930
f 3234/4047/3930 3235/4046/3929 3196/4048/3931
f 3234/4047/3930 3196/4048/3931 3195/4049/3932
f 3195/4049/3932 3196/4048/3931 1137/4050/3892
f 3195/4049/3932 1137/4050/3892 3194/4051/3933
f 3194/4051/3933 1137/4050/3892 3193/4052/3934
f 3194/4051/3933 3193/4052/3934 3232/4053/3935
f 3232/4053/3935 3193/4052/3934 3231/4054/3936
f 3232/4053/3935 3231/4054/3936 1140/4041/3924
f 1140/4041/3924 3231/4054/3936 3230/4055/3937
f 1140/4041/3924 3230/4055/3937 3229/4056/3938
f 3229/4056/3938 3230/4055/3937 3191/4057/3939
f 3229/4056/3938 3191/4057/3939 3190/4058/3940
f 3190/4058/3940 3191/4057/3939 1137/4050/3892
f 3190/4058/3940 1137/4050/3892 3189/4059/3941
f 3189/4059/3941 1137/4050/3892 3188/4060/3942
f 3189/4059/3941 3188/4060/3942 3227/4061/3943
f 3227/4061/3943 3188/4060/3942 3226/4062/3944
f 3227/4061/3943 3226/4062/3944 1140/4041/3924
f 1140/4041/3924 3226/4062/3944 3225/4063/3945
f 1140/4041/3924 3225/4063/3945 3224/4064/3946
f 3224/4064/3946 3225/4063/3945 3186/4065/3947
f 3224/4064/3946 3186/4065/3947 3185/4066/3948
f 3185/4066/3948 3186/4065/3947 1137/4050/3892
f 3185/4066/3948 1137/4050/3892 3184/4067/3949
f 3184/4067/3949 1137/4050/3892 3183/4068/3950
f 3184/4067/3949 3183/4068/3950 3222/4069/3951
f 3222/4069/3951 3183/4068/3950 3221/4070/3952
f 3222/4069/3951 3221/4070/3952 1140/4041/3924
f 1140/4041/3924 3221/4070/3952 3220/4071/3953
f 1140/4041/3924 3220/4071/3953 3219/4072/3954
f 3219/4072/3954 3220/4071/3953 3181/4073/3955
f 3219/4072/3954 3181/4073/3955 3180/4074/3956
f 3180/4074/3956 3181/4073/3955 1137/4050/3892
f 3180/4074/3956 1137/4050/3892 152/4011/3891
f 3236/4045/3928 1139/4044/3927 3198/4075/3957
f 3198/4075/3957 1139/4044/3927 1138/4076/3958
f 3198/4075/3957 1138/4076/3958 1137/4050/3892
f 3162/4012/3895 3161/4010/3894 3200/4077/3959
f 3200/4077/3959 3161/4010/3894 3199/4042/3925
f 3200/4077/3959 3199/4042/3925 149/4016/3899
f 3165/4019/3902 152/4011/3891 3164/4078/3960
f 3164/4078/3960 152/4011/3891 3163/4013/3896
f 3164/4078/3960 3163/4013/3896 3202/4015/3898
f 3203/4017/3900 3165/4019/3902 3164/4078/3960
f 3203/4017/3900 3164/4078/3960 3202/4015/3898
f 3167/4021/3904 3166/4020/3903 3205/4079/3961
f 3205/4079/3961 3166/4020/3903 3204/4018/3901
f 3205/4079/3961 3204/4018/3901 149/4016/3899
f 3170/4027/3910 152/4011/3891 3169/4080/3962
f 3169/4080/3962 152/4011/3891 3168/4022/3905
f 3169/4080/3962 3168/4022/3905 3207/4024/3907
f 3208/4025/3908 3170/4027/3910 3169/4080/3962
f 3208/4025/3908 3169/4080/3962 3207/4024/3907
f 3172/4029/3912 3171/4028/3911 3210/4081/3963
f 3210/4081/3963 3171/4028/3911 3209/4026/3909
f 3210/4081/3963 3209/4026/3909 149/4016/3899
f 3175/4035/3918 152/4011/3891 3174/4082/3964
f 3174/4082/3964 152/4011/3891 3173/4030/3913
f 3174/4082/3964 3173/4030/3913 3212/4032/3915
f 3213/4033/3916 3175/4035/3918 3174/4082/3964
f 3213/4033/3916 3174/4082/3964 3212/4032/3915
f 3177/4037/3920 3176/4036/3919 3215/4083/3965
f 3215/4083/3965 3176/4036/3919 3214/4034/3917
f 3215/4083/3965 3214/4034/3917 149/4016/3899
f 3180/4074/3956 152/4011/3891 3179/4084/3966
f 3179/4084/3966 152/4011/3891 3178/4038/3921
f 3179/4084/3966 3178/4038/3921 3217/4040/3923
f 3180/4074/3956 3179/4084/3966 3218/4085/3967
f 3218/4085/3967 3179/4084/3966 3217/4040/3923
f 3218/4085/3967 3217/4040/3923 1140/4041/3924
f 3183/4068/3950 1137/4050/3892 3182/4086/3968
f 3182/4086/3968 1137/4050/3892 3181/4073/3955
f 3182/4086/3968 3181/4073/3955 3220/4071/3953
f 3221/4070/3952 3183/4068/3950 3182/4086/3968
f 3221/4070/3952 3182/4086/3968 3220/4071/3953
f 3185/4066/3948 3184/4067/3949 3223/4087/3969
f 3223/4087/3969 3184/4067/3949 3222/4069/3951
f 3223/4087/3969 3222/4069/3951 1140/4041/3924
f 3188/4060/3942 1137/4050/3892 3187/4088/3970
f 3187/4088/3970 1137/4050/3892 3186/4065/3947
f 3187/4088/3970 3186/4065/3947 3225/4063/3945
f 3226/4062/3944 3188/4060/3942 3187/4088/3970
f 3226/4062/3944 3187/4088/3970 3225/4063/3945
f 3190/4058/3940 3189/4059/3941 3228/4089/3971
f 3228/4089/3971 3189/4059/3941 3227/4061/3943
f 3228/4089/3971 3227/4061/3943 1140/4041/3924
f 3193/4052/3934 1137/4050/3892 3192/4090/3972
f 3192/4090/3972 1137/4050/3892 3191/4057/3939
f 3192/4090/3972 3191/4057/3939 3230/4055/3937
f 3231/4054/3936 3193/4052/3934 3192/4090/3972
f 3231/4054/3936 3192/4090/3972 3230/4055/3937
f 3195/4049/3932 3194/4051/3933 3233/4091/3973
f 3233/4091/3973 3194/4051/3933 3232/4053/3935
f 3233/4091/3973 3232/4053/3935 1140/4041/3924
f 3198/4075/3957 1137/4050/3892 3197/4092/3974
f 3197/4092/3974 1137/4050/3892 3196/4048/3931
f 3197/4092/3974 3196/4048/3931 3235/4046/3929
f 3236/4045/3928 3198/4075/3957 3197/4092/3974
f 3236/4045/3928 3197/4092/3974 3235/4046/3929
f 149/4016/3899 3201/4014/3897 3200/4077/3959
f 3200/4077/3959 3201/4014/3897 3162/4012/3895
f 149/4016/3899 3206/4023/3906 3205/4079/3961
f 3205/4079/3961 3206/4023/3906 3167/4021/3904
f 149/4016/3899 3211/4031/3914 3210/4081/3963
f 3210/4081/3963 3211/4031/3914 3172/4029/3912
f 149/4016/3899 3216/4039/3922 3215/4083/3965
f 3215/4083/3965 3216/4039/3922 3177/4037/3920
f 1140/4041/3924 3219/4072/3954 3218/4085/3967
f 3218/4085/3967 3219/4072/3954 3180/4074/3956
f 1140/4041/3924 3224/4064/3946 3223/4087/3969
f 3223/4087/3969 3224/4064/3946 3185/4066/3948
f 1140/4041/3924 3229/4056/3938 3228/4089/3971
f 3228/4089/3971 3229/4056/3938 3190/4058/3940
f 1140/4041/3924 3234/4047/3930 3233/4091/3973
f 3233/4091/3973 3234/4047/3930 3195/4049/3932
f 149/4093/3899 148/4094/3975 1140/4095/3924
f 1140/4095/3924 148/4094/3975 1141/4096/3976
f 147/4097/3977 3237/4098/3978 148/4099/3975
f 148/4099/3975 3237/4098/3978 3238/4100/3979
f 148/4099/3975 3238/4100/3979 3239/4101/3980
f 3239/4101/3980 3238/4100/3979 3277/4102/3981
f 3239/4101/3980 3277/4102/3981 3278/4103/3982
f 3278/4103/3982 3277/4102/3981 145/4104/3983
f 3278/4103/3982 145/4104/3983 3279/4105/3984
f 3279/4105/3984 145/4104/3983 3280/4106/3985
f 3279/4105/3984 3280/4106/3985 3241/4107/3986
f 3241/4107/3986 3280/4106/3985 3242/4108/3987
f 3241/4107/3986 3242/4108/3987 148/4099/3975
f 148/4099/3975 3242/4108/3987 3243/4109/3988
f 148/4099/3975 3243/4109/3988 3244/4110/3989
f 3244/4110/3989 3243/4109/3988 3282/4111/3990
f 3244/4110/3989 3282/4111/3990 3283/4112/3991
f 3283/4112/3991 3282/4111/3990 145/4104/3983
f 3283/4112/3991 145/4104/3983 3284/4113/3992
f 3284/4113/3992 145/4104/3983 3285/4114/3993
f 3284/4113/3992 3285/4114/3993 3246/4115/3994
f 3246/4115/3994 3285/4114/3993 3247/4116/3995
f 3246/4115/3994 3247/4116/3995 148/4099/3975
f 148/4099/3975 3247/4116/3995 3248/4117/3996
f 148/4099/3975 3248/4117/3996 3249/4118/3997
f 3249/4118/3997 3248/4117/3996 3287/4119/3998
f 3249/4118/3997 3287/4119/3998 3288/4120/3999
f 3288/4120/3999 3287/4119/3998 145/4104/3983
f 3288/4120/3999 145/4104/3983 3289/4121/4000
f 3289/4121/4000 145/4104/3983 3290/4122/4001
f 3289/4121/4000 3290/4122/4001 3251/4123/4002
f 3251/4123/4002 3290/4122/4001 3252/4124/4003
f 3251/4123/4002 3252/4124/4003 148/4099/3975
f 148/4099/3975 3252/4124/4003 3253/4125/4004
f 148/4099/3975 3253/4125/4004 3254/4126/4005
f 3254/4126/4005 3253/4125/4004 3292/4127/4006
f 3254/4126/4005 3292/4127/4006 3293/4128/4007
f 3293/4128/4007 3292/4127/4006 145/4104/3983
f 3293/4128/4007 145/4104/3983 1144/4129/4008
f 3237/4098/3978 147/4097/3977 3275/4130/4009
f 3275/4130/4009 147/4097/3977 146/4131/4010
f 3275/4130/4009 146/4131/4010 145/4104/3983
f 1143/4132/4011 3312/4133/4012 1144/4129/4008
f 1144/4129/4008 3312/4133/4012 3311/4134/4013
f 1144/4129/4008 3311/4134/4013 3310/4135/4014
f 3310/4135/4014 3311/4134/4013 3272/4136/4015
f 3310/4135/4014 3272/4136/4015 3271/4137/4016
f 3271/4137/4016 3272/4136/4015 1141/4138/3976
f 3271/4137/4016 1141/4138/3976 3270/4139/4017
f 3270/4139/4017 1141/4138/3976 3269/4140/4018
f 3270/4139/4017 3269/4140/4018 3308/4141/4019
f 3308/4141/4019 3269/4140/4018 3307/4142/4020
f 3308/4141/4019 3307/4142/4020 1144/4129/4008
f 1144/4129/4008 3307/4142/4020 3306/4143/4021
f 1144/4129/4008 3306/4143/4021 3305/4144/4022
f 3305/4144/4022 3306/4143/4021 3267/4145/4023
f 3305/4144/4022 3267/4145/4023 3266/4146/4024
f 3266/4146/4024 3267/4145/4023 1141/4138/3976
f 3266/4146/4024 1141/4138/3976 3265/4147/4025
f 3265/4147/4025 1141/4138/3976 3264/4148/4026
f 3265/4147/4025 3264/4148/4026 3303/4149/4027
f 3303/4149/4027 3264/4148/4026 3302/4150/4028
f 3303/4149/4027 3302/4150/4028 1144/4129/4008
f 1144/4129/4008 3302/4150/4028 3301/4151/4029
f 1144/4129/4008 3301/4151/4029 3300/4152/4030
f 3300/4152/4030 3301/4151/4029 3262/4153/4031
f 3300/4152/4030 3262/4153/4031 3261/4154/4032
f 3261/4154/4032 3262/4153/4031 1141/4138/3976
f 3261/4154/4032 1141/4138/3976 3260/4155/4033
f 3260/4155/4033 1141/4138/3976 3259/4156/4034
f 3260/4155/4033 3259/4156/4034 3298/4157/4035
f 3298/4157/4035 3259/4156/4034 3297/4158/4036
f 3298/4157/4035 3297/4158/4036 1144/4129/4008
f 1144/4129/4008 3297/4158/4036 3296/4159/4037
f 1144/4129/4008 3296/4159/4037 3295/4160/4038
f 3295/4160/4038 3296/4159/4037 3257/4161/4039
f 3295/4160/4038 3257/4161/4039 3256/4162/4040
f 3256/4162/4040 3257/4161/4039 1141/4138/3976
f 3256/4162/4040 1141/4138/3976 148/4099/3975
f 3312/4133/4012 1143/4132/4011 3274/4163/4041
f 3274/4163/4041 1143/4132/4011 1142/4164/4042
f 3274/4163/4041 1142/4164/4042 1141/4138/3976
f 3238/4100/3979 3237/4098/3978 3276/4165/4043
f 3276/4165/4043 3237/4098/3978 3275/4130/4009
f 3276/4165/4043 3275/4130/4009 145/4104/3983
f 3241/4107/3986 148/4099/3975 3240/4166/4044
f 3240/4166/4044 148/4099/3975 3239/4101/3980
f 3240/4166/4044 3239/4101/3980 3278/4103/3982
f 3279/4105/3984 3241/4107/3986 3240/4166/4044
f 3279/4105/3984 3240/4166/4044 3278/4103/3982
f 3243/4109/3988 3242/4108/3987 3281/4167/4045
f 3281/4167/4045 3242/4108/3987 3280/4106/3985
f 3281/4167/4045 3280/4106/3985 145/4104/3983
f 3246/4115/3994 148/4099/3975 3245/4168/4046
f 3245/4168/4046 148/4099/3975 3244/4110/3989
f 3245/4168/4046 3244/4110/3989 3283/4112/3991
f 3284/4113/3992 3246/4115/3994 3245/4168/4046
f 3284/4113/3992 3245/4168/4046 3283/4112/3991
f 3248/4117/3996 3247/4116/3995 3286/4169/4047
f 3286/4169/4047 3247/4116/3995 3285/4114/3993
f 3286/4169/4047 3285/4114/3993 145/4104/3983
f 3251/4123/4002 148/4099/3975 3250/4170/4048
f 3250/4170/4048 148/4099/3975 3249/4118/3997
f 3250/4170/4048 3249/4118/3997 3288/4120/3999
f 3289/4121/4000 3251/4123/4002 3250/4170/4048
f 3289/4121/4000 3250/4170/4048 3288/4120/3999
f 3253/4125/4004 3252/4124/4003 3291/4171/4049
f 3291/4171/4049 3252/4124/4003 3290/4122/4001
f 3291/4171/4049 3290/4122/4001 145/4104/3983
f 3256/4162/4040 148/4099/3975 3255/4172/4050
f 3255/4172/4050 148/4099/3975 3254/4126/4005
f 3255/4172/4050 3254/4126/4005 3293/4128/4007
f 3256/4162/4040 3255/4172/4050 3294/4173/4051
f 3294/4173/4051 3255/4172/4050 3293/4128/4007
f 3294/4173/4051 3293/4128/4007 1144/4129/4008
f 3259/4156/4034 1141/4138/3976 3258/4174/4052
f 3258/4174/4052 1141/4138/3976 3257/4161/4039
f 3258/4174/4052 3257/4161/4039 3296/4159/4037
f 3297/4158/4036 3259/4156/4034 3258/4174/4052
f 3297/4158/4036 3258/4174/4052 3296/4159/4037
f 3261/4154/4032 3260/4155/4033 3299/4175/4053
f 3299/4175/4053 3260/4155/4033 3298/4157/4035
f 3299/4175/4053 3298/4157/4035 1144/4129/4008
f 3264/4148/4026 1141/4138/3976 3263/4176/4054
f 3263/4176/4054 1141/4138/3976 3262/4153/4031
f 3263/4176/4054 3262/4153/4031 3301/4151/4029
f 3302/4150/4028 3264/4148/4026 3263/4176/4054
f 3302/4150/4028 3263/4176/4054 3301/4151/4029
f 3266/4146/4024 3265/4147/4025 3304/4177/4055
f 3304/4177/4055 3265/4147/4025 3303/4149/4027
f 3304/4177/4055 3303/4149/4027 1144/4129/4008
f 3269/4140/4018 1141/4138/3976 3268/4178/4056
f 3268/4178/4056 1141/4138/3976 3267/4145/4023
f 3268/4178/4056 3267/4145/4023 3306/4143/4021
f 3307/4142/4020 3269/4140/4018 3268/4178/4056
f 3307/4142/4020 3268/4178/4056 3306/4143/4021
f 3271/4137/4016 3270/4139/4017 3309/4179/4057
f 3309/4179/4057 3270/4139/4017 3308/4141/4019
f 3309/4179/4057 3308/4141/4019 1144/4129/4008
f 3274/4163/4041 1141/4138/3976 3273/4180/4058
f 3273/4180/4058 1141/4138/3976 3272/4136/4015
f 3273/4180/4058 3272/4136/4015 3311/4134/4013
f 3312/4133/4012 3274/4163/4041 3273/4180/4058
f 3312/4133/4012 3273/4180/4058 3311/4134/4013
f 145/4104/3983 3277/4102/3981 3276/4165/4043
f 3276/4165/4043 3277/4102/3981 3238/4100/3979
f 145/4104/3983 3282/4111/3990 3281/4167/4045
f 3281/4167/4045 3282/4111/3990 3243/4109/3988
f 145/4104/3983 3287/4119/3998 3286/4169/4047
f 3286/4169/4047 3287/4119/3998 3248/4117/3996
f 145/4104/3983 3292/4127/4006 3291/4171/4049
f 3291/4171/4049 3292/4127/4006 3253/4125/4004
f 1144/4129/4008 3295/4160/4038 3294/4173/4051
f 3294/4173/4051 3295/4160/4038 3256/4162/4040
f 1144/4129/4008 3300/4152/4030 3299/4175/4053
f 3299/4175/4053 3300/4152/4030 3261/4154/4032
f 1144/4129/4008 3305/4144/4022 3304/4177/4055
f 3304/4177/4055 3305/4144/4022 3266/4146/4024
f 1144/4129/4008 3310/4135/4014 3309/4179/4057
f 3309/4179/4057 3310/4135/4014 3271/4137/4016
f 1147/4181/4059 3313/4182/4060 1148/4183/3793
f 1148/4183/3793 3313/4182/4060 3314/4184/4061
f 1148/4183/3793 3314/4184/4061 3315/4185/4062
f 3315/4185/4062 3314/4184/4061 3348/4186/4063
f 3315/4185/4062 3348/4186/4063 3349/4187/4064
f 3349/4187/4064 3348/4186/4063 1145/4188/4065
f 3349/4187/4064 1145/4188/4065 3350/4189/4066
f 3350/4189/4066 1145/4188/4065 3351/4190/4067
f 3350/4189/4066 3351/4190/4067 3317/4191/4068
f 3317/4191/4068 3351/4190/4067 3318/4192/4069
f 3317/4191/4068 3318/4192/4069 1148/4183/3793
f 1148/4183/3793 3318/4192/4069 3319/4193/4070
f 1148/4183/3793 3319/4193/4070 3320/4194/4071
f 3320/4194/4071 3319/4193/4070 3353/4195/4072
f 3320/4194/4071 3353/4195/4072 3354/4196/4073
f 3354/4196/4073 3353/4195/4072 1145/4188/4065
f 3354/4196/4073 1145/4188/4065 3355/4197/4074
f 3355/4197/4074 1145/4188/4065 3356/4198/4075
f 3355/4197/4074 3356/4198/4075 3322/4199/4076
f 3322/4199/4076 3356/4198/4075 3323/4200/4077
f 3322/4199/4076 3323/4200/4077 1148/4183/3793
f 1148/4183/3793 3323/4200/4077 3324/4201/4078
f 1148/4183/3793 3324/4201/4078 3325/4202/4079
f 3325/4202/4079 3324/4201/4078 3358/4203/4080
f 3325/4202/4079 3358/4203/4080 3359/4204/4081
f 3359/4204/4081 3358/4203/4080 1145/4188/4065
f 3359/4204/4081 1145/4188/4065 3360/4205/4082
f 3360/4205/4082 1145/4188/4065 3361/4206/4083
f 3360/4205/4082 3361/4206/4083 3327/4207/4084
f 3327/4207/4084 3361/4206/4083 3328/4208/4085
f 3327/4207/4084 3328/4208/4085 1148/4183/3793
f 1148/4183/3793 3328/4208/4085 3329/4209/4086
f 1148/4183/3793 3329/4209/4086 141/4210/3794
f 141/4210/3794 3329/4209/4086 3330/4211/4087
f 141/4210/3794 3330/4211/4087 3331/4212/4088
f 3331/4212/4088 3330/4211/4087 3364/4213/4089
f 3331/4212/4088 3364/4213/4089 3365/4214/4090
f 3365/4214/4090 3364/4213/4089 144/4215/4091
f 3365/4214/4090 144/4215/4091 3366/4216/4092
f 3366/4216/4092 144/4215/4091 3367/4217/4093
f 3366/4216/4092 3367/4217/4093 3333/4218/4094
f 3333/4218/4094 3367/4217/4093 3334/4219/4095
f 3333/4218/4094 3334/4219/4095 141/4210/3794
f 141/4210/3794 3334/4219/4095 3335/4220/4096
f 141/4210/3794 3335/4220/4096 3336/4221/4097
f 3336/4221/4097 3335/4220/4096 3369/4222/4098
f 3336/4221/4097 3369/4222/4098 3370/4223/4099
f 3370/4223/4099 3369/4222/4098 144/4215/4091
f 3370/4223/4099 144/4215/4091 3371/4224/4100
f 3371/4224/4100 144/4215/4091 3372/4225/4101
f 3371/4224/4100 3372/4225/4101 3338/4226/4102
f 3338/4226/4102 3372/4225/4101 3339/4227/4103
f 3338/4226/4102 3339/4227/4103 141/4210/3794
f 141/4210/3794 3339/4227/4103 3340/4228/4104
f 141/4210/3794 3340/4228/4104 3341/4229/4105
f 3341/4229/4105 3340/4228/4104 3374/4230/4106
f 3341/4229/4105 3374/4230/4106 3375/4231/4107
f 3375/4231/4107 3374/4230/4106 144/4215/4091
f 3375/4231/4107 144/4215/4091 3376/4232/4108
f 3376/4232/4108 144/4215/4091 3377/4233/4109
f 3376/4232/4108 3377/4233/4109 3343/4234/4110
f 3343/4234/4110 3377/4233/4109 3344/4235/4111
f 3343/4234/4110 3344/4235/4111 141/4210/3794
f 141/4210/3794 3344/4235/4111 3345/4236/4112
f 141/4210/3794 3345/4236/4112 142/4237/4113
f 142/4237/4113 3345/4236/4112 143/4238/4114
f 143/4238/4114 3345/4236/4112 3378/4239/4115
f 143/4238/4114 3378/4239/4115 144/4215/4091
f 144/4215/4091 3378/4239/4115 3377/4233/4109
f 3313/4182/4060 1147/4181/4059 3346/4240/4116
f 3346/4240/4116 1147/4181/4059 1146/4241/4117
f 3346/4240/4116 1146/4241/4117 1145/4188/4065
f 3361/4206/4083 1145/4188/4065 3362/4242/4118
f 3362/4242/4118 1145/4188/4065 144/4215/4091
f 3362/4242/4118 144/4215/4091 3363/4243/4119
f 3363/4243/4119 144/4215/4091 3364/4213/4089
f 3363/4243/4119 3364/4213/4089 3330/4211/4087
f 3314/4184/4061 3313/4182/4060 3347/4244/4120
f 3347/4244/4120 3313/4182/4060 3346/4240/4116
f 3347/4244/4120 3346/4240/4116 1145/4188/4065
f 3317/4191/4068 1148/4183/3793 3316/4245/4121
f 3316/4245/4121 1148/4183/3793 3315/4185/4062
f 3316/4245/4121 3315/4185/4062 3349/4187/4064
f 3350/4189/4066 3317/4191/4068 3316/4245/4121
f 3350/4189/4066 3316/4245/4121 3349/4187/4064
f 3319/4193/4070 3318/4192/4069 3352/4246/4122
f 3352/4246/4122 3318/4192/4069 3351/4190/4067
f 3352/4246/4122 3351/4190/4067 1145/4188/4065
f 3322/4199/4076 1148/4183/3793 3321/4247/4123
f 3321/4247/4123 1148/4183/3793 3320/4194/4071
f 3321/4247/4123 3320/4194/4071 3354/4196/4073
f 3355/4197/4074 3322/4199/4076 3321/4247/4123
f 3355/4197/4074 3321/4247/4123 3354/4196/4073
f 3324/4201/4078 3323/4200/4077 3357/4248/4124
f 3357/4248/4124 3323/4200/4077 3356/4198/4075
f 3357/4248/4124 3356/4198/4075 1145/4188/4065
f 3327/4207/4084 1148/4183/3793 3326/4249/4125
f 3326/4249/4125 1148/4183/3793 3325/4202/4079
f 3326/4249/4125 3325/4202/4079 3359/4204/4081
f 3360/4205/4082 3327/4207/4084 3326/4249/4125
f 3360/4205/4082 3326/4249/4125 3359/4204/4081
f 3363/4243/4119 3330/4211/4087 3329/4209/4086
f 3361/4206/4083 3362/4242/4118 3328/4208/4085
f 3328/4208/4085 3362/4242/4118 3329/4209/4086
f 3362/4242/4118 3363/4243/4119 3329/4209/4086
f 3333/4218/4094 141/4210/3794 3332/4250/4126
f 3332/4250/4126 141/4210/3794 3331/4212/4088
f 3332/4250/4126 3331/4212/4088 3365/4214/4090
f 3366/4216/4092 3333/4218/4094 3332/4250/4126
f 3366/4216/4092 3332/4250/4126 3365/4214/4090
f 3335/4220/4096 3334/4219/4095 3368/4251/4127
f 3368/4251/4127 3334/4219/4095 3367/4217/4093
f 3368/4251/4127 3367/4217/4093 144/4215/4091
f 3338/4226/4102 141/4210/3794 3337/4252/4128
f 3337/4252/4128 141/4210/3794 3336/4221/4097
f 3337/4252/4128 3336/4221/4097 3370/4223/4099
f 3371/4224/4100 3338/4226/4102 3337/4252/4128
f 3371/4224/4100 3337/4252/4128 3370/4223/4099
f 3340/4228/4104 3339/4227/4103 3373/4253/4129
f 3373/4253/4129 3339/4227/4103 3372/4225/4101
f 3373/4253/4129 3372/4225/4101 144/4215/4091
f 3343/4234/4110 141/4210/3794 3342/4254/4130
f 3342/4254/4130 141/4210/3794 3341/4229/4105
f 3342/4254/4130 3341/4229/4105 3375/4231/4107
f 3376/4232/4108 3343/4234/4110 3342/4254/4130
f 3376/4232/4108 3342/4254/4130 3375/4231/4107
f 3378/4239/4115 3345/4236/4112 3344/4235/4111
f 3378/4239/4115 3344/4235/4111 3377/4233/4109
f 1145/4188/4065 3348/4186/4063 3347/4244/4120
f 3347/4244/4120 3348/4186/4063 3314/4184/4061
f 1145/4188/4065 3353/4195/4072 3352/4246/4122
f 3352/4246/4122 3353/4195/4072 3319/4193/4070
f 1145/4188/4065 3358/4203/4080 3357/4248/4124
f 3357/4248/4124 3358/4203/4080 3324/4201/4078
f 144/4215/4091 3369/4222/4098 3368/4251/4127
f 3368/4251/4127 3369/4222/4098 3335/4220/4096
f 144/4215/4091 3374/4230/4106 3373/4253/4129
f 3373/4253/4129 3374/4230/4106 3340/4228/4104
f 145/4255/3983 144/4256/4091 1144/4257/4008
f 1144/4257/4008 144/4256/4091 1145/4258/4065
# 3378 vertices
# 4258 texture params
# 4130 normals
# 6752 facets

# 1 groups
